{"type":"Topology","arcs":[[[2461,8768],[-34,0],[1,-10],[-58,-1],[1,-29]],[[2371,8728],[-25,0],[0,1],[-14,0]],[[2332,8729],[0,29]],[[2332,8758],[0,14],[2,0],[-10,12],[-2,4],[-5,22]],[[2317,8810],[37,0]],[[2354,8810],[61,0],[6,0],[26,0]],[[2447,8810],[4,-2],[7,-1],[3,-9],[-2,-1],[2,-29]],[[2341,8529],[5,1],[7,1],[34,9],[22,3],[9,1],[9,-1],[13,0],[7,-4],[22,0],[8,-3],[4,3]],[[2481,8539],[1,-2],[5,-3],[0,-2],[-3,1],[0,-3],[-7,-3],[-4,0],[-1,-2],[-3,-2],[-4,-5],[0,-3],[-5,-3],[-4,0],[-1,-4],[1,-2],[-4,-1],[-3,-4],[-9,0],[-5,-4],[2,-4],[-5,-6],[-5,-2],[0,-3],[0,-21],[-43,0],[-23,-12]],[[2361,8449],[-9,-5],[-21,0]],[[2331,8444],[0,11],[-1,2]],[[2330,8457],[0,1],[15,13],[0,13],[-4,3],[0,4],[-6,6],[1,5],[3,6],[1,5]],[[2340,8513],[1,11],[0,5]],[[2074,9020],[-1,2],[2,2],[-2,1]],[[2073,9025],[5,1],[2,-1],[3,1]],[[2083,9026],[2,0]],[[2085,9026],[6,-2]],[[2091,9024],[-3,-2]],[[2088,9022],[-3,-1]],[[2085,9021],[-11,-1]],[[6011,3329],[35,0],[0,-38],[-35,0],[0,-63],[-34,0],[-155,0],[0,93],[-43,0],[20,42],[212,0],[0,-34]],[[5427,1528],[2,-6],[-1,-1]],[[5428,1521],[-1,-1]],[[5427,1520],[-3,-2]],[[5424,1518],[-2,2],[-4,1]],[[5418,1521],[0,1]],[[5418,1522],[2,2],[-4,2],[0,1],[3,1]],[[5419,1528],[4,0],[4,0]],[[9813,3310],[-18,19],[41,6],[5,-10],[-4,-2],[-5,-4],[-11,-6],[-8,-3]],[[8247,8041],[-4,3],[-1,1],[-3,3],[-7,3]],[[8232,8051],[4,5],[12,-4],[4,0],[0,-7],[6,-1],[-11,-3]],[[5467,1479],[1,3],[0,4],[21,0]],[[5489,1486],[0,-17]],[[5489,1469],[-22,0],[0,10]],[[6917,2856],[0,15],[-16,0],[0,10],[16,0],[0,5],[54,0],[0,-30],[-54,0]],[[9997,2696],[0,-96],[1,-142],[0,-47],[0,-61],[0,-87],[0,-19],[0,-87],[0,-16],[0,-43],[0,-66],[0,-44],[0,-43],[0,-67],[0,-236],[1,-93],[0,-140]],[[9999,1409],[-6,0],[-346,1],[-357,-4],[-356,-5],[-218,-2],[-260,0],[-312,-95],[-313,-95],[-56,-17]],[[7775,1192],[-6,9],[-6,9],[-12,15],[-10,14],[-7,9],[-9,7],[-5,4],[-10,6],[-5,3],[-4,4],[-6,9],[-4,4],[-10,10],[-4,7],[-1,3],[0,7],[-2,2],[-10,5],[-3,2],[-7,9],[-3,3],[-16,6],[-5,2],[-6,6],[-3,7],[-1,7],[-1,3],[-2,3],[-6,2],[-10,4],[-4,2],[-9,8],[-4,2],[-14,5],[-5,1],[-7,5],[-5,4],[-2,8],[-3,5],[-5,4],[-5,4],[-3,5],[-1,3],[-1,4],[-4,4],[-19,8],[-8,7],[-8,5],[-10,5],[-10,4],[-25,8],[-14,3],[-8,2],[-20,3],[-7,2],[0,175]],[[7400,1659],[122,0],[356,0],[-1,196],[1,73],[-123,0],[0,160],[0,20],[0,179]],[[7755,2287],[0,192],[0,61],[190,0],[66,31],[39,18],[5,1],[3,2],[34,15],[4,2],[8,1],[14,-1],[7,2],[5,3],[19,11],[10,5],[33,15],[33,12],[16,-5],[4,1],[7,4],[28,6],[29,0],[13,1]],[[8322,2664],[0,-14],[240,0],[347,0],[208,0],[143,0],[386,0],[0,46],[351,0]],[[8291,7966],[0,-1],[6,-1],[0,-6],[-12,0],[-1,1],[0,7],[4,-1],[3,1]],[[8185,8054],[-8,1],[-6,-1],[-4,-1],[-3,-1],[-3,1],[-9,-1],[-3,4],[2,3],[3,2],[6,5],[6,1],[3,2],[1,2],[0,3],[4,2],[3,0],[9,-2],[2,-2],[0,-2],[4,-5],[-2,-6],[-2,-2],[0,-2],[-3,-1]],[[8071,8059],[5,-3],[-2,-1],[-3,4]],[[8664,8047],[-1,-2],[-5,-3],[-22,-5],[7,-7],[26,7],[4,-1],[15,0],[0,3],[-3,4],[0,3]],[[8685,8046],[13,3],[6,3],[6,4],[6,10],[1,7],[-3,3],[-6,4],[-5,0],[-9,-1],[-5,-2],[-7,-3],[-6,-4],[-1,-2],[-5,-5],[-1,3],[5,3],[1,4],[4,3],[4,5],[7,3],[3,1],[10,5],[5,3],[2,2],[1,4],[-2,3],[2,3],[0,2],[-1,5],[-2,4],[4,2],[4,-2],[7,-2],[4,-1],[11,-2],[3,1],[4,-1],[9,0],[2,0],[4,1],[5,0],[6,-3],[8,-3],[5,0],[4,-3],[3,-6],[2,-1],[1,-5],[-1,-2],[4,-2],[0,-2],[5,-2],[3,-4],[-1,-2],[-5,1],[-8,-1],[-7,-4],[-6,-4],[-5,-4],[-13,-11],[-5,-6],[-5,-6],[-7,-8],[-6,-8],[-5,-6],[-1,-4],[2,-2],[0,-4],[-3,-1],[-6,-2],[-8,4],[-3,0],[-6,-2],[-7,2],[-7,-1],[-3,0],[-4,3],[-5,0],[-10,-4],[-3,0],[-6,-1],[-5,-3],[-14,-12],[-4,-5],[-5,-6],[-2,-4],[-7,-17],[0,-2],[0,-11],[2,-5],[4,-4],[2,-2],[3,0],[6,-4],[4,-1],[3,1],[4,1],[2,2],[7,-1],[1,2],[5,-2],[4,1],[4,-4],[-1,-2],[-1,-6],[-11,-3],[-3,2],[-3,1],[-4,0],[-4,-2],[-3,-3],[1,-5],[-3,-1],[-3,-3],[-4,2],[5,3],[-3,3],[-5,2],[-7,0],[-6,-2],[2,-3],[-3,-4],[-3,1],[-5,-2],[-4,-6],[0,-4],[4,-1],[2,-5],[-1,-3],[-3,2],[-4,-1],[-7,4],[-2,1],[4,3],[-1,2],[-4,3],[-5,1],[-6,-1],[-7,-2],[-1,-2],[4,-2],[0,-2],[-5,-3],[-2,-3],[-3,-1],[-2,-3],[1,-3],[7,-1],[0,-3],[-7,3],[-4,-1],[1,-4],[-3,0],[-5,1],[-4,-3],[-1,-4],[0,-4],[3,-8],[2,-3],[4,-2],[3,1],[3,-2],[1,-3],[0,-3],[-2,-2],[-5,-1],[-3,-5],[7,-7],[11,-5],[3,-3],[7,-2],[3,0],[10,3],[13,-1],[5,-1],[4,-2],[0,-2],[3,-1],[7,2],[5,-1],[8,1],[4,0],[3,3],[0,2],[-4,1],[-3,1],[-1,4],[-6,0],[-6,5],[3,1],[4,-1],[5,2],[1,2],[-3,2],[-1,2],[2,2],[1,2],[-4,2],[-1,2],[6,0],[1,-2],[6,-3],[5,1],[4,0],[2,0],[1,2],[5,-2],[-1,-2],[1,-2],[8,-5],[2,-1],[8,0],[2,-2],[7,-4],[5,-1],[5,-1],[1,-1],[6,-2],[3,-3],[3,-6],[7,-4],[-2,-2],[2,-2],[4,-1],[7,-1],[18,1],[10,3],[7,3],[2,4],[2,1],[5,6],[0,2],[13,7],[2,3],[0,3],[-4,2],[-3,0],[-1,3],[1,2],[3,3],[0,3],[-4,2],[4,1],[7,-2],[2,0],[5,-2],[4,0],[-1,-2],[-5,-1],[-5,-2],[0,-3],[3,-4],[5,-2],[4,0],[2,2],[3,1],[6,0],[3,2],[7,-3],[2,0],[7,-2],[5,0],[-1,-2],[-5,-6],[1,-2],[0,-2],[-4,-4],[-2,-4],[-5,0],[-1,3],[-7,1],[-5,-3],[-2,-3],[-1,-4],[0,-3],[3,-3],[8,0],[2,-2],[5,-1],[-5,-5],[0,-1],[4,-1],[3,-1],[-2,-2],[1,-4],[2,-3],[4,-1],[-1,-2],[-5,1],[-4,-2],[-7,-5],[-1,-3],[6,-3],[-1,-2],[0,-2],[3,-3],[8,-1],[1,-1],[5,-1],[-3,-3],[-5,3],[-5,1],[-2,1],[-4,-1],[-8,-1],[-2,-2],[1,-4],[5,-3],[3,0],[3,0],[4,-1],[3,1],[2,-2],[-5,-2],[-1,-2],[-4,4],[-3,1],[-3,-2],[-4,1],[0,1],[-2,2],[-7,-1],[-2,2],[-7,0],[-3,2],[-2,2],[-8,-1],[-7,-3],[-3,-3],[1,-3],[5,-2],[-2,-3],[-6,2],[0,2],[-3,0],[1,-2],[-5,-2],[-3,1],[0,2],[-2,2],[-5,1],[-4,-2],[-5,1],[3,2],[-1,3],[-4,1],[-2,2],[1,1],[-4,2],[-7,0],[1,3],[-4,1],[-3,0],[-9,-3],[-3,-2],[1,-3],[-3,-3],[-3,1],[0,2],[-4,1],[-1,1],[-6,2],[2,2],[-2,2],[-6,-1],[0,-2],[-4,1],[-2,2],[-2,0],[-5,-3],[0,-4],[3,-1],[6,-2],[-5,-1],[-5,1],[-5,2],[2,5],[4,2],[0,3],[-2,2],[-5,2],[-12,2],[-3,-1],[-1,2],[-3,2],[-7,1],[-11,-2],[-3,1],[-5,0],[-5,-2],[-4,1],[1,2],[-5,1],[-5,-1],[-4,-1],[-5,2],[-5,-1],[-10,-2],[-11,-3],[-3,-2],[-10,-2],[-1,-2],[-5,1],[-5,0],[-3,-1],[-7,-3],[-6,-3],[-3,-4],[3,-2],[-1,-2],[-6,0],[-4,3],[-2,3],[-6,1],[-9,-3],[-4,-2],[-4,-1],[-1,2],[-3,3],[-1,2],[-5,1],[-6,-1],[-5,6],[0,2],[3,2],[-2,2],[-7,2],[-7,0],[-7,1],[-4,-1],[-3,1],[-7,0],[-11,-1],[1,2],[-8,1],[-7,0],[-5,1],[-5,-2],[-9,2],[-4,2],[-7,2],[-12,-1],[-1,1],[-4,1],[-6,4],[-1,5],[-6,2],[-4,1],[-11,-1],[-3,-2],[-3,1],[-11,-1],[-3,0],[-5,2],[-9,4],[-9,0],[-17,7],[-2,7],[-3,2],[-6,3],[-5,2],[-4,0],[-18,1],[-9,-3],[-20,-2],[-7,-2],[-5,-1],[-11,-4],[-8,-1],[-12,-3],[-10,-5],[-14,-6],[-9,-5],[-2,1],[0,7],[1,3],[-1,3],[1,2],[-3,2],[1,2],[10,3],[5,1],[6,3],[7,2],[11,3],[13,4],[6,2],[10,1],[5,2],[9,3],[9,3],[4,3],[2,0],[6,3],[4,4],[-2,8],[6,5],[6,3],[2,2],[4,0],[2,1],[3,1],[4,3],[0,5],[-3,3],[-3,4],[-3,3],[-5,3],[-2,3],[1,4],[1,2],[-1,4],[-7,4],[-3,3],[-3,6],[3,3],[-4,2],[4,0],[2,2],[-2,3],[-1,3],[-1,3],[0,3],[-1,1],[-2,7],[-1,4],[1,6],[2,3],[-1,3],[-7,7],[-3,3],[4,7],[8,7],[2,3],[2,5],[0,3],[4,3],[1,4],[0,6],[5,5],[2,3],[3,9],[-1,7],[-2,3],[-5,6],[-7,5]],[[8232,8051],[-1,3],[1,7],[2,1],[6,3],[5,4],[2,3],[6,-1],[8,1],[4,-3],[7,-1],[1,-1],[-2,-1],[-4,0],[0,-4],[2,-1],[4,1],[4,1],[-1,3],[4,1],[4,2],[3,-1],[3,-3],[3,-6],[20,1],[9,-1],[5,-2],[6,1],[5,1],[7,2],[3,0],[7,3],[6,4],[1,4],[-2,4],[1,3],[-1,2],[-1,4],[2,4],[7,3],[3,0],[8,-2],[2,-1],[-3,-4],[-2,-6],[-1,-3],[2,-3],[2,-2],[8,-2],[7,0],[4,3],[7,1],[1,0],[6,1],[4,2],[0,1],[-3,2],[0,2],[4,2],[5,0],[2,-1],[-1,-3],[2,-2],[6,0],[14,1],[2,1],[-2,3],[-5,1],[-3,3],[0,3],[1,2],[7,1],[6,0],[13,-3],[7,-1],[8,1],[3,3],[4,1],[1,1],[-3,2],[-7,1],[3,3],[0,4],[-4,1],[-6,1],[-6,0],[-4,2],[-5,-2],[-2,1],[5,3],[4,1],[2,5],[0,4],[-4,2],[-3,5],[-7,2],[-7,0],[-10,3],[-3,2],[-2,3],[2,1],[4,3],[3,6],[-1,4],[-2,2],[-6,0],[-5,0],[-4,-1],[-3,0],[3,5],[7,1],[3,1],[4,0],[4,1],[2,1],[4,-3],[4,0],[4,2],[3,-1],[2,1],[1,3],[6,-1],[0,-4],[1,-2],[4,0],[1,-1],[5,-1],[5,2],[1,-3],[-4,-1],[-3,-4],[-4,0],[-3,-1],[-2,-2],[3,-3],[3,-4],[2,-2],[7,-1],[4,1],[0,2],[-3,1],[2,1],[4,2],[3,4],[8,1],[7,1],[7,-2],[2,0],[5,6],[4,-3],[4,0],[3,1],[3,4],[1,6],[-1,1],[3,2],[6,3],[2,2],[2,5],[-2,2],[2,2],[1,1],[4,2],[2,-2],[-5,-2],[1,-1],[3,-2],[10,1],[2,2],[6,-2],[0,-2],[4,-1],[5,1],[0,2],[4,3],[2,4],[3,-1],[-1,-2],[3,-2],[1,-3],[-4,-2],[1,-3],[3,-2],[-2,-4],[2,-5],[-3,-3],[1,-2],[-5,-2],[0,-3],[-3,-1],[-3,-4],[-1,-2],[2,-3],[-7,0],[-7,1],[-3,-1],[-4,-4],[-5,-2],[-4,-2],[-3,2],[-3,0],[-6,-3],[-1,-4],[1,-5],[6,-3],[0,-3],[2,-7],[1,-2],[7,-5],[8,-2],[4,1],[0,1],[5,1],[1,-2],[6,0],[7,4],[5,0],[2,1],[4,-1],[1,-2],[-3,-4],[-5,0],[-1,2],[-7,-2],[-1,-2],[1,-1],[-3,-2],[-4,-1],[-2,-3],[-1,-2],[2,-2],[4,-3],[-1,-4],[1,-2],[6,-3],[7,-2],[0,-2],[-3,-4],[-4,-2],[-1,-1],[2,-5],[3,-2],[6,0],[2,0],[4,4],[5,0],[5,3],[8,1],[3,-2],[10,-4],[9,-1],[4,-2],[6,-2],[8,0],[4,0],[5,-3]],[[8414,8094],[-1,2],[0,3],[6,0],[2,-1],[-2,-5],[-4,-2],[-1,3]],[[8425,8133],[-3,-4],[-3,-1],[-5,1],[-1,3],[6,1],[6,0]],[[8332,8137],[4,-2],[3,-1],[8,2],[4,1],[2,3],[0,3],[-3,1],[-6,5],[6,-1],[3,-1],[9,0],[3,-1],[1,-3],[-1,-4],[1,-1],[5,-3],[0,-5],[3,-3],[0,-1],[2,-4],[-1,-3],[-5,-3],[-2,-2],[3,-1],[2,-3],[0,-4],[5,-1],[1,-2],[0,-4],[-4,0],[-7,-4],[-8,-4],[-5,-4],[-3,1],[-5,3],[-5,0],[-2,-1],[-9,4],[-4,4],[-1,4],[-1,4],[-3,3],[-3,2],[-7,2],[-5,0],[-5,2],[-3,2],[-3,4],[0,2],[3,5],[3,3],[0,4],[14,0],[2,2],[5,0],[4,1],[5,-1]],[[7991,8089],[22,0],[1,2],[0,12],[-5,-1],[-2,1],[-7,-2],[-7,1],[-2,-2]],[[7991,8100],[-2,1],[-6,2],[-10,0],[-8,-1],[-2,-1],[-9,-3],[-5,-2],[-5,1],[-3,-2],[-2,-3],[2,-2],[5,-1],[4,-7],[4,-5],[-4,-3],[0,-3],[3,-2],[5,-1],[6,1],[2,-2],[-1,-3],[1,-2],[-2,-3],[-2,1],[-5,-1],[-6,0],[-4,0],[-9,0],[-5,-1],[-5,-1],[-2,1],[-5,0],[-12,4],[-3,2],[0,2],[-8,3],[-3,4],[3,3],[10,7],[4,7],[-2,4],[-4,5],[-3,1],[-3,6],[0,4],[2,3],[-1,3],[-2,2],[0,2],[3,4],[1,4],[5,2],[3,3],[3,0],[4,-4],[0,-3],[2,-2],[4,-1],[8,2],[1,-5],[8,-3],[11,0],[5,-2],[5,0],[7,1],[4,1],[4,3],[3,4],[-1,2],[-8,3],[0,2],[3,1],[5,4],[-2,3],[-4,2],[2,4],[2,1],[6,1],[6,4],[0,3],[-2,2],[1,3],[3,3],[-9,1],[-1,2],[7,0],[2,3],[3,-1],[4,1],[3,3],[14,2],[4,-1],[5,1],[5,0],[7,-3],[3,0],[2,-1],[4,1],[3,0],[2,-2],[0,-2],[8,-2],[3,1],[1,-1],[-2,-2],[2,-1],[-2,-2],[0,-7],[3,1],[3,-2],[4,1],[3,1],[5,0],[-1,-2],[4,-4],[1,-2],[4,-1],[3,1],[5,0],[10,-2],[1,-4],[-1,-2],[2,-3],[-1,-1],[4,-5],[5,-3],[-1,-1],[-4,-1],[-7,1],[-8,-3],[-4,2],[-4,0],[-6,1],[-5,-1],[-5,-1],[-10,-7],[-1,-3],[2,-3],[4,-1],[4,0],[5,2],[10,1],[-1,-6],[2,-2],[-2,-1],[4,-8],[3,-3],[2,1],[2,-2],[-5,-3],[-5,0],[-3,1],[-1,2],[-4,1],[-3,2],[-6,-1],[2,-8],[-3,-2],[1,-2],[1,-3],[-5,-5],[-2,-4],[1,-4],[0,-3],[-6,0],[-5,-4],[1,-2],[0,-2],[3,-2],[-2,-3],[-7,3],[-3,0],[-6,-1],[-3,-1],[-6,-1],[-4,0],[-7,-1],[-1,-2],[-9,-1],[-6,1],[-2,2],[0,3],[2,1],[5,4],[4,6],[3,2],[0,3],[-2,2],[0,2],[-2,1],[-1,3],[-2,1],[-7,3],[1,1],[-6,2],[-5,5],[3,3]],[[8199,8133],[0,0],[-2,5],[4,-2],[0,-3],[-2,0]],[[8037,8224],[-1,1],[0,3],[2,2],[5,-1],[0,-2],[5,-2],[3,0],[0,-2],[1,-1],[0,-3],[2,-1],[-2,-3],[-12,-2],[-7,1],[-5,0],[-2,6],[-4,3],[2,0],[6,0],[4,-2],[6,-1],[-3,4]],[[8133,8220],[-2,0],[1,3],[2,0],[3,-3],[-4,0]],[[8076,8217],[2,3],[6,0],[-1,-2],[-3,-2],[-4,1]],[[8221,8195],[-2,1],[2,4],[4,1],[4,-1],[6,-1],[7,1],[1,-4],[1,-3],[-4,-1],[-4,1],[-11,0],[-4,2]],[[8420,8172],[2,2],[0,2],[7,3],[6,0],[3,-1],[9,-1],[-2,-3],[-4,-2],[-2,0],[-3,-1],[-1,-1],[-6,0],[-3,-1],[-8,1],[2,2]],[[8446,8169],[7,5],[3,-2],[-5,-1],[-2,-2],[-3,0]],[[8217,8146],[0,-2],[4,-3],[-1,-3],[-4,0],[-11,3],[1,1],[-2,5],[-4,4],[1,1],[6,-1],[5,-2],[1,0],[4,-3]],[[8368,8149],[1,3],[-3,2],[1,2],[6,1],[1,-4],[-6,-4]],[[8470,8168],[-2,2],[2,1],[7,0],[-7,-3]],[[8505,8178],[2,-1],[-3,-4],[-3,-2],[-7,3],[1,4],[10,0]],[[8480,8166],[-2,2],[-1,2],[2,3],[3,2],[5,3],[3,-2],[-3,-2],[4,-1],[1,-4],[-2,-1],[-10,-2]],[[8538,8192],[5,-2],[-3,-6],[-4,-1],[-2,0],[-1,2],[2,3],[-1,3],[1,1],[3,0]],[[8541,8193],[-1,3],[7,1],[0,2],[4,1],[4,2],[3,-1],[-3,-3],[-5,-1],[0,-1],[6,-1],[-3,-2],[4,0],[-3,-3],[-4,3],[-4,1],[-5,-1]],[[8811,8188],[-1,2],[5,2],[9,0],[4,-1],[4,1],[1,3],[5,2],[4,-1],[3,2],[3,-1],[-5,-3],[-4,-7],[-3,-1],[-10,0],[-2,0],[-5,-1],[-7,0],[-3,-2],[-2,2],[4,3]],[[8807,8170],[1,2],[-2,2],[4,2],[9,-3],[-5,-1],[-2,-2],[-5,0]],[[8786,8169],[-3,2],[-2,-3],[-3,-2],[2,-1],[-1,-2],[-4,-1],[-1,2],[-9,-1],[-2,2],[9,3],[4,2],[1,2],[4,1],[6,3],[4,-1],[1,-3],[-3,-3],[-3,0]],[[8516,8171],[0,4],[-3,2],[4,2],[14,-2],[4,-2],[-2,-1],[2,-2],[-1,-2],[-5,-4],[1,-3],[-13,-4],[0,1],[-4,2],[0,3],[6,6],[-3,0]],[[8612,8154],[0,-3],[-6,2],[-8,-3],[-4,2],[1,5],[3,0],[2,-2],[4,1],[1,-1],[5,1],[2,-2]],[[8842,7803],[2,1],[6,-3],[-3,-2],[-5,0],[-1,3],[1,1]],[[8657,7884],[-1,2],[5,2],[0,-5],[-4,1]],[[8811,7716],[0,2],[3,3],[4,-1],[-1,-2],[-6,-2]],[[8835,7715],[-4,2],[6,1],[-2,-3]],[[8840,7753],[0,2],[6,-1],[2,-3],[-2,-1],[-6,3]],[[8853,7786],[-4,3],[4,1],[4,-3],[-4,-1]],[[8858,7777],[1,3],[2,1],[6,-1],[2,-3],[-8,1],[-3,-1]],[[6252,2330],[-2,-30],[-2,-6],[2,-3],[3,-3],[-5,-48],[0,-3],[2,-2],[3,-8],[-8,-4],[-4,-1],[0,-92],[0,-30],[0,-111],[-293,0],[-54,0],[0,-48],[0,-20],[-80,0],[-51,0],[-68,0]],[[5695,1921],[0,0],[-271,0],[-52,34],[0,19],[-69,0],[-44,0],[-138,0],[-103,0],[-200,0],[-333,0],[-68,0],[-171,0]],[[4246,1974],[-120,0],[-100,0],[-354,1],[0,108]],[[3672,2083],[43,0],[0,32],[0,126],[-18,0],[-214,0],[-154,0],[-108,0]],[[3221,2241],[0,192],[0,73],[87,0],[0,43],[0,102],[-51,0],[-192,0],[0,156],[336,0],[0,-39],[173,0],[0,196],[0,45],[0,202],[172,0],[0,102]],[[3746,3313],[0,91],[-126,63],[-261,130],[178,117]],[[3537,3714],[106,-51],[265,-127],[265,-127],[1,-101],[-1,0],[0,-47],[351,0],[99,0],[0,-78],[184,0],[0,117],[0,82],[0,113],[349,0],[18,0],[0,-132]],[[5174,3363],[1,-48],[2,-147],[1,-126],[123,-1],[1,-106],[14,0],[118,0],[-7,-19],[-15,-13],[-21,-13],[-4,-9],[-5,-5],[-13,-2],[-27,-18],[-19,-6],[352,-1],[109,-1],[92,1],[1,69],[20,0],[351,-1],[41,0],[240,0]],[[6529,2917],[0,-164],[-288,-1],[1,-80],[-10,-53],[-9,-50],[-24,-3],[-17,-9],[-22,-9],[5,-23],[-10,-23],[15,-3],[8,-2],[-2,-4],[-13,-19],[-2,-6],[-5,-10],[-11,-6],[95,0],[1,-38],[12,0],[0,-19],[0,-17],[-1,-30],[0,-1],[7,-4],[-4,-2],[-2,-2],[-1,-9]],[[4174,2295],[-4,1],[-6,-8],[-1,-4],[40,0],[-16,11],[-13,0]],[[4924,2536],[24,0],[-1,49],[-86,0],[0,-49],[63,0]],[[3527,2460],[0,-3],[-1,-3],[10,1],[5,3],[12,4],[14,1],[1,0],[22,9],[0,4],[-6,8],[-13,7],[-5,2],[-16,1],[-10,-2],[-1,-2],[-8,-3],[-3,-4],[0,-19],[-1,-4]],[[5248,2812],[16,5],[-10,8],[-15,-5],[9,-8]],[[4022,3129],[19,-6],[9,10],[-8,5],[-12,6],[-7,3],[1,3],[-5,1],[-4,0],[-16,-3],[-5,0],[1,-7],[5,-1],[4,-12],[18,1]],[[6064,2109],[8,7],[1,2],[4,3],[-20,4],[-4,-7],[-2,-6],[13,-3]],[[2107,9017],[1,-5]],[[2108,9012],[-3,1],[-13,0]],[[2092,9013],[1,3],[3,3]],[[2096,9019],[1,1]],[[2097,9020],[6,-2],[4,-1]],[[5395,1517],[-2,-1],[-1,3],[-7,2],[-6,4]],[[5379,1525],[1,2],[12,7],[1,1]],[[5393,1535],[1,-2]],[[5394,1533],[9,-4],[-2,-3],[2,-1],[9,-3]],[[5412,1522],[-7,1],[0,-4],[-10,1],[0,-3]],[[2194,8932],[7,-3]],[[2201,8929],[2,-3],[-2,-5],[-5,-5]],[[2196,8916],[-11,4],[-7,1],[-5,0]],[[2173,8921],[-1,3],[-5,0],[-6,1],[0,2],[-4,2],[2,7]],[[2159,8936],[1,-1],[5,-1],[1,5],[2,1],[6,0],[6,2],[7,0]],[[2187,8942],[2,-5],[2,-3],[3,-2]],[[3647,1255],[-11,3],[-5,2],[-5,3],[2,1],[0,2],[-6,0],[-4,1],[0,2],[2,3],[5,1],[3,5],[5,-1],[3,0],[5,0],[6,0]],[[3647,1277],[0,-2],[5,1],[-2,-3],[-3,0],[0,-18]],[[6653,6732],[0,-93],[0,-347]],[[6653,6292],[-155,0],[0,-97],[-341,0],[-110,0],[0,-145],[-264,0],[-341,0],[-21,0]],[[5421,6050],[0,379],[-111,0],[0,163],[-1,286],[90,0],[1,133]],[[5400,7011],[221,0],[295,0],[174,0],[332,0],[231,0],[0,-279]],[[5418,1469],[3,-5],[-8,-2]],[[5413,1462],[-4,-1],[-23,-12],[-3,-1],[-98,0],[1,4],[0,16],[-18,-3],[0,9]],[[5268,1474],[44,7],[1,2],[6,0]],[[5319,1483],[0,-3],[1,0],[41,4],[39,5],[0,2],[7,1],[4,2]],[[5411,1494],[1,-2],[2,-12],[4,-11]],[[6570,1997],[-2,3],[9,2],[19,3],[1,0],[5,-10],[-15,-2],[1,-5],[4,-6],[8,-8],[1,-3],[-8,0],[-3,0],[0,10],[-3,3],[-6,3],[-5,2],[-5,6],[-1,2]],[[745,7189],[4,-4],[0,-3],[-2,-9],[-1,-7],[4,-1],[-2,-3],[-1,-4],[3,-4],[4,-1],[4,0],[6,-1],[5,1],[7,6],[7,1],[11,-2],[6,0],[5,-4],[4,-2],[8,-1],[9,0],[4,2],[4,5],[3,2],[2,4],[-3,2],[3,2],[4,-3],[5,-2],[5,1],[2,-2],[7,-1],[4,-1],[6,1],[18,-20],[14,-3],[8,-11],[6,-12],[11,-7],[4,-7],[4,-7],[5,-10],[12,-17],[-5,-28],[1,-16],[7,-9],[8,-5],[13,-1],[14,4],[11,2],[12,-6],[4,-6],[7,-8],[9,-5],[6,-2],[10,1],[20,5],[18,5],[19,6],[12,9],[12,7],[16,4],[35,-3],[11,-1],[12,0],[10,-4],[7,-7],[7,-3],[11,-8],[20,1],[18,7],[3,1],[10,0],[6,1],[3,1],[4,4],[5,3],[7,4],[7,2],[6,0],[5,-2],[2,-2],[5,-7],[4,-3],[6,-1],[12,1],[8,2],[4,2],[3,2],[2,6],[1,5],[2,7],[5,6],[6,5],[5,2],[7,0],[9,-1],[4,-2],[3,-5],[1,-6],[1,-5],[5,-4],[9,-4],[14,-3],[10,-2],[10,-4],[10,-3],[6,-2],[-2,-2],[3,-3],[6,-5],[4,-3],[7,-6],[5,-8],[3,-3],[16,-8],[0,-2],[-2,-5],[-3,-4],[-2,-3],[0,-4],[0,-8],[-3,-5],[-6,-7],[0,-5],[3,-7],[2,-4]],[[1520,6912],[-2,-1],[-7,-7],[-6,-13],[0,0],[-420,-266],[0,-132],[0,-64],[0,-70],[0,-126],[0,-92]],[[1085,6141],[-334,1],[0,-167],[-161,-26],[-85,-14],[0,-70],[-219,0],[-118,110],[-99,0],[-69,0]],[[0,5975],[0,1],[0,31],[0,54],[0,42],[0,86],[0,107],[0,22],[0,122],[0,39],[0,63],[0,91],[0,85],[0,118],[0,164],[0,45],[1,67],[0,130],[0,125],[10,-2],[10,0],[6,-1],[2,-1],[6,-1],[5,-3],[1,-2],[4,-3],[3,-2],[1,-4],[9,-1],[4,1],[-3,7],[1,1],[5,3],[4,0],[4,0],[12,-3],[17,-7],[1,-3],[4,0],[8,-5],[4,-4],[2,-3],[4,-4],[0,-5],[-3,-6],[0,-6],[-3,-4],[1,-1],[-3,-6],[3,-8],[5,1],[-2,4],[0,4],[2,2],[5,5],[4,5],[2,3],[2,2],[7,1],[6,-3],[10,-5],[8,-4],[8,-2],[8,-3],[10,-2],[3,-1],[11,-5],[0,-1],[-3,-4],[0,-3],[-3,-4],[-1,-3],[-2,-9],[-3,-4],[-5,-2],[-4,-3],[0,-6],[0,-4],[5,-6],[7,-11],[1,-5],[-3,-1],[-1,-2],[8,-2],[4,-3],[0,-2],[4,0],[4,-2],[3,-5],[-1,-3],[3,-4],[-1,-2],[-5,-1],[-6,-7],[-4,-2],[0,-2],[-7,-3],[-4,0],[-2,-2],[-1,-3],[1,-3],[-1,-2],[2,-3],[-1,-2],[-4,-1],[-3,-4],[-8,-3],[-4,-3],[-1,-2],[2,-6],[9,1],[6,0],[1,3],[4,2],[5,4],[5,-5],[3,1],[-3,2],[2,5],[0,3],[3,5],[5,7],[6,6],[5,-1],[-3,-2],[0,-1],[-4,-2],[-2,-2],[3,-1],[9,1],[7,-5],[14,-7],[6,0],[-1,4],[-2,5],[-3,2],[-11,5],[5,2],[8,10],[3,0],[9,4],[0,8],[1,4],[-4,1],[2,4],[4,0],[7,5],[-1,1],[1,1],[-2,2],[-7,7],[-2,4],[-1,3],[7,3],[10,5],[2,3],[2,2],[0,3],[-1,3],[1,3],[3,0],[4,-2],[1,-1],[-5,-5],[-3,-7],[2,-2],[1,5],[3,5],[9,6],[5,3],[6,2],[3,0],[4,-4],[4,-1],[0,1],[-3,1],[-3,3],[-2,1],[-4,0],[-12,-4],[-9,5],[-4,1],[-7,4],[-14,3],[-3,3],[0,4],[5,3],[4,8],[-1,4],[-5,7],[-4,8],[0,5],[2,14],[-1,3],[2,7],[1,1],[4,-1],[2,2],[-3,2],[-5,5],[-3,3],[0,3],[-2,3],[-1,5],[1,3],[-1,3],[-8,10],[0,6],[4,4],[3,0],[11,0],[6,-1],[0,-2],[9,-2],[9,0],[4,-2],[-1,-4],[-6,-6],[11,0],[3,2],[15,2],[8,1],[15,1],[14,-2],[4,-1],[3,-2],[7,0],[7,-3],[0,-3],[4,1],[9,-1],[8,-2],[6,-6],[2,-3],[4,-3],[3,-6],[6,-1],[5,-1],[3,-2],[12,0],[3,-1],[7,-2],[2,-2],[6,0],[2,-1],[10,0],[9,-1],[8,-1],[2,0],[8,-2],[3,-2],[5,0],[12,-3],[3,-2],[2,0],[11,-1],[8,-2],[4,-4],[9,-11],[5,-5],[4,-2],[9,-8],[1,-2],[4,-4],[9,-8],[4,-7],[0,-3],[-2,-2],[1,-3],[8,-1],[6,-3],[12,-6],[8,-3],[3,-4],[5,-1],[9,-6],[6,-6],[3,-3],[6,-3],[4,-3],[6,-5],[7,-4],[5,-5],[0,-2],[-2,-2],[3,-1],[0,-4],[-3,-4],[-5,-3],[-6,-2],[-8,-4],[-8,-2],[-8,-4],[-5,1],[-3,-1],[-4,-3],[-2,-4],[-1,-6],[2,-3],[5,-3],[6,1],[0,4],[5,5],[3,2],[0,2],[6,3],[3,-1],[5,1],[12,0],[8,0],[5,0],[7,4],[6,3],[3,3],[4,0],[12,1],[18,-2],[16,-5]],[[235,7187],[-1,2],[10,9],[4,-1],[-1,-1],[-3,-6],[-7,-4],[-2,1]],[[261,7204],[-2,3],[4,1],[-2,-4]],[[261,7209],[-1,3],[3,0],[-2,-3]],[[633,7176],[2,6],[4,0],[0,-1],[-3,-2],[-3,-3]],[[2222,8949],[-1,-3],[0,-4]],[[2221,8942],[-15,1]],[[2206,8943],[1,2]],[[2207,8945],[1,2]],[[2208,8947],[5,1],[6,1],[3,0]],[[4281,7601],[-5,2],[-1,6],[3,-1],[6,-3],[6,0],[6,1],[6,2],[5,1],[9,-1],[0,-2],[3,-1],[-2,-2],[-8,-4],[-3,-3],[-3,-4],[0,-1],[-6,-1],[-3,-1],[-6,5],[-4,2],[-1,4],[-2,1]],[[2331,8596],[0,-34],[7,0]],[[2338,8562],[2,-4],[3,-3],[1,-3],[-2,-9],[0,-4],[-1,-3],[0,-7]],[[2340,8513],[-81,-1]],[[2259,8512],[-4,4],[8,0],[0,10],[8,0],[0,9],[17,0],[0,10],[-77,0],[-2,-1],[-4,1]],[[2205,8545],[0,24],[13,-1],[5,1],[15,0],[0,17],[-3,2]],[[2235,8588],[0,0],[35,0],[0,-9],[10,1],[15,5],[9,2],[12,1],[9,5],[6,3]],[[2066,8988],[5,0]],[[2071,8988],[0,-4],[2,-1]],[[2073,8983],[-2,-2],[-5,0],[-6,1],[-5,2]],[[2055,8984],[2,2],[9,2]],[[2303,8868],[-16,0],[0,10],[-3,0],[-10,6],[-2,0],[-6,2],[-3,0]],[[2263,8886],[0,11],[16,0],[0,15]],[[2279,8912],[13,0]],[[2292,8912],[9,-8],[2,-4]],[[2303,8900],[0,-32]],[[2194,8932],[6,4]],[[2200,8936],[3,2]],[[2203,8938],[4,-2],[4,-3]],[[2211,8933],[-4,-2],[-6,-2]],[[1903,8928],[0,-29],[-66,0],[0,38],[66,0],[0,-9]],[[2170,8980],[-8,-8]],[[2162,8972],[0,2],[-25,0]],[[2137,8974],[0,5],[-6,0],[-2,1],[-6,3]],[[2123,8983],[4,1],[3,5],[-11,2]],[[2119,8991],[1,2]],[[2120,8993],[0,13]],[[2120,9006],[4,-1],[2,-2],[5,-2],[1,3]],[[2132,9004],[4,-1]],[[2136,9003],[1,-1],[0,-14],[30,-7],[3,-1]],[[2301,8828],[2,-1]],[[2303,8827],[-13,-17],[-5,-9],[0,-1],[-7,-10],[-3,-1],[-18,-11],[-8,0],[0,-5],[-17,-10]],[[2232,8763],[-33,0]],[[2199,8763],[0,20],[-15,0]],[[2184,8783],[3,2],[-4,0],[-2,2],[-1,4],[-5,3],[-4,1],[2,2],[-2,2],[-5,1],[-3,1]],[[2163,8801],[5,3],[2,4],[6,2],[-1,4],[2,4],[4,3],[-1,2],[2,5]],[[2182,8828],[12,-4],[7,-3],[2,-1],[12,2],[5,-3],[29,0],[0,-4],[5,4],[4,2],[7,1],[11,0],[5,1],[13,5],[7,0]],[[4563,7576],[-2,0],[3,4],[-3,5],[15,0],[-2,-2],[11,-3],[-3,-4],[-19,0]],[[4714,7794],[224,0],[66,0],[0,-87],[0,-47],[-55,0],[-1,-70],[0,-58]],[[4948,7532],[-225,0],[0,-75],[-177,0],[-254,0],[-29,0],[-13,11],[-2,1],[-21,7],[-27,3],[-100,19],[-2,0]],[[4098,7498],[0,55],[0,63]],[[4098,7616],[0,66],[0,49],[131,0],[192,0],[0,63],[293,0]],[[3542,7588],[7,-3],[2,-1],[-9,-6],[-8,2],[-3,6],[-2,2]],[[3529,7588],[-5,4],[0,2],[5,-1],[1,-3],[6,0],[6,-2]],[[5421,6050],[-323,0],[0,-139],[0,-30],[-145,0],[-68,0],[-119,0]],[[4766,5881],[-9,19],[-25,2],[0,10],[-53,0],[0,38],[0,101],[-38,0],[-238,0],[1,48],[-128,0],[-124,0],[0,22],[0,117],[-238,0]],[[3914,6238],[0,44],[0,196]],[[3914,6478],[245,0],[92,0],[223,0],[25,0],[144,0],[0,16],[0,160],[0,28],[0,195],[35,0]],[[4678,6877],[8,-15],[-8,0],[0,-6],[12,0],[2,-4],[46,0],[0,62],[-58,0]],[[4680,6914],[-3,7],[0,47],[0,76],[238,0],[0,17],[146,0],[339,0]],[[5400,7061],[0,-50]],[[4881,6454],[-19,1],[0,3],[-12,0],[0,-9],[11,0],[0,-4],[7,-2],[10,0],[3,11]],[[2492,8908],[-6,-11],[-33,0],[0,10],[-8,0]],[[2445,8907],[0,19],[-25,0],[0,20]],[[2420,8946],[0,4],[26,10],[13,1],[0,-24],[4,-11],[29,-18]],[[2163,8801],[-3,-1],[1,-3],[-5,-2],[-1,-2],[3,-3]],[[2158,8790],[2,-2],[1,-3],[-2,-2],[-10,0],[0,19],[-50,0]],[[2099,8802],[0,20],[0,23]],[[2099,8845],[6,-2],[6,-3],[-2,-4],[6,3],[1,1],[0,3],[-6,3],[-6,2],[-3,1],[-1,7],[-4,1],[-4,4],[0,2],[-2,2],[3,5],[-2,3],[10,0],[3,1],[7,-2],[6,1],[3,-1],[9,1],[7,-2],[8,0],[3,-1],[3,-4],[2,-4],[3,-5],[6,-5]],[[2161,8852],[7,-4],[6,-3],[4,-1],[8,-3],[2,-2],[1,-3],[-4,-3],[-3,-5]],[[8120,6590],[16,0],[0,-20],[-10,-5],[-6,0],[-1,-5],[-7,1],[1,4],[-8,0],[5,25],[0,6],[8,0],[0,-6],[2,0]],[[1003,7434],[9,-1],[12,-2],[8,1],[4,2],[5,1],[9,0],[6,-3],[4,-8],[3,-4],[6,-3],[6,-1],[9,0],[11,0],[21,0],[17,1],[14,2],[6,2],[14,1],[8,-3],[11,0],[22,11],[5,1],[5,-2],[6,-5],[2,-1],[5,0],[6,1],[2,-1],[11,-2],[4,1],[6,5],[5,1],[6,-1],[7,-1],[4,1],[8,-1],[1,-3],[-2,-2],[-6,0],[-3,-1],[0,-3],[2,-5],[4,-2],[8,0],[2,1],[2,3],[4,2],[5,3],[-2,3],[-3,1],[0,2],[4,0],[8,-5],[4,-2],[1,-2],[-1,-7],[-2,-1],[-3,0],[-10,-1],[0,-1],[4,-4],[3,-1],[4,0],[1,1],[4,-1],[2,-1],[3,-6],[2,-1],[9,-4],[7,-7],[3,-1],[3,-4],[2,-2],[4,-1],[7,0],[5,1],[4,-2],[6,-3],[5,-6],[4,-2],[4,0],[6,1],[5,0],[12,-1],[6,-3],[5,0],[9,4],[5,1],[9,-1],[4,0],[7,0],[5,1],[7,4],[4,0],[14,0],[10,-2],[5,1],[4,2],[1,4],[5,3],[13,4],[5,0],[3,-4],[9,-5],[3,0],[12,1],[1,1],[2,5],[0,3],[2,3],[4,1],[4,3],[6,1],[6,-1],[6,-2],[4,-4],[3,-6],[5,-3],[2,-1],[7,-3],[6,0],[4,2],[3,5],[3,2],[4,2],[7,0],[5,0],[2,1],[3,4],[0,4],[-6,3],[2,4],[4,2],[8,-2],[4,-2],[1,-2],[2,-4],[2,-1],[4,-3],[8,2],[14,0],[4,2],[3,4],[0,7],[5,2],[3,0],[4,-1],[9,-7],[7,0],[4,3],[18,4],[1,3],[2,1],[4,0],[10,-4],[5,-1],[5,0],[9,3],[10,0],[6,1],[4,0],[-1,-3],[4,-2],[3,2],[7,6],[3,1],[5,-2],[2,1],[1,103],[59,0],[338,0],[93,1],[146,-1],[40,0]],[[2502,7509],[112,1]],[[2614,7510],[0,-89],[0,-195],[0,-45],[0,-196]],[[2614,6985],[-7,2],[-317,68],[0,-155],[-6,1],[-5,1],[-11,2],[-4,1],[-7,5],[-2,4],[-3,5],[-2,2],[-6,2],[-14,2],[-4,0],[-11,4],[-8,2],[-4,1],[-6,0],[-6,-3],[-2,-3],[-8,-7],[-4,-2],[-5,-2],[-9,0],[-11,2],[-8,0],[-3,-1],[-5,-4],[-4,-2],[-11,-2],[-4,0],[-7,1],[-12,3],[-6,3],[-3,2],[-5,0],[-5,-1],[-11,-4],[-4,-1],[-5,0],[-2,2],[-1,8],[-3,2],[-5,1],[-5,4],[-6,0],[-2,1],[-5,0],[-13,3],[-14,0],[-11,2],[-4,2],[-3,4],[-10,8],[-10,10],[-3,2],[-8,1],[-7,-1],[-14,-6],[-11,-5],[-4,-2],[-2,-4],[3,-3],[6,-2],[7,0],[6,-3],[5,-6],[0,-6],[-2,-4],[-4,-4],[-7,-2],[-14,-3],[-6,-1],[-3,-2],[-2,-2],[1,-4],[2,-2],[3,-1],[2,-3],[-3,-3],[-10,-3],[-9,-1],[-5,-3],[-3,-4],[-5,-5],[-8,-4],[-5,-1],[-2,1],[-8,4],[-19,1],[-15,0],[-4,1],[-12,6],[-7,1],[-4,0],[-5,-1],[-3,-7],[-3,-3],[-3,-3],[-3,-1],[-10,0],[-7,1],[-5,2],[-3,2],[-3,3],[0,6],[-1,2],[-2,2],[-5,1],[-8,-1],[-7,2],[-1,-1]],[[1725,6889],[-19,6],[-10,1],[-14,-1],[-5,0],[-13,1],[-2,-1],[-2,-7],[0,-9],[-2,-1],[-10,-3],[-6,-4],[-3,0],[-5,1],[-19,6],[-4,2],[-4,1],[-4,0],[-12,-4]],[[1591,6877],[-3,-2],[-4,1],[-13,3],[-8,1],[-7,3],[-3,2],[-8,4],[-10,7],[-11,10],[-4,6]],[[745,7189],[13,2],[3,1],[-1,4],[1,4],[-3,1],[-10,6],[-5,2],[-5,3],[-14,9],[-7,8],[-5,6],[-2,6],[2,4],[0,14],[8,1],[4,2],[3,3],[4,-1],[5,1],[1,2],[-2,2],[-4,2],[-4,0],[-4,-1],[-13,-6],[-3,0],[-3,3],[-1,3],[-5,7],[-5,5],[-3,6],[-1,6],[2,6],[3,6],[0,3],[-2,1],[1,6],[-1,2],[-4,3],[-12,1],[-14,-7],[3,-4],[1,-4],[-4,0],[-3,2],[-4,3],[-3,8],[-4,5],[-4,5],[-7,7],[-4,4],[-5,5],[-6,5],[-3,4],[-3,1],[-9,10],[-6,5],[-5,3],[1,4],[-2,4],[-6,8],[-6,5],[-9,9],[-3,2],[-4,2],[-1,2],[-2,1],[-2,3],[-3,1],[-4,2],[-2,6],[2,3],[7,1],[6,-2],[11,-4],[2,-2],[5,-1],[7,-3],[8,-6],[8,-6],[2,-2],[3,-1],[12,-8],[3,-2],[2,-1],[8,-7],[3,-5],[7,-9],[3,-3],[5,-6],[16,3],[13,3],[1,4],[-2,4],[-5,4],[-7,2],[-7,3],[-7,5],[-2,1],[-4,4],[-5,4],[-2,6],[-9,13],[1,4],[1,1],[5,1],[3,-1],[6,-4],[11,-3],[15,-8],[3,-1],[8,-4],[5,-3],[4,-3],[3,-4],[13,2],[0,4],[5,1],[11,-2],[12,-3],[3,-1],[12,-3],[2,-1],[4,1],[5,-1],[10,-1],[8,-1],[15,0],[9,0],[9,1],[5,0],[12,2],[7,2],[4,0],[4,2],[1,-3],[4,-2],[4,0],[6,-1],[6,-1],[7,-2],[9,-2],[16,2],[13,2],[15,5],[4,1],[7,0],[4,1],[-3,3],[-3,2],[-2,3],[6,2],[17,4],[7,1],[6,0],[3,-1],[5,4],[-10,5],[-4,0],[-5,-1],[-4,-2],[-2,1],[1,4],[-1,1],[9,2],[5,-2],[2,0],[7,3],[6,5],[3,3],[10,3],[2,2]],[[5393,1535],[-2,3],[4,8]],[[5395,1546],[0,3],[5,0]],[[5400,1549],[1,-2],[9,-4],[5,-3],[1,-2],[-1,-6],[1,-1]],[[5416,1531],[-8,-1],[-4,1],[-6,3],[-4,-1]],[[2073,9025],[-5,1]],[[2068,9026],[-1,1],[6,6]],[[2073,9033],[9,-1]],[[2082,9032],[-2,-5],[3,-1]],[[0,4847],[0,124],[0,169],[0,487],[0,226],[0,122]],[[1085,6141],[33,0],[0,-93],[0,-196],[0,-36],[220,0]],[[1338,5816],[0,-15],[0,-196],[152,0],[84,0],[0,-77],[0,-48],[15,0],[0,-144]],[[1589,5336],[-115,-1],[-226,1],[0,-162],[0,-74],[0,-196],[0,-57]],[[1248,4847],[-761,0]],[[487,4847],[-143,0],[-96,0],[-248,0]],[[2112,9032],[0,10]],[[2112,9042],[3,0],[2,4],[-1,5],[1,2]],[[2117,9053],[4,-2],[3,-1],[13,-3],[0,-1],[8,1],[7,0]],[[2152,9047],[0,-15]],[[2152,9032],[-40,0]],[[5885,8166],[-20,2],[4,5],[5,3],[10,2],[-4,10],[23,0],[29,-14],[0,-4],[7,2]],[[5939,8172],[0,-11],[-14,0],[0,8],[-6,0],[-12,1],[2,2],[-1,5],[-2,1],[-8,-2],[-9,-1],[-2,0],[-1,-4],[3,-2],[-1,-1],[-3,-2]],[[2881,8448],[105,0],[125,0],[60,0],[0,48],[27,0]],[[3198,8496],[6,-12],[2,-4],[3,-3],[11,-5],[3,-4],[3,-5],[4,-3],[1,-2],[0,-4],[-1,-6],[0,-3],[1,-6],[-1,-5],[2,-4],[3,-1],[4,-1],[7,-1],[5,-1],[1,-4],[2,0],[7,-1],[2,-2],[-2,-10],[3,-12],[5,-4],[7,-3],[2,-4],[6,-3],[2,-4],[-3,-6],[1,-2],[6,-8],[8,-14],[-1,-2],[-4,-5],[0,-2],[5,-3],[7,-3],[3,-1],[2,-3],[3,-2],[3,-1],[9,0],[2,-1],[6,-4],[2,-3],[12,-8],[4,-4],[5,-4],[3,-6],[1,-4],[-2,-9],[1,-4],[1,-2],[3,-2],[3,-2],[12,-1],[3,-3],[5,-6],[5,-3],[13,-2],[5,-2],[8,-5],[8,-5],[9,-5],[14,-4],[5,-3],[5,-5],[2,-1],[10,-1],[3,-2],[1,-6],[4,-4],[3,-2],[5,-1],[4,0],[9,3],[10,2],[3,0],[9,-5],[8,-1],[7,2],[5,4],[3,1],[8,-3],[3,0],[7,1],[6,-2],[6,-3],[6,1],[3,-1],[2,-1],[1,-3],[2,-3],[9,-1],[10,-1],[9,-3],[7,-3],[10,-6],[4,-2],[9,-2],[4,-1],[3,1],[2,4],[8,-1],[11,-3],[-1,-2],[3,-8],[0,-4],[2,-2],[14,-4],[4,-1],[0,-3],[-1,-4],[1,-3],[3,-3],[-4,-3],[2,-5],[-2,-7],[1,-3],[2,-2],[7,-2],[13,-1],[3,-1],[3,-4],[0,-3],[4,-1],[2,-3],[-1,-4],[3,-2],[7,-2],[3,-2],[2,-4],[0,-5],[-2,-6],[1,-7],[0,-2],[-3,-3],[-1,-5]],[[3739,8076],[-46,0],[-151,0],[-185,0]],[[3357,8076],[-115,0]],[[3242,8076],[0,51],[-9,0]],[[3233,8127],[0,85],[-198,0],[-10,8],[-1,3],[1,5],[-1,6],[-5,6],[-1,1],[-6,9],[-4,2],[-6,0],[0,2],[-7,2],[0,3],[-4,1],[-10,6],[-31,10],[-4,1],[-66,13],[-10,0],[-5,1],[-84,7],[-15,1],[0,1],[-37,1],[-23,0],[-8,0],[-5,1],[-7,1],[-5,2],[-9,3],[-4,1],[-6,2],[-9,1],[-10,4],[-13,3],[-17,2]],[[2613,8321],[0,19],[0,78],[0,30],[42,0],[226,0]],[[5346,1546],[0,-20]],[[5346,1526],[0,-19]],[[5346,1507],[-27,0]],[[5319,1507],[-6,0]],[[5313,1507],[-52,0],[-173,0],[0,37],[-10,0],[-125,-27],[0,-9],[-33,0],[-278,0],[0,19],[-105,8],[-126,24],[-19,0],[-20,-46],[52,-10],[18,0],[-17,-20]],[[4425,1483],[-133,0],[-46,0],[0,33]],[[4246,1516],[0,43],[10,12],[4,8],[-1,5],[-4,5],[-3,1],[-6,-1],[0,59],[0,66],[0,40],[0,61],[0,11],[0,9],[0,53],[0,46],[0,40]],[[5695,1921],[0,-98],[0,-46],[0,-186]],[[5695,1591],[0,-44],[-111,0],[-95,-1]],[[5489,1546],[-23,0]],[[5466,1546],[0,23],[-121,0],[1,-23]],[[1701,8783],[-5,3],[-2,2],[6,3],[1,3],[-5,2],[-9,-1],[-5,2],[-4,5],[1,2],[5,2],[5,2],[4,-1],[3,-2],[10,-3],[7,0],[9,4],[5,3],[4,0],[2,-2],[0,-3],[4,2],[4,1],[7,-2],[2,-3],[5,0],[4,-4],[-2,-7],[-2,-3],[-2,-2],[-4,-1],[0,-2],[7,2],[4,2],[3,5],[5,0],[4,3],[0,3],[10,1],[4,-2],[-2,-2],[-6,-2],[0,-3],[3,1],[0,2],[3,1],[3,1],[4,1],[7,-3],[6,-1],[4,1],[3,-2],[-1,-3],[2,-7],[-3,-7],[0,-2],[-3,-6],[7,2],[3,3],[1,2],[3,4],[1,5],[-2,2],[-1,3],[1,4],[-1,2],[-7,3],[-9,3],[-7,5],[2,2],[5,1],[3,-1],[4,-4],[2,-1],[7,0],[5,2],[9,-1],[13,-1],[6,-3],[3,-3],[4,0],[5,-1],[8,-1],[7,-3],[-1,-2],[-7,-3],[-4,-4],[2,-2],[8,-2],[5,2],[-8,1],[-2,1],[8,3],[7,6],[0,2],[6,2],[4,2],[1,4],[4,0],[7,2],[5,0],[7,2],[10,0]],[[1930,8804],[3,-2]],[[1933,8802],[1,-29],[0,-19],[-1,-19],[0,-47],[-16,0],[-30,0]],[[1887,8688],[0,3],[-3,2],[-2,0],[-2,-2],[-3,2],[-1,3],[2,3],[-1,2],[-4,-2],[-4,1],[-3,6],[2,1],[-1,3],[-2,1],[-6,3],[-7,2],[-3,2],[-6,-1],[-3,-3],[-8,0],[-5,1],[-2,-2],[-3,0],[-1,2],[-5,-1],[-1,3],[-3,-2],[-2,1],[-2,3],[-3,-2],[-1,-3],[-5,0],[0,-3],[-4,-1],[-4,-3],[1,-2],[-2,-2],[-5,-3],[2,-6],[-6,1],[-3,2],[-3,0],[-5,1],[-3,2],[-4,-1],[-1,-2],[-12,-5],[-5,-3],[0,-1],[-45,0],[1,18],[0,30]],[[1701,8736],[0,4]],[[1701,8740],[0,43]],[[1512,8832],[-3,2],[0,2],[10,-2],[3,-2],[-1,-3],[-2,0],[-7,3]],[[1533,8849],[-2,-1],[-6,0],[-4,1],[1,4],[-4,2],[-1,6],[3,1],[5,2],[5,2],[4,-1],[5,0],[6,-2],[3,-1],[1,-2],[2,-1],[-2,-2],[2,-2],[-9,-6],[-3,-1],[-6,0],[0,1]],[[1560,8872],[4,0],[0,-1],[-2,-3],[-5,-1],[-9,1],[-6,2],[-3,1],[0,4],[5,1],[6,0],[6,-2],[4,-2]],[[1566,8888],[-5,4],[1,3],[5,4],[11,2],[7,-2],[4,-3],[2,-4],[2,-2],[-3,-2],[-4,0],[-4,-3],[-6,-3],[-3,0],[-3,2],[-4,4]],[[1549,8879],[-3,4],[0,3],[4,2],[6,2],[7,-1],[3,-1],[2,-4],[5,-3],[-2,-3],[-5,-1],[-9,-1],[-8,3]],[[1576,8918],[0,0],[2,3],[2,-1],[-4,-2]],[[1591,8927],[-3,2],[3,2],[5,4],[4,-3],[-3,-3],[-6,-2]],[[1617,8856],[-1,2],[3,2],[5,-3],[1,-4],[-2,-1],[-4,0],[-2,4]],[[1686,8897],[4,-2],[2,-2],[-5,-1],[-2,-4],[2,-3],[-1,-2],[-4,2],[-5,-2],[-3,-4],[-4,-6],[1,-4],[6,-2],[2,-4],[-1,-2],[5,-3],[1,-3],[-1,-6],[3,-4],[0,-2],[2,-1],[11,-4],[1,-3],[0,-3],[1,-1],[4,-1],[3,-3],[4,-2],[1,-2],[-2,-2],[-1,-3],[0,-3],[5,-5],[1,-2],[-1,-3],[-5,-1],[-6,0],[-9,5],[-3,4],[2,6],[2,2],[0,5],[-3,3],[-1,3],[2,2],[-1,2],[-4,2],[-3,2],[-3,2],[-8,1],[-2,1],[-8,3],[-3,6],[-5,1],[1,2],[-1,2],[-4,2],[-2,3],[3,1],[1,4],[2,3],[3,2],[1,6],[-3,4],[-1,0],[-5,3],[-3,2],[0,2],[3,1],[4,-2],[12,3],[7,2],[3,2],[0,4],[6,2],[0,2],[5,-3],[-3,-4]],[[1805,8818],[-3,2],[1,1],[3,3],[3,-2],[0,-2],[-4,-2]],[[9994,6268],[0,-104],[0,-145],[0,-144],[0,-48],[1,-145],[0,-48],[0,-77]],[[9995,5557],[-106,0],[-248,0],[-94,0],[0,74],[-181,0],[-342,0]],[[9024,5631],[-152,0],[-176,0],[0,30],[-342,-1],[-342,0],[-166,1],[0,69],[-1,56],[-200,0],[0,96]],[[7645,5882],[84,0],[342,1],[34,0],[341,0],[0,94],[0,196],[2,183],[75,1],[5,4],[9,4],[2,2],[2,7],[4,7],[3,3],[5,3],[10,5],[11,8],[2,3],[0,5],[4,2],[5,1],[10,2],[5,2],[4,3],[0,4],[-1,3],[-4,6],[2,6],[0,6],[1,3],[10,3],[2,1],[1,4],[3,6],[1,7],[1,1],[6,3],[8,3],[4,1],[3,3],[95,0],[144,0],[120,0],[3,5],[7,4],[7,4],[11,7],[9,3],[8,3],[9,6],[6,2],[11,4],[9,1],[3,1],[1,3],[-3,3],[0,3],[7,1],[5,6],[1,5],[2,4],[8,6],[5,6],[2,2],[7,0],[9,0],[5,0],[5,4],[7,3],[16,9],[4,4],[2,6],[2,1],[6,1],[4,4],[-1,4],[1,2],[5,6],[2,1]],[[9185,6602],[8,-8],[13,-9],[7,-5],[14,-7],[4,-3],[0,-2],[-5,4],[-3,-1],[6,-5],[3,-1],[8,-4],[6,-2],[10,-4],[7,-2],[8,-2],[4,-1],[4,-2],[4,0],[2,-2],[15,-5],[2,-2],[0,-2],[2,0],[1,4],[2,-1],[2,-4],[4,0],[-5,4],[-4,2],[-7,2],[-10,4],[13,-2],[2,-1],[13,-3],[3,-1],[2,0],[18,-8],[6,-4],[9,0],[-2,2],[4,1],[7,0],[5,0],[6,-2],[6,0],[11,-3],[3,0],[19,-5],[5,-2],[10,-3],[1,-1],[8,-1],[9,-2],[3,2],[5,0],[12,-1],[8,-2],[9,-1],[5,-2],[8,-1],[5,2],[4,-1],[1,1],[-9,1],[6,1],[8,-2],[12,-1],[6,-1],[3,-1],[3,0],[4,-1],[19,-4],[4,-1],[14,-5],[5,-4],[4,-1],[3,2],[-6,0],[-1,3],[7,-3],[6,-2],[4,0],[18,-4],[15,-6],[15,-4],[15,-1],[7,-1],[3,-1],[14,-1],[5,-1],[1,1],[10,-2],[3,-3],[8,-8],[0,-5],[1,-4],[7,-2],[3,0],[10,-7],[11,-7],[7,-6],[4,-8],[4,-4],[9,-9],[4,-2],[12,-7],[5,-4],[6,-6],[-1,-2],[14,-6],[4,-3],[10,-8],[2,-2],[0,-2],[3,-2],[5,-6],[9,-8],[7,-6],[9,-5],[9,-5],[8,-5],[7,-2],[20,-9],[5,-3],[12,-5],[8,-2],[8,-5],[-1,-1],[3,-1],[6,-6],[5,-4],[19,-10],[14,-5],[15,-8]],[[8866,6119],[1,-1],[7,3],[6,2],[-4,2],[-6,0],[-6,-2],[-4,-2],[6,-2]],[[2133,8545],[39,0]],[[2172,8545],[0,-19],[16,0],[0,-20]],[[2188,8506],[-16,0],[0,-22],[-16,0],[0,-10],[44,0]],[[2200,8474],[0,-8],[-3,1],[-6,2],[-4,-2],[-9,-1],[0,-2],[-5,-5],[0,-4],[-1,-4],[-3,-2],[0,-1],[-2,-7],[2,-6],[-6,-2],[-6,1],[-3,-1],[-5,0],[-2,4],[1,7],[-5,7],[0,7],[-9,0],[0,16],[-20,0],[0,6],[-4,3],[-9,9],[2,1],[-4,7],[0,11],[4,3],[7,7],[1,4],[9,6],[5,7],[6,4],[2,3]],[[7319,3548],[-5,2],[2,7],[2,0],[6,-9],[-2,-3],[-3,-1],[-5,2],[0,1],[5,1]],[[2094,9025],[-3,-1]],[[2085,9026],[3,0],[1,2],[3,1]],[[2092,9029],[3,-1],[-1,-3]],[[2072,8913],[2,0],[6,-2],[0,-3],[-4,-4],[-7,-1],[-1,2],[1,3],[3,2],[-2,2],[2,1]],[[2107,8967],[-4,-1],[-5,1],[-2,4],[1,2],[-3,2],[0,3],[-3,0],[1,-5],[2,-1],[1,-4],[-4,-1],[-4,0],[-9,4],[-2,1],[-8,2],[-6,2],[2,3],[7,0],[3,2],[-1,2]],[[2071,8988],[25,0]],[[2096,8988],[0,-3],[10,-2],[-1,-1],[-2,-4],[-4,-4],[2,-2],[4,1],[2,-6]],[[1933,8802],[113,0],[53,0]],[[2099,8802],[0,-39],[0,-14],[0,-5]],[[2099,8744],[0,-39]],[[2099,8705],[0,-19],[0,-20],[0,-35]],[[2099,8631],[-5,1],[-3,2],[-4,-2],[-3,2],[0,2],[-10,2],[-2,2],[4,2],[-1,2],[-5,1],[-10,0],[-2,-1],[-7,0],[-2,-1],[-6,1],[-3,-3],[-4,1],[-4,0],[-3,-6],[-5,0],[-2,-1],[-4,1],[-3,-1],[-2,-4],[-8,0],[-6,1],[-5,-1],[1,-2],[-6,-1],[-3,0],[-2,-1],[-9,-1],[-8,3],[-3,0],[-5,2],[-4,3],[0,2],[-2,6],[-3,2],[-4,-1],[-4,2],[-2,2],[-8,-1],[0,7],[-4,1],[-1,3],[0,2],[-3,3],[0,4],[-2,2],[-8,-1],[-7,1],[-3,3],[-2,1],[-7,1],[-2,1],[-4,8],[-2,3],[0,3]],[[1647,3313],[2099,0]],[[3221,2241],[-119,0],[-196,0],[-157,0],[0,-40],[-70,0],[-287,0],[-161,0],[0,29],[-354,0],[-57,0],[1,13],[94,136],[285,-1],[169,0],[184,0],[226,1],[126,0],[0,129],[0,143],[0,52],[-110,0],[-296,0],[-50,0],[0,40],[0,56],[-56,0],[-117,0],[0,-58],[-352,0],[-277,0],[0,74],[0,196],[0,106],[0,196]],[[3079,2479],[8,-4],[21,-4],[6,-1],[10,-2],[7,-1],[-11,8],[0,13],[-4,1],[-13,0],[-23,-3],[-6,-5],[5,-2]],[[5416,1531],[3,-3]],[[5418,1522],[-6,0]],[[3031,7510],[-12,-1],[-50,0],[-259,0],[-96,1]],[[2502,7509],[-1,18],[0,158],[186,0],[2,101],[-4,3]],[[2685,7789],[70,0],[129,0],[129,0],[0,89],[0,24]],[[3013,7902],[115,0],[86,0],[0,-57],[0,-56],[0,-47]],[[3214,7742],[0,-19],[-1,-1],[0,-39],[0,-2],[-1,-6],[3,-5],[-196,0],[-57,0],[-2,0],[4,-9],[5,-2],[0,-6],[5,-3],[-1,-7],[-4,-11],[-2,-2],[0,-4],[1,-2],[2,-4],[1,-5],[9,-8],[4,-2],[1,-3],[2,-2],[1,-3],[7,-4],[4,-1],[2,-1],[0,-4],[4,-4],[3,-1],[0,-4],[-5,-3],[-9,-3],[2,-3],[6,-3],[5,-6],[7,-2],[1,-2],[0,-2],[-2,-3],[-4,-2],[-5,-5],[-3,-6],[5,-7],[1,-2],[-1,-5],[0,-8],[-1,-2],[3,-1],[6,0],[11,-3],[6,0]],[[3457,9532],[3,3],[3,1],[1,3],[3,3],[1,7],[-1,2],[-3,3],[-4,1],[3,2],[5,5],[3,1],[7,0],[6,-3],[1,-4],[-1,-4],[3,-6],[3,-3],[9,-6],[0,-3],[-2,-2],[-3,-1],[-2,-3],[-2,-3],[-4,-3],[-6,-1],[-9,1],[-7,1],[-6,2],[-2,2],[-1,4],[2,1]],[[3521,9548],[-1,3],[0,2],[3,2],[2,-1],[1,-2],[2,-3],[-3,-1],[-4,0]],[[3275,9620],[1,3],[5,1],[4,-1],[6,-3],[2,-2],[-2,-4],[-3,-1],[-6,2],[-3,1],[-4,4]],[[3507,9563],[-1,-5],[-3,1],[0,3],[4,1]],[[3935,9544],[-4,4],[-3,4],[3,2],[4,1],[4,-1],[4,3],[-2,2],[3,2],[3,4],[3,1],[-1,3],[-5,0],[-6,1],[-7,0],[-7,1],[-6,4],[-2,2],[-1,4],[5,3],[0,4],[3,4],[-3,2],[-8,-3],[-9,2],[-9,3],[-6,4],[-2,2],[-2,5],[0,3],[3,3],[10,4],[5,2],[1,1],[18,4],[-2,3],[-5,-1],[-8,0],[-3,-1],[-5,0],[-1,-3],[-11,-4],[-6,-2],[-6,-1],[-4,1],[-10,5],[-8,8],[-7,4],[-4,1],[-7,1],[-17,1],[-5,0],[-4,1],[-2,-1],[-4,1],[-14,-1],[-9,0],[-8,1],[-10,1],[-7,2],[-9,1],[-10,1],[-7,3],[-9,-2],[-11,-2],[-8,-5],[-6,0],[-17,-4],[-6,-3],[-5,1],[-5,-1],[-2,1],[-5,-1],[-6,2],[-6,0],[-5,0],[-8,1],[-2,1],[-8,1],[-5,1],[-4,0],[-4,-1],[-9,1],[-5,-1],[-3,-2],[-5,-1],[-1,-2],[-4,1],[-3,-1],[-8,-3],[-1,-2],[-8,-6],[-3,-1],[-6,-5],[-4,0],[-4,-1],[-7,0],[-3,1],[-7,0],[-5,-1],[-5,-4],[-2,-1],[-8,-1],[-6,-1],[1,-5],[-5,-5],[-7,-3],[-8,0],[-2,1],[-1,3],[-3,1],[-4,-1],[-5,0],[-2,-1],[1,-3],[5,-1],[1,-2],[-6,-5],[-1,-3],[-5,0],[-3,4],[-4,1],[-7,-1],[-3,1],[-8,0],[-7,0],[-5,1],[-15,4],[-2,2],[-5,5],[2,3],[-1,3],[-4,4],[-8,3],[-8,1],[-3,2],[-5,5],[-1,4],[-1,4],[-3,5],[3,3],[3,1],[8,-3],[7,0],[3,3],[4,2],[1,2],[3,2],[0,2],[-5,2],[6,3],[-2,3],[-4,0],[-3,2],[-10,5],[-3,-1],[-9,0],[-13,-3],[-2,-1],[-8,-2],[-6,0],[-5,1],[-7,0],[-5,1],[-4,2],[-1,2],[4,6],[6,5],[-7,3],[-3,0],[-13,-5],[-6,-1],[-8,0],[-4,2],[-20,7],[-1,2],[5,2],[17,6],[5,1],[14,-3],[3,0],[5,2],[1,3],[-4,1],[-8,1],[-6,3],[-2,4],[-1,2],[1,1],[5,1],[4,-1],[1,2],[1,3],[-2,3],[-2,1],[-3,0],[-5,2],[-7,-1],[-3,1],[-3,-4],[-5,-3],[-10,2],[-3,-1],[-3,-3],[-3,-1],[-4,0],[1,-3],[-1,-2],[-6,1],[-7,5],[1,2],[3,0],[0,2],[3,3],[1,3],[3,3],[3,1],[4,2],[5,2],[4,0],[5,2],[-1,3],[-2,1],[-6,1],[-4,1],[-2,-1],[-1,-4],[-7,-1],[-8,1],[-3,0],[-6,1],[-2,3],[-6,2],[-3,2],[-6,-1],[-3,1],[-5,4],[-3,2],[-8,1],[-4,2],[-3,2],[-5,0],[-3,1],[-4,0],[-7,-1],[-6,-4],[-1,-3],[-5,-4],[-4,-1],[-5,0],[-7,-2],[-13,-1],[-7,0],[-2,-1],[-10,-1],[-5,0],[-5,-2],[-12,0],[-4,-1],[-6,1],[-1,0],[-2,4],[-5,1],[1,2],[0,3],[-3,0],[-4,5],[4,1],[4,-1],[8,0],[1,-2],[-3,-1],[-1,-2],[2,-1],[6,0],[3,1],[2,3],[-6,2],[1,3],[3,4],[13,-3],[2,0],[6,-1],[6,2],[3,3],[0,5],[-2,2],[-9,2],[-5,3],[2,2],[12,2],[5,0],[4,-2],[3,0],[7,-4],[0,-1],[3,-2],[4,-1],[4,1],[9,-1],[4,-3],[2,2],[5,0],[6,4],[1,2],[-5,3],[-2,3],[-4,1],[0,2],[2,3],[0,1],[-3,1],[-7,2],[-3,1],[-1,3],[-7,7],[-5,1],[-6,5],[-4,1],[0,4],[-1,2],[4,1],[4,3],[6,-5],[2,-1],[2,-6],[6,0],[3,-2],[8,2],[2,4],[3,1],[1,2],[8,3],[1,-1],[-3,-4],[-1,-2],[3,-2],[3,1],[2,2],[5,-1],[3,-2],[1,-2],[4,-6],[2,0],[6,2],[-2,2],[-1,1],[3,2],[-2,2],[1,1],[5,6],[0,2],[-6,3],[-1,-1],[-4,3],[-1,4],[1,3],[3,3],[4,-1],[8,0],[7,-2],[3,-2],[4,-2],[0,-2],[-1,-2],[3,-3],[3,1],[2,-3],[-1,-2],[-3,0],[-1,-2],[3,-3],[5,-1],[2,1],[3,1],[1,-2],[-1,-4],[3,-2],[2,-2],[3,-2],[4,0],[1,-2],[5,-3],[-5,-2],[-2,-3],[1,-3],[2,-2],[3,0],[3,1],[1,2],[4,0],[8,2],[0,1],[-2,1],[2,3],[6,-2],[4,0],[6,-4],[4,2],[1,3],[-1,7],[7,0],[3,-1],[4,1],[5,3],[4,4],[3,3],[-3,2],[1,1],[-2,3],[-3,2],[0,2],[-3,1],[-6,1],[-2,1],[1,4],[0,2],[-3,2],[-4,1],[0,2],[-4,3],[1,2],[4,0],[2,3],[5,-1],[6,-2],[1,-2],[4,-1],[6,2],[5,0],[1,3],[-5,0],[-2,2],[1,9],[-1,3],[-5,2],[-3,3],[-5,2],[-3,0],[-3,2],[3,6],[6,-1],[4,0],[8,1],[1,2],[5,1],[2,-1],[8,-1],[7,-2],[2,1],[1,-2],[-1,-1],[7,-8],[-1,-2],[1,-2],[5,-5],[1,-4],[2,-1],[4,-5],[2,-1],[0,-2],[3,-2],[3,-5],[2,-2],[6,-1],[4,0],[-2,-2],[4,-2],[7,1],[3,-2],[2,1],[-2,4],[-3,2],[7,2],[0,2],[8,1],[2,2],[-2,2],[1,1],[4,0],[3,-2],[-9,-8],[2,-3],[4,-1],[4,1],[4,0],[0,-3],[-4,-3],[0,-4],[4,-4],[3,-1],[-4,-2],[0,-2],[3,-2],[5,-3],[7,-1],[5,0],[4,2],[0,3],[4,2],[-2,1],[7,3],[1,4],[5,0],[-1,-2],[-1,-3],[1,-2],[-2,-2],[0,-3],[4,-3],[-4,-2],[-1,-3],[-3,-2],[-2,-5],[0,-3],[-6,-1],[-5,-3],[0,-5],[3,-2],[4,-1],[5,0],[3,2],[5,2],[4,-4],[-1,-1],[1,-2],[-4,-6],[-4,-1],[-2,1],[-4,-2],[-3,-5],[-2,-1],[-2,-4],[3,-2],[4,0],[3,-2],[0,-2],[-8,-6],[1,-2],[6,-1],[4,-1],[3,-6],[4,-2],[5,-1],[2,-2],[3,2],[0,2],[-2,2],[0,2],[1,3],[1,3],[-1,5],[1,4],[6,3],[1,5],[5,2],[2,-1],[3,-3],[-3,-3],[1,-3],[2,-2],[6,-3],[11,-2],[-2,-2],[0,-2],[-5,-3],[-1,-5],[-2,-3],[0,-4],[-1,-4],[2,-2],[6,0],[0,-2],[-2,-4],[2,-3],[-9,-3],[0,-3],[2,-1],[4,1],[4,0],[2,1],[2,-1],[0,-1],[-2,-4],[-3,-1],[5,-3],[0,-2],[4,-3],[7,-1],[3,-1],[0,-2],[-4,-2],[0,-3],[3,-1],[6,-1],[5,1],[2,2],[1,3],[-3,4],[0,2],[-4,3],[1,1],[3,0],[6,-6],[6,-2],[5,0],[3,-3],[0,-2],[3,-1],[4,1],[3,2],[2,8],[-3,3],[-6,0],[-1,2],[2,7],[-3,2],[-4,-1],[-5,0],[-2,1],[-6,10],[3,3],[1,2],[4,2],[0,2],[4,1],[4,-1],[4,-4],[3,-1],[5,-2],[8,-2],[5,-3],[3,0],[3,1],[7,3],[-1,3],[1,5],[5,5],[1,3],[-2,2],[-3,2],[-1,2],[-4,1],[0,3],[-1,2],[-6,1],[-3,3],[-4,0],[-5,5],[-7,1],[-8,3],[-4,0],[-6,-2],[-7,-7],[-5,-4],[-6,-1],[2,4],[2,2],[9,5],[9,5],[2,2],[-2,1],[3,4],[0,3],[-4,2],[4,2],[4,7],[-3,2],[-3,1],[-3,5],[1,3],[-2,3],[-8,1],[9,2],[6,5],[2,4],[3,2],[-3,3],[0,3],[-3,5],[-3,2],[-7,1],[-2,2],[-8,4],[-2,2],[-5,4],[-3,0],[-7,1],[1,3],[0,4],[2,4],[0,2],[-2,2],[-4,1],[-4,3],[-3,-1],[-6,1],[-3,0],[-3,1],[2,4],[1,6],[0,3],[-4,2],[0,2],[-3,1],[-2,3],[6,-1],[10,0],[3,-2],[10,-2],[5,-1],[5,2],[6,0],[7,0],[4,-2],[4,-3],[0,-2],[4,-3],[-4,-3],[2,-4],[0,-1],[3,-5],[2,-2],[8,-4],[3,-5],[5,-3],[6,-1],[9,2],[2,-1],[-1,-3],[3,-4],[6,-2],[4,0],[3,1],[5,-1],[-3,-4],[2,-2],[-1,-3],[-3,-2],[2,-4],[6,-2],[2,0],[1,-4],[3,-3],[4,-1],[-1,-3],[3,-3],[0,-2],[2,-1],[0,-4],[2,-3],[7,-4],[7,-1],[5,-2],[4,-3],[2,2],[-2,3],[3,0],[3,2],[-2,4],[-1,2],[-6,2],[1,3],[-3,1],[4,1],[2,3],[-1,5],[-3,2],[-5,0],[0,2],[-2,3],[-2,2],[-3,0],[-4,3],[0,1],[4,5],[3,1],[4,3],[-1,3],[-6,1],[-1,2],[1,1],[-4,8],[4,1],[3,0],[8,2],[5,1],[4,2],[1,1],[7,0],[0,-2],[5,-1],[4,0],[3,-2],[4,0],[4,0],[5,2],[7,4],[-1,2],[-4,1],[2,3],[2,-1],[7,2],[5,2],[3,3],[4,3],[0,5],[-2,2],[2,4],[-7,2],[1,3],[3,-1],[7,-1],[-2,-5],[1,-4],[3,-3],[9,-3],[5,-4],[-1,-3],[2,-5],[-1,-1],[2,-3],[1,-7],[2,-4],[5,-3],[-1,-4],[2,-1],[6,-2],[6,-1],[6,-5],[-3,-4],[1,-4],[0,-5],[-2,-3],[1,-8],[0,-2],[-3,-4],[0,-3],[-4,-4],[4,-1],[2,-3],[-1,-2],[2,-2],[-6,-3],[2,-3],[-3,-2],[-2,-2],[1,-2],[4,-2],[4,2],[0,1],[5,4],[2,-3],[-2,-3],[1,-1],[7,-1],[7,1],[4,3],[2,2],[0,3],[2,4],[-2,4],[0,3],[3,2],[3,1],[4,-4],[6,1],[4,2],[1,3],[-1,4],[0,4],[-6,5],[-3,2],[1,2],[6,4],[0,2],[2,2],[8,4],[3,1],[4,3],[4,-2],[7,0],[1,-2],[5,0],[3,-5],[4,-1],[-1,-1],[7,-3],[4,-4],[1,-3],[2,-2],[4,-1],[3,-2],[1,-4],[2,-2],[5,-1],[7,0],[1,-2],[6,-3],[7,0],[6,-2],[-2,-3],[-1,-5],[-7,1],[-2,-2],[1,-2],[-5,-2],[-1,-2],[-3,-1],[1,-2],[3,-2],[5,1],[7,4],[5,-2],[4,-2],[2,-2],[-8,-3],[0,-2],[2,-2],[4,1],[5,-2],[-5,-2],[-7,0],[-3,-3],[1,-5],[2,0],[7,0],[3,-1],[0,-4],[3,-1],[3,-3],[9,1],[6,2],[4,-1],[9,0],[4,-1],[4,-5],[2,-4],[4,-6],[5,-4],[3,-1],[7,0],[6,-6],[2,-1],[3,-4],[6,-4],[16,-7],[9,-1],[6,0],[5,0],[5,-3],[5,-3],[0,-3],[3,-1],[1,-2],[4,-6],[2,-4],[-2,-8],[0,-6],[1,-6],[5,-7],[9,-9],[2,-1],[6,-5]],[[4061,9603],[-126,-59]],[[3701,9581],[1,3],[2,2],[2,1],[0,3],[1,4],[3,-1],[1,-4],[-3,-7],[1,-3],[-4,-1],[-4,3]],[[3666,9544],[-4,4],[1,5],[3,2],[2,4],[1,4],[2,1],[10,-4],[3,-1],[8,-4],[2,-3],[-1,-2],[-5,-4],[-1,-2],[0,-4],[-5,-1],[-5,3],[-3,0],[-4,1],[-4,1]],[[3836,9522],[-5,4],[5,1],[8,-2],[4,1],[-4,-5],[-4,0],[-4,1]],[[2062,9011],[0,-3]],[[2062,9008],[-11,0]],[[2051,9008],[3,8],[-1,1]],[[2053,9017],[5,0],[4,1]],[[2062,9018],[0,-1]],[[2062,9017],[0,-6]],[[2099,8705],[66,0],[9,0]],[[2174,8705],[0,-5],[-8,0],[-1,-10],[9,0],[0,-4],[-9,0],[0,-5],[-16,0],[0,-10],[8,0],[0,-5],[8,0],[0,-10],[11,0],[3,-2],[3,-2]],[[2182,8652],[0,0],[-8,0],[0,-10],[-9,0]],[[2165,8642],[-4,0],[-3,2],[-2,3],[-3,-3],[-3,3],[-5,0],[-7,-4],[0,-3],[-5,0],[-5,-1],[-1,-2],[-12,0],[0,-3],[-2,-1],[-2,2],[-4,0],[-8,-4]],[[5489,1469],[0,-33],[-63,0]],[[5426,1436],[-13,26]],[[5418,1469],[32,0],[0,15],[-1,0]],[[5449,1484],[8,-2],[10,-3]],[[2275,8926],[-3,0]],[[2272,8926],[-1,0]],[[2271,8926],[-7,0],[-2,1],[0,4]],[[2262,8931],[0,5],[5,-3],[8,-7]],[[2331,8596],[0,40]],[[2331,8636],[12,0],[0,12],[-6,0],[0,4],[6,0],[0,9],[15,0],[0,-5],[-4,0],[0,-18]],[[2354,8638],[0,-2],[29,0],[2,-2],[6,0],[1,-2],[4,-3],[5,-2],[3,-1],[45,-10],[29,7],[31,-3]],[[2509,8620],[-2,-5],[-1,-4],[-3,0],[2,-3],[-2,-5],[-4,-1],[-1,-2],[5,-2],[2,-2],[-3,-1],[1,-3]],[[2503,8592],[-1,-1],[-6,-4],[2,-7],[0,-4],[-2,-1],[2,-2],[-1,-2],[3,-1],[1,-2],[-3,-6]],[[2498,8562],[-34,3],[-125,0],[-1,-3]],[[2123,8983],[-8,1]],[[2115,8984],[0,7],[4,0]],[[3620,7625],[3,-1],[0,-6],[3,-2]],[[3626,7616],[-18,0],[-4,-7],[-2,-3],[-5,-3],[-34,-15],[-1,0],[-20,0]],[[3529,7588],[-46,1]],[[3483,7589],[4,2],[2,3],[0,13],[-19,0],[-22,25],[-10,0],[1,20],[37,23],[0,22],[-6,0],[-16,9]],[[3454,7706],[12,8],[12,4],[6,1]],[[3484,7719],[1,0],[35,-3],[3,-3],[18,-11],[17,-7],[19,-8]],[[3577,7687],[3,-2],[4,-4],[11,-7],[1,-2],[-17,-9],[18,-6],[4,-2],[9,-7],[5,-2]],[[3615,7646],[4,-2]],[[3619,7644],[-4,-3],[-2,-5],[3,-1],[-2,-2],[3,-4],[-9,-4],[-5,0],[0,-2],[5,-1],[5,1],[1,-2],[4,2],[2,2]],[[8486,3983],[0,-3],[0,-111],[110,0],[150,0],[133,0],[0,-63],[0,-70],[0,-62],[261,0],[0,-4],[0,-195],[0,-91],[167,0],[342,0],[7,0],[1,97],[36,0],[304,0]],[[9997,3481],[0,-31],[0,-80],[0,-30],[0,-157],[0,-198],[0,-125],[0,-58],[0,-48],[0,-58]],[[8322,2664],[0,153],[0,42],[0,58],[0,34],[-351,0],[-351,0],[-40,0],[1,86]],[[7581,3037],[0,20],[173,0],[0,39],[0,193],[0,67],[0,162],[-349,0],[-111,0],[0,35],[0,94],[0,105],[67,40],[0,17],[-67,14],[0,89]],[[7294,3912],[0,25],[0,129]],[[7294,4066],[185,0],[347,0],[2,3],[12,-1],[12,0],[60,3],[6,0],[6,1],[29,6],[9,1],[12,0],[11,-1],[29,-4],[53,-9],[34,-5],[12,-3],[40,-11],[17,-6],[25,-12],[38,-19],[11,-4],[10,-3],[11,-1],[5,0],[11,0],[37,4],[8,1],[9,0],[13,-2],[8,-2],[6,-2],[9,-4],[6,-2],[21,-7],[9,-2],[5,-1],[7,0],[51,3],[6,0],[10,-4]],[[1930,8804],[0,0],[-10,1],[-10,-1],[-5,0],[-10,-1],[-7,-2],[-5,-3],[-5,0],[-9,2],[-3,3],[11,3],[3,4],[3,1],[7,2],[-5,1],[-9,-4],[-3,-3],[-7,-2],[-6,1],[-6,1],[-5,3],[0,1],[5,3],[6,2],[-7,1],[-8,-1],[-2,1],[-5,-1],[-3,2],[-4,2],[-4,-1],[-8,0],[-4,1],[-4,5],[-5,3],[-4,1],[-4,0],[-1,-3],[-6,0],[-6,3],[-6,0],[-5,1],[-4,-4],[-4,0],[-1,-3],[-4,-2],[-1,3],[-6,4],[0,2],[-2,3],[-4,2],[-1,3],[1,3],[0,1],[-7,3],[-2,2],[-7,2],[-6,3],[-3,1],[-6,1],[0,3],[5,4],[-1,2],[4,1],[5,-4],[2,-1],[9,1],[15,2],[2,0],[3,-2],[0,-11],[3,-4],[-1,-5],[2,1],[1,5],[-2,3],[-1,4],[1,5],[8,6],[5,1],[1,1],[5,1],[1,7],[3,0],[4,-2],[3,-4],[4,-1],[5,1],[5,2],[3,0],[3,-3],[1,-2],[2,-2],[7,-2],[0,1],[-7,2],[-3,6],[-3,1],[-3,0],[-9,-3],[-3,1],[-2,2],[0,3],[-3,2],[-6,2],[-5,0],[-4,-1],[-7,3],[-4,3],[0,2],[3,2],[-2,2],[-4,-3],[-1,-2],[-8,-4],[-5,-1],[-2,2],[-4,3],[1,2],[-3,3],[3,5],[0,2],[-4,3],[4,6],[7,10],[-1,1],[3,3],[1,2],[-1,3],[4,4],[1,4],[2,3],[5,3],[-1,1],[2,3],[12,1],[6,-1],[1,1],[-2,2],[0,6],[-6,2],[-1,1],[-4,1],[-4,2],[0,1],[-2,1],[-2,3],[-6,2],[-1,2],[4,5],[5,4],[4,-2],[4,1],[5,1],[4,0],[3,1],[10,0],[7,1],[1,1],[-6,3],[-3,5],[-3,2],[-4,2],[-5,0],[-2,2],[-4,-1],[-6,2],[-6,0],[-2,1],[-3,2],[-3,3],[1,2],[-2,1],[-2,3],[1,1],[6,1],[8,0],[9,3],[4,1],[1,1],[3,0],[5,2],[7,4],[0,4],[3,-1],[-1,-1],[3,-2],[4,-1],[7,0],[10,-1],[2,-1],[5,-1],[5,0],[3,-1],[2,-3],[3,0],[3,-2],[3,0],[6,-1],[1,-3],[5,-2],[6,-2],[4,-1],[12,0],[12,1],[5,-2],[0,-3],[12,-2],[5,-2],[9,0],[2,-1]],[[1928,8990],[0,-3],[-4,-2],[0,-2],[18,0],[0,2],[3,0],[0,-6],[6,0]],[[1951,8979],[0,-1],[5,0],[4,1],[3,-1]],[[1963,8978],[-1,-5],[-3,-1],[-1,-2],[-2,-1],[-2,-4],[1,-2],[-2,-1],[1,-4],[-2,-3],[-8,-6],[-6,-9],[-7,-6],[-6,-3],[-6,-4],[8,-1],[2,1],[2,2],[0,2],[2,1],[4,4],[4,4],[2,4],[3,4],[3,2],[4,2],[6,4],[6,-1],[6,3],[3,-1],[1,-3],[-3,-4],[-2,-1],[-2,-2],[1,-4],[5,-4],[2,-2],[-2,-3],[0,-4],[-8,-5],[3,-4],[-2,-2],[4,-4],[-2,-4],[-5,-2],[0,-3],[0,-2],[-5,-3],[-5,-1],[-5,-3],[-5,-6],[-4,-1],[-10,0],[0,-2],[9,-1],[8,2],[3,2],[4,4],[3,2],[8,3],[6,4],[5,0],[2,-2],[1,-8],[-5,-8],[-1,-4],[-2,-3],[-5,-3],[6,0],[2,1],[5,-2],[-1,-3],[-2,-5],[4,0],[3,7],[2,2],[-1,3],[-3,3],[1,3],[4,3],[7,3],[0,4],[-4,7],[-2,2],[-2,3],[2,4],[7,4],[4,1],[2,1],[8,1],[3,-1],[2,-3],[0,-4],[-3,-4],[-2,1],[0,-6],[5,-2],[0,-4],[3,-3],[4,-1],[6,0],[-5,2],[1,3],[-3,5],[-2,4],[3,0],[8,0],[5,0],[7,2],[3,0],[3,-1],[0,-4],[1,-3],[3,-2],[4,-3],[1,-3],[11,-5],[5,-5],[3,-2],[0,-2],[1,-1],[-4,-2],[-4,-5],[-4,-2],[-6,-1],[1,-1],[7,0],[4,3],[5,1],[3,-1],[0,-3],[1,-2],[6,-4],[1,-2],[-7,-4],[-2,-3],[0,-6],[3,1],[-1,4],[2,2],[9,5],[5,-2],[1,-6],[4,-3]],[[1952,8972],[4,2],[0,2],[-21,0],[0,-4],[15,0],[2,0]],[[9024,5631],[0,-217],[0,-45],[0,-151],[0,-196],[-343,0],[-244,0]],[[8437,5022],[0,97],[-174,0],[0,98],[-1,39],[-504,0],[-67,0],[-277,0],[0,-29],[-1,-157],[0,-31],[-344,0],[-59,0],[0,-23],[-63,0],[-344,1],[-145,0],[-182,0],[0,19],[-67,0],[-84,0]],[[6125,5036],[0,162],[0,96],[0,100],[135,0],[77,0],[0,199],[100,0],[56,0],[143,0],[144,0],[91,0],[0,39],[0,74],[0,75],[0,46],[0,54]],[[6871,5881],[241,0],[3,1],[201,0],[0,111],[117,0],[96,0],[0,106],[182,-83],[-66,-23],[0,-111]],[[2026,5660],[-52,-1],[-1,49],[53,0],[5,-7],[2,-3],[0,-11],[4,-6],[0,-4]],[[2037,5677],[-11,0],[0,-17]],[[2447,8810],[40,0],[0,-8],[9,0],[0,-4],[29,0]],[[2525,8798],[-4,-3],[1,-2],[5,-2],[3,-3],[6,0],[1,-2],[-3,-3],[1,-8],[-7,-2],[-1,-2],[0,-3],[-2,-2],[-2,-1],[-6,0],[-4,2],[-3,-1],[-4,0],[-2,-2],[7,-3],[0,-3],[-2,-1],[-4,1],[-3,-2],[-7,2],[-5,0],[-4,-3]],[[2486,8755],[-6,2],[1,4],[-2,1],[0,7],[-18,-1]],[[1953,8163],[-33,0],[-1,-1],[-2,-8],[-3,-5]],[[1914,8149],[-27,0],[-1,-3],[2,-3],[0,-6],[1,-2],[14,-1]],[[1903,8134],[-2,-1],[-8,-3],[0,-3],[-19,0],[1,-1],[-2,-7],[-2,-3],[4,-2],[9,0],[6,-3],[7,-5],[2,0],[0,3],[-4,5],[58,0]],[[1953,8114],[0,-88],[-1,-4],[-4,-1],[-10,2],[-4,2],[-3,4],[-1,4],[0,4],[2,7],[-1,3],[-5,4],[-1,2],[4,6],[-1,2],[-7,3],[-6,3],[-4,1],[-17,-1],[1,3],[-3,7],[0,23],[20,0],[-1,2],[-8,0],[-7,2],[-6,5],[-9,4],[-6,0],[-4,2],[-1,2],[-4,0],[-6,-1],[-9,0],[-5,1],[-9,-1],[-16,0],[0,27],[-64,0],[0,3],[-44,1],[0,41],[-3,0],[0,21],[-9,4],[-3,3],[-4,5],[-1,4],[-3,3],[-3,3],[-3,7],[0,2],[4,4],[-13,6],[-13,3],[-6,3],[-3,3],[-17,10],[0,2],[-8,4],[1,2],[6,1],[3,4],[-2,4],[-9,6],[-6,2],[-14,3],[-5,2],[-4,1],[-12,-2],[-4,-3],[-4,1],[-5,-1],[-2,-4],[3,-3],[1,-4],[7,-6],[-3,-1],[-11,4]],[[1568,8281],[-6,2],[-14,3],[-4,1],[-5,-1],[-7,-2],[-3,0],[-5,1],[-1,2],[1,6],[1,3],[1,3],[-1,4],[-2,4],[-4,2],[-6,1],[-11,-2],[-10,-3],[-4,-1],[-6,1],[-9,4],[-9,5],[-9,6],[-8,4],[-7,2],[-10,2],[-2,1],[-1,3],[3,3],[3,3],[17,10],[9,9],[3,3],[8,7],[1,6],[-2,4],[-5,6],[-3,6],[-5,9],[-6,5],[-3,1],[-13,4],[-21,4],[-12,3],[-17,5],[-1,2],[-6,3]],[[1377,8425],[187,1],[193,0],[137,0]],[[1894,8426],[-1,-1],[1,-3],[3,-2],[2,-3],[10,-3],[8,3],[5,-4],[6,-16],[9,-7],[3,0],[0,-7],[7,-3],[0,-25],[10,-4],[-8,-8],[24,-13],[2,-5],[3,0],[15,-12],[11,-22],[10,-5],[0,-18],[-6,-4]],[[2008,8264],[-55,-38],[0,-21],[0,-42]],[[2043,8974],[12,0]],[[2055,8974],[0,-2],[2,-3],[-1,-4],[1,-2],[-8,-2],[-4,0],[1,4],[-8,3],[-1,1]],[[2037,8969],[2,2],[-1,2]],[[2038,8973],[3,2],[2,-1]],[[2099,8744],[33,0],[0,5],[17,0],[0,9],[16,0],[1,5],[33,0]],[[2232,8763],[5,0],[8,-1],[7,1],[13,0]],[[2265,8763],[0,-29]],[[2265,8734],[0,-30],[-91,1]],[[2371,8728],[1,-10]],[[2372,8718],[4,-7],[3,-3],[2,-4],[0,-2],[-2,-5],[-1,-4],[1,-7],[-2,-6],[-2,-13],[-2,-3],[-14,-16],[-5,-10]],[[2331,8636],[-16,0],[-3,-4],[-5,-1],[-5,0],[-5,-3],[-5,2],[-7,-1],[-2,5],[-4,2],[-6,-2],[-4,-2],[-8,-4],[-3,1],[-22,2],[-2,4],[0,4],[-4,2],[-9,0],[-3,3],[-1,2],[-4,4],[-8,1],[-7,-1],[-4,-1],[-12,3]],[[2265,8734],[33,0],[0,-5],[34,0]],[[7581,3037],[-103,0],[-69,-38],[-261,0],[-109,0],[0,58],[-351,0],[-83,0],[0,-70],[1,0],[0,-17],[0,-8],[0,-45],[-77,0]],[[5174,3363],[226,0],[0,61],[-16,0],[0,183],[361,0],[69,0],[103,0],[0,-48],[143,0],[143,0],[0,45],[0,54],[0,45],[0,133],[98,0],[0,38],[16,0],[348,0],[0,38],[349,1],[280,-1]],[[5566,3002],[4,3],[-7,3],[-3,-3],[-10,-6],[-1,-7],[-9,-4],[-2,-2],[13,-11],[2,0],[3,6],[6,10],[5,11],[-1,0]],[[6945,3664],[7,5],[-7,3],[-8,-5],[8,-3]],[[3031,7510],[16,0],[166,0],[0,-39]],[[3213,7471],[0,-1],[0,-110],[0,-14],[0,-47],[0,-57],[223,0],[-1,-31]],[[3435,7211],[0,-179],[0,-17],[0,-147],[0,-98],[0,-51],[-1,-91]],[[3434,6628],[-133,0],[-48,0],[-226,0],[-148,0],[-149,0],[-42,0],[-339,0]],[[2349,6628],[0,183],[322,0],[-1,55],[0,58],[-56,-1],[0,62]],[[5427,1520],[3,0],[-2,-3],[4,0],[1,-3],[8,-1]],[[5441,1513],[0,-4],[-3,0],[-4,1],[-7,-1],[-10,0]],[[5417,1509],[-2,0],[5,7],[2,-1],[2,3]],[[3233,8127],[-144,0],[-51,0],[0,-51],[0,-70],[37,0]],[[3075,8006],[-5,-3],[-6,-1],[-5,-2],[-2,-3],[-1,-3],[-3,-3],[-5,-3],[-7,-2],[-4,-3],[-25,0],[1,-81]],[[2685,7789],[0,1],[2,3],[4,1],[1,2],[-1,3],[0,6],[1,6],[0,2],[-3,3],[-5,3],[0,2],[-3,1],[-7,0],[-2,1],[-4,3],[-4,1],[-5,-1],[-14,0],[-7,0],[-8,2],[-2,2],[-5,5],[-2,3],[1,2],[4,4],[-2,3],[-4,1],[-7,0],[-5,0],[-5,0],[-5,-2],[-9,-2],[-9,-3],[-7,-6],[-3,-1],[-2,1],[-2,2],[-2,6],[-2,5],[-5,8],[0,3],[2,4],[1,3],[-1,3],[-5,1],[-4,-2],[-2,-3],[-5,-1],[-4,3],[0,6],[-1,3],[-2,2],[-9,1],[-6,4],[-8,2],[-8,-1],[-5,0],[-4,3],[-1,2],[2,5],[7,5],[0,2],[-5,2],[-7,0],[-7,-2],[-5,0],[-4,1],[-2,3]],[[2474,7905],[-1,4],[-2,1],[-6,4],[-7,1],[-3,1],[-1,2],[1,2],[5,3],[2,3],[0,5],[3,3],[5,1],[7,1],[7,0],[6,3],[1,3],[0,2],[-2,2],[-3,1],[-7,2],[-5,2],[-1,2],[0,5],[-4,3],[-8,0],[-2,1],[1,6],[-1,2],[-4,1],[-4,0],[-6,-1],[-5,1],[-2,1],[-1,5],[2,7],[-4,3],[-6,1],[-4,2],[-2,3],[2,2],[4,2],[9,2],[6,2],[4,4],[3,6],[3,2],[8,2],[5,4],[1,3],[-2,7],[-2,5],[-2,2],[-5,0],[-9,-1],[-7,1],[-11,5],[-3,-1],[-3,-2],[-9,-3],[-7,-4],[-5,0],[-3,1],[-3,6],[0,6],[-1,2],[-7,4],[-5,3],[-4,4],[4,0],[5,-2],[10,3],[7,-1],[7,3],[5,1],[4,0],[6,3],[0,58],[1,160],[0,6]],[[2429,8288],[64,0],[-1,45],[0,48]],[[2492,8381],[4,-1],[17,-9],[7,-6],[9,-3],[11,-4],[20,-11],[22,-8],[11,-7],[7,-8],[5,-2],[8,-1]],[[2204,8954],[-7,-2],[-3,-3],[0,-2]],[[2194,8947],[0,-1]],[[2194,8946],[-7,1]],[[2187,8947],[1,4],[0,5]],[[2188,8956],[8,1],[4,1]],[[2200,8958],[5,-3],[-1,-1]],[[1505,8762],[-2,1],[0,4],[-1,2],[2,7],[-1,1],[2,5],[0,2],[2,4],[-1,3],[-2,3],[-2,1],[-3,3],[-4,3],[2,3],[1,4],[-2,3],[1,4],[0,4],[2,4],[3,7],[2,1],[4,-1],[3,-2],[5,-2],[8,-1],[4,-1],[4,2],[4,-3],[8,-2],[10,-8],[1,-1],[3,-2]],[[1558,8810],[0,-5],[1,-3],[4,-2],[10,-2],[5,-2],[3,-3],[-1,-2],[-4,-3],[-1,-2],[0,-6],[-1,-4],[-3,-1],[5,-5],[-1,-1],[1,-3],[-2,-1],[-1,-3],[-3,-2],[7,-4],[1,-3],[-7,-2],[-3,-1],[-12,3]],[[1556,8753],[-9,2],[-9,0],[-10,-1],[-1,4],[-15,4],[-7,0]],[[1668,8799],[5,2],[2,-3],[8,-5],[4,-4],[-4,-5],[2,-3],[2,5],[2,3],[-3,3],[0,2],[7,0],[2,1],[4,-1],[0,-2],[-4,-2],[-1,-3],[4,-4],[3,0]],[[1701,8740],[-7,4],[-3,1],[-3,-1],[-8,-2],[-8,0],[-15,0],[0,47],[3,5],[5,4],[3,1]],[[1558,8810],[4,2],[1,3],[-2,4],[-3,0],[-3,3],[-4,2],[2,4],[0,2],[-3,1],[-3,3],[4,3],[16,3],[4,0],[-1,-2],[-4,-3],[2,-1],[3,0],[5,3],[6,2],[0,3],[-5,4],[2,2],[7,0],[5,3],[2,2],[7,1],[3,-6],[8,1],[3,-1],[2,3],[5,0],[8,-3],[2,-2],[4,-2],[7,-4],[5,-1],[5,-2],[4,-1],[1,-4],[3,0],[2,1],[10,1],[4,0],[5,-2],[3,-3],[3,-6],[0,-7],[-4,-3],[-7,-5],[-4,-6],[-4,-2],[0,-1]],[[1701,8736],[-12,5],[-8,-3],[-3,0],[-13,2],[-13,0],[-11,-1],[-5,-1],[-5,-4],[-8,0],[-15,0],[-3,0],[-1,-2],[-5,0],[0,-2],[-16,1],[-4,2],[1,6],[-6,0],[-3,2],[0,2],[-3,4],[-14,3],[2,3]],[[2181,8957],[0,3],[-1,4]],[[2180,8964],[4,3],[8,-1],[5,-2]],[[2197,8964],[5,-3]],[[2202,8961],[-2,0],[0,-3]],[[2188,8956],[-4,0],[-3,1]],[[2128,8972],[-1,0],[2,4],[3,-2],[5,0]],[[2137,8974],[0,-4],[1,-4],[7,2],[10,1]],[[2155,8969],[-3,-5],[-1,-2]],[[2151,8962],[-3,-3],[-9,-4],[-2,-1],[-8,1],[-4,-1],[-4,2],[-4,0],[-1,-3],[-3,-2],[-7,-1],[0,-4],[-13,2],[-15,6],[24,6],[0,1],[5,3],[6,1],[7,0],[4,3],[4,4]],[[8611,9122],[22,13],[42,-21],[3,-5],[8,0],[0,20],[42,0],[1,5]],[[8729,9134],[14,-4]],[[8743,9130],[1,-1],[0,-21],[10,-4],[13,0],[1,-2],[0,-4],[6,-2],[4,-3]],[[8778,9093],[1,-4],[3,-1],[4,-1],[5,0],[4,4],[9,-1],[4,-1],[-1,-10],[3,-3],[-1,-3],[3,-1],[1,-6],[7,-5],[-3,-2],[-2,-2],[2,-2],[-2,-2],[-3,1],[-1,-3],[-3,-1],[0,-2],[-6,1],[-3,-1],[-4,1],[-3,-2],[0,-3],[-5,-5],[-12,-4],[-1,-1],[-7,0],[-6,-2],[-6,0],[-4,-2],[-2,-4],[0,-3],[5,7],[4,1],[18,1],[5,-1],[7,-1],[3,4],[0,2],[5,6],[4,1],[-1,2],[3,2],[4,-4],[3,0],[4,-2],[7,-3],[6,-1],[3,1],[8,0],[6,3],[8,2],[0,2],[-2,3],[16,0],[1,-2],[-3,-1],[-6,-5],[-1,-2],[-6,-1],[-3,-4],[-1,-3],[2,-2],[-12,-1],[-3,2],[-4,1],[-10,-2],[-11,-5],[-6,0],[-5,-1],[-2,-1],[-3,0],[-6,-4],[-4,0],[-6,-4],[-6,-5],[-3,-4],[0,-3],[-8,-2],[-3,-2],[-11,-4],[-15,-9],[-15,-10],[-15,-12],[-3,-1],[-6,-5],[-9,-6],[-9,-9],[-1,-2],[-5,-1],[-3,-2],[-5,-2],[-2,0],[-4,-1],[-6,-4],[-6,-4],[-3,-4],[-3,-6],[2,-5],[0,-3],[-4,0],[-2,4],[1,3],[-3,3],[-3,1],[0,3],[-3,2],[0,3],[9,5],[6,5],[3,6],[-1,3],[2,1],[4,0],[10,-1],[5,2],[1,3],[1,7],[-1,4],[-2,2],[-1,4],[3,3],[0,2],[-3,4],[-8,2],[-8,-2],[-10,-4],[-4,-2],[-3,-2],[-2,0],[-1,-2],[-14,-4],[-3,-1],[-2,-2],[-5,-1],[-5,-1],[-3,2],[-7,-4],[3,-1],[-7,-5],[0,-2],[4,-2],[1,-4],[4,-2],[5,0],[0,-2],[4,0],[2,-1],[-1,-3],[4,-2],[-3,-1],[-5,-3],[-4,2],[-4,-2],[-1,-3],[6,-2],[0,-2],[7,0],[1,2],[4,-1],[5,1],[0,-1],[-4,-1],[-3,-4],[-3,-4],[-1,-4],[-5,-4],[-1,-1],[-3,-1],[-2,1],[2,3],[-1,2],[-4,0],[-6,0],[-2,-3],[-3,-1],[-1,-4],[-2,-1],[-11,3],[-7,-2],[-3,-1],[-2,-3],[1,-6],[0,-3],[-3,-2],[-4,0],[-4,1],[-5,3],[-3,0],[-6,-1],[-2,-2],[0,-3],[4,-1],[5,-2],[1,2],[4,0],[2,1],[9,0],[5,3],[2,5],[-2,2],[1,4],[6,1],[7,-1],[6,-1],[4,0],[3,1],[2,4],[3,0],[5,-4],[6,-1],[5,2],[1,1],[3,6],[-2,2],[5,1],[2,1],[5,-3],[4,-1],[-1,-5],[1,-1],[8,-3],[0,-4],[-7,0],[-3,2],[-7,0],[-11,-3],[-9,-4],[-8,-3],[-10,-6],[-5,-4],[-5,-3],[-8,-7],[-6,-7],[-4,-8],[-5,-6],[-2,-5],[-2,-3],[-1,-3],[3,-3],[-1,-5],[1,-5],[4,-3],[3,0],[2,-2],[3,-1],[4,-1],[4,-4],[-4,0],[-2,-4],[-3,-1],[-11,1],[1,3],[-6,1],[-6,-1],[-7,-2],[-3,-2],[-11,0],[-2,1],[-3,5],[-6,1],[-3,0],[-3,1],[-5,0],[-4,-1],[-9,-3],[-7,-4],[-6,-4],[-6,-6],[-2,-5],[-1,-3],[1,-2],[0,-3],[4,-3],[4,-1],[6,0],[6,-3],[-1,-6],[4,-3],[2,-1],[0,-2],[-5,-3],[-7,-9],[-3,-7],[-3,-7],[2,-4],[0,-2],[3,-3],[5,-4],[3,-3],[-7,2],[-1,2],[-10,3],[-3,2],[-6,-1],[-2,2],[-5,1],[-2,1],[-3,2],[-2,3],[0,3],[-3,6],[2,4],[-1,3],[3,1],[1,3],[-1,2],[0,4],[1,2],[-3,3],[-3,0],[-4,-1],[-11,3],[-3,6],[-8,1],[-4,1],[-1,4],[-1,3],[-6,0],[-9,-1],[-4,-2],[-4,-1],[2,-2],[-7,-5],[1,-3],[3,-2],[-3,-4],[-1,-3],[3,-2],[3,-1],[2,-2],[0,-3],[3,-3],[-4,-3],[-1,-2],[0,-2],[7,-2],[-4,-1],[-4,1],[-9,0],[-3,-1],[-9,3],[-1,5],[-3,3],[-3,1],[-5,3],[-3,1],[-3,-1],[-3,4],[-4,2],[-1,2],[-4,2],[-6,-1],[-9,-2],[-1,-3],[-5,-3],[4,-4],[0,-4],[4,-1],[5,-2],[9,0],[3,-1],[0,-6],[3,-2],[-1,-2],[-6,1],[-4,-2],[-3,-4],[0,-6],[2,-4],[3,-3],[7,-3],[5,-1],[4,-1],[9,0],[4,-5],[0,-5],[1,-1],[5,-2],[3,-2],[2,-1],[4,1],[6,-1],[6,-4],[7,0],[7,1],[3,2],[2,2],[3,0],[2,-3],[-5,-3],[-2,-2],[-1,-3],[-4,-1],[-1,-3],[0,-6],[3,-6],[3,-2],[6,-2],[3,0],[2,2],[1,2],[5,-1],[2,-2],[4,-1],[4,0],[2,-3],[8,0],[4,-2],[6,0],[1,-2],[5,-1],[2,1],[4,-2],[3,-3],[3,1],[5,0],[2,-2],[5,-4],[3,-1],[5,-4],[5,1],[7,0],[2,-6],[2,-6],[1,-2],[0,-3],[1,-3],[7,-7],[5,-1],[3,1],[2,-1],[5,-4],[6,-2],[-5,-2],[-4,-3],[-2,-3],[-3,-1],[-7,2],[-6,-3],[-2,2],[-4,0],[-5,-2],[1,3],[1,6],[2,1],[-4,4],[-5,1],[3,4],[-3,3],[-1,4],[1,4],[-4,2],[-3,1],[-6,1],[-4,-1],[-2,-3],[-4,1],[-7,-2],[-4,-4],[0,-2],[1,-4],[-8,-2],[-10,-4],[-3,-5],[3,-2],[3,0],[2,-1],[-2,-1],[-1,-4],[-4,0],[-4,2],[-4,1],[-3,0],[-4,-1],[-3,-2],[1,5],[-1,3],[4,2],[2,2],[-4,5],[-6,1],[-3,2],[-7,1],[1,1],[3,2],[4,0],[2,-1],[5,1],[0,2],[-3,3],[-3,3],[0,3],[-3,1],[-4,-1],[-4,-2],[-4,0],[-2,-2],[-4,1],[-3,-2],[1,-2],[3,0],[2,-2],[-7,0],[-5,-2],[1,-3],[-1,-3],[-3,1],[1,2],[-3,1],[-3,-1],[-2,2],[-1,4],[-3,1],[-4,-1],[-12,-4],[-4,1],[-4,-4],[-6,-3],[-6,2],[-2,2],[-5,0],[-4,3],[-2,3],[-9,0],[-3,2],[-4,0],[-8,-3],[-2,-4],[2,-5],[5,0],[5,-2],[6,-1],[3,2],[6,-1],[4,-2],[-1,-3],[6,4],[6,0],[7,2],[13,-2],[1,-1],[-1,-4],[1,-5],[2,-2],[3,-2],[6,2],[2,-2],[2,0],[5,-2],[6,-1],[3,3],[1,-4],[-4,-2],[-2,-4],[0,-6],[2,-5],[2,-2],[4,-2],[5,-1],[4,0],[1,2],[5,-1],[6,-1],[5,-1],[4,1],[3,-1],[-8,-7],[-6,-7],[-3,-2],[-6,-7],[-1,-5],[-3,-1],[-3,-4],[-4,-8],[-1,-7],[-3,-6],[-4,-4],[3,-5],[-9,1],[-3,0],[-3,2],[1,4],[-3,1],[-6,2],[-11,-2],[-10,-5],[-3,-3],[-7,-5],[-4,-5],[1,-5],[-1,-3],[2,-3],[-2,-1],[-5,-7],[-2,-6],[0,-3],[-1,-2],[3,-7],[1,-1],[0,-5],[-5,-5],[-3,-4],[-4,-1],[-1,-1],[-5,-1],[-5,-2],[-3,3],[-4,1],[-3,0],[2,7],[4,0],[3,6],[-1,3],[-2,2],[-6,1],[-1,2],[-7,0],[-4,-3],[2,-3],[0,-2],[-4,-2],[-7,1],[-13,-2],[-11,-3],[-5,-2],[-6,-4],[-6,-6],[-4,-5],[0,-2],[-4,-2],[-6,-7],[-1,-2],[-3,-1],[-1,-4],[-3,-2],[-2,0],[-4,-3],[-2,0],[-4,-3],[-2,-4],[-5,-3],[-6,-3],[-4,-4],[-2,-1],[-3,1],[-6,0],[-3,-1],[-2,1],[2,2],[1,4],[-2,2],[-3,2],[-7,1],[0,3],[-4,2],[1,4],[8,0],[2,1],[5,3],[4,5],[1,2],[1,4],[-3,5],[-3,3],[-6,2],[1,4],[3,0],[5,1],[9,2],[8,0],[1,-3],[7,-3],[6,1],[9,2],[7,4],[5,3],[5,5],[1,4],[-1,3],[-5,2],[-1,4],[-3,5],[-2,1],[-4,1],[-8,4],[1,6],[3,3],[-1,4],[-1,3],[2,1],[-1,3],[-4,3],[0,1],[-5,2],[-2,4],[-3,2],[3,3],[13,2],[1,3],[-4,3],[-7,1],[1,3],[-1,2],[-6,3],[11,4],[4,3],[-1,3],[-3,2],[-3,4],[2,2],[6,8],[1,4],[-3,6],[-3,3],[-2,2],[-8,1],[-4,2],[-7,0],[-3,1],[-2,1],[-4,2],[-4,0],[-2,2],[-2,-3],[-7,-5],[-14,-7],[-5,-5],[1,-2],[-2,-2],[0,-4],[-1,-6],[-5,-1],[-1,-2],[-5,0],[-5,-6],[4,-1],[4,-1],[8,2],[5,-1],[7,-4],[4,-3],[-2,-6],[-3,-2],[-7,-4],[-4,-5],[3,-4],[1,-2],[5,-2],[1,-2],[-4,-2],[-3,-2],[-6,1],[-6,-1],[-3,-2],[-5,1],[-10,0],[-2,3],[2,2],[-1,3],[-7,-2],[-6,0],[-3,1],[-2,2],[-3,0],[-7,-1],[-2,1],[0,8],[-1,1],[4,8],[-3,4],[-2,1],[-3,-3],[0,-5],[-6,-1],[-2,-3],[1,-2],[0,-3],[-9,1],[-7,2],[-4,4],[-3,1],[-3,-1],[-3,-2],[1,-3],[5,-3],[-3,-2],[-6,-1],[-2,-2],[9,0],[4,1],[7,-1],[4,-4],[0,-4],[4,-2],[5,1],[5,-3],[-8,-1],[-3,-3],[-3,-5],[4,-5],[1,-4],[3,-3],[4,-3],[-1,-3],[-3,0],[-5,6],[-4,1],[-6,-2],[-6,3],[-6,-2],[-4,-2],[-1,-5],[-3,-7],[3,-5],[-2,0],[-9,-6],[-3,-3],[-5,0],[-12,2],[-5,5],[-4,2],[-4,0],[-5,-1],[-8,-4],[-2,-2],[-1,-4],[3,-2],[4,-6],[7,-4],[8,-2],[5,-3],[-1,-3],[-3,-1],[-4,0],[-7,6],[-3,1],[-4,0],[-6,1],[-4,3],[-2,3],[-1,4],[1,2],[-1,4],[-2,3],[-5,3],[-1,3],[2,5],[1,3],[-2,2],[-4,2],[-6,1],[-3,4],[5,2],[1,1],[0,2],[-3,3],[3,0],[5,1],[3,2],[3,4],[1,1],[-2,4],[0,5],[2,4],[2,5],[1,5],[-2,8],[-4,3],[-6,5],[-5,-1],[-5,-2],[-9,-3],[-4,-5],[-1,-3],[-4,-1],[-2,0],[-6,-1],[-7,-3],[-6,-5],[-1,-4],[3,-1],[5,-1],[3,-2],[-2,-3],[-8,-3],[-4,-2],[-4,-3],[-3,-6],[-5,-3],[-5,-2],[-2,-3],[0,-5],[4,-1],[1,-3],[2,0],[2,-3],[-1,-3],[-4,-2],[-12,4],[-4,1],[-6,1],[-3,-1],[-5,-3],[-5,-5],[-1,-2],[2,-4],[4,-3],[6,-2],[3,-4],[-6,-4],[-3,-3],[-2,-4],[0,-4],[2,-3],[-2,-3],[0,-3],[1,-2],[-3,-1],[-5,-5],[-3,0],[-5,5],[0,2],[-3,1],[2,2],[3,3],[0,2],[-3,3],[1,2],[-3,5],[0,3],[-1,3],[-3,2],[-1,4],[0,3],[-3,1],[1,3],[-7,5],[-2,3],[0,2],[-2,4],[-4,4],[-7,2],[-6,0],[-1,1],[-4,0],[-4,-3],[-8,-2],[-4,-1],[-7,-4],[-4,-3],[-1,-2],[1,-2],[-3,-3],[2,-2],[-4,-9],[-3,-3],[1,-2],[-7,-4],[2,-1],[-1,-4],[1,0],[0,-5],[1,-1],[0,-3],[-3,0],[-3,3],[1,3],[-3,1],[-3,5],[0,3],[-2,3],[-7,10],[-4,-2],[-4,0],[-3,-1],[-6,-2],[-16,-7],[-7,-7],[-3,-4],[0,-3],[4,-2],[-4,-3],[-1,-2],[-3,-1],[-3,-2],[-2,0],[-9,-4],[-4,-4],[-5,-7],[-4,-8],[-2,-7],[0,-3],[0,-4],[2,-1],[6,-2],[5,-3],[3,0],[6,-1],[2,0],[3,-3],[8,-2],[5,0],[6,1],[0,-2]],[[7690,8359],[-95,-25],[-372,-97],[2,-501]],[[7225,7736],[-558,213]],[[6667,7949],[0,662]],[[6667,8611],[0,78],[-232,0],[-159,5],[5,6],[2,3],[-3,1],[4,2],[-1,3],[-4,1],[3,2],[1,2],[0,6],[3,4],[3,2],[7,3],[3,3],[-3,3],[4,4],[-1,3],[-2,3],[-3,6],[1,5],[2,2],[1,6],[3,5],[5,2],[1,2],[5,7],[9,3],[5,6],[3,2],[-4,5],[1,2],[1,3],[3,2],[1,3],[-2,2],[1,2],[7,4],[5,2],[4,5],[2,3],[1,6],[-1,3],[4,4],[4,3],[7,3],[2,2],[6,2],[6,0],[2,3],[5,0],[3,2],[3,4],[1,6],[4,3],[4,0],[4,1],[1,2],[2,4],[6,2],[0,2],[-3,3],[5,5],[-1,3],[-6,1],[2,4],[2,2],[-3,2],[5,1],[1,5],[0,5],[-1,5],[-3,6],[-3,2],[0,200],[44,42],[0,40],[-46,14],[0,61]],[[6405,9277],[1,-1],[0,-3],[6,-3],[6,2],[5,-2],[-1,-2],[3,-4],[5,-3],[3,-9],[10,-10],[12,0],[3,-1],[9,-3],[4,-1],[7,0],[3,0],[5,0],[7,-3],[0,-2],[1,-9],[-3,-3],[-1,-3],[0,-5],[0,-2],[1,-9],[0,-2],[2,-2],[3,-1],[10,-9],[9,0],[12,-1],[11,-1],[3,-1],[12,-7],[9,-3],[4,-1],[14,4],[8,2],[11,0],[5,-1],[4,-1],[15,-5],[11,-3],[10,-4],[0,-3],[5,-1],[3,-3],[4,-6],[3,-5],[5,-6],[6,-6],[3,-3],[6,-4],[9,-4],[8,-2],[13,-7],[9,-6],[5,-3],[3,-3],[3,-2],[3,0],[3,1],[3,0],[3,2],[6,1],[9,-1],[4,0],[4,4],[4,0],[3,2],[3,1],[6,0],[1,1],[9,1],[6,-1],[7,5],[4,0],[9,-2],[4,-2],[4,3],[3,1],[5,-2],[0,-2],[3,-2],[4,-1],[5,-1],[0,-3],[7,-8],[4,0],[7,-1],[3,-3],[4,-2],[8,-4],[8,-2],[2,-1],[0,-3],[7,0],[7,-3],[2,-1],[7,1],[-1,4],[-2,2],[-6,3],[-1,2],[1,2],[-4,2],[-7,6],[-1,0],[-15,4],[-5,3],[4,1],[0,4],[-3,1],[-1,2],[-4,2],[-3,0],[-3,1],[1,2],[-4,1],[-7,-1],[-5,2],[3,4],[7,-1],[6,0],[3,-1],[1,-1],[6,-1],[3,1],[4,-1],[3,2],[5,-4],[10,0],[1,-1],[8,0],[10,3],[11,0],[4,0],[5,2],[5,0],[6,2],[8,0],[6,-1],[3,1],[4,-3],[8,-10],[7,-5],[1,-2],[7,-2],[17,-1],[4,1],[3,-1],[15,4],[4,0],[7,2],[8,2],[5,2],[4,4],[3,4],[-7,1],[-8,-4],[-4,0],[-6,-3],[-13,-1],[-5,0],[-5,1],[-5,2],[-5,2],[-4,1],[-5,1],[-7,3],[-8,5],[0,1],[-6,4],[-2,3],[-4,0],[-3,0],[-7,-1],[-7,1],[-4,2],[-4,2],[-2,4],[-4,1],[-4,1],[-10,-1],[-6,3],[4,2],[4,1],[6,2],[15,0],[2,0],[10,0],[11,1],[4,2],[2,3],[7,3],[3,3],[5,-1],[3,-1],[12,2],[6,3],[3,3],[5,4],[3,1],[0,3],[-3,1],[-8,1],[-4,2],[3,3],[-1,5],[11,2],[5,3],[8,3],[11,1],[6,0],[10,2],[5,3],[4,3],[0,2],[-3,1],[3,1],[6,4],[5,2],[7,-2],[1,-3],[5,-1],[8,0],[8,2],[2,2],[0,3],[5,0],[11,-1],[4,1],[7,-1],[-4,-3],[-4,-2],[-4,-2],[-4,-3],[-1,-2],[4,-4],[6,-4],[2,-1],[6,0],[5,1],[7,0],[7,-1],[15,0],[11,2],[7,1],[2,3],[5,1],[5,1],[7,2],[3,2],[8,2],[12,5],[6,4],[1,1],[-1,2],[7,6],[1,3],[9,-1],[11,-1],[0,-3],[2,-5],[3,-3],[4,-2],[-1,-2],[7,-3],[10,-2],[6,-3],[4,0],[7,3],[7,2],[1,1],[9,3],[6,1],[6,3],[6,4],[9,3],[23,6],[9,5],[7,7],[5,2],[11,2],[5,0],[8,2],[7,-1],[4,1],[5,3],[3,3],[13,1],[5,1],[3,1],[8,3],[1,1],[4,1],[3,2],[9,-1],[5,0],[5,1],[8,0],[16,4],[3,2],[16,5],[4,1],[13,4],[12,3],[7,1],[5,0],[7,0],[4,1],[6,0],[17,4],[5,0],[10,3],[10,0],[8,2],[7,-1],[5,1],[4,3],[9,3],[7,2],[6,-2],[-1,-3],[-24,-10],[-2,-3],[-5,-2],[-3,0],[-6,-3],[-6,1],[3,5],[-5,1],[-3,-1],[-1,-1],[-6,-1],[-8,-1],[-6,1],[-5,-2],[-2,1],[-7,0],[-5,-1],[-5,-5],[1,-4],[5,0],[1,-2],[-6,-3],[-4,0],[-3,-1],[-4,-4],[-2,-1],[-1,-2],[-6,-1],[-3,-1],[-1,-1],[-6,-2],[-1,-4],[-5,-2],[-5,0],[-2,-2],[-9,-1],[-2,-2],[-4,-2],[-7,-5],[0,-1],[-7,-7],[-4,-3],[-3,-4],[3,-2],[-10,-1],[-4,-1],[-2,-3],[-1,-4],[-7,0],[-1,1],[-6,-1],[-2,-2],[1,-3],[-2,-2],[-4,1],[-11,-2],[-2,-2],[-1,-2],[-2,-3],[-6,-3],[-1,-2],[-4,-3],[-5,-2],[-5,-1],[-6,-2],[-2,-3],[-3,-2],[-14,-6],[-3,0],[-7,0],[-4,-4],[-5,-8],[-1,-2],[1,-6],[-1,-4],[-2,-2],[3,-2],[0,-6],[4,-4],[2,-4],[3,-2],[2,-3],[4,-4],[4,-2],[8,-7],[6,-3],[4,-3],[7,-3],[4,-1],[9,-2],[7,-2],[4,-3],[2,-3],[7,-7],[1,-4],[-9,-8],[-4,-3],[-3,-4],[3,-1],[11,6],[5,2],[4,3],[7,5],[13,16],[7,2],[8,4],[7,0],[2,-1],[2,-2],[-3,-5],[0,-3],[3,0],[8,7],[2,5],[-1,3],[3,2],[0,3],[-3,5],[0,3],[1,3],[7,3],[3,1],[4,2],[2,-1],[6,3],[1,1],[4,2],[-1,3],[2,3],[7,-3],[7,1],[2,2],[-1,4],[1,2],[3,0],[3,2],[5,-1],[4,-2],[5,0],[2,2],[-1,2],[1,2],[5,-3],[4,0],[8,2],[2,6],[-1,2],[1,1],[3,0],[4,-3],[2,0],[5,2],[2,1],[1,5],[-4,2],[2,2],[11,2],[3,1],[3,1],[0,-3],[-2,-1],[0,-2],[2,-2],[-4,-1],[-1,-4],[6,-1],[-4,-4],[4,-1],[4,-1],[1,-2],[0,-4],[4,-1],[3,3],[0,2],[0,3],[5,3],[2,4],[-1,2],[5,1],[5,3],[0,5],[7,2],[7,-2],[0,-2],[2,-5],[6,0],[6,3],[1,2],[-2,2],[-2,3],[5,0],[5,-1],[2,-3],[13,1],[5,0],[4,3],[0,4],[-1,2],[7,-1],[3,1],[7,3],[2,3],[10,2],[5,2],[6,3],[3,0],[1,2],[-1,1],[1,4],[-4,2],[2,2],[4,1],[-1,2],[-5,1],[-1,2],[7,6],[2,-2],[4,0],[2,4],[7,0],[3,0],[4,2],[6,0],[3,1],[3,2],[0,2],[7,0],[1,4],[4,-1],[-5,-5],[4,-2],[-5,-1],[-1,-4],[-3,-2],[-5,-1],[-4,1],[-2,-4],[-3,-2],[-1,-3],[-3,-1],[-1,-6],[-1,-1],[-7,-8],[-11,-3],[-6,-6],[-7,-3],[0,-4],[-8,-2],[-3,-6],[-4,-3],[1,-2],[-1,-5],[-4,-7],[-9,2],[-4,1],[-5,-1],[-1,-3],[-3,-1],[1,-2],[3,-2],[-3,-2],[-3,1],[-6,0],[-4,-1],[-1,-3],[-4,-1],[-2,-3],[-6,-5],[-3,-3],[1,-6],[2,-3],[5,-3],[12,-2],[8,-3],[3,-2],[1,-2],[-2,-1],[-1,-4],[10,-7],[3,-1],[6,-1],[3,1],[4,-1],[4,1],[2,3],[7,-3],[6,1],[8,2],[1,3],[3,1],[3,8],[2,5],[7,3],[7,-2],[5,0],[10,2],[6,3],[3,0],[6,0],[4,-4],[4,-1],[5,0],[-1,-4],[-4,-5],[-1,-4],[-2,-2],[0,-4],[-5,-2],[-5,3],[-4,1],[-5,-1],[-2,-2],[-2,0],[-2,-4],[0,-4],[-2,-2],[-2,-3],[1,-2],[0,-2],[-8,2],[-2,2],[-4,1],[-5,1],[-3,-2],[-3,-3],[4,-5],[4,-1],[6,-3],[-1,-1],[4,-3],[-1,-3],[-4,-1],[-6,-3],[-8,-8],[-2,-4],[-1,-5],[-2,-2],[-3,0],[-3,-5],[-5,1],[-5,0],[-11,-7],[-4,-4],[2,-8],[0,-1],[-3,-2],[-5,-8],[1,-1],[-1,-4],[3,-1],[2,2],[4,9],[3,2],[10,0],[8,-3],[4,-1],[6,0],[4,2],[8,1],[2,-1],[-3,-6],[-3,-1],[-3,-3],[1,-3],[-1,-3],[-4,-2],[-3,-1],[-4,-7],[-2,-2],[1,-2],[2,-1],[7,-7],[9,-1],[4,-2],[2,-2],[-2,-6],[0,-6],[-2,-3],[0,-3],[2,-2],[4,1],[2,4],[5,3],[5,4],[3,1],[3,-1],[-3,-5],[4,-1],[2,2],[8,6],[0,7],[1,5],[4,4],[4,2],[2,2],[7,4],[0,2],[3,1],[6,-3],[5,0],[2,-2],[-4,-4],[0,-2],[3,-3],[5,-3],[6,-1],[7,0],[5,0],[7,2],[3,2],[1,8],[3,0],[2,-2],[6,-4],[6,0],[6,2],[6,0],[5,1],[4,4],[9,1],[2,1],[6,-3],[5,-4],[0,-5],[0,-2],[0,-4],[5,-1],[4,1],[2,-2],[6,-1],[4,0],[4,1],[1,-1],[6,1],[2,-1],[6,-1],[13,2],[4,2],[4,0],[4,1],[5,-1],[2,-3],[-1,-1],[-4,-2],[-4,-4],[3,-1],[9,5],[3,3],[2,6],[4,3],[7,3],[7,2],[4,1],[1,1],[12,5],[5,1],[10,5],[9,6],[4,1],[3,3],[6,3],[4,3],[4,1],[3,4],[4,4],[1,5],[-6,3],[-3,0],[2,2],[-2,3],[2,2],[6,3],[2,2],[4,4],[3,0],[3,3],[5,2],[1,3],[3,3],[3,5],[2,3],[0,5],[-4,2],[-4,1],[-2,3],[3,1],[3,2],[3,1],[5,-2],[6,2],[2,2],[3,4],[5,3],[0,4],[2,5],[-2,2],[-7,1],[-3,2],[0,3],[4,1],[4,1],[15,1],[13,3],[4,2],[-1,2],[-5,-2],[-7,-1],[-4,1],[-4,5],[0,3],[-2,5],[-2,4],[-6,7],[-7,3],[-3,2],[-3,1],[-8,1],[-7,0],[-5,-1],[-2,-2],[-5,-3],[-5,1],[0,1],[-8,1],[-12,1],[-6,0],[-5,-2],[-2,1],[-3,-2],[-3,2],[-4,0],[-6,-2],[-14,-1],[-15,-2],[-2,2],[-8,-1],[-4,0],[0,8],[-7,6],[-3,3],[-3,2],[-5,1],[-6,-2],[-5,-2],[-2,-2],[-11,-3],[-2,0],[-11,3],[-9,0],[-2,2],[4,2],[-4,1],[1,6],[5,1],[2,3],[-2,2],[-7,0],[-1,2],[6,3],[5,0],[8,-2],[1,1],[7,0],[4,-2],[3,1],[1,3],[3,2],[4,-1],[8,4],[2,-2],[4,1],[-1,3],[1,1],[-1,3],[-6,2],[2,5],[5,0],[8,-1],[6,0],[-1,2],[4,8],[4,1],[6,0],[5,3],[1,3],[1,4],[5,4],[2,3],[4,3],[1,2],[9,6],[1,2],[-3,2],[8,3],[6,2],[15,3],[4,2],[4,0],[5,2],[4,-1],[0,-2],[3,-2],[4,2],[6,1],[5,0],[4,1],[2,-2],[4,0],[0,-4],[6,0],[6,2],[-2,2],[1,4],[7,1],[2,1],[0,3],[-1,3],[-4,0],[0,2],[8,0],[3,1],[4,3],[-3,2],[4,0],[7,-3],[5,0],[1,2],[-2,2],[2,2],[-2,1],[-4,2],[2,2],[11,-6],[5,3],[-1,2],[3,2],[-1,4],[4,1],[-6,3],[4,1],[7,4],[4,4],[4,1],[1,4],[3,1],[5,1],[9,8],[1,2],[8,0],[4,0],[1,-3],[4,-3],[1,-2],[5,2],[1,1],[-2,2],[4,0],[3,3],[4,1],[3,4],[-1,3],[-6,1],[2,2],[7,1],[4,0],[5,-1],[3,-3],[4,-2],[6,-2],[5,2],[6,-1],[6,0],[2,-1],[7,0],[4,1],[11,2],[3,1],[3,3],[-1,2],[4,0],[4,-2],[7,2],[4,4],[-3,1],[-1,2],[1,3],[3,1],[3,2],[8,0],[5,1],[4,0],[0,-2],[3,-2],[7,1],[4,2],[4,1],[4,3],[5,2],[3,2],[1,3],[-1,2],[-5,1],[-3,2],[-3,1],[-5,4],[0,3],[2,1],[-1,2],[3,1],[3,-1],[4,-3],[1,-4],[-1,-2],[1,-2],[7,-3],[7,-2],[1,-1],[-1,-6],[-2,-2],[-7,-3],[-2,-1],[-6,-3],[-3,-1],[-6,-3],[-2,-3],[-4,-1],[-9,-3],[-5,0],[-7,-3],[-8,-1],[-11,-1],[-8,-2],[-2,-1],[-5,0],[-9,-2],[-13,-1],[-3,0],[-8,0],[-4,-2],[-2,-5],[2,-5],[-1,-5],[2,-3],[2,-3],[0,-2],[-5,1],[-3,2],[-2,4],[1,1],[-1,2],[-5,2],[-4,0],[-4,-2],[-3,-2],[-1,-2],[2,-5],[-1,-2],[3,-1],[4,-4],[3,1],[6,0],[5,3],[3,-3],[3,-2],[0,-3],[2,-2],[7,-3],[6,-1],[3,-2],[-4,-3],[1,-2],[4,0],[3,1],[5,0],[1,2],[-3,5],[1,3],[0,4],[4,2],[4,1],[2,3],[-5,1],[6,4],[3,1],[2,2],[6,1],[1,-1],[5,1],[3,-1],[4,-2],[3,0],[1,-1],[2,-8],[4,-10],[4,-7],[3,-4],[3,-1],[3,-5],[0,-2],[6,-9],[9,-11],[4,-3],[6,-2],[5,1],[4,-1],[8,2],[0,-3],[2,-3],[-2,-2],[-3,-7],[-3,0],[2,-5],[2,-3],[0,-2],[2,-3],[-2,-2],[-4,-1],[-2,-2],[1,-4],[-2,-2],[-2,-2],[2,-5],[6,-8],[1,-2],[3,-3],[5,-3],[1,-2],[4,-3],[1,-3],[2,-2],[1,-7],[7,-5],[5,-2],[15,-7],[16,-5],[2,0],[6,-2],[0,-4],[-1,-1],[2,-7],[-2,-7],[2,-3],[9,-5],[2,1],[4,-1],[2,-2],[1,-2],[4,-1],[3,3],[4,1],[5,-2],[5,0],[9,3],[5,-1],[2,-2],[0,-2],[2,-2],[10,-1],[5,1],[1,2],[3,1],[-1,2],[5,4],[1,3],[5,-5],[6,0],[6,1],[2,1],[4,0],[5,3],[0,2],[4,1],[1,4],[6,6],[4,1],[4,1],[2,2],[0,1],[-4,2],[1,3],[-9,0],[-3,0],[-1,2]],[[7531,8945],[0,-1],[-4,-6],[2,-2],[5,-2],[-1,-3],[37,-1],[4,11],[-1,5],[-15,0],[-7,1],[-2,2],[-3,1],[-6,1],[-2,1],[-5,-3],[0,-2],[-2,-2]],[[6565,9040],[4,2],[3,0],[5,-1],[7,-1],[2,2],[3,0],[7,4],[2,2],[4,0],[5,2],[7,0],[4,1],[5,-1],[5,3],[2,2],[-27,11],[11,9],[-50,0],[0,-32],[-8,-3],[-22,5],[0,-9],[26,0],[5,4]],[[7748,8393],[0,-3],[2,-2],[1,-4],[-3,2],[-4,4],[-3,1],[-5,2],[-1,2],[0,4],[8,-1],[4,-3],[1,-2]],[[7799,8956],[2,6],[3,2],[2,-1],[-3,-5],[-4,-2]],[[7827,9074],[-1,1],[4,5],[-1,3],[3,3],[2,-1],[10,2],[4,0],[2,2],[5,2],[1,-1],[-4,-5],[-2,-2],[-3,-1],[-2,0],[-5,-1],[-2,-3],[0,-6],[-4,-3],[-3,-1],[0,3],[-4,3]],[[7809,9159],[-2,0],[-1,-4],[-2,-6],[-1,-3],[-3,0],[3,8],[2,6],[1,4],[3,-1],[0,-4]],[[6604,9221],[-1,4],[1,2],[9,0],[5,-3],[4,-6],[-1,-3],[-3,-4],[-5,1],[-3,2],[-6,7]],[[6657,9211],[-2,2],[-3,6],[-7,6],[-3,2],[-2,2],[2,2],[5,-1],[6,-1],[7,-2],[5,-2],[2,-2],[1,-3],[-1,-5],[1,-3],[-8,-1],[-3,0]],[[6576,9235],[-1,3],[3,2],[7,-1],[4,-3],[2,-3],[-3,-3],[-5,1],[-7,4]],[[6587,9210],[-1,1],[-5,0],[-4,0],[-4,-1],[-5,0],[-1,2],[-10,-2],[-10,2],[-11,4],[-2,-2],[27,-7],[2,-6],[3,0],[2,1],[6,-1],[4,0]],[[6578,9201],[1,-2],[-4,-1],[-2,-4],[1,-2],[-4,-5],[-9,-4],[-6,-1],[-7,2],[-7,3],[-9,2],[-8,0],[-4,2],[2,4],[-1,2],[-4,3],[-2,2],[3,3],[-1,8],[-3,4],[4,8],[0,3],[-5,3],[-7,2],[-5,4],[-5,6],[1,1],[2,2],[6,0],[6,-3],[8,-2],[5,-4],[6,-3],[7,-2],[17,-1],[10,-1],[12,-6],[3,-3],[1,0],[5,-5],[3,-2],[-1,-4]],[[6566,9252],[-1,3],[3,4],[10,0],[9,1],[10,2],[5,1],[4,0],[10,1],[7,-2],[3,-3],[8,-4],[12,-4],[9,0],[1,-2],[-4,-2],[-6,-2],[-5,0],[-10,-3],[-6,-2],[-1,-2],[1,-3],[-1,-4],[-4,0],[-5,2],[-7,0],[-3,-1],[-5,1],[-1,4],[-3,5],[-6,3],[-7,2],[-9,3],[-5,1],[-3,1]],[[6458,9258],[0,-1],[3,-4],[5,-2],[8,-3],[5,-3],[-1,-2],[-13,2],[-6,1],[-7,2],[-3,1],[-7,3],[-2,2],[0,3],[1,4],[8,4],[2,-2],[6,-1],[1,-4]],[[6500,9266],[7,-3],[4,-1],[1,-1],[4,-1],[1,-3],[-3,-3],[-2,1],[-4,-1],[-4,-5],[-3,0],[-6,1],[-13,4],[-5,1],[-3,5],[3,5],[2,0],[5,4],[4,0],[6,-1],[6,-2]],[[6836,9473],[-2,3],[-1,6],[5,1],[4,-1],[1,-4],[3,-3],[8,-2],[1,-2],[-3,-4],[-6,1],[-2,1],[-5,1],[-3,3]],[[6728,9305],[-3,4],[-3,1],[-4,5],[2,3],[2,1],[2,2],[1,6],[3,1],[5,0],[4,-1],[7,0],[9,3],[5,1],[1,-1],[6,-2],[6,-1],[9,1],[6,-3],[6,-1],[9,0],[1,-1],[-4,-4],[-5,-3],[-9,-3],[-5,0],[-7,0],[-5,1],[-6,-2],[-5,-4],[-12,-1],[-6,1],[-10,-3]],[[7289,9250],[2,0],[3,2],[5,0],[6,-2],[8,3],[4,11],[-26,1]],[[7291,9265],[2,2],[1,5],[4,1],[3,2],[0,2],[3,2],[7,4],[5,4],[4,7],[0,4],[-7,1],[-1,1],[5,2],[0,1],[9,3],[4,-3],[10,-3],[6,0],[5,0],[3,0],[-5,-5],[7,-2],[12,-2],[13,1],[12,4],[5,3],[-2,2],[8,3],[3,2],[4,5],[1,2],[-2,1],[-4,3],[11,1],[2,1],[9,-1],[3,-2],[7,-1],[7,0],[6,1],[3,2],[7,1],[7,-2],[0,-1],[6,-1],[3,0],[5,0],[1,1],[8,3],[9,4],[8,4],[2,1],[-1,3],[3,1],[2,-1],[10,2],[5,-1],[7,2],[7,4],[7,4],[10,6],[3,2],[6,3],[5,4],[3,3],[6,3],[2,1],[6,3],[1,2],[1,7],[2,4],[4,-1],[5,-2],[4,-1],[1,-1],[6,0],[12,5],[7,4],[4,5],[3,4],[2,5],[5,6],[4,-1],[2,0],[-1,6],[-2,3],[-4,1],[-9,0],[-6,4],[-3,1],[0,3],[-2,4],[1,4],[5,0],[3,4],[4,3],[3,1],[3,-1],[0,-2],[9,-2],[7,0],[4,2],[7,1],[2,0],[-1,-3],[4,-4],[11,-3],[6,1],[3,-3],[4,-4],[-2,-3],[1,-3],[5,-3],[0,-4],[3,-1],[-3,-2],[-2,0],[-5,-2],[-6,0],[-5,-2],[-5,-6],[-5,-1],[-3,-2],[-3,-5],[1,-6],[-2,-1],[-3,-5],[-2,-1],[-6,-2],[-5,0],[-16,-6],[-3,-2],[-8,-2],[-3,-2],[-5,-3],[-3,-3],[-4,-5],[-6,-2],[-2,-3],[-6,-3],[-3,-7],[-2,-2],[-4,-6],[-3,-3],[-8,-5],[-4,-4],[-7,-4],[-6,-2],[-4,-4],[-5,-4],[-3,0],[-11,-5],[-7,-2],[-8,-1],[-1,1],[-8,2],[-5,1],[-11,-1],[-7,-2],[-4,-4],[-3,-7],[0,-3],[1,-3],[-3,-1],[-16,0],[-6,-1],[-8,1],[-6,-1],[-11,-2],[-14,-1],[-11,-1],[-4,-2],[-10,0],[-14,-4],[-5,1],[-4,-1],[-8,-2],[-3,-3],[-3,-2],[-7,-2],[-4,1],[-9,-1],[-5,-4],[-6,-2],[-2,-2],[-2,-5],[0,-2],[-3,-1],[-5,1],[-5,0],[-5,-3],[-5,-6],[-6,-2],[-2,1],[-1,3],[1,6],[-3,0],[-2,2],[-5,1],[-2,2],[4,3],[0,2],[3,3]],[[7710,9441],[1,2],[1,2],[10,-1],[3,1],[3,2],[-3,3],[3,2],[9,0],[4,-1],[1,-1],[9,2],[2,-3],[1,-2],[-2,-2],[-3,0],[-6,-2],[-1,-2],[0,-4],[-4,0],[-3,-4],[-3,-1],[-7,-1],[-4,1],[-8,-3],[-2,1],[1,6],[-3,2],[1,3]],[[7769,9463],[2,2],[-2,2],[0,3],[-4,-2],[-1,-2],[-6,-3],[-3,0],[-12,5],[-4,0],[-7,2],[-4,3],[-3,0],[-2,2],[-1,3],[0,2],[4,7],[9,6],[5,0],[4,1],[9,4],[7,2],[3,1],[11,3],[1,0],[8,2],[4,1],[3,1],[6,2],[8,4],[2,0],[2,-3],[7,-2],[6,0],[9,2],[9,-5],[0,-2],[-5,0],[-7,-5],[0,-2],[-3,1],[-4,-3],[-8,-6],[-1,-2],[0,-2],[-1,-3],[-6,0],[-3,-1],[-6,-3],[-4,-4],[-4,-2],[-3,-3],[-4,-2],[-3,-4],[0,-1],[-8,-2],[0,3]],[[7831,9415],[-1,-3],[-3,0],[-2,-3],[1,-2],[-6,-4],[-3,-1],[-7,-3],[5,5],[2,5],[4,4],[-1,3],[3,2],[2,0],[6,-3]],[[7718,9337],[-1,2],[2,2],[0,3],[1,3],[-2,2],[-5,3],[0,2],[9,2],[8,5],[7,1],[7,2],[5,3],[3,2],[5,4],[2,2],[7,-2],[3,0],[0,-1],[-5,-1],[-6,-1],[-5,-4],[-2,-2],[-1,-4],[-2,-1],[-3,-3],[-3,-2],[-4,1],[-2,-1],[1,-3],[-1,-2],[-3,-3],[-3,-4],[-4,-3],[-4,-2],[-4,0]],[[7808,9175],[-2,4],[3,3],[-2,1],[2,4],[-1,2],[1,4],[1,4],[-2,8],[-2,0],[3,5],[3,2],[5,1],[2,-2],[5,-3],[3,-2],[-8,-2],[2,-2],[0,-5],[2,0],[0,-8],[-1,-2],[-4,-2],[-4,-3],[0,-2],[-1,-4],[1,0],[-2,-3],[2,0],[-4,-5],[-3,2],[1,2],[-2,1],[2,2]],[[7935,9245],[0,2],[-1,2],[-4,0],[-2,-1],[-4,0],[-3,3],[4,4],[2,2],[3,-1],[7,-1],[2,1],[2,-4],[-2,-1],[1,-2],[4,-1],[7,-1],[4,0],[5,3],[1,2],[6,1],[3,4],[0,3],[-2,2],[5,0],[6,-2],[3,-4],[2,-1],[2,1],[6,0],[-3,3],[-1,2],[-3,2],[6,1],[2,3],[-2,2],[-3,1],[0,4],[3,-1],[-1,-2],[7,-1],[7,4],[2,-1],[2,-4],[0,-1],[-7,-4],[-2,-3],[3,-4],[7,-3],[9,-2],[2,-2],[4,2],[2,2],[1,3],[7,1],[7,0],[4,1],[3,4],[4,1],[5,0],[5,2],[1,1],[-1,3],[5,1],[2,0],[0,-2],[9,3],[3,2],[-1,3],[4,2],[0,2],[-3,2],[2,1],[4,0],[2,2],[3,6],[3,-1],[1,-1],[4,-1],[4,0],[9,3],[2,-1],[3,0],[4,2],[4,-2],[-2,-2],[-6,-3],[1,-3],[-2,-2],[5,-1],[1,3],[4,0],[1,-3],[2,-1],[0,-4],[-4,-3],[0,-2],[-5,-4],[-8,-1],[-3,-2],[-8,-3],[-5,0],[-3,-3],[-6,-2],[-2,-1],[-1,-3],[-5,1],[-7,-1],[-6,-3],[-8,0],[-2,-1],[-11,-2],[-9,-4],[-6,-2],[-7,-1],[-3,-2],[-3,0],[-6,1],[-5,0],[-3,-3],[-5,1],[-2,-1],[-2,-2],[5,-3],[-5,-5],[-2,-1],[-2,2],[-3,0],[-2,-2],[-5,1],[-5,-1],[-8,2],[-8,5],[-4,1],[-2,-1],[-5,0],[-7,0],[-1,-2],[-6,0],[-7,-2],[-8,-1],[-1,2],[1,2],[-4,2],[-1,1],[-5,0],[-2,4],[1,4],[4,0],[0,-3],[2,-1],[5,1],[1,2],[5,-2],[2,-3],[5,0],[3,0],[7,2],[-4,2],[-1,2],[-3,1],[2,2],[-5,1],[3,1]],[[8133,9285],[-3,1],[4,2],[-1,-3]],[[8263,9331],[-1,1],[6,2],[5,4],[10,3],[3,2],[2,-2],[-1,-2],[1,-3],[-1,-4],[-5,-3],[-4,0],[-5,-1],[-9,-1],[-4,1],[3,3]],[[8234,9367],[1,-2],[5,-3],[-1,-1],[4,-3],[4,0],[2,2],[-1,1],[4,2],[0,-3],[2,-3],[5,-3],[-2,-5],[0,-4],[-4,-1],[-5,1],[-4,0],[-5,-2],[-7,2],[-6,-1],[2,-4],[-3,-2],[-4,0],[-7,1],[-3,-2],[-7,-1],[-4,0],[-4,1],[-11,1],[1,2],[7,0],[3,-2],[4,1],[3,3],[3,0],[3,1],[1,2],[10,2],[2,3],[0,2],[-4,2],[-1,1],[5,1],[3,1],[7,-2],[2,0],[0,4],[-2,2],[1,3],[-1,2],[-4,0],[-2,2],[7,1],[1,-2]],[[8136,9300],[1,3],[4,1],[5,0],[-2,2],[-1,4],[4,1],[2,-2],[0,-2],[2,-6],[-2,-2],[-3,0],[-8,-1],[-2,2]],[[8137,9297],[0,-3],[-3,-1],[-3,0],[0,3],[-4,3],[3,0],[7,-2]],[[7860,9426],[1,2],[4,3],[2,2],[0,3],[-4,2],[10,3],[5,0],[3,0],[9,5],[3,-3],[-1,-2],[-6,-1],[-2,-2],[-4,0],[-3,-4],[0,-1],[-6,-4],[-4,-4],[-3,0],[-4,1]],[[7839,9512],[-1,1],[3,2],[2,3],[6,2],[1,-3],[3,-1],[-4,-3],[-2,-5],[-4,1],[-4,3]],[[7864,9537],[1,5],[-4,2],[2,4],[6,2],[4,2],[4,-1],[1,-2],[-1,-3],[-3,-3],[-1,-4],[-1,-1],[-5,-2],[-3,1]],[[7896,9564],[-1,3],[5,5],[1,3],[3,1],[8,0],[2,0],[-2,-3],[0,-4],[-3,-2],[-1,-2],[-3,-1],[0,-2],[-7,-1],[0,2],[-2,1]],[[8126,9541],[1,3],[-6,-1],[-5,1],[-8,0],[-2,9],[3,0],[4,1],[6,2],[2,1],[3,-1],[6,-3],[6,-5],[4,0],[2,2],[6,1],[5,-4],[3,1],[-1,2],[-2,3],[3,1],[9,0],[0,2],[-5,4],[1,2],[3,2],[3,0],[9,2],[0,3],[2,2],[4,0],[5,-3],[4,-6],[-3,-3],[2,-1],[0,-3],[-2,-2],[9,-3],[-1,-2],[-4,-2],[-2,-2],[-7,-4],[-5,0],[0,3],[-5,0],[-4,-1],[-3,-3],[-3,0],[-4,-3],[-3,0],[-3,-1],[-2,-2],[3,-5],[-3,-1],[-4,-3],[-3,0],[2,3],[-2,1],[-5,0],[-3,-1],[-6,0],[-5,-4],[-6,-2],[-1,-2],[-6,-3],[-2,-3],[-3,0],[-4,3],[-1,3],[-3,3],[0,3],[-5,1],[-4,-2],[-5,1],[-4,3],[-2,-1],[-2,-2],[-8,0],[-1,-2],[-5,-5],[2,-1],[3,2],[2,-1],[2,2],[3,2],[3,0],[3,-2],[-2,-2],[1,-5],[-2,-3],[-4,0],[0,-5],[0,-4],[-4,-3],[-3,0],[-4,1],[-5,0],[-12,-1],[-6,-1],[-3,-2],[-4,0],[2,2],[-3,3],[3,2],[-4,3],[-6,-1],[-1,-1],[-6,-2],[-2,0],[3,-5],[-5,-1],[1,-1],[3,-2],[-3,-1],[-3,0],[-4,1],[-1,3],[-5,-1],[-2,-4],[-9,-1],[-6,-5],[-4,-1],[-2,-2],[-8,-2],[-4,-2],[-11,0],[1,3],[-1,3],[1,3],[12,0],[2,1],[6,0],[1,3],[-4,5],[-3,0],[0,4],[-3,1],[-3,2],[3,2],[-1,3],[-5,0],[-1,2],[6,4],[4,-2],[0,-2],[3,0],[2,-1],[5,1],[3,-1],[7,1],[7,-3],[3,0],[0,-2],[5,-1],[4,0],[-2,4],[1,3],[7,0],[2,2],[4,-1],[4,1],[1,-3],[7,0],[1,4],[-4,2],[5,2],[-1,4],[-7,3],[-2,0],[-1,2],[2,1],[9,-3],[7,1],[5,2],[0,2],[3,4],[-2,2],[-5,4],[3,2],[4,0],[1,3],[5,0],[1,2],[-1,2],[6,2],[6,6],[3,2],[4,-1],[-2,-5],[3,-2],[4,0],[4,3],[4,-2],[0,-3],[2,-2],[-1,-3],[-3,-2],[3,-3],[5,0],[3,-2],[3,0],[1,2],[5,-2],[5,3],[6,-1],[7,-1],[5,-1],[-1,3],[-3,2]],[[8192,9563],[-7,9],[1,3],[-2,1],[0,5],[6,-2],[0,-1],[3,-3],[4,0],[6,0],[-3,3],[1,3],[4,3],[3,1],[-2,4],[8,0],[1,1],[9,1],[2,-2],[5,1],[2,3],[1,1],[5,-1],[8,4],[-1,3],[5,2],[6,5],[0,2],[2,2],[2,-2],[5,-1],[8,1],[3,3],[0,2],[-3,1],[3,2],[4,1],[4,2],[-1,2],[7,1],[4,3],[7,2],[3,-2],[-3,-5],[1,-5],[-4,-1],[0,-2],[-2,-2],[-6,-3],[5,-7],[-4,-4],[-3,-1],[-2,-4],[-1,0],[-7,1],[0,-2],[2,-2],[-1,-3],[-8,-4],[-3,0],[-6,1],[-7,-1],[-4,0],[-2,-3],[6,-2],[0,-2],[-5,-1],[-6,3],[-7,0],[-7,-3],[-3,0],[0,-5],[-9,0],[-2,-1],[-4,0],[-3,-3],[-7,-1],[-4,0],[-5,-2],[-2,1]],[[8006,9527],[0,-2],[-1,-1],[1,-3],[4,-2],[2,-3],[-2,-3],[-2,-1],[-3,3],[-3,0],[-1,1],[-4,3],[-2,0],[-3,5],[0,3],[0,4],[4,-1],[4,-1],[3,2],[4,-3],[-1,-1]],[[7950,9475],[0,-2],[-2,-2],[1,-1],[-7,-2],[0,-3],[-3,0],[-3,-2],[-1,-3],[-3,0],[-9,-4],[-4,3],[0,4],[-3,3],[5,5],[5,0],[8,4],[-1,3],[2,1],[0,3],[-4,2],[3,1],[1,-1],[4,0],[2,-2],[3,-1],[5,-3],[1,-3]],[[8330,9663],[2,1],[0,2],[-4,2],[2,2],[0,2],[3,1],[0,1],[-3,2],[1,2],[6,-1],[3,-2],[8,1],[6,3],[1,4],[6,0],[8,6],[1,6],[4,0],[1,-2],[8,1],[4,2],[1,3],[5,1],[1,3],[-6,2],[0,2],[4,1],[4,2],[1,-3],[3,-1],[2,0],[7,4],[1,2],[-1,4],[6,-1],[4,2],[5,5],[-2,2],[-1,3],[-2,0],[1,3],[5,7],[2,1],[-1,2],[3,3],[0,3],[2,1],[-1,2],[-2,2],[3,1],[13,9],[9,9],[0,3],[6,1],[3,1],[5,5],[5,5],[-2,4],[2,1],[-3,4],[1,4],[3,2],[4,-3],[4,-1],[4,0],[9,2],[1,4],[5,3],[2,2],[1,4],[4,3],[8,1],[2,-1],[0,-3],[5,-2],[2,-3],[7,1],[7,2],[3,0],[7,3],[-1,4],[7,5],[2,-1],[3,2],[4,4],[-1,1],[0,2],[-2,2],[0,3],[-1,2],[-5,-1],[-1,2],[5,0],[3,2],[0,1],[-1,4],[-3,1],[3,2],[-1,2],[3,1],[1,2],[0,2],[-8,0],[-2,3],[7,0],[11,-3],[3,0],[2,2],[4,6],[0,2],[-8,4],[2,2],[-2,2],[-3,0],[-4,-1],[-5,-1],[-2,1],[1,2],[-1,3],[4,0],[3,1],[3,-1],[3,0],[7,-2],[1,-2],[5,0],[5,3],[1,6],[2,2],[5,2],[0,3],[-2,2],[0,5],[-4,2],[-3,-1],[-5,1],[-2,3],[-10,-1],[0,2],[4,1],[4,3],[1,3],[11,1],[2,-2],[1,-3],[3,-1],[3,3],[6,-1],[-1,4],[-2,0],[-3,6],[8,4],[4,-2],[2,3],[3,-1],[4,2],[8,-3],[1,-3],[-4,-5],[-6,-2],[-1,-5],[-4,-4],[0,-3],[-2,-3],[-5,-5],[3,-4],[-3,-5],[-3,-7],[-5,-1],[-2,-5],[-1,-2],[0,-2],[-3,-2],[1,-3],[2,-3],[-1,-4],[-4,-3],[-3,-1],[-3,-2],[-2,-4],[-3,-2],[0,-4],[-3,-3],[0,-6],[-2,-3],[-4,-2],[2,-2],[0,-2],[4,-4],[0,-4],[-10,-1],[-3,-3],[1,-5],[-4,-2],[-2,1],[-9,-4],[-1,-2],[-5,1],[-5,2],[-5,-1],[1,-2],[-8,0],[-3,-1],[0,-2],[-6,-1],[3,-2],[5,-1],[-1,-3],[1,-3],[5,-1],[6,-6],[-4,0],[-1,2],[-2,0],[-9,-1],[-1,-2],[-4,-4],[1,-3],[-4,-2],[-8,3],[-7,-3],[-1,-6],[-3,-2],[1,-3],[-3,-1],[-4,0],[-8,3],[-1,-2],[-6,-2],[1,-2],[4,-3],[3,-1],[0,-2],[-6,-1],[-6,-4],[2,-2],[3,0],[2,-1],[0,-4],[-7,0],[3,-3],[0,-3],[-2,-4],[-3,-2],[-6,2],[-3,-4],[-5,-2],[-1,-2],[-4,-3],[-5,-2],[1,-3],[0,-4],[-3,-1],[-3,0],[-1,-2],[0,-5],[-2,-2],[-3,-1],[-2,-3],[2,-1],[-3,-1],[-5,-1],[-4,-3],[-7,-1],[-3,-2],[1,-2],[-5,-2],[-5,0],[0,-6],[-4,-2],[-3,-3],[-7,-5],[-5,-1],[-7,0],[4,-4],[-4,-3],[0,-3],[-4,-2],[-9,-1],[-5,0],[0,4],[3,0],[1,3],[-5,2],[-6,-1],[-2,-1],[-3,-1],[-7,-2],[-2,-2],[-5,0],[0,-3],[-1,-2],[1,-2],[3,0],[0,-2],[-4,-1],[-5,-3],[-4,2],[-8,2],[-1,2],[-3,1],[-5,0],[-1,1],[5,1],[6,3],[5,2],[7,2],[3,2],[-2,1],[1,4],[5,0],[1,4],[-5,5]],[[8549,9844],[-7,1],[-7,2],[5,2],[9,-2],[3,-2],[-3,-1]],[[8582,9890],[2,3],[6,-2],[-2,-1],[-6,0]],[[8598,9932],[6,1],[6,-3],[5,0],[3,2],[-1,3],[1,1],[5,0],[2,-3],[-6,-3],[0,-3],[-3,-2],[-7,-2],[-3,1],[-4,2],[1,3],[-5,3]],[[8581,9883],[-7,2],[2,1],[8,-1],[-3,-2]],[[8688,9494],[1,2],[3,1],[1,2],[7,1],[2,1],[3,0],[1,-2],[3,-3],[-2,-3],[-7,-1],[-2,-2],[-5,-1],[-2,1],[-13,1],[4,2],[6,1]],[[8511,9384],[1,2],[4,1],[5,1],[4,1],[3,0],[3,2],[6,0],[2,-1],[-5,-3],[-6,-1],[-4,-3],[-4,-1],[-7,-1],[-9,0],[-9,-1],[7,4],[9,0]],[[8413,9361],[-2,3],[4,1],[7,-2],[-1,-2],[-4,0],[-4,0]],[[8351,9409],[1,5],[-1,2],[5,0],[11,3],[2,2],[3,1],[0,2],[-3,3],[2,3],[-1,2],[5,0],[1,-5],[2,-1],[7,0],[-3,-5],[3,-2],[2,2],[6,0],[6,-1],[1,1],[-4,6],[3,1],[3,-2],[2,-3],[4,-2],[6,1],[-3,2],[-2,3],[5,0],[1,1],[-1,2],[-3,1],[-3,0],[-2,1],[10,0],[1,-2],[6,-1],[7,1],[2,2],[-3,1],[2,2],[-5,3],[5,2],[1,2],[5,0],[2,1],[11,0],[4,-4],[4,1],[2,4],[-3,1],[4,3],[9,0],[3,-2],[0,-1],[-5,-3],[-5,-2],[-2,-2],[-7,-1],[-10,-3],[-4,-2],[-4,-1],[-5,-4],[-4,-4],[1,-1],[4,-2],[0,-2],[-5,-2],[-6,-2],[-12,-2],[-9,1],[-8,-1],[-5,0],[-3,-1],[-13,-2],[-7,-2],[-8,-1],[-6,-3],[-3,0],[5,4],[-1,2]],[[8300,9375],[0,5],[-3,0],[3,4],[-1,5],[5,1],[3,0],[5,6],[-3,4],[2,4],[-3,2],[5,2],[4,-3],[4,0],[6,2],[0,3],[4,1],[2,-2],[-2,-5],[0,-4],[-5,-1],[-2,-1],[1,-3],[8,0],[-5,-6],[-5,-2],[-2,-2],[-5,-3],[-5,-3],[-1,-3],[0,-2],[4,-3],[1,-2],[-1,-3],[1,-4],[2,-2],[-4,-2],[4,-2],[1,-4],[0,-2],[-3,-2],[-1,-3],[-2,-2],[-4,-2],[-5,-1],[-4,-2],[-6,0],[0,2],[4,2],[-3,1],[0,1],[-2,2],[0,3],[-3,1],[2,1],[1,4],[2,0],[6,0],[-3,4],[-3,0],[-2,3],[-3,1],[5,3],[6,2],[3,-1],[2,1],[-2,2],[-3,1],[-2,2],[2,2]],[[8664,9196],[-1,3],[0,6],[3,2],[2,3],[0,2],[-5,3],[8,4],[5,1],[2,3],[2,0],[6,1],[3,0],[4,2],[-1,-6],[1,-4],[-1,-4],[1,-5],[-2,-2],[0,-10],[2,-4],[4,-2],[1,-4],[-2,-1],[-3,-1],[-5,1],[-4,-3],[-2,0],[-2,2],[-9,4],[-5,0],[1,5],[-3,4]],[[7954,9155],[-4,0],[-1,2],[4,0],[1,-2]],[[7944,9159],[1,-1],[-2,-3],[1,-3],[3,-1],[0,-2],[4,-1],[-6,-3],[-7,0],[-7,0],[-4,0],[-6,0],[-5,-3],[-7,1],[-7,-1],[-3,0],[-5,7],[1,3],[2,0],[3,5],[4,0],[4,0],[2,2],[-1,1],[0,2],[3,1],[5,-2],[0,-2],[4,-2],[2,0],[4,3],[3,2],[4,0],[0,-1],[3,-2],[4,2],[3,-2]],[[7966,9030],[3,0],[3,-1],[-1,-1],[-3,0],[-2,2]],[[8031,8319],[-4,0],[1,2],[4,0],[-1,-2]],[[7885,8412],[-2,-2],[-3,-4],[-3,-4],[-3,2],[-3,0],[-2,6],[-5,5],[9,-1],[5,1],[5,0],[2,-3]],[[7857,8316],[-1,3],[2,0],[3,-2],[-4,-1]],[[7896,8316],[-1,3],[4,1],[2,-2],[-2,-2],[-3,0]],[[7864,8301],[0,2],[-4,0],[2,3],[3,-1],[3,2],[-3,3],[-1,4],[1,2],[4,1],[1,-1],[3,-4],[7,0],[5,-2],[3,1],[3,-1],[1,-2],[5,-1],[2,-3],[-4,-2],[0,-3],[-3,0],[-4,1],[-4,-1],[-2,-1],[-6,0],[-4,0],[-4,1],[-2,-3],[-2,5]],[[7935,8265],[1,2],[5,2],[2,2],[2,1],[-2,5],[-2,1],[-5,3],[-6,1],[-2,-2],[-6,-1],[2,3],[-3,4],[3,1],[0,3],[-3,1],[-4,2],[-3,3],[1,3],[8,5],[4,3],[2,5],[-2,4],[-7,5],[4,8],[4,0],[3,1],[4,4],[-2,3],[-4,2],[-2,3],[0,4],[-2,5],[-6,2],[0,2],[2,3],[-2,5],[-4,2],[-7,2],[-8,3],[-7,0],[-8,-2],[-7,2],[-3,1],[4,2],[1,2],[3,0],[13,-3],[3,1],[3,2],[4,0],[4,-6],[2,-1],[4,0],[3,-2],[4,0],[5,-3],[2,-5],[4,-2],[5,-1],[5,2],[1,-1],[0,-3],[1,-5],[3,-5],[8,-7],[1,-1],[9,-2],[5,0],[2,-2],[5,-2],[-4,0],[-3,-4],[3,-3],[11,-6],[6,-3],[8,-2],[5,2],[2,-3],[-3,-5],[-5,-4],[-4,-2],[-3,0],[-2,2],[-7,2],[-1,1],[-9,0],[-6,-2],[-3,-3],[-1,-2],[0,-4],[-2,-3],[-2,3],[-6,2],[-2,1],[-6,1],[1,3],[-1,2],[-5,0],[-3,-1],[-2,-2],[0,-4],[2,0],[-1,-5],[7,-6],[9,1],[7,-4],[0,-4],[1,-1],[4,-2],[-1,-4],[-1,-1],[1,-4],[-5,1],[-3,-1],[0,3],[-6,0],[-5,-4],[0,-3],[-2,-4],[1,-3],[-3,-3],[2,-7],[3,-2],[-1,-1],[-9,-3],[-3,2],[0,1],[-4,2],[2,4],[-2,1],[-3,1],[-1,1],[-5,2],[2,3],[5,3],[3,-1],[5,2],[1,2],[0,4]],[[8047,8308],[1,3],[0,4],[-1,1],[-4,3],[3,2],[8,1],[1,-2],[3,-2],[2,-2],[3,-1],[3,1],[3,-3],[3,-2],[6,-1],[3,-3],[-1,-2],[-4,-3],[-3,1],[-1,3],[-8,1],[-6,4],[-4,0],[-3,-2],[1,-2],[-3,-1],[-2,2]],[[8192,8400],[-4,4],[4,1],[2,1],[9,-2],[0,-1],[-6,-3],[-5,0]],[[8471,8700],[-3,-1],[-1,4],[-1,2],[2,2],[4,1],[2,-2],[0,-1],[4,-3],[-7,-2]],[[8523,8695],[-4,2],[1,1],[6,0],[5,-4],[-8,1]],[[8587,8686],[-5,2],[1,1],[6,1],[0,-4],[-2,0]],[[2042,9002],[3,0],[4,-3],[-4,0],[0,-3]],[[2045,8996],[-7,2],[-4,0]],[[2034,8998],[-3,4],[-6,-2],[-4,0],[-1,3],[-2,1],[2,2],[5,0],[6,-1],[7,-2],[4,-1]],[[5427,1528],[3,5],[11,0]],[[5441,1533],[10,3],[2,0],[6,-3],[0,-4],[-4,0]],[[5455,1529],[-5,-2],[-11,-1],[-4,-3],[-3,-2],[-4,0]],[[2062,9011],[7,2],[10,0]],[[2079,9013],[3,-3],[4,-2],[34,0],[0,-2]],[[2120,8993],[-16,0],[0,0],[-12,0],[-17,0],[-4,-1]],[[2071,8992],[0,1],[-9,0]],[[2062,8993],[0,15]],[[3454,7706],[-9,-5],[-43,17],[-76,10],[-28,-4],[-17,15],[-67,3]],[[3075,8006],[167,0],[0,70]],[[3357,8076],[0,-49],[0,-50],[0,-50],[-84,0],[4,-2],[4,-3],[7,-3],[3,-3],[6,-6],[8,-5],[6,-5],[6,-3],[4,-3],[1,-5],[-2,-8],[0,-5],[1,-2],[6,-7],[3,-7],[2,-3],[22,-21],[4,-2],[8,-3],[5,-4],[3,-4],[2,-7],[2,-17],[2,-4],[4,-3],[15,-10],[4,-2],[6,-7],[4,-6],[2,-7],[3,-3],[3,-2],[5,-2],[11,-4],[2,-1],[17,-13],[7,-3],[3,-1],[5,-6],[13,-6]],[[5064,5589],[-3,-3],[-26,10],[0,10],[7,-7],[24,-9],[-2,-1]],[[2163,8946],[-1,-2],[-4,-4],[-3,1],[-2,3],[-4,2],[-3,3],[-1,2],[0,3],[7,5],[5,1],[6,2]],[[2163,8962],[7,0],[2,-3],[6,0],[3,-2]],[[2181,8957],[-2,-3],[-6,-7],[-10,0],[0,-1]],[[4680,6914],[-1,-1],[-37,-8]],[[4642,6905],[-200,-37],[-92,205],[0,35],[0,86],[0,72],[-129,2],[-40,0],[-176,0]],[[4005,7268],[0,165],[0,55],[35,33]],[[4040,7521],[17,-6],[5,-1],[8,0],[4,-1],[3,-2],[1,-2],[1,-5],[4,-3],[15,-3]],[[4948,7532],[-2,-136],[6,4],[1,2],[2,1],[2,2],[-1,4],[0,3],[-1,2],[1,4],[4,2],[3,0],[5,1],[4,2],[3,2],[8,0],[6,1],[3,2],[3,-1],[5,2],[5,0],[7,-1],[5,-1],[4,-2],[4,-3],[5,-3],[3,-1],[9,0],[6,-1],[1,-1],[10,-2],[13,-1],[11,2],[9,6],[5,0],[4,1],[0,1],[4,0],[4,-2],[5,1],[4,-1],[4,-2],[6,-1],[8,3],[8,0],[3,1],[2,3],[6,0],[3,2],[6,1],[8,-4],[5,-1],[4,-3],[7,-2],[3,-2],[2,-4],[5,-4],[1,-3],[6,-3],[5,-2],[7,0],[3,0],[5,3],[3,-1],[13,1],[13,-2],[5,-2],[4,0],[7,1],[3,-1],[3,1],[3,0],[7,-1],[8,1],[8,-2],[3,-4],[7,-2],[4,-2],[6,-4],[3,-1],[5,0],[2,2],[5,1],[2,-3],[4,-2],[8,1],[5,-2],[4,-3],[4,0],[4,-1],[9,3],[4,-1],[5,0],[2,1],[8,0],[5,-1],[0,-11],[-1,-11]],[[5400,7358],[0,-56],[0,-241]],[[4485,7337],[-57,-1],[-32,0],[0,-15],[-32,-26],[-2,-19],[67,0],[97,0],[112,0],[2,6],[-60,15],[11,11],[2,6],[2,2],[3,6],[2,3],[-27,0],[0,3],[-8,2],[4,1],[21,0],[20,-2],[4,1],[-5,2],[-5,3],[-9,2],[-4,3],[-14,0],[-1,-4],[-14,3],[-2,2],[-10,0],[-1,1],[-5,1],[0,3],[-4,0],[-2,4],[-2,2],[-3,1],[-5,5],[-21,-13],[-3,1],[-10,5],[-9,-6],[0,-8]],[[4777,7302],[3,13],[-1,3],[-4,3],[-6,2],[-3,1],[-4,1],[-2,-22],[17,-1]],[[3577,7687],[67,17],[63,-7]],[[3707,7697],[11,-1],[-7,-5],[-5,-5],[-6,-3],[-8,-6],[-3,-2],[3,-3],[-6,-2],[-10,-2],[-7,0],[-6,-1],[-2,-1],[-10,-2],[-3,-1],[-2,-2],[-5,-2]],[[3641,7659],[-4,0],[-3,3],[-5,-2],[-1,-6],[-1,-1],[1,-4],[-1,-1],[-7,-2],[-4,1],[-1,-1]],[[2172,8545],[33,0]],[[2259,8512],[0,-2],[-1,-2],[0,-2],[-3,0],[-9,0],[-5,-2],[-10,2],[-43,0]],[[2045,8996],[3,-1],[4,1],[2,-2],[0,-3]],[[2054,8991],[-4,-1],[-5,2],[1,-4],[-4,-4]],[[2042,8984],[0,1],[-6,0]],[[2036,8985],[3,7],[-5,6]],[[2222,8952],[-2,1],[-9,3]],[[2211,8956],[-2,1]],[[2209,8957],[11,4]],[[2220,8961],[9,-6]],[[2229,8955],[-1,-1],[-6,-2]],[[6166,267],[0,11],[4,10],[-2,2],[15,6],[6,2],[19,4],[16,1],[0,-38],[-58,0],[0,2]],[[2133,8545],[0,3],[5,1],[6,8],[-4,2],[-7,6],[6,19],[-6,9],[-10,8],[-2,0],[-10,0],[-2,-1],[-4,-4],[-6,-2]],[[2099,8594],[0,37]],[[2165,8642],[0,-15],[17,0],[0,-9],[-8,0],[0,-10],[-9,0],[0,-10],[8,-3],[1,-2],[-1,-5],[9,0],[0,-9],[35,0],[-1,1],[2,2],[4,0],[0,7],[2,2],[4,0],[7,-3]],[[3483,7589],[-7,-3],[-2,0],[-5,-3],[-5,-3],[-6,0],[-7,-1],[-4,-1],[-6,-3],[-5,-1],[-11,-1],[-10,-6],[-3,-1],[-9,1],[-11,-1],[-3,-2],[2,-4],[-5,-9],[-5,-4],[-3,-2],[-1,-4],[-10,-10],[0,-2],[-2,-3],[-5,-4],[-1,-2],[-5,-3],[-4,-1],[-5,-4],[-4,-1],[-2,-2],[-5,-5],[-3,-1],[-4,-2],[-4,-4],[-7,-4],[-2,-2],[-4,-2],[-5,-1],[-9,-1],[-12,-2],[-2,-1],[-6,-4],[-3,-1],[-5,0],[-7,2],[-7,0],[-3,0],[-7,0],[-4,-2],[-9,-1],[-5,1],[-2,-1],[-2,-3],[-2,-3],[-4,-1],[-3,0]],[[2265,8763],[50,0],[0,-5],[17,0]],[[5939,8172],[3,1],[10,1],[4,2],[7,2],[4,3],[8,2],[2,1],[2,5],[-1,3],[3,4],[6,2],[10,-1],[6,3],[6,2],[4,2],[6,7],[4,2],[10,3],[3,2],[11,8],[5,8],[1,2],[6,3],[245,0],[1,136],[24,17],[19,20],[1,2],[-1,9],[2,6],[0,3],[-2,4],[1,2],[26,20],[3,1],[21,10],[17,8],[5,4],[3,7],[2,4],[1,2],[2,5],[5,2],[46,5],[15,4],[2,2],[-3,4],[-3,6]],[[6491,8522],[0,5],[3,3],[1,3],[2,2],[5,4],[5,7],[3,2],[15,6],[7,2],[7,2],[4,2],[7,7],[6,4],[10,10],[1,3],[2,9],[1,2],[9,8],[6,3],[6,5],[3,1],[5,-1],[12,-7],[6,-4],[3,0],[16,-1],[4,-1],[-1,-3],[1,-1],[8,-1],[3,2],[7,9],[9,7]],[[6667,7949],[-367,0],[-2,-146],[0,-44],[-425,-1],[0,-157],[0,-51],[4,0],[10,2],[4,1],[3,2],[5,2],[10,2],[1,2],[8,3],[5,-1],[2,-2],[5,1],[9,-1],[2,-2],[6,-1],[6,-6],[0,-3],[2,-3],[0,-2],[4,-3],[5,-1],[0,-2],[-4,-2],[1,-2],[-5,-2],[10,-7],[2,-1],[0,-3],[-2,-3],[-5,-1],[-3,-1],[3,-3],[1,-4],[4,-3],[3,-5],[2,-4],[2,-2],[3,-1],[16,0],[8,-1],[4,-4]],[[6004,7489],[0,-82],[138,0],[0,-106],[-52,1],[-224,-1],[-114,0],[-181,0],[1,4],[2,3],[-1,6],[-3,2],[-1,3],[4,4],[-1,4],[-3,2],[6,0],[1,11],[-10,0],[0,7],[3,11],[-1,4],[-3,10],[7,4],[0,16],[-7,-2],[-5,-1],[-3,-2],[-3,1],[-4,-2],[0,-19],[1,-2],[-6,-4],[-5,-2],[-38,-10],[-6,0],[-14,0],[-11,3],[-7,3],[-5,0],[-6,-1],[-10,-2],[-10,2],[-5,2],[-10,0],[-6,2],[-9,0],[-3,0]],[[4714,7794],[0,120],[0,36]],[[4714,7950],[330,0],[392,0],[-1,127],[301,0],[82,31],[8,7],[2,3],[2,7],[2,1],[7,1],[13,2],[4,0],[2,2],[3,5],[-2,3],[-4,1],[0,2],[-3,4],[3,5],[6,2],[3,0],[5,3],[6,1],[6,3],[2,2],[2,4]],[[5395,1517],[3,-2],[3,-2],[6,-4]],[[5407,1509],[-1,-3]],[[5406,1506],[-1,-2]],[[5405,1504],[-9,1],[-1,-1],[-7,1],[0,0],[-42,1],[0,1]],[[5346,1526],[12,-2],[13,0],[8,1]],[[2272,8926],[15,-10],[5,-4]],[[2279,8912],[0,1],[-4,0],[0,4],[-4,0],[0,9]],[[7289,9250],[4,3],[-1,3],[-2,2],[3,4],[-2,1],[0,2]],[[4568,0],[-131,0],[-164,0],[-383,0],[-96,0],[-89,0],[-322,0],[-65,0]],[[3318,0],[0,29],[0,154],[195,0],[0,87],[0,47],[0,196],[313,-1],[0,51],[0,71],[0,95],[0,100],[229,0],[0,121],[0,72],[-90,0],[0,212]],[[3965,1234],[39,0],[152,1],[0,-93],[176,0],[0,93],[310,0]],[[4642,1235],[0,-24],[0,-121],[215,0],[0,-40],[0,-57],[63,-1],[81,0],[117,1],[129,0],[31,-1],[0,-174],[36,0],[11,0],[25,0],[0,-18],[4,-3],[-4,-1],[-1,-4],[0,-39],[0,-10],[1,-19],[-1,-61],[1,-14],[162,0],[361,0],[-1,46],[1,50],[0,142]],[[5873,887],[263,-32],[32,3],[209,22],[33,7],[49,0],[0,106],[184,0],[276,0],[82,0],[359,0],[0,-190],[188,0]],[[7548,803],[0,-77],[123,0],[0,-51],[0,-195],[1,-196],[-144,0],[-362,0],[-53,0],[0,-88],[-1,-196]],[[7112,0],[-260,0],[-148,0],[-124,0],[-143,0],[-98,0],[-111,0],[-93,0],[-83,0],[-73,0],[-158,0],[-153,0],[-100,0],[-131,0],[-109,0],[-80,0],[-120,0],[-129,0],[-205,0],[-131,0],[-95,0]],[[3989,568],[-4,26],[-43,4],[0,-22],[47,-8]],[[5418,1521],[-8,-9],[-3,-3]],[[2321,8907],[0,19],[-20,0]],[[2301,8926],[0,4],[-2,0],[0,3],[3,1],[-3,2],[0,3],[-2,3],[-1,4],[41,0]],[[2337,8946],[0,-20],[17,0]],[[2354,8926],[0,-9],[8,0],[-1,-5],[-7,-5]],[[2354,8907],[-33,0]],[[2262,9134],[4,4],[6,5],[5,3],[-6,11],[12,10]],[[2283,9167],[3,-1],[8,-2],[8,1],[3,4],[6,2],[8,2],[6,0],[4,-1],[19,0],[2,-3],[-1,-3],[2,-5],[-2,-1]],[[2349,9160],[-4,-2],[-2,-2],[5,-3],[-1,-1],[-4,-2],[-2,-2],[-6,-1],[-6,-5],[2,-9],[-11,-1],[-11,-1],[-2,0],[-7,1],[-5,-1],[-2,1],[-4,0],[-8,2],[-19,0]],[[2204,8954],[3,0]],[[2207,8954],[2,-3],[-1,-4]],[[2207,8945],[-11,2],[-2,0]],[[2349,6628],[-94,0],[0,19],[-209,0],[0,-22],[-123,0],[1,-16],[-54,-3],[-4,-9],[58,2],[0,-253],[-177,0],[71,-108],[0,-89],[0,-22],[332,0],[-1,-3],[-14,0],[2,-9],[-7,-5],[-10,-17],[-8,-8],[-9,-11],[-5,-3],[-2,-3],[4,-4],[13,-10],[8,-4],[15,-2],[10,-5],[3,-8],[2,-7],[15,0],[13,1],[1,-38],[1,-10],[0,-40],[3,-6],[-20,-15],[2,-7],[-15,-8],[-14,1],[-31,-8],[-26,12],[-39,2],[-17,-2],[-10,0],[-3,1],[-14,1],[-12,13],[-3,6],[-14,6],[-9,-4],[-7,7],[-5,6],[-18,0],[-13,-1],[-23,3],[-9,3],[-9,4],[-10,0],[-30,21],[1,9],[0,21],[-22,9],[-37,-25],[-14,0],[-1,4],[-5,0],[-11,-9],[-14,3],[-13,-9],[-20,1],[-23,0],[-8,-2],[-21,-6],[-12,-10],[-33,-10],[-32,2],[-8,-6],[6,-7],[7,-9],[1,-4],[-2,-3],[1,-2],[-6,0],[-2,-4],[-14,-10],[-9,0],[-2,4],[-5,1],[-1,-1],[-10,0],[-10,1],[-9,3],[-44,-3],[-7,-33],[-5,-31],[-3,-34]],[[1448,5816],[-110,0]],[[1591,6877],[0,-66],[134,0],[0,78]],[[4714,7950],[-272,0],[-269,0],[0,0],[-74,0],[0,126],[-231,0]],[[3868,8076],[0,184],[-67,0],[0,19],[0,38],[-3,0],[-12,4],[0,6],[4,2],[11,0],[0,17],[332,-1],[310,-1],[0,22],[0,161]],[[4443,8527],[1055,-2],[285,0],[708,-3]],[[4425,8968],[-11,8],[-1,1],[-1,3],[4,4],[-3,6],[-6,1],[0,3],[3,3],[-2,1],[0,4],[5,2],[1,1],[3,2],[-2,2],[1,3],[-3,3],[0,2],[4,1],[-2,3],[2,2],[0,5],[-1,2],[3,1],[0,4],[2,1],[1,3],[-2,1],[0,3],[-8,4],[0,6],[-3,-1],[-8,4],[0,2],[-7,4],[3,3],[2,3],[0,3],[-1,2],[-9,0],[-6,0],[-1,1],[1,3],[-4,1],[2,4],[-2,4],[0,2],[-2,1],[-3,0],[-6,2],[-4,0],[1,3],[-9,3],[-2,-1],[0,-3],[-7,-5],[-2,-4],[-3,-1],[-6,1],[-2,2],[-1,4],[-4,5],[0,2],[-2,2],[-3,0],[-9,-2],[-4,-2],[-5,-4],[-2,1],[-2,5],[4,3],[0,4],[-4,3],[-2,0],[-9,0],[-3,1],[-1,4]],[[4287,9112],[325,-2],[0,-142],[-187,0]],[[2207,8954],[4,2]],[[2222,8952],[2,0],[-2,-3]],[[2220,9168],[-3,0],[0,4],[6,1],[2,-1],[-1,-2],[-4,-2]],[[2239,9175],[0,1],[5,3],[4,-2],[-4,0],[-5,-2]],[[2262,9134],[-13,-6]],[[2249,9128],[-3,3],[-4,1],[-4,-1],[-3,1],[-4,3],[-4,1],[1,4],[-4,-1],[-1,2],[-2,5],[-4,3],[-1,2],[2,2],[-2,4],[1,6],[5,2],[4,3],[7,3],[5,1],[7,1],[11,5],[7,0],[9,2],[6,-2],[1,-1],[-3,-3],[3,-4],[4,-3]],[[8551,9136],[0,1],[6,1],[2,-1],[4,1],[3,2],[3,-9],[-2,-2],[-2,-2],[-7,-5],[-4,0],[-1,3],[-2,1],[3,2],[5,1],[1,4],[-9,3]],[[3359,4576],[-25,0],[-320,0],[-345,0],[-345,0],[-344,1],[-312,1],[-33,0],[-344,2],[-43,0],[0,0],[-70,0],[-345,0],[-346,0],[0,88],[0,55],[0,124]],[[1248,4847],[0,-190],[194,1],[9,-4],[2,-2],[7,-2],[2,-2],[6,-4],[6,-3],[8,-2],[6,-3],[2,0],[5,-2],[11,0],[5,1],[5,-1],[1,-1],[0,-3],[3,-3],[7,-1],[5,1],[9,-1],[12,0],[12,2],[7,1],[8,4],[6,0],[17,5],[6,5],[12,7],[5,2],[6,2],[4,1],[5,1],[9,2],[4,0],[3,-1],[5,-1],[6,0],[6,2],[8,8],[6,3],[5,1],[5,2],[3,4],[6,2],[9,1],[11,3],[8,1],[6,3],[6,4],[6,3],[6,1],[4,2],[11,7],[11,3],[2,2],[-1,3],[-2,5],[-5,5],[2,3],[7,3],[7,0],[9,-1],[3,1],[4,3],[2,2],[1,8],[4,5],[0,3],[-2,5],[3,5],[5,4],[2,8],[1,4],[0,1],[-6,3],[2,4],[4,1],[6,1],[2,0],[2,3],[-3,7],[1,1],[9,4],[4,4],[5,3],[5,0],[3,0],[4,0],[4,1],[4,4],[6,4],[7,3],[2,0],[10,0],[12,3],[11,4],[7,2],[5,0],[8,0],[12,1],[12,2],[6,0],[8,0],[11,-2],[15,-4],[11,1],[15,4],[7,2],[11,2],[10,1],[15,0],[4,1],[7,1],[5,6],[7,2],[5,1],[-114,146],[-2,94],[-1,97],[-168,-1],[0,155],[-228,0]],[[1448,5816],[125,0],[0,-61],[342,0],[47,0],[163,0],[0,4],[93,0],[86,0],[73,0],[157,0],[185,0],[296,0],[82,0],[328,0],[11,0]],[[3436,5759],[0,-192],[33,0],[0,-147],[-343,0],[-186,0],[0,-49],[0,-196],[0,-91],[74,0],[343,1],[1,-102],[0,-195],[1,-196],[0,-16]],[[2026,5660],[7,0],[1,-6],[3,-2],[2,3],[3,3],[3,5],[-1,1],[2,4],[0,9],[-9,0]],[[3208,1692],[-3,-2],[0,-4],[-6,1],[-7,-3],[-2,-2],[-31,0],[0,9],[2,1],[5,0],[3,-1],[2,-2],[15,3],[2,-1],[8,0],[5,1],[7,0]],[[5695,1591],[217,0],[134,0],[0,10],[1,11],[20,7],[154,0],[0,74],[74,0],[0,-11],[56,0],[0,-17],[55,0],[126,0],[81,0],[0,117],[108,-44],[87,0],[75,0],[13,-27],[21,-12],[13,-12],[3,-6],[29,-30],[0,-30],[23,0],[55,-20],[46,-23],[51,-1],[-3,81],[125,-1],[18,0],[123,2]],[[7775,1192],[2,-192],[2,-197],[-175,0],[-56,0]],[[5873,887],[0,54],[0,51],[-248,1],[-8,28],[-1,40],[0,3],[-1,17],[-2,3],[1,4],[-19,-18],[-102,0],[0,19],[0,80],[94,0],[-7,16],[-8,14],[-9,23],[-1,2],[-31,42],[-1,3],[-5,29],[-3,4],[-8,7],[-10,5],[1,1],[-9,4],[-50,67],[-4,16],[-16,34]],[[5489,1486],[0,12]],[[5489,1498],[0,18]],[[5489,1516],[0,30]],[[5959,1214],[256,0],[67,0],[1,112],[-112,0],[-1,52],[-123,67],[-210,0],[0,-96],[-1,-25],[38,0],[-1,-51],[0,-59],[86,0]],[[6252,2330],[212,0],[75,0],[0,-42],[277,-2],[17,0],[111,0],[168,0],[0,45],[74,19],[155,-66],[61,0],[120,-2],[104,-10],[39,-8],[20,27],[70,-4]],[[2445,8907],[-25,0]],[[2420,8907],[-66,0]],[[2354,8926],[33,0],[0,10],[16,0],[0,10],[17,0]],[[4182,1364],[0,2],[7,1],[7,-1],[2,2],[2,0],[13,5],[3,0],[9,4],[2,2],[19,-6],[-11,-17],[-38,1],[-3,-1],[-2,2],[-10,4],[0,2]],[[2128,8972],[-5,-3],[-1,-1],[-3,-1],[-11,-1],[-1,1]],[[2096,8988],[6,0],[3,-1],[10,-3]],[[2152,9032],[2,0],[-1,-9],[0,-15]],[[2153,9008],[0,-5],[-17,0]],[[2136,9003],[1,1],[-1,5],[-4,4],[-9,3]],[[2123,9016],[-7,3]],[[2116,9019],[-1,1]],[[2115,9020],[2,1],[2,4],[0,2],[-7,5]],[[2186,8994],[50,0],[0,-5],[35,0],[0,-3],[7,-5],[1,0]],[[2279,8981],[0,-7],[-16,-9],[-17,0],[0,-1],[-10,0],[0,-12]],[[2236,8952],[-7,3]],[[2220,8961],[-9,3],[-13,0]],[[2198,8964],[-6,5],[-21,10]],[[2171,8979],[15,0],[0,15]],[[2846,9090],[0,-119],[0,-38],[-54,0],[-132,0],[-1,1]],[[2659,8934],[2,1],[0,3],[-4,1],[-7,-3],[-6,-1],[-4,2],[0,3],[5,4],[0,2],[-3,3],[-5,1],[-8,-1],[-4,1],[-1,2],[2,3],[5,1],[2,2],[-4,2],[-3,0],[-6,0],[-4,-1],[-4,-3],[-4,-1],[-4,2],[0,2],[2,3],[8,2],[2,3],[-3,1],[-6,1],[-6,-2],[-3,0],[-1,2],[0,3],[6,2],[-2,3],[-6,-1],[-3,-3],[-6,-1],[-5,2],[0,4],[2,1],[7,2],[9,-2],[3,2],[0,2],[-4,3],[-7,2],[-3,-1],[-7,-5],[-4,2],[-1,6],[-2,3],[-6,1],[-8,-1],[-3,0],[-1,5],[6,2],[7,0],[3,0],[1,2],[-1,4],[-8,2],[-1,3],[1,2],[5,1],[7,-1],[6,1],[4,3],[-2,5],[-2,1],[-4,1],[-3,-1],[-4,-3],[-3,0],[-2,1],[-5,4],[-8,1],[-4,2],[-4,6],[-5,3],[-5,3],[-1,4],[1,4],[-2,2],[-6,2],[-4,3],[2,2],[10,8],[6,3],[6,5],[2,2],[0,2],[-2,3],[-6,2],[-5,3],[-2,3],[0,5],[0,5],[-3,5],[-1,6],[-2,4],[-4,4],[-5,1],[-11,3],[-10,6]],[[2498,9127],[3,2],[-4,3],[-4,0],[-12,0],[-2,0],[-3,4],[1,3],[3,6],[7,5],[5,3],[5,4],[-1,2],[8,8],[2,6],[-1,2],[-4,2],[-1,3],[1,4],[2,4],[4,1],[1,2],[5,3],[2,5],[8,4],[0,4],[-1,4],[-4,11],[0,2],[4,4],[4,2],[5,3],[6,5],[5,4],[1,2],[3,0],[6,2],[6,0],[-2,-2],[3,-5],[-5,-3],[0,-3],[2,-4],[-1,0],[8,-6],[4,0],[3,-5],[7,-2],[1,-2],[-1,-2],[-3,-2],[-2,-3],[-1,-7],[0,-1],[8,-4],[-1,-3],[-4,-2],[-3,-3],[0,-4],[4,-4],[5,-1],[1,-1],[-2,-4],[-2,-3],[-3,-2],[-3,-4],[2,-8],[8,-10],[5,-6],[7,-6],[10,-7],[7,-4],[6,-4],[6,-2],[7,-5],[16,-5],[9,-4],[6,-2],[2,-1],[4,-1],[4,-1],[26,-6],[5,0],[16,-3],[10,-1],[9,-1],[11,0],[15,0],[8,-1],[26,1],[16,2],[10,1],[12,0],[4,-1],[8,1]],[[2301,8926],[-26,0]],[[2262,8931],[-4,1],[-7,2],[-5,2],[-5,5],[-4,0]],[[2237,8941],[0,3]],[[2237,8944],[-1,8]],[[2279,8981],[0,23],[42,0],[0,-8],[0,-24]],[[2321,8972],[0,-4],[8,0],[0,-3],[16,0],[0,-19],[-8,0]],[[4642,1235],[0,96],[0,114],[0,38],[-88,0],[-129,0]],[[5313,1507],[-62,-16],[0,-19],[17,2]],[[5637,877],[-10,0],[0,-10],[18,0],[0,3],[8,0],[-7,11],[-7,0],[-2,-4]],[[2317,8810],[-1,6],[-3,6],[-2,6]],[[2311,8828],[0,1],[43,0]],[[2354,8829],[0,-19]],[[2420,8907],[0,-23],[0,-16]],[[2420,8868],[-1,0],[-32,0]],[[2387,8868],[-33,0]],[[2354,8868],[-51,0]],[[2303,8900],[18,-2],[0,9]],[[5319,1483],[0,24]],[[5405,1504],[-2,-1],[1,-3],[3,-3]],[[5407,1497],[4,-3]],[[5441,1546],[-3,0],[0,3],[-38,0]],[[5395,1546],[-49,0]],[[5466,1546],[-25,0]],[[4240,8821],[3,8],[11,12],[-4,2],[37,0],[0,-8],[-3,-4],[-8,-3],[-2,-3],[0,-2],[-6,-1],[-7,-5],[-8,0],[-13,4]],[[2087,9013],[-7,0]],[[2080,9013],[-6,4],[-1,2]],[[2073,9019],[1,1]],[[2085,9021],[0,-2],[2,-6]],[[2226,8942],[-5,0]],[[2237,8944],[-11,-2]],[[4425,8968],[1,-2],[3,-3],[3,-1],[5,-3],[2,-1],[4,-2],[0,-2],[0,-197],[0,-196],[0,-34]],[[3868,8076],[-129,0]],[[3198,8496],[217,0],[0,168],[-113,0],[0,66]],[[3302,8730],[0,39],[-50,0],[0,51],[0,47],[-43,0],[0,61],[147,31],[101,76],[1,16],[-2,1],[-2,3],[-4,0],[-4,-3],[-4,-1],[-2,-2],[3,-2],[4,-2],[1,-2],[-8,-3],[-7,0],[-4,2],[-1,4],[-5,2],[-1,5],[0,2],[3,2],[7,2],[2,1],[-3,2],[-2,3],[-2,5],[-2,1],[-4,0],[-7,-3],[-4,0],[-2,1],[-3,5]],[[3405,9074],[5,-1],[0,5],[3,4],[9,4],[13,3],[7,2],[3,2],[4,0],[6,2],[9,3],[4,1],[5,2],[5,2],[4,2],[6,2],[6,4],[3,1],[9,5],[6,5],[3,2],[1,2],[4,1],[0,4],[1,0],[2,2],[3,1],[6,0],[4,2],[5,-2],[11,2],[16,4],[8,4],[6,2],[3,1],[1,3],[4,2],[1,6],[3,3],[4,1],[2,-1],[2,-2],[5,-1],[4,1],[4,2],[3,-2],[7,0],[0,-3],[2,-3],[-1,-5],[0,-6],[1,-2],[4,-5],[3,-2],[1,-2],[6,-3],[1,-2],[10,0],[0,1],[5,3],[8,2],[5,0],[7,2],[6,1],[7,1],[14,5],[13,1],[6,1],[2,0],[5,-2],[3,-2],[1,-2],[7,-6],[8,-5],[7,-2],[6,-5],[4,-1],[31,9],[-1,8],[1,4],[-2,2],[2,4],[4,5],[12,12],[2,3],[2,4],[2,1],[0,2],[3,4],[4,2],[13,2],[5,1],[10,0],[15,2],[12,3],[22,6],[18,6],[7,3],[6,3],[13,6],[3,-1],[1,2],[-2,6],[3,1],[4,0],[4,-3],[0,-2],[3,-3],[3,-1],[8,-5],[32,8],[26,5]],[[4032,9217],[4,-2],[10,-3],[10,-1],[10,-2],[6,-2],[6,-2],[10,-3],[5,-4],[4,-2],[7,-5],[8,-5],[7,-2],[6,-1],[25,2],[4,-1],[7,1],[5,0],[6,-2],[5,-2],[6,-6],[5,-4],[9,-4],[8,-4],[3,-2],[1,-4],[-5,-3],[-7,-1],[-7,-2],[-1,-1],[6,-8],[0,-2],[3,-6],[3,-2],[2,0],[1,2],[0,7],[3,3],[6,2],[5,-2],[4,-2],[1,-1],[-1,-5],[0,-4],[2,-1],[15,1],[8,2],[3,1],[7,-1],[3,-4],[0,-4],[2,-3],[12,0],[4,-1],[6,-2],[2,-3],[1,-5]],[[3729,9171],[2,-3],[2,-9],[-2,-2],[1,-5],[-8,-3],[-7,3],[-1,4],[0,4],[1,5],[3,2],[2,3],[7,1]],[[3707,9213],[3,2],[-4,3],[2,2],[3,1],[8,-2],[8,1],[7,-1],[7,2],[2,3],[6,2],[4,0],[4,0],[2,-1],[7,0],[6,-1],[7,0],[3,-1],[7,-4],[3,-3],[2,-3],[1,-8],[1,-2],[3,-3],[-2,-1],[5,-2],[0,-2],[-5,-6],[-3,-2],[-1,-2],[-3,-2],[-12,-2],[-7,0],[-7,1],[-7,3],[-6,4],[-5,1],[-3,2],[-3,0],[1,3],[-5,1],[-1,3],[-6,1],[-6,2],[-7,5],[-1,4],[-1,1],[-7,1]],[[56,740],[1,4],[-2,2],[10,6],[-1,1],[0,7],[92,-1],[0,-21],[-5,0],[-12,0],[-6,0],[-8,0],[-8,-2],[-13,-5],[-14,-4],[-4,-2],[-11,6],[-7,2],[-12,2],[1,3],[-1,2]],[[2132,9004],[-13,5]],[[2119,9009],[2,2],[0,3],[2,2]],[[3629,7640],[-10,4]],[[3641,7659],[-2,-1],[3,-3],[4,-6]],[[3646,7649],[-3,-4],[-8,-1],[-6,-4]],[[3639,7637],[2,1],[-12,2]],[[3646,7649],[5,1],[7,-3],[1,0],[1,3],[4,2],[9,-2],[2,-2],[-2,-5],[-6,-1],[-3,-7]],[[3664,7635],[-7,1],[0,-3],[-2,-1],[-7,1],[-5,2],[-4,2]],[[3639,7637],[-10,-7],[-9,-4],[0,-1]],[[5407,1497],[1,1],[8,-4],[4,-5],[8,-2],[21,-3]],[[402,1808],[-3,2],[6,2],[29,3],[0,-5],[11,-2],[4,-2],[0,-5],[-4,-6],[-15,0],[0,5],[-4,2],[-7,2],[-8,1],[-6,0],[-3,3]],[[2153,9008],[17,0],[0,-6],[5,0],[0,1],[11,0]],[[2186,9003],[0,-9]],[[2171,8979],[-1,1]],[[2321,8972],[14,5],[5,3],[2,4],[2,17],[0,2],[4,3],[9,2],[4,3],[14,16],[1,2],[4,26],[0,2],[-5,4]],[[2375,9061],[-9,4],[-34,23],[-4,1],[-4,1],[-18,0],[-4,1],[-9,5],[-3,3],[11,0],[2,-1],[6,5],[5,2],[2,2],[-2,3],[2,5],[-3,8],[-4,1],[-6,0],[-10,0],[0,4],[-22,0],[0,-3],[-9,9]],[[2349,9160],[1,-2],[5,-2],[6,-2],[10,-1],[4,0],[7,1],[5,1],[5,4],[2,3],[3,1],[14,-4],[-1,-6],[5,-4],[8,-5],[7,-3],[9,-2],[8,-4],[6,-6],[4,0],[11,-4],[-1,-3],[-11,-4],[-1,-2],[0,-3],[2,-4],[-3,-3],[-4,-2],[-1,-4],[4,-2],[5,0],[5,1],[13,0],[4,-2],[-5,-4],[2,0],[4,3],[1,2],[-6,2],[-12,1],[-12,-1],[-1,2],[4,2],[4,3],[0,2],[-1,6],[2,2],[7,2],[5,1],[0,1],[13,5],[7,0],[3,0],[3,1]],[[2659,8934],[-3,-2],[-2,-3],[1,-1],[6,-4],[2,-2],[-2,-6],[-3,-2],[-6,0],[-6,-1],[-3,-1]],[[2643,8912],[-2,0],[-30,1],[-7,0],[1,-2],[-16,0],[-9,-1],[-20,8],[-14,-12]],[[2546,8906],[-11,4],[-5,12],[9,3],[-11,10],[-16,3],[-9,-5],[-4,-8],[1,-10],[-8,-7]],[[3211,1975],[0,-86],[196,0],[0,-99],[0,-105],[0,-132]],[[3407,1553],[-254,1],[-522,-3]],[[2631,1551],[-12,-1],[-9,-1],[-9,-2],[-10,-3],[-5,5],[-1,2],[0,3],[-1,3],[-6,2],[-17,-1],[-3,1],[-5,4],[-24,2],[-15,3],[-3,2],[-5,1],[-6,-1],[-12,-1],[-7,2],[0,3],[-2,0],[-5,4],[4,1],[3,3],[5,2],[-1,3],[1,5],[-2,5],[-2,5],[0,6],[2,4],[3,9],[-2,3],[2,2],[-1,5],[3,3],[1,5],[4,6],[-4,7],[7,5],[-4,7],[-3,8],[0,3],[-9,9],[-9,10],[-7,10],[-24,22],[-4,5],[-1,3],[3,5],[-1,5],[2,7],[2,5],[4,1],[4,5],[8,10],[0,6],[-226,0],[0,76],[337,0],[5,12],[-6,107],[181,0],[108,0],[158,1],[196,1]],[[2514,1812],[13,-8],[4,2],[6,2],[3,4],[-10,5],[0,2],[-3,9],[-32,-4],[6,0],[2,-4],[8,2],[2,-9],[1,-1]],[[3246,1860],[-16,-4],[-7,-3],[0,-8],[25,0],[0,9],[-2,6]],[[2372,8718],[8,1],[0,-5],[18,0],[0,-11],[49,1]],[[2447,8704],[4,-1],[-2,-10],[-3,-1],[0,-2],[4,-3],[3,-3],[9,-5],[3,-3],[8,-2],[1,3],[4,-2],[4,-3],[5,-3],[9,1],[8,-2],[2,-1],[5,0],[5,-2],[-4,-3],[4,-2],[4,-2],[0,-4],[4,-2],[-2,-3],[1,-3],[-2,-3],[2,-2],[0,-2],[8,-4],[1,-2],[-1,-4],[-6,-3],[-3,0],[-9,-3],[-4,-3]],[[0,1233],[0,209],[0,253],[0,278],[0,513],[0,252],[0,420],[0,155]],[[0,3313],[351,-1],[349,0],[259,1],[351,-1],[337,1]],[[3672,2083],[-264,0],[0,-38],[-197,0],[0,-70]],[[2631,1551],[3,-317]],[[2634,1234],[-411,0],[-277,0],[-278,0],[-278,0],[-63,0],[-192,0],[-23,0],[-278,0],[-277,0],[-278,0],[-279,-1]],[[1711,2212],[-5,-2],[13,1],[12,1],[18,2],[7,1],[0,16],[-11,-3],[-7,-1],[-6,-2],[-2,-2],[-15,-5],[1,-2],[-5,-4]],[[2546,8906],[-14,-10],[-11,-16],[-5,-8],[11,-1],[4,-1],[10,-6],[4,-2]],[[2545,8862],[-4,-4],[-2,-3],[2,-3],[-12,-2],[-2,-2],[-21,-4],[-12,19],[8,5],[-31,0],[-51,0]],[[3703,7629],[-39,6]],[[3707,7697],[54,13],[0,-9],[16,0],[5,0],[7,2],[6,5],[2,5],[-1,6],[-2,1],[-8,1],[-2,2],[-3,5],[2,3],[37,-16],[3,1],[5,-6],[-1,-7],[-13,-22],[-1,-2],[2,-2],[4,-3],[19,-11],[3,-3],[3,-1],[10,-1],[0,2],[14,3],[14,-10]],[[3882,7653],[0,-10],[-4,-1],[0,-9],[-58,0],[-3,1],[-8,-2],[0,-17],[-7,0]],[[3802,7615],[-8,6],[-4,3],[-7,3],[-6,1],[-9,2],[-32,4],[-5,1],[-7,-2],[-8,-4],[-4,-1],[-9,1]],[[2037,8969],[-4,1],[-3,-1],[-10,1],[-2,4],[4,1],[4,3],[4,-1]],[[2030,8977],[7,-3],[1,-1]],[[4678,6877],[1,5],[6,5],[1,2],[-8,3],[-3,5],[-9,3],[-24,5]],[[2115,9020],[-9,4],[-6,0]],[[2100,9024],[2,8]],[[2102,9032],[10,0]],[[2100,9042],[-5,0]],[[2095,9042],[-7,0],[0,3]],[[2088,9045],[4,2],[6,2],[7,6],[3,1],[3,-2],[6,-1]],[[2112,9042],[-12,0]],[[7760,7096],[-14,-5],[-8,-3],[-206,-26],[-139,-17],[-192,-24],[0,-93],[0,-196],[-186,0],[-339,0],[-23,0]],[[6004,7489],[12,-1],[5,0],[14,5],[5,0],[4,-3],[7,0],[17,0],[11,-3],[14,-3],[10,-4],[7,-4],[4,0],[11,2],[7,0],[1,-3],[3,-1],[9,-1],[12,-2],[5,-2],[6,-2],[4,-4],[4,-3],[2,-5],[2,-2],[3,-5],[1,-3],[4,-4],[4,-7],[2,-2],[7,-3],[14,-3],[8,0],[6,1],[4,2],[6,2],[8,4],[8,3],[6,2],[6,1],[12,0],[4,1],[3,3],[14,2],[8,3],[6,1],[6,2],[3,4],[12,8],[3,1],[8,-2],[5,-1],[10,0],[2,-1]],[[6363,7462],[3,-4],[2,-4],[8,-2],[6,-1],[3,1],[5,2],[9,1]],[[6399,7455],[8,0],[11,-1],[5,-2],[4,-3],[6,-2],[3,0],[5,-2],[4,-4],[4,-2],[5,-2],[8,1],[10,-2],[6,1],[5,2],[7,5],[5,1],[9,-1],[17,-1],[9,0],[8,-3],[5,-2],[18,-6],[9,-4],[8,-3],[6,-1],[10,-1],[14,-1],[10,-2],[3,0],[3,3],[-1,3],[-4,4],[0,2],[2,2],[3,0],[6,-4],[7,-2],[2,0],[6,-3],[5,-7],[7,-2],[4,1],[7,-1],[3,1],[6,-1],[8,-3],[14,-3],[9,-4],[6,0],[6,2],[7,0],[19,2],[10,2],[9,3],[6,3],[5,3],[5,6],[3,5],[2,9],[2,2],[3,0],[3,-5],[0,-1],[1,-4],[2,-2],[1,-4],[3,-2],[7,-2],[2,0],[4,3],[-1,8],[2,5],[1,9],[2,4],[2,2],[5,2],[6,2],[4,0],[6,-3],[2,-4],[-4,-5],[1,-4],[7,-2],[7,1],[11,3],[9,0],[13,0],[8,2],[6,2],[13,9],[5,2],[19,6],[21,12],[2,2],[0,4],[-7,6],[0,3],[5,3],[10,3],[7,1],[6,-1],[6,-1],[11,-3],[5,-3],[9,-5],[3,-4],[-1,-2],[-3,-3],[-5,-3],[-4,-3],[-6,-1],[-17,1],[-4,-2],[-1,-2],[4,-4],[18,-5],[14,-6],[5,-2],[8,1],[6,1],[5,3],[2,5],[-2,4],[-3,3],[-5,6],[2,4],[10,2],[10,-3],[10,-6],[8,-1],[21,6],[16,-2]],[[7104,7473],[-13,-4],[2,-4],[3,-13],[4,-7],[4,-7],[2,-12],[-1,-4],[2,-3],[-3,-6],[3,-1],[2,-4],[3,-5],[5,-6],[1,-2],[2,-2],[5,-6],[0,-7],[-3,-1],[-1,-2],[5,-4],[2,0],[4,-6],[10,-8],[6,-7],[-1,-5],[-1,-1],[1,-2],[5,-1],[8,-7],[4,-5],[9,-10],[5,-4],[7,-6],[4,-4],[7,-3],[4,0],[5,-1],[9,-3],[9,-5],[2,0],[12,-7],[3,-2],[5,-2],[2,-2],[2,-1],[8,-5],[2,0],[3,1],[13,-3],[22,-8],[7,-4],[3,-1],[2,-3],[2,-1],[3,0],[12,-2],[21,-3],[8,1],[7,3],[4,0],[6,1],[5,0],[9,-2],[5,-2],[4,0],[8,-3],[5,-3],[3,-4],[0,-3],[5,-3],[6,1],[11,-3],[6,-2],[9,-5],[2,-2],[-2,-1],[1,-2],[6,-3],[7,-1],[3,-3],[-1,-2],[7,-4],[11,1],[4,0],[1,1],[5,0],[7,-2],[12,-6],[1,-2],[14,-4],[11,-4],[6,-3],[7,-2],[11,-4],[15,-4],[5,-2],[3,-1],[12,-3],[5,-2],[14,-4],[10,-3],[16,-7],[11,-6],[1,-2],[9,-5],[4,-2],[4,-4],[3,-2],[3,-4],[5,-3],[6,-4],[2,-2],[4,-1],[2,-2],[5,-2],[6,-2],[4,-3],[3,1],[6,-3],[3,0],[5,-2],[14,-5],[8,-4],[6,-2],[2,-3],[3,-1]],[[5650,7140],[-1,3],[-20,-1],[0,-4],[10,0],[7,-6],[9,-2],[0,3],[-1,3],[-4,4]],[[7433,7349],[-3,2],[3,3],[5,1],[2,2],[5,0],[2,3],[8,5],[4,-1],[4,1],[4,6],[1,8],[-2,2],[-5,1],[-3,-1],[-3,2],[0,2],[7,1],[4,4],[7,6],[4,1],[1,-2],[9,0],[2,1],[8,-1],[5,-4],[3,-2],[5,-1],[5,-6],[4,-7],[0,-4],[1,-1],[0,-8],[-2,-3],[1,-2],[-3,-4],[-3,0],[-10,3],[-3,0],[-8,-2],[-4,0],[-7,4],[-5,-1],[-8,-4],[-5,-1],[-6,-4],[0,-2],[-4,-1],[-5,0],[-2,4],[-4,1],[-5,-1],[-4,0]],[[7534,7220],[-2,1],[2,3],[10,3],[0,-2],[-3,-3],[-5,-2],[-2,0]],[[2237,8319],[-22,0],[-5,5],[-10,-1],[-29,11],[-5,5],[-19,1],[-13,-10],[-14,-31],[8,-21],[-5,1],[-7,1],[-5,-3],[-4,-2],[-6,-2],[-4,-6],[-2,-1],[-6,-1],[-4,-2],[-4,-2],[-2,-4],[-2,-2],[-8,1],[-4,-1],[-12,-2],[-4,0],[-4,1],[-7,8],[-3,1],[-9,0],[-5,0],[-5,0],[-8,1]],[[1894,8426],[-55,87],[0,17],[4,0],[6,1],[4,1],[3,0],[0,20],[-17,0],[0,10],[17,0],[0,32],[76,0],[67,0],[100,0]],[[2200,8474],[29,0],[1,0],[26,0],[0,6],[14,0],[0,6],[19,0],[-1,-4],[2,-3],[6,-3],[4,-9],[2,0],[2,-5],[2,-1],[1,-4],[3,0],[2,2],[5,-2],[6,2],[7,-2]],[[2331,8444],[0,-18],[-94,0],[0,-107]],[[2303,8827],[8,1]],[[2387,8868],[0,-10],[0,-1],[0,-7],[15,-10],[0,-2],[16,-9],[2,0],[4,-2],[3,-4],[6,-8],[14,-5]],[[2354,8829],[0,39]],[[2062,8993],[1,-3]],[[2063,8990],[-3,-1]],[[2060,8989],[-4,1],[-2,1]],[[2042,9002],[2,2],[2,1],[5,3]],[[2100,9042],[0,-4],[2,-6]],[[2102,9032],[-7,0]],[[2095,9032],[0,10]],[[2119,9009],[-11,3]],[[2107,9017],[2,1],[3,0],[4,1]],[[3626,7616],[82,0]],[[3708,7616],[4,-2],[-17,-16],[0,-19],[19,-12],[37,0]],[[3751,7567],[0,-53],[30,0],[20,-12],[32,13],[43,17],[50,0],[8,4],[12,0],[27,9],[9,-3],[58,-21]],[[4005,7268],[0,-57],[-70,0],[-134,0],[-133,0],[-40,0],[-193,0]],[[1951,8979],[0,2],[4,3],[-1,1]],[[1954,8985],[6,0],[2,-2],[1,-2],[0,-3]],[[5793,9238],[0,1],[8,3],[1,2],[6,3],[1,3],[8,-2]],[[5817,9248],[6,-5],[10,3],[4,-8],[5,-8],[-14,-3],[3,-3],[-5,-1],[-3,4],[-4,-1],[-11,6],[-9,3],[-6,3]],[[2486,8755],[-3,-3],[-4,0],[-2,-1],[-5,-5],[-5,-3],[-6,-2],[2,-3],[2,-7],[-6,0],[-3,0],[-3,-1],[1,-3],[2,-1],[-4,-7],[0,-4],[1,-4],[-5,-5],[-1,-2]],[[1914,8149],[-9,-14],[-2,-1]],[[2492,8381],[-22,1],[-6,1],[-6,3],[-6,2],[-7,0],[-10,2],[-6,3],[0,28],[-4,2],[-15,3],[-3,0],[-6,3],[-12,7],[-16,9],[-12,4]],[[2481,8539],[1,2],[-2,2],[3,6],[-1,3],[3,3],[6,2],[8,1],[2,1],[-3,3]],[[2503,8592],[29,0],[95,0],[0,-25]],[[2627,8567],[0,-17],[92,0],[62,0],[100,0],[0,-1],[0,-101]],[[2159,8936],[0,4],[4,3],[0,3]],[[2187,8947],[0,-5]],[[2525,8798],[3,4],[-3,5],[6,2],[2,3],[4,2],[5,0],[6,-1],[3,4],[10,1],[3,3],[7,0],[7,1],[6,3],[7,2],[1,4],[5,6]],[[2597,8837],[2,5],[6,4],[6,2],[2,0],[6,-3],[10,0],[3,2],[-2,2],[-4,1],[-7,0],[-2,2],[0,2],[5,4],[4,2],[7,3],[5,3],[5,4],[0,1],[-4,3],[-1,3],[4,3],[2,1],[7,0],[0,3],[-7,2],[0,1],[2,2],[7,5],[-2,1],[-5,0],[-2,1],[1,3],[5,3],[0,2],[-5,2],[-6,2],[-1,2],[5,2]],[[2846,9090],[3,-1],[26,-1],[3,0],[12,-1],[5,0],[6,-1],[16,1],[3,-1],[13,1],[5,-1],[12,0],[2,-1],[10,1],[5,0],[12,0],[2,1],[10,2]],[[2991,9089],[0,-52],[0,-66],[0,-60],[0,-3],[-1,-2],[-8,1],[-5,-2],[-1,-1],[2,-2],[5,-1],[-1,-3],[-6,-4],[-2,0],[-4,3],[-6,-2],[0,-2],[3,-4],[6,-5],[-1,-2],[-7,-2],[1,-2],[4,-4],[-7,-2],[-3,-1],[-7,1],[-3,0],[-1,-3],[5,-2],[2,-5],[0,-2],[-6,-8],[-2,-6],[-1,-3],[3,-2],[2,-2],[-2,-3],[0,-4],[-3,-4],[2,-2],[6,-1],[-1,-1],[-6,-1],[-2,-1],[-1,-3],[-6,-2],[0,-2],[5,-4],[6,-6],[3,-6],[2,-2],[6,-2],[1,-2],[-6,-3],[1,-1],[3,-2],[6,-2],[2,-2],[5,0],[2,-3],[4,0],[8,0],[3,-2],[1,-3],[-4,-2],[3,-4],[-1,-1],[-9,-5],[-1,-2],[2,-4],[-1,-3],[-3,-2],[-13,-6],[-9,-6],[-3,-3],[1,-6],[-1,-3],[-2,-2],[-4,-1],[-9,-1],[-6,-2],[-4,-3],[2,-4],[-1,-3],[-2,-2],[-1,-4],[12,-10],[3,-6],[-2,-3],[-3,-6],[1,-4],[3,-4]],[[2939,8673],[-4,-2],[-5,0],[-4,0],[-7,3],[-4,3],[-13,4],[-9,4],[-1,3],[1,4],[-1,3],[-8,6],[-3,5],[-19,16],[-1,6],[-1,2],[-117,0],[1,-65],[0,-6],[-80,0],[0,-2],[-12,-9],[27,-22],[4,-12],[-10,-5],[27,-19],[-73,-23]],[[2087,9013],[5,0]],[[2079,9013],[1,0]],[[8457,6817],[0,-13],[4,-3],[2,-4],[-2,-4],[4,-2],[0,-3],[3,-1],[2,-3],[6,-3],[4,-1],[6,-1],[6,-2]],[[8492,6777],[6,-2],[-1,-2],[-2,-2],[3,-1],[4,1],[6,-1],[-1,-2],[-3,0],[0,-2],[-9,-1],[-1,-3],[9,0],[6,1],[5,0],[9,-2],[3,-2],[4,-4],[2,-2],[-5,-2],[0,-4],[3,0],[6,-4],[6,-3],[5,-1],[3,-2],[-2,-4],[9,-2],[3,-2],[0,-2],[-4,-2],[1,-2],[6,0],[7,-3],[1,-1],[0,-4],[1,-1],[-3,-1],[1,-2],[2,-3],[0,-2],[-4,-2],[-2,-2],[1,-2],[-3,-1],[-6,0],[-4,-2],[-1,-2],[-4,0],[-3,-2],[4,-2],[-5,-3],[4,-1],[1,-4],[1,-2],[3,0],[1,-4],[3,-3],[5,-4],[3,0],[6,-2],[3,0],[6,1],[7,0],[2,2],[7,3],[14,10],[5,3],[5,4],[5,1],[7,5],[4,0],[2,-3],[1,-3],[-3,-5],[-3,-1],[-3,-1],[-4,-3],[2,-1],[11,5],[8,1],[4,3],[7,-4],[1,2],[17,3],[5,1],[6,-1],[5,1],[10,-5],[6,-1],[5,0],[3,1],[11,0],[3,-2],[-2,-2],[-6,-1],[1,-2],[6,1],[4,2],[7,0],[1,-1],[1,-3],[2,-3],[9,0],[10,1],[2,-3],[5,1],[3,-3],[6,2],[5,0],[2,-2],[-3,-2],[4,0],[4,0],[4,-2],[9,1],[7,1],[5,-2],[5,-1],[1,2],[5,1],[6,-2],[-1,3],[-6,1],[-9,2],[-5,1],[-6,1],[-6,3],[-1,2],[-4,1],[-4,9],[1,2],[19,8],[10,4],[3,0],[4,-1],[1,3],[9,2],[4,0],[4,-2],[9,1],[-1,3],[-3,2],[-1,4],[3,3],[4,3],[6,1],[5,-2],[1,-2],[-4,-2],[5,-1],[3,-1],[2,-4],[-3,-1],[4,-4],[7,-1],[3,-2],[1,5],[5,0],[4,-3],[5,-4],[6,-3],[5,-2],[11,-8],[14,-9],[4,-3],[3,2],[4,-1],[4,-3],[10,-5],[12,-4],[7,-4],[5,0],[9,-4],[12,-2],[3,-1],[2,1],[9,0],[4,-1],[14,-4],[6,-1],[9,-3],[9,-1],[8,-3],[10,-5],[12,-4],[13,-6],[12,-3],[9,-1],[16,-4],[-2,3],[5,-1],[10,-1],[10,-2],[5,-2],[4,-4],[4,-2],[6,-4],[-1,-4]],[[6871,5881],[-121,0],[0,83],[1,122],[-1,196],[0,10],[-97,0]],[[7760,7096],[12,-2],[12,-4],[4,-1],[4,-2],[6,-1],[6,-3],[10,-3],[12,-1],[1,-2],[2,-1],[3,1],[2,0],[0,-3],[3,-3],[13,-4],[7,-5],[4,-1],[10,-3],[6,-1],[9,-4],[9,-2],[5,0],[7,-1],[3,-2],[9,-2],[3,0],[2,-2],[7,-2],[9,-6],[8,-4],[6,-1],[7,-4],[9,-1],[9,0],[2,2],[5,-1],[11,1],[6,0],[8,-3],[-4,-2],[1,-2],[6,0],[3,-1],[11,-4],[7,-1],[9,-4],[0,-4],[3,-3],[-4,-2],[0,-3],[3,-9],[8,-13],[2,-5],[4,-6],[6,-6],[5,-3],[0,-6],[1,-7],[3,-5],[3,-7],[4,-6],[3,-2],[1,-3],[4,-2],[8,-8],[2,-3],[6,-2],[5,-3],[10,-3],[4,-1],[5,-3],[4,-8],[-1,-4],[2,-1],[3,2],[-1,2],[3,1],[6,-2],[3,1],[3,-3],[2,-2],[3,-1],[5,0],[7,-2],[5,0],[5,1],[6,1],[11,-2],[13,-5],[4,-3],[11,0],[6,1],[6,0],[12,-4],[2,-2],[1,-3],[3,-1],[7,-3],[9,-3],[6,-2],[6,-1],[11,-6],[6,-2],[5,-4],[5,-2],[3,-4],[5,-1],[18,-11],[3,-2],[1,-2],[4,-1],[5,-3],[8,-4],[6,-2],[5,-3],[9,-4],[4,1],[4,1],[2,-2],[-7,-5],[3,-1],[7,-1],[4,-1],[2,1],[4,0],[-2,-3],[7,0],[0,3],[5,0],[-9,6],[-1,4],[1,0],[9,0],[7,3],[5,0],[7,-1],[4,2],[10,4],[5,0],[5,4],[5,0]],[[3647,1255],[0,-20]],[[3647,1235],[-409,-1],[-360,0],[-138,0],[-106,0]],[[3407,1553],[240,2],[0,-39]],[[3647,1516],[0,-53],[0,-77],[0,-109]],[[2152,9047],[10,1],[4,-3],[4,0]],[[2170,9045],[0,-32],[16,0],[0,-10]],[[2597,8837],[-7,1],[-9,0],[-5,0],[-2,3],[-1,3],[-1,2],[-6,3],[-5,5],[-16,8]],[[1845,9670],[4,-4],[0,-1],[5,-2],[7,-4],[0,-1],[6,-4],[0,-2]],[[1867,9652],[-10,0],[-10,-4],[0,-2],[-3,0],[-1,2],[-4,1],[-1,2],[-4,1],[-6,1],[-4,0],[-4,1],[3,1],[0,3],[-4,3],[2,2],[-5,3],[4,2],[0,2],[25,0]],[[6587,9210],[1,-2],[-5,-1],[-2,-2],[-1,-4],[-2,0]],[[2062,9017],[6,1],[5,1]],[[7991,8089],[-3,4],[1,6],[2,1]],[[3984,9841],[-3,-4],[-1,-2]],[[3980,9835],[-44,-6],[-8,0],[-2,3],[1,2],[5,4],[1,5],[6,1],[4,0],[4,-2],[13,6],[12,-1],[8,-2],[4,-4]],[[2208,8912],[-12,4]],[[2211,8933],[5,2],[2,1],[3,6]],[[2226,8942],[0,-2],[-4,-2],[-4,-5],[4,-3],[10,-1],[5,-2]],[[2237,8927],[1,-2],[-3,-1],[0,-2],[-6,0],[-7,-2],[-2,-2],[-7,0],[-5,-6]],[[2088,9022],[2,-1],[6,-2]],[[2194,8946],[0,-5],[2,-2],[4,-3]],[[2939,8673],[3,2],[6,1],[8,0],[24,3],[8,2],[7,5],[27,15],[5,1],[18,2],[6,1],[7,2],[6,1],[39,-1],[3,0],[10,1],[5,2],[5,1],[12,-1],[9,1],[19,1],[5,0],[8,3],[8,7],[5,2],[5,1],[5,-1],[14,-1],[7,-1],[15,1],[7,0],[7,-1],[9,0],[7,1],[24,6],[10,1]],[[5441,1513],[4,1],[1,2],[15,0]],[[5461,1516],[12,1],[16,-1]],[[5489,1498],[-48,4],[-19,1],[-13,3]],[[5409,1506],[7,2],[1,1]],[[4246,1516],[-40,0],[-18,0],[-113,0],[-218,0],[-135,0],[-75,0]],[[2375,9061],[-1,-2],[-17,1],[-7,3],[-26,-8],[-13,3],[3,14],[-4,2],[-7,-3],[-6,-4],[-3,8],[-6,9],[-2,-11],[-12,-1],[-12,6],[-2,8],[2,6],[-13,-1]],[[2249,9091],[1,3],[4,10],[1,8],[1,5],[0,4],[-2,3],[-5,3],[0,1]],[[2290,423],[0,12],[14,0],[0,-12],[-14,0]],[[2082,9032],[8,-1],[2,-1]],[[2092,9030],[0,-1]],[[3965,1234],[-172,0],[-146,1]],[[4554,1236],[7,13],[-6,-1],[-8,-1],[-7,1],[-2,-1],[-11,-10],[27,-1]],[[1953,8163],[0,-49]],[[770,7415],[-5,3],[-12,4],[-8,4],[0,4],[3,1],[9,-2],[2,0],[12,-2],[4,0],[8,-1],[11,-4],[10,-3],[6,-1],[3,-1],[-1,-3],[-4,-2],[-6,-1],[-8,0],[-6,0],[-13,2],[-5,2]],[[1003,7434],[0,3],[-4,1],[-8,1],[-10,0],[-12,-2],[-5,-2],[-4,-3],[-9,-3],[-13,-7],[-3,-3],[-5,-2],[-3,-4],[1,-2],[-5,-1],[-11,-3],[-6,0],[-5,0],[-2,-2],[-3,1],[-7,1],[-10,-2],[-8,-4],[-4,1],[-6,-1],[-4,1],[-3,-1],[-2,1],[-5,1],[-5,0],[-4,3],[-6,3],[0,4],[5,4],[4,1],[17,3],[8,3],[4,5],[4,4],[6,2],[-1,1],[3,4],[6,1],[5,-1],[2,1],[-1,2],[-5,-2],[-4,3],[1,4],[-4,0],[-9,-6],[-9,-2],[-4,-4],[-1,-3],[2,-2],[-13,-2],[-2,0],[-4,2],[-4,-1],[-3,-2],[-10,-2],[-9,-3],[-4,0],[-7,2],[-10,3],[-4,3],[-3,2],[-9,3],[-10,3],[-10,2],[-4,0],[-8,3],[0,1],[-8,4],[-3,5],[-1,4],[1,5],[5,1],[-3,4],[-2,1],[-4,0],[-6,2],[-10,5],[-9,6],[-2,3],[-4,4],[-9,4],[-2,4],[-4,3],[-9,-1],[-5,1],[-8,3],[-4,4],[-6,4],[-3,6],[-1,4],[-5,4],[0,8],[1,5],[4,5],[5,0],[10,0],[5,-1],[5,0],[4,1],[9,1],[4,0],[10,1],[5,0],[8,0],[4,0],[15,0],[8,-1],[10,-1],[12,0],[5,0],[4,2],[11,8],[8,5],[5,4],[3,2],[7,2],[8,1],[4,0],[4,-1],[7,2],[5,4],[4,1],[1,2],[7,4],[2,2],[9,4],[4,5],[4,2],[-4,2]],[[862,7594],[9,1],[-1,112],[27,23],[30,-7]],[[927,7723],[25,-5],[20,-5],[3,0],[5,-2],[29,-6],[3,0],[6,3],[5,1],[3,2],[9,3],[6,0],[3,1]],[[1044,7715],[17,8],[6,3],[6,2],[5,2],[13,2],[9,1],[9,5],[10,4],[9,3],[10,1],[12,7],[14,9],[2,5],[2,3],[-215,139],[100,79],[-128,128],[57,20],[20,36],[-20,33],[-77,0]],[[905,8205],[4,6],[11,17],[4,11],[3,1],[-3,3],[-1,7],[-3,12],[0,3],[-2,6],[-4,3],[-2,1],[-4,1],[-1,1],[1,3],[2,0],[5,-1],[0,-3],[2,-2],[6,-1],[9,0],[9,1],[8,2],[11,4],[3,0],[7,1],[4,-2],[3,2],[-5,1],[-4,3],[-3,3],[0,2],[2,2],[-1,2],[1,3],[4,2],[3,4],[2,4],[5,1],[4,7],[5,3],[7,2],[0,-4],[-3,-2],[3,-2],[1,-3],[2,-2],[-3,-3],[1,-2],[3,-1],[-2,-6],[3,-6],[-2,-3],[1,-3],[0,-3],[3,-3],[6,-4],[3,-2],[6,-2],[5,-2],[2,0],[5,-5],[11,-2],[11,0],[4,-2],[5,0],[1,-1],[5,0],[4,1],[4,-1],[9,2],[8,0],[0,-2],[12,0],[4,3],[4,0],[2,-1],[5,0],[7,2],[5,1],[8,3],[8,2],[10,3],[7,4],[1,1],[6,5],[4,1],[3,0],[3,-3],[2,2],[1,3],[6,4],[12,6],[10,6],[7,5],[5,3],[4,3],[3,-3],[4,0],[5,-4],[9,1],[4,0],[14,5],[5,4],[5,2],[13,8],[10,8],[10,9],[2,1],[7,9],[3,1],[39,54],[15,20]],[[1568,8281],[0,-119],[0,-196],[0,-13],[0,-183],[0,-65],[258,0],[336,0],[103,0],[62,0],[0,65],[0,135],[147,0],[0,0]],[[1190,7856],[-4,-1],[1,-4],[6,-6],[4,0],[5,-1],[2,1],[3,-1],[3,1],[-5,2],[8,6],[9,0],[0,6],[-25,0],[-6,-2],[-1,-1]],[[4884,5709],[-3,2],[-2,3],[1,11],[17,-6],[5,-4],[1,-4],[-2,-2],[-17,0]],[[927,7723],[34,34],[83,-42]],[[6363,7462],[2,4],[-2,1],[3,5],[2,0],[5,3],[0,1],[26,0],[-2,-13],[2,0],[0,-8]],[[8611,9122],[-3,3],[2,4],[-1,3],[-15,-2],[-2,-1],[-2,-4],[-4,1],[4,2],[0,4],[-2,2],[-7,0],[-6,4],[-1,4],[-6,1],[-3,0],[0,2],[-3,2],[-3,-1],[-4,3],[-6,-1],[-1,-1],[-13,-2],[-3,-4],[-1,1],[2,4],[3,4],[-2,1],[4,3],[12,-3],[9,0],[9,0],[14,2],[4,2],[1,2],[-2,2],[1,2],[7,0],[10,1],[6,2],[3,2],[9,-1],[12,1],[10,2],[4,1],[5,-3],[2,-5],[0,-5],[1,-2],[2,-3],[6,0],[2,-2],[4,-2],[1,-2],[6,-5],[7,-4],[7,-2],[6,1],[3,1],[2,-1],[12,-2],[5,2],[3,0],[7,-1],[1,0]],[[9995,5181],[0,-289],[0,-24],[0,-18],[1,-83],[0,-96],[0,-74],[0,-74],[0,-23],[0,-58]],[[9996,4442],[-346,2],[-111,0],[-234,1],[-162,1],[-1,-146],[-346,0],[-65,1],[-282,0],[-36,0],[-123,14],[-22,0]],[[8268,4315],[0,135],[0,158],[0,38],[0,86],[0,32],[0,64],[0,194],[69,0],[100,0]],[[9995,5557],[0,-116],[0,-140],[0,-52],[0,-68]],[[2053,9017],[-5,1],[0,2],[-3,2],[6,1],[3,2]],[[2054,9025],[8,-6],[0,-1]],[[4098,7616],[-115,0],[0,58],[-101,0],[0,-21]],[[2301,8828],[2,1],[0,2],[1,21],[-11,0],[1,14],[9,0],[0,2]],[[7452,7771],[-3,1],[-1,3],[3,2],[8,-1],[4,-4],[3,-2],[2,-2],[1,-3],[9,1],[8,5],[7,0],[9,-3]],[[7502,7768],[-3,-3],[-12,-2],[-11,-2],[-6,0],[-4,3],[-6,3],[-6,2],[-2,2]],[[7335,7615],[2,5],[-1,3],[1,2],[6,-1],[7,0],[11,2],[3,-1],[3,-3],[0,-1],[-4,-4],[-8,-3],[-3,-4],[-5,-4],[-5,1],[-4,5],[0,2],[-3,1]],[[7483,7759],[0,-2],[-2,-3],[-5,2],[0,2],[7,1]],[[7452,7771],[0,-2],[-1,-2],[7,-1],[6,-4],[2,-2],[6,-3],[6,-4],[-8,-6],[-1,-2],[-6,-6],[-4,-4],[-1,-2],[1,-3],[-2,-3],[-5,-3],[-4,-5],[-3,-2],[-3,-3],[-6,-4],[-2,-1],[0,-3],[-7,-4],[-4,-4],[-2,-4],[-2,-2],[-3,-2],[-2,-2],[-5,-3],[-1,-2],[3,-1],[0,-5],[3,-2],[-2,-6],[-3,-2],[-2,-1],[-3,3],[-2,0],[-4,3],[-5,0],[-7,-1],[-4,-1],[-6,-1],[-5,1],[-3,2],[-3,-2],[1,-2],[-2,-2],[-2,0],[-3,3],[-4,0],[-3,-2],[2,-2],[-5,-3],[-7,-4],[0,-4],[-2,-2],[-5,-1],[1,-2],[-4,-2],[1,-8],[-5,-2],[-1,-3],[-3,-5],[-3,-3],[1,-6],[-1,-2],[0,-4],[-8,-3],[-7,1],[-3,-1],[-5,-3],[-5,-5],[0,-1],[4,-3],[1,-3],[-5,-4],[-5,1],[-2,2],[-7,-3],[-8,-6],[-5,-6],[-3,-1],[-1,-4],[-4,-4],[-5,-9],[-2,-3],[1,-1],[-4,-8],[-1,-7],[-1,-6],[-3,-2],[0,-3],[3,-1],[4,-5],[3,-1],[3,-1],[3,1],[7,-1],[2,-7],[-4,-3],[-4,0],[-2,1],[-5,0],[-3,2],[-7,0],[-2,-2],[-1,-4],[-4,-1],[-6,0],[-7,-4],[-1,-1]],[[7222,7505],[0,2],[3,5],[0,100],[0,5],[0,43],[0,76]],[[7690,8359],[0,-3],[2,-4],[3,-3],[-4,-1],[-3,-4],[3,-5],[5,-4],[5,0],[16,2],[7,2],[15,1],[4,0],[-2,-4],[2,-3],[-1,-2],[0,-3],[-5,-4],[-1,-2],[0,-3],[-2,-2],[-5,-2],[-5,0],[-2,5],[0,2],[-2,1],[-7,1],[-3,-1],[-6,-1],[-5,-3],[-2,-3],[0,-2],[6,-3],[3,-3],[-4,-3],[-1,-2],[-3,0],[-7,1],[-5,3],[-3,4],[0,3],[-3,2],[1,2],[-7,2],[-4,-1],[-4,2],[-2,2],[-1,5],[-3,2],[-6,1],[-6,0],[-11,-3],[-8,-3],[-4,-1],[-3,-4],[0,-2],[-2,-2],[-1,-6],[2,-4],[4,-2],[2,-3],[-3,-3],[2,-2],[-4,-1],[-2,-1],[0,-3],[3,-3],[2,-4],[-3,-3],[0,-5],[-3,-5],[-2,-4],[2,-2],[5,-2],[4,-3],[-2,-1],[3,-3],[-1,-4],[2,-1],[-1,-7],[4,-3],[-4,-2],[-6,0],[-7,-3],[-4,2],[-6,-1],[-6,0],[1,-2],[-5,-2],[4,-4],[1,-2],[-3,-5],[-3,-1],[6,-4],[1,-3],[0,-7],[4,-3],[8,0],[5,-3],[5,0],[4,-1],[1,-4],[6,-8],[-2,-6],[1,-3],[2,-3],[9,-7],[5,-1],[7,0],[5,1],[7,5],[4,0],[2,2],[4,-5],[3,-3],[8,-3],[-2,-2],[-1,-3],[-5,0],[-7,3],[-7,-1],[-14,-6],[-9,-5],[-3,-3],[0,-4],[2,-4],[3,-2],[1,-3],[7,-6],[4,-1],[6,-4],[11,-3],[5,-2],[11,-1],[10,0],[13,0],[14,1],[4,2],[11,2],[9,4],[8,7],[4,3],[-1,4],[3,1],[3,0],[1,-2],[5,-1],[9,3],[5,3],[2,2],[-1,4],[-1,1],[1,3],[2,1],[5,-2],[9,2],[8,4],[1,4],[-6,2],[3,4],[0,3],[-1,2],[-3,2],[-3,2],[3,1],[5,-2],[8,-1],[5,2],[2,1],[0,2],[3,2],[3,1],[4,-3],[4,-1],[10,-1],[6,-3],[6,-1],[5,2],[-1,-3],[-1,-1],[-5,-6],[-4,1],[-8,-2],[-8,-3],[-4,-3],[-3,-4],[1,-4],[2,-1],[-2,-2],[-7,-2],[-3,-1],[-3,-4],[-5,-3],[-3,-3],[-1,-2],[2,-1],[0,-5],[3,-2],[-3,-3],[-1,-2],[1,-5],[-2,-1],[-7,0],[-8,-3],[-5,-3],[-2,-3],[1,-3],[-2,-5],[1,-2],[-6,-6],[0,0],[-2,-3],[1,-4],[5,-6],[1,-6],[2,-2],[2,-4],[-2,-5],[-3,-3],[-4,-1],[-2,-3],[-9,-4],[-5,-4],[-3,-4],[-1,-3],[1,-3],[2,-3],[1,-2],[-4,-4],[0,-4],[-2,-3],[1,-2],[-9,-4],[-4,-2],[-2,-2],[-7,-3],[-3,-4],[-4,-6],[0,-2],[-8,-6],[-1,-2],[2,-2],[-4,-3],[-6,-2],[-4,1],[-4,-1],[0,-2],[-14,-7],[-6,-4],[-6,-3],[-1,-2],[-5,-3],[-3,-3],[-1,-4],[1,-3],[6,-5],[-2,-4],[2,-4],[0,-5],[0,-4],[-2,-6],[-4,-5],[1,-5],[-3,-3],[-3,-8],[-6,-7],[-3,-2],[-6,-4],[1,-1],[-3,-4],[1,-4],[3,0],[1,-1],[-1,-3],[-3,-5],[-1,-3],[-2,-6],[-1,-4],[-2,-5],[-2,-4],[2,-3],[-7,-6],[2,-2],[16,-4],[5,-3],[3,-3],[2,-3],[-1,-1],[-5,-1],[-1,2],[-3,2],[-2,4],[-4,1],[-9,-1],[-9,-3],[-8,-2],[-9,-4],[-5,-2],[-6,-2],[-14,-6],[-3,-2],[-3,-4],[-8,-2],[-8,-4],[-3,-1],[-4,1],[-7,1],[-6,-1],[-10,-2],[-6,-2],[-7,-5],[-4,-5],[-3,-1],[-5,-6],[-3,-2],[-6,-1],[-7,-6]],[[2202,8961],[7,-4]],[[6125,5036],[-186,0],[0,-19],[-337,0],[0,-81],[0,-101],[-79,0]],[[5523,4835],[-309,0],[-124,0],[-264,0],[0,196],[0,82],[-27,0],[-242,0],[4,59],[0,195],[0,146],[0,50],[0,97],[0,99],[0,122],[31,0],[123,0],[51,0]],[[2045,8983],[0,-1]],[[2045,8982],[-3,2]],[[2060,8989],[-7,-2],[-7,-2],[-1,-2]],[[8575,6782],[-1,3],[3,1],[5,-4],[-3,-1],[-4,1]],[[8683,6793],[3,2],[0,2],[-6,1],[-4,-3],[0,-1],[-4,-1],[-4,2],[2,4],[-4,2],[0,3],[5,2],[8,0],[7,1],[3,0],[10,-4],[-2,-1],[-5,2],[-6,-1],[-2,-3],[5,-4],[0,-2],[-6,-1]],[[8611,6858],[5,1],[2,3],[3,0],[5,0],[8,0],[5,-1],[4,-3],[3,-1],[5,2],[6,0],[3,1],[3,-3],[5,0],[4,-1],[3,-3],[4,0],[5,-3],[4,1],[4,-1],[6,-2],[-1,-4],[4,-4],[-3,0],[0,-2],[5,-1],[-2,-3],[2,-2],[-9,-1],[-6,-4],[-2,-3],[-4,-1],[-9,2],[-4,0],[0,1],[3,6],[-4,1],[-7,-1],[-4,2],[-9,-5],[-2,-2],[-2,-5],[2,-2],[4,-1],[5,1],[5,1],[5,0],[-2,-2],[0,-3],[2,-2],[5,1],[2,-2],[-2,-3],[2,-3],[-7,-2],[-8,-1],[0,-2],[-3,-1],[-1,-2],[-3,-1],[-7,-3],[-2,-2],[-3,1],[-3,-1],[-4,2],[-3,0],[-2,-2],[-6,1],[-3,-3],[-6,0],[-4,-1],[-1,-4],[-4,0],[-2,-2],[-7,0],[-6,5],[-1,3],[1,8],[6,3],[4,4],[1,3],[0,5],[2,0],[4,-3],[6,0],[2,3],[-3,2],[-1,2],[-5,2],[-4,0],[-4,-1],[-3,1],[-2,1],[0,2],[3,-1],[3,2],[1,4],[-2,2],[2,3],[-3,4],[2,1],[5,2],[-1,5],[-5,3],[2,2],[1,4],[-4,2],[1,1],[5,2],[3,-2],[8,0]],[[8457,6817],[3,0],[1,2],[7,0],[3,3],[8,3],[9,10],[0,2],[3,4],[2,0],[6,-2],[4,0],[4,0],[2,0],[2,-1],[6,-1],[3,1],[2,2],[2,7],[3,-2],[4,-1],[0,-3],[3,-1],[0,-1],[-1,-3],[2,-3],[5,-1],[5,0],[2,3],[5,-1],[6,-3],[1,-3],[0,-1],[2,-2],[3,0],[2,1],[2,-1],[4,1],[9,0],[2,-1],[-3,-4],[-2,-6],[-6,-5],[-1,-4],[-6,-4],[-3,-4],[-3,-3],[-4,-1],[-1,-3],[-5,-3],[1,-2],[-4,0],[-5,-5],[-1,-4],[-3,-5],[-2,-1],[-7,1],[-7,2],[-9,0],[-6,0],[-6,3],[-4,2],[-4,-2]],[[8496,6885],[3,2],[1,4],[4,2],[3,1],[4,-2],[5,1],[7,-2],[3,-2],[7,-1],[2,-2],[-1,-3],[-1,-1],[-5,0],[-4,2],[-6,-1],[-3,-1],[-12,3],[-7,0]],[[8343,6936],[-2,1],[5,5],[0,-4],[-3,-2]],[[8464,6919],[-3,-2],[-4,0],[-1,-1],[-7,-1],[0,-2],[-4,-6],[2,-2],[-6,-3],[-2,-5],[1,-2],[3,-1],[2,-7],[-2,-1],[0,-3],[2,-2],[-2,-4],[1,-2],[4,-2],[-8,0],[-2,-1],[-3,-3],[1,-4],[-1,-3],[-2,-3],[-7,-1],[-4,1],[-9,0],[-2,-2],[-6,2],[-6,1],[-6,3],[-3,0],[-5,-2],[-5,-3],[0,-2],[-3,-2],[-4,0],[-9,0],[-4,-1],[-11,1],[-3,2],[-6,4],[-2,1],[-8,-1],[-3,1],[1,2],[4,1],[3,2],[10,6],[3,2],[-2,4],[0,8],[-3,2],[0,2],[-2,1],[-3,4],[2,1],[7,3],[5,3],[4,3],[1,4],[1,5],[-4,6],[-2,1],[-7,1],[2,5],[7,1],[8,2],[1,1],[-2,3],[5,1],[8,-2],[6,0],[12,0],[11,1],[8,2],[4,5],[-3,3],[2,2],[5,1],[2,1],[4,-2],[8,-1],[3,0],[9,-2],[4,-2],[6,-1],[4,-3],[0,-5],[1,-3],[1,-7],[3,-3]],[[8504,6898],[2,3],[4,-2],[-3,-2],[-3,1]],[[8708,6911],[2,-2],[2,-4],[-1,-3],[-5,-3],[-9,0],[-9,2],[-8,-1],[-5,1],[-5,0],[-3,1],[-2,4],[-3,1],[-4,-1],[-1,-2],[-3,1],[-3,-1],[-2,-2],[-3,-1],[-9,3],[9,2],[5,4],[3,5],[5,1],[7,-2],[6,0],[3,3],[9,-1],[4,0],[8,0],[5,1],[2,2],[3,-1],[1,-2],[-1,-2],[-2,-1],[-3,-2],[-3,-1],[1,-2],[5,3],[4,0]],[[8656,6880],[2,2],[-2,2],[-5,0],[-6,-1],[-4,1],[1,2],[5,2],[4,5],[6,3],[5,-1],[9,-2],[10,-1],[2,-1],[5,-4],[-1,-1],[-4,-1],[-3,1],[-4,-2],[-2,-2],[-2,2],[-6,-1],[-1,-3],[-8,-1],[-1,1]],[[8577,6882],[0,-1],[-4,0],[0,2],[4,-1]],[[8584,6854],[3,3],[1,0],[0,-5],[-4,1],[0,1]],[[8784,6879],[-2,1],[7,3],[0,-2],[-5,-2]],[[8747,6883],[-2,1],[2,1],[-3,2],[-2,-2],[-5,0],[0,-2],[5,-1],[3,-2],[3,-1],[2,-1],[3,4],[5,-2],[-1,-3],[-4,-2],[0,-2],[2,-3],[3,-1],[-1,-3],[-6,2],[-6,-2],[-3,-3],[-7,0],[-3,-1],[-6,-1],[-1,-1],[-8,-2],[-2,2],[1,2],[-3,1],[-2,3],[-2,0],[-1,3],[11,0],[4,2],[1,2],[-3,1],[-4,0],[-3,4],[-9,0],[-3,-1],[-2,1],[4,2],[7,1],[4,2],[-1,2],[-2,2],[-3,0],[-4,-1],[-4,0],[0,2],[2,3],[7,4],[8,3],[6,0],[3,2],[2,2],[-4,7],[-6,5],[-6,0],[0,4],[4,5],[-4,5],[2,1],[3,1],[7,1],[7,2],[3,2],[2,3],[-4,1],[-1,3],[3,3],[1,2],[7,4],[-2,-6],[4,-1],[4,1],[1,2],[5,3],[4,0],[-1,-6],[-2,-2],[0,-4],[-2,0],[-2,-4],[0,-2],[2,-3],[2,0],[2,-3],[-2,-1],[3,-4],[-1,-3],[3,0],[0,-3],[4,-3],[-1,-3],[2,-5],[3,-3],[5,-2],[8,-1],[1,-3],[-3,-2],[-3,0],[-5,-3],[-4,0],[-2,3],[-3,0],[0,-3],[-4,-2],[2,-2],[-14,-3]],[[8840,6953],[-7,1],[6,2],[2,-2],[-1,-1]],[[8863,6887],[-1,1],[3,3],[4,0],[0,-2],[-1,-3],[-3,-1],[-2,2]],[[8758,6810],[0,3],[6,-1],[-6,-2]],[[8832,6799],[-3,2],[-4,-2],[-1,0],[3,4],[-2,3],[-3,0],[-2,-1],[-4,1],[0,1],[1,2],[4,0],[2,2],[-2,2],[-3,1],[4,3],[-1,1],[-3,1],[-2,1],[5,2],[-4,1],[5,4],[-1,3],[-3,2],[-11,-1],[-2,1],[-7,1],[1,2],[7,0],[2,-1],[10,0],[4,0],[1,2],[8,3],[-1,1],[-6,1],[0,1],[5,2],[1,5],[-3,0],[-3,-1],[-2,2],[3,1],[7,-1],[2,2],[-1,1],[3,1],[1,3],[4,1],[3,5],[5,-2],[2,1],[5,-1],[1,-2],[-4,-1],[4,-3],[-3,-2],[4,-2],[-3,-1],[1,-2],[5,1],[2,-2],[3,0],[6,-3],[-3,-3],[2,-1],[5,0],[3,2],[0,2],[4,3],[1,3],[-4,1],[-5,-2],[-5,2],[-3,2],[0,7],[-3,3],[1,2],[-1,2],[4,0],[0,-1],[5,1],[9,3],[5,3],[2,3],[0,3],[-2,5],[-4,2],[2,3],[-1,2],[-4,3],[1,2],[-2,2],[1,2],[8,-1],[3,-1],[-1,-2],[3,-2],[2,1],[1,3],[3,0],[12,-5],[-2,-3],[3,-3],[6,-2],[-3,-1],[-1,-2],[1,-2],[7,-4],[0,-3],[3,-2],[-2,-2],[1,-2],[8,-3],[6,-1],[11,0],[7,3],[-2,5],[7,1],[3,-3],[-5,-1],[0,-4],[-3,-1],[3,-9],[3,0],[5,1],[5,1],[3,-1],[0,-1],[5,-2],[-3,-1],[-4,-2],[2,-2],[4,0],[-1,-5],[1,-2],[-2,-3],[-2,-2],[2,-8],[4,-3],[1,-3],[1,-7],[-3,-1],[1,-3],[-1,-2],[-3,-2],[-1,-6],[3,-6],[-1,-3],[1,-3],[-4,-1],[0,-2],[3,-3],[6,0],[1,-1],[5,-3],[8,0],[5,-2],[4,-1],[-1,-3],[-3,-3],[0,-3],[-2,-1],[0,-3],[-2,-3],[-1,-6],[-1,-3],[-3,-1],[-5,-3],[-2,0],[-4,-4],[-1,-3],[-5,-1],[-3,-2],[-4,-2],[-1,-3],[3,-4],[-1,-1],[-10,3],[-3,2],[-4,0],[-4,-1],[-2,2],[-4,0],[-3,1],[-4,0],[-4,1],[0,3],[3,2],[2,5],[-1,4],[-4,5],[-3,1],[-1,4],[-5,1],[-8,-1],[-5,-3],[-4,-2],[-5,2],[-5,2],[-4,3],[-6,2],[-4,-1],[-3,2],[4,2],[0,1],[-6,4],[1,2],[-5,5],[3,1],[0,5],[-1,1],[-5,1],[-6,-3],[-1,2],[2,3],[4,1],[-2,3],[-4,1],[-6,-2],[-3,1],[1,2],[4,1],[3,0],[4,1],[0,2],[-1,1],[-4,0],[-1,2],[3,1],[2,3],[3,2],[1,3],[-3,4],[-2,2],[-5,-1],[-2,-3],[-3,-1],[-1,-4],[-5,-3],[-2,1],[1,2],[-3,1],[1,4],[-1,4],[-2,2],[-5,-1],[-1,-2],[-5,-2],[-1,-1],[3,-2],[-3,-1],[3,-2],[-1,-3],[6,-3],[-1,-2],[-3,1],[-3,0]],[[8832,6784],[-3,-3],[3,-2],[-1,-3],[2,-1],[-1,-2],[-5,3],[-1,2],[-4,1],[4,3],[6,2]],[[8967,6719],[5,1],[-5,-7],[-3,1],[1,2],[-1,2],[3,1]],[[3318,0],[-60,0],[-263,0],[-112,0],[-68,0],[-180,0],[-127,0],[-72,0],[-160,0],[-36,0],[-304,0],[-18,0],[-220,0],[-126,0],[-122,0],[-65,0],[-95,0],[-62,0],[-236,0],[-78,0],[-82,0],[-109,0],[-138,0],[-113,0],[-131,0],[-107,0],[-90,0],[-142,0],[-2,0],[0,224],[0,1009]],[[2233,487],[0,76],[-88,0],[0,-77],[88,0],[0,1]],[[2483,6114],[-3,-3],[-4,-8],[-3,-7],[-2,-7],[0,-6],[2,-4],[8,-13],[3,-2],[5,-4],[2,-2],[-1,-3],[-2,-3],[0,-3],[0,-6],[-1,-3],[-4,0],[-3,-1],[-2,1],[-19,0],[2,4],[9,9],[3,4],[-3,2],[-5,5],[-10,14],[-1,14],[2,6],[5,8],[-1,2],[-3,3],[-13,4],[-8,7],[-2,6],[-3,7],[3,8],[-1,3],[2,18],[3,-5],[4,-4],[5,-3],[4,-4],[0,-5],[-2,-6],[0,-4],[2,-2],[4,-3],[9,-5],[6,-4],[2,-1],[7,-2],[4,-2]],[[2198,8964],[-1,0]],[[2180,8964],[-3,3],[-7,2],[-8,3]],[[1577,9659],[-3,2],[3,2],[-1,1],[-6,1],[-2,2],[4,5],[0,2],[-5,4],[0,4],[-3,2],[0,6],[3,5]],[[1567,9695],[5,0],[1,-3],[3,0],[2,2],[5,-2],[-2,-2],[4,-1],[0,-2],[7,-4],[-2,-2],[3,-2],[2,-2],[5,-1],[-13,-5],[4,-1],[0,-10],[-14,-1]],[[2991,9089],[8,0],[2,-1],[6,2],[17,1],[7,0],[8,1],[14,1],[7,0],[8,2],[6,1],[7,1],[3,0],[1,2],[12,3],[0,1],[7,1],[9,1],[15,3],[17,4],[18,8],[4,1],[7,3],[9,3],[7,4],[9,1],[3,0],[11,0],[4,-2],[2,-2],[8,-3],[1,-2],[-2,-3],[2,-2],[6,-4],[5,-1],[2,-2],[-2,-3],[2,-3],[8,-4],[15,-6],[2,-1],[12,-3],[19,-4],[13,-1],[14,0],[5,-1],[11,-3],[4,-1],[13,-3],[17,-2],[15,0],[7,-1],[5,-1],[4,0]],[[1206,8476],[4,7],[5,2],[8,-1],[2,-2],[-2,-3],[5,-3],[0,-2],[-1,-2],[2,-3],[4,-4],[-2,-1],[-6,0],[-7,2],[-1,2],[-4,1],[-5,2],[-2,5]],[[1132,8496],[-1,6],[1,12],[0,4],[-3,11],[0,7],[4,2],[4,-3],[1,-5],[-3,-6],[-1,-4],[1,-3],[3,-2],[2,-2],[4,-2],[5,-2],[8,1],[11,2],[7,-1],[6,-3],[2,-2],[7,-3],[4,-4],[0,-2],[-2,-4],[-6,-2],[-4,1],[-3,1],[-8,2],[-6,0],[-7,-2],[-2,-2],[-11,2],[-10,0],[-3,3]],[[1377,8425],[-1,2],[-4,1],[-5,5],[-3,5],[-1,6],[-2,3],[-3,2],[-8,6],[-12,8],[-3,2],[-4,2],[-2,2],[-5,4],[-4,1],[-7,6],[-6,4],[-2,2],[-3,1],[-8,5],[0,1],[-5,3],[-14,1],[-3,-1],[-7,0],[-9,-1],[-4,3],[-9,3],[-3,2],[0,2],[2,3],[1,4],[-2,4],[2,8],[1,1],[9,7],[7,9],[0,2],[-5,1],[1,2],[-6,2],[-2,2],[-4,3],[1,4],[-1,2],[2,5],[0,3],[4,6],[3,6],[1,5],[0,6],[1,3],[4,5],[7,10],[2,4],[-1,4],[-1,3],[-2,3],[-4,0],[-5,2],[-2,2],[0,3],[1,5],[4,5],[5,3],[2,3],[2,4],[0,7],[5,2],[7,-1],[8,2],[8,6],[2,2],[5,2],[4,2],[3,0],[8,-2],[8,1],[1,-3],[-2,-4],[1,-3],[3,-2],[1,-2],[7,-4],[3,-2],[4,-1],[5,-2],[10,-1],[10,1],[16,0],[17,3],[16,6],[4,1],[3,2],[11,4],[4,1],[2,1],[6,2],[5,4],[3,2],[5,4],[12,3],[2,0],[6,1],[7,4],[0,3],[-6,2],[8,13],[8,10],[5,9],[5,13],[2,5],[-1,2],[-4,2],[-1,4],[1,1],[-1,3],[3,5],[-1,5]],[[8486,3983],[2,76],[-220,0],[0,242],[0,14]],[[9996,4442],[0,-108],[0,-145],[0,-144],[0,-39],[0,-180],[0,-69],[0,-146],[0,-28],[0,-68],[1,-34]],[[2054,9025],[4,2],[3,-1],[7,0]],[[2429,8288],[-120,0],[-72,0],[0,31]],[[2203,8938],[3,5]],[[5406,1506],[3,0]],[[5455,1529],[3,-2],[-3,-4],[6,-7]],[[2170,9045],[3,0],[4,1],[2,-1],[5,2],[7,0],[6,0],[2,1],[4,0],[11,-5],[5,0],[8,-2],[5,-3],[3,-1],[10,-1],[4,1],[10,-1],[2,-1],[5,2],[0,3],[6,3],[3,1],[1,1],[-6,0],[-11,-2],[-4,2],[-2,2],[4,1],[-6,3],[-1,3],[4,4],[5,1],[12,-2],[8,-2],[-8,5],[-3,0],[-7,2],[-4,2],[-5,0],[-5,-1],[-6,-3],[-1,-2],[-4,3],[2,7],[0,5],[2,1],[1,4],[6,11],[2,2]],[[9999,1409],[0,-69],[0,-136],[0,-48],[0,-87],[0,-298],[0,-202],[0,-183],[0,-86],[0,-222],[0,-77],[-92,0],[-186,0],[-92,0],[-93,0],[-82,0],[-103,0],[-185,0],[-93,0],[-92,0],[-93,0],[-93,0],[-277,-1],[-93,0],[-97,0],[-273,0],[-82,0],[-103,0],[-90,0],[-218,0],[-116,0],[-82,0],[-114,0],[-138,0]],[[2184,8783],[-3,-2],[-8,2],[-7,0],[0,7],[-8,0]],[[5441,1546],[0,-13]],[[2043,8974],[2,8]],[[2045,8983],[6,1],[0,-2],[3,0]],[[2054,8982],[0,-3],[4,-2],[-3,-3]],[[3914,6478],[-3,96],[-240,5],[-238,2],[1,47]],[[7294,4066],[-134,0],[-4,196],[-2,84],[-10,1],[-22,0],[-9,2],[-253,-1],[0,64],[0,79],[0,55],[-28,0],[-205,-1],[-96,0],[-239,0],[-346,1],[0,37],[-108,0],[-104,0],[-140,0],[-71,0]],[[5523,4583],[0,194],[0,58]],[[0,3313],[0,1096],[0,86],[0,71],[0,59],[0,130],[0,92]],[[3359,4576],[1,-179],[0,-196],[0,-195],[0,-31],[1,-171],[176,-90]],[[5523,4583],[-31,0],[-231,0],[-63,0],[1,-198],[0,-39],[0,-112],[-290,-92],[-157,-48],[-303,-96],[-303,-95],[-304,-95],[-305,-94]],[[3436,5759],[331,0],[13,0],[0,181],[0,183],[0,115],[134,0]],[[5768,4222],[0,2],[10,-2],[5,-2],[3,-2],[7,-10],[5,-2],[11,-4],[1,-8],[-1,-5],[-8,0],[-45,-8],[-2,-2],[1,-3],[-4,0],[-2,6],[-2,2],[-14,9],[-4,4],[-3,3],[-1,4],[0,20],[43,-2]],[[862,7594],[-7,-2],[-5,-2],[-6,-2],[-42,-8],[-4,0],[-19,-4],[-9,-3],[-6,-1],[-8,-3],[-4,-2],[-9,-2],[-5,0],[-12,0],[-21,4],[-1,1],[-26,3],[-9,1],[-9,-1],[-15,2],[-5,1],[-11,1],[-5,2],[-3,2],[1,1],[-5,2],[-4,0],[-4,1],[-16,1],[-3,1],[-6,-3],[-2,2],[-3,1],[0,2],[-2,1],[-3,5],[-3,3],[-4,1],[0,2],[-5,3],[-8,4],[-4,1],[1,2],[-2,2],[-6,2],[-1,2],[5,3],[6,2],[6,5],[2,4],[4,4],[-3,5],[-4,3],[-7,1],[9,-4],[3,-3],[-5,-5],[-2,-4],[-5,-4],[-12,-6],[-4,0],[-1,1],[-4,2],[0,7],[-1,3],[-1,6],[-1,3],[-3,4],[1,3],[-3,-1],[-5,3],[-3,2],[-5,1],[11,-8],[5,-7],[1,-11],[1,-2],[-1,-2],[-5,-2],[-6,-1],[-5,-1],[-3,-2],[-4,-1],[-2,1],[-2,2],[0,2],[-3,5],[5,2],[-1,3],[-11,3],[-7,-1],[-1,2],[-12,6],[-1,4],[-4,2],[1,3],[-1,3],[3,-1],[-5,5],[-3,1],[-1,2],[-3,0],[-3,4],[-10,4],[-8,2],[-8,2],[-5,1],[-11,-1],[-6,-2],[-8,0],[-1,3],[4,8],[2,6],[-2,3],[2,5],[-1,2],[2,3],[3,1],[10,14],[0,6],[-2,1],[-6,3],[2,4],[7,2],[8,6],[3,0],[5,1],[5,3],[4,3],[7,8],[2,1],[3,4],[4,3],[5,-2],[-2,5],[1,4],[-4,-2],[0,7],[1,4],[-3,3],[-1,8],[3,5],[-3,2],[7,4],[7,-1],[1,-1],[10,4],[11,9],[4,4],[4,7],[3,3],[4,0],[2,-2],[3,0],[4,2],[1,3],[4,2],[6,6],[1,2],[7,8],[3,6],[6,6],[6,8],[3,2],[5,0],[3,-3],[4,-1],[2,2],[-1,2],[3,2],[-4,0],[-8,3],[-2,4],[5,8],[0,9],[-1,3],[-2,3],[-4,1],[-5,1],[-5,0],[0,9],[-1,3],[-3,3],[-7,2],[3,2],[4,1],[9,-1],[2,-2],[0,-2],[5,-5],[10,-5],[8,-1],[13,6],[2,2],[-4,3],[3,1],[8,-3],[4,-4],[1,-5],[-3,-4],[-1,-3],[5,-4],[3,-2],[-1,-4],[-5,-1],[-3,-3],[-3,-4],[-1,-4],[1,-2],[0,-4],[-2,-4],[-2,-1],[2,-3],[5,0],[5,-2],[4,-4],[16,1],[0,8],[-3,8],[1,4],[3,6],[1,5],[6,4],[5,4],[3,2],[8,-3],[4,-5],[4,1],[4,3],[2,-1],[-1,-2],[6,0],[1,5],[3,1],[3,3],[7,5],[4,4],[1,4],[-1,3],[-6,5],[-9,5],[-1,2],[-6,1],[-1,1],[3,2],[3,2],[-1,2],[1,4],[4,4],[2,-5],[-1,-3],[4,-4],[6,-4],[5,-2],[4,0],[4,-3],[5,-1],[3,-1],[10,0],[4,-1],[16,3],[4,2],[2,1],[5,2],[8,1],[7,3],[2,0],[10,3],[6,3],[2,0],[3,0],[7,3],[7,-1],[7,2],[8,3],[-1,2],[5,5],[2,5],[6,4],[4,2],[1,4],[5,1],[1,4],[6,9],[0,3],[-6,2],[-1,1],[3,7],[-3,4],[2,5],[0,2],[-6,4],[-1,5],[-6,5],[-5,1],[-5,0],[-4,-1],[-4,0],[-5,3],[1,3],[-1,2],[1,5],[4,6],[1,3],[-1,2],[2,7],[1,2],[10,6],[6,4],[4,4],[25,10],[4,3],[8,8],[12,5],[8,0],[4,-1],[-1,7],[-5,1],[-4,4],[-1,5],[3,7],[1,3],[2,6],[1,5],[0,2],[-3,4],[-4,1],[-1,1],[0,5],[2,8],[0,5],[1,4],[3,6],[1,3],[0,4],[8,10],[3,4],[7,9],[9,12]],[[554,7778],[9,0],[6,-1],[4,-3],[7,-2],[7,-1],[4,0],[1,7],[7,3],[5,2],[-4,3],[0,3],[-3,3],[-2,8],[-49,0],[0,-20],[5,-1],[3,-1]],[[2030,8977],[4,2],[2,3],[-1,2],[1,1]],[[2068,8991],[-5,-1]],[[2071,8992],[-3,-1]],[[3802,7615],[6,-5],[2,-2],[4,-12],[4,-5],[5,-4],[-1,-1],[-9,3],[-8,-8],[10,-3],[-11,-11],[-53,0]],[[3708,7616],[0,4],[5,5],[-10,4]],[[2163,8962],[-6,-1],[-6,1]],[[2155,8969],[6,1],[1,2]],[[2095,9032],[-3,-2]],[[2073,9033],[5,6],[10,6]],[[1794,9450],[1,-2],[-2,-2],[2,-2],[0,-4],[-6,0],[-4,-2],[14,-16],[4,2],[8,-1],[3,-1]],[[1814,9422],[-2,-4],[-10,-8],[-3,-5],[-1,-4],[-5,-6],[-4,-3],[-5,-3],[-7,0],[-9,1],[-8,-1],[-5,2],[-7,3],[-4,1],[-2,5],[-4,-3],[-2,-3],[-10,-1],[-7,1],[-9,-1],[-4,-1],[-5,-1],[-14,-2],[-8,-2],[-6,0],[-7,0],[-6,2],[-11,2],[-5,1],[-9,2],[-8,2],[-9,2],[-6,0],[-4,-2],[-4,0],[-9,2],[-5,3],[-8,2],[-11,2],[-7,0],[-5,0],[-2,1],[-10,0],[-7,2],[-13,7],[-3,1],[-9,1],[-7,3],[-6,1],[-14,1],[-9,1],[-8,1],[-10,2],[-5,0],[-17,-4],[-8,-1],[-3,-1],[-5,0],[-11,-3],[-12,-1],[-6,-2],[-7,0],[-6,-1],[-12,-2],[-4,-2],[-9,-1],[-4,-1],[-10,-2],[-6,-2],[-12,0],[-7,-1],[-12,-2],[-10,-2],[-7,-2],[-9,-1],[-3,-1],[-17,-2],[-2,-2],[-11,0],[-3,-1],[-7,1],[-6,1],[-6,2],[-6,0],[-7,-1],[-3,-2],[-5,1],[-5,2],[-6,0],[-4,2],[-8,0],[-3,-1],[-4,0],[-4,-1],[0,-1],[-3,-1],[-5,3],[-4,2],[-4,4],[-8,3],[-5,5],[-3,0],[3,4],[-3,4],[1,2],[-4,3],[0,3],[5,4],[3,1],[1,3],[3,1],[2,3],[6,-1],[4,2],[5,-3],[4,-1],[3,0],[2,-3],[4,-1],[10,3],[3,-2],[3,0],[-2,4],[-8,2],[-2,1],[0,3],[3,3],[7,11],[-1,2],[2,7],[-1,3],[0,9],[-3,7],[3,2],[1,4],[3,5],[1,1],[4,-1],[7,1],[2,-1],[3,-1],[4,-3],[4,-3],[11,-3],[3,-2],[3,-4],[7,-4],[5,0],[3,-2],[10,0],[6,0],[2,-1],[7,0],[3,-1],[6,1],[3,4],[5,2],[5,4],[4,1],[1,2],[7,4],[8,6],[4,3],[2,3],[5,4],[6,4],[7,-3],[3,-2],[3,-3],[1,-3],[-2,-5],[-2,-4],[-5,-3],[-3,-3],[1,-5],[4,-2],[4,-1],[10,-1],[2,-1],[-4,-4],[-2,-2],[-4,0],[-3,-3],[0,-1],[5,-1],[5,-3],[7,-1],[2,-2],[4,-6],[3,-2],[-1,5],[1,5],[-6,1],[-4,3],[-6,1],[0,3],[5,1],[2,3],[0,5],[-4,3],[-7,1],[-5,-1],[-5,2],[3,2],[4,4],[5,8],[3,1],[3,0],[6,-4],[1,-4],[4,1],[5,-2],[1,-2],[6,-1],[2,-3],[5,-4],[6,-1],[5,-4],[3,-1],[7,0],[-1,2],[3,1],[5,3],[6,0],[4,0],[3,-2],[4,-6],[4,-7],[2,-2],[4,1],[-2,3],[0,5],[-4,4],[0,1],[0,5],[-3,1],[-10,0],[-4,2],[-3,0],[-3,-1],[-6,-2],[-6,-2],[-3,1],[-5,4],[-4,6],[-7,2],[1,3],[5,-1],[6,0],[4,1],[2,2],[2,7],[-4,-2],[-1,-4],[-4,-3],[-2,1],[-2,3],[-2,1],[-5,1],[-2,1],[-6,1],[-3,2],[0,6],[-7,5],[-14,3],[-3,0],[-4,-3],[-7,0],[-10,-1],[-3,0],[-2,3],[4,11],[3,5],[0,2],[2,4],[2,8],[0,6],[-1,3],[-3,5],[-3,2],[-9,-1],[-1,2],[-3,2],[-5,2],[-4,3],[5,4],[1,4],[2,2],[3,2],[5,0],[2,1],[2,3],[1,3],[2,1],[0,5],[0,2],[3,1],[3,1],[7,0],[12,2],[3,1],[5,4],[4,-4],[2,-4],[-1,-5],[1,-1],[5,-1],[11,-3],[10,-1],[2,-2],[1,-5],[4,-5],[2,-4],[3,-1],[3,3],[-1,4],[6,3],[-6,0],[-4,1],[-5,6],[-1,3],[-5,0],[-7,2],[-11,3],[-2,1],[3,6],[0,4],[-2,2],[-5,3],[-4,0],[-4,-1],[-4,-2],[-3,-4],[-6,-2],[-10,-1],[-5,2],[-3,7],[-6,6],[-6,3],[-6,1],[-3,-1],[-5,1],[-2,-1],[-2,-2],[-6,1],[-8,-3],[-3,1],[-3,-1],[-2,2],[-2,4],[1,3],[10,3],[4,3],[6,2],[4,2],[2,3],[0,2],[2,2],[3,5],[2,7],[2,1],[4,2],[2,3],[4,-1],[4,0],[7,1],[4,2],[5,3],[2,-1],[4,0],[5,2],[1,1],[5,0],[3,1],[6,4],[4,6],[9,18],[2,2],[3,0],[-6,-12],[-1,-5],[2,-2],[3,-2],[5,-2],[5,1],[-7,3],[-1,3],[0,2],[6,5],[0,5],[-2,5],[-2,3],[0,2],[-1,3],[4,4],[4,2],[10,2],[5,-2],[5,1],[9,0],[3,-1],[6,1],[4,2],[7,1],[5,-1],[2,2],[16,5],[11,4],[8,3],[5,0],[3,-3],[1,-3],[6,-4],[4,-4],[0,-5],[1,-1],[1,-4],[3,-3],[2,-5],[-1,-1],[3,-4],[0,-4],[2,0],[8,-8],[1,-2],[10,-5],[3,0],[2,-4],[3,-3],[-1,-2],[4,0],[4,1],[2,-1],[5,-5],[-2,-4],[2,-3],[-1,-3],[4,-3],[0,-3],[-5,-2],[-1,-1],[-1,-4],[-3,-3],[0,-3],[-2,-3],[-4,1],[-7,-3],[-6,-6],[4,-5],[0,-3],[-3,-1],[-2,-4],[0,-2],[3,-2],[5,-4],[0,-3],[6,-3],[2,-1],[7,-4],[3,-3],[1,-2],[3,0],[3,-1],[6,-1],[1,-4],[4,0],[4,2],[6,0],[4,-1],[6,-4],[8,-4],[3,-1],[6,-6],[4,2],[7,-2],[4,-2],[2,-2],[-1,-7],[-2,-7],[1,-3],[0,-4],[-1,-4],[-2,-1],[1,-5],[1,-3],[4,-1],[0,-3],[-2,-6],[0,-3],[3,-3],[1,-2],[3,-4],[-1,-4],[14,-2],[4,0],[7,-2],[9,-4],[15,-5],[3,-3],[6,0],[7,-2],[7,0],[8,2],[5,0],[5,1],[7,-2],[3,-2],[3,-5],[2,-2],[6,-2],[6,0],[2,-1],[6,2],[4,-1],[5,-4],[-1,-4],[1,-3],[5,-4],[7,-2],[11,-1],[5,1]],[[1840,9724],[1,3],[4,0],[3,-2],[2,-4],[-3,-1],[-3,1],[-2,3],[-2,0]],[[1567,9695],[-9,2],[0,-3],[-8,0],[-6,1],[1,6],[-2,2],[0,2],[-4,2],[1,2],[4,1],[5,5],[0,2],[1,4],[4,6],[6,0],[2,0],[4,0],[0,2],[-4,2],[1,2],[3,1],[-3,2],[-3,1],[-1,3],[-8,5],[-3,4],[-2,1],[0,2],[-2,3],[-5,2],[-6,3],[-6,1],[-5,1],[-5,4],[-2,3],[-1,4],[3,6],[1,7],[2,4],[2,11],[1,7],[2,3],[0,9],[0,4],[1,1],[6,1],[12,-1],[3,0],[4,2],[6,0],[8,-4],[2,-1],[6,-3],[3,-3],[4,-2],[9,-4],[11,-7],[3,-2],[6,-3],[6,-6],[3,-2],[9,-8],[4,-2],[5,-5],[7,-4],[5,-3],[5,-3],[5,-3],[6,-3],[13,-5],[9,-2],[8,-2],[7,-2],[8,1],[5,1],[5,1],[-1,2],[3,3],[0,3],[3,1],[3,1],[3,-2],[10,-3],[10,-6],[6,-1],[7,-2],[7,-1],[3,-1],[1,-2],[7,-5],[-3,-2],[1,-6],[2,-6],[-5,0],[-3,-2],[-5,-6],[-3,0],[-3,-2],[1,-3],[-2,0],[-7,0],[-7,0],[-6,1],[-2,-1],[-2,-3],[3,-2],[-9,-3],[0,-2],[-4,-4],[0,-5],[2,-7],[1,-3],[4,-4],[9,-5],[7,1],[2,-1],[4,-1],[1,-1],[4,1],[4,2],[8,2],[3,2],[1,2],[2,1],[8,-1],[9,0],[11,4],[1,2],[4,1],[6,1],[4,2],[2,3],[-3,4],[3,3],[0,2],[10,4],[3,3],[0,2],[4,4],[1,-3],[6,-1],[-1,-5],[-4,-2],[1,-2],[1,-3],[-3,0],[0,-3],[4,-5],[-4,0],[-3,-4],[2,-2],[3,-5],[0,-3],[-3,-5],[4,-2]],[[1867,9652],[2,-3],[0,-3],[8,-4],[3,-1],[4,0],[6,4],[-1,-9],[-6,-3],[-1,-3],[1,-2],[7,-5],[6,-5],[2,-1],[3,-4],[5,0],[4,4],[-1,2],[-1,5],[5,2],[4,-1],[13,-4],[6,-1],[10,0],[5,-1],[0,-7],[6,-5],[6,0],[11,-4],[3,-2],[6,-2],[12,-1],[7,-4],[9,-6],[5,1],[-1,3],[-2,2],[-3,1],[-4,5],[-2,2],[-5,1],[-5,3],[-1,3],[-13,4],[-11,1],[-5,1],[-2,1],[1,8],[5,1],[1,3],[-8,2],[-5,0],[-3,1],[-3,2],[1,5],[-1,3],[-4,2],[-6,1],[-6,-1],[-2,2],[-2,5],[-4,4],[-3,1],[-5,3],[-6,1],[-4,-2],[-5,2],[-3,-2],[-3,1],[-7,-2],[-4,3],[0,6],[-2,2],[5,3],[2,2],[-2,2],[0,3],[5,3],[0,1],[8,2],[10,0],[5,0],[4,1],[4,0],[5,1],[10,2],[9,1],[10,1],[6,1],[3,5],[9,0],[8,0],[5,1],[4,-1],[6,1],[3,0],[6,0],[12,1],[16,2],[9,2],[8,1],[3,1],[1,2],[13,4],[2,2],[0,2],[7,2],[5,3],[4,2],[3,0],[3,2],[0,2],[2,4],[9,4],[5,0],[7,-1],[4,0],[9,-2],[5,1],[3,-3],[7,-2],[6,-1],[9,-3],[4,0],[11,-3],[21,-5],[6,0],[4,-1],[-1,-3],[1,-2],[4,-2],[1,-3],[8,-2],[7,-1],[17,-1],[4,-2],[1,-2],[9,0],[13,7],[3,2],[4,4],[2,3],[-2,4],[-9,5],[-2,1],[2,4],[-2,2],[7,2],[6,0],[2,1],[6,0],[5,1],[6,4],[4,2],[11,1],[0,-2],[5,0],[5,1],[-1,2],[-3,1],[6,3],[8,2],[10,5],[3,3],[1,5],[2,4],[-5,2],[3,3],[3,0],[9,3],[5,-1],[3,0],[9,-1],[6,2],[4,3],[2,-3],[3,-1],[4,-1],[2,-2],[7,-3],[1,-1],[0,-4],[-2,-1],[0,-3],[1,-2],[8,-3],[0,-4],[-2,-5],[-3,-2],[-1,-6],[2,-2],[5,-2],[3,-2],[4,1],[-1,-5],[4,1],[1,-2],[7,-3],[4,2],[2,6],[6,5],[3,1],[6,0],[3,-2],[-1,-2],[-2,-6],[-1,-5],[0,-5],[3,-2],[4,2],[-1,2],[0,4],[3,7],[4,2],[3,2],[-3,5],[-5,2],[-3,0],[-5,2],[-5,0],[-6,-1],[-4,-2],[-3,2],[0,4],[9,4],[5,5],[-3,1],[0,3],[-2,1],[1,3],[-2,1],[2,3],[1,2],[-2,4],[0,2],[6,3],[1,3],[2,3],[-3,2],[2,2],[4,3],[5,-1],[1,2],[4,0],[0,2],[4,1],[6,0],[8,-1],[3,0],[3,2],[7,2],[2,2],[2,5],[0,6],[2,4],[9,2],[3,-1],[2,-1],[7,-3],[3,1],[0,3],[5,1],[2,-1],[1,-5],[3,0],[1,2],[4,1],[2,-4],[6,-2],[2,1],[3,-1],[-3,-4],[1,-1],[6,-3],[4,-1],[4,-2],[6,-8],[0,-2],[-7,-2],[-4,-4],[-3,-3],[-4,-1],[0,-5],[-1,-2],[-3,-3],[2,-3],[6,-2],[6,-2],[11,0],[6,2],[1,3],[3,2],[1,3],[-1,2],[2,2],[13,3],[2,1],[4,0],[7,-1],[3,-1],[4,0],[2,-4],[2,-2],[5,0],[6,-1],[3,-1],[0,-4],[-1,-2],[-3,-1],[-1,-6],[2,-3],[5,-3],[5,-4],[5,2],[11,0],[5,3],[1,4],[2,3],[-3,2],[-3,4],[-2,2],[0,3],[5,3],[11,2],[1,-1],[6,0],[14,-3],[3,-2],[6,-1],[0,-3],[3,-1],[1,-3],[-1,-2],[3,-4],[-1,-1],[-5,-3],[-4,0],[-4,-1],[-1,-6],[4,-5],[6,-2],[6,0],[4,-1],[2,-2],[2,1],[2,-3],[9,-3],[3,-3],[0,-2],[-4,-2],[-3,-1],[-3,-2],[0,-4],[2,-2],[3,-5],[6,-4],[7,-4],[1,-1],[-2,-3],[-6,0],[0,-5],[4,-4],[7,-4],[9,-2],[4,4],[2,1],[1,3],[8,2],[4,0],[5,-1],[5,-6],[3,-1],[2,1],[5,1],[6,-1],[6,-3],[0,-3],[4,-3],[3,-3],[4,-2],[-1,-3],[0,-3],[-5,-1],[4,-4],[0,-3],[-1,-1],[3,-4],[0,-3],[6,-2],[-2,-5],[-4,-3],[-7,-2],[-2,-3],[0,-2],[-3,-2],[-2,1],[-8,0],[-4,1],[-4,5],[-7,0],[-5,-1],[-4,-1],[-4,-4],[-5,-3],[-5,-5],[-4,-2],[-2,1],[-6,-3],[-6,-5],[-2,-4],[-3,-4],[-2,-1],[0,-1],[-2,-4],[1,-5],[-5,-8],[-1,-4],[1,-8],[4,-1],[6,-3],[0,-5],[-3,-2],[-4,-1],[-3,1],[0,-3],[2,-3],[4,-1],[7,1],[3,-1],[1,-2],[1,-4],[1,-3],[-2,-4],[-7,-3],[-6,2],[-3,-2],[-5,0],[-3,0],[-7,0],[-2,3],[-8,0],[-3,0],[-4,-2],[-11,1],[-3,5],[-7,5],[-9,2],[-9,1],[-2,-1],[-6,1],[-6,3],[-2,-1],[1,-4],[-5,-4],[-4,-2],[-1,-2],[2,-1],[-2,-4],[-4,-4],[-4,-5],[-7,-10],[-7,-7],[-5,-3],[-5,-3],[0,-2],[-3,-5],[-4,-5],[-4,-3],[-8,-6],[-14,-7],[-4,-1],[-2,-3],[-10,-7],[-10,-3],[1,-3],[-4,-5],[-6,-3],[-3,2],[-2,-1],[-6,1],[-2,1],[-4,2],[-9,-1],[-6,-2],[-2,-1],[-6,-2],[-12,-7],[-7,-1],[-5,-2],[-9,-4],[-14,-6],[-3,-1],[-5,-4],[-4,-1],[-7,-5],[-3,-2],[-3,0],[-7,-3],[-7,-3],[-8,-2],[-4,-1],[-7,0],[-4,-1],[-8,-4],[-2,0],[-12,-4],[-5,-1],[-8,-3],[-3,-2],[-6,-2],[-17,-3],[-3,0],[-4,0],[-4,-1],[-2,-3],[-5,-4],[-11,-6],[-4,-3],[-3,-2],[-8,-8],[-2,-3],[-3,-1],[-4,0],[-3,-1],[-9,1],[-7,-1],[-10,-2],[-1,-2],[-4,-3],[-4,0],[-2,-3],[-8,-4],[-3,-1],[-1,-2],[-12,-9],[-4,-4],[-8,-4],[-4,-1],[-11,-3],[-4,1],[-7,-1],[-4,0],[-5,2],[-7,4],[3,0],[-6,4],[1,3],[-3,1],[-2,2],[-3,1],[-5,4],[-2,4],[-4,2],[-5,1],[-7,6],[-12,5],[-10,5],[-1,-1],[-18,10],[-7,2],[-3,2],[-11,3],[-7,-1],[-2,2],[-11,0],[-5,-1],[-7,0],[-7,2],[-11,2],[-5,-1],[-12,3],[-10,4],[-4,2],[-6,0],[-11,4],[-7,1],[-5,2],[-16,6],[-4,2],[-9,2],[-2,2],[-3,0],[-15,3],[-6,-1],[-7,1],[-2,-1],[-6,1],[-5,2],[-2,4],[-7,2],[-2,3],[-2,7],[2,1],[6,5],[-1,1],[-5,-1],[-5,0],[-9,3],[-5,2],[-5,1],[-9,2],[-6,2],[-6,8],[-9,5],[-5,2],[-5,2],[-7,0],[-8,1],[-6,1],[-2,1],[-3,4],[-2,4],[-3,2],[-6,2],[-1,2],[3,4],[-3,0],[-5,-5],[-8,-3],[-1,5],[-2,1],[-2,5],[-12,7],[-6,1],[-1,1],[-6,0],[-6,-1],[-3,-2],[-6,-3],[-7,2],[-6,2],[-10,3],[-9,4],[-4,1],[-8,5],[-6,7],[-2,2],[-3,3],[-3,5],[-4,6],[1,10],[2,5],[-1,2],[5,3],[5,0],[1,2],[-3,2],[3,6],[4,5],[2,1],[-4,8],[-2,3],[-3,1],[-3,-2],[-2,1],[-2,4],[-4,2],[-2,0],[-10,2],[-5,2],[-2,4],[-3,2],[-2,4],[-5,3],[-13,5],[-6,2],[-1,3],[4,13],[-1,3],[-3,4],[-2,4],[-5,2],[-4,0],[-3,3],[0,1],[3,3],[0,3],[1,5],[3,2],[-1,1],[3,4],[-2,2],[-5,2],[-1,1]],[[1834,9397],[2,2],[4,0],[3,-4],[-5,-1],[-6,-1],[-3,0],[0,4],[4,2],[1,-2]],[[3119,6251],[-16,10],[-5,1],[8,4],[2,-1],[6,3],[9,-5],[-3,-3],[-2,-3],[1,-6]],[[8664,8047],[3,-2],[9,0],[9,1]],[[2613,9210],[4,-3],[2,-5],[-4,-2],[-6,0],[-3,1],[-2,2],[0,2],[5,4],[4,1]],[[2273,9212],[8,-2],[4,-2],[9,-3],[5,-4],[3,-3],[-1,-2],[-9,-3],[-4,-2],[-6,2],[-4,-1],[-8,-3],[-14,-1],[-10,3],[-6,1],[-6,1],[-4,2],[-5,1],[0,1],[11,4],[3,1],[8,5],[1,2],[10,2],[3,0],[11,-2],[-6,3],[7,0]],[[2258,9236],[-15,1],[-4,0],[-6,1],[-4,0],[-4,1],[-1,1],[5,3],[3,1],[4,3],[6,1],[6,3],[5,0],[13,2],[8,0],[5,1],[4,-1],[4,0],[5,-1],[2,-2],[-1,-2],[-2,-2],[1,-1],[-6,-3],[-6,-2],[-2,0],[-6,-2],[-14,-2]],[[2311,9264],[-5,0],[-2,1],[11,0],[3,1],[6,0],[7,2],[18,3],[3,1],[11,2],[4,-2],[4,-4],[1,-3],[-2,-2],[-10,0],[-1,-1],[-7,-3],[-6,0],[-8,0],[-11,1],[-16,4]],[[2298,9227],[-7,1],[3,3],[5,1],[7,2],[8,1],[13,4],[4,1],[19,-2],[11,0],[2,-3],[0,-3],[-5,-4],[-7,-2],[-3,0],[-8,-1],[-11,-1],[-6,1],[-5,-1],[-5,2],[-7,0],[-5,0],[-3,1]],[[2133,6340],[-4,1],[-2,2],[1,1],[-4,3],[-8,-1],[-2,-2],[0,-4],[-71,40],[-17,-12],[-71,-53],[38,-15],[5,-1],[92,-26],[10,4],[1,3],[-1,3],[-3,23],[7,23],[7,3],[3,1],[9,4],[7,-2],[2,2],[1,3]],[[2263,8886],[-3,1],[-8,5],[-6,0],[-6,2],[-2,2],[-2,3],[-8,1],[-2,1],[-7,1],[-8,9],[-3,1]],[[2237,8927],[0,14]],[[1928,8990],[9,2],[3,-1],[4,1],[3,-2],[6,-3],[1,-2]],[[2100,9024],[0,-2],[-3,-2]],[[2094,9025],[6,-1]],[[4844,9515],[11,1],[10,1],[7,-2]],[[4872,9515],[2,-3],[5,-3],[1,-3],[4,-1],[1,-3],[4,0],[2,-3],[-3,-2],[-2,-3],[-4,-4],[-5,2],[-8,-3],[-1,-1],[-5,-2],[-3,1],[-6,-2],[-3,4],[0,2],[-4,2],[-5,3],[3,3],[3,5],[1,4],[0,3],[-3,3],[-2,1]],[[2169,8853],[-2,2],[-5,5],[-1,2],[0,2],[3,2],[5,-5],[2,-4],[-2,-4]],[[2161,8852],[11,1],[0,3],[2,1],[-1,4],[0,3],[-3,1],[-6,7],[2,0],[5,7]],[[2171,8879],[3,-1],[20,0],[-7,12],[-1,4],[-2,8],[1,2],[1,3],[10,9]],[[4139,9621],[-2,2],[3,0],[1,-1],[-2,-1]],[[5817,9248],[5,1],[3,-1],[5,2],[1,1],[4,-1],[3,3],[-2,2],[2,4],[-2,3],[2,2],[-4,6],[-2,2],[2,5],[-3,3],[-2,1],[1,4],[4,-2],[6,-1],[5,0],[8,1],[8,1],[12,2],[10,-7],[4,-4],[5,-4],[5,-3],[9,-4],[9,-4],[7,-2],[2,-2],[6,-3],[12,-5],[8,-2],[6,0],[2,-2],[2,0],[8,-2],[20,-1],[4,-1],[3,0],[5,-5],[16,-3],[6,-1],[11,-1],[12,0],[5,0],[10,0],[8,1],[6,0],[4,-2],[1,-2],[5,-1],[2,1],[6,-1],[6,1],[3,-1],[7,0],[8,2],[12,0],[13,1],[8,2],[13,2],[13,2],[13,3],[7,0],[7,0],[25,3],[6,2],[22,9],[16,6],[15,6],[6,5],[5,4],[5,6],[8,8],[10,10],[1,3],[4,-2],[9,-2],[9,1],[10,3],[3,1],[8,-1],[5,0],[9,1],[5,2],[2,2],[0,1],[2,2],[12,-1],[5,-3],[9,-2],[1,-3],[-6,-3],[-1,-2],[1,-3],[3,-1],[0,-3],[-1,-2],[0,-1],[-3,-4],[-2,0],[0,-3]],[[4032,9217],[-5,5],[-2,4],[0,5],[3,7],[-1,2],[-1,7],[-2,6],[-2,4],[-2,5],[1,3],[1,0],[5,12],[5,10],[2,10],[4,4],[2,5],[2,5],[1,6],[-1,1],[1,3],[0,7],[3,12],[2,3],[7,2],[6,3],[-1,2],[-8,5],[-2,3],[1,7],[3,3],[-2,2],[-3,3],[0,3],[-4,9],[-5,8],[-5,3],[-2,1],[-4,2],[-5,1],[-3,1],[-7,0],[-5,1],[-2,-1],[-5,2],[-6,0],[-5,2],[-4,3],[0,3],[-9,4],[3,5],[3,0],[5,2],[3,4],[4,0],[0,2],[9,2],[10,3],[3,0],[6,3],[0,4],[2,2],[5,3],[7,4],[3,2],[9,4],[-12,6],[-5,-2],[-5,-2],[-8,-1],[-4,0],[-12,-1],[-5,-1],[-7,-1],[-15,2],[-20,3],[-7,1],[-9,1],[-10,2],[-8,5],[-12,14],[-5,2],[-8,1],[-6,1],[-4,1],[1,3],[1,1],[2,5],[-1,4],[-1,9],[0,3],[5,4],[3,1],[6,-2],[3,1],[13,-1],[11,0],[8,1],[7,1],[8,-1],[7,-7],[8,-4],[10,-3],[6,0],[12,3],[0,8],[-2,0],[-7,4],[-10,5],[-10,4],[-5,2],[-7,2],[-10,2],[-4,2],[-4,5],[2,2],[-5,3],[0,1]],[[4061,9603],[5,-4],[9,-4],[10,-1],[8,-1],[5,3],[6,0],[1,-1],[10,-3],[9,-2],[7,0],[11,2],[7,2],[1,2],[8,5],[3,4],[3,2],[0,2],[4,2],[5,0],[9,3],[4,3],[-2,2],[9,4],[5,3],[0,3],[4,3],[-1,2],[3,3],[-2,2],[2,0],[2,2],[2,0],[11,2],[5,0],[7,1],[13,9],[7,6],[1,4],[-4,2],[1,3],[-1,1],[14,3],[6,2],[1,1],[3,1],[5,1],[1,-2],[8,-7],[-2,-3],[3,-2],[7,-3],[1,1],[9,-1],[2,-3],[3,-1],[2,-3],[3,-1],[5,0],[4,0],[5,2],[8,5],[2,4],[-4,3],[-1,4],[3,2],[2,4],[0,3],[5,3],[-7,7],[-11,2],[-1,5],[-2,3],[-3,2],[-4,2],[-4,4],[-7,1],[-4,2],[-5,0],[-1,2],[3,1],[1,2],[3,3],[5,0],[6,-2],[6,-1],[4,1],[4,-2],[5,-3],[8,1],[3,2],[3,0],[7,3],[4,-3],[5,-1],[0,-1],[1,-5],[7,-10],[2,-1],[6,-3],[5,1],[3,-3],[0,-5],[3,-4],[4,-3],[-1,-1],[3,-3],[3,0],[2,-3],[2,-1],[6,-9],[6,-3],[4,1],[5,-1],[4,-3],[12,-2],[2,1],[3,-1],[4,-1],[1,-2],[4,-1],[2,-2],[4,-7],[3,-1],[1,-4],[3,-2],[1,-2],[2,-3],[5,-5],[2,-1],[4,-3],[4,-6],[6,-5],[6,-6],[4,-2],[3,0],[3,-2],[7,-3],[3,0],[6,-1],[6,-2],[3,-4],[-1,-3],[-2,-1],[0,-3],[-2,-1],[0,-2],[-3,-1],[-1,-2],[0,-3],[2,-4],[4,-6],[7,-7],[4,-4],[8,-7],[3,-1],[-2,-3],[5,-6],[5,-3],[0,-3],[5,-7],[-2,-3],[3,-4],[7,-5],[9,-5],[5,-5],[5,-3],[0,-4],[1,-3],[9,-6],[7,-4],[-3,-2],[1,-2],[6,-5],[9,-4],[15,-6],[9,-2],[20,-3],[13,-2],[9,0],[6,-2],[8,-1],[12,0],[10,0],[15,3],[4,2],[4,0],[1,2],[9,1],[5,2],[2,3],[5,1],[3,2],[2,4],[4,-1],[6,0],[10,2],[17,4],[9,1],[5,0],[5,-1],[6,-4],[3,-4],[1,-8],[-2,1],[-8,-1],[-2,-1],[-2,-4],[-7,1],[-5,0],[-5,2],[-10,-1],[-1,-2],[-5,-3],[-1,-2],[-3,-3],[0,-4],[2,-4],[2,-5],[2,-1],[4,-5],[5,-2],[6,1],[8,2],[9,-1],[4,1],[2,-1],[3,2],[3,0],[2,-3],[-1,-2],[4,-3],[4,0],[4,1],[6,-1],[0,1],[7,4],[-1,3],[-5,4],[1,2],[8,0],[5,1],[5,3],[2,2],[0,3],[5,1],[8,5],[2,0],[7,-3],[4,0],[3,-3],[-5,-1],[-2,-2],[1,-4],[4,-4],[-12,1],[-3,-1],[-3,1],[0,-4],[1,-3],[5,-3],[4,-4],[2,-1],[4,0],[4,1],[7,0],[7,1],[10,2],[6,-2],[6,-1],[2,-2],[-1,-5],[-2,-1],[3,-2],[5,-3],[2,-3],[5,0],[7,4],[2,0],[3,3],[7,1],[0,3],[2,3],[6,1],[6,-2],[3,0],[9,1],[10,3],[2,2],[3,0],[6,3],[1,2],[6,3],[9,1],[2,-1],[3,-3],[1,-2],[-4,-7],[-1,-1],[-3,-4],[-2,0],[-2,-3],[4,-5],[2,0],[-3,-5],[1,-3],[-8,-3],[-1,-4],[3,-5],[2,-2],[-2,-2],[2,-5],[-9,-6],[0,-2],[-2,-3],[-7,-2],[2,-3],[-1,-3],[2,-2],[2,-1],[7,2],[3,2],[6,6],[-1,4],[1,2],[5,2],[2,3],[0,5],[5,4],[0,3],[9,0],[3,0],[3,2],[-1,2],[3,2],[1,2],[3,2],[2,2],[7,1],[6,-1],[10,0],[8,-1],[9,0],[6,0],[3,-3],[0,-2],[-3,-2],[0,-2],[-4,-4],[-3,-2],[7,-4],[7,-3],[3,4],[9,-1],[2,3],[4,-2],[4,0],[0,2],[2,2],[8,4],[7,-1],[8,1],[12,4],[-1,4],[-2,1],[-5,2],[7,2],[8,4],[6,4],[4,3],[-3,4],[-3,0],[-7,2],[-3,0],[4,3],[4,1],[3,-2],[7,-2],[11,-2],[12,0],[8,0],[12,-1],[15,1],[7,0],[4,2],[8,2],[10,4],[8,2],[8,4],[4,3],[2,2],[0,1],[-2,3],[1,2],[0,3],[6,3],[3,2],[4,1],[4,2],[1,2],[4,0],[3,-2],[7,-1],[8,0],[9,0],[7,2],[4,2],[5,1],[3,-2],[4,-8],[4,-3],[3,-3],[8,-3],[7,-2],[10,0],[7,1],[9,-1],[6,-1],[10,1],[5,3],[10,3],[2,1],[4,-1],[1,-3],[3,-4],[4,-5],[3,-1],[5,-1],[4,0],[4,-2],[-5,-3],[-4,2],[-6,2],[-3,0],[-11,-4],[-3,-3],[-4,-1],[-3,-4],[-1,-4],[-3,-2],[-1,-7],[-3,-1],[-4,-2],[-3,0],[-2,-2],[-9,2],[-4,2],[-13,1],[-5,0],[-10,-3],[-7,-2],[-1,-2],[-7,-4],[-7,-7],[-8,-1],[-3,-2],[-1,-2],[2,-4],[2,0],[5,-4],[0,-3],[3,-3],[0,-2],[3,-5],[3,-3],[4,-2],[4,1],[4,-1],[4,2],[6,-1],[5,-5],[7,-5],[8,-5],[-2,-2],[1,-3],[2,-2],[5,-1],[3,1],[3,2],[4,0],[4,-1],[1,-2],[4,2],[5,2],[4,-1],[7,0],[0,-2],[-1,-3],[1,-3],[2,0],[4,2],[5,1],[6,-2],[4,0],[4,3],[5,2],[6,0],[12,3],[2,1],[17,4],[6,1],[6,2],[4,2],[4,3],[-2,1],[2,3],[6,3],[6,4],[0,2],[2,3],[5,0],[3,1],[8,1],[6,0],[2,2],[6,2],[8,-1],[4,-2],[5,-2],[10,-1],[9,-4],[1,-6],[-4,-2],[0,-4],[2,-3],[2,-2],[6,-2],[4,0],[4,-3],[0,-4],[-7,-2],[-3,-4],[1,-3],[2,-2],[1,-6],[4,-1],[1,1],[5,3],[6,2],[2,0],[8,-1],[4,2],[4,1],[1,2],[-1,4],[2,1],[4,1],[1,2],[4,-1],[8,1],[2,2],[1,2],[-3,3],[3,1],[6,-1],[4,-1],[1,-2],[3,-8],[-1,-3],[7,-3],[0,-2],[4,-1],[1,-2],[4,-2],[1,-3],[8,-4],[12,-7],[4,-1],[5,1],[0,-3],[-3,-1],[-4,-3],[0,-4],[-2,0],[-16,3],[-2,-6],[-1,-3],[0,-2],[5,-6],[4,1],[5,-2],[1,-2],[4,-2],[6,-1],[2,0],[2,4],[6,1],[0,-2],[-1,-3],[-2,-2],[0,-4],[3,-1],[-2,-2],[2,-2],[4,-2],[1,-2],[8,-3],[-3,-2],[-1,-3],[-2,-1],[-3,-3],[0,-2],[-5,-4],[-3,-5],[1,-4],[-1,-3],[-4,-3],[-5,-5],[-3,-5],[-5,-6],[-1,-3],[1,-2],[6,-5],[4,-6],[3,-3],[8,-5],[3,1],[-6,4],[-1,2],[1,5],[4,4],[4,2],[2,2],[5,9],[1,5],[0,6],[1,1],[12,5],[4,6],[5,1]],[[4199,9680],[0,2],[-1,3],[-3,1],[0,3],[3,1],[2,-1],[15,-7],[4,-2],[6,0],[-7,-4],[-4,1],[-4,2],[-4,1],[-4,-2],[-3,2]],[[4145,9741],[-2,1],[-6,3],[-4,0],[2,3],[2,1],[8,-1],[3,-4],[-3,-3]],[[4056,9801],[2,2],[1,6],[5,1],[1,2],[4,1],[6,1],[2,1],[5,-1],[5,-2],[4,0],[-1,-3],[-5,-1],[-2,-2],[-7,-1],[-8,-8],[-6,2],[-9,-3],[-4,1],[0,1],[7,3]],[[3980,9835],[-2,-5],[2,-5],[5,-5],[7,-2],[5,1],[4,1],[-1,3],[8,1],[6,-2],[4,-1],[6,1],[4,-1],[-1,-1],[6,-6],[-5,-2],[-2,1],[-9,1],[-4,-2],[-7,-6],[-3,-3],[-1,-6],[1,-3],[2,-3],[3,-2],[6,0],[3,-5],[3,-2],[-2,-2],[-1,-3],[4,-14],[1,-11],[0,-5],[-5,1],[-6,-1],[-2,-3],[0,-3],[-4,-2],[-5,-1],[-3,-5],[0,-2],[-6,-13],[1,-9],[-2,-6],[-2,-2],[-4,1],[1,2],[1,5],[-2,4],[-4,3],[-3,1],[-8,1],[-4,0],[-3,1],[-1,3],[-4,2],[-1,2],[-2,1],[-5,5],[0,2],[-3,8],[-3,0],[-1,2],[2,5],[-4,2],[-1,3],[1,7],[-4,3],[2,4],[-5,6],[-3,1],[-6,0],[-2,1],[0,3],[-4,4],[-3,1],[-4,3],[-2,1],[-1,2],[-3,2],[-1,2],[-5,4],[-4,0],[-6,4],[1,3],[-4,5],[-2,1],[-1,2],[-1,3],[-6,6],[-3,0],[-2,3],[-3,1],[-3,4],[-2,2],[-6,-1],[-2,4],[7,3],[7,-1],[2,-3],[3,-1],[8,1],[7,3],[9,6],[4,5],[-1,3],[-3,1],[-4,0],[0,2],[5,5],[-1,4],[2,4],[0,1],[3,5],[1,4],[-3,4],[-3,2],[-2,-1],[-4,-2],[-2,1],[-3,3],[-7,2],[-3,-2],[-5,1],[-3,5],[-2,1],[-2,4],[-4,2],[-4,0],[-3,5],[1,4],[-3,3],[-5,2],[0,4],[4,1],[6,-2],[5,-4],[3,0],[6,-5],[2,-1],[6,0],[5,-4],[2,-1],[7,-1],[11,3],[7,0],[3,1],[2,3],[2,3],[2,1],[5,-2],[2,2],[4,-1],[5,0],[6,1],[8,3],[4,4],[3,3],[1,4],[-3,2],[0,3],[3,3],[-2,3],[-2,1],[0,2],[-2,2],[0,2],[4,2],[4,3],[1,3],[-1,2],[6,3],[5,0],[5,0],[9,0],[9,3],[3,-4],[0,-1],[-4,-1],[-2,-1],[-1,-6],[-3,0],[-1,2],[-3,-1],[-3,-3],[-1,-4],[-2,-4],[0,-5],[3,-8],[4,-3],[-1,-2],[1,-5],[-1,-6],[3,-6],[3,-5],[7,-5],[2,-3],[-2,-8],[2,-4],[2,-4],[3,-3],[-1,-7],[1,-3],[3,-2],[3,-1],[4,0],[2,-2],[-3,-2],[-1,-3],[-3,-1],[-3,-3],[-4,-1],[-5,0],[-3,2],[-5,1],[-4,-4]],[[4254,9936],[-4,-2],[0,-4],[-1,-3],[0,-3],[-5,-3],[-4,0],[1,4],[4,6],[3,1],[2,4],[4,0]],[[4250,9940],[-2,2],[1,3],[-1,1],[1,4],[0,2],[-6,2],[0,4],[6,1],[-1,-3],[6,-1],[2,2],[1,-5],[-3,-2],[-1,-7],[0,-2],[-3,-1]],[[4282,9897],[-2,0],[2,5],[3,4],[8,2],[11,-2],[4,-1],[-4,-2],[-3,-3],[-2,-3],[-7,2],[-6,-2],[-4,0]],[[4475,9998],[5,1],[10,-1],[-4,-2],[-6,0],[-4,-1],[-4,0],[1,3],[2,0]],[[4434,9885],[0,7],[-1,1],[-4,3],[0,2],[-9,4],[0,6],[12,-7],[5,-1],[3,-1],[5,-1],[4,-2],[4,-1],[8,-4],[-4,-3],[-4,-6],[-3,-3],[-3,0],[-7,-1],[-3,1],[-3,6]],[[4337,9842],[5,1],[3,-1],[4,1],[0,-4],[0,-3],[0,-4],[4,-6],[-1,-2],[-4,3],[-4,1],[-3,1],[-4,1],[-2,1],[-9,-1],[-4,-2],[-7,-2],[-4,-2],[-3,0],[-2,1],[-2,6],[-3,3],[-7,2],[-4,0],[-4,2],[0,2],[3,3],[4,1],[4,-3],[10,-1],[4,0],[4,1],[6,1],[4,1],[5,1],[4,-2],[3,0]],[[4795,9495],[0,5],[4,-1],[3,0],[-1,-4],[-6,0]],[[4844,9515],[-9,2],[-1,5],[2,2],[15,3],[8,2],[8,3],[16,6],[6,4],[5,6],[4,1],[5,-1],[11,1],[5,-1],[7,0],[5,-1],[6,-3],[4,-1],[6,0],[1,1],[7,-1],[3,0],[4,2],[8,-4],[3,-8],[4,-2],[1,-3],[0,-4],[-2,0],[-11,2],[-5,0],[-11,1],[-2,1],[-8,-1],[-1,-2],[-6,-4],[-4,0],[-1,-1],[-5,0],[-4,0],[-4,-6],[0,-3],[-5,0],[-1,3],[0,2],[-4,4],[1,2],[-4,0],[-3,-2],[-6,-2],[-5,-2],[-12,1],[-3,-2]],[[4879,9609],[-2,4],[2,0],[5,1],[7,-2],[6,0],[2,1],[5,-1],[8,0],[6,1],[5,2],[7,2],[5,1],[7,1],[4,3],[0,1],[2,2],[9,1],[5,3],[4,-1],[5,-5],[6,-8],[1,-7],[4,-3],[7,-2],[2,-2],[0,-5],[-1,-4],[-4,1],[-3,1],[-8,0],[-4,1],[-5,0],[-5,0],[-5,-1],[-6,1],[-3,0],[-3,3],[-8,2],[-4,2],[-3,0],[-9,-2],[-4,-2],[-6,-7],[-3,-3],[-5,-1],[-7,0],[-6,-2],[-3,-3],[-6,-4],[-8,-4],[-3,2],[5,6],[3,2],[4,1],[6,6],[1,2],[2,8],[-2,4],[-5,2],[-4,2]],[[5792,9303],[1,2],[6,1],[2,0],[1,-5],[-5,-3],[-5,1],[-3,2],[3,2]],[[5746,9200],[-5,3],[-3,3],[1,1],[8,8],[7,1],[4,1],[2,-1],[1,-5],[-2,-3],[-3,-2],[-6,-3],[-4,-3]],[[2171,8879],[-2,-1],[-4,-5],[-4,0],[-8,5],[-1,3],[-2,1],[-3,3],[-4,3],[-8,2],[-5,1],[-6,3],[-4,0],[-5,0],[-1,-3],[-11,2],[-2,1],[-7,-1],[-1,1],[-1,4],[-5,8],[-1,1],[3,1],[8,-2],[6,-3],[5,0],[-10,5],[-8,2],[-3,3],[-2,4],[-1,5],[-2,3],[-4,1],[-3,0],[-3,-1],[-3,1],[-1,1],[0,10],[-3,1],[4,3],[4,-1],[4,-1],[2,-2],[0,-4],[7,-3],[2,-1],[6,0],[14,4],[5,2],[3,-3],[-5,-5],[1,0],[4,4],[6,1],[2,1],[9,3],[3,1],[6,-3],[2,-3],[1,-4],[-3,-5],[1,-1],[7,-3],[1,1],[3,0],[5,-1],[4,-2],[3,1],[7,-3],[-2,3],[2,1],[0,3]],[[7222,7505],[0,-3],[-6,0],[-4,3],[-5,2],[-8,0],[-16,-5],[-7,-4],[-5,-3],[-5,-4],[-5,-2],[-5,1],[-1,-3],[2,-2],[-4,-2],[2,-1],[-4,-2],[-1,-3],[-8,-8],[-11,-6],[-8,-2],[-4,0],[-3,1],[-3,5],[-3,3],[-6,3]],[[2066,8988],[2,3]],[[2055,8984],[-1,-2]],[[1794,9450],[3,1],[9,-6],[9,-4],[8,-4],[0,-4],[-4,-4],[-3,-6],[-2,-1]],[[8743,9130],[4,0],[2,-2],[1,-4],[6,-3],[2,-6],[3,-4],[6,-1],[4,1],[7,-1],[1,-5],[2,-1],[0,-2],[-2,-3],[-1,-6]]],"transform":{"scale":[0.000899951361636163,0.0015093621740174042],"translate":[129.00044764000006,-25.998598509999965]},"objects":{"SAL_2021_AUST_GDA2020":{"type":"GeometryCollection","geometries":[{"arcs":[[0,1,2,3,4,5,6]],"type":"Polygon","properties":{"SAL_CODE21":"70001","SAL_NAME21":"Acacia Hills (NT)","STE_CODE21":"7"},"id":"70001"},{"arcs":[[7,8,9,10,11,12]],"type":"Polygon","properties":{"SAL_CODE21":"70002","SAL_NAME21":"Adelaide River","STE_CODE21":"7"},"id":"70002"},{"arcs":[[13,14,15,16,17,18,19]],"type":"Polygon","properties":{"SAL_CODE21":"70003","SAL_NAME21":"Alawa","STE_CODE21":"7"},"id":"70003"},{"arcs":[[20]],"type":"Polygon","properties":{"SAL_CODE21":"70004","SAL_NAME21":"Ali Curung","STE_CODE21":"7"},"id":"70004"},{"arcs":[[21,22,23,24,25,26,27]],"type":"Polygon","properties":{"SAL_CODE21":"70005","SAL_NAME21":"Alice Springs","STE_CODE21":"7"},"id":"70005"},{"arcs":[[28]],"type":"Polygon","properties":{"SAL_CODE21":"70006","SAL_NAME21":"Alpurrurulam","STE_CODE21":"7"},"id":"70006"},{"arcs":[[29,30]],"type":"Polygon","properties":{"SAL_CODE21":"70007","SAL_NAME21":"Alyangula","STE_CODE21":"7"},"id":"70007"},{"arcs":[[31,32,33]],"type":"Polygon","properties":{"SAL_CODE21":"70008","SAL_NAME21":"Amoonguna","STE_CODE21":"7"},"id":"70008"},{"arcs":[[34]],"type":"Polygon","properties":{"SAL_CODE21":"70009","SAL_NAME21":"Ampilatwatja","STE_CODE21":"7"},"id":"70009"},{"arcs":[[35,36,37,38,39,40]],"type":"Polygon","properties":{"SAL_CODE21":"70010","SAL_NAME21":"Anatye","STE_CODE21":"7"},"id":"70010"},{"arcs":[[41]],"type":"Polygon","properties":{"SAL_CODE21":"70011","SAL_NAME21":"Angurugu","STE_CODE21":"7"},"id":"70011"},{"arcs":[[[42]],[[43]],[[44,45,-31,46],[-42]],[[47]],[[48]],[[49]],[[50,51]],[[52]],[[53]],[[54]],[[55]],[[56]],[[57]],[[58]],[[59]],[[60]],[[61]],[[62]],[[63]],[[64]],[[65]],[[66]],[[67]],[[68]],[[69]],[[70]],[[71]],[[72]],[[73]],[[74]],[[75]],[[76]],[[77]]],"type":"MultiPolygon","properties":{"SAL_CODE21":"70012","SAL_NAME21":"Anindilyakwa","STE_CODE21":"7"},"id":"70012"},{"arcs":[[78,79,80,81,82,83,84,85,86],[87],[88],[89],[90],[91],[92]],"type":"Polygon","properties":{"SAL_CODE21":"70013","SAL_NAME21":"Anmatjere","STE_CODE21":"7"},"id":"70013"},{"arcs":[[93,94,95,96,97]],"type":"Polygon","properties":{"SAL_CODE21":"70014","SAL_NAME21":"Anula","STE_CODE21":"7"},"id":"70014"},{"arcs":[[98,99,100,101,102]],"type":"Polygon","properties":{"SAL_CODE21":"70015","SAL_NAME21":"Araluen (NT)","STE_CODE21":"7"},"id":"70015"},{"arcs":[[103,104,105,106,107,108]],"type":"Polygon","properties":{"SAL_CODE21":"70016","SAL_NAME21":"Archer","STE_CODE21":"7"},"id":"70016"},{"arcs":[[109,110]],"type":"Polygon","properties":{"SAL_CODE21":"70017","SAL_NAME21":"Areyonga","STE_CODE21":"7"},"id":"70017"},{"arcs":[[111,112,113,114]],"type":"Polygon","properties":{"SAL_CODE21":"70018","SAL_NAME21":"Arnold (NT)","STE_CODE21":"7"},"id":"70018"},{"arcs":[[115,116,117,118,119]],"type":"Polygon","properties":{"SAL_CODE21":"70019","SAL_NAME21":"Arumbera","STE_CODE21":"7"},"id":"70019"},{"arcs":[[120]],"type":"Polygon","properties":{"SAL_CODE21":"70020","SAL_NAME21":"Atitjere","STE_CODE21":"7"},"id":"70020"},{"arcs":[[[121,122,123,124]],[[125]],[[126]],[[127]],[[128]]],"type":"MultiPolygon","properties":{"SAL_CODE21":"70021","SAL_NAME21":"Baines","STE_CODE21":"7"},"id":"70021"},{"arcs":[[129,130,131,132,133]],"type":"Polygon","properties":{"SAL_CODE21":"70022","SAL_NAME21":"Bakewell","STE_CODE21":"7"},"id":"70022"},{"arcs":[[134]],"type":"Polygon","properties":{"SAL_CODE21":"70023","SAL_NAME21":"Barunga","STE_CODE21":"7"},"id":"70023"},{"arcs":[[135,136,-13,137,138,139,140]],"type":"Polygon","properties":{"SAL_CODE21":"70024","SAL_NAME21":"Batchelor","STE_CODE21":"7"},"id":"70024"},{"arcs":[[141,142,143,144]],"type":"Polygon","properties":{"SAL_CODE21":"70025","SAL_NAME21":"Bayview (NT)","STE_CODE21":"7"},"id":"70025"},{"arcs":[[145,146,147,148,149]],"type":"Polygon","properties":{"SAL_CODE21":"70026","SAL_NAME21":"Bees Creek","STE_CODE21":"7"},"id":"70026"},{"arcs":[[-104,150,151,152,153]],"type":"Polygon","properties":{"SAL_CODE21":"70027","SAL_NAME21":"Bellamack","STE_CODE21":"7"},"id":"70027"},{"arcs":[[154]],"type":"Polygon","properties":{"SAL_CODE21":"70028","SAL_NAME21":"Belyuen","STE_CODE21":"7"},"id":"70028"},{"arcs":[[155,156,157,158,159,160,161,162,163]],"type":"Polygon","properties":{"SAL_CODE21":"70029","SAL_NAME21":"Berrimah","STE_CODE21":"7"},"id":"70029"},{"arcs":[[164,165,166,167,168,169,170]],"type":"Polygon","properties":{"SAL_CODE21":"70030","SAL_NAME21":"Berry Springs","STE_CODE21":"7"},"id":"70030"},{"arcs":[[171]],"type":"Polygon","properties":{"SAL_CODE21":"70031","SAL_NAME21":"Beswick","STE_CODE21":"7"},"id":"70031"},{"arcs":[[172,173,174,175],[-172],[-135]],"type":"Polygon","properties":{"SAL_CODE21":"70032","SAL_NAME21":"Beswick Creek","STE_CODE21":"7"},"id":"70032"},{"arcs":[[176,177]],"type":"Polygon","properties":{"SAL_CODE21":"70033","SAL_NAME21":"Binjari","STE_CODE21":"7"},"id":"70033"},{"arcs":[[178,179,180,181,182,183,184,-114],[185]],"type":"Polygon","properties":{"SAL_CODE21":"70034","SAL_NAME21":"Birdum","STE_CODE21":"7"},"id":"70034"},{"arcs":[[186,187,188]],"type":"Polygon","properties":{"SAL_CODE21":"70035","SAL_NAME21":"Black Jungle","STE_CODE21":"7"},"id":"70035"},{"arcs":[[189,190,191,192,193,-170]],"type":"Polygon","properties":{"SAL_CODE21":"70036","SAL_NAME21":"Blackmore","STE_CODE21":"7"},"id":"70036"},{"arcs":[[194]],"type":"Polygon","properties":{"SAL_CODE21":"70037","SAL_NAME21":"Borroloola","STE_CODE21":"7"},"id":"70037"},{"arcs":[[195,196,197,198,199,200,-122,201]],"type":"Polygon","properties":{"SAL_CODE21":"70038","SAL_NAME21":"Bradshaw","STE_CODE21":"7"},"id":"70038"},{"arcs":[[-101,202,203,204,205]],"type":"Polygon","properties":{"SAL_CODE21":"70039","SAL_NAME21":"Braitling","STE_CODE21":"7"},"id":"70039"},{"arcs":[[-15,206,207,208,209]],"type":"Polygon","properties":{"SAL_CODE21":"70040","SAL_NAME21":"Brinkin","STE_CODE21":"7"},"id":"70040"},{"arcs":[[210,-124,211,212,213,214,215]],"type":"Polygon","properties":{"SAL_CODE21":"70041","SAL_NAME21":"Buchanan (NT)","STE_CODE21":"7"},"id":"70041"},{"arcs":[[216,217,218,219,220]],"type":"Polygon","properties":{"SAL_CODE21":"70042","SAL_NAME21":"Buffalo Creek","STE_CODE21":"7"},"id":"70042"},{"arcs":[[221,222]],"type":"Polygon","properties":{"SAL_CODE21":"70043","SAL_NAME21":"Bulman Weemol","STE_CODE21":"7"},"id":"70043"},{"arcs":[[223,224,225,226,227,228,229]],"type":"Polygon","properties":{"SAL_CODE21":"70044","SAL_NAME21":"Burrundie","STE_CODE21":"7"},"id":"70044"},{"arcs":[[230,231,232,233,234,235,236,-80,237,238,239,240]],"type":"Polygon","properties":{"SAL_CODE21":"70045","SAL_NAME21":"Burt Plain","STE_CODE21":"7"},"id":"70045"},{"arcs":[[241,242,243,244,245,246]],"type":"Polygon","properties":{"SAL_CODE21":"70046","SAL_NAME21":"Bynoe","STE_CODE21":"7"},"id":"70046"},{"arcs":[[[247]],[[248]],[[249]],[[250]],[[251]],[[252]],[[253]],[[254]],[[255]],[[256]]],"type":"MultiPolygon","properties":{"SAL_CODE21":"70047","SAL_NAME21":"Bynoe Harbour","STE_CODE21":"7"},"id":"70047"},{"arcs":[[257,258,259,260,261],[262]],"type":"Polygon","properties":{"SAL_CODE21":"70048","SAL_NAME21":"Calvert (NT)","STE_CODE21":"7"},"id":"70048"},{"arcs":[[263,264,265,266]],"type":"Polygon","properties":{"SAL_CODE21":"70049","SAL_NAME21":"Camp Creek (NT)","STE_CODE21":"7"},"id":"70049"},{"arcs":[[267]],"type":"Polygon","properties":{"SAL_CODE21":"70050","SAL_NAME21":"Canteen Creek","STE_CODE21":"7"},"id":"70050"},{"arcs":[[268,-17,269,270]],"type":"Polygon","properties":{"SAL_CODE21":"70051","SAL_NAME21":"Casuarina (NT)","STE_CODE21":"7"},"id":"70051"},{"arcs":[[271]],"type":"Polygon","properties":{"SAL_CODE21":"70052","SAL_NAME21":"Channel Island","STE_CODE21":"7"},"id":"70052"},{"arcs":[[272,-143,273,274]],"type":"Polygon","properties":{"SAL_CODE21":"70053","SAL_NAME21":"Charles Darwin","STE_CODE21":"7"},"id":"70053"},{"arcs":[[-244,275,276,277,278,279]],"type":"Polygon","properties":{"SAL_CODE21":"70054","SAL_NAME21":"Charlotte","STE_CODE21":"7"},"id":"70054"},{"arcs":[[280,-83,281],[282]],"type":"Polygon","properties":{"SAL_CODE21":"70055","SAL_NAME21":"Chilla Well","STE_CODE21":"7"},"id":"70055"},{"arcs":[[283,-27,284,-102,-206]],"type":"Polygon","properties":{"SAL_CODE21":"70056","SAL_NAME21":"Ciccone","STE_CODE21":"7"},"id":"70056"},{"arcs":[[285,-197,286,287,288,289]],"type":"Polygon","properties":{"SAL_CODE21":"70057","SAL_NAME21":"Claravale","STE_CODE21":"7"},"id":"70057"},{"arcs":[[[290]],[[291]],[[292]],[[293]],[[294,295]],[[296]],[[297]],[[298]]],"type":"MultiPolygon","properties":{"SAL_CODE21":"70058","SAL_NAME21":"Cobourg","STE_CODE21":"7"},"id":"70058"},{"arcs":[[299,300,301,302,303,304]],"type":"Polygon","properties":{"SAL_CODE21":"70059","SAL_NAME21":"Coconut Grove","STE_CODE21":"7"},"id":"70059"},{"arcs":[[-279,305,306,307,308]],"type":"Polygon","properties":{"SAL_CODE21":"70060","SAL_NAME21":"Collett Creek","STE_CODE21":"7"},"id":"70060"},{"arcs":[[309,310,-116,311,312,-34]],"type":"Polygon","properties":{"SAL_CODE21":"70061","SAL_NAME21":"Connellan","STE_CODE21":"7"},"id":"70061"},{"arcs":[[313,314,315,316]],"type":"Polygon","properties":{"SAL_CODE21":"70062","SAL_NAME21":"Coolalinga","STE_CODE21":"7"},"id":"70062"},{"arcs":[[-136,317,318,319,320,321,322]],"type":"Polygon","properties":{"SAL_CODE21":"70063","SAL_NAME21":"Coomalie Creek","STE_CODE21":"7"},"id":"70063"},{"arcs":[[-159,323,324]],"type":"Polygon","properties":{"SAL_CODE21":"70064","SAL_NAME21":"Coonawarra (NT)","STE_CODE21":"7"},"id":"70064"},{"arcs":[[325,326,-178,327,328,329,330,331,332,333]],"type":"Polygon","properties":{"SAL_CODE21":"70065","SAL_NAME21":"Cossack (NT)","STE_CODE21":"7"},"id":"70065"},{"arcs":[[334,335,-41,336,337,338,339],[-29],[-268]],"type":"Polygon","properties":{"SAL_CODE21":"70066","SAL_NAME21":"Costello","STE_CODE21":"7"},"id":"70066"},{"arcs":[[-243,340,341,342,343,-192,-276],[-155],[344]],"type":"Polygon","properties":{"SAL_CODE21":"70067","SAL_NAME21":"Cox Peninsula","STE_CODE21":"7"},"id":"70067"},{"arcs":[[-260,345,346,347,348]],"type":"Polygon","properties":{"SAL_CODE21":"70068","SAL_NAME21":"Creswell","STE_CODE21":"7"},"id":"70068"},{"arcs":[[349,350]],"type":"Polygon","properties":{"SAL_CODE21":"70069","SAL_NAME21":"Daguragu","STE_CODE21":"7"},"id":"70069"},{"arcs":[[351,352,353,-7]],"type":"Polygon","properties":{"SAL_CODE21":"70070","SAL_NAME21":"Daly","STE_CODE21":"7"},"id":"70070"},{"arcs":[[354,355,356,357,358,359,360,361]],"type":"Polygon","properties":{"SAL_CODE21":"70071","SAL_NAME21":"Daly River","STE_CODE21":"7"},"id":"70071"},{"arcs":[[-186]],"type":"Polygon","properties":{"SAL_CODE21":"70072","SAL_NAME21":"Daly Waters","STE_CODE21":"7"},"id":"70072"},{"arcs":[[362,363,364,365]],"type":"Polygon","properties":{"SAL_CODE21":"70073","SAL_NAME21":"Darwin City","STE_CODE21":"7"},"id":"70073"},{"arcs":[[-306,-278,366,-167,367,368,369]],"type":"Polygon","properties":{"SAL_CODE21":"70074","SAL_NAME21":"Darwin River","STE_CODE21":"7"},"id":"70074"},{"arcs":[[-2,370,371,-319,372,-307,-370,373]],"type":"Polygon","properties":{"SAL_CODE21":"70075","SAL_NAME21":"Darwin River Dam","STE_CODE21":"7"},"id":"70075"},{"arcs":[[374,-86,375,-338],[376],[-21],[377]],"type":"Polygon","properties":{"SAL_CODE21":"70076","SAL_NAME21":"Davenport (NT)","STE_CODE21":"7"},"id":"70076"},{"arcs":[[-198,-286,378,379,380,381,382]],"type":"Polygon","properties":{"SAL_CODE21":"70077","SAL_NAME21":"Delamere (NT)","STE_CODE21":"7"},"id":"70077"},{"arcs":[[-24,383,384,385]],"type":"Polygon","properties":{"SAL_CODE21":"70078","SAL_NAME21":"Desert Springs","STE_CODE21":"7"},"id":"70078"},{"arcs":[[386,387,-288,388,389,390,391,-229]],"type":"Polygon","properties":{"SAL_CODE21":"70079","SAL_NAME21":"Douglas-Daly","STE_CODE21":"7"},"id":"70079"},{"arcs":[[392,393,394,395,396,397]],"type":"Polygon","properties":{"SAL_CODE21":"70080","SAL_NAME21":"Driver","STE_CODE21":"7"},"id":"70080"},{"arcs":[[398,399,400]],"type":"Polygon","properties":{"SAL_CODE21":"70081","SAL_NAME21":"Dundee Beach","STE_CODE21":"7"},"id":"70081"},{"arcs":[[401,-247,402]],"type":"Polygon","properties":{"SAL_CODE21":"70082","SAL_NAME21":"Dundee Downs","STE_CODE21":"7"},"id":"70082"},{"arcs":[[-400,403,-403,-246,404]],"type":"Polygon","properties":{"SAL_CODE21":"70083","SAL_NAME21":"Dundee Forest","STE_CODE21":"7"},"id":"70083"},{"arcs":[[405,406,407,408,-397,409]],"type":"Polygon","properties":{"SAL_CODE21":"70084","SAL_NAME21":"Durack (NT)","STE_CODE21":"7"},"id":"70084"},{"arcs":[[410,411,412,413]],"type":"Polygon","properties":{"SAL_CODE21":"70085","SAL_NAME21":"East Arm","STE_CODE21":"7"},"id":"70085"},{"arcs":[[[414,415,416,417,418,419,420,421,422],[423],[424]],[[425]],[[426]],[[427]],[[428]],[[429]],[[430]],[[431]],[[432,433]],[[434]],[[435]],[[436]],[[437]],[[438]],[[439,440]],[[441]],[[442]],[[443]],[[444]],[[445]],[[446]],[[447]],[[448]],[[449]],[[450]],[[451]],[[452]],[[453]],[[454]],[[455]],[[456]],[[457]],[[458]],[[459]],[[460]],[[461]],[[462]],[[463]],[[464]],[[465]],[[466]],[[467]],[[468]],[[469]],[[470]],[[471]],[[472]],[[473]],[[474]],[[475]],[[476]],[[477]],[[478]],[[479]],[[480]],[[481]],[[482]],[[483]],[[484]]],"type":"MultiPolygon","properties":{"SAL_CODE21":"70086","SAL_NAME21":"East Arnhem","STE_CODE21":"7"},"id":"70086"},{"arcs":[[485,486,487]],"type":"Polygon","properties":{"SAL_CODE21":"70087","SAL_NAME21":"East Point","STE_CODE21":"7"},"id":"70087"},{"arcs":[[-22,488,489,490]],"type":"Polygon","properties":{"SAL_CODE21":"70088","SAL_NAME21":"East Side","STE_CODE21":"7"},"id":"70088"},{"arcs":[[-300,491,492,-161,493,494,495]],"type":"Polygon","properties":{"SAL_CODE21":"70089","SAL_NAME21":"Eaton (NT)","STE_CODE21":"7"},"id":"70089"},{"arcs":[[496,-289,-388,497,-227,498,-330]],"type":"Polygon","properties":{"SAL_CODE21":"70090","SAL_NAME21":"Edith (NT)","STE_CODE21":"7"},"id":"70090"},{"arcs":[[499]],"type":"Polygon","properties":{"SAL_CODE21":"70091","SAL_NAME21":"Elliott (NT)","STE_CODE21":"7"},"id":"70091"},{"arcs":[[500,501,502]],"type":"Polygon","properties":{"SAL_CODE21":"70092","SAL_NAME21":"Elrundie","STE_CODE21":"7"},"id":"70092"},{"arcs":[[-184,503,504,505,506,-174,507,508],[509],[510]],"type":"Polygon","properties":{"SAL_CODE21":"70093","SAL_NAME21":"Elsey","STE_CODE21":"7"},"id":"70093"},{"arcs":[[-332,511,512,513]],"type":"Polygon","properties":{"SAL_CODE21":"70094","SAL_NAME21":"Emungalan","STE_CODE21":"7"},"id":"70094"},{"arcs":[[-93]],"type":"Polygon","properties":{"SAL_CODE21":"70095","SAL_NAME21":"Engawala","STE_CODE21":"7"},"id":"70095"},{"arcs":[[-265,514,-139,515]],"type":"Polygon","properties":{"SAL_CODE21":"70096","SAL_NAME21":"Eva Valley","STE_CODE21":"7"},"id":"70096"},{"arcs":[[516,517,518,519,-487]],"type":"Polygon","properties":{"SAL_CODE21":"70097","SAL_NAME21":"Fannie Bay","STE_CODE21":"7"},"id":"70097"},{"arcs":[[520,521,522,523,524]],"type":"Polygon","properties":{"SAL_CODE21":"70098","SAL_NAME21":"Farrar","STE_CODE21":"7"},"id":"70098"},{"arcs":[[525]],"type":"Polygon","properties":{"SAL_CODE21":"70099","SAL_NAME21":"Finke","STE_CODE21":"7"},"id":"70099"},{"arcs":[[-515,-264,526,527,-309,528,-140]],"type":"Polygon","properties":{"SAL_CODE21":"70100","SAL_NAME21":"Finniss Valley","STE_CODE21":"7"},"id":"70100"},{"arcs":[[-379,-290,-497,-329,529]],"type":"Polygon","properties":{"SAL_CODE21":"70101","SAL_NAME21":"Florina","STE_CODE21":"7"},"id":"70101"},{"arcs":[[-3,-374,-369,530]],"type":"Polygon","properties":{"SAL_CODE21":"70102","SAL_NAME21":"Fly Creek","STE_CODE21":"7"},"id":"70102"},{"arcs":[[-223,531,532,-421,533,534,-508,-173,535,536]],"type":"Polygon","properties":{"SAL_CODE21":"70103","SAL_NAME21":"Flying Fox (NT)","STE_CODE21":"7"},"id":"70103"},{"arcs":[[537,538,539,540,-232,541,-99]],"type":"Polygon","properties":{"SAL_CODE21":"70104","SAL_NAME21":"Flynn (NT)","STE_CODE21":"7"},"id":"70104"},{"arcs":[[542,-148,543,-315]],"type":"Polygon","properties":{"SAL_CODE21":"70105","SAL_NAME21":"Freds Pass","STE_CODE21":"7"},"id":"70105"},{"arcs":[[544,-440]],"type":"Polygon","properties":{"SAL_CODE21":"70106","SAL_NAME21":"Galiwinku","STE_CODE21":"7"},"id":"70106"},{"arcs":[[-424]],"type":"Polygon","properties":{"SAL_CODE21":"70107","SAL_NAME21":"Gapuwiyak","STE_CODE21":"7"},"id":"70107"},{"arcs":[[545,546,547,548,549,550,551],[552],[-526]],"type":"Polygon","properties":{"SAL_CODE21":"70108","SAL_NAME21":"Ghan","STE_CODE21":"7"},"id":"70108"},{"arcs":[[-538,-103,-285,-26,553]],"type":"Polygon","properties":{"SAL_CODE21":"70109","SAL_NAME21":"Gillen","STE_CODE21":"7"},"id":"70109"},{"arcs":[[554,555,556,557,558]],"type":"Polygon","properties":{"SAL_CODE21":"70110","SAL_NAME21":"Girraween (NT)","STE_CODE21":"7"},"id":"70110"},{"arcs":[[559,560,561]],"type":"Polygon","properties":{"SAL_CODE21":"70111","SAL_NAME21":"Glyde Point","STE_CODE21":"7"},"id":"70111"},{"arcs":[[562,563,-133,564,-393]],"type":"Polygon","properties":{"SAL_CODE21":"70112","SAL_NAME21":"Gray (NT)","STE_CODE21":"7"},"id":"70112"},{"arcs":[[-383,565,566,-212,-123,-201,567,-199]],"type":"Polygon","properties":{"SAL_CODE21":"70113","SAL_NAME21":"Gregory (NT)","STE_CODE21":"7"},"id":"70113"},{"arcs":[[-537,568,569,570,-532,-222]],"type":"Polygon","properties":{"SAL_CODE21":"70114","SAL_NAME21":"Gulung Mardrulk","STE_CODE21":"7"},"id":"70114"},{"arcs":[[571,572]],"type":"Polygon","properties":{"SAL_CODE21":"70115","SAL_NAME21":"Gunbalanya","STE_CODE21":"7"},"id":"70115"},{"arcs":[[-564,573,-521,574,-134]],"type":"Polygon","properties":{"SAL_CODE21":"70116","SAL_NAME21":"Gunn","STE_CODE21":"7"},"id":"70116"},{"arcs":[[[575]],[[576]],[[577,578,-560]]],"type":"MultiPolygon","properties":{"SAL_CODE21":"70117","SAL_NAME21":"Gunn Point","STE_CODE21":"7"},"id":"70117"},{"arcs":[[579]],"type":"Polygon","properties":{"SAL_CODE21":"70118","SAL_NAME21":"Gunyangara","STE_CODE21":"7"},"id":"70118"},{"arcs":[[580,-215,581,-213,-567,582,583],[584,-350]],"type":"Polygon","properties":{"SAL_CODE21":"70119","SAL_NAME21":"Gurindji","STE_CODE21":"7"},"id":"70119"},{"arcs":[[585]],"type":"Polygon","properties":{"SAL_CODE21":"70120","SAL_NAME21":"Haasts Bluff","STE_CODE21":"7"},"id":"70120"},{"arcs":[[586,-38,587,-550,588,-310,-33,589,590,591,-239],[592]],"type":"Polygon","properties":{"SAL_CODE21":"70121","SAL_NAME21":"Hale","STE_CODE21":"7"},"id":"70121"},{"arcs":[[-238,-79,593,-39,-587],[-121]],"type":"Polygon","properties":{"SAL_CODE21":"70122","SAL_NAME21":"Hart (NT)","STE_CODE21":"7"},"id":"70122"},{"arcs":[[-188,594,595,-558,596]],"type":"Polygon","properties":{"SAL_CODE21":"70123","SAL_NAME21":"Herbert","STE_CODE21":"7"},"id":"70123"},{"arcs":[[597]],"type":"Polygon","properties":{"SAL_CODE21":"70124","SAL_NAME21":"Hermannsburg","STE_CODE21":"7"},"id":"70124"},{"arcs":[[-324,-158,-411,598,-275,599]],"type":"Polygon","properties":{"SAL_CODE21":"70125","SAL_NAME21":"Hidden Valley (NT)","STE_CODE21":"7"},"id":"70125"},{"arcs":[[600,601,602,603,604,605,-221]],"type":"Polygon","properties":{"SAL_CODE21":"70126","SAL_NAME21":"Holmes","STE_CODE21":"7"},"id":"70126"},{"arcs":[[606,607,608,-524,609,610,611]],"type":"Polygon","properties":{"SAL_CODE21":"70127","SAL_NAME21":"Holtze","STE_CODE21":"7"},"id":"70127"},{"arcs":[[612,613,614]],"type":"Polygon","properties":{"SAL_CODE21":"70128","SAL_NAME21":"Hotham","STE_CODE21":"7"},"id":"70128"},{"arcs":[[615,-317,616,617,618,-608,619,620,-556]],"type":"Polygon","properties":{"SAL_CODE21":"70129","SAL_NAME21":"Howard Springs","STE_CODE21":"7"},"id":"70129"},{"arcs":[[-549,621,-235,622,-117,-311,-589],[623]],"type":"Polygon","properties":{"SAL_CODE21":"70130","SAL_NAME21":"Hugh","STE_CODE21":"7"},"id":"70130"},{"arcs":[[-5,624,625,626]],"type":"Polygon","properties":{"SAL_CODE21":"70131","SAL_NAME21":"Hughes (NT)","STE_CODE21":"7"},"id":"70131"},{"arcs":[[627,628,629,630,-150,631,-559,-596]],"type":"Polygon","properties":{"SAL_CODE21":"70132","SAL_NAME21":"Humpty Doo","STE_CODE21":"7"},"id":"70132"},{"arcs":[[632,-233,-541,633,634,-119]],"type":"Polygon","properties":{"SAL_CODE21":"70133","SAL_NAME21":"Ilparpa","STE_CODE21":"7"},"id":"70133"},{"arcs":[[-553]],"type":"Polygon","properties":{"SAL_CODE21":"70134","SAL_NAME21":"Imanpa","STE_CODE21":"7"},"id":"70134"},{"arcs":[[635,-204,636,-241,637]],"type":"Polygon","properties":{"SAL_CODE21":"70135","SAL_NAME21":"Irlpme","STE_CODE21":"7"},"id":"70135"},{"arcs":[[638]],"type":"Polygon","properties":{"SAL_CODE21":"70136","SAL_NAME21":"Jabiru","STE_CODE21":"7"},"id":"70136"},{"arcs":[[-511]],"type":"Polygon","properties":{"SAL_CODE21":"70137","SAL_NAME21":"Jilkminggan","STE_CODE21":"7"},"id":"70137"},{"arcs":[[639,640,641,-20,642]],"type":"Polygon","properties":{"SAL_CODE21":"70138","SAL_NAME21":"Jingili","STE_CODE21":"7"},"id":"70138"},{"arcs":[[643,-130,-575,-525,-609,-619,644]],"type":"Polygon","properties":{"SAL_CODE21":"70139","SAL_NAME21":"Johnston","STE_CODE21":"7"},"id":"70139"},{"arcs":[[[-572,645,-570,646,-225,647,648,649,650],[-639]],[[651]],[[652]]],"type":"MultiPolygon","properties":{"SAL_CODE21":"70140","SAL_NAME21":"Kakadu","STE_CODE21":"7"},"id":"70140"},{"arcs":[[-351,-585]],"type":"Polygon","properties":{"SAL_CODE21":"70141","SAL_NAME21":"Kalkarindji","STE_CODE21":"7"},"id":"70141"},{"arcs":[[653]],"type":"Polygon","properties":{"SAL_CODE21":"70142","SAL_NAME21":"Kaltukatjara","STE_CODE21":"7"},"id":"70142"},{"arcs":[[-163,654,655,-603]],"type":"Polygon","properties":{"SAL_CODE21":"70143","SAL_NAME21":"Karama","STE_CODE21":"7"},"id":"70143"},{"arcs":[[656,-333,-514,657,658]],"type":"Polygon","properties":{"SAL_CODE21":"70144","SAL_NAME21":"Katherine","STE_CODE21":"7"},"id":"70144"},{"arcs":[[659,-659,660,661]],"type":"Polygon","properties":{"SAL_CODE21":"70145","SAL_NAME21":"Katherine East","STE_CODE21":"7"},"id":"70145"},{"arcs":[[-657,-660,662,-334]],"type":"Polygon","properties":{"SAL_CODE21":"70146","SAL_NAME21":"Katherine South","STE_CODE21":"7"},"id":"70146"},{"arcs":[[-312,-120,-635,663]],"type":"Polygon","properties":{"SAL_CODE21":"70147","SAL_NAME21":"Kilgariff","STE_CODE21":"7"},"id":"70147"},{"arcs":[[664]],"type":"Polygon","properties":{"SAL_CODE21":"70148","SAL_NAME21":"Kintore","STE_CODE21":"7"},"id":"70148"},{"arcs":[[665,666,-612,667,-164,-602]],"type":"Polygon","properties":{"SAL_CODE21":"70149","SAL_NAME21":"Knuckey Lagoon","STE_CODE21":"7"},"id":"70149"},{"arcs":[[-597,-557,-621,668,669,-562,670,-614,671,672,673,-189]],"type":"Polygon","properties":{"SAL_CODE21":"70150","SAL_NAME21":"Koolpinyah","STE_CODE21":"7"},"id":"70150"},{"arcs":[[674,675,676],[677],[-586],[678]],"type":"Polygon","properties":{"SAL_CODE21":"70151","SAL_NAME21":"Kunparrka","STE_CODE21":"7"},"id":"70151"},{"arcs":[[-214,-582]],"type":"Polygon","properties":{"SAL_CODE21":"70152","SAL_NAME21":"Lajamanu","STE_CODE21":"7"},"id":"70152"},{"arcs":[[-372,679,680,-320]],"type":"Polygon","properties":{"SAL_CODE21":"70153","SAL_NAME21":"Lake Bennett","STE_CODE21":"7"},"id":"70153"},{"arcs":[[681,682,-282,-82,683,-677,684,685],[-665],[686]],"type":"Polygon","properties":{"SAL_CODE21":"70154","SAL_NAME21":"Lake Mackay","STE_CODE21":"7"},"id":"70154"},{"arcs":[[687,688,-628,-595,-187,-674]],"type":"Polygon","properties":{"SAL_CODE21":"70155","SAL_NAME21":"Lambells Lagoon","STE_CODE21":"7"},"id":"70155"},{"arcs":[[689,-661,-658,-513,690,691,692]],"type":"Polygon","properties":{"SAL_CODE21":"70156","SAL_NAME21":"Lansdowne (NT)","STE_CODE21":"7"},"id":"70156"},{"arcs":[[-88]],"type":"Polygon","properties":{"SAL_CODE21":"70157","SAL_NAME21":"Laramba","STE_CODE21":"7"},"id":"70157"},{"arcs":[[-231,-637,-203,-100,-542]],"type":"Polygon","properties":{"SAL_CODE21":"70158","SAL_NAME21":"Larapinta (NT)","STE_CODE21":"7"},"id":"70158"},{"arcs":[[693,694,-365]],"type":"Polygon","properties":{"SAL_CODE21":"70159","SAL_NAME21":"Larrakeyah","STE_CODE21":"7"},"id":"70159"},{"arcs":[[695,-504,-183]],"type":"Polygon","properties":{"SAL_CODE21":"70160","SAL_NAME21":"Larrimah","STE_CODE21":"7"},"id":"70160"},{"arcs":[[-606,696,697,698]],"type":"Polygon","properties":{"SAL_CODE21":"70161","SAL_NAME21":"Leanyer","STE_CODE21":"7"},"id":"70161"},{"arcs":[[699,700,701,-218,702]],"type":"Polygon","properties":{"SAL_CODE21":"70162","SAL_NAME21":"Lee Point","STE_CODE21":"7"},"id":"70162"},{"arcs":[[[703,-115,-185,-509,-535,704,705,706,707],[708]],[[709]],[[710]]],"type":"MultiPolygon","properties":{"SAL_CODE21":"70163","SAL_NAME21":"Limmen","STE_CODE21":"7"},"id":"70163"},{"arcs":[[711,-361,712,-527,-267,713,-11,714]],"type":"Polygon","properties":{"SAL_CODE21":"70164","SAL_NAME21":"Litchfield Park","STE_CODE21":"7"},"id":"70164"},{"arcs":[[-531,-368,-166,715,-625,-4]],"type":"Polygon","properties":{"SAL_CODE21":"70165","SAL_NAME21":"Livingstone","STE_CODE21":"7"},"id":"70165"},{"arcs":[[716,-6,-627,717,-630]],"type":"Polygon","properties":{"SAL_CODE21":"70166","SAL_NAME21":"Lloyd Creek","STE_CODE21":"7"},"id":"70166"},{"arcs":[[718,719,720,-517,-486,721,-301,-496]],"type":"Polygon","properties":{"SAL_CODE21":"70167","SAL_NAME21":"Ludmilla","STE_CODE21":"7"},"id":"70167"},{"arcs":[[-700,722,723,724]],"type":"Polygon","properties":{"SAL_CODE21":"70168","SAL_NAME21":"Lyons (NT)","STE_CODE21":"7"},"id":"70168"},{"arcs":[[-656,725,-94,726,-604]],"type":"Polygon","properties":{"SAL_CODE21":"70169","SAL_NAME21":"Malak","STE_CODE21":"7"},"id":"70169"},{"arcs":[[-328,-177,-327,727,728,729,-506,730,-380,-530]],"type":"Polygon","properties":{"SAL_CODE21":"70170","SAL_NAME21":"Manbulloo","STE_CODE21":"7"},"id":"70170"},{"arcs":[[731,732,-343]],"type":"Polygon","properties":{"SAL_CODE21":"70171","SAL_NAME21":"Mandorah","STE_CODE21":"7"},"id":"70171"},{"arcs":[[733,734]],"type":"Polygon","properties":{"SAL_CODE21":"70172","SAL_NAME21":"Maningrida","STE_CODE21":"7"},"id":"70172"},{"arcs":[[-371,-1,-354,735,-680]],"type":"Polygon","properties":{"SAL_CODE21":"70173","SAL_NAME21":"Manton (NT)","STE_CODE21":"7"},"id":"70173"},{"arcs":[[-356,736]],"type":"Polygon","properties":{"SAL_CODE21":"70174","SAL_NAME21":"Maranunga","STE_CODE21":"7"},"id":"70174"},{"arcs":[[-230,-392,737,-9,738,-322,739,740]],"type":"Polygon","properties":{"SAL_CODE21":"70175","SAL_NAME21":"Margaret River (NT)","STE_CODE21":"7"},"id":"70175"},{"arcs":[[-108,741,-503,-410,-396,742]],"type":"Polygon","properties":{"SAL_CODE21":"70176","SAL_NAME21":"Marlow Lagoon","STE_CODE21":"7"},"id":"70176"},{"arcs":[[-740,-321,-681,-736,-353,743,744,-672,-613,745,746,747]],"type":"Polygon","properties":{"SAL_CODE21":"70177","SAL_NAME21":"Marrakai","STE_CODE21":"7"},"id":"70177"},{"arcs":[[748,-95,-726,-655,-162,-493,749,-640]],"type":"Polygon","properties":{"SAL_CODE21":"70178","SAL_NAME21":"Marrara","STE_CODE21":"7"},"id":"70178"},{"arcs":[[-510]],"type":"Polygon","properties":{"SAL_CODE21":"70179","SAL_NAME21":"Mataranka","STE_CODE21":"7"},"id":"70179"},{"arcs":[[750,751,-261,-349,752,-112,-704,753],[-195]],"type":"Polygon","properties":{"SAL_CODE21":"70180","SAL_NAME21":"McArthur","STE_CODE21":"7"},"id":"70180"},{"arcs":[[-149,-543,-314,-616,-555,-632]],"type":"Polygon","properties":{"SAL_CODE21":"70181","SAL_NAME21":"McMinns Lagoon","STE_CODE21":"7"},"id":"70181"},{"arcs":[[754,755,-685,-676,756,757,-110]],"type":"Polygon","properties":{"SAL_CODE21":"70182","SAL_NAME21":"Mereenie","STE_CODE21":"7"},"id":"70182"},{"arcs":[[-666,-601,-220,758,759]],"type":"Polygon","properties":{"SAL_CODE21":"70183","SAL_NAME21":"Micket Creek","STE_CODE21":"7"},"id":"70183"},{"arcs":[[-745,760,-688,-673]],"type":"Polygon","properties":{"SAL_CODE21":"70184","SAL_NAME21":"Middle Point","STE_CODE21":"7"},"id":"70184"},{"arcs":[[761,762]],"type":"Polygon","properties":{"SAL_CODE21":"70185","SAL_NAME21":"Milikapiti","STE_CODE21":"7"},"id":"70185"},{"arcs":[[763,-433]],"type":"Polygon","properties":{"SAL_CODE21":"70186","SAL_NAME21":"Milingimbi","STE_CODE21":"7"},"id":"70186"},{"arcs":[[-305,764,-641,-750,-492]],"type":"Polygon","properties":{"SAL_CODE21":"70187","SAL_NAME21":"Millner","STE_CODE21":"7"},"id":"70187"},{"arcs":[[765,-51]],"type":"Polygon","properties":{"SAL_CODE21":"70188","SAL_NAME21":"Milyakburra","STE_CODE21":"7"},"id":"70188"},{"arcs":[[-709]],"type":"Polygon","properties":{"SAL_CODE21":"70189","SAL_NAME21":"Miniyeri","STE_CODE21":"7"},"id":"70189"},{"arcs":[[766,767]],"type":"Polygon","properties":{"SAL_CODE21":"70190","SAL_NAME21":"Minjilang","STE_CODE21":"7"},"id":"70190"},{"arcs":[[768,-105,-154,769,-644,770,771]],"type":"Polygon","properties":{"SAL_CODE21":"70191","SAL_NAME21":"Mitchell (NT)","STE_CODE21":"7"},"id":"70191"},{"arcs":[[-749,-643,-19,772,-96]],"type":"Polygon","properties":{"SAL_CODE21":"70192","SAL_NAME21":"Moil","STE_CODE21":"7"},"id":"70192"},{"arcs":[[-109,-743,-395,773,-151]],"type":"Polygon","properties":{"SAL_CODE21":"70193","SAL_NAME21":"Moulden","STE_CODE21":"7"},"id":"70193"},{"arcs":[[774,-648,-224,-741,-748]],"type":"Polygon","properties":{"SAL_CODE21":"70194","SAL_NAME21":"Mount Bundey","STE_CODE21":"7"},"id":"70194"},{"arcs":[[775,776,-591,777,778,-385]],"type":"Polygon","properties":{"SAL_CODE21":"70195","SAL_NAME21":"Mount Johns","STE_CODE21":"7"},"id":"70195"},{"arcs":[[-678]],"type":"Polygon","properties":{"SAL_CODE21":"70196","SAL_NAME21":"Mount Liebig","STE_CODE21":"7"},"id":"70196"},{"arcs":[[779,-757,-675,-684,-81,-237]],"type":"Polygon","properties":{"SAL_CODE21":"70197","SAL_NAME21":"Mount Zeil","STE_CODE21":"7"},"id":"70197"},{"arcs":[[-723,-703,-217,-699]],"type":"Polygon","properties":{"SAL_CODE21":"70198","SAL_NAME21":"Muirhead","STE_CODE21":"7"},"id":"70198"},{"arcs":[[-670,780,781,-578]],"type":"Polygon","properties":{"SAL_CODE21":"70199","SAL_NAME21":"Murrumujuk","STE_CODE21":"7"},"id":"70199"},{"arcs":[[782]],"type":"Polygon","properties":{"SAL_CODE21":"70200","SAL_NAME21":"Mutitjulu","STE_CODE21":"7"},"id":"70200"},{"arcs":[[-16,-210,783,784,-270]],"type":"Polygon","properties":{"SAL_CODE21":"70201","SAL_NAME21":"Nakara","STE_CODE21":"7"},"id":"70201"},{"arcs":[[-111,-758,-780,-236,-622,-548,785,-755],[786],[-598]],"type":"Polygon","properties":{"SAL_CODE21":"70202","SAL_NAME21":"Namatjira","STE_CODE21":"7"},"id":"70202"},{"arcs":[[-737,-355,787,-357]],"type":"Polygon","properties":{"SAL_CODE21":"70203","SAL_NAME21":"Nauiyu","STE_CODE21":"7"},"id":"70203"},{"arcs":[[[788]],[[-389,-287,-196,789,790,791,792,793,-359,794],[795]]],"type":"MultiPolygon","properties":{"SAL_CODE21":"70204","SAL_NAME21":"Nemarluk","STE_CODE21":"7"},"id":"70204"},{"arcs":[[796]],"type":"Polygon","properties":{"SAL_CODE21":"70205","SAL_NAME21":"Newcastle Waters","STE_CODE21":"7"},"id":"70205"},{"arcs":[[797,-792]],"type":"Polygon","properties":{"SAL_CODE21":"70206","SAL_NAME21":"Nganmarriyanga","STE_CODE21":"7"},"id":"70206"},{"arcs":[[798,-706]],"type":"Polygon","properties":{"SAL_CODE21":"70207","SAL_NAME21":"Ngukurr","STE_CODE21":"7"},"id":"70207"},{"arcs":[[-415,799]],"type":"Polygon","properties":{"SAL_CODE21":"70208","SAL_NAME21":"Nhulunbuy","STE_CODE21":"7"},"id":"70208"},{"arcs":[[800,801,802,-346,-259,803]],"type":"Polygon","properties":{"SAL_CODE21":"70209","SAL_NAME21":"Nicholson (NT)","STE_CODE21":"7"},"id":"70209"},{"arcs":[[804,805,-303]],"type":"Polygon","properties":{"SAL_CODE21":"70210","SAL_NAME21":"Nightcliff","STE_CODE21":"7"},"id":"70210"},{"arcs":[[806,-691,-512,-331,-499,-226,-647,-569,-536,-176]],"type":"Polygon","properties":{"SAL_CODE21":"70211","SAL_NAME21":"Nitmiluk","STE_CODE21":"7"},"id":"70211"},{"arcs":[[-716,-165,807,-631,-718,-626]],"type":"Polygon","properties":{"SAL_CODE21":"70212","SAL_NAME21":"Noonamah","STE_CODE21":"7"},"id":"70212"},{"arcs":[[808,809]],"type":"Polygon","properties":{"SAL_CODE21":"70213","SAL_NAME21":"Numbulwar","STE_CODE21":"7"},"id":"70213"},{"arcs":[[[810]],[[811]],[[-809,812,813,-419,814]]],"type":"MultiPolygon","properties":{"SAL_CODE21":"70214","SAL_NAME21":"Numburindi","STE_CODE21":"7"},"id":"70214"},{"arcs":[[-687]],"type":"Polygon","properties":{"SAL_CODE21":"70215","SAL_NAME21":"Nyirripi","STE_CODE21":"7"},"id":"70215"},{"arcs":[[-522,-574,-563,-398,-409,815]],"type":"Polygon","properties":{"SAL_CODE21":"70216","SAL_NAME21":"Palmerston City","STE_CODE21":"7"},"id":"70216"},{"arcs":[[-113,-753,-348,816,817,-179],[-500],[-797]],"type":"Polygon","properties":{"SAL_CODE21":"70217","SAL_NAME21":"Pamayu","STE_CODE21":"7"},"id":"70217"},{"arcs":[[-679]],"type":"Polygon","properties":{"SAL_CODE21":"70218","SAL_NAME21":"Papunya","STE_CODE21":"7"},"id":"70218"},{"arcs":[[818,819,-518,-721,820]],"type":"Polygon","properties":{"SAL_CODE21":"70219","SAL_NAME21":"Parap","STE_CODE21":"7"},"id":"70219"},{"arcs":[[[821]],[[822]],[[823]],[[-751,824]],[[825]],[[826]],[[827]],[[828]],[[829]],[[830]],[[831]],[[832]],[[833]],[[834]],[[835]],[[836]],[[837]],[[838]],[[839]],[[840]]],"type":"MultiPolygon","properties":{"SAL_CODE21":"70220","SAL_NAME21":"Pellew Islands","STE_CODE21":"7"},"id":"70220"},{"arcs":[[-796]],"type":"Polygon","properties":{"SAL_CODE21":"70221","SAL_NAME21":"Peppimenarti","STE_CODE21":"7"},"id":"70221"},{"arcs":[[841,-686,-756,-786,-547],[-783],[842],[-654]],"type":"Polygon","properties":{"SAL_CODE21":"70222","SAL_NAME21":"Petermann","STE_CODE21":"7"},"id":"70222"},{"arcs":[[843]],"type":"Polygon","properties":{"SAL_CODE21":"70223","SAL_NAME21":"Pigeon Hole","STE_CODE21":"7"},"id":"70223"},{"arcs":[[-228,-498,-387]],"type":"Polygon","properties":{"SAL_CODE21":"70224","SAL_NAME21":"Pine Creek (NT)","STE_CODE21":"7"},"id":"70224"},{"arcs":[[844,-407,845,-156,-668,-611]],"type":"Polygon","properties":{"SAL_CODE21":"70225","SAL_NAME21":"Pinelands (NT)","STE_CODE21":"7"},"id":"70225"},{"arcs":[[846,847]],"type":"Polygon","properties":{"SAL_CODE21":"70226","SAL_NAME21":"Pirlangimpi","STE_CODE21":"7"},"id":"70226"},{"arcs":[[-649,-775,-747,848]],"type":"Polygon","properties":{"SAL_CODE21":"70227","SAL_NAME21":"Point Stuart","STE_CODE21":"7"},"id":"70227"},{"arcs":[[[849]],[[850]],[[-528,-713,-360,851,-401,-405,-245,-280]]],"type":"MultiPolygon","properties":{"SAL_CODE21":"70228","SAL_NAME21":"Rakula","STE_CODE21":"7"},"id":"70228"},{"arcs":[[-425]],"type":"Polygon","properties":{"SAL_CODE21":"70229","SAL_NAME21":"Ramingining","STE_CODE21":"7"},"id":"70229"},{"arcs":[[852,-802,853,-335]],"type":"Polygon","properties":{"SAL_CODE21":"70230","SAL_NAME21":"Ranken","STE_CODE21":"7"},"id":"70230"},{"arcs":[[-207,-14,-642,-765,-304,-806,854]],"type":"Polygon","properties":{"SAL_CODE21":"70231","SAL_NAME21":"Rapid Creek","STE_CODE21":"7"},"id":"70231"},{"arcs":[[-738,-391,855,-715,-10]],"type":"Polygon","properties":{"SAL_CODE21":"70232","SAL_NAME21":"Robin Falls","STE_CODE21":"7"},"id":"70232"},{"arcs":[[-263]],"type":"Polygon","properties":{"SAL_CODE21":"70233","SAL_NAME21":"Robinson River","STE_CODE21":"7"},"id":"70233"},{"arcs":[[-153,856,-131,-770]],"type":"Polygon","properties":{"SAL_CODE21":"70234","SAL_NAME21":"Rosebery (NT)","STE_CODE21":"7"},"id":"70234"},{"arcs":[[-590,-32,-313,-664,-634,-540,857,-778]],"type":"Polygon","properties":{"SAL_CODE21":"70235","SAL_NAME21":"Ross (NT)","STE_CODE21":"7"},"id":"70235"},{"arcs":[[-308,-373,-318,-141,-529]],"type":"Polygon","properties":{"SAL_CODE21":"70236","SAL_NAME21":"Rum Jungle","STE_CODE21":"7"},"id":"70236"},{"arcs":[[-384,-23,-491,858,-776]],"type":"Polygon","properties":{"SAL_CODE21":"70237","SAL_NAME21":"Sadadeen","STE_CODE21":"7"},"id":"70237"},{"arcs":[[-375,-337,-40,-594,-87],[-35]],"type":"Polygon","properties":{"SAL_CODE21":"70238","SAL_NAME21":"Sandover","STE_CODE21":"7"},"id":"70238"},{"arcs":[[-593]],"type":"Polygon","properties":{"SAL_CODE21":"70239","SAL_NAME21":"Santa Teresa","STE_CODE21":"7"},"id":"70239"},{"arcs":[[-781,-669,-620,-607,-667,-760,859]],"type":"Polygon","properties":{"SAL_CODE21":"70240","SAL_NAME21":"Shoal Bay (NT)","STE_CODE21":"7"},"id":"70240"},{"arcs":[[-551,-588,-37,860]],"type":"Polygon","properties":{"SAL_CODE21":"70241","SAL_NAME21":"Simpson (NT)","STE_CODE21":"7"},"id":"70241"},{"arcs":[[-190,-169,861]],"type":"Polygon","properties":{"SAL_CODE21":"70242","SAL_NAME21":"Southport (NT)","STE_CODE21":"7"},"id":"70242"},{"arcs":[[-516,-138,-12,-714,-266]],"type":"Polygon","properties":{"SAL_CODE21":"70243","SAL_NAME21":"Stapleton","STE_CODE21":"7"},"id":"70243"},{"arcs":[[-28,-284,-205,-636,862,-489]],"type":"Polygon","properties":{"SAL_CODE21":"70244","SAL_NAME21":"Stuart (NT)","STE_CODE21":"7"},"id":"70244"},{"arcs":[[863,-819,864,865,-363]],"type":"Polygon","properties":{"SAL_CODE21":"70245","SAL_NAME21":"Stuart Park","STE_CODE21":"7"},"id":"70245"},{"arcs":[[-182,866,-381,-731,-505,-696]],"type":"Polygon","properties":{"SAL_CODE21":"70246","SAL_NAME21":"Sturt Plateau","STE_CODE21":"7"},"id":"70246"},{"arcs":[[-340,867,868,-817,-347,-803,-853]],"type":"Polygon","properties":{"SAL_CODE21":"70247","SAL_NAME21":"Tablelands (NT)","STE_CODE21":"7"},"id":"70247"},{"arcs":[[-683,869,-216,-581,870,-84,-281]],"type":"Polygon","properties":{"SAL_CODE21":"70248","SAL_NAME21":"Tanami (NT)","STE_CODE21":"7"},"id":"70248"},{"arcs":[[-180,-818,-869,871,-871,-584,872]],"type":"Polygon","properties":{"SAL_CODE21":"70249","SAL_NAME21":"Tanami East","STE_CODE21":"7"},"id":"70249"},{"arcs":[[-377]],"type":"Polygon","properties":{"SAL_CODE21":"70250","SAL_NAME21":"Tara (NT)","STE_CODE21":"7"},"id":"70250"},{"arcs":[[873]],"type":"Polygon","properties":{"SAL_CODE21":"70251","SAL_NAME21":"Tennant Creek","STE_CODE21":"7"},"id":"70251"},{"arcs":[[-793,-798,-791,874],[875]],"type":"Polygon","properties":{"SAL_CODE21":"70252","SAL_NAME21":"Thamarrurr","STE_CODE21":"7"},"id":"70252"},{"arcs":[[-779,-858,-539,-554,-25,-386]],"type":"Polygon","properties":{"SAL_CODE21":"70253","SAL_NAME21":"The Gap (NT)","STE_CODE21":"7"},"id":"70253"},{"arcs":[[-695,876,-519,-820,-864,-366]],"type":"Polygon","properties":{"SAL_CODE21":"70254","SAL_NAME21":"The Gardens (NT)","STE_CODE21":"7"},"id":"70254"},{"arcs":[[877,-719,-495,878]],"type":"Polygon","properties":{"SAL_CODE21":"70255","SAL_NAME21":"The Narrows (NT)","STE_CODE21":"7"},"id":"70255"},{"arcs":[[-89]],"type":"Polygon","properties":{"SAL_CODE21":"70256","SAL_NAME21":"Ti Tree","STE_CODE21":"7"},"id":"70256"},{"arcs":[[-568,-200]],"type":"Polygon","properties":{"SAL_CODE21":"70257","SAL_NAME21":"Timber Creek","STE_CODE21":"7"},"id":"70257"},{"arcs":[[879,-729,880,-693]],"type":"Polygon","properties":{"SAL_CODE21":"70258","SAL_NAME21":"Tindal","STE_CODE21":"7"},"id":"70258"},{"arcs":[[-788,-362,-712,-856,-390,-795,-358]],"type":"Polygon","properties":{"SAL_CODE21":"70259","SAL_NAME21":"Tipperary (NT)","STE_CODE21":"7"},"id":"70259"},{"arcs":[[-624]],"type":"Polygon","properties":{"SAL_CODE21":"70260","SAL_NAME21":"Titjikala","STE_CODE21":"7"},"id":"70260"},{"arcs":[[881,-413,882,-846,-406,-502]],"type":"Polygon","properties":{"SAL_CODE21":"70261","SAL_NAME21":"Tivendale","STE_CODE21":"7"},"id":"70261"},{"arcs":[[-725,883,-784,-209,884,-701]],"type":"Polygon","properties":{"SAL_CODE21":"70262","SAL_NAME21":"Tiwi","STE_CODE21":"7"},"id":"70262"},{"arcs":[[[885,886]],[[887]],[[-848,888,-763,889]],[[890]]],"type":"MultiPolygon","properties":{"SAL_CODE21":"70263","SAL_NAME21":"Tiwi Islands","STE_CODE21":"7"},"id":"70263"},{"arcs":[[891]],"type":"Polygon","properties":{"SAL_CODE21":"70264","SAL_NAME21":"Top Springs","STE_CODE21":"7"},"id":"70264"},{"arcs":[[-323,-739,-8,-137]],"type":"Polygon","properties":{"SAL_CODE21":"70265","SAL_NAME21":"Tortilla Flats","STE_CODE21":"7"},"id":"70265"},{"arcs":[[-367,-277,-191,-862,-168]],"type":"Polygon","properties":{"SAL_CODE21":"70266","SAL_NAME21":"Tumbling Waters","STE_CODE21":"7"},"id":"70266"},{"arcs":[[892,-45]],"type":"Polygon","properties":{"SAL_CODE21":"70267","SAL_NAME21":"Umbakumba","STE_CODE21":"7"},"id":"70267"},{"arcs":[[-863,-638,-240,-592,-777,-859,-490]],"type":"Polygon","properties":{"SAL_CODE21":"70268","SAL_NAME21":"Undoolya","STE_CODE21":"7"},"id":"70268"},{"arcs":[[-690,-881,-728,-326,-663,-662]],"type":"Polygon","properties":{"SAL_CODE21":"70269","SAL_NAME21":"Uralla (NT)","STE_CODE21":"7"},"id":"70269"},{"arcs":[[893]],"type":"Polygon","properties":{"SAL_CODE21":"70270","SAL_NAME21":"Van Diemen Gulf","STE_CODE21":"7"},"id":"70270"},{"arcs":[[-692,-807,-175,-507,-730,-880]],"type":"Polygon","properties":{"SAL_CODE21":"70271","SAL_NAME21":"Venn","STE_CODE21":"7"},"id":"70271"},{"arcs":[[[894]],[[895]],[[896]],[[897]]],"type":"MultiPolygon","properties":{"SAL_CODE21":"70272","SAL_NAME21":"Vernon Islands","STE_CODE21":"7"},"id":"70272"},{"arcs":[[-873,-583,-566,-382,-867,-181],[-844],[898],[-892]],"type":"Polygon","properties":{"SAL_CODE21":"70273","SAL_NAME21":"Victoria River","STE_CODE21":"7"},"id":"70273"},{"arcs":[[899,-772,900,-617,-316,-544,-147]],"type":"Polygon","properties":{"SAL_CODE21":"70274","SAL_NAME21":"Virginia (NT)","STE_CODE21":"7"},"id":"70274"},{"arcs":[[-876]],"type":"Polygon","properties":{"SAL_CODE21":"70275","SAL_NAME21":"Wadeye","STE_CODE21":"7"},"id":"70275"},{"arcs":[[[-342,901,-732]],[[-345]]],"type":"MultiPolygon","properties":{"SAL_CODE21":"70276","SAL_NAME21":"Wagait Beach","STE_CODE21":"7"},"id":"70276"},{"arcs":[[902,-97,-773,-18,-269,903]],"type":"Polygon","properties":{"SAL_CODE21":"70277","SAL_NAME21":"Wagaman","STE_CODE21":"7"},"id":"70277"},{"arcs":[[-689,-761,-744,-352,-717,-629]],"type":"Polygon","properties":{"SAL_CODE21":"70278","SAL_NAME21":"Wak Wak","STE_CODE21":"7"},"id":"70278"},{"arcs":[[-787]],"type":"Polygon","properties":{"SAL_CODE21":"70279","SAL_NAME21":"Wallace Rockhole","STE_CODE21":"7"},"id":"70279"},{"arcs":[[-904,-271,-785,-884,-724,-698]],"type":"Polygon","properties":{"SAL_CODE21":"70280","SAL_NAME21":"Wanguri","STE_CODE21":"7"},"id":"70280"},{"arcs":[[904,905]],"type":"Polygon","properties":{"SAL_CODE21":"70281","SAL_NAME21":"Warruwi","STE_CODE21":"7"},"id":"70281"},{"arcs":[[-85,-872,-868,-339,-376],[-874]],"type":"Polygon","properties":{"SAL_CODE21":"70282","SAL_NAME21":"Warumungu","STE_CODE21":"7"},"id":"70282"},{"arcs":[[[906]],[[907,908,-769,-900,-146,-808,-171,-194]]],"type":"MultiPolygon","properties":{"SAL_CODE21":"70283","SAL_NAME21":"Weddell","STE_CODE21":"7"},"id":"70283"},{"arcs":[[[909]],[[-735,910,-422,-533,-571,-646,-573,-651,911,-296,912]],[[913]],[[914]],[[915]],[[-768,916]],[[917]],[[918]],[[919]],[[920]],[[921]],[[922]],[[923]],[[924,-905]],[[925]],[[926]],[[927]]],"type":"MultiPolygon","properties":{"SAL_CODE21":"70284","SAL_NAME21":"West Arnhem","STE_CODE21":"7"},"id":"70284"},{"arcs":[[-118,-623,-234,-633]],"type":"Polygon","properties":{"SAL_CODE21":"70285","SAL_NAME21":"White Gums","STE_CODE21":"7"},"id":"70285"},{"arcs":[[-909,928,-106]],"type":"Polygon","properties":{"SAL_CODE21":"70286","SAL_NAME21":"Wickham (NT)","STE_CODE21":"7"},"id":"70286"},{"arcs":[[-92]],"type":"Polygon","properties":{"SAL_CODE21":"70287","SAL_NAME21":"Willowra","STE_CODE21":"7"},"id":"70287"},{"arcs":[[-91]],"type":"Polygon","properties":{"SAL_CODE21":"70288","SAL_NAME21":"Wilora","STE_CODE21":"7"},"id":"70288"},{"arcs":[[-420,-814,929,-707,-799,-705,-534]],"type":"Polygon","properties":{"SAL_CODE21":"70289","SAL_NAME21":"Wilton (NT)","STE_CODE21":"7"},"id":"70289"},{"arcs":[[-160,-325,-600,-274,-142,930,-879,-494]],"type":"Polygon","properties":{"SAL_CODE21":"70290","SAL_NAME21":"Winnellie","STE_CODE21":"7"},"id":"70290"},{"arcs":[[-883,-412,-157]],"type":"Polygon","properties":{"SAL_CODE21":"70291","SAL_NAME21":"Wishart (NT)","STE_CODE21":"7"},"id":"70291"},{"arcs":[[-857,-152,-774,-394,-565,-132]],"type":"Polygon","properties":{"SAL_CODE21":"70292","SAL_NAME21":"Woodroffe","STE_CODE21":"7"},"id":"70292"},{"arcs":[[-865,-821,-720,-878,-931,-145,931]],"type":"Polygon","properties":{"SAL_CODE21":"70293","SAL_NAME21":"Woolner","STE_CODE21":"7"},"id":"70293"},{"arcs":[[-605,-727,-98,-903,-697]],"type":"Polygon","properties":{"SAL_CODE21":"70294","SAL_NAME21":"Wulagi","STE_CODE21":"7"},"id":"70294"},{"arcs":[[932,-886]],"type":"Polygon","properties":{"SAL_CODE21":"70295","SAL_NAME21":"Wurrumiyanga","STE_CODE21":"7"},"id":"70295"},{"arcs":[[-378]],"type":"Polygon","properties":{"SAL_CODE21":"70296","SAL_NAME21":"Wutunugurra","STE_CODE21":"7"},"id":"70296"},{"arcs":[[-899]],"type":"Polygon","properties":{"SAL_CODE21":"70297","SAL_NAME21":"Yarralin","STE_CODE21":"7"},"id":"70297"},{"arcs":[[-816,-408,-845,-610,-523]],"type":"Polygon","properties":{"SAL_CODE21":"70298","SAL_NAME21":"Yarrawonga (NT)","STE_CODE21":"7"},"id":"70298"},{"arcs":[[-417,933]],"type":"Polygon","properties":{"SAL_CODE21":"70299","SAL_NAME21":"Yirrkala","STE_CODE21":"7"},"id":"70299"},{"arcs":[[-90]],"type":"Polygon","properties":{"SAL_CODE21":"70300","SAL_NAME21":"Yuelamu","STE_CODE21":"7"},"id":"70300"},{"arcs":[[-283]],"type":"Polygon","properties":{"SAL_CODE21":"70301","SAL_NAME21":"Yuendumu","STE_CODE21":"7"},"id":"70301"},{"arcs":[[-843]],"type":"Polygon","properties":{"SAL_CODE21":"70302","SAL_NAME21":"Yulara","STE_CODE21":"7"},"id":"70302"},{"arcs":[[-771,-645,-618,-901]],"type":"Polygon","properties":{"SAL_CODE21":"70303","SAL_NAME21":"Zuccoli","STE_CODE21":"7"},"id":"70303"},{"type":null,"properties":{"SAL_CODE21":"79494","SAL_NAME21":"No usual address (NT)","STE_CODE21":"7"},"id":"79494"},{"type":null,"properties":{"SAL_CODE21":"79797","SAL_NAME21":"Migratory - Offshore - Shipping (NT)","STE_CODE21":"7"},"id":"79797"}]}}}