{"type":"Topology","arcs":[[[8005,2466],[-6,4],[-5,1],[-10,0],[1,1],[0,7],[1,3]],[[7986,2482],[7,5],[2,2],[3,1],[2,-1],[11,0],[1,0]],[[8012,2489],[-4,-8],[-1,-1],[2,-4],[-5,-1],[1,-9]],[[8003,2587],[-6,0]],[[7997,2587],[-14,-1]],[[7983,2586],[-2,10]],[[7981,2596],[-2,8]],[[7979,2604],[-1,9]],[[7978,2613],[2,-1],[1,-4],[3,0],[2,-2],[5,-1],[3,0],[2,2],[5,0],[0,3],[1,1],[4,-1],[2,3]],[[8008,2613],[1,-8]],[[8009,2605],[1,-3],[7,-4]],[[8017,2598],[0,-5]],[[8017,2593],[0,-5]],[[8017,2588],[0,-1]],[[8017,2587],[-7,0]],[[8010,2587],[-7,0]],[[7954,2585],[-3,0],[0,-2],[3,0],[1,-2],[-5,-1],[0,-5]],[[7950,2575],[-6,0],[0,-2]],[[7944,2573],[-7,-1],[-4,-2]],[[7933,2570],[-5,-1],[-1,1]],[[7927,2570],[-2,2],[4,5],[-1,15]],[[7928,2592],[13,1],[1,0]],[[7942,2593],[8,1],[0,-3],[3,0]],[[7953,2591],[0,-4],[1,-2]],[[7165,3286],[14,0]],[[7179,3286],[12,0]],[[7191,3286],[76,0]],[[7267,3286],[46,1]],[[7313,3287],[2,-41],[11,-25],[0,-11]],[[7326,3210],[-12,0],[0,0],[-14,0],[-1,1],[-25,0],[0,-2],[-17,0],[-2,3]],[[7255,3212],[-6,-1],[-10,-1],[-8,1],[-13,-2],[-27,-2]],[[7191,3207],[-26,79]],[[9470,2791],[17,0],[4,-1],[10,1],[9,0],[15,4],[18,0],[12,-3],[7,-1],[4,-1],[7,-1],[11,2],[10,-1],[5,-3],[7,-1],[13,-1],[6,2],[5,-1],[3,0]],[[9633,2786],[0,-82],[0,0]],[[9633,2704],[-14,0],[-16,-4],[-6,-1],[-14,4],[-9,1],[-16,6],[-17,2],[-5,0],[-7,1],[-3,0],[-4,-3],[-4,-1],[-6,3],[-12,-1],[-10,-4],[-5,-2],[-4,-1],[-6,1],[-6,0]],[[9469,2705],[1,86]],[[7931,2634],[-1,1]],[[7930,2635],[-1,6],[-1,0],[-1,6]],[[7927,2647],[2,-1]],[[7929,2646],[8,-5]],[[7937,2641],[1,-1]],[[7938,2640],[-3,-2],[-4,-4]],[[7928,2649],[-1,1],[-6,9]],[[7921,2659],[4,1]],[[7925,2660],[2,-3],[6,-3]],[[7933,2654],[-3,-2],[2,-2],[-4,-1]],[[8126,2516],[-1,-2],[2,-3],[-1,-2],[3,-1],[0,-2],[-7,0],[0,5],[-4,2],[-6,-1]],[[8112,2512],[-5,1],[1,4],[-5,0],[1,2],[-2,2],[-1,3],[-6,-4],[-2,1]],[[8093,2521],[4,6],[1,2],[4,0],[4,5],[2,0],[9,6]],[[8117,2540],[4,-1],[4,-3]],[[8125,2536],[-2,-6],[-1,-1],[0,-7],[3,-2],[1,-4]],[[7909,2328],[2,-26]],[[7911,2302],[1,-9],[-21,-1]],[[7891,2292],[-2,24]],[[7889,2316],[-1,17]],[[7888,2333],[10,1],[0,2],[11,1]],[[7909,2337],[0,-9]],[[7870,2273],[0,12],[-2,12],[-2,5],[-1,5],[2,6],[7,3]],[[7874,2316],[1,-1],[14,1]],[[7891,2292],[1,-18]],[[7892,2274],[-22,-1]],[[7426,3445],[-23,-9],[0,8],[-12,0]],[[7391,3444],[0,23],[-81,0]],[[7310,3467],[-43,-1],[0,1]],[[7267,3467],[18,12],[25,12],[0,90]],[[7310,3581],[60,0],[4,-1],[6,1]],[[7380,3581],[11,0],[0,-3],[7,0],[32,0],[1,-2],[-1,-6],[2,-2],[1,-6],[-3,-2],[0,-7]],[[7430,3553],[0,-4],[-1,-3],[1,-2],[0,-26],[-7,-28],[0,-42],[3,-3]],[[7961,2612],[-2,-2]],[[7959,2610],[-1,7],[-1,0]],[[7957,2617],[-1,11]],[[7956,2628],[5,-3]],[[7961,2625],[0,-13]],[[9825,64],[1,-11]],[[9826,53],[-12,-4],[-9,-1],[-10,-9],[1,-6]],[[9796,33],[-16,-2],[-5,0],[-5,-2],[-7,7],[-3,-1],[-23,4],[0,-1],[-19,0],[2,-7],[-16,1],[-16,0]],[[9688,32],[0,30]],[[9688,62],[61,1],[76,1]],[[8210,3154],[3,2],[4,1],[37,0],[3,7],[11,-3],[0,-1],[19,-7],[8,1],[4,2]],[[8299,3156],[3,-12],[0,-3],[-6,-4],[-1,-5],[-4,-3],[-1,-5],[-13,-4],[-6,-7],[0,-2]],[[8271,3111],[-9,3],[0,-8],[-18,9],[-2,2],[0,4],[-34,18],[2,3],[1,3],[3,3],[-1,3],[-3,3]],[[8035,3112],[-16,15],[-9,-2],[-7,0],[-14,-1],[-2,4]],[[7987,3128],[-3,8],[-18,43]],[[7966,3179],[12,2],[3,0],[24,2],[7,2],[11,2],[12,2],[5,0],[6,2],[3,-1],[5,-4],[0,-6],[3,-5],[12,-1]],[[8069,3174],[11,-1],[2,3],[5,1],[3,-8],[0,-2],[7,-10]],[[8097,3157],[0,-9],[-2,-9],[0,-10],[1,-6],[-1,-1]],[[8095,3122],[-11,0],[-9,3],[-5,1]],[[8070,3126],[-3,1],[-8,-3],[-6,-4],[-4,-2],[-7,-4],[-7,-2]],[[8267,2883],[2,-1],[0,-5],[-5,-5],[6,-2],[7,0],[5,0]],[[8282,2870],[-8,-8],[-1,-4],[-2,-2]],[[8271,2856],[-9,-2]],[[8262,2854],[-8,5],[-1,-2],[-4,-1],[0,3],[-2,11],[10,11],[-1,2],[2,4],[2,-1],[0,-4],[3,0],[4,1]],[[1799,9853],[-18,0],[-10,1],[1,7],[0,18],[7,0],[20,0],[0,-26]],[[7392,1897],[6,6],[6,3],[3,3]],[[7407,1909],[1,0]],[[7408,1909],[-3,-3],[-6,-5],[-3,-6],[-4,-2]],[[7392,1893],[0,4]],[[7297,1883],[0,7]],[[7297,1890],[7,1],[3,4],[1,4],[6,0],[5,2]],[[7319,1901],[-4,-5],[-3,0],[-5,-6],[1,-4],[-4,-2],[-2,1],[-5,-2]],[[7844,4550],[-3,-6],[2,-2],[1,-3],[-2,-5],[0,-42]],[[7842,4492],[-1,-1],[-26,10],[-45,-1],[-42,1]],[[7728,4501],[6,19],[2,2],[1,24]],[[7737,4546],[33,-1],[40,0],[17,5],[9,-3],[2,0],[6,3]],[[7983,3600],[0,-1]],[[7983,3599],[-8,3],[-17,-1],[-2,2],[-4,2]],[[7952,3605],[0,2],[-2,26],[1,10],[0,6]],[[7951,3649],[38,0]],[[7989,3649],[-2,-3],[0,-7],[-3,-15],[1,-2],[-2,-12],[0,-10]],[[3630,8281],[0,-38],[-304,-2]],[[3326,8241],[-826,-2],[-834,3],[-1666,1]],[[0,8243],[0,1136],[0,100],[0,67],[0,86],[0,97],[0,100],[0,60],[0,49],[0,59],[107,0],[67,0],[80,0],[99,0],[85,0],[103,0],[82,0],[61,0],[59,0],[176,0],[47,0],[72,0],[48,0],[92,0],[94,0],[165,0],[14,0],[227,0],[27,0],[121,0],[53,0],[95,0],[136,0],[50,0],[85,0],[197,0],[45,0],[48,0],[242,0],[66,0],[73,0],[287,0],[123,0],[98,0]],[[3424,9997],[-2,-292],[-7,1],[-9,-7],[-30,-102],[2,-46],[-8,-78],[44,-71],[174,0],[49,0],[58,-1],[54,1],[73,-1],[130,0],[-54,-233],[-5,-21],[-28,-19],[-4,-17],[2,-43],[4,-15],[-105,0],[-20,0],[0,-113],[-39,1],[0,-114],[-1,-124],[47,0],[145,0],[0,-233],[-164,0],[-99,-1],[-1,-188]],[[3079,9152],[-4,-4],[-8,-10],[-4,-1],[1,-3],[2,0],[16,-6],[0,7],[20,-4],[-2,7],[-2,11],[1,5],[-3,7],[0,2],[-8,4],[-7,-4],[0,-8],[-2,-3]],[[744,9132],[7,-1],[3,12],[1,9],[-12,0],[0,-5],[-1,-2],[1,-3],[-3,-4],[2,-1],[-3,-3],[5,-2]],[[2504,9335],[37,0],[-1,41],[-37,0],[1,-41]],[[2601,9748],[19,1],[0,27],[-19,0],[0,-28]],[[147,9865],[-8,1],[0,-2],[-5,0],[-21,-2],[-13,-3],[11,-22],[7,6],[8,5],[9,6],[4,2],[2,1],[6,1],[-3,2],[3,5]],[[975,9852],[18,-2],[8,0],[11,-4],[4,-1],[7,3],[0,9],[-3,4],[0,4],[-9,10],[-5,1],[-6,4],[-5,1],[-1,0],[-8,1],[-4,3],[-5,5],[-5,-1],[-9,1],[-3,-2]],[[960,9888],[-21,-6],[1,-3],[-3,-10],[-3,-6],[-11,-6],[5,-2],[4,-1],[7,2],[11,-1],[14,-3],[11,0]],[[139,9896],[-2,8],[-11,2],[-8,0],[2,-9],[19,-1]],[[3603,9200],[-6,1],[-7,1],[-3,1],[-7,-2],[-10,2],[-1,-21],[25,0],[3,0],[3,3],[3,7],[0,8]],[[6779,6288],[0,35],[45,0],[0,-35],[-45,0]],[[5289,5923],[172,-1],[-1,41],[109,-2],[212,-9],[13,0],[3,51],[-1,59],[12,0],[2,-2],[108,1],[7,-5],[11,5],[24,-1],[8,11],[4,24],[5,9],[129,-16],[1,18],[-13,14],[-7,18],[0,20],[107,2],[30,4],[2,1],[24,-3],[1,2],[11,2],[3,-2],[10,-2],[5,3],[8,-3],[14,3],[8,-3],[12,1],[1,1],[6,0],[3,1],[-1,240],[10,7]],[[6341,6412],[2,-1],[86,0],[1,0],[29,0],[1,-1],[99,0],[42,0],[93,0],[3,-3],[13,5],[78,-1],[28,14],[12,12],[7,0],[23,12]],[[6858,6449],[2,1],[3,-1],[4,-7],[4,0],[1,-2],[4,-1],[3,0],[4,4],[1,2],[4,-2],[0,-2],[3,-2],[3,-4],[6,-4],[4,-2],[6,0],[5,-2],[4,0],[2,-4],[3,-3],[-3,-1],[1,-3],[-4,0],[-2,-3],[2,-2],[3,-1],[2,-3],[5,1],[5,-4],[4,1],[0,-2],[-7,-4],[-1,3],[-3,2],[-1,-3],[-3,-1],[0,-2],[-2,-4],[-2,1],[-3,-1],[0,-2],[-3,-2],[4,-3],[3,-6],[4,-1],[1,-3],[4,-2],[0,-2],[3,-6],[8,-1],[5,2],[6,-1],[6,1],[1,-1],[-5,-4],[1,-2],[-3,0],[-2,-3],[3,-1],[-3,-6],[-1,1],[-3,1],[-3,-3],[-3,1],[-2,-3],[-3,-2],[-2,1],[-2,4],[-1,0],[2,-7],[1,-3],[1,-2],[1,-6],[-3,0],[-5,2],[0,-2],[5,-1],[-2,-2],[-7,2],[1,-3],[4,1],[4,0],[2,0],[3,-4],[1,-5],[2,-1],[-3,10],[4,-3],[-1,-3],[3,-1],[0,-4],[1,0],[1,-6],[2,-2],[7,2],[3,-1],[4,2],[3,-2],[4,0],[6,-2],[4,0],[4,-1],[1,-4],[6,0],[1,-4],[2,-7],[-4,-6],[-4,1],[-7,-1],[-6,3],[-3,3],[-5,0],[2,2],[-1,2],[-5,1],[-2,2],[-7,-1],[-3,4],[-3,2],[-4,-2],[-4,0],[0,-1],[-5,0],[-2,1],[-2,-1],[-7,1],[6,-5],[3,-5],[-3,-1],[-2,-2],[0,-2],[5,-3],[6,2],[1,-5],[2,0],[3,-2],[2,1],[2,-4],[-1,-3],[-3,-1],[3,-2],[4,1],[1,-3],[0,-3],[-2,0],[1,-4],[1,-1],[3,4],[0,5],[-1,5],[-3,4],[2,2],[5,-1],[1,-2],[5,-4],[2,-3],[6,-4],[3,-3],[4,-2],[5,0],[2,-2],[-3,-2],[1,-4],[-3,-1],[1,-6],[-5,1],[-4,-3],[6,-5],[3,0],[0,-3],[-1,-3],[2,-2],[3,2],[1,3],[0,3],[0,2],[-2,2],[1,2],[9,2],[2,0],[2,-4],[5,-1],[1,1],[5,-1],[5,-2],[0,-4],[1,0],[4,2],[2,0],[3,-2],[0,-3],[2,-3],[-1,-4],[1,-4],[-4,-5],[-2,-3],[-3,1],[-1,-1],[-5,-1],[-1,-2],[-9,-1],[-5,4],[-4,-1],[-6,1],[-1,-2],[0,-2],[-2,-2],[0,-5],[-2,-4],[-3,1],[-2,-2],[-3,3],[-2,-2],[1,-3],[3,0],[1,-3],[-2,-4],[2,-1],[1,-2],[2,-3],[2,-10],[-6,-1],[-1,-2],[6,0],[7,-1],[0,-8],[-4,-3],[-2,-2],[-3,1],[-5,-2],[-3,2],[-1,2],[-3,-1],[-5,3],[-3,0],[-1,2],[-5,-3],[-4,0],[-2,0],[-2,-2],[2,-4],[6,2],[1,-3],[3,0],[0,-3],[3,1],[2,-1],[5,1],[2,-2],[4,-1],[4,4],[6,0],[3,5],[5,-4],[3,-2],[1,4],[-1,1],[-6,0],[-1,1],[2,3],[3,1],[2,3],[1,5],[4,6],[3,0],[2,2],[6,1],[3,1],[5,-2],[1,-3],[7,-2],[7,0],[6,-3],[0,-2],[2,-2],[5,-3],[2,-5],[2,-3],[6,-5],[12,-17],[1,-3],[-2,-8],[-4,-7],[0,-5],[-2,-4],[-1,-3],[1,-3],[-3,-9],[0,-2],[0,-16],[1,-6],[2,-2],[3,-1],[5,-4],[0,-2],[-1,-6],[-6,-7],[2,-8],[2,0],[3,-4],[-2,-2],[-3,-7],[-1,-4],[3,-2],[-3,-1],[-2,-5],[0,-8],[5,-4],[0,-2],[-3,-6],[0,-4],[1,-2]],[[7059,5987],[-27,-16],[-30,2],[-288,20],[-10,-91],[-118,0],[-183,0],[-18,3],[-63,1],[-1,-9],[7,-16],[-2,-7],[-18,-30],[-2,-85],[-1,-50],[1,-5],[0,-4],[3,-10]],[[6309,5690],[-4,1],[-12,2],[-4,-1],[-10,-7],[-10,-1],[-7,0],[-21,-5],[-11,-10],[-5,-2],[-5,1],[-16,0],[-12,3],[-13,-4],[-3,-4],[-7,-1],[-8,-3],[-9,-1],[-14,2],[-7,2],[-10,6],[-12,3],[-15,9],[-8,3],[-9,5],[-52,14],[-17,-3],[-9,0],[-21,4],[-5,1],[-123,32],[-66,16],[-5,0],[-30,11],[-3,2],[-3,3],[-8,15],[-11,7],[-21,4],[-6,2],[-9,8],[-27,7],[-76,16],[1,3],[-92,20],[-39,14],[-166,57]],[[5289,5921],[0,2]],[[5620,5882],[7,-16],[16,6],[-10,20],[-16,-5],[3,-5]],[[6601,6268],[22,0],[0,97],[-21,0],[-104,0],[0,-97],[35,0],[0,-58],[0,-45],[60,0],[3,32],[3,44],[2,27]],[[8001,3725],[8,-1],[2,1],[5,0],[6,-1],[0,-5],[8,0],[2,2],[5,-3],[5,-1],[8,2],[2,-3],[4,-3],[2,0],[4,3]],[[8062,3716],[-1,-7],[-2,-2],[2,-10],[4,-14],[7,-3]],[[8072,3680],[2,-1],[1,-6],[-3,-7],[1,-5],[5,-12]],[[8078,3649],[-81,0]],[[7997,3649],[0,6],[-2,9],[-1,8],[-1,17],[0,3],[-1,9],[1,6]],[[7993,3707],[3,6],[0,8],[1,2],[4,2]],[[8058,2812],[-5,-8]],[[8053,2804],[-5,-8]],[[8048,2796],[-9,4]],[[8039,2800],[-5,2]],[[8034,2802],[3,2],[2,3],[4,11]],[[8043,2818],[15,-6]],[[8267,2287],[12,-1],[-1,-6],[19,-1],[1,6],[3,-1],[1,3],[3,-1]],[[8305,2286],[7,-4],[1,-3],[4,-2],[6,-2],[-1,-3],[9,0],[6,-8],[4,-5],[3,-2],[5,-2],[2,-3]],[[8351,2252],[-6,1],[0,-6],[-2,0],[0,-13],[-3,1]],[[8340,2235],[-26,1],[1,4],[-14,0],[0,4],[-10,0],[0,3],[-15,0],[-2,4]],[[8274,2251],[-9,18]],[[8265,2269],[-5,11]],[[8260,2280],[5,0],[0,7],[2,0]],[[8612,2716],[-70,0]],[[8542,2716],[0,12],[-9,13]],[[8533,2741],[3,10]],[[8536,2751],[21,11],[7,1],[1,2],[25,10],[20,-34]],[[8610,2741],[9,-16],[-6,-6],[-1,-3]],[[8407,2957],[11,-4],[-1,-2],[25,-7]],[[8442,2944],[-2,-2],[-2,-6],[-3,-6],[-4,-3],[-5,-2],[-3,-2],[1,-4],[-1,-4]],[[8423,2915],[-2,1],[-3,-3],[1,-3],[-4,-1],[-13,1],[2,-4],[-11,-2],[-1,-10],[10,-3],[-2,-4]],[[8400,2887],[-2,-4],[-43,13],[-2,3],[-4,-1],[0,4],[-18,6]],[[8331,2908],[2,4],[4,8]],[[8337,2920],[5,13],[-5,1],[2,4]],[[8339,2938],[3,9]],[[8342,2947],[2,4],[-5,1],[6,12]],[[8345,2964],[10,-2]],[[8355,2962],[2,-1],[-2,-4],[3,-1],[1,2],[2,2],[4,-1],[2,2],[7,-3],[6,2],[7,0],[3,-2],[4,1],[4,-2],[7,1],[2,-1]],[[7961,2651],[0,11]],[[7961,2662],[6,0]],[[7967,2662],[1,-9]],[[7968,2653],[-5,-1],[-2,-1]],[[8055,2839],[-5,-11]],[[8050,2828],[-7,-10]],[[8043,2818],[-13,6]],[[8030,2824],[-14,6],[-1,14]],[[8015,2844],[2,0],[1,4],[4,-2]],[[8022,2846],[2,-2],[2,1],[3,-2],[3,0],[5,2],[3,3],[-1,1],[6,2],[3,-1],[1,3],[4,0],[1,6],[2,-3],[7,2],[1,-2]],[[8064,2856],[-5,-5],[-1,-4],[-3,-8]],[[5159,6664],[-19,35],[-3,7],[-2,7],[-2,8],[-2,15],[-2,7],[-3,7],[-5,9],[-5,9],[-11,16],[-3,4],[-1,5],[-1,5],[0,6],[-4,85],[1,7],[2,7],[4,12],[3,11],[0,9],[2,2],[1,16],[55,-11],[6,92],[-79,35]],[[5091,7069],[48,0],[2,213],[1,122],[1,93],[0,225]],[[5143,7722],[0,17],[205,-1],[449,2],[39,1]],[[5836,7741],[13,-4],[7,-2],[5,-3],[8,-5],[4,-1],[6,-5],[4,-7],[20,-22],[2,-2],[3,-3],[4,-5],[11,-8],[14,-8],[7,-11],[13,-20],[1,-1],[17,-11],[15,-5],[10,0],[39,3],[9,-3],[6,-4],[4,-5],[13,-12],[19,-6],[8,0],[11,-2],[-3,-8],[9,-2],[5,3],[3,3],[17,-16],[32,-30],[15,-18],[11,-9],[21,-6],[1,-1],[19,-14],[8,-9],[3,-3],[7,-9],[5,-11],[17,-28],[7,-9],[11,-16],[4,-6],[1,0],[2,-6],[3,-13],[2,-2],[53,-52],[4,-8],[5,-5],[11,-9],[21,-23],[13,-14],[5,-3],[16,-19],[14,-14]],[[6451,7232],[-7,-1],[-6,-9],[13,-6],[10,-7],[1,-6],[-81,-30],[-27,-14],[-56,-13],[-1,33],[-23,7],[-26,1],[-37,-6],[-5,0],[-17,3],[-23,3],[-5,3],[-19,2],[-12,-2],[-6,-7],[-17,-2],[-14,-9],[-4,0],[-1,-3],[-21,-7],[-11,-6],[1,-5],[-4,-3],[-31,-5],[-31,-23],[-4,-7],[0,-3],[-8,-5],[-6,-7],[-9,-17],[-3,-8],[-4,-18],[-6,-5],[-19,-35],[0,-3],[2,-3],[-1,-7],[5,-13],[-1,-14],[0,-4],[-3,-8],[1,-5],[-2,-6],[-5,-11],[-2,-14],[45,-1],[0,-11],[0,-501]],[[5971,6414],[-42,1],[-62,0],[-69,-17],[-74,1],[0,7],[-86,1],[-70,9],[2,7],[-80,3],[0,29],[-110,3],[-96,24],[-5,-84]],[[5279,6398],[-118,-1],[0,267],[-2,0]],[[8695,3044],[-13,0],[-15,-12],[-61,-35]],[[8606,2997],[1,44]],[[8607,3041],[0,18],[88,-1]],[[8695,3058],[0,-14]],[[7544,1859],[0,7],[2,1],[0,3],[-13,0],[1,27]],[[7534,1897],[4,0],[-2,4],[0,3],[-2,3],[-5,3],[14,-1],[2,-1],[8,-1]],[[7553,1907],[1,-2],[-1,-4],[1,-4],[-1,-6],[4,-9],[4,-4],[6,-3],[4,-3],[3,-2]],[[7574,1870],[-2,-1],[-14,-3],[-14,-7]],[[8510,2658],[-2,-14],[-1,-2]],[[8507,2642],[-15,7]],[[8492,2649],[1,5],[2,10]],[[8495,2664],[15,-6]],[[8294,3396],[-4,1],[-12,-1],[-3,-1],[-8,0],[-4,0],[-2,2]],[[8261,3397],[-2,7],[2,2],[0,3],[-1,3],[0,2]],[[8260,3414],[-1,12],[-3,4],[1,2],[-1,6],[0,3],[-2,1],[1,4],[-1,4],[4,2],[-1,7],[2,2],[1,4],[8,0],[2,2],[-3,2],[-5,2],[-3,0],[0,2],[-4,3],[-4,6],[-3,2]],[[8248,3484],[8,-3],[1,-1],[2,8],[20,-1],[-1,-4],[7,-1],[1,2],[4,0]],[[8290,3484],[-1,-4],[1,-4],[7,-1],[2,-6],[-2,0],[2,-6],[1,-8],[-9,0],[1,-1],[0,-5],[3,-5],[-4,-1],[2,-2],[4,-15],[4,-9],[-1,-3],[1,-4],[1,-5]],[[8302,3405],[1,-3],[1,-6],[-10,0]],[[7749,4111],[16,7],[8,0],[3,1],[-1,5],[2,11],[-2,3],[2,11],[3,8],[3,6],[1,33],[-2,8]],[[7782,4204],[3,-1],[7,-1],[21,2],[8,1],[9,-1],[4,0],[7,-1],[7,0],[15,2]],[[7863,4205],[0,-55]],[[7863,4150],[0,-40],[-9,0]],[[7854,4110],[-70,0]],[[7784,4110],[-34,-1],[-1,2]],[[7059,5987],[1,2],[1,6],[2,2],[7,4],[2,-1],[2,-5],[-2,-4],[9,1],[7,0],[6,-2],[4,1],[2,-4],[6,2],[4,-5],[5,-1],[2,-4],[-3,-4],[1,-2],[6,1],[2,-1],[5,0],[1,-2],[1,-5],[-2,-4],[2,0],[4,2],[8,-6],[2,-2],[2,-1],[2,-7],[-3,-3],[6,-9],[2,-1],[7,-4],[-1,-3],[-7,-4],[3,-1],[4,2],[4,-3],[0,-2],[-3,-3],[1,-5],[-1,-4],[2,0],[3,6],[5,-3],[2,-2],[0,-4],[4,1],[6,-13],[-1,-2],[-6,-7],[4,-3],[-1,-2],[3,-1],[5,4],[1,4],[3,1],[5,-2],[4,-4],[2,0],[2,-3],[1,-8],[0,-5],[-1,-6],[2,-1],[2,-5],[3,2],[0,6],[1,1],[3,7],[2,-7],[-1,-3],[1,-4],[2,-3],[-1,-2],[2,-4],[1,-3],[4,-6],[1,-8],[1,-2],[4,-3],[6,-1],[1,-2],[-5,-1],[2,-3],[-1,-4],[-2,-4],[1,-2],[3,-4],[-1,-3],[3,-1],[8,5],[3,-6],[1,-3],[2,-7],[-1,-3],[4,-1],[2,-8],[0,-3],[-3,-7],[-11,-6],[-7,-2],[-5,-2],[-3,-2],[-4,-5],[-2,-4],[-2,0],[-5,-2],[-9,-2],[-2,0],[-1,4],[-3,1],[-7,0],[-2,1],[-6,1],[-3,4],[2,3],[-1,4],[-5,4],[-2,0],[-3,-3],[1,-2],[-4,0],[-1,3],[2,7],[-5,4],[-5,6],[-7,2],[-5,0],[-4,-3],[1,-4],[-6,-4],[-5,0],[-5,-3],[-7,0],[-1,2],[-2,1],[-6,-4],[-8,1],[-3,0],[-18,-1],[-9,0],[-10,-1],[-11,-1],[-10,-3],[-5,0],[-3,-3],[-1,-6],[2,-2],[7,-4],[2,0],[7,4],[8,-1],[4,-2],[0,-4],[7,2],[8,-1],[10,-3],[5,-3],[7,-6],[2,-3],[0,-2],[0,-6],[3,-3],[6,2],[6,2],[5,-4],[3,-1],[10,3],[2,2],[4,0],[4,-2],[3,-5],[4,-9],[5,-8],[0,-4],[0,-6],[4,1],[5,3],[0,4],[4,3],[2,3],[8,-1],[1,-3],[2,-2],[4,0],[2,-2],[1,-4],[-5,-4],[0,-4],[5,0],[4,-2],[4,2],[5,-1],[4,-6],[0,-2],[-7,-4],[-5,-6],[-2,-6],[-2,-3],[1,-3],[4,-3],[4,0],[5,2],[1,-3],[5,-2],[4,-5],[1,-2],[-3,-3],[0,-4],[4,-1],[1,-2],[-4,-3],[-1,-11],[12,-4],[0,-4],[3,-1],[3,2],[4,12],[2,1],[5,0],[2,1],[2,7],[0,7],[4,5],[2,1],[0,-6],[8,-1],[4,3],[4,0],[1,-2],[-1,-4],[5,0],[2,-2],[-3,-4],[-1,-4],[1,-4],[5,2],[2,-1],[4,2],[2,2],[-1,4],[5,2],[4,-3],[-1,-2],[-4,-4],[3,-1],[5,0],[-1,-4],[2,-3],[6,4],[2,-1],[2,2],[3,-4],[4,-2],[0,-4],[-5,-1],[-1,-2],[0,-4],[-4,-3],[-4,0],[-3,-3],[0,-6],[-2,-2],[-2,-1],[-4,1],[-1,-2],[0,-4],[4,-3],[-8,-3],[-4,-3],[-2,-7],[2,-3],[5,-12],[-7,-4],[-2,-5],[0,-4],[2,-4],[0,-4],[2,-11],[0,-2],[-10,-1],[-4,-4],[-2,-3],[-2,-1],[-3,-6],[-2,-5],[1,-3]],[[7260,5490],[-16,-30],[0,-6],[-10,-32],[-12,5],[-24,24],[-39,7],[-10,-85],[-40,3],[-70,18],[-6,-64],[-55,1],[-50,1],[-5,-8],[-5,-5],[-5,-3],[-9,-5],[-8,-9],[-8,-5],[-4,-2],[-6,-1],[-7,1],[-4,3],[-8,5],[-3,4],[-1,4],[2,7],[-1,3],[-3,4],[-2,3],[-2,5],[-1,4],[-71,8],[13,145],[-88,6],[-29,1],[-31,3],[-9,-2],[-6,5],[-11,5]],[[6616,5508],[3,3],[-6,6],[-7,2],[-3,3],[-4,1],[-5,-3],[-4,-2],[-7,0],[-4,-2],[-5,0],[-5,0],[-2,0],[-6,-1],[-2,1],[-2,3],[-7,5],[-4,-2],[0,-4],[-3,-3],[-5,1],[0,-2],[-4,-1],[-6,-7],[-2,0],[-5,-4],[-7,1],[-5,2],[-3,5],[1,11],[-1,5],[7,3],[3,5],[1,5],[-2,6],[-2,0],[-1,4],[-2,2],[-4,0],[-4,-3],[-5,4],[-6,-2],[1,-4],[4,-3],[1,-3],[0,-2],[-3,-2],[-5,1],[-2,2],[-2,4],[-3,5],[-5,5],[-4,7],[-9,3],[-2,2],[-1,3],[-2,0],[-4,-2],[-2,-4],[-1,-1],[-9,2],[-9,2],[-13,8],[0,4],[-4,-2],[-1,-4],[-7,-1],[-3,-2],[-2,4],[0,6],[2,2],[-1,3],[-2,1],[-4,-1],[-4,1],[-4,0],[-2,4],[-4,3],[-5,0],[-4,-2],[-6,1],[-4,2],[-7,1],[-2,1],[-1,4],[-4,1],[-2,-1],[-4,2],[-1,-4],[-3,0],[-6,4],[-1,2],[-4,4],[-8,4],[-3,0],[-5,6],[-3,1],[-6,5],[-7,4],[-2,-2],[-4,1]],[[6293,5625],[-7,5],[-2,4],[7,6],[1,13],[-4,8],[5,1],[10,9],[15,17],[-9,2]],[[6490,5648],[-7,-10],[11,-7],[6,7],[2,1],[0,2],[-12,7]],[[6510,5677],[1,-1],[7,-3],[11,0],[9,8],[0,14],[-4,7],[-10,6],[13,23],[-13,21],[-2,4],[-25,0],[0,-14],[-6,1],[0,2],[-4,0],[-3,-1],[9,-14],[-4,-2],[0,-17],[7,4],[0,-32],[12,0],[2,-6]],[[7414,2970],[-4,-2],[-6,0]],[[7404,2968],[3,7],[5,8],[-20,0],[6,9],[0,4],[2,3],[5,13],[0,23]],[[7405,3035],[5,-2],[35,5],[3,0]],[[7448,3038],[-1,-2],[-2,0],[-3,-5],[5,0]],[[7447,3031],[-4,-5],[-8,-6],[-8,-10],[1,-5],[-5,-9],[-1,-4],[1,-4],[-1,-3],[-4,-7],[0,-4],[-4,-4]],[[8614,6829],[9,0],[8,-1],[10,-4],[6,-4],[14,-10],[7,-7],[14,-6],[0,7],[5,3],[2,3],[5,3],[1,1],[7,20],[10,22],[36,-3],[85,-4],[47,0],[39,1],[21,1],[73,-24],[42,-9],[6,48],[21,35],[-7,30],[65,3],[-4,-14],[7,-4],[3,-12],[67,-39],[51,-33],[3,3],[5,-1],[1,-5],[5,-7],[3,-11],[-4,-9]],[[9277,6802],[-4,0],[-2,-3],[1,-2],[6,-37],[-1,-3],[2,-2],[-3,-4],[-1,-4],[2,-3],[0,-7],[0,-3],[-2,-1],[2,-5],[-2,-2],[0,-4],[-1,-3],[-9,-14],[-2,-1],[-2,-4],[-16,1],[-3,-19],[0,-4],[12,-6],[0,-5],[-4,-9],[1,-7],[-20,-33],[-13,-14],[-28,-18],[-8,-18],[-15,-17],[-19,-15],[-5,-6],[1,-73],[-10,1],[1,-2]],[[9135,6456],[-11,4],[-2,-15],[-5,-13],[-2,-2],[-10,-8],[-6,-1],[-13,-6],[-1,-2],[-12,-19],[-1,-3],[-3,-14],[-5,-17],[-1,-2],[-7,-4],[-5,-12],[0,-1],[4,-2],[-31,-54],[-2,-2],[-13,-12],[0,-1],[-10,-4],[-4,-3],[-4,-2],[-11,-4],[-4,-1],[-3,-3],[-8,-5],[-2,2],[-4,-1],[-2,-2],[0,-2],[2,-3],[-5,-3],[-5,0],[-2,-3],[-7,-3],[-10,-5],[-6,-3],[-11,-5],[-1,-3],[1,-11],[-1,-3],[-4,1],[2,4],[1,6],[-3,5],[-2,-3],[-3,-1],[3,-3],[-4,-1],[-1,-2],[-2,-2],[-1,-7],[1,-1],[-9,-9],[-6,-4],[-2,0],[-1,-4],[-6,-4],[4,-3],[-2,-1],[-8,1],[-4,-2],[-2,2],[-3,-1],[-4,-7],[-6,-1]],[[8850,6166],[-43,28],[-59,12],[-116,26],[1,11],[-27,7],[-7,-10],[-9,2],[-4,3],[-3,1],[-7,14],[-5,4],[-8,4],[-1,10],[2,1],[15,29],[50,51],[-1,3],[-3,2],[-1,5],[1,3],[2,1],[1,5],[-7,4],[-2,2],[0,5],[-9,12],[-3,2],[-7,4],[-5,3],[-2,4],[-5,4],[-7,3],[-7,6],[-11,5],[-7,3],[0,6],[-8,7],[2,3],[-4,2],[-6,5],[-26,14],[-9,1]],[[8505,6473],[2,1],[3,6],[8,20],[4,8],[0,2],[8,5],[0,4],[-15,10],[3,5],[5,7],[5,6],[11,9],[-2,12],[-2,2],[4,11],[-5,30],[-5,-2],[-31,3],[-10,22],[-31,8],[-1,7],[-13,4],[-2,28],[21,-5],[1,6],[3,42],[4,4],[-1,21],[3,2],[7,0],[4,-1],[7,2],[15,0],[12,1],[-2,9],[4,0],[5,3],[5,0],[41,2],[17,-3],[8,0],[1,2],[-2,2],[1,4],[-3,7],[-4,7],[0,9],[-3,2],[2,5],[0,4],[10,9],[4,2],[-1,9],[14,3]],[[7993,3515],[-2,-2],[1,-5],[4,1],[-1,-6],[-1,-3]],[[7994,3500],[-7,-1],[1,-5],[-16,-3]],[[7972,3491],[-5,-1],[-3,12]],[[7964,3502],[-7,26],[5,2],[5,1]],[[7967,3531],[5,1],[5,-4],[7,0],[1,-3],[5,1],[3,-11]],[[6244,3372],[0,6]],[[6244,3378],[0,103],[0,0],[0,35],[0,0],[0,21]],[[6244,3537],[104,-1],[42,-5]],[[6390,3531],[0,-62],[0,-1]],[[6390,3468],[-6,-2],[-4,0],[-6,-2],[-6,-4],[-7,0],[-12,-2],[-9,-5],[-8,-1],[-7,-2],[-3,-2],[-3,-6],[0,-2],[-5,-1],[-5,-5],[-2,-5],[2,-5],[3,-1],[-1,-3],[1,-2],[-1,-3],[-4,-3],[-4,-1],[-7,-2],[-3,-2],[-2,-4],[-9,-5],[-4,-2],[-6,-4],[-3,-2],[-3,-3],[-9,-5],[-6,-6],[-7,-4]],[[7391,3153],[-24,0],[0,-5],[-2,-3],[-1,-3],[-5,-4]],[[7359,3138],[-56,0],[-18,0],[-54,0]],[[7231,3138],[0,4],[9,16],[0,21],[2,8],[5,7],[2,1],[6,9],[0,8]],[[7326,3210],[0,-9],[65,0]],[[7391,3201],[0,-48]],[[7969,2543],[-1,0]],[[7968,2543],[-5,0],[-2,-1]],[[7961,2542],[-1,10]],[[7960,2552],[8,0]],[[7968,2552],[1,-9]],[[8110,2248],[-13,9],[-2,1],[-7,0],[-2,1]],[[8086,2259],[7,3],[-4,2],[0,1],[5,3],[0,1],[9,3],[-1,5],[1,1],[-4,3],[-1,6],[-2,2],[-4,7]],[[8092,2296],[2,0],[1,2],[-1,5],[4,-2],[5,2],[14,-1],[1,7],[7,-3],[1,3],[-2,6],[1,6],[1,0]],[[8126,2321],[3,-1],[3,-5],[2,16],[4,-1],[3,3]],[[8141,2333],[7,-1],[2,-2],[4,0],[3,1],[1,-2]],[[8158,2329],[-2,0],[-1,-10],[5,2],[2,-4],[-3,-2],[11,-14],[3,-6],[-1,0],[2,-4],[-1,-2],[4,-4]],[[8177,2285],[-6,-5],[1,-1],[-5,-3],[-5,-1],[2,-4],[-8,-4]],[[8156,2267],[-2,-2],[-12,1],[-3,-5]],[[8139,2261],[-6,2],[-1,1],[-3,0],[-8,1],[0,-5],[-4,-1],[-2,-5],[-5,-6]],[[7973,2577],[0,5]],[[7973,2582],[6,-1]],[[7979,2581],[-1,-1]],[[7978,2580],[-5,-3]],[[8107,2593],[4,5],[8,-2]],[[8119,2596],[4,1],[4,-4]],[[8127,2593],[-2,-2],[-1,-12]],[[8124,2579],[-9,1],[0,-3],[-3,0]],[[8112,2577],[0,3],[-8,0],[-4,-2],[-1,3],[-4,0],[-1,-1],[-5,0]],[[8089,2580],[0,1]],[[8089,2581],[0,6],[12,0],[1,6],[6,-3],[-1,3]],[[8641,2043],[-1,11],[2,5],[-2,5],[0,3],[-6,6],[-1,7],[-2,3],[-2,5],[2,5],[-2,13],[2,5],[5,6],[1,5],[12,9],[1,5],[5,6]],[[8655,2142],[4,5],[4,25]],[[8663,2172],[11,-12],[25,0],[-1,-7]],[[8698,2153],[-3,-13],[-1,-4],[-4,-2],[-10,-4],[-15,-6],[-3,-3],[0,-2],[-1,-2],[1,-7],[-2,-3],[3,-6],[0,-5],[4,-4],[1,-3],[4,2],[10,0],[5,-1],[8,1],[4,1],[14,1],[0,-3],[9,-3],[5,1],[9,-4],[7,0],[5,-5],[5,1]],[[8753,2080],[0,-37]],[[8753,2043],[-2,0],[-24,0],[-1,0],[-22,0],[-52,0],[-11,0]],[[8099,2655],[1,-5],[-4,-4],[1,-4],[-6,0],[0,-6],[-5,0],[0,-4]],[[8086,2632],[-2,1],[-3,-1],[-7,0]],[[8074,2632],[-1,9]],[[8073,2641],[4,0],[-3,11]],[[8074,2652],[2,2],[8,0],[3,-1],[1,3],[7,-5],[1,4],[3,0]],[[7953,2653],[-5,-1],[-2,2]],[[7946,2654],[-1,7]],[[7945,2661],[8,1]],[[7953,2662],[0,-9]],[[8034,3299],[-2,3],[-3,0],[1,-4],[-2,-2],[1,-3],[-2,-2],[-1,-4],[-4,0],[-1,-4],[-2,-1],[-3,-1]],[[8016,3281],[-3,2],[0,6],[-6,3],[-1,3],[0,3],[3,5],[-1,4],[0,4],[-3,6],[-4,0],[-4,5],[0,2]],[[7997,3324],[3,24],[-5,0],[3,18]],[[7998,3366],[0,1],[11,0],[6,0],[2,-2],[4,1]],[[8021,3366],[3,0],[-1,-8],[17,3],[-1,4],[16,4]],[[8055,3369],[35,6],[-5,17]],[[8085,3392],[10,2],[1,-4],[12,2],[3,0],[7,1]],[[8118,3393],[14,-49],[1,-2]],[[8133,3342],[-3,-2],[-2,0],[-7,-4],[-7,-6],[-5,-3],[2,-2],[-2,-10],[-8,-3],[-7,-3]],[[8094,3309],[-5,-1],[-3,11],[-10,-2],[0,1],[-6,0],[-8,1],[-2,-3],[-24,-5],[-1,-7],[2,0],[-3,-5]],[[8069,2602],[-1,0]],[[8068,2602],[-2,3]],[[8066,2605],[2,5]],[[8068,2610],[5,-1]],[[8073,2609],[-1,-3],[-1,-3],[-2,-1]],[[8440,3262],[-22,32],[-2,4]],[[8416,3298],[-4,16],[-3,6]],[[8409,3320],[6,0],[3,-1],[3,3],[5,3],[5,-2],[4,-2]],[[8435,3321],[4,-3],[4,-1],[21,3],[4,2],[11,5],[7,4]],[[8486,3331],[29,5],[4,-52],[3,-19],[1,-3]],[[8523,3262],[-42,0]],[[8481,3262],[-41,0]],[[9373,963],[0,-11],[5,0],[0,-37],[8,-7],[0,-4],[3,-5],[3,-2],[12,-8],[-2,-6],[2,-3],[-27,-19],[2,-1],[2,-4],[5,-5]],[[9386,851],[-3,-1],[-8,3],[-4,-1],[-5,2],[-31,0],[-5,1],[-6,1],[-4,1],[-10,-1],[-11,-1],[-5,-3],[-4,-1],[-3,3],[-53,0]],[[9234,854],[0,25],[0,89],[0,18]],[[9234,986],[7,-4],[6,-1],[4,-3],[7,-3],[7,-1],[-5,14],[2,7],[17,-2]],[[9279,993],[16,-2],[-5,12],[17,0],[2,-1],[-4,13],[33,0],[-1,4],[10,3],[13,5],[2,-6],[11,2]],[[9373,1023],[0,-39],[0,-16],[0,-5]],[[8597,2464],[-6,-6]],[[8591,2458],[-8,6]],[[8583,2464],[4,2]],[[8587,2466],[2,-1],[8,-1]],[[7745,3146],[16,0],[0,17],[14,-5],[2,1],[0,5]],[[7777,3164],[16,0],[8,-8],[2,2],[10,0]],[[7813,3158],[1,-50]],[[7814,3108],[-47,-2],[-8,2],[-5,0]],[[7754,3108],[-9,0]],[[7745,3108],[0,38]],[[7928,2106],[23,0],[1,-1],[6,-3],[4,0],[1,-2],[12,-10],[6,-4],[3,-1],[5,1]],[[7989,2086],[2,-1],[2,-3],[-2,-3]],[[7991,2079],[-1,-1]],[[7990,2078],[-8,3],[-8,-12],[-5,0],[-8,2],[-2,1],[-5,0],[-3,-1],[-6,2],[-6,0],[-3,0],[-2,2],[-3,1],[-6,-3],[-5,-1],[-7,1],[-2,-4],[-3,-2],[-6,0],[-3,1],[-4,0],[-5,-2],[-4,0],[-3,1],[-4,-1]],[[7879,2066],[-6,6],[-5,10],[-3,4],[-1,6],[-2,3],[-4,1],[-2,3],[1,3]],[[7857,2102],[0,5],[-4,3]],[[7853,2110],[6,-2],[3,1],[6,0],[2,-1],[2,2],[6,2],[4,-2],[5,3],[8,-1],[5,-3],[4,1],[2,-3],[5,-2],[3,0],[4,-2],[7,-1],[0,3],[3,1]],[[8397,3109],[-2,-4],[-4,-3],[5,-7],[-3,-4],[0,-2],[-3,-2],[-8,-1],[-4,1],[-2,1],[-4,-5],[-3,-1],[-4,-2]],[[8365,3080],[-6,2],[-7,3],[-2,1],[-20,10],[-1,-2],[-4,-4],[0,-5],[-1,-1]],[[8324,3084],[-53,27]],[[8299,3156],[2,4],[6,-3],[5,0]],[[8312,3157],[1,-2],[4,2],[0,-5]],[[8317,3152],[7,1],[2,-1],[6,0],[1,-2],[4,-6],[3,-2],[17,-7],[6,-5],[3,-5],[-6,-5],[0,-5],[-1,-3],[38,-3]],[[4449,4101],[41,0]],[[4490,4101],[0,-45]],[[4490,4056],[-1,-1],[2,-4],[-2,0],[-4,1],[-8,-2],[-6,0],[0,5],[-1,3],[-1,7],[-2,4],[-1,5],[0,4],[-2,12],[-1,2],[-6,1],[-4,3],[-3,3],[-1,2]],[[8962,2838],[0,26]],[[8962,2864],[8,-2],[8,0],[19,-2],[16,0],[18,-1],[3,0],[12,0],[2,1]],[[9048,2860],[-3,-10],[2,-57],[2,-2],[3,-3],[11,-9],[0,-27]],[[9063,2752],[-39,0],[-9,2],[-10,-1],[-9,0],[-5,1],[-6,-2],[-10,1],[-1,0],[-10,0],[-1,0]],[[8963,2753],[0,1],[0,38],[0,1],[0,44],[-1,1]],[[8962,2913],[32,0],[-1,3],[-1,3],[20,0],[0,4],[28,0],[54,7]],[[9094,2930],[0,-40],[15,0]],[[9109,2890],[0,-33],[-8,1],[-2,-1],[-7,0],[-4,1],[-9,3],[-5,0],[-8,2],[-3,-1],[-10,-1],[-5,-1]],[[8962,2864],[0,49]],[[7927,3229],[-1,-3],[-32,-22]],[[7894,3204],[-4,6],[-15,1]],[[7875,3211],[-11,9],[-15,1],[0,5],[-5,1],[-1,-6],[-6,5],[-4,0],[-1,-17]],[[7832,3209],[-37,3]],[[7795,3212],[0,8]],[[7795,3220],[4,34]],[[7799,3254],[1,12],[0,6],[1,10],[4,-2],[1,5],[3,0]],[[7809,3285],[2,0],[19,-5],[36,6],[24,4]],[[7890,3290],[0,-11],[0,-10],[-1,-5],[13,-1],[8,0],[-1,-11],[-2,-20],[1,-1],[7,1],[1,-3],[4,2],[7,1],[0,-3]],[[7813,2127],[-5,4],[4,3],[-1,3],[4,4],[1,5],[8,-2]],[[7824,2144],[0,-1],[16,0],[0,2],[5,2],[0,-3],[4,-3],[0,-3],[-3,-3],[1,-2],[-4,-3],[0,-3],[-3,-1],[0,-3],[-3,-3]],[[7837,2120],[-4,-3],[-4,2],[-5,0],[0,5],[-6,4],[-5,-1]],[[8351,3592],[0,83],[17,0]],[[8368,3675],[13,0],[55,0]],[[8436,3675],[1,-23],[3,1],[0,-6],[-3,-1],[1,-19],[36,-20],[-3,-5],[-31,-1],[1,-13],[4,-14],[0,-16]],[[8445,3558],[-31,9],[-8,0],[-21,8],[-5,3],[-3,4],[-7,5],[-19,5]],[[7081,3173],[45,0]],[[7126,3173],[-3,-11],[-7,-17],[0,-7]],[[7116,3138],[-1,-55],[0,-50]],[[7115,3033],[-41,4]],[[7074,3037],[0,7],[1,1],[1,7],[0,2],[-11,0],[0,1]],[[7065,3055],[0,3],[0,6],[2,18],[4,8],[3,7],[2,2],[3,4],[2,8],[-1,5],[1,3],[-1,9],[-2,4],[1,2],[0,7],[-1,6],[5,4],[-1,2],[-2,5],[0,10],[1,5]],[[8241,2533],[-3,-2],[-9,-1],[-4,-2],[-1,-3]],[[8224,2525],[-1,-1]],[[8223,2524],[-7,-9]],[[8216,2515],[-4,-1],[-2,3],[-2,-4],[-3,-1]],[[8205,2512],[-9,13],[-8,-2],[-3,-3],[-2,3],[-2,-1],[-10,13]],[[8171,2535],[-8,-1],[-4,6],[-6,3],[-3,0]],[[8150,2543],[-2,4],[0,4],[3,2]],[[8151,2553],[1,9],[5,7]],[[8157,2569],[3,6]],[[8160,2575],[12,-5]],[[8172,2570],[5,-1],[3,-3],[6,-9],[4,-1],[-1,-3],[3,-6],[7,-6],[7,3],[1,-3],[3,-3],[1,-4],[1,-1],[12,0],[2,1],[3,-1],[12,0]],[[7297,1890],[-4,2],[-7,-2],[-5,2]],[[7281,1892],[-30,9]],[[7251,1901],[2,0],[33,14],[10,5],[5,5],[7,4],[9,4]],[[7317,1933],[2,-4],[5,-3],[1,-6],[4,-2],[3,-3],[1,-5],[-2,-3],[-9,-3],[-3,-3]],[[9970,1209],[1,-54]],[[9971,1155],[-43,0],[-43,0],[-62,0]],[[9823,1155],[0,85],[0,52]],[[9823,1292],[12,5],[11,2],[4,-1],[6,-1],[3,1],[15,1],[2,1],[5,0],[8,4],[8,3]],[[9897,1307],[5,-5],[7,0],[0,2],[30,-2],[2,-2],[29,-6]],[[9970,1294],[0,-42],[0,0],[0,-43]],[[7676,4258],[0,-6],[0,-7]],[[7676,4245],[-3,-16],[1,-4],[0,-2],[-7,-10],[-8,-4],[-5,-1],[-2,-2],[-9,-1],[-4,0]],[[7639,4205],[-5,7],[-7,0],[2,-5],[1,-3],[-1,-1],[-6,7],[-5,1],[-2,5],[-6,7],[-4,1],[-3,2],[-2,-1],[-5,-1],[-4,-3],[-2,1],[-6,-1]],[[7584,4221],[0,19],[-5,1],[-4,1]],[[7575,4242],[-4,5],[1,6],[-1,4],[-5,4]],[[7566,4261],[17,0],[0,0],[23,-12],[2,-4],[8,-1],[4,-2],[3,2],[-3,8],[2,3],[3,1],[1,5],[4,7],[6,3],[0,-1],[4,-4],[2,-3],[8,-3],[5,-3],[3,0],[5,2],[4,-1],[2,1],[7,-1]],[[8112,2700],[0,-2],[-3,-2],[2,-2],[-3,-2],[1,-2]],[[8109,2690],[-5,1],[-9,-1]],[[8095,2690],[0,9]],[[8095,2699],[17,1]],[[8022,3044],[-1,0],[-2,-3],[-6,-1],[-5,4],[-10,-1],[-3,-2],[-2,-4],[-3,0],[-3,-4],[-4,1],[-2,1],[-3,1],[-4,-3],[-1,-3],[1,-2],[-5,-1],[-4,-2],[4,-6],[-2,-1],[2,-5],[4,-4],[0,-3],[-4,-4]],[[7969,3002],[-1,2],[-13,40]],[[7955,3044],[-10,30],[0,8],[-2,4],[-2,4]],[[7941,3090],[-5,18],[32,0]],[[7968,3108],[-1,-3],[15,-1],[0,1],[11,-1],[0,-8],[7,0]],[[8000,3096],[17,-40],[4,-12],[1,0]],[[7983,3600],[20,-3],[17,2],[7,-1],[13,-2],[1,-4],[3,-4],[7,-7],[2,-4],[0,-4],[1,-2]],[[8054,3571],[-6,-1],[-7,-5],[-6,-2],[-1,-1],[-7,0]],[[8027,3562],[-5,-2],[-4,-4],[-14,-2],[-11,-1],[-5,-1],[-1,4],[-1,0]],[[7986,3556],[1,22],[0,2],[-4,19]],[[9557,3212],[6,-2],[4,0],[6,-4],[3,-4],[5,-5],[2,-4],[1,-5],[15,-14],[-1,-3],[-9,0],[-5,-2],[-3,-2],[-4,-3],[-2,-4],[9,-2],[8,1],[10,-3],[3,0]],[[9605,3156],[-1,-3],[-9,-1],[-4,-1],[0,-3],[-4,-1],[-9,-1],[-3,1],[0,-5],[7,0],[6,-2],[0,-9]],[[9588,3131],[-8,0],[-8,-1],[-5,0],[-7,0],[0,4],[-4,2],[-8,2],[-15,1],[-2,-1],[-1,2],[1,3],[-12,3],[-7,3]],[[9512,3149],[1,3],[3,2],[-1,9],[5,16],[-4,7],[4,1],[0,5],[-1,7],[-2,3]],[[9517,3202],[-1,12],[2,3],[7,-2],[10,0],[7,1],[5,0],[10,-4]],[[6329,4009],[1,11],[-1,70],[0,2]],[[6329,4092],[1,0]],[[6330,4092],[0,0],[54,0],[0,0],[87,0],[34,0],[1,0]],[[6506,4092],[0,-83]],[[6506,4009],[-68,0],[-6,4],[-3,1],[-5,0],[-7,-5],[-20,0],[-1,0],[-46,0],[-21,0]],[[7567,5240],[85,-1],[88,0]],[[7740,5239],[-9,0],[0,-73],[0,-58],[0,-64]],[[7731,5044],[-83,0],[-81,0]],[[7567,5044],[0,196]],[[7459,4212],[-3,4],[-1,4],[-3,7],[-3,6],[-2,5],[0,4],[-2,11],[-3,10],[0,5],[-3,12],[-1,6],[-4,13],[-2,6],[-5,6],[-1,4],[-2,2],[0,4]],[[7424,4321],[11,0],[11,-4],[5,-1],[3,0],[47,5],[9,5],[6,-1],[10,1]],[[7526,4326],[3,-3],[-3,-7],[0,-5],[5,0],[1,-1],[7,1],[5,2],[6,4],[5,2],[1,2],[8,5],[6,2],[2,0],[2,2],[2,3],[5,3],[3,2],[3,4],[4,2],[-1,3],[3,2],[2,4],[1,3],[8,0]],[[7604,4356],[4,0],[-2,-11],[-2,-5],[-4,-6],[-6,-4],[-8,-1],[-2,-1],[0,-51],[0,-7],[-7,-2],[-4,1],[-6,-2],[-1,-2],[0,-4]],[[7575,4242],[-5,-3],[0,-3],[-4,-3],[1,-3],[-3,-1],[-5,8],[-30,-5],[-4,-3],[-4,1],[-11,-1],[-48,-8],[4,-5],[5,-4],[-12,0]],[[8191,2811],[-3,2],[-3,-2],[-2,2],[-3,-1],[-4,1],[-5,0],[-1,2],[-4,2],[-3,-2],[-8,4],[3,4],[-4,-1],[-2,2]],[[8152,2824],[3,0],[5,1],[12,3],[4,6],[-2,2],[3,1]],[[8177,2837],[4,-8],[14,5],[4,-3]],[[8199,2831],[-3,-4],[0,-2],[-3,-5],[3,-4],[3,-2],[-8,-3]],[[7568,3553],[18,7],[11,9],[3,-1]],[[7600,3568],[0,-11],[-6,0],[-1,-12],[1,-12],[6,0],[1,-4],[4,-1],[3,0],[8,1],[4,-2],[8,-1],[2,-4],[2,-2],[0,-2],[3,-4],[1,-4],[3,-4],[19,-9]],[[7658,3497],[-3,-8],[-4,-5],[-3,-6]],[[7648,3478],[-12,0],[-3,0],[-9,-4],[-2,4],[-17,0],[0,5],[-19,0],[0,5],[-18,0]],[[7568,3488],[0,65]],[[8159,2604],[2,-4],[-1,-3],[-3,0],[-2,-14],[-3,-2]],[[8152,2581],[-2,1],[-6,-1],[1,-3],[-8,-2],[-6,-1],[-2,1],[-2,-1]],[[8127,2575],[-1,1],[2,3],[-4,0]],[[8127,2593],[2,3],[0,2],[5,4],[-2,1],[1,3]],[[8133,2606],[13,-1],[3,1],[5,-1],[3,0],[2,-1]],[[7378,1880],[0,2]],[[7378,1882],[2,4],[3,2],[3,4],[0,2],[6,3]],[[7392,1893],[-7,-4],[-3,-3],[-2,-4],[-2,-2]],[[7124,2042],[8,4],[3,1]],[[7135,2047],[3,0],[19,-6]],[[7157,2041],[-3,-2],[-8,-7],[-2,-1],[-6,-6],[0,-2]],[[7138,2023],[-3,-3],[-6,-4],[-4,4],[-1,22]],[[9097,549],[6,2],[5,1],[2,5],[-2,3],[1,9],[3,3],[-2,2],[3,5],[-1,3],[5,1],[7,4],[6,6],[14,2],[6,-6],[9,-5],[6,-11],[5,-5],[11,-6],[5,-6]],[[9186,556],[8,-8],[1,-1],[1,-12],[0,-4],[-4,-9],[6,-7],[3,-4],[5,1],[2,3],[3,1],[19,-2],[6,-4],[17,-17],[4,-2],[5,-4],[12,-4],[5,-2]],[[9279,481],[5,-7],[0,-5],[6,-4],[3,-5],[10,-8],[11,-13],[0,-1],[-11,-3]],[[9303,435],[-5,1],[-10,4],[-9,7],[-3,2],[-6,1],[-5,4],[-9,-6]],[[9256,448],[-4,2],[-4,3],[-5,3],[-14,7],[-2,1],[-6,8],[-8,7],[-4,2],[-4,3],[-6,2],[-9,1],[-6,0],[-4,-2],[-4,-4],[0,-5],[1,-2],[-4,-2],[-3,3],[-5,2],[-2,-2],[-2,5],[0,5],[-6,6],[-2,-1],[-3,3],[-3,1],[-2,3],[-8,7],[-2,3],[-4,6],[-4,1],[-6,0],[2,3],[-1,4],[-3,4],[-6,5],[-8,4],[-1,4],[-4,7],[-3,4]],[[8770,3391],[0,-60]],[[8770,3331],[-4,-3],[-16,-17],[-94,-1],[-29,10]],[[8627,3320],[0,70]],[[8627,3390],[51,0],[3,1],[4,-1],[85,1]],[[7596,3288],[0,2],[22,0],[0,12],[11,18]],[[7629,3320],[8,2],[6,0],[6,-2],[0,2],[20,0],[9,2],[10,4]],[[7688,3328],[0,-10],[1,-2],[5,-14],[1,-3],[0,-13],[0,-4],[2,-12]],[[7697,3270],[-13,0]],[[7684,3270],[-81,0]],[[7603,3270],[-7,6],[0,12]],[[8047,2584],[5,0],[0,-2]],[[8052,2582],[0,-7],[-4,0]],[[8048,2575],[-3,0]],[[8045,2575],[-4,0]],[[8041,2575],[-1,6]],[[8040,2581],[0,3]],[[8040,2584],[7,0]],[[8894,3328],[-2,1]],[[8892,3329],[2,2]],[[8894,3331],[5,-2]],[[8899,3329],[-5,-1]],[[7977,2529],[0,-3]],[[7977,2526],[1,-2]],[[7978,2524],[0,-14],[-6,0]],[[7972,2510],[-5,4]],[[7967,2514],[0,4],[-4,-2]],[[7963,2516],[0,8]],[[7963,2524],[5,0]],[[7968,2524],[4,0],[5,5]],[[7644,4036],[-3,3],[-2,0],[-2,4],[0,12],[1,3],[-1,4],[0,1],[1,5],[1,2],[-1,7],[-2,3]],[[7636,4080],[1,2],[-1,3],[3,4],[-3,6],[-2,3],[1,6],[-2,5]],[[7633,4109],[27,0],[4,-6],[5,0],[4,-2],[0,5],[1,3],[16,0]],[[7690,4109],[3,0],[-1,-15]],[[7692,4094],[0,-27],[0,-8],[-1,-2],[-1,-4],[4,-2],[-1,-7],[6,-3],[3,-3],[-1,-4],[4,0],[0,-3],[2,-3],[-1,-6],[6,0],[-1,-7]],[[7711,4015],[0,-2],[3,-1],[-2,-6],[-8,-5],[-5,-2],[1,-3],[2,-2],[4,-8],[3,-5]],[[7709,3981],[3,-6],[2,-2],[3,-13],[-4,-2]],[[7713,3958],[-5,0],[-10,0],[-3,2],[-5,-2]],[[7690,3958],[-4,1],[0,3],[-3,2],[-2,5],[-3,2],[-4,0],[0,5],[-5,2],[1,1],[-1,3],[1,1],[-2,8],[3,3],[-3,2],[1,3],[-1,6],[-3,6],[-2,1],[-2,4],[-8,-3],[-2,2],[-1,3],[-5,1],[0,2],[3,2],[2,3],[0,3],[-4,1],[-2,6]],[[8040,2521],[-3,4],[-2,0],[-7,-1]],[[8028,2524],[-3,2],[0,7],[-8,0]],[[8017,2533],[-4,-1],[-2,-3],[-3,2],[-8,-4],[-1,2]],[[7999,2529],[-1,0]],[[7998,2529],[0,8],[1,2]],[[7999,2539],[0,-1],[7,0],[0,2]],[[8006,2540],[4,4]],[[8010,2544],[10,1]],[[8020,2545],[0,-2],[7,0],[1,2],[12,1],[1,-5],[5,-1]],[[8046,2540],[5,-2],[-1,-2],[4,-2],[7,-2],[4,0],[-4,-5],[2,-1]],[[8063,2526],[-3,0],[-1,-4],[3,-2],[-2,-3],[-4,-1],[-3,2],[-10,1],[-3,2]],[[8153,3965],[3,-3],[-6,-23],[-7,-6],[-5,-8]],[[8138,3925],[-4,0],[-26,0]],[[8108,3925],[-35,0],[-2,-2],[-6,-1],[-2,3],[-14,0],[0,-2],[-8,0],[1,3],[-8,1]],[[8034,3927],[9,45],[-1,18]],[[8042,3990],[-1,22],[2,10]],[[8043,4022],[44,-8],[5,0],[5,-1],[8,1],[10,3],[9,1]],[[8124,4018],[1,-6],[0,-3],[0,-9],[-2,-7],[6,-15],[2,-2],[10,-3],[4,0],[6,-5]],[[8151,3968],[2,-3]],[[8048,4111],[30,0]],[[8078,4111],[49,0]],[[8127,4111],[0,-8],[4,-24],[3,-20],[-2,-14],[-3,-9],[-5,-18]],[[8043,4022],[2,14],[-2,27],[-3,12],[0,11],[1,1],[7,6],[-2,7],[0,2],[2,9]],[[7986,2506],[-2,1],[-5,0],[-1,0],[-5,-1],[1,3],[-2,1]],[[7978,2524],[5,-4],[4,-4],[6,-3]],[[7993,2513],[1,-3]],[[7994,2510],[-5,-1],[-3,-3]],[[7840,6000],[-8,0],[1,5],[0,6],[1,4],[0,4],[4,0],[18,0],[0,-1],[11,-7],[0,-3],[-2,-2],[0,-6],[-25,0]],[[8305,5897],[-198,8],[-9,-21],[-4,1],[-15,14],[0,-4]],[[8079,5895],[-9,8],[-9,7],[-12,4],[-4,3],[-10,1],[-6,3],[-5,0],[-6,4],[-4,1],[-4,0],[-3,1],[-5,-2],[-9,1],[-2,-2],[-5,1],[-1,1],[-3,1],[-5,3],[-10,0],[-11,2],[-11,-1],[-4,1],[-17,-15],[-7,-2],[-5,-9],[-11,-2],[-2,-2],[-11,-2],[-6,-2],[-6,0],[0,4],[6,11],[-9,-1],[-19,5],[-8,0],[-11,2],[-16,-8],[-2,2],[-13,1],[-32,6]],[[7772,5920],[-1,3],[-3,32],[1,4],[5,16],[0,5],[-1,2],[-13,16],[-1,3],[-1,3],[3,13],[1,3],[4,7],[5,4],[12,7],[3,3],[9,13],[5,14],[6,7],[2,3],[5,11],[0,10],[2,4],[3,3],[9,4],[2,1],[8,8],[2,3],[1,4],[-2,5],[-12,23],[-4,5],[-1,4],[0,5]],[[7821,6168],[2,7],[3,4],[2,-2],[15,3],[4,-2],[8,3],[8,-2],[5,7],[-12,2],[0,3]],[[7856,6191],[2,0]],[[7858,6191],[70,1],[-6,31],[2,1],[15,-4],[18,-2],[16,3],[7,3],[2,0],[6,4],[13,1],[5,3],[4,4],[6,2],[12,0],[10,1],[7,-2],[4,-1],[2,2],[-1,3],[4,8],[3,2],[5,0],[0,1],[17,0],[24,-4],[8,-4],[1,1],[8,-3],[5,0],[20,-10],[5,-3],[11,-5],[13,-5],[13,-4],[16,-2],[41,-2]],[[8244,6211],[-1,-10],[-2,-5],[13,-6],[7,0],[7,-6],[0,-6],[-1,-5],[1,-1]],[[8268,6172],[9,-4],[3,-2],[34,-3],[6,-2],[5,-3],[3,-10],[0,-8],[-20,-27],[0,-2],[-8,-5],[-10,-9],[-14,-15],[0,-3],[-3,-2],[-2,-4],[-2,-7],[-6,-6],[-6,-17],[-8,-6],[0,-7],[-18,-47],[16,2],[58,-88]],[[8018,4689],[1,3],[0,5],[3,4],[0,94],[-27,0]],[[7995,4795],[0,67],[0,62],[67,0],[64,0]],[[8126,4924],[0,-32],[47,0]],[[8173,4892],[12,0],[0,-71],[1,-118],[0,-23]],[[8186,4680],[-29,0],[-44,0]],[[8113,4680],[-98,0]],[[8015,4680],[1,2],[4,4],[-2,3]],[[8267,2287],[1,6],[-7,0],[0,5]],[[8261,2298],[7,-1],[5,-1],[1,10],[-5,3],[-5,5],[-1,2]],[[8263,2316],[7,-1],[7,5],[2,-1]],[[8279,2319],[14,-1],[4,-8],[5,2],[3,-4],[6,2]],[[8311,2310],[2,-6],[0,-12],[-7,-1],[-1,-5]],[[7948,3500],[-9,35],[15,3],[0,3],[-2,2],[-3,1],[0,6]],[[7949,3550],[13,2]],[[7962,3552],[5,-21]],[[7964,3502],[-6,-1],[-10,-1]],[[9687,3135],[4,-5],[0,-2],[-3,-4],[-4,-1],[-5,1],[-4,3],[-8,0],[-5,-1]],[[9662,3126],[-2,3],[-3,1],[-9,-1],[-2,1],[1,3],[-1,3],[-3,2]],[[9643,3138],[2,2],[8,2],[1,1],[5,1],[5,-1],[1,2],[1,9],[6,-2],[3,0],[8,0]],[[9683,3152],[-1,-3],[2,-10],[3,-4]],[[8317,2926],[20,-6]],[[8331,2908],[-6,-11]],[[8325,2897],[-2,3],[-2,1],[-1,3],[-7,3],[-13,5]],[[8300,2912],[7,17],[10,-3]],[[8238,3059],[-7,-6],[-5,1],[-2,2],[-3,-2],[-2,2],[-5,-2],[-3,-3],[-11,-2],[-2,5],[-2,3],[-6,-1],[-3,3],[-6,0],[-5,3],[-5,1],[-3,-1],[-6,3],[-1,-2],[-4,1],[1,2],[-5,2],[-2,3],[-3,-1],[-2,1]],[[8146,3071],[-5,1],[-1,1]],[[8140,3073],[2,3],[6,5],[3,3],[1,4],[1,6],[-1,9],[-6,16]],[[8146,3119],[48,-2]],[[8194,3117],[3,-5],[0,-3],[5,-11],[6,-11],[6,-8],[1,-1],[6,-9],[-1,-1],[18,-9]],[[8038,2604],[-7,-1]],[[8031,2603],[0,5]],[[8031,2608],[7,1]],[[8038,2609],[0,-5]],[[7954,2630],[1,-1]],[[7955,2629],[1,-1]],[[7957,2617],[-4,0]],[[7953,2617],[0,1],[-5,3]],[[7948,2621],[-1,13]],[[7947,2634],[7,-4]],[[8140,2814],[-4,3],[-4,2],[-1,6],[-12,4],[-4,5]],[[8115,2834],[3,3]],[[8118,2837],[6,-3],[10,11],[-4,4],[-4,2]],[[8126,2851],[9,3]],[[8135,2854],[6,-1],[-2,-2],[3,-3],[2,-4],[-1,-2],[2,-2],[5,1],[6,-2],[2,1]],[[8158,2840],[-2,-7],[-2,0],[-4,-3],[-3,0],[-5,-3],[0,-1],[-3,-8],[1,-4]],[[8839,2843],[5,1],[1,-2],[-3,-3],[2,-3],[5,-3],[2,-1]],[[8851,2832],[-2,0],[-6,3],[-2,3],[-2,5]],[[8148,2487],[1,-1],[0,-6],[8,0],[1,-3],[3,-3],[-1,-6],[-6,0],[-4,-2],[-2,2]],[[8148,2468],[-5,1],[0,9],[-3,-2],[-3,2]],[[8137,2478],[1,6],[-2,2],[2,4],[2,-1],[8,1]],[[8148,2490],[0,-3]],[[9633,2645],[53,0]],[[9686,2645],[25,0],[0,-36],[10,-1],[0,-20],[-19,0],[-2,-3],[4,-3],[3,-3],[6,-4],[1,-2],[4,-3],[4,-1],[0,-3],[-31,-1],[0,-28]],[[9691,2537],[-2,1],[-16,-3],[-4,0],[0,-11]],[[9669,2524],[-6,0],[-4,-1],[-12,0],[-7,-1],[-6,2],[-13,-1],[-7,-1],[-3,1],[-7,-1],[-5,1],[-7,-1],[-17,0],[-3,0],[-50,0]],[[9522,2522],[-1,99],[0,24]],[[9521,2645],[13,1],[99,-1]],[[9971,1052],[0,-26]],[[9971,1026],[-31,0],[-1,-1],[-25,0],[-18,0],[-4,-1],[-15,-6],[-6,-1],[-8,3],[-6,2]],[[9857,1022],[-7,-2],[-5,1],[-21,0],[0,10],[-15,-2],[-7,0],[-12,4]],[[9790,1033],[1,7],[2,4],[-1,2],[0,3],[-1,3],[1,16],[2,5],[7,0],[7,0],[3,-2],[4,2],[9,-1],[0,26],[-1,3]],[[9823,1101],[0,5]],[[9823,1106],[20,-6],[22,-4],[39,1],[10,-1],[29,1],[4,2],[5,2],[18,0]],[[9970,1101],[1,0],[0,-49]],[[7072,1931],[20,0],[0,9],[13,-1],[-3,-8]],[[7102,1931],[-3,-1],[-6,-29],[-10,-14],[8,-3],[-14,-21],[-14,4],[1,-6],[3,-4],[-25,0],[5,4],[-29,0],[0,11]],[[7018,1872],[12,-2],[7,2],[0,21],[8,2],[13,5],[3,0],[0,4],[5,-1],[5,8],[-2,0],[0,5],[3,15]],[[8324,2716],[10,-7],[0,-5],[6,-4],[5,0],[3,-3],[5,-2],[4,0],[8,-4]],[[8365,2691],[1,-2],[-5,-5],[-2,0]],[[8359,2684],[-3,-1],[-5,1],[-3,-2],[-2,-3],[-2,-1],[-5,-1],[-6,1],[-2,-3],[2,-3],[3,-3],[-1,-4],[-5,-1],[-4,4],[-4,1],[-2,0],[-3,2],[-4,-1],[-35,2],[0,0]],[[8278,2672],[-2,0],[-13,2]],[[8263,2674],[2,21]],[[8265,2695],[10,-1],[0,5],[5,-1],[0,2],[5,0],[3,0],[0,3],[4,2],[0,6]],[[8292,2711],[27,-2],[1,2],[4,5]],[[7914,2670],[-6,0]],[[7908,2670],[-1,5]],[[7907,2675],[8,1],[4,1]],[[7919,2677],[-1,-5],[-4,-2]],[[7974,2565],[0,7]],[[7974,2572],[4,2]],[[7978,2574],[3,2]],[[7981,2576],[0,-6]],[[7981,2570],[-7,-5]],[[8733,2739],[-39,1]],[[8694,2740],[0,40],[0,13],[-5,4],[-1,7],[-1,3],[6,1],[0,23],[-3,1],[0,19]],[[8690,2851],[5,0]],[[8695,2851],[0,-1],[11,-20],[43,-5],[47,-6],[4,0]],[[8800,2819],[-10,-13],[-2,-2]],[[8788,2804],[-5,-4],[-1,-5],[-6,-5],[-2,-3],[-3,-1],[-4,-6],[0,-3]],[[8767,2777],[-4,-3],[-30,-35]],[[7415,2847],[-33,0]],[[7382,2847],[8,31],[2,4],[2,0]],[[7394,2882],[-1,-1],[1,-10],[3,-5],[5,-4],[6,-3],[12,-2],[-5,-6],[0,-4]],[[8097,4280],[-49,-7],[0,3],[-31,0],[2,5],[-7,2],[-1,2],[-35,6],[-3,-1]],[[7973,4290],[1,6],[0,11],[-2,16],[-2,5],[0,4],[-2,20],[3,9],[2,12],[3,5]],[[7976,4378],[10,-3],[1,0],[3,-3],[2,-3],[5,-2],[3,-3],[6,-1],[2,1],[6,-1],[1,2],[7,-4],[4,2],[62,0],[9,0]],[[8097,4363],[0,-83]],[[8189,3469],[5,2],[5,-4],[3,0],[7,4],[2,2],[1,3],[4,2],[2,4],[4,4],[-1,4]],[[8221,3490],[24,-3],[3,-3]],[[8260,3414],[-13,0],[-8,-1],[-6,0],[-4,2],[-7,-1],[-6,-3],[-4,-1]],[[8212,3410],[-5,1],[-16,2]],[[8191,3413],[2,17],[0,3],[1,3],[-1,2],[0,4],[0,9]],[[8193,3451],[-2,3],[1,4],[-1,6],[-1,1],[-1,4]],[[9520,110],[-1,3],[3,3]],[[9522,116],[16,11],[2,3]],[[9540,130],[3,0],[11,-5],[8,-9],[2,-4],[7,-5],[-1,-3]],[[9570,104],[-3,-2],[-1,-3],[-7,-2],[9,-5],[0,-2],[-1,-3]],[[9567,87],[-3,1],[-2,3],[-7,2],[-4,3],[-3,4],[-5,2],[-1,3],[-7,2],[-5,2],[-4,-1],[-6,2]],[[8098,2327],[-2,-6],[1,-4],[-2,-2],[1,-2],[-2,-2],[-4,1]],[[8090,2312],[-5,6],[-3,2],[4,7],[0,2],[4,12]],[[8090,2341],[13,-7],[-2,-5],[-3,-2]],[[9155,1002],[-11,3],[0,39],[-1,1],[-1,9]],[[9142,1054],[-3,16],[2,15],[-4,8],[0,4],[-14,39],[-2,3]],[[9121,1139],[121,-1]],[[9242,1138],[14,-24],[6,-36],[0,-34],[0,-5],[3,-14],[3,-5],[-2,0],[5,-13],[6,-9],[2,-5]],[[9234,986],[-7,3],[-12,3],[-3,0],[-17,-2],[-5,3],[-6,1],[-7,4],[-5,1],[-17,3],[0,0]],[[8014,2511],[-9,0],[-5,-1],[0,-2],[-6,-1],[0,3]],[[7993,2513],[2,-1],[8,2],[2,2],[-1,7],[-5,2],[0,4]],[[8017,2533],[-1,-6],[-2,-2]],[[8014,2525],[-2,-2],[1,-4],[4,-2],[1,-3]],[[8018,2514],[-4,-2],[0,-1]],[[7991,2645],[-1,18]],[[7990,2663],[7,1]],[[7997,2664],[1,-18]],[[7998,2646],[-7,-1]],[[8086,2819],[3,3]],[[8089,2822],[13,-8],[0,-3]],[[8102,2811],[-3,-2],[-1,-10],[0,-4]],[[8098,2795],[-12,5],[-3,-6],[-3,1],[0,-2]],[[8080,2793],[-8,3]],[[8072,2796],[5,8]],[[8077,2804],[9,15]],[[8233,2493],[-3,9],[0,9],[5,-5],[2,0]],[[8237,2506],[5,-1],[0,-9],[-2,-3]],[[8240,2493],[-7,0]],[[7289,4442],[1,4],[2,8],[-1,2],[-3,7]],[[7288,4463],[2,0]],[[7290,4463],[3,-5],[2,-4],[-1,-1],[1,-4],[0,-2],[-5,-3],[-1,-2]],[[8834,2978],[-5,4],[-5,2],[-5,-1],[-1,-4],[-3,-3],[-1,-4],[-42,-1],[-77,0],[0,0]],[[8695,2971],[0,73]],[[8695,3058],[0,69]],[[8695,3127],[0,57],[0,0],[0,50]],[[8695,3234],[30,0],[45,1]],[[8770,3235],[27,0]],[[8797,3235],[35,-1],[11,-19],[-14,0],[0,-26],[26,0],[3,-5],[3,-1]],[[8861,3183],[0,-4],[3,-7],[-1,-4],[-4,-4],[-1,-3],[0,-7],[-1,-2],[-7,-5],[1,-3]],[[8851,3144],[-2,0],[2,-8],[-2,-7],[0,-2],[4,-8],[7,3]],[[8860,3122],[2,-2],[6,-1],[-5,-8],[-8,-6],[-3,-3]],[[8852,3102],[-5,-6],[-2,-3],[-1,-4],[1,-6],[-1,-5],[1,-4],[4,-4],[6,-3],[0,-2],[-5,-13],[-3,-9],[-3,-5],[1,-4],[-2,-13],[-4,-8],[0,-2],[1,-12],[-2,-6],[1,-7],[-2,-5],[-3,-3]],[[8279,2319],[2,12],[2,4],[3,1],[0,3]],[[8286,2339],[-1,2],[4,2],[4,-4],[5,2],[8,3],[8,4],[7,2]],[[8321,2350],[2,-3],[5,1],[5,-10],[10,3],[7,-12]],[[8350,2329],[-13,-5],[-4,1],[-5,-2],[2,-1],[-22,-8],[3,-4]],[[8012,2389],[-6,-3],[-7,-1],[-5,-4],[-7,-1],[-6,4],[-12,-1]],[[7969,2383],[-1,21]],[[7968,2404],[1,3],[3,-1],[2,1],[3,-1],[3,-1],[0,4],[3,0],[0,3],[3,0],[3,5],[4,3]],[[7993,2420],[0,-2],[6,-4],[4,1]],[[8003,2415],[3,-1],[6,-7],[4,0],[6,-6],[-3,-4],[-5,-3],[-2,-2],[0,-3]],[[8339,5861],[-3,-7],[-8,-46],[-1,-2],[-18,3],[-21,-3],[0,-2],[-14,-2],[-4,-4],[3,-3],[-3,-5],[-6,-5],[-3,-5],[-3,-4],[-7,-2],[-2,-2],[-2,-6],[-2,-2],[-1,-4],[-1,-1],[-2,-10],[0,-3],[-1,-6],[3,-8],[2,-14],[0,-2],[3,-2],[1,-13],[0,-6],[1,-4],[-1,-3],[4,-16],[3,-4],[-3,0],[-2,-4],[0,-3],[-5,-2],[-3,-3],[-1,-8],[-10,-5],[-75,-4],[-3,1],[-11,0],[-5,6],[-67,0],[0,5],[-27,21],[3,-19],[-11,1],[-6,-2],[-6,-4],[-12,-8],[-7,-7],[-5,-2],[-6,-6],[-4,-3],[-4,-1],[-5,3],[-3,-1],[-6,-5],[-13,-1]],[[7959,5617],[-6,10],[0,5],[-8,22],[-3,9],[-7,13],[3,40],[-22,94],[16,0],[-1,9],[1,2],[5,0],[10,1],[10,0],[9,-3],[2,3],[7,3],[3,2],[6,3],[11,-4],[2,0],[8,-4],[6,-1],[11,-2],[6,0],[9,0],[1,4],[7,9],[5,3],[3,0],[5,3],[3,4],[10,8],[9,8],[5,10],[1,5],[0,7],[-7,15]],[[8305,5897],[46,-2],[-1,-2],[1,-7],[-6,-14],[-5,-9],[-1,-2]],[[7071,2780],[26,0]],[[7097,2780],[0,-7]],[[7097,2773],[-1,-28],[-31,0]],[[7065,2745],[-3,0]],[[7062,2745],[0,9],[3,11],[3,8],[2,3],[1,4]],[[7956,3469],[-2,1],[-7,0],[-8,-4],[-2,0],[-49,-8],[-1,-2],[-14,-2]],[[7873,3454],[-8,0],[-2,3],[-22,0],[-11,-2],[-18,2]],[[7812,3457],[-7,31]],[[7805,3488],[-4,17],[8,11],[1,2],[23,6]],[[7833,3524],[39,8],[13,4],[38,8],[14,9],[11,-2],[1,-1]],[[7948,3500],[8,-31]],[[8962,816],[-5,1],[-6,2],[-1,2],[-3,6]],[[8947,827],[14,0],[0,-7],[1,-4]],[[4977,4598],[96,0]],[[5073,4598],[13,-48],[7,-1],[4,-2],[9,2],[5,0],[0,-41]],[[5111,4508],[0,-20],[-91,0],[-43,0]],[[4977,4488],[0,110]],[[7972,3491],[2,-9],[-1,-5],[1,-6],[3,-3],[0,-2]],[[7977,3466],[-3,1],[-8,-1],[-3,-1],[-2,-6],[-2,0]],[[7959,3459],[-3,10]],[[7978,2713],[-4,2],[-19,0]],[[7955,2715],[-4,6],[-2,4],[1,2]],[[7950,2727],[7,-1],[15,1],[8,9],[-4,12]],[[7976,2748],[4,1],[-1,5],[5,1]],[[7984,2755],[3,-10]],[[7987,2745],[5,-13],[0,-4]],[[7992,2728],[-2,-2],[-1,-3],[1,-2],[-2,-2],[-4,0],[-6,-6]],[[8591,2607],[5,5]],[[8596,2612],[1,-1],[-4,-4],[-2,0]],[[8192,3684],[-10,1],[-5,-2],[-7,1],[-3,0],[-4,1],[-12,1],[-3,0],[-11,2],[-12,2],[-3,-2],[-14,-2],[-3,-2],[-4,4],[-5,0],[-14,6],[-10,-14]],[[8062,3716],[1,3],[3,1],[-1,3],[2,3],[-2,3],[2,2],[0,4],[2,0],[0,9],[2,3],[-1,2],[3,1],[5,9],[4,4],[5,9],[3,2],[1,6],[3,3]],[[8094,3783],[0,-1],[8,1],[5,0],[2,-3],[6,-2],[6,-1],[0,-4],[11,3],[9,4],[0,-8],[1,-2],[0,-7],[13,1],[5,1],[-1,-10],[2,-2],[8,2],[2,2],[7,2],[6,-1],[1,-1],[8,-1],[9,0],[7,4],[4,-1],[7,2]],[[8220,3761],[0,-4],[-3,-5],[1,-5],[-3,-2],[-1,-2],[2,-5],[2,-2],[-2,-2],[1,-7],[-2,-1],[-1,-5],[1,-6],[3,-4],[-2,-3]],[[8216,3708],[-6,-3],[-3,2],[-4,-4],[-11,-3],[-2,-5],[2,-11]],[[9623,3080],[1,2],[3,1],[4,-2],[9,-2],[3,1],[1,3],[-5,6],[1,4],[3,2],[4,0],[8,2],[5,0],[3,2]],[[9663,3099],[56,0]],[[9719,3099],[-4,-4],[0,-55]],[[9715,3040],[-61,0],[1,2]],[[9655,3042],[3,1],[2,5],[-3,1],[-1,6],[5,3],[0,3],[-1,4],[-3,1],[-3,0],[-2,-1],[-3,-7],[-4,1],[0,4],[-2,2],[-2,0],[-3,-2],[-3,1],[-1,2],[3,2],[7,1],[0,3],[-6,-1],[-3,1],[-3,5],[-8,2],[-1,1]],[[9673,792],[4,1],[3,-1],[3,-3],[5,1],[7,0],[3,0],[6,6],[5,0],[3,3],[3,6],[5,1],[6,2],[5,-1],[3,0],[3,-3],[7,0],[7,3],[0,3],[-2,3],[6,-1],[10,3],[9,-2]],[[9774,813],[-3,-12],[6,-1],[3,-9],[-1,-7],[1,0],[9,-2],[8,0],[-1,-43],[3,-5]],[[9799,734],[-126,1]],[[9673,735],[0,16],[-2,1],[2,3],[0,37]],[[7782,4204],[-6,3],[-12,-1],[-6,1],[-9,-2],[-2,2],[-8,3],[0,3],[-6,2],[-3,2],[-4,1],[-8,0],[-4,-3]],[[7714,4215],[-1,10],[-1,10]],[[7712,4235],[1,2],[0,14],[-1,3],[-4,3],[0,3],[4,2],[6,2],[3,2],[5,3],[2,1],[2,3],[2,2],[4,1],[-3,7],[-6,-1],[-6,2],[-6,-2],[-8,0],[-8,0]],[[7699,4282],[0,32],[4,2],[7,0],[22,-2],[-9,47],[-2,16],[0,13],[0,35],[0,34]],[[7721,4459],[47,-60],[2,-2],[32,0],[8,-3],[53,5]],[[7863,4399],[0,-62],[0,-41],[0,-49],[0,-5]],[[7863,4242],[0,-33],[0,-4]],[[9319,3108],[0,-50]],[[9319,3058],[0,-32]],[[9319,3026],[0,-6]],[[9319,3020],[-89,0],[-3,-12],[-18,8],[-21,-31],[-23,10],[-37,21]],[[9128,3016],[1,0],[0,47]],[[9129,3063],[37,0],[0,10],[37,0],[0,-3],[36,0],[0,-18],[5,3],[62,47],[13,6]],[[5868,3667],[-115,0]],[[5753,3667],[0,96],[0,19],[0,9]],[[5753,3791],[46,0],[69,0]],[[5868,3791],[1,-20]],[[5869,3771],[-1,-13],[0,-91]],[[7302,3374],[11,-7],[21,-17],[0,-7]],[[7334,3343],[-9,0],[-3,0],[-13,1],[-12,-2],[-19,-6],[-11,-4],[0,-46]],[[7191,3286],[0,2],[4,3],[3,0],[0,19],[-3,2]],[[7195,3312],[4,3],[-4,3],[2,2],[-4,3],[-6,-3]],[[7187,3320],[7,6]],[[7194,3326],[9,7],[0,31]],[[7203,3364],[28,0],[17,0],[15,-4],[39,14]],[[9801,1386],[-35,0]],[[9766,1386],[0,54]],[[9766,1440],[0,42],[-1,18],[10,0]],[[9775,1500],[71,1]],[[9846,1501],[0,-49],[-1,-1],[0,-5],[24,-4]],[[9869,1442],[0,-28],[-2,0],[-5,-2],[-16,0],[0,-23]],[[9846,1389],[-7,1],[-9,-2],[-2,-2],[-27,0]],[[9801,1386],[0,-38],[1,-4],[1,-10],[-2,-11]],[[9801,1323],[-19,0],[-47,0]],[[9735,1323],[0,6],[-2,4],[1,22],[1,3],[0,12],[28,0],[3,-1],[0,17]],[[9165,2525],[-4,6],[0,7],[-4,10],[-2,13],[-1,2],[-6,3],[-1,4],[2,4],[-1,5],[0,4],[-8,4],[-1,1],[1,5],[-5,5],[0,15],[2,3],[3,8],[-1,7],[0,16]],[[9139,2647],[29,-1],[48,0]],[[9216,2646],[0,-2],[3,-2],[-3,-4],[0,-6]],[[9216,2632],[1,-6],[-3,-5],[3,-7],[-1,-10],[0,-4],[6,-9],[1,-5],[-2,-5],[-3,-6],[7,-3],[12,-2],[0,-54],[1,0],[0,-42]],[[9238,2474],[-11,0]],[[9227,2474],[-21,0],[-6,0],[-20,0],[1,4],[6,7],[4,1],[4,2],[-1,3],[-16,16],[1,0],[0,16],[-7,0],[-7,2]],[[5710,2797],[-19,0],[-4,-11],[-2,-2],[-3,-5]],[[5682,2779],[-5,5],[-1,2],[-7,0]],[[5669,2786],[-1,13],[0,5]],[[5668,2804],[12,0],[0,2],[8,0],[0,2],[7,0],[0,-2],[7,0],[0,4],[8,0]],[[5710,2810],[0,-13]],[[7982,2617],[-3,-3]],[[7979,2614],[-3,2]],[[7976,2616],[7,8]],[[7983,2624],[1,-1]],[[7984,2623],[-2,-6]],[[8486,3331],[0,25]],[[8486,3356],[0,2],[18,0],[4,-1],[8,-1],[10,2],[6,0],[10,-2],[8,1],[4,-2],[1,34],[1,1]],[[8556,3390],[2,0],[69,0]],[[8627,3320],[0,-33],[0,-25],[1,-17],[0,-12]],[[8628,3233],[-9,-1],[-25,-2],[-1,0],[-42,-3]],[[8551,3227],[1,35],[-29,0]],[[8858,2648],[18,0]],[[8876,2648],[2,0],[85,0]],[[8963,2648],[0,-44],[1,-89]],[[8964,2515],[0,-15]],[[8964,2500],[-94,14],[-13,6],[-6,1],[-4,3]],[[8847,2524],[0,41],[-37,0]],[[8810,2565],[1,22],[3,9],[3,4],[0,3],[1,11],[-1,3],[2,3]],[[8819,2620],[9,-3],[3,1],[2,3],[1,5],[1,3],[3,3],[5,3],[5,-1],[8,-2],[6,0],[3,1],[2,2],[-2,5],[-5,5],[-2,3]],[[7873,3454],[1,-5],[2,0],[3,-9],[-2,0],[6,-26],[-4,-22],[-1,-4]],[[7878,3388],[-11,2],[-37,-6],[-14,3],[-16,0]],[[7800,3387],[4,10],[-1,9],[4,26],[-3,10],[1,5],[-1,4],[-2,4],[3,0],[3,2],[4,0]],[[7715,3210],[-16,-1],[-10,-2],[-1,9],[2,27],[-1,3],[0,11],[-5,0],[0,13]],[[7697,3270],[9,0],[9,-1],[17,-2],[17,-3]],[[7749,3264],[0,1],[14,-8],[1,0]],[[7764,3257],[-1,-9],[3,0],[-3,-25]],[[7763,3223],[-1,-11],[-17,0],[-10,-4],[-15,-1],[-5,3]],[[8122,2478],[0,-7]],[[8122,2471],[-5,-4],[-4,-1],[-6,-1]],[[8107,2465],[-9,0],[-4,0],[0,3],[-4,2],[-2,4],[-10,4],[-3,-2]],[[8075,2476],[-2,2],[3,3],[3,-1],[3,1],[5,4],[3,4],[9,4]],[[8099,2493],[4,1],[1,2],[3,1]],[[8107,2497],[4,-5],[0,-7],[-1,-1],[1,-3],[5,-2],[4,3],[3,0],[-1,-4]],[[8302,3405],[2,-1],[16,5],[9,4],[5,0],[3,-1],[3,2],[3,3],[7,-2]],[[8350,3415],[0,-3],[2,-4],[0,-6],[4,-12],[-3,0],[2,-7],[-6,-1],[-3,-3],[-5,-4]],[[8341,3375],[-13,-1],[-1,-1],[-4,0],[-3,-2],[-8,-3],[-2,1],[-3,-2],[-5,1],[-3,-1]],[[8299,3367],[-1,3],[3,2],[-3,4],[-1,4],[0,5],[-1,9],[-2,2]],[[8048,2725],[-6,-7]],[[8042,2718],[-8,5]],[[8034,2723],[6,7]],[[8040,2730],[8,-5]],[[5070,3711],[0,-43],[0,-18],[0,-53],[0,0],[0,-28],[0,0]],[[5070,3569],[-39,0]],[[5031,3569],[-5,5],[-5,2],[-2,3],[-11,7],[-3,2],[-2,2],[-3,1],[-9,6]],[[4991,3597],[2,3],[-7,22],[-1,11],[-6,4],[-3,7],[-1,7],[6,3],[5,1],[1,3],[-22,7],[-8,0],[-9,-2],[-3,7],[2,10],[4,5],[6,25],[0,2],[5,12]],[[4962,3724],[8,-2],[15,1],[3,-2],[6,-1],[6,2],[3,2],[17,0],[24,-2],[8,3],[13,3],[5,4],[0,-21]],[[9218,614],[-92,1],[-5,4],[-14,7],[-7,5],[0,2],[-9,7],[-4,7],[0,2],[1,4],[2,6],[-3,6],[1,3],[-6,0]],[[9082,668],[0,66]],[[9082,734],[8,-1],[12,2],[9,-2],[3,-2],[1,7],[4,2],[9,1],[15,9],[1,-10],[-2,-5],[57,0]],[[9199,735],[34,0]],[[9233,735],[0,-89],[2,-5]],[[9235,641],[2,-5],[-11,5],[-2,0],[-5,-9],[-1,-5],[0,-13],[0,0]],[[8894,3315],[1,-2],[4,-2],[4,0],[1,-2],[-2,-7],[2,-4],[-3,-5]],[[8901,3293],[1,3],[-1,4],[-1,6],[1,4],[-2,0],[-6,3],[0,2]],[[8893,3315],[1,0]],[[7045,2641],[-1,6],[1,8],[2,9],[-1,4],[0,4]],[[7046,2672],[24,0],[8,1],[30,0],[0,0],[28,-13],[5,-1],[-9,-17],[-3,-18]],[[7129,2624],[-53,0]],[[7076,2624],[2,17],[-4,0],[-9,0],[-20,0]],[[8125,2536],[3,-1],[6,0],[7,-2]],[[8141,2533],[2,0],[5,-3],[5,-8],[3,-1]],[[8156,2521],[-2,-4],[-4,1],[-4,-2]],[[8146,2516],[-2,2],[-8,1],[-3,-3],[-3,1],[-4,-1]],[[8398,3447],[-5,8],[-1,5],[-1,1],[-1,3],[-2,5],[0,3],[-5,12],[0,5],[-3,2],[0,12]],[[8380,3503],[7,-2],[3,-3],[4,-1],[2,-4],[2,-2],[10,0],[1,-5],[2,-3],[5,-1],[8,3],[1,3],[8,-2],[3,-2],[2,-3],[4,0],[3,3],[20,9],[20,7]],[[8485,3500],[0,-1],[1,-85]],[[8486,3414],[0,-5],[-26,0],[0,-19]],[[8460,3390],[-11,0]],[[8449,3390],[-24,0],[-1,4],[-5,4],[-2,5],[-1,5],[1,9],[-1,4],[-6,7],[-2,6],[-3,4],[-3,6],[-4,3]],[[7940,2525],[0,-3]],[[7940,2522],[1,-3]],[[7941,2519],[-8,0],[-6,0]],[[7927,2519],[-2,8]],[[7925,2527],[7,0],[1,-2],[7,0]],[[9524,1611],[35,-4],[1,2],[28,-3],[1,4],[13,-1],[0,-3],[18,-17],[2,-5],[0,-2]],[[9622,1582],[1,-7],[-6,-23],[0,-1],[11,-4],[-5,-19],[-7,2],[-4,-21],[1,-9]],[[9613,1500],[-90,-1]],[[9523,1499],[0,75],[1,37]],[[8540,2397],[15,-6],[6,-2],[0,-3],[17,0]],[[8578,2386],[-3,-13],[2,-1],[9,-2],[10,-5],[4,7],[16,-8]],[[8616,2364],[-5,-11],[4,-2],[-4,-13]],[[8611,2338],[-9,1],[1,-38]],[[8603,2301],[-30,-4],[-12,0],[-17,1]],[[8544,2298],[-8,1],[-6,-1],[-5,1],[-16,0],[-4,2],[-3,-2],[-21,-1],[-21,0]],[[8460,2298],[2,30]],[[8462,2328],[1,4],[3,54],[1,1],[25,0]],[[8492,2387],[39,-1],[3,6],[6,5]],[[7888,3598],[-6,0],[-3,-2],[-46,-9]],[[7833,3587],[-10,-3],[-4,-2],[-27,1],[1,34],[-32,4],[-14,0]],[[7747,3621],[-4,25]],[[7743,3646],[-1,9],[0,21]],[[7742,3676],[91,0]],[[7833,3676],[79,1],[7,0]],[[7919,3677],[6,-2],[3,-4],[0,-4],[0,-8],[-3,-5],[-2,-3],[-7,-9],[1,0]],[[7917,3642],[-12,-6],[3,-4],[-1,-1],[1,-3],[-5,0],[-3,-3],[-3,0],[-4,1],[-3,-3],[7,-2],[-5,-8],[-2,-4],[0,-4],[-2,-4],[0,-3]],[[8006,2634],[0,4]],[[8006,2638],[0,5]],[[8006,2643],[-1,5]],[[8005,2648],[8,0]],[[8013,2648],[0,-4]],[[8013,2644],[1,-10]],[[8014,2634],[-8,0]],[[7976,2616],[-6,5]],[[7970,2621],[5,4],[1,3]],[[7976,2628],[7,-4]],[[5645,3291],[0,10],[0,57],[1,10],[-1,25],[0,24]],[[5645,3417],[0,12]],[[5645,3429],[35,0],[5,0],[7,3],[3,0],[5,-1],[2,1],[4,-2],[2,-2],[4,0],[10,-3],[4,-4],[6,0],[4,1],[5,-2],[3,1],[1,4],[7,0],[2,0],[8,-1],[11,1],[0,-47],[0,0]],[[5773,3378],[0,-79],[0,0],[0,-20]],[[5773,3279],[0,-12],[0,-43],[-15,0]],[[5758,3224],[-57,1],[0,0],[-56,1]],[[5645,3226],[0,65]],[[7951,2600],[6,0]],[[7957,2600],[0,-4]],[[7957,2596],[1,-5]],[[7958,2591],[-5,0]],[[7942,2593],[0,6],[3,-1],[6,2]],[[7961,3716],[-2,2],[2,3],[-2,8],[-3,1],[-1,6],[1,4],[-2,2],[-2,5],[2,3],[4,3],[0,3],[-3,8],[-3,5]],[[7952,3769],[8,0],[3,-3],[4,1],[10,-2],[1,-3],[3,-2],[5,3],[4,-2],[5,-3],[5,1],[1,-5],[1,-7],[-2,-11],[-1,-2],[2,-9]],[[7993,3707],[-21,-1],[0,4],[-2,6],[-9,0]],[[7378,1880],[-6,-4],[-18,-3]],[[7354,1873],[0,2]],[[7354,1875],[3,0],[2,1],[7,1],[8,2],[4,3]],[[8046,2562],[6,-5],[0,-3]],[[8052,2554],[-4,-3],[0,-2],[4,-1],[5,-2],[-3,-6],[-4,2],[-4,-2]],[[8020,2545],[1,0],[0,6]],[[8021,2551],[6,3],[2,2],[1,4]],[[8030,2560],[1,1],[8,0]],[[8039,2561],[4,0],[3,1]],[[8695,3127],[-114,0],[-5,-1],[-6,1],[-11,-3],[-3,-1],[-5,-1]],[[8551,3122],[0,28],[-28,0]],[[8523,3150],[-8,13],[22,20],[-5,0],[0,8],[6,0],[0,8],[-7,-2],[0,13]],[[8531,3210],[20,-4],[0,21]],[[8628,3233],[18,1],[3,-1],[46,3],[0,-2]],[[7166,1969],[-4,5],[-3,6]],[[7159,1980],[4,2],[12,9],[6,-5]],[[7181,1986],[-3,-3],[-4,-3],[-6,-5],[-2,-6]],[[7628,4668],[0,12],[71,0],[16,0]],[[7715,4680],[0,-11],[2,0],[0,-23],[7,2],[0,-10],[-4,0],[0,-8],[7,0],[-1,-13],[-6,1],[0,-14],[-21,0],[0,-17]],[[7699,4587],[-71,0],[0,0],[-21,8],[-4,2],[0,5],[0,17],[0,6]],[[7603,4625],[1,9],[-1,19],[25,0],[0,15]],[[8322,2518],[-5,-10],[-8,3],[-2,0]],[[8307,2511],[-2,0],[-4,1],[-3,3],[-4,0],[-2,1],[-5,-5],[-7,-1]],[[8280,2510],[-1,2],[1,4],[2,5],[-3,0],[-2,1],[-3,7],[-18,-2]],[[8256,2527],[-1,3],[2,1],[-1,3],[-1,4],[2,3],[-2,3]],[[8255,2544],[3,3],[3,2],[5,1],[10,2],[3,-1]],[[8279,2551],[2,0],[2,-3],[2,0],[4,-4],[0,-2],[3,-1],[5,1],[4,0],[2,-2],[4,1],[5,-2],[6,0],[3,1],[2,-1],[1,-2],[-3,-4],[-3,-5],[7,-4],[-3,-6]],[[8312,3157],[-2,20],[0,2],[-2,7],[-6,13],[4,4],[1,3]],[[8307,3206],[3,8],[-12,7],[3,4],[1,6]],[[8302,3231],[3,-1],[5,2],[7,-1],[10,-8],[5,-6],[6,-3],[8,-1],[2,1],[9,3],[8,1]],[[8365,3218],[1,0],[2,-15],[4,-3],[-2,-3]],[[8370,3197],[-6,-15],[-3,-11],[-2,-5],[-7,-1],[-3,-1],[-4,2],[-4,-3],[-3,0],[0,2],[-4,-1],[-3,-4],[-3,-6],[-1,0],[-4,2],[-6,-4]],[[8104,2863],[1,0]],[[8105,2863],[-5,-2],[0,-1]],[[8100,2860],[-2,-1],[-3,1],[-5,-3],[-5,0],[-2,-3],[-3,2],[-5,-1],[-4,0],[-4,2],[-3,-1]],[[8064,2856],[3,3]],[[8067,2859],[3,3],[4,2],[12,3],[3,1],[8,0],[3,1],[4,2]],[[8104,2871],[-3,-6],[3,-2]],[[9690,1407],[-28,3],[-7,0],[-18,3],[-51,-5]],[[9586,1408],[2,18]],[[9588,1426],[4,25],[5,2],[28,0]],[[9625,1453],[7,0],[27,-10],[32,-5]],[[9691,1438],[0,-17],[-1,-3],[0,-11]],[[7959,2800],[-22,-5],[6,-17],[7,-9],[-6,-1],[-1,-2],[2,-2]],[[7945,2764],[-17,-4]],[[7928,2760],[-7,4],[-13,5],[-1,1],[-5,6],[-3,4],[-6,4],[0,3],[-3,2],[-6,-1],[-3,5],[-5,3],[0,3],[-4,0],[-5,6],[-5,2],[-2,2]],[[7860,2809],[3,3],[5,-1],[2,-3],[3,-2],[4,1],[4,2],[3,0],[3,3],[3,1],[2,3],[12,5],[2,2],[-1,2],[2,2],[0,3],[9,1],[7,4],[2,0],[3,2]],[[7928,2837],[2,2],[5,0],[1,-3],[2,-1],[2,2]],[[7940,2837],[2,-4],[5,-5],[3,-4],[6,-20],[3,-4]],[[5751,4506],[0,-1],[31,-1],[10,1],[40,8],[12,4],[142,-2],[0,-6],[10,0],[4,-8],[2,-92],[40,0]],[[6042,4409],[0,-60]],[[6042,4349],[0,-1],[0,-34],[0,-77]],[[6042,4237],[-75,0],[-89,0],[-46,0],[0,0],[-57,0],[0,38],[28,0],[0,41],[-2,1],[-25,14],[-91,23],[-36,9]],[[5649,4363],[8,79],[-80,3],[7,53],[10,27]],[[5594,4525],[90,0],[9,-4],[2,-10],[4,-5],[52,0]],[[9719,3099],[99,0]],[[9818,3099],[26,0]],[[9844,3099],[0,-26],[-6,2],[0,-20],[-3,0],[-1,-2],[0,-4],[4,0],[0,-51],[4,0],[0,-38]],[[9842,2960],[-61,0],[-10,4],[-11,0],[-2,-1],[-17,0],[-2,-1],[-23,0]],[[9716,2962],[-1,49]],[[9715,3011],[0,9],[0,20]],[[8190,2445],[14,0],[0,4],[7,-2],[4,0]],[[8215,2447],[6,-3],[1,-5],[3,0],[-1,-6],[6,0],[0,5],[17,-1],[3,-3],[6,-3],[5,-7]],[[8261,2424],[-3,-2],[-8,-4],[-3,-1],[-7,0],[1,-4]],[[8241,2413],[0,-3],[2,-2],[-7,-2],[1,-4]],[[8237,2402],[-4,1],[0,3],[-6,1],[0,3],[2,2],[-1,2],[-4,0],[-17,2],[-2,-2],[-4,1]],[[8201,2415],[3,5],[0,5],[-4,4],[-8,4],[-4,4],[0,2]],[[8188,2439],[0,4],[2,2]],[[8135,2365],[8,-1],[-1,-3],[0,-4],[-1,-2],[4,-5],[6,-1],[-3,-6],[-4,-6],[-3,-2],[0,-2]],[[8126,2321],[0,4],[-5,0]],[[8121,2325],[0,3],[-3,2],[1,8],[-1,3],[2,9],[3,4],[5,2],[-3,5]],[[8125,2361],[4,2],[6,0],[0,2]],[[7658,3497],[4,-2],[3,-3],[18,-5],[3,7],[27,0]],[[7713,3494],[0,-22]],[[7713,3472],[0,-81]],[[7713,3391],[-4,1],[-5,-1],[-8,-2],[-18,0]],[[7678,3389],[-2,3],[-7,3],[-2,17],[-11,11],[-5,7],[8,11],[3,8],[0,6],[0,16],[-5,-1],[-10,4],[1,4]],[[9202,1499],[-39,0],[-13,1],[-19,0]],[[9131,1500],[-8,7],[-20,22],[0,0],[-18,20],[-3,2],[-5,5],[-5,8],[-4,5],[-1,6],[1,10],[17,0],[10,-2],[7,-4],[2,22],[-1,42],[12,17]],[[9115,1660],[30,-9],[3,-3],[19,-7],[3,-2],[16,-5],[2,-3],[10,-2],[4,-3]],[[9202,1626],[0,-28]],[[9202,1598],[0,-82],[0,-17]],[[7970,3924],[2,-3],[-2,-7],[-1,-9],[-4,-4],[-2,-6],[1,-2],[-2,-6],[1,-2],[-1,-5],[-1,-3],[-4,-2],[0,-3],[1,-3],[-3,0],[-1,-4],[-5,-3],[-8,0]],[[7941,3862],[1,3],[6,13],[1,4],[-4,-1],[-4,-3],[-6,0],[-6,2],[-1,0]],[[7928,3880],[0,39],[0,21],[13,0]],[[7941,3940],[0,-3],[5,-1],[6,0],[7,2],[5,-2],[6,1],[1,-4],[-2,-7],[1,-2]],[[8034,3927],[0,-3]],[[8034,3924],[-64,0]],[[7941,3940],[2,4],[0,2],[-2,6],[0,2],[-1,5],[1,2],[0,4],[2,5],[5,-1],[0,2]],[[7948,3971],[4,5],[-2,2],[-2,2],[3,2],[0,2],[1,5],[3,0],[2,7],[1,3],[2,0],[-1,14],[5,2]],[[7964,4015],[4,-1],[40,-19],[8,-3],[4,-1],[22,-1]],[[8556,3390],[-1,29],[-8,-5],[-61,0]],[[8485,3500],[0,29]],[[8485,3529],[90,0],[49,1],[3,-2]],[[8627,3528],[0,-67],[0,-70],[0,-1]],[[7554,4005],[-15,0]],[[7539,4005],[0,18]],[[7539,4023],[0,24]],[[7539,4047],[14,9]],[[7553,4056],[1,-5],[2,1],[5,-1],[3,0],[4,5],[0,-19]],[[7568,4037],[0,-32],[-14,0]],[[7986,3556],[-1,1],[-23,-5]],[[7949,3550],[1,4],[-2,5],[2,1],[0,4],[1,1],[0,3],[2,4],[-2,2],[0,4],[2,2],[-1,6],[1,1],[0,8],[-1,3],[0,7]],[[8635,2565],[0,32]],[[8635,2597],[24,2],[8,-2],[53,0],[4,-1],[8,0],[2,-1],[-1,-7],[0,-23]],[[8733,2565],[-15,0],[0,-22],[0,-10],[0,-67]],[[8718,2466],[0,-31]],[[8718,2435],[-32,0],[0,-7],[-29,0],[-37,0]],[[8620,2428],[-28,19],[12,12],[-7,5]],[[8587,2466],[3,4],[3,4],[1,4],[1,6],[-1,5]],[[8594,2489],[0,3]],[[8594,2492],[11,-5],[0,1],[7,-1]],[[8612,2487],[18,-3],[16,15],[2,2],[-12,4]],[[8636,2505],[0,8]],[[8636,2513],[4,0],[4,0],[12,0],[0,52],[-21,0]],[[7747,3621],[-34,0],[0,-13]],[[7713,3608],[-15,9],[-21,1],[-3,0]],[[7674,3618],[1,6],[1,2],[10,24],[0,2]],[[7686,3652],[10,0],[6,-3],[19,0],[3,-1],[19,-2]],[[8057,2578],[-5,4]],[[8047,2584],[0,9]],[[8047,2593],[0,1]],[[8047,2594],[7,0]],[[8054,2594],[0,-3],[5,-3]],[[8059,2588],[-2,-2],[0,-8]],[[8351,3592],[0,-66],[4,-13],[4,-8]],[[8359,3505],[-1,-1],[-5,-1],[-2,-2],[-7,0],[-2,-3],[0,-2],[-3,-2],[-1,3],[-8,-2],[-17,5],[-13,2],[-2,-1],[-3,0]],[[8295,3501],[-5,9],[-2,4],[-4,7],[0,7],[-3,4],[-15,-4],[-3,7],[-13,-3]],[[8250,3532],[0,3],[-4,3],[0,4],[1,2],[-9,-1],[0,-4],[-8,-1]],[[8230,3538],[-3,23],[4,10],[1,2],[7,2],[-9,28],[-9,-7],[-2,1],[-8,0],[-1,8],[-5,0],[-4,1],[-3,-2],[-5,-1],[-4,-2]],[[8189,3601],[-1,7],[0,3],[-1,7],[1,5],[-3,9]],[[8185,3632],[4,2],[5,-1],[13,4],[-10,13],[-2,6],[-2,7],[-1,21]],[[8216,3708],[3,-4],[1,-6],[-3,-2],[0,-3],[6,-2],[2,-5],[7,-1],[8,-1],[9,-2],[-3,5],[43,-5],[1,10],[0,9],[-2,4],[0,3],[4,3],[-1,6],[1,4],[-1,6],[2,1],[1,4],[-1,4],[-4,2],[0,2],[6,2]],[[8295,3742],[6,1],[6,4],[4,1],[9,1],[4,0],[2,3],[5,1],[3,5],[3,1],[6,3],[8,1],[3,2],[7,-1],[4,-4],[7,-5],[6,0]],[[8378,3755],[-4,-1],[-4,0],[-2,-2],[0,-5],[0,-3],[2,-3],[-3,-7],[1,-2],[-2,-6],[3,-13],[1,-5],[-1,-4],[-2,-4],[1,-1],[-1,-13],[-1,-1],[-1,-6],[3,-4]],[[8485,3529],[0,16],[-40,13]],[[8436,3675],[14,0],[0,36],[4,0],[-1,14],[-3,-1],[0,23],[3,0],[0,24],[-32,0],[-2,-1]],[[8419,3770],[-3,3],[0,5],[-2,1],[-2,8],[2,0],[0,4],[1,3],[-1,4]],[[8414,3798],[76,-1],[58,0],[3,0],[3,0],[72,1]],[[8626,3798],[0,-53],[0,-75],[1,-74],[0,-66]],[[8627,3530],[0,-2]],[[9695,271],[0,-7],[8,0],[0,-9],[-1,-3]],[[9702,252],[0,-2],[-6,-4],[-2,-5],[-2,0],[-1,-5],[5,-6],[-10,2],[0,-31],[-15,0],[0,-24]],[[9671,177],[-33,0]],[[9638,177],[0,5],[-10,0],[-14,26],[7,21]],[[9621,229],[6,16],[-15,10],[22,0],[5,15],[14,6],[2,2],[2,0],[6,6],[2,3]],[[9665,287],[1,3],[3,-3],[8,-12],[0,-4],[18,0]],[[8012,2757],[-6,-7]],[[8006,2750],[-6,-7],[-9,6],[-4,-4]],[[7984,2755],[11,13]],[[7995,2768],[8,-5],[2,3],[7,-3],[-2,-4],[2,-2]],[[7568,3488],[-1,-42]],[[7567,3446],[-6,-1],[-11,0],[-3,1],[-23,0],[-6,2],[-4,-2],[-36,0]],[[7478,3446],[-51,0],[-1,-1]],[[7430,3553],[25,0],[3,1],[2,-1],[21,0]],[[7481,3553],[25,1],[1,1],[4,0],[5,-1],[26,0],[3,0],[6,0],[11,-1],[6,0]],[[5955,3377],[43,0],[1,0],[32,0]],[[6031,3377],[0,-40],[0,-58],[0,-60]],[[6031,3219],[-88,2]],[[5943,3221],[-5,0],[0,30],[-34,0],[0,28]],[[5904,3279],[0,98]],[[5904,3377],[51,0]],[[8894,3331],[-1,3],[2,5],[-1,1]],[[8894,3340],[3,4],[7,4],[5,2],[3,-4]],[[8912,3346],[3,0],[7,0],[8,-2],[7,-4],[4,-3],[8,-8],[2,-1],[5,5],[4,10],[5,2],[6,-4],[8,-3],[3,-3],[3,-5],[5,-6],[4,-4],[5,-2],[2,1],[4,6],[5,6],[6,-1],[3,1],[5,7],[4,3],[4,0]],[[9032,3341],[5,-2],[3,-3],[3,-7],[0,-8],[-4,3],[-2,0],[-6,-3],[-2,-8],[3,-1],[6,2],[3,-1],[4,-4],[-1,-3],[-3,-4],[0,-4],[4,-6]],[[9045,3292],[0,-3]],[[9045,3289],[0,-54],[-5,0]],[[9040,3235],[-90,0]],[[8950,3235],[0,10],[2,3],[-2,6],[0,23],[1,2],[0,9],[-55,0]],[[8896,3288],[5,5]],[[8894,3315],[2,3],[5,1],[2,3],[0,5],[-4,2]],[[9733,1002],[-4,13],[-4,7],[-4,6],[-1,6],[-4,6],[-3,5],[-4,5],[-2,4],[-3,3],[-3,7],[-8,14],[-3,5],[-3,6]],[[9687,1089],[8,5],[8,1],[4,2],[32,0],[-1,4],[85,0]],[[9790,1033],[1,-6],[-1,-3],[1,-2],[2,-18],[-9,1],[-6,2],[-4,0],[-3,-2],[-8,0],[-15,2],[-4,2],[-3,-3],[-8,-4]],[[4399,4127],[3,2],[1,-3],[-4,1]],[[4451,4201],[3,0],[37,0],[-1,-50]],[[4490,4151],[0,-40],[0,-10]],[[4449,4101],[-2,1],[-2,8],[-4,6],[-4,1],[-2,3],[-3,1],[-6,0],[-3,0],[-3,1],[-6,7],[-6,3],[1,3],[-1,4],[-2,3],[1,5],[7,5],[-1,4],[-2,4],[-5,4],[-3,-1],[-4,-1],[0,2],[3,2],[-1,6],[-3,3],[-6,-1],[0,-1],[-4,-1],[-4,-3],[1,-2]],[[4385,4167],[-2,4],[2,10],[-3,10],[-1,5]],[[4381,4196],[4,0],[19,0],[6,-2],[5,0],[2,1],[6,3],[3,2],[1,3],[2,1],[22,-3]],[[9470,2838],[0,-47]],[[9470,2791],[-120,0]],[[9350,2791],[-39,0]],[[9311,2791],[0,27],[3,1],[6,0],[0,79],[6,0]],[[9326,2898],[48,0],[5,2],[22,-3],[7,-2],[7,0],[7,1],[4,1],[7,0]],[[9433,2897],[-1,-26],[8,1],[3,2],[0,-19],[27,0],[0,-17]],[[8359,2475],[2,-1],[5,3],[7,3],[7,4],[5,0],[2,2],[5,3],[3,1]],[[8395,2490],[-7,-12],[2,-2],[0,-4],[2,-6],[0,-10],[2,-5],[0,-5]],[[8394,2446],[-1,-5],[0,-5],[-2,-4],[1,-5],[-1,-5],[-3,-12],[4,-11],[-6,1]],[[8386,2400],[-24,17]],[[8362,2417],[1,1],[-2,3],[-3,-1],[-5,3],[-2,-1],[-2,3],[-1,0],[-9,3],[-6,1],[0,3],[-7,1]],[[8326,2433],[-1,6],[3,0],[2,4],[-3,4],[3,5]],[[8330,2452],[2,1],[4,-2],[3,-1],[10,3],[4,-1],[3,-4],[8,0],[1,1],[-1,5],[1,4],[-3,0],[1,6],[-2,1],[1,3],[-3,1],[1,5],[-1,1]],[[7818,3080],[15,1],[28,0]],[[7861,3081],[0,-37]],[[7861,3044],[0,-40]],[[7861,3004],[-18,-1],[-21,-3],[-12,-1]],[[7810,2999],[2,9],[0,2],[4,36]],[[7816,3046],[2,22],[0,12]],[[8572,2564],[1,-1],[4,-2]],[[8577,2561],[0,-5],[-2,-10],[-12,-11]],[[8563,2535],[-17,-7],[-6,-2]],[[8540,2526],[-7,9],[-26,4],[-30,2]],[[8477,2541],[3,2],[1,8],[-1,3]],[[8480,2554],[45,0],[1,17],[-4,1],[-8,5],[-3,0]],[[8511,2577],[2,12],[1,1],[5,-1],[2,3],[11,-8],[2,1],[7,-4],[3,1],[1,-1],[4,-2],[-2,-2],[5,-2]],[[8552,2575],[-1,-5],[3,-4],[5,-3],[5,0],[8,1]],[[9841,3393],[-5,-10],[-1,-2],[6,-13],[4,-14],[-2,-16],[0,-2],[7,-5]],[[9850,3331],[-1,-5],[5,-4],[-8,1],[-2,3],[-2,0],[-2,-2],[1,-3],[-1,-3],[-3,-3],[1,-1],[4,-1],[0,-3],[-6,1],[-2,-2],[3,-2],[-9,1],[-4,1],[-18,7],[-4,1],[-4,0],[-7,-2],[-3,-1],[-2,-5],[-4,-3],[1,-4],[2,-1],[6,0],[2,-1]],[[9793,3300],[-2,0],[-14,-7],[-5,0]],[[9772,3293],[-5,7],[-1,2],[-3,3],[-4,-1],[-8,3],[-3,3],[0,2],[-7,1]],[[9741,3313],[-2,3],[-1,16],[3,5],[4,1],[3,7],[12,12],[5,7],[4,1],[5,2],[15,6],[52,20]],[[7931,4072],[-1,-17],[1,-7],[1,-6],[8,-5],[9,-8],[7,-3],[5,-5],[3,-6]],[[7948,3971],[-1,0],[-6,4],[-6,1],[-8,5],[1,4],[-29,6],[-13,7]],[[7886,3998],[-19,1],[-6,2],[0,6],[1,14],[-7,2]],[[7855,4023],[6,2],[2,1],[2,4],[-1,2],[-2,9],[0,8],[-2,13],[-1,3],[-2,15],[0,3]],[[7857,4083],[15,-3],[4,-2],[6,0],[11,0],[13,-2],[25,-4]],[[7857,4083],[0,4],[-1,10],[1,3],[-3,6],[0,4]],[[7863,4150],[2,-1],[3,-5],[4,-4],[7,-2],[3,-4],[10,-3],[4,-4],[12,-13],[0,-1],[25,5],[3,1]],[[7936,4119],[3,-6],[0,-3],[-5,-17],[-1,-2],[-2,-19]],[[7795,4021],[-1,20],[1,23],[-1,16],[-27,0],[7,16]],[[7774,4096],[5,8],[2,0],[3,6]],[[7855,4023],[-3,-2],[-57,0]],[[8694,2740],[-12,0],[-5,1],[-67,0]],[[8536,2751],[1,11],[1,15],[1,17],[1,2],[-12,0],[-2,1],[3,3],[-6,-1],[-5,3],[-1,-1],[-8,7],[-5,-2],[-5,1],[-2,-2],[-4,0],[-4,-2]],[[8489,2803],[-1,4],[-2,1],[-1,4],[3,5],[3,2],[-1,2],[1,4],[0,16],[-1,5],[-2,6]],[[8488,2852],[5,6],[6,-2],[1,2],[3,1]],[[8503,2859],[2,-2],[10,-1],[1,-7],[8,3],[54,-1],[15,0],[97,0]],[[7952,2571],[0,-10]],[[7952,2561],[-7,-3]],[[7945,2558],[0,1]],[[7945,2559],[-1,12]],[[7944,2571],[8,0]],[[8044,2629],[0,1]],[[8044,2630],[-1,1],[-6,4]],[[8037,2635],[0,2]],[[8037,2637],[-1,4],[1,1],[6,2]],[[8043,2644],[8,-3],[5,-1]],[[8056,2640],[2,-1],[1,-9]],[[8059,2630],[-15,-1]],[[6101,3770],[0,36]],[[6101,3806],[86,-1],[0,0],[58,0]],[[6245,3805],[0,-73],[0,-3],[2,-3],[-2,-5],[0,-36]],[[6245,3685],[-113,1],[0,-8],[3,-2],[-1,-9]],[[6134,3667],[-16,0],[-7,-1],[-11,0]],[[6100,3666],[1,72],[-1,10],[1,1],[0,21],[0,0]],[[9766,1440],[-8,3],[-49,-5],[-6,-1],[-12,1]],[[9625,1453],[0,16],[1,0],[2,14],[-14,6],[-1,11]],[[9613,1500],[57,0],[0,38]],[[9670,1538],[10,2],[14,1],[3,2],[5,0],[26,-4],[3,1],[7,0],[6,0],[7,1],[5,-1],[16,-2]],[[9772,1538],[-1,-13],[1,-11],[5,-3],[-1,-1],[-1,-10]],[[8138,3925],[-4,-7],[0,-20],[-2,-11],[1,-13],[2,-3],[1,-7],[-1,-7]],[[8135,3857],[1,-12],[-4,2],[-4,0],[-7,-1],[-5,0],[-5,3],[-8,-3],[-2,1]],[[8101,3847],[0,1],[1,7],[-1,6]],[[8101,3861],[4,4],[-1,3],[3,9],[-2,2],[0,5],[3,3],[-2,3],[-3,1],[0,6],[-1,7],[2,2],[-1,2],[2,7],[4,8],[-1,2]],[[8127,4111],[50,1],[15,0]],[[8192,4112],[-1,-9],[-4,-10],[-2,-3],[0,-2],[-5,-13]],[[8180,4075],[-4,-13],[-6,-17],[0,-2],[-1,-15],[-1,-2],[0,-8],[1,-9],[2,-9],[-9,-14],[-8,-10],[-2,-3],[-1,-5]],[[9264,400],[7,4],[1,-1],[6,0],[4,-3],[6,-1],[6,4],[7,1],[4,-2],[9,-5],[1,-1],[13,1],[13,-1],[6,1],[4,5]],[[9351,402],[7,-3],[4,-2]],[[9362,397],[7,-5],[4,-3],[10,-10],[5,-3],[2,-6],[7,-3],[4,-6],[6,-3],[6,-6],[1,-2],[5,-3],[3,-6],[9,-11],[4,-3]],[[9435,327],[-8,-6],[-2,-2],[5,-2],[4,-4],[6,-8],[11,-15],[5,-7],[2,-4]],[[9458,279],[2,-2],[1,-5],[5,-8],[0,-3],[4,-9],[1,-3],[3,-7],[4,-4],[2,-4],[0,-3],[6,-9],[1,-3],[1,-5],[-2,-7],[1,-2],[-2,-3],[2,-5],[2,-1],[2,-3],[-1,-2],[2,-3],[-1,-2]],[[9491,186],[0,-3],[3,-3],[2,-4],[-2,-3],[2,-5],[-3,-5],[-6,-1],[-2,0],[3,-8],[-1,-2],[-6,2],[-2,-8],[-5,0]],[[9474,146],[-6,6],[-2,3],[-1,8],[-2,5],[-5,9],[-9,12],[-2,5],[-6,9],[-4,-1],[1,3],[-2,4],[1,3],[-3,6],[-3,3],[-1,3],[-2,4],[-6,7],[-3,7],[-3,5],[-4,4],[-4,10],[-7,9],[0,1],[-3,5],[-12,16],[-6,8],[-10,12],[-9,10],[-10,10],[-5,5],[-8,8],[-12,12],[-4,3],[-5,5],[-3,2],[-6,5],[-5,1],[-3,5],[-6,3],[-4,1],[-3,4],[-4,2],[-5,1],[-3,5],[-1,-1],[-3,1],[-5,4],[-2,2]],[[6315,1910],[1,3],[4,4],[8,1],[7,2],[10,0],[10,-3],[12,2],[8,2],[4,-1],[3,1],[7,0],[8,1],[10,3],[4,0],[4,2],[5,3],[4,2],[1,4],[3,1],[0,2],[5,2],[1,-1],[7,-2],[3,1],[6,-1],[6,0],[7,1],[3,2],[3,4],[4,2],[6,1]],[[6479,1948],[1,-1],[0,-41]],[[6480,1906],[0,-23],[0,-3]],[[6480,1880],[-10,-2],[-18,3],[-57,27],[-14,1],[-11,3],[-8,3],[-6,-1],[-2,1],[-14,3],[-4,-2],[0,-6],[-21,0]],[[9629,47],[2,4],[0,8],[8,9]],[[9639,68],[10,-2],[7,-1],[4,1],[4,3],[1,0],[7,-7]],[[9672,62],[16,0]],[[9688,32],[0,-12]],[[9688,20],[-5,-2],[-2,0],[-3,7],[-7,2],[-2,2],[-11,2],[-3,1],[-5,-4],[-3,0],[-2,1],[-1,3],[-5,2],[1,6],[-4,5],[-7,2]],[[8937,948],[2,-2],[7,-14],[-2,0],[6,-6],[-6,0],[-8,-6],[-2,-5],[1,-5],[0,-14],[-1,0],[0,-13],[-5,1],[-3,0]],[[8926,884],[-3,1],[-5,5],[-7,4],[-3,2],[-7,5],[-7,6],[-5,8],[0,5],[2,3],[2,5],[5,0],[2,1],[6,0],[4,1],[10,5],[4,1],[5,4],[8,8]],[[7618,2020],[-1,-3],[-5,-4],[-2,-2],[-7,-7]],[[7603,2004],[-2,3],[-6,3],[-1,3],[-3,1],[-8,1],[-5,4],[-1,2],[0,5],[0,6],[-2,6],[2,2],[8,5],[3,2],[5,9],[3,7],[4,10],[5,5],[5,5],[4,2]],[[7614,2085],[2,-3],[18,0]],[[7634,2082],[-2,-1],[-1,-4],[3,-3],[-4,-7],[1,-3],[10,-7],[-5,0],[3,-3],[0,-4],[-2,-7]],[[7637,2043],[-2,-4],[-4,-3],[-3,2],[-5,0],[-6,1],[-1,-17],[2,-2]],[[5927,3921],[-72,0]],[[5855,3921],[-23,0]],[[5832,3921],[0,22],[0,65]],[[5832,4008],[40,0],[1,0],[121,0],[1,-8],[10,-2],[5,-2],[3,-2],[6,0],[-7,14],[29,0]],[[6041,4008],[0,-41]],[[6041,3967],[-10,1],[-3,-1],[-9,-7],[-5,-5],[-1,-4],[-3,-2],[-3,-4],[-2,-15],[3,-4],[-2,-4],[-79,-1]],[[4265,4711],[0,67]],[[4265,4778],[0,30],[64,0]],[[4329,4808],[10,-10],[6,-4],[2,-2],[6,-3],[20,-16],[11,20],[17,-7]],[[4401,4786],[-4,-23],[0,-4],[-1,-4],[10,-9],[1,0],[0,-35]],[[4407,4711],[-116,0]],[[4291,4711],[-26,0]],[[9159,2062],[10,0],[4,-1],[6,0],[6,2],[8,0],[-3,3],[1,1],[-8,3],[0,1],[0,27],[3,3],[5,1]],[[9191,2102],[35,0],[1,8],[0,1],[44,0]],[[9271,2111],[0,-19],[4,-1],[-9,-4],[-4,0],[-2,-2],[14,-10],[-24,-23],[2,-52]],[[9252,2000],[-42,0],[0,36],[-51,0],[0,26]],[[9523,1429],[0,7],[0,36],[0,0],[0,27]],[[9588,1426],[-12,-4],[-1,7],[-52,0]],[[8121,2557],[-3,1],[6,4],[-4,1]],[[8120,2563],[0,4],[6,1],[1,4],[0,3]],[[8152,2581],[-5,-5],[0,-3],[10,-4]],[[8151,2553],[-3,-1],[-6,2],[-2,1],[-4,-2],[-3,1],[-4,-3],[-1,3],[-7,1],[0,2]],[[9971,184],[0,-29],[-2,-98]],[[9969,57],[-4,3],[-5,0],[-3,4],[-8,-1],[-9,1]],[[9940,64],[-9,-1],[-4,-2],[-5,0],[-3,1],[-6,0],[-1,1],[-7,-1],[0,3],[-8,0],[4,4],[-8,0],[0,5],[-5,0]],[[9888,74],[1,2],[-2,2],[-2,5],[0,9],[-10,9],[-3,3],[0,4],[-2,6],[1,3]],[[9871,117],[1,1],[-2,3],[1,5],[0,11],[4,-3],[9,-3],[4,-1],[1,-3],[11,0],[0,4],[-1,6],[13,0],[0,16],[8,0]],[[9920,153],[4,-5],[13,0],[4,6],[-2,1],[-3,6],[0,2],[2,10],[1,5],[7,2],[25,4]],[[9491,186],[6,-2],[6,3],[9,0]],[[9512,187],[4,-4],[1,-5],[1,-9],[-1,-4],[22,0],[2,-2],[5,2],[17,0]],[[9563,165],[-2,-1],[-18,-16],[-19,-11],[4,-5],[4,0],[8,-2]],[[9522,116],[-7,6],[-9,-7]],[[9506,115],[-6,5],[-2,1],[-5,-2],[-1,3],[2,1],[-4,4],[-2,5],[-1,2],[-4,2],[-5,0],[-4,10]],[[7771,2199],[1,1],[12,0],[-1,4],[20,0],[2,-1]],[[7805,2203],[0,-6],[5,-4],[-5,-6],[0,-5],[4,0],[0,-7]],[[7809,2175],[-5,0],[-4,-1],[-4,0],[-4,-2],[-2,-2],[-3,-2],[-4,3],[1,3],[-5,2],[-2,1],[-2,-2],[-4,3],[-4,2]],[[7767,2180],[-4,2]],[[7763,2182],[2,5],[2,3],[2,2],[2,7]],[[8015,4680],[-3,-4],[-6,-7],[-2,0],[-3,-3],[-2,-5],[0,-6],[2,-8],[5,-5]],[[8006,4642],[-2,0],[-6,-3],[-2,1],[-4,0],[-6,-2],[-7,1],[-3,-1],[-20,-2],[-14,-3],[-6,-2],[-9,-2],[-2,-1],[-4,-1],[-9,7],[-3,0],[-4,3],[-6,0],[-2,4],[-4,3],[-1,-2],[-3,-2],[0,-3],[-4,-7],[-2,-1],[0,-3],[-3,-6],[-1,-3],[-5,-6],[-4,1],[-6,2]],[[7864,4614],[0,1],[0,53],[0,12],[0,56]],[[7864,4736],[4,2],[20,6],[5,-2],[2,2],[4,-3],[15,-6],[63,-30],[2,-1],[13,-6],[5,-2],[7,-4],[5,-1],[3,-3],[6,1]],[[6843,2027],[7,-1],[4,5],[3,-1],[2,5],[5,2],[3,0],[6,1],[5,1],[4,1],[4,-2],[8,1],[8,3],[0,2],[2,1],[7,4],[5,0],[3,3],[0,2],[5,4],[7,0],[4,1],[7,-2],[2,0],[7,-2],[2,-2],[4,-2],[4,1],[6,-1],[7,2],[4,-1],[5,-3]],[[6983,2049],[0,-18]],[[6983,2031],[0,-50],[0,-51],[1,-20]],[[6984,1910],[-3,-2],[-5,-1],[-8,1],[-3,0],[-4,-4],[-9,-4],[-1,-2],[-5,-1]],[[6946,1897],[-4,1],[-22,-4],[-33,1]],[[6887,1895],[-18,1]],[[6869,1896],[-1,18],[-7,0],[-10,14],[-8,7],[0,27]],[[6843,1962],[0,65]],[[8119,2651],[5,-2],[0,-3],[5,4],[5,-1],[8,1]],[[8142,2650],[4,-4],[4,2],[2,-3]],[[8152,2645],[-1,-7],[-25,3],[-4,-2],[-6,4],[3,5],[0,3]],[[8819,2620],[-5,2]],[[8814,2622],[0,3],[-9,0],[-5,2],[-3,6],[-7,0]],[[8790,2633],[1,5],[-1,3]],[[8790,2641],[0,1]],[[8790,2642],[3,-1],[2,4],[2,6],[-5,25],[4,4],[5,2]],[[8801,2682],[3,-4],[3,-4],[3,-2],[14,-3],[4,-1],[5,-2],[14,-10],[11,-8]],[[7997,2675],[-1,1]],[[7996,2676],[-9,2],[8,9]],[[7995,2687],[3,3],[7,-4],[-3,-4]],[[8002,2682],[-5,-7]],[[8239,4531],[83,0],[92,0]],[[8414,4531],[1,-13],[0,-74],[-1,-37],[1,0]],[[8415,4407],[-50,0],[-126,0]],[[8239,4407],[0,76],[0,48]],[[9825,64],[0,50],[0,10]],[[9825,124],[15,0]],[[9840,124],[7,0],[3,-1],[0,-4],[4,0],[6,-2],[5,1],[6,-1]],[[9888,74],[-3,-2],[-4,-5],[-12,3],[-11,7],[0,-4],[4,-4]],[[9862,69],[-1,0],[-14,-8],[-21,-8]],[[3962,5024],[0,-86]],[[3962,4938],[-1,-81]],[[3961,4857],[0,-3]],[[3961,4854],[-6,2],[-3,1],[-6,-5],[0,4],[-4,3],[-15,3],[-7,0]],[[3920,4862],[1,28],[-2,2],[-7,2],[-3,5],[-3,-1]],[[3906,4898],[-5,3],[-8,5],[-6,-1]],[[3887,4905],[-3,3]],[[3884,4908],[4,2],[2,2],[1,4],[0,4],[-1,4],[1,4],[0,3],[0,4],[-5,3],[-5,-2],[-5,3],[-2,3],[-6,2],[-3,0],[-2,-2],[-3,-1],[-3,1],[1,3],[-4,1],[-1,3],[-5,-1],[-3,4],[-4,1]],[[3841,4953],[0,16],[-8,2],[-43,2],[-17,0]],[[3773,4973],[-60,3]],[[3713,4976],[-1,1],[0,58]],[[3712,5035],[0,12]],[[3712,5047],[0,19],[58,0],[3,-1]],[[3773,5065],[67,0],[0,-40],[53,0],[1,-1],[68,0]],[[3751,4763],[-1,2],[2,5],[5,2],[1,1],[7,2],[2,-3],[4,1],[2,-1],[-1,-3],[-6,-4],[-13,-6],[-4,1],[2,3]],[[3839,4784],[-2,-6],[1,-4],[-4,-2],[-3,-3],[-2,2],[-3,1],[-3,-2],[-8,0],[-1,-4],[1,-2],[-4,-1],[-4,-3],[-3,2],[-4,-1],[-1,2],[-1,3],[-3,3],[-6,0],[1,3],[-5,5],[-1,13],[-2,1],[1,3],[8,4],[-1,4],[-2,2],[2,1],[4,-1],[3,2],[5,-3],[3,1],[8,9],[2,1],[4,-1],[-3,-4],[1,-2],[-6,-5],[2,-1],[4,1],[5,3],[2,1],[5,3],[9,7],[3,2],[3,2],[7,6],[5,-1],[8,2],[4,1],[9,4],[10,1],[6,-2],[-9,-2],[-13,-2],[0,-2],[-10,-3],[0,-1],[-11,-5],[-7,-5],[-3,-5],[1,-2],[3,-4],[3,-3],[5,1],[-8,-5],[-4,-5],[-1,-4]],[[3920,4862],[-4,-1],[-2,-2],[-5,1],[-5,-1],[-2,-1],[-5,-2],[0,5],[3,3],[1,7],[1,1],[3,5],[-1,2],[-1,3],[2,4],[2,1],[3,3],[-1,5],[-3,3]],[[9744,3266],[-10,9],[6,12],[-1,13],[3,4],[-1,9]],[[9772,3293],[-3,-2],[0,-3],[2,-5],[-1,-3],[-4,0],[-5,-2],[-8,-5],[-3,-3],[-2,-1],[-4,-3]],[[8182,2673],[2,5],[-1,3],[1,3],[1,7],[-4,1],[0,6],[2,0],[1,5]],[[8184,2703],[2,0],[27,-3],[0,-2]],[[8213,2698],[-1,-6],[5,-1],[-1,-4],[-5,0],[-2,-1],[-2,-2]],[[8207,2684],[-6,-2],[-3,-1],[-1,-6],[-6,1],[0,-2],[-5,1],[-2,-3],[-2,1]],[[4621,4312],[-8,0],[1,24],[-12,0],[3,33]],[[4605,4369],[2,29],[0,0],[6,67],[0,1]],[[4613,4466],[0,1],[18,1],[5,-1]],[[4636,4467],[26,-8],[8,0],[6,-3],[0,22],[69,0],[60,0],[0,-1]],[[4805,4477],[-13,-9],[0,-15],[-1,-3],[0,-6],[1,-4],[0,-8],[1,-3],[-1,-2],[0,-8],[1,-2],[-1,-2],[9,0],[11,-2],[2,0],[-7,-11],[5,-5],[34,-15],[2,3]],[[4848,4385],[0,-65]],[[4848,4320],[-4,1],[-6,0],[-4,1],[-10,-1],[-9,2],[-4,-1],[-2,-2],[-4,-2],[-12,2],[-10,-3],[-10,3],[-6,-1],[-48,0],[-4,-1],[-2,1],[-36,0],[0,-1],[-14,-14],[1,8],[-43,0]],[[8012,2489],[1,0]],[[8013,2489],[2,-2]],[[8015,2487],[1,-1]],[[8016,2486],[2,-2],[-2,-1],[4,-2],[1,-2],[5,-5],[1,-5],[3,-2],[4,-2],[0,-1]],[[8034,2464],[-4,-3],[-4,-2],[-3,2],[-3,-2],[-3,0],[-2,-2],[-9,0],[-1,-3],[-8,0],[2,-1],[-2,-3],[-4,-2]],[[7993,2448],[-1,1],[-7,6]],[[7985,2455],[0,3]],[[7985,2458],[5,0],[0,2],[5,0],[0,3],[5,1],[5,2]],[[8150,2459],[-6,3],[-3,0],[-4,-1],[-3,-4],[-3,-1],[-8,2],[1,5],[-1,6],[-1,2]],[[8122,2478],[2,1],[5,1],[0,-2],[8,0]],[[8148,2468],[1,-3],[2,-4],[-1,-2]],[[8718,2466],[3,-2],[6,-1],[8,4],[3,3],[10,5],[11,3],[2,0],[3,3],[6,0],[10,-1],[4,-2],[10,-3],[11,0],[9,-4],[6,0],[6,-3],[0,-2],[21,0]],[[8847,2466],[0,-59]],[[8847,2407],[-57,0],[0,0],[-25,0],[0,-2]],[[8765,2405],[-13,0],[0,20],[-3,-1],[0,9],[-31,0],[0,2]],[[8302,2608],[-2,-5],[-4,-4],[-6,-1],[-3,-4],[-6,-2],[-7,1],[-4,0],[-2,2],[-5,1],[-6,-2],[-6,1],[-3,-3],[-8,3],[-2,3]],[[8238,2598],[-4,5],[-4,5],[0,8],[5,0],[0,3],[3,1],[18,1],[0,4],[2,1]],[[8258,2626],[14,7],[0,-4],[5,1],[0,-5],[5,0],[-4,-9],[30,1],[-4,-2],[-2,-7]],[[5703,2917],[7,-12],[-11,1],[-1,-15]],[[5698,2891],[-7,0]],[[5691,2891],[-46,2],[0,12],[-9,-1]],[[5636,2904],[0,40],[1,1],[5,1],[3,-3],[4,1],[5,-1]],[[5654,2943],[6,-1],[5,3],[5,0],[3,-3],[3,-1],[6,-3],[5,0],[2,2],[5,-4],[-1,-3],[1,-3],[-1,-7],[-2,-3],[1,-3],[11,0]],[[3569,4543],[4,-4],[-5,-3],[-2,0],[-4,1],[0,4],[1,1],[5,2],[1,-1]],[[3565,4554],[-4,1],[0,3],[4,0],[2,-2],[2,0],[0,4],[-3,2],[2,3],[5,-4],[3,2],[4,0],[-3,-6],[-4,-1],[1,-2],[-6,-1],[-3,1]],[[3570,4590],[2,4],[-2,1],[-6,-1],[-1,2],[3,1],[1,2],[-2,5],[-5,3],[-4,1],[-2,1],[3,4],[9,0],[4,4],[0,-6],[2,-2],[5,-2],[5,0],[6,4],[2,-1],[-2,-3],[2,0],[0,-5],[-1,-2],[-4,-3],[-2,-3],[2,-2],[-2,-2],[-6,0],[-6,-3],[-1,3]],[[3539,4601],[0,2],[3,1],[2,-2],[-3,-3],[-2,2]],[[3525,4802],[0,-3],[-3,-1],[-2,2],[3,4],[2,-2]],[[3535,4807],[1,5],[2,-1],[-3,-4]],[[3561,5035],[54,0],[97,0]],[[3713,4976],[-1,-1],[0,-21],[1,-16],[0,-1]],[[3713,4937],[-3,-3],[-3,-4],[-2,-5],[1,-5],[2,-8],[-5,-1],[-1,4],[-2,4],[-2,2],[-5,-2],[-2,-3],[-4,-1],[-2,2],[-4,1],[-6,-3],[-2,-4],[-10,-2],[-3,-3],[0,-3],[-1,-2],[3,-1],[-1,-4],[2,-2],[-3,-2],[1,-2],[3,-1],[-1,-2],[2,-3],[3,0],[7,-2],[1,-2],[-2,-2],[2,-2],[3,3],[7,2],[3,-5],[6,2],[1,4],[1,0],[6,-1],[6,2],[3,-2],[6,0],[0,-1],[6,-2],[2,-1],[0,-3],[2,-1],[2,-3],[6,-4],[0,-3],[5,-1],[-1,-4],[-4,1],[0,2],[-6,4],[-7,3],[-7,3],[-13,5],[-7,0],[-5,-2],[-5,-3],[-1,-2],[1,-2],[0,-5],[-4,-2],[-3,2],[-4,1],[-3,-1],[-1,-3],[-2,-1],[-1,2],[-8,2],[-2,-1],[-2,-3],[-4,3],[0,2],[-11,4],[-6,2],[-6,2],[-11,2],[-3,1],[-4,1],[-4,-2],[-4,0],[-2,2],[-4,-1],[-4,-1],[-18,1],[-6,-1],[-6,-1],[-3,-3],[0,-7],[-5,-3],[-1,-3],[-6,-2],[-2,-1],[0,-3],[-4,-1],[0,5],[-5,1],[-5,4],[-4,2],[-4,4],[-11,5],[-4,0]],[[3509,4870],[0,80],[0,60]],[[3509,5010],[22,1],[0,15],[5,-2],[-1,11],[26,0]],[[3728,4710],[0,2],[2,3],[-2,2],[7,2],[2,-2],[-2,-3],[0,-5],[-2,-3],[-4,1],[-1,3]],[[3638,4696],[0,2],[6,0],[3,1],[2,-3],[-3,-1],[-2,-5],[-7,0],[-1,3],[2,3]],[[3593,4630],[1,3],[4,-1],[-3,-3],[-2,1]],[[3609,4615],[-2,7],[5,1],[-2,-3],[2,-1],[-3,-4]],[[7938,2651],[0,-5]],[[7938,2646],[-1,-5]],[[7929,2646],[-1,3]],[[7933,2654],[5,-3]],[[8067,2485],[1,-10]],[[8068,2475],[0,-3],[-16,-1],[-1,-2],[-4,-1]],[[8047,2468],[-4,-1],[-2,-2],[-4,-2],[-3,1]],[[8016,2486],[14,1],[0,2],[9,0],[2,6],[10,-3],[1,4],[2,2]],[[8054,2498],[2,-1],[5,0],[5,-3],[1,-9]],[[8133,2606],[-6,1]],[[8127,2607],[0,3]],[[8127,2610],[1,2],[4,1],[4,5],[4,1],[3,3],[3,0],[3,1],[1,4],[8,-4],[2,-3],[3,-3]],[[8163,2617],[-2,-1],[0,-6],[-2,-6]],[[4592,4598],[84,0],[0,-32]],[[4676,4566],[0,-18],[-31,2],[0,-22],[1,0],[0,-22],[-10,0],[0,-39]],[[4613,4466],[-46,3],[-26,2],[-8,-5],[0,12]],[[4533,4478],[0,67]],[[4533,4545],[9,-1],[9,3],[-16,30],[35,1],[0,2],[20,0],[0,18],[2,0]],[[7074,3037],[-6,1],[-9,-1],[-2,0]],[[7057,3037],[1,2],[3,4],[3,8],[1,4]],[[4349,4888],[42,0],[-3,-3],[18,-1],[0,-63],[-5,-35]],[[4329,4808],[-20,13],[-4,6],[0,10],[-5,4],[0,1],[-7,4],[0,21]],[[4293,4867],[56,0],[0,21]],[[8050,2093],[-9,-1]],[[8041,2092],[-3,11]],[[8038,2103],[3,1]],[[8041,2104],[8,1],[2,-9],[-1,-3]],[[9841,3393],[12,27],[10,-2],[11,-1],[8,1],[4,0],[2,5],[8,3],[2,5],[1,4],[1,2],[0,15],[-2,6]],[[9898,3458],[3,1],[15,1],[3,1],[20,1],[5,0],[18,2],[15,-8],[4,-4],[11,-7],[7,-1]],[[9999,3444],[0,-96],[-2,2],[-4,-1],[-1,-3],[0,-4],[-4,-2],[-3,4],[-1,6],[-4,3],[2,3],[4,1],[-2,2],[-7,-1],[0,3],[4,2],[-1,4],[-3,2],[-5,-1],[-2,2],[0,6],[2,3],[-2,3],[-4,1]],[[9966,3383],[-4,1],[0,9],[-3,3],[-4,1],[-8,-4],[-4,0],[-3,2],[-3,-2],[-3,2],[-4,0],[-1,-3],[3,-1],[0,-3],[-14,4],[-7,0],[-3,-2],[-2,-3],[1,-2],[4,-4],[5,0],[3,3],[5,-1],[1,-2],[-1,-3],[-4,-5],[-8,-6],[-4,-1],[-3,0],[-4,4],[-3,1],[-2,-1],[1,-5],[6,-8],[-1,-4],[-4,-3],[-3,0],[-5,4],[-4,-1],[1,-3],[-2,-2],[-2,1],[1,5],[-6,2],[-2,-1],[0,-4],[-2,-1],[-5,1],[-3,-2],[2,-4],[-2,-1],[-4,2],[-3,0],[-1,-3],[2,-2],[4,-1],[2,-2],[0,-2],[-4,-2],[-9,-1],[-3,-2]],[[7902,2423],[0,9],[1,3]],[[7903,2435],[2,0],[4,1],[7,2],[4,-1]],[[7920,2437],[-2,-8],[1,-5]],[[7919,2424],[-17,-1]],[[7886,2419],[2,2],[-1,4],[1,6]],[[7888,2431],[4,1],[3,2],[1,-1],[5,2]],[[7901,2435],[2,0]],[[7902,2423],[0,-4]],[[7902,2419],[-6,1],[-1,-1],[-7,0],[-2,0]],[[8002,2543],[-2,-3]],[[8000,2540],[-1,0],[-1,6]],[[7998,2546],[0,4]],[[7998,2550],[7,0],[0,-1]],[[8005,2549],[-3,-6]],[[8016,3477],[-7,-1]],[[8009,3476],[-4,13],[-5,-1],[-3,9],[-3,0],[0,3]],[[7993,3515],[4,5],[2,-9],[5,-2],[-3,6],[3,0],[0,5],[3,0],[2,-5],[4,0],[1,-2],[2,0]],[[8016,3513],[2,-3],[-2,-2],[6,-22],[-2,-3],[3,-2],[1,-2],[-8,-2]],[[7982,2556],[-7,0]],[[7975,2556],[-1,9]],[[7974,2565],[8,0]],[[7982,2565],[0,-9]],[[7989,2566],[-7,-1]],[[7981,2570],[8,1]],[[7989,2571],[0,-5]],[[7993,2420],[-1,7],[-6,0],[-1,1],[2,9],[4,5],[2,6]],[[8047,2468],[0,-1],[12,0],[1,-5],[-3,0],[1,-15],[2,-3],[-2,-1],[0,-2],[-3,-1]],[[8055,2440],[-16,-1],[1,-5],[-4,0],[-4,1],[0,-5],[-4,-4],[-4,-2],[-2,-5],[-13,0],[-2,-3],[-4,-1]],[[9235,641],[43,-1],[4,4],[14,-2],[4,0],[35,-4],[6,-1],[5,-3],[4,4],[2,0],[4,-4],[-1,-3],[8,-11],[3,-3]],[[9366,617],[0,-3]],[[9366,614],[-69,0],[29,-28]],[[9326,586],[-5,-2],[-5,-1],[-9,-4],[-2,-3],[-3,-2],[-7,-1],[-5,1],[-26,-2],[-13,3],[-4,-3]],[[9247,572],[-10,5],[-19,3]],[[9218,580],[0,34]],[[8876,2648],[18,70]],[[8894,2718],[69,7]],[[8963,2725],[0,-25],[0,-2],[0,-22],[0,-24],[0,-4]],[[8293,2111],[-6,1],[-4,1],[-10,6],[-5,3],[-4,4],[-6,0],[-3,2],[-4,3]],[[8251,2131],[-5,4],[-4,2],[-7,7],[-2,6],[-2,1],[-6,0],[-2,1],[-3,3],[-2,6],[2,4],[-1,4],[-4,6]],[[8215,2175],[5,1],[2,-1],[13,3],[2,0]],[[8237,2178],[9,-18],[10,3],[12,6],[5,-1],[1,-7],[6,-1],[-3,-11],[8,-7],[-9,-8],[3,-2],[-2,-2],[6,0],[2,-6],[7,-4],[1,-3],[0,-6]],[[8013,2649],[0,-1]],[[8005,2648],[0,6],[-1,3],[1,7]],[[8005,2664],[6,0]],[[8011,2664],[1,-9]],[[8012,2655],[1,-6]],[[8095,2562],[-4,1],[-1,-6],[-5,0],[-1,-3],[-5,1],[6,-6],[-7,-5],[0,-1]],[[8078,2543],[-2,1],[-1,5],[-5,3],[-2,6]],[[8068,2558],[1,1],[-8,11],[0,4],[-2,3]],[[8059,2577],[4,-2],[3,3],[8,1],[3,-2],[4,-2],[3,-2],[5,-2],[3,0]],[[8092,2571],[0,-4],[3,-2],[0,-3]],[[7601,3805],[7,-40],[-2,-8],[2,-7],[0,-3]],[[7608,3747],[-8,-3],[-4,2],[-12,-1],[-13,-4],[-16,0],[-40,-3]],[[7515,3738],[1,3],[-2,4],[-4,3],[-3,5],[-2,4],[-2,3],[-2,1],[-4,7],[-1,3],[-2,6],[-2,13],[-1,1],[-7,5],[-8,11]],[[7476,3807],[45,-1],[29,-1],[23,0]],[[7573,3805],[28,0]],[[6245,3685],[52,0],[92,0]],[[6389,3685],[0,-74],[1,-25],[0,-55]],[[6244,3537],[-6,0],[-10,-3],[-9,1],[-10,2],[-9,3],[-4,-1],[-10,6],[-15,12]],[[6171,3557],[-4,4],[-2,1],[-4,3],[-27,0],[0,58],[0,44]],[[7500,3158],[-29,0]],[[7471,3158],[-1,18],[-6,20],[0,8]],[[7464,3204],[19,6],[5,0],[4,-3],[4,2],[2,3],[4,7],[2,1],[6,-1],[3,3],[13,-1],[2,1],[5,-2]],[[7533,3220],[-1,-2],[-4,-5],[-3,-8],[-2,-6],[-2,-12],[-1,-5],[-4,-2],[-4,-1],[-4,-4],[-4,-4],[-3,-7],[-1,-6]],[[7391,3201],[73,3]],[[7471,3158],[-13,0]],[[7458,3158],[0,6],[-29,0],[0,-2],[-13,0],[0,-3],[-17,0],[0,-7],[-8,1]],[[7969,2535],[-1,8]],[[7969,2543],[7,1]],[[7976,2544],[1,-9]],[[7977,2535],[-8,0]],[[9512,3149],[-5,0],[-2,1],[-10,0]],[[9495,3150],[-2,4],[-3,2],[-4,1],[-1,2],[0,2]],[[9485,3161],[4,2],[3,3]],[[9492,3166],[3,1],[1,4],[-3,4],[1,6],[4,-1],[1,2],[-1,2],[3,1],[1,2],[5,3],[1,6],[4,3],[5,3]],[[5312,4034],[0,-34],[-3,-1],[-6,1],[-12,4],[1,-85]],[[5292,3919],[-76,0]],[[5216,3919],[-93,0]],[[5123,3919],[-11,0],[0,86]],[[5112,4005],[0,28],[25,0],[-6,-5],[10,-1],[20,-3],[3,-2],[10,-1],[2,16],[3,8],[0,28],[15,-5],[4,0],[6,-3],[6,-3],[5,-2],[5,-3],[9,-3]],[[5229,4054],[3,-1],[2,-2],[11,-4],[3,-2],[6,-2],[9,-1],[9,3],[5,1],[11,3],[-2,-13],[-1,-2],[27,0]],[[5791,3144],[-34,0],[0,-4],[-12,0],[0,-3],[-20,0],[1,5],[0,1],[-30,0],[0,-7],[-29,0],[0,-9],[-6,0],[0,9],[-16,0]],[[5645,3136],[0,90]],[[5758,3224],[-3,-8],[5,-10],[3,-4],[3,-8],[0,-2],[3,-13],[4,-1],[6,-1],[4,-2],[5,2],[3,0],[0,-10],[0,-23]],[[8212,2852],[5,-4],[1,-8]],[[8218,2840],[0,-4],[-6,3],[-4,0],[-2,-2],[-8,-3],[1,-3]],[[8177,2837],[-13,24],[1,0]],[[8165,2861],[11,-3],[5,0],[6,-2],[-1,11],[5,0],[1,-5],[-2,-1],[3,-4],[2,-1],[4,1],[11,-5],[2,0]],[[9998,4955],[-8,0]],[[9990,4955],[0,4],[-7,-1]],[[9983,4958],[0,11],[15,0]],[[9998,4969],[0,-14]],[[5022,2729],[2,-2],[0,-3],[-3,1],[1,4]],[[5023,2717],[2,2],[3,0],[-2,-3],[-3,1]],[[5036,2742],[-1,-3],[-6,-1],[6,5],[1,-1]],[[5130,2762],[-1,-2],[-3,-1],[-3,1],[4,4],[0,1],[4,1],[3,2],[-1,2],[4,-1],[-7,-5],[0,-2]],[[5426,2856],[3,3]],[[5429,2859],[7,6],[2,1],[14,2],[4,2],[0,-24]],[[5456,2846],[0,-74],[-76,-12]],[[5380,2760],[-16,11],[-8,5],[-5,2],[-4,3],[-9,6],[-5,2],[-19,8],[-10,3],[-11,2],[-8,0],[-6,-2],[-7,-5],[-6,6],[3,2],[3,9],[2,-2],[8,0],[5,4],[2,8],[-1,6],[-3,9],[-1,3],[-2,5],[-4,7],[-5,5],[-6,5],[-7,4],[-5,2],[-5,0],[-2,-1],[-2,4],[-5,6],[-1,2],[-4,3],[1,2],[-2,2],[-1,2],[-3,2],[-1,3],[-2,2],[-11,8],[-4,2],[-1,2],[-4,2],[-12,5],[-8,2],[-7,0],[-6,-1],[-5,-4],[-1,-2],[4,-4],[-7,1],[-5,1],[-3,-3],[-2,2],[-6,0],[-3,1],[-5,0],[-4,-3],[-2,-2],[-6,-1],[-7,-6],[-3,-3],[1,-3],[-2,-5],[2,-3],[-4,-5],[-6,1],[-2,3],[-4,-2],[-2,2],[-5,0],[-6,-2],[-4,2],[2,4],[2,1],[3,0],[7,4],[0,6],[1,4],[-1,2],[1,4],[3,3],[2,3],[1,4],[-1,11],[-2,3],[5,4],[4,0],[2,3],[0,8],[-4,3],[2,4],[4,0],[6,6],[5,4],[3,5],[2,2],[4,8],[0,2],[3,2],[0,1],[5,1],[1,2],[4,0],[4,6],[1,6],[0,5],[3,3],[0,3],[8,4],[4,-4],[7,0],[-5,-5],[0,-4],[3,-4],[0,-3],[1,-2],[-4,-5],[1,-7],[1,-2],[0,-4],[-1,-3],[2,-3],[-1,-3],[2,-5],[4,-4],[4,-1],[11,-4],[6,-1],[2,-1],[3,0],[7,-2],[12,0],[6,1],[10,0],[4,-1],[2,-4],[2,-1],[8,-2],[18,-1],[13,-1],[-3,-2],[-4,0],[-15,3],[-4,0],[-3,-1],[-3,-4],[1,-1],[-5,-4],[-3,-5],[0,-1],[-4,-7],[-2,-4],[3,-1],[1,-2],[2,-3],[4,-4],[4,-1],[6,-1],[4,0],[1,-3],[2,-1],[5,-1],[5,-1],[2,-2],[5,1],[5,-5],[1,-7],[-3,-4],[-2,-4],[-1,-4],[2,-4],[6,-4],[1,-5],[3,-2],[8,-1],[6,1],[3,-1],[6,0],[2,-3],[4,0],[-1,-3],[4,-2],[-5,-1],[-3,-3],[-4,3],[2,3],[-7,0],[-4,1],[-4,0],[0,-5],[2,-2],[1,-2],[-1,-1],[-3,2],[-4,0],[-2,2],[-1,-3],[3,-2],[10,-2],[6,1],[6,2],[1,2],[4,2],[3,-1],[4,2],[3,-2],[9,2],[5,2],[3,-1],[6,0],[7,3],[3,3],[1,3],[-1,6],[10,1],[2,-1],[0,-3],[7,-3],[3,2],[0,3],[4,2],[10,1],[4,-2],[0,-2],[2,-1],[7,-1],[3,1],[1,3]],[[5234,2779],[3,4],[3,1],[1,-3],[-4,-3],[-3,1]],[[5269,2783],[3,4],[6,-1],[-4,-2],[-5,-1]],[[9054,1684],[-45,0],[-40,1],[-73,1]],[[8896,1686],[-68,84],[-16,20]],[[8812,1790],[11,4],[28,9],[53,16],[2,0],[16,1],[2,-1],[84,1]],[[9008,1820],[20,0],[-1,-22],[-1,-4],[2,-14],[12,3],[6,1],[8,2],[0,-47],[-1,0],[0,-39],[1,0],[0,-16]],[[9673,711],[0,-87],[-1,-10]],[[9672,614],[-113,0],[-41,0]],[[9518,614],[0,25],[-1,36],[7,1],[-3,8],[-4,15],[-4,6],[-8,30]],[[9505,735],[38,0],[75,0],[4,1]],[[9622,736],[9,-1],[5,-1],[5,-6],[6,-9],[2,-1],[14,-4],[3,0],[7,1]],[[9673,715],[0,-4]],[[8018,2610],[-2,-2]],[[8016,2608],[-2,-1]],[[8014,2607],[0,2],[-5,5]],[[8009,2614],[0,2]],[[8009,2616],[9,-6]],[[4770,4199],[-8,-2],[-4,-4],[-1,-8],[9,-23],[12,0],[0,-39],[11,-3],[3,-1],[-6,-17],[62,0]],[[4848,4102],[0,-21]],[[4848,4081],[-73,-2]],[[4775,4079],[-62,-1],[-10,0]],[[4703,4078],[-1,1],[-29,23],[-17,16],[-7,-4],[-16,0]],[[4633,4114],[0,26],[0,0]],[[4633,4140],[-30,29],[-2,2],[1,11],[8,7],[2,2],[2,6],[4,0],[14,10],[1,0]],[[4633,4207],[12,0],[16,-2],[19,1],[10,-1],[3,-1],[77,-5]],[[7645,3676],[0,12],[-5,3],[2,3],[-1,5],[1,7],[-2,3],[-2,2]],[[7638,3711],[9,3],[7,0],[11,2],[2,0],[5,2],[10,-9],[3,-1],[11,0],[2,5],[8,5],[0,-24],[14,0]],[[7720,3694],[0,-18]],[[7720,3676],[-34,0]],[[7686,3676],[-41,0]],[[8377,3926],[18,0],[86,0]],[[8481,3926],[24,0],[49,0],[1,0],[13,0],[58,0]],[[8626,3926],[0,-53],[0,-75]],[[8414,3798],[0,3],[0,5],[0,6],[1,4],[3,4],[2,2],[0,32],[-2,0],[2,5],[0,11],[-25,0],[0,19],[-8,0],[-1,4],[-3,4],[0,7],[-4,4],[0,5],[-3,2],[-1,6],[2,5]],[[8005,2627],[0,-1]],[[8005,2626],[-1,0]],[[8004,2626],[0,2]],[[8004,2628],[0,6],[2,0]],[[8014,2634],[-7,-5],[-2,-2]],[[7991,2545],[-1,6],[-7,-1]],[[7983,2550],[0,3]],[[7983,2553],[7,1],[0,3]],[[7990,2557],[7,0]],[[7997,2557],[1,-7]],[[7998,2546],[-7,-1]],[[4976,3820],[0,-4],[-3,-19],[-5,-5],[-5,-7],[1,-7],[-1,-5],[0,-2],[4,-6],[2,-11],[2,-7],[0,-1]],[[4971,3746],[-5,-1],[-15,-5],[-46,-8],[-29,0]],[[4876,3732],[2,0],[1,4],[4,3],[1,2],[0,11],[-1,11],[0,3],[-2,10],[-1,6],[-3,15],[-3,11],[-1,8],[-3,10],[0,3],[-3,9],[-2,3],[0,3],[-4,12],[-2,7],[-6,14],[0,2],[-8,16],[-3,8],[-2,4],[-6,11]],[[4834,3918],[20,0],[-5,-3],[1,-4],[3,-1],[1,-2],[5,1],[3,-2],[-2,-3],[2,-3],[-2,-4],[7,0],[3,-3],[-4,-1],[-2,-4],[4,0],[2,-1],[-1,-3],[2,-4],[-1,-4],[12,-1],[2,1],[5,2],[0,3],[61,0],[4,2],[14,5]],[[4968,3889],[0,-29],[6,-18],[0,-1],[-1,-6],[3,-11],[0,-4]],[[9895,661],[1,4],[-1,3],[1,9],[6,7],[-7,9],[0,8],[-3,3],[5,4],[4,2],[5,1],[3,3],[-6,2],[-2,2],[-5,6],[-1,3],[-3,4],[-3,2]],[[9889,733],[84,0]],[[9973,733],[0,-18],[0,0],[0,-24],[-1,0],[1,-28]],[[9973,663],[-4,2],[-33,4],[-10,-2],[-10,-8],[-21,2]],[[7289,4583],[0,-3],[3,-4],[0,-4],[3,-5],[1,-4],[0,-4],[-2,-3],[4,-3],[0,-3],[0,-5],[3,-8],[1,-11],[-2,-10],[-1,-1],[1,-6],[-2,-4],[-1,-5],[-2,-9],[-3,-8],[1,-3],[-1,-2],[2,-2],[-3,-5],[1,-2],[-2,-3],[0,-3]],[[7288,4463],[0,3],[3,10],[0,9],[2,7],[2,5],[2,14],[-1,31],[-6,21],[-2,4],[-9,11],[-1,5],[3,0],[8,0]],[[4027,8277],[5,-559]],[[4032,7718],[1,-52],[-20,-111],[0,-44],[13,-434]],[[4026,7077],[-36,0],[-15,8],[-7,1],[-16,-8],[-56,-1],[-44,6],[-73,9],[-226,7],[-150,35],[-18,0],[-5,2],[-8,-2],[-42,1]],[[3330,7135],[-4,1106]],[[3630,8281],[397,-4]],[[9702,252],[15,-3],[8,-1],[4,-2],[5,-4],[5,-6],[16,-9],[6,-2]],[[9761,225],[3,-2],[4,-4],[3,-5],[2,-2],[7,-3]],[[9780,209],[-2,-4],[11,-12],[-3,-5]],[[9786,188],[-23,-14],[-1,0],[-15,-4],[-9,0],[-37,7],[-30,0]],[[8126,2878],[1,1]],[[8127,2879],[2,4],[-6,4],[6,2],[1,3],[2,1]],[[8132,2893],[0,2],[4,0],[5,7],[2,0],[5,0],[7,-2],[-1,5],[3,0],[2,1],[-1,3],[4,1],[5,0],[1,-3],[-3,-5],[5,0],[5,2],[0,-4],[5,2],[1,-3]],[[8181,2899],[2,-11],[-2,-3],[3,-1],[1,-4],[-1,-3]],[[8184,2877],[-5,-4],[0,-2],[-3,-2],[-8,-2],[-4,1]],[[8164,2868],[-8,0],[-4,2],[-8,2]],[[8144,2872],[-6,2],[-5,3],[-7,1]],[[7833,3587],[0,-34],[0,-29]],[[7805,3488],[-42,-9],[-23,-7],[-5,0],[-3,1],[-3,-1],[-16,0]],[[7713,3494],[0,59],[0,1],[0,54]],[[9386,851],[8,-9],[2,-4],[2,-4],[1,-5],[2,-5],[0,-5],[2,-5],[5,-6],[0,-5],[-5,-9],[0,-2],[0,-22],[6,-35]],[[9409,735],[-1,-2],[-12,-23],[1,-4],[-10,2],[-2,-1],[-8,-1],[-2,1],[-9,0]],[[9366,707],[0,28],[-13,0],[-96,0],[-24,0]],[[9233,735],[1,69],[-1,12],[1,38]],[[4822,7724],[145,-1]],[[4967,7723],[4,-210],[-132,-2],[-1,-44],[-84,1],[0,19],[-6,19],[-4,2],[-5,5],[-3,6],[-1,5],[-1,13],[-1,6],[-2,4],[-7,10],[-3,5],[-8,15],[-5,7],[-10,8],[-10,11],[-2,4],[32,15],[4,5],[-13,18],[2,29],[4,15],[66,-43],[42,-28],[-1,106]],[[7281,2479],[-15,0],[-3,1],[-8,5],[-7,3],[-11,7]],[[7237,2495],[0,32]],[[7237,2527],[59,0],[2,0]],[[7298,2527],[1,-7],[-1,-3],[1,-5],[2,-3],[-1,-5],[-4,-3],[-4,0],[-9,2],[-4,-1],[-7,-2],[-3,-3],[9,-16],[3,-2]],[[8663,2172],[0,7],[-1,28],[0,12],[1,5]],[[8663,2224],[102,0],[0,6],[3,16],[2,3],[5,3]],[[8775,2252],[1,4],[18,-1],[-1,13],[53,0]],[[8846,2268],[0,-25],[34,0]],[[8880,2243],[2,-10],[0,-3],[2,-5],[0,-3],[-1,-5],[3,-8],[-17,1],[0,-19],[-22,0],[-1,-9],[0,-41]],[[8846,2141],[-4,-1],[-5,1],[-7,-1],[-8,1],[-3,-1],[-5,2],[-11,0],[-10,-1],[-16,0],[-3,3],[-2,6],[1,7],[-3,3],[-3,-2],[-4,3],[-10,0],[0,8],[-36,-22],[-12,6],[-7,0]],[[5271,3747],[0,-1],[-13,0],[-4,0],[-6,0],[-6,1],[-12,-2],[-10,-1],[-5,1],[-28,1],[-8,-2],[-10,0],[-4,2],[-18,0]],[[5147,3746],[2,4],[4,16],[2,4],[2,9],[-5,33],[0,2],[-1,8],[-1,5],[-2,3],[-1,6],[0,4],[-1,2],[1,5],[-1,4],[2,15],[2,6],[0,7],[-4,7],[-11,12],[-5,9],[0,3],[-7,9]],[[5216,3919],[-5,-8],[-8,-32],[6,1],[13,-55],[9,1],[2,0],[6,-3],[8,-3],[5,-2],[5,-1],[10,-3],[4,-2]],[[5271,3812],[0,-65]],[[9744,3266],[4,-3]],[[9748,3263],[-2,-13],[-21,0],[-14,1]],[[9711,3251],[0,8]],[[9711,3259],[0,35],[0,2],[-18,17],[24,1],[0,2],[24,-3]],[[8846,2094],[0,47]],[[8880,2243],[26,-1]],[[8906,2242],[0,-20],[30,0],[2,4],[36,0],[0,-39],[35,0]],[[9009,2187],[-2,-3],[-2,-17],[-1,-1],[0,-6],[-2,-2],[-12,-20],[-16,2],[0,-9],[-33,0],[-12,0],[1,-12],[-5,-4],[-16,-5],[-7,-1],[-19,-1],[-2,-1],[-7,1],[-5,-1],[0,-3],[-3,0],[0,-2],[-1,-4],[-4,-2],[-8,0],[-7,-2]],[[9542,1681],[-19,0]],[[9523,1681],[-82,1],[-67,0]],[[9374,1682],[-52,0],[-86,0]],[[9236,1682],[0,3],[-2,2],[-2,6],[3,4],[15,11],[0,1],[12,9],[7,2],[11,8],[33,25],[-2,1],[1,4],[3,3],[2,5],[7,10],[1,5],[0,2],[-3,4],[3,6],[-1,2],[-2,8],[2,5],[1,4],[19,1],[7,0],[3,-2],[6,4],[6,3],[4,3],[4,0]],[[9374,1821],[0,-64],[0,-2],[69,1],[0,-13],[99,0]],[[9542,1743],[0,-62]],[[7863,4551],[4,0],[8,1],[0,3],[4,1],[3,-3],[10,-8],[4,-3],[-2,-3],[22,0],[0,1],[30,0]],[[7946,4540],[0,-39],[0,-18],[7,0],[-1,-16],[9,-1],[0,1],[13,0],[10,-2],[4,0]],[[7988,4465],[0,-75],[-1,1]],[[7987,4391],[-12,7],[-2,3],[-3,0],[-3,2],[0,2],[-5,1],[-8,4],[-5,4],[-9,4]],[[7940,4418],[-1,0],[6,13],[-22,13],[-10,5],[0,-1],[-13,1],[-7,8],[-23,31],[-10,4],[-6,0],[-12,0]],[[7844,4550],[4,2],[15,-1]],[[5563,2846],[62,0]],[[5625,2846],[-3,-5],[0,-4],[2,-3],[7,-2],[3,-2],[1,-5],[4,-2],[-1,-6]],[[5638,2817],[-1,-7],[-2,-4],[0,-3],[6,-4],[0,-8]],[[5641,2791],[-54,0]],[[5587,2791],[0,4],[-30,0],[0,25],[0,0],[1,26]],[[5558,2846],[5,0]],[[9252,2000],[11,0]],[[9263,2000],[-1,-3],[-2,-3],[-1,-10],[3,-5],[0,-7],[-2,-6],[-2,-9],[-7,-7],[-3,-3],[-3,2],[-33,0],[-2,-29],[4,-3],[0,-16]],[[9214,1901],[-4,2],[-13,-2],[-8,-3],[-7,2],[-3,-1],[-2,1],[-5,-1],[-1,0],[-7,1],[-4,1],[-11,8],[-9,5],[-2,2],[-56,-1],[3,-4],[-3,-4],[-2,-6],[-1,-2],[-58,-1],[-16,0],[-1,4],[-6,4],[-10,3],[-8,4],[1,-10]],[[8981,1903],[-41,0],[2,31],[-1,-1],[-1,18],[-6,1],[-9,0],[-9,1],[-7,0],[-30,5],[-3,0],[-5,-4],[-3,-2],[-8,0],[-5,0],[-8,1]],[[8847,1953],[-1,3],[0,44]],[[8846,2000],[42,0]],[[8888,2000],[69,0],[1,22],[22,1],[0,13],[24,0],[3,0],[66,0],[1,2],[-2,3],[0,12],[40,-15],[2,11],[-5,10],[4,11],[2,2],[8,8]],[[9123,2080],[1,-5],[4,-3],[3,-1],[4,-4],[4,-2],[5,0],[3,0],[7,-3],[5,0]],[[7539,4023],[-1,3],[-11,0],[0,9]],[[7527,4035],[0,10],[10,2]],[[7537,4047],[2,0]],[[9973,663],[0,-16],[1,-23],[0,-12]],[[9974,612],[-85,1],[-66,0]],[[9823,613],[1,54]],[[9824,667],[71,-6]],[[2899,5069],[-3,-1],[-8,-4],[-11,-8],[-4,-4],[-3,-4],[-5,-10],[-3,-9],[1,-5],[3,-6],[2,-1],[2,2],[8,-3],[4,0],[2,-5],[4,-3],[4,-3],[2,-3],[-1,-3],[-4,0],[-1,2],[-8,5],[-4,-2],[-4,1],[0,3],[-7,4],[-2,3],[-4,0],[-1,2],[-9,7],[-5,1],[-15,-1],[-4,-2],[-4,-3],[-1,-4],[1,-3],[-3,-1],[-2,5],[-3,-2],[-4,1],[-2,-1],[-15,0],[-8,-2],[-2,-1],[-1,-3],[1,-3],[-5,-5],[-6,1],[-7,0],[-4,1],[-2,-1],[-5,1],[-2,0],[-4,1],[-8,0],[-1,2],[-3,0],[-3,-1],[-2,0],[-6,-3],[0,-4],[-3,1],[-5,-1],[-6,2],[-11,2],[-4,0],[-4,1],[-10,2],[-4,-2],[-4,1],[-1,1],[-4,-1],[-3,-2],[-4,4],[-6,1],[-4,3],[-6,0],[-4,5],[-3,4],[-1,1],[-8,4],[-4,-2],[-4,3],[0,2],[-2,4],[-3,2],[-4,4],[-5,4],[1,4],[-3,1],[-3,6],[-7,5],[-1,2],[2,3],[-3,3],[-8,8],[-12,7],[-8,6],[-6,7],[-8,4],[-4,3],[-5,3],[-9,5],[-9,5],[-11,6],[-3,2],[-7,4],[-4,2],[-6,4],[-7,5],[-4,3],[-7,5],[-3,2],[-7,6],[-11,7],[-7,4],[-4,2],[-9,6],[-4,3],[-7,5],[-7,3],[-11,6],[-3,1],[-13,7],[-3,2],[-3,2],[-5,2],[-3,6],[-5,3],[-8,6],[-20,14],[-5,2],[-3,3],[-7,3],[-7,5],[-5,1],[-7,6],[-9,4],[-2,2],[-8,3],[-14,7],[-5,4],[-6,2],[-14,8],[-6,2],[-10,6]],[[2234,5288],[-1,41],[61,-20],[0,0],[105,0],[74,-1],[103,0],[94,0],[103,-1],[-11,-20],[-25,-10],[0,-48],[-46,0],[0,-40],[19,-20],[18,-2],[5,0],[0,-3],[4,-14],[1,-6],[0,-4],[-3,-11],[5,-10],[1,-8],[3,-2],[17,12],[15,0],[0,47],[35,0],[0,30],[25,0],[0,-29],[22,0],[-4,10],[0,5],[-1,10],[-1,35],[10,0],[0,37],[37,0]],[[2899,5266],[0,-37]],[[2899,5229],[0,-1],[0,-59],[0,-65],[0,-35]],[[8229,2075],[2,2],[6,1]],[[8237,2078],[9,0],[5,-1],[6,-1],[3,-3],[4,0],[3,2],[3,-1],[3,-2],[4,6],[6,-1],[4,3],[5,1],[7,5],[3,3],[0,11],[6,4]],[[8308,2104],[31,-11],[9,-19],[-12,-14],[12,-14],[2,0]],[[8350,2046],[1,-2],[13,-7],[4,-3],[15,-8],[5,-2],[5,-2],[4,-4],[0,-2],[4,-1],[6,-5],[5,-7],[8,-4],[4,-3],[4,0],[5,-2],[4,-4],[4,-6],[3,-1]],[[8444,1983],[4,1],[3,-2],[2,-3],[5,-2],[6,-5],[3,-1],[3,-4]],[[8470,1967],[0,-3],[3,-1],[4,-5],[0,-2],[2,-2],[5,1],[5,-1],[4,-2],[2,-4],[9,-2],[3,-4],[-1,-5],[2,-1],[2,4],[6,-2],[13,-9],[3,-3],[0,-4],[4,-3],[3,1],[4,-1],[4,-5],[2,-1],[1,-3],[-1,-2],[3,-2],[9,-11],[7,-3],[2,-5],[4,0],[2,-1],[3,1],[4,-1],[8,-6],[2,-1],[6,-5],[3,-1],[2,-3],[11,-7],[1,-3],[3,-4],[8,6],[72,0],[54,0]],[[8753,1862],[59,-72],[0,0]],[[8896,1686],[-90,0],[-1,0],[0,-7],[4,0],[3,-4],[-2,-3],[5,-6],[0,-2],[5,1],[1,-4],[0,-2],[6,0],[4,-4],[1,-5],[0,-4],[1,-4],[2,-2],[9,-4],[3,-7],[6,-5],[3,-5],[7,-7],[4,-7],[3,-1],[0,-3],[7,-5],[2,-7],[10,-13],[1,-3],[-2,-9],[3,-6],[10,-15],[9,-14],[1,-2],[1,-9],[7,-9],[3,-6]],[[8922,1503],[2,-4],[5,-9],[4,-9],[2,-2],[3,-1],[2,-2],[3,-7],[7,-10],[4,-7],[9,-19],[5,-15],[6,-9],[13,-28],[0,-2],[8,-22],[4,-8],[5,-13],[4,-13]],[[9008,1323],[2,-5],[5,-11],[10,-23],[3,-18],[0,-3],[3,-6],[2,-5],[5,-12],[1,-9],[4,-9],[3,-6],[10,-7],[8,-24],[2,-7],[3,-24],[2,-6],[10,-9]],[[9081,1139],[-33,0]],[[9048,1139],[-6,22],[-7,27],[-3,8],[-5,16],[-2,4],[-1,4],[-7,20],[-2,8],[-2,3],[-5,14],[-10,29],[-5,10],[-7,17],[-3,8],[-4,6],[-7,16],[-4,5],[-7,13],[-8,18],[-4,7],[-4,9],[-6,12],[-4,8],[-2,2],[-4,10],[-3,5],[-5,10],[-4,6],[-2,5],[-5,7],[-2,4],[-5,8],[-3,6],[-5,7],[-5,8],[-8,13],[-6,11],[-6,10],[-9,12],[-4,7],[-4,5],[-11,16],[-3,3],[-7,11],[-10,14],[-26,34],[-7,9],[-23,27],[-11,12],[-22,24],[-16,17],[-6,6],[-8,8],[-4,5],[-8,8],[-9,8],[-4,5],[-3,4],[-20,18],[-6,6],[-26,23],[-17,16],[-17,14],[-9,8],[-22,17],[-4,4],[-16,12],[-8,7],[-23,18],[-9,5],[-8,6],[-11,8],[-4,2],[-17,12],[-15,10],[-10,7],[-17,12],[-17,10],[-11,8],[-12,7],[-9,5],[-10,6],[-18,10],[-3,2],[-10,5],[-12,7],[-13,6],[-12,7],[-7,3],[-26,12],[-19,9],[-8,3]],[[5832,4036],[0,-21],[0,-7]],[[5832,3921],[-97,0]],[[5735,3921],[0,24],[0,11],[-1,4],[1,1],[0,23],[1,4],[0,4],[3,4],[3,5],[6,5],[8,12],[4,2],[9,5],[7,11],[4,0],[52,0]],[[8963,2725],[0,28]],[[9063,2752],[2,1],[8,-1],[19,0],[4,1],[4,0],[9,0],[11,-2],[5,1],[11,2],[7,2],[23,-3],[11,0]],[[9177,2753],[17,-1],[16,2],[6,1]],[[9216,2755],[0,-85]],[[9216,2670],[0,-23],[0,-1]],[[9139,2647],[-1,0],[-62,0],[-113,1]],[[7856,6191],[-13,0],[-15,19]],[[7828,6210],[2,2],[-3,27],[8,-5],[10,-5],[8,0],[0,-2]],[[7853,6227],[2,-1],[8,-1],[3,-10],[11,-9],[-19,-15]],[[6769,2606],[1,-1],[0,-43]],[[6770,2562],[0,-1],[0,-14]],[[6770,2547],[-22,-3],[-84,-7],[-5,-2],[-5,0],[-6,-1],[-14,-1],[-6,-3]],[[6628,2530],[6,4],[6,8],[1,6],[-1,8],[-2,2],[1,6],[2,5],[1,5],[-1,4],[4,2],[-1,1],[0,5],[3,2],[6,2],[2,2],[2,-1],[3,1],[4,5],[8,5],[2,2],[2,5],[-2,7],[-3,7],[1,1],[3,0],[3,2],[3,-5],[12,-1],[3,-1],[8,-1],[4,-4],[9,-5],[11,-4],[5,-1],[9,0],[18,1],[9,1]],[[8015,2487],[0,3],[5,0],[0,3],[3,3],[-3,2],[2,1],[5,0],[0,2],[-5,1],[0,4],[2,0],[1,4]],[[8025,2510],[1,-1],[6,-1],[11,-1]],[[8043,2507],[4,0],[4,1],[2,2]],[[8053,2510],[1,-12]],[[8013,2489],[-2,3],[-4,1],[-1,2],[2,4]],[[8008,2499],[1,2],[4,4],[1,6]],[[8018,2514],[2,-1],[6,0],[-1,-3]],[[6186,4092],[-17,10],[-8,-8],[-5,-2]],[[6156,4092],[-114,0]],[[6042,4092],[0,45],[0,95],[0,5]],[[6042,4237],[50,0],[94,0]],[[6186,4237],[0,-73],[0,-72]],[[6347,4527],[11,19],[-1,3],[0,5],[-4,5],[9,14],[-1,15],[5,6],[1,5],[-6,8],[-1,16],[3,5],[-3,5],[-1,23],[-5,4],[1,5],[4,8],[-77,-2],[-4,9],[0,2],[-1,16],[1,10],[0,20],[-46,0],[-1,2],[1,32],[2,3],[14,15],[5,1],[21,14],[-28,10],[-27,11],[-1,1],[2,15],[2,1],[26,-2],[20,-1],[4,-1],[7,1],[81,2],[-3,9],[0,40],[-3,6],[3,3],[0,4],[47,-3]],[[6404,4891],[2,-2],[6,2],[1,-1],[7,0],[3,2],[5,1],[10,0],[-4,3],[0,2],[3,0],[8,2],[7,-1],[1,1],[-2,3],[-5,1],[-4,3],[-3,4],[-8,5],[-5,3],[-3,2],[-2,6],[3,3],[4,3],[5,1],[4,2],[8,1],[6,-1],[1,-3],[3,0],[5,-1],[2,-4],[-3,-1],[-3,-1],[0,-3],[2,-2],[0,-6],[-4,-1],[1,-3],[3,-1],[2,4],[4,1],[1,8],[-1,3],[2,3],[-6,8],[-1,4],[-2,4],[0,5],[1,3],[-1,5],[-2,5],[3,6],[3,2],[10,3],[6,7],[6,7],[5,10],[2,6],[1,3],[2,6],[4,6],[3,3],[3,3],[3,3],[2,2],[1,7],[6,6],[4,4],[2,2],[3,4],[4,7],[4,6],[4,2],[4,5],[2,12],[-1,2],[-5,4],[-8,4]],[[6528,5095],[0,89],[5,1],[8,-1],[8,0],[3,1],[80,-1],[-1,-33],[58,0],[214,-1],[1,-4],[35,0]],[[6939,5146],[20,-35],[-22,-1],[-9,8],[-7,-4],[-4,-17],[15,-9],[16,-4],[-2,-17],[-4,-19],[-4,-52],[-4,-65],[-6,0],[-4,1],[-1,-20],[10,0],[-2,-26]],[[6931,4886],[-60,4],[-7,-45],[-85,6],[-34,1],[-15,-146],[32,-44],[0,-7],[28,-3],[24,-23],[20,-2],[-7,-61],[-15,1],[-2,-22],[9,-42],[56,7],[9,-38]],[[6884,4472],[-51,-19],[-2,-1],[-43,-29]],[[6788,4423],[-5,-2],[-3,0],[-1,3],[0,-12],[2,0],[4,-12]],[[6785,4400],[-5,0],[0,1],[-79,12],[-5,-56],[-10,-1],[-116,0],[-19,0],[-25,4]],[[6526,4360],[8,12],[2,1],[2,5],[4,5],[6,5],[7,7],[12,8],[9,6],[-1,2],[6,5],[5,3],[4,4],[3,4],[5,5],[2,11],[-1,8],[0,2],[-2,3],[-4,3],[-7,10],[-5,3],[-5,-2],[-2,-3],[-2,-1],[-3,4],[-3,2],[-2,-4],[-6,3],[-3,0],[-5,-3],[-3,0],[0,-2]],[[6547,4466],[-17,20],[0,30],[-2,0],[-71,-12],[-15,9],[-19,-6],[-25,3],[-11,1],[-19,12],[-21,4]],[[5293,3106],[12,-1],[3,0],[3,-1],[9,-1],[2,2],[11,14],[13,0],[8,2],[5,1],[14,-5],[1,1],[6,0],[3,-1],[8,-2],[4,-3],[1,-2],[-5,-5],[7,2],[4,0],[3,3]],[[5405,3110],[17,-13],[0,-25],[30,-13],[4,-1]],[[5456,3058],[0,-86]],[[5456,2972],[0,-22],[-103,0],[-14,0]],[[5339,2950],[-8,-1]],[[5331,2949],[-8,0]],[[5323,2949],[4,7],[-1,3],[-3,3],[2,7],[-1,4],[-3,3],[3,5],[-1,5],[-2,1],[-1,4],[1,6],[0,4],[-2,3],[-3,0],[-1,4],[-4,2],[-6,0],[-3,6],[-3,0],[-2,2],[2,3],[2,5],[-1,5],[1,4],[-1,7],[1,0],[1,7],[-4,5],[-2,1],[-7,7],[6,0],[1,3],[0,4],[0,7],[-2,1],[3,4],[0,7],[-2,15],[-2,3]],[[7957,2596],[6,0]],[[7963,2596],[2,0]],[[7965,2596],[0,-4]],[[7965,2592],[-7,-1]],[[6514,3532],[0,15],[-9,0],[0,-9],[-12,0],[0,-3],[-11,0],[0,-12],[-10,0],[0,-16]],[[6472,3507],[-8,0],[-8,0],[-9,-1],[-6,-2],[-4,-2],[-5,-3],[-5,-5],[-5,-4],[-7,-4],[0,-2],[-2,-2],[-6,-4],[-6,-1],[-7,-4],[0,-2],[-4,-3]],[[6389,3685],[87,0],[58,0]],[[6534,3685],[11,0],[65,0],[69,0]],[[6679,3685],[0,-54]],[[6679,3631],[0,-33]],[[6679,3598],[-17,-4],[-5,1],[-1,-2],[-17,-11],[-1,-2],[-3,-2],[-5,-4],[-8,-5],[-8,-3],[-4,-3],[-10,-4],[-3,-1],[-4,-2],[-12,-6],[-18,-6],[-9,-5],[-9,-5],[-4,-1],[-5,0],[-1,-1],[-8,1],[-13,-1]],[[8626,2629],[2,-2]],[[8628,2627],[-2,-2],[1,-4],[8,-10],[0,-14]],[[8635,2597],[-22,-1],[1,-4],[0,-5],[-13,-1],[-3,0],[-5,-3],[-3,-1],[-3,1],[-4,-2],[-4,-1],[-7,0],[-4,0],[-7,-2],[-4,1]],[[8557,2579],[4,2],[6,1],[10,4],[4,4],[4,5]],[[8585,2595],[2,5]],[[8587,2600],[4,7]],[[8596,2612],[3,3],[12,6],[15,8]],[[7995,4795],[-58,0],[-73,0]],[[7864,4795],[0,53],[-1,12]],[[7863,4860],[0,79],[0,7],[0,73],[0,25]],[[7863,5044],[16,0],[119,0],[32,0]],[[8030,5044],[96,0],[0,-120]],[[8109,2548],[1,0],[-11,-8],[3,-1],[-7,-3],[-3,1],[-4,2],[-5,1],[-1,-1]],[[8082,2539],[-2,3],[-2,1]],[[8095,2562],[0,-7],[5,-4],[2,-1],[4,0],[3,-2]],[[8082,2539],[0,-3],[2,-3],[-3,-4]],[[8081,2529],[-3,-2],[-10,0],[-5,-1]],[[8052,2554],[8,5],[5,-1]],[[8065,2558],[3,0]],[[8008,2499],[-3,-3],[-5,2],[-4,-1],[-2,3],[-5,4],[-3,0],[0,2]],[[8083,2771],[-7,3]],[[8076,2774],[4,6]],[[8080,2780],[6,10],[-6,3]],[[8098,2795],[0,-8]],[[8098,2787],[-7,-8],[-3,-5],[-5,-3]],[[9786,3213],[0,-4],[2,-1],[11,-1]],[[9799,3207],[3,-3],[-1,-3],[-6,-4],[0,-6],[-2,-4],[-3,-3]],[[9790,3184],[-1,-3],[-2,-1],[-1,-3],[-5,0],[-1,4],[-2,1]],[[9778,3182],[4,2],[-8,6],[-3,5],[1,8],[-1,4],[-5,6],[3,2]],[[9769,3215],[1,-4],[2,1],[5,-5],[9,6]],[[8292,2711],[1,4],[4,4],[1,7]],[[8298,2726],[0,2],[2,11],[2,6],[-1,3],[-4,4],[2,7],[2,-2],[4,1],[7,-4],[3,-4],[8,-6],[5,-2]],[[8328,2742],[8,-7],[-12,0],[0,-2],[-2,-4],[1,-2],[-3,-6],[0,-2],[4,-3]],[[7174,3314],[-4,0],[-6,-2],[-1,1]],[[7163,3313],[6,5]],[[7169,3318],[5,4],[1,4]],[[7175,3326],[3,0],[1,-4],[-2,-2],[0,-3]],[[7177,3317],[-2,-1],[-1,-2]],[[7971,2631],[1,-1]],[[7972,2630],[-3,-9]],[[7969,2621],[0,-2]],[[7969,2619],[-5,4]],[[7964,2623],[7,8]],[[7977,2633],[0,-1]],[[7977,2632],[-8,0]],[[7969,2632],[-7,5]],[[7962,2637],[-1,4]],[[7961,2641],[8,0]],[[7969,2641],[7,1]],[[7976,2642],[1,-9]],[[7713,3885],[0,-72]],[[7713,3813],[-7,-8],[0,-2],[-33,1]],[[7673,3804],[-3,9],[-6,4],[0,2],[-6,7],[6,0],[0,16],[-14,0],[0,11],[-12,-1],[-3,7],[-2,0],[-1,2],[-13,1],[-8,15],[-1,2]],[[7610,3879],[-16,23]],[[7594,3902],[10,0],[9,2],[-4,13],[0,3],[0,19],[0,15]],[[7609,3954],[12,0],[16,0],[3,0],[8,-2],[18,3],[6,2],[4,0],[12,0],[2,1]],[[7713,3958],[0,-73]],[[8163,2663],[-4,3],[1,2],[6,2],[13,0],[3,3]],[[8207,2684],[0,-3],[-2,-3],[2,-3]],[[8207,2675],[3,-4],[8,-2],[3,-2],[4,2],[2,-3],[1,-4],[3,-3],[-1,-5],[1,-4],[2,-1],[0,-5],[2,-2],[-1,-4]],[[8234,2638],[-8,0],[-4,-3],[-2,0],[-8,0],[-1,-3],[-8,-2],[-4,-3]],[[8199,2627],[-3,1],[-6,0],[-1,2],[-5,1],[-3,-3]],[[8181,2628],[-2,3],[-3,0],[-11,6],[-2,2],[-3,0],[-2,2],[-3,1],[-3,3]],[[8142,2650],[3,0],[2,-2],[2,2],[6,6],[1,5],[4,2],[3,0]],[[9214,1901],[5,-2],[10,1],[10,-5],[2,-3],[-3,-10],[1,-2],[-4,-6],[-1,-2],[3,-7],[-1,-2],[-23,0],[-17,0],[-13,0],[0,-14],[-15,0],[2,-1],[-8,-6],[-2,2],[-11,-10],[-10,8],[-10,-9],[-4,3],[-21,-17],[-12,4],[-2,1],[-10,1],[-8,3],[-7,-1],[-8,0],[-8,1],[-2,1],[-9,2],[-4,-1],[-7,0]],[[9027,1830],[-10,7],[-8,11],[-11,15],[-16,0],[-2,-1],[0,27],[1,1],[0,13]],[[6785,4400],[1,-5],[10,1],[-3,3],[0,3],[-1,3],[0,5],[3,1],[5,-9],[4,-6],[0,-1],[1,11],[0,15],[-17,2]],[[6884,4472],[10,4],[5,3],[11,2],[11,5],[9,3],[33,10],[49,4],[7,0],[7,-2],[61,-2],[-1,-12],[26,-2],[37,-2],[11,-16]],[[7160,4467],[1,-8],[-1,-5],[2,-2],[4,-45],[6,-64],[3,-39],[1,-7]],[[7176,4297],[-90,0],[-82,-56],[-79,-54],[0,0]],[[6925,4187],[-14,0],[0,58],[-128,-16],[0,-33],[-1,-28],[0,-18],[-2,-2],[0,-10],[0,-6],[1,-1],[0,-3],[-2,-1],[1,-4],[-2,-4],[0,-7],[3,-4],[0,-12],[-7,-3],[-128,0],[-140,-1]],[[6506,4092],[0,0],[1,84],[-1,152],[4,16],[16,16]],[[7990,2557],[-8,-1]],[[7989,2566],[1,-9]],[[5645,3080],[-2,0],[-4,2],[-13,0],[-9,-2],[-5,-2],[-6,-5],[-24,-6],[-13,-3],[-19,-5],[-5,-2],[-6,-1],[-2,0],[-35,-3],[-10,5],[-5,1],[-21,6],[-10,-7]],[[5405,3110],[2,2],[1,3],[4,7],[2,2],[-2,6],[3,3],[-2,3],[0,14],[1,3],[6,6],[2,3]],[[5422,3162],[2,1],[5,2],[7,12],[4,11],[0,5],[0,2],[2,4],[4,3],[0,1],[4,4],[2,8],[4,4],[1,5],[2,0],[44,0]],[[5503,3224],[50,1],[91,1],[1,0]],[[5645,3136],[0,-11],[0,-45]],[[4676,4566],[49,0],[-12,15],[102,0],[0,-5]],[[4815,4576],[0,-35],[-2,-1],[-5,0],[2,-5],[0,-20],[-3,-3],[0,-4],[2,-5],[0,-16],[3,2],[9,-10],[-2,-1]],[[4819,4478],[-10,-6],[-4,5]],[[7334,3343],[0,-23],[8,-26],[3,-6]],[[7345,3288],[-32,-1]],[[7330,3026],[30,13],[13,3],[4,1],[5,-1],[4,-4],[4,-2],[8,0],[6,-1]],[[7404,3035],[1,0]],[[7404,2968],[-119,0]],[[7285,2968],[0,44]],[[7285,3012],[7,-2],[11,3],[9,3],[4,1],[13,6],[1,3]],[[6186,4316],[0,-32],[0,-41],[0,-6]],[[6042,4349],[7,-5],[43,-3],[6,2],[26,5],[15,4],[0,-12],[18,0],[5,-5],[3,-2],[3,-4],[11,-8],[2,0],[2,-4],[3,-1]],[[7376,2806],[-5,-27]],[[7371,2779],[-7,0],[-1,2],[-6,0],[0,-2],[-14,-1],[-5,-1],[-3,-32]],[[7335,2745],[-124,0]],[[7211,2745],[0,24]],[[7211,2769],[0,77]],[[7211,2846],[35,0],[0,36]],[[7246,2882],[117,0]],[[7363,2882],[-2,-23],[4,-13]],[[7365,2846],[11,-38],[0,-2]],[[8139,2211],[15,-9],[7,1],[4,4],[5,-2],[5,-1],[6,0],[0,-4],[4,-1],[0,-3],[4,0],[0,-5],[3,-2],[0,-3],[1,-2],[10,-2],[1,-2],[7,-2],[4,-3]],[[8251,2131],[-14,2],[-13,1],[-8,1],[-4,-1],[-8,-3],[-4,-3],[-4,-2],[-4,-1],[-8,1]],[[8184,2126],[2,3],[2,4],[-1,3],[-4,4],[-5,2],[-6,5],[-4,2],[-5,0],[-5,-2],[-2,2],[-1,-6]],[[8155,2143],[-38,5]],[[8117,2148],[-16,3],[3,11],[-13,2],[-4,-2],[-10,1]],[[8077,2163],[3,2],[-4,5],[1,1],[3,1],[1,2],[-1,3],[2,1],[5,5],[1,8],[12,-2],[4,10],[0,7]],[[8104,2206],[5,-1],[4,-4],[5,-3],[1,6],[10,-1],[4,3],[1,4],[5,1]],[[9897,1307],[0,3],[1,2],[5,3],[0,2],[2,5],[0,26]],[[9905,1348],[22,0],[43,0]],[[9970,1348],[0,-54]],[[7504,1907],[0,15],[-4,5],[5,0],[4,2],[3,1]],[[7512,1930],[2,0],[1,-3],[3,1],[4,-1],[3,-3],[4,0],[6,-2],[1,-3],[6,-2],[4,-2],[3,-3],[2,0],[3,-4],[-1,-1]],[[7534,1897],[-31,1],[1,9]],[[7131,1931],[-29,0]],[[7072,1931],[-29,0],[-1,1]],[[7042,1932],[12,4],[18,7],[0,11],[4,0],[0,14],[3,1],[5,-2],[0,4],[13,1],[15,0],[0,-5],[9,5],[4,1],[5,0],[10,3]],[[7140,1976],[14,2],[5,2]],[[7166,1969],[2,-1],[-1,-4],[-11,-7],[0,-2],[-3,-1],[-3,-3],[-3,1],[-1,-6],[3,-2],[-4,-4]],[[7145,1940],[-14,-5],[0,-4]],[[7132,1798],[11,2],[6,-1],[5,0],[7,2],[4,0],[4,-6],[14,-6]],[[7183,1789],[-6,-5],[-7,-8],[-4,-6],[-3,-9],[-1,-4],[2,-4],[-1,-3],[2,-4],[1,-4],[2,-4],[3,-3],[8,-5],[0,-3],[-2,-4],[0,-5],[-6,-6],[-1,-4],[-3,-2],[-1,-4],[-3,0],[-4,-1],[-6,-8],[-4,1],[-7,-1],[-2,-2],[-5,0],[-3,-1]],[[7132,1690],[0,38],[0,70]],[[7865,3194],[-15,1],[0,13],[-18,1]],[[7875,3211],[-8,0],[-2,-17]],[[9999,3833],[0,-51],[0,-60],[0,-89],[0,-85],[0,-60],[0,-44]],[[9898,3458],[-11,30],[-5,23],[-7,6],[-4,8],[7,6],[-5,49],[-26,3],[-11,-1],[-4,-2],[-10,1],[-2,-2],[-82,2],[11,6],[0,3],[-3,175],[-20,-1],[-66,0],[-135,0]],[[9525,3764],[-1,77],[5,0],[-2,86],[27,-4],[8,88],[57,-3],[8,85],[85,1],[-1,41],[-1,8],[287,1],[1,0]],[[9998,4144],[1,-220],[0,-91]],[[6101,3770],[-41,0],[-4,0],[-99,0],[-88,1]],[[5868,3791],[1,60],[0,62],[-5,4],[-9,4]],[[5927,3921],[11,-8],[4,-1],[6,-4],[10,-5],[8,-5],[11,-1],[5,-1],[4,-2],[2,0],[11,-2],[4,-2],[4,-3],[4,-1],[3,0],[8,4],[5,1],[0,1],[4,2],[7,0],[7,2],[3,0],[9,-3],[3,0],[10,2],[3,-1],[5,-1],[6,-2],[8,1],[6,-3],[4,0]],[[6102,3889],[0,0],[-1,-42],[2,-2],[-2,-3],[0,-36]],[[7952,2505],[4,5],[0,4]],[[7956,2514],[6,0],[1,2]],[[7967,2514],[-3,-2]],[[7964,2512],[-1,-6],[-11,-1]],[[7323,4629],[-4,2],[-1,-2],[-3,1],[1,3]],[[7316,4633],[4,4],[10,0],[-7,-8]],[[8214,2990],[8,-3],[11,-1],[4,1],[10,-3]],[[8247,2984],[-4,-8],[5,-2]],[[8248,2974],[-7,-16],[-10,3]],[[8231,2961],[-8,2],[-2,-2],[-7,7]],[[8214,2968],[4,2],[-11,11],[7,9]],[[8053,2804],[10,-4]],[[8063,2800],[-2,-6]],[[8061,2794],[-3,-6],[-3,-4]],[[8055,2784],[-12,5]],[[8043,2789],[5,7]],[[7991,2545],[-8,-1]],[[7983,2544],[0,6]],[[7983,2553],[-1,3]],[[8285,2491],[-3,7],[-2,1],[-3,8],[3,3]],[[8307,2511],[-9,-18],[-3,-2]],[[8295,2491],[-1,-3],[-8,4],[-1,-1]],[[8415,4287],[-21,0]],[[8394,4287],[-3,11],[-2,3],[-2,-3],[-22,0],[0,-11]],[[8365,4287],[-13,0]],[[8352,4287],[-6,0],[-2,-1],[-3,1],[-7,0],[-5,-1],[-4,1],[-86,0]],[[8239,4287],[0,35],[0,66]],[[8239,4388],[0,19]],[[8415,4407],[0,-7],[0,-71],[0,-42]],[[6538,1964],[-1,-2],[0,-14]],[[6537,1948],[-20,0],[0,-6],[0,-36],[-37,0]],[[6479,1948],[1,4],[2,2],[2,4],[4,-1],[10,1],[3,-1],[3,2],[10,1],[4,-1],[2,2],[4,1],[6,-1],[8,3]],[[7734,2008],[-7,0],[-4,-1],[-5,-1],[-9,-7],[-9,-4],[-3,0],[-2,-2],[-5,-2],[-4,1],[-3,-3],[-5,1],[-6,-2],[-5,0],[-3,0],[-8,-1],[-5,0],[-5,2],[-1,-1],[-5,2],[-6,0],[-6,2],[-1,4],[-5,-1],[-5,2],[-1,3],[-3,0],[-2,2],[-5,1],[-3,1]],[[7618,2020],[4,1],[7,-7],[4,1],[2,4],[6,0],[5,0],[2,3],[0,5],[3,0],[1,5],[2,1]],[[7654,2033],[9,0],[2,2],[10,2],[5,-1],[4,3],[2,2],[3,-1],[4,-1],[5,-2],[5,1],[3,-2],[2,0],[4,-3],[3,3],[6,4],[1,4],[2,1]],[[7724,2045],[3,-1]],[[7727,2044],[1,-4],[2,-3],[7,-5],[5,-2],[-1,-1],[0,-6],[-2,-1],[0,-3],[2,-2],[-1,-2],[-4,-2],[-1,-4],[-1,-1]],[[9054,1684],[27,-1],[0,-3],[-2,-17],[29,-1],[7,-2]],[[9131,1500],[-78,1],[-90,1]],[[8963,1502],[-28,77],[-23,63],[-16,44]],[[7709,2056],[6,-2],[7,-1],[0,-3],[2,-5]],[[7654,2033],[-1,2],[0,4],[-8,5],[-8,-1]],[[7634,2082],[8,3],[14,0],[0,1],[8,1],[9,3],[2,-2],[-1,-2],[6,2]],[[7680,2088],[0,-4],[2,-5],[3,1],[1,-2],[1,-4],[2,-1],[3,-6],[4,0],[2,-2],[6,0],[3,-4],[0,-3],[2,-2]],[[3768,4906],[5,16],[0,31],[-9,-2],[9,8],[0,14]],[[3841,4953],[-9,1],[-7,-2],[-6,-5],[-3,-2],[-2,-3],[-1,-5],[2,-2],[-6,-6],[-1,-2],[1,-4],[5,-3],[-2,-4],[1,-2],[3,-4],[2,-3],[-4,-2],[-2,-3],[-4,-2],[-4,-5],[-6,-1],[-4,-2],[-2,-9],[-6,1],[-3,1],[-6,1],[-7,7],[-4,2],[0,4],[2,3],[0,4]],[[8067,2649],[-6,-2],[-3,3],[-2,-3],[-6,1]],[[8050,2648],[4,5],[-1,3]],[[8053,2656],[10,1]],[[8063,2657],[6,0],[3,-1]],[[8072,2656],[-1,-1],[-4,-5],[0,-1]],[[9344,3321],[0,-99]],[[9344,3222],[-7,3],[-2,3],[-4,6],[-3,1],[-5,0],[-4,-3]],[[9319,3232],[-3,-1],[-3,1],[-4,2],[-2,4],[-7,-1],[-5,-4],[-3,-5],[-2,-1],[-12,-3],[-2,-1]],[[9276,3223],[0,10],[2,4],[2,11],[3,34],[4,30],[3,4],[-2,4]],[[9288,3320],[48,1],[8,0]],[[7977,2633],[6,0]],[[7983,2633],[0,-4]],[[7983,2629],[-6,0],[0,3]],[[8044,2319],[-6,-9]],[[8038,2310],[-3,1],[-5,2],[-3,0],[-6,-5],[-10,8]],[[8011,2316],[7,5]],[[8018,2321],[3,2],[9,7],[2,-1]],[[8032,2329],[2,-2],[4,0],[8,-4],[-2,-4]],[[8001,2778],[14,-16]],[[8015,2762],[-3,-5]],[[7995,2768],[1,2],[5,8]],[[9726,330],[2,0]],[[9728,330],[5,0],[6,-1],[11,0],[2,1],[20,0],[3,0],[4,-3],[10,0],[6,1],[2,-1],[6,0],[5,-3],[1,-2],[3,-2]],[[9812,320],[5,-3],[8,-8]],[[9825,309],[3,-6],[0,-3],[-2,-2],[-2,-7],[0,-5],[-1,-5]],[[9823,281],[-23,0],[-27,-1],[-11,0],[-15,1],[-17,-1]],[[9730,280],[-1,8],[6,0],[-1,7],[-4,7],[-4,2],[0,26]],[[9968,20],[-7,5],[-3,5],[0,11],[-5,-1],[-5,11],[-3,1],[-3,4],[-2,8]],[[9969,57],[-1,-37]],[[8090,2422],[-1,3],[-2,1],[-8,1],[-3,11],[-5,2],[-3,-2],[-3,1],[1,-4],[-3,-2],[-8,5],[0,2]],[[8068,2475],[6,0],[1,1]],[[8107,2465],[1,-13],[11,0],[-1,-4],[0,-5],[-5,-2],[-3,-4],[2,-1],[-5,-5],[-4,0],[-4,-2],[-2,-3],[-5,-1],[-2,-3]],[[6896,3925],[0,50],[0,92],[29,0],[0,49],[0,71]],[[7176,4297],[15,8],[2,2],[31,19],[3,1],[33,20],[4,2],[56,34],[12,7]],[[7332,4390],[-2,-3],[-1,-8],[-1,-3],[2,-3],[0,-3],[1,-3],[3,-3],[1,-3],[-2,-2],[0,-4],[2,-3],[-1,-5],[1,-4],[1,-1],[0,-5],[3,-3],[0,-4],[1,-6],[-3,-4],[2,-2],[-4,-3],[-1,-3],[-4,-3],[1,-1],[1,-3],[-4,-1],[-4,-2],[3,-5],[0,-2],[2,-4],[-1,-2],[2,-2],[0,-4],[-4,-5],[-1,-8],[-3,-5],[-3,0],[-4,2],[-8,0],[-3,3],[-5,-1],[-3,3],[-4,-2],[1,-2],[-2,-2],[-2,-6],[0,-4],[5,-8]],[[7294,4248],[-10,-2],[-2,-1],[3,-7],[-2,-2],[-24,-7],[-3,-2],[-13,3],[5,-9]],[[7248,4221],[-4,3],[0,3],[-4,2],[-6,1],[-10,2],[-4,1]],[[7220,4233],[1,3],[-1,5],[-3,8],[-20,15],[-5,0],[-9,-6],[-5,-11],[-16,-3],[-20,-5]],[[7142,4239],[-23,-4],[-28,-6],[15,-40],[1,0]],[[7107,4189],[-3,-1],[0,-3]],[[7104,4185],[-2,2],[-6,-2],[-3,-3]],[[7093,4182],[-3,1],[-6,-3],[-2,-2],[0,-18]],[[7082,4160],[0,-8]],[[7082,4152],[-3,0],[3,-11],[13,-9],[5,6],[4,-2],[8,2],[8,-5]],[[7120,4133],[-3,-4],[-4,-2],[-3,-3],[5,-3],[-5,-5],[-7,-1],[-3,-2],[-1,-3],[-4,0],[-6,-4],[-8,-2],[-3,-2],[0,-4],[-3,0],[-1,-2],[-7,-2],[2,-2],[-10,0],[-6,-4],[-4,1],[-4,-3],[0,-3],[-5,-1],[-2,-2],[-2,-6],[-4,-5],[1,-3],[-1,-2],[1,-3],[0,-10],[-3,-3],[0,-4],[0,-1],[0,-6],[1,-3],[-2,-3],[0,-6],[1,-3],[-1,-3],[0,-5],[-2,-3],[-3,-3],[0,-2],[-1,-4],[-6,-8],[-1,-4],[-7,-7],[-3,-7],[-1,-3],[-2,-4],[-6,-3],[-2,-3],[1,-3],[-4,-1],[-3,1],[-1,-3],[3,-2],[-3,-2],[-3,-4],[-6,3],[0,-3],[4,0],[-1,-3],[-3,-2],[2,-2],[0,-7],[-2,-6],[0,-4]],[[6979,3925],[-83,0]],[[7941,2513],[0,6]],[[7940,2522],[8,1]],[[7948,2523],[0,-9]],[[7948,2514],[-7,-1]],[[7474,3053],[-7,-6],[-2,-2],[-8,-5],[-5,-4]],[[7452,3036],[-4,2]],[[7404,3035],[1,4],[-1,21],[0,60]],[[7404,3120],[48,0],[6,1]],[[7458,3121],[2,0],[15,4],[-1,-2],[0,-49],[-6,-21],[6,0]],[[7945,2676],[-4,-1],[-6,8],[4,5],[1,3]],[[7940,2691],[7,0],[0,2],[5,3],[4,3],[2,6],[-2,4],[0,5],[-1,1]],[[7978,2713],[13,-8],[3,-2]],[[7994,2703],[1,-16]],[[7996,2676],[0,-3],[-3,-1],[-11,-9]],[[7982,2663],[-2,0]],[[7980,2663],[2,7],[0,1],[-1,6],[-36,-1]],[[7861,3004],[0,-41]],[[7861,2963],[-52,0],[-33,0],[-9,-1],[-5,-2],[-17,-2]],[[7745,2958],[-12,8],[-4,1],[-2,-2],[-2,1],[-3,6],[-4,-1]],[[7718,2971],[-1,3],[-3,10],[0,3],[1,4]],[[7715,2991],[1,0],[0,8]],[[7716,2999],[4,0],[-2,7],[1,1]],[[7719,3007],[4,-2],[2,-3],[5,-1],[8,0],[5,-1],[14,0],[4,-1],[49,0]],[[5682,2779],[3,-5],[-2,-2],[3,-3],[0,-3],[0,-3],[-7,0],[-6,-5],[2,-2],[5,0],[7,-3],[0,-6],[-3,-2],[5,-2],[-2,-6],[-3,-4],[4,-2]],[[5688,2731],[-6,-4]],[[5682,2727],[-7,5],[-2,4],[-3,8],[-14,-1],[-62,1],[-7,3]],[[5587,2747],[0,30],[2,2],[-1,5],[-1,2],[0,5]],[[5641,2791],[0,-5],[26,0],[2,0]],[[7463,1924],[-1,-16],[42,-1]],[[7544,1859],[-6,-2]],[[7538,1857],[-11,-1],[-9,-3],[-21,0],[-4,0],[-4,0],[-9,-1],[-4,2],[-11,-3],[-2,0]],[[7463,1851],[-3,1],[-42,1]],[[7418,1853],[2,34],[1,26]],[[7421,1913],[2,2],[1,6],[3,8],[5,10]],[[7432,1939],[3,-2],[5,0],[0,-6],[2,-2],[7,-1],[2,-3],[12,-1]],[[7982,2642],[1,-3],[0,-6]],[[7976,2642],[6,0]],[[7408,1909],[2,3],[5,0],[6,1]],[[7418,1853],[-1,-30]],[[7417,1823],[-3,0],[-8,-4],[-5,0],[-2,-3],[-4,1],[-3,0],[-2,3],[-3,3],[-16,4],[-9,2]],[[7362,1829],[-1,2],[-10,23],[2,-1],[3,4],[-2,3],[0,13]],[[8017,2593],[6,0]],[[8023,2593],[2,0],[0,-5]],[[8025,2588],[-8,0]],[[6782,1962],[5,0],[1,-2],[4,-3],[5,0],[2,2],[9,-1],[2,0],[9,0],[5,2],[4,1],[3,-2],[6,0],[6,3]],[[6869,1896],[0,-6],[2,-5]],[[6871,1885],[-7,0],[-3,-1],[-14,1],[-4,0],[-17,1]],[[6826,1886],[-13,1],[-36,-17],[-27,1],[-39,1],[-11,6],[-4,1],[-3,-1],[-10,1]],[[6683,1879],[-6,3],[-3,1],[0,39],[18,0],[4,3],[-9,12]],[[6687,1937],[6,3],[5,0],[2,-4],[8,-5],[4,0],[4,-1],[18,2],[4,-2],[7,0],[0,-1],[4,0],[4,4],[3,0],[3,-3],[5,1],[5,1],[0,8],[2,6],[1,0],[7,0],[5,5],[0,5],[2,3],[-4,3]],[[8435,3106],[0,4],[-1,2],[-7,-2],[-4,8],[-4,14],[2,12],[0,6]],[[8421,3150],[39,0]],[[8460,3150],[3,-8],[-1,-2],[2,-3]],[[8464,3137],[0,-5],[-2,-5],[-3,-5],[6,-13],[-4,-7],[0,-4],[-2,-5],[3,-1],[4,3],[4,2],[3,-1],[16,4],[0,-3],[-1,-6],[14,-1]],[[8502,3090],[-1,-10],[3,-9],[-2,-6]],[[8502,3065],[-3,0],[-2,-1],[-3,1],[-6,-1],[-4,-1],[-2,-1],[0,-5],[-1,-3],[-3,-2],[-13,4],[-2,-1],[-2,-4],[-35,10]],[[8426,3061],[0,4],[-2,2],[2,3],[1,5],[-2,3],[-3,0],[-1,4],[-1,5],[-3,2],[1,4],[2,4],[2,0],[3,4],[2,1],[5,1],[3,3]],[[8560,3036],[-10,-1],[-29,-3],[-13,1],[-5,2],[2,8],[-1,7],[-1,2],[0,8],[-1,5]],[[8502,3090],[10,-1],[3,22],[35,10]],[[8550,3121],[0,-16],[0,-43],[9,-15],[1,0],[0,-11]],[[7180,3307],[1,2],[3,2],[1,2]],[[7185,3313],[3,-2],[-3,-2],[3,-3],[7,6]],[[7179,3286],[-3,3],[4,3],[-7,6],[2,4],[5,5]],[[8018,2582],[-8,5]],[[8017,2587],[1,-5]],[[8770,3391],[0,-1],[84,1]],[[8854,3391],[-2,-4],[-7,-17],[0,-22],[7,-17],[0,-11],[-18,-32],[-18,-24],[0,0],[-19,-29]],[[8770,3235],[0,96]],[[4394,4464],[0,-1],[3,-3],[-5,-1],[-11,2],[3,3],[3,1],[3,-2],[4,1]],[[4402,4459],[2,-1],[0,-3]],[[4404,4455],[-3,-1],[1,5]],[[8309,3012],[13,18]],[[8322,3030],[5,7],[2,8],[2,-2],[3,-1],[29,-9]],[[8363,3033],[10,1],[5,-2]],[[8378,3032],[6,-4],[-4,-9],[7,-2]],[[8387,3017],[-9,-2],[-26,-16]],[[8352,2999],[-43,13]],[[8160,2427],[-9,0],[-4,0],[-2,1]],[[8145,2428],[-2,2],[0,13],[-1,2],[4,2],[0,5],[1,4],[3,3]],[[8148,2487],[9,-1],[11,4]],[[8168,2490],[0,-4],[8,0],[4,-6],[4,0]],[[8184,2480],[0,-6],[1,-5],[0,-8],[2,0],[1,-4],[0,-7],[2,-1],[0,-4]],[[8188,2439],[-4,-2],[-7,0],[0,3],[-6,0],[0,-3],[-3,0],[-3,-5],[-3,-2],[-2,-3]],[[7992,2527],[3,0],[3,2]],[[7977,2526],[8,0]],[[7985,2526],[7,0],[0,1]],[[8489,2803],[0,-6],[2,-12],[1,-1],[-8,-11],[-3,-1]],[[8481,2772],[-3,3],[-5,0],[-8,8],[-2,-1],[-11,1],[-5,2],[-4,5],[-12,4],[-5,1],[-1,-4],[-10,3]],[[8415,2794],[3,8],[-19,6],[-4,-8]],[[8395,2800],[-10,3]],[[8385,2803],[11,24],[1,6],[-5,5],[1,9],[4,8],[17,-5],[2,2]],[[8416,2852],[72,0]],[[5500,2971],[-44,1]],[[5645,3080],[0,-11]],[[5645,3069],[0,-44],[0,-54]],[[5645,2971],[-25,0],[-120,0]],[[8034,2744],[-7,4],[-12,14]],[[8001,2778],[9,15],[24,-10]],[[8034,2783],[5,-2]],[[8039,2781],[14,-6]],[[8053,2775],[-6,-8]],[[8047,2767],[-10,-17],[-3,-6]],[[8055,2784],[0,-5]],[[8055,2779],[-2,-4]],[[8039,2781],[4,8]],[[7283,2452],[3,-3],[4,-2],[1,-4],[4,2]],[[7295,2445],[1,-2],[-7,-3],[-6,-4],[-1,-2],[-8,-5],[-12,-3],[-6,-1],[-5,-2],[-6,-2],[-8,-6]],[[7237,2415],[0,80]],[[7281,2479],[4,-3],[3,-9],[-1,-3],[-4,-7],[0,-5]],[[7968,2552],[-1,13]],[[7967,2565],[7,0]],[[7975,2556],[1,-12]],[[9858,18],[-12,-1],[-7,-3],[-2,-3],[-8,2],[-7,1],[-5,0],[-7,-3],[-7,-6]],[[9803,5],[-4,10],[-4,4],[0,6],[1,0],[0,8]],[[9862,69],[0,-26],[2,-5],[2,-12],[-1,-2],[-7,-6]],[[8060,2778],[-2,-4],[0,-4]],[[8058,2770],[2,-7]],[[8060,2763],[-2,-2],[-4,1]],[[8054,2762],[-4,2],[-3,3]],[[8055,2779],[5,-1]],[[8064,2783],[5,8]],[[8069,2791],[3,5]],[[8080,2780],[-10,1],[-6,2]],[[8076,2773],[-7,-10],[-3,-4],[-4,-7],[-2,0]],[[8060,2752],[0,11]],[[8058,2770],[5,2],[5,-1],[8,2]],[[8049,2754],[0,0],[5,8]],[[8060,2752],[-6,0],[-5,2]],[[8064,2783],[-4,-5]],[[8061,2794],[8,-3]],[[8076,2774],[0,-1]],[[8049,2754],[-1,-3],[1,-3],[-1,-3],[-4,-1],[-2,-5]],[[8042,2739],[-8,5]],[[8044,2738],[-2,1]],[[8060,2752],[1,-4],[2,-4],[0,-3]],[[8063,2741],[0,1]],[[8063,2742],[-4,0],[-5,1],[-1,-2],[-9,-3]],[[4366,3359],[1,5],[-2,1],[-1,3],[3,1],[5,-4],[-2,-2],[3,-2],[-5,-2],[-2,0]],[[4540,3563],[1,4],[3,3],[2,3],[-1,4],[-2,3],[0,2],[2,1],[3,-1],[4,2],[2,3],[0,4],[-2,4],[3,7],[-2,9],[4,3],[0,4],[-2,2],[3,3],[1,0],[2,-3],[6,0],[7,3],[4,4],[4,-1],[2,1],[7,2],[8,4],[5,0],[1,-6],[2,-1],[0,-5],[4,-5],[-1,-3],[2,-8],[2,-2],[6,-3],[0,-5],[-5,2],[-2,3],[-6,-1],[0,-3],[-4,3],[-3,-2],[-4,3],[-6,-5],[-3,1],[-3,-2],[0,-3],[3,-2],[-4,-3],[-2,-3],[-5,-4],[0,-2],[-5,-1],[-2,-3],[-5,-3],[-1,-2],[-6,-2],[-6,-7],[-2,1],[-8,-6],[-4,2],[3,4],[0,3]],[[4388,3395],[-4,6],[-2,2],[3,1],[1,3],[-3,2],[-3,5],[3,4],[3,1],[1,-4],[6,1],[2,-3],[-1,-5],[-6,-3],[-3,-3],[1,-2],[5,-3],[0,-3],[-3,1]],[[4674,3602],[-2,2],[3,1],[1,-3],[-2,0]],[[4799,3701],[-5,1],[1,2],[6,-1],[-2,-2]],[[4838,3692],[-1,-3],[-3,2],[-1,2],[-4,2],[-4,0],[-3,3],[-2,1],[-6,-1],[-3,2],[0,3],[4,0],[2,2],[3,-2],[3,1],[4,0],[2,-1],[7,-1],[2,2],[2,1],[1,-3],[-3,-3],[-2,-6],[2,-1]],[[4971,3746],[-9,-22]],[[4991,3597],[-6,4],[-3,3],[-3,0],[-2,2],[-5,2],[-4,3],[-2,0],[-5,3],[-4,1],[-2,2],[-10,5],[-4,3],[-1,3],[-4,1],[-1,2],[-4,1],[-1,2],[-4,1],[-6,2],[-4,5],[-3,1],[-3,3],[-2,0],[-5,3],[-2,4],[-2,-1],[2,6],[0,2],[2,2],[-1,3],[-6,3],[-7,1],[-4,-4],[0,-2],[-3,-1],[-6,3],[-1,2],[-5,2],[-2,2],[-6,3],[-1,2],[-4,-1],[-2,3],[3,2],[2,-1],[6,1],[1,2],[0,8],[-2,9],[0,5],[3,6],[2,1],[4,11],[-1,3],[3,5],[0,2]],[[8847,2298],[-1,-30]],[[8775,2252],[-22,26],[-18,22],[7,1],[20,0],[62,-1],[5,-1],[18,-1]],[[7080,2053],[3,-1],[2,-2],[1,-4],[4,-1],[6,-1],[6,1],[6,2],[12,5],[3,3],[6,5],[4,2],[1,2]],[[7134,2064],[1,-17]],[[7124,2042],[-10,-1],[-15,2],[-6,-1],[5,-4],[0,-2],[-18,0],[4,5],[-8,0],[0,6],[4,6]],[[8360,3504],[2,-2],[1,-6],[-1,-2],[1,-4],[-4,-1],[3,-6],[0,-4],[-4,-3],[2,-4],[-2,-5],[1,-3],[2,-1],[3,-5],[-2,-5],[1,-3],[4,-2],[1,-2],[0,-4],[3,-3],[0,-3],[-2,-2],[2,-3],[3,0]],[[8374,3431],[1,-3],[-6,-3],[-2,1],[-12,-1],[-10,1],[2,-7],[2,-1],[1,-3]],[[8290,3484],[3,2],[4,-1],[-1,10],[-1,6]],[[8359,3505],[1,-1]],[[7988,3476],[-1,-1],[-4,-1],[-1,-7],[-5,-1]],[[8009,3476],[-6,-1],[-5,1],[-5,-1],[-5,1]],[[8004,2067],[-5,-6],[-3,-2],[-1,-4],[0,-2],[3,-2]],[[7998,2051],[-14,0],[0,11],[4,4],[2,-2],[5,3],[-3,4],[0,1],[-5,3],[3,3]],[[7991,2079],[5,-3],[8,-9]],[[7999,2643],[-1,3]],[[7997,2664],[8,0]],[[8006,2643],[-7,0]],[[8047,2594],[-1,5]],[[8046,2599],[8,1]],[[8054,2600],[0,-3]],[[8054,2597],[0,-3]],[[7865,3194],[0,-10],[23,1]],[[7888,3185],[3,-26]],[[7891,3159],[-78,-1]],[[7777,3164],[-1,15],[-1,3],[1,4],[0,3],[0,11],[2,0],[4,3],[13,0],[0,9]],[[8239,4388],[-114,-1]],[[8125,4387],[8,7],[2,10],[2,12],[5,13],[4,17],[18,16],[-6,31],[1,5],[0,8],[-1,4],[-2,4],[0,6],[1,4],[0,4],[-4,3]],[[8153,4531],[86,0]],[[7909,2665],[0,-4]],[[7909,2661],[-8,0]],[[7901,2661],[2,5]],[[7903,2666],[6,-1]],[[8733,2565],[31,0],[9,0],[37,0]],[[8847,2524],[0,-31],[2,-8],[-2,-4],[0,-15]],[[8371,3253],[0,3],[-5,5]],[[8366,3261],[4,3],[3,0],[2,4],[1,4],[19,11],[16,13],[5,2]],[[8440,3262],[11,-37],[3,-1],[1,-5],[3,0],[12,-2],[8,0]],[[8478,3217],[-8,-8],[-4,-8],[-22,1],[-14,-6],[-1,-2],[12,-14],[4,-2],[5,-3],[2,-5],[-1,-6],[9,-14]],[[8421,3150],[-1,7],[-10,17],[-6,7],[-2,1],[-1,4],[1,2],[-3,1],[-1,5],[2,4],[-2,3],[-7,-4],[-8,0],[-1,3],[-5,-4],[-7,1]],[[8365,3218],[1,1],[-1,12],[1,4],[7,1],[5,2],[-2,3],[2,2],[7,1],[-6,10],[-3,-3],[-5,2]],[[8006,4642],[10,-1],[2,-1],[-1,-4],[4,-2],[8,1],[2,-1],[4,-2],[7,-3],[3,-6],[-5,-20],[0,-7],[2,-7],[2,-10],[-13,-29],[-5,-9]],[[8026,4541],[-38,0],[0,-1],[-42,0]],[[7863,4551],[1,63]],[[7997,3649],[-8,0]],[[7951,3649],[1,2],[2,18],[0,2],[2,4],[0,2]],[[7956,3677],[-2,3],[0,2],[4,2],[0,4],[-2,5],[3,1],[1,2],[1,7],[0,13]],[[8024,2614],[-2,1]],[[8022,2615],[2,2]],[[8024,2617],[1,2]],[[8025,2619],[5,-1]],[[8030,2618],[0,-3]],[[8030,2615],[-6,-1]],[[8113,2861],[3,-1],[0,-4]],[[8116,2856],[-9,-12]],[[8107,2844],[-2,-3]],[[8105,2841],[1,6],[-3,7]],[[8103,2854],[-2,3],[-1,3]],[[8105,2863],[6,0],[2,-2]],[[8105,2841],[-4,-4]],[[8101,2837],[-16,9],[-2,-1]],[[8083,2845],[1,4],[19,5]],[[8118,2837],[-8,5],[-3,2]],[[8116,2856],[7,0],[1,-3],[2,-2]],[[8115,2834],[-7,-11],[-6,-12]],[[8089,2822],[12,15]],[[7800,3387],[-9,-6],[-5,0],[-2,-4],[-4,-3],[-31,0],[-16,0]],[[7733,3374],[-8,0],[0,3],[-6,5],[-2,5],[-4,4]],[[7974,2572],[-1,5]],[[7978,2580],[0,-6]],[[7908,2670],[0,-1]],[[7908,2669],[-4,0]],[[7904,2669],[1,2],[-1,4]],[[7904,2675],[3,0]],[[8034,2783],[2,4],[-4,2],[7,11]],[[8095,2699],[-1,10]],[[8094,2709],[5,0],[5,1],[1,-2]],[[8105,2708],[13,-5]],[[8118,2703],[-1,-3],[-5,0]],[[7167,4207],[-17,2],[-1,1],[-7,29]],[[7220,4233],[-5,3],[-6,-2],[-4,0],[-2,-1],[-4,-1],[-3,-2],[-3,-1],[-4,-4],[-9,-4],[-7,-4],[-2,-3],[-4,-7]],[[7772,5920],[0,-2],[25,-65],[-7,0],[-266,1]],[[7524,5854],[1,3],[1,6],[1,2],[5,15],[1,1],[4,12],[-3,4],[-3,-1],[-5,3],[-1,3],[-6,-4],[-3,3],[-2,3],[-6,0],[-1,2],[-5,11],[0,3],[-2,0],[0,2],[-2,3],[-4,-1],[-2,1],[2,4],[6,1],[-2,2],[-4,4],[2,5],[4,-4],[2,0],[0,6],[-3,2],[-4,2],[0,2],[2,4],[-4,-2],[-1,2],[-2,0],[0,3],[3,0],[-2,6],[2,4],[1,4],[-3,3],[-2,5],[1,4],[2,0],[3,4],[-3,12],[2,1],[2,3],[3,0],[0,4],[-4,4],[0,4],[-7,-1],[-3,2],[-4,-1],[-2,2],[-1,2],[-4,4],[0,6],[-2,3],[0,5],[-2,3],[-2,0],[-3,6],[0,2],[-3,5],[-1,5],[-2,3],[-4,1],[-3,2],[-2,5],[-1,4],[1,5],[-5,10],[-4,1],[-9,6],[-2,6],[-2,1],[-2,4],[-5,4],[-5,5],[0,2],[-4,3],[-3,3],[-1,4],[-3,1],[-3,3],[-3,1],[-2,2],[-1,3],[0,4],[1,2],[-1,4],[-2,3],[-2,3],[-1,7],[-1,5],[0,5],[-1,5],[4,1],[-4,5],[-2,1],[-3,5],[1,3],[0,7],[-1,7],[0,6],[-1,4],[1,4],[-1,6],[-2,6],[-1,6],[-10,4],[-2,2],[2,3],[-2,2],[-5,4],[-5,2],[-3,2],[-3,1],[-3,0],[0,4],[-2,-1],[-4,-12],[1,-1],[2,-5],[8,-3],[7,-4],[8,-9],[2,-5],[1,-6],[0,-9],[-2,-6],[-3,-3],[-5,-4],[-4,-1],[-2,2],[-6,3],[-2,3],[-2,5],[-3,6],[-4,7],[-2,5],[-2,2],[-2,8],[-4,6],[-7,6],[-3,5],[-8,5],[-8,3],[-3,0],[-5,6],[-2,1],[-4,5],[-6,5],[-1,4],[-5,3],[-3,0],[-1,2],[-3,3],[-4,0],[-5,0],[1,4],[0,6],[-4,7],[-5,6],[-6,1],[-5,2],[-4,3],[-2,3],[-7,4],[-2,1],[-4,3],[-5,1],[-6,5],[-3,-2],[-3,1]],[[7206,6330],[1,0],[8,23],[-1,122],[-13,41],[-1,106],[1,34],[0,26],[0,63],[-1,13],[1,10],[0,9],[1,2],[-1,5],[-2,4],[2,8],[0,4],[0,3],[0,4],[2,42],[2,24],[2,19],[-4,9],[6,14],[2,12],[0,13],[3,20],[-6,3],[-10,9],[0,2],[19,24],[9,81]],[[7226,7079],[237,-11],[2,5],[3,1],[17,21],[6,2],[53,0],[7,-3],[10,0],[-3,-32],[19,-2],[64,-1],[38,-1],[28,11],[30,9],[17,8],[20,11],[23,17],[13,96],[4,2],[10,-2],[10,0],[7,0],[7,-2],[117,-23],[3,-2],[0,-4],[-2,-2],[-7,-74],[-2,-2],[-1,-4],[1,-3],[1,-3],[-6,-63],[114,-10]],[[8066,7018],[-8,-87],[-4,-53]],[[8054,6878],[-23,0],[-2,-12],[-46,-11],[-17,-171],[-11,-112],[-67,4],[9,99],[-81,7],[-61,3],[-12,-30],[0,-11],[-4,-8],[4,-2],[4,-18],[-10,-14],[6,-28],[6,-2],[8,-14],[10,-17],[3,-5],[15,-35],[4,-6],[2,-7],[3,-29],[1,-5],[5,-14],[9,-26],[8,-30],[1,-7],[2,-9],[2,-4],[14,-14],[6,-9],[1,-3],[1,-13],[0,-4],[0,-5],[2,-3],[15,-15],[3,-5],[1,-4],[3,-29],[-3,-9],[-7,-17],[-5,-7]],[[7828,6210],[-5,-1],[-10,-2],[-4,1],[-21,-1],[-18,-5],[-10,0],[16,-12],[7,-4],[6,-6],[5,-1],[3,-2],[-1,13],[13,-11],[1,-2],[5,-4],[3,-2],[3,-3]],[[7787,6441],[3,-1],[2,4],[-6,0],[1,-3]],[[7558,6963],[-2,7],[3,-3],[0,11],[-10,0],[0,7],[-12,0],[-1,-6],[3,-1],[0,-5],[-6,-2],[0,-4],[6,0],[0,-4],[19,0]],[[8189,3469],[-8,2],[-6,1],[-5,2],[-8,1],[-55,6]],[[8107,3481],[3,19],[-12,2],[3,6],[3,9],[2,9],[0,5],[2,7],[0,5],[0,12],[-2,9]],[[8106,3564],[3,2],[5,1],[8,2],[11,7],[3,5],[2,-3],[1,-4],[3,-2],[7,4],[8,6],[10,5],[6,3]],[[8173,3590],[7,-5],[-3,-6],[-3,-5],[-1,-11],[1,-10],[0,-2],[0,-11],[19,-2],[-1,-1],[10,-3],[0,-1]],[[8202,3533],[-1,-8],[3,-7],[2,-3],[-4,-12],[-3,-11],[22,-2]],[[8044,2630],[-9,-4]],[[8035,2626],[-3,-1]],[[8032,2625],[-2,3],[0,3]],[[8030,2631],[2,2],[4,1],[1,1]],[[7961,2641],[0,3]],[[7961,2644],[0,7]],[[7968,2653],[1,-12]],[[8753,1862],[0,0],[0,39],[0,61]],[[8753,1962],[9,-4],[85,-5]],[[9027,1830],[-19,-1],[0,-9]],[[7941,2616],[-8,0]],[[7933,2616],[-1,12]],[[7932,2628],[8,0]],[[7940,2628],[2,-2],[6,-5]],[[7953,2617],[-12,-1]],[[8139,2211],[-2,0],[-1,21]],[[8136,2232],[0,14],[2,1],[-2,3],[-1,7],[4,4]],[[8156,2267],[16,-7],[2,-3],[22,-2],[-1,-6],[21,-1],[0,-1],[8,-4],[-2,-5],[10,0]],[[8232,2238],[5,-13],[18,-3],[-1,-6]],[[8254,2216],[-3,-13]],[[8251,2203],[-5,-22],[-9,-3]],[[8045,2614],[-7,0]],[[8038,2614],[-1,6]],[[8037,2620],[8,0]],[[8045,2620],[0,-6]],[[8022,2942],[-6,4],[-11,6]],[[8005,2952],[3,5],[14,14]],[[8022,2971],[0,-29]],[[8695,2891],[0,34],[0,46]],[[8834,2978],[-2,-3],[-1,-3]],[[8831,2972],[-7,-5],[-3,-4],[-2,-5],[-3,-4],[-3,-1],[-5,0],[-2,-6],[3,-8],[1,-6],[4,-3],[11,-7],[6,-3],[2,-2],[2,-6],[4,-5],[0,-2],[-3,-3],[-8,-3],[-4,-2],[-6,6],[-5,-1],[-57,-8],[-27,-3],[-34,0]],[[7457,3720],[-2,1],[-2,6],[-10,5]],[[7443,3732],[0,2],[1,3],[8,-1],[-2,-2],[4,-2],[0,-2],[1,-6],[0,-3],[2,-1]],[[7515,3738],[-2,-8],[-4,-4]],[[7509,3726],[-1,1],[-6,1],[-3,2],[-5,6],[-3,1],[-7,0],[-1,2],[-4,0],[-2,-2]],[[7477,3737],[0,3],[-5,3],[-2,0],[-1,-3],[-3,-1],[-9,1],[-6,-1],[-4,1],[-1,4],[1,4],[1,8],[-1,4],[1,6],[1,2],[5,0],[-4,3],[0,3],[-4,2],[-5,5],[-3,7],[0,9],[-3,6],[-3,4]],[[7432,3807],[44,0]],[[7992,2624],[1,-2]],[[7993,2622],[-6,-1]],[[7987,2621],[0,3]],[[7987,2624],[5,2],[0,-2]],[[8655,2649],[1,0]],[[8656,2649],[3,1]],[[8659,2650],[1,1]],[[8660,2651],[1,-2],[-5,-2],[-1,2]],[[7986,2482],[0,4],[-1,3],[-5,0],[0,7],[-6,-1],[-4,-2]],[[7970,2493],[-2,6],[4,0],[-2,4],[-2,2],[1,2],[-2,1],[-3,4]],[[8201,2415],[-1,-4],[-5,0],[-2,2],[-5,-1],[-2,-2],[-5,4],[-3,0],[-2,-3]],[[8176,2411],[-3,-1],[-7,1],[-3,-2],[-4,2],[-7,0]],[[8152,2411],[0,2],[3,3],[-2,3],[2,3],[5,5]],[[8385,2803],[-10,3],[-2,-4],[-4,-2],[-2,-1]],[[8367,2799],[-8,3],[-7,0],[-11,5],[-9,3]],[[8332,2810],[5,12],[-7,-2],[-2,6],[-5,5],[3,1],[1,3],[2,3],[5,2],[0,3],[0,5],[-2,0],[1,5],[-2,1],[2,3],[-2,2],[0,5],[-2,2],[0,4],[-2,8],[-1,8],[-5,1]],[[8321,2887],[4,10]],[[8400,2887],[4,-5],[3,-2],[5,-2],[4,1]],[[8416,2879],[3,-4],[-3,-4],[1,-2],[-2,-3],[1,-5],[-2,-2],[2,-7]],[[6490,1683],[-7,0],[-6,-2],[1,-3],[-3,-1],[1,-4],[-4,-1],[-2,1],[-3,-1],[0,-2],[-5,-2],[-3,1],[-1,2],[-11,2],[-5,0],[-6,-1],[-3,-4],[-4,-1],[1,-3],[0,-3],[-5,2],[-4,-2],[-1,-4],[-5,1],[-4,3],[0,3],[4,0],[3,2],[2,3],[-1,4],[2,5],[-4,8],[-3,6],[-3,2],[-1,3],[-2,0],[-3,8],[-6,6],[0,2],[-4,3],[-4,6],[-5,5],[-1,2],[-2,2],[-5,4],[-4,3],[-3,1],[-5,1],[-3,2],[-5,-1],[-3,1],[0,3],[-4,2],[-11,-3],[-6,-2],[-7,0],[-2,2],[1,3],[-6,3],[-5,0],[-1,2],[1,7],[-1,1],[0,6],[-6,5],[-10,11],[-4,1],[-2,3],[1,1],[-3,3],[-3,2],[-7,1],[3,2],[3,6],[4,1],[-2,3],[-5,0],[-6,-2],[-1,4],[3,2],[-4,1],[0,2],[3,4],[-1,1],[3,2],[-1,2],[2,4],[3,3],[4,-1],[2,2],[9,2],[2,3],[0,5],[-1,3],[-2,10],[1,2],[4,2],[1,1],[-2,10],[4,2],[1,5],[4,2],[2,3],[-1,10],[-2,6],[-1,9],[5,3],[1,3]],[[6480,1880],[10,3],[11,-2],[21,3],[8,5],[5,0],[4,2],[30,-1],[10,-2],[-5,-5],[-1,-7],[-6,-4],[-2,-6],[0,-4],[-2,-2],[-5,-3],[-6,-7],[-3,-3],[-9,-3],[-3,-3],[-1,-5],[2,-12],[-2,-3],[-4,-1],[-6,-1],[-4,-5],[3,-5],[-1,-4],[-3,-5],[1,-4]],[[6522,1796],[-1,-2],[-6,-3],[-2,-1],[-4,-3],[-1,-3],[-2,-1],[-4,-1],[-7,-5],[-1,-3],[-1,-7],[-4,-7],[-7,-9],[1,-5],[-2,-18],[4,-4],[0,-7],[-1,-13],[5,-21],[1,0]],[[7959,2610],[-1,-1]],[[7958,2609],[-5,0],[-3,-3]],[[7950,2606],[-2,2],[-5,-3]],[[7943,2605],[-2,11]],[[7994,5239],[-65,0],[-66,0],[-89,0],[-34,0]],[[7567,5240],[-22,0],[-1,-5],[-11,-2],[-29,2],[-59,1],[0,-14],[-5,1],[-97,23]],[[7343,5246],[4,3],[3,9],[2,4],[0,5],[4,4],[1,4],[2,6],[-1,6],[0,3],[5,10],[5,2],[3,-3],[0,-2],[5,-3],[0,-1],[-2,-2],[-1,-3],[1,-5],[4,1],[-1,2],[2,5],[7,2],[-3,3],[1,2],[8,1],[-2,4],[-2,7],[-2,1],[-2,8],[3,0],[0,4],[-1,2],[1,2],[4,2],[3,-3],[1,2],[4,3],[0,2],[2,2],[-2,3],[2,2],[2,9],[3,3],[3,0],[3,4],[-2,2],[-4,-1],[-3,4],[7,5],[2,1],[1,-4],[3,0],[5,-3],[2,-1],[2,4],[7,2],[1,3],[6,2],[2,5],[1,7],[2,3],[3,5],[5,-1],[2,1],[0,3],[2,2],[0,4],[3,2],[3,-1],[4,5],[4,3],[7,-2],[6,1],[1,3],[3,0],[4,3],[4,1],[0,3],[3,2],[2,-1],[1,7],[3,3],[2,5],[5,1],[4,5],[1,4],[3,1],[7,-2],[2,-3],[4,1],[2,-3],[3,-1],[0,-2],[3,-3],[2,1],[2,7],[-5,1],[-1,-3],[-2,0],[0,4],[-2,2],[-6,1],[-2,5],[0,5],[3,4],[-1,5],[6,7],[6,3],[2,-3],[2,0],[1,2],[4,0],[1,7],[4,2],[0,-3],[4,3],[2,-1],[4,2],[0,3],[-2,2],[5,3],[1,5],[-3,3],[2,2],[-2,4],[2,1],[0,4],[3,6],[3,0],[-3,4],[5,3],[1,2],[1,4],[5,4],[1,1],[4,1],[2,3],[4,3],[5,-1],[2,-2],[2,-1],[-2,14],[3,1],[0,3],[-5,7],[2,4],[-2,3],[-1,5],[2,2],[4,8]],[[7603,5583],[9,1],[36,1],[20,0],[63,-3],[0,27],[231,0]],[[7962,5609],[6,-15],[-7,-39],[1,-18],[-46,-102],[19,1],[-1,-7],[-4,-5],[-3,-2],[-2,-6],[2,-1],[1,-5],[3,0],[5,-11],[1,-5],[2,-3],[2,-7],[3,-2],[1,-3],[5,-5],[0,-2],[5,-5],[2,-3],[2,-1],[1,-3],[6,-4],[10,-3],[4,-6],[9,-2],[3,-2],[15,-7],[-1,-25],[-2,-29],[-10,-43]],[[8843,4683],[0,6],[2,6],[3,1],[4,27],[17,9],[-18,20],[1,3],[1,12],[-2,11],[0,2],[-2,3],[-15,46],[8,66],[-24,1],[-56,1],[-2,80],[17,0],[1,6],[15,8],[2,34],[2,30]],[[8797,5055],[56,-4],[10,2],[2,13],[100,-34],[44,33],[-10,8],[-7,-1],[-11,2],[1,3],[-1,8],[7,5],[15,3],[2,4],[11,3],[10,0],[2,2],[3,69],[20,4]],[[9051,5175],[22,4],[21,-5],[52,-17],[66,-27],[13,-7],[13,-5],[99,-25],[23,-10],[10,-14],[20,-1],[2,-1],[4,0],[11,0],[4,-2],[7,3],[5,-2],[7,4],[5,-5],[37,-3],[24,-17],[21,-29],[15,-31],[1,-7],[31,9],[3,0],[4,1],[0,2],[12,4],[1,-2],[51,14],[39,-102],[10,-27]],[[9684,4877],[-11,-5],[-67,-12],[-30,-7],[-19,-4],[-8,-4],[-14,-11],[-5,0],[-11,-5],[-9,-3],[-11,-11],[-4,-2],[-3,-1],[-9,-2],[-28,-10],[-5,-4]],[[9450,4796],[-16,7],[-5,2],[-1,-2],[-40,-9],[4,-15]],[[9392,4779],[-20,-6],[-13,-4],[-17,-4],[-3,-2],[-35,-27],[-28,-22],[-24,-16],[-12,-7],[-14,-7],[-46,-16],[-1,2]],[[9179,4670],[-11,1],[-12,1],[-6,-1],[-11,4],[-4,-7],[-5,-2],[-12,-4],[0,-1],[7,1],[1,-1]],[[9126,4661],[-19,-7],[-17,-7],[-19,-9],[-12,-6]],[[9059,4632],[-7,-3],[-3,-1],[-12,-1],[-8,-2],[-18,-5],[-13,-2],[-11,-4],[-9,-3],[-18,-3],[-17,-6],[-6,-2],[-18,-6]],[[8919,4594],[0,90],[-76,-1]],[[8170,3047],[-9,5],[-15,19]],[[8238,3059],[6,2],[18,-9]],[[8262,3052],[9,-5]],[[8271,3047],[-11,-15]],[[8260,3032],[-9,-11],[-1,-3],[3,-3],[-3,-3]],[[8250,3012],[-7,-2]],[[8243,3010],[-12,6],[-1,-1],[-60,32]],[[8163,2617],[2,1]],[[8165,2618],[4,0],[4,-1],[1,-5],[4,-4],[0,-2],[4,-3],[-1,-4],[-5,0],[-3,-1],[-3,0],[-1,-4],[-4,-6],[3,-1],[-8,-12]],[[7986,2576],[-5,0]],[[7979,2581],[5,0]],[[7984,2581],[2,-5]],[[8265,2695],[1,1],[-32,3],[-8,1]],[[8226,2700],[1,3],[2,2],[1,5],[4,6],[5,2],[2,3],[-1,3],[-3,4],[0,3],[2,2],[-2,2],[1,6],[13,2],[0,6],[3,2],[5,-1],[4,-2]],[[8263,2748],[4,-3],[4,-2],[-1,-3],[5,-3],[6,-1],[1,-2],[5,-2],[1,-3],[-1,-3],[3,-1],[8,1]],[[8808,2778],[4,-4],[0,-29],[2,-3],[-6,-2],[-2,1]],[[8806,2741],[-8,3],[-11,3],[-4,2],[-4,4],[0,2],[2,3],[5,4]],[[8786,2762],[12,6],[6,5],[2,1],[2,4]],[[6800,2462],[1,0],[42,18],[0,-19],[10,1],[9,5],[12,1],[8,0],[4,1],[8,0],[8,2],[19,1],[6,-1],[2,1],[34,1],[35,0],[0,-25]],[[6998,2448],[-14,-6],[-9,-4],[-10,-6],[-8,-5],[-7,-8],[-3,-6],[1,-4],[1,-5],[-6,-2],[3,-1],[-4,-2],[-5,0],[-12,2],[-7,0],[-4,-3],[-3,1],[-4,2],[-6,0],[-7,3],[-4,0],[-4,2],[-6,0],[-18,-4],[-3,-4],[-10,-4],[-3,-2],[-6,-6],[-2,-2],[-5,-5],[-1,-3],[-6,-6],[-4,-5],[2,-4],[-2,-3],[0,-8],[1,-2],[-2,-1],[-4,1],[-2,-2],[-3,0],[-2,-4],[-4,1],[-6,-2]],[[6800,2341],[-1,2],[-5,3],[-4,3],[-2,10],[-11,14],[-24,15],[13,5],[34,40],[0,0],[0,29]],[[5498,2890],[10,8],[8,3],[15,-13],[15,8],[9,3]],[[5555,2899],[3,-6],[-1,-36],[-3,-4],[9,-7]],[[5558,2846],[-59,0]],[[5499,2846],[-3,4],[1,3],[3,7],[-2,6],[1,6],[-1,18]],[[9518,614],[-70,0],[-67,0]],[[9381,614],[-15,0]],[[9366,617],[0,43],[0,8],[0,39]],[[9409,735],[72,0],[24,0]],[[8626,2629],[9,7]],[[8635,2636],[4,-2],[-8,-6],[-3,-1]],[[9823,1106],[0,49]],[[9971,1155],[-1,-54]],[[8352,4038],[0,75]],[[8352,4113],[51,0],[78,1]],[[8481,4114],[0,-85]],[[8481,4029],[-7,3],[-5,1],[-6,0],[-13,1],[-15,1],[-1,1],[-20,1],[-23,4],[-20,-4],[-12,0],[-7,1]],[[8551,3122],[-1,-1]],[[8464,3137],[7,-4],[12,-2],[6,8],[12,11],[22,0]],[[8510,2658],[1,2],[4,20],[2,-3],[17,0]],[[8534,2677],[0,0],[33,-1],[0,-9]],[[8567,2667],[-3,-3],[-4,-2],[-4,-2],[-1,-1],[0,-12],[-3,1],[-3,3],[0,-8],[-30,0],[0,2],[-5,-3],[-7,0]],[[8155,2949],[-5,-1],[-14,1],[0,1]],[[8136,2950],[3,33],[3,0],[-1,4],[8,4],[-20,11]],[[8129,3002],[20,25]],[[8149,3027],[9,11],[-2,1],[14,8]],[[8243,3010],[-13,-3],[-2,-4],[-5,-3],[-9,-10]],[[8214,2968],[-4,-3],[-14,13],[-24,-17],[7,-6],[-17,-12],[-7,6]],[[8025,2583],[1,-5]],[[8026,2578],[-8,4]],[[8018,2582],[7,1]],[[9996,7205],[0,-86],[1,-216],[0,-62],[0,-80],[0,-78],[0,-44],[0,-110],[0,-68],[0,-141],[0,-55],[0,-170],[0,-41],[0,-72],[0,-64],[0,-89]],[[9997,5829],[-20,0],[-11,-3],[-305,5],[-4,-10],[1,-242],[-104,-2],[-52,-5],[-28,-1],[-84,4],[-15,-1],[1,2],[-163,-4],[-141,11],[-5,-45]],[[9067,5538],[-129,13],[4,32],[-1,2],[6,49]],[[8947,5634],[13,120],[21,-2]],[[8981,5752],[-2,-2],[1,-5],[2,-3],[3,0],[5,3],[1,-1],[3,0],[-2,-4],[-1,-3],[9,1],[4,-1],[1,-1],[9,5],[5,6],[4,3],[3,3],[3,1],[3,2],[1,3],[0,3],[2,0],[2,-2],[3,-2],[-1,4],[4,4],[2,1],[1,4],[-6,10],[-5,4],[-1,4],[3,7],[1,4],[5,7],[3,5],[3,6],[5,3],[2,5],[1,5],[5,12],[10,10],[2,3],[7,6],[4,1],[4,-1],[-5,-2],[-4,-3],[2,-4],[-2,-4],[-3,-2],[-7,-3],[-3,-3],[-2,-6],[-2,-2],[0,-2],[-3,-5],[1,-2],[-2,-6],[1,-3],[8,2],[13,7],[4,3],[4,4],[6,12],[4,10],[0,7],[2,4],[4,3],[7,6],[5,7],[10,14],[4,7],[1,5],[2,16],[4,15],[0,6],[2,9],[1,3],[5,3],[2,3],[-1,2],[1,9],[3,6],[4,6],[1,6],[2,6],[0,3],[2,7],[1,6],[-1,4],[2,17],[8,15],[0,4],[0,8],[-1,4],[-4,7],[-1,5],[1,13],[-1,9],[-4,12],[-1,6],[-1,11],[1,8],[-1,7],[-1,8],[0,6],[5,16],[5,7],[5,7],[4,7],[2,5],[3,5],[4,6],[4,14],[3,12],[0,10],[2,8],[3,4],[2,9],[6,9],[3,3],[1,7],[3,5],[0,10],[2,2],[0,8],[-2,12],[-8,19],[-4,12],[0,3],[-2,6],[-12,16],[-2,3],[-10,14],[-6,7],[-4,6],[-7,8],[-6,3],[-3,2],[-6,6],[-4,9],[-1,7],[0,4],[-2,9]],[[9277,6802],[59,-1],[1,65],[-40,61],[0,89],[15,-8],[269,-3],[-1,189],[416,11]],[[7931,2603],[1,-5],[-4,-3]],[[7928,2595],[-8,-2]],[[7920,2593],[0,6],[-1,1]],[[7919,2600],[0,2]],[[7919,2602],[4,1],[5,-3],[3,3]],[[7919,2602],[-1,13]],[[7918,2615],[12,1]],[[7930,2616],[1,-12]],[[7931,2604],[0,-1]],[[8019,2572],[-6,0],[-2,0]],[[8011,2572],[0,5]],[[8011,2577],[7,0],[0,5]],[[8026,2578],[3,-4]],[[8029,2574],[-11,0],[1,-2]],[[9518,462],[-12,8],[-5,6],[-1,6],[-8,7],[-6,-3],[-10,2],[-2,-2],[-8,-3],[-5,-4]],[[9461,479],[-1,1],[-17,11],[-2,4],[-6,-3],[-1,3],[-6,8],[-7,8],[0,18],[-12,-3],[-42,-18]],[[9367,508],[0,40],[-4,5],[-4,3],[-6,2],[-14,14]],[[9339,572],[21,14],[4,3],[4,2],[6,5],[5,3],[0,1],[2,14]],[[9518,614],[0,-28]],[[9518,586],[0,-87],[0,-15]],[[9518,484],[0,-22]],[[9164,2890],[0,-47],[0,-28],[-1,0],[1,-22],[3,-1],[3,-8],[8,-6],[-1,-25]],[[9109,2890],[55,0]],[[8268,6172],[5,1],[11,5],[10,-2],[4,1],[3,2],[7,1],[6,-1],[6,-2],[6,2],[3,3],[0,10],[2,3],[0,5],[2,2],[-1,3],[7,3],[1,0],[8,1],[8,13],[-1,3],[-1,4],[-1,5],[-1,7],[-4,10],[-18,12],[-3,-4],[-14,-9],[-10,-3],[-10,-5],[-7,-3],[-4,-2]],[[8282,6237],[-3,9],[11,8],[8,7],[9,9],[6,7],[2,6],[0,4],[-1,4],[-5,3],[-2,4],[-1,24],[-3,14],[-2,8],[5,-1],[4,6],[28,3],[7,3],[8,0],[12,1],[5,1],[29,5],[15,1],[15,3],[30,3],[3,7],[0,16],[-1,5],[0,2],[5,14],[-1,5],[-4,5],[-7,0],[1,2],[3,2],[1,3],[0,4],[-8,3],[-4,13],[13,15],[23,-2],[22,10]],[[8850,6166],[1,-3],[4,1],[1,-2],[-7,-2],[-2,3],[-2,1],[-2,-1],[4,-6],[-1,-2],[-3,-1],[-1,-1],[-4,-3],[1,-3],[0,-4],[-1,-2],[-4,-4],[-3,3],[-3,-1],[2,-3],[-3,-3],[2,-1],[3,1],[-1,-4],[1,-5],[-3,-1],[-2,-2],[1,-5],[3,-3],[-3,-2],[2,-3],[-1,-3],[-1,-7],[-3,-5],[-3,-1],[-2,-3],[-11,-6],[-2,-5],[-2,-1],[-1,-2],[2,-2],[4,-7],[5,1],[-3,-4],[-4,-2],[-5,-1],[1,-2],[-3,-1],[-2,2],[-3,1],[-3,-3],[0,-2],[2,-5],[-3,-1],[-2,0],[-3,-3],[-3,-5],[-1,-5],[-2,-2],[-3,0],[-1,-2],[1,-3],[-6,0],[-1,-2],[3,-2],[3,0],[2,-2],[-5,-3],[-5,-5],[1,-4],[2,-1],[1,-2],[3,-2],[-3,-5],[-3,0],[-2,2],[-3,1],[-1,-3],[-3,-2],[-5,1],[-3,-1],[0,-2],[-3,-5],[5,-11],[2,-2],[0,-3],[-3,-1],[-3,0],[-2,-2],[1,-2],[3,0],[0,-3],[-2,-2],[1,-3],[6,-1],[-6,-7],[4,-5],[0,-3],[-2,-1],[-7,0],[0,-3],[2,-4],[5,-6],[3,-1],[1,3],[-1,3],[4,-1],[3,-1],[7,0],[3,-1],[2,-4],[-1,-3],[3,-1],[1,-2],[3,1],[1,3],[3,2],[4,0],[3,-2],[1,-3],[-3,-2],[-1,-3],[-6,0],[2,-5],[3,-2],[0,-3],[5,-2],[-2,-2],[1,-3],[3,-2],[5,-3],[10,-7],[3,-1],[6,2],[2,5],[0,8],[1,5],[3,-3],[1,-2],[5,-5],[7,-5],[1,-2],[-3,-2],[-1,-3],[2,-2],[6,2],[6,-2],[1,-5],[-5,3],[-2,-5],[-5,-4],[0,-2],[3,0],[2,-2],[-2,-3],[-2,-4],[-2,-3],[-6,-1],[-3,1],[-3,0],[6,-4],[3,-1],[4,0],[0,-2],[-1,-5],[0,-2],[4,-6],[-1,-2],[-3,3],[-6,11],[-1,2],[-3,1],[0,-3],[3,-5],[0,-5],[5,-7],[0,-3],[3,0],[3,1],[3,3],[2,-1],[2,-5],[2,-2],[4,-2],[9,-2],[5,-3],[3,0],[2,-3],[2,-1],[6,-2],[2,-2],[5,-3],[3,-3],[3,0],[6,3],[17,6],[7,6],[-3,-6],[3,-1],[6,13],[0,2],[-9,2],[-5,3],[-1,3],[2,1],[4,0],[1,-3],[8,-4],[2,-3],[0,-6],[3,1],[2,5],[1,9],[-4,1],[-1,2],[3,6],[3,1],[1,-3],[0,-4],[1,-3],[6,-3],[1,-2],[2,0],[2,-5],[2,0],[0,6],[6,0],[2,-1],[8,8],[7,4],[3,-1],[-3,-3],[0,-10],[5,-3],[-3,-2],[-6,-3],[1,-3],[-6,-4],[2,-1],[6,6],[2,-1],[5,2],[3,2],[5,-1],[-2,-5],[6,0],[4,-5],[-3,-2],[-1,-3],[6,2],[3,-1],[1,-5],[2,-3],[0,-5],[1,-2],[-6,0],[0,-7],[6,2],[0,-3],[-4,-2],[-3,-5],[1,-2],[6,0],[2,-2],[-2,-3],[-3,0],[-2,-3],[-23,-19]],[[8947,5634],[-175,15],[-24,0],[-49,1]],[[8699,5650],[-9,108],[-174,27],[-4,-2],[-9,4],[-15,7],[-19,4],[-9,-1],[-11,1],[-8,-1],[-16,3],[25,38],[-73,16],[-38,7]],[[7934,2695],[3,3],[3,3],[5,1],[2,-3],[3,-1],[-3,-3],[-3,-1],[-5,0],[-5,1]],[[8122,2875],[0,-11]],[[8122,2864],[-3,4],[-2,-1],[-6,4]],[[8111,2871],[0,2],[5,2],[2,2],[4,-2]],[[8100,2906],[20,-2],[-1,-7]],[[8119,2897],[2,-2]],[[8121,2895],[-2,-2]],[[8119,2893],[-12,-10],[-1,-7]],[[8106,2876],[-8,2],[-5,-1],[-10,21]],[[8083,2898],[15,-1],[2,9]],[[8144,2872],[0,-5],[5,-1],[2,-3],[-4,-3],[-4,-2],[-11,0]],[[8132,2858],[-2,1],[-2,2],[-3,-1],[-3,4]],[[8122,2875],[4,3]],[[5649,4363],[-32,8],[-5,6],[-20,0],[-1,12],[-193,-1],[0,-32],[-1,-1]],[[5397,4355],[-1,0],[-7,0],[-7,-1],[-1,1],[-5,-1],[-19,-1],[-6,-1],[-4,1],[-6,-1],[-3,-1],[-2,1],[-7,2],[-3,0],[-2,1],[-4,1],[1,-3],[-8,-3],[-3,0],[-5,0],[-4,-1]],[[5301,4349],[-4,-1],[0,40],[-42,0]],[[5255,4388],[0,121],[-45,0],[-83,-1],[-16,0]],[[5073,4598],[38,0],[0,183],[10,-4],[4,-3],[7,-2],[2,-2],[3,-9],[2,-2],[6,-4],[35,-17],[4,-3],[6,-7],[2,-1],[17,-2],[37,-13],[4,0],[11,-8],[4,-1],[12,-5]],[[5277,4698],[-1,-10],[28,10],[26,-47],[9,-4],[15,-2],[4,0],[13,4],[19,-1],[11,2],[25,-1],[4,-1],[24,-18],[1,-9],[4,-2],[12,0],[2,-1],[2,-4],[0,-2],[6,-2],[1,-3],[4,-1],[2,-5],[3,-3],[2,-4],[6,1],[6,0],[12,2],[8,1],[22,-1],[0,-11],[47,-61]],[[8022,2878],[9,1],[6,-1],[3,-3],[5,-6],[6,-5],[2,-1],[14,-1],[0,-3]],[[8022,2846],[-1,27],[1,5]],[[8132,2858],[1,-2],[2,-2]],[[8113,2861],[0,5],[-2,4]],[[8111,2870],[0,1]],[[8104,2863],[-1,3],[0,3],[4,-1],[4,2]],[[8224,2381],[1,3],[3,2],[5,11],[4,5]],[[8241,2413],[8,-5],[-1,-1],[7,-4],[-2,-3],[4,-1],[-1,-4],[5,-2],[-3,-4],[-3,-11]],[[8255,2378],[-5,-1],[-5,-2],[-3,-4],[-2,4],[-4,-1],[-2,3],[-6,-2],[-1,4],[-3,2]],[[7765,3905],[0,2],[-3,2],[-2,3],[1,1],[4,-2],[3,1],[0,1],[-2,2],[1,7],[-7,2],[-1,3],[2,4],[-4,4],[-4,0]],[[7753,3935],[7,3],[1,1],[18,0],[10,-2],[6,2],[3,-2],[4,-1],[3,1],[3,-1],[6,-1],[-1,4],[7,0],[4,-1],[3,-2],[7,-2],[5,-4],[12,-6],[2,0],[6,-8],[11,-17],[3,0],[4,3]],[[7877,3902],[18,2],[1,-3],[3,-5],[0,-3],[3,-3],[3,-1],[-1,-3],[-1,-5],[5,-1],[2,1],[12,-1],[3,-2],[3,2]],[[7941,3862],[-2,-1],[0,-7]],[[7939,3854],[-2,0],[-2,2],[-6,-1],[-5,1],[-2,-1],[-19,-7],[-15,-2],[-4,0],[0,-4],[-2,-1],[1,-4],[-8,0],[1,-1],[-9,-1],[0,-4],[-13,0],[-3,5],[-36,0]],[[7815,3836],[-2,9],[-2,1],[-2,11],[2,21],[-4,-5],[-2,-5],[-5,-2],[-2,1],[-6,-1],[-6,1],[-23,-5],[5,5],[5,8],[4,4],[2,5],[-2,4],[-6,2],[-4,-1],[0,9],[2,3],[-3,2],[-1,2]],[[7990,2663],[-8,0]],[[7997,2675],[18,-3],[2,0]],[[8017,2672],[-6,-8]],[[9309,2000],[-46,0]],[[9271,2111],[0,21],[-26,0],[3,2],[0,14],[0,14],[11,0],[0,28],[-6,1],[0,35],[-5,0],[0,21],[15,0],[0,33],[-4,-1],[-10,0],[0,18]],[[9249,2297],[102,-1]],[[9351,2296],[0,-50],[-3,0],[0,-21],[1,-3],[-5,1],[0,-35],[-4,0],[0,-25],[2,-1],[5,-2],[4,-2],[0,-29],[-9,-3],[1,-27],[3,0],[2,-3],[4,0],[4,-1],[1,-3],[-51,0],[1,-20],[-1,-20],[4,0],[-1,-52]],[[8486,3356],[-12,0],[0,10],[-12,-7],[0,31],[-2,0]],[[9590,3075],[-3,-5],[9,-19],[-3,-14],[-11,3],[-11,-1]],[[9571,3039],[-1,2],[-4,1],[0,3],[4,1],[0,2],[-5,4],[-4,2],[-5,0],[-4,-1]],[[9552,3053],[9,34],[29,-12],[0,0]],[[9560,230],[61,-1]],[[9638,177],[-3,-1],[-14,-5],[-7,0],[-4,1],[-21,0],[-3,-1],[-8,-6],[-15,0]],[[9512,187],[4,0],[2,1],[12,3],[6,3],[10,0],[12,8],[5,0],[-11,14],[3,0],[0,14],[5,0]],[[9458,279],[13,5],[3,-3],[5,-10],[4,0],[8,2],[4,1],[3,-2],[6,0],[6,-6],[5,-11],[45,0],[0,-25]],[[7553,4109],[1,-2],[0,-28]],[[7554,4079],[0,-14],[-1,-2],[0,-7]],[[7537,4047],[2,3],[-8,1],[-1,2],[-3,1]],[[7527,4054],[-3,1],[-4,-1],[-2,-3],[-2,-4],[-3,-1],[-4,3],[0,3],[2,2],[1,8],[1,2],[7,4],[-6,2],[1,2],[3,2],[4,0],[5,2],[10,7],[2,5],[2,2],[2,7],[-1,4],[-4,2],[-1,2],[-10,5],[-1,-2]],[[7526,4108],[-2,1],[2,4]],[[7526,4113],[1,3],[4,2],[0,3],[4,-1],[0,3],[-4,11],[-4,5]],[[7527,4139],[4,1]],[[7531,4140],[11,-19],[7,-7],[4,-5]],[[9996,7957],[-163,0],[-120,0],[-412,156],[-249,94],[-18,7],[0,17]],[[9034,8231],[-3,139],[-13,94],[-2,49],[62,0],[1,97],[9,0],[-35,36],[1,28],[5,494],[1,39],[124,0],[1,121],[0,0],[-127,0],[-1,2],[-101,-18],[-56,-28],[-33,0],[22,113],[-1,12],[-5,72],[-24,92],[-68,2],[-11,26],[-32,28],[-77,6],[-9,3],[-1,7],[-1,5],[7,9],[1,2],[0,6],[-1,3],[-4,3],[-2,5],[0,4],[-86,0],[-112,315],[1,2]],[[8464,9999],[40,0],[85,0],[67,0],[335,0],[67,0],[201,0],[201,0],[67,0],[268,0],[67,0],[59,0],[75,0],[0,-20],[0,-210],[0,-36],[0,-72],[0,-97],[0,-48],[0,-73],[0,-78],[0,-127],[0,-156],[0,-73],[0,-78],[0,-42],[0,-149],[0,-77],[0,-39],[0,-181],[0,-37],[0,-72],[0,-53],[0,-67],[0,-99],[0,-77],[0,-81]],[[9783,8550],[2,2],[9,-2],[0,2],[-10,2],[-1,1],[-7,0],[0,-12],[7,0],[0,7]],[[8491,2412],[7,0],[9,2],[12,4]],[[8519,2418],[6,1],[8,0],[6,-1],[11,-3]],[[8550,2415],[-10,-18]],[[8492,2387],[-5,7],[0,2],[4,10],[0,6]],[[8012,2620],[-3,1],[0,-5]],[[8009,2614],[-1,-1]],[[8008,2613],[-1,3],[-2,3]],[[8005,2619],[0,7]],[[8005,2627],[7,-7]],[[8069,3174],[2,18],[-4,1],[2,9]],[[8069,3202],[4,-1],[27,-2],[3,-12],[19,-2],[2,-2],[5,1]],[[8129,3184],[-1,-13],[-26,2],[-2,-10],[-2,-3],[-1,-3]],[[7998,3455],[-1,7],[-4,7],[-4,4],[-1,3]],[[8016,3477],[1,-6]],[[8017,3471],[2,-9],[1,-2],[-7,-1],[1,-4],[-4,-1],[-5,1],[-7,0]],[[8043,2656],[-1,-1]],[[8042,2655],[0,2]],[[8042,2657],[-3,3],[-1,5]],[[8038,2665],[18,1]],[[8056,2666],[-2,-3],[-2,-3],[-9,-4]],[[7938,2667],[-6,-3],[-5,0]],[[7927,2664],[0,6],[4,2],[-5,2],[9,16],[0,3]],[[7935,2693],[5,-2]],[[7945,2676],[0,-6],[2,-2]],[[7947,2668],[-3,1],[-6,-2]],[[7886,3998],[0,-4],[-3,-8],[-2,-8],[0,-8],[-5,-7],[1,-2],[9,-13],[-2,-7],[1,-23],[-8,-16]],[[7753,3935],[-5,-1],[-11,-5],[-4,-1],[0,3],[-1,8],[0,22],[1,5],[-3,14],[-1,5],[-5,2],[-4,0],[-8,-3],[-3,-3]],[[7711,4015],[5,2],[27,-6],[24,6],[5,4],[7,-6],[12,-1],[4,0],[0,7]],[[7967,2565],[0,4]],[[7967,2569],[-1,3]],[[7966,2572],[7,5]],[[7908,2669],[1,-4]],[[7903,2666],[1,3]],[[8045,2575],[0,-4],[-4,-1],[0,-3],[-5,0]],[[8036,2567],[-2,1]],[[8034,2568],[-5,6]],[[8029,2574],[4,0]],[[8033,2574],[8,1]],[[8028,2524],[-14,0],[0,1]],[[9846,198],[4,8],[35,-11],[3,7],[5,3],[5,6],[1,0]],[[9899,211],[17,6],[11,2],[4,3],[1,3],[1,4],[2,4],[13,4],[4,3],[6,2],[11,1],[4,2]],[[9973,245],[-1,-42],[-1,-19]],[[9920,153],[-3,2],[-16,7],[0,5],[-10,3],[-3,0],[-12,0],[-7,0],[-9,3],[3,6],[-4,1],[-9,3]],[[9850,183],[-11,3],[7,12]],[[9615,353],[2,0],[6,6],[7,0],[4,3],[4,3]],[[9638,365],[6,-4],[0,-2],[-2,-2],[4,-3],[0,-5],[5,0],[1,-6],[0,-9],[19,0],[15,0],[3,-1],[3,-2],[7,-4],[4,2],[12,1],[4,1],[3,-1],[4,0]],[[9730,280],[0,-9],[-35,0]],[[9665,287],[-6,0],[0,4],[-6,0],[0,6],[-4,0],[-2,4],[-5,1],[-1,14],[-1,0],[-29,0],[-1,1],[-1,30],[11,0],[-5,6]],[[7931,2550],[-9,0]],[[7922,2550],[0,4],[-1,4],[2,1]],[[7923,2559],[1,-2],[6,1]],[[7930,2558],[1,-8]],[[7935,2546],[-4,0]],[[7931,2546],[0,4]],[[7930,2558],[11,0]],[[7941,2558],[4,1]],[[7945,2558],[-7,-3],[0,-6],[-5,-1],[2,-2]],[[7923,2559],[-1,4],[-1,4],[-3,5]],[[7918,2572],[5,0],[1,-2],[3,0]],[[7933,2570],[-1,-3],[5,0],[0,-8],[4,-1]],[[7922,2545],[0,5]],[[7931,2546],[-9,-1]],[[7946,2541],[-7,0]],[[7939,2541],[0,3],[-4,2]],[[7945,2558],[1,-17]],[[9824,667],[0,9],[-23,-7],[-5,-2],[5,33],[-65,7],[-7,1],[-3,2],[-4,-1],[-16,1],[-10,1],[-5,2],[-3,1],[-15,-3]],[[9673,715],[0,20]],[[9799,734],[36,-1]],[[9835,733],[54,0]],[[8025,2588],[7,0]],[[8032,2588],[1,-5]],[[8033,2583],[-8,0]],[[8033,2581],[0,-7]],[[8033,2583],[0,-2]],[[7992,2728],[2,-14]],[[7994,2714],[0,-6]],[[7994,2708],[0,-5]],[[9662,3126],[-2,-2],[-3,-8],[-5,-8],[0,-3]],[[9652,3105],[-3,-1],[-6,6],[-5,0],[-7,7],[-8,1],[-1,3],[-4,2],[-24,0],[-6,0]],[[9588,3123],[0,8]],[[9605,3156],[2,0],[7,-4],[8,-1],[3,-2],[6,0],[3,0],[4,0],[2,-8],[3,-3]],[[8044,2629],[0,-6]],[[8044,2623],[1,-3]],[[8037,2620],[0,4],[-2,2]],[[8100,2749],[3,1],[2,-2],[1,-4],[7,-1],[6,-5],[0,-3],[8,-1],[3,1],[0,-4],[3,-5],[7,1]],[[8140,2727],[1,-1],[-4,-6],[-4,1],[-7,-4],[-5,-1]],[[8121,2716],[-2,0],[-10,-7],[-4,-1]],[[8094,2709],[0,5],[-6,-7]],[[8088,2707],[-6,0],[-3,0],[-5,0],[-2,4],[-2,2],[-3,0]],[[8067,2713],[0,2]],[[8067,2715],[11,1],[-1,5]],[[8077,2721],[12,0],[8,4],[5,0],[-1,3],[0,2],[5,6],[-1,3],[-4,6],[-1,4]],[[9120,3222],[0,-29],[-21,-8]],[[9099,3185],[0,19],[-1,4],[3,0],[1,14]],[[9102,3222],[5,-2],[7,2],[6,0]],[[8221,2925],[8,16]],[[8229,2941],[5,0],[15,-4],[5,0],[13,6]],[[8267,2943],[-2,-6],[5,-1],[-6,-14]],[[8264,2922],[-4,-11],[-10,3],[-4,-9],[-10,3],[-19,6]],[[8217,2914],[4,11]],[[9280,3210],[-13,0]],[[9267,3210],[1,8]],[[9268,3218],[4,2],[4,3]],[[9319,3232],[0,-22]],[[9319,3210],[-39,0]],[[7997,2581],[0,-4]],[[7997,2577],[-2,-2]],[[7995,2575],[0,1],[-9,0]],[[7984,2581],[13,0]],[[8121,2118],[-6,-1],[3,14],[-5,0],[4,17]],[[8155,2143],[-1,-4],[9,-2],[-1,-4],[-3,-2],[5,-6]],[[8164,2125],[-4,-2],[-5,-2],[-2,-4]],[[8153,2117],[-9,1]],[[8144,2118],[0,2],[-23,-2]],[[8141,2104],[-4,2],[-18,3]],[[8119,2109],[2,9]],[[8144,2118],[-3,-14]],[[8184,2126],[-4,-2],[-10,2],[-6,-1]],[[8153,2117],[1,-3],[5,-7],[8,-3],[4,-2],[9,0],[7,-3],[6,-1],[15,-8],[5,-4],[6,-1],[3,-2],[15,-5]],[[8229,2075],[-8,2],[-7,3],[-25,9],[-7,2],[-4,2],[-22,7],[-15,4]],[[6674,1928],[6,3],[3,4],[4,2]],[[6683,1879],[2,-11],[2,-6],[4,-3],[-1,-5],[2,-4],[-1,-3],[2,-6],[-1,-14],[10,-9],[-1,-6],[-3,-4],[4,-10],[0,-3]],[[6702,1795],[-17,0],[-11,0],[-8,2],[-5,5],[-13,-4],[-8,-1],[-9,1],[-10,4],[-7,-4],[-4,-5],[-1,-2],[-4,-1],[-6,1],[-11,-3],[-2,3],[-17,4],[-2,1],[-22,0],[-3,0],[-20,0]],[[6537,1948],[15,1],[6,-5],[0,-5],[2,-3],[1,-5],[4,-5],[2,-6],[3,-6],[1,-5],[7,5],[2,2],[17,-2],[5,-3],[14,3],[10,-2],[13,-4],[8,5],[5,1],[3,2],[7,10],[6,0],[6,2]],[[8080,2741],[-10,0],[-3,0]],[[8067,2741],[4,9],[-5,2],[1,5],[3,-2],[8,12],[5,4]],[[8083,2771],[17,-7],[-1,-3],[8,3],[3,1],[9,-3],[4,-16],[4,0],[0,3],[8,1],[2,5],[3,3],[3,0]],[[8143,2758],[-3,-4],[-1,-3],[1,-3],[-3,-6],[1,-3],[8,-6],[1,-2]],[[8147,2731],[0,-1]],[[8147,2730],[-4,-1],[-3,-2]],[[8100,2749],[-1,-1],[0,-4],[-2,-3],[-11,0],[-3,1],[-3,-1]],[[7688,3328],[3,1],[4,-1],[15,1],[3,1],[9,0],[2,-2],[11,0]],[[7735,3328],[0,-10],[14,0]],[[7749,3318],[0,-54]],[[7955,3044],[-94,0]],[[7861,3081],[46,0],[0,12],[-2,10]],[[7905,3103],[36,-13]],[[9059,4632],[2,-2],[-6,-50],[17,-3],[11,0],[2,-2],[4,0],[24,17],[30,17],[14,3],[15,4],[22,-11],[-2,-5],[13,-12],[4,4],[6,-1],[22,-18],[5,-7],[4,-1],[1,-4],[6,-4],[3,-3],[1,1],[11,4],[6,-10],[4,-7],[2,-1],[0,-3],[2,-1],[2,-3],[3,-3],[5,-7],[6,-11],[7,-9],[29,-2],[15,0],[26,-1],[92,-5],[-4,-40],[-15,-37],[-49,3],[-5,-6],[-8,1],[-3,-4],[-29,-9],[1,-3],[-19,-10],[-16,8],[-10,-12],[-11,-8],[-47,-19],[-69,-67],[-28,21],[-68,-48],[46,-64],[-17,-6],[-34,-11]],[[9082,4185],[-55,-16],[-5,5],[-11,1],[1,15],[-9,6],[-59,36],[-26,-15],[0,-45],[-57,1],[-20,0],[-2,1],[-27,11],[-3,0]],[[8809,4185],[-5,3],[-11,11],[2,6],[-38,11],[36,50],[-103,4],[-65,18]],[[8625,4288],[0,77],[0,43]],[[8625,4408],[0,24]],[[8625,4432],[17,12],[6,3],[7,3],[23,14],[24,13],[12,10],[34,20],[31,19],[5,4],[8,8],[5,2],[11,7],[5,0],[21,10],[1,1],[7,4],[22,8],[11,4],[12,3],[11,2],[21,15]],[[7905,2614],[-2,9]],[[7903,2623],[1,2]],[[7904,2625],[4,0],[0,5],[-1,4],[0,2],[10,0]],[[7917,2636],[1,-21]],[[7918,2615],[-13,-1]],[[7994,2714],[16,-10]],[[8010,2704],[-4,2],[-3,-3],[-9,5]],[[8176,2411],[2,-9],[-2,-9],[-5,-4],[-6,0],[-5,0],[-3,2]],[[8157,2391],[-3,2],[-3,1],[1,10],[2,-1],[-2,8]],[[5691,2891],[-3,-5],[-4,2],[-5,-9],[-1,-8],[1,-15],[4,-4],[2,-3],[0,-4]],[[5685,2845],[-50,1]],[[5635,2846],[0,5],[-1,6],[-9,0],[0,2],[-3,5],[-5,1],[-4,4],[0,3],[-3,4],[1,4],[7,-1],[0,23]],[[5618,2902],[5,0],[4,2],[9,0]],[[8028,2650],[1,-5]],[[8029,2645],[-1,0]],[[8028,2645],[-11,-1]],[[8017,2644],[-4,0]],[[8013,2649],[15,1]],[[8059,2588],[2,1]],[[8061,2589],[1,-4],[5,0],[1,-2],[10,1],[0,-3],[11,0]],[[8089,2580],[-1,-5],[7,0],[-3,-4]],[[8059,2577],[-2,1]],[[8282,2974],[-5,1]],[[8277,2975],[-5,2],[-3,1],[-2,0],[-4,1],[-2,-1],[-3,-7],[-10,3]],[[8247,2984],[5,-2],[11,26],[-13,4]],[[8260,3032],[9,-4],[-3,-4],[2,-3],[3,-11],[3,4],[26,-14]],[[8300,3000],[-2,-3],[-9,3],[-6,-13],[1,-4],[2,0],[-4,-9]],[[8077,2721],[-1,5],[-4,1],[-2,0]],[[8070,2727],[5,5],[5,9]],[[8058,2696],[-6,1]],[[8052,2697],[-5,0],[-1,6],[-1,2]],[[8045,2705],[12,14],[6,-4],[4,0]],[[8067,2713],[1,-2],[-11,-1],[1,-14]],[[7829,3769],[-1,17],[-7,16]],[[7821,3802],[-6,34]],[[7939,3854],[4,-5]],[[7943,3849],[-2,-3],[-1,-9],[-2,-8],[0,-10],[2,-3],[0,-3],[-1,-2],[0,-4],[1,-2],[5,1],[2,-1],[9,-6],[-2,-3],[-3,1],[-3,0],[0,-20],[3,-7]],[[7951,3770],[-7,0],[-1,3],[-3,0],[-5,-2],[-1,-1],[-12,-1],[-6,1],[-14,3],[-2,3],[-6,-1],[-15,2],[-3,-1],[-6,3],[-8,0],[-9,-6],[0,-1],[-7,-3],[-2,-1],[-9,1],[-2,-1],[-4,1]],[[8098,3590],[-1,5],[-3,11],[-4,7],[-3,9],[-3,6],[-1,8],[-1,4]],[[8082,3640],[3,-1],[6,-5],[7,-1],[3,-1],[8,1],[12,-3],[6,-1],[13,-3],[12,0],[14,2],[9,1],[10,3]],[[8189,3601],[-16,-11]],[[8106,3564],[0,4],[-5,14],[-3,8]],[[8213,2698],[10,-1],[2,3],[1,0]],[[8263,2674],[-2,0],[-21,2],[1,-4],[-16,1],[-18,2]],[[9737,3116],[-1,-4],[-10,-10],[-7,-3]],[[9663,3099],[-2,1],[-4,1],[-3,2],[-2,2]],[[9687,3135],[2,3],[-1,7],[2,-2],[3,-4],[2,5],[4,0],[3,0],[1,2],[7,-2],[4,-2],[19,-19],[4,-7]],[[7926,2396],[-5,-3],[-6,0],[0,2]],[[7915,2395],[6,5]],[[7921,2400],[6,4],[3,2],[4,8],[0,3]],[[7934,2417],[0,8]],[[7934,2425],[11,0]],[[7945,2425],[1,-18],[-6,-2],[-4,-3],[-4,0],[-6,-6]],[[7919,2415],[-1,5]],[[7918,2420],[1,4]],[[7919,2424],[15,1]],[[7934,2417],[-1,-1],[-14,-1]],[[8101,3847],[0,-5],[-3,-2],[4,-6],[0,-3],[-5,-3],[1,-7],[-3,-8],[0,-1],[-2,-10],[0,-2]],[[8093,3800],[-80,0],[1,6],[4,14],[1,10],[1,5],[1,8],[-1,1],[1,3],[0,6],[-1,5]],[[8020,3858],[2,16]],[[8022,3874],[16,1],[13,3],[9,-1],[5,-2],[7,-6],[4,-2],[9,0],[7,-1],[2,-1],[7,-4]],[[8014,2607],[-5,-2]],[[8189,2496],[-7,2],[-3,3],[-4,5],[-4,4],[-2,-3],[0,-3],[-2,-3],[0,-4],[1,-7]],[[8148,2490],[1,2],[2,1],[1,7],[-7,5],[-3,0],[1,3],[3,5],[0,3]],[[8156,2521],[-3,3],[1,1],[7,-2],[8,4],[-4,5],[6,3]],[[8205,2512],[-1,-1]],[[8204,2511],[-2,3],[-3,-3],[-3,-6],[-1,-1],[-1,-6],[-5,-2]],[[7132,1798],[-1,103],[0,2],[0,27],[0,1]],[[7131,1931],[5,0],[20,-13],[4,-3],[9,2],[1,1],[6,1],[0,-8],[14,0],[50,0],[11,-10]],[[7281,1892],[0,-11],[-3,-2],[-3,-5],[1,-6],[-24,-17],[2,-1],[10,-4],[19,-6],[1,0]],[[7284,1840],[0,-8]],[[7284,1832],[-7,-3],[-1,-4],[2,-1],[-1,-3],[-3,-1],[-2,-2],[-1,-4],[-2,-3],[-5,1],[-16,-1],[-14,-2],[-8,-2],[-10,-2],[-10,-3],[-5,-3],[-12,-6],[-6,-4]],[[7872,3336],[7,0],[2,0],[12,-1],[104,-11]],[[8016,3281],[-5,-3],[0,-2],[-5,-2],[1,-3],[0,-2],[-4,-2],[-2,-2],[-3,-6],[6,-8],[0,-1]],[[8004,3250],[-12,-3],[-4,-1],[-3,2],[-3,-1],[-3,3],[-2,-3],[1,-2],[-4,-2],[-2,0],[-3,-5],[2,-1],[0,-7],[-4,0],[-1,-2],[3,-2],[-2,-2],[-1,-4],[-6,-1],[-5,4]],[[7955,3223],[-8,2],[-3,-1],[-6,3],[-3,0],[-3,-2],[-2,3],[-3,1]],[[7890,3290],[2,26],[-22,5],[2,15]],[[9216,2670],[56,0],[-1,2],[3,4],[2,5],[4,-5],[1,-2],[28,0],[-1,-3],[22,0],[-1,-4],[12,0],[27,0]],[[9368,2667],[3,-16],[-3,-3],[-2,-2],[8,0]],[[9374,2646],[0,-15],[0,-1],[0,-13],[-18,0],[-5,2],[-3,0],[-4,3],[-3,-6],[-1,-3],[3,-5],[-30,0],[-5,0],[-3,-2],[-3,-3],[-18,9],[-3,-3],[-3,-8],[-10,9],[-1,2],[-4,2],[-4,2],[-17,7],[-8,7],[-3,2],[-15,0]],[[8360,3504],[1,0],[7,2],[3,-4],[9,1]],[[8398,3447],[-6,-2],[-1,-4],[-4,-3],[-11,-1],[0,-5],[-2,-1]],[[8153,3965],[8,-3],[5,-5],[4,-2],[23,-13],[14,-7],[21,-4]],[[8228,3931],[5,-6],[3,-2],[4,-7],[7,-5],[9,-4],[2,1],[2,2],[4,0],[1,-2],[8,0],[7,3],[3,-2],[3,1],[5,-1],[3,1],[2,4],[4,2],[2,0],[5,3]],[[8307,3919],[3,-4],[2,-4],[0,-2],[2,-3],[-2,-5],[-1,-11],[12,0],[1,-1],[-4,-6],[2,-2],[0,-20],[1,-2],[0,-4],[-3,1],[-6,0],[0,-12],[-6,-2],[-3,-2],[-9,-3],[-7,-1],[0,-6],[12,0],[0,-10],[3,0],[-4,-13],[-3,-9]],[[8297,3798],[-55,0],[-21,0]],[[8221,3798],[2,3],[-1,10],[-13,0],[-16,27],[4,9],[3,4],[4,2],[0,2],[-1,12],[1,4],[3,1],[3,0],[2,2],[-1,3],[-3,1],[-8,5],[-13,5],[-2,2],[-13,-22],[-9,-6],[-12,-12],[-15,7],[-1,0]],[[7920,2463],[-9,0],[-4,-2],[-3,2],[-2,0]],[[7902,2463],[6,5],[2,3],[0,5],[1,4],[5,8],[1,3]],[[7917,2491],[0,-2],[18,1],[0,2]],[[7935,2492],[8,0]],[[7943,2492],[0,-5]],[[7943,2487],[-2,-3],[-8,-7],[-6,-5],[2,-2],[-2,-1],[-2,-4]],[[7925,2465],[-3,-2],[-2,0]],[[5753,3791],[-38,0]],[[5715,3791],[2,11],[0,37],[-29,0],[-43,0],[0,82]],[[5645,3921],[60,0]],[[5705,3921],[30,0]],[[8210,3154],[-16,-5]],[[8194,3149],[-3,-1],[1,3],[-1,8],[-2,5],[-2,3],[-1,2],[1,6]],[[8187,3175],[9,0],[2,8],[-8,2],[-3,2],[0,4],[6,0],[3,15]],[[8196,3206],[22,0],[0,5],[21,-1],[10,1],[0,-3],[6,0]],[[8255,3208],[-1,-5],[15,-1],[32,4],[6,0]],[[7159,3300],[3,2],[1,-2],[5,-1],[-2,-5],[-2,-1]],[[7164,3293],[-5,7]],[[8098,3061],[-3,-19]],[[8095,3042],[-1,-9],[-42,4]],[[8052,3037],[-22,2],[1,8],[2,3],[-3,1],[-2,2],[-1,-3],[-4,-1],[-1,-5]],[[8000,3096],[-1,4],[34,1],[2,10],[0,1]],[[8070,3126],[2,-2],[1,-5],[4,-2],[1,-4],[-2,-6],[-1,-6],[-3,-4],[-3,-10],[-3,-5],[4,-1],[7,-7],[5,-2],[2,-2],[4,-1],[5,-2],[2,0],[3,-4],[0,-2]],[[7737,4546],[-27,5],[-11,0],[0,36]],[[7715,4680],[55,0]],[[7770,4680],[-1,-5],[-3,-3],[-1,-4],[3,-12],[13,-3],[8,-1],[6,-4],[1,0],[9,-5],[4,-3],[0,-3],[4,-1],[0,-2],[6,-1],[2,-1],[2,-6],[0,-3],[2,-4],[7,3],[7,-1],[1,0],[10,-1],[14,-6]],[[8302,3231],[1,2],[-1,6],[-2,6],[1,5]],[[8301,3250],[2,2],[2,-2],[3,0],[6,0],[4,2],[10,2],[4,-1],[0,-2],[5,1],[3,-1],[4,1],[2,1],[2,-5],[22,3],[1,2]],[[8019,2638],[-1,-1]],[[8018,2637],[-1,7]],[[8028,2645],[-9,-7]],[[8435,3106],[-38,3]],[[8230,3538],[-1,0],[-9,-3],[-18,-2]],[[7985,2458],[-1,4],[-21,-1]],[[7963,2461],[-1,8],[-10,0]],[[7952,2469],[0,1]],[[7952,2470],[4,5],[10,1],[0,9],[-3,3],[0,4],[7,1]],[[7076,2624],[0,-24]],[[7076,2600],[-33,0],[-17,0]],[[7026,2600],[7,7],[5,5],[2,4],[5,13],[0,5],[0,4],[0,3]],[[8482,4287],[96,0],[47,0]],[[8625,4287],[0,-104],[0,-69]],[[8625,4114],[-94,0],[-50,0]],[[8481,4114],[0,42],[0,59],[1,48],[0,24]],[[8357,2507],[-12,5],[-1,-1],[-20,8],[-2,-1]],[[8279,2551],[-1,2],[9,2],[3,0],[6,7],[-3,3],[0,4],[5,5],[1,4],[-1,7],[2,3],[-3,5],[1,2],[3,1],[2,4],[3,2]],[[8306,2602],[3,5],[3,0],[7,3],[5,-2],[4,3],[0,4]],[[8328,2615],[31,-18]],[[8359,2597],[-12,-17],[-1,-3],[6,-2],[2,-1],[-1,-5],[2,-3],[5,-2],[1,-4],[2,0],[1,-3],[0,-2],[-3,-4],[0,-4],[-2,-2],[2,-3],[-2,-1],[0,-2],[-3,-3],[3,-8],[2,-1],[0,-7],[0,-2],[-3,-3],[-2,-5],[1,-3]],[[7888,3598],[5,2],[34,1],[0,7],[0,2],[7,-1],[6,-2]],[[7940,3607],[7,-1],[5,-1]],[[8321,2350],[3,3],[2,4],[8,1],[3,1],[-1,6],[-3,0],[0,2],[2,1],[0,3],[2,0],[-2,6],[-5,0],[1,2],[-1,5],[-6,0]],[[8324,2384],[-1,9],[12,1],[0,4],[4,0],[0,5],[13,1],[1,6],[3,1],[1,4],[5,2]],[[8386,2400],[0,-22],[0,-18],[1,-1],[15,-1],[4,-2],[14,-11],[3,-1]],[[8423,2344],[-1,-1],[-12,-1],[-1,-17],[-44,-1],[-4,9],[-11,-4]],[[4264,4648],[0,63],[1,0]],[[4291,4711],[2,-4],[56,-22],[4,1],[16,1],[4,2],[20,-5],[0,-6],[0,-32],[-4,-1],[31,-3],[1,0],[0,-42],[10,-1],[8,0],[-2,-26]],[[4437,4573],[-49,2],[-24,2]],[[4364,4577],[-5,4],[-4,4],[-5,4],[-5,9],[-2,3],[-6,2],[-9,11],[-7,7],[-4,3],[-11,7],[-6,4],[-3,0],[-7,4],[-4,1],[-4,3],[-8,3],[-10,2]],[[9414,427],[-19,6],[-33,14],[-2,-1],[-9,10],[16,15]],[[9367,471],[0,28],[0,9]],[[9461,479],[-6,-6],[-7,-18],[-1,-8],[-6,-6],[-2,1],[-15,7],[0,0]],[[9424,449],[-1,-1],[-14,-6],[3,-3],[2,-12]],[[7863,5044],[-21,0],[-60,0],[0,0],[-51,0]],[[7994,5239],[0,-18],[10,8],[7,5],[9,-10],[2,-2],[2,-3],[-1,-3],[1,-5],[3,-1],[4,-1],[2,2],[9,-1],[10,5],[9,1],[17,3],[11,4],[6,-3],[-1,-2],[2,-7],[-3,-24],[1,-1]],[[8094,5186],[-13,0],[-1,-3],[-4,-2],[-11,-2],[-5,-5],[-7,-3],[-4,-4],[1,-7],[-2,-2],[-6,-3],[-3,-5],[-3,-1],[-5,-2],[-6,-16],[2,1],[4,-2],[2,-3],[-1,-3],[-4,-3],[-3,-4],[-1,-5],[4,-2],[0,-3],[2,-9],[2,0],[2,-8],[4,-4],[2,-5],[0,-6],[1,-3],[0,-6],[2,-6],[0,-3],[1,-6],[-14,-7]],[[5638,2817],[18,-1],[15,0]],[[5671,2816],[-3,-6]],[[5668,2810],[0,-6]],[[8005,2559],[0,-1]],[[8005,2558],[-8,-1]],[[7997,2557],[0,7],[-2,2]],[[7995,2566],[9,1]],[[8004,2567],[1,-8]],[[8040,2521],[-2,-4],[4,-2],[1,-8]],[[7732,2098],[-8,14],[5,2],[-4,6]],[[7725,2120],[4,5]],[[7729,2125],[3,0],[3,-2],[9,1],[4,-2],[0,4],[1,4],[3,1],[1,3],[3,1],[8,1],[5,2],[-2,3],[-2,5],[0,3]],[[7765,2149],[8,-4],[6,0],[1,-6],[2,-5],[-3,-3],[-4,0],[3,-3],[5,-2],[2,-2],[8,-4],[9,-2]],[[7802,2118],[-4,-12],[-2,-3],[-3,1],[0,-6],[-4,-2],[-3,0],[-4,-4]],[[7782,2092],[-2,5],[-5,-2],[-2,4],[-4,6],[-27,1],[-2,-4],[-8,-4]],[[8241,2533],[3,2],[2,5],[0,3],[2,1]],[[8248,2544],[7,0]],[[8256,2527],[-10,-1],[1,8],[-6,-1]],[[8030,2089],[-2,9],[-2,4]],[[8026,2102],[12,1]],[[8041,2092],[-6,-1],[-5,-2]],[[8040,2584],[0,5]],[[8040,2589],[1,4]],[[8041,2593],[6,0]],[[8086,2506],[-5,0],[-1,5]],[[8080,2511],[4,2],[-1,2],[2,3],[-3,3],[2,1]],[[8084,2522],[5,2],[3,0],[1,-3]],[[8112,2512],[0,-2],[-5,-3]],[[8107,2507],[-3,1],[-16,0],[-2,-2]],[[8039,2596],[0,-2]],[[8039,2594],[-7,-1]],[[8032,2593],[0,3]],[[8032,2596],[5,-1],[2,1]],[[8059,2630],[0,-6]],[[8059,2624],[-7,-1]],[[8052,2623],[-8,0]],[[7924,2649],[3,-2]],[[7930,2635],[-6,3]],[[7924,2638],[0,10],[0,1]],[[7909,2599],[-4,15]],[[7919,2600],[-10,-1]],[[7912,2592],[-3,7]],[[7920,2593],[-8,-1]],[[8127,2879],[-7,1],[-1,13]],[[8121,2895],[11,-2]],[[8098,2671],[2,-1]],[[8100,2670],[-3,-3],[1,-6],[-1,-3],[2,-3],[3,-1]],[[8102,2654],[-3,1]],[[8074,2652],[-2,-3],[-5,0]],[[8072,2656],[4,1],[-1,6],[13,1],[4,1],[0,3],[5,1],[1,2]],[[8019,2567],[-7,0]],[[8012,2567],[-1,5]],[[8019,2572],[0,-5]],[[8261,2424],[5,-6],[5,0],[3,5],[8,2]],[[8282,2425],[7,-2],[3,0],[1,-4],[1,-7],[2,0],[1,-12],[1,-1],[0,-5],[-1,-4]],[[8297,2390],[-10,0],[-1,-2],[-7,0],[-1,-3],[0,-5],[-5,0],[1,-5],[0,-6],[2,-2],[-9,-7]],[[8267,2360],[-3,5],[-7,3],[-1,9],[-1,1]],[[8054,3571],[7,3],[20,9],[17,7]],[[8107,3481],[-12,-6],[-16,-3]],[[8079,3472],[-4,13],[-8,-7],[-24,-4]],[[8043,3474],[-1,15],[-2,1],[-6,-1],[0,5],[2,9],[-1,0],[-1,7],[-1,6]],[[8033,3516],[-3,10],[2,1],[-6,23],[5,1],[-4,11]],[[8067,2741],[-4,0]],[[8032,2648],[-3,-3]],[[8028,2650],[-1,5]],[[8027,2655],[10,0],[5,2]],[[8042,2655],[-10,-7]],[[8083,2845],[-19,-5]],[[8064,2840],[-9,-1]],[[8078,3649],[3,-5],[1,-4]],[[7965,2596],[7,0],[0,-2]],[[7972,2594],[0,-1]],[[7972,2593],[-7,-1]],[[5754,3542],[29,0],[1,35],[24,8],[15,8],[45,0]],[[5868,3593],[0,-28],[87,0],[0,-28]],[[5955,3537],[0,-107]],[[5955,3430],[0,-53]],[[5904,3377],[-131,1]],[[5645,3429],[0,62],[109,0],[0,51]],[[7967,2611],[2,8]],[[7969,2621],[1,0]],[[7979,2614],[-1,-1]],[[7978,2613],[-8,-1],[-3,-1]],[[8293,2111],[6,0],[9,-3]],[[8308,2108],[-9,-5],[-3,-1],[-8,0],[-7,-5],[-8,-6],[-5,0],[-5,1],[-7,3],[-3,-2],[0,-3],[-4,-2],[-3,0],[-4,4],[-2,1],[-5,-2],[-1,-3],[3,-2],[3,0],[3,-3],[-6,-5]],[[7963,2209],[8,0],[4,5],[4,1],[5,0]],[[7984,2215],[4,0],[3,-1],[2,0],[3,-1],[1,-5],[3,-2],[0,-2],[3,-3],[-2,-2],[3,0],[1,-7],[2,-1],[1,-4],[-4,-1],[-3,-3],[4,-5],[-2,-3]],[[8003,2175],[-4,-3],[-5,2],[-6,5],[-5,3],[-3,-1],[0,-2],[-5,-3],[-2,1],[-6,-1],[-4,2],[-4,0],[-5,1],[-4,-1],[0,-5],[-3,-1],[-5,1]],[[7942,2173],[-4,2],[-8,0],[-3,3],[-6,-1],[-4,-1],[-1,2],[-5,2],[-3,-2],[-9,3]],[[7899,2181],[2,2],[1,8],[7,3],[4,-2],[8,0],[2,3],[5,1],[2,3],[6,1],[-2,4],[3,1],[5,0],[5,2],[1,-3],[5,2],[3,3],[5,1],[2,-1]],[[8006,2098],[-7,4],[1,3],[-4,6],[0,3],[-2,4],[-5,5],[-5,-1],[-6,2],[-2,5],[2,3],[-7,6],[-2,2],[-3,-1],[-1,-4],[-2,-1]],[[7963,2134],[-11,0],[-1,2],[-7,3],[2,4],[-2,2],[1,3],[-4,5],[0,4],[-1,2],[-2,4],[4,3],[1,3],[-1,4]],[[8003,2175],[4,-1],[10,-2],[4,-3],[1,-3],[2,-2],[3,0],[1,-2],[4,-2],[3,-3],[3,-2],[0,-5],[-4,-2],[6,-1],[0,-1]],[[8040,2146],[2,-9],[1,-6],[-2,0],[-1,-7],[0,-6],[-1,-6],[2,-8]],[[8026,2102],[-5,-1],[-3,-2]],[[8018,2099],[-4,4],[-2,-4],[-6,-1]],[[8053,2656],[-8,0],[-2,0]],[[8056,2666],[6,1]],[[8062,2667],[6,0],[0,-3],[-6,0],[1,-7]],[[9197,3210],[-19,0],[-1,3],[-3,2]],[[9174,3215],[-3,5],[0,4],[2,8],[2,3],[6,4],[2,0],[10,-8],[3,-5],[2,-2]],[[9198,3224],[-1,-1],[0,-13]],[[9129,3063],[0,25],[0,28]],[[9129,3116],[37,0],[0,15],[74,0],[40,0]],[[9280,3131],[0,-25],[11,1],[24,0],[4,1]],[[7151,2477],[7,2],[15,0],[18,8],[3,0],[43,8]],[[7237,2415],[-2,-4],[0,-1],[-2,-5],[-1,-4],[-4,-2],[-5,-1],[-1,1],[-7,-1],[-3,1],[-4,0],[-1,1],[-4,-1],[-4,1],[-4,-1],[-6,5],[-6,2],[-3,2],[-1,3],[-7,6],[-5,3],[-7,2],[-9,7],[-3,0]],[[7148,2429],[0,16],[-1,3],[-1,10],[1,14],[4,5]],[[8039,2297],[-9,2],[-8,-2],[0,-4],[-3,-4],[-9,2],[0,-4],[-4,0]],[[8006,2287],[-3,5],[2,3],[-1,3],[-7,4],[-5,4],[-1,2]],[[7991,2308],[5,5],[1,2],[4,3]],[[8001,2318],[4,-2],[2,-2],[4,2]],[[8038,2310],[5,0],[-4,-13]],[[7686,3676],[0,-1],[0,-23]],[[7674,3618],[-13,5],[-14,4],[-2,1]],[[7645,3628],[0,11],[0,6],[0,31]],[[8062,2667],[0,3],[3,1],[16,1]],[[8081,2672],[16,1]],[[8097,2673],[1,-2]],[[7978,4122],[-3,1],[-4,-1],[-4,2],[-3,1],[-6,-4],[-9,-1],[-5,-1],[-8,0]],[[7863,4205],[21,-6],[14,-6],[4,0],[4,3],[5,6],[0,1],[5,4],[9,-2],[3,0],[11,-3],[2,0],[4,2],[4,1],[11,-1],[12,-3]],[[7972,4201],[-2,-4],[2,-5],[3,-3],[1,-7],[0,-9],[-2,-2],[1,-6],[1,-9],[-4,-3],[2,-2],[0,-6],[2,-3],[0,-3],[-1,-1],[-1,-4],[2,-1],[2,-11]],[[8061,2589],[7,0],[-1,6]],[[8067,2595],[4,0],[4,2],[3,-3],[3,3],[-3,2],[0,4]],[[8078,2603],[8,0],[2,0],[6,0]],[[8094,2603],[2,-1],[0,-5],[9,-3],[2,-1]],[[7894,3204],[8,-9],[-4,-2],[4,-3],[-5,-3],[2,-2],[-11,0]],[[8114,2670],[0,8]],[[8114,2678],[6,1],[1,3],[4,4]],[[8125,2686],[4,-1],[2,2],[4,-1]],[[8135,2686],[3,-1],[1,-2],[-5,-8]],[[8134,2675],[-2,-4],[-4,2],[-4,1],[-2,-4],[-4,-1],[-4,1]],[[7940,2532],[0,-7]],[[7925,2527],[-1,4]],[[7924,2531],[16,1]],[[7872,3336],[6,52]],[[7878,3388],[14,-2],[22,6],[2,-5],[18,0],[47,2],[10,0]],[[7991,3389],[-6,-15],[6,-1],[0,-7],[7,0]],[[7765,3905],[-10,-1],[-3,0],[-2,2],[-4,-1],[-3,-3],[-4,-1],[-2,-2],[-6,-3],[-2,-3],[-6,-1],[-10,-7]],[[8195,2784],[-2,-1],[-2,-7],[1,-2],[3,0],[-6,-14],[5,0],[0,-9],[-4,-1],[-4,-4],[-2,-2],[-4,-3],[-2,0],[-4,4]],[[8174,2745],[0,2],[-1,5],[-2,1],[-7,2],[-4,4],[-1,3],[-5,8],[-4,4]],[[8150,2774],[3,3],[6,3],[1,2],[2,2],[4,8],[2,1],[8,-2],[5,-5],[0,4],[6,-1],[2,-3],[6,-2]],[[7921,2400],[-2,7],[0,8]],[[8003,2576],[1,-5]],[[8004,2571],[-8,0]],[[7996,2571],[-1,4]],[[7997,2577],[0,-1],[6,0]],[[9972,969],[0,-15],[1,-49],[0,-30],[0,-21]],[[9973,854],[-19,0],[0,4],[0,14],[-26,0],[-24,-2],[-3,1],[-31,0],[-5,0],[-11,0]],[[9854,871],[4,3],[-1,4],[0,6],[4,3],[1,4],[3,5],[1,6],[1,6],[-5,-1],[-5,1],[-12,0]],[[9845,908],[1,5],[-2,4],[4,4],[0,15],[6,7],[1,7],[3,4],[1,3]],[[9859,957],[2,6],[-1,5]],[[9860,968],[5,1],[85,0],[22,0]],[[8042,2674],[-7,0]],[[8035,2674],[-7,0],[-5,-1],[-4,2]],[[8019,2675],[11,13],[2,3]],[[8032,2691],[8,-5],[2,1],[6,1]],[[8048,2688],[0,-9],[-6,-1],[0,-4]],[[8178,2704],[-9,-2],[-1,-2],[-5,-4],[-2,-4],[-4,-3],[0,-2]],[[8157,2687],[-7,-2],[-3,-2],[3,-6],[-5,0],[0,-2],[-2,-1],[-9,1]],[[8135,2686],[2,6],[4,-1],[2,6],[4,-1],[1,5],[4,0],[-2,3],[3,3],[-3,1],[3,9],[11,0],[-1,7],[-9,0],[0,6]],[[8154,2730],[6,-2],[3,0],[5,-3],[4,-1],[4,0]],[[8176,2724],[-2,-2],[1,-2],[-1,-6],[2,-5],[2,-3],[0,-2]],[[5159,6664],[-172,0],[-125,-20],[-103,1],[-147,3],[-53,1],[-92,1],[-109,8],[1,9],[-132,2],[-34,-1]],[[4193,6668],[-119,-2],[-38,-1],[-5,0],[-152,2],[-93,2],[-2,1],[-3,-1],[-5,0],[-3,1],[-6,-2],[-2,1],[-14,0],[-2,2],[-14,11],[-403,0]],[[3332,6682],[-2,453]],[[4026,7077],[24,0],[2,-3],[4,0],[7,-5],[7,-3],[1,1],[1,4],[1,1],[10,3],[281,-4],[102,-2],[103,-2],[50,-1],[81,-2],[6,0],[20,-10],[25,0],[43,0],[-1,25],[107,-18],[5,5],[56,15],[28,1],[10,-1],[24,-2],[14,-10],[54,0]],[[7714,3160],[17,0],[0,-7],[14,0],[0,-7]],[[7745,3108],[-36,0],[-8,-3],[-4,-5]],[[7697,3100],[-3,6],[0,2],[-4,5],[-2,5],[-3,5],[-3,6],[-3,19]],[[7679,3148],[6,-1],[-1,4],[2,9],[28,0]],[[4633,4207],[0,18]],[[4633,4225],[7,0],[1,2],[5,8],[-25,1],[0,76]],[[4848,4320],[0,-42]],[[4848,4278],[-32,1],[-27,-13],[-4,-2],[2,-3],[-2,-7],[-4,-5],[-1,-4],[4,-3],[0,-2],[2,-6],[0,-3],[-2,-1],[-3,-5],[-3,-27],[-8,1]],[[7963,2134],[-1,-3],[-5,-3],[-11,-9],[-6,2],[-4,2],[-3,-2],[-1,-3],[-4,-3],[1,-6],[-1,-3]],[[7853,2110],[-6,0],[-7,2],[-3,4],[0,4]],[[7824,2144],[0,8],[1,3]],[[7825,2155],[5,0],[6,3]],[[7836,2158],[4,-3],[3,0],[4,-2],[12,1],[11,0],[5,4],[1,3],[5,3],[1,7],[5,2],[2,3],[7,1],[3,4]],[[6546,2228],[-4,2],[1,2],[3,2],[3,1],[0,-3],[4,-1],[0,-2],[-5,-2],[0,-2],[-3,0],[1,3]],[[6639,2329],[-3,-8],[1,0],[-1,-4],[-8,0],[-5,-1],[-4,-1],[-2,-4],[1,-2],[-2,-2],[1,-3],[-2,-1],[-3,1],[-8,-1],[-4,-2],[-3,0],[-6,-1],[-8,1],[-3,0],[-2,-3],[0,-3],[-6,-5],[-3,2],[-3,-3],[-4,6],[-6,5],[-8,-1],[-4,5],[-5,0],[-2,3],[1,3],[-4,5],[-9,11],[-3,5],[-4,1],[-2,4],[3,0],[4,-2],[3,3],[-1,3],[-2,3],[6,0],[3,1],[4,4],[0,3],[0,5],[-3,5],[2,5],[0,3],[-1,6],[2,5],[5,-1],[4,0],[3,0],[4,-2],[5,2],[4,2],[4,1],[2,2],[5,1],[3,3],[1,2],[0,14],[4,3],[2,1],[5,2],[2,0]],[[6589,2410],[5,-2],[-1,-4],[2,-2],[-1,-18],[4,-2],[1,-4],[10,-5],[4,-1],[0,-4],[-4,-6],[2,-3],[2,-4],[5,-3],[6,-1],[7,1],[-4,-4],[3,-3],[4,0],[4,-11],[-3,-2],[4,-3]],[[6527,2359],[-2,-1],[-4,1],[0,3],[3,0],[3,-3]],[[8086,2506],[2,-4]],[[8088,2502],[-5,-1],[0,-3],[-6,-3],[1,-2],[-5,0],[1,-3],[-4,0],[1,-5],[-4,0]],[[8053,2510],[3,2],[4,0],[1,2],[3,0],[1,-3],[6,1],[7,-1],[2,0]],[[7463,1924],[0,7],[-2,3],[-3,2],[0,4]],[[7458,1940],[3,0],[7,2],[7,-1],[14,-3],[3,-2],[5,1],[5,-1],[1,-2],[6,-2],[3,-2]],[[7354,1873],[-4,-1],[-3,1],[-10,1],[-11,-1],[-5,5]],[[7321,1878],[0,2],[3,2]],[[7324,1882],[7,-4],[6,-1],[12,-2],[5,0]],[[6283,5396],[-1,3],[-5,7],[-3,7],[-5,4],[-5,6],[-2,5],[-1,5],[5,14],[4,1],[5,-3],[5,0],[12,-1],[5,1],[8,0],[7,1],[3,2],[1,3],[3,2],[1,4],[7,1],[1,3],[-5,2],[-1,6],[-4,4],[-3,2],[-4,1],[-5,2],[-8,0],[-2,2],[-6,1],[-6,0],[-10,0],[-6,-1],[-5,0],[-8,-2],[-6,0],[-2,-1],[-4,-4],[-3,1],[-2,2],[-1,7],[-6,13],[-1,11],[0,3],[-2,4],[-1,6],[1,6],[-5,2],[0,4],[-3,5],[3,3],[6,1],[3,6],[0,10],[-1,2],[8,-1],[-2,-8],[-2,-2],[-2,-6],[-1,-9],[1,-5],[9,-4],[4,0],[5,-2],[6,-3],[5,-2],[2,-2],[3,-4],[0,-3],[3,-3],[6,-3],[2,-3],[5,-1],[2,-2],[-1,-6],[2,-1],[5,0],[6,2],[9,2],[6,0],[6,1],[4,2],[3,5],[5,3],[5,8],[3,2],[0,3],[-1,7],[1,2],[6,2],[2,3],[5,4],[2,1],[1,3],[-3,6],[-4,2],[-4,-1],[-4,-1],[-5,-3],[-5,-6],[-10,-8],[-6,-3],[-6,1],[-1,-4],[-5,-1],[-9,6],[-2,3],[-3,4],[-2,0],[-5,-3],[-1,2],[-5,0],[1,4],[0,4],[2,2],[1,4],[3,2],[3,2],[1,4],[0,4],[4,3],[1,7],[2,8],[1,4],[1,7],[-2,8],[-1,8],[2,3],[4,2],[1,2],[0,3],[-4,1],[-1,3],[-2,1],[0,2],[2,1],[0,3]],[[6616,5508],[-3,-5],[-2,-4],[0,-5],[-4,-8],[-5,-4],[-4,-3],[-6,-1],[-7,3],[-10,2],[-10,1],[-15,3],[-9,2],[-5,1],[-6,-1],[-3,2],[-6,-1],[-5,-2],[-3,-3],[-6,-4],[-9,-9],[-4,-5],[-6,-10],[-1,-10],[-2,-4],[-3,-7],[-4,-10],[-2,-9],[-1,-12],[-1,-8],[0,-7],[2,-9],[4,-10],[3,-12],[0,-8],[1,-4],[1,-9],[5,-8],[5,-9],[1,-5],[-1,-8],[-6,-7],[-7,-7],[-9,-3],[-4,0],[-2,1],[-3,4],[0,4],[2,1],[1,4],[-2,2],[-9,3],[-9,0],[-8,3],[-12,1],[-12,-1],[-12,1],[-6,2],[-8,4],[-1,3],[5,3],[-1,1],[-6,2],[-2,1],[3,3],[7,1],[7,-4],[2,4],[0,7],[1,4],[-2,2],[-4,1],[-4,-1],[1,5],[3,4],[-5,1],[2,2],[3,1],[-1,2],[-3,1],[-3,2],[1,2],[7,-1],[2,0],[2,6],[-1,3],[-4,2],[-4,0],[1,5],[7,2],[5,-2],[4,0],[7,3],[-1,2],[-6,1],[-1,4],[-3,4],[-4,0],[1,4],[-3,7],[-7,1],[-2,1],[-8,5],[-2,4],[-8,4],[-11,2],[-9,-1],[-15,-1],[-5,-1],[-7,-3],[-14,-6],[-19,-6],[-8,-3],[-1,-2],[2,-8],[1,-10],[0,-9],[-6,-10],[-3,-4],[1,-6],[1,-2],[-2,-4],[-2,-1],[-3,-5]],[[6274,5342],[-3,5],[2,1],[2,3],[4,-1],[1,2],[-3,4],[0,2],[-2,3],[4,4],[1,4],[0,1],[-3,3],[0,2],[8,1],[1,2],[1,3],[-2,5],[-1,3],[-1,7]],[[9227,2297],[22,0]],[[9191,2102],[2,5],[-3,3],[1,3],[-1,2],[2,2],[-5,4],[-1,6],[0,6],[3,4],[1,4],[2,1],[0,3],[-2,2],[-3,7],[-1,5]],[[9186,2159],[0,2],[-5,4],[-6,2],[-3,4],[-1,7],[2,5],[-1,1],[1,5],[3,4],[-1,4],[-3,3],[-1,3],[1,7],[4,2],[4,5],[-3,4],[-1,3],[7,1],[3,-1],[3,1],[7,-1],[4,0],[0,20],[-5,0],[0,15],[11,0],[0,18],[-6,0],[0,20]],[[9200,2297],[27,0]],[[7414,2970],[-3,-9],[1,-4]],[[7412,2957],[-2,0]],[[7410,2957],[-7,2],[1,9]],[[7978,4122],[-1,-3],[2,-9],[69,1]],[[6102,3889],[6,1],[4,-3],[10,-7],[10,-8],[2,-3],[1,-3],[3,-2],[4,0],[3,-2],[2,-3],[7,1],[8,-1],[3,-2],[4,-3],[4,0],[0,-6],[1,-4],[7,1],[11,0],[3,2],[7,-2],[6,0],[8,1],[14,4],[15,0]],[[6245,3850],[0,-45]],[[7234,3390],[-4,1],[1,5],[3,3],[4,-1]],[[7238,3398],[-4,-8]],[[7252,3386],[4,5]],[[7256,3391],[7,-2],[4,-6],[0,-1],[-9,0],[-8,2],[2,2]],[[8677,2346],[11,-7],[13,-7],[4,-4],[3,-4],[1,-3],[2,-6],[0,-4],[-2,-5],[-5,-5],[-6,-3],[-4,-2],[-9,-4],[-8,-2]],[[8677,2290],[-12,0]],[[8665,2290],[-5,12],[-3,-1],[-29,4],[-14,-3],[-4,0],[-7,-1]],[[8611,2338],[1,0],[16,-6],[22,9],[2,-3],[8,5],[7,-3],[7,-4],[1,1],[-5,4],[7,5]],[[9862,854],[5,-9],[-2,-13],[2,-6],[4,-5],[-1,-3],[5,-3],[6,-4],[4,-1],[5,0],[3,1],[2,-1],[9,0],[7,-2],[38,0],[3,2],[10,0],[8,-2],[3,-1]],[[9973,807],[0,-27]],[[9973,780],[-27,4],[-31,5],[0,-25],[-10,-8],[-9,5],[-11,3],[0,-4],[3,-8],[-3,-7],[-3,0],[-3,-1],[7,-6],[-1,-3],[4,-2]],[[9835,733],[-11,38],[0,11],[4,2],[-2,4],[-3,9],[1,5],[-2,3],[3,2],[2,2],[-2,4],[2,12],[1,5],[5,3],[-1,6],[0,3],[-4,7],[-3,1],[-1,3]],[[9824,853],[11,2],[4,-2],[23,1]],[[8113,4629],[0,-72],[-43,-26]],[[8070,4531],[-26,0]],[[8044,4531],[-24,0],[6,10]],[[8113,4680],[0,-51]],[[8016,2625],[9,-6]],[[8024,2617],[-12,7]],[[8012,2624],[4,1]],[[8788,2644],[-2,-3]],[[8786,2641],[-4,1],[-1,2]],[[8781,2644],[3,0]],[[8784,2644],[4,0]],[[8301,3250],[-3,3],[1,3],[-1,7],[0,4],[2,4]],[[8300,3271],[3,-2],[8,1],[5,1],[1,1],[6,0],[6,-2],[10,6],[7,2],[5,3],[2,5],[5,1]],[[8358,3287],[3,-3],[2,-4],[1,-10],[2,-9]],[[8145,2428],[-12,-12],[-2,1],[-11,1],[-3,1],[-4,-1],[-4,2]],[[8109,2420],[-2,2],[-5,0],[-5,-1],[-7,1]],[[7230,3408],[-1,35]],[[7229,3443],[81,0]],[[7310,3443],[0,-48]],[[7310,3395],[0,-16],[-1,-3],[-7,-2]],[[7203,3364],[0,25]],[[7203,3389],[0,12],[-2,7],[16,-6],[2,3],[2,5],[4,-2]],[[7225,3408],[14,-6]],[[7239,3402],[-1,-4]],[[7234,3390],[4,-2],[5,-1],[0,-2],[6,2]],[[7249,3387],[3,-1]],[[7256,3391],[-3,2]],[[7253,3393],[-3,2],[0,3]],[[7250,3398],[2,6],[0,4],[-22,0]],[[7391,3201],[0,89]],[[7391,3290],[44,0],[9,-1]],[[7444,3289],[5,1],[42,0],[3,-3],[3,0],[8,3],[3,-1],[6,-3]],[[7514,3286],[1,-2],[0,-3],[3,-4],[1,-5],[2,-3],[4,-3],[2,2]],[[7527,3268],[1,-3],[6,-7],[15,-14],[2,-2]],[[7551,3242],[-3,-2],[-2,-4],[-3,-3],[-1,-3],[-7,-5],[-2,-5]],[[8116,9999],[1,-3],[-4,-316],[-46,0],[-2,-284],[-151,0],[-79,0],[0,-210],[0,-18],[0,-124],[-1,-94],[-262,4],[-1,-123],[-1,-104],[-1,-18],[24,-1],[3,-7],[3,-3],[9,-2],[6,-2],[7,-5],[6,-2],[5,-3],[20,-27],[1,-4],[45,-14],[26,-76],[12,0],[3,-22],[12,-2],[6,-32],[25,2],[12,-53]],[[7794,8456],[1,-21],[37,-125],[-9,-8],[-125,29],[-8,-10],[-15,0],[-94,17],[7,-37],[-12,-20],[-98,12],[-1,-1],[-399,2],[-68,0]],[[7010,8294],[-2,2],[-3,9],[-3,6],[-3,8],[-2,10],[-2,5],[1,5],[-2,5],[-6,8],[-3,2],[-15,13],[-5,1],[-3,0],[-1,-2],[-6,-9],[-11,-9],[-2,-1],[-6,2],[-10,5],[-15,2],[-11,4],[-2,0],[-1,-3],[-6,-2],[-6,3],[-9,9],[-10,9],[-5,2],[-15,1],[-2,3],[-3,10],[-3,3],[-19,12],[-6,10],[-4,-2],[-3,-1],[-4,1],[-12,11],[-5,11],[-2,12],[-3,1],[-1,-4],[-2,-1],[-3,0],[-17,8],[-3,0],[-1,-1],[-4,-9],[-3,-3],[-6,0],[-10,10],[-2,1],[-25,19],[-4,0],[-3,0],[-6,-6],[-7,-5],[-4,0],[-2,3],[-3,0],[-7,-8],[-3,-1],[-9,1],[-8,5],[-4,1],[-9,-2],[-8,-4],[-8,-7],[-5,-6],[-6,-3],[-2,0],[-5,-2],[-9,1]],[[6591,8437],[-1,51]],[[6590,8488],[-2,191],[-102,0],[-4,397],[-97,-1],[-2,93],[-2,24],[-362,-4],[-40,0],[0,202],[0,71],[-2,536]],[[5977,9997],[61,0],[205,1],[73,0],[70,0],[208,0],[69,0],[70,0],[69,0],[69,0],[139,0],[78,0],[61,0],[70,0],[69,0],[139,1],[69,0],[121,0],[157,0],[46,0],[258,0],[38,0]],[[3773,5065],[0,67],[-1,48]],[[3772,5180],[68,0],[0,-27],[54,0],[0,-9],[43,0]],[[3937,5144],[-1,-20],[27,0],[-1,-100]],[[9727,375],[-3,0],[-53,0],[0,30]],[[9671,405],[0,35],[1,1],[0,54]],[[9672,495],[50,0]],[[9722,495],[0,-1],[1,-27],[2,-4],[32,1],[23,0]],[[9780,464],[18,0],[26,1]],[[9824,465],[0,-77]],[[9824,388],[-5,2],[-7,0],[-5,-2],[-7,1],[-7,2],[-12,-1],[-3,0],[-7,4],[-8,6],[-26,-1],[-15,0],[0,-10],[1,-4],[4,-10]],[[8164,2868],[1,-7]],[[8152,2824],[3,1],[-1,3],[4,0],[1,4],[1,3],[-2,5]],[[4977,4488],[-50,0],[-79,0],[0,-10],[-29,0]],[[4815,4576],[24,21],[1,1],[37,0],[1,0]],[[4878,4598],[99,0]],[[7763,3223],[32,-3]],[[7714,3160],[0,5],[1,4],[-2,12],[0,8],[-5,6],[7,10],[0,5]],[[8109,2420],[-13,-22],[0,-6]],[[8096,2392],[-4,2],[-2,4],[-8,-3],[-9,-1],[-4,3],[-5,-1],[-9,4],[0,-6],[-2,-1],[1,-3],[4,-4],[0,-4],[-8,-4],[-6,3]],[[8044,2381],[0,6],[-8,4],[-5,0],[-2,2],[-4,-7],[-8,0],[-5,3]],[[8043,2909],[2,4],[3,1],[1,11],[15,-2],[4,2]],[[8068,2925],[34,-3]],[[8102,2922],[-2,-16]],[[8083,2898],[-25,3],[-15,8]],[[7407,1909],[0,4],[0,7],[2,2],[-1,6],[0,6],[1,3],[4,1],[1,3],[6,3],[7,-3],[4,1]],[[7431,1942],[1,-3]],[[9339,572],[-13,14]],[[8330,2452],[-2,4]],[[8328,2456],[-4,3],[-7,2],[-3,1],[6,10],[-21,7],[3,7],[-4,1],[0,3],[-3,1]],[[8357,2507],[1,-5],[-3,-4],[1,-3],[-2,-7],[2,-6],[3,-1],[-2,-4],[2,-2]],[[9129,3116],[0,28]],[[9129,3144],[0,22],[37,0],[0,23],[23,0],[0,10],[8,0],[0,11]],[[9197,3210],[6,0],[13,-3],[11,0],[8,2],[4,1],[28,0]],[[9280,3210],[0,-22],[0,-57]],[[960,9888],[-2,-2],[1,-5],[2,-4],[2,-2],[2,-5],[2,-1],[3,0],[6,-5],[1,-3],[-1,-7],[-1,-2]],[[7863,4860],[-80,-1]],[[7783,4859],[0,65],[-61,0],[-109,0],[-46,0]],[[7567,4924],[0,12],[0,16],[5,1],[4,3],[-1,7],[1,10],[-5,-3],[-4,0],[-1,2],[1,3],[2,4],[-2,3],[-1,5],[1,4],[0,53]],[[5504,3294],[0,-33],[0,0],[-1,-37]],[[5422,3162],[-6,3],[-8,1],[-35,10],[12,15],[8,14],[7,6],[4,4],[-40,0],[0,9]],[[5364,3224],[5,0],[0,62],[0,0]],[[5369,3286],[46,3],[46,3],[43,2]],[[5070,3711],[60,0],[0,31],[4,0],[11,4],[2,0]],[[5271,3747],[22,5],[-7,-9],[0,-2],[-15,-22],[-4,-2],[-4,-6],[8,0],[74,0],[70,0],[0,1],[10,2],[5,-1],[22,-2],[10,-1]],[[5462,3710],[0,-63],[0,0]],[[5462,3647],[-14,-9],[43,-35],[0,-33]],[[5491,3570],[-82,0],[-85,-1]],[[5324,3569],[-66,0],[-45,0],[-82,0],[-22,0],[-37,0],[-2,0],[0,0]],[[8324,3084],[-11,-15]],[[8313,3069],[-14,6],[-5,-7],[-2,6],[-3,2],[-3,0],[0,-2],[-5,-6],[-4,3],[-15,-19]],[[8194,3117],[3,4],[1,10],[-2,3],[0,5],[-1,7],[-1,3]],[[6702,1795],[3,-39],[-1,-3]],[[6704,1753],[-8,-32]],[[6696,1721],[-9,3],[-17,1],[-4,-1],[0,-31]],[[6666,1693],[-1,1],[-4,0],[-4,-2],[-9,0],[-4,-2],[-3,2],[-6,-5],[-10,0],[-5,-3],[-4,3],[-3,-1],[0,-2],[-7,-3],[-2,-4],[-3,1],[-2,-3],[-6,-2],[-4,2],[-2,-1],[-3,4],[-2,1],[-6,4],[-4,2],[-9,3],[-3,2],[-4,0],[-3,3],[-6,2],[-5,-2],[-7,0],[-4,1],[-7,-1],[-5,-6],[-1,-4],[-6,-1],[-2,-3],[-12,4],[-5,-1],[-3,1]],[[4979,4225],[0,-12],[0,-45],[0,-25],[0,-64],[-52,0],[-79,0]],[[4848,4079],[0,2]],[[4848,4102],[0,48],[0,75],[0,53]],[[4848,4385],[0,3],[58,0],[-1,24],[14,-4],[14,-9],[0,26],[7,2],[6,0],[2,2],[6,0],[22,1]],[[4976,4430],[0,-37],[1,0],[0,-86],[0,-14],[0,-14],[0,-26],[0,-28],[2,0]],[[5645,3291],[-5,1],[-23,0],[-63,5],[-16,12],[-8,2],[-9,6],[-3,1],[-11,9]],[[5507,3327],[-3,2],[0,88]],[[5504,3417],[44,0],[21,0],[13,0],[14,0],[49,0]],[[9227,2474],[0,-23],[-2,-6],[2,-5],[0,-13],[0,-84],[-1,-8],[1,-2],[0,-4],[0,-32]],[[9200,2297],[-125,0]],[[9075,2297],[0,60],[-64,0]],[[9011,2357],[0,4],[-2,5],[1,3],[-2,2],[-4,7],[-3,2],[0,2],[-3,4],[3,6],[-1,2],[0,5],[8,11],[0,1],[-7,3],[-1,5],[-1,5],[1,2],[-3,1],[-15,6],[-1,3],[1,5],[-3,3],[-1,12],[3,4],[-1,6],[1,2],[4,5],[-21,0],[0,27]],[[8964,2515],[26,-1],[-3,4],[32,0],[-2,-2],[34,0],[0,1],[4,3],[0,2],[-1,3],[1,6],[1,1],[10,-1],[6,-2],[8,-4],[8,-1],[5,2],[5,1],[2,1],[9,1],[13,0],[12,-1],[12,0],[19,-3]],[[9968,2450],[-81,-1],[-70,0]],[[9817,2449],[-46,0],[-102,0]],[[9669,2449],[0,2],[0,73]],[[9691,2537],[3,-1],[8,1],[19,3],[6,1],[4,2],[11,2],[3,2],[5,0],[8,0],[7,0],[2,-1],[14,0],[5,0],[10,0],[1,-1],[11,2],[11,-6],[8,8],[3,-1],[4,0],[3,-2],[2,-3],[2,0],[3,-1],[5,-3],[5,-5],[5,0],[5,-3],[2,1]],[[9866,2532],[13,2],[6,-1],[7,-1],[8,0],[7,1],[9,-1],[3,1],[6,-1],[5,-1],[25,2],[13,-2]],[[9968,2531],[0,-81]],[[9590,3075],[3,-3],[6,-1],[12,5]],[[9611,3076],[3,-5],[5,0],[2,2],[0,2],[3,2],[-1,3]],[[9655,3042],[-10,-1],[-5,-1],[-7,-2],[-2,-2],[4,-4],[0,-4],[4,-3],[5,-1],[7,2],[4,-5],[-2,-9]],[[9653,3012],[-2,-4],[-5,-2],[-4,0],[-3,-2],[1,-5],[-5,-3],[-8,-1],[-5,2],[-4,-2],[1,-4],[-6,-2],[-4,0],[-5,3],[-2,-1],[0,-2],[-3,0]],[[9599,2989],[-9,3],[-4,4],[-6,4],[-2,3],[-2,14],[1,8],[0,2],[-3,2],[-6,1],[-3,3],[2,3],[4,3]],[[9242,1138],[-8,6],[-7,4],[-18,49],[-18,49],[14,5],[-9,6],[-7,21],[-3,2],[-1,8],[2,3],[-4,5],[-6,3],[-5,4],[-6,5],[-3,6],[-8,9]],[[9155,1323],[47,0]],[[9202,1323],[32,0],[66,0],[6,0]],[[9306,1323],[1,-4],[3,-6],[1,-4],[22,-22],[2,-3],[39,-40],[6,-7],[0,-1],[-11,-4],[-2,-2],[10,-14],[7,-8],[8,-14],[7,-13],[5,-6],[2,-10],[7,-10],[8,-17]],[[9421,1138],[-48,0],[0,-52],[0,-63]],[[9374,1499],[0,11],[0,43],[0,66]],[[9374,1619],[0,54],[0,9]],[[9523,1681],[1,-22],[-1,-13],[0,-20],[1,-15]],[[9523,1499],[-118,0],[-31,0]],[[5366,2888],[11,1],[4,-1],[42,-1],[1,-4],[2,-8],[2,-6],[-1,-7],[2,-3]],[[5426,2856],[2,4],[-3,4],[1,3],[-5,7],[-6,0],[0,-2],[-2,-2],[-2,0],[-4,1],[-3,0],[-3,1],[-6,0],[-1,2],[-7,2],[-6,4],[-4,0],[-2,-4],[-6,-2],[-2,-5],[1,-1],[7,-3],[7,-2],[5,-4],[5,-2],[-3,-1],[-2,2],[-4,1],[-4,2],[-10,1],[-9,3],[-3,2],[2,6],[3,6],[1,6],[3,3]],[[6330,3923],[-84,0]],[[6246,3923],[-60,0]],[[6186,3923],[0,23],[-1,6],[1,1],[0,63],[0,53]],[[6186,4069],[0,6],[15,-4],[0,21]],[[6201,4092],[0,0],[44,0],[84,0]],[[6329,4009],[0,-27],[5,-2],[-1,-3],[-3,-1],[-1,-2],[0,-49],[1,-2]],[[8039,2599],[-8,-1]],[[8031,2598],[0,5]],[[8038,2604],[1,-5]],[[8046,2599],[-1,10]],[[8045,2609],[8,1]],[[8053,2610],[0,-6]],[[8053,2604],[1,-4]],[[8038,2609],[7,0]],[[8046,2599],[-7,0]],[[8016,2608],[1,-10]],[[8259,2644],[-3,1],[-4,0],[-4,1],[-5,-3],[0,-2],[-5,-2],[-4,-1]],[[8278,2672],[2,-4],[2,-11],[-4,0],[-7,2],[-1,-12],[-5,-1],[-2,-2],[-4,0]],[[8751,2386],[-28,0],[-10,0],[-63,0]],[[8650,2386],[-9,8],[-7,2],[-3,2],[-8,8],[-9,6],[-6,5]],[[8608,2417],[12,11]],[[8765,2405],[0,-19],[-14,0]],[[9687,1089],[0,0],[-55,0],[-49,0],[-26,0],[-6,0],[-5,0],[-23,0]],[[9523,1089],[0,38]],[[9523,1127],[21,4],[23,3],[1,1],[26,-1],[16,3],[9,0],[1,-2],[26,0],[27,0]],[[9673,1135],[0,0],[34,0],[-7,-3],[-6,-4],[-3,-4],[-2,-8],[1,-5],[-5,-10],[-2,-2],[-5,0],[4,-3],[5,-7]],[[8184,2703],[-5,0],[-1,1]],[[8176,2724],[-3,2],[3,8],[-1,3],[1,4],[-2,4]],[[8195,2784],[2,2],[3,13],[3,4]],[[8203,2803],[0,-4],[3,0],[1,-3],[2,-3],[3,0],[3,-2],[-2,-7],[3,-1],[4,2],[4,0],[3,-1],[2,2],[4,1],[4,-1],[7,-6],[2,3]],[[8246,2783],[3,-16],[2,-9],[18,0],[0,-8],[-6,-2]],[[7983,2586],[1,-5]],[[7973,2582],[0,4]],[[7973,2586],[6,0]],[[7979,2586],[4,0]],[[7979,2586],[-2,8],[-1,1]],[[7976,2595],[5,1]],[[8442,2944],[8,0],[2,-1],[3,2],[4,0],[0,2],[3,2],[1,2],[-3,2],[1,5],[2,1],[0,2],[3,3]],[[8466,2964],[3,-1],[4,-1],[0,-1],[3,-1],[4,-2],[10,-3],[5,-5],[10,0],[3,1]],[[8508,2951],[1,-6],[8,3],[4,2],[-4,-32],[-2,-13]],[[8515,2905],[-1,-4],[-3,0],[-7,-2],[-3,1],[-5,-10],[7,2],[0,-33]],[[8416,2879],[-2,3],[-4,3],[2,5],[1,7],[5,3],[-1,2],[4,2],[1,2],[-1,3],[2,6]],[[9073,2110],[5,-4],[2,-4],[3,-4],[5,-3],[1,-3],[4,-2],[7,-4],[5,-2],[4,-1],[3,-1],[5,-1],[6,-1]],[[8888,2000],[0,36],[19,0],[-9,29],[12,2],[5,0],[9,1],[-2,4],[-1,4],[1,4],[-2,4],[59,0],[-3,5],[-2,4],[-2,9],[8,0],[5,3],[7,0],[8,-5],[0,10],[24,0],[2,3],[-2,3],[0,4],[11,-1],[17,0],[7,-3],[8,-1],[6,-5]],[[5227,3321],[-1,7],[-3,6],[-1,4],[-4,2],[2,3],[4,3],[-2,2],[2,2],[-1,3],[-3,5],[-2,1],[-2,5],[-3,3],[-2,4],[1,2],[-4,6],[0,3],[-4,4],[-5,7],[-6,8],[-5,6],[-10,9]],[[5178,3416],[91,0],[58,0]],[[5327,3416],[41,0]],[[5368,3416],[0,-96]],[[5368,3320],[-21,0],[-4,-1],[-6,1],[-13,0],[-3,1],[-5,-1],[-6,-1],[-9,0],[-3,1],[-23,0],[-14,-3],[-7,2],[-6,0],[-1,2],[-20,0]],[[7930,2616],[3,0]],[[7943,2605],[-4,0],[-4,1],[-4,-2]],[[6100,3666],[-3,1],[-56,0],[-1,0],[-86,0],[-86,0]],[[7991,2645],[-10,0]],[[7981,2645],[-2,11],[1,7]],[[7962,2637],[-7,-8]],[[7954,2630],[2,10],[-2,1]],[[7954,2641],[0,3]],[[7954,2644],[7,0]],[[6186,4069],[-15,0],[-5,3],[-10,-2],[-10,7],[3,11],[7,4]],[[6186,4092],[15,0]],[[5256,5918],[2,6],[1,1],[4,0],[2,-2]],[[5265,5923],[-2,-6],[-7,1]],[[7990,2571],[5,-5]],[[7995,2566],[-6,0]],[[7989,2571],[1,0]],[[7140,1976],[-2,4],[3,8],[0,6],[8,-1],[0,13]],[[7149,2006],[7,-1],[4,0],[14,4],[4,2],[4,-2],[9,-3],[5,0],[2,1],[2,-12],[-7,-5],[-3,1],[-3,-2],[-3,-1],[-3,-2]],[[8119,2897],[1,0],[19,28]],[[8139,2925],[8,-1],[9,1],[21,6],[1,-2]],[[8178,2929],[3,-21],[4,0],[1,-10],[-5,1]],[[9372,3141],[-4,-1],[23,45],[-3,0],[5,23]],[[9393,3208],[5,0],[8,-3],[0,5],[1,2]],[[9407,3212],[2,0],[3,5],[4,3],[3,3],[6,4],[12,11],[3,0],[3,-1],[0,-3],[3,-4],[7,-1],[3,-4],[-2,-1],[-5,-2],[-2,-2],[-1,-5],[3,-2],[3,-1],[9,0],[6,-7],[0,-4],[-4,-5],[-10,-5],[-2,-3],[1,-3],[4,0],[4,3],[6,0],[4,-5],[1,-2],[-3,-4],[2,-2],[4,2],[3,-1],[3,-4],[7,0],[3,-1],[2,-3],[0,-2]],[[9485,3161],[-5,-1],[0,-2],[2,-3],[-7,0],[-2,2],[-4,-1],[-6,-3],[2,-2],[-1,-2],[-6,3],[-2,4],[0,4],[-9,1],[-7,-1],[-2,3],[-3,-3],[-7,-3],[-3,-3],[-5,-3],[-6,-1],[-10,1],[-5,-2],[-18,-4],[-2,-2],[-7,-2]],[[7932,2504],[-4,-1],[-5,1]],[[7923,2504],[2,1],[2,4]],[[7927,2509],[5,-1],[0,-4]],[[9040,1037],[2,7],[2,4],[1,7]],[[9045,1055],[9,-1],[1,-2],[5,-1],[55,-3],[27,6]],[[9155,1002],[-3,-2],[-3,0],[-3,-3],[-3,0],[-7,-5],[-8,-4],[-3,-3],[-4,-2],[-2,-2],[-6,-5],[-5,-7],[-25,0]],[[9083,969],[-22,0]],[[9061,969],[0,14],[9,0],[0,12],[-8,0],[0,9],[-22,0],[-2,1],[-4,-6],[-8,4]],[[9026,1003],[-1,0]],[[9025,1003],[2,3],[5,7],[2,5],[4,7]],[[9038,1025],[3,-2],[6,1],[3,4],[-4,1],[1,4],[-2,2],[-5,2]],[[8004,2567],[8,0]],[[8012,2567],[0,-8]],[[8012,2559],[0,-2]],[[8012,2557],[-3,0],[-4,2]],[[8030,2631],[-4,0]],[[8026,2631],[-7,7]],[[8032,2648],[5,-11]],[[6984,1910],[16,6],[3,3],[11,2],[27,10],[1,1]],[[7018,1872],[-9,2],[-38,-2],[-16,3]],[[6955,1875],[-9,15],[0,7]],[[4878,4702],[-1,126],[-4,0],[-5,4]],[[4868,4832],[-3,2],[-8,0],[-4,1],[-4,3],[-15,10],[-1,3],[4,16],[-2,7],[-1,17],[-1,3],[-2,4],[-42,-8],[-24,7],[-9,5],[-13,3],[-8,0],[-5,-1],[-3,8],[-17,27],[-17,4],[2,9],[8,34],[3,9],[25,-10],[12,27],[5,4],[2,3],[5,4],[0,8],[1,3],[1,5],[-4,2],[-4,4],[-2,3],[-6,4],[-5,6],[-2,1],[-4,5],[0,2],[-5,4],[-1,3],[-3,4],[-6,4],[-10,10],[-5,4],[-13,9],[2,15],[-10,16]],[[4679,5135],[9,39],[14,16],[14,1]],[[4716,5191],[18,-32],[210,-9],[0,-46],[0,-10],[115,-98],[2,-3],[2,-7],[-3,-4],[-1,-7],[1,-2],[11,-18],[17,13],[8,0],[6,7],[10,-3],[18,-7],[31,-2],[8,-6],[50,4],[42,-4],[0,-8]],[[5261,4949],[0,-51],[0,-4],[-3,-3],[6,-11],[-3,-4],[0,-35],[-1,-5],[5,-15],[0,-2],[-4,-6],[0,-57],[5,-3],[7,-11],[2,-1],[1,-2],[2,-2],[3,-17],[0,-2],[-4,-20]],[[4878,4598],[0,57],[0,47]],[[9586,1408],[-16,-10],[1,-5],[-1,-2],[-2,-2],[-2,-3],[2,-8],[0,-20]],[[9568,1358],[-30,7],[-4,-5],[-11,-2]],[[9523,1358],[0,6],[0,11],[0,20],[0,10],[0,24]],[[9671,177],[0,-42]],[[9671,135],[1,-73]],[[9639,68],[-22,12],[-13,7],[-4,1],[-6,3],[-1,3],[-4,5],[-5,2],[-4,-2],[-5,0],[-5,5]],[[4878,4702],[-7,-1],[-21,-3],[0,0],[-68,0],[-1,0]],[[4781,4698],[-1,2],[0,12],[-18,0],[0,34],[-4,1],[-10,1],[2,4],[0,26],[-15,0],[0,21],[-8,1],[-6,0],[-10,3],[-7,-1],[-4,1],[0,-22],[-2,0],[-6,4],[-6,3],[-12,2],[-1,7],[0,8],[-2,1],[-6,1],[-2,-1],[0,-4],[-4,-1],[-3,1],[-9,1],[-11,0],[-9,0],[-2,2],[0,4],[-7,0],[3,2],[0,8],[-2,3],[1,8],[2,2]],[[4622,4832],[69,0],[87,0],[77,0],[13,0]],[[7742,3676],[-22,0]],[[7720,3694],[0,26],[1,9],[-1,9],[0,30],[3,11],[-3,6],[-5,18]],[[7715,3803],[106,-1]],[[7829,3769],[4,-93]],[[7211,2769],[-50,4],[-64,0]],[[7097,2780],[4,18],[0,43],[1,5]],[[7102,2846],[60,0],[20,0],[29,0]],[[8843,4683],[-219,-1],[-210,-1],[-175,-1]],[[8239,4680],[-53,0]],[[8173,4892],[16,5],[1,1],[7,4],[4,0],[7,3],[2,0],[12,3],[2,0],[49,15],[-3,57],[98,-52],[10,53],[10,-2],[4,-2],[4,3],[81,16],[13,20],[67,28],[10,2],[27,7],[7,38],[112,-7],[-1,-24],[11,2],[25,1],[49,2],[0,-10]],[[5705,3921],[-2,46],[-51,0],[-1,14],[0,28],[-28,-1],[0,27],[-17,0],[9,25],[-14,7]],[[5601,4067],[7,0],[13,4],[8,3],[6,1],[12,4],[0,10],[1,8],[5,2],[1,6],[-1,2],[2,3],[-1,4],[2,5],[0,18],[-13,8],[-2,4]],[[5641,4149],[44,0],[0,-18],[1,-1],[0,-23],[4,-2],[9,0],[13,-5],[8,-4],[9,-6],[5,-2],[20,-1],[44,-3],[34,1],[0,-11]],[[5832,4074],[0,0],[0,-38]],[[3665,5073],[-21,11],[-6,3],[0,32],[0,1],[0,42],[2,0],[12,28]],[[3652,5190],[61,-10],[59,0]],[[3712,5047],[-47,26]],[[8248,3484],[2,4],[0,9],[2,5],[-1,12],[1,11],[0,2],[-2,5]],[[8365,3080],[8,1],[2,-2],[-3,-3],[0,-4],[-4,-5],[-3,-8],[9,-3],[6,-4],[-10,-3],[-2,-1],[-3,-3],[2,-4],[-4,-8]],[[8322,3030],[-9,4],[-12,-3]],[[8301,3031],[-3,8],[0,9],[10,13],[3,-2],[6,7],[-4,3]],[[9638,365],[2,2],[-1,7],[0,2],[7,11],[11,6],[14,12]],[[9727,375],[2,-5],[-6,-15],[-4,-7],[3,-5],[4,-5],[2,-8]],[[7165,3286],[-28,0],[-4,0],[-10,0]],[[7123,3286],[7,5],[13,9]],[[7143,3300],[7,5],[3,1],[1,-1]],[[7154,3305],[5,-5]],[[7164,3293],[1,-7]],[[9973,854],[0,-3],[0,-44]],[[9862,854],[-18,9],[5,2],[5,6]],[[5658,2971],[-13,0]],[[5645,3069],[52,0],[1,-6],[0,-13],[13,0],[1,-3],[16,0],[0,-2],[9,-1],[0,-6],[15,0],[-2,-4],[10,0],[0,1],[8,0],[0,13],[7,-7],[15,0],[1,2]],[[5791,3043],[0,-33],[-5,0],[1,-5],[2,-4],[-13,0],[0,-12],[3,-2],[2,-6],[-3,-3],[-1,-5],[-2,-2]],[[5775,2971],[-30,0]],[[5745,2971],[-87,0]],[[7967,2942],[2,-30],[-3,-13],[2,-5]],[[7968,2894],[-22,-1],[-6,1],[-3,-1],[-36,-1]],[[7901,2892],[-15,13],[-1,4],[-1,15],[-2,0],[-2,2],[0,5],[3,-1],[6,3],[3,3],[3,0],[0,6],[0,14]],[[7895,2956],[11,0],[16,8],[13,18]],[[7935,2982],[13,-22],[11,-18],[8,0]],[[9686,2645],[0,20],[35,0],[-1,2]],[[9720,2667],[56,0],[0,7],[-5,12],[12,-2],[3,-1],[8,-1],[5,-2],[9,-5],[14,-4],[11,-3],[18,-5],[3,0]],[[9854,2663],[1,-2],[0,-3],[3,-6],[6,-5],[1,-1]],[[9865,2646],[1,-7],[4,-7],[-7,-4],[-6,-4],[-9,-7],[-2,-7],[1,-4],[-6,-6],[4,-2],[4,-3],[2,-1],[2,-4],[-2,-3],[0,-4],[2,-1],[0,-2],[5,-11],[7,2],[2,-4],[2,-1],[0,-3],[-2,-3],[-6,-8],[1,-2],[6,-3],[5,-7],[0,-2],[-7,-6]],[[8321,2887],[-4,2],[-10,-4],[-1,0]],[[8306,2885],[-2,-1],[-6,1],[-3,7],[-2,-1],[-4,2],[-3,2],[7,12]],[[8293,2907],[4,6],[3,-1]],[[9779,495],[45,0]],[[9824,495],[0,-30]],[[9780,464],[0,5],[-1,26]],[[8089,2822],[-9,5],[-16,13]],[[8096,2392],[0,-9],[-4,0],[0,-7],[4,0],[0,-4]],[[8096,2372],[-1,-22],[-6,4],[-1,-2],[-8,3],[0,-2],[5,-1],[1,-3],[0,-3],[0,-3]],[[8086,2343],[-9,0],[0,-11],[-1,0],[1,-5],[-1,-2],[-17,0],[-1,-3],[-4,1],[-4,-2],[-1,-3],[-5,1]],[[8032,2329],[1,2],[9,10],[-2,0],[-2,5],[1,4],[-7,5],[-3,2]],[[8029,2357],[1,2],[1,4],[9,2],[1,3],[-2,4],[1,3],[3,2],[1,4]],[[8088,2309],[-2,-11],[-3,-1]],[[8083,2297],[-4,3],[-1,-3],[-3,0],[-5,-4],[-1,3],[-3,-4],[-4,1]],[[8062,2293],[1,9],[8,0],[1,9],[10,0],[6,-2]],[[7468,3327],[5,20]],[[7473,3347],[44,-2],[2,0],[27,0],[3,-3]],[[7549,3342],[1,-7],[0,-5],[4,-5],[0,-1],[3,-5],[3,-6],[4,-2],[1,-3],[-6,-13]],[[7559,3295],[-3,-3],[-8,-3],[-7,-1],[-5,-6],[-4,-5],[-1,-2],[-5,-1],[0,-1],[1,-5]],[[7514,3286],[3,4],[-6,4],[-5,6],[-2,2],[-11,18],[-3,3],[-22,4]],[[7966,2572],[0,7]],[[7966,2579],[0,1]],[[7966,2580],[1,2],[6,0]],[[5398,4034],[0,37],[20,-1],[1,5],[-1,3],[1,3],[-3,5],[-2,6],[-2,14],[1,3],[5,6],[2,4],[5,8],[0,3],[0,5],[3,9],[0,4],[39,0],[46,0],[-1,15],[1,0],[29,1]],[[5542,4164],[0,-15],[99,0]],[[5601,4067],[-3,-3],[1,-3],[-6,-4],[0,-3],[-4,-15],[-2,-2],[4,-7],[1,-7],[5,-4],[0,-3],[0,-9],[-3,-3],[-32,0],[-2,4],[3,3],[-3,5],[-5,0],[0,19],[-79,-1],[-3,13],[-37,0],[0,-4],[1,-1],[4,-8],[-43,0]],[[7959,3459],[3,-14],[10,-37],[20,3]],[[7992,3411],[-1,-22]],[[9860,968],[0,6],[-1,3],[-2,15],[0,30]],[[9971,1026],[0,-20],[1,-26],[0,-11]],[[8086,2343],[4,-2]],[[8090,2312],[-2,-3]],[[8062,2293],[-5,-5]],[[8057,2288],[-17,3],[-1,6]],[[9202,1598],[3,1],[3,0],[5,0],[20,10],[8,8],[2,1],[5,0],[32,10],[13,-2],[6,0],[13,-2],[7,-3],[11,-2],[44,0]],[[9374,1499],[-30,0],[0,0],[-93,0],[0,0],[-49,0]],[[8513,2032],[6,2],[6,3],[5,5],[4,4],[0,2],[2,1],[-1,2],[-7,1],[-1,1],[2,4],[0,4],[5,8],[4,3],[4,4],[2,4],[-12,0],[-2,4],[1,2],[-7,3],[-2,0],[-3,3],[1,3],[-4,3],[-9,1],[-3,-2],[-5,3],[-2,0],[-7,2],[-3,0],[0,-1],[-4,0],[0,2],[-8,5],[0,2],[1,2],[4,-1],[3,0],[2,1]],[[8485,2112],[3,1]],[[8488,2113],[3,2],[6,-2],[3,-2],[4,0],[6,0],[2,-2],[2,1],[6,-1],[10,-6],[4,-3],[4,-1],[3,-2],[5,-1],[1,-4],[12,-2],[4,-1],[7,-5],[4,-2],[3,-2],[3,-1],[3,-3],[3,0],[9,-7],[7,-3],[8,-4],[6,-4],[5,-3],[3,-1],[7,-6],[6,-5]],[[8637,2043],[6,-6],[0,-4],[-4,0],[-5,-1],[-3,1],[-5,-3],[-4,-7],[-1,-3],[-1,-9],[-2,-1]],[[8618,2010],[2,-3],[-1,-4],[0,-7],[-2,-6],[0,-8],[-1,-2],[-3,-10],[-2,-2],[-5,-2],[-14,0],[-2,1],[-2,2],[-7,2],[-2,0],[-10,-3],[-6,-3],[-1,-2],[-6,-3],[-4,-1],[-4,-1],[3,-6],[7,-2],[0,-4],[-4,-2],[3,-4],[2,-1],[1,-4],[-4,-4],[-6,-3],[-3,1],[-3,7],[-3,2],[2,3],[1,5],[2,-1],[2,4],[-2,1],[-4,6],[-1,3],[-5,2],[-6,1],[-4,-1],[-2,1],[-2,2],[-4,3],[-3,3],[-1,3],[4,3]],[[8518,1976],[-2,5],[-6,4],[-4,4],[-1,3],[-3,0],[-3,6],[7,0],[19,7],[13,2],[5,1],[0,2],[3,0],[2,2],[4,8],[-5,0],[-5,2],[-5,-2],[-3,2],[-4,-1],[-2,-2],[-3,0],[-4,1],[-2,-3],[-2,2],[-6,-1],[-3,2],[1,5],[-3,2],[-1,2],[8,3]],[[8638,2237],[-3,-1],[5,-4],[-1,-4],[-5,-7],[-2,-1],[-2,-4],[0,-4],[-3,0],[-1,-8],[-4,-3],[-5,-3],[-1,-7],[-2,-1],[-2,-3],[1,-4],[3,-4],[-1,-5],[1,-3],[2,-3],[2,1],[-1,4],[3,5],[8,-1],[1,-2],[4,-6],[5,-4],[2,-8],[-1,-7]],[[8641,2150],[-4,-3],[-7,-5],[-4,-6],[-4,-3],[-9,-1],[-2,-1],[-13,6],[-5,2],[-9,3],[-4,-1],[-4,1],[-4,-1],[-3,0],[-4,1],[-3,-3],[-3,0],[-4,-4],[-6,-2],[-2,-2],[-4,-2],[-9,-2],[-5,1],[-3,-2],[-4,0],[-10,-3],[-5,0],[-2,-2],[-5,0],[-4,2],[-6,-5],[-2,-5]],[[8485,2112],[-4,5],[0,2],[-3,3],[-8,0],[-10,3],[-7,0],[-7,-2],[-5,-3],[-4,-1],[-9,-5],[-5,-3],[-6,-2],[-3,-3],[-4,-6],[-4,-5],[-2,-4],[-3,-5],[-4,-4],[-1,-5],[1,-4],[1,-6],[3,-4],[6,-2],[3,-3],[3,-1],[3,-3],[2,0],[0,-3],[4,-3],[0,-3],[-3,-3],[-9,0],[-4,4],[-4,2],[-2,-2],[-4,-1],[0,-5],[5,-1],[2,-7],[-3,2],[-6,4],[-5,1],[-3,2],[-2,-3],[-3,0],[-4,0],[-3,-2],[-2,0],[-5,3],[2,5],[5,0],[1,3],[10,0],[4,2],[1,3],[3,3],[-5,0],[-5,1],[-4,3],[-2,2],[4,2],[-1,2],[-5,1],[-5,-2],[-1,-4],[3,-1],[3,-4],[3,-6],[-5,2],[-3,-3],[-3,0],[-2,-3],[-5,-2],[-3,1],[-6,3],[-1,-1]],[[8308,2104],[4,3]],[[8312,2107],[2,1],[5,-1],[3,1],[1,2],[8,3],[5,0],[3,-2],[6,0],[3,2],[3,0],[4,-1],[3,1],[7,6],[4,3],[0,1],[-6,4],[-11,0],[-4,3],[-5,0],[-3,2],[0,2],[-4,2],[-7,-3],[-4,0],[-3,-1],[-4,1],[-3,2],[-1,4],[-2,0],[-3,-2],[-4,3],[-5,4],[-5,2],[0,5],[-2,1],[0,5],[2,2],[-4,3],[-1,2],[1,4],[6,4],[0,5],[5,7],[5,11]],[[8307,2195],[0,2],[4,4],[0,1],[6,3],[10,3],[4,0],[3,2],[3,0],[1,-1],[3,0]],[[8341,2209],[5,1],[1,3],[2,0],[6,1],[7,1],[2,-1],[4,0],[11,1],[2,0]],[[8381,2215],[12,-1],[5,2],[6,0],[1,1],[6,0],[5,4],[12,2],[3,1],[10,1],[4,3],[5,-2],[6,1],[1,18]],[[8457,2245],[0,6]],[[8457,2251],[6,4],[3,0],[3,4],[3,0],[2,3],[5,1],[10,1],[3,1],[8,1],[5,0],[3,1],[-4,2],[-5,0],[-6,0],[-10,-3],[-2,0],[-5,-1],[-3,3],[-7,-1],[0,-4],[-3,-2],[1,6],[-3,-1],[-2,1],[2,2],[3,1],[3,3],[6,4],[4,2],[5,0],[6,1],[2,1],[8,0],[10,-2],[6,-3],[2,1],[8,-4],[6,0],[7,-2]],[[8537,2271],[7,-3],[6,-4],[11,-9],[4,-5],[2,-4],[4,-4],[2,-2],[1,-3],[2,-3],[4,-1],[5,-6],[8,-15],[1,-3],[1,-7],[-2,-3],[-7,-3],[-2,0],[1,-6],[6,2],[-1,5],[5,3],[1,5],[8,7],[8,2],[-2,3],[5,7],[-1,4],[-1,5],[-4,0],[-7,3],[2,2],[3,-1],[6,-1],[2,2],[4,-1],[1,2],[3,1],[3,4],[4,5],[5,3],[4,1],[3,-1],[5,0],[2,-4],[-5,-4],[-1,-1],[-5,-6]],[[8770,2641],[2,3],[9,0]],[[8781,2644],[-11,-3]],[[5304,4960],[0,-1],[-43,-10]],[[4716,5191],[-94,171],[35,102],[30,89],[7,8],[10,10],[11,15],[17,34],[16,-6],[2,-3],[4,0],[10,-6],[13,-4],[65,-9],[27,-3],[130,0],[70,0],[2,5],[5,-1],[6,-1],[7,-1],[2,2],[4,0],[1,3],[-3,4],[-9,4],[-6,0],[2,4],[-1,2],[-2,2],[-6,2],[-3,-1],[0,3],[-4,4],[1,1],[5,0],[2,3],[3,-2],[7,-2],[4,2],[-2,6],[2,2],[5,0],[3,3],[3,0],[0,4],[-5,0],[-16,-5],[-2,2],[2,9],[6,0],[1,3],[-10,1],[-7,2],[-2,1],[-4,-3],[3,-3],[-3,-2],[-6,-2],[0,2],[2,3],[-1,1],[4,5],[-1,3],[1,1],[7,2],[-1,4],[4,2],[6,4],[0,3],[3,-1],[1,2],[-5,12],[3,1],[1,4],[4,2],[5,4],[3,1],[3,0],[3,2],[-2,3],[0,1],[5,1],[0,5],[-3,2],[2,4],[2,0],[2,2],[0,3],[2,0],[-5,5],[-2,0],[-1,3],[4,1],[1,2],[3,-1],[4,0],[0,2],[-3,1],[3,3],[-8,-2],[-2,2],[2,5],[-2,3],[2,3],[5,-2],[1,3],[-2,2],[1,8],[2,2],[6,2],[2,2],[7,4],[0,7],[2,0],[5,3],[5,4],[5,4],[1,0],[2,6],[4,4],[1,3],[3,2],[-1,2],[3,6],[2,0],[0,2],[-3,3],[1,2],[30,18],[7,2],[4,4],[15,12],[6,3],[7,-3],[5,-1],[8,-2],[4,1],[1,2],[-2,2],[1,2],[4,-1],[1,-3],[1,-1],[8,0],[3,2],[3,0],[5,1],[9,0],[9,2],[5,0],[2,-1]],[[5288,5853],[11,-4],[2,-2],[3,-5],[1,-7],[-1,-4]],[[5304,5831],[-9,-11],[-5,-5],[-5,-4],[-11,-6],[-5,3],[-6,-3],[-5,-4],[-4,-6],[-2,-4],[0,-4],[2,-12],[5,-2],[2,5],[0,8],[-1,4],[0,6],[3,4],[10,-2],[4,-5],[0,-9],[-1,-10],[-3,-10],[-3,-4],[-9,-14],[-4,-5],[-2,-4],[0,-3],[5,2],[4,0],[0,-5],[4,-8],[1,-4],[2,-4],[-2,-5],[-9,-7],[-5,-1],[4,4],[3,10],[3,4],[-4,4],[-5,3],[-4,1],[-5,-4],[-3,-1],[2,4],[0,4],[2,4],[-4,8],[-1,4],[-8,8],[-1,4],[-4,4],[-6,0],[-5,0],[-11,0],[-4,-1],[-6,-4],[-6,-8],[-5,-3],[-4,-4],[-12,-8],[-10,-4],[-5,-8],[-2,-5],[-10,-5],[-4,-4],[1,-4],[5,0],[4,2],[1,-4],[-5,-2],[-5,2],[-9,-1],[-5,-3],[-7,-8],[-5,-3],[-3,-4],[1,-5],[-1,-5],[-2,-4],[-2,-13],[-3,4],[-4,-5],[3,-5],[5,-2],[3,-4],[5,0],[-4,-8],[-3,-9],[0,-8],[5,-2],[6,0],[5,-3],[-2,-1],[-14,3],[-6,-1],[-5,-2],[-2,-5],[-1,-4],[2,-5],[1,-8],[1,-5],[5,-7],[4,-3],[6,-4],[3,-8],[6,-8],[6,-8],[3,-6],[3,-4],[12,-12],[3,-3],[5,-4],[13,-5],[9,-3],[7,-1],[7,0],[6,0],[6,0],[37,5],[13,0],[10,1],[5,-1],[6,-2],[5,-1],[5,-3],[4,-4],[1,-5],[1,-5],[0,-7],[-1,-8],[-1,-5],[-1,-11],[-1,-8],[3,-5],[2,-6],[0,-5],[1,-10],[3,-3],[6,-1],[10,2],[-1,-5],[1,-9],[-2,-14],[0,-4],[1,-8],[3,-4],[2,-4],[1,-4],[2,-6],[3,-4],[5,-3],[5,0],[10,0],[5,1],[6,-3],[3,-4],[0,-4],[-3,-4],[-11,-9],[-10,-8],[-5,-3],[18,-2],[-12,-13],[-8,-87],[-3,-7],[-3,-10],[-6,-23],[-2,-14],[6,-7],[27,-24],[8,-17],[-49,-42],[-13,-11],[-2,-2],[1,-7],[-1,-2],[1,-2],[0,-3],[-2,-3],[-6,-2],[-2,-5],[-4,-3],[1,-5],[5,-2],[-2,-2],[0,-4],[-2,-1],[-5,-2],[-4,0],[-1,-2],[3,-2],[0,-2],[-6,-2],[-7,2],[-1,-3],[-1,-1],[5,-2],[6,1],[4,-1],[2,-3],[0,-2],[5,-1],[3,-2],[3,0],[2,-1],[1,-3],[-2,-2],[-7,1],[-1,2],[-3,2],[-2,-2],[1,-6],[5,2],[3,-1],[7,-1],[1,-2],[-3,-8],[2,-3],[5,-3],[-1,-4],[4,0],[-2,-6],[4,0],[-2,-4],[2,-7],[7,-2]],[[7231,7283],[-3,-5],[-1,-4],[-3,-2],[-5,0],[-3,-2],[-6,0],[-7,-3],[-8,-5],[-6,0],[-3,-1],[-5,1],[-7,4],[-3,-2],[-5,0],[-3,-1],[-4,-3],[-11,-3],[-8,-1],[-6,-7],[-7,-2],[-2,-1],[-5,-5],[-3,-3],[-1,-4],[-4,-7],[-2,-5],[2,-5],[-7,1],[-10,0],[1,-2],[2,-1],[-1,-2],[-2,1],[-2,2],[-2,-1],[-8,-3],[-1,2],[-11,4],[-3,2],[-5,2],[-3,4],[-2,0],[-6,-5],[-4,-8],[-1,-6],[2,-6],[2,-2],[5,-4],[1,-4],[4,-4],[2,-2],[3,2],[3,-2],[3,-6],[-1,-4],[2,-5],[0,-5],[-3,0],[0,3],[-4,5],[-6,3],[-9,2],[-2,1],[-5,5],[2,4],[-2,3],[-3,-1],[-1,3],[-3,-2],[-4,-4],[-1,-6],[2,-2],[5,-2],[-3,-3],[-3,4],[-5,0],[-6,-3],[-2,-2],[0,-3],[3,-7],[-3,0],[-3,1],[-5,-1],[1,-3],[5,-2],[-3,-2],[4,-9],[-1,-2],[-3,2],[0,5],[-5,5],[-7,2],[-2,0],[-1,-6],[5,-9],[4,-7],[1,-6],[-3,-8],[1,-4],[-2,-6],[-3,1],[-2,2],[-3,-1],[-4,-4],[-5,-2],[-4,2],[-5,0],[-1,3],[1,4],[5,7],[2,5],[0,4],[-5,2],[-1,3],[1,6],[-1,7],[-1,2],[-2,2],[-6,-1],[-2,-3],[-8,0],[-1,-2],[1,-2],[3,-1],[0,-2],[3,-3],[1,-5],[0,-3],[-2,-2],[-2,-1],[-9,6],[1,3],[0,9],[1,5],[-1,2],[-2,0],[-1,3],[-8,8],[-3,5],[-6,1],[-3,3],[-3,0],[-3,-2],[0,-2],[3,-3],[0,-2],[-2,-4],[-3,-1],[-6,0],[-2,1],[-6,1],[-3,2],[-1,-2],[1,-10],[2,-3],[2,-2],[6,-1],[9,2],[2,-1],[3,-3],[0,-3],[-2,0],[-5,3],[-3,0],[-8,-3],[0,-2],[2,-3],[6,-4],[3,-8],[2,-2],[-1,-5],[-3,1],[0,5],[-7,9],[-2,-1],[-2,3],[-2,5],[-3,2],[-2,1],[-4,-1],[-3,1],[-2,0],[-2,-2],[3,-5],[-1,-2],[-3,0],[-4,3],[-6,2],[-4,3],[-5,5],[0,3],[-2,0],[0,-8],[3,-5],[3,-3],[7,-1],[3,-3],[5,-9],[-1,-4],[0,-11],[0,-6],[0,-3],[-1,-3],[-3,-2],[1,-4],[-5,0],[-1,2],[3,5],[5,3],[-1,2],[-5,4],[-5,8],[-3,0],[-3,-2],[-3,-5],[-4,-4],[-2,-3],[0,-2],[3,-2],[2,0],[-3,-4],[-5,1],[-5,-3],[-4,5],[-8,-1],[-3,5],[-9,4],[-6,2],[-10,4],[-11,4],[-1,3],[-6,2],[-5,12],[-7,9],[-6,3],[-5,5],[1,2],[9,2],[0,2],[-9,-2],[-4,0],[-3,2],[3,6],[8,4],[5,-1],[-1,-2],[6,1],[1,5],[3,1],[0,2],[-11,-1],[-4,-1],[-2,1],[7,3],[10,3],[3,2],[-1,3],[-3,0],[0,2],[-6,-2],[-6,-1],[-2,1],[-2,2],[-6,-1],[-1,5],[1,4],[4,5],[1,4],[-2,1],[-7,3],[8,4],[0,4],[1,2],[-5,1],[-2,2],[4,5],[1,2],[-6,3],[-3,-2],[-1,-2],[-2,-1],[1,5],[2,5],[3,1],[5,1],[3,1],[5,0],[0,3],[-5,0],[-6,-1],[-5,-2],[-2,1],[7,4],[4,1],[5,0],[3,1],[2,2],[5,3],[-2,2],[-5,0],[0,2],[-3,2],[-1,4],[2,3],[5,-5],[3,-2],[2,2],[5,4],[-3,2],[-3,4],[4,12],[2,6],[0,3],[-2,6],[-1,6],[-1,3],[-2,11],[-2,3],[-5,-2],[-2,-3],[-7,-11],[-2,-6],[-5,-2],[-3,0],[3,11],[6,-1],[0,3],[-3,4],[1,3],[5,2],[3,9],[2,3],[7,2],[6,3],[5,2]],[[6800,7329],[11,1],[8,3],[2,-3],[3,-5],[5,-3],[4,-2],[11,-4],[5,3],[4,3],[5,1],[5,-1],[5,-3],[1,-4],[-1,-8],[2,-5],[4,0],[2,4],[1,13],[-2,4],[4,4],[9,0],[4,1],[10,-1],[5,-2],[9,2],[4,1],[5,1],[5,3],[5,3],[9,-1],[13,1],[11,0],[10,0],[5,0],[12,-3],[9,-3],[4,1],[5,2],[4,-1],[5,-3],[5,0],[10,-5],[5,2],[0,8],[4,-3],[5,-3],[5,0],[4,1],[6,4],[7,12],[6,1],[4,1],[9,1],[9,-1],[11,1],[6,3],[-1,4],[-1,4],[3,5],[4,-2],[3,-5],[1,-7],[2,-4],[4,1],[7,8],[3,3],[-2,4],[0,7],[-2,4],[-5,4],[4,4],[1,4],[2,5],[8,8],[4,-2],[1,-4],[-3,-10],[-3,-4],[-4,-2],[-2,-3],[3,-4],[-1,-8],[1,-5],[4,-2],[4,2],[2,4],[-1,10],[0,7],[3,4],[4,-1],[5,-2],[4,-4],[4,-7],[3,4],[2,9],[6,9],[3,4],[8,7],[3,5],[5,8],[5,-4],[4,1],[9,3],[5,3],[-1,8],[3,7],[5,4],[10,5],[0,3],[-4,0],[6,4],[5,-1],[4,1],[3,5],[-2,4],[6,3],[3,8],[0,4],[-6,12],[3,4],[5,-1],[4,2],[1,4],[-4,8],[-1,12],[-1,3],[-5,3],[-3,4],[-4,-3],[-2,-8],[-5,-3],[2,8],[0,8],[2,4],[-3,4],[-2,4],[-2,-4],[0,-8],[0,-9],[-3,-9],[-2,-4],[-9,-7],[-4,-2],[-5,1],[-4,2],[-1,-4],[-3,-4],[-5,-3],[-4,-2],[-6,-1],[-5,0],[-5,-1],[-1,-5],[0,-5],[-4,-4],[-5,-3],[0,-5],[-4,-2],[-1,3],[-1,4],[-4,3],[-5,3],[-4,7],[-4,-2],[-4,-3],[-5,-2],[-4,1],[-6,3],[-4,4],[-7,12],[-4,8],[-5,-2],[-4,-2],[-11,-2],[-5,0],[-4,3],[-6,2],[-3,-7],[-4,4],[2,6],[-3,4],[-9,6],[-2,4],[-5,2],[-6,11],[-2,6],[4,-2],[0,4],[-1,4],[0,4],[2,3],[4,3],[5,5],[5,3],[4,1],[1,2],[0,10],[-2,3],[-4,4],[-5,-2],[-4,0],[-5,-2],[-8,-2],[-5,-1],[-4,2],[-25,-10],[-41,-20],[6,-6],[2,-4],[0,-4],[-2,-4],[-5,-2],[-8,-6],[-1,4],[-8,-4],[-4,3],[-3,4],[-2,4],[-3,3],[-5,-3],[1,-4],[3,-4],[21,-18],[3,-4],[2,-4],[0,-4],[-3,-5],[-4,-4],[-4,2],[-5,-3],[-7,-7],[-7,-6],[-3,-4],[1,-4],[5,-3],[1,-3],[0,-9],[1,-5],[-4,3],[-5,-1],[-4,4],[0,4],[3,4],[-3,4],[-4,0],[-9,-5],[1,-3],[-5,1],[-12,8],[-5,3],[-3,5],[2,4],[4,-3],[3,4],[4,2],[3,4],[0,4],[1,10],[-2,9],[0,4],[-2,5],[-1,8],[2,9],[-1,8],[-2,4],[0,5],[2,8],[-5,-1],[-5,3],[-3,4],[-2,5],[0,5],[1,5],[0,4],[-3,4],[-2,8],[-3,3],[-6,3],[-12,3],[-5,0],[-13,7],[4,0],[0,4],[-2,4],[-2,4],[0,4],[-2,5],[1,4],[0,3],[-2,9],[1,3],[0,5],[-1,5],[1,3],[-4,4],[-1,6],[1,4],[-2,5],[-5,8],[-14,-4],[-5,1],[-4,0],[-6,-7],[-1,-5],[1,-4],[4,-13],[1,-4],[-1,-4],[-2,-4],[-2,-4],[1,-9],[3,-4],[3,-4],[9,-7],[5,-7],[0,-4],[1,-8],[0,-4],[-4,0],[-4,2],[-4,7],[-2,5],[0,4],[-3,3],[-4,-3],[-5,-2],[-6,-1],[-5,0],[-5,-1],[-4,2],[1,3],[4,1],[15,0],[4,-1],[2,8],[-1,4],[-4,-4],[-4,-3],[-5,-2],[-14,0],[-12,-4],[-9,-2],[-5,-2],[-2,-3],[0,-4],[4,-4],[2,-4],[0,-5],[-8,-7],[1,-4],[4,-3],[5,3],[4,-2],[4,-1],[5,-3],[2,-7],[2,-9],[-1,-4],[-3,-7],[-2,-6],[2,-4],[4,0],[1,-3],[-2,-4],[-4,0],[-2,-4],[-4,0],[1,3],[-3,4],[-9,-5],[-4,-3],[-8,-8],[-4,-3],[-9,-4],[-11,-7],[1,-4],[-1,-3],[-2,-2],[-3,2],[3,5],[-2,0],[-13,0],[-6,-1],[1,3],[-5,1],[-5,0],[2,-4],[-8,-4],[-6,1],[1,4],[5,6],[-4,1],[-7,2],[-2,0],[0,-5],[5,0],[0,-5],[-5,3],[-7,0],[-2,-1],[-2,2],[2,6],[5,3],[-11,7],[-12,9],[-7,4],[-1,-1],[4,-5],[-1,-2],[-8,1],[-11,7],[-6,3],[-1,2],[-1,6],[1,4],[-1,2],[8,6],[0,2],[-4,6],[-3,1],[-1,-2],[0,-3],[2,-1],[-2,-2],[-2,1],[-2,3],[-5,1],[-5,-1],[-1,2],[-2,2],[4,4],[-1,2],[-3,0],[-2,2],[2,2],[-1,4],[5,3],[-4,6],[-5,4],[1,-5],[-2,-4],[-5,0],[-1,2],[-1,4],[2,4],[-3,5],[-4,2],[8,1],[0,4],[-4,6],[-2,3],[-5,-1],[0,2],[3,2],[0,2],[0,5],[-4,7],[0,3],[5,29],[0,5],[3,2],[2,9],[1,5],[-1,3],[-3,-1],[1,-8],[-1,-2],[-2,-1],[0,5],[-6,-2],[-8,-1],[2,6],[5,2],[-2,4],[-4,4],[0,3],[-2,2],[-5,2],[-2,-1],[-1,2],[7,3],[7,5],[-1,2],[-2,0],[-6,2],[-3,1],[0,2],[-4,2],[1,2],[5,-1],[-2,4],[-2,0],[-2,2],[5,1],[3,-2],[4,0],[3,-2],[3,0],[2,-2],[2,0],[5,3],[0,5],[2,2],[19,-2],[3,-2],[0,-6],[1,-3],[6,-3],[7,1],[5,5],[1,4],[-2,5],[-6,9],[-9,14],[-3,7],[-2,4],[0,3],[-3,15],[-3,5],[-2,2],[-5,9],[-3,2],[-2,-1],[2,-2],[-2,-2],[-8,1],[-3,-1],[0,-4],[-3,1],[1,5],[2,2],[5,1],[4,3],[0,2],[-2,2],[-2,-3],[-5,0],[-2,-1],[-2,1],[-3,4],[1,4],[-3,5],[0,2],[-5,-1],[-2,2],[3,8],[5,10],[2,1],[3,5],[5,-4],[2,4],[3,1],[4,4],[-1,12],[-3,2],[-2,1],[0,5],[3,5],[-3,1],[-4,-2],[2,5],[-1,6],[0,8],[-1,2],[2,3],[6,0],[3,2],[1,3],[0,3],[-3,5],[-3,5],[0,3],[-3,0],[-5,-1],[0,2],[3,1],[5,4],[-2,5],[3,5],[1,10],[-3,2],[0,2],[3,1],[0,6],[4,5],[4,2],[1,3],[-2,7],[0,3],[4,4],[6,1],[8,0],[6,2],[6,0],[4,5],[6,0],[8,-4],[7,1],[4,2],[1,2],[0,3],[-5,3],[-2,2],[-3,-1],[1,9],[1,9],[3,-1],[1,10],[2,3],[6,-1],[1,2],[0,6],[-1,13],[-2,-1],[-2,3],[-2,5],[-2,-1],[-2,2],[0,3],[2,2],[0,5],[-5,4],[8,4],[5,4],[-5,1],[-2,2],[-1,2],[9,-1],[4,1],[1,3],[-1,3],[-6,0],[-3,1],[1,2],[3,2],[0,2],[-2,2],[-3,0],[-3,2],[2,1],[-5,5],[2,2],[7,-1],[3,2],[0,8],[-2,2],[-2,1],[-3,2],[7,2],[-1,5],[5,-4],[3,0],[-2,6],[0,5],[1,7],[-2,-1],[0,-2],[-2,-2],[-2,2],[-2,-2],[-3,1],[-1,3],[0,8],[2,10],[-1,3],[-2,5],[-1,8],[2,2],[-3,1],[-5,-3],[-2,2],[-3,3],[-2,7],[-4,-2],[-1,2],[-3,2],[-5,10],[-4,9],[0,4],[-2,4],[4,5],[0,5],[-1,3],[-5,5],[-5,3],[-2,3],[0,4],[-3,-1],[0,-2],[3,-7],[-1,-5],[-3,0],[-3,5],[-2,9],[-2,2],[-7,-4],[-1,-7],[-2,-3],[-1,2],[-1,5],[1,3],[-1,3],[-3,-1],[-6,0],[0,3],[4,4],[8,3],[8,1],[6,4],[5,0],[4,-5],[5,-5],[2,-4],[-2,-3],[4,-4],[3,0],[1,12],[0,5],[-1,7],[2,7],[-1,3],[2,2],[0,2],[-2,5],[0,2],[2,1],[1,3],[-11,5],[-5,-3],[-8,-1],[-6,0],[-18,-4],[-8,-1],[-3,2],[1,2],[5,4],[1,2],[1,10],[4,4],[3,10],[-2,11],[-2,3],[-5,1],[-6,4],[-2,-1],[-3,-8],[-2,-3],[-5,-3],[-2,-5],[-5,-4],[-1,-2],[-3,1],[0,3],[3,9],[-2,8],[-9,10],[-10,1],[-5,4],[-10,5],[-8,2],[-6,0],[-6,1],[-3,-1],[-3,7],[-5,1],[-1,2],[-4,2],[-3,-1],[-3,-4],[-3,0],[-4,2],[-2,3],[0,3],[-1,2],[1,4],[10,2],[6,-1],[4,-4],[7,0],[4,5],[1,7],[4,5],[8,8],[1,4],[3,5],[6,-3],[5,0],[4,3],[-4,11],[-1,6],[3,8],[2,3],[-1,2],[-4,2],[-4,0],[-7,-1],[-6,2],[1,2],[9,0],[4,1],[7,-1],[5,-4],[2,-5],[4,-3],[1,-2],[-3,-4],[2,-4],[5,-2],[4,-6],[8,-4],[10,1],[6,4],[2,4],[2,11],[-3,7],[-2,3],[-4,5],[1,4],[10,1],[9,1],[11,4]],[[7010,8294],[3,-6],[5,-1],[7,3],[7,1],[1,-1],[-3,-5],[2,-4],[7,-14],[11,-16],[7,-14],[15,-10],[14,-23],[1,-9],[4,-18],[3,-8],[5,-23],[6,-5],[3,14],[4,0],[6,0],[4,4],[-4,2],[-2,5],[1,5],[-8,7],[-2,-3],[-1,6],[-3,7],[4,3],[13,-12],[7,-1],[3,4],[-5,6],[5,4],[-2,5],[-1,8],[-2,2],[-1,-9],[-2,0],[-7,6],[-3,6],[0,2],[8,1],[7,-1],[8,-3],[9,-7],[3,-1],[8,-6],[0,-4],[0,-10],[5,-6],[5,-6],[0,-15],[3,-7],[0,-6],[3,-19],[7,-6],[7,-5],[5,2],[4,4],[4,0],[6,-6],[18,-16],[8,-3],[8,3],[19,-13],[13,-5],[6,0],[4,4],[-3,3],[-1,3],[1,1],[11,1],[8,0],[14,-7],[10,-7],[0,-10],[-7,-8],[-10,-3],[-13,-11],[0,-5],[10,-13],[11,-7],[3,-10],[-4,-5],[-7,4],[-5,12],[-5,4],[-9,14],[-6,14],[-3,4],[-6,0],[-3,3],[-14,1],[-11,0],[-11,-7],[1,-9],[10,-22],[-3,-5],[-9,0],[-11,12],[-5,4],[-10,-2],[-8,7],[-19,5],[-3,5],[2,12],[13,4],[13,-3],[8,8],[0,10],[-4,3],[-9,-3],[-6,7],[-5,8],[-7,4],[-12,1],[-6,-3],[-2,5],[-6,-3],[-3,-7],[4,-27],[-1,-7],[0,-13],[11,-18],[14,-17],[10,-19],[5,-20],[12,-12],[25,-11],[16,-13],[7,-13],[-1,-14],[3,-13],[6,-21],[-2,-8],[-6,-1],[-4,6],[-2,6],[-11,8],[6,7],[-1,10],[-5,5],[-3,-5],[-3,-4],[-3,1],[0,6],[-1,4],[-4,-2],[-1,-7],[-1,-5],[-4,-7],[-11,0],[-11,4],[-3,8],[6,11],[0,7],[-4,7],[-5,0],[-9,-4],[-2,-10],[-4,-10],[-6,-12],[1,-5],[3,-9],[2,-10],[-1,-2],[-3,1],[-2,11],[-5,12],[-2,2],[-3,-4],[0,-3],[5,-8],[0,-5],[9,-19],[3,-10],[-1,-8],[-3,-2],[-3,2],[-1,6],[2,2],[-1,3],[-4,-5],[-1,-9],[1,-12],[7,-13],[14,-11],[10,1],[4,-5],[4,-7],[0,-7],[8,-3],[23,-15],[34,-40],[11,-23],[17,-25],[10,-37],[1,-8],[8,-4],[6,-3],[6,-13],[6,-20],[-3,-10],[-5,-24],[0,-7],[5,-8],[7,-3],[6,1],[7,-7],[4,-9],[0,-6],[1,-5],[1,-7],[0,-11],[0,-5],[3,-7],[8,-1],[5,3],[0,6],[-1,4],[-4,4],[0,6],[4,5],[0,3],[4,-2],[6,-2],[4,2],[3,2],[2,-2],[3,-1],[7,0],[6,-7],[5,1],[4,3],[1,4],[-6,3],[-9,6],[1,3],[2,1],[4,-6],[3,-2],[7,-2],[1,-2],[2,-7],[-2,-7],[3,-8],[6,-3],[9,1],[4,5],[-2,3],[-4,3],[-2,5],[1,4],[7,-1],[3,-4],[0,-2],[-3,-11],[3,-3],[7,1],[2,4],[-2,0],[-2,4],[0,9],[3,5],[4,-8],[4,-5],[9,-4],[4,-3],[2,2],[3,8],[4,1],[3,-2],[0,-3],[2,-3],[5,-4],[4,-6],[1,-6],[2,-3],[-2,-1],[-2,-3],[1,-3],[-1,-2],[0,-3],[11,1],[4,1],[6,5],[9,1],[2,-3],[0,-5],[6,-1],[5,1],[4,2],[4,0],[2,-1],[3,-4],[0,-3],[3,-6],[3,-6],[-1,-3],[-4,-3],[-1,0],[-4,5],[-1,4],[-3,0],[-1,2],[-4,0],[3,-3],[-1,-2],[2,-3],[-1,-3],[4,-1],[-2,-4],[-9,4],[-11,10],[1,8],[-1,2],[-5,3],[-2,-1],[-3,-5],[-2,0],[1,7],[-13,-15],[-4,-1],[-3,-6],[1,-6],[2,-2],[-1,-2],[-5,0],[-2,1],[-1,-7],[-2,1],[-1,2],[-3,3],[-2,-1],[-4,-3],[-4,0],[-2,-1],[-1,-6],[4,-3],[-1,-2],[-6,2],[-1,2],[1,4],[-2,5],[-4,3],[-6,1],[-5,-1],[-5,0],[0,3],[-1,2],[-6,0],[-5,2],[-2,-1],[-1,6],[-3,6],[2,4],[-2,2],[-3,0],[0,3],[-2,4],[-4,0],[-1,2],[-3,2],[-2,3],[-5,1],[-2,-1],[2,-2],[0,-4],[-5,4],[-2,-1],[-1,4],[-3,0],[2,-4],[-2,-2],[-2,4],[-2,2],[-3,0],[2,-6],[-1,-4],[-4,5],[-2,4],[-3,-2],[-4,1],[4,-4],[5,-6],[-1,-2],[-5,1],[-1,5],[-2,2],[-3,0],[-3,-5],[-3,-2],[-1,3],[0,7],[-3,0],[-2,7],[-2,-1],[-4,-5],[-1,-5],[-4,-7],[-2,-6],[-3,1],[1,5],[1,3],[5,4],[0,8],[-2,6],[-10,10],[-1,7],[-5,2],[-3,2],[-4,-1],[-5,-8],[-3,0],[-2,2],[-1,8],[-3,6],[0,5],[2,10],[3,6],[-2,2],[3,12],[2,16],[-4,6],[2,9],[1,12],[-2,0],[-3,-8],[-1,-6],[-3,-13],[-2,-6],[-5,-8],[-5,-3],[-2,0],[-2,2],[-8,-3],[-12,-7],[-4,-3],[1,-4],[3,-13],[4,-6],[0,-5],[-3,-4],[0,-3],[3,-6],[1,-2],[-1,-9],[-1,-9],[-2,-2],[-3,3],[-4,-3],[-8,-10],[-5,-4],[-3,-4],[-3,-5],[-3,-10],[-4,-5],[0,-4],[2,-5],[4,-6],[1,-3],[2,-17],[1,-3],[8,-3],[4,-10],[0,-3],[2,-7],[0,-5],[-1,-3],[-2,-9],[-2,-8],[-1,-6],[-2,-7],[-1,-7],[0,-8],[2,-4],[3,-4],[-1,-3],[-2,1],[-3,9],[-2,3],[-2,1],[-4,-2],[-6,-10],[-5,-3],[-3,-7]],[[5332,5815],[-1,6],[1,2],[-4,3],[-4,2],[2,3],[2,-1],[4,3],[6,-14],[-1,-2],[3,-9],[8,0],[7,-3],[8,-5],[4,-1],[6,-1],[7,-3],[4,0],[3,-2],[3,0],[5,-1],[6,-4],[8,-6],[6,-6],[5,-3],[3,-1],[6,2],[10,-2],[5,-3],[3,-3],[3,-5],[1,-5],[-2,-9],[-3,-4],[-2,-1],[-1,-4],[-2,-1],[-5,1],[-4,-5],[1,-2],[-1,-4],[4,-2],[3,0],[6,3],[4,-4],[6,-3],[5,-4],[3,-5],[6,-14],[2,-10],[1,-4],[10,-4],[4,-3],[7,0],[4,-2],[0,5],[5,3],[5,0],[2,-2],[1,-7],[2,-4],[5,-4],[5,-2],[9,-2],[5,-1],[11,2],[4,4],[-3,3],[3,1],[3,3],[9,-1],[3,2],[4,-2],[6,-5],[4,-1],[0,-4],[2,-3],[4,-10],[2,-3],[4,-1],[5,0],[6,3],[3,-2],[6,-1],[5,0],[9,2],[19,2],[3,2],[1,3],[4,-2],[14,-3],[10,1],[5,2],[16,2],[8,1],[5,-1],[1,6],[-1,4],[6,2],[6,0],[5,-2],[2,2],[4,0],[3,2],[8,3],[15,6],[2,-2],[2,1],[6,1],[4,0],[9,-3],[2,-2],[8,-10],[1,-3],[2,-6],[3,-4],[5,-5],[3,-1],[3,-3],[3,-1],[4,1],[3,-2],[1,2],[4,2],[2,2],[6,0],[4,-1],[8,5],[7,-1],[5,0],[5,-2],[5,-1],[4,3],[4,0],[6,4],[6,4],[3,0],[5,7],[5,-3],[6,-11],[1,-7],[4,-11],[2,-7],[-1,-6],[-1,-2],[-6,-1],[-3,-3],[-2,-4],[-2,-10],[-1,-8],[-1,-12],[0,-8],[0,-9],[-2,-9],[-2,-4],[-3,-3],[-5,-2],[-6,-4],[-5,-3],[-2,-3],[-1,-6],[-2,-2],[-1,-6],[1,-5],[3,-2],[6,-6],[2,-3],[5,-2],[2,2],[4,0],[0,3],[3,4],[4,9],[3,8],[1,2],[2,8],[7,1],[2,-2],[3,-3],[1,-9],[3,-6],[1,-1],[0,-3],[-10,-8],[2,-24],[5,-14],[6,-8],[4,-4],[2,-2],[1,-6],[2,-3],[6,-6],[3,-4],[4,-3],[3,-10],[5,-10]],[[5953,5412],[11,-9],[1,-4],[1,-2],[4,-9],[3,-10],[10,-15],[2,-2],[3,3],[4,-2],[3,4],[0,7],[3,3],[6,1],[3,-1],[2,-2],[2,-4],[10,-15],[2,-6],[2,-9],[2,-15],[0,-3],[-2,-5],[0,-5],[-7,-20],[2,-11],[0,-10],[3,-17],[4,-14],[-1,-9],[2,-7],[0,-10],[1,-14],[2,-10],[1,-5],[0,-5],[3,-5],[1,-4],[3,-11],[5,-14],[4,-6],[5,-9],[5,0],[3,-4],[11,-5],[1,-1]],[[6073,5121],[1,-6],[6,-7],[3,-7],[2,-6],[-1,-2],[4,-6],[0,-12],[1,-3],[2,-1],[1,-8],[0,-5],[2,-2],[5,-2],[1,-8],[-2,-4],[-6,-8],[-2,-1],[-7,-7],[-5,0],[-2,-2],[-2,-5],[-8,-2],[-6,-5],[-5,-8],[-3,-4],[-4,-6],[-1,-3],[-4,-12],[0,-7],[2,-7],[3,-5],[2,-12],[3,-7],[2,-11],[-1,-16],[-3,-11],[-7,-16],[-1,-7],[-6,-1],[-1,-10],[-3,-11],[-2,-5],[-5,-7],[0,-4],[2,-1],[5,2],[1,4],[-1,3],[2,3],[1,5],[3,5],[3,8],[2,1],[3,-1],[1,-23],[-2,-6],[-1,-3],[2,-2],[-1,-3],[-2,-3],[0,-2],[-4,-1],[1,-2],[-1,-4],[-2,-3],[-4,-1],[-1,-3],[-5,4],[-4,-2],[-4,0],[-3,-4],[-1,3],[-3,-2],[-4,7],[-5,-1],[-8,2],[-1,2],[-3,0],[-7,-9],[-5,-2],[-2,-2],[-6,-1],[-2,-1],[-6,1],[0,3],[-4,-1],[-2,1],[-1,4],[-2,0],[-7,-4],[-2,1],[0,-5],[-4,-3],[-9,1],[-4,0],[-2,2],[-2,4],[1,4],[1,5],[0,3],[0,4],[-2,3],[-1,3],[2,1],[7,0],[3,-3],[11,-4],[4,1],[-1,3],[2,1],[3,-2],[2,1],[2,3],[0,1],[3,2],[3,3],[1,5],[-1,2],[-4,-2],[-4,3],[-1,-2],[-3,-3],[-5,5],[2,5],[-2,1],[1,3],[-3,3],[-2,-3],[-1,1],[1,5],[4,1],[-1,5],[-4,0],[-2,-1],[-7,-7],[-3,-6],[-4,-3],[-1,-5],[-2,-2],[1,-5],[-3,-1],[-2,14],[-3,5],[3,1],[1,2],[-6,2],[0,2],[4,3],[1,5],[4,1],[0,3],[-3,2],[0,2],[5,-1],[1,2],[-2,4],[2,1],[4,-1],[3,3],[4,7],[4,4],[6,2],[-4,2],[1,2],[6,1],[-3,3],[-5,2],[-4,0],[-6,-2],[-1,-4],[-4,-3],[-3,-1],[-3,1],[-3,-2],[-5,-1],[-3,1],[0,5],[4,2],[-2,5],[-3,0],[-1,-3],[-2,3],[0,4],[-4,5],[3,1],[0,5],[-2,1],[-3,0],[-2,-7],[-3,-1],[-4,0],[-2,-3],[-3,-2],[-2,0],[-2,6],[-2,2],[-4,1],[-4,2],[-3,-2],[-7,0],[1,-4],[2,-10],[0,-3],[-2,-3],[1,-4],[-3,-3],[-1,-4],[1,-3],[0,-3],[-4,-1],[-4,3],[-4,-2],[-5,-4],[-1,0],[0,6],[3,5],[-1,2],[-3,2],[-7,-2],[-2,-6],[2,-6],[-3,-4],[1,-6],[1,-1],[5,1],[1,-1],[-10,-2],[-5,-4],[-4,-7],[1,-7],[-1,-2],[-6,-3],[-1,-2],[-3,-3],[-4,2],[-4,-4],[-2,-8],[-8,-6],[-5,-7],[-9,-8],[-5,-2],[-5,-1],[-3,1],[-5,-1],[-5,-1],[-5,-5],[-3,-5],[-1,-4],[-4,-6],[-2,-7],[-2,-5],[2,-3],[4,-3],[4,-5],[5,-3],[6,1],[2,-1],[1,-4],[0,-3],[6,-2],[5,-4],[6,-2],[6,-5],[4,0],[2,-5],[4,-1],[1,-3],[-4,-1],[1,-5],[5,-4],[7,-1],[0,-1],[-4,-1],[-3,-5],[-3,3],[-3,3],[-3,1],[2,2],[-4,3],[2,7],[-7,0],[-3,-3],[-2,3],[2,7],[-1,2],[-3,2],[-2,-4],[-5,0],[-2,3],[3,2],[-2,2],[-12,-2],[-3,-3],[-2,1],[-2,-2],[0,-2],[3,-4],[2,-4],[0,-5],[-3,0],[-2,3]],[[5750,4733],[-1,3],[-4,0],[1,2],[-3,2],[-1,2],[1,5],[-3,3],[-7,2],[1,4],[4,0],[6,-1],[2,3],[-3,4],[-3,0],[-5,-4],[-7,-1],[-3,1],[-1,2],[-5,6],[-7,3],[-2,-1],[-3,4],[-5,-2],[-1,1],[3,7],[4,-1],[4,-5],[4,-1],[10,1],[1,3],[6,3],[2,3],[0,2],[3,1],[0,4],[-3,8],[-2,0],[-7,-2],[-7,-3],[-9,-1],[-2,4],[3,7],[1,3],[6,1],[4,5],[-3,4],[0,5],[1,1],[4,0],[3,2],[-3,4],[1,6],[-1,3],[3,0],[0,9],[3,0],[4,-8],[5,-3],[11,-1],[4,-2],[4,0],[4,2],[-2,4],[4,4],[-3,3],[2,4],[3,0],[4,1],[6,0],[7,7],[0,2],[2,2],[1,5],[0,4],[2,4],[-5,3],[0,4],[-1,2],[-4,1],[-10,-1],[-6,-3],[-5,0],[-3,5],[-3,0],[-3,-2],[-7,-3],[-6,-1],[2,2],[-1,4],[1,1],[6,0],[-2,3],[-4,2],[-1,1],[5,2],[0,3],[-1,3],[7,2],[-3,1],[-1,2],[4,1],[-2,3],[0,4],[-6,5],[-3,2],[-2,-1],[-5,2],[6,2],[15,1],[3,3],[4,9],[4,1],[5,2],[-4,3],[-2,4],[-7,4]],[[5753,4948],[5,12],[4,4],[4,1],[10,0],[6,3],[7,4],[5,0],[10,0],[17,2],[4,2],[2,6],[3,4],[8,5],[3,3],[-2,3],[3,8],[0,4],[1,8],[-2,3],[-4,0],[-3,7],[0,3],[3,-1],[-1,5],[-7,5],[0,4],[4,2],[-4,2],[1,4],[2,3],[4,3],[4,4],[1,3],[8,-5],[4,1],[0,6],[3,-3],[3,-1],[2,-3],[0,-3],[4,-3],[0,-3],[0,-3],[6,-7],[4,1],[1,8],[7,-3],[12,7],[1,3],[-3,2],[-4,-1],[-4,2],[0,3],[3,3],[-4,3],[-2,3],[-4,-2],[-4,1],[2,3],[3,2],[2,6],[0,3],[2,4],[-2,3],[-4,-1],[-4,-3],[-4,1],[-1,-3],[-4,0],[0,4],[-4,1],[6,6],[4,2],[4,0],[0,3],[-3,4],[-5,1],[-12,4],[-10,5],[4,1],[3,-2],[5,1],[3,6],[4,1],[-1,3],[-3,-1],[-5,0],[4,4],[7,0],[1,3],[-3,3],[-7,0],[1,3],[-8,0],[-2,3],[-3,-3],[-6,0],[8,4],[0,4],[3,6],[-2,3],[-7,3],[-7,1],[-1,3],[-4,2],[-3,-2],[-1,3],[-3,1],[-4,-1],[-6,-2],[2,-4],[-2,-3],[-1,-4],[4,-4],[-4,-3],[-1,3],[-3,2],[-1,3],[-3,4],[0,4],[-4,-1],[-1,-4],[1,-3],[4,-1],[-3,-4],[-8,5],[-4,2],[-4,0],[2,4],[1,4],[-5,-3],[-4,-1],[-12,2],[-1,4],[9,-2],[4,1],[4,4],[0,3],[-4,15],[-4,2],[-12,1],[-1,-4],[-7,5],[-5,-2],[-3,4],[4,0],[4,2],[3,1],[4,3],[4,0],[-2,4],[-4,3],[-5,8],[-4,2],[-3,-3],[-1,3],[-3,3],[-4,2],[-4,0],[-3,2],[-4,-3],[0,-3],[-3,-3],[-4,2],[-2,4],[-4,-1],[-3,7],[-3,3],[-4,2],[-3,3],[2,3],[-3,4],[-1,4],[-4,2],[-8,2],[-3,-3],[-4,2],[-1,3],[-7,-1],[-8,2],[3,1],[-4,2],[-4,-2],[-8,0],[-4,2],[-1,3],[4,2],[0,4],[4,2],[0,3],[3,3],[4,-1],[-1,4],[2,6],[0,3],[-4,2],[-4,-2],[0,3],[3,10],[0,3],[-3,4],[-5,3],[-8,0],[0,3],[1,7],[1,3],[4,-2],[4,1],[4,-1],[5,7],[3,3],[4,1],[3,4],[4,1],[5,6],[4,3],[4,2],[4,2],[-2,4],[-7,1],[-3,3],[-4,2],[1,3],[-2,4],[-4,-2],[-3,-3],[-8,3],[4,3],[-4,2],[-4,-3],[-1,-3],[-4,-1],[-4,2],[-2,3],[-2,4],[-8,14],[0,3],[8,0],[-2,4],[-3,3],[-4,0],[-1,4],[3,3],[-4,1],[1,3],[-2,3],[-8,-4],[-1,-3],[-8,-3],[-4,0],[-5,1],[2,3],[4,2],[-2,4],[-3,2],[-4,-1],[-2,6],[0,3],[-3,3],[-3,1],[-4,-4],[-1,-8],[-4,-8],[-6,-6],[-3,-8],[0,-16],[1,-4],[3,-3],[4,-3],[0,-3],[-3,-6],[1,-4],[1,-6],[-5,-1],[1,3],[-1,3],[-9,0],[-7,-1],[-4,-1],[-4,0],[-12,2],[-4,1],[-4,1],[-5,0],[-6,-1],[-6,-3],[-9,2],[4,3],[2,4],[-5,1],[3,8],[3,4],[-9,-2],[1,4],[-9,2],[-6,0],[-4,-1],[-4,5],[5,3],[3,4],[2,4],[-5,1],[-2,3],[2,4],[5,5],[4,4],[5,0],[5,8],[-1,4],[-3,4],[-15,6],[-5,-1],[2,4],[1,4],[-5,3],[-5,9],[5,-1],[1,4],[3,4],[1,4],[-1,4],[5,1],[4,4],[5,2],[4,-1],[3,5],[12,12],[-3,4],[-4,3],[-1,4],[5,2],[5,1],[4,4],[5,2],[4,0],[15,0],[5,1],[11,2],[5,3],[9,3],[5,-3],[2,-4],[5,-2],[13,9],[9,1],[1,7],[-5,1],[-4,0],[-5,-4],[0,4],[4,2],[3,5],[1,8],[-1,4],[-2,11],[-10,2],[-17,2],[-6,0],[-9,4],[-5,3],[-5,8],[-6,4],[-4,1],[-5,1],[-2,-5],[-9,-2],[-5,-2],[1,-4],[-2,-9],[-3,-7],[-4,-4],[-9,-3],[-11,1],[-5,1],[-10,4],[-3,4],[-9,5],[-2,4],[0,4],[-3,5],[-5,1],[-3,4],[-5,3],[-4,3],[-2,4],[-4,4],[5,3],[0,-4],[5,0],[4,2],[11,-2],[10,3],[3,4],[-1,3],[4,9],[0,8],[2,4],[-5,2],[-15,-6],[-4,-2],[-5,-8],[-5,-3],[-4,1],[-5,3],[2,5],[6,-1],[10,4],[0,9],[-1,4],[-4,-1],[-5,3],[-6,0],[-5,-3],[-2,-4],[-5,-4],[-5,3],[3,4],[-4,4],[0,4],[2,4],[-4,3],[-5,1],[7,4],[4,4],[-3,4],[-6,-8],[-4,-2],[-6,-4],[-5,-3],[-6,-8],[-5,-1],[1,-4],[5,-2],[-4,-4],[-2,4],[-5,1],[0,4],[-5,1],[5,3],[0,5],[-9,1],[-4,-1],[-5,3],[0,4],[2,5],[-5,3],[-5,1],[-3,6],[2,9],[4,0],[0,3],[-3,4],[-9,-4],[-5,3],[0,3],[-4,8],[-1,8],[4,4],[-2,4],[2,4],[-1,4],[-4,0],[0,4],[-5,0],[-5,1],[-3,4],[1,8],[10,3],[4,-1],[4,5],[-2,4],[5,3],[7,3],[6,-1],[4,1],[1,-4],[5,-1],[-2,4],[-5,9],[-9,2],[-5,0],[-2,4],[-1,4],[4,5],[3,4],[-3,4],[-1,4],[4,4],[0,3],[-5,0],[-5,-3],[-4,-1],[-4,1],[1,4],[-2,4],[-6,1],[-10,1],[0,4],[0,4],[3,4],[1,5],[1,5],[5,0],[2,4],[0,4]],[[6330,4092],[-1,1],[0,59],[0,6],[-4,3],[-6,2],[-9,3],[-3,0],[-7,8]],[[6300,4174],[19,0],[-8,7],[-1,2],[1,2],[1,3],[-2,2],[-4,1],[1,2],[4,0],[1,2],[3,0],[3,3],[5,0],[3,-2],[3,3],[5,2],[2,-5],[4,-2],[2,0],[5,3],[4,1],[4,-1],[7,-2],[5,-1],[5,0],[2,2],[4,5],[4,1],[7,4],[-5,10],[-4,16],[3,0],[11,-2],[3,1],[1,2],[-2,4],[-6,2],[-8,2],[-4,4],[-2,3],[-5,1],[1,2],[6,1],[1,4],[4,-2],[4,-1],[6,1],[2,0],[9,2],[7,0],[6,5],[2,3],[-1,4],[-2,2],[-5,2],[-2,3],[6,-1],[5,2],[-2,3],[-4,1],[-5,-1],[-6,-1],[-4,3],[-2,5],[5,1],[-1,2],[-4,3],[2,1],[2,3],[3,3],[4,-1],[2,2],[-4,3],[0,2],[7,-3],[5,1],[4,2],[2,0],[0,-9],[1,-3],[-2,-5],[0,-4],[1,-1],[4,0],[3,4],[3,-4],[4,1],[10,7],[0,2],[4,3],[0,4],[-2,3],[2,3],[0,3],[-5,0],[-12,-2],[-5,0],[-4,1],[-6,4],[-7,1],[-4,5],[-4,-3],[-3,0],[5,6],[-2,8],[2,1],[2,-4],[6,-1],[7,-1],[-2,7],[-3,5],[0,4],[-3,4],[8,3],[4,-1],[9,-1],[7,1],[-2,5],[-4,3],[-12,2],[-9,2],[1,10],[5,4],[2,2],[6,4],[2,5],[0,4],[-2,3],[-2,2],[-8,3],[-2,0],[-1,5],[-9,5],[0,4],[8,0],[2,0],[11,-2],[7,0],[1,-2],[-2,-4],[-4,-5],[1,-3],[4,-2],[1,-8],[-1,-7],[3,-3],[5,1],[2,2],[-5,4],[0,3],[4,-1],[4,6],[0,3],[5,4],[6,3],[2,-1],[-1,-4],[-1,-2],[-6,-10],[-2,-4],[0,-7],[4,0],[2,-4],[6,-5],[2,-5],[2,-2],[5,-2],[7,1],[5,2],[1,4],[-2,5],[-2,8],[9,2],[5,0],[7,2],[2,2],[-1,8],[-2,5],[-6,9],[7,0],[4,1],[-1,2],[-4,4],[0,4],[2,1],[-2,7],[1,2],[-4,2],[-1,3],[-3,6],[1,2],[-2,4],[3,0],[1,-4],[1,-2],[4,1],[7,4],[3,5],[-4,5],[2,4],[4,1],[4,2],[5,-1],[4,-2],[4,0],[0,3],[-8,2],[2,2],[4,0],[1,2],[4,-3],[8,4],[1,2],[-2,4],[6,-1]],[[6384,5116],[-2,7],[-11,2],[-15,7],[-1,1],[2,5],[-1,5],[-3,7],[-4,0],[-1,2],[1,4],[-4,4],[-2,1],[-5,-1],[0,5],[-1,3],[3,2],[-1,4],[-3,2],[-3,2],[-1,4],[-2,2],[1,4],[-4,-1],[0,3],[5,-1],[2,4],[-10,15],[-4,3],[-4,1],[-3,0],[-4,2],[4,3],[0,2],[1,2],[9,-4],[8,1],[1,0],[-1,4],[-1,3],[2,2],[1,3],[-4,2],[0,6],[-2,2],[2,7],[0,4],[-2,2],[-4,3],[-9,1],[-13,-1],[-3,-4],[-5,0],[1,6],[3,3],[5,1],[3,2],[-4,3],[-10,3],[-1,3],[1,6],[-4,7],[-2,9],[-3,5],[0,5],[-1,3],[-1,1],[-1,3],[3,5],[-1,5],[-1,2],[-4,4],[0,4],[-2,3],[1,4]],[[6275,5339],[4,-4],[5,-3],[5,-6],[4,-9],[6,-7],[4,-3],[6,-3],[6,-2],[10,-2],[10,-2],[10,-4],[3,-3],[2,-4],[0,-5],[-7,-8],[2,-2],[-2,-3],[-3,-7],[0,-5],[1,-4],[4,-5],[10,-7],[7,-7],[9,-8],[7,-3],[11,-2],[4,-2],[3,-4],[8,-7],[2,-2],[1,-4],[-1,-10],[-3,-9],[-6,-14],[-1,-7],[0,-5],[2,-9],[4,-10],[5,-5],[5,-1],[7,3],[0,-4],[5,-2],[1,4],[4,2],[3,-1],[1,-4],[-7,-3],[0,-2],[5,-4],[7,-7],[1,-2],[2,-8],[3,-6],[5,-5],[2,-1],[5,-1],[4,-2],[10,0],[11,3],[2,4],[0,3],[1,2],[6,-4],[3,0],[2,5],[-1,2],[-5,1],[-2,1],[-2,4],[2,5],[2,0],[6,-1],[4,-2],[4,-6],[5,-3],[7,-3],[11,-4],[2,-1]],[[6404,4891],[-2,5],[-3,3],[3,2],[0,3],[-7,3],[-5,2],[-3,5],[1,6],[-1,4],[0,3],[3,4],[7,2],[7,5],[3,2],[2,3],[5,3],[-2,7],[3,0],[2,-3],[-3,0],[0,-4],[2,-2],[0,-2],[3,-1],[4,0],[6,1],[2,1],[3,1],[1,2],[3,-2],[-2,-3],[2,-2],[2,1],[3,2],[7,-4],[5,1],[0,4],[-1,3],[-6,1],[2,11],[-5,1],[-2,-3],[-2,-6],[-3,0],[2,3],[0,2],[-3,4],[-3,1],[-7,1],[1,3],[-5,2],[-7,-1],[-4,1],[-6,-2],[-5,0],[-9,-2],[-9,1],[-10,-2],[-7,0],[-8,-2],[-1,1],[0,3],[3,0],[3,2],[0,5],[-6,5],[2,4],[-2,4],[11,-3],[3,-3],[2,-5],[3,-5],[8,1],[2,2],[1,6],[6,4],[2,-1],[2,-6],[6,-5],[6,-1],[3,2],[3,2],[3,3],[1,5],[0,6],[-2,4],[1,1],[4,0],[3,3],[1,6],[-2,6],[-4,2],[-2,3],[-5,7],[-8,1],[-6,1],[-4,0],[-3,1],[-6,0],[-3,3],[-2,1],[-5,-1],[-4,2],[-7,0],[-7,1],[-5,0],[-3,0],[-3,-5],[-3,-3],[-4,2],[0,5],[4,3],[2,4],[-3,2],[0,2],[-2,4],[-3,1],[-1,4],[1,8],[0,6],[1,3],[-1,3],[2,4],[2,2],[1,3],[2,-1],[4,0],[3,1],[2,4],[-3,4],[5,-1],[3,3],[0,2],[0,5],[-2,3],[5,3],[1,2],[-2,4],[2,2],[5,-3],[-1,-4],[2,-4],[4,-2],[7,-2],[10,0],[6,1],[9,4],[2,2],[1,5],[3,3],[-4,2],[-3,-2],[0,4],[-11,4],[-8,0],[-1,3]],[[8396,2242],[-1,-9],[-13,0],[-1,-18]],[[8341,2209],[2,22],[-3,0],[0,4]],[[8351,2252],[1,6],[12,0],[20,7],[12,-23]],[[7343,5246],[-3,-4],[-5,-9],[-4,-4],[-5,-10],[-4,-6],[-3,-5],[-3,1],[-4,-1],[-4,-4],[-6,-14],[-2,-7],[-2,-7],[0,-4],[3,-8],[6,-5],[2,-8],[6,1],[4,5],[3,1],[4,0],[2,-2],[1,-2],[-2,-2],[-6,-3],[-3,-4],[-3,-4],[-1,-1],[-3,8],[-3,2],[-3,-1],[1,-4],[-1,-5],[-2,2],[1,-6],[-5,1],[-2,-1],[1,-3],[1,-4],[2,-2],[2,2],[3,0],[3,-2],[-4,-5],[-1,-4],[0,-4],[2,-11],[2,-2],[3,-5],[0,-5],[1,-5],[-1,-6],[-3,-4],[-3,-3],[-4,-1],[0,5],[2,4],[0,3],[-3,8],[-7,5],[-1,3],[-4,2],[-6,5],[-2,0],[-5,-1],[-4,-5],[0,-8],[-3,-2],[-6,-2],[-2,2],[1,2],[0,5],[-4,0],[-7,2],[-4,3]],[[7246,5103],[-1,4],[1,2],[5,2],[1,2],[-3,1],[2,5],[4,1],[3,3],[0,3],[-6,0],[-7,-5],[-5,-1],[-2,-2],[-3,3],[-4,2],[-2,5],[-3,5],[-3,2],[-2,-1],[-2,7],[-3,1],[-5,-4],[-2,-3],[-3,-1],[-7,0],[-5,1],[-4,3],[-2,6],[-1,9],[-1,7],[1,6],[3,6],[1,3],[-2,5],[-3,3],[-10,4],[-10,4],[-22,5],[-9,0],[-21,1],[-4,0],[-8,0],[-6,1],[-4,2],[-10,5],[0,5],[-2,2],[-4,1],[4,3],[0,5],[4,-2],[4,1],[5,-3],[3,-4],[6,-4],[3,-2],[4,-1],[5,1],[4,0],[2,1],[4,0],[6,-2],[11,-1],[4,2],[3,4],[10,-4],[3,3],[9,2],[4,-2],[5,-1],[8,2],[5,-1],[6,0],[2,-2],[5,-5],[3,-7],[7,-9],[4,-10],[6,-6],[5,0],[6,-2],[2,0],[5,2],[3,4],[2,5],[1,5],[5,12],[0,7],[-4,4],[5,7],[-3,7],[-4,0],[3,4],[-1,9],[0,10],[-7,0],[-6,-5],[0,4],[-6,0],[-3,-2],[-3,-4],[-2,1],[-3,6],[3,2],[8,0],[4,1],[1,2],[-1,4],[-2,3],[3,4],[3,1],[2,-6],[2,-1],[3,1],[1,5],[5,3],[3,1],[3,-4],[3,1],[3,4],[2,4],[5,1],[2,2],[1,4],[-1,4],[-3,7],[-3,2],[-2,-1],[-9,-3],[-1,-5],[-5,-1],[0,1],[-6,3],[2,5],[-1,2],[-4,1],[-5,-3],[-3,-5],[-4,1],[0,8],[5,2],[1,2],[-2,2],[-4,-1],[-6,2],[1,2],[3,3],[1,2],[-1,4],[-2,3],[4,4],[2,-1],[3,-3],[2,-2],[2,0],[7,5],[-3,3],[-2,0],[-4,2],[3,4],[-3,4],[-1,0],[-8,-2],[-2,4],[0,3],[-2,4],[-5,3],[-2,2],[2,2],[4,0],[3,2],[22,-2],[2,-2],[5,-1],[5,0],[2,1],[-2,6],[0,4],[4,5],[-1,4],[-4,-1],[-2,4],[-2,1],[0,4],[-4,-1],[-2,7],[-3,1],[-4,0],[-1,4],[-6,-3],[-4,2],[0,2],[-3,5],[1,1],[4,-1],[5,1],[2,1],[1,7],[-2,3],[6,5],[2,3],[3,0],[5,-6],[2,1],[3,3],[4,-2],[5,1],[3,5],[-1,1],[1,5],[3,3],[-2,3],[-2,1],[1,2],[2,2],[-1,5],[3,2],[-2,4],[1,2],[4,2],[0,3],[7,3],[-1,4],[2,4],[0,2],[4,2],[1,9],[1,4],[-2,4],[-2,1],[-7,-2],[-4,3],[-5,5],[-3,4],[-7,2],[-2,0]],[[6858,6449],[-1,5],[-4,-1],[-5,1],[3,2],[-2,3],[-4,0],[-5,-2],[-3,-3],[-2,1],[-4,-1],[-3,1],[-9,3],[-10,2],[-4,2],[-4,0],[-2,1],[1,5],[5,-2],[3,-1],[0,-2],[8,-1],[5,1],[4,3],[1,7],[-2,2],[0,2],[3,4],[-2,6],[1,3],[3,2],[5,1],[6,-8],[2,-3],[0,-7],[1,-3],[2,-3],[4,0],[2,1],[1,4],[5,0],[-1,-3],[2,-4],[4,4],[1,-2],[3,6],[3,-1],[-1,-2],[2,-2],[-2,-3],[1,-3],[5,4],[4,-4],[3,1],[1,5],[4,3],[-1,3],[3,3],[-2,2],[2,2],[-1,1],[-3,-1],[-7,0],[-2,1],[1,3],[-4,1],[-2,-2],[-5,3],[4,1],[-3,3],[-4,-1],[-4,-4],[-4,2],[5,6],[0,3],[-3,0],[-2,2],[-5,-2],[-2,-2],[-3,0],[2,4],[-1,2],[-4,2],[2,2],[-2,1],[-2,5],[-5,-1],[-3,-1],[-1,-2],[-4,-2],[-1,2],[-5,1],[-4,2],[-3,-1],[-5,2],[0,2],[3,1],[1,3],[1,2],[3,0],[5,-3],[2,-2],[3,-1],[5,4],[4,1],[2,4],[-1,5],[-5,4],[0,2],[4,3],[5,-2],[1,2],[4,-3],[6,3],[6,0],[8,6],[1,-5],[2,1],[0,3],[4,-1],[-1,-4],[-5,-3],[-5,-2],[-3,-3],[2,-4],[3,0],[5,1],[5,-1],[2,4],[1,10],[4,1],[4,0],[5,-3],[1,-6],[-3,-4],[2,-2],[6,-10],[4,0],[2,1],[3,0],[4,2],[4,0],[7,-3],[5,-4],[5,-3],[4,-3],[2,-4],[5,-3],[6,2],[3,-1],[5,-1],[2,1],[11,-2],[2,-1],[1,-4],[5,-2],[1,-3],[6,-1],[3,-1],[2,-3],[9,0],[-4,-3],[0,-4],[3,-5],[5,-4],[5,-2],[5,-5],[6,-9],[5,-4],[1,0],[3,-4],[2,-3],[2,-7],[0,-5],[3,-4],[1,-5],[-1,-10],[0,-4],[2,-4],[-3,-6],[0,-6],[4,-5],[-2,-4],[5,-3],[1,-3],[9,-3],[5,-1],[6,-2],[7,1],[3,-3],[2,-4],[3,-3],[4,-1],[7,-10],[5,-3],[2,0],[3,2],[2,0],[2,-3],[8,-3],[4,1],[3,-2],[2,-2],[6,-7],[0,-2],[3,-1],[2,-2],[2,0],[4,1],[2,0],[2,2],[7,-2],[4,3],[4,1],[7,0],[4,1],[1,2],[5,-1],[2,-2],[2,3],[3,-1],[2,-2],[4,2],[3,0],[4,-1],[2,2],[6,-1],[6,1],[3,-4]],[[7524,5854],[-1,-3],[0,-5],[0,-1],[0,-5],[3,-3],[-1,-2],[1,-4],[-1,-4],[4,-2],[2,-8],[3,-1],[0,-4],[3,-5],[0,-7],[3,-3],[2,0],[1,-4],[3,-3],[2,-4],[4,-5],[-1,-3],[3,-4],[4,-2],[1,1],[4,0],[5,-6],[1,-4],[2,1],[1,-4],[6,-7],[1,-6],[4,0],[0,-4],[3,-3],[-2,-4],[0,-3],[3,0],[2,-2],[0,-4],[-3,-6],[0,-3],[4,-2],[1,-3],[-3,-7],[-2,-7],[-3,-3],[0,-2],[1,-5],[2,1],[-1,4],[2,2],[2,-3],[3,0],[1,-4],[2,-3],[0,-2],[1,-3],[1,-8],[-3,-6],[-2,-1],[-2,-7],[-2,-3],[-3,-2],[-2,-3],[1,-3],[-1,-2],[2,-8],[2,-2],[1,-3],[5,-3],[0,-6],[2,0],[1,-3],[3,-4],[0,-4],[2,0],[1,-5],[1,-5],[2,-3],[-1,-4],[-3,0],[-1,-4],[2,-1],[2,-4],[-1,-4]],[[9681,2093],[-29,0],[-4,0],[-5,0],[-4,0],[-9,-1],[-34,0],[0,0],[-110,0]],[[9486,2092],[-31,0],[0,27],[-2,0],[0,29],[-20,2],[0,22],[-6,0],[3,17],[12,0],[0,24],[0,4],[4,0],[0,9],[2,0],[0,15],[7,2],[2,2],[-13,4],[-1,39],[-23,0],[-1,1],[0,13],[2,5],[3,3],[0,2],[-7,-3],[-11,0],[-7,-4],[-25,3]],[[9374,2308],[1,27],[0,21],[-1,23],[0,70]],[[9374,2449],[101,0],[47,0],[0,73]],[[9669,2449],[0,-72],[0,-1],[1,-71],[3,-4],[-3,-7],[-1,-7],[1,-14],[0,-84],[0,-4],[2,-2],[2,-6],[-1,-2],[2,-6],[1,-1],[-2,-4],[3,-4],[4,-5],[4,-5],[4,-5],[6,0],[9,-5],[1,-3],[-6,-1],[-12,-1],[-7,-1],[-4,2],[-3,-1],[-1,-3],[1,-5],[1,-6],[3,-5],[4,-3],[1,-6],[-2,-2],[1,-12]],[[8423,2344],[37,-15],[2,-1]],[[8460,2298],[-3,-47]],[[8457,2245],[-4,-1],[-3,-4],[-8,-4],[-4,-2],[-2,2],[-6,11],[-17,-6],[-17,1]],[[8821,2877],[-3,9]],[[8818,2886],[4,-4]],[[8822,2882],[5,-3]],[[8827,2879],[-6,-2]],[[7904,2675],[-5,2]],[[7899,2677],[3,6],[2,4]],[[7904,2687],[3,-1],[2,1],[2,-3],[3,2],[2,-1],[4,0]],[[7920,2685],[-1,-5]],[[7919,2680],[-13,-2],[1,-3]],[[7904,2687],[1,6]],[[7905,2693],[10,1],[9,0]],[[7924,2694],[-1,-6],[-3,-3]],[[7692,4094],[6,-3],[2,1],[3,3],[5,-3],[5,-1],[3,-1],[2,0],[10,0],[5,0],[5,3],[4,-5],[2,-4],[3,5],[0,5],[-2,11],[5,-2],[6,0],[9,-2],[9,-5]],[[3961,4857],[5,-1],[3,-4],[9,-4],[3,-2],[26,16],[-1,2],[14,9],[11,-12],[5,10],[2,7],[10,-2],[14,-14],[7,0]],[[4069,4862],[0,-30],[0,-42],[0,0]],[[4069,4790],[-9,-6]],[[4060,4784],[-3,5],[-3,4],[-7,0],[-3,8],[-3,3],[-5,4],[-1,3],[-5,2],[-6,0],[-5,3],[0,3],[-6,0],[2,3],[5,1],[-1,4],[-4,3],[-5,2],[-5,0],[-1,-2],[-1,-3],[-1,-2],[3,-2],[-7,-2],[1,-2],[-4,-4],[-2,-1],[-7,0],[-3,0],[-5,-3],[-2,-5],[-3,-1],[-3,3],[-1,2],[-2,1],[1,7],[-2,3],[-4,3],[-2,5],[1,2],[3,3],[2,4],[-1,4],[-1,3],[0,5],[-3,4]],[[8041,2593],[-2,1]],[[8039,2596],[0,3]],[[8021,3366],[1,6],[0,13],[27,5],[3,-5],[2,0],[3,-3],[3,-6],[-6,-1],[1,-6]],[[8046,2562],[7,3],[0,4],[2,0]],[[8055,2569],[2,0],[4,-7],[4,-4]],[[7895,6229],[-8,0],[0,5],[9,0],[-1,-5]],[[8165,2618],[-1,3],[1,5],[-1,3],[6,0],[4,1],[1,-1],[6,-1]],[[8199,2627],[-2,-1],[-1,-10],[1,-10]],[[8197,2606],[0,-6],[-1,-4],[3,-7],[4,-5],[-1,-7],[-1,-2]],[[8201,2575],[-2,-2],[-3,4],[1,2],[-2,3],[-3,-1],[-1,-3],[-10,1],[-1,-5],[-4,1],[-4,-5]],[[8015,2844],[-5,-2],[-6,-1],[-10,0],[0,-1]],[[7994,2840],[-2,1],[-3,-4],[-3,1],[-8,-1],[-1,3],[-6,0],[-10,-2]],[[7961,2838],[0,4],[-2,3],[-7,4],[9,0],[-1,9],[-1,27],[11,0]],[[7970,2885],[52,1]],[[8022,2886],[0,-8]],[[8345,2992],[25,-7]],[[8370,2985],[-7,-17],[-5,2],[-3,-8]],[[8345,2964],[-10,4],[10,24]],[[8012,2655],[7,0]],[[8019,2655],[8,1]],[[8027,2656],[0,-1]],[[5811,2517],[3,3],[1,-2],[0,-4],[2,-4],[-5,-1],[-3,-2],[-2,3],[-3,1],[0,3],[-2,5],[4,-1],[2,-3],[3,2]],[[5661,2652],[0,41]],[[5661,2693],[5,-1],[5,0],[5,-1],[10,-2],[7,-1],[7,1],[3,3],[6,1],[4,2],[1,2],[6,0],[7,0],[3,0],[4,0],[4,2],[4,0],[3,1],[2,4],[2,1],[3,5],[2,0],[3,2],[0,3],[4,-1],[2,1],[4,5],[5,10],[3,1],[5,-2],[4,2],[3,1],[3,1],[2,3],[3,-4],[3,-1],[1,-5],[-1,-2],[0,-7],[6,-2],[6,0],[7,3],[1,2],[0,3],[3,2],[1,4],[-3,8],[4,6],[0,4],[-4,2],[2,5],[-2,4],[-5,0],[-1,3],[1,2],[4,1],[5,-1],[3,3],[2,-2],[-1,-3],[2,-2],[4,-2],[3,0],[0,-2],[4,-4],[0,-5],[-2,-2],[5,-3],[-2,-2],[1,-4],[-6,-7],[-2,-4],[-2,-4],[0,-6],[1,-2],[4,-1],[2,-2],[-2,-1],[-3,-3],[0,-3],[3,-1],[1,-2],[-4,-1],[-3,-8],[-2,-4],[-2,-2],[-1,-3],[-3,-1],[-2,1],[-4,-1],[-5,-4],[-9,-5],[-3,-3],[-3,-4],[1,-3],[-1,-3],[2,-3],[-1,-3],[0,-5],[2,-7],[4,-5],[4,-3],[-1,-3],[1,-2],[4,-3],[-2,-3],[1,-6],[2,-1],[4,0],[3,-3],[-2,-4],[4,-3],[2,-5],[1,-3],[-4,0],[-2,-3],[0,-6],[3,-2],[3,0],[-1,-5],[-3,-3],[1,-7],[1,-1],[5,2],[2,-3],[-1,-4],[3,-6],[1,-1],[-1,-7],[-7,5],[-5,-2],[-3,-6],[-7,-5],[-2,3],[-5,1],[-5,-1],[-2,-5],[2,-7],[-3,0],[-8,0],[-4,3],[0,9],[-1,5],[6,4],[-2,4],[-3,2],[-3,-1],[-4,1],[-3,3],[-2,9],[3,5],[-3,4],[-4,2],[-3,1],[0,2],[-9,4],[-13,5],[-5,1],[-6,1],[-2,3],[-6,4],[-6,1],[-3,-3],[-2,-3],[-1,-1],[-3,4],[0,2],[2,3],[1,3],[-1,3],[1,4],[2,4],[-1,3],[-3,1],[-1,3],[2,2],[-3,2],[-4,5],[-25,10],[-12,4],[-5,1]],[[5723,2589],[2,4],[2,-1],[-1,-4],[-3,1]],[[5725,2586],[0,-3],[-2,-3],[-2,4],[4,2]],[[5765,2776],[1,3],[1,5],[-1,2],[-4,2],[-5,2],[3,5],[-1,10],[1,2],[2,1],[1,-4],[3,-4],[5,2],[3,0],[1,-3],[5,-2],[0,-4],[3,-2],[-3,-4],[0,-5],[1,-2],[-1,-2],[2,-3],[4,1],[1,-2],[2,-6],[2,-2],[-3,-2],[-3,2],[-2,3],[-4,1],[-5,-5],[-1,2],[-4,2],[1,3],[-5,3],[0,1]],[[5832,2638],[-1,6],[7,6],[3,-2],[2,-7],[-2,-3],[2,-3],[-2,-6],[-1,-1],[-3,1],[-2,5],[-4,3],[1,1]],[[5857,2614],[0,2],[3,0],[2,-2],[-4,-8],[-4,1],[-1,3],[2,1],[2,3]],[[5873,2563],[0,2],[8,8],[4,0],[4,-5],[-6,-3],[-10,-2]],[[5854,2553],[2,1],[0,-4],[-2,-1],[0,4]],[[5877,2343],[2,5],[3,1],[0,3],[3,1],[3,0],[3,-4],[-3,-1],[3,-3],[0,-4],[-4,-1],[-4,1],[-2,0],[-4,2]],[[5895,2350],[4,1],[1,-2],[-5,1]],[[5952,2539],[-2,1],[-5,5],[-7,4],[-5,2],[-7,5],[-3,3],[0,4],[-6,2],[-6,0],[-6,-1],[-4,2],[1,5],[3,3],[-9,4],[3,4],[1,1],[5,3],[8,2],[4,6],[5,-1],[5,-10],[5,-1],[2,-2],[5,-3],[-1,-3],[2,-5],[3,-6],[1,-1],[5,-7],[2,-1],[1,-3],[7,-6],[3,-2],[5,0],[2,-3],[2,0],[1,-3],[5,-4],[5,-1],[4,0],[3,2],[0,-6],[3,-1],[1,-3],[-3,-3],[-1,-3],[1,-1],[0,-4],[2,-5],[-1,-4],[0,-3],[2,-5],[4,-2],[3,1],[1,-1],[-2,-3],[1,-6],[-4,-1],[-3,5],[-5,6],[-2,-1],[-2,-2],[-4,1],[0,-4],[-2,-2],[-3,2],[-4,0],[-5,5],[0,1],[-4,3],[-3,3],[0,4],[-2,0],[0,3],[1,2],[-3,4],[-2,2],[1,1],[3,0],[6,4],[-1,3],[1,2],[-3,2],[2,3],[-3,4],[-5,2],[-2,2]],[[8032,2588],[8,1]],[[8040,2581],[-7,0]],[[8770,3391],[0,81],[0,59]],[[8770,3531],[81,0],[62,1],[0,-62]],[[8913,3470],[0,0],[0,-79]],[[8913,3391],[-59,0]],[[9996,7957],[0,-65],[0,-125],[0,-256],[0,-171],[0,-103],[0,-32]],[[8614,6829],[-5,4],[-7,1],[-13,-3],[-4,2],[-77,3],[-24,2],[-118,23],[-47,32],[-28,20],[-8,-1],[-61,3],[-88,-23],[-59,-15],[-21,1]],[[8066,7018],[76,46],[16,10],[20,53],[14,10],[-63,129],[8,59],[108,23],[138,173],[-30,35],[189,-6],[-125,132],[1,32],[2,184],[13,10],[-304,1],[0,126],[116,1],[2,114]],[[8247,8150],[111,0],[1,86],[390,-3],[285,-2]],[[8149,3027],[-24,13],[-14,0]],[[8111,3040],[-16,2]],[[8098,3061],[6,0],[1,-1],[4,2],[3,-1],[2,2],[-2,4],[7,-2],[1,-2],[6,1],[5,0],[3,2],[0,3],[3,3],[3,1]],[[5871,3113],[0,8],[0,54],[37,0],[12,0],[-1,6],[11,0],[0,7],[-4,0],[0,15],[17,0],[0,18]],[[6031,3219],[4,0],[66,-1]],[[6101,3218],[-1,-3],[-6,-1],[-4,-3],[1,-3],[-5,-1],[-5,-3],[-3,-5],[1,-2],[-4,-2],[0,-2],[-2,-2],[-4,-5],[-3,-2],[-4,0],[-1,-5],[-1,-1],[-1,-3],[-3,-2],[0,-2],[-4,-4],[1,-2],[2,0],[-1,-4],[-2,-1],[-3,-8],[0,-4],[-2,-4],[-3,-1],[-3,-3],[-6,-8],[-7,-7],[-3,-4],[-6,-5],[-5,-5],[-4,-4],[-6,-4]],[[6004,3103],[-39,0],[-46,0],[-1,-2],[-7,0],[-4,2],[-36,0],[0,10]],[[5331,2949],[2,-3]],[[5333,2946],[-1,-3],[1,-5],[-2,-1],[-4,-4],[2,-5],[-4,-1],[-1,-3],[5,-3],[2,-2],[2,-1],[1,-3],[8,0],[4,1],[3,-3],[-8,-2],[-3,-2],[-2,-2],[0,-3],[4,-3],[0,-2],[-1,-2],[0,-6],[1,-6],[-2,-1],[4,-4],[-3,-3],[-4,1],[-1,1],[-3,0],[-1,-4],[5,-2],[9,-3],[-2,-1],[-17,2],[-4,3],[2,6],[3,7],[1,4],[2,2],[1,4],[-2,6],[1,3],[-2,3],[0,5],[-4,2],[-2,6],[0,4],[-2,2],[-3,0],[-4,4],[0,8],[1,3],[5,2],[5,4]],[[8207,2489],[1,4],[-5,8],[2,1],[0,2],[-2,2],[1,5]],[[8216,2515],[0,-2],[2,-2],[5,3],[3,5],[-3,5]],[[8224,2525],[2,0],[3,-3],[1,-8],[7,0],[0,-8]],[[8233,2493],[-7,1],[-6,-1],[-13,-4]],[[8238,2598],[-8,3],[-3,-6],[-6,2],[-2,-3],[-4,1],[1,2],[-17,6],[-2,3]],[[8259,2644],[0,-6],[-3,0],[0,-9],[2,-3]],[[9733,1002],[1,-4],[0,-5],[7,-13],[2,-3],[3,-3],[2,-5]],[[9748,969],[-24,0]],[[9724,969],[-75,-1],[-27,0],[-17,0],[-41,0],[-41,0]],[[9523,968],[0,20]],[[9523,988],[0,101]],[[7678,3389],[-19,0],[-7,4],[0,-2],[-24,0]],[[7628,3391],[-16,0],[1,-4],[-33,0],[-1,1],[-11,-14]],[[7568,3374],[-1,0],[0,72]],[[5462,3710],[0,2],[4,0],[0,3],[3,8],[7,6],[2,3],[0,5],[3,6],[1,7],[-2,15],[49,-6],[0,32]],[[5529,3791],[5,0],[20,0],[4,1],[4,-1],[23,0],[5,2],[5,2],[2,-2],[8,-2],[41,0],[69,0]],[[5753,3667],[1,-20]],[[5754,3647],[-14,0],[-2,-1],[-3,1],[-53,0],[-4,0],[2,-7],[4,-3],[-2,-5],[-10,-8],[-1,0],[-9,-1],[-2,0],[-13,0],[-2,1],[-20,2],[-7,0],[-7,-2],[-5,2],[-16,2],[-3,-1],[-11,-5],[-10,3],[-14,1],[-14,4],[-10,1],[-12,16],[-54,0]],[[7928,2592],[0,3]],[[7950,2606],[1,-6]],[[8588,2416],[0,5],[-1,4],[-6,5],[-7,4],[-10,7]],[[8564,2441],[4,2],[9,-6],[4,2],[3,-1],[7,-4],[14,-13]],[[8605,2421],[0,-3],[-2,-3],[-4,2],[-6,0],[-5,-1]],[[7816,3046],[-32,3],[-18,2]],[[7766,3051],[0,16],[-3,0],[0,13],[-1,0],[0,12],[-10,0],[2,16]],[[7814,3108],[4,-4],[0,-24]],[[8107,2507],[0,-5],[2,-2],[-2,-3]],[[8099,2493],[-5,4],[-2,2],[0,3],[-4,0]],[[7921,2450],[1,-9],[-2,-4]],[[7901,2435],[0,8],[-12,-1]],[[7889,2442],[0,5],[4,4],[1,4],[4,4],[4,4]],[[7920,2463],[1,-13]],[[5759,2896],[-14,6],[6,5],[2,3],[-13,5],[-5,0],[-4,1]],[[5731,2916],[2,7],[-1,6],[1,15],[1,9]],[[5734,2953],[6,-3],[7,-1],[2,-4],[5,0],[6,-2],[4,-1],[1,5],[5,-1],[14,-9]],[[5784,2937],[-3,-2],[-7,-7],[-2,-3],[-1,-4],[1,-2],[5,-1],[-4,-4],[-5,-1],[-2,-2],[-6,-12],[-1,-3]],[[9588,3123],[0,-4],[-4,-4]],[[9584,3115],[-5,2],[-7,3],[-7,3],[-16,-1],[-1,-2],[-3,-1],[1,-3],[-6,-9],[-5,0],[0,-3],[3,-6],[6,-3],[-2,-6],[-12,4],[-5,-1],[-5,-3],[-15,1],[-20,0]],[[9485,3090],[-4,5]],[[9481,3095],[-2,4],[0,3],[4,5],[0,5],[-1,4],[-5,4],[-7,11]],[[9470,3131],[-1,3],[0,4],[4,8],[4,2],[4,1],[4,-1],[5,-2],[3,0],[2,4]],[[9670,1538],[1,25],[-4,0],[-2,24],[-1,0]],[[9664,1587],[37,5],[7,-1],[6,2],[3,3],[5,1],[11,1],[10,13],[9,10]],[[9752,1621],[34,0],[0,-18],[-10,1],[0,-31],[18,-9],[-2,0],[-17,-8],[-2,-18],[-1,0]],[[9198,3224],[9,-2],[3,-1]],[[9210,3221],[11,-6],[9,0],[5,0],[10,-1],[5,0],[10,2],[8,2]],[[7401,3910],[0,7],[-2,3],[0,5],[-1,3],[-5,5],[-2,0],[2,-5],[-3,-2],[0,4],[-5,2],[-2,0],[-3,-3],[3,0],[-2,-6],[-4,0],[-3,2],[-8,8],[1,4],[2,4]],[[7369,3941],[11,16],[13,-7],[19,-1],[6,-2],[4,7],[3,2]],[[7425,3956],[5,-2],[43,-1],[66,0]],[[7539,3953],[2,-4],[6,-24]],[[7547,3925],[0,-22],[-7,3],[-3,0],[-55,0]],[[7482,3906],[-54,1],[-2,1],[-12,1],[-3,1],[-10,0]],[[7396,3918],[-1,-3],[3,-4],[-1,-2],[-3,2],[-1,4],[1,2],[2,1]],[[8125,2686],[0,2]],[[8125,2688],[-4,4],[1,5],[7,-1],[2,4],[4,1],[3,2],[4,0],[3,1],[-4,2],[3,3],[3,-1],[1,4],[-1,3],[1,9],[-1,6]],[[8147,2731],[7,-1]],[[8006,2098],[-3,-6],[-9,-2],[-5,-4]],[[7901,2892],[-21,-1],[-17,-1],[-12,0],[1,-3],[-21,0],[-1,2],[-21,0],[-6,-1],[-4,5]],[[7799,2893],[0,1],[-5,4],[-3,2],[-3,5],[1,3],[-3,8],[-4,8],[-8,11],[-4,3],[-11,4],[-8,6],[-6,6],[-4,3]],[[7741,2957],[4,1]],[[7861,2963],[20,0],[0,-11],[14,4]],[[8005,2558],[1,-5],[-1,-4]],[[9716,2962],[0,-23],[-47,0]],[[9669,2939],[-3,7],[-61,0],[-14,0],[0,1],[-12,0],[-10,-1]],[[9569,2946],[14,22]],[[9583,2968],[10,18],[3,-1],[3,4]],[[9653,3012],[23,0],[9,2],[3,-4],[8,0],[2,2],[5,-1],[12,0]],[[9556,867],[12,-38],[9,-30],[2,-2],[11,-6],[3,-4],[6,-16],[1,-2],[7,-8],[3,-4],[1,-6],[-1,-4],[1,-4],[2,-3],[9,-4]],[[9373,963],[11,-2],[3,2],[4,0],[7,-2],[31,-1],[17,-3],[2,5],[3,4],[4,3],[9,0],[7,4],[24,8],[10,6],[13,2],[5,-1]],[[9523,968],[7,-24],[1,0],[16,-51],[9,-26]],[[6679,3631],[39,0],[0,-16]],[[6718,3615],[-9,-5],[-2,-1],[-8,0],[-4,0],[-2,-2],[-8,-8],[-6,-1]],[[8212,2852],[-1,8],[5,1],[-1,5],[-5,0],[-4,20]],[[8206,2886],[0,6],[6,1],[-4,3],[0,4],[3,2],[6,12]],[[8264,2922],[7,-2],[1,1],[4,1],[1,-2],[9,-3],[-3,-6]],[[8283,2911],[-2,-4],[-4,-2],[0,-2],[-6,-1],[-3,-3],[3,-1],[-2,-7],[0,-1],[-1,-3],[-1,-4]],[[8262,2854],[-3,-5],[-10,-5],[-7,0],[1,-8],[-15,3],[-5,0],[-5,1]],[[7999,2539],[1,1]],[[8002,2543],[4,0],[0,-3]],[[9732,3153],[4,-4],[0,-3],[4,-3],[4,0],[6,-2],[3,0],[5,-2],[0,-1],[2,-2],[-14,-7],[-6,-4],[-2,-2],[-1,-7]],[[9683,3152],[2,5],[6,7],[7,3],[3,0],[-3,-6],[0,-2],[3,-2],[3,1],[4,1],[7,3],[3,2]],[[9718,3164],[4,1],[4,-4],[1,-4],[2,-3],[3,-1]],[[9823,613],[-82,1]],[[9741,614],[-69,0]],[[4967,7723],[32,0],[144,-1]],[[4032,7718],[107,1],[107,0],[123,2],[62,14],[10,3],[10,-20],[15,0],[26,-3],[82,0],[49,4],[13,-1],[19,-2],[27,-6],[8,-5],[0,20],[132,-1]],[[8224,2381],[-3,-2],[-1,-4],[-2,1],[-7,-8],[-7,1],[-1,-3],[-4,1],[-1,-2]],[[8198,2365],[-12,1],[1,2],[-4,2],[-3,0],[-4,4],[-14,2],[1,4],[-7,1]],[[8156,2381],[1,7],[0,3]],[[8034,2802],[-4,-1],[-3,0],[-11,3]],[[8016,2804],[3,2],[11,18]],[[7132,1690],[-5,0],[-3,1],[-4,-2],[-5,0],[-4,-2],[-4,-4],[-2,-1],[-6,-4],[-5,-3],[1,-1],[-3,-4],[-6,-3],[0,-2],[-2,-2],[-4,-1],[-3,2],[-4,0],[-3,-2],[-2,0],[-2,-3],[-4,-4],[-2,0],[-3,-3],[-4,-1],[0,-2],[-3,0],[-2,-2],[-2,2],[0,4],[-4,3],[-4,1],[-6,5],[-7,3],[0,1],[-8,6],[-2,2],[-3,1],[-6,5],[-2,-3],[-1,5],[-3,0],[-1,3],[-5,4],[-6,5],[-3,1]],[[6985,1695],[0,74]],[[6985,1769],[-1,39],[-4,0],[-8,-1],[-5,5],[0,27],[0,7],[-2,3],[3,4],[-3,4],[-10,18]],[[5332,9997],[103,0],[85,0],[62,0],[87,0],[163,0],[68,0],[77,0]],[[6590,8488],[-914,7],[-7,-5],[2,-75],[2,-2],[4,-10],[0,-5],[-6,-56],[-5,-51],[-3,-1],[14,-62]],[[5677,8228],[-23,16],[-4,-2],[-22,22],[11,9],[-83,3],[2,45],[0,18],[3,73],[-87,1],[0,18],[-52,0],[0,26],[-83,0],[-73,90],[0,78]],[[5266,8625],[0,70],[91,0]],[[5357,8695],[0,-8],[13,0],[13,6],[0,1],[-10,18],[3,1],[-2,5],[-5,-1]],[[5369,8717],[-10,17],[-7,12],[47,2],[-6,183],[-52,1],[-31,122],[22,5],[17,1],[31,2],[81,-32],[0,354],[-75,0],[-31,100],[-44,46],[-147,-5],[-10,188],[-83,4],[-64,2],[-16,110],[197,0],[1,74],[-53,0],[1,94]],[[5137,9997],[195,0]],[[9247,572],[3,-1],[26,-24],[-5,-5],[-5,-2],[3,-2],[5,-12],[6,-4],[5,-2],[2,-2],[3,-8],[-1,-4],[-5,-12],[2,0],[9,-4],[9,-7]],[[9304,483],[-5,0],[-7,1],[-3,-3],[-10,0]],[[9186,556],[10,4],[1,3],[-4,8],[2,6],[0,3],[3,11],[18,-11],[2,0]],[[8119,3004],[-2,-5],[0,-3],[-17,1]],[[8100,2997],[-53,5]],[[8047,3002],[5,35]],[[8111,3040],[5,-35],[3,-1]],[[9217,2917],[-53,0],[0,-27]],[[9094,2930],[1,41]],[[9095,2971],[0,1],[24,12],[0,37],[9,-5]],[[9319,3020],[0,-49],[-1,0],[-18,-25]],[[9300,2946],[-4,-6],[-21,0],[-58,0],[0,-23]],[[8066,2605],[-13,-1]],[[8053,2610],[-1,13]],[[8059,2624],[1,-6],[7,1]],[[8067,2619],[1,-6]],[[8068,2613],[0,-3]],[[6384,5116],[-311,5]],[[5953,5412],[31,-1],[26,-4],[7,-2],[13,0],[61,-9],[32,-3],[125,4],[35,-1]],[[6274,5342],[1,-3]],[[7359,3138],[0,-18]],[[7359,3120],[-30,-14],[0,0],[1,-80]],[[7285,3012],[-1,0],[-27,10],[-66,4]],[[7191,3026],[-18,1],[-58,6]],[[7116,3138],[115,0]],[[9542,1743],[0,29],[30,-1],[80,0]],[[9652,1771],[0,-21],[-3,-16],[-3,-5],[3,-23],[0,-8],[-6,-17]],[[9643,1681],[-101,0]],[[8846,2094],[0,-7]],[[8846,2087],[-1,-1],[-16,2],[1,-5],[-3,-2],[-1,-2],[-5,-2],[-8,-7],[-2,-1],[-23,0],[0,12],[-21,-1],[-6,-1],[-8,1]],[[7969,3002],[2,-2],[-1,-6]],[[7970,2994],[-7,1],[-3,-7],[-1,-2],[-16,8],[-8,-12]],[[9633,2645],[0,47],[0,12]],[[9633,2786],[0,52]],[[9633,2838],[29,0]],[[9662,2838],[49,0]],[[9711,2838],[0,-15],[14,0],[0,-16],[1,0],[-1,-16],[-4,0],[0,-20],[2,0],[0,-27],[-15,-22],[2,-2],[1,-9],[-3,-5],[0,-2],[-2,-6],[0,-2],[-3,-4],[1,-3],[2,-3],[3,-5],[-2,-6],[10,-5],[3,-3]],[[4107,4895],[-15,29],[-12,21],[-12,-9],[0,30]],[[4068,4966],[0,16],[1,2],[0,64],[-26,0],[0,21],[13,13],[13,1],[-1,21],[1,0],[0,19]],[[4069,5123],[2,0],[31,-16],[86,-44]],[[4188,5063],[-3,-2],[-10,-1],[-3,-3],[-4,-1],[-3,-2],[1,-4],[3,-2],[2,-3],[-5,-9],[0,-5],[-2,-5],[1,-2],[-1,-102],[0,-39],[-57,12]],[[8004,2567],[0,4]],[[8003,2576],[8,1]],[[7424,4321],[-1,5],[-3,7],[-2,6],[-2,17]],[[7416,4356],[52,0],[-2,4],[-6,16],[0,9],[0,4],[-6,12],[-1,7],[-4,8],[1,4]],[[7450,4420],[14,0],[4,-2],[3,-1],[1,-12],[1,-14],[-1,-3],[2,-10],[7,1],[4,-2],[3,-8],[0,-13],[30,0]],[[7518,4356],[-1,-14],[6,-12],[5,-1],[-2,-3]],[[6330,3923],[60,1]],[[6390,3924],[0,-99],[0,0],[0,-50],[-1,-90]],[[6245,3850],[1,73]],[[9179,4670],[-11,-1],[-13,-2],[0,-1],[6,-4],[-2,-2],[-11,-2],[-4,7],[-12,-3],[-6,-1]],[[7972,4201],[6,16]],[[7978,4217],[2,2],[4,6],[3,-4],[5,-2],[5,-3],[4,-1],[4,-2],[8,0],[50,-3],[8,-3],[5,1],[5,0],[3,0],[14,5]],[[8098,4213],[0,-18]],[[8098,4195],[0,-23]],[[8098,4172],[0,-35],[-2,-1],[-4,-3],[-4,-1],[-2,-1],[-1,-5],[-2,-4],[-5,-5],[0,-6]],[[8018,2637],[-4,-3]],[[8557,2579],[-5,-4]],[[8511,2577],[-13,4],[-11,1]],[[8487,2582],[-6,19],[0,4],[-2,4],[1,3],[4,5],[-3,12],[1,3],[9,10],[1,7]],[[8567,2667],[13,9],[4,-3],[11,-2],[5,-4],[6,-2],[3,1],[5,-2],[1,18],[4,0],[-3,3],[-7,3],[-5,1],[10,2],[0,25],[-2,0]],[[8733,2739],[-28,-32],[-1,-42],[-3,-4]],[[8701,2661],[-5,-2],[0,-2]],[[8696,2657],[-15,-2],[-17,-3],[-4,-1]],[[8659,2650],[-4,5],[-5,-2],[6,-4]],[[8655,2649],[-8,-4],[-5,-4],[-7,-5]],[[8587,2600],[-8,5],[0,-2],[3,-7],[3,-1]],[[8212,3410],[-2,-10],[2,-1],[-4,-25],[0,-8],[3,0],[0,-4],[-2,-2],[2,-1],[-1,-6],[1,0],[0,-17]],[[8211,3336],[0,-5]],[[8211,3331],[-10,1],[-2,2],[-16,1],[-20,5],[-30,2]],[[8118,3393],[-4,14],[8,2],[-1,3],[1,1],[5,-3],[17,3],[1,-3],[15,3],[2,-8],[4,3],[4,0],[5,-3],[5,-1],[2,2],[4,0],[1,-2],[3,0],[1,9]],[[7961,2651],[-8,1]],[[7953,2652],[0,1]],[[7953,2662],[8,0]],[[9311,2791],[-94,0]],[[9217,2791],[0,64],[0,62]],[[9300,2946],[12,2],[6,2],[0,-29],[7,0],[1,-23]],[[9374,2308],[0,-12],[-23,0]],[[9238,2474],[8,0],[1,0],[24,1],[1,-1],[10,0],[92,1],[0,-26]],[[8282,2974],[9,-3],[-3,-9]],[[8288,2962],[-7,-14]],[[8281,2948],[-5,0],[-2,-4],[-6,-1]],[[8268,2943],[3,6],[-5,2],[11,24]],[[8119,2596],[1,3],[5,4],[2,4]],[[9523,1323],[0,-17]],[[9523,1306],[0,-63],[0,-50],[0,-56]],[[9523,1137],[-27,1],[0,0],[-18,0],[-57,0]],[[9306,1323],[0,0],[68,0]],[[9374,1323],[12,0],[80,0],[9,0],[48,0]],[[8032,2625],[-4,-3]],[[8028,2622],[-10,4]],[[8018,2626],[1,0]],[[8019,2626],[1,3],[6,2]],[[7917,2491],[4,10],[2,3]],[[7932,2504],[2,0]],[[7934,2504],[1,-12]],[[7963,2524],[-8,-1]],[[7955,2523],[-1,19]],[[7954,2542],[7,0]],[[7961,2542],[2,-18]],[[6589,2410],[2,1],[6,6],[0,2],[5,2],[4,-1],[3,2],[6,10],[2,9],[-1,6],[-1,2],[5,2],[5,5],[1,4],[2,2]],[[6628,2462],[93,0],[50,0]],[[6771,2462],[29,0]],[[6800,2341],[-2,0],[-2,-2],[-6,1],[-4,-1],[-2,-3],[-3,0],[-3,1],[-7,1],[-8,3],[-9,-2],[-6,3],[-6,4],[-2,0],[-5,2],[-8,2],[-4,-1],[-19,4],[-10,2],[-6,-1],[-11,0],[-12,-1],[-3,-2],[-6,-3],[-2,-3],[-3,-1],[-2,-3],[-2,-5],[0,-3],[2,-2],[-8,-1],[-2,-1]],[[9045,3336],[0,10]],[[9045,3346],[36,0],[12,14],[1,0],[0,53],[53,0],[3,10],[11,-14],[40,-3],[7,-6],[1,-81]],[[9209,3319],[1,-53]],[[9210,3266],[-7,-1],[-8,0],[-5,3],[-9,0],[-6,2],[-4,0],[-9,5],[-12,5],[-9,2],[0,1],[-5,5],[-3,2],[5,5],[-6,3],[1,3],[-3,2],[-2,-2],[-3,-1],[-6,2],[0,7],[1,2],[-9,1],[0,3],[-4,1],[-1,-9],[-1,-1],[-4,3],[-38,15],[-15,9],[-3,3]],[[8818,2886],[2,2],[3,-4],[-1,-2]],[[3848,8910],[-8,10],[11,8],[9,-10],[-12,-8]],[[7958,2580],[0,5]],[[7958,2585],[15,1]],[[7966,2580],[-8,0]],[[7940,3607],[-3,14],[-6,1],[-7,-1],[-2,11],[-3,6],[-2,4]],[[7919,3677],[37,0]],[[8255,3297],[0,-4],[-5,0],[0,-15],[3,2],[1,-3],[-1,-3],[2,-3],[0,-4],[10,0],[2,-1],[3,1]],[[8270,3267],[0,-31],[1,-3],[-11,0],[-5,-18],[0,-7]],[[8196,3206],[1,9],[1,0],[0,20],[-4,2],[-5,2],[-6,0],[0,8],[1,4]],[[8184,3251],[4,1],[5,7],[5,-2],[0,18],[10,1],[0,22]],[[8208,3298],[47,-1]],[[8032,2596],[-1,2]],[[4560,4225],[-3,5],[-1,6],[-6,9],[-23,21],[-14,9],[-21,8],[2,5],[4,34],[1,3],[2,30],[1,14]],[[4502,4369],[31,0],[72,0]],[[4633,4225],[-73,0],[0,0]],[[7888,2333],[-6,0]],[[7882,2333],[1,1],[4,1],[2,5],[-1,8],[-1,7]],[[7887,2355],[10,0],[0,3]],[[7897,2358],[10,0]],[[7907,2358],[0,-4]],[[7907,2354],[2,-17]],[[7249,3387],[4,6]],[[8627,3530],[52,0],[91,1]],[[8010,2704],[5,-3],[-2,-2],[9,-5]],[[8022,2694],[-10,-11],[-10,-1]],[[8022,3874],[6,18],[7,30],[-1,2]],[[8025,2608],[-1,6]],[[8030,2615],[1,-7]],[[8031,2608],[-6,0]],[[8851,3144],[5,-6],[7,-1],[2,-4],[-3,-4],[-5,-1],[1,-3],[2,-3]],[[9788,1771],[0,0],[0,-90]],[[9788,1681],[-72,0],[-73,0]],[[9652,1771],[76,0],[60,0]],[[8023,2087],[-3,0],[-1,2],[-5,3],[3,2],[-1,2],[2,3]],[[8030,2089],[-7,-2]],[[8098,2327],[23,-2]],[[8092,2296],[-5,-2],[-4,3]],[[8029,2357],[-2,-1],[1,-4],[-14,9],[-6,-2]],[[8008,2359],[-7,0],[-8,1],[0,-2],[-22,-1],[-2,26]],[[8008,2359],[1,-2],[-24,-22]],[[7985,2335],[-3,-4],[-46,-2]],[[7936,2329],[-2,26],[-27,-1]],[[7907,2358],[-2,3],[1,7]],[[7906,2368],[6,-1],[4,5],[0,5],[-3,3]],[[7913,2380],[14,1],[-1,12]],[[7926,2393],[5,2],[-1,3],[5,0],[4,0],[-1,3],[8,3],[3,-2],[5,0],[2,4],[2,0],[3,-2],[7,0]],[[8125,2361],[-6,1],[-3,3],[-3,2],[0,2],[-6,0],[-4,5],[-5,0],[-2,-2]],[[8156,2381],[-1,-6],[-14,2],[-1,-10],[-4,1],[-1,-3]],[[8005,2619],[-10,3]],[[7995,2622],[2,2]],[[7997,2624],[3,2]],[[8000,2626],[4,0]],[[8000,2626],[0,2]],[[8000,2628],[4,0]],[[7604,4356],[0,5],[-7,1],[-2,5],[-3,11],[-6,14],[-1,12],[5,1],[5,3],[2,0],[5,-3],[0,-2],[3,-10],[5,0],[0,9],[20,10],[4,-9],[14,-1],[3,38],[0,2],[2,14],[31,-3],[2,1],[11,13],[3,3],[19,-4]],[[7719,4466],[0,-5],[2,-2]],[[7699,4282],[-6,0],[-2,-2],[-4,1],[-3,0],[-1,-3],[-4,-7],[-1,-6],[-2,-2],[0,-5]],[[7982,2544],[-6,0]],[[7983,2544],[-1,0]],[[7444,3289],[5,7],[3,6],[0,7],[16,18]],[[8470,1967],[3,0],[5,2],[4,0],[7,0],[6,2],[5,-1],[9,4],[9,2]],[[8618,2010],[6,-2],[4,1],[1,-2],[15,-6],[3,0],[7,-2],[8,-1],[3,-1],[6,-1],[8,0],[6,2],[3,-1],[4,-1],[7,-3],[12,-1],[42,1]],[[8753,1993],[0,-31]],[[8846,2087],[0,-44],[1,0],[0,-34],[-1,-9]],[[8753,1993],[0,50]],[[8444,1983],[1,4],[1,7],[6,5],[1,2],[4,2],[-1,4],[18,-6],[1,1],[7,6],[5,-1],[3,6],[5,6],[1,3],[1,6],[2,4],[2,1],[12,1],[0,-2]],[[6983,2031],[6,5],[2,1],[8,-1],[3,1],[3,-2],[5,0],[7,-6],[1,-1],[3,-7],[-2,-5],[-9,-18],[0,-2],[47,0],[7,2],[57,-17],[9,-1],[10,-4]],[[9217,2791],[-1,-36]],[[4107,4895],[-10,2],[-10,-32],[-4,-2],[-14,-1]],[[3962,4938],[16,0],[30,16],[7,3],[53,9]],[[9854,2663],[-16,23],[-12,9],[-1,6],[-3,3],[-2,8],[7,1],[12,-1],[0,35],[-11,-1],[-4,1],[-4,0],[0,28],[2,0],[0,45],[21,1]],[[9843,2821],[50,0],[1,-1],[22,0],[0,4],[17,0],[0,2],[17,0],[0,12],[17,0]],[[9967,2838],[1,-168]],[[9968,2670],[-6,-1],[-25,-2],[-7,2],[-8,-2],[-8,0],[-5,0],[-3,0],[-10,-3],[0,-18],[-31,0]],[[7673,3804],[-70,1],[-2,0]],[[7573,3805],[-1,13],[0,11],[1,21],[10,-1],[0,14],[13,0],[-1,6],[9,-4],[3,0],[3,3],[-1,4],[1,7]],[[7857,2845],[-5,6],[-3,2],[-4,-2],[-2,2],[-2,3],[1,2],[-1,5],[-6,7],[-5,1],[-5,1],[-3,3],[-5,3],[-4,3],[-4,1],[-5,4],[-3,1],[-2,6]],[[7901,2892],[5,-5],[-3,0],[2,-31],[0,-9]],[[7905,2847],[-48,-2]],[[6674,1928],[0,52]],[[6674,1980],[2,1],[4,-1],[6,1],[4,2],[8,0],[9,2],[7,-1],[7,0],[3,1],[2,3],[5,0],[6,3],[4,0],[3,2],[5,0],[5,2],[2,-1],[4,1],[2,3],[3,0],[1,2]],[[6766,2000],[5,-2],[9,-11],[6,-7],[3,-1],[-9,-12],[-2,-2],[0,-3],[4,0]],[[6896,3925],[-33,0],[-2,0],[-113,0],[-70,0]],[[6678,3925],[-93,-1],[-51,0]],[[6534,3924],[-28,0]],[[6506,3924],[0,85]],[[8081,2109],[-2,5],[-1,0],[-1,4],[-2,0],[-1,4],[-2,0],[-3,12],[-2,0],[-6,-1],[-1,7],[-3,0],[-7,5]],[[8050,2145],[1,0],[3,13]],[[8054,2158],[21,-3],[2,8]],[[8119,2109],[-7,1],[-17,2],[-5,0],[-4,-1],[-5,-2]],[[6679,3750],[-1,82],[0,31],[0,62]],[[6979,3925],[2,-2],[-3,-13],[2,-3],[-1,-3],[2,-3],[-1,-5],[2,-7],[3,-2],[-1,-5],[-5,-5],[0,-6],[-2,-2],[-1,-3],[-7,-8],[-5,-7],[0,-9],[-1,-2],[0,-6],[1,-2],[-3,-1],[-2,-4],[-7,-4],[-8,-5],[-1,-3],[-8,0],[0,-3],[-4,-5],[-5,-2],[-3,-6],[0,-2],[-3,-4],[-2,-2],[-2,-6],[2,-4],[-4,-2],[-4,-3],[-2,-8],[-2,-6]],[[6906,3762],[-2,0],[-38,0],[-2,-1],[0,45],[-41,0],[-40,0],[-36,-18],[-43,-16],[-25,-22]],[[9824,221],[-1,33]],[[9823,254],[0,3]],[[9823,257],[82,1],[68,1]],[[9973,259],[0,-14]],[[9899,211],[-13,2],[0,1],[-54,17],[-4,-4],[-4,-6]],[[8307,2195],[-7,2],[-4,4],[-6,-3],[-28,5],[-3,-1],[-8,1]],[[8254,2216],[11,-2],[9,37]],[[7963,2596],[-1,5],[10,0],[0,2]],[[7972,2603],[3,1],[4,0]],[[7976,2595],[-4,-1]],[[7973,2586],[-1,7]],[[8495,2664],[1,8],[-18,2],[1,5],[-2,4],[-1,6],[1,7],[-1,2],[-6,1]],[[8470,2699],[-1,3],[0,4],[-1,4],[2,3],[1,6],[0,4],[4,3],[2,4],[-3,4],[-4,3]],[[8470,2737],[5,3]],[[8475,2740],[5,-1],[5,-3],[5,-2],[4,1],[7,-1],[4,-3],[5,-3],[20,0],[0,1],[3,12]],[[8542,2716],[-6,-22],[-2,-17]],[[8163,2663],[-4,1],[-4,1],[-2,0],[-2,4],[0,2],[4,0],[2,3],[2,9],[-2,4]],[[9501,375],[9,-9],[9,-8],[0,-28],[3,-3],[-7,0],[-3,3],[-27,-19],[-6,1],[-2,2],[-1,6],[-3,1],[-3,2],[-5,1],[-2,-2],[-8,-2],[-8,-4],[-3,4],[-4,2],[-5,5]],[[9362,397],[4,2],[14,4],[3,2],[5,0],[5,8],[22,-4],[2,3],[-3,15]],[[9424,449],[7,-8],[4,-5],[5,-5],[14,-13],[22,8],[10,5],[2,-5],[1,-10]],[[9489,416],[2,-11],[-1,-1],[-14,-6],[23,-20],[2,-3]],[[7996,2571],[-6,0]],[[6534,3924],[0,-50],[0,-58],[0,-11],[0,-85],[1,-3],[0,-5],[-1,-7],[0,-20]],[[6390,3924],[116,0]],[[6679,3750],[-1,-14],[1,-51]],[[8113,4629],[28,0],[-2,-9],[3,-24],[-3,-31],[1,-3],[-3,-11],[4,-13],[0,-7]],[[8141,4531],[-14,0],[-57,0]],[[9350,2791],[13,-23],[3,-11],[1,-16],[0,-6],[2,-3],[-4,-9],[-3,-2],[0,-6],[2,-7],[-3,-7],[-1,-4],[3,-3],[1,-6],[2,-5],[1,-4],[2,-2],[-1,-7],[0,-3]],[[9823,257],[0,22],[0,2]],[[9825,309],[1,5],[1,2],[10,1],[4,-2],[-1,22],[1,9],[2,2],[4,-2],[1,-1],[4,-2]],[[9852,343],[8,-1],[3,-1],[2,-4],[9,-2],[5,-3],[11,-3],[4,-2],[11,-2],[12,-5],[3,-2],[7,-2],[7,-4],[4,-3],[3,-1],[7,2],[14,0],[3,-1],[8,0]],[[9973,309],[0,-23],[2,0],[-2,-11],[0,-16]],[[7211,2745],[0,-34],[0,-87]],[[7211,2624],[-82,0]],[[7046,2672],[0,9],[1,3],[0,8],[-1,3],[2,8],[4,9],[4,7],[2,6],[3,9],[1,9]],[[7062,2743],[3,2]],[[4976,4430],[0,32],[1,2],[0,12],[0,12]],[[5255,4388],[-25,0],[-11,3],[2,-3],[5,-5],[1,-1],[-5,-4],[-3,-6],[5,-5],[-2,-6],[0,-3],[-1,-17],[0,-9],[3,-9],[4,-4],[-2,-2],[0,-6],[-3,-3],[1,-8],[-42,0],[-1,-3],[-1,-4],[-2,-4],[-3,-3],[-10,-18],[1,0],[-5,-5],[-2,-11],[-8,-21],[-4,1],[-25,-3]],[[5122,4229],[-13,-4],[-15,-6],[-1,-1],[-7,-3],[-13,-6],[-1,0],[-14,-6],[-16,15],[4,7],[-67,0],[0,0]],[[8085,3392],[-3,9],[0,4],[-6,21],[-16,-3]],[[8060,3423],[-1,3],[-6,8],[-6,-1],[-1,7],[2,4]],[[8048,3444],[1,3],[3,1],[29,6],[4,1]],[[8085,3455],[1,-7],[3,-2],[5,-7],[24,4],[2,2],[5,0],[7,1],[54,4],[7,1]],[[8239,4287],[0,-44]],[[8239,4243],[-59,0]],[[8180,4243],[-83,0]],[[8097,4243],[0,1],[0,36]],[[8097,4363],[0,24],[28,0]],[[7382,4477],[51,0],[6,0]],[[7439,4477],[10,-28],[1,-6],[-2,-10],[0,-3],[2,-6],[0,-4]],[[7416,4356],[0,8],[0,5],[0,11],[2,5],[4,-1],[5,1],[0,2],[-2,5],[3,3],[3,-2],[3,-2],[2,0],[2,-2],[6,0],[5,1],[-1,4],[3,1],[-2,2],[-5,4],[-6,2],[-7,4],[-3,5],[-8,6],[-9,3],[-2,1],[-2,6],[-4,3],[-12,3],[-6,2],[-8,3],[-11,6],[-2,0],[-2,3],[4,1],[0,2],[4,2],[5,-1],[5,1],[3,3],[1,5],[2,1],[2,2],[-2,10],[-4,3]],[[8010,2544],[0,3],[3,5],[-1,5]],[[8012,2559],[4,0],[4,-1]],[[8020,2558],[0,-6],[1,-1]],[[5369,3286],[-1,3],[0,31]],[[5368,3416],[124,1],[12,0]],[[5507,3327],[-3,-5],[0,-7],[1,-3],[-1,-2],[0,-16]],[[7969,2535],[1,-7],[-2,-4]],[[6906,3762],[-1,-3],[-1,-4],[2,-3],[0,-3],[-3,-1],[-3,-8],[-4,-10],[1,-2],[-3,-4],[-5,-3],[-5,-4],[-1,-4],[-4,-11],[-3,-2],[-2,-9],[-2,0],[0,-3],[-8,-10],[-3,-2],[-2,-5],[-2,0],[-4,-4],[-3,-6],[0,-3],[-6,-8],[-6,-5],[-4,0],[-6,-2],[-7,-4],[-5,-2],[-4,-5],[-2,-4],[-2,-3],[-4,-2],[-10,-2],[-7,-3],[-6,-1],[-9,-1],[-5,-1],[-5,1],[-2,-1],[-9,1],[-9,-2],[-12,2],[-1,1],[-7,-1],[-4,-1]],[[7887,2355],[0,1],[2,7],[0,6],[-1,8]],[[7888,2377],[7,1]],[[7895,2378],[2,-20]],[[8571,2455],[-8,-3],[-3,-3],[0,-3]],[[8560,2446],[-2,-2],[-4,1],[-4,3]],[[8550,2448],[1,1],[2,7],[-3,3],[-2,1]],[[8548,2460],[9,3],[2,-1],[3,0]],[[8562,2462],[6,-3],[6,1],[1,-2]],[[8575,2458],[-4,-3]],[[8407,2957],[4,1],[2,3],[0,5],[2,2],[0,3],[-10,3],[3,8],[-7,2],[0,2]],[[8401,2986],[4,11],[-1,0],[6,13],[-23,7]],[[8387,3017],[9,2],[19,6],[5,-1],[-2,-5],[1,-2],[2,-2],[3,-4],[-2,-3],[1,-5],[4,0],[1,-2],[7,-1],[4,-3],[0,-4],[4,0],[2,-5],[5,-1],[4,-4],[2,-2],[2,0],[7,-7],[0,-3],[5,-2],[2,1],[1,-4],[-5,-1],[-2,-1]],[[8080,2681],[1,-4],[0,-5]],[[8056,2666],[4,5],[0,4],[-6,0]],[[8054,2675],[0,4]],[[8054,2679],[21,2]],[[8075,2681],[5,0]],[[8053,2688],[-1,9]],[[8058,2696],[8,3],[1,1],[4,0],[5,-2],[4,0]],[[8080,2698],[-5,-6],[1,-3]],[[8076,2689],[-23,-1]],[[8054,2679],[-1,9]],[[8076,2689],[0,-2],[-1,-6]],[[9722,495],[57,0]],[[8472,2499],[-2,-35]],[[8470,2464],[-1,-25]],[[8469,2439],[-3,0],[-8,0],[-4,1],[-12,0],[-42,5],[-3,0],[-3,1]],[[8395,2490],[2,1],[4,-1],[7,1],[-1,6],[7,1],[6,1],[11,-3],[8,2],[4,2],[29,-1]],[[8469,2439],[17,-5],[5,-4]],[[8491,2430],[-1,-11],[-1,-1],[2,-6]],[[9557,3212],[1,45]],[[9558,3257],[153,2]],[[9711,3251],[0,-13]],[[9711,3238],[-5,-19],[-5,-17],[1,-22],[-2,-4],[3,-3],[6,4],[6,1],[2,0],[2,-3],[-1,-4],[-2,-6],[2,-1]],[[9722,495],[4,18],[-7,-5],[-3,-1],[2,9],[5,5],[2,11],[1,1],[6,0],[4,34],[-3,9],[1,16],[6,12],[1,10]],[[9823,613],[0,-10],[1,-30],[0,-18],[0,-28],[0,-32]],[[8378,3755],[2,1],[5,1],[4,3],[7,1],[5,2],[2,2],[9,1],[7,4]],[[8127,2610],[-3,1],[-2,2],[-4,4],[-3,0],[-4,-2],[-2,2],[-4,1]],[[8105,2618],[-5,2],[-1,-1],[-6,0],[-1,5],[-1,2]],[[8091,2626],[-4,0],[-1,6]],[[8102,2654],[3,1],[10,-1],[1,-2],[3,1],[0,-2]],[[8001,2318],[6,3],[1,4],[7,0],[3,-4]],[[8631,2375],[-13,3]],[[8618,2378],[-9,1],[-12,3],[-5,4]],[[8592,2386],[-1,4],[1,5],[2,4],[4,2],[1,4],[-3,5]],[[8596,2410],[-7,4],[-1,2]],[[8605,2421],[3,-4]],[[8650,2386],[-21,0],[6,-4],[-4,-7]],[[7864,4795],[0,-59]],[[7770,4680],[0,8],[0,15],[2,5],[0,5],[-3,5],[-1,11],[-1,3],[2,10],[-1,15]],[[7768,4757],[-1,6],[-2,4],[-1,5],[0,12],[2,10],[0,8],[-4,18],[0,3],[2,7],[-1,4],[0,4],[-2,3],[4,6],[5,4],[1,2],[0,8],[5,-9],[7,-5],[0,12]],[[5904,3279],[-12,4],[-10,0],[-5,6],[-6,3],[-1,2],[-7,-2],[-7,-1],[-15,-6],[-4,-1],[-23,-7],[-5,0],[-7,-3],[-5,0],[-9,1],[-5,2],[-4,0],[-6,2]],[[9997,5829],[0,-53],[0,-89],[0,-115],[0,-132],[0,-78],[0,-76],[1,-120],[0,-54],[0,-50],[0,-93]],[[9983,4958],[-7,-2]],[[9976,4956],[-7,0],[-43,-9],[-63,-13],[-15,-3],[-51,-9],[-8,-2],[-11,-3],[-27,-12],[-44,-19],[-6,-3],[-2,0],[-15,-6]],[[9051,5175],[-2,2],[-18,1],[-58,2],[2,60],[-30,1],[6,141],[95,-10],[6,69],[3,35],[10,55],[2,7]],[[5304,5831],[28,-16]],[[5753,4948],[-35,18],[-28,-4],[-15,0],[-33,-9],[-14,1],[-10,-7],[-8,-6],[-3,-3],[-36,-1],[-7,0],[-31,-6],[-20,0],[-10,-3],[-44,17],[-5,1],[-6,0],[-7,1],[-4,1],[0,-2],[5,-6],[-6,-2],[-1,3],[2,2],[-4,0],[-2,2],[4,5],[-3,2],[-6,1],[-5,0],[-10,-2],[-3,3],[-4,-3],[-3,1],[2,2],[-9,0],[-5,-1],[-2,0],[-7,0],[-6,-2],[-7,-3],[-12,-2],[-8,-4],[-5,-1],[-6,-6],[2,-2],[3,3],[3,2],[-1,-4],[3,-3],[-5,-4],[-1,1],[1,3],[-6,2],[-11,-3],[-1,-2],[-5,0],[3,3],[-4,2],[2,4],[3,-2],[7,0],[1,2],[3,-1],[2,2],[0,2],[-2,1],[-2,4],[-5,0],[-9,-5],[0,4],[-1,2],[-3,5],[-1,2],[-3,2],[1,3],[-6,2]],[[7143,3300],[-8,4],[-5,3],[3,1]],[[7133,3308],[3,1],[10,1],[-2,2],[7,5]],[[7151,3317],[1,1],[4,-4],[3,3],[4,-4]],[[7174,3314],[-1,-3]],[[7173,3311],[-5,-3],[-7,1],[-7,-4]],[[7133,3308],[-3,3],[-3,1]],[[7127,3312],[1,1],[1,4],[4,5],[3,7]],[[7136,3329],[2,-1],[3,7],[5,-12]],[[7146,3323],[1,-2],[4,-4]],[[7173,3311],[1,-2],[4,1],[2,-3]],[[9778,136],[-107,-1]],[[9786,188],[7,-8],[7,-3],[7,0],[4,-2],[5,0]],[[9816,175],[-4,-11],[-7,1],[0,-2],[-4,1],[-2,-4],[-2,1],[0,-9],[-4,0],[0,-6],[-5,-3],[-1,-3],[-9,-4]],[[8847,2327],[0,30]],[[8847,2357],[54,0],[7,0],[42,0]],[[8950,2357],[0,-33],[-7,-2],[-1,-18],[-22,-1],[0,-61],[-14,0]],[[8847,2298],[0,29]],[[9424,3114],[-35,-1],[-3,0],[-12,-1]],[[9374,3112],[-2,3],[0,26]],[[9470,3131],[-2,0],[-42,-8],[0,-3],[-2,-6]],[[9463,3094],[-15,0],[-1,1],[-18,0],[0,5],[-5,10],[0,4]],[[9481,3095],[-18,-1]],[[8271,3047],[30,-16]],[[8309,3012],[-2,-6],[-2,1],[-5,-7]],[[7940,4418],[-1,-1],[-7,-11],[0,0],[-7,-11],[-2,-1],[-14,-3],[-15,5],[-4,-5],[0,-4],[-4,2],[-4,3],[-12,23],[-4,4],[-3,1]],[[7863,4420],[0,15],[-19,4],[1,14],[3,4],[-2,8],[-5,3],[1,24]],[[8913,3391],[0,-11],[1,-6],[2,-2],[-1,-5],[-2,-6],[0,-8],[1,-2],[-2,-5]],[[8894,3340],[-3,-5],[1,-6]],[[8894,3328],[0,-2],[5,1],[2,-2],[0,-3],[-7,-4],[-1,-3]],[[8896,3288],[-2,-3],[0,-6],[3,-5],[-2,-3],[-3,3],[-3,0],[1,-3]],[[8890,3271],[-2,-1],[2,-1]],[[8890,3269],[2,-5],[4,-1],[4,-1],[-4,-4],[-9,-5],[-6,-10],[-1,-5],[-1,-4],[1,-3],[-2,-3],[-5,-3],[-1,-13],[-1,-5],[-2,-4],[-7,-10],[-4,-3],[3,-7]],[[8129,3002],[-9,4],[-1,-2]],[[7921,2450],[15,1]],[[7936,2451],[17,1]],[[7953,2452],[1,-18]],[[7954,2434],[1,-3],[-7,-5],[-3,-1]],[[7953,2552],[0,-3],[1,-7]],[[7954,2542],[-8,-1]],[[7952,2561],[1,-9]],[[4451,4201],[0,24]],[[4451,4225],[109,0]],[[4633,4140],[-20,0],[-29,2],[-49,2],[-21,1],[-15,4],[-6,2],[-3,0]],[[6186,4237],[58,0],[9,0]],[[6253,4237],[3,0],[-1,-63],[45,0]],[[8054,2158],[2,10],[-10,3],[-3,3],[1,3],[0,21],[-3,0],[0,7],[-4,0],[0,8]],[[8037,2213],[9,1],[4,4],[4,0],[2,-4],[4,-2],[3,-1],[2,-1],[3,0],[1,5],[6,3],[6,2],[1,1],[10,-6],[4,0],[3,1],[-2,-9],[7,-1]],[[7959,5617],[3,-8]],[[7828,5742],[0,5],[-3,0],[1,-7],[2,2]],[[8184,2480],[3,4],[0,2],[3,6],[-1,4]],[[8189,2496],[4,-4],[3,-2],[5,-1],[6,0]],[[8240,2493],[8,-1],[5,-1]],[[8253,2491],[-2,-1],[0,-6],[-4,0],[0,-4],[-5,-4],[4,-3]],[[8246,2473],[4,-2],[-1,-16]],[[8249,2455],[-3,-1],[-11,1],[-5,-1],[-1,2],[-6,1],[-3,-8],[0,-3],[-5,1]],[[8282,2456],[-2,-3],[-2,2],[-3,-3],[-4,0],[-2,-3],[-4,3],[-12,1],[-4,2]],[[8246,2473],[5,4],[6,0],[0,-4],[7,0],[0,-2],[4,0],[8,-2],[1,-1]],[[8277,2468],[2,-3],[0,-5],[3,-4]],[[8253,2491],[6,-1],[9,1],[4,-2],[5,-3]],[[8277,2486],[7,-6],[4,-5],[-13,0],[2,-7]],[[8947,827],[-1,8],[0,7],[3,6],[0,5]],[[8949,853],[73,0],[61,0]],[[9083,853],[48,0],[27,0],[12,-22],[4,-33],[2,-3],[17,-27],[6,-18],[0,-15]],[[9082,734],[0,14],[-12,5],[-11,1],[1,6],[-3,0],[-4,-2],[-3,2],[-8,1],[-3,5],[-5,-1],[-8,-5],[-9,-2],[-3,-3],[-12,-2],[-13,1]],[[8989,754],[3,5],[1,8],[0,10],[-4,11],[-2,6],[-5,7],[-6,7],[-7,6],[-6,2],[-1,0]],[[8297,3798],[-4,-2],[-2,-4],[-1,-3],[2,-1],[-2,-11],[4,0],[-12,-13],[4,0],[0,-6],[4,0],[0,-10],[5,0],[0,-6]],[[8220,3761],[1,1],[3,8],[-2,3],[3,8],[-1,5],[-8,12]],[[8216,3798],[5,0]],[[8307,3919],[1,3],[4,1],[2,2]],[[8314,3925],[63,1]],[[9500,431],[5,4],[3,4],[0,3],[8,14],[3,2],[-1,4]],[[9518,484],[22,-3],[4,-2],[6,1],[11,1],[5,-4],[1,-4],[5,-2],[3,-2],[0,-4],[3,-3],[7,-1],[8,-5],[8,0]],[[9601,456],[-16,-14],[-3,-3],[-5,-1],[-6,-3],[-7,-1],[-3,-1],[3,-4],[5,-2],[3,-3],[4,-2],[3,-4],[5,-5],[5,-2],[7,-9],[-1,-4],[-7,-10],[0,-3],[3,-6],[-1,-4]],[[9590,375],[-11,0],[-60,0],[0,0]],[[9519,375],[0,42],[-4,4],[2,1],[-17,9]],[[9202,1626],[0,56],[34,0]],[[8037,2238],[0,-8],[-2,0],[0,-8],[-2,-2],[1,-6]],[[8034,2214],[-5,0],[0,3],[-5,4],[-3,2],[-7,1],[0,1],[-10,0],[2,4],[-19,0],[-5,-4],[4,-3],[-2,-7]],[[7963,2209],[-1,6],[1,4],[-3,3],[-3,0],[-3,2],[-7,2],[0,10],[1,2]],[[7948,2238],[3,1],[6,3],[6,2],[3,0],[8,1],[3,2],[-4,3],[0,3],[5,4]],[[7978,2257],[9,1],[3,4],[4,0]],[[7994,2262],[2,-1],[3,2],[4,0],[3,-1],[5,2],[7,-1],[1,1],[5,1],[1,1]],[[8025,2266],[1,-1],[1,-3],[0,-16],[1,-1],[6,2],[4,-1],[-7,-8],[6,0]],[[8246,2783],[4,0],[0,-3],[5,0],[0,-3],[5,-1],[2,2],[4,-2],[-2,-3],[5,-3],[-1,-1],[4,-3],[4,3],[5,-3],[0,2],[-4,5],[-2,0],[-3,5],[-4,2],[-2,-2],[-4,1],[3,9],[4,-7],[3,1],[3,-1],[3,4],[0,3],[5,-1],[6,4],[-7,2],[-1,4],[5,5]],[[8286,2802],[2,-2],[6,-1],[3,0],[4,-2],[4,-1],[5,2],[14,-4],[8,16]],[[8367,2799],[-2,-1],[-2,-6],[6,0],[1,-2],[0,-2],[3,-5],[1,-3],[-1,-2]],[[8373,2778],[-1,-1],[-17,-15],[4,-2],[1,-5],[1,-2],[-3,-1],[-1,-3],[-2,-3],[-4,1],[-4,0],[-5,3],[-14,-8]],[[5122,4229],[-4,-9],[-5,-11],[-1,-2],[0,-48],[-5,-11],[60,0],[57,0],[0,0]],[[5224,4148],[4,-8],[-6,-30],[7,-3],[1,-11],[-1,-18],[2,-3],[3,-10],[-1,-6],[-4,-5]],[[5112,4005],[-9,0],[-39,8],[-26,-6],[-8,-7],[-3,-2],[-7,-2],[-17,-10],[-7,-6],[-7,-6],[-9,-13],[-1,-6]],[[4979,3955],[-48,0],[-80,0],[-3,1],[0,59]],[[4848,4015],[0,64]],[[5293,3106],[1,1],[-2,2],[0,3],[-2,2],[0,5],[-2,2],[2,7],[-2,9],[-2,5],[-2,8],[-8,17],[-2,2],[-1,4],[-5,11]],[[5268,3184],[11,0],[-2,17],[0,5],[43,0],[0,13],[1,5],[43,0]],[[5339,2950],[3,-3],[3,0],[3,-3],[6,-3],[5,-6],[9,-6],[3,-4],[-2,-4]],[[5369,2921],[-4,2],[-4,2],[-4,1],[1,2],[-3,1],[-4,-1],[-1,-3],[-2,-2],[-1,-4],[-7,1],[-1,1],[1,5],[-1,3],[3,1],[1,5],[-1,5],[-5,5],[-4,1]],[[9850,183],[-4,-8],[-16,5],[-2,-4],[-4,1]],[[9824,177],[-5,0],[-1,-3],[-2,1]],[[9780,209],[11,-3],[4,8],[14,-4],[5,8],[10,-4]],[[9824,214],[5,-1],[-4,-9],[21,-6]],[[8117,2540],[3,3],[-4,7]],[[8116,2550],[-1,1],[6,6]],[[8150,2543],[-1,-1],[1,-4],[-5,-4],[-4,-1]],[[5268,3184],[-8,15],[-10,15],[-4,3],[-5,4],[-4,3],[-6,1],[-7,1],[-3,-3],[-2,1],[1,4],[-2,2],[-3,1],[-2,3],[-1,1],[-3,4],[-6,1],[-3,1],[-2,3],[3,5],[5,1],[10,10],[3,2],[6,0],[5,4],[0,3],[-3,2],[0,5],[-1,9],[-1,4],[1,3],[-1,3],[2,2],[2,6],[3,4],[-2,6],[-2,3],[-1,5]],[[6347,4527],[-19,0],[-8,0],[0,-14],[0,-56],[-168,-1],[-1,-46],[-109,-1]],[[5751,4506],[4,9],[-8,19],[2,6],[6,7],[-4,4],[0,8],[5,2],[1,6],[-2,4],[-5,4],[0,22],[-1,2],[1,5],[0,15],[1,5],[-1,1],[0,8],[4,4],[0,3],[-2,0],[-2,5],[0,88]],[[8034,2214],[3,-1]],[[8050,2145],[-1,2],[-9,-1]],[[4976,3820],[4,3],[13,2],[7,-1],[17,0],[6,-4],[3,-2],[11,-1],[5,-1],[7,-7],[4,-2],[12,-2],[2,-2],[8,-3],[11,-5],[15,-7],[4,-10],[5,1],[11,-4],[3,0],[4,-3],[8,-13],[7,-6],[4,-7]],[[9824,853],[-17,0],[-3,1],[-9,-1],[-22,0]],[[9773,853],[4,30]],[[9777,883],[4,0],[4,2],[9,3],[14,6],[5,1],[11,0],[0,11],[12,3],[3,-1],[6,0]],[[8086,2259],[-10,6],[-3,0],[-3,-2],[-2,1],[-7,-3],[-6,1],[3,4],[-5,2]],[[8053,2268],[1,3],[2,4],[-1,2],[3,4],[-7,1],[6,6]],[[9615,353],[-2,4],[-8,4],[-1,6],[-7,6],[-6,1],[-1,1]],[[9601,456],[5,4],[18,18],[5,6],[43,11]],[[8136,2232],[-16,0],[0,4],[-2,0],[0,8],[-4,-2],[-4,6]],[[8039,2561],[-3,6]],[[8048,2575],[2,-1],[4,0],[0,-4],[1,-1]],[[8440,2696],[-1,1],[-2,3],[-3,-2],[-40,6],[-3,-3],[-8,6],[-4,-4],[-2,2],[-9,-8],[-1,-4],[-2,-2]],[[8373,2778],[1,-4],[2,-3],[1,-4],[4,1],[19,-6],[2,4],[8,-3],[1,-2],[13,-1],[3,-2],[4,-5],[1,-7],[-1,-11],[15,-1],[-1,-5],[3,1],[11,-1],[4,5],[7,3]],[[8470,2699],[-7,-1],[-2,2],[-4,-1],[0,-4],[-17,1]],[[9778,136],[0,-8],[-4,-4],[15,0],[1,1],[31,0],[4,-1]],[[8282,6237],[-18,-9],[-6,-3],[-2,-6],[0,-7],[-12,-1]],[[7808,3338],[0,-16]],[[7808,3322],[-2,-1],[-28,0],[-4,3],[-4,-1],[-22,-1],[1,-4]],[[7735,3328],[-3,14],[-1,6],[0,6],[0,8],[3,4],[1,5],[-2,3]],[[7800,3387],[8,-13],[0,-8],[0,-28]],[[8306,2602],[-1,1],[-1,4],[-2,1]],[[8359,2684],[-1,-15],[-10,1],[-1,-5],[1,-3],[2,-1],[-2,-4],[1,-1],[-3,-7],[-3,0],[0,-3],[2,-1],[1,-5],[-1,-7],[-4,-5],[-1,-2],[-8,-4],[-3,-5],[-1,-2]],[[4968,3889],[0,30],[-7,0],[0,24],[17,7],[1,5]],[[4027,8277],[185,-2],[2,96],[1,100],[128,1],[0,152],[75,31],[61,-52],[13,-1],[32,39],[28,0],[19,6],[0,-24],[35,0],[443,0],[142,2],[75,0]],[[5677,8228],[3,-16],[7,1],[8,-55],[25,-80],[93,-2],[38,-142],[9,-99],[4,-54],[1,-40],[-29,0]],[[9720,896],[11,-3],[10,-4],[13,-2],[23,-4]],[[9773,853],[-1,-7],[0,-26],[2,-7]],[[9673,792],[0,62],[0,19],[0,14]],[[9673,887],[13,-1],[3,0],[8,3],[5,4],[3,0],[4,2],[3,0],[8,1]],[[4188,5063],[20,-11],[5,-1],[2,-2],[7,-3],[0,-1],[6,-3],[1,0]],[[4229,5042],[7,-4],[29,-14],[0,0],[78,-40],[20,-10],[30,-15],[3,-3],[8,-4]],[[4404,4952],[-56,0],[-1,-5],[0,-4],[3,-5],[-1,-1],[0,-49]],[[4293,4867],[-28,0],[0,13],[-34,0],[0,-49],[-18,1],[4,-7],[1,-8],[-1,-14],[-1,-4],[-3,-3],[-1,-4],[1,-4],[0,-4],[-1,-4]],[[4212,4780],[-116,5],[0,0],[-23,1],[-4,4]],[[8544,2298],[0,-16],[-1,-3],[-3,-7],[-3,-1]],[[7082,4152],[23,5]],[[7105,4157],[19,5]],[[7124,4162],[4,0],[5,0]],[[7133,4162],[0,-7],[1,0]],[[7134,4155],[-2,-4],[2,-3],[-5,-2],[-1,-6],[-5,-3],[-3,-4]],[[7226,7079],[13,122],[6,64],[-14,18]],[[7794,8456],[453,3],[4,-119],[-4,-190]],[[7400,4636],[-17,-1],[-1,1],[-8,-1],[-10,0]],[[7364,4635],[7,17],[0,19],[1,1],[1,8]],[[7373,4680],[34,0],[26,0]],[[7433,4680],[0,-35],[-14,0],[-2,5],[-9,-6],[-8,-8]],[[9839,3209],[3,-5],[1,-3],[-4,-13],[2,-6],[10,-6],[2,-5],[0,-3]],[[9853,3168],[-1,5],[-3,2],[-58,9],[-1,0]],[[9799,3207],[31,-5],[2,10],[7,-3]],[[8308,2108],[4,-1]],[[7645,3628],[-3,-5],[-4,-5],[-3,-1],[0,-2],[-4,-5],[-9,-4],[-1,-1],[2,-6],[-3,-2],[-2,5],[-3,2]],[[7615,3604],[-8,5],[-6,3],[0,1],[1,22],[-34,0],[-14,2],[-22,0]],[[7532,3637],[0,7],[-3,3],[0,5],[-3,7],[-2,3],[-3,6],[-2,9],[0,16],[-6,-2],[-7,0],[-3,2],[0,26],[6,7]],[[7608,3747],[-1,-6],[3,-3],[2,-3],[-1,-2],[-5,-3],[0,-3],[1,-4],[-1,-2],[5,-4],[5,-1],[0,-2],[4,1],[8,-1],[5,1],[5,-4]],[[9735,1323],[-42,0]],[[9693,1323],[5,3],[1,2],[-4,8],[1,2],[0,4],[-3,3],[-1,2],[2,10],[0,1],[1,15],[-5,6],[-1,17],[1,2],[0,9]],[[9646,1294],[-11,9],[-6,3],[-13,2],[-6,3],[-7,8],[-5,2],[-3,2],[1,4],[-18,11],[-12,14],[-2,0],[3,3],[1,3]],[[9693,1323],[-20,0],[0,-26]],[[9673,1297],[-25,-1],[-2,-2]],[[8116,9999],[206,0],[142,0]],[[8077,2804],[-9,3]],[[8068,2807],[-10,5]],[[8058,2812],[6,10]],[[8064,2822],[15,-6],[3,4],[4,-1]],[[8064,2822],[2,4],[-9,4],[-2,-4],[-5,2]],[[8950,3235],[0,-23],[3,-11],[-1,-3],[-6,-4],[-3,-9],[0,-10],[-2,-13],[2,-5],[1,-10],[2,-8],[2,-8],[2,-4],[-40,-16],[12,-3],[3,-2],[1,-4]],[[8926,3102],[-33,0],[0,0],[-32,0],[-9,0]],[[8890,3269],[0,2]],[[5754,3647],[0,-35],[0,0],[0,-63],[0,-5]],[[5754,3544],[-5,-1],[-5,2],[-6,-1],[-17,-2],[-21,1],[-5,-2],[-34,-1],[-10,-1],[-6,1],[-53,2],[-1,-1],[-13,0],[0,-6],[-87,0],[0,35],[0,0]],[[5754,3542],[0,2]],[[5868,3667],[0,-74]],[[8594,2492],[5,4],[4,0],[5,0],[9,-2]],[[8617,2494],[-2,-1],[-3,-6]],[[8588,2416],[-19,-3]],[[8569,2413],[-10,0],[-9,2]],[[8519,2418],[2,5],[-5,1],[0,6]],[[8516,2430],[0,5],[5,0],[0,5],[2,2],[0,7],[18,-4],[3,3]],[[8544,2448],[1,-2],[5,2]],[[8560,2446],[1,-2],[3,-3]],[[8571,2455],[0,-3],[8,-5],[12,11]],[[8551,2496],[0,-4],[14,-1],[2,1],[10,-1],[6,6]],[[8583,2497],[1,-3],[-2,-12],[-10,-9],[-10,-11]],[[8548,2460],[-7,-2],[-3,-6]],[[8538,2452],[-3,0],[-7,4],[-8,2]],[[8520,2458],[0,17],[14,-8],[1,10],[2,14],[2,5],[12,0]],[[8569,2413],[1,-2],[4,-3],[1,-2]],[[8575,2406],[1,-6],[2,-2],[-1,-5],[1,-7]],[[7712,4235],[-3,-1],[-3,2],[-7,5],[-10,2],[-9,0],[-4,2]],[[9839,3213],[0,7],[3,0],[-1,13],[-8,1],[-12,-3],[-6,1],[3,6],[-5,1]],[[9813,3239],[3,11],[-5,0],[-3,1],[0,2],[5,4],[2,7],[-1,0],[-6,2],[-2,1],[2,4],[2,0],[6,-2],[7,1],[2,1],[2,3],[-1,3],[-3,2],[-9,0],[-3,-1],[-5,1],[-3,0],[-4,-3],[-4,0],[-1,2],[1,2],[6,0],[2,2],[-1,4],[-6,4],[-3,5],[0,5]],[[9966,3383],[0,-8],[0,-88],[-1,0],[0,-30]],[[9965,3257],[-24,-9],[-23,-5],[-8,-1],[-5,-4],[-7,-2],[-3,-2],[-6,-2],[-5,-3],[-11,-2],[-8,-3],[-10,-5],[-3,0],[-7,-5],[-3,-1],[-3,0]],[[7297,1883],[-2,-2],[-6,-4],[-3,-3],[-2,-4],[0,-6],[1,-5],[1,-4]],[[7286,1855],[-1,0],[-1,-15]],[[9392,4779],[11,3],[43,11],[4,3]],[[9976,4956],[0,-8],[4,-7],[8,7],[2,7]],[[9998,4955],[0,-112],[0,-105],[0,-237],[0,-54],[0,-119]],[[9998,4328],[-274,-4],[0,-13],[-16,0],[-186,-3],[-79,-1],[0,-52],[-112,0],[0,-133],[5,-40],[-56,-1],[-88,1],[-24,30],[-5,-1],[-37,41],[-19,-8],[-15,19],[4,2],[-14,20]],[[8594,2489],[-11,8]],[[8551,2496],[0,17],[-1,1],[-10,12]],[[8563,2535],[30,-8]],[[8593,2527],[1,0],[31,3]],[[8625,2530],[5,-5],[4,-7],[2,-5]],[[8636,2505],[-2,-5],[-2,-5],[-3,-2],[-4,0],[-8,1]],[[7836,2158],[-2,1],[2,3],[5,2],[-4,4],[0,9],[7,1],[3,3],[-1,6],[0,3],[-2,1],[0,6],[-5,0],[-2,2],[-3,0],[0,4],[-8,0]],[[7826,2203],[0,9],[8,0],[6,-1],[4,0],[3,-1],[2,1],[6,6],[2,1],[8,7]],[[7865,2225],[4,0],[4,1],[4,0],[1,-1],[4,0],[21,6],[-3,2],[-2,4],[2,3],[3,0],[13,4],[1,-2],[6,5],[3,1],[8,7]],[[7934,2255],[2,-10],[-1,-2],[10,1],[-2,-4],[4,0],[1,-2]],[[7848,2240],[3,0],[5,3],[0,-5],[2,-1],[3,-6],[-2,-2],[2,-3],[4,-1]],[[7826,2203],[-11,0],[0,1],[-10,0],[0,-1]],[[7771,2199],[5,8],[5,5],[6,2],[3,3],[6,3],[4,4],[7,3],[0,1],[8,3],[3,-2],[3,2],[5,2],[8,0],[5,1],[4,2],[5,4]],[[8034,2568],[-1,0],[-14,-1]],[[8415,4407],[57,0],[3,-1],[4,1],[11,0],[84,1],[51,0]],[[8625,4288],[0,-1]],[[8482,4287],[-67,0]],[[3768,4906],[-4,2],[0,3],[-2,2],[-5,-3],[-2,0],[-1,-4],[1,-3],[4,4],[3,-5],[-5,-5],[-6,-1],[-6,3],[-2,4],[2,1],[3,5],[2,5],[-1,3],[-5,1],[-3,-1],[-3,2],[-3,0],[1,5],[-2,2],[-2,0],[0,3],[4,0],[0,3],[-3,2],[2,3],[-5,1],[-3,2],[-6,1],[-2,-2],[-4,0],[-2,-2]],[[8962,2913],[0,31],[-1,7],[1,5],[-1,2],[0,13]],[[8961,2971],[33,1],[46,0]],[[9040,2972],[55,-1]],[[8000,2628],[-1,10]],[[7999,2638],[7,0]],[[8285,2491],[-6,1],[-2,-6]],[[7113,3286],[10,0]],[[7191,3207],[-56,-6],[-4,-3],[-2,-7],[2,-4],[-5,-14]],[[7081,3173],[-1,6],[-3,8],[-5,6],[0,4],[-5,11],[-4,4],[-3,2],[-9,12],[-4,7],[-2,9],[-2,3],[-3,2],[-2,4],[1,3],[2,1],[1,2],[5,1],[4,-2],[6,-3],[7,0],[11,3],[10,-4],[2,1],[7,2],[4,3],[3,6],[0,4],[1,9],[2,3],[3,3],[5,2],[1,1]],[[8025,2266],[1,2],[4,-1],[10,2],[4,3],[3,0],[6,-4]],[[8110,2248],[-4,-1],[-3,-4],[2,-2],[-1,-3],[-67,0]],[[9974,409],[0,-35]],[[9974,374],[-72,0],[-54,0]],[[9848,374],[-24,0]],[[9824,374],[0,14]],[[9824,495],[79,0],[56,0],[16,0]],[[9975,495],[0,-35],[-1,-51]],[[7629,3320],[1,2],[-2,3],[-1,2],[2,4],[1,7],[-2,20],[-2,6],[9,8],[0,1],[-6,10],[-1,8]],[[7644,4036],[-2,-2],[-2,-4],[-5,3],[-4,-1],[-4,0],[0,2],[-4,0],[-13,0],[-13,3],[-29,0]],[[7554,4079],[54,0],[0,-5],[7,3],[8,-1],[4,5],[6,0],[3,-1]],[[9720,896],[4,1],[2,3],[1,3],[-2,4],[-2,2],[1,8],[3,0],[-3,16],[0,36]],[[9748,969],[4,-12],[2,-5],[16,-2],[8,1],[5,-3],[14,3],[11,1],[8,2],[6,1],[5,2],[10,1],[4,1],[15,-1],[3,-1]],[[7715,3803],[-2,0],[0,10]],[[8847,2327],[-11,0],[-25,1],[-37,0],[-3,0],[-16,0],[4,5],[4,3],[3,6],[6,2],[-11,0],[0,13],[-3,1],[-7,0],[0,28]],[[8847,2407],[0,-50],[0,0]],[[8478,3217],[2,1]],[[8480,3218],[18,-2],[6,-2],[27,-4]],[[7439,4477],[30,0],[1,3],[2,8],[5,-1],[5,4],[9,3],[6,6],[-5,6],[1,9],[4,3],[5,1]],[[7502,4519],[7,-1],[1,-3],[3,-1],[3,-5],[1,-2],[5,-7],[3,-1],[0,-2],[3,-5]],[[7528,4492],[8,-6],[-1,-2],[-3,-1],[-1,-3],[-1,-6],[-4,-2],[0,-6],[-1,-4],[0,-19],[-5,-4],[-2,-4],[-2,-4],[14,0],[4,7],[3,-3],[0,-1],[2,-2],[3,-1],[-2,-7],[-3,-11],[-3,-9],[-1,-6],[-5,-15],[-1,-4],[1,-10],[2,-6],[1,-8],[-1,-2],[-6,1],[0,2],[-6,0]],[[7553,4109],[30,0],[50,0]],[[9629,47],[-5,0],[-8,3],[-8,5],[-7,3],[-7,2],[-2,3],[-5,2],[-5,9],[-5,5],[-2,3],[-3,3],[-5,2]],[[7145,1940],[0,-4],[3,-3],[4,-2],[8,-2],[6,-1],[7,1],[6,0],[7,3],[8,-2],[11,-2],[16,-3],[10,0],[13,0],[8,0],[9,2],[5,2],[8,-1],[4,2],[10,2],[16,7],[10,-1],[3,-3],[0,-2]],[[8027,2559],[-7,-1]],[[8019,2567],[0,-5],[8,0],[0,-3]],[[9073,2110],[0,22],[2,0],[0,24]],[[9075,2156],[0,1],[45,0],[-1,2],[67,0]],[[7954,2585],[4,0]],[[7958,2580],[1,-4],[-9,-1]],[[7914,2670],[-3,-1],[-1,-3],[2,-4]],[[7912,2662],[0,-2]],[[7912,2660],[-3,1]],[[9485,3090],[5,-4],[1,-6],[3,-8],[2,-3],[8,-9],[7,-11],[12,-12]],[[9523,3037],[-1,0],[5,-5],[-8,-4],[-4,5]],[[9515,3033],[-24,29]],[[9491,3062],[-18,11],[-3,4],[-6,5],[1,6],[-2,6]],[[7250,3398],[-11,4]],[[7225,3408],[5,0]],[[9040,2972],[1,63],[-1,4],[-1,19],[-7,0],[0,8]],[[9032,3066],[0,37],[22,0],[0,31],[5,1],[9,2],[6,0],[15,4],[3,1]],[[9092,3142],[20,1],[6,1],[11,0]],[[6826,1886],[-2,-17],[4,-14],[2,-4],[-16,-23],[-3,-8],[6,-10],[3,-8],[9,-9],[1,-12],[24,-25],[1,-2]],[[6855,1754],[-7,-2],[-6,-3],[-2,0],[-6,8],[-3,1],[-4,4],[-13,4],[0,-2],[-33,0],[0,3],[-24,-12],[0,3],[-27,0],[5,-5],[-31,0]],[[8074,2632],[-3,-1],[-12,-1]],[[8056,2640],[12,1],[2,-1],[3,1]],[[8300,3271],[-1,2],[-1,16],[-1,2],[0,8],[0,4],[-1,3],[1,4],[0,6],[-1,2],[2,10]],[[8298,3328],[0,7],[1,2],[-2,5],[0,3],[3,5],[1,13],[-2,4]],[[8341,3375],[1,-10],[2,-9],[0,-5],[3,-11],[0,-3],[4,-10]],[[8351,3327],[1,-4],[2,-4],[-1,-1],[2,-4],[2,-3],[-2,-3],[2,-4],[-3,-2],[-2,-5],[4,-7],[2,-3]],[[9374,1821],[0,43],[0,7],[0,40],[0,7],[0,82]],[[9374,2000],[1,0],[0,31],[31,0],[34,0],[0,1],[46,0],[12,-4],[3,13],[-15,3],[0,19],[0,29]],[[9681,2093],[116,0]],[[9797,2093],[1,0],[86,0],[83,1]],[[9967,2094],[-1,-176],[0,-93]],[[9966,1825],[-1,1],[-39,-1],[0,7],[2,2],[0,6],[-1,1],[1,6],[-37,0],[0,21],[0,0],[-27,-1],[-76,0],[0,-96]],[[8883,2845],[29,-2],[11,0],[3,-1],[14,-1],[22,-3]],[[8894,2718],[-44,-5],[-24,0],[-7,1],[-11,-1],[-3,0],[-7,0],[-5,2],[1,3]],[[8794,2718],[11,4],[3,4],[1,3],[-3,12]],[[8808,2778],[3,8],[5,4],[7,3],[4,2],[4,3]],[[8831,2798],[6,0],[14,-3],[6,1],[6,1],[5,4],[2,3],[2,9],[5,9],[7,9],[1,4],[0,4],[-2,6]],[[7442,3385],[27,12],[4,1],[4,2],[-2,4],[0,15],[3,7],[0,20]],[[7568,3374],[-11,-16],[-8,-16]],[[7473,3347],[5,27],[1,5],[-37,6]],[[7918,2420],[-2,0],[-3,-2],[-11,1]],[[7915,2395],[-2,-3]],[[7913,2392],[-3,4],[0,3],[-2,4],[1,2],[-2,3],[-3,-3]],[[7904,2405],[0,6]],[[7904,2411],[1,4],[-3,4]],[[9097,549],[-9,9],[-5,3],[-8,5],[-4,4],[-1,3],[-5,9],[-5,6],[-4,4],[-1,5],[-4,5],[-5,4],[-2,2],[-6,-1],[-1,2],[2,3],[-1,2],[-3,1],[-3,3],[-4,3],[0,2],[-5,5],[-3,0],[1,3],[-3,5],[-4,1],[1,2],[-2,4],[-4,4],[-2,1],[0,2],[-4,3],[-2,4],[-1,4],[-2,1],[-2,3],[-3,1],[-1,7],[-2,3],[-3,5],[-4,3],[0,5],[-4,1],[-1,5],[-2,0],[-2,4]],[[8974,699],[3,0],[6,-2],[5,-3],[1,-3],[6,3],[4,-1],[5,-3],[-1,-4],[5,-1],[4,1],[4,4],[2,0],[7,-2],[2,-5],[-1,-3],[-3,-4],[-3,-2],[-1,-3],[2,-2],[-5,0],[0,-2],[5,-3],[3,5],[3,-4],[3,-2],[3,0],[1,-4],[0,-4],[2,-6],[3,-2],[6,-1],[4,-2],[1,-2],[5,-2],[1,-2],[3,0],[4,2],[0,2],[-8,3],[-4,4],[0,3],[5,4],[0,2],[5,-2],[-2,-2],[0,-5],[4,0],[-1,2],[3,4],[7,-1],[6,4],[-1,2],[-1,3],[-2,4],[1,2],[7,-1]],[[7729,2125],[1,6],[-1,2],[0,4],[-2,1],[0,3]],[[7727,2141],[5,3],[3,0],[4,2],[3,4],[3,5],[6,10],[4,6],[6,9],[2,2]],[[7767,2180],[-2,-2],[-3,-6],[5,-2],[2,4],[5,-2],[-5,-8],[-3,0],[-2,-3],[1,-2],[-1,-4],[1,-6]],[[7982,2617],[5,4]],[[7993,2622],[2,0]],[[7175,3459],[17,0],[0,-5],[5,-11],[6,-1]],[[7203,3442],[-2,-1],[-1,-8],[-4,2],[-3,0],[-3,-1]],[[7190,3434],[-1,9],[-1,4],[-3,6],[-2,1],[-4,3],[-4,2]],[[8094,3783],[-1,3],[0,5],[-2,4],[2,2],[0,3]],[[8093,3800],[26,0],[43,-1],[3,1],[3,-3],[10,1],[3,2],[6,-1],[29,-1]],[[7939,2536],[1,-4]],[[7924,2531],[-1,5]],[[7923,2536],[16,0]],[[7134,2064],[6,2],[4,-1],[5,2],[3,0],[5,3],[3,-1],[2,-4],[4,-1],[5,1],[6,4],[1,1],[5,3],[5,-3],[4,0],[0,-3],[-2,-2],[-1,-5],[0,-7],[0,-6],[-3,-4],[-3,4],[-4,2],[-5,0],[-4,-1],[-8,-3],[-5,-4]],[[7904,2706],[-6,1],[3,4],[-6,7],[2,2]],[[7897,2720],[2,-1],[2,3],[4,0],[-3,-4],[3,0],[1,4],[6,-3],[3,-4],[0,-5]],[[7915,2710],[-2,-1],[0,-2],[-9,-1]],[[7146,3323],[9,7],[3,-2],[11,-10]],[[7966,2579],[-7,-8],[-7,0]],[[7944,2571],[0,2]],[[5711,2824],[-8,0],[-3,0],[-7,-1],[-4,-3],[-7,-1],[-2,-1],[-12,-8]],[[5671,2816],[6,4],[7,12],[1,2],[0,11]],[[5698,2891],[18,-2],[2,-4],[3,-1],[2,-2],[2,0],[3,-2],[6,-1],[-2,-2],[1,-3],[2,-1],[3,0],[1,2],[6,-1],[5,2]],[[5750,2876],[0,-6],[1,-3]],[[5751,2867],[-5,0],[-4,-10]],[[5742,2857],[-4,-1],[-7,-3],[-7,-4],[-7,-5],[-3,-4],[0,-4],[-1,-3],[0,-2],[-2,-7]],[[7181,3318],[6,2]],[[7185,3313],[-4,5]],[[8544,2448],[-1,2],[-5,2]],[[8017,2672],[2,-1],[5,-4],[6,1],[3,0],[2,-3]],[[8035,2665],[-9,0]],[[8026,2665],[-7,-1],[0,-9]],[[8026,2665],[1,-9]],[[8094,2603],[1,4],[-5,4],[-2,1]],[[8088,2612],[1,0],[9,-2],[3,-1],[2,3],[3,1],[-2,2],[1,3]],[[8024,2598],[-7,0]],[[8016,2608],[9,0]],[[8031,2598],[-7,0]],[[8927,3066],[62,5],[10,-3],[10,0],[12,-2],[2,0],[7,-1],[2,1]],[[8961,2971],[-63,0]],[[8898,2971],[0,19],[30,15],[1,9],[-5,11],[0,8],[3,3],[0,30]],[[4193,6668],[-3,-268],[-28,1],[-2,-253],[0,-3],[22,-2],[4,-2],[3,-4],[3,-2],[3,-1],[14,-1],[33,-4],[-2,-126],[-77,1],[1,-55],[43,0],[-1,-97],[237,0],[0,-318],[-277,0],[0,-135]],[[4166,5399],[-839,0]],[[3327,5399],[-142,0],[-264,0],[-22,13]],[[2899,5412],[-1,214],[-310,-2],[-293,0],[-72,-1],[-21,0],[-67,-1],[-42,0],[-18,0],[-3,1],[-111,-1],[-40,0],[-30,0],[-7,0],[-19,-1],[-6,1],[-45,0],[-11,-1],[-18,-2],[-9,0],[-18,0],[-40,1],[-45,1],[-82,2],[0,-11],[-1,-26],[1,-92],[-1,-118]],[[1590,5376],[-6,-1],[-5,-2],[-3,-1],[-7,-3],[-8,-3],[-12,-5],[-6,-1],[-6,-3],[-9,-2],[-9,-1],[-3,-1],[-8,-1],[-5,-1],[-5,0],[-7,-1],[-3,0],[-8,-1],[-3,1],[-5,-1],[-6,1],[-22,0],[-4,1],[-6,0],[-8,1],[-5,1],[-4,0],[-18,2],[-7,0],[-7,1],[-8,1],[-3,0],[-6,1],[-3,1],[-13,2],[-4,1],[-5,0],[-12,3],[-14,1],[-7,0],[-5,1],[-5,0],[-6,0],[-12,-1],[-5,-2],[-8,-2],[-12,0],[-18,-1],[-7,1],[-6,1],[-2,0],[-12,2],[-4,1],[-14,1],[-5,2],[-6,0],[-3,-1],[-9,0],[-4,1],[-10,0],[-5,0],[-6,-1],[-13,1],[-14,0],[-8,2],[-6,0],[-3,1],[-9,0],[-8,2],[-6,0],[-7,2],[-6,0],[-5,1],[-8,0],[-15,0],[-3,-1],[-4,0],[-6,-2],[-8,-2],[-5,0],[-9,1],[-5,0],[-7,0],[-6,1],[-10,0],[-1,1],[-6,-1],[-5,1],[-9,-1],[-2,-1],[-6,-1],[-3,0],[-6,-4],[-5,-1],[-7,0],[-9,0],[-10,0],[-7,-1],[-3,0],[-7,0],[-15,-1],[-10,1],[-6,0],[-10,1],[-7,0],[-13,-1],[-6,-1],[-5,-1],[-10,-1],[-14,0],[-7,1],[-6,1],[-10,-1],[-7,-1],[-7,-1],[-4,0],[-5,-2],[-10,-1],[-6,-2],[-5,-3],[-6,-2],[-8,-1],[-4,-1],[-7,-1],[-9,-1],[-15,1],[-3,0],[-5,0],[-7,0],[-12,-1],[-2,1],[-8,0],[-12,-3],[-4,0],[-2,0],[-10,-1],[-5,-1],[-6,0],[-4,0],[-9,-1],[-4,1],[-8,-2],[-8,0],[-2,0],[-12,0],[-8,0],[-9,0],[-10,0],[-8,0],[-8,0],[-13,-2],[-8,0],[-11,-1],[-8,0],[-8,-2],[-9,1],[-5,-1],[-11,0],[-7,-2],[-5,0],[-2,-1],[-6,0],[-4,-2],[-11,-1],[-10,-2],[-9,0],[-7,-2],[-6,0],[-12,-2],[-11,-1],[-10,0],[-11,-2],[-3,-1],[-17,1],[-5,-1],[-6,-1],[-9,-2],[-7,-1],[-10,1],[-7,-2],[-9,-1],[-7,-1],[-3,0],[-5,-2],[-7,0],[-7,0],[-16,-1],[-6,0],[-5,-2],[-5,0],[-12,-1],[-10,0],[-4,-1],[-6,0],[-17,-3],[-10,-1],[-7,-2],[-6,-1],[-6,-1],[-14,0],[-10,-1],[-9,0],[-8,-1],[-10,0],[-5,-2],[-19,-2],[-7,-1],[-8,-2],[-2,0],[-11,-5],[-12,-2],[0,210],[0,61],[0,494]],[[0,6048],[79,11],[344,35],[0,5],[6,0],[1,-4],[174,18],[131,14],[426,47],[-1,9],[18,2],[2,-9],[473,55],[262,31],[170,20],[27,28],[47,83],[0,20],[0,0],[1,-20],[-48,-83],[-26,-28],[103,13],[119,2],[22,0],[37,8],[3,0],[5,-1],[14,-3],[8,-4],[11,-1],[5,1],[9,0],[4,-1],[11,-2],[10,-4],[9,0],[3,-2],[6,1],[5,-2],[6,0],[4,3],[6,2],[7,2],[8,-2],[5,0],[6,-1],[6,2],[3,0],[30,-7],[7,-1],[4,1],[5,3],[8,1],[3,-1],[8,-4],[4,-3],[9,1],[7,-3],[5,-1],[7,-4],[2,-2],[7,-4],[12,-3],[5,-2],[3,-1],[5,1],[4,2],[11,0],[5,-1],[13,-1],[8,-2],[8,2],[3,-1],[9,2],[5,3],[8,2],[2,0],[8,1],[2,0],[8,1],[7,2],[6,-1],[6,4],[4,0],[6,-1],[19,3],[11,-1],[18,1],[10,-1],[9,4],[5,-1],[3,1],[8,-1],[5,1],[34,-3],[12,-5],[5,0],[13,-1],[8,-2],[9,1],[7,-2],[5,1],[18,-4],[7,-3],[6,-2],[9,-1],[4,-1],[7,0],[4,-1],[4,0],[9,-2],[3,-1],[6,-1],[5,0],[9,-2],[1,3],[5,-1],[-1,-3],[8,-2],[14,-3],[4,-4],[5,-2],[5,-4],[5,-1],[5,-2],[7,-2],[3,0],[3,1],[8,1],[9,-5],[4,-2],[3,-1],[6,0],[5,-2],[6,2],[3,0],[4,-2],[10,-1],[3,-1],[5,-3],[2,-3],[3,-1],[5,-1],[10,-5],[6,-2],[3,-1],[7,2],[5,-1],[10,1],[7,-1],[3,1],[17,-1],[6,3],[9,1],[5,-1],[13,4],[9,-1],[5,-1],[4,0],[7,-2],[18,0],[5,-1],[1,69],[-4,0],[-1,341],[0,63]],[[4592,4832],[0,-55]],[[4592,4777],[-51,10],[-5,2],[0,-6],[1,-5],[-1,-5],[0,-2],[-25,-1],[0,-18],[-28,-3],[-8,0],[-1,-11],[5,-10],[1,-5],[6,-12]],[[4486,4711],[-79,0]],[[4404,4952],[188,0],[0,-99],[0,-21]],[[8342,2947],[-33,9]],[[8309,2956],[-21,6]],[[8352,2999],[-10,-6],[3,-1]],[[7594,3902],[-3,0],[-7,8],[-16,7],[-21,8]],[[7539,3953],[15,0]],[[7554,3953],[55,1]],[[8232,2238],[-1,4],[3,3],[2,-2],[4,0],[0,11],[7,0],[-3,9],[7,-1],[3,6],[11,1]],[[7952,2470],[-1,2],[-2,1],[3,7],[-1,1],[-1,12]],[[7950,2493],[-1,12]],[[7949,2505],[3,0]],[[7888,2431],[-2,6],[3,5]],[[1465,7189],[-3,-26],[-7,5],[-3,0],[-7,-2],[-14,1],[6,21],[28,1]],[[8201,2575],[14,-5],[2,-5],[0,-2],[15,-4],[-1,-3],[14,-2],[3,-10]],[[8035,2665],[3,0]],[[7246,5103],[-5,-6]],[[7241,5097],[-32,29],[-6,5],[-2,0],[-11,2],[-7,-3],[-8,14],[0,1],[-6,13],[-81,-1],[-123,0],[-14,-6],[-14,0],[2,-5]],[[7955,2523],[-7,0]],[[7948,2523],[-2,18]],[[9824,177],[0,-12]],[[9824,165],[0,-13],[4,0]],[[9828,152],[0,-6],[2,0],[2,-6],[0,-4],[8,0],[0,-12]],[[9766,3173],[-3,-1],[1,-4],[-2,-2],[-4,-2],[2,-3],[3,1],[3,-1],[0,-3],[-3,-1],[-3,1],[-4,-1],[-1,-7],[1,-3],[-1,-3],[-4,0],[-5,5],[-8,1],[-6,3]],[[9711,3238],[20,-23],[1,-2],[14,-16]],[[9746,3197],[19,-23],[1,-1]],[[7913,2380],[-7,0]],[[7906,2380],[-1,8]],[[7905,2388],[5,1],[3,3]],[[7926,2396],[0,-3]],[[7936,2451],[7,6],[3,7]],[[7946,2464],[2,2],[4,4]],[[7952,2469],[1,-9]],[[7953,2460],[0,-8]],[[8781,2644],[3,0]],[[6574,6207],[1,-1],[14,0],[-1,16],[-7,0],[-2,3],[-5,-1],[1,-4],[-2,-4],[0,-3],[1,-6]],[[8098,2787],[3,0],[7,-1],[5,0],[2,-1],[8,2],[4,3],[10,2]],[[8137,2792],[1,-3],[4,0],[5,-10],[3,-5]],[[8150,2774],[-6,-7],[-1,-9]],[[7954,2434],[3,0],[2,5],[4,4],[5,5],[7,0],[-1,5],[11,0],[0,2]],[[8394,4287],[-29,0]],[[5357,8695],[0,6],[1,1],[-3,5],[10,4],[-3,6],[7,0]],[[7988,4465],[19,0],[0,7],[-9,22],[7,0],[2,1],[16,3],[10,0],[4,19],[4,8],[3,6]],[[8141,4531],[12,0]],[[7976,4378],[11,13]],[[7922,2709],[0,-7]],[[7922,2702],[-4,-1],[-3,2],[-10,0]],[[7905,2703],[-1,3]],[[7915,2710],[7,-1]],[[7947,2668],[6,-6]],[[7945,2661],[-7,0]],[[7938,2661],[-3,-1],[3,7]],[[7897,2720],[6,8],[8,5],[7,1],[7,-3],[2,-4],[-2,-7],[-3,-11]],[[9407,3212],[-8,2],[-10,8],[-5,2],[-8,2],[-3,0],[-9,-5],[-4,-4],[-2,0],[-14,5]],[[9344,3321],[115,1],[0,-65],[13,9],[3,2],[27,-12],[56,1]],[[7984,2623],[0,3]],[[7984,2626],[3,-2]],[[7955,3223],[-1,-14],[12,-30]],[[7987,3128],[-8,-2],[-9,0],[-2,-12],[-1,-2],[1,-4]],[[7905,3103],[-13,53],[-1,3]],[[9523,1127],[0,10]],[[9523,1306],[17,2],[3,-3],[5,-2],[6,0],[8,-2],[3,-1],[6,-2],[8,-1],[13,1],[8,-1],[3,-2],[4,0],[9,2],[4,0],[5,-3],[10,-4],[9,2],[2,2]],[[9673,1297],[0,-38],[0,-27],[0,-23],[0,-6],[0,-17],[0,-31]],[[9673,1155],[0,-20]],[[7934,2255],[-4,1],[-3,2],[1,3],[3,3],[-1,5],[-3,1]],[[7927,2270],[5,1],[3,1],[7,6],[7,-1],[4,1],[2,2],[6,3],[1,2]],[[7962,2285],[13,-6],[-4,-3],[4,-4],[-3,-1],[8,-9],[-5,-4],[3,-1]],[[8926,3102],[1,-36]],[[8898,2971],[-50,0],[-17,1]],[[5292,3919],[89,0],[34,1],[86,0]],[[5501,3920],[0,-46],[0,-83]],[[5501,3791],[0,0],[-86,0],[0,-5],[-13,0],[-2,0],[-10,-1],[-8,0],[-16,0],[-34,35],[-7,2],[-1,3],[-53,-13],[0,0]],[[8520,2458],[-4,1],[-17,3],[-29,2]],[[8472,2499],[1,34],[2,8],[2,0]],[[8487,2582],[-6,1],[-11,-1]],[[8470,2582],[-4,0],[-3,1],[-5,5],[-4,7],[-3,0],[-4,3],[-3,-1],[-5,2],[-6,2],[-4,1]],[[8429,2602],[-3,0],[8,52],[0,0],[6,42]],[[7181,4729],[0,-108],[-1,-38],[1,-117],[-21,1]],[[6931,4886],[59,-5],[37,-3],[2,-6],[105,-6],[-3,-36],[-5,0],[-2,-100],[57,-1]],[[5832,4074],[30,0],[13,0],[4,-1],[19,-26],[31,0],[0,-1],[36,-11],[32,-3],[0,-4],[44,0]],[[6041,4028],[0,-20]],[[7992,2527],[-1,18]],[[8053,2688],[-5,0]],[[8032,2691],[13,14]],[[8032,2691],[-9,5]],[[8023,2696],[13,14]],[[8036,2710],[9,-5]],[[8054,2675],[-12,-1]],[[8100,2670],[3,3],[2,0],[3,-5],[4,2],[2,0]],[[8043,2644],[1,4],[3,2],[3,-2]],[[8023,2718],[13,-8]],[[8023,2696],[-1,-2]],[[8010,2704],[13,14]],[[7992,2728],[2,1],[5,0],[4,1]],[[8003,2730],[20,-12]],[[5289,5923],[1,110],[7,11],[0,8],[-7,10],[-1,81],[-17,2],[13,118],[3,15],[1,22],[7,60],[-20,1],[3,37]],[[5971,6414],[70,-1],[67,0],[6,-2],[10,2],[125,-1],[29,-1],[3,2],[1,-2],[14,0],[4,1],[25,2],[1,1],[14,-2],[1,-1]],[[8006,2750],[20,-12]],[[8026,2738],[-7,-2],[-4,0],[-1,-1]],[[8014,2735],[-7,-3],[-4,-2]],[[7181,3318],[-4,-1]],[[7175,3326],[1,3],[6,5],[4,-3],[1,1],[7,-6]],[[8414,4531],[75,0],[82,1],[54,0],[0,-100]],[[7709,2056],[5,3],[7,1],[4,3],[4,-1],[1,2],[6,3],[-4,3],[0,2],[3,3],[1,3],[-2,5],[2,2],[3,0],[1,1],[-8,12]],[[7782,2092],[1,0],[15,0],[7,-9],[4,-1],[7,8],[3,2],[4,5],[2,-1],[9,0],[5,1],[7,0]],[[7846,2097],[1,-4],[2,-5],[-4,-6],[-2,0],[-6,0],[-4,4],[-6,0],[-1,-2],[0,-3],[-2,-3],[-5,-3],[3,-2],[1,-3],[3,-2],[4,-4],[-1,-3],[3,-3],[0,-3],[2,-3],[0,-5],[0,-5]],[[7834,2042],[-22,0]],[[7812,2042],[-1,3],[3,2],[-4,2],[-23,0],[0,2],[-14,0],[-6,-3],[-6,-1],[1,-3],[-35,0]],[[7716,2999],[-3,0]],[[7713,2999],[-2,11],[-5,11]],[[7706,3021],[6,1],[5,-14],[2,-1]],[[9817,2449],[0,-19],[1,-1],[0,-79],[0,-17],[0,-6],[-1,-12],[1,-1],[0,-29],[0,-96],[12,0],[-2,-7],[-3,-5],[-2,-4],[-7,-5],[-2,-6],[-8,-11],[-1,-2],[-9,-13],[-2,-3],[1,-6],[-2,-5],[-3,-4],[7,-17],[0,-8]],[[9786,3213],[2,2],[3,0],[8,-5],[8,2],[2,2],[2,5],[-3,5],[-3,0],[-2,-3],[-2,-1],[-9,1],[-2,3],[1,4],[4,2]],[[9795,3230],[7,2],[9,4],[2,3]],[[9839,3213],[-3,1],[3,-5]],[[8198,2365],[0,-3],[-1,-4],[-3,-4],[-6,-1],[2,-3],[-9,0],[-3,-2],[-4,0],[-4,-3],[-1,-5],[-5,2],[-1,-7],[6,-1],[-11,-5]],[[7953,2552],[7,0]],[[8011,2577],[-1,5],[-7,0],[0,5]],[[8352,4113],[0,99],[0,9],[1,62],[-1,4]],[[6887,1895],[-2,-3],[-1,-11],[-8,4],[-5,0]],[[9374,2000],[-65,0]],[[7062,2743],[0,2]],[[9711,2838],[90,0],[41,0]],[[9842,2838],[1,-17]],[[7985,2526],[-1,9],[-2,3],[0,6]],[[7391,3290],[-46,-2]],[[7334,3343],[18,8],[6,0],[19,2],[14,7],[0,14]],[[7391,3374],[30,0],[21,11]],[[9570,2838],[-38,22],[18,0],[0,37],[9,1],[-1,25],[13,0],[-2,23]],[[9669,2939],[1,-2],[7,-4],[3,-4],[3,-20],[2,-1],[-5,-13],[-5,0],[0,-15],[-8,-1],[-5,0],[0,-41]],[[9633,2838],[-63,0]],[[8025,2619],[3,3]],[[8037,2620],[-7,-1],[0,-1]],[[8038,2614],[-5,0],[-3,1]],[[9050,2187],[-1,52],[0,4],[0,24],[4,-1],[3,1],[9,2],[10,-3],[0,31]],[[9075,2156],[-25,0],[0,31]],[[5555,2899],[6,0],[37,-3],[20,6]],[[5635,2846],[-10,0]],[[9968,2670],[0,-24],[0,-49],[0,-66]],[[8481,3262],[2,-4],[2,-7],[-3,-10],[0,-19],[1,-2],[-3,-2]],[[7863,4399],[0,21]],[[7973,4290],[-3,-8]],[[7970,4282],[-5,-4],[0,-3],[-5,-3],[-11,-1],[-4,-1],[-4,0],[-3,0],[-4,0],[-3,-1],[-2,-2],[-4,-2],[-9,1],[-2,0],[-6,2],[-2,0],[-6,-3],[-4,-5],[-2,-3],[-3,-3],[-2,-4],[2,-8],[-28,0]],[[7305,1858],[1,2],[5,-3],[-1,-2],[-5,3]],[[7362,1829],[-7,0],[-9,2],[-12,1],[-4,-1],[-5,1],[-1,-1],[-20,1],[-7,0],[-4,0],[-2,-2],[-3,2],[-4,0]],[[7286,1855],[4,-1],[-2,-7],[2,-5],[2,-3],[2,0],[5,2],[0,2],[-5,1],[-2,2],[2,2],[3,0],[7,3],[0,3],[4,2],[5,-5],[1,-1],[6,-2],[6,-1],[2,2],[8,4],[0,4],[5,-3],[-1,7],[-3,3],[-3,0],[-5,2],[-3,0],[-3,-1],[-5,1],[-2,-1],[-6,3],[-1,-3],[-3,-2],[-5,3],[-2,6],[0,4],[9,0],[4,2]],[[7312,1878],[9,0]],[[9520,110],[-6,-1],[0,4],[-2,1],[-5,0],[-1,1]],[[8001,2778],[-14,15]],[[7987,2793],[13,8],[4,2],[4,1],[8,0]],[[7987,2793],[14,23],[-9,5],[5,7],[-2,1],[-1,11]],[[7431,1942],[6,-1],[5,2],[1,1],[5,0],[0,-2],[4,-2],[6,0]],[[7941,2649],[-3,2]],[[7933,2654],[0,3],[5,1],[0,3]],[[7946,2654],[-4,0],[-1,-5]],[[9974,612],[0,-28],[1,-89]],[[3508,5229],[0,-59],[1,-69]],[[3509,5101],[0,-72],[0,-19]],[[3509,4870],[-5,2],[-4,2],[-6,3],[-7,3],[-7,2],[-12,1],[-5,0],[-7,-2],[-3,-2],[-3,-7],[0,-3],[2,-1],[5,0],[-4,-7],[-3,-1],[-3,0],[-3,-2],[-2,-3],[-3,-3],[-2,0],[1,3],[2,1],[2,5],[-4,5],[3,3],[2,0],[2,1],[3,5],[-4,7],[-4,6],[-13,13],[-6,5],[-7,6],[-9,7],[-9,5],[-6,4],[-8,5],[-5,4],[-11,4],[-8,2],[-7,5],[-14,7],[-3,0],[-1,-3],[-5,-1],[-3,-3],[-4,-4],[2,-2],[0,-2],[-3,-2],[-6,-1],[1,4],[2,2],[-4,5],[3,3],[0,5],[-6,8],[-9,6],[-12,7],[-2,2],[-3,0],[-7,0],[-1,1],[-7,4],[-2,3],[-5,3],[-12,4],[-1,3],[-9,6],[-2,2],[-4,3],[-6,4],[-5,3],[0,1],[-7,4],[-2,3],[-3,-1],[-7,7],[-21,12],[-18,9],[-18,8],[-13,4],[-2,0],[-13,4],[-7,-1],[-1,-4],[-4,1],[-8,-1],[-4,1],[-2,-2],[-4,2],[-4,-1],[0,2],[-4,0],[-3,-1],[-2,2],[-6,1],[-3,-4],[-2,1],[-3,-3],[-3,1],[-6,-1],[-2,2],[-3,-2],[-1,2],[-1,3],[-2,3],[-3,-1],[-5,3],[-1,-1],[-12,4],[-18,4],[-11,2],[-19,1],[-16,1],[-18,-2],[-15,-3],[-8,-2],[-7,-1],[-12,-3]],[[2899,5229],[57,0],[66,0],[75,-1],[102,0],[103,0],[26,1]],[[3328,5229],[180,0]],[[8370,2985],[2,3],[8,-2],[3,1],[6,-1],[5,2],[7,-2]],[[8060,3423],[-31,-6],[1,-2],[-5,-1],[0,2],[-11,-1]],[[8014,3415],[-1,4],[0,4],[2,1],[0,4],[-3,8],[1,3],[5,1],[-1,2]],[[8017,3442],[21,4],[0,1]],[[8038,3447],[3,-1],[3,0],[4,-2]],[[4437,4573],[-2,-24],[20,-1],[1,0],[29,-1],[25,-1],[23,-1]],[[4533,4478],[-83,0],[-1,-14],[-33,0]],[[4416,4464],[-9,1]],[[4407,4465],[2,4],[1,6],[-4,6],[-6,1],[-3,6],[0,5],[-1,5],[1,1],[0,11],[-1,9],[-3,12],[-2,6],[-5,11],[-6,12],[-7,8],[-7,6],[-2,3]],[[8239,4243],[0,-36]],[[8239,4207],[-22,-2],[-27,-3],[-4,-2],[-4,0],[-12,-2],[7,18],[4,27],[-1,0]],[[7919,2680],[0,-3]],[[7359,3120],[45,0]],[[9202,1323],[0,0],[0,12],[2,5],[-2,4],[0,37],[0,70],[0,48]],[[9374,1499],[0,-23],[0,-45],[-3,-5],[3,-2],[0,-46],[0,0],[0,-55]],[[4486,4711],[91,0]],[[4577,4711],[-2,-28],[-1,0],[-2,-35],[-1,-27],[21,0]],[[4592,4621],[0,-23]],[[8328,2456],[-6,0],[-4,-1],[-4,4],[-3,0],[-10,-2],[-3,-4],[-2,-4],[-4,-5]],[[8292,2444],[-2,-3]],[[8290,2441],[-4,2],[2,3],[-2,5],[-4,5]],[[8286,2802],[-2,2],[-4,4],[1,3],[1,6],[-2,2],[0,3],[-3,9],[-1,5],[-2,2],[2,3],[-2,2],[0,5],[-3,3],[0,5]],[[8282,2870],[3,-1],[2,-2],[5,1],[5,-3],[2,0],[3,5],[4,14],[0,1]],[[8095,2562],[13,-1]],[[8108,2561],[2,-1],[3,2],[2,-2],[3,0],[0,4],[2,-1]],[[8116,2550],[1,-2],[-3,-1],[-5,1]],[[4502,4369],[1,3],[-39,1],[-1,31],[-25,-5],[-8,-2],[-16,-2],[-10,-3],[1,1],[8,13],[2,7],[-1,8],[-1,11],[-2,8],[1,7],[2,3],[-1,8],[1,4],[2,2]],[[9853,3168],[2,-2],[7,-4]],[[9862,3162],[6,-6],[3,-2],[6,-2],[2,-6],[0,-20],[-56,0],[-2,-7],[-3,-20]],[[9766,3173],[2,-1],[2,-4],[4,-1],[3,4],[3,1],[0,3],[-2,1],[-1,4],[1,2]],[[4592,4742],[0,-31],[-15,0]],[[4592,4777],[0,-35]],[[8481,3926],[0,103]],[[8625,4114],[1,-88],[0,-40],[0,-60]],[[9969,1501],[0,-77]],[[9969,1424],[-6,1],[-11,9],[-1,1],[-62,10],[-19,-3],[-1,0]],[[9846,1501],[123,0]],[[7382,2847],[-17,-1]],[[7363,2882],[3,25],[6,6],[8,6],[7,4],[10,2],[5,1]],[[7402,2926],[0,-12],[-2,-6],[0,-10],[1,-1],[-7,-12],[0,-3]],[[5542,4164],[0,105],[-53,0],[2,-13],[3,-8],[-20,0],[0,21],[-76,-1]],[[5398,4268],[0,40],[0,27],[0,19],[-1,1]],[[6042,4092],[-1,-64]],[[8047,3002],[0,-5],[-1,-13]],[[8046,2984],[-10,3],[-14,1],[0,-15]],[[8022,2973],[-52,21]],[[9004,983],[8,6],[5,7]],[[9017,996],[4,-2]],[[9021,994],[-6,-11],[-2,1],[-4,-1],[-3,-1],[-2,1]],[[9968,2193],[-1,-99]],[[9968,2450],[0,-109],[0,-115],[0,-33]],[[7554,4005],[0,-52]],[[7425,3956],[19,21],[0,28]],[[7444,4005],[61,0]],[[7505,4005],[34,0]],[[9852,343],[1,5],[-3,0],[0,3],[-2,0],[0,23]],[[9974,374],[0,-12],[0,-15],[0,-9],[-1,-29]],[[7959,2565],[-7,-4]],[[7967,2569],[-8,-4]],[[7959,2565],[1,-13]],[[5751,2867],[6,-6],[2,-1],[3,0],[5,3],[3,-2],[4,1],[1,-3],[-2,-1],[0,-5],[3,-3],[-3,-7],[2,-2],[2,-12],[-4,0],[-4,3],[1,3],[-2,2],[0,3],[-2,2],[-8,3],[1,6],[-4,3],[-8,2],[-5,1]],[[5791,2877],[0,3],[1,3],[-1,2],[-5,5],[0,6],[5,0],[3,-1],[3,-5],[-2,-2],[0,-3],[3,-2],[-2,-2],[1,-2],[-4,-4],[-2,2]],[[5819,2865],[-1,-3],[-3,1],[2,2],[2,0]],[[7315,4206],[1,-5],[3,-4],[-2,0],[-3,2],[-3,2]],[[7311,4201],[-1,5],[5,0]],[[8351,3327],[4,-3],[5,1],[6,-1],[23,-4],[20,0]],[[6956,2968],[3,4],[2,0],[1,5],[3,1],[0,4],[2,1],[9,-5],[1,-3],[-2,-9],[3,-2],[-1,-5],[4,-5],[-5,-3],[-3,-4],[-2,-11],[-3,-3],[1,-4],[-2,-2],[-5,1],[-4,-2],[-5,3],[-5,1],[1,3],[-1,2],[1,5],[0,6],[-2,1],[0,3],[-2,3],[2,10],[3,-1],[6,6]],[[7115,3033],[1,-52]],[[7116,2981],[-12,-5],[-13,-8],[-22,0]],[[7069,2968],[-1,6],[1,2],[-2,10],[-2,3],[1,2],[3,3],[0,2],[-2,5],[-3,5],[-3,1],[-8,6],[-3,0],[-3,-2],[-5,-1],[-4,-3],[-4,-5],[-2,-8],[-1,-2],[-1,-5],[-3,-4],[-6,-6],[-1,-2],[-4,2],[-2,4],[-4,5],[0,4],[-1,3],[2,5],[3,0],[6,3],[4,3],[2,4],[3,4],[0,3],[2,2],[2,6],[1,3],[1,4],[0,4],[1,3],[6,1],[3,-3],[6,-1],[6,3]],[[6843,2617],[6,0],[8,1],[9,2],[4,4],[3,0],[4,-2],[3,1],[7,2],[7,1],[3,-2],[3,0],[6,-3],[2,-5],[4,-8],[4,-5]],[[6916,2603],[-4,-6],[1,-3],[10,-9],[8,-12],[1,-9]],[[6932,2564],[-3,0],[-86,26]],[[6843,2590],[0,27]],[[6998,2583],[0,-11],[-57,-9],[-4,0],[-5,1]],[[6916,2603],[1,-2],[5,-3],[5,-2],[4,-1],[9,0],[9,1],[4,0],[1,-2],[3,-1],[1,-7],[3,-4],[3,-2],[8,-3],[5,-1],[7,2],[10,3],[4,2]],[[5501,3791],[28,0]],[[8038,3447],[-7,24]],[[8031,3471],[6,1],[4,-1],[2,3]],[[8079,3472],[4,-13],[1,-2],[1,-2]],[[8641,2043],[-4,0]],[[8641,2150],[4,-7],[10,-1]],[[8604,2547],[-1,4],[1,8],[3,6]],[[8607,2565],[28,0]],[[8625,2530],[-3,3],[-13,10],[-5,4]],[[8607,2565],[-1,5],[-2,2],[-4,1],[-7,-1],[-13,-5]],[[8580,2567],[-8,-3]],[[9846,1389],[7,0],[11,-3],[13,-1],[6,1],[0,-22],[0,-16],[22,0]],[[9823,1292],[-1,31],[-21,0]],[[9209,3319],[79,1]],[[9210,3221],[0,45]],[[5703,2917],[28,-1]],[[5759,2896],[-2,-4],[-5,-7],[-1,-4],[-1,-5]],[[8019,2675],[-2,-3]],[[7564,1816],[-5,-5],[-5,-3],[-3,0],[-2,-4],[-3,-2],[-1,-5],[-2,-2],[-5,-1],[-1,-2],[-6,-3],[-3,1],[-12,0],[-7,2],[-3,2],[-3,3],[-11,5],[-5,2],[-5,0],[-4,-1],[-2,2],[1,2],[-3,2],[-4,2]],[[7470,1811],[3,7],[1,1],[1,9],[-5,9],[-2,2],[-2,7],[-3,3],[0,2]],[[7538,1857],[20,-5],[-1,-9],[7,0],[-1,-27],[1,0]],[[7921,2659],[-5,-4]],[[7916,2655],[-1,5],[-3,0]],[[7912,2662],[0,4],[7,3],[2,5],[1,6],[1,3],[4,7],[0,5],[8,-2]],[[7927,2664],[-2,-1],[0,-3]],[[7603,3270],[-4,-1],[4,-3],[0,-9],[-26,0],[-2,-1]],[[7575,3256],[-3,1],[-11,-1],[-7,-6],[-2,-6],[-1,-2]],[[7559,3295],[6,1],[4,-2],[3,-5],[21,0],[3,-1]],[[7323,4629],[6,-3],[1,0],[6,-3],[3,0],[6,4]],[[7345,4627],[1,-7],[-1,-2],[-1,-5],[-2,-2],[-4,-10],[-3,-9]],[[7335,4592],[-7,1],[-10,6],[1,-2],[-8,-1],[-2,2],[-3,0]],[[7306,4598],[-1,6],[-1,0],[-8,8],[-1,5],[7,4],[3,2],[1,6],[-3,5]],[[7303,4634],[6,1],[3,0],[4,-2]],[[7289,4442],[0,-2],[0,-5],[2,-1],[0,-7],[10,1],[3,2],[4,2],[1,1],[4,0],[4,-1],[1,-4],[3,-1],[-1,-2],[2,-3],[2,-2],[3,0],[5,-5],[2,-6],[5,-5],[0,-6],[-6,-3],[-1,-5]],[[7181,4729],[117,1],[1,-3],[2,-2],[0,-2],[-5,-7],[-4,-5],[2,-3],[0,-2],[-4,-3],[-1,-4],[2,-7],[-4,-2],[0,-2],[1,-5],[-2,0],[2,-3]],[[7288,4680],[-1,-2],[6,-4],[-1,-8],[3,-2]],[[7295,4664],[5,-5],[0,-3],[-3,-2],[-2,-5],[-3,-4],[0,-2],[2,-5],[7,-6],[0,-6],[-1,-3],[-4,-4],[-4,-1],[-1,-3],[0,-3],[6,-8],[2,-2],[-1,-2],[-5,-6],[-1,-4],[-2,-3],[-1,-4]],[[7294,4248],[1,-8],[8,-12],[6,-7],[3,-7],[2,-2],[1,-6]],[[7311,4201],[-10,0],[-4,3],[-2,-1],[1,-4],[-10,0],[-14,3],[-7,1],[-1,3],[-3,5],[-3,2],[-1,4],[-6,1],[-3,3]],[[7457,3720],[2,1],[6,0],[3,-2],[2,3],[0,3],[3,0],[-1,3],[1,2],[5,1],[0,3],[-1,3]],[[7532,3637],[-4,2],[-47,4],[-20,0],[5,-11],[14,-23],[0,-34],[1,-22]],[[7380,3581],[0,4],[11,10],[2,1],[32,53],[1,23],[8,5],[4,9],[-3,0]],[[7435,3686],[2,3],[-1,3],[1,2],[2,12],[4,8],[1,6],[-1,12]],[[7444,4019],[0,-14]],[[7369,3941],[-3,4],[-2,-1],[-4,0],[-8,6],[-5,6],[-2,2],[-4,6],[-1,4],[0,7],[1,4],[3,3],[4,1],[5,6],[-5,3],[2,5],[2,5],[2,5],[2,2],[2,3],[1,7],[3,5],[5,0],[2,-1],[1,-3],[5,2],[-3,5],[2,4],[6,3],[4,2],[4,2],[5,3],[4,2],[5,1],[6,2],[2,3],[5,2],[2,0],[3,2],[3,0],[1,-5],[8,0]],[[7432,4048],[12,0]],[[7444,4048],[0,-29]],[[8081,2109],[-7,-4],[0,-3],[2,-1],[-3,-5],[-5,0],[-1,-4],[-5,1],[-12,0]],[[7905,2847],[17,0],[6,-10]],[[7860,2809],[-1,2],[-3,2],[-1,3],[4,5],[1,4],[4,-1],[4,0],[-1,4],[-2,3],[-8,14]],[[7584,4221],[-2,1],[-5,-3],[0,-3],[-2,-2],[2,-2],[-4,-3],[-6,0],[-4,-4],[0,-21],[2,-1],[3,-5],[-6,2],[-19,1],[11,-31],[-17,-9],[-6,-1]],[[7527,4139],[-5,8],[-1,6],[-8,13],[-4,3],[-12,7],[-12,4],[-2,-1],[-5,1],[-5,2],[-5,-1],[-9,7],[-2,2],[1,5],[4,9],[-2,1],[1,5],[-2,2]],[[6514,3532],[-9,-1],[-8,-1],[-3,-5],[-5,-2],[-3,-4],[-6,-5],[-1,-8],[-7,1]],[[7113,3286],[3,7],[1,4],[0,6],[1,1],[5,1],[3,4],[1,3]],[[7396,2805],[-14,1],[-6,0]],[[7415,2847],[0,-5],[-5,-6],[-8,-5],[0,-3],[-3,-7],[0,-3],[-5,-5],[2,-8]],[[4665,4078],[38,0]],[[4775,4079],[-5,-6],[-4,-4],[0,-4],[-13,-15],[3,-2],[-3,-2]],[[4753,4046],[-2,3],[-4,3],[-4,1],[-8,0],[-3,2],[-4,2],[-5,3],[-3,2],[-8,0],[-8,-2],[-10,1],[-2,0],[-11,6],[-2,1],[-9,6],[-5,4]],[[5710,2797],[0,-9],[-1,-6],[0,-8],[1,-2],[4,-3],[6,-1],[10,2],[6,-6],[-2,-6],[-6,-3],[1,-3],[3,-4],[6,0],[3,2],[-1,-6],[-7,-2],[-3,-6],[-5,-1],[-3,-5],[-4,-1],[-2,4],[1,3],[0,5],[-6,3],[-3,0],[-5,-1],[-15,-12]],[[5721,2721],[3,3],[1,3],[3,2],[2,-1],[0,-3],[-5,-4],[-4,0]],[[9803,5],[-6,0]],[[9797,5],[0,1],[-5,1],[-5,-1],[-3,-2]],[[9784,4],[-5,3],[-8,0],[-7,2],[-3,0],[-11,-2],[-7,-2],[0,-2],[-4,1],[-4,1],[-4,-1],[-4,0],[-6,-2],[-3,1],[-3,-1],[-2,3],[-4,2],[-8,6],[0,2],[-3,3],[-7,1],[-3,1]],[[7148,2429],[-4,2],[-5,4],[-7,2],[-6,4],[-7,1],[-8,1],[-6,0],[-3,1],[-4,0],[-5,-4],[-3,-1],[-5,1],[-7,6],[-16,6],[-7,2]],[[7055,2454],[1,9],[7,1],[15,-8],[2,-1],[23,8]],[[7103,2463],[13,4],[1,2],[9,-1],[8,3],[6,1],[11,5]],[[6031,3377],[46,0]],[[6077,3377],[49,1],[31,0],[43,0],[1,0],[43,0]],[[6244,3372],[-6,-2],[-16,-5],[-10,-2],[-8,-1],[-5,-1],[-4,-4],[-2,0],[-3,-4],[-11,-7],[-6,-3],[-2,-4],[-3,-2],[-5,-5],[-6,-4],[-2,-2],[-7,-5],[-5,-6],[-5,-2],[-5,-4],[-4,-5],[0,-4],[-2,-3],[0,-4],[-3,-3],[-4,-4],[0,-2],[2,-2],[1,-3],[-2,-4],[0,-4],[5,-4],[-2,-3],[-5,-5],[-1,-3],[-1,-1],[0,-3],[-4,-3],[-2,-2],[-4,-3],[1,-2],[-3,-3],[-1,-3],[2,-3],[-4,-2],[0,-5],[-2,-1],[0,-5],[1,-2]],[[7904,2411],[-5,0],[-5,-2],[-1,3],[-3,-1],[2,-4],[-3,-6]],[[7889,2401],[-2,8],[0,4],[-1,3],[0,3]],[[7886,2391],[-1,3],[0,5],[4,2]],[[7904,2405],[0,-6],[-5,0],[-1,2],[-5,3],[1,-13]],[[7894,2391],[-8,0]],[[7335,4592],[20,-4],[20,-12],[2,-2],[8,-11]],[[7385,4563],[9,-14],[1,0],[12,-16]],[[7407,4533],[-33,0],[-17,0],[-1,0]],[[7356,4533],[-2,12],[5,2],[-3,5],[-2,3],[-3,2],[-2,2],[-3,2],[-6,1],[-1,-1],[-5,1],[-2,-1],[-6,1],[-6,1],[-5,3],[0,3],[-1,10],[3,1],[1,2],[-1,3],[-6,4],[-2,-1],[-6,1],[-1,2],[2,6],[2,1]],[[7505,4070],[3,-2],[0,-7],[1,-2],[0,-3],[-2,-7],[1,-3],[2,-2]],[[7510,4044],[-2,-4],[4,-1],[0,-2]],[[7512,4037],[-11,1]],[[7501,4038],[-1,0]],[[7500,4038],[0,19],[0,8],[-1,5],[6,0]],[[7512,4037],[13,-2],[2,0]],[[7505,4005],[3,4],[-2,9],[-6,3],[0,5]],[[7500,4026],[0,9],[1,3]],[[7432,4048],[6,2],[4,6],[3,6],[2,2],[6,-1],[5,-2],[1,-2],[4,2],[-4,6],[3,1],[6,0],[3,1],[2,3],[5,3],[9,1],[2,3],[3,2],[5,5],[4,1],[2,-2],[0,-3],[-2,-1],[-1,-3],[-2,-2],[7,-6]],[[7500,4038],[-34,0],[0,10],[-22,0]],[[7087,2846],[15,0]],[[7071,2780],[2,16],[0,9],[2,3],[0,4],[2,4],[2,1],[2,3],[4,10],[1,9],[1,7]],[[7116,2981],[0,-13]],[[7116,2968],[3,-11],[10,-39],[0,-13]],[[7129,2905],[-39,0],[-4,-1],[-3,1],[-6,-2]],[[7077,2903],[-6,7],[-1,6],[-1,3],[-2,2],[1,1],[-3,9],[-5,5],[-1,7],[0,2],[3,0],[3,9],[1,2],[1,8],[2,2],[0,2]],[[7341,2661],[-5,4],[-6,9],[-21,-1]],[[7309,2673],[33,39],[-6,9],[-5,14],[4,0],[0,10]],[[7371,2779],[0,-2],[21,0]],[[7392,2777],[-4,-9],[1,-3],[-2,-6],[-1,-5],[1,-5],[-2,-6],[-3,-8],[3,-3],[-6,-2],[0,-5],[2,-2],[3,-1],[-1,-2],[-8,-7],[-1,-3],[-2,-4],[-8,-6],[-1,-2],[-6,-5],[-1,-3],[-2,-4],[-2,-4],[-2,-9],[-1,-3],[-3,-1],[-4,-6],[-1,-2]],[[7679,3148],[-2,7],[-1,2],[-3,4],[-8,2],[-1,12],[-12,0],[2,-17],[-17,1],[-4,-17]],[[7633,3142],[-4,-1],[-2,0],[-6,3],[-2,4],[2,3],[8,1],[3,2],[0,3],[2,3],[1,5],[1,4],[-1,1],[1,4],[-1,4],[-2,4],[1,4],[-3,0],[-2,3],[1,4],[-11,15],[-4,1],[-5,2],[0,3],[-3,3],[0,2],[-1,2],[-4,3],[0,2],[-4,4],[-2,1],[-4,6],[-3,1],[-1,2],[-2,2],[-1,6],[-2,3],[-8,5]],[[7874,2316],[5,3],[2,5],[1,9]],[[7458,3121],[0,17],[1,0],[-1,20]],[[7500,3158],[-1,-4],[-1,-4],[17,-19],[0,-3],[-1,-4],[-2,-8],[-2,-5],[1,-3],[-2,-5],[1,-5],[-3,-8],[-3,-9],[-1,-4],[-2,-2],[-7,-7],[-9,-8],[-11,-7]],[[7697,3100],[-2,-3],[-9,0]],[[7686,3097],[0,2],[-4,11],[-4,5],[-3,2],[-5,6],[-8,13],[-2,3],[-3,2],[-5,2],[-5,0],[-3,-2],[-7,1],[-4,0]],[[7999,2643],[0,-5]],[[7997,2624],[-5,0]],[[7984,2626],[-1,3]],[[7982,2642],[-1,3]],[[4265,4778],[-53,2]],[[8840,2850],[-28,0]],[[8812,2850],[11,25],[-2,2]],[[8827,2879],[3,-4],[2,-6],[3,-3],[5,-2],[2,-3],[-1,-3],[-1,-8]],[[4622,4832],[-30,0]],[[4229,5042],[0,2],[7,5],[3,6],[25,-11],[0,89]],[[4264,5133],[142,1],[273,1]],[[8801,2682],[-2,3],[-2,9],[-5,3],[-4,4],[-4,8],[1,4],[1,1],[8,4]],[[9583,2968],[-17,-1],[2,2],[-2,2],[4,4],[-13,-1],[-2,-1],[-27,-1],[-5,-1],[-15,1],[-3,-1],[-35,1]],[[9470,2972],[0,44]],[[9470,3016],[1,2],[44,15]],[[9523,3037],[2,1],[2,2],[1,5],[2,3],[3,3],[5,1],[9,-1],[5,2]],[[9570,2838],[-65,0],[-35,0]],[[9433,2897],[7,-1],[0,14],[14,0],[-6,7],[0,7],[22,0],[0,48]],[[5254,4148],[0,18],[24,0],[0,13],[27,-10],[1,3],[-1,3],[-1,7],[-5,11],[0,1],[2,21],[-2,8],[10,13],[4,8],[10,12],[2,4],[0,8],[-11,19],[1,3],[-2,9],[-3,4],[-6,6],[0,2],[3,3],[-1,5],[3,9],[-3,5],[0,5],[-3,8],[-2,3]],[[5398,4268],[0,-59],[-7,0],[-7,-3],[-2,2],[-13,-9],[7,-7],[-6,-6],[3,-2],[-19,-6],[5,-3],[0,-27],[-33,0],[-72,0]],[[9093,3244],[-3,0],[0,2],[-45,43]],[[9045,3292],[4,-5],[7,-4],[4,-1],[8,-1],[3,0],[2,3],[1,5],[4,7],[3,5],[4,-4],[3,-1],[4,1],[2,4],[3,2],[4,0],[8,-1],[3,-2],[3,-3],[7,0],[3,-2],[-3,-6],[1,-4],[7,-6],[1,-5],[-8,-4],[-11,-9],[-5,-4],[-5,-3],[-9,-10]],[[7924,2649],[-8,5]],[[7916,2654],[0,1]],[[7603,4625],[-17,0],[-5,0],[-5,-2],[-1,2],[-4,-3],[-2,-1],[-3,-3],[-5,-1],[-2,2],[1,7],[2,2],[-1,2],[0,3],[-2,9],[-24,0],[0,-2],[3,-3],[-1,-6],[-13,0],[-1,-15],[-1,-1],[-6,1],[-3,2],[-4,6],[-3,-1],[-2,2],[-1,6],[0,4],[2,2],[6,0],[3,5],[0,3],[4,4],[-4,0],[0,8],[-7,0],[1,2],[-5,-1],[-3,-7],[-2,-1],[0,-7]],[[7498,4643],[-1,0],[-4,3],[0,3],[-7,4],[-9,-2],[0,-2],[-7,0],[-8,31]],[[7462,4680],[7,0],[-1,8],[-1,4],[2,14],[4,13],[-1,1],[0,4],[1,2],[0,8],[1,3],[1,2],[0,7],[0,5],[-5,-2],[-5,0],[-2,4],[3,3],[1,3],[2,1],[2,2],[-2,3],[2,5],[-6,6],[-1,2],[2,2],[3,0],[1,7],[2,1],[0,3],[3,1],[-1,4],[-4,4],[39,0],[2,5],[4,8],[6,6],[3,1],[4,5],[4,15],[-1,3],[3,0],[9,0],[8,-2],[3,2],[4,-1],[9,2]],[[7567,4844],[0,-3],[-7,-8],[-1,-2],[-5,-7],[-1,-4],[11,0],[5,2],[9,-3],[4,-1],[17,2],[2,-1],[9,-11],[-1,-21],[-3,-2],[6,-14],[0,-12]],[[7612,4759],[0,-14],[-5,-15],[1,-10],[-11,0],[3,-3],[0,-5],[21,-32],[7,-12]],[[9797,5],[-2,-1],[-4,1],[-5,-2],[-2,1]],[[9090,3237],[7,0]],[[9097,3237],[4,-4],[7,-3],[4,-3],[4,-1],[3,2]],[[9119,3228],[1,-6]],[[9102,3222],[-7,1],[0,1],[-5,10],[0,3]],[[9099,3185],[-6,-3]],[[9093,3182],[-18,-7],[0,45],[5,6],[0,9]],[[9080,3235],[3,2],[7,0]],[[7309,2673],[-6,-8],[-10,-41],[-24,0]],[[7269,2624],[-58,0]],[[7614,2085],[5,5],[4,3],[0,2],[6,3],[3,4],[3,5],[3,1],[12,-2],[4,-2],[5,0],[2,1]],[[7661,2105],[4,-3],[4,-2],[4,2],[7,-12],[0,-2]],[[8282,2425],[2,5],[1,0],[4,7],[0,3],[1,1]],[[8292,2444],[7,-3],[4,-3],[4,2],[3,-1],[1,-2],[4,-1],[-1,-3],[7,-2],[2,2],[3,0]],[[8324,2384],[-13,-1],[-1,8],[-4,0],[-3,-2],[-4,-1],[-2,2]],[[8022,2973],[0,-2]],[[8005,2952],[-6,-10],[-32,0]],[[8080,2698],[15,1]],[[8095,2690],[-10,0],[-5,0],[-4,-1]],[[9083,853],[0,51],[0,65]],[[8043,2909],[-21,-1],[0,-22]],[[7970,2885],[0,5],[-2,4]],[[8022,2942],[21,0]],[[8043,2942],[1,-3],[10,-5],[3,0],[4,-4],[7,-5]],[[7967,2662],[13,1]],[[8106,2876],[5,-6]],[[8104,2871],[2,5]],[[9351,402],[-1,0],[-4,6],[-4,1],[0,2],[-7,2],[-7,4],[-1,2],[0,4],[-24,12]],[[9304,483],[8,-2],[4,1],[13,-1],[4,-2],[3,0],[5,-3],[3,0],[11,1],[12,-6]],[[9769,3215],[-4,1]],[[9765,3216],[4,7],[7,10],[2,2],[-3,2]],[[9775,3237],[2,4],[-1,3],[-3,2],[5,3],[2,-3],[5,0],[3,1],[1,2],[-3,6],[2,1],[9,-9],[-3,-4],[3,-3],[3,0],[1,-2],[-3,-1],[-1,-3],[-2,-4]],[[9775,3237],[-27,26]],[[9746,3197],[4,6],[6,2],[6,5],[1,3],[2,3]],[[7976,2628],[-4,2]],[[7971,2631],[-2,1]],[[7925,2465],[2,-2],[15,1]],[[7942,2464],[4,0]],[[7963,2461],[-10,-1]],[[8052,3216],[-3,6],[-4,2],[0,2],[-2,4],[-2,1],[-5,5],[-2,1],[0,3],[2,2]],[[8036,3242],[8,4],[8,12],[-5,5],[3,1],[6,5],[1,6],[3,3],[4,9]],[[8064,3287],[14,-7],[0,1]],[[8078,3281],[0,-2],[6,-8],[5,-3],[-5,-37],[-6,0],[1,-5],[-20,1],[-1,-3],[-4,-3],[-2,-5]],[[7958,2585],[0,6]],[[8095,2690],[1,-4]],[[8096,2686],[-6,-1],[-4,-4],[-6,0]],[[7500,4026],[-37,0],[-7,-1],[-12,-6]],[[8575,2458],[8,6]],[[8575,2406],[8,1],[5,-4],[1,2],[5,-1],[0,3],[2,3]],[[8592,2386],[-14,0]],[[8187,3175],[-7,2],[-3,2],[-4,0],[-14,1],[-2,2],[-28,2]],[[8069,3202],[-6,3],[-1,4],[-4,0],[-2,4],[-4,3]],[[8078,3281],[0,1],[12,-1]],[[8090,3281],[24,-2],[50,-5],[5,0],[-1,-9],[15,-1],[0,-13],[1,0]],[[8974,699],[-5,7],[0,3],[-8,10],[-6,4],[-2,3],[-6,6],[2,2],[1,4],[-1,5],[2,2],[0,6],[3,0],[1,-2],[3,-3],[4,0],[2,0],[13,-2],[3,0],[3,1],[4,5],[2,4]],[[8449,3390],[1,-11],[-1,-2],[-12,0],[0,-30],[-3,-1],[0,-13],[1,0],[0,-12]],[[8470,2582],[0,0],[10,-28]],[[8359,2597],[11,-6],[19,10],[6,0],[10,-5],[9,-3],[3,2],[10,6],[2,1]],[[9519,375],[-18,0]],[[9489,416],[3,8],[4,2],[4,5]],[[8516,2430],[-5,5],[0,-3],[-6,0],[0,-4],[-8,2],[-3,3],[-3,-3]],[[8701,2661],[1,-3]],[[8702,2658],[-6,-1]],[[7408,2952],[-1,1],[3,4]],[[7412,2957],[-4,-5]],[[8024,2598],[0,-5],[-1,0]],[[8206,2886],[-5,0],[1,-3],[-6,-1],[0,-5],[-5,-1],[-7,1]],[[8178,2929],[11,1],[5,-8],[27,3]],[[9038,1025],[1,2],[1,10]],[[8155,2949],[-16,-24]],[[8102,2922],[4,24]],[[8106,2946],[18,-2],[-1,8],[13,-2]],[[8068,2602],[-1,-1],[-12,-1],[-1,0]],[[8091,2626],[-5,-4],[-1,-2],[-3,-2],[-2,2],[-7,5],[0,-4],[-6,-1],[0,-1]],[[8283,2911],[10,-4]],[[7917,2637],[0,7],[-2,9],[1,1]],[[7924,2638],[-7,-1]],[[8016,2625],[2,1]],[[6171,3557],[-3,-1],[-8,-8],[-33,-1],[-2,-1],[-25,0],[-5,-1],[-10,-4],[-3,-3],[-7,1],[-3,-1],[-8,-7],[-3,-2],[-13,2],[-4,0],[-4,2],[-5,1],[-16,4],[-5,-4],[-17,-2],[-7,0],[-11,-2],[-3,-1],[-10,4],[-4,1],[-7,3]],[[0,6048],[0,380],[0,1055],[0,760]],[[8211,3331],[0,-18],[-3,-7],[0,-8]],[[8090,3281],[4,28]],[[7764,3257],[35,-3]],[[8044,2738],[2,-1]],[[8046,2737],[-6,-7]],[[8034,2723],[-5,2]],[[8029,2725],[-15,10]],[[8026,2738],[5,1],[3,5]],[[8029,2725],[-6,-7]],[[8036,2710],[6,8]],[[8048,2725],[6,5]],[[8054,2730],[3,-1],[6,-3],[3,3],[4,-2]],[[8054,2730],[1,2]],[[8055,2732],[5,6],[3,4]],[[8055,2732],[-9,5]],[[8963,1502],[-41,1]],[[8004,3250],[3,-1],[7,-1],[6,-2],[3,1],[3,-1],[6,-2],[4,-2]],[[7502,4612],[-21,0],[-8,0],[0,2],[-40,0],[0,-31],[-15,3]],[[7418,4586],[0,7],[-1,4],[0,4],[2,5],[2,6],[-3,6],[1,2],[-14,15],[-5,1]],[[7433,4680],[29,0]],[[7498,4643],[-1,-5],[5,-26]],[[9374,2646],[20,0],[55,0],[20,0]],[[9469,2646],[52,-1]],[[8177,2285],[5,3],[-2,4],[5,2],[0,-4],[1,-2],[15,6],[10,5],[2,-2],[4,2],[6,-8],[5,2],[8,-1],[-4,-9],[28,-2],[0,-1]],[[8475,2740],[2,8],[1,0],[7,0],[3,1],[-8,12],[6,2],[-2,5],[-3,4]],[[7408,2952],[-2,-2],[-3,-4],[1,-2],[-2,-4],[1,-4],[-2,-5],[1,-5]],[[7246,2882],[0,29]],[[7246,2911],[0,57]],[[7246,2968],[39,0]],[[8695,2971],[-65,0],[-17,-5],[-7,-4],[0,35]],[[9021,994],[5,9]],[[9061,969],[-42,0],[1,2],[-8,0],[0,-2],[-24,0]],[[8988,969],[9,10],[5,2],[2,2]],[[7312,1878],[1,4],[-1,4],[2,2],[6,-4],[4,-2]],[[4333,4225],[62,0],[-5,-8],[-8,-5],[-4,-12],[3,-2],[0,-2]],[[4385,4167],[3,-2],[3,2],[5,-2],[0,-1],[-5,-2],[0,-2],[2,-4],[2,-2],[3,0],[-1,-3],[-4,-2],[-1,-2],[-5,1],[-4,-3],[0,-4],[-1,-6],[1,-9],[3,-4],[7,-6],[5,-4],[-1,-6],[3,-2],[2,-3],[2,0],[4,-3],[2,-1],[4,2],[5,3],[6,0],[3,-5],[4,0],[-1,-2],[-3,-3],[4,-2],[2,-1],[3,-3],[6,-3],[2,-2],[9,-2],[3,1],[2,-2],[4,-5],[0,-2],[-5,-4],[0,-3],[-5,-2],[0,-5],[-2,-5],[1,-4],[2,-2],[1,-4],[2,-2],[-2,-3],[-6,-3],[-1,-1],[-4,-2],[-6,-1],[-2,3],[-7,1],[0,6],[-7,4],[-5,1],[-4,2],[0,3],[-6,2],[-2,4],[-6,3],[-3,-1],[-1,2],[-3,-1],[-2,1],[-3,5],[-4,3],[-2,1],[0,2],[3,3],[0,4],[3,2],[-2,9],[0,5],[-4,10],[2,2],[0,3],[-1,4],[-2,4],[-5,0],[1,3],[-3,3],[-4,9],[-4,2],[1,3],[-2,2],[2,4],[-2,3],[-2,1],[0,6],[-4,4],[-1,2],[-7,3],[-5,0],[-7,2],[-7,2],[-7,0],[-4,-2],[-3,-3],[3,-3],[-3,-3],[-4,-1],[-3,3],[-2,-1],[0,-2],[-3,-5],[-1,1],[1,3],[-3,6],[-1,3],[-3,-1],[-2,5],[-3,0],[-3,4],[-3,1],[-3,6],[-4,3],[2,2],[3,1],[3,-1],[5,2],[4,2],[2,-1],[5,3],[3,-2],[8,-1],[5,-2],[3,-1],[3,2],[6,6],[2,5],[2,10],[-1,9],[-2,11]],[[9469,2646],[0,59]],[[7927,2509],[1,2],[0,5]],[[7928,2516],[5,0],[1,-3]],[[7934,2513],[0,-9]],[[7934,2513],[7,0]],[[7941,2513],[2,-21]],[[7955,2523],[1,-9]],[[7956,2514],[-8,0]],[[7949,2505],[-1,9]],[[7888,2377],[-2,8],[1,3],[-1,3]],[[7894,2391],[0,-3],[11,0]],[[7906,2380],[-6,-1],[-5,-1]],[[7906,2368],[0,12]],[[6985,1695],[-1,2],[-4,1],[1,5],[-5,2],[0,2],[-3,3],[-5,1],[-2,-1],[-4,3],[-5,1],[-4,0],[-5,-1],[-4,2],[-4,-2],[-7,0],[-4,0],[-13,2],[0,2],[-4,-1],[-4,1],[-4,-1],[-9,-1],[-4,1],[-2,3],[-5,3],[-7,2],[-2,1],[-3,-2]],[[6872,1723],[0,36]],[[6872,1759],[6,3],[4,4],[22,5],[16,5],[3,-7],[62,0]],[[7917,2636],[0,1]],[[7931,2634],[-2,-2],[3,-1],[0,-3]],[[7950,2493],[-7,-1]],[[7661,2105],[13,7],[1,2],[4,0],[6,2],[4,3]],[[7689,2119],[4,-6],[6,3],[4,-1],[5,-7],[4,3],[4,2],[2,3],[7,4]],[[8515,2905],[4,2],[5,0],[8,-2],[7,4],[2,0],[7,-4],[7,0],[0,35],[0,23],[-6,0],[0,2]],[[8549,2965],[2,1],[10,6],[45,25]],[[8695,2891],[0,-40]],[[6872,1759],[-6,-3],[-2,1],[-9,-3]],[[7866,2254],[3,4],[0,3],[1,12]],[[7892,2274],[0,-6],[-4,-8],[-5,-3],[-7,-8],[-7,5],[-3,0]],[[7911,2302],[22,1]],[[7933,2303],[0,-9],[1,-3],[-2,-3],[4,-3],[1,-2],[-5,-6],[-3,-1],[-1,-2],[-1,-4]],[[7848,2240],[9,5],[4,1],[3,1],[2,7]],[[7903,2666],[-9,2]],[[7894,2668],[3,6],[2,3]],[[7895,2650],[-1,7],[-1,5]],[[7893,2662],[8,-1]],[[7912,2660],[2,-5],[-3,1]],[[7911,2656],[-11,1],[-1,-5],[-4,-2]],[[7893,2662],[1,6]],[[9752,1621],[2,2],[3,10],[6,5],[1,7],[5,4],[19,19],[1,3],[-1,10]],[[9788,1681],[102,0],[77,0]],[[9967,1681],[1,-117],[1,-63]],[[8268,2943],[-1,0]],[[8229,2941],[-6,0],[8,20]],[[8017,3442],[-11,-3],[1,-2],[-5,-1],[-1,3],[0,5],[-3,11]],[[8017,3471],[4,0],[0,-2],[10,2]],[[9966,1825],[0,-85],[0,-28],[1,-31]],[[7396,2805],[1,-6],[1,-9],[-3,-4],[0,-6],[-3,-3]],[[7943,2487],[1,-6],[1,-3],[-1,-3],[0,-4],[-3,-2],[1,-5]],[[5324,3569],[0,-2],[1,-12],[-3,-8],[0,-5],[-3,-19],[1,-9],[3,-6],[6,-4],[0,-4],[-3,-4],[-1,-9],[1,-7],[3,-8],[0,-4],[-3,-8],[0,-4],[-1,-2],[2,-3],[0,-11],[0,-3],[0,-4],[0,-17]],[[5178,3416],[-14,14],[-5,3],[-1,3],[1,3],[-2,1],[-2,4],[3,7],[-3,6],[-1,4],[-5,7],[-3,2],[-3,2],[-4,0],[-6,-4],[-2,3],[-4,5],[0,1],[-3,7],[-7,7],[-7,2],[-1,2],[-2,2],[1,2],[-3,4],[-3,2],[-2,0],[-5,2],[-2,3],[-1,2],[-4,3],[-6,4],[-3,0],[-3,5],[-6,2],[-4,3],[2,3],[-4,0],[-3,5],[-2,0],[-5,8],[-7,8],[-11,11],[-2,2],[-3,3]],[[8950,2357],[61,0]],[[9050,2187],[-40,0],[-1,0]],[[9664,1587],[-2,0],[-6,2],[-9,-1],[-5,-2],[-4,-1],[-4,-1],[-1,-2],[-11,0]],[[9672,535],[-26,1],[-4,-1],[-13,36],[-2,6],[-3,0],[-2,3],[3,7],[-8,-2],[-63,1],[-4,-1],[-5,1],[-12,1],[-4,-1],[-11,0]],[[9672,614],[0,-30],[0,-49]],[[8067,2595],[2,1],[0,6]],[[8073,2609],[5,-6]],[[5512,2543],[1,8],[-1,3],[5,1],[2,-2],[-2,-10],[-3,-3],[-2,3]],[[5654,2699],[-2,-3],[2,-3],[5,2],[2,-2]],[[5661,2652],[-4,1],[-12,2],[-3,1],[-8,1],[-10,0],[-3,-1],[-10,0],[-7,-2],[-5,-1],[-1,-2],[-7,-1],[-1,-5],[-3,-3],[0,-3],[1,-7],[-3,-8],[-1,-5],[2,-3],[-4,-1],[-2,2],[-3,-2],[-2,-3],[-4,-1],[-1,3],[-3,-1],[-4,-4],[2,-2],[3,-1],[3,-5],[-2,-5],[2,-3],[-1,-2],[3,-2],[-2,-3],[-3,-3],[-6,0],[-3,2],[-2,0],[-5,2],[-9,3],[-3,0],[-8,0],[-2,-1],[1,-4],[-4,0],[-1,2],[-5,-1],[-1,-3],[-3,0],[-1,3],[-3,2],[0,6],[2,1],[-1,3],[2,3],[-4,1],[-1,3],[4,0],[1,2],[1,7],[-2,3],[-3,0],[1,5],[-4,2],[0,3],[-2,1],[-5,0],[-1,8],[0,2],[-4,2],[0,2],[-5,3],[-2,4],[-6,3],[-1,3],[-7,6],[-4,6],[-10,7],[1,2],[-5,2],[1,4],[-5,3],[-5,4],[-1,2]],[[5448,2691],[51,2],[88,2],[0,0]],[[5587,2695],[34,1],[9,2],[4,-1],[3,-2],[4,-1],[4,1],[2,2],[4,2],[3,0]],[[8063,2800],[1,-1],[4,8]],[[3889,4660],[2,3],[6,1],[4,-5],[-1,-2],[-7,-3],[-3,-1],[-3,-2],[-5,-4],[-3,0],[1,3],[2,3],[0,3],[5,1],[2,3]],[[3871,4649],[3,2],[3,-1],[-1,-3],[-5,-5],[-3,0],[-4,-2],[-4,1],[-2,2],[-6,2],[2,4],[5,2],[7,-3],[5,1]],[[3988,4726],[5,4],[10,0],[7,-1],[-1,-2],[-4,0],[0,-2],[3,-2],[8,0],[-1,-2],[3,0],[2,-3],[5,-2],[2,1],[2,-4],[4,-2],[4,-3],[4,1],[3,-4],[0,-2],[-6,2],[-3,3],[-5,2],[-6,1],[-10,1],[-6,4],[-4,4],[-5,2],[-7,1],[-4,3]],[[4024,4727],[-6,-1],[-2,1],[-4,3],[4,2],[4,0],[3,0],[1,-5]],[[4264,4648],[-3,0],[-10,-3],[-4,0],[0,3],[-2,1],[-4,-3],[-5,-1],[-2,-2],[-1,-5],[4,0],[-1,-4],[-2,0],[-4,1],[-4,2],[-14,5],[-6,1],[-7,0],[-6,-1],[-3,-3],[-6,-2],[-9,-5],[-5,-2],[-3,-3],[-7,-5],[-3,-3],[2,-5],[-1,-1],[3,-4],[-4,-3],[-13,2],[-6,2],[-3,2],[-8,2],[-8,1],[-9,-1],[-7,0],[-5,-1],[-4,-3],[-3,-5],[-4,-3],[-2,-3],[2,-4],[-6,-2],[-3,-3],[-2,-4],[0,-5],[1,-2],[-3,-4],[-4,3],[-4,1],[-4,3],[-5,0],[-3,-3],[-3,3],[-2,1],[-5,-1],[-2,-7],[-3,0],[-1,5],[2,3],[3,0],[2,3],[0,9],[-2,4],[-1,3],[-5,1],[1,4],[2,2],[2,3],[-2,3],[3,2],[5,2],[2,5],[-7,12],[0,0],[-3,5],[2,1],[2,6],[-2,2],[3,5],[3,3],[2,4],[0,6],[1,1],[3,7],[1,6],[-1,4],[-1,5],[2,3],[3,0],[4,-2],[9,2],[3,-3],[-2,-2],[0,-2],[-1,-2],[2,-3],[2,-1],[0,3],[5,0],[0,-2],[-1,-2],[-3,-1],[-1,-2],[-2,0],[-3,-3],[6,-4],[0,-1],[9,1],[3,2],[4,-2],[5,-1],[1,2],[3,-1],[1,3],[6,1],[1,2],[3,-1],[3,3],[1,4],[4,1],[2,3],[0,2],[2,5],[1,6],[-4,8],[-6,2],[-5,-1],[-2,2],[2,4],[-1,4],[-2,6],[-4,2],[-3,2],[-1,5],[-3,2],[-1,3],[-4,6],[-1,4],[-3,5],[-1,3],[-3,4],[-10,7],[-5,1],[-3,3],[-2,8],[-3,5]],[[7600,3568],[0,22],[6,0],[0,10],[9,4]],[[6186,3923],[-95,-1],[0,3],[-2,5],[-3,4],[2,3],[0,3],[2,7],[0,2],[-10,9],[-2,6],[-10,4],[0,-1],[-11,-1],[-9,0],[-7,1]],[[7510,4044],[7,1],[3,2],[1,2],[3,4],[3,1]],[[7923,2536],[-1,9]],[[7939,2541],[0,-5]],[[7928,2516],[-1,3]],[[7191,3026],[0,-58]],[[7191,2968],[-75,0]],[[9264,400],[-7,1],[1,2],[-2,6],[-3,1],[0,2],[5,-1],[2,-3],[7,2],[3,3],[2,3],[1,8],[-2,7],[-7,10],[-8,7]],[[7952,3769],[-1,1]],[[7943,3849],[7,-1],[2,2],[6,3],[3,0],[5,-3],[3,0],[3,1],[2,4],[9,1],[24,1],[2,-1],[7,2],[4,0]],[[9584,3115],[0,-3],[1,-9],[3,0],[4,-8],[0,-7],[11,1],[8,-13]],[[9556,867],[7,0],[16,4],[4,-1],[9,-1],[6,-2],[9,1],[26,9],[13,1],[10,4],[4,0],[5,3],[8,2]],[[8016,3513],[17,3]],[[8014,3415],[-22,-4]],[[8027,2559],[3,1]],[[8395,2800],[-4,-8],[20,-6],[4,8]],[[9824,165],[16,0],[0,-13],[-12,0]],[[8096,2686],[1,-9]],[[8097,2677],[0,-4]],[[7950,2644],[-4,-5],[-8,7]],[[7941,2649],[9,-5]],[[7950,2727],[-1,3],[1,2],[-2,6],[-5,6],[-3,3],[-3,6],[-2,2],[-7,5]],[[7945,2764],[13,3],[2,-6],[14,-8],[2,-5]],[[8426,3061],[-3,-3],[-6,0],[-9,-4],[0,-3],[-6,-13],[-5,-6],[-19,0]],[[7977,2529],[0,6]],[[8038,2609],[0,5]],[[8045,2614],[0,-5]],[[8022,2615],[-4,-5]],[[8012,2620],[0,4]],[[7317,2587],[-34,0],[-34,-1]],[[7249,2586],[18,34],[2,4]],[[7341,2661],[-2,-4],[-2,-4],[0,-2],[-2,-5],[-5,-7],[-1,-4],[-1,-5],[-1,-4],[0,-7],[0,-3],[2,-3],[5,-2],[-2,-2],[-9,-6],[-2,-5],[0,-2],[-3,-4],[-1,-5]],[[8211,3336],[31,0],[2,0],[5,3],[6,1]],[[8255,3340],[0,-15]],[[8255,3325],[0,-28]],[[8607,3041],[-25,-2],[-11,-1],[-11,-2]],[[7612,4759],[15,0],[2,-1],[6,1],[43,-2],[44,2],[6,0],[8,-1],[6,0],[26,-1]],[[8084,2522],[-4,0],[-1,3],[2,4]],[[7345,4627],[7,3],[2,1],[8,4],[2,0]],[[7418,4586],[0,-5],[-1,-11],[0,-3],[-3,-1],[-4,-1],[-8,-1],[-13,-2],[-4,1]],[[8095,3122],[51,-3]],[[9040,3235],[0,-4],[40,4]],[[9093,3182],[-1,-40]],[[6766,2000],[2,3],[1,2],[2,1],[1,2],[3,0],[0,2],[7,4],[0,2],[8,-1],[4,1],[5,-2],[9,2],[2,2],[5,1],[0,3],[3,1],[10,-3],[6,0],[5,3],[1,4],[3,0]],[[7690,4109],[3,1],[1,4],[-2,4],[2,5],[3,-1],[8,5],[5,-2],[6,-6],[5,-1],[4,-6],[2,-3],[8,0],[6,2],[2,-1],[6,1]],[[8309,2956],[-3,-2],[0,-5],[-1,-3],[-5,1],[-4,-4],[-2,-1],[-13,4],[0,2]],[[8054,2597],[13,-2]],[[7872,3336],[-33,1],[-31,1]],[[8267,2360],[11,-17],[1,0],[4,-5],[3,1]],[[8263,2316],[0,-2],[-8,1],[1,-2],[-2,-14],[7,-1]],[[4451,4225],[0,8],[-2,4],[-3,1],[-11,31],[-16,7],[-10,-1],[-3,2],[-17,-1],[-5,-2],[-34,-1],[1,3],[-1,2],[0,4],[-1,2],[-4,3],[0,2],[-2,8],[1,2],[-2,5],[-17,-7],[-7,0],[-51,0],[-3,0]],[[4264,4297],[-7,5],[0,1]],[[4257,4303],[6,3],[6,6],[5,2],[1,4],[2,7],[2,1],[1,8],[-4,11],[1,2],[-7,16],[-6,10],[-10,14],[-8,10],[-6,5],[-15,9],[-2,3],[0,4],[-4,2],[-4,5],[3,3],[-1,1],[7,3],[6,2],[1,2],[8,-2],[3,-2],[3,0],[1,-3],[8,-3],[5,0],[5,2],[1,-2],[8,1],[12,1],[6,-2],[6,0],[4,1],[7,2],[5,-1],[5,-3],[6,-1],[11,-1],[2,-2],[-6,-1],[-5,1],[-7,1],[-5,2],[1,-3],[-3,-1],[-5,1],[-1,2],[-4,0],[-2,-1],[-6,1],[-1,-2],[3,-3],[2,-2],[4,-3],[10,-2],[4,-3],[6,1],[1,-4],[3,-2],[4,0],[-2,-3],[0,-3],[-2,-4],[-3,-3],[-1,-4],[1,-4],[3,-3],[0,-3],[-1,-3],[0,-4],[3,-4],[6,-1],[4,1],[3,0],[8,4],[1,4],[7,4],[1,3],[0,5],[-2,4],[1,3],[7,3],[2,3],[-1,5],[2,2],[4,2],[8,5],[5,7],[7,13],[0,3],[4,3],[4,1],[0,4],[5,1],[2,3],[0,4],[-2,4]],[[4402,4459],[0,2],[5,4]],[[4136,4425],[1,2],[3,0],[-1,-3],[-3,1]],[[8913,3470],[131,0],[0,-57],[1,-67]],[[9045,3336],[-6,4],[-6,4],[-1,-3]],[[6451,7232],[10,-11],[21,16],[2,-3],[41,27],[0,6],[98,58],[1,4],[4,0],[91,52],[26,31],[55,-83]],[[6696,1721],[6,-5],[3,-2],[3,0],[0,-24]],[[6708,1690],[-3,-3],[-9,0],[-3,1],[-3,-1],[-4,1],[-2,2],[-5,2],[-7,1],[-2,-1],[-4,1]],[[9525,3764],[-150,0],[0,53],[-130,13],[-1,-10],[-38,3],[-74,6],[-29,2],[-13,-9],[-174,17],[-13,1],[12,84],[1,7],[-67,5],[-82,6],[6,18],[16,25],[31,24],[14,58],[-11,30],[0,2],[-20,35],[5,10],[1,39],[0,2]],[[9998,4328],[0,-77],[0,-107]],[[7283,2452],[10,-6],[2,-1]],[[8112,2577],[-1,-5],[2,-3],[-1,-2],[-4,-1],[0,-5]],[[9093,3244],[1,-4],[3,-3]],[[8239,4207],[0,-95]],[[8239,4112],[-47,0]],[[8098,4172],[24,-23],[22,5],[-19,31],[-1,6],[-4,1],[-14,3],[-8,0]],[[8098,4213],[-1,30]],[[8831,2798],[-3,6],[-40,0]],[[8800,2819],[6,8],[6,23]],[[8840,2850],[-1,-7]],[[8851,2832],[5,3],[3,3],[3,6],[4,5],[2,1],[4,1],[4,-1],[4,-2],[3,-3]],[[8080,2698],[4,4],[4,5]],[[9761,225],[-1,19],[16,-2],[-1,2],[10,0],[-1,12],[35,1],[0,-3],[4,0]],[[9824,221],[0,-7]],[[9523,1323],[0,35]],[[8663,2224],[1,13],[4,32],[1,3],[2,2],[13,8],[-3,4],[-2,0],[-2,4]],[[8677,2346],[-9,8],[-2,2],[-5,3],[-10,4],[-5,3],[-7,5],[-8,4]],[[9844,2933],[0,27],[-2,0]],[[9844,3099],[122,0]],[[9966,3099],[0,-38],[1,-58],[0,-85]],[[9967,2918],[-1,0],[-13,17],[-12,-1],[-11,1],[-37,0],[0,-2],[-49,0]],[[4834,3918],[-1,5],[-6,1],[-4,2],[-6,4],[0,3],[-2,1],[-4,0],[-6,1],[-3,2],[0,3],[-5,0],[-2,3],[0,3],[-2,1],[0,3],[-2,4],[-2,1],[-2,4],[-6,6]],[[4781,3965],[18,19],[16,16],[-3,2],[1,3],[4,5],[4,4],[13,2],[14,-1]],[[8339,2938],[-15,5],[-7,-17]],[[7905,2693],[0,10]],[[7922,2702],[2,-5],[0,-3]],[[9967,2918],[0,-80]],[[9842,2838],[1,12],[0,17],[1,19],[2,21],[-14,-2],[0,28],[12,0]],[[9121,1139],[-23,0],[0,0],[-17,0]],[[9008,1323],[61,0],[28,0],[3,-3],[3,1],[1,3],[4,-1],[47,0]],[[4634,6093],[-19,-1],[-1,-1],[-10,-1],[-6,2],[-2,3],[0,12],[6,3],[3,19],[30,-2],[0,-18],[-3,-4],[9,0],[36,1],[0,-9],[-34,-3],[0,-1],[-9,-1],[0,1]],[[7970,4282],[0,-4],[2,-3],[1,-8],[0,-4],[3,-2],[1,-6],[0,-6],[2,-8],[0,-9],[-3,-7],[2,-5],[0,-3]],[[8270,3267],[8,-2],[8,-1],[2,1],[1,4],[-2,3],[5,0],[5,0],[3,-1]],[[9812,320],[0,10],[-2,3],[-6,3],[-3,1],[-5,3],[-6,5],[1,3],[-3,2],[-1,8],[4,3],[-2,7],[0,7],[35,-1]],[[7936,2329],[-27,-1]],[[9174,3215],[-3,-3],[-4,0],[-3,1],[-4,1],[-4,4],[-3,3],[-4,3],[-8,5],[-2,3],[-7,2],[-5,0],[-5,-2],[-3,-4]],[[8109,2690],[4,-1],[1,2],[11,-3]],[[8114,2678],[-17,-1]],[[8814,2622],[-7,1],[-11,1],[-4,2],[-3,3],[1,4]],[[7584,4221],[0,-9],[21,-28],[3,-7],[6,-7],[2,-6],[-1,-2],[7,-12],[1,-5],[2,-1],[2,-8],[3,-2],[0,-6],[5,-7],[-1,-8],[-1,-4]],[[8106,2946],[-16,1],[4,32],[6,18]],[[7903,2623],[-1,5],[-3,8],[-1,4]],[[7898,2640],[3,1]],[[7901,2641],[3,-14],[0,-2]],[[8068,2613],[4,1],[5,-2],[-1,5],[7,-3],[1,1],[4,-3]],[[8285,4025],[-2,5],[-8,7],[1,14],[-15,0],[-1,-5],[-10,1],[-11,0],[0,-6],[-20,11],[-6,2],[-2,2],[-5,3],[-5,2],[-4,0],[-4,1],[-5,6],[-3,5],[-5,2]],[[8239,4112],[113,1]],[[8352,4038],[-10,0],[-4,0],[-9,0],[-10,2],[-3,-3],[-5,-2],[-26,-10]],[[9673,1155],[57,0],[86,0],[7,0]],[[6843,2590],[0,-28],[-73,0]],[[6769,2606],[4,0],[7,-1],[6,1],[10,2],[12,5],[9,3],[8,4],[5,0],[8,-2],[5,-1]],[[8001,2318],[-4,5],[-1,2],[1,4],[-2,1],[-7,3],[-3,2]],[[7972,2603],[-5,8]],[[3887,4905],[-4,-3],[-8,-2],[-4,-2],[-4,3],[0,3],[4,3],[6,-2],[4,2],[3,1]],[[7391,3374],[0,21]],[[7391,3395],[0,49]],[[7741,2957],[-7,5],[-5,2],[-7,3],[-4,4]],[[7310,3395],[81,0]],[[5711,2824],[0,-4],[-2,-5],[1,-5]],[[7310,3619],[0,-38]],[[7267,3467],[-5,48],[-19,0],[-23,0],[-4,2]],[[7216,3517],[3,2],[5,5],[7,7],[4,3],[5,3],[4,3],[6,3],[14,10],[5,6],[6,13],[1,8],[1,4],[5,4],[2,2],[5,8],[4,5],[5,3],[2,3],[5,4],[5,6]],[[7452,3036],[-5,-5]],[[3424,9997],[71,0],[98,0],[154,0],[97,0],[90,0],[60,0],[81,0],[99,0],[75,0],[115,0],[118,0],[55,0],[62,0],[70,0],[83,0],[73,0],[108,0],[92,0],[112,0]],[[8032,2593],[0,-5]],[[7936,2730],[2,-4],[7,-9],[3,-3],[4,-9],[-3,-2],[-5,0],[-6,-1],[-5,-6],[-4,3],[-2,5],[0,4],[1,3],[1,8],[3,5],[0,5],[-1,2],[-6,7],[4,1],[2,-2],[5,-7]],[[7802,2118],[3,0],[-3,4],[0,2],[6,-1],[2,1],[3,3]],[[7857,2102],[-7,-1],[-6,0],[2,-4]],[[7957,2600],[2,0],[-1,9]],[[7961,2612],[4,-1]],[[7965,2611],[2,0]],[[8298,3328],[-2,1],[-6,3],[0,2],[-3,0],[-2,-2],[-15,0],[-2,-3],[-8,-1],[-3,-3],[-2,0]],[[8255,3340],[0,11],[0,15],[4,0],[0,4],[5,0],[0,10],[-3,2],[0,15]],[[8508,2951],[3,2],[6,0],[4,2],[6,0],[3,-3],[3,0],[1,2],[-1,3],[3,3],[3,0],[10,5]],[[5587,2695],[0,52],[0,0]],[[5682,2727],[-1,-1],[-9,-8],[-4,-5],[-2,-2],[0,-2],[-3,-3],[-7,-5],[-2,-2]],[[5860,2968],[0,3],[-85,0]],[[5791,3043],[3,2],[1,4],[5,3],[0,7],[-9,0],[0,2],[3,3],[2,1],[10,0],[0,8],[4,0],[5,5],[0,22],[7,2],[0,1],[11,0],[0,24],[3,2]],[[5836,3129],[4,-3],[19,-8],[4,-3],[8,-2]],[[6004,3103],[-4,-3],[-5,-5],[-8,-6],[-8,-3],[-3,-1],[-5,0],[-10,1],[-8,-1],[-7,-1],[-6,-2],[-10,-7],[-6,-6],[-3,-5],[-3,-6],[-1,-4],[0,-4],[4,-5],[2,1],[2,-2],[2,-8],[2,-2],[3,-3],[6,-1],[-3,-1],[-5,0],[-2,-1],[-5,-3],[-3,-8],[-3,2],[-3,0],[-2,-3],[-5,-5],[3,-3],[8,0],[2,2],[1,3],[2,2],[5,-1],[0,-4],[2,-3],[-2,-3],[2,-2],[-1,-3],[-3,-2],[0,-4],[1,-3],[-1,-3],[1,-5],[5,-3],[-8,-5],[-2,-6],[1,-3],[2,-1],[3,0],[1,-3],[-2,-1],[1,-3],[-3,-5],[-1,-3],[0,-3],[-1,-2],[-1,-6],[-3,-2],[-5,-2],[-3,-2],[-1,-3],[2,-2],[1,-2],[-2,-2],[-1,-3],[-3,-4],[-2,0],[-4,3],[1,2],[-1,6],[5,2],[1,1],[0,5],[-2,3],[-5,4],[-1,1],[-5,4],[6,5],[1,2],[-2,3],[-2,3],[-2,4],[-5,2],[-4,1],[-4,2],[-4,1],[-9,0],[-9,-2]],[[6063,2962],[3,1],[4,-2],[-1,-2],[-4,1],[-2,2]],[[6071,2885],[2,3],[3,-2],[6,0],[0,-2],[-4,-1],[-5,1],[-2,1]],[[6086,2874],[3,4],[4,1],[6,-1],[3,-2],[-2,-3],[-4,-1],[-5,3],[-5,-1]],[[6069,2933],[-1,-4],[-3,-2],[-2,-4],[0,-4],[4,0],[2,-6],[-2,-1],[-6,-1],[-4,3],[-1,4],[4,3],[1,2],[0,7],[1,4],[-1,3],[2,5],[1,7],[3,0],[3,-3],[4,1],[3,3],[5,1],[3,-3],[-2,-2],[-5,2],[-4,-2],[-4,-3],[-3,-6],[-1,-3],[3,-1]],[[6040,2930],[0,4],[4,2],[4,-3],[-2,-2],[-6,-1]],[[6005,2909],[1,3],[4,1],[1,-3],[-2,-2],[-4,1]],[[6038,2872],[2,3],[5,-1],[-2,-2],[-5,0]],[[5984,2828],[-4,3],[1,3],[3,2],[0,-4],[2,-1],[-2,-3]],[[6063,2802],[-6,1],[1,-3],[-3,0],[-3,3],[0,3],[1,3],[3,-2],[3,0],[3,-3],[1,-2]],[[6127,2823],[-1,-3],[3,-2],[0,-3],[-5,0],[-2,-3],[-3,-1],[-2,-4],[3,-4],[0,-2],[-2,0],[-2,2],[0,5],[-5,3],[-2,4],[-4,2],[2,6],[3,4],[8,0],[3,-1],[4,-1],[2,-2]],[[6135,2829],[1,3],[3,-1],[-1,-2],[-3,0]],[[7812,2042],[-1,-5],[7,-9],[3,0],[5,-8],[0,-4],[9,-1],[-2,-7]],[[7833,2008],[-8,0],[-3,-1],[-2,2],[-6,-1],[-9,-1],[-1,-1],[-7,1],[-12,0],[-6,1],[-10,0],[-4,0],[-13,1],[-5,0],[-4,-1],[-6,-1],[-3,1]],[[7961,2838],[-6,2],[-4,-3],[-4,-1],[-1,2],[-3,1],[-1,-3],[-2,1]],[[4633,4114],[-39,0],[-1,-23],[-2,-1],[-5,-7],[-7,-20]],[[4579,4063],[-2,2],[-4,0],[-2,2],[-6,1],[-2,1],[-6,-2],[-2,1],[-1,2],[-8,3],[-7,2],[-2,-1],[-3,0],[-7,1],[-7,-2],[-6,0],[-4,-1],[-3,-3],[-1,-3],[-3,-3],[-4,0],[-6,-3],[-3,-4]],[[5448,2691],[-1,2],[-5,1],[0,2],[-5,4],[-2,1],[-16,12],[-3,4],[-5,1],[0,3],[-2,1],[-2,4],[2,3],[0,2],[-4,4],[0,1],[-6,6],[-2,1],[-1,3],[-3,4],[-7,5],[-6,5]],[[5456,2846],[43,0]],[[8140,2814],[1,-4],[-1,-2],[1,-2],[-3,-3],[-1,-4],[1,-4],[-1,-3]],[[8228,3931],[9,7],[14,5],[6,6],[2,5],[1,4],[2,4],[7,6],[6,1]],[[8275,3969],[2,0],[5,-2],[5,-1],[4,-3],[3,-1],[4,-6],[6,0],[2,-2],[0,-3],[5,-1],[4,-2],[4,-6],[5,-1],[5,1],[2,-1],[-3,-3],[-2,-1],[-7,-8],[-5,-4]],[[5501,3920],[21,0],[50,0],[26,0],[47,1]],[[8064,3287],[1,2],[-4,3],[-4,-1],[-3,3],[-5,-1],[-1,3],[-2,3],[-7,1],[-3,1],[-2,-2]],[[5836,3129],[-5,4],[-15,6],[-13,0],[-12,-2],[0,7]],[[7997,2581],[0,6]],[[6253,4237],[-9,10],[-5,9],[-4,6],[-6,10],[-17,0],[3,22],[-7,0],[-12,15],[0,7],[-10,0]],[[8118,2703],[2,-1],[3,3],[-6,6],[6,3],[-2,2]],[[7191,2968],[55,0]],[[7246,2911],[-3,0],[-13,-2],[-16,-3],[-9,-1],[-76,0]],[[3561,5035],[0,38]],[[3561,5073],[104,0]],[[8019,2626],[-5,8]],[[8038,2665],[-2,4],[-1,5]],[[4781,3965],[-3,3],[-5,3],[-3,1],[-2,2],[-4,2],[-7,1],[-3,-1],[-9,1],[-4,6],[-3,5],[-4,0],[-1,2],[-5,3],[-3,4],[-8,5],[-3,0],[1,3],[4,-2],[4,0],[2,1],[3,-2],[4,2],[8,1],[5,4],[10,-1],[0,-3],[5,-2],[2,1],[2,3],[3,3],[-1,4],[-4,1],[0,4],[-5,0],[3,4],[2,0],[1,4],[-3,2],[2,3],[-1,4],[-2,1],[-6,9]],[[6077,3377],[0,33],[10,0],[0,22],[-1,0],[-17,-8],[0,31],[-4,0],[-1,-3],[-4,-2],[-2,-3],[-11,-10],[-3,0],[-5,1],[-8,1],[-4,2],[-6,1],[-16,-5],[-4,-2],[-11,-1],[-6,3],[-8,-3],[-8,-3],[-5,1],[-4,-2],[-4,0]],[[8023,2087],[-5,-5],[1,-6],[-5,0],[-6,-4],[-1,-2],[-3,-3]],[[8019,2070],[1,2],[3,0],[3,-2],[-3,-2],[-4,2]],[[7987,2793],[-7,-4],[-4,-4],[-6,8],[-11,7]],[[6872,1723],[-3,1],[-8,0],[-1,2],[-5,2],[-8,1],[-3,1],[-6,1],[-9,-1],[-5,-1],[-7,-4],[-4,-4],[0,-4],[1,-3],[3,-2],[4,-1],[-9,-5],[-1,-5],[-6,-1],[0,-3],[-6,-1],[-1,-5],[1,-2],[-3,-2],[-3,1],[0,3],[-3,-1],[-5,2],[-6,-3],[-1,-4],[-3,-2],[-2,-2],[-4,1],[-3,2],[0,3],[-7,3],[-4,2],[-6,2],[-4,-2],[0,-3],[-4,-1],[-5,2],[-3,2],[-7,-1],[-3,2],[-3,-1],[-2,-1],[-5,1],[-5,-2]],[[7998,2051],[3,-1],[1,-3],[-2,-2],[-3,2],[-7,-2],[-1,-2],[-6,-2],[-1,-2],[0,-2],[-6,-1],[-5,-1],[-5,-3],[-4,-4],[-2,-3],[-7,-5],[-5,-3],[-7,-6],[-3,-1],[-3,-3],[-7,-1],[-1,2],[-8,2],[-10,3],[-9,1],[-3,-2],[-4,0],[-1,2],[-7,2],[-3,-1],[-5,-1],[-5,2],[-8,-1],[-8,1],[-8,-3],[-5,-4],[-4,-2],[-6,1]],[[7834,2042],[4,-3],[2,1],[3,-1],[9,0],[6,-3],[1,5],[7,2],[0,2],[2,3],[-1,3],[-2,5],[2,3],[9,5],[3,2]],[[7991,2035],[1,-2],[-2,-2],[-2,2],[3,2]],[[8790,2642],[-2,2]],[[8770,2641],[-7,-2],[-5,-1],[-6,1],[-14,4],[-6,2],[-13,4],[-4,4],[-7,4],[-6,1]],[[8767,2777],[0,-8],[15,9],[0,-14],[4,-2]],[[8577,2561],[1,3],[4,0],[-2,3]],[[8604,2547],[1,-2],[-8,-4],[-4,3],[0,-17]],[[4781,4698],[-4,-1],[-2,1],[-27,0],[-61,-4]],[[4687,4694],[0,1],[3,17],[-17,0],[0,22],[-22,0],[5,5],[2,3],[-66,0]],[[7203,3389],[-70,0]],[[7133,3389],[4,3],[6,1],[2,3],[1,5],[6,6],[4,6],[9,7],[3,0],[7,4],[4,1],[5,3],[3,2],[2,1],[1,3]],[[7203,3442],[1,1],[25,0]],[[7310,3467],[0,-24]],[[7175,3459],[-10,7],[0,2],[3,3],[3,2],[1,2],[5,3],[3,4],[1,1],[5,7],[4,4],[1,2],[5,5],[3,5],[7,4],[5,5],[5,2]],[[7303,4634],[-4,5],[-2,1],[-2,6],[2,6],[4,4],[0,2],[-2,6],[-4,0]],[[7288,4680],[85,0]],[[3937,5144],[10,0],[51,2],[42,3],[0,-26],[29,0]],[[7476,3807],[-2,3],[3,7],[-1,8],[3,13],[-1,3],[0,5],[2,9],[-3,15],[4,21],[0,5],[1,10]],[[7432,3807],[-3,4],[-6,11],[-1,4],[-1,6],[-3,1],[-4,4],[-1,1],[-5,6],[-1,3],[-2,2],[-3,3],[-4,3],[-5,5],[-4,6],[0,6],[1,2],[2,9],[0,10],[2,3],[5,2],[1,3],[3,-1],[-3,5],[1,5]],[[5366,2888],[1,6],[0,3],[0,6],[-1,4],[1,2],[-1,4],[-1,1],[-4,2],[0,2],[7,0],[1,3]],[[5500,2971],[-3,-63],[1,-18]],[[8949,853],[1,4],[-1,4],[-10,12],[-7,7],[-6,4]],[[8937,948],[4,2],[7,2],[5,3],[3,1],[12,5],[12,3],[8,5]],[[5658,2971],[0,-15],[-4,1],[0,-14]],[[9470,3016],[0,0],[-46,0],[0,1],[-55,0],[0,9],[-50,0]],[[9319,3058],[24,7],[1,0],[77,0],[3,-5],[46,0],[0,-7],[21,9]],[[7136,3329],[0,4],[-3,10],[-3,5],[-6,7],[-6,4],[-6,1],[-4,2],[-2,4],[5,2],[3,5],[9,-1],[6,4],[2,4],[-1,5],[3,4]],[[7310,3619],[3,2],[4,1],[4,4],[4,1],[3,0],[7,7],[1,4],[3,3],[3,1],[-1,2],[2,2],[4,1],[-1,3],[6,2],[1,5],[4,2],[2,4],[3,1],[3,0],[5,2],[8,6],[4,3],[3,5],[1,3],[5,10],[3,1],[0,4],[2,3],[6,2],[4,2],[1,3],[11,2],[7,-1],[5,0],[1,-4],[3,-4],[-10,-15],[-2,-1],[-5,0],[0,2],[0,4],[-1,5],[-1,2],[-2,-11],[-2,-3],[-2,-4],[0,-4],[4,-2],[9,1],[1,2],[7,1],[5,7],[0,1]],[[6771,2462],[-1,85]],[[6998,2583],[7,3],[10,6],[7,5],[4,3]],[[7076,2600],[0,-13],[5,-12],[-2,-3],[-5,-7],[0,-3],[4,-9],[0,-5],[0,-3],[2,-5],[1,-5],[0,-6],[-1,-4],[2,-5],[1,-5],[0,-5],[2,-2],[3,-6],[7,-5],[5,-11],[-1,-4],[1,-7],[-2,-4],[1,-2],[3,-3],[1,-3]],[[7055,2454],[-4,2],[-12,1],[-17,0],[-5,0],[-8,-3],[-7,-5],[-4,-1]],[[5312,4034],[8,0],[76,0],[2,0]],[[8043,2942],[7,0],[-3,11],[-1,30],[0,1]],[[7809,3285],[0,5],[-5,-2],[1,10],[3,4],[0,20]],[[3509,5101],[5,1],[31,1],[0,-30],[16,0]],[[7825,2155],[-2,0],[-4,2],[-3,1],[0,6],[-4,2],[-3,3],[0,6]],[[9672,535],[0,-40]],[[7087,2846],[1,4],[0,19],[-2,15],[-4,8],[-1,5],[-4,6]],[[7715,2991],[-2,8]],[[5927,2258],[-1,3],[3,0],[4,-1],[3,-4],[-7,0],[-2,2]],[[5925,2271],[1,3],[3,1],[1,-3],[-1,-2],[-3,-1],[1,-4],[-3,0],[-2,3],[3,3]],[[6207,2417],[2,1],[-1,5],[2,3],[4,-2],[2,-5],[4,-3],[3,-2],[8,-4],[11,-6],[-1,-2],[2,-2],[-2,-3],[-1,-5],[-5,0],[-1,2],[-4,4],[-5,1],[-2,3],[-6,1],[-3,-2],[-6,-1],[-7,5],[-2,3],[1,4],[-1,3],[3,1],[4,-1],[1,2]],[[6217,2440],[6,2],[4,-1],[2,-4],[-5,-1],[-4,1],[-3,3]],[[7526,4108],[-3,-2],[-5,2],[-1,2],[5,3],[4,0]],[[7961,2625],[3,-2]],[[7964,2623],[1,-12]],[[8665,2290],[-6,-2],[-5,-2],[-3,-2],[-3,-4],[-2,-6],[1,-4],[6,-8],[1,-5],[0,-6],[-2,-4],[-10,-7],[-4,-3]],[[7918,2572],[0,2],[-4,10],[-2,5],[0,3]],[[7901,2641],[1,5],[3,2],[2,5],[4,3]],[[7898,2640],[-3,10]],[[9045,1055],[3,18],[1,14],[0,12],[1,7],[0,9],[-2,24]],[[4265,4265],[-7,3],[-5,0],[-8,-5],[0,-2],[-3,-2],[-2,-3],[-6,1],[-2,-1],[-2,3],[2,3],[-7,2],[-1,3],[-5,1],[-4,4],[5,0],[2,-2],[5,3],[1,5],[2,1],[1,3],[-4,7],[-3,1],[0,2],[5,1],[9,4],[5,-2],[4,3],[-1,6],[6,-1],[2,1],[3,-1]],[[4264,4297],[-6,0],[7,-32]],[[6538,1964],[4,0],[4,-1],[5,1],[3,2],[6,2],[4,-1],[4,1],[5,-1],[6,2],[10,2],[4,2],[6,0],[12,3],[2,2],[3,-1],[5,2],[8,1],[2,-2],[5,0],[3,2],[2,-2],[3,3],[3,-2],[11,1],[5,1],[6,-1],[5,0]],[[6628,2462],[4,4],[-1,6],[-1,4],[-3,8],[-8,15],[-8,12],[-5,2],[2,4],[7,2],[2,1],[2,4],[1,3],[2,2],[6,1]],[[8618,2378],[0,-6],[2,-1],[-4,-7]],[[3508,5229],[23,-14],[5,-3],[33,-8],[83,-14]],[[5745,2971],[-1,-10],[-6,-3],[-8,-4],[4,-1]],[[5860,2968],[-6,-1],[-2,-1],[-1,-3],[1,-2],[-1,-2],[-4,-2],[-3,-4],[3,-3],[-3,-2],[1,-2],[5,-6],[-4,-1],[-3,6],[-4,1],[-5,-1],[-3,-2],[-4,-2],[-2,-4],[-3,3],[-3,1],[-3,0],[1,4],[-2,2],[-4,1],[-4,0],[-7,-2],[-5,-2],[-11,-7]],[[7954,2307],[0,-3],[-21,-1]],[[7936,2329],[9,-14],[3,-5],[6,-3]],[[7133,4162],[0,4],[8,8],[0,1]],[[7141,4175],[3,-2],[10,-6],[2,-2],[-2,-2],[1,-1]],[[7155,4162],[-13,-4],[-3,-2],[-1,-3],[-4,2]],[[7167,4207],[-1,-3],[-6,-8],[-1,-2],[3,-4],[3,4],[1,0],[-4,-8],[3,-1],[0,-2],[-1,-3],[-6,-2],[-3,2],[-2,-1],[-1,-2],[0,-3],[3,-3],[3,-1],[2,-4],[-2,-3],[-3,-1]],[[7141,4175],[-15,6]],[[7126,4181],[-13,5],[-6,3]],[[7093,4182],[3,-4],[-2,-2],[-6,-12],[-1,-3],[-5,-1]],[[7105,4157],[-1,4],[0,7],[3,8],[0,2],[-3,7]],[[7126,4181],[-3,-3],[0,-12],[1,-4]],[[8285,4025],[-10,-4],[0,-8],[1,-3],[7,-7],[1,-6],[4,-3],[0,-5],[-2,-3],[0,-2],[-5,-7],[-6,-5],[0,-3]],[[9393,3208],[-7,2],[-67,0]],[[7695,3049],[-8,11],[-2,3],[1,5],[3,10],[0,4],[0,4],[-3,6],[0,5]],[[7766,3051],[-41,3],[-20,4],[0,-9],[-10,0]],[[4264,5133],[0,266],[-98,0]],[[5289,5921],[-2,-2],[-22,4]],[[5256,5918],[33,-23],[-1,-42]],[[8203,2803],[-2,-1],[-3,2],[1,4],[-5,1],[-3,2]],[[8094,5186],[13,0],[19,4],[-1,51],[0,40],[13,-12],[17,7],[4,1],[3,-1],[3,1],[6,4],[7,4],[6,1],[0,2],[12,4],[1,2],[5,2],[12,1],[11,3],[32,4],[92,12],[27,4],[68,9],[-2,12],[21,6],[2,0],[4,-2],[8,-4],[6,-4],[13,-2],[58,-4],[3,1],[1,8],[2,1],[46,6],[-5,30],[1,2],[44,4],[3,0],[-16,76],[0,1],[12,2],[1,1],[3,13],[0,12],[-4,118],[54,44]],[[7567,4844],[0,11],[0,69]],[[7574,1870],[6,-1],[4,-2],[7,0],[7,2],[2,3],[2,0],[-1,-5],[-2,-4],[-3,-5],[2,-5],[2,-1],[0,-5],[2,0],[2,-4],[5,-2],[0,-2],[-4,-3],[-3,-1],[-1,2],[-5,-1],[-1,-2],[-6,1],[-5,-4],[-12,-8],[-8,-7]],[[7719,4466],[0,7],[1,4],[8,24]],[[7470,1811],[-7,3],[-7,3],[-5,1],[-6,3],[-5,0],[-10,2],[-6,1],[-2,1],[-5,-2]],[[7991,2308],[-3,-4],[-3,-2],[-3,-5],[-4,-1]],[[7978,2296],[-3,3],[-4,2],[-3,3],[-9,3],[-5,0]],[[7962,2285],[5,2],[0,2],[4,0],[7,7]],[[8006,2287],[5,-6],[-11,0],[0,2],[-9,0],[0,-10],[-2,0],[0,-7],[5,0],[0,-4]],[[7528,4492],[3,3],[6,2],[3,3],[6,3],[3,8],[-2,4],[0,6],[3,3],[-4,5],[0,2],[-3,4],[-3,3],[-3,0],[-3,-1],[-6,2],[4,6],[-1,8],[3,3],[-1,3],[-2,1],[0,5],[-1,2],[2,3],[-1,2],[-2,3],[-2,6],[-1,6],[-4,3],[-1,2],[-4,-1],[-9,7],[-4,-3],[-3,4],[1,4],[2,2],[-2,7]],[[7706,3021],[-1,3],[-2,9],[-5,12],[-3,4]],[[7407,4533],[11,0],[8,1],[7,0],[25,4],[4,2],[9,-5],[15,-8],[7,-3],[5,-4],[4,-1]],[[7382,4477],[-2,2],[-3,5],[-1,0],[-1,4],[1,4],[-4,2],[0,-3],[-4,-1],[-1,4],[-6,1],[-5,2],[0,2],[-6,6],[-4,3],[-3,2],[-4,5],[-2,-1],[-1,4],[-3,2],[0,3],[4,6],[5,3],[4,6],[1,4],[3,2],[1,-6],[5,-5]],[[7639,4205],[-2,-11],[3,0],[7,-3],[5,1],[2,0],[4,-4],[4,1],[3,-1],[6,1],[8,4],[11,-5],[2,1],[5,0],[2,-2],[7,3],[1,2],[3,1],[2,7],[3,2],[1,7],[-2,3],[0,3]],[[7689,2119],[8,3],[2,0],[7,6],[8,3],[13,10]],[[4687,4694],[0,-7],[3,-14],[-1,-4],[-60,0],[8,-7],[3,-2],[0,-26],[-19,0],[-1,-6],[-28,0],[0,-7]],[[7138,2023],[-1,-1],[2,-5],[0,-3],[3,-4],[3,0],[0,-2],[4,-2]],[[6983,2049],[7,0],[13,2],[5,0],[11,-3],[6,-2],[10,-2],[4,0],[13,6],[9,1],[5,2],[3,3],[4,1],[3,-1],[4,-3]],[[4665,4078],[-5,2],[-5,-1],[-2,-3],[-7,-7],[-6,-3],[-6,-2],[-5,-3],[2,-4],[3,-3],[5,-7],[4,-2],[0,-4],[2,-3],[9,-2],[9,-4],[6,0],[3,1],[3,5],[1,0],[4,-3],[4,-2],[4,2],[2,3],[3,1],[1,2],[0,4],[5,-2],[-1,-6],[4,-3],[-8,-4],[-6,4],[-4,-2],[0,-2],[2,-1],[1,-4],[3,-4],[0,-2],[5,-5],[4,-2],[8,3],[2,-2],[7,1],[1,-2],[0,-3],[-3,-2],[-2,2],[-7,2],[-4,-1],[-3,-2],[1,-2],[-1,-3],[-5,-2],[-1,-3],[1,-1],[-2,-4],[-5,7],[-4,4],[-2,0],[-1,3],[-3,2],[-4,6],[-3,0],[-7,5],[-1,6],[-5,-1],[-3,3],[-3,2],[-2,3],[-3,0],[-3,3],[-2,0],[-4,0],[-3,-2],[-2,2],[-4,0],[-3,2],[-4,0],[-2,5],[-2,2],[-5,1],[-2,2],[-4,3],[-2,-1],[-5,2],[-9,6],[-3,3],[-4,2],[-3,0]],[[4719,4018],[2,4],[4,0],[0,2],[-2,4],[6,-2],[3,-5],[-4,-6],[-5,0],[-3,1],[-1,2]],[[9969,1424],[0,-25],[1,0],[0,-51]],[[9965,3257],[0,-58],[1,-37]],[[9966,3162],[-81,0],[-23,0]],[[7954,2641],[-7,-7]],[[7947,2634],[-8,5]],[[7939,2639],[-1,1]],[[7950,2644],[4,-3]],[[7954,2644],[-1,8]],[[7940,2628],[-1,11]],[[7237,2527],[0,13],[3,28],[9,18]],[[7317,2587],[0,-5],[-3,-3],[-1,-3],[-2,-1],[-2,-3],[-3,-6],[-2,-5],[-4,-6],[-2,-5],[0,-4],[-3,-3],[0,-4],[1,-6],[2,-4],[0,-2]],[[9374,3112],[-9,-1],[-6,0],[-2,1],[-13,0],[-4,-2],[-9,-1],[-3,-1],[-9,0]],[[9973,780],[0,-40],[0,-7]],[[5224,4148],[30,0]],[[9968,20],[0,-15],[-3,1],[-17,2],[-2,0],[-9,0],[-9,0],[-13,4],[-9,0],[-4,0],[-11,-2],[-9,4],[-10,2],[-7,2],[-7,0]],[[9017,996],[1,3],[7,4]],[[7567,5044],[-21,-37],[-51,-83],[-84,0],[0,50],[0,10],[-7,5],[-10,-3],[-9,3],[-1,-6],[-7,-7],[-18,-9],[-10,-1],[-2,-1],[-9,0],[0,5],[-2,6],[-8,1],[-13,-2],[-6,-1],[-17,2],[-45,0],[4,46],[-48,4],[7,14],[-1,19],[3,14],[29,24]],[[2899,5412],[0,-146]],[[2234,5288],[-5,2],[-8,4],[-5,2],[-8,4],[-14,6],[-3,3],[-4,1],[-9,5],[-14,5],[-15,8],[-3,1],[-6,4],[-4,1],[-8,3],[-13,7],[-11,4],[-6,3],[-17,8],[-6,2],[-10,4],[-8,3],[-7,3],[-6,2],[-8,4],[-3,2],[-5,1],[-6,3],[-5,2],[-3,0],[-2,2],[-2,0],[-3,2],[-7,1],[-1,2],[-7,2],[-3,0],[-3,1],[0,2],[-4,1],[-4,3],[-3,-1],[-6,4],[-8,3],[-3,0],[-4,3],[-5,1],[-5,3],[-10,3],[-4,3],[-4,1],[-2,2],[-15,5],[-3,2],[-4,1],[-6,3],[-3,0],[-7,4],[-12,4],[-5,3],[-11,2],[-3,3],[-4,0],[-13,6],[-4,0],[-2,2],[-7,1],[-4,2],[-6,1],[-7,3],[-13,2],[-6,1],[-9,0],[-4,-1],[-3,1],[-3,-2],[-5,-5],[-4,-3],[-5,0],[-7,-5],[-4,-2],[-6,-1],[-2,-3],[-4,-1],[-5,-4],[-4,-5],[-5,-4],[0,-3],[-3,-6],[-3,-4],[-7,-4],[-3,0],[-2,-2],[-8,-4],[-6,-3],[-9,-3],[-4,-1],[-3,-1],[-7,-2],[-10,-4],[-3,-2],[-5,-1],[-4,-1],[-13,-4],[-15,-5],[-3,-2],[-5,-1],[-4,-1],[-4,-1],[-8,-2]],[[8239,4680],[0,-83],[0,-66]],[[9966,3162],[0,-63]],[[4333,4225],[-3,6],[-7,11],[-9,9],[-4,2],[-11,5],[-4,0],[-9,-2],[-2,-2],[-3,-3],[0,-2],[1,-3],[4,-1],[-2,-3],[-4,0],[-3,2],[-1,4],[-6,2],[-1,1],[3,2],[0,4],[-7,8]],[[3327,5399],[0,-114],[1,-56]],[[8786,2641],[3,-1],[1,1]]],"transform":{"scale":[0.001200231583458336,0.0012067389323932372],"translate":[129.0018469360001,-38.06256060299995]},"objects":{"SAL_2021_AUST_GDA2020":{"type":"GeometryCollection","geometries":[{"arcs":[[0,1,2]],"type":"Polygon","properties":{"SAL_CODE21":"40001","SAL_NAME21":"Aberfoyle Park","STE_CODE21":"4"},"id":"40001"},{"arcs":[[3,4,5,6,7,8,9,10,11,12,13,14,15]],"type":"Polygon","properties":{"SAL_CODE21":"40002","SAL_NAME21":"Adelaide","STE_CODE21":"4"},"id":"40002"},{"arcs":[[16,17,18,19,20,21,22,23]],"type":"Polygon","properties":{"SAL_CODE21":"40003","SAL_NAME21":"Adelaide Airport","STE_CODE21":"4"},"id":"40003"},{"arcs":[[24,25,26,27,28,29,30,31]],"type":"Polygon","properties":{"SAL_CODE21":"40004","SAL_NAME21":"Agery","STE_CODE21":"4"},"id":"40004"},{"arcs":[[32,33,34,35]],"type":"Polygon","properties":{"SAL_CODE21":"40005","SAL_NAME21":"Alawoona","STE_CODE21":"4"},"id":"40005"},{"arcs":[[36,37,38,39,40,41]],"type":"Polygon","properties":{"SAL_CODE21":"40006","SAL_NAME21":"Albert Park (SA)","STE_CODE21":"4"},"id":"40006"},{"arcs":[[42,43,44,45]],"type":"Polygon","properties":{"SAL_CODE21":"40007","SAL_NAME21":"Alberton (SA)","STE_CODE21":"4"},"id":"40007"},{"arcs":[[46,47,48,49,50]],"type":"Polygon","properties":{"SAL_CODE21":"40008","SAL_NAME21":"Aldgate","STE_CODE21":"4"},"id":"40008"},{"arcs":[[51,52,53,54,55,56]],"type":"Polygon","properties":{"SAL_CODE21":"40009","SAL_NAME21":"Aldinga","STE_CODE21":"4"},"id":"40009"},{"arcs":[[57,58,-54,59,60]],"type":"Polygon","properties":{"SAL_CODE21":"40010","SAL_NAME21":"Aldinga Beach","STE_CODE21":"4"},"id":"40010"},{"arcs":[[61,62,63,64,65,66,67]],"type":"Polygon","properties":{"SAL_CODE21":"40011","SAL_NAME21":"Alford","STE_CODE21":"4"},"id":"40011"},{"arcs":[[68,69,70,71,72]],"type":"Polygon","properties":{"SAL_CODE21":"40012","SAL_NAME21":"Allenby Gardens","STE_CODE21":"4"},"id":"40012"},{"arcs":[[73,74,75,76,77]],"type":"Polygon","properties":{"SAL_CODE21":"40013","SAL_NAME21":"Allendale East","STE_CODE21":"4"},"id":"40013"},{"arcs":[[78,79,80]],"type":"Polygon","properties":{"SAL_CODE21":"40014","SAL_NAME21":"Allendale North","STE_CODE21":"4"},"id":"40014"},{"arcs":[[81,82,83,84,85,86,87]],"type":"Polygon","properties":{"SAL_CODE21":"40015","SAL_NAME21":"Alma (SA)","STE_CODE21":"4"},"id":"40015"},{"arcs":[[88,89,90,91]],"type":"Polygon","properties":{"SAL_CODE21":"40016","SAL_NAME21":"Altona (SA)","STE_CODE21":"4"},"id":"40016"},{"arcs":[[92]],"type":"Polygon","properties":{"SAL_CODE21":"40017","SAL_NAME21":"Amata","STE_CODE21":"4"},"id":"40017"},{"arcs":[[93,94,95,96]],"type":"Polygon","properties":{"SAL_CODE21":"40018","SAL_NAME21":"American Beach","STE_CODE21":"4"},"id":"40018"},{"arcs":[[97,98,99]],"type":"Polygon","properties":{"SAL_CODE21":"40019","SAL_NAME21":"American River","STE_CODE21":"4"},"id":"40019"},{"arcs":[[100,101,102,103]],"type":"Polygon","properties":{"SAL_CODE21":"40020","SAL_NAME21":"Amyton","STE_CODE21":"4"},"id":"40020"},{"arcs":[[104,105,106,107,108]],"type":"Polygon","properties":{"SAL_CODE21":"40021","SAL_NAME21":"Anama","STE_CODE21":"4"},"id":"40021"},{"arcs":[[109,110,111,112],[113],[114],[115],[116],[117],[118,119],[-93],[120],[121]],"type":"Polygon","properties":{"SAL_CODE21":"40022","SAL_NAME21":"Anangu Pitjantjatjara Yankunytjatjara","STE_CODE21":"4"},"id":"40022"},{"arcs":[[122]],"type":"Polygon","properties":{"SAL_CODE21":"40023","SAL_NAME21":"Andamooka","STE_CODE21":"4"},"id":"40023"},{"arcs":[[123,124,125,126,127,128],[-123],[129],[130]],"type":"Polygon","properties":{"SAL_CODE21":"40024","SAL_NAME21":"Andamooka Station","STE_CODE21":"4"},"id":"40024"},{"arcs":[[131,132,133,134,135,136]],"type":"Polygon","properties":{"SAL_CODE21":"40025","SAL_NAME21":"Andrews","STE_CODE21":"4"},"id":"40025"},{"arcs":[[137,138,139,140,141,142]],"type":"Polygon","properties":{"SAL_CODE21":"40026","SAL_NAME21":"Andrews Farm","STE_CODE21":"4"},"id":"40026"},{"arcs":[[143,144,145,146,147,148,149]],"type":"Polygon","properties":{"SAL_CODE21":"40027","SAL_NAME21":"Angas Plains","STE_CODE21":"4"},"id":"40027"},{"arcs":[[150,151,152,153,154]],"type":"Polygon","properties":{"SAL_CODE21":"40028","SAL_NAME21":"Angas Valley","STE_CODE21":"4"},"id":"40028"},{"arcs":[[155,156,157,158,159,160,161,162,163,164]],"type":"Polygon","properties":{"SAL_CODE21":"40029","SAL_NAME21":"Angaston","STE_CODE21":"4"},"id":"40029"},{"arcs":[[165,166,167,168]],"type":"Polygon","properties":{"SAL_CODE21":"40030","SAL_NAME21":"Angle Park","STE_CODE21":"4"},"id":"40030"},{"arcs":[[169,170,171,172,173,174,175]],"type":"Polygon","properties":{"SAL_CODE21":"40031","SAL_NAME21":"Angle Vale","STE_CODE21":"4"},"id":"40031"},{"arcs":[[176,177,178,179,180,181,182]],"type":"Polygon","properties":{"SAL_CODE21":"40032","SAL_NAME21":"Anna Creek","STE_CODE21":"4"},"id":"40032"},{"arcs":[[183,184,185,186]],"type":"Polygon","properties":{"SAL_CODE21":"40033","SAL_NAME21":"Annadale","STE_CODE21":"4"},"id":"40033"},{"arcs":[[187,188,189,190]],"type":"Polygon","properties":{"SAL_CODE21":"40034","SAL_NAME21":"Antechamber Bay","STE_CODE21":"4"},"id":"40034"},{"arcs":[[191,192,193,194]],"type":"Polygon","properties":{"SAL_CODE21":"40035","SAL_NAME21":"Apamurra","STE_CODE21":"4"},"id":"40035"},{"arcs":[[195,196,197,198,199,200]],"type":"Polygon","properties":{"SAL_CODE21":"40036","SAL_NAME21":"Apoinga","STE_CODE21":"4"},"id":"40036"},{"arcs":[[201,202,203,204,205,206]],"type":"Polygon","properties":{"SAL_CODE21":"40037","SAL_NAME21":"Appila","STE_CODE21":"4"},"id":"40037"},{"arcs":[[207,208,209,210,-127],[211],[212]],"type":"Polygon","properties":{"SAL_CODE21":"40038","SAL_NAME21":"Arcoona","STE_CODE21":"4"},"id":"40038"},{"arcs":[[213,214,215,216,217]],"type":"Polygon","properties":{"SAL_CODE21":"40039","SAL_NAME21":"Ardrossan","STE_CODE21":"4"},"id":"40039"},{"arcs":[[218,219,220,221,222]],"type":"Polygon","properties":{"SAL_CODE21":"40040","SAL_NAME21":"Arkaroola","STE_CODE21":"4"},"id":"40040"},{"arcs":[[223,224,225,226,227]],"type":"Polygon","properties":{"SAL_CODE21":"40041","SAL_NAME21":"Armagh","STE_CODE21":"4"},"id":"40041"},{"arcs":[[228,229,230,231,232]],"type":"Polygon","properties":{"SAL_CODE21":"40042","SAL_NAME21":"Arno Bay","STE_CODE21":"4"},"id":"40042"},{"arcs":[[233,234,235,-30,236,237]],"type":"Polygon","properties":{"SAL_CODE21":"40043","SAL_NAME21":"Arthurton","STE_CODE21":"4"},"id":"40043"},{"arcs":[[238,239,240,241,242]],"type":"Polygon","properties":{"SAL_CODE21":"40044","SAL_NAME21":"Ascot Park","STE_CODE21":"4"},"id":"40044"},{"arcs":[[243,244,245,246,247,248,249,250,251]],"type":"Polygon","properties":{"SAL_CODE21":"40045","SAL_NAME21":"Ashbourne (SA)","STE_CODE21":"4"},"id":"40045"},{"arcs":[[252,253,254,255]],"type":"Polygon","properties":{"SAL_CODE21":"40046","SAL_NAME21":"Ashford (SA)","STE_CODE21":"4"},"id":"40046"},{"arcs":[[256,257,258,259,260,261,262]],"type":"Polygon","properties":{"SAL_CODE21":"40047","SAL_NAME21":"Ashton","STE_CODE21":"4"},"id":"40047"},{"arcs":[[263,264,265,266,267,268]],"type":"Polygon","properties":{"SAL_CODE21":"40048","SAL_NAME21":"Ashville","STE_CODE21":"4"},"id":"40048"},{"arcs":[[269,270,271,272,273]],"type":"Polygon","properties":{"SAL_CODE21":"40049","SAL_NAME21":"Athelstone","STE_CODE21":"4"},"id":"40049"},{"arcs":[[274,275,276,277]],"type":"Polygon","properties":{"SAL_CODE21":"40050","SAL_NAME21":"Athol Park","STE_CODE21":"4"},"id":"40050"},{"arcs":[[278,279,280,281,282,283,284,285,286,287]],"type":"Polygon","properties":{"SAL_CODE21":"40051","SAL_NAME21":"Auburn (SA)","STE_CODE21":"4"},"id":"40051"},{"arcs":[[288,289,290,291,292]],"type":"Polygon","properties":{"SAL_CODE21":"40052","SAL_NAME21":"Auldana","STE_CODE21":"4"},"id":"40052"},{"arcs":[[293,294,295,296,297,298,299]],"type":"Polygon","properties":{"SAL_CODE21":"40053","SAL_NAME21":"Australia Plains","STE_CODE21":"4"},"id":"40053"},{"arcs":[[300,301,302,303,304,305]],"type":"Polygon","properties":{"SAL_CODE21":"40054","SAL_NAME21":"Avenue Range","STE_CODE21":"4"},"id":"40054"},{"arcs":[[306,307,308,309]],"type":"Polygon","properties":{"SAL_CODE21":"40055","SAL_NAME21":"Avoca Dell","STE_CODE21":"4"},"id":"40055"},{"arcs":[[310,311,312,313,314,315]],"type":"Polygon","properties":{"SAL_CODE21":"40056","SAL_NAME21":"Avon (SA)","STE_CODE21":"4"},"id":"40056"},{"arcs":[[316,317,318,319,320,321,322]],"type":"Polygon","properties":{"SAL_CODE21":"40057","SAL_NAME21":"Back Valley","STE_CODE21":"4"},"id":"40057"},{"arcs":[[323,324,325,-80,326,327,328]],"type":"Polygon","properties":{"SAL_CODE21":"40058","SAL_NAME21":"Bagot Well","STE_CODE21":"4"},"id":"40058"},{"arcs":[[329,330,331]],"type":"Polygon","properties":{"SAL_CODE21":"40059","SAL_NAME21":"Baird Bay","STE_CODE21":"4"},"id":"40059"},{"arcs":[[332,333,334,335,336]],"type":"Polygon","properties":{"SAL_CODE21":"40060","SAL_NAME21":"Bakara","STE_CODE21":"4"},"id":"40060"},{"arcs":[[337,338,339,-334,340]],"type":"Polygon","properties":{"SAL_CODE21":"40061","SAL_NAME21":"Bakara Well","STE_CODE21":"4"},"id":"40061"},{"arcs":[[341,342,343,344,345,346,347,348,349]],"type":"Polygon","properties":{"SAL_CODE21":"40062","SAL_NAME21":"Balaklava","STE_CODE21":"4"},"id":"40062"},{"arcs":[[350,351,352]],"type":"Polygon","properties":{"SAL_CODE21":"40063","SAL_NAME21":"Bald Hills (SA)","STE_CODE21":"4"},"id":"40063"},{"arcs":[[353,354,355,356]],"type":"Polygon","properties":{"SAL_CODE21":"40064","SAL_NAME21":"Baldina","STE_CODE21":"4"},"id":"40064"},{"arcs":[[357,358,359,360,361,362]],"type":"Polygon","properties":{"SAL_CODE21":"40065","SAL_NAME21":"Balgowan (SA)","STE_CODE21":"4"},"id":"40065"},{"arcs":[[363,364,365,366,367,368,369,370,371,372,373]],"type":"Polygon","properties":{"SAL_CODE21":"40066","SAL_NAME21":"Balhannah","STE_CODE21":"4"},"id":"40066"},{"arcs":[[374,375,376,377,-99]],"type":"Polygon","properties":{"SAL_CODE21":"40067","SAL_NAME21":"Ballast Head","STE_CODE21":"4"},"id":"40067"},{"arcs":[[378,379,380,381,382,383]],"type":"Polygon","properties":{"SAL_CODE21":"40068","SAL_NAME21":"Bangham","STE_CODE21":"4"},"id":"40068"},{"arcs":[[384,385,386,387,388,389]],"type":"Polygon","properties":{"SAL_CODE21":"40069","SAL_NAME21":"Bangor (SA)","STE_CODE21":"4"},"id":"40069"},{"arcs":[[390,391,392,393]],"type":"Polygon","properties":{"SAL_CODE21":"40070","SAL_NAME21":"Banksia Park","STE_CODE21":"4"},"id":"40070"},{"arcs":[[394,395,396,397,398,399]],"type":"Polygon","properties":{"SAL_CODE21":"40071","SAL_NAME21":"Barabba","STE_CODE21":"4"},"id":"40071"},{"arcs":[[400,401,402,403,-105]],"type":"Polygon","properties":{"SAL_CODE21":"40072","SAL_NAME21":"Barinia","STE_CODE21":"4"},"id":"40072"},{"arcs":[[404,405,406,407,408]],"type":"Polygon","properties":{"SAL_CODE21":"40073","SAL_NAME21":"Barmera","STE_CODE21":"4"},"id":"40073"},{"arcs":[[409,410,411,412,413]],"type":"Polygon","properties":{"SAL_CODE21":"40074","SAL_NAME21":"Barna","STE_CODE21":"4"},"id":"40074"},{"arcs":[[414,415,416,417]],"type":"Polygon","properties":{"SAL_CODE21":"40075","SAL_NAME21":"Barndioota","STE_CODE21":"4"},"id":"40075"},{"arcs":[[418,419,420,421,-389,422]],"type":"Polygon","properties":{"SAL_CODE21":"40076","SAL_NAME21":"Baroota","STE_CODE21":"4"},"id":"40076"},{"arcs":[[423,424,425,426]],"type":"Polygon","properties":{"SAL_CODE21":"40077","SAL_NAME21":"Barossa Goldfields","STE_CODE21":"4"},"id":"40077"},{"arcs":[[427,428,429,430,431]],"type":"Polygon","properties":{"SAL_CODE21":"40078","SAL_NAME21":"Barunga Gap","STE_CODE21":"4"},"id":"40078"},{"arcs":[[432,433,434,-259,435,436]],"type":"Polygon","properties":{"SAL_CODE21":"40079","SAL_NAME21":"Basket Range","STE_CODE21":"4"},"id":"40079"},{"arcs":[[437,438,-97,439]],"type":"Polygon","properties":{"SAL_CODE21":"40080","SAL_NAME21":"Baudin Beach","STE_CODE21":"4"},"id":"40080"},{"arcs":[[440,441,442,443]],"type":"Polygon","properties":{"SAL_CODE21":"40081","SAL_NAME21":"Bay Of Shoals","STE_CODE21":"4"},"id":"40081"},{"arcs":[[444,445,446,447,448]],"type":"Polygon","properties":{"SAL_CODE21":"40082","SAL_NAME21":"Beachport","STE_CODE21":"4"},"id":"40082"},{"arcs":[[449,450,451,452]],"type":"Polygon","properties":{"SAL_CODE21":"40083","SAL_NAME21":"Beatty","STE_CODE21":"4"},"id":"40083"},{"arcs":[[453,454,455,456,457,458]],"type":"Polygon","properties":{"SAL_CODE21":"40084","SAL_NAME21":"Beaufort (SA)","STE_CODE21":"4"},"id":"40084"},{"arcs":[[459,460,461,462,463,464,465]],"type":"Polygon","properties":{"SAL_CODE21":"40085","SAL_NAME21":"Beaumont (SA)","STE_CODE21":"4"},"id":"40085"},{"arcs":[[466,467,468,469]],"type":"Polygon","properties":{"SAL_CODE21":"40086","SAL_NAME21":"Beaumonts","STE_CODE21":"4"},"id":"40086"},{"arcs":[[470,471,472,473,474,475,476,477]],"type":"Polygon","properties":{"SAL_CODE21":"40087","SAL_NAME21":"Bedford Park","STE_CODE21":"4"},"id":"40087"},{"arcs":[[478,479,480,481,482,483,484,485,486]],"type":"Polygon","properties":{"SAL_CODE21":"40088","SAL_NAME21":"Beetaloo Valley","STE_CODE21":"4"},"id":"40088"},{"arcs":[[487,488,489,490,491,492,493,494,495,496,497]],"type":"Polygon","properties":{"SAL_CODE21":"40089","SAL_NAME21":"Belair","STE_CODE21":"4"},"id":"40089"},{"arcs":[[498,499,500,501,502,503,504,505]],"type":"Polygon","properties":{"SAL_CODE21":"40090","SAL_NAME21":"Belalie East","STE_CODE21":"4"},"id":"40090"},{"arcs":[[506,507,508,-504,509]],"type":"Polygon","properties":{"SAL_CODE21":"40091","SAL_NAME21":"Belalie North","STE_CODE21":"4"},"id":"40091"},{"arcs":[[510,-473,511,512,513]],"type":"Polygon","properties":{"SAL_CODE21":"40092","SAL_NAME21":"Bellevue Heights","STE_CODE21":"4"},"id":"40092"},{"arcs":[[514]],"type":"Polygon","properties":{"SAL_CODE21":"40093","SAL_NAME21":"Beltana","STE_CODE21":"4"},"id":"40093"},{"arcs":[[515,516,517,518,519,520,521,522],[-515]],"type":"Polygon","properties":{"SAL_CODE21":"40094","SAL_NAME21":"Beltana Station","STE_CODE21":"4"},"id":"40094"},{"arcs":[[523,524,525,526,527,528,529]],"type":"Polygon","properties":{"SAL_CODE21":"40095","SAL_NAME21":"Belton","STE_CODE21":"4"},"id":"40095"},{"arcs":[[530,531,532,533,534,-144]],"type":"Polygon","properties":{"SAL_CODE21":"40096","SAL_NAME21":"Belvidere","STE_CODE21":"4"},"id":"40096"},{"arcs":[[535,536,537,-227,538]],"type":"Polygon","properties":{"SAL_CODE21":"40097","SAL_NAME21":"Benbournie","STE_CODE21":"4"},"id":"40097"},{"arcs":[[539,540,541,542]],"type":"Polygon","properties":{"SAL_CODE21":"40098","SAL_NAME21":"Berri","STE_CODE21":"4"},"id":"40098"},{"arcs":[[543,-160,544,545,546]],"type":"Polygon","properties":{"SAL_CODE21":"40099","SAL_NAME21":"Bethany","STE_CODE21":"4"},"id":"40099"},{"arcs":[[547,548,549,550,551]],"type":"Polygon","properties":{"SAL_CODE21":"40100","SAL_NAME21":"Bethel","STE_CODE21":"4"},"id":"40100"},{"arcs":[[552,553,554,555]],"type":"Polygon","properties":{"SAL_CODE21":"40101","SAL_NAME21":"Beulah Park","STE_CODE21":"4"},"id":"40101"},{"arcs":[[556,557,-71,558,559,560,561]],"type":"Polygon","properties":{"SAL_CODE21":"40102","SAL_NAME21":"Beverley (SA)","STE_CODE21":"4"},"id":"40102"},{"arcs":[[562,563,564,565,566,567]],"type":"Polygon","properties":{"SAL_CODE21":"40103","SAL_NAME21":"Bibaringa","STE_CODE21":"4"},"id":"40103"},{"arcs":[[568,569]],"type":"Polygon","properties":{"SAL_CODE21":"40104","SAL_NAME21":"Big Bend","STE_CODE21":"4"},"id":"40104"},{"arcs":[[570,571,572,573]],"type":"Polygon","properties":{"SAL_CODE21":"40105","SAL_NAME21":"Biggs Flat","STE_CODE21":"4"},"id":"40105"},{"arcs":[[574,575,576,577,578,579]],"type":"Polygon","properties":{"SAL_CODE21":"40106","SAL_NAME21":"Billiatt","STE_CODE21":"4"},"id":"40106"},{"arcs":[[580,581,582,583,584,585,586]],"type":"Polygon","properties":{"SAL_CODE21":"40107","SAL_NAME21":"Binnum","STE_CODE21":"4"},"id":"40107"},{"arcs":[[587,588,589]],"type":"Polygon","properties":{"SAL_CODE21":"40108","SAL_NAME21":"Birchmore","STE_CODE21":"4"},"id":"40108"},{"arcs":[[590,591,592,593,594,595,596]],"type":"Polygon","properties":{"SAL_CODE21":"40109","SAL_NAME21":"Birdwood (SA)","STE_CODE21":"4"},"id":"40109"},{"arcs":[[597,598,599,600]],"type":"Polygon","properties":{"SAL_CODE21":"40110","SAL_NAME21":"Birkenhead","STE_CODE21":"4"},"id":"40110"},{"arcs":[[601,602,603,604,605]],"type":"Polygon","properties":{"SAL_CODE21":"40111","SAL_NAME21":"Black Forest","STE_CODE21":"4"},"id":"40111"},{"arcs":[[606,607,608,609,610,611,612]],"type":"Polygon","properties":{"SAL_CODE21":"40112","SAL_NAME21":"Black Hill (SA)","STE_CODE21":"4"},"id":"40112"},{"arcs":[[613,614,615]],"type":"Polygon","properties":{"SAL_CODE21":"40113","SAL_NAME21":"Black Point","STE_CODE21":"4"},"id":"40113"},{"arcs":[[616,617,618,619]],"type":"Polygon","properties":{"SAL_CODE21":"40114","SAL_NAME21":"Black Rock (SA)","STE_CODE21":"4"},"id":"40114"},{"arcs":[[620,621,-198,622,623,624,625]],"type":"Polygon","properties":{"SAL_CODE21":"40115","SAL_NAME21":"Black Springs (SA)","STE_CODE21":"4"},"id":"40115"},{"arcs":[[626,627,628,629,630]],"type":"Polygon","properties":{"SAL_CODE21":"40116","SAL_NAME21":"Blackfellows Caves","STE_CODE21":"4"},"id":"40116"},{"arcs":[[631,632,633]],"type":"Polygon","properties":{"SAL_CODE21":"40117","SAL_NAME21":"Blackfellows Creek","STE_CODE21":"4"},"id":"40117"},{"arcs":[[634,635,636,637,-304,638]],"type":"Polygon","properties":{"SAL_CODE21":"40118","SAL_NAME21":"Blackford","STE_CODE21":"4"},"id":"40118"},{"arcs":[[639,-513,640,-490,641,642,643]],"type":"Polygon","properties":{"SAL_CODE21":"40119","SAL_NAME21":"Blackwood (SA)","STE_CODE21":"4"},"id":"40119"},{"arcs":[[644,645,646,647]],"type":"Polygon","properties":{"SAL_CODE21":"40120","SAL_NAME21":"Blair Athol (SA)","STE_CODE21":"4"},"id":"40120"},{"arcs":[[648,649,650,651,652,653,654]],"type":"Polygon","properties":{"SAL_CODE21":"40121","SAL_NAME21":"Blakeview","STE_CODE21":"4"},"id":"40121"},{"arcs":[[655,656,657]],"type":"Polygon","properties":{"SAL_CODE21":"40122","SAL_NAME21":"Blakiston","STE_CODE21":"4"},"id":"40122"},{"arcs":[[658,659,660]],"type":"Polygon","properties":{"SAL_CODE21":"40123","SAL_NAME21":"Blanche Harbor","STE_CODE21":"4"},"id":"40123"},{"arcs":[[661,662,-187,663,664,665,666,667,668,669,670,671]],"type":"Polygon","properties":{"SAL_CODE21":"40124","SAL_NAME21":"Blanchetown","STE_CODE21":"4"},"id":"40124"},{"arcs":[[-534,672,673,674,675]],"type":"Polygon","properties":{"SAL_CODE21":"40125","SAL_NAME21":"Bletchley","STE_CODE21":"4"},"id":"40125"},{"arcs":[[676,677,678,679,680]],"type":"Polygon","properties":{"SAL_CODE21":"40126","SAL_NAME21":"Blewitt Springs","STE_CODE21":"4"},"id":"40126"},{"arcs":[[681,682,-516,683]],"type":"Polygon","properties":{"SAL_CODE21":"40127","SAL_NAME21":"Blinman","STE_CODE21":"4"},"id":"40127"},{"arcs":[[684,685,686,687,688]],"type":"Polygon","properties":{"SAL_CODE21":"40128","SAL_NAME21":"Bluff Beach","STE_CODE21":"4"},"id":"40128"},{"arcs":[[689,690,691,692,693,-536,694]],"type":"Polygon","properties":{"SAL_CODE21":"40129","SAL_NAME21":"Blyth","STE_CODE21":"4"},"id":"40129"},{"arcs":[[695,696]],"type":"Polygon","properties":{"SAL_CODE21":"40130","SAL_NAME21":"Boatswain Point","STE_CODE21":"4"},"id":"40130"},{"arcs":[[697,698,699,700]],"type":"Polygon","properties":{"SAL_CODE21":"40131","SAL_NAME21":"Bockelberg","STE_CODE21":"4"},"id":"40131"},{"arcs":[[701,702,703,-695,-539,-226]],"type":"Polygon","properties":{"SAL_CODE21":"40132","SAL_NAME21":"Boconnoc Park","STE_CODE21":"4"},"id":"40132"},{"arcs":[[704,705,706,707,708,709,710]],"type":"Polygon","properties":{"SAL_CODE21":"40133","SAL_NAME21":"Bolivar","STE_CODE21":"4"},"id":"40133"},{"arcs":[[711,712]],"type":"Polygon","properties":{"SAL_CODE21":"40134","SAL_NAME21":"Bolto","STE_CODE21":"4"},"id":"40134"},{"arcs":[[713,-133,714,715,716,717]],"type":"Polygon","properties":{"SAL_CODE21":"40135","SAL_NAME21":"Booborowie","STE_CODE21":"4"},"id":"40135"},{"arcs":[[718,719,720,721,722]],"type":"Polygon","properties":{"SAL_CODE21":"40136","SAL_NAME21":"Bookpurnong","STE_CODE21":"4"},"id":"40136"},{"arcs":[[723,724,725,726]],"type":"Polygon","properties":{"SAL_CODE21":"40137","SAL_NAME21":"Bool Lagoon","STE_CODE21":"4"},"id":"40137"},{"arcs":[[727,728,729,730,731,732,733,-203]],"type":"Polygon","properties":{"SAL_CODE21":"40138","SAL_NAME21":"Booleroo Centre","STE_CODE21":"4"},"id":"40138"},{"arcs":[[734,735,736,737,738,739]],"type":"Polygon","properties":{"SAL_CODE21":"40139","SAL_NAME21":"Boolgun","STE_CODE21":"4"},"id":"40139"},{"arcs":[[740,741,742,743,744]],"type":"Polygon","properties":{"SAL_CODE21":"40140","SAL_NAME21":"Boonerdo","STE_CODE21":"4"},"id":"40140"},{"arcs":[[745,746,-27,747,748,749,750,751]],"type":"Polygon","properties":{"SAL_CODE21":"40141","SAL_NAME21":"Boors Plain","STE_CODE21":"4"},"id":"40141"},{"arcs":[[752,753,754,755,756,757,758]],"type":"Polygon","properties":{"SAL_CODE21":"40142","SAL_NAME21":"Bordertown","STE_CODE21":"4"},"id":"40142"},{"arcs":[[-753,759,760,761]],"type":"Polygon","properties":{"SAL_CODE21":"40143","SAL_NAME21":"Bordertown South","STE_CODE21":"4"},"id":"40143"},{"arcs":[[762,763,764,765,766,767]],"type":"Polygon","properties":{"SAL_CODE21":"40144","SAL_NAME21":"Borrika","STE_CODE21":"4"},"id":"40144"},{"arcs":[[768,769,770,771,772]],"type":"Polygon","properties":{"SAL_CODE21":"40145","SAL_NAME21":"Boston","STE_CODE21":"4"},"id":"40145"},{"arcs":[[773,774,775,776,777]],"type":"Polygon","properties":{"SAL_CODE21":"40146","SAL_NAME21":"Bowden","STE_CODE21":"4"},"id":"40146"},{"arcs":[[-298,778,779,780,-452,781,782,783]],"type":"Polygon","properties":{"SAL_CODE21":"40147","SAL_NAME21":"Bower","STE_CODE21":"4"},"id":"40147"},{"arcs":[[784,785,786,787,788,789,790,791]],"type":"Polygon","properties":{"SAL_CODE21":"40148","SAL_NAME21":"Bowhill","STE_CODE21":"4"},"id":"40148"},{"arcs":[[792,793,794,-691]],"type":"Polygon","properties":{"SAL_CODE21":"40149","SAL_NAME21":"Bowillia","STE_CODE21":"4"},"id":"40149"},{"arcs":[[795,-457,796,797,798,799]],"type":"Polygon","properties":{"SAL_CODE21":"40150","SAL_NAME21":"Bowmans","STE_CODE21":"4"},"id":"40150"},{"arcs":[[800,801,802,803,804,805]],"type":"Polygon","properties":{"SAL_CODE21":"40151","SAL_NAME21":"Bradbury (SA)","STE_CODE21":"4"},"id":"40151"},{"arcs":[[-201,806,807,808,809]],"type":"Polygon","properties":{"SAL_CODE21":"40152","SAL_NAME21":"Brady Creek","STE_CODE21":"4"},"id":"40152"},{"arcs":[[810,811,812,813]],"type":"Polygon","properties":{"SAL_CODE21":"40153","SAL_NAME21":"Brahma Lodge","STE_CODE21":"4"},"id":"40153"},{"arcs":[[814,815,816,817,818]],"type":"Polygon","properties":{"SAL_CODE21":"40154","SAL_NAME21":"Bramfield","STE_CODE21":"4"},"id":"40154"},{"arcs":[[819,820,821,822,823,824]],"type":"Polygon","properties":{"SAL_CODE21":"40155","SAL_NAME21":"Bray","STE_CODE21":"4"},"id":"40155"},{"arcs":[[825,826,827]],"type":"Polygon","properties":{"SAL_CODE21":"40156","SAL_NAME21":"Brenda Park","STE_CODE21":"4"},"id":"40156"},{"arcs":[[828,829,830,831]],"type":"Polygon","properties":{"SAL_CODE21":"40157","SAL_NAME21":"Brentwood (SA)","STE_CODE21":"4"},"id":"40157"},{"arcs":[[-51,832,833,834,835]],"type":"Polygon","properties":{"SAL_CODE21":"40158","SAL_NAME21":"Bridgewater (SA)","STE_CODE21":"4"},"id":"40158"},{"arcs":[[836,837,838,839,840,841]],"type":"Polygon","properties":{"SAL_CODE21":"40159","SAL_NAME21":"Bright (SA)","STE_CODE21":"4"},"id":"40159"},{"arcs":[[842,843,844,845,846]],"type":"Polygon","properties":{"SAL_CODE21":"40160","SAL_NAME21":"Brighton (SA)","STE_CODE21":"4"},"id":"40160"},{"arcs":[[847,848,849,850]],"type":"Polygon","properties":{"SAL_CODE21":"40161","SAL_NAME21":"Brimbago","STE_CODE21":"4"},"id":"40161"},{"arcs":[[851,852,853,854,855,856,857,858,859]],"type":"Polygon","properties":{"SAL_CODE21":"40162","SAL_NAME21":"Brinkley","STE_CODE21":"4"},"id":"40162"},{"arcs":[[860,861,862,863,864,865,866,867]],"type":"Polygon","properties":{"SAL_CODE21":"40163","SAL_NAME21":"Brinkworth","STE_CODE21":"4"},"id":"40163"},{"arcs":[[868,869,870,871,872,873,874]],"type":"Polygon","properties":{"SAL_CODE21":"40164","SAL_NAME21":"Broadview","STE_CODE21":"4"},"id":"40164"},{"arcs":[[-776,875,876,877]],"type":"Polygon","properties":{"SAL_CODE21":"40165","SAL_NAME21":"Brompton","STE_CODE21":"4"},"id":"40165"},{"arcs":[[878,879,880,881,882,883,884]],"type":"Polygon","properties":{"SAL_CODE21":"40166","SAL_NAME21":"Brooker","STE_CODE21":"4"},"id":"40166"},{"arcs":[[885,886,887,888,-23,889]],"type":"Polygon","properties":{"SAL_CODE21":"40167","SAL_NAME21":"Brooklyn Park","STE_CODE21":"4"},"id":"40167"},{"arcs":[[890,891,-137,892]],"type":"Polygon","properties":{"SAL_CODE21":"40168","SAL_NAME21":"Broughton River Valley","STE_CODE21":"4"},"id":"40168"},{"arcs":[[893,894,895,-438]],"type":"Polygon","properties":{"SAL_CODE21":"40169","SAL_NAME21":"Brown Beach","STE_CODE21":"4"},"id":"40169"},{"arcs":[[896,897,-496,898,899,900,901]],"type":"Polygon","properties":{"SAL_CODE21":"40170","SAL_NAME21":"Brown Hill Creek","STE_CODE21":"4"},"id":"40170"},{"arcs":[[902,903,904,905,-783,906,-665]],"type":"Polygon","properties":{"SAL_CODE21":"40171","SAL_NAME21":"Brownlow","STE_CODE21":"4"},"id":"40171"},{"arcs":[[907,908,909]],"type":"Polygon","properties":{"SAL_CODE21":"40172","SAL_NAME21":"Brownlow Ki","STE_CODE21":"4"},"id":"40172"},{"arcs":[[910,911,912,913]],"type":"Polygon","properties":{"SAL_CODE21":"40173","SAL_NAME21":"Bruce (SA)","STE_CODE21":"4"},"id":"40173"},{"arcs":[[914,915,916,917,918,919]],"type":"Polygon","properties":{"SAL_CODE21":"40174","SAL_NAME21":"Brukunga","STE_CODE21":"4"},"id":"40174"},{"arcs":[[920,921,922,923,924,-328]],"type":"Polygon","properties":{"SAL_CODE21":"40175","SAL_NAME21":"Buchanan (SA)","STE_CODE21":"4"},"id":"40175"},{"arcs":[[925,926,927,928,929,930]],"type":"Polygon","properties":{"SAL_CODE21":"40176","SAL_NAME21":"Buchfelde","STE_CODE21":"4"},"id":"40176"},{"arcs":[[931,932,933,934,935]],"type":"Polygon","properties":{"SAL_CODE21":"40177","SAL_NAME21":"Buckingham (SA)","STE_CODE21":"4"},"id":"40177"},{"arcs":[[936,937,938,939,940,941]],"type":"Polygon","properties":{"SAL_CODE21":"40178","SAL_NAME21":"Buckland Park","STE_CODE21":"4"},"id":"40178"},{"arcs":[[942,943,944,945,946,947]],"type":"Polygon","properties":{"SAL_CODE21":"40179","SAL_NAME21":"Buckleboo","STE_CODE21":"4"},"id":"40179"},{"arcs":[[-721,948,949,950,951,952,953]],"type":"Polygon","properties":{"SAL_CODE21":"40180","SAL_NAME21":"Bugle Hut","STE_CODE21":"4"},"id":"40180"},{"arcs":[[954,955,956,957,958,959,960]],"type":"Polygon","properties":{"SAL_CODE21":"40181","SAL_NAME21":"Bugle Ranges","STE_CODE21":"4"},"id":"40181"},{"arcs":[[961,-247,962,963,964]],"type":"Polygon","properties":{"SAL_CODE21":"40182","SAL_NAME21":"Bull Creek (SA)","STE_CODE21":"4"},"id":"40182"},{"arcs":[[-430,965,966,967,968,969]],"type":"Polygon","properties":{"SAL_CODE21":"40183","SAL_NAME21":"Bumbunga","STE_CODE21":"4"},"id":"40183"},{"arcs":[[970,971,972,973,974]],"type":"Polygon","properties":{"SAL_CODE21":"40184","SAL_NAME21":"Bunbury (SA)","STE_CODE21":"4"},"id":"40184"},{"arcs":[[975,976,977,978]],"type":"Polygon","properties":{"SAL_CODE21":"40185","SAL_NAME21":"Bundaleer Gardens","STE_CODE21":"4"},"id":"40185"},{"arcs":[[-502,979,980,-979,981,982,983]],"type":"Polygon","properties":{"SAL_CODE21":"40186","SAL_NAME21":"Bundaleer North","STE_CODE21":"4"},"id":"40186"},{"arcs":[[-781,984,-839,985,986,987]],"type":"Polygon","properties":{"SAL_CODE21":"40187","SAL_NAME21":"Bundey","STE_CODE21":"4"},"id":"40187"},{"arcs":[[988,989,990,991,992,993]],"type":"Polygon","properties":{"SAL_CODE21":"40188","SAL_NAME21":"Bungama","STE_CODE21":"4"},"id":"40188"},{"arcs":[[-404,994,-537,995,-106]],"type":"Polygon","properties":{"SAL_CODE21":"40189","SAL_NAME21":"Bungaree (SA)","STE_CODE21":"4"},"id":"40189"},{"arcs":[[996,997,998,999,1000,1001,-310,1002,1003,1004,1005,1006,1007]],"type":"Polygon","properties":{"SAL_CODE21":"40190","SAL_NAME21":"Burdett","STE_CODE21":"4"},"id":"40190"},{"arcs":[[1008,1009,1010,1011,-863]],"type":"Polygon","properties":{"SAL_CODE21":"40191","SAL_NAME21":"Burnsfield","STE_CODE21":"4"},"id":"40191"},{"arcs":[[1012,-460,1013,1014,1015,1016,1017]],"type":"Polygon","properties":{"SAL_CODE21":"40192","SAL_NAME21":"Burnside (SA)","STE_CODE21":"4"},"id":"40192"},{"arcs":[[1018,1019,1020,1021,1022,1023,1024,-718,1025,1026,1027,-354]],"type":"Polygon","properties":{"SAL_CODE21":"40193","SAL_NAME21":"Burra (SA)","STE_CODE21":"4"},"id":"40193"},{"arcs":[[1028,-356,1029,1030,1031,1032,1033,-987]],"type":"Polygon","properties":{"SAL_CODE21":"40194","SAL_NAME21":"Burra Eastern Districts","STE_CODE21":"4"},"id":"40194"},{"arcs":[[1034,1035,1036,1037,1038,1039]],"type":"Polygon","properties":{"SAL_CODE21":"40195","SAL_NAME21":"Burrungule","STE_CODE21":"4"},"id":"40195"},{"arcs":[[1040,1041,-709,1042,1043]],"type":"Polygon","properties":{"SAL_CODE21":"40196","SAL_NAME21":"Burton (SA)","STE_CODE21":"4"},"id":"40196"},{"arcs":[[1044,1045,1046,-68,1047,1048,-432]],"type":"Polygon","properties":{"SAL_CODE21":"40197","SAL_NAME21":"Bute","STE_CODE21":"4"},"id":"40197"},{"arcs":[[1049,1050,1051,1052,1053,1054]],"type":"Polygon","properties":{"SAL_CODE21":"40198","SAL_NAME21":"Butler (SA)","STE_CODE21":"4"},"id":"40198"},{"arcs":[[-469,1055,1056,1057,1058,1059,1060,1061,1062,1063,-826,1064]],"type":"Polygon","properties":{"SAL_CODE21":"40199","SAL_NAME21":"Cadell","STE_CODE21":"4"},"id":"40199"},{"arcs":[[1065,1066,-584,1067]],"type":"Polygon","properties":{"SAL_CODE21":"40200","SAL_NAME21":"Cadgee (SA)","STE_CODE21":"4"},"id":"40200"},{"arcs":[[[1068]],[[1069,1070,-330,1071,1072,1073]]],"type":"MultiPolygon","properties":{"SAL_CODE21":"40201","SAL_NAME21":"Calca","STE_CODE21":"4"},"id":"40201"},{"arcs":[[1074,1075,1076,1077,1078,1079]],"type":"Polygon","properties":{"SAL_CODE21":"40202","SAL_NAME21":"Caliph","STE_CODE21":"4"},"id":"40202"},{"arcs":[[1080,1081,1082,1083,1084,1085,1086]],"type":"Polygon","properties":{"SAL_CODE21":"40203","SAL_NAME21":"Callington","STE_CODE21":"4"},"id":"40203"},{"arcs":[[1087,1088,1089,1090,1091,1092]],"type":"Polygon","properties":{"SAL_CODE21":"40204","SAL_NAME21":"Calomba","STE_CODE21":"4"},"id":"40204"},{"arcs":[[1093,1094,1095,1096,1097,1098,1099,1100]],"type":"Polygon","properties":{"SAL_CODE21":"40205","SAL_NAME21":"Caloote","STE_CODE21":"4"},"id":"40205"},{"arcs":[[1101,1102,1103,1104,1105]],"type":"Polygon","properties":{"SAL_CODE21":"40206","SAL_NAME21":"Calperum Station","STE_CODE21":"4"},"id":"40206"},{"arcs":[[1106,-983,1107,1108,1109,1110]],"type":"Polygon","properties":{"SAL_CODE21":"40207","SAL_NAME21":"Caltowie","STE_CODE21":"4"},"id":"40207"},{"arcs":[[-1111,1111,-205,1112,1113]],"type":"Polygon","properties":{"SAL_CODE21":"40208","SAL_NAME21":"Caltowie North","STE_CODE21":"4"},"id":"40208"},{"arcs":[[1114,1115,-206,-1112,-1110,1116]],"type":"Polygon","properties":{"SAL_CODE21":"40209","SAL_NAME21":"Caltowie West","STE_CODE21":"4"},"id":"40209"},{"arcs":[[1117,-154,1118,1119,1120,1121,-608]],"type":"Polygon","properties":{"SAL_CODE21":"40210","SAL_NAME21":"Cambrai","STE_CODE21":"4"},"id":"40210"},{"arcs":[[1122,1123,1124,1125,1126]],"type":"Polygon","properties":{"SAL_CODE21":"40211","SAL_NAME21":"Camden Park (SA)","STE_CODE21":"4"},"id":"40211"},{"arcs":[[1127,1128,1129,1130,1131,1132,1133]],"type":"Polygon","properties":{"SAL_CODE21":"40212","SAL_NAME21":"Campbelltown (SA)","STE_CODE21":"4"},"id":"40212"},{"arcs":[[1134,1135,1136,1137,1138,1139]],"type":"Polygon","properties":{"SAL_CODE21":"40213","SAL_NAME21":"Campoona","STE_CODE21":"4"},"id":"40213"},{"arcs":[[1140,-935,1141,1142,1143,1144,-755]],"type":"Polygon","properties":{"SAL_CODE21":"40214","SAL_NAME21":"Cannawigara","STE_CODE21":"4"},"id":"40214"},{"arcs":[[-500,1145,1146,1147,1148]],"type":"Polygon","properties":{"SAL_CODE21":"40215","SAL_NAME21":"Canowie","STE_CODE21":"4"},"id":"40215"},{"arcs":[[-509,1149,1150,1151,-505]],"type":"Polygon","properties":{"SAL_CODE21":"40216","SAL_NAME21":"Canowie Belt","STE_CODE21":"4"},"id":"40216"},{"arcs":[[1152,1153,1154,1155,1156,1157,1158]],"type":"Polygon","properties":{"SAL_CODE21":"40217","SAL_NAME21":"Canunda","STE_CODE21":"4"},"id":"40217"},{"arcs":[[1159,1160,1161,1162]],"type":"Polygon","properties":{"SAL_CODE21":"40218","SAL_NAME21":"Cape Borda","STE_CODE21":"4"},"id":"40218"},{"arcs":[[1163,1164,1165,-77,1166,1167]],"type":"Polygon","properties":{"SAL_CODE21":"40219","SAL_NAME21":"Cape Douglas","STE_CODE21":"4"},"id":"40219"},{"arcs":[[1168,1169]],"type":"Polygon","properties":{"SAL_CODE21":"40220","SAL_NAME21":"Cape Jaffa","STE_CODE21":"4"},"id":"40220"},{"arcs":[[1170,1171,1172,1173,1174]],"type":"Polygon","properties":{"SAL_CODE21":"40221","SAL_NAME21":"Cape Jervis","STE_CODE21":"4"},"id":"40221"},{"arcs":[[1175,1176,1177,1178,1179,1180]],"type":"Polygon","properties":{"SAL_CODE21":"40222","SAL_NAME21":"Caralue","STE_CODE21":"4"},"id":"40222"},{"arcs":[[1181,1182,1183,1184,1185,1186]],"type":"Polygon","properties":{"SAL_CODE21":"40223","SAL_NAME21":"Carawa","STE_CODE21":"4"},"id":"40223"},{"arcs":[[1187,1188,1189,1190]],"type":"Polygon","properties":{"SAL_CODE21":"40224","SAL_NAME21":"Carcuma","STE_CODE21":"4"},"id":"40224"},{"arcs":[[1191,-850,-1142,-934,1192]],"type":"Polygon","properties":{"SAL_CODE21":"40225","SAL_NAME21":"Carew","STE_CODE21":"4"},"id":"40225"},{"arcs":[[1193,1194,-434,1195,-371,1196]],"type":"Polygon","properties":{"SAL_CODE21":"40226","SAL_NAME21":"Carey Gully","STE_CODE21":"4"},"id":"40226"},{"arcs":[[1197,1198,1199,1200,1201,1202]],"type":"Polygon","properties":{"SAL_CODE21":"40227","SAL_NAME21":"Caroline","STE_CODE21":"4"},"id":"40227"},{"arcs":[[-1158,1203,1204,1205,-628,1206,1207]],"type":"Polygon","properties":{"SAL_CODE21":"40228","SAL_NAME21":"Carpenter Rocks","STE_CODE21":"4"},"id":"40228"},{"arcs":[[1208,1209,1210,1211,1212]],"type":"Polygon","properties":{"SAL_CODE21":"40229","SAL_NAME21":"Carrickalinga","STE_CODE21":"4"},"id":"40229"},{"arcs":[[-530,1213,1214,1215,1216]],"type":"Polygon","properties":{"SAL_CODE21":"40230","SAL_NAME21":"Carrieton","STE_CODE21":"4"},"id":"40230"},{"arcs":[[1217,1218,1219,1220,1221,1222,1223,1224]],"type":"Polygon","properties":{"SAL_CODE21":"40231","SAL_NAME21":"Cassini","STE_CODE21":"4"},"id":"40231"},{"arcs":[[1225,1226,1227]],"type":"Polygon","properties":{"SAL_CODE21":"40232","SAL_NAME21":"Castambul","STE_CODE21":"4"},"id":"40232"},{"arcs":[[-792,1228,1229,1230,1231,1232,1233]],"type":"Polygon","properties":{"SAL_CODE21":"40233","SAL_NAME21":"Caurnamont","STE_CODE21":"4"},"id":"40233"},{"arcs":[[1234,1235,1236,1237]],"type":"Polygon","properties":{"SAL_CODE21":"40234","SAL_NAME21":"Cavan (SA)","STE_CODE21":"4"},"id":"40234"},{"arcs":[[1238,1239,1240,1241]],"type":"Polygon","properties":{"SAL_CODE21":"40235","SAL_NAME21":"Cavenagh","STE_CODE21":"4"},"id":"40235"},{"arcs":[[1242,1243,1244,-1201,1245,1246,-74]],"type":"Polygon","properties":{"SAL_CODE21":"40236","SAL_NAME21":"Caveton","STE_CODE21":"4"},"id":"40236"},{"arcs":[[1247,1248,1249,1250,1251,1252,1253,1254,1255,1256,1257,1258,1259,1260]],"type":"Polygon","properties":{"SAL_CODE21":"40237","SAL_NAME21":"Ceduna","STE_CODE21":"4"},"id":"40237"},{"arcs":[[[1261]],[[1262]],[[-1252,1263]]],"type":"MultiPolygon","properties":{"SAL_CODE21":"40238","SAL_NAME21":"Ceduna Waters","STE_CODE21":"4"},"id":"40238"},{"arcs":[[1264,-1105,1265]],"type":"Polygon","properties":{"SAL_CODE21":"40239","SAL_NAME21":"Chaffey","STE_CODE21":"4"},"id":"40239"},{"arcs":[[1266,1267,1268,1269]],"type":"Polygon","properties":{"SAL_CODE21":"40240","SAL_NAME21":"Chain Of Ponds","STE_CODE21":"4"},"id":"40240"},{"arcs":[[1270,1271,1272,1273,1274,1275,1276]],"type":"Polygon","properties":{"SAL_CODE21":"40241","SAL_NAME21":"Chandada","STE_CODE21":"4"},"id":"40241"},{"arcs":[[1277,1278,1279,1280,1281,1282,1283,1284,-3]],"type":"Polygon","properties":{"SAL_CODE21":"40242","SAL_NAME21":"Chandlers Hill","STE_CODE21":"4"},"id":"40242"},{"arcs":[[1285,-801,1286,-572,1287]],"type":"Polygon","properties":{"SAL_CODE21":"40243","SAL_NAME21":"Chapel Hill (SA)","STE_CODE21":"4"},"id":"40243"},{"arcs":[[1288,1289,1290,1291,-1000]],"type":"Polygon","properties":{"SAL_CODE21":"40244","SAL_NAME21":"Chapman Bore","STE_CODE21":"4"},"id":"40244"},{"arcs":[[1292,1293,1294]],"type":"Polygon","properties":{"SAL_CODE21":"40245","SAL_NAME21":"Charleston","STE_CODE21":"4"},"id":"40245"},{"arcs":[[1295,1296,1297,1298,1299]],"type":"Polygon","properties":{"SAL_CODE21":"40246","SAL_NAME21":"Charlton Gully","STE_CODE21":"4"},"id":"40246"},{"arcs":[[[1300]],[[1301]],[[1302]],[[1303]],[[1304]],[[1305]],[[1306,-1258,1307,1308,1309,1310]],[[1311]],[[1312]],[[1313]],[[1314]]],"type":"MultiPolygon","properties":{"SAL_CODE21":"40247","SAL_NAME21":"Charra","STE_CODE21":"4"},"id":"40247"},{"arcs":[[1315,1316,-40,1317,-46,1318]],"type":"Polygon","properties":{"SAL_CODE21":"40248","SAL_NAME21":"Cheltenham (SA)","STE_CODE21":"4"},"id":"40248"},{"arcs":[[1319,1320,1321,-1281,1322,1323]],"type":"Polygon","properties":{"SAL_CODE21":"40249","SAL_NAME21":"Cherry Gardens","STE_CODE21":"4"},"id":"40249"},{"arcs":[[-437,1324,1325,1326,1327]],"type":"Polygon","properties":{"SAL_CODE21":"40250","SAL_NAME21":"Cherryville","STE_CODE21":"4"},"id":"40250"},{"arcs":[[1328,1329,-1273,1330,1331,1332]],"type":"Polygon","properties":{"SAL_CODE21":"40251","SAL_NAME21":"Chilpenunda","STE_CODE21":"4"},"id":"40251"},{"arcs":[[1333,1334,-362]],"type":"Polygon","properties":{"SAL_CODE21":"40252","SAL_NAME21":"Chinaman Wells","STE_CODE21":"4"},"id":"40252"},{"arcs":[[1335,-1184,1336,1337]],"type":"Polygon","properties":{"SAL_CODE21":"40253","SAL_NAME21":"Chinbingina","STE_CODE21":"4"},"id":"40253"},{"arcs":[[1338,1339,1340,1341]],"type":"Polygon","properties":{"SAL_CODE21":"40254","SAL_NAME21":"Chiton","STE_CODE21":"4"},"id":"40254"},{"arcs":[[1342,1343,1344,1345,-1102]],"type":"Polygon","properties":{"SAL_CODE21":"40255","SAL_NAME21":"Chowilla","STE_CODE21":"4"},"id":"40255"},{"arcs":[[1346,1347,1348,1349]],"type":"Polygon","properties":{"SAL_CODE21":"40256","SAL_NAME21":"Christie Downs","STE_CODE21":"4"},"id":"40256"},{"arcs":[[1350,1351,1352,-1347,1353,1354]],"type":"Polygon","properties":{"SAL_CODE21":"40257","SAL_NAME21":"Christies Beach","STE_CODE21":"4"},"id":"40257"},{"arcs":[[1355,1356,1357,1358,1359]],"type":"Polygon","properties":{"SAL_CODE21":"40258","SAL_NAME21":"Clapham","STE_CODE21":"4"},"id":"40258"},{"arcs":[[1360,1361,-224,1362,1363]],"type":"Polygon","properties":{"SAL_CODE21":"40259","SAL_NAME21":"Clare (SA)","STE_CODE21":"4"},"id":"40259"},{"arcs":[[1364,1365,1366,1367]],"type":"Polygon","properties":{"SAL_CODE21":"40260","SAL_NAME21":"Clarence Gardens","STE_CODE21":"4"},"id":"40260"},{"arcs":[[1368,-1367,-606,1369,1370]],"type":"Polygon","properties":{"SAL_CODE21":"40261","SAL_NAME21":"Clarence Park","STE_CODE21":"4"},"id":"40261"},{"arcs":[[-680,1371,-1282,-1322,1372,1373]],"type":"Polygon","properties":{"SAL_CODE21":"40262","SAL_NAME21":"Clarendon (SA)","STE_CODE21":"4"},"id":"40262"},{"arcs":[[1374,1375,1376,1377,1378,1379,-825]],"type":"Polygon","properties":{"SAL_CODE21":"40263","SAL_NAME21":"Clay Wells","STE_CODE21":"4"},"id":"40263"},{"arcs":[[-786,1380,1381,1382]],"type":"Polygon","properties":{"SAL_CODE21":"40264","SAL_NAME21":"Claypans","STE_CODE21":"4"},"id":"40264"},{"arcs":[[1383,1384,1385,1386]],"type":"Polygon","properties":{"SAL_CODE21":"40265","SAL_NAME21":"Clayton Bay","STE_CODE21":"4"},"id":"40265"},{"arcs":[[1387,-872,1388,1389,1390,1391]],"type":"Polygon","properties":{"SAL_CODE21":"40266","SAL_NAME21":"Clearview","STE_CODE21":"4"},"id":"40266"},{"arcs":[[1392,1393,1394,1395,1396]],"type":"Polygon","properties":{"SAL_CODE21":"40267","SAL_NAME21":"Cleland","STE_CODE21":"4"},"id":"40267"},{"arcs":[[1397,1398,1399,1400,1401]],"type":"Polygon","properties":{"SAL_CODE21":"40268","SAL_NAME21":"Clements Gap","STE_CODE21":"4"},"id":"40268"},{"arcs":[[1402,1403,-231,1404,1405,-1138]],"type":"Polygon","properties":{"SAL_CODE21":"40269","SAL_NAME21":"Cleve","STE_CODE21":"4"},"id":"40269"},{"arcs":[[1406,1407,1408,1409]],"type":"Polygon","properties":{"SAL_CODE21":"40270","SAL_NAME21":"Clinton (SA)","STE_CODE21":"4"},"id":"40270"},{"arcs":[[-238,1410,-1408,1411,1412]],"type":"Polygon","properties":{"SAL_CODE21":"40271","SAL_NAME21":"Clinton Centre","STE_CODE21":"4"},"id":"40271"},{"arcs":[[1413,-239,1414,1415,1416]],"type":"Polygon","properties":{"SAL_CODE21":"40272","SAL_NAME21":"Clovelly Park","STE_CODE21":"4"},"id":"40272"},{"arcs":[[1417,1418,1419,1420,-408]],"type":"Polygon","properties":{"SAL_CODE21":"40273","SAL_NAME21":"Cobdogla","STE_CODE21":"4"},"id":"40273"},{"arcs":[[1421,1422,1423,1424,1425,1426]],"type":"Polygon","properties":{"SAL_CODE21":"40274","SAL_NAME21":"Cocata","STE_CODE21":"4"},"id":"40274"},{"arcs":[[1427,1428,-884,1429]],"type":"Polygon","properties":{"SAL_CODE21":"40275","SAL_NAME21":"Cockaleechie","STE_CODE21":"4"},"id":"40275"},{"arcs":[[1430,1431,-426,1432,1433]],"type":"Polygon","properties":{"SAL_CODE21":"40276","SAL_NAME21":"Cockatoo Valley","STE_CODE21":"4"},"id":"40276"},{"arcs":[[1434,1435,1436,1437]],"type":"Polygon","properties":{"SAL_CODE21":"40277","SAL_NAME21":"Cockburn","STE_CODE21":"4"},"id":"40277"},{"arcs":[[[1438]],[[1439]],[[1440]],[[1441]],[[1442,1443,1444,1445]],[[1446]],[[1447]]],"type":"MultiPolygon","properties":{"SAL_CODE21":"40278","SAL_NAME21":"Coffin Bay","STE_CODE21":"4"},"id":"40278"},{"arcs":[[1448,1449,1450,1451]],"type":"Polygon","properties":{"SAL_CODE21":"40279","SAL_NAME21":"Colebatch","STE_CODE21":"4"},"id":"40279"},{"arcs":[[1452,1453,1454,1455,1456,1457]],"type":"Polygon","properties":{"SAL_CODE21":"40280","SAL_NAME21":"Coles","STE_CODE21":"4"},"id":"40280"},{"arcs":[[1458,1459,1460,1461,1462]],"type":"Polygon","properties":{"SAL_CODE21":"40281","SAL_NAME21":"College Park","STE_CODE21":"4"},"id":"40281"},{"arcs":[[1463,1464,1465,1466,1467,1468,1469,1470]],"type":"Polygon","properties":{"SAL_CODE21":"40282","SAL_NAME21":"Colley","STE_CODE21":"4"},"id":"40282"},{"arcs":[[1471,1472,1473,1474,1475]],"type":"Polygon","properties":{"SAL_CODE21":"40283","SAL_NAME21":"Collinsfield","STE_CODE21":"4"},"id":"40283"},{"arcs":[[1476,1477,1478,-1032,1479]],"type":"Polygon","properties":{"SAL_CODE21":"40284","SAL_NAME21":"Collinsville (SA)","STE_CODE21":"4"},"id":"40284"},{"arcs":[[1480,1481,1482,1483,-875,1484]],"type":"Polygon","properties":{"SAL_CODE21":"40285","SAL_NAME21":"Collinswood","STE_CODE21":"4"},"id":"40285"},{"arcs":[[1485,1486,1487,1488,1489,-1358,1490]],"type":"Polygon","properties":{"SAL_CODE21":"40286","SAL_NAME21":"Colonel Light Gardens","STE_CODE21":"4"},"id":"40286"},{"arcs":[[1491,1492,1493,1494,1495]],"type":"Polygon","properties":{"SAL_CODE21":"40287","SAL_NAME21":"Colton","STE_CODE21":"4"},"id":"40287"},{"arcs":[[1496,1497,1498,1499]],"type":"Polygon","properties":{"SAL_CODE21":"40288","SAL_NAME21":"Comaum","STE_CODE21":"4"},"id":"40288"},{"arcs":[[1500,-660,1501]],"type":"Polygon","properties":{"SAL_CODE21":"40289","SAL_NAME21":"Commissariat Point","STE_CODE21":"4"},"id":"40289"},{"arcs":[[1502,1503,1504,1505,-110,1506]],"type":"Polygon","properties":{"SAL_CODE21":"40290","SAL_NAME21":"Commonwealth Hill","STE_CODE21":"4"},"id":"40290"},{"arcs":[[-1036,1507,1508,1509,1510]],"type":"Polygon","properties":{"SAL_CODE21":"40291","SAL_NAME21":"Compton","STE_CODE21":"4"},"id":"40291"},{"arcs":[[1511,1512,1513,1514,1515,1516,1517]],"type":"Polygon","properties":{"SAL_CODE21":"40292","SAL_NAME21":"Concordia","STE_CODE21":"4"},"id":"40292"},{"arcs":[[-862,1518,-693,1519,-967,1520,-1009]],"type":"Polygon","properties":{"SAL_CODE21":"40293","SAL_NAME21":"Condowie","STE_CODE21":"4"},"id":"40293"},{"arcs":[[-302,1521,1522,1523,1524]],"type":"Polygon","properties":{"SAL_CODE21":"40294","SAL_NAME21":"Conmurra","STE_CODE21":"4"},"id":"40294"},{"arcs":[[1525,1526]],"type":"Polygon","properties":{"SAL_CODE21":"40295","SAL_NAME21":"Coober Pedy","STE_CODE21":"4"},"id":"40295"},{"arcs":[[1527,1528,1529,1530]],"type":"Polygon","properties":{"SAL_CODE21":"40296","SAL_NAME21":"Coobowie","STE_CODE21":"4"},"id":"40296"},{"arcs":[[-266,1531,1532,1533,1534,1535,1536]],"type":"Polygon","properties":{"SAL_CODE21":"40297","SAL_NAME21":"Cooke Plains","STE_CODE21":"4"},"id":"40297"},{"arcs":[[1537,1538,-1424,1539,1540]],"type":"Polygon","properties":{"SAL_CODE21":"40298","SAL_NAME21":"Coolillie","STE_CODE21":"4"},"id":"40298"},{"arcs":[[1541,1542,1543,1544,-1265]],"type":"Polygon","properties":{"SAL_CODE21":"40299","SAL_NAME21":"Cooltong","STE_CODE21":"4"},"id":"40299"},{"arcs":[[1545,-1536,1546,1547,1548]],"type":"Polygon","properties":{"SAL_CODE21":"40300","SAL_NAME21":"Coomandook","STE_CODE21":"4"},"id":"40300"},{"arcs":[[1549,1550,1551,1552,1553,1554]],"type":"Polygon","properties":{"SAL_CODE21":"40301","SAL_NAME21":"Coombe","STE_CODE21":"4"},"id":"40301"},{"arcs":[[1555,1556,1557,1558,1559,-101,1560]],"type":"Polygon","properties":{"SAL_CODE21":"40302","SAL_NAME21":"Coomooroo","STE_CODE21":"4"},"id":"40302"},{"arcs":[[1561,1562,1563,1564,1565,1566]],"type":"Polygon","properties":{"SAL_CODE21":"40303","SAL_NAME21":"Coomunga","STE_CODE21":"4"},"id":"40303"},{"arcs":[[1567,1568,1569,1570,1571,1572,1573,1574,-1191]],"type":"Polygon","properties":{"SAL_CODE21":"40304","SAL_NAME21":"Coonalpyn","STE_CODE21":"4"},"id":"40304"},{"arcs":[[1575,1576,1577,-991]],"type":"Polygon","properties":{"SAL_CODE21":"40305","SAL_NAME21":"Coonamia","STE_CODE21":"4"},"id":"40305"},{"arcs":[[-1500,1578,1579,1580,1581]],"type":"Polygon","properties":{"SAL_CODE21":"40306","SAL_NAME21":"Coonawarra (SA)","STE_CODE21":"4"},"id":"40306"},{"arcs":[[1582,1583,1584,1585]],"type":"Polygon","properties":{"SAL_CODE21":"40307","SAL_NAME21":"Coorabie","STE_CODE21":"4"},"id":"40307"},{"arcs":[[1586,1587,1588,1589,1590,1591,1592,-1450,1593,1594,1595,1596,1597]],"type":"Polygon","properties":{"SAL_CODE21":"40308","SAL_NAME21":"Coorong","STE_CODE21":"4"},"id":"40308"},{"arcs":[[1598,-1178,1599,1600]],"type":"Polygon","properties":{"SAL_CODE21":"40309","SAL_NAME21":"Cootra","STE_CODE21":"4"},"id":"40309"},{"arcs":[[-1383,1601,-336,1602,1603,1604,1605,-764,1606]],"type":"Polygon","properties":{"SAL_CODE21":"40310","SAL_NAME21":"Copeville","STE_CODE21":"4"},"id":"40310"},{"arcs":[[-520,1607,1608,1609]],"type":"Polygon","properties":{"SAL_CODE21":"40311","SAL_NAME21":"Copley (SA)","STE_CODE21":"4"},"id":"40311"},{"arcs":[[1610,1611,1612,1613]],"type":"Polygon","properties":{"SAL_CODE21":"40312","SAL_NAME21":"Corny Point","STE_CODE21":"4"},"id":"40312"},{"arcs":[[-1280,1614,1615,1616,1617,-1323]],"type":"Polygon","properties":{"SAL_CODE21":"40313","SAL_NAME21":"Coromandel East","STE_CODE21":"4"},"id":"40313"},{"arcs":[[-1279,1618,1619,-644,1620,-1615]],"type":"Polygon","properties":{"SAL_CODE21":"40314","SAL_NAME21":"Coromandel Valley","STE_CODE21":"4"},"id":"40314"},{"arcs":[[1621,1622,1623,1624,1625]],"type":"Polygon","properties":{"SAL_CODE21":"40315","SAL_NAME21":"Cortlinye","STE_CODE21":"4"},"id":"40315"},{"arcs":[[1626,1627,1628,1629,1630,1631,1632,1633,1634,1635]],"type":"Polygon","properties":{"SAL_CODE21":"40316","SAL_NAME21":"Corunna Station","STE_CODE21":"4"},"id":"40316"},{"arcs":[[1636,1637,1638,1639,1640,1641,1642]],"type":"Polygon","properties":{"SAL_CODE21":"40317","SAL_NAME21":"Coulta","STE_CODE21":"4"},"id":"40317"},{"arcs":[[-888,1643,1644,1645,1646]],"type":"Polygon","properties":{"SAL_CODE21":"40318","SAL_NAME21":"Cowandilla","STE_CODE21":"4"},"id":"40318"},{"arcs":[[1647,1648,-232,-1404,1649,1650,1651,1652,1653]],"type":"Polygon","properties":{"SAL_CODE21":"40319","SAL_NAME21":"Cowell","STE_CODE21":"4"},"id":"40319"},{"arcs":[[1654,1655,1656,1657,1658,1659,-713,1660]],"type":"Polygon","properties":{"SAL_CODE21":"40320","SAL_NAME21":"Cowirra","STE_CODE21":"4"},"id":"40320"},{"arcs":[[-525,1661,1662,1663,1664,1665]],"type":"Polygon","properties":{"SAL_CODE21":"40321","SAL_NAME21":"Cradock","STE_CODE21":"4"},"id":"40321"},{"arcs":[[1666,1667,-1393,1668]],"type":"Polygon","properties":{"SAL_CODE21":"40322","SAL_NAME21":"Crafers","STE_CODE21":"4"},"id":"40322"},{"arcs":[[1669,1670,-497,-898,1671,1672,-1394,-1668]],"type":"Polygon","properties":{"SAL_CODE21":"40323","SAL_NAME21":"Crafers West","STE_CODE21":"4"},"id":"40323"},{"arcs":[[-1620,1673,-514,-640]],"type":"Polygon","properties":{"SAL_CODE21":"40324","SAL_NAME21":"Craigburn Farm","STE_CODE21":"4"},"id":"40324"},{"arcs":[[1674,1675,1676,-652,1677,1678]],"type":"Polygon","properties":{"SAL_CODE21":"40325","SAL_NAME21":"Craigmore","STE_CODE21":"4"},"id":"40325"},{"arcs":[[1679,1680,1681,1682,1683]],"type":"Polygon","properties":{"SAL_CODE21":"40326","SAL_NAME21":"Crescent","STE_CODE21":"4"},"id":"40326"},{"arcs":[[-597,1684,1685,1686]],"type":"Polygon","properties":{"SAL_CODE21":"40327","SAL_NAME21":"Cromer (SA)","STE_CODE21":"4"},"id":"40327"},{"arcs":[[1687,1688,1689,1690,1691]],"type":"Polygon","properties":{"SAL_CODE21":"40328","SAL_NAME21":"Cross Roads (SA)","STE_CODE21":"4"},"id":"40328"},{"arcs":[[1692,1693,1694,1695,1696]],"type":"Polygon","properties":{"SAL_CODE21":"40329","SAL_NAME21":"Croydon (SA)","STE_CODE21":"4"},"id":"40329"},{"arcs":[[1697,1698,1699,1700,1701,1702,1703]],"type":"Polygon","properties":{"SAL_CODE21":"40330","SAL_NAME21":"Croydon Park (SA)","STE_CODE21":"4"},"id":"40330"},{"arcs":[[1704,1705,1706,1707,1708,1709,-486,1710]],"type":"Polygon","properties":{"SAL_CODE21":"40331","SAL_NAME21":"Crystal Brook (SA)","STE_CODE21":"4"},"id":"40331"},{"arcs":[[1711,-1270,1712,1713,1714,1715,1716,-1227,1717]],"type":"Polygon","properties":{"SAL_CODE21":"40332","SAL_NAME21":"Cudlee Creek","STE_CODE21":"4"},"id":"40332"},{"arcs":[[1718,1719,-1570]],"type":"Polygon","properties":{"SAL_CODE21":"40333","SAL_NAME21":"Culburra","STE_CODE21":"4"},"id":"40333"},{"arcs":[[1720,-1632,1721,1722,1723,1724,1725,-1634]],"type":"Polygon","properties":{"SAL_CODE21":"40334","SAL_NAME21":"Cultana","STE_CODE21":"4"},"id":"40334"},{"arcs":[[1726,-1368,-1369,1727]],"type":"Polygon","properties":{"SAL_CODE21":"40335","SAL_NAME21":"Cumberland Park","STE_CODE21":"4"},"id":"40335"},{"arcs":[[1728,-1638,1729,1730,1731,-1429,1732]],"type":"Polygon","properties":{"SAL_CODE21":"40336","SAL_NAME21":"Cummins","STE_CODE21":"4"},"id":"40336"},{"arcs":[[-1330,1733,1734,1735,-1274]],"type":"Polygon","properties":{"SAL_CODE21":"40337","SAL_NAME21":"Cungena","STE_CODE21":"4"},"id":"40337"},{"arcs":[[-28,-747,1736,1737]],"type":"Polygon","properties":{"SAL_CODE21":"40338","SAL_NAME21":"Cunliffe","STE_CODE21":"4"},"id":"40338"},{"arcs":[[1738,1739,-215,1740,1741,1742]],"type":"Polygon","properties":{"SAL_CODE21":"40339","SAL_NAME21":"Cunningham (SA)","STE_CODE21":"4"},"id":"40339"},{"arcs":[[1743,-1625,-945,1744]],"type":"Polygon","properties":{"SAL_CODE21":"40340","SAL_NAME21":"Cunyarie","STE_CODE21":"4"},"id":"40340"},{"arcs":[[1745,1746,1747,1748,1749,1750,1751,1752,1753]],"type":"Polygon","properties":{"SAL_CODE21":"40341","SAL_NAME21":"Curramulka","STE_CODE21":"4"},"id":"40341"},{"arcs":[[1754,-1385,1755,1756,1757,1758,1759,1760]],"type":"Polygon","properties":{"SAL_CODE21":"40342","SAL_NAME21":"Currency Creek","STE_CODE21":"4"},"id":"40342"},{"arcs":[[-383,1761,1762,1763]],"type":"Polygon","properties":{"SAL_CODE21":"40343","SAL_NAME21":"Custon","STE_CODE21":"4"},"id":"40343"},{"arcs":[[1764,1765,-189,1766]],"type":"Polygon","properties":{"SAL_CODE21":"40344","SAL_NAME21":"Cuttlefish Bay","STE_CODE21":"4"},"id":"40344"},{"arcs":[[1767,-588,1768,1769,1770,-908,1771,1772]],"type":"Polygon","properties":{"SAL_CODE21":"40345","SAL_NAME21":"Cygnet River","STE_CODE21":"4"},"id":"40345"},{"arcs":[[1773,1774,1775]],"type":"Polygon","properties":{"SAL_CODE21":"40346","SAL_NAME21":"D'Estrees Bay","STE_CODE21":"4"},"id":"40346"},{"arcs":[[1776,-344,1777]],"type":"Polygon","properties":{"SAL_CODE21":"40347","SAL_NAME21":"Dalkey","STE_CODE21":"4"},"id":"40347"},{"arcs":[[1778,-1344,1779,1780,1781]],"type":"Polygon","properties":{"SAL_CODE21":"40348","SAL_NAME21":"Danggali","STE_CODE21":"4"},"id":"40348"},{"arcs":[[1782,-744,1783,-1176,1784,1785,-1135]],"type":"Polygon","properties":{"SAL_CODE21":"40349","SAL_NAME21":"Darke Peak","STE_CODE21":"4"},"id":"40349"},{"arcs":[[1786,1787,-475,1788,1789]],"type":"Polygon","properties":{"SAL_CODE21":"40350","SAL_NAME21":"Darlington (SA)","STE_CODE21":"4"},"id":"40350"},{"arcs":[[1790,1791]],"type":"Polygon","properties":{"SAL_CODE21":"40351","SAL_NAME21":"Davenport (SA)","STE_CODE21":"4"},"id":"40351"},{"arcs":[[1792,1793,1794,1795,1796]],"type":"Polygon","properties":{"SAL_CODE21":"40352","SAL_NAME21":"Daveyston","STE_CODE21":"4"},"id":"40352"},{"arcs":[[1797,1798,1799,1800,1801,-139]],"type":"Polygon","properties":{"SAL_CODE21":"40353","SAL_NAME21":"Davoren Park","STE_CODE21":"4"},"id":"40353"},{"arcs":[[[1802,1803,-1486]],[[-1488,1804,-1727]]],"type":"MultiPolygon","properties":{"SAL_CODE21":"40354","SAL_NAME21":"Daw Park","STE_CODE21":"4"},"id":"40354"},{"arcs":[[1805,-916,1806,1807]],"type":"Polygon","properties":{"SAL_CODE21":"40355","SAL_NAME21":"Dawesley","STE_CODE21":"4"},"id":"40355"},{"arcs":[[1808,1809,1810,1811,1812,1813,-1241,1814]],"type":"Polygon","properties":{"SAL_CODE21":"40356","SAL_NAME21":"Dawson (SA)","STE_CODE21":"4"},"id":"40356"},{"arcs":[[1815,1816,-1161,1817]],"type":"Polygon","properties":{"SAL_CODE21":"40357","SAL_NAME21":"De Mole River","STE_CODE21":"4"},"id":"40357"},{"arcs":[[1818,-1171,1819,1820,1821,1822]],"type":"Polygon","properties":{"SAL_CODE21":"40358","SAL_NAME21":"Deep Creek (SA)","STE_CODE21":"4"},"id":"40358"},{"arcs":[[1823,-972,1824,1825,-1449]],"type":"Polygon","properties":{"SAL_CODE21":"40359","SAL_NAME21":"Deepwater (SA)","STE_CODE21":"4"},"id":"40359"},{"arcs":[[1826,-1821,1827,-1174,1828,1829]],"type":"Polygon","properties":{"SAL_CODE21":"40360","SAL_NAME21":"Delamere (SA)","STE_CODE21":"4"},"id":"40360"},{"arcs":[[1830,-1256,1831]],"type":"Polygon","properties":{"SAL_CODE21":"40361","SAL_NAME21":"Denial Bay","STE_CODE21":"4"},"id":"40361"},{"arcs":[[1832,1833,1834,1835,1836]],"type":"Polygon","properties":{"SAL_CODE21":"40362","SAL_NAME21":"Dernancourt","STE_CODE21":"4"},"id":"40362"},{"arcs":[[1837,1838,1839,1840,1841]],"type":"Polygon","properties":{"SAL_CODE21":"40363","SAL_NAME21":"Devlins Pound","STE_CODE21":"4"},"id":"40363"},{"arcs":[[-1698,1842,1843,1844]],"type":"Polygon","properties":{"SAL_CODE21":"40364","SAL_NAME21":"Devon Park (SA)","STE_CODE21":"4"},"id":"40364"},{"arcs":[[1845,1846,1847,1848,1849]],"type":"Polygon","properties":{"SAL_CODE21":"40365","SAL_NAME21":"Dingabledinga","STE_CODE21":"4"},"id":"40365"},{"arcs":[[1850,1851,-1044,1852]],"type":"Polygon","properties":{"SAL_CODE21":"40366","SAL_NAME21":"Direk","STE_CODE21":"4"},"id":"40366"},{"arcs":[[1853,1854,1855,1856,1857,1858]],"type":"Polygon","properties":{"SAL_CODE21":"40367","SAL_NAME21":"Dismal Swamp","STE_CODE21":"4"},"id":"40367"},{"arcs":[[1859,-1199,1860]],"type":"Polygon","properties":{"SAL_CODE21":"40368","SAL_NAME21":"Donovans","STE_CODE21":"4"},"id":"40368"},{"arcs":[[1861,-1373,-1321,1862,-803,1863]],"type":"Polygon","properties":{"SAL_CODE21":"40369","SAL_NAME21":"Dorset Vale","STE_CODE21":"4"},"id":"40369"},{"arcs":[[1864,-1724,1865,1866,1867,1868,1869,1870,1871,1872,1873,1874,1875,1876,1877]],"type":"Polygon","properties":{"SAL_CODE21":"40370","SAL_NAME21":"Douglas Point","STE_CODE21":"4"},"id":"40370"},{"arcs":[[1878,-844,1879,1880,1881]],"type":"Polygon","properties":{"SAL_CODE21":"40371","SAL_NAME21":"Dover Gardens","STE_CODE21":"4"},"id":"40371"},{"arcs":[[1882,1883,-216,-1740,1884,1885,1886]],"type":"Polygon","properties":{"SAL_CODE21":"40372","SAL_NAME21":"Dowlingville","STE_CODE21":"4"},"id":"40372"},{"arcs":[[1887,1888,-705,1889,1890,-1236,1891,1892,1893]],"type":"Polygon","properties":{"SAL_CODE21":"40373","SAL_NAME21":"Dry Creek (SA)","STE_CODE21":"4"},"id":"40373"},{"arcs":[[-1091,1894,1895,1896,1897,1898,1899,1900]],"type":"Polygon","properties":{"SAL_CODE21":"40374","SAL_NAME21":"Dublin","STE_CODE21":"4"},"id":"40374"},{"arcs":[[1901,1902,1903,1904,-1565,1905,-770]],"type":"Polygon","properties":{"SAL_CODE21":"40375","SAL_NAME21":"Duck Ponds","STE_CODE21":"4"},"id":"40375"},{"arcs":[[1906,-1767,-188,1907,1908,1909,1910,1911,1912]],"type":"Polygon","properties":{"SAL_CODE21":"40376","SAL_NAME21":"Dudley East","STE_CODE21":"4"},"id":"40376"},{"arcs":[[1913,-1843,-1704,1914]],"type":"Polygon","properties":{"SAL_CODE21":"40377","SAL_NAME21":"Dudley Park (SA)","STE_CODE21":"4"},"id":"40377"},{"arcs":[[-96,1915,-1911,1916,1917,1918,-894,-440]],"type":"Polygon","properties":{"SAL_CODE21":"40378","SAL_NAME21":"Dudley West","STE_CODE21":"4"},"id":"40378"},{"arcs":[[-13,1919,1920,1921]],"type":"Polygon","properties":{"SAL_CODE21":"40379","SAL_NAME21":"Dulwich","STE_CODE21":"4"},"id":"40379"},{"arcs":[[1922,-1224,1923,1924,1925,1926,1927]],"type":"Polygon","properties":{"SAL_CODE21":"40380","SAL_NAME21":"Duncan","STE_CODE21":"4"},"id":"40380"},{"arcs":[[1928,1929,1930,1931,1932,1933,1934]],"type":"Polygon","properties":{"SAL_CODE21":"40381","SAL_NAME21":"Dutton","STE_CODE21":"4"},"id":"40381"},{"arcs":[[1935,-1933,1936,1937]],"type":"Polygon","properties":{"SAL_CODE21":"40382","SAL_NAME21":"Dutton East","STE_CODE21":"4"},"id":"40382"},{"arcs":[[1938,1939,-748,-26,1940]],"type":"Polygon","properties":{"SAL_CODE21":"40383","SAL_NAME21":"East Moonta","STE_CODE21":"4"},"id":"40383"},{"arcs":[[1941,-15,1942]],"type":"Polygon","properties":{"SAL_CODE21":"40384","SAL_NAME21":"Eastwood (SA)","STE_CODE21":"4"},"id":"40384"},{"arcs":[[1943,1944,-667,1945,-450]],"type":"Polygon","properties":{"SAL_CODE21":"40385","SAL_NAME21":"Eba","STE_CODE21":"4"},"id":"40385"},{"arcs":[[[1946]],[[1947,1948]]],"type":"MultiPolygon","properties":{"SAL_CODE21":"40386","SAL_NAME21":"Eba Anchorage","STE_CODE21":"4"},"id":"40386"},{"arcs":[[1949,1950,1951,1952,1953,1954]],"type":"Polygon","properties":{"SAL_CODE21":"40387","SAL_NAME21":"Ebenezer (SA)","STE_CODE21":"4"},"id":"40387"},{"arcs":[[1955,1956,-1288,-571,1957,1958,1959,-961,1960]],"type":"Polygon","properties":{"SAL_CODE21":"40388","SAL_NAME21":"Echunga","STE_CODE21":"4"},"id":"40388"},{"arcs":[[1961,-491,-641,-512,-472,1962,1963]],"type":"Polygon","properties":{"SAL_CODE21":"40389","SAL_NAME21":"Eden Hills","STE_CODE21":"4"},"id":"40389"},{"arcs":[[-1120,1964,1965,1966,1967,1968,1969]],"type":"Polygon","properties":{"SAL_CODE21":"40390","SAL_NAME21":"Eden Valley","STE_CODE21":"4"},"id":"40390"},{"arcs":[[1970,-1639,-1729,1971,1972,1973]],"type":"Polygon","properties":{"SAL_CODE21":"40391","SAL_NAME21":"Edillilie","STE_CODE21":"4"},"id":"40391"},{"arcs":[[1974,-1851,1975,1976,1977,1978,1979]],"type":"Polygon","properties":{"SAL_CODE21":"40392","SAL_NAME21":"Edinburgh","STE_CODE21":"4"},"id":"40392"},{"arcs":[[1980,1981,-1978,1982,-1801]],"type":"Polygon","properties":{"SAL_CODE21":"40393","SAL_NAME21":"Edinburgh North","STE_CODE21":"4"},"id":"40393"},{"arcs":[[1983,1984,1985,-1528,1986]],"type":"Polygon","properties":{"SAL_CODE21":"40394","SAL_NAME21":"Edithburgh","STE_CODE21":"4"},"id":"40394"},{"arcs":[[-243,1987,1988,-1366,1989,-1415]],"type":"Polygon","properties":{"SAL_CODE21":"40395","SAL_NAME21":"Edwardstown","STE_CODE21":"4"},"id":"40395"},{"arcs":[[1990,1991,-75,-1247,1992]],"type":"Polygon","properties":{"SAL_CODE21":"40396","SAL_NAME21":"Eight Mile Creek (SA)","STE_CODE21":"4"},"id":"40396"},{"arcs":[[1993,1994,1995,1996,-1979,-1982,1997]],"type":"Polygon","properties":{"SAL_CODE21":"40397","SAL_NAME21":"Elizabeth","STE_CODE21":"4"},"id":"40397"},{"arcs":[[1998,1999,-653,-1677,2000]],"type":"Polygon","properties":{"SAL_CODE21":"40398","SAL_NAME21":"Elizabeth Downs","STE_CODE21":"4"},"id":"40398"},{"arcs":[[2001,2002,-1995,2003]],"type":"Polygon","properties":{"SAL_CODE21":"40399","SAL_NAME21":"Elizabeth East","STE_CODE21":"4"},"id":"40399"},{"arcs":[[2004,-1996,-2003,2005]],"type":"Polygon","properties":{"SAL_CODE21":"40400","SAL_NAME21":"Elizabeth Grove","STE_CODE21":"4"},"id":"40400"},{"arcs":[[2006,-1998,-1981,-1800,2007,-1999]],"type":"Polygon","properties":{"SAL_CODE21":"40401","SAL_NAME21":"Elizabeth North","STE_CODE21":"4"},"id":"40401"},{"arcs":[[-1994,-2007,-2001,-1676,2008,-2004]],"type":"Polygon","properties":{"SAL_CODE21":"40402","SAL_NAME21":"Elizabeth Park","STE_CODE21":"4"},"id":"40402"},{"arcs":[[2009,2010,-1980,-1997,-2005]],"type":"Polygon","properties":{"SAL_CODE21":"40403","SAL_NAME21":"Elizabeth South","STE_CODE21":"4"},"id":"40403"},{"arcs":[[2011,-2010,-2006,2012,2013,2014]],"type":"Polygon","properties":{"SAL_CODE21":"40404","SAL_NAME21":"Elizabeth Vale","STE_CODE21":"4"},"id":"40404"},{"arcs":[[[2015]],[[2016]],[[2017]],[[2018]],[[2019]],[[2020]],[[-1493,2021,-818,2022]]],"type":"MultiPolygon","properties":{"SAL_CODE21":"40405","SAL_NAME21":"Elliston","STE_CODE21":"4"},"id":"40405"},{"arcs":[[2023,-1534,2024]],"type":"Polygon","properties":{"SAL_CODE21":"40406","SAL_NAME21":"Elwomple","STE_CODE21":"4"},"id":"40406"},{"arcs":[[2025,2026,-441,2027]],"type":"Polygon","properties":{"SAL_CODE21":"40407","SAL_NAME21":"Emu Bay","STE_CODE21":"4"},"id":"40407"},{"arcs":[[2028,2029,-807,-200,2030,-1020,2031]],"type":"Polygon","properties":{"SAL_CODE21":"40408","SAL_NAME21":"Emu Downs","STE_CODE21":"4"},"id":"40408"},{"arcs":[[2032,-702,-225,-1362,2033]],"type":"Polygon","properties":{"SAL_CODE21":"40409","SAL_NAME21":"Emu Flat (SA)","STE_CODE21":"4"},"id":"40409"},{"arcs":[[2034,2035,-319,2036]],"type":"Polygon","properties":{"SAL_CODE21":"40410","SAL_NAME21":"Encounter Bay","STE_CODE21":"4"},"id":"40410"},{"arcs":[[2037,-647,2038,-1389,-871,2039]],"type":"Polygon","properties":{"SAL_CODE21":"40411","SAL_NAME21":"Enfield (SA)","STE_CODE21":"4"},"id":"40411"},{"arcs":[[-1016,2040,2041,2042,2043]],"type":"Polygon","properties":{"SAL_CODE21":"40412","SAL_NAME21":"Erindale","STE_CODE21":"4"},"id":"40412"},{"arcs":[[2044,2045,2046,-312,2047,-345,-1777]],"type":"Polygon","properties":{"SAL_CODE21":"40413","SAL_NAME21":"Erith","STE_CODE21":"4"},"id":"40413"},{"arcs":[[-1242,-1814,2048,2049,2050]],"type":"Polygon","properties":{"SAL_CODE21":"40414","SAL_NAME21":"Erskine (SA)","STE_CODE21":"4"},"id":"40414"},{"arcs":[[2051,2052,2053,2054]],"type":"Polygon","properties":{"SAL_CODE21":"40415","SAL_NAME21":"Ethelton","STE_CODE21":"4"},"id":"40415"},{"arcs":[[-999,2055,-790,2056,-1289]],"type":"Polygon","properties":{"SAL_CODE21":"40416","SAL_NAME21":"Ettrick (SA)","STE_CODE21":"4"},"id":"40416"},{"arcs":[[2057,2058,-294,2059,2060,-1930,2061,-924,2062]],"type":"Polygon","properties":{"SAL_CODE21":"40417","SAL_NAME21":"Eudunda","STE_CODE21":"4"},"id":"40417"},{"arcs":[[-1215,2063,2064,-1556,2065]],"type":"Polygon","properties":{"SAL_CODE21":"40418","SAL_NAME21":"Eurelia","STE_CODE21":"4"},"id":"40418"},{"arcs":[[-893,-136,2066,-108,2067,2068]],"type":"Polygon","properties":{"SAL_CODE21":"40419","SAL_NAME21":"Euromina","STE_CODE21":"4"},"id":"40419"},{"arcs":[[2069,2070,2071,2072,2073,2074]],"type":"Polygon","properties":{"SAL_CODE21":"40420","SAL_NAME21":"Evandale (SA)","STE_CODE21":"4"},"id":"40420"},{"arcs":[[2075,2076,2077,2078,2079,-927,2080]],"type":"Polygon","properties":{"SAL_CODE21":"40421","SAL_NAME21":"Evanston","STE_CODE21":"4"},"id":"40421"},{"arcs":[[-2079,2081,2082,2083]],"type":"Polygon","properties":{"SAL_CODE21":"40422","SAL_NAME21":"Evanston Gardens","STE_CODE21":"4"},"id":"40422"},{"arcs":[[-565,2084,-2077,2085]],"type":"Polygon","properties":{"SAL_CODE21":"40423","SAL_NAME21":"Evanston Park","STE_CODE21":"4"},"id":"40423"},{"arcs":[[-564,2086,-650,2087,-2082,-2078,-2085]],"type":"Polygon","properties":{"SAL_CODE21":"40424","SAL_NAME21":"Evanston South","STE_CODE21":"4"},"id":"40424"},{"arcs":[[-968,-1520,-692,-795,2088,2089]],"type":"Polygon","properties":{"SAL_CODE21":"40425","SAL_NAME21":"Everard Central","STE_CODE21":"4"},"id":"40425"},{"arcs":[[-603,2090,-256,2091]],"type":"Polygon","properties":{"SAL_CODE21":"40426","SAL_NAME21":"Everard Park","STE_CODE21":"4"},"id":"40426"},{"arcs":[[-599,2092,2093,2094,2095]],"type":"Polygon","properties":{"SAL_CODE21":"40427","SAL_NAME21":"Exeter (SA)","STE_CODE21":"4"},"id":"40427"},{"arcs":[[-1983,-1977,2096,-140,-1802]],"type":"Polygon","properties":{"SAL_CODE21":"40428","SAL_NAME21":"Eyre","STE_CODE21":"4"},"id":"40428"},{"arcs":[[-394,2097,2098,2099,2100]],"type":"Polygon","properties":{"SAL_CODE21":"40429","SAL_NAME21":"Fairview Park","STE_CODE21":"4"},"id":"40429"},{"arcs":[[2101,-1870,2102]],"type":"Polygon","properties":{"SAL_CODE21":"40430","SAL_NAME21":"False Bay","STE_CODE21":"4"},"id":"40430"},{"arcs":[[-518,2103,2104,2105,2106,2107,2108,-1609,2109],[2110],[2111]],"type":"Polygon","properties":{"SAL_CODE21":"40431","SAL_NAME21":"Farina","STE_CODE21":"4"},"id":"40431"},{"arcs":[[-621,2112,2113,2114,2115,2116]],"type":"Polygon","properties":{"SAL_CODE21":"40432","SAL_NAME21":"Farrell Flat","STE_CODE21":"4"},"id":"40432"},{"arcs":[[2117,2118,2119,2120,-1129]],"type":"Polygon","properties":{"SAL_CODE21":"40433","SAL_NAME21":"Felixstow","STE_CODE21":"4"},"id":"40433"},{"arcs":[[-1702,2121,2122,-169,2123]],"type":"Polygon","properties":{"SAL_CODE21":"40434","SAL_NAME21":"Ferryden Park","STE_CODE21":"4"},"id":"40434"},{"arcs":[[2124,2125,-1571,-1720,2126,-1451,-1593]],"type":"Polygon","properties":{"SAL_CODE21":"40435","SAL_NAME21":"Field","STE_CODE21":"4"},"id":"40435"},{"arcs":[[2127,2128,2129,2130,-560,2131]],"type":"Polygon","properties":{"SAL_CODE21":"40436","SAL_NAME21":"Findon","STE_CODE21":"4"},"id":"40436"},{"arcs":[[2132,2133,-251,2134,2135,2136,2137,-1386,-1755]],"type":"Polygon","properties":{"SAL_CODE21":"40437","SAL_NAME21":"Finniss","STE_CODE21":"4"},"id":"40437"},{"arcs":[[2138,2139,2140,2141]],"type":"Polygon","properties":{"SAL_CODE21":"40438","SAL_NAME21":"Firle","STE_CODE21":"4"},"id":"40438"},{"arcs":[[2142,2143,2144]],"type":"Polygon","properties":{"SAL_CODE21":"40439","SAL_NAME21":"Fischer","STE_CODE21":"4"},"id":"40439"},{"arcs":[[2145,-662,2146,2147]],"type":"Polygon","properties":{"SAL_CODE21":"40440","SAL_NAME21":"Fisher (SA)","STE_CODE21":"4"},"id":"40440"},{"arcs":[[[2148,2149]],[[-1400,2150,2151,2152,2153]]],"type":"MultiPolygon","properties":{"SAL_CODE21":"40441","SAL_NAME21":"Fisherman Bay","STE_CODE21":"4"},"id":"40441"},{"arcs":[[2154,2155,2156,2157]],"type":"Polygon","properties":{"SAL_CODE21":"40442","SAL_NAME21":"Fitzroy (SA)","STE_CODE21":"4"},"id":"40442"},{"arcs":[[2158,2159,2160,2161]],"type":"Polygon","properties":{"SAL_CODE21":"40443","SAL_NAME21":"Five Miles","STE_CODE21":"4"},"id":"40443"},{"arcs":[[2162,2163,-1789,-474,-511,-1674,-1619,-1278,-2]],"type":"Polygon","properties":{"SAL_CODE21":"40444","SAL_NAME21":"Flagstaff Hill","STE_CODE21":"4"},"id":"40444"},{"arcs":[[2164,2165,2166,-1961,-960]],"type":"Polygon","properties":{"SAL_CODE21":"40445","SAL_NAME21":"Flaxley","STE_CODE21":"4"},"id":"40445"},{"arcs":[[-1969,2167,2168,2169,2170,-545,-159,2171,2172]],"type":"Polygon","properties":{"SAL_CODE21":"40446","SAL_NAME21":"Flaxman Valley","STE_CODE21":"4"},"id":"40446"},{"arcs":[[2173,-1163,2174,2175]],"type":"Polygon","properties":{"SAL_CODE21":"40447","SAL_NAME21":"Flinders Chase","STE_CODE21":"4"},"id":"40447"},{"arcs":[[-559,-70,2176,2177,2178,2179,-2132]],"type":"Polygon","properties":{"SAL_CODE21":"40448","SAL_NAME21":"Flinders Park","STE_CODE21":"4"},"id":"40448"},{"arcs":[[2180,-415,2181,2182,2183,2184]],"type":"Polygon","properties":{"SAL_CODE21":"40449","SAL_NAME21":"Flinders Ranges","STE_CODE21":"4"},"id":"40449"},{"arcs":[[2185,2186,2187,2188,2189,2190,2191,2192,2193,2194]],"type":"Polygon","properties":{"SAL_CODE21":"40450","SAL_NAME21":"Florina Station","STE_CODE21":"4"},"id":"40450"},{"arcs":[[2195,-548,2196,2197,2198,2199,2200,2201]],"type":"Polygon","properties":{"SAL_CODE21":"40451","SAL_NAME21":"Fords","STE_CODE21":"4"},"id":"40451"},{"arcs":[[-372,-1196,-433,-1328,2202,2203]],"type":"Polygon","properties":{"SAL_CODE21":"40452","SAL_NAME21":"Forest Range","STE_CODE21":"4"},"id":"40452"},{"arcs":[[2204,-604,-2092,-255,2205,2206]],"type":"Polygon","properties":{"SAL_CODE21":"40453","SAL_NAME21":"Forestville (SA)","STE_CODE21":"4"},"id":"40453"},{"arcs":[[-1685,-596,2207,2208,2209]],"type":"Polygon","properties":{"SAL_CODE21":"40454","SAL_NAME21":"Forreston","STE_CODE21":"4"},"id":"40454"},{"arcs":[[2210,2211,2212]],"type":"Polygon","properties":{"SAL_CODE21":"40455","SAL_NAME21":"Forster (SA)","STE_CODE21":"4"},"id":"40455"},{"arcs":[[2213,2214,2215]],"type":"Polygon","properties":{"SAL_CODE21":"40456","SAL_NAME21":"Foul Bay","STE_CODE21":"4"},"id":"40456"},{"arcs":[[2216,2217,-1567,2218,2219]],"type":"Polygon","properties":{"SAL_CODE21":"40457","SAL_NAME21":"Fountain","STE_CODE21":"4"},"id":"40457"},{"arcs":[[-1455,2220,2221,-1376,2222,-1523,2223]],"type":"Polygon","properties":{"SAL_CODE21":"40458","SAL_NAME21":"Fox","STE_CODE21":"4"},"id":"40458"},{"arcs":[[2224,2225,-1655]],"type":"Polygon","properties":{"SAL_CODE21":"40459","SAL_NAME21":"Frahns","STE_CODE21":"4"},"id":"40459"},{"arcs":[[-586,2226,-380,2227]],"type":"Polygon","properties":{"SAL_CODE21":"40460","SAL_NAME21":"Frances","STE_CODE21":"4"},"id":"40460"},{"arcs":[[2228,2229,2230,2231]],"type":"Polygon","properties":{"SAL_CODE21":"40461","SAL_NAME21":"Franklyn","STE_CODE21":"4"},"id":"40461"},{"arcs":[[-904,2232,-1937,-1932,2233]],"type":"Polygon","properties":{"SAL_CODE21":"40462","SAL_NAME21":"Frankton","STE_CODE21":"4"},"id":"40462"},{"arcs":[[2234,2235,2236,-192]],"type":"Polygon","properties":{"SAL_CODE21":"40463","SAL_NAME21":"Frayville","STE_CODE21":"4"},"id":"40463"},{"arcs":[[2237,2238,2239,2240,-2202,2241,-1797,2242]],"type":"Polygon","properties":{"SAL_CODE21":"40464","SAL_NAME21":"Freeling","STE_CODE21":"4"},"id":"40464"},{"arcs":[[2243,2244,2245]],"type":"Polygon","properties":{"SAL_CODE21":"40465","SAL_NAME21":"Frewville","STE_CODE21":"4"},"id":"40465"},{"arcs":[[2246,2247,2248,2249,2250,-220,2251]],"type":"Polygon","properties":{"SAL_CODE21":"40466","SAL_NAME21":"Frome Downs","STE_CODE21":"4"},"id":"40466"},{"arcs":[[2252,2253,2254,2255,2256]],"type":"Polygon","properties":{"SAL_CODE21":"40467","SAL_NAME21":"Fulham (SA)","STE_CODE21":"4"},"id":"40467"},{"arcs":[[2257,2258,2259,2260,-2257]],"type":"Polygon","properties":{"SAL_CODE21":"40468","SAL_NAME21":"Fulham Gardens","STE_CODE21":"4"},"id":"40468"},{"arcs":[[2261,2262,2263,-2245,2264,2265]],"type":"Polygon","properties":{"SAL_CODE21":"40469","SAL_NAME21":"Fullarton","STE_CODE21":"4"},"id":"40469"},{"arcs":[[2266,2267,2268,2269,-2221,2270,2271,2272]],"type":"Polygon","properties":{"SAL_CODE21":"40470","SAL_NAME21":"Furner","STE_CODE21":"4"},"id":"40470"},{"arcs":[[2273,-1603,-335,-340,2274]],"type":"Polygon","properties":{"SAL_CODE21":"40471","SAL_NAME21":"Galga","STE_CODE21":"4"},"id":"40471"},{"arcs":[[-684,-523,2275,2276,-222,2277,-2250,2278,2279]],"type":"Polygon","properties":{"SAL_CODE21":"40472","SAL_NAME21":"Gammon Ranges","STE_CODE21":"4"},"id":"40472"},{"arcs":[[2280]],"type":"Polygon","properties":{"SAL_CODE21":"40473","SAL_NAME21":"Garden Island (SA)","STE_CODE21":"4"},"id":"40473"},{"arcs":[[2281,2282,2283]],"type":"Polygon","properties":{"SAL_CODE21":"40474","SAL_NAME21":"Gawler (SA)","STE_CODE21":"4"},"id":"40474"},{"arcs":[[2284,2285,2286,2287,2288,2289]],"type":"Polygon","properties":{"SAL_CODE21":"40475","SAL_NAME21":"Gawler Belt","STE_CODE21":"4"},"id":"40475"},{"arcs":[[-1518,2290,2291,-2282,2292]],"type":"Polygon","properties":{"SAL_CODE21":"40476","SAL_NAME21":"Gawler East","STE_CODE21":"4"},"id":"40476"},{"arcs":[[-947,2293,2294,2295,2296,-699,2297,2298]],"type":"Polygon","properties":{"SAL_CODE21":"40477","SAL_NAME21":"Gawler Ranges","STE_CODE21":"4"},"id":"40477"},{"arcs":[[2299,-929,-175,2300]],"type":"Polygon","properties":{"SAL_CODE21":"40478","SAL_NAME21":"Gawler River","STE_CODE21":"4"},"id":"40478"},{"arcs":[[2301,-566,-2086,-2076,2302,2303,-2283,-2292]],"type":"Polygon","properties":{"SAL_CODE21":"40479","SAL_NAME21":"Gawler South","STE_CODE21":"4"},"id":"40479"},{"arcs":[[-2303,-2081,-926,2304]],"type":"Polygon","properties":{"SAL_CODE21":"40480","SAL_NAME21":"Gawler West","STE_CODE21":"4"},"id":"40480"},{"arcs":[[2305,-958,2306,2307]],"type":"Polygon","properties":{"SAL_CODE21":"40481","SAL_NAME21":"Gemmells","STE_CODE21":"4"},"id":"40481"},{"arcs":[[2308,2309,2310,-977,2311,2312,2313]],"type":"Polygon","properties":{"SAL_CODE21":"40482","SAL_NAME21":"Georgetown (SA)","STE_CODE21":"4"},"id":"40482"},{"arcs":[[-646,2314,-1892,-1235,2315,2316,-1390,-2039]],"type":"Polygon","properties":{"SAL_CODE21":"40483","SAL_NAME21":"Gepps Cross","STE_CODE21":"4"},"id":"40483"},{"arcs":[[2317,-1568,-1190,2318,2319,2320]],"type":"Polygon","properties":{"SAL_CODE21":"40484","SAL_NAME21":"Geranium","STE_CODE21":"4"},"id":"40484"},{"arcs":[[-985,-780,2321,-840]],"type":"Polygon","properties":{"SAL_CODE21":"40485","SAL_NAME21":"Geranium Plains","STE_CODE21":"4"},"id":"40485"},{"arcs":[[2322,2323,2324]],"type":"Polygon","properties":{"SAL_CODE21":"40486","SAL_NAME21":"Gerard","STE_CODE21":"4"},"id":"40486"},{"arcs":[[2325,-1038,2326,-1205,2327]],"type":"Polygon","properties":{"SAL_CODE21":"40487","SAL_NAME21":"German Creek","STE_CODE21":"4"},"id":"40487"},{"arcs":[[-2328,-1204,-1157,2328]],"type":"Polygon","properties":{"SAL_CODE21":"40488","SAL_NAME21":"German Flat","STE_CODE21":"4"},"id":"40488"},{"arcs":[[2329,2330,-992,-1578,2331,2332,2333,2334,2335,2336]],"type":"Polygon","properties":{"SAL_CODE21":"40489","SAL_NAME21":"Germein Bay","STE_CODE21":"4"},"id":"40489"},{"arcs":[[2337,2338,2339],[2340]],"type":"Polygon","properties":{"SAL_CODE21":"40490","SAL_NAME21":"Gidgealpa","STE_CODE21":"4"},"id":"40490"},{"arcs":[[2341,2342,2343,-860,2344]],"type":"Polygon","properties":{"SAL_CODE21":"40491","SAL_NAME21":"Gifford Hill","STE_CODE21":"4"},"id":"40491"},{"arcs":[[2345,-1462,2346,2347,2348,-1481,2349]],"type":"Polygon","properties":{"SAL_CODE21":"40492","SAL_NAME21":"Gilberton (SA)","STE_CODE21":"4"},"id":"40492"},{"arcs":[[2350,2351,2352,-85]],"type":"Polygon","properties":{"SAL_CODE21":"40493","SAL_NAME21":"Giles Corner","STE_CODE21":"4"},"id":"40493"},{"arcs":[[2353,-2034,-1361,2354,2355]],"type":"Polygon","properties":{"SAL_CODE21":"40494","SAL_NAME21":"Gillentown","STE_CODE21":"4"},"id":"40494"},{"arcs":[[2356,2357,2358,2359,2360]],"type":"Polygon","properties":{"SAL_CODE21":"40495","SAL_NAME21":"Gilles Plains","STE_CODE21":"4"},"id":"40495"},{"arcs":[[2361,2362,2363,-1888,2364,2365]],"type":"Polygon","properties":{"SAL_CODE21":"40496","SAL_NAME21":"Gillman","STE_CODE21":"4"},"id":"40496"},{"arcs":[[-1117,-1109,2366,-2310,2367,-484,2368]],"type":"Polygon","properties":{"SAL_CODE21":"40497","SAL_NAME21":"Gladstone (SA)","STE_CODE21":"4"},"id":"40497"},{"arcs":[[-1989,2369,2370,2371,-2091,-602]],"type":"Polygon","properties":{"SAL_CODE21":"40498","SAL_NAME21":"Glandore","STE_CODE21":"4"},"id":"40498"},{"arcs":[[-2094,2372,-2055,2373]],"type":"Polygon","properties":{"SAL_CODE21":"40499","SAL_NAME21":"Glanville","STE_CODE21":"4"},"id":"40499"},{"arcs":[[2374,2375,2376,2377,2378,-463]],"type":"Polygon","properties":{"SAL_CODE21":"40500","SAL_NAME21":"Glen Osmond","STE_CODE21":"4"},"id":"40500"},{"arcs":[[2379,-642,-489]],"type":"Polygon","properties":{"SAL_CODE21":"40501","SAL_NAME21":"Glenalta","STE_CODE21":"4"},"id":"40501"},{"arcs":[[2380,2381,2382,-1203,2383,2384]],"type":"Polygon","properties":{"SAL_CODE21":"40502","SAL_NAME21":"Glenburnie","STE_CODE21":"4"},"id":"40502"},{"arcs":[[2385,2386,-1859,2387,-1040,2388]],"type":"Polygon","properties":{"SAL_CODE21":"40503","SAL_NAME21":"Glencoe (SA)","STE_CODE21":"4"},"id":"40503"},{"arcs":[[-130]],"type":"Polygon","properties":{"SAL_CODE21":"40504","SAL_NAME21":"Glendambo","STE_CODE21":"4"},"id":"40504"},{"arcs":[[2389,2390,2391,2392]],"type":"Polygon","properties":{"SAL_CODE21":"40505","SAL_NAME21":"Glenelg (SA)","STE_CODE21":"4"},"id":"40505"},{"arcs":[[2393,2394,-2393,2395,2396,-1125,2397]],"type":"Polygon","properties":{"SAL_CODE21":"40506","SAL_NAME21":"Glenelg East","STE_CODE21":"4"},"id":"40506"},{"arcs":[[-2396,-2392,2398,2399,-20,2400]],"type":"Polygon","properties":{"SAL_CODE21":"40507","SAL_NAME21":"Glenelg North","STE_CODE21":"4"},"id":"40507"},{"arcs":[[2401,-2390,-2395,2402]],"type":"Polygon","properties":{"SAL_CODE21":"40508","SAL_NAME21":"Glenelg South","STE_CODE21":"4"},"id":"40508"},{"arcs":[[2403,2404,-2398,2405]],"type":"Polygon","properties":{"SAL_CODE21":"40509","SAL_NAME21":"Glengowrie","STE_CODE21":"4"},"id":"40509"},{"arcs":[[-1582,2406,-1458,2407,-726,2408,2409,-1497]],"type":"Polygon","properties":{"SAL_CODE21":"40510","SAL_NAME21":"Glenroy (SA)","STE_CODE21":"4"},"id":"40510"},{"arcs":[[-2246,-1943,-14,-1922,2410,2411,2412]],"type":"Polygon","properties":{"SAL_CODE21":"40511","SAL_NAME21":"Glenside","STE_CODE21":"4"},"id":"40511"},{"arcs":[[2413,-2378,-2265,-2244,-2413,2414]],"type":"Polygon","properties":{"SAL_CODE21":"40512","SAL_NAME21":"Glenunga","STE_CODE21":"4"},"id":"40512"},{"arcs":[[2415,2416,2417,-1890,-711]],"type":"Polygon","properties":{"SAL_CODE21":"40513","SAL_NAME21":"Globe Derby Park","STE_CODE21":"4"},"id":"40513"},{"arcs":[[2418,2419,2420,-406,2421,-541]],"type":"Polygon","properties":{"SAL_CODE21":"40514","SAL_NAME21":"Glossop","STE_CODE21":"4"},"id":"40514"},{"arcs":[[-1128,2422,2423,-2141,2424,-2118]],"type":"Polygon","properties":{"SAL_CODE21":"40515","SAL_NAME21":"Glynde","STE_CODE21":"4"},"id":"40515"},{"arcs":[[2425,2426,2427,-2099,2428,2429,2430,2431,2432]],"type":"Polygon","properties":{"SAL_CODE21":"40516","SAL_NAME21":"Golden Grove","STE_CODE21":"4"},"id":"40516"},{"arcs":[[2433,2434,2435]],"type":"Polygon","properties":{"SAL_CODE21":"40517","SAL_NAME21":"Golden Heights","STE_CODE21":"4"},"id":"40517"},{"arcs":[[2436,2437,2438,2439,2440]],"type":"Polygon","properties":{"SAL_CODE21":"40518","SAL_NAME21":"Gomersal","STE_CODE21":"4"},"id":"40518"},{"arcs":[[2441,2442,2443,-1840,2444,2445]],"type":"Polygon","properties":{"SAL_CODE21":"40519","SAL_NAME21":"Good Hope Landing","STE_CODE21":"4"},"id":"40519"},{"arcs":[[2446,2447,2448,-2207,2449]],"type":"Polygon","properties":{"SAL_CODE21":"40520","SAL_NAME21":"Goodwood (SA)","STE_CODE21":"4"},"id":"40520"},{"arcs":[[2450,-1758,2451,2452,2453,2454]],"type":"Polygon","properties":{"SAL_CODE21":"40521","SAL_NAME21":"Goolwa","STE_CODE21":"4"},"id":"40521"},{"arcs":[[2455,2456,-2455,2457]],"type":"Polygon","properties":{"SAL_CODE21":"40522","SAL_NAME21":"Goolwa Beach","STE_CODE21":"4"},"id":"40522"},{"arcs":[[2458,-2452,-1757]],"type":"Polygon","properties":{"SAL_CODE21":"40523","SAL_NAME21":"Goolwa North","STE_CODE21":"4"},"id":"40523"},{"arcs":[[2459,-1587,2460,-2458,-2454]],"type":"Polygon","properties":{"SAL_CODE21":"40524","SAL_NAME21":"Goolwa South","STE_CODE21":"4"},"id":"40524"},{"arcs":[[2461,-1927,2462,2463,-2175,-1162,-1817,2464]],"type":"Polygon","properties":{"SAL_CODE21":"40525","SAL_NAME21":"Gosse","STE_CODE21":"4"},"id":"40525"},{"arcs":[[2465,2466,2467,2468,2469,2470,-2426,2471]],"type":"Polygon","properties":{"SAL_CODE21":"40526","SAL_NAME21":"Gould Creek","STE_CODE21":"4"},"id":"40526"},{"arcs":[[2472,2473,2474,-797,-456]],"type":"Polygon","properties":{"SAL_CODE21":"40527","SAL_NAME21":"Goyder","STE_CODE21":"4"},"id":"40527"},{"arcs":[[2475,-1089,2476,2477,-397]],"type":"Polygon","properties":{"SAL_CODE21":"40528","SAL_NAME21":"Grace Plains","STE_CODE21":"4"},"id":"40528"},{"arcs":[[-2194,2478,2479,2480,2481,2482,2483]],"type":"Polygon","properties":{"SAL_CODE21":"40529","SAL_NAME21":"Grampus","STE_CODE21":"4"},"id":"40529"},{"arcs":[[2484,2485,2486,2487,2488]],"type":"Polygon","properties":{"SAL_CODE21":"40530","SAL_NAME21":"Grange (SA)","STE_CODE21":"4"},"id":"40530"},{"arcs":[[-2417,2489,2490]],"type":"Polygon","properties":{"SAL_CODE21":"40531","SAL_NAME21":"Green Fields","STE_CODE21":"4"},"id":"40531"},{"arcs":[[-2166,2491,2492]],"type":"Polygon","properties":{"SAL_CODE21":"40532","SAL_NAME21":"Green Hills Range","STE_CODE21":"4"},"id":"40532"},{"arcs":[[2493,2494,2495,2496,-1298]],"type":"Polygon","properties":{"SAL_CODE21":"40533","SAL_NAME21":"Green Patch","STE_CODE21":"4"},"id":"40533"},{"arcs":[[2497,2498,2499,2500,-873,-1388,2501]],"type":"Polygon","properties":{"SAL_CODE21":"40534","SAL_NAME21":"Greenacres","STE_CODE21":"4"},"id":"40534"},{"arcs":[[2502,2503,-262,2504,-1396,2505,-1018]],"type":"Polygon","properties":{"SAL_CODE21":"40535","SAL_NAME21":"Greenhill (SA)","STE_CODE21":"4"},"id":"40535"},{"arcs":[[2506,2507,-1794,2508,-2200,2509,2510]],"type":"Polygon","properties":{"SAL_CODE21":"40536","SAL_NAME21":"Greenock","STE_CODE21":"4"},"id":"40536"},{"arcs":[[-824,-1524,-2223,-1375]],"type":"Polygon","properties":{"SAL_CODE21":"40537","SAL_NAME21":"Greenways","STE_CODE21":"4"},"id":"40537"},{"arcs":[[2511,2512,-2472,-2433]],"type":"Polygon","properties":{"SAL_CODE21":"40538","SAL_NAME21":"Greenwith","STE_CODE21":"4"},"id":"40538"},{"arcs":[[2513,2514,2515,-2431,2516]],"type":"Polygon","properties":{"SAL_CODE21":"40539","SAL_NAME21":"Gulfview Heights","STE_CODE21":"4"},"id":"40539"},{"arcs":[[2517,2518,-2313,2519,2520,2521]],"type":"Polygon","properties":{"SAL_CODE21":"40540","SAL_NAME21":"Gulnare","STE_CODE21":"4"},"id":"40540"},{"arcs":[[2522,2523,-1024,2524,-2115,2525]],"type":"Polygon","properties":{"SAL_CODE21":"40541","SAL_NAME21":"Gum Creek","STE_CODE21":"4"},"id":"40541"},{"arcs":[[2526,-2208,-595,2527,-1713,-1269]],"type":"Polygon","properties":{"SAL_CODE21":"40542","SAL_NAME21":"Gumeracha","STE_CODE21":"4"},"id":"40542"},{"arcs":[[2528,-720,2529,-2419,-540,2530]],"type":"Polygon","properties":{"SAL_CODE21":"40543","SAL_NAME21":"Gurra Gurra","STE_CODE21":"4"},"id":"40543"},{"arcs":[[2531,2532,2533,2534,2535,2536]],"type":"Polygon","properties":{"SAL_CODE21":"40544","SAL_NAME21":"Hackham","STE_CODE21":"4"},"id":"40544"},{"arcs":[[2537,2538,2539,-2535,2540]],"type":"Polygon","properties":{"SAL_CODE21":"40545","SAL_NAME21":"Hackham West","STE_CODE21":"4"},"id":"40545"},{"arcs":[[-1148,2541,2542,2543,2544]],"type":"Polygon","properties":{"SAL_CODE21":"40546","SAL_NAME21":"Hacklins Corner","STE_CODE21":"4"},"id":"40546"},{"arcs":[[-2347,-1461,2545,-10]],"type":"Polygon","properties":{"SAL_CODE21":"40547","SAL_NAME21":"Hackney","STE_CODE21":"4"},"id":"40547"},{"arcs":[[2546,-1958,-574,2547,-835,2548,-368,2549,2550]],"type":"Polygon","properties":{"SAL_CODE21":"40548","SAL_NAME21":"Hahndorf","STE_CODE21":"4"},"id":"40548"},{"arcs":[[-1774,2551,2552,-376,2553,2554,2555]],"type":"Polygon","properties":{"SAL_CODE21":"40549","SAL_NAME21":"Haines","STE_CODE21":"4"},"id":"40549"},{"arcs":[[2556,-280,2557,2558,2559,-350,2560]],"type":"Polygon","properties":{"SAL_CODE21":"40550","SAL_NAME21":"Halbury","STE_CODE21":"4"},"id":"40550"},{"arcs":[[-765,-1606,2561,2562,2563]],"type":"Polygon","properties":{"SAL_CODE21":"40551","SAL_NAME21":"Halidon","STE_CODE21":"4"},"id":"40551"},{"arcs":[[2564,-837,2565,-2029]],"type":"Polygon","properties":{"SAL_CODE21":"40552","SAL_NAME21":"Hallelujah Hills","STE_CODE21":"4"},"id":"40552"},{"arcs":[[2566,2567,2568,2569,2570,-1146,-499]],"type":"Polygon","properties":{"SAL_CODE21":"40553","SAL_NAME21":"Hallett","STE_CODE21":"4"},"id":"40553"},{"arcs":[[2571,2572,2573,2574,2575,2576,2577]],"type":"Polygon","properties":{"SAL_CODE21":"40554","SAL_NAME21":"Hallett Cove","STE_CODE21":"4"},"id":"40554"},{"arcs":[[-743,2578,2579,2580,2581,-1600,-1177,-1784]],"type":"Polygon","properties":{"SAL_CODE21":"40555","SAL_NAME21":"Hambidge","STE_CODE21":"4"},"id":"40555"},{"arcs":[[-327,-79,2582,2583,2584,2585,2586,-921]],"type":"Polygon","properties":{"SAL_CODE21":"40556","SAL_NAME21":"Hamilton (SA)","STE_CODE21":"4"},"id":"40556"},{"arcs":[[2587,2588]],"type":"Polygon","properties":{"SAL_CODE21":"40557","SAL_NAME21":"Hamley","STE_CODE21":"4"},"id":"40557"},{"arcs":[[2589,2590,2591,-400,2592,-88,2593]],"type":"Polygon","properties":{"SAL_CODE21":"40558","SAL_NAME21":"Hamley Bridge","STE_CODE21":"4"},"id":"40558"},{"arcs":[[-2066,-1561,-104,2594,-912,2595,2596]],"type":"Polygon","properties":{"SAL_CODE21":"40559","SAL_NAME21":"Hammond","STE_CODE21":"4"},"id":"40559"},{"arcs":[[-2063,-923,2597,2598]],"type":"Polygon","properties":{"SAL_CODE21":"40560","SAL_NAME21":"Hampden (SA)","STE_CODE21":"4"},"id":"40560"},{"arcs":[[2599,2600,-2500,2601]],"type":"Polygon","properties":{"SAL_CODE21":"40561","SAL_NAME21":"Hampstead Gardens","STE_CODE21":"4"},"id":"40561"},{"arcs":[[-2062,-1929,2602,-329,-925]],"type":"Polygon","properties":{"SAL_CODE21":"40562","SAL_NAME21":"Hansborough","STE_CODE21":"4"},"id":"40562"},{"arcs":[[2603,-2116,-2525,-1023]],"type":"Polygon","properties":{"SAL_CODE21":"40563","SAL_NAME21":"Hanson","STE_CODE21":"4"},"id":"40563"},{"arcs":[[2604,2605,2606,2607,-2163,-1,-1285]],"type":"Polygon","properties":{"SAL_CODE21":"40564","SAL_NAME21":"Happy Valley (SA)","STE_CODE21":"4"},"id":"40564"},{"arcs":[[-832,2608,2609,2610]],"type":"Polygon","properties":{"SAL_CODE21":"40565","SAL_NAME21":"Hardwicke Bay","STE_CODE21":"4"},"id":"40565"},{"arcs":[[2611,2612,2613,2614]],"type":"Polygon","properties":{"SAL_CODE21":"40566","SAL_NAME21":"Hardy","STE_CODE21":"4"},"id":"40566"},{"arcs":[[2615,-920,2616,2617,2618,2619]],"type":"Polygon","properties":{"SAL_CODE21":"40567","SAL_NAME21":"Harrogate","STE_CODE21":"4"},"id":"40567"},{"arcs":[[2620,2621,-996,-694,-1519,-861]],"type":"Polygon","properties":{"SAL_CODE21":"40568","SAL_NAME21":"Hart (SA)","STE_CODE21":"4"},"id":"40568"},{"arcs":[[-675,2622,2623,-1084,2624,2625]],"type":"Polygon","properties":{"SAL_CODE21":"40569","SAL_NAME21":"Hartley (SA)","STE_CODE21":"4"},"id":"40569"},{"arcs":[[2626,-1187,2627,2628,2629]],"type":"Polygon","properties":{"SAL_CODE21":"40570","SAL_NAME21":"Haslam","STE_CODE21":"4"},"id":"40570"},{"arcs":[[2630,2631,-2268,2632,2633]],"type":"Polygon","properties":{"SAL_CODE21":"40571","SAL_NAME21":"Hatherleigh","STE_CODE21":"4"},"id":"40571"},{"arcs":[[2634,-416,-2181,2635,2636,-1665]],"type":"Polygon","properties":{"SAL_CODE21":"40572","SAL_NAME21":"Hawker (SA)","STE_CODE21":"4"},"id":"40572"},{"arcs":[[-1906,-1564,2637,2638,2639,-771]],"type":"Polygon","properties":{"SAL_CODE21":"40573","SAL_NAME21":"Hawson","STE_CODE21":"4"},"id":"40573"},{"arcs":[[2640,2641,2642,2643,2644]],"type":"Polygon","properties":{"SAL_CODE21":"40574","SAL_NAME21":"Hawthorn (SA)","STE_CODE21":"4"},"id":"40574"},{"arcs":[[-488,2645,-1616,-1621,-643,-2380]],"type":"Polygon","properties":{"SAL_CODE21":"40575","SAL_NAME21":"Hawthorndene","STE_CODE21":"4"},"id":"40575"},{"arcs":[[2646,2647,2648,2649,2650,2651]],"type":"Polygon","properties":{"SAL_CODE21":"40576","SAL_NAME21":"Hay Flat","STE_CODE21":"4"},"id":"40576"},{"arcs":[[2652,2653,-918,2654]],"type":"Polygon","properties":{"SAL_CODE21":"40577","SAL_NAME21":"Hay Valley","STE_CODE21":"4"},"id":"40577"},{"arcs":[[2655,2656,-1340,2657]],"type":"Polygon","properties":{"SAL_CODE21":"40578","SAL_NAME21":"Hayborough","STE_CODE21":"4"},"id":"40578"},{"arcs":[[2658,2659,2660,-1014,-466]],"type":"Polygon","properties":{"SAL_CODE21":"40579","SAL_NAME21":"Hazelwood Park","STE_CODE21":"4"},"id":"40579"},{"arcs":[[2661,2662,2663,-48,2664,2665]],"type":"Polygon","properties":{"SAL_CODE21":"40580","SAL_NAME21":"Heathfield","STE_CODE21":"4"},"id":"40580"},{"arcs":[[2666,2667,2668,2669]],"type":"Polygon","properties":{"SAL_CODE21":"40581","SAL_NAME21":"Heathpool","STE_CODE21":"4"},"id":"40581"},{"arcs":[[2670,2671,2672,-2423,-1134]],"type":"Polygon","properties":{"SAL_CODE21":"40582","SAL_NAME21":"Hectorville","STE_CODE21":"4"},"id":"40582"},{"arcs":[[2673,-38,2674,2675]],"type":"Polygon","properties":{"SAL_CODE21":"40583","SAL_NAME21":"Hendon (SA)","STE_CODE21":"4"},"id":"40583"},{"arcs":[[2676,-2489,-2258,-2256,2677]],"type":"Polygon","properties":{"SAL_CODE21":"40584","SAL_NAME21":"Henley Beach","STE_CODE21":"4"},"id":"40584"},{"arcs":[[2678,-2678,-2255,2679]],"type":"Polygon","properties":{"SAL_CODE21":"40585","SAL_NAME21":"Henley Beach South","STE_CODE21":"4"},"id":"40585"},{"arcs":[[-1513,2680,-2287,2681]],"type":"Polygon","properties":{"SAL_CODE21":"40586","SAL_NAME21":"Hewett","STE_CODE21":"4"},"id":"40586"},{"arcs":[[2682,2683,2684,-274,2685,-1837,2686]],"type":"Polygon","properties":{"SAL_CODE21":"40587","SAL_NAME21":"Highbury (SA)","STE_CODE21":"4"},"id":"40587"},{"arcs":[[2687,2688,-2262,2689]],"type":"Polygon","properties":{"SAL_CODE21":"40588","SAL_NAME21":"Highgate (SA)","STE_CODE21":"4"},"id":"40588"},{"arcs":[[-957,2690,2691,2692,2693,-2307]],"type":"Polygon","properties":{"SAL_CODE21":"40589","SAL_NAME21":"Highland Valley","STE_CODE21":"4"},"id":"40589"},{"arcs":[[-402,2694,-2526,-2114,2695,2696,2697,2698]],"type":"Polygon","properties":{"SAL_CODE21":"40590","SAL_NAME21":"Hill River (SA)","STE_CODE21":"4"},"id":"40590"},{"arcs":[[-2009,-1675,-2467,2699,-2013,-2002]],"type":"Polygon","properties":{"SAL_CODE21":"40591","SAL_NAME21":"Hillbank","STE_CODE21":"4"},"id":"40591"},{"arcs":[[2700,-2498,2701,2702,-2358,2703]],"type":"Polygon","properties":{"SAL_CODE21":"40592","SAL_NAME21":"Hillcrest (SA)","STE_CODE21":"4"},"id":"40592"},{"arcs":[[2704,2705,-176,-928,-2080,-2084]],"type":"Polygon","properties":{"SAL_CODE21":"40593","SAL_NAME21":"Hillier","STE_CODE21":"4"},"id":"40593"},{"arcs":[[-109,-2067,-135,2706,-2523,-2695,-401]],"type":"Polygon","properties":{"SAL_CODE21":"40594","SAL_NAME21":"Hilltown","STE_CODE21":"4"},"id":"40594"},{"arcs":[[-1646,2707,2708,2709]],"type":"Polygon","properties":{"SAL_CODE21":"40595","SAL_NAME21":"Hilton (SA)","STE_CODE21":"4"},"id":"40595"},{"arcs":[[2710,2711,2712,2713,-1055,2714,-881,2715]],"type":"Polygon","properties":{"SAL_CODE21":"40596","SAL_NAME21":"Hincks","STE_CODE21":"4"},"id":"40596"},{"arcs":[[2716,-1695,2717,-876,-775,2718,2719]],"type":"Polygon","properties":{"SAL_CODE21":"40597","SAL_NAME21":"Hindmarsh (SA)","STE_CODE21":"4"},"id":"40597"},{"arcs":[[-1756,-1384,2720,2721,-2460,-2453,-2459]],"type":"Polygon","properties":{"SAL_CODE21":"40598","SAL_NAME21":"Hindmarsh Island","STE_CODE21":"4"},"id":"40598"},{"arcs":[[2722,2723,2724,2725,2726]],"type":"Polygon","properties":{"SAL_CODE21":"40599","SAL_NAME21":"Hindmarsh Tiers","STE_CODE21":"4"},"id":"40599"},{"arcs":[[2727,2728,-2725,2729,2730,-1341,-2657,2731,2732]],"type":"Polygon","properties":{"SAL_CODE21":"40600","SAL_NAME21":"Hindmarsh Valley","STE_CODE21":"4"},"id":"40600"},{"arcs":[[-1835,2733,-2361,2734,2735]],"type":"Polygon","properties":{"SAL_CODE21":"40601","SAL_NAME21":"Holden Hill","STE_CODE21":"4"},"id":"40601"},{"arcs":[[2736,2737,2738]],"type":"Polygon","properties":{"SAL_CODE21":"40602","SAL_NAME21":"Holder (SA)","STE_CODE21":"4"},"id":"40602"},{"arcs":[[-740,2739,2740,2741]],"type":"Polygon","properties":{"SAL_CODE21":"40603","SAL_NAME21":"Holder Siding","STE_CODE21":"4"},"id":"40603"},{"arcs":[[2742,-1986,2743,2744]],"type":"Polygon","properties":{"SAL_CODE21":"40604","SAL_NAME21":"Honiton","STE_CODE21":"4"},"id":"40604"},{"arcs":[[2745,2746,2747,2748,-1847,2749]],"type":"Polygon","properties":{"SAL_CODE21":"40605","SAL_NAME21":"Hope Forest","STE_CODE21":"4"},"id":"40605"},{"arcs":[[-1476,2750,-1011,2751,2752]],"type":"Polygon","properties":{"SAL_CODE21":"40606","SAL_NAME21":"Hope Gap","STE_CODE21":"4"},"id":"40606"},{"arcs":[[-1836,-2736,2753,2754,2755,-2687]],"type":"Polygon","properties":{"SAL_CODE21":"40607","SAL_NAME21":"Hope Valley (SA)","STE_CODE21":"4"},"id":"40607"},{"arcs":[[2756,-1113,-204,2757,2758]],"type":"Polygon","properties":{"SAL_CODE21":"40608","SAL_NAME21":"Hornsdale","STE_CODE21":"4"},"id":"40608"},{"arcs":[[-2504,2759,2760,2761,2762,-263]],"type":"Polygon","properties":{"SAL_CODE21":"40609","SAL_NAME21":"Horsnell Gully","STE_CODE21":"4"},"id":"40609"},{"arcs":[[2763,-2045,-1778,-343]],"type":"Polygon","properties":{"SAL_CODE21":"40610","SAL_NAME21":"Hoskin Corner","STE_CODE21":"4"},"id":"40610"},{"arcs":[[2764,2765,2766,2767,2768]],"type":"Polygon","properties":{"SAL_CODE21":"40611","SAL_NAME21":"Houghton","STE_CODE21":"4"},"id":"40611"},{"arcs":[[2769,-847,2770,2771]],"type":"Polygon","properties":{"SAL_CODE21":"40612","SAL_NAME21":"Hove","STE_CODE21":"4"},"id":"40612"},{"arcs":[[-281,-2557,2772,2773,2774]],"type":"Polygon","properties":{"SAL_CODE21":"40613","SAL_NAME21":"Hoyleton","STE_CODE21":"4"},"id":"40613"},{"arcs":[[-2309,2775,-1711,-485,-2368]],"type":"Polygon","properties":{"SAL_CODE21":"40614","SAL_NAME21":"Huddleston","STE_CODE21":"4"},"id":"40614"},{"arcs":[[2776,2777,2778]],"type":"Polygon","properties":{"SAL_CODE21":"40615","SAL_NAME21":"Humbug Scrub","STE_CODE21":"4"},"id":"40615"},{"arcs":[[2779,-2541,-2534]],"type":"Polygon","properties":{"SAL_CODE21":"40616","SAL_NAME21":"Huntfield Heights","STE_CODE21":"4"},"id":"40616"},{"arcs":[[2780,2781,2782,-2448,2783]],"type":"Polygon","properties":{"SAL_CODE21":"40617","SAL_NAME21":"Hyde Park (SA)","STE_CODE21":"4"},"id":"40617"},{"arcs":[[2784,2785,2786,2787,2788,2789]],"type":"Polygon","properties":{"SAL_CODE21":"40618","SAL_NAME21":"Hynam","STE_CODE21":"4"},"id":"40618"},{"arcs":[[2790,2791,2792,2793,2794]],"type":"Polygon","properties":{"SAL_CODE21":"40619","SAL_NAME21":"Ingle Farm","STE_CODE21":"4"},"id":"40619"},{"arcs":[[2795,2796,-2768,2797,2798,2799]],"type":"Polygon","properties":{"SAL_CODE21":"40620","SAL_NAME21":"Inglewood (SA)","STE_CODE21":"4"},"id":"40620"},{"arcs":[[2800,2801,2802,-1505,2803,-177]],"type":"Polygon","properties":{"SAL_CODE21":"40621","SAL_NAME21":"Ingomar","STE_CODE21":"4"},"id":"40621"},{"arcs":[[2804,-316,2805,2806,2807]],"type":"Polygon","properties":{"SAL_CODE21":"40622","SAL_NAME21":"Inkerman (SA)","STE_CODE21":"4"},"id":"40622"},{"arcs":[[-1471,2808,2809,-1277,2810,2811]],"type":"Polygon","properties":{"SAL_CODE21":"40623","SAL_NAME21":"Inkster","STE_CODE21":"4"},"id":"40623"},{"arcs":[[-2726,-2729,2812,-323,2813,-352,2814,2815,2816]],"type":"Polygon","properties":{"SAL_CODE21":"40624","SAL_NAME21":"Inman Valley","STE_CODE21":"4"},"id":"40624"},{"arcs":[[-2341]],"type":"Polygon","properties":{"SAL_CODE21":"40625","SAL_NAME21":"Innamincka","STE_CODE21":"4"},"id":"40625"},{"arcs":[[[2817]],[[2818,2819]],[[2820]]],"type":"MultiPolygon","properties":{"SAL_CODE21":"40626","SAL_NAME21":"Inneston","STE_CODE21":"4"},"id":"40626"},{"arcs":[[-1633,-1721]],"type":"Polygon","properties":{"SAL_CODE21":"40627","SAL_NAME21":"Iron Knob","STE_CODE21":"4"},"id":"40627"},{"arcs":[[2821,2822,-1324,-1618,2823,-2662]],"type":"Polygon","properties":{"SAL_CODE21":"40628","SAL_NAME21":"Ironbank","STE_CODE21":"4"},"id":"40628"},{"arcs":[[-1765,-1907,2824,2825]],"type":"Polygon","properties":{"SAL_CODE21":"40629","SAL_NAME21":"Ironstone","STE_CODE21":"4"},"id":"40629"},{"arcs":[[-895,2826,2827,2828]],"type":"Polygon","properties":{"SAL_CODE21":"40630","SAL_NAME21":"Island Beach","STE_CODE21":"4"},"id":"40630"},{"arcs":[[2829,-210,2830,2831]],"type":"Polygon","properties":{"SAL_CODE21":"40631","SAL_NAME21":"Island Lagoon","STE_CODE21":"4"},"id":"40631"},{"arcs":[[-122]],"type":"Polygon","properties":{"SAL_CODE21":"40632","SAL_NAME21":"Iwantja","STE_CODE21":"4"},"id":"40632"},{"arcs":[[2832,-2319,-1189,2833,2834,2835]],"type":"Polygon","properties":{"SAL_CODE21":"40633","SAL_NAME21":"Jabuk","STE_CODE21":"4"},"id":"40633"},{"arcs":[[2836,2837,2838,-214]],"type":"Polygon","properties":{"SAL_CODE21":"40634","SAL_NAME21":"James Well","STE_CODE21":"4"},"id":"40634"},{"arcs":[[-510,-503,-984,-1107,-1114,-2757,2839]],"type":"Polygon","properties":{"SAL_CODE21":"40635","SAL_NAME21":"Jamestown","STE_CODE21":"4"},"id":"40635"},{"arcs":[[-1136,-1786,2840,2841]],"type":"Polygon","properties":{"SAL_CODE21":"40636","SAL_NAME21":"Jamieson (SA)","STE_CODE21":"4"},"id":"40636"},{"arcs":[[2842,2843]],"type":"Polygon","properties":{"SAL_CODE21":"40637","SAL_NAME21":"Jericho (SA)","STE_CODE21":"4"},"id":"40637"},{"arcs":[[2844,2845]],"type":"Polygon","properties":{"SAL_CODE21":"40638","SAL_NAME21":"Jerusalem","STE_CODE21":"4"},"id":"40638"},{"arcs":[[2846,2847,2848,-855,2849]],"type":"Polygon","properties":{"SAL_CODE21":"40639","SAL_NAME21":"Jervois","STE_CODE21":"4"},"id":"40639"},{"arcs":[[2850,2851,2852,-2410,2853,2854]],"type":"Polygon","properties":{"SAL_CODE21":"40640","SAL_NAME21":"Joanna","STE_CODE21":"4"},"id":"40640"},{"arcs":[[2855,2856,2857,-2064,-1214,-529,2858]],"type":"Polygon","properties":{"SAL_CODE21":"40641","SAL_NAME21":"Johnburgh","STE_CODE21":"4"},"id":"40641"},{"arcs":[[2859,-2072,2860,2861]],"type":"Polygon","properties":{"SAL_CODE21":"40642","SAL_NAME21":"Joslin","STE_CODE21":"4"},"id":"40642"},{"arcs":[[2862,2863,2864,2865]],"type":"Polygon","properties":{"SAL_CODE21":"40643","SAL_NAME21":"Julanka Holdings","STE_CODE21":"4"},"id":"40643"},{"arcs":[[-2599,2866,2867,2868,-2058]],"type":"Polygon","properties":{"SAL_CODE21":"40644","SAL_NAME21":"Julia","STE_CODE21":"4"},"id":"40644"},{"arcs":[[-1957,2869,2870,-1864,-802,-1286]],"type":"Polygon","properties":{"SAL_CODE21":"40645","SAL_NAME21":"Jupiter Creek","STE_CODE21":"4"},"id":"40645"},{"arcs":[[2871,2872,2873,2874,-752,2875,2876,2877,2878,-2843,2879,2880,-2846,2881,2882,2883]],"type":"Polygon","properties":{"SAL_CODE21":"40646","SAL_NAME21":"Kadina","STE_CODE21":"4"},"id":"40646"},{"arcs":[[-1411,2884,2885,2886,2887,2888,2889,-1409]],"type":"Polygon","properties":{"SAL_CODE21":"40647","SAL_NAME21":"Kainton","STE_CODE21":"4"},"id":"40647"},{"arcs":[[2890,2891,2892,2893,2894,2895]],"type":"Polygon","properties":{"SAL_CODE21":"40648","SAL_NAME21":"Kalamurina","STE_CODE21":"4"},"id":"40648"},{"arcs":[[-1261,2896,2897,2898]],"type":"Polygon","properties":{"SAL_CODE21":"40649","SAL_NAME21":"Kalanbi","STE_CODE21":"4"},"id":"40649"},{"arcs":[[2899,2900,2901,2902,2903,2904,2905]],"type":"Polygon","properties":{"SAL_CODE21":"40650","SAL_NAME21":"Kalangadoo","STE_CODE21":"4"},"id":"40650"},{"arcs":[[-1517,2906,-1433,-425,2907,-567,-2302,-2291]],"type":"Polygon","properties":{"SAL_CODE21":"40651","SAL_NAME21":"Kalbeeba","STE_CODE21":"4"},"id":"40651"},{"arcs":[[-701,2908,-1735,2909,2910]],"type":"Polygon","properties":{"SAL_CODE21":"40652","SAL_NAME21":"Kaldoonera","STE_CODE21":"4"},"id":"40652"},{"arcs":[[-121]],"type":"Polygon","properties":{"SAL_CODE21":"40653","SAL_NAME21":"Kalka","STE_CODE21":"4"},"id":"40653"},{"arcs":[[-800,2911,-346,-2048,-311,-2805,2912]],"type":"Polygon","properties":{"SAL_CODE21":"40654","SAL_NAME21":"Kallora","STE_CODE21":"4"},"id":"40654"},{"arcs":[[-116]],"type":"Polygon","properties":{"SAL_CODE21":"40655","SAL_NAME21":"Kaltjiti","STE_CODE21":"4"},"id":"40655"},{"arcs":[[-2871,2913,2914,2915,-681,-1374,-1862]],"type":"Polygon","properties":{"SAL_CODE21":"40656","SAL_NAME21":"Kangarilla","STE_CODE21":"4"},"id":"40656"},{"arcs":[[2916,2917,2918,-2290,2919]],"type":"Polygon","properties":{"SAL_CODE21":"40657","SAL_NAME21":"Kangaroo Flat (SA)","STE_CODE21":"4"},"id":"40657"},{"arcs":[[2920,2921,-1912,-1916,-95]],"type":"Polygon","properties":{"SAL_CODE21":"40658","SAL_NAME21":"Kangaroo Head","STE_CODE21":"4"},"id":"40658"},{"arcs":[[2922,-1377,-2222,-2270]],"type":"Polygon","properties":{"SAL_CODE21":"40659","SAL_NAME21":"Kangaroo Inn","STE_CODE21":"4"},"id":"40659"},{"arcs":[[2923,2924,-1807,-915,-2616,2925,-1087]],"type":"Polygon","properties":{"SAL_CODE21":"40660","SAL_NAME21":"Kanmantoo","STE_CODE21":"4"},"id":"40660"},{"arcs":[[2926,2927,2928,-2442,2929,-2741]],"type":"Polygon","properties":{"SAL_CODE21":"40661","SAL_NAME21":"Kanni","STE_CODE21":"4"},"id":"40661"},{"arcs":[[-120,2930]],"type":"Polygon","properties":{"SAL_CODE21":"40662","SAL_NAME21":"Kanpi","STE_CODE21":"4"},"id":"40662"},{"arcs":[[2931,2932,2933,-417,-2635,-1664]],"type":"Polygon","properties":{"SAL_CODE21":"40663","SAL_NAME21":"Kanyaka","STE_CODE21":"4"},"id":"40663"},{"arcs":[[2934,-1731,2935,2936,2937]],"type":"Polygon","properties":{"SAL_CODE21":"40664","SAL_NAME21":"Kapinnie","STE_CODE21":"4"},"id":"40664"},{"arcs":[[2938,-1538,2939,2940,2941,2942,2943,-815]],"type":"Polygon","properties":{"SAL_CODE21":"40665","SAL_NAME21":"Kappawanta","STE_CODE21":"4"},"id":"40665"},{"arcs":[[-326,2944,2945,-2197,-552,2946,-2583,-81]],"type":"Polygon","properties":{"SAL_CODE21":"40666","SAL_NAME21":"Kapunda","STE_CODE21":"4"},"id":"40666"},{"arcs":[[-2464,2947,2948,2949,2950,-2176]],"type":"Polygon","properties":{"SAL_CODE21":"40667","SAL_NAME21":"Karatta","STE_CODE21":"4"},"id":"40667"},{"arcs":[[2951,2952,-1465,2953,-2811,-1276,2954,2955]],"type":"Polygon","properties":{"SAL_CODE21":"40668","SAL_NAME21":"Karcultaby","STE_CODE21":"4"},"id":"40668"},{"arcs":[[2956,2957,2958,-879]],"type":"Polygon","properties":{"SAL_CODE21":"40669","SAL_NAME21":"Karkoo","STE_CODE21":"4"},"id":"40669"},{"arcs":[[-768,2959,-2836,2960,2961,2962,-788,2963]],"type":"Polygon","properties":{"SAL_CODE21":"40670","SAL_NAME21":"Karoonda","STE_CODE21":"4"},"id":"40670"},{"arcs":[[2964,2965,2966,-577,2967,2968,2969]],"type":"Polygon","properties":{"SAL_CODE21":"40671","SAL_NAME21":"Karte","STE_CODE21":"4"},"id":"40671"},{"arcs":[[2970,2971,-723,2972,2973,2974,-2323]],"type":"Polygon","properties":{"SAL_CODE21":"40672","SAL_NAME21":"Katarapko","STE_CODE21":"4"},"id":"40672"},{"arcs":[[-638,2975,2976,2977,2978,2979,-305]],"type":"Polygon","properties":{"SAL_CODE21":"40673","SAL_NAME21":"Keilira","STE_CODE21":"4"},"id":"40673"},{"arcs":[[2980,2981,-1551,2982,-851,2983]],"type":"Polygon","properties":{"SAL_CODE21":"40674","SAL_NAME21":"Keith","STE_CODE21":"4"},"id":"40674"},{"arcs":[[2984,-1443,2985]],"type":"Polygon","properties":{"SAL_CODE21":"40675","SAL_NAME21":"Kellidie Bay","STE_CODE21":"4"},"id":"40675"},{"arcs":[[2986,2987,2988,2989,2990,-410,2991]],"type":"Polygon","properties":{"SAL_CODE21":"40676","SAL_NAME21":"Kelly","STE_CODE21":"4"},"id":"40676"},{"arcs":[[2992,2993,-553,2994]],"type":"Polygon","properties":{"SAL_CODE21":"40677","SAL_NAME21":"Kensington (SA)","STE_CODE21":"4"},"id":"40677"},{"arcs":[[2995,2996,2997,2998,-2042]],"type":"Polygon","properties":{"SAL_CODE21":"40678","SAL_NAME21":"Kensington Gardens","STE_CODE21":"4"},"id":"40678"},{"arcs":[[-2995,-556,2999,-2996,3000]],"type":"Polygon","properties":{"SAL_CODE21":"40679","SAL_NAME21":"Kensington Park","STE_CODE21":"4"},"id":"40679"},{"arcs":[[-11,-2546,-1460,3001]],"type":"Polygon","properties":{"SAL_CODE21":"40680","SAL_NAME21":"Kent Town","STE_CODE21":"4"},"id":"40680"},{"arcs":[[3002,-1714,-2528,-594,3003]],"type":"Polygon","properties":{"SAL_CODE21":"40681","SAL_NAME21":"Kenton Valley","STE_CODE21":"4"},"id":"40681"},{"arcs":[[3004,3005,3006,-1001,-1292,3007]],"type":"Polygon","properties":{"SAL_CODE21":"40682","SAL_NAME21":"Kepa","STE_CODE21":"4"},"id":"40682"},{"arcs":[[3008,3009,3010,3011]],"type":"Polygon","properties":{"SAL_CODE21":"40683","SAL_NAME21":"Keppoch","STE_CODE21":"4"},"id":"40683"},{"arcs":[[-2527,-1268,3012,-2800,3013,-2777,3014,3015,3016,-2209]],"type":"Polygon","properties":{"SAL_CODE21":"40684","SAL_NAME21":"Kersbrook","STE_CODE21":"4"},"id":"40684"},{"arcs":[[3017,-2206,-254,3018,3019,3020]],"type":"Polygon","properties":{"SAL_CODE21":"40685","SAL_NAME21":"Keswick","STE_CODE21":"4"},"id":"40685"},{"arcs":[[-6,-3021,3021,3022]],"type":"Polygon","properties":{"SAL_CODE21":"40686","SAL_NAME21":"Keswick Terminal","STE_CODE21":"4"},"id":"40686"},{"arcs":[[3023,3024,3025,3026,-1121,-1970,-2173,3027,-157]],"type":"Polygon","properties":{"SAL_CODE21":"40687","SAL_NAME21":"Keyneton","STE_CODE21":"4"},"id":"40687"},{"arcs":[[3028,-1574,3029]],"type":"Polygon","properties":{"SAL_CODE21":"40688","SAL_NAME21":"Ki Ki","STE_CODE21":"4"},"id":"40688"},{"arcs":[[3030,3031,3032,3033,3034]],"type":"Polygon","properties":{"SAL_CODE21":"40689","SAL_NAME21":"Kiana","STE_CODE21":"4"},"id":"40689"},{"arcs":[[-2260,3035,-2128,-2180,3036]],"type":"Polygon","properties":{"SAL_CODE21":"40690","SAL_NAME21":"Kidman Park","STE_CODE21":"4"},"id":"40690"},{"arcs":[[-1140,3037,-745,-1783]],"type":"Polygon","properties":{"SAL_CODE21":"40691","SAL_NAME21":"Kielpa","STE_CODE21":"4"},"id":"40691"},{"arcs":[[3038,3039,-1893,-2315,-645]],"type":"Polygon","properties":{"SAL_CODE21":"40692","SAL_NAME21":"Kilburn","STE_CODE21":"4"},"id":"40692"},{"arcs":[[-1701,3040,-557,3041,3042,3043,-2122]],"type":"Polygon","properties":{"SAL_CODE21":"40693","SAL_NAME21":"Kilkenny","STE_CODE21":"4"},"id":"40693"},{"arcs":[[3044,-1622,3045,-2990]],"type":"Polygon","properties":{"SAL_CODE21":"40694","SAL_NAME21":"Kimba","STE_CODE21":"4"},"id":"40694"},{"arcs":[[3046,3047]],"type":"Polygon","properties":{"SAL_CODE21":"40695","SAL_NAME21":"Kingoonya","STE_CODE21":"4"},"id":"40695"},{"arcs":[[3048,3049,-1371,3050]],"type":"Polygon","properties":{"SAL_CODE21":"40696","SAL_NAME21":"Kings Park (SA)","STE_CODE21":"4"},"id":"40696"},{"arcs":[[-909,-1771,3051,3052]],"type":"Polygon","properties":{"SAL_CODE21":"40697","SAL_NAME21":"Kingscote","STE_CODE21":"4"},"id":"40697"},{"arcs":[[-2286,3053,3054,3055,-1514,-2682]],"type":"Polygon","properties":{"SAL_CODE21":"40698","SAL_NAME21":"Kingsford (SA)","STE_CODE21":"4"},"id":"40698"},{"arcs":[[3056,3057,3058,-1420,3059]],"type":"Polygon","properties":{"SAL_CODE21":"40699","SAL_NAME21":"Kingston On Murray","STE_CODE21":"4"},"id":"40699"},{"arcs":[[3060,3061,3062]],"type":"Polygon","properties":{"SAL_CODE21":"40700","SAL_NAME21":"Kingston Park","STE_CODE21":"4"},"id":"40700"},{"arcs":[[3063,3064,-635,3065,3066,3067,3068,3069,3070]],"type":"Polygon","properties":{"SAL_CODE21":"40701","SAL_NAME21":"Kingston Se","STE_CODE21":"4"},"id":"40701"},{"arcs":[[-2645,3071,3072,3073,3074]],"type":"Polygon","properties":{"SAL_CODE21":"40702","SAL_NAME21":"Kingswood (SA)","STE_CODE21":"4"},"id":"40702"},{"arcs":[[3075,3076,-2602,-2499,-2701,3077,-1130,-2121]],"type":"Polygon","properties":{"SAL_CODE21":"40703","SAL_NAME21":"Klemzig","STE_CODE21":"4"},"id":"40703"},{"arcs":[[-1221,3078,-1769,-590,3079,3080]],"type":"Polygon","properties":{"SAL_CODE21":"40704","SAL_NAME21":"Kohinoor","STE_CODE21":"4"},"id":"40704"},{"arcs":[[3081,3082,3083,3084,3085,-2298,-698,-2911,3086]],"type":"Polygon","properties":{"SAL_CODE21":"40705","SAL_NAME21":"Kondoolka","STE_CODE21":"4"},"id":"40705"},{"arcs":[[-1193,-933,3087,3088,3089]],"type":"Polygon","properties":{"SAL_CODE21":"40706","SAL_NAME21":"Kongal","STE_CODE21":"4"},"id":"40706"},{"arcs":[[-2327,-1037,3090,3091,-1165,3092,-629,-1206]],"type":"Polygon","properties":{"SAL_CODE21":"40707","SAL_NAME21":"Kongorong","STE_CODE21":"4"},"id":"40707"},{"arcs":[[3093,3094,3095,-3082]],"type":"Polygon","properties":{"SAL_CODE21":"40708","SAL_NAME21":"Koolgera","STE_CODE21":"4"},"id":"40708"},{"arcs":[[3096,-1474,3097,3098,-2518,3099,-865]],"type":"Polygon","properties":{"SAL_CODE21":"40709","SAL_NAME21":"Koolunga","STE_CODE21":"4"},"id":"40709"},{"arcs":[[3100,-686,3101,3102,-1750]],"type":"Polygon","properties":{"SAL_CODE21":"40710","SAL_NAME21":"Koolywurtie","STE_CODE21":"4"},"id":"40710"},{"arcs":[[-2186,3103,3104,-527,3105]],"type":"Polygon","properties":{"SAL_CODE21":"40711","SAL_NAME21":"Koonamore","STE_CODE21":"4"},"id":"40711"},{"arcs":[[-2582,3106,3107,3108,3109,-1601]],"type":"Polygon","properties":{"SAL_CODE21":"40712","SAL_NAME21":"Koongawa","STE_CODE21":"4"},"id":"40712"},{"arcs":[[3110,3111,-2897,-1260,3112]],"type":"Polygon","properties":{"SAL_CODE21":"40713","SAL_NAME21":"Koonibba","STE_CODE21":"4"},"id":"40713"},{"arcs":[[3113,-1021,-2031,-199]],"type":"Polygon","properties":{"SAL_CODE21":"40714","SAL_NAME21":"Koonoona","STE_CODE21":"4"},"id":"40714"},{"arcs":[[-2945,-325,3114,-1951,3115,3116]],"type":"Polygon","properties":{"SAL_CODE21":"40715","SAL_NAME21":"Koonunga","STE_CODE21":"4"},"id":"40715"},{"arcs":[[-1854,-2387,3117,-2900,3118]],"type":"Polygon","properties":{"SAL_CODE21":"40716","SAL_NAME21":"Koorine","STE_CODE21":"4"},"id":"40716"},{"arcs":[[3119,3120,3121,3122,-2589,3123]],"type":"Polygon","properties":{"SAL_CODE21":"40717","SAL_NAME21":"Kooroona","STE_CODE21":"4"},"id":"40717"},{"arcs":[[3124,-2851,3125,-2786]],"type":"Polygon","properties":{"SAL_CODE21":"40718","SAL_NAME21":"Koppamurra","STE_CODE21":"4"},"id":"40718"},{"arcs":[[3126,-1973,3127,3128,3129,3130]],"type":"Polygon","properties":{"SAL_CODE21":"40719","SAL_NAME21":"Koppio","STE_CODE21":"4"},"id":"40719"},{"arcs":[[3131,3132,3133,3134,3135]],"type":"Polygon","properties":{"SAL_CODE21":"40720","SAL_NAME21":"Korunye","STE_CODE21":"4"},"id":"40720"},{"arcs":[[-2968,-576,3136,3137,3138,3139]],"type":"Polygon","properties":{"SAL_CODE21":"40721","SAL_NAME21":"Kringin","STE_CODE21":"4"},"id":"40721"},{"arcs":[[-546,-2171,3140,3141,3142]],"type":"Polygon","properties":{"SAL_CODE21":"40722","SAL_NAME21":"Krondorf","STE_CODE21":"4"},"id":"40722"},{"arcs":[[3143,3144,-2904,3145]],"type":"Polygon","properties":{"SAL_CODE21":"40723","SAL_NAME21":"Krongart","STE_CODE21":"4"},"id":"40723"},{"arcs":[[-2088,3146,-2705,-2083]],"type":"Polygon","properties":{"SAL_CODE21":"40724","SAL_NAME21":"Kudla","STE_CODE21":"4"},"id":"40724"},{"arcs":[[3147,3148,3149,-1850,3150,3151,-2915]],"type":"Polygon","properties":{"SAL_CODE21":"40725","SAL_NAME21":"Kuitpo","STE_CODE21":"4"},"id":"40725"},{"arcs":[[3152,3153,3154]],"type":"Polygon","properties":{"SAL_CODE21":"40726","SAL_NAME21":"Kuitpo Colony","STE_CODE21":"4"},"id":"40726"},{"arcs":[[3155,3156,3157,3158,-2888,3159]],"type":"Polygon","properties":{"SAL_CODE21":"40727","SAL_NAME21":"Kulpara","STE_CODE21":"4"},"id":"40727"},{"arcs":[[3160,3161,3162,-253,-2372]],"type":"Polygon","properties":{"SAL_CODE21":"40728","SAL_NAME21":"Kurralta Park","STE_CODE21":"4"},"id":"40728"},{"arcs":[[3163,3164,-3108,3165]],"type":"Polygon","properties":{"SAL_CODE21":"40729","SAL_NAME21":"Kyancutta","STE_CODE21":"4"},"id":"40729"},{"arcs":[[-704,3166,3167,-2774,-793,-690]],"type":"Polygon","properties":{"SAL_CODE21":"40730","SAL_NAME21":"Kybunga","STE_CODE21":"4"},"id":"40730"},{"arcs":[[-2790,3168,-582,3169]],"type":"Polygon","properties":{"SAL_CODE21":"40731","SAL_NAME21":"Kybybolite","STE_CODE21":"4"},"id":"40731"},{"arcs":[[-3150,3170,-633,3171,-3155,3172,3173,-2750,-1846]],"type":"Polygon","properties":{"SAL_CODE21":"40732","SAL_NAME21":"Kyeema","STE_CODE21":"4"},"id":"40732"},{"arcs":[[-975,3174,-2981,3175]],"type":"Polygon","properties":{"SAL_CODE21":"40733","SAL_NAME21":"Laffer","STE_CODE21":"4"},"id":"40733"},{"arcs":[[3176,3177,3178,3179,3180,3181]],"type":"Polygon","properties":{"SAL_CODE21":"40734","SAL_NAME21":"Lake Albert (SA)","STE_CODE21":"4"},"id":"40734"},{"arcs":[[3182,3183,-3178,3184,-1589,3185,3186,3187,3188,3189,3190,3191,3192]],"type":"Polygon","properties":{"SAL_CODE21":"40735","SAL_NAME21":"Lake Alexandrina","STE_CODE21":"4"},"id":"40735"},{"arcs":[[3193,3194]],"type":"Polygon","properties":{"SAL_CODE21":"40736","SAL_NAME21":"Lake Carlet","STE_CODE21":"4"},"id":"40736"},{"arcs":[[3195,-3085,3196,3197,3198]],"type":"Polygon","properties":{"SAL_CODE21":"40737","SAL_NAME21":"Lake Everard","STE_CODE21":"4"},"id":"40737"},{"arcs":[[3199,3200,-2893,3201]],"type":"Polygon","properties":{"SAL_CODE21":"40738","SAL_NAME21":"Lake Eyre","STE_CODE21":"4"},"id":"40738"},{"arcs":[[-2278,-221,-2251]],"type":"Polygon","properties":{"SAL_CODE21":"40739","SAL_NAME21":"Lake Frome","STE_CODE21":"4"},"id":"40739"},{"arcs":[[3202,3203,3204,3205,3206]],"type":"Polygon","properties":{"SAL_CODE21":"40740","SAL_NAME21":"Lake Gairdner","STE_CODE21":"4"},"id":"40740"},{"arcs":[[-1635,-1726,-412,3207,3208]],"type":"Polygon","properties":{"SAL_CODE21":"40741","SAL_NAME21":"Lake Gilles","STE_CODE21":"4"},"id":"40741"},{"arcs":[[3209,3210,-1628,3211]],"type":"Polygon","properties":{"SAL_CODE21":"40742","SAL_NAME21":"Lake Macfarlane","STE_CODE21":"4"},"id":"40742"},{"arcs":[[3212,-3189,3213,-146,3214]],"type":"Polygon","properties":{"SAL_CODE21":"40743","SAL_NAME21":"Lake Plains","STE_CODE21":"4"},"id":"40743"},{"arcs":[[3215,3216,-208,-126,3217,-2105,3218,-2183]],"type":"Polygon","properties":{"SAL_CODE21":"40744","SAL_NAME21":"Lake Torrens","STE_CODE21":"4"},"id":"40744"},{"arcs":[[-1475,-3097,-864,-1012,-2751]],"type":"Polygon","properties":{"SAL_CODE21":"40745","SAL_NAME21":"Lake View","STE_CODE21":"4"},"id":"40745"},{"arcs":[[3219,3220,3221,3222,-578,-2967,3223]],"type":"Polygon","properties":{"SAL_CODE21":"40746","SAL_NAME21":"Lameroo","STE_CODE21":"4"},"id":"40746"},{"arcs":[[-2626,3224,-858,3225,-3191,3226,-3215,-145,-535,-676]],"type":"Polygon","properties":{"SAL_CODE21":"40747","SAL_NAME21":"Langhorne Creek","STE_CODE21":"4"},"id":"40747"},{"arcs":[[3227,3228,3229,3230]],"type":"Polygon","properties":{"SAL_CODE21":"40748","SAL_NAME21":"Langs Landing","STE_CODE21":"4"},"id":"40748"},{"arcs":[[3231,3232,3233,3234,3235,-2096]],"type":"Polygon","properties":{"SAL_CODE21":"40749","SAL_NAME21":"Largs Bay","STE_CODE21":"4"},"id":"40749"},{"arcs":[[3236,3237,3238,-3234]],"type":"Polygon","properties":{"SAL_CODE21":"40750","SAL_NAME21":"Largs North","STE_CODE21":"4"},"id":"40750"},{"arcs":[[-483,3239,-1115,-2369]],"type":"Polygon","properties":{"SAL_CODE21":"40751","SAL_NAME21":"Laura (SA)","STE_CODE21":"4"},"id":"40751"},{"arcs":[[-1250,3240,3241,3242,3243]],"type":"Polygon","properties":{"SAL_CODE21":"40752","SAL_NAME21":"Laura Bay","STE_CODE21":"4"},"id":"40752"},{"arcs":[[-1015,-2661,3244,-2667,3245,-3001,-2041]],"type":"Polygon","properties":{"SAL_CODE21":"40753","SAL_NAME21":"Leabrook","STE_CODE21":"4"},"id":"40753"},{"arcs":[[3246,-283]],"type":"Polygon","properties":{"SAL_CODE21":"40754","SAL_NAME21":"Leasingham","STE_CODE21":"4"},"id":"40754"},{"arcs":[[-1672,-897,3247,3248]],"type":"Polygon","properties":{"SAL_CODE21":"40755","SAL_NAME21":"Leawood Gardens","STE_CODE21":"4"},"id":"40755"},{"arcs":[[-2110,-1608,-519]],"type":"Polygon","properties":{"SAL_CODE21":"40756","SAL_NAME21":"Leigh Creek (SA)","STE_CODE21":"4"},"id":"40756"},{"arcs":[[3249]],"type":"Polygon","properties":{"SAL_CODE21":"40757","SAL_NAME21":"Leigh Creek Station","STE_CODE21":"4"},"id":"40757"},{"arcs":[[-714,-1025,-2524,-2707,-134]],"type":"Polygon","properties":{"SAL_CODE21":"40758","SAL_NAME21":"Leighton","STE_CODE21":"4"},"id":"40758"},{"arcs":[[3250,-1716,3251,3252,3253,-373,-2204]],"type":"Polygon","properties":{"SAL_CODE21":"40759","SAL_NAME21":"Lenswood","STE_CODE21":"4"},"id":"40759"},{"arcs":[[-174,3254,3255,3256,3257,3258,-2301]],"type":"Polygon","properties":{"SAL_CODE21":"40760","SAL_NAME21":"Lewiston","STE_CODE21":"4"},"id":"40760"},{"arcs":[[3259,3260,-164,3261]],"type":"Polygon","properties":{"SAL_CODE21":"40761","SAL_NAME21":"Light Pass","STE_CODE21":"4"},"id":"40761"},{"arcs":[[-1392,3262,3263,3264,-2702,-2502]],"type":"Polygon","properties":{"SAL_CODE21":"40762","SAL_NAME21":"Lightsview","STE_CODE21":"4"},"id":"40762"},{"arcs":[[[3265]],[[3266,3267]],[[3268]],[[3269]],[[3270]],[[3271]],[[3272]],[[3273]],[[3274]],[[3275]],[[3276]],[[3277]]],"type":"MultiPolygon","properties":{"SAL_CODE21":"40763","SAL_NAME21":"Lincoln National Park","STE_CODE21":"4"},"id":"40763"},{"arcs":[[-2415,-2412,3278,-2659,-465,3279]],"type":"Polygon","properties":{"SAL_CODE21":"40764","SAL_NAME21":"Linden Park","STE_CODE21":"4"},"id":"40764"},{"arcs":[[3280,3281,3282,3283,-1944]],"type":"Polygon","properties":{"SAL_CODE21":"40765","SAL_NAME21":"Lindley","STE_CODE21":"4"},"id":"40765"},{"arcs":[[3284,-2252,-219,3285,-2108,3286,3287,-2338]],"type":"Polygon","properties":{"SAL_CODE21":"40766","SAL_NAME21":"Lindon","STE_CODE21":"4"},"id":"40766"},{"arcs":[[-2241,3288,3289,-2590,3290,-549,-2196]],"type":"Polygon","properties":{"SAL_CODE21":"40767","SAL_NAME21":"Linwood","STE_CODE21":"4"},"id":"40767"},{"arcs":[[3291,-1052,3292,3293,3294]],"type":"Polygon","properties":{"SAL_CODE21":"40768","SAL_NAME21":"Lipson","STE_CODE21":"4"},"id":"40768"},{"arcs":[[-1642,3295,3296]],"type":"Polygon","properties":{"SAL_CODE21":"40769","SAL_NAME21":"Little Douglas","STE_CODE21":"4"},"id":"40769"},{"arcs":[[3297,-2550,-367,3298,-365,3299,-656,3300]],"type":"Polygon","properties":{"SAL_CODE21":"40770","SAL_NAME21":"Littlehampton","STE_CODE21":"4"},"id":"40770"},{"arcs":[[3301,-3252,-1715,-3003,3302,-1294]],"type":"Polygon","properties":{"SAL_CODE21":"40771","SAL_NAME21":"Lobethal","STE_CODE21":"4"},"id":"40771"},{"arcs":[[3303,3304,3305,3306,3307,-3009,-1066]],"type":"Polygon","properties":{"SAL_CODE21":"40772","SAL_NAME21":"Lochaber","STE_CODE21":"4"},"id":"40772"},{"arcs":[[3308,3309,3310,-1045,-431,-970]],"type":"Polygon","properties":{"SAL_CODE21":"40773","SAL_NAME21":"Lochiel (SA)","STE_CODE21":"4"},"id":"40773"},{"arcs":[[-2941,3311,3312,-2579,-742,3313,3314]],"type":"Polygon","properties":{"SAL_CODE21":"40774","SAL_NAME21":"Lock","STE_CODE21":"4"},"id":"40774"},{"arcs":[[-890,-22,3315,-2253,-2261,-3037,-2179,3316]],"type":"Polygon","properties":{"SAL_CODE21":"40775","SAL_NAME21":"Lockleys","STE_CODE21":"4"},"id":"40775"},{"arcs":[[3317,3318,3319]],"type":"Polygon","properties":{"SAL_CODE21":"40776","SAL_NAME21":"Long Flat (SA)","STE_CODE21":"4"},"id":"40776"},{"arcs":[[-1093,3320,3321,-314,3322]],"type":"Polygon","properties":{"SAL_CODE21":"40777","SAL_NAME21":"Long Plains","STE_CODE21":"4"},"id":"40777"},{"arcs":[[3323,-805,3324,-2822,-2666]],"type":"Polygon","properties":{"SAL_CODE21":"40778","SAL_NAME21":"Longwood (SA)","STE_CODE21":"4"},"id":"40778"},{"arcs":[[3325,-1348,-1353,3326,3327,-2572,3328]],"type":"Polygon","properties":{"SAL_CODE21":"40779","SAL_NAME21":"Lonsdale","STE_CODE21":"4"},"id":"40779"},{"arcs":[[3329,3330,3331,3332]],"type":"Polygon","properties":{"SAL_CODE21":"40780","SAL_NAME21":"Louth Bay","STE_CODE21":"4"},"id":"40780"},{"arcs":[[-2421,3333,3334,3335,3336,3337,-1418,-407]],"type":"Polygon","properties":{"SAL_CODE21":"40781","SAL_NAME21":"Loveday","STE_CODE21":"4"},"id":"40781"},{"arcs":[[-1144,3338,3339,3340]],"type":"Polygon","properties":{"SAL_CODE21":"40782","SAL_NAME21":"Lowan Vale","STE_CODE21":"4"},"id":"40782"},{"arcs":[[3341,3342,-2443,-2929,-2739]],"type":"Polygon","properties":{"SAL_CODE21":"40783","SAL_NAME21":"Lowbank","STE_CODE21":"4"},"id":"40783"},{"arcs":[[[3343,3344,3345,3346,3347,3348]],[[3349]]],"type":"MultiPolygon","properties":{"SAL_CODE21":"40784","SAL_NAME21":"Lower Broughton","STE_CODE21":"4"},"id":"40784"},{"arcs":[[-2767,3350,3351,-2470,3352,-2798]],"type":"Polygon","properties":{"SAL_CODE21":"40785","SAL_NAME21":"Lower Hermitage","STE_CODE21":"4"},"id":"40785"},{"arcs":[[-317,-2813,-2728,3353]],"type":"Polygon","properties":{"SAL_CODE21":"40786","SAL_NAME21":"Lower Inman Valley","STE_CODE21":"4"},"id":"40786"},{"arcs":[[-3134,3354,3355,3356,-1896,3357]],"type":"Polygon","properties":{"SAL_CODE21":"40787","SAL_NAME21":"Lower Light","STE_CODE21":"4"},"id":"40787"},{"arcs":[[3358,-1359,-1490,-2642]],"type":"Polygon","properties":{"SAL_CODE21":"40788","SAL_NAME21":"Lower Mitcham","STE_CODE21":"4"},"id":"40788"},{"arcs":[[3359,3360,3361,3362,-2974,3363,-953]],"type":"Polygon","properties":{"SAL_CODE21":"40789","SAL_NAME21":"Loxton","STE_CODE21":"4"},"id":"40789"},{"arcs":[[-722,-954,-3364,-2973]],"type":"Polygon","properties":{"SAL_CODE21":"40790","SAL_NAME21":"Loxton North","STE_CODE21":"4"},"id":"40790"},{"arcs":[[3364,-1456,-2224,-1522,-301,3365,-3307,3366]],"type":"Polygon","properties":{"SAL_CODE21":"40791","SAL_NAME21":"Lucindale","STE_CODE21":"4"},"id":"40791"},{"arcs":[[-1653,3367,3368]],"type":"Polygon","properties":{"SAL_CODE21":"40792","SAL_NAME21":"Lucky Bay","STE_CODE21":"4"},"id":"40792"},{"arcs":[[-2111]],"type":"Polygon","properties":{"SAL_CODE21":"40793","SAL_NAME21":"Lyndhurst (SA)","STE_CODE21":"4"},"id":"40793"},{"arcs":[[3369,3370,-2440,3371,3372,-92,3373,-1431]],"type":"Polygon","properties":{"SAL_CODE21":"40794","SAL_NAME21":"Lyndoch","STE_CODE21":"4"},"id":"40794"},{"arcs":[[3374,-1356,3375,-493]],"type":"Polygon","properties":{"SAL_CODE21":"40795","SAL_NAME21":"Lynton","STE_CODE21":"4"},"id":"40795"},{"arcs":[[3376,-2531,-543,3377,3378]],"type":"Polygon","properties":{"SAL_CODE21":"40796","SAL_NAME21":"Lyrup","STE_CODE21":"4"},"id":"40796"},{"arcs":[[-2407,-1581,3379,3380,-1453]],"type":"Polygon","properties":{"SAL_CODE21":"40797","SAL_NAME21":"Maaoupe","STE_CODE21":"4"},"id":"40797"},{"arcs":[[3381,-178,-2804,-1504,3382,-1527]],"type":"Polygon","properties":{"SAL_CODE21":"40798","SAL_NAME21":"Mabel Creek","STE_CODE21":"4"},"id":"40798"},{"arcs":[[-959,-2306,3383,3384,3385,-2492,-2165]],"type":"Polygon","properties":{"SAL_CODE21":"40799","SAL_NAME21":"Macclesfield (SA)","STE_CODE21":"4"},"id":"40799"},{"arcs":[[-142,3386,3387,-172]],"type":"Polygon","properties":{"SAL_CODE21":"40800","SAL_NAME21":"Macdonald Park","STE_CODE21":"4"},"id":"40800"},{"arcs":[[3388,3389,3390,-3080,-589,-1768,-2552,-1776]],"type":"Polygon","properties":{"SAL_CODE21":"40801","SAL_NAME21":"Macgillivray","STE_CODE21":"4"},"id":"40801"},{"arcs":[[3391,-2895,3392,3393,3394,3395,3396,3397]],"type":"Polygon","properties":{"SAL_CODE21":"40802","SAL_NAME21":"Macumba","STE_CODE21":"4"},"id":"40802"},{"arcs":[[3398,3399,-446,3400,-1379]],"type":"Polygon","properties":{"SAL_CODE21":"40803","SAL_NAME21":"Magarey","STE_CODE21":"4"},"id":"40803"},{"arcs":[[3401,3402,3403,-2591,-3290,3404]],"type":"Polygon","properties":{"SAL_CODE21":"40804","SAL_NAME21":"Magdala","STE_CODE21":"4"},"id":"40804"},{"arcs":[[3405,-2275,-339,3406,3407,-738,3408,3409]],"type":"Polygon","properties":{"SAL_CODE21":"40805","SAL_NAME21":"Maggea","STE_CODE21":"4"},"id":"40805"},{"arcs":[[-291,3410,-2998,3411,-2672,3412,3413,3414]],"type":"Polygon","properties":{"SAL_CODE21":"40806","SAL_NAME21":"Magill","STE_CODE21":"4"},"id":"40806"},{"arcs":[[3415,-3204,3416,-2832,3417,-3210]],"type":"Polygon","properties":{"SAL_CODE21":"40807","SAL_NAME21":"Mahanewo","STE_CODE21":"4"},"id":"40807"},{"arcs":[[3418,3419,-1743,3420,3421,-360,3422,-235]],"type":"Polygon","properties":{"SAL_CODE21":"40808","SAL_NAME21":"Maitland (SA)","STE_CODE21":"4"},"id":"40808"},{"arcs":[[-1555,3423,3424,3425]],"type":"Polygon","properties":{"SAL_CODE21":"40809","SAL_NAME21":"Makin","STE_CODE21":"4"},"id":"40809"},{"arcs":[[3426,3427,-267,-1537,-1546]],"type":"Polygon","properties":{"SAL_CODE21":"40810","SAL_NAME21":"Malinong","STE_CODE21":"4"},"id":"40810"},{"arcs":[[-396,3428,3429,-3135,-3358,-1895,-1090,-2476]],"type":"Polygon","properties":{"SAL_CODE21":"40811","SAL_NAME21":"Mallala","STE_CODE21":"4"},"id":"40811"},{"arcs":[[3430,-34,3431,3432,3433,3434,-3137,-575]],"type":"Polygon","properties":{"SAL_CODE21":"40812","SAL_NAME21":"Malpas","STE_CODE21":"4"},"id":"40812"},{"arcs":[[3435,3436,3437,3438]],"type":"Polygon","properties":{"SAL_CODE21":"40813","SAL_NAME21":"Maltee","STE_CODE21":"4"},"id":"40813"},{"arcs":[[-3072,3439,-2781,3440,-2263,-2689]],"type":"Polygon","properties":{"SAL_CODE21":"40814","SAL_NAME21":"Malvern (SA)","STE_CODE21":"4"},"id":"40814"},{"arcs":[[3441,3442,3443,3444,-420]],"type":"Polygon","properties":{"SAL_CODE21":"40815","SAL_NAME21":"Mambray Creek","STE_CODE21":"4"},"id":"40815"},{"arcs":[[3445,3446,-1403,-1137,-2842,3447,-2987]],"type":"Polygon","properties":{"SAL_CODE21":"40816","SAL_NAME21":"Mangalo","STE_CODE21":"4"},"id":"40816"},{"arcs":[[-2192,3448]],"type":"Polygon","properties":{"SAL_CODE21":"40817","SAL_NAME21":"Manna Hill","STE_CODE21":"4"},"id":"40817"},{"arcs":[[-2840,-2759,3449,3450,3451,3452,3453,-507]],"type":"Polygon","properties":{"SAL_CODE21":"40818","SAL_NAME21":"Mannanarie","STE_CODE21":"4"},"id":"40818"},{"arcs":[[3454,-874,-2501,-2601]],"type":"Polygon","properties":{"SAL_CODE21":"40819","SAL_NAME21":"Manningham","STE_CODE21":"4"},"id":"40819"},{"arcs":[[-1658,3455,-1100,3456,3457,-193,-2237,3458,-155,-1118,-607,3459,3460,3461,-2161,3462,-2159,3463,-2225,-1661,-712,-1660,3464]],"type":"Polygon","properties":{"SAL_CODE21":"40820","SAL_NAME21":"Mannum","STE_CODE21":"4"},"id":"40820"},{"arcs":[[-624,3465,3466,3467,-286,3468]],"type":"Polygon","properties":{"SAL_CODE21":"40821","SAL_NAME21":"Manoora (SA)","STE_CODE21":"4"},"id":"40821"},{"arcs":[[3469,3470,-278,3471,-166]],"type":"Polygon","properties":{"SAL_CODE21":"40822","SAL_NAME21":"Mansfield Park","STE_CODE21":"4"},"id":"40822"},{"arcs":[[3472,3473,-3410,3474,-1078]],"type":"Polygon","properties":{"SAL_CODE21":"40823","SAL_NAME21":"Mantung","STE_CODE21":"4"},"id":"40823"},{"arcs":[[3475,-2320,-2833,-2960,-767,3476,-3222]],"type":"Polygon","properties":{"SAL_CODE21":"40824","SAL_NAME21":"Marama","STE_CODE21":"4"},"id":"40824"},{"arcs":[[-2507,3477,3478,3479,3480]],"type":"Polygon","properties":{"SAL_CODE21":"40825","SAL_NAME21":"Marananga","STE_CODE21":"4"},"id":"40825"},{"arcs":[[-1325,-436,-258,3481]],"type":"Polygon","properties":{"SAL_CODE21":"40826","SAL_NAME21":"Marble Hill","STE_CODE21":"4"},"id":"40826"},{"arcs":[[3482,3483,3484,-2979,3485,3486]],"type":"Polygon","properties":{"SAL_CODE21":"40827","SAL_NAME21":"Marcollat","STE_CODE21":"4"},"id":"40827"},{"arcs":[[-2120,3487,3488,3489,3490,-3076]],"type":"Polygon","properties":{"SAL_CODE21":"40828","SAL_NAME21":"Marden","STE_CODE21":"4"},"id":"40828"},{"arcs":[[3491,-3061,3492,3493,-2574]],"type":"Polygon","properties":{"SAL_CODE21":"40829","SAL_NAME21":"Marino","STE_CODE21":"4"},"id":"40829"},{"arcs":[[3494,3495,3496,3497]],"type":"Polygon","properties":{"SAL_CODE21":"40830","SAL_NAME21":"Marion","STE_CODE21":"4"},"id":"40830"},{"arcs":[[-2820,3498,3499,3500,-2216,3501]],"type":"Polygon","properties":{"SAL_CODE21":"40831","SAL_NAME21":"Marion Bay (SA)","STE_CODE21":"4"},"id":"40831"},{"arcs":[[3502,3503,3504,3505]],"type":"Polygon","properties":{"SAL_CODE21":"40832","SAL_NAME21":"Markaranka","STE_CODE21":"4"},"id":"40832"},{"arcs":[[-3229,3506]],"type":"Polygon","properties":{"SAL_CODE21":"40833","SAL_NAME21":"Marks Landing","STE_CODE21":"4"},"id":"40833"},{"arcs":[[3507]],"type":"Polygon","properties":{"SAL_CODE21":"40834","SAL_NAME21":"Marla","STE_CODE21":"4"},"id":"40834"},{"arcs":[[3508,3509,-3019,-3163,3510]],"type":"Polygon","properties":{"SAL_CODE21":"40835","SAL_NAME21":"Marleston","STE_CODE21":"4"},"id":"40835"},{"arcs":[[-2068,-107,-2622,3511,-867,3512]],"type":"Polygon","properties":{"SAL_CODE21":"40836","SAL_NAME21":"Marola","STE_CODE21":"4"},"id":"40836"},{"arcs":[[3513,3514,-2586,3515,3516,3517]],"type":"Polygon","properties":{"SAL_CODE21":"40837","SAL_NAME21":"Marrabel","STE_CODE21":"4"},"id":"40837"},{"arcs":[[-2112]],"type":"Polygon","properties":{"SAL_CODE21":"40838","SAL_NAME21":"Marree","STE_CODE21":"4"},"id":"40838"},{"arcs":[[3518,-2993,-3246,-2670]],"type":"Polygon","properties":{"SAL_CODE21":"40839","SAL_NAME21":"Marryatville","STE_CODE21":"4"},"id":"40839"},{"arcs":[[3519,3520,-1271,-2810,3521]],"type":"Polygon","properties":{"SAL_CODE21":"40840","SAL_NAME21":"Maryvale (SA)","STE_CODE21":"4"},"id":"40840"},{"arcs":[[3522,3523,3524,3525,3526,3527,-56]],"type":"Polygon","properties":{"SAL_CODE21":"40841","SAL_NAME21":"Maslin Beach","STE_CODE21":"4"},"id":"40841"},{"arcs":[[-2881,3528,-2882,-2845]],"type":"Polygon","properties":{"SAL_CODE21":"40842","SAL_NAME21":"Matta Flat","STE_CODE21":"4"},"id":"40842"},{"arcs":[[-453,-988,-1034,3529,-3281]],"type":"Polygon","properties":{"SAL_CODE21":"40843","SAL_NAME21":"Maude (SA)","STE_CODE21":"4"},"id":"40843"},{"arcs":[[-1237,-1891,-2418,-2491,3530,3531]],"type":"Polygon","properties":{"SAL_CODE21":"40844","SAL_NAME21":"Mawson Lakes","STE_CODE21":"4"},"id":"40844"},{"arcs":[[-1149,-2545,3532,-980,-501]],"type":"Polygon","properties":{"SAL_CODE21":"40845","SAL_NAME21":"Mayfield (SA)","STE_CODE21":"4"},"id":"40845"},{"arcs":[[3533,-2075,3534,3535]],"type":"Polygon","properties":{"SAL_CODE21":"40846","SAL_NAME21":"Maylands (SA)","STE_CODE21":"4"},"id":"40846"},{"arcs":[[3536,-670]],"type":"Polygon","properties":{"SAL_CODE21":"40847","SAL_NAME21":"McBean Pound","STE_CODE21":"4"},"id":"40847"},{"arcs":[[3537,3538,-3425,3539]],"type":"Polygon","properties":{"SAL_CODE21":"40848","SAL_NAME21":"McCallum","STE_CODE21":"4"},"id":"40848"},{"arcs":[[3540,-2732,-2656,3541]],"type":"Polygon","properties":{"SAL_CODE21":"40849","SAL_NAME21":"McCracken","STE_CODE21":"4"},"id":"40849"},{"arcs":[[3542,-963,-246,3543,-3153,-3172,-632]],"type":"Polygon","properties":{"SAL_CODE21":"40850","SAL_NAME21":"McHarg Creek","STE_CODE21":"4"},"id":"40850"},{"arcs":[[-2916,-3152,3544,3545,-677]],"type":"Polygon","properties":{"SAL_CODE21":"40851","SAL_NAME21":"McLaren Flat","STE_CODE21":"4"},"id":"40851"},{"arcs":[[3546,3547,3548,-3527,3549,3550,3551,3552,-678,-3546]],"type":"Polygon","properties":{"SAL_CODE21":"40852","SAL_NAME21":"McLaren Vale","STE_CODE21":"4"},"id":"40852"},{"arcs":[[-965,3553,-3148,-2914,-2870,-1956,-2167,-2493,-3386,3554]],"type":"Polygon","properties":{"SAL_CODE21":"40853","SAL_NAME21":"Meadows","STE_CODE21":"4"},"id":"40853"},{"arcs":[[-1482,-2349,3555,3556,3557,3558]],"type":"Polygon","properties":{"SAL_CODE21":"40854","SAL_NAME21":"Medindie","STE_CODE21":"4"},"id":"40854"},{"arcs":[[3559,3560,-1483,-3559]],"type":"Polygon","properties":{"SAL_CODE21":"40855","SAL_NAME21":"Medindie Gardens","STE_CODE21":"4"},"id":"40855"},{"arcs":[[-422,3561,3562,-731,3563,-390]],"type":"Polygon","properties":{"SAL_CODE21":"40856","SAL_NAME21":"Melrose (SA)","STE_CODE21":"4"},"id":"40856"},{"arcs":[[3564,-1990,-1365,-1805,-1487,-1804,3565]],"type":"Polygon","properties":{"SAL_CODE21":"40857","SAL_NAME21":"Melrose Park (SA)","STE_CODE21":"4"},"id":"40857"},{"arcs":[[-3160,-2887,3566]],"type":"Polygon","properties":{"SAL_CODE21":"40858","SAL_NAME21":"Melton (SA)","STE_CODE21":"4"},"id":"40858"},{"arcs":[[-1592,3567,-3181,3568,3569,-2125]],"type":"Polygon","properties":{"SAL_CODE21":"40859","SAL_NAME21":"Meningie","STE_CODE21":"4"},"id":"40859"},{"arcs":[[-3428,3570,-1572,-2126,-3570,3571,-268]],"type":"Polygon","properties":{"SAL_CODE21":"40860","SAL_NAME21":"Meningie East","STE_CODE21":"4"},"id":"40860"},{"arcs":[[-1591,3572,-3182,-3568]],"type":"Polygon","properties":{"SAL_CODE21":"40861","SAL_NAME21":"Meningie West","STE_CODE21":"4"},"id":"40861"},{"arcs":[[-1770,-3079,-1220,3573]],"type":"Polygon","properties":{"SAL_CODE21":"40862","SAL_NAME21":"Menzies (SA)","STE_CODE21":"4"},"id":"40862"},{"arcs":[[3574,-1604,-2274,-3406,-3474]],"type":"Polygon","properties":{"SAL_CODE21":"40863","SAL_NAME21":"Mercunda","STE_CODE21":"4"},"id":"40863"},{"arcs":[[3575,-3241,-1249,3576,-3436]],"type":"Polygon","properties":{"SAL_CODE21":"40864","SAL_NAME21":"Merghiny","STE_CODE21":"4"},"id":"40864"},{"arcs":[[-3139,3577,3578,3579,3580]],"type":"Polygon","properties":{"SAL_CODE21":"40865","SAL_NAME21":"Meribah","STE_CODE21":"4"},"id":"40865"},{"arcs":[[3581,-1402,3582,-1707]],"type":"Polygon","properties":{"SAL_CODE21":"40866","SAL_NAME21":"Merriton","STE_CODE21":"4"},"id":"40866"},{"arcs":[[3583,-3355,3584,3585]],"type":"Polygon","properties":{"SAL_CODE21":"40867","SAL_NAME21":"Middle Beach","STE_CODE21":"4"},"id":"40867"},{"arcs":[[-2462,3586,3587,3588,-1928]],"type":"Polygon","properties":{"SAL_CODE21":"40868","SAL_NAME21":"Middle River","STE_CODE21":"4"},"id":"40868"},{"arcs":[[3589,3590,3591,3592,-413,-1725,-1865]],"type":"Polygon","properties":{"SAL_CODE21":"40869","SAL_NAME21":"Middleback Range","STE_CODE21":"4"},"id":"40869"},{"arcs":[[3593,3594,3595,-1759,-2451,-2457,3596]],"type":"Polygon","properties":{"SAL_CODE21":"40870","SAL_NAME21":"Middleton (SA)","STE_CODE21":"4"},"id":"40870"},{"arcs":[[3597,-3590,-1878,3598,3599]],"type":"Polygon","properties":{"SAL_CODE21":"40871","SAL_NAME21":"Midgee (SA)","STE_CODE21":"4"},"id":"40871"},{"arcs":[[3600,3601,3602,3603,-2382,3604]],"type":"Polygon","properties":{"SAL_CODE21":"40872","SAL_NAME21":"Mil-Lel","STE_CODE21":"4"},"id":"40872"},{"arcs":[[3605,-2137,3606,-147,-3214,-3188]],"type":"Polygon","properties":{"SAL_CODE21":"40873","SAL_NAME21":"Milang","STE_CODE21":"4"},"id":"40873"},{"arcs":[[-2708,-1645,3607,3608,-7,-3023,3609]],"type":"Polygon","properties":{"SAL_CODE21":"40874","SAL_NAME21":"Mile End","STE_CODE21":"4"},"id":"40874"},{"arcs":[[-3020,3610,-2709,-3610,-3022]],"type":"Polygon","properties":{"SAL_CODE21":"40875","SAL_NAME21":"Mile End South","STE_CODE21":"4"},"id":"40875"},{"arcs":[[-195,3611,3612,3613,3614,-152,3615,-2235]],"type":"Polygon","properties":{"SAL_CODE21":"40876","SAL_NAME21":"Milendella","STE_CODE21":"4"},"id":"40876"},{"arcs":[[-1267,-1712,3616,-2796,-3013]],"type":"Polygon","properties":{"SAL_CODE21":"40877","SAL_NAME21":"Millbrook (SA)","STE_CODE21":"4"},"id":"40877"},{"arcs":[[3617,-1155,3618,-2634,3619,3620]],"type":"Polygon","properties":{"SAL_CODE21":"40878","SAL_NAME21":"Millicent","STE_CODE21":"4"},"id":"40878"},{"arcs":[[-1370,-605,-2205,-2449,-2783,3621,-3051]],"type":"Polygon","properties":{"SAL_CODE21":"40879","SAL_NAME21":"Millswood","STE_CODE21":"4"},"id":"40879"},{"arcs":[[-3592,3622,-1650,-3447,3623]],"type":"Polygon","properties":{"SAL_CODE21":"40880","SAL_NAME21":"Miltalie","STE_CODE21":"4"},"id":"40880"},{"arcs":[[-114]],"type":"Polygon","properties":{"SAL_CODE21":"40881","SAL_NAME21":"Mimili","STE_CODE21":"4"},"id":"40881"},{"arcs":[[3624,-1651,-3623,-3591,-3598]],"type":"Polygon","properties":{"SAL_CODE21":"40882","SAL_NAME21":"Minbrie","STE_CODE21":"4"},"id":"40882"},{"arcs":[[3625,3626,-2856]],"type":"Polygon","properties":{"SAL_CODE21":"40883","SAL_NAME21":"Minburra","STE_CODE21":"4"},"id":"40883"},{"arcs":[[3627,-2562,-1605,-3575,-3473,-1077]],"type":"Polygon","properties":{"SAL_CODE21":"40884","SAL_NAME21":"Mindarie (SA)","STE_CODE21":"4"},"id":"40884"},{"arcs":[[-3603,3628,-1857,3629,3630,3631]],"type":"Polygon","properties":{"SAL_CODE21":"40885","SAL_NAME21":"Mingbool","STE_CODE21":"4"},"id":"40885"},{"arcs":[[3632,3633,-830,3634,3635,-687,-3101,-1749]],"type":"Polygon","properties":{"SAL_CODE21":"40886","SAL_NAME21":"Minlaton","STE_CODE21":"4"},"id":"40886"},{"arcs":[[3636,-700,-2297,3637,3638,-2956]],"type":"Polygon","properties":{"SAL_CODE21":"40887","SAL_NAME21":"Minnipa","STE_CODE21":"4"},"id":"40887"},{"arcs":[[-625,-3469,-285,3639,3640,3641,3642]],"type":"Polygon","properties":{"SAL_CODE21":"40888","SAL_NAME21":"Mintaro","STE_CODE21":"4"},"id":"40888"},{"arcs":[[3643,3644,3645,3646,-620,3647,-2049,-1813]],"type":"Polygon","properties":{"SAL_CODE21":"40889","SAL_NAME21":"Minvalara","STE_CODE21":"4"},"id":"40889"},{"arcs":[[3648,3649,-3443,3650]],"type":"Polygon","properties":{"SAL_CODE21":"40890","SAL_NAME21":"Miranda (SA)","STE_CODE21":"4"},"id":"40890"},{"arcs":[[3651,-3074,3652,3653,-899,-495]],"type":"Polygon","properties":{"SAL_CODE21":"40891","SAL_NAME21":"Mitcham (SA)","STE_CODE21":"4"},"id":"40891"},{"arcs":[[-2938,3654,-3034,3655,-2958,3656]],"type":"Polygon","properties":{"SAL_CODE21":"40892","SAL_NAME21":"Mitchell (SA)","STE_CODE21":"4"},"id":"40892"},{"arcs":[[-3498,-240,-1414,3657,-477]],"type":"Polygon","properties":{"SAL_CODE21":"40893","SAL_NAME21":"Mitchell Park (SA)","STE_CODE21":"4"},"id":"40893"},{"arcs":[[-3600,3658,-3368,-1652,-3625]],"type":"Polygon","properties":{"SAL_CODE21":"40894","SAL_NAME21":"Mitchellville","STE_CODE21":"4"},"id":"40894"},{"arcs":[[-3525,3659,3660,3661]],"type":"Polygon","properties":{"SAL_CODE21":"40895","SAL_NAME21":"Moana","STE_CODE21":"4"},"id":"40895"},{"arcs":[[3662,3663,3664,3665,3666,3667]],"type":"Polygon","properties":{"SAL_CODE21":"40896","SAL_NAME21":"Mobilong","STE_CODE21":"4"},"id":"40896"},{"arcs":[[-3024,-156,3668,3669,3670]],"type":"Polygon","properties":{"SAL_CODE21":"40897","SAL_NAME21":"Moculta","STE_CODE21":"4"},"id":"40897"},{"arcs":[[3671,-2754,-2735,3672,3673,3674,3675]],"type":"Polygon","properties":{"SAL_CODE21":"40898","SAL_NAME21":"Modbury","STE_CODE21":"4"},"id":"40898"},{"arcs":[[3676,-2514,3677,3678,3679]],"type":"Polygon","properties":{"SAL_CODE21":"40899","SAL_NAME21":"Modbury Heights","STE_CODE21":"4"},"id":"40899"},{"arcs":[[3680,-3680,3681,-3675]],"type":"Polygon","properties":{"SAL_CODE21":"40900","SAL_NAME21":"Modbury North","STE_CODE21":"4"},"id":"40900"},{"arcs":[[3682,-3146,-2903]],"type":"Polygon","properties":{"SAL_CODE21":"40901","SAL_NAME21":"Moerlong","STE_CODE21":"4"},"id":"40901"},{"arcs":[[3683,3684,3685,-1082,3686]],"type":"Polygon","properties":{"SAL_CODE21":"40902","SAL_NAME21":"Monarto","STE_CODE21":"4"},"id":"40902"},{"arcs":[[-2345,-859,-3225,-2625,-1083,-3686,3687,3688]],"type":"Polygon","properties":{"SAL_CODE21":"40903","SAL_NAME21":"Monarto South","STE_CODE21":"4"},"id":"40903"},{"arcs":[[-3378,-542,-2422,-405,3689,3690,-1544,3691,3692]],"type":"Polygon","properties":{"SAL_CODE21":"40904","SAL_NAME21":"Monash (SA)","STE_CODE21":"4"},"id":"40904"},{"arcs":[[-3144,-3683,3693,-3380,3694]],"type":"Polygon","properties":{"SAL_CODE21":"40905","SAL_NAME21":"Monbulla","STE_CODE21":"4"},"id":"40905"},{"arcs":[[-1028,3695,-1030,-355]],"type":"Polygon","properties":{"SAL_CODE21":"40906","SAL_NAME21":"Mongolata","STE_CODE21":"4"},"id":"40906"},{"arcs":[[-1717,-3251,-2203,-1327,3696,3697,3698,-270,-2685,3699,-1228]],"type":"Polygon","properties":{"SAL_CODE21":"40907","SAL_NAME21":"Montacute","STE_CODE21":"4"},"id":"40907"},{"arcs":[[-1848,-2749,3700]],"type":"Polygon","properties":{"SAL_CODE21":"40908","SAL_NAME21":"Montarra","STE_CODE21":"4"},"id":"40908"},{"arcs":[[3701,3702,3703,3704,-3320,3705,-3006,3706]],"type":"Polygon","properties":{"SAL_CODE21":"40909","SAL_NAME21":"Monteith","STE_CODE21":"4"},"id":"40909"},{"arcs":[[-1663,3707,-1216,-2597,3708,3709,-2932]],"type":"Polygon","properties":{"SAL_CODE21":"40910","SAL_NAME21":"Moockra","STE_CODE21":"4"},"id":"40910"},{"arcs":[[-882,-2715,-1054,3710]],"type":"Polygon","properties":{"SAL_CODE21":"40911","SAL_NAME21":"Moody","STE_CODE21":"4"},"id":"40911"},{"arcs":[[3711,-1437,3712,3713,-2188,3714,-2248]],"type":"Polygon","properties":{"SAL_CODE21":"40912","SAL_NAME21":"Mooleulooloo","STE_CODE21":"4"},"id":"40912"},{"arcs":[[3715,-3207,3716,-3199]],"type":"Polygon","properties":{"SAL_CODE21":"40913","SAL_NAME21":"Moonaree","STE_CODE21":"4"},"id":"40913"},{"arcs":[[-3122,3717,3718,3719,-1688,3720,3721]],"type":"Polygon","properties":{"SAL_CODE21":"40914","SAL_NAME21":"Moonta","STE_CODE21":"4"},"id":"40914"},{"arcs":[[3722,3723,3724,3725,-3719]],"type":"Polygon","properties":{"SAL_CODE21":"40915","SAL_NAME21":"Moonta Bay","STE_CODE21":"4"},"id":"40915"},{"arcs":[[3726,-1941,-25,-3124,-2588,-3123,-3722]],"type":"Polygon","properties":{"SAL_CODE21":"40916","SAL_NAME21":"Moonta Mines","STE_CODE21":"4"},"id":"40916"},{"arcs":[[3727,-3091,-1511,3728,3729]],"type":"Polygon","properties":{"SAL_CODE21":"40917","SAL_NAME21":"Moorak","STE_CODE21":"4"},"id":"40917"},{"arcs":[[3730,3731,3732,-1547,-1535,-2024,3733]],"type":"Polygon","properties":{"SAL_CODE21":"40918","SAL_NAME21":"Moorlands","STE_CODE21":"4"},"id":"40918"},{"arcs":[[3734,3735,-3060,-1419,-3338,3736]],"type":"Polygon","properties":{"SAL_CODE21":"40919","SAL_NAME21":"Moorook","STE_CODE21":"4"},"id":"40919"},{"arcs":[[3737,-3737,-3337,3738]],"type":"Polygon","properties":{"SAL_CODE21":"40920","SAL_NAME21":"Moorook South","STE_CODE21":"4"},"id":"40920"},{"arcs":[[-2199,3739,-3116,-1950,3740,-2510]],"type":"Polygon","properties":{"SAL_CODE21":"40921","SAL_NAME21":"Moppa","STE_CODE21":"4"},"id":"40921"},{"arcs":[[3741,3742,-1560]],"type":"Polygon","properties":{"SAL_CODE21":"40922","SAL_NAME21":"Morchard","STE_CODE21":"4"},"id":"40922"},{"arcs":[[-668,-1945,-3284,3743,-1057,3744,-467,3745,-827,-1064,3746,3747,3748]],"type":"Polygon","properties":{"SAL_CODE21":"40923","SAL_NAME21":"Morgan","STE_CODE21":"4"},"id":"40923"},{"arcs":[[-3405,-3289,-2240,3749]],"type":"Polygon","properties":{"SAL_CODE21":"40924","SAL_NAME21":"Morn Hill","STE_CODE21":"4"},"id":"40924"},{"arcs":[[-2536,-2540,-1349,-3326,3750,3751,3752,3753]],"type":"Polygon","properties":{"SAL_CODE21":"40925","SAL_NAME21":"Morphett Vale","STE_CODE21":"4"},"id":"40925"},{"arcs":[[-470,-1065,-828,-3746]],"type":"Polygon","properties":{"SAL_CODE21":"40926","SAL_NAME21":"Morphetts Flat","STE_CODE21":"4"},"id":"40926"},{"arcs":[[3754,3755,-2406,-1124,3756]],"type":"Polygon","properties":{"SAL_CODE21":"40927","SAL_NAME21":"Morphettville","STE_CODE21":"4"},"id":"40927"},{"arcs":[[3757,3758,-3522,-2809,-1470,3759,-1070]],"type":"Polygon","properties":{"SAL_CODE21":"40928","SAL_NAME21":"Mortana","STE_CODE21":"4"},"id":"40928"},{"arcs":[[-1626,3760,3761,-3208,-411,-2991,-3046]],"type":"Polygon","properties":{"SAL_CODE21":"40929","SAL_NAME21":"Moseley","STE_CODE21":"4"},"id":"40929"},{"arcs":[[-1760,-3596,3762,3763]],"type":"Polygon","properties":{"SAL_CODE21":"40930","SAL_NAME21":"Mosquito Hill","STE_CODE21":"4"},"id":"40930"},{"arcs":[[-3219,-2104,-517,-683,3764,-2184],[3765]],"type":"Polygon","properties":{"SAL_CODE21":"40931","SAL_NAME21":"Motpena","STE_CODE21":"4"},"id":"40931"},{"arcs":[[-955,-1960,3766,3767,-3301,-658,3768,3769,3770,3771]],"type":"Polygon","properties":{"SAL_CODE21":"40932","SAL_NAME21":"Mount Barker (SA)","STE_CODE21":"4"},"id":"40932"},{"arcs":[[-366,-3299]],"type":"Polygon","properties":{"SAL_CODE21":"40933","SAL_NAME21":"Mount Barker Junction","STE_CODE21":"4"},"id":"40933"},{"arcs":[[3772,-3771,3773,3774]],"type":"Polygon","properties":{"SAL_CODE21":"40934","SAL_NAME21":"Mount Barker Springs","STE_CODE21":"4"},"id":"40934"},{"arcs":[[3775,3776,-3774,-3770]],"type":"Polygon","properties":{"SAL_CODE21":"40935","SAL_NAME21":"Mount Barker Summit","STE_CODE21":"4"},"id":"40935"},{"arcs":[[3777,3778,3779,-822,3780,3781,-697]],"type":"Polygon","properties":{"SAL_CODE21":"40936","SAL_NAME21":"Mount Benson","STE_CODE21":"4"},"id":"40936"},{"arcs":[[3782,-1026,-717,3783,3784,-2570]],"type":"Polygon","properties":{"SAL_CODE21":"40937","SAL_NAME21":"Mount Bryan","STE_CODE21":"4"},"id":"40937"},{"arcs":[[-1031,-3696,-1027,-3783,-2569,3785,3786,-1480]],"type":"Polygon","properties":{"SAL_CODE21":"40938","SAL_NAME21":"Mount Bryan East","STE_CODE21":"4"},"id":"40938"},{"arcs":[[3787,-2273,3788,3789,3790,3791]],"type":"Polygon","properties":{"SAL_CODE21":"40939","SAL_NAME21":"Mount Burr","STE_CODE21":"4"},"id":"40939"},{"arcs":[[-3175,-974,3792,-1552,-2982]],"type":"Polygon","properties":{"SAL_CODE21":"40940","SAL_NAME21":"Mount Charles","STE_CODE21":"4"},"id":"40940"},{"arcs":[[3793,3794,-2723,3795,3796,3797,3798,3799]],"type":"Polygon","properties":{"SAL_CODE21":"40941","SAL_NAME21":"Mount Compass","STE_CODE21":"4"},"id":"40941"},{"arcs":[[-2812,-2954,-1464]],"type":"Polygon","properties":{"SAL_CODE21":"40942","SAL_NAME21":"Mount Cooper (SA)","STE_CODE21":"4"},"id":"40942"},{"arcs":[[3800,3801,-2169,3802,3803,-1686,-2210,-3017]],"type":"Polygon","properties":{"SAL_CODE21":"40943","SAL_NAME21":"Mount Crawford","STE_CODE21":"4"},"id":"40943"},{"arcs":[[-3639,3804,3805,-1426,3806,3807,3808,-2952]],"type":"Polygon","properties":{"SAL_CODE21":"40944","SAL_NAME21":"Mount Damper","STE_CODE21":"4"},"id":"40944"},{"arcs":[[3809,3810,-2936,-1730,-1637]],"type":"Polygon","properties":{"SAL_CODE21":"40945","SAL_NAME21":"Mount Drummond","STE_CODE21":"4"},"id":"40945"},{"arcs":[[-3296,-1641,3811,3812]],"type":"Polygon","properties":{"SAL_CODE21":"40946","SAL_NAME21":"Mount Dutton Bay","STE_CODE21":"4"},"id":"40946"},{"arcs":[[-2385,3813,3814,-3729,-1510,3815,3816]],"type":"Polygon","properties":{"SAL_CODE21":"40947","SAL_NAME21":"Mount Gambier","STE_CODE21":"4"},"id":"40947"},{"arcs":[[3817,3818,-1197,-370,3819,-833,-50]],"type":"Polygon","properties":{"SAL_CODE21":"40948","SAL_NAME21":"Mount George (SA)","STE_CODE21":"4"},"id":"40948"},{"arcs":[[-3035,-3655,-2937,-3811,3820]],"type":"Polygon","properties":{"SAL_CODE21":"40949","SAL_NAME21":"Mount Hope (SA)","STE_CODE21":"4"},"id":"40949"},{"arcs":[[-3212,-1627,3821,-943,3822,-3205,-3416]],"type":"Polygon","properties":{"SAL_CODE21":"40950","SAL_NAME21":"Mount Ive","STE_CODE21":"4"},"id":"40950"},{"arcs":[[3823,-3763,-3595,3824,-2730,-2724,-3795]],"type":"Polygon","properties":{"SAL_CODE21":"40951","SAL_NAME21":"Mount Jagged","STE_CODE21":"4"},"id":"40951"},{"arcs":[[-819,-2022,-1492,3825,-2939]],"type":"Polygon","properties":{"SAL_CODE21":"40952","SAL_NAME21":"Mount Joy","STE_CODE21":"4"},"id":"40952"},{"arcs":[[-2787,-3126,-2855,3826,3827,3828]],"type":"Polygon","properties":{"SAL_CODE21":"40953","SAL_NAME21":"Mount Light","STE_CODE21":"4"},"id":"40953"},{"arcs":[[-245,3829,3830,-3173,-3154,-3544]],"type":"Polygon","properties":{"SAL_CODE21":"40954","SAL_NAME21":"Mount Magnificent","STE_CODE21":"4"},"id":"40954"},{"arcs":[[-666,-907,-782,-451,-1946]],"type":"Polygon","properties":{"SAL_CODE21":"40955","SAL_NAME21":"Mount Mary","STE_CODE21":"4"},"id":"40955"},{"arcs":[[-3118,-2386,3831,-3790,3832,-2901]],"type":"Polygon","properties":{"SAL_CODE21":"40956","SAL_NAME21":"Mount Mcintyre","STE_CODE21":"4"},"id":"40956"},{"arcs":[[-158,-3028,-2172]],"type":"Polygon","properties":{"SAL_CODE21":"40957","SAL_NAME21":"Mount Mckenzie","STE_CODE21":"4"},"id":"40957"},{"arcs":[[-2134,3833,-252]],"type":"Polygon","properties":{"SAL_CODE21":"40958","SAL_NAME21":"Mount Observation (SA)","STE_CODE21":"4"},"id":"40958"},{"arcs":[[3834,-2375,-462,3835,-3248,-902]],"type":"Polygon","properties":{"SAL_CODE21":"40959","SAL_NAME21":"Mount Osmond","STE_CODE21":"4"},"id":"40959"},{"arcs":[[3836,-591,-1687,-3804,3837,-3613,3838]],"type":"Polygon","properties":{"SAL_CODE21":"40960","SAL_NAME21":"Mount Pleasant (SA)","STE_CODE21":"4"},"id":"40960"},{"arcs":[[-78,-1166,-3092,-3728,3839,-1243]],"type":"Polygon","properties":{"SAL_CODE21":"40961","SAL_NAME21":"Mount Schank","STE_CODE21":"4"},"id":"40961"},{"arcs":[[-223,-2277,3840,-521,-1610,-2109,-3286],[-3250]],"type":"Polygon","properties":{"SAL_CODE21":"40962","SAL_NAME21":"Mount Serle","STE_CODE21":"4"},"id":"40962"},{"arcs":[[3841,3842,-2474,3843,-2089,3844]],"type":"Polygon","properties":{"SAL_CODE21":"40963","SAL_NAME21":"Mount Templeton","STE_CODE21":"4"},"id":"40963"},{"arcs":[[-2618,3845,-1295,-3303,-3004,-593,3846]],"type":"Polygon","properties":{"SAL_CODE21":"40964","SAL_NAME21":"Mount Torrens","STE_CODE21":"4"},"id":"40964"},{"arcs":[[-1496,3847,-3807,-1425,-1539,-3826]],"type":"Polygon","properties":{"SAL_CODE21":"40965","SAL_NAME21":"Mount Wedge","STE_CODE21":"4"},"id":"40965"},{"arcs":[[3848,-3394,3849,-179,-3382,-1526,-3383,-1503]],"type":"Polygon","properties":{"SAL_CODE21":"40966","SAL_NAME21":"Mount Willoughby","STE_CODE21":"4"},"id":"40966"},{"arcs":[[3850,-3828,3851,-724,3852,3853]],"type":"Polygon","properties":{"SAL_CODE21":"40967","SAL_NAME21":"Moyhall","STE_CODE21":"4"},"id":"40967"},{"arcs":[[-3242,-3576,-3439,3854,3855,3856,-1338,3857,3858]],"type":"Polygon","properties":{"SAL_CODE21":"40968","SAL_NAME21":"Mudamuckla","STE_CODE21":"4"},"id":"40968"},{"arcs":[[-3226,-857,3859,-3192]],"type":"Polygon","properties":{"SAL_CODE21":"40969","SAL_NAME21":"Mulgundawa","STE_CODE21":"4"},"id":"40969"},{"arcs":[[3860,3861,3862,3863,3864,-1876]],"type":"Polygon","properties":{"SAL_CODE21":"40970","SAL_NAME21":"Mullaquana","STE_CODE21":"4"},"id":"40970"},{"arcs":[[-2107,3865,-3202,-2892,3866,-3287]],"type":"Polygon","properties":{"SAL_CODE21":"40971","SAL_NAME21":"Muloorina","STE_CODE21":"4"},"id":"40971"},{"arcs":[[3867,3868,3869,3870]],"type":"Polygon","properties":{"SAL_CODE21":"40972","SAL_NAME21":"Mundallio","STE_CODE21":"4"},"id":"40972"},{"arcs":[[3871,3872,-1681,3873]],"type":"Polygon","properties":{"SAL_CODE21":"40973","SAL_NAME21":"Mundic Creek","STE_CODE21":"4"},"id":"40973"},{"arcs":[[-3186,-1588,-2722,3874]],"type":"Polygon","properties":{"SAL_CODE21":"40974","SAL_NAME21":"Mundoo Island","STE_CODE21":"4"},"id":"40974"},{"arcs":[[-2753,3875,3876,3877,-2151,-1399,3878,-1472]],"type":"Polygon","properties":{"SAL_CODE21":"40975","SAL_NAME21":"Mundoora","STE_CODE21":"4"},"id":"40975"},{"arcs":[[-754,-762,3879,3880,-936,-1141]],"type":"Polygon","properties":{"SAL_CODE21":"40976","SAL_NAME21":"Mundulla","STE_CODE21":"4"},"id":"40976"},{"arcs":[[3881,-3088,-932,-3881,3882,3883]],"type":"Polygon","properties":{"SAL_CODE21":"40977","SAL_NAME21":"Mundulla West","STE_CODE21":"4"},"id":"40977"},{"arcs":[[3884,-2339,-3288,-3867,-2891]],"type":"Polygon","properties":{"SAL_CODE21":"40978","SAL_NAME21":"Mungeranie","STE_CODE21":"4"},"id":"40978"},{"arcs":[[3885,3886,3887,3888,-655]],"type":"Polygon","properties":{"SAL_CODE21":"40979","SAL_NAME21":"Munno Para","STE_CODE21":"4"},"id":"40979"},{"arcs":[[-649,-3889,3889,-170,-2706,-3147]],"type":"Polygon","properties":{"SAL_CODE21":"40980","SAL_NAME21":"Munno Para Downs","STE_CODE21":"4"},"id":"40980"},{"arcs":[[-143,-171,-3890,-3888]],"type":"Polygon","properties":{"SAL_CODE21":"40981","SAL_NAME21":"Munno Para West","STE_CODE21":"4"},"id":"40981"},{"arcs":[[3890,3891,-671,-3537,-669,-3749,3892,-3747,-1063]],"type":"Polygon","properties":{"SAL_CODE21":"40982","SAL_NAME21":"Murbko","STE_CODE21":"4"},"id":"40982"},{"arcs":[[3893,3894,-2942,-3315]],"type":"Polygon","properties":{"SAL_CODE21":"40983","SAL_NAME21":"Murdinga","STE_CODE21":"4"},"id":"40983"},{"arcs":[[-2711,3895,-3894,-3314,-741,3896]],"type":"Polygon","properties":{"SAL_CODE21":"40984","SAL_NAME21":"Murlong","STE_CODE21":"4"},"id":"40984"},{"arcs":[[-2931,-119]],"type":"Polygon","properties":{"SAL_CODE21":"40985","SAL_NAME21":"Murputja - Nyapari","STE_CODE21":"4"},"id":"40985"},{"arcs":[[3897,3898,-1005]],"type":"Polygon","properties":{"SAL_CODE21":"40986","SAL_NAME21":"Murrawong","STE_CODE21":"4"},"id":"40986"},{"arcs":[[-3318,3899,3900,-2343,3901,3902,3903,-3664,3904]],"type":"Polygon","properties":{"SAL_CODE21":"40987","SAL_NAME21":"Murray Bridge","STE_CODE21":"4"},"id":"40987"},{"arcs":[[-307,-1002,-3007,-3706,-3319,-3905,-3663,3905]],"type":"Polygon","properties":{"SAL_CODE21":"40988","SAL_NAME21":"Murray Bridge East","STE_CODE21":"4"},"id":"40988"},{"arcs":[[3906,3907,-3666,3908,3909,3910]],"type":"Polygon","properties":{"SAL_CODE21":"40989","SAL_NAME21":"Murray Bridge North","STE_CODE21":"4"},"id":"40989"},{"arcs":[[-2344,-3901,3911,3912,-852]],"type":"Polygon","properties":{"SAL_CODE21":"40990","SAL_NAME21":"Murray Bridge South","STE_CODE21":"4"},"id":"40990"},{"arcs":[[3913,-385,-3564,-730]],"type":"Polygon","properties":{"SAL_CODE21":"40991","SAL_NAME21":"Murray Town","STE_CODE21":"4"},"id":"40991"},{"arcs":[[3914,3915,-1103,-1346,3916,3917]],"type":"Polygon","properties":{"SAL_CODE21":"40992","SAL_NAME21":"Murtho","STE_CODE21":"4"},"id":"40992"},{"arcs":[[3918,3919,-2554,-375,-98]],"type":"Polygon","properties":{"SAL_CODE21":"40993","SAL_NAME21":"Muston","STE_CODE21":"4"},"id":"40993"},{"arcs":[[-2191,3920,-2189,-3714,3921,-1435,3922,3923,-2479,-2193,-3449]],"type":"Polygon","properties":{"SAL_CODE21":"40994","SAL_NAME21":"Mutooroo","STE_CODE21":"4"},"id":"40994"},{"arcs":[[-806,-3324,-2665,-47,-836,-2548,-573,-1287]],"type":"Polygon","properties":{"SAL_CODE21":"40995","SAL_NAME21":"Mylor","STE_CODE21":"4"},"id":"40995"},{"arcs":[[-3898,-1004,3924,-3907,3925,-1096,3926,3927,3928,-1007,3929]],"type":"Polygon","properties":{"SAL_CODE21":"40996","SAL_NAME21":"Mypolonga","STE_CODE21":"4"},"id":"40996"},{"arcs":[[3930,3931,3932,3933,-3796,-2727,-2817]],"type":"Polygon","properties":{"SAL_CODE21":"40997","SAL_NAME21":"Myponga","STE_CODE21":"4"},"id":"40997"},{"arcs":[[3934,-3932,3935,-1209,3936]],"type":"Polygon","properties":{"SAL_CODE21":"40998","SAL_NAME21":"Myponga Beach","STE_CODE21":"4"},"id":"40998"},{"arcs":[[-2690,-2266,-2377,3937]],"type":"Polygon","properties":{"SAL_CODE21":"40999","SAL_NAME21":"Myrtle Bank (SA)","STE_CODE21":"4"},"id":"40999"},{"arcs":[[-1815,3938,-2482,3939,-2612,3940]],"type":"Polygon","properties":{"SAL_CODE21":"41000","SAL_NAME21":"Nackara","STE_CODE21":"4"},"id":"41000"},{"arcs":[[-1831,3941,-1308,-1257]],"type":"Polygon","properties":{"SAL_CODE21":"41001","SAL_NAME21":"Nadia","STE_CODE21":"4"},"id":"41001"},{"arcs":[[3942,3943,3944,-3407,-338]],"type":"Polygon","properties":{"SAL_CODE21":"41002","SAL_NAME21":"Naidia","STE_CODE21":"4"},"id":"41002"},{"arcs":[[-1484,-3561,3945,3946,-869]],"type":"Polygon","properties":{"SAL_CODE21":"41003","SAL_NAME21":"Nailsworth","STE_CODE21":"4"},"id":"41003"},{"arcs":[[-2242,-2201,-2509,-1793]],"type":"Polygon","properties":{"SAL_CODE21":"41004","SAL_NAME21":"Nain","STE_CODE21":"4"},"id":"41004"},{"arcs":[[-1806,3947,-3776,-3769,-657,-3300,-364,-2655,-917]],"type":"Polygon","properties":{"SAL_CODE21":"41005","SAL_NAME21":"Nairne","STE_CODE21":"4"},"id":"41005"},{"arcs":[[3948,-3120,-32,3949,-358,3950]],"type":"Polygon","properties":{"SAL_CODE21":"41006","SAL_NAME21":"Nalyappa","STE_CODE21":"4"},"id":"41006"},{"arcs":[[-3800,3951,-3830,-244,3952]],"type":"Polygon","properties":{"SAL_CODE21":"41007","SAL_NAME21":"Nangkita","STE_CODE21":"4"},"id":"41007"},{"arcs":[[3953,3954,3955,3956,-2905,-3145,3957,3958]],"type":"Polygon","properties":{"SAL_CODE21":"41008","SAL_NAME21":"Nangwarry","STE_CODE21":"4"},"id":"41008"},{"arcs":[[-969,-2090,-3844,-2473,-455,3959,-3309]],"type":"Polygon","properties":{"SAL_CODE21":"41009","SAL_NAME21":"Nantawarra","STE_CODE21":"4"},"id":"41009"},{"arcs":[[-479,3960,-993,-2331,3961]],"type":"Polygon","properties":{"SAL_CODE21":"41010","SAL_NAME21":"Napperby","STE_CODE21":"4"},"id":"41010"},{"arcs":[[-3851,3962,-3305,3963,-2788,-3829]],"type":"Polygon","properties":{"SAL_CODE21":"41011","SAL_NAME21":"Naracoorte","STE_CODE21":"4"},"id":"41011"},{"arcs":[[-2314,-2519,-3099,3964,-1705,-2776]],"type":"Polygon","properties":{"SAL_CODE21":"41012","SAL_NAME21":"Narridy","STE_CODE21":"4"},"id":"41012"},{"arcs":[[-3573,-1590,-3185,-3177]],"type":"Polygon","properties":{"SAL_CODE21":"41013","SAL_NAME21":"Narrung (SA)","STE_CODE21":"4"},"id":"41013"},{"arcs":[[-3731,3965,-3008,-1291,3966]],"type":"Polygon","properties":{"SAL_CODE21":"41014","SAL_NAME21":"Naturi","STE_CODE21":"4"},"id":"41014"},{"arcs":[[-2234,-1931,-2061,3967,3968,-905]],"type":"Polygon","properties":{"SAL_CODE21":"41015","SAL_NAME21":"Neales Flat","STE_CODE21":"4"},"id":"41015"},{"arcs":[[3969,3970,3971,-3444,-3650]],"type":"Polygon","properties":{"SAL_CODE21":"41016","SAL_NAME21":"Nectar Brook","STE_CODE21":"4"},"id":"41016"},{"arcs":[[-2330,3972,-480,-3962]],"type":"Polygon","properties":{"SAL_CODE21":"41017","SAL_NAME21":"Nelshaby","STE_CODE21":"4"},"id":"41017"},{"arcs":[[-630,-3093,-1164,3973]],"type":"Polygon","properties":{"SAL_CODE21":"41018","SAL_NAME21":"Nene Valley","STE_CODE21":"4"},"id":"41018"},{"arcs":[[-3841,-2276,-522]],"type":"Polygon","properties":{"SAL_CODE21":"41019","SAL_NAME21":"Nepabunna","STE_CODE21":"4"},"id":"41019"},{"arcs":[[-377,-2553,-1773,3974]],"type":"Polygon","properties":{"SAL_CODE21":"41020","SAL_NAME21":"Nepean Bay","STE_CODE21":"4"},"id":"41020"},{"arcs":[[3975,-3653,-3073,-2688,3976]],"type":"Polygon","properties":{"SAL_CODE21":"41021","SAL_NAME21":"Netherby (SA)","STE_CODE21":"4"},"id":"41021"},{"arcs":[[-1188,-1575,-3029,3977,3978,-2834]],"type":"Polygon","properties":{"SAL_CODE21":"41022","SAL_NAME21":"Netherton","STE_CODE21":"4"},"id":"41022"},{"arcs":[[-17,3979,-3509,3980]],"type":"Polygon","properties":{"SAL_CODE21":"41023","SAL_NAME21":"Netley","STE_CODE21":"4"},"id":"41023"},{"arcs":[[3981,3982,3983,-2052,-2373,-2093,-598]],"type":"Polygon","properties":{"SAL_CODE21":"41024","SAL_NAME21":"New Port","STE_CODE21":"4"},"id":"41024"},{"arcs":[[-3739,-3336,3984,3985,3986,3987]],"type":"Polygon","properties":{"SAL_CODE21":"41025","SAL_NAME21":"New Residence","STE_CODE21":"4"},"id":"41025"},{"arcs":[[3988,-2878,3989,-2884]],"type":"Polygon","properties":{"SAL_CODE21":"41026","SAL_NAME21":"New Town (SA)","STE_CODE21":"4"},"id":"41026"},{"arcs":[[-739,-3408,-3945,3990,3991,3992,-2927,-2740]],"type":"Polygon","properties":{"SAL_CODE21":"41027","SAL_NAME21":"New Well","STE_CODE21":"4"},"id":"41027"},{"arcs":[[3993,3994,-2948,-2463,-1926]],"type":"Polygon","properties":{"SAL_CODE21":"41028","SAL_NAME21":"Newland","STE_CODE21":"4"},"id":"41028"},{"arcs":[[-272,3995,-1133,3996]],"type":"Polygon","properties":{"SAL_CODE21":"41029","SAL_NAME21":"Newton","STE_CODE21":"4"},"id":"41029"},{"arcs":[[3997,3998,-809,3999,4000,-2868]],"type":"Polygon","properties":{"SAL_CODE21":"41030","SAL_NAME21":"Ngapala","STE_CODE21":"4"},"id":"41030"},{"arcs":[[-3540,-3424,-1554,4001,4002,-3220,4003,4004,4005,4006]],"type":"Polygon","properties":{"SAL_CODE21":"41031","SAL_NAME21":"Ngarkat","STE_CODE21":"4"},"id":"41031"},{"arcs":[[4007,-337,-1602,-1382,4008,4009,-2211,4010,4011]],"type":"Polygon","properties":{"SAL_CODE21":"41032","SAL_NAME21":"Nildottie","STE_CODE21":"4"},"id":"41032"},{"arcs":[[4012,-1046,-3311,4013,-3157,4014]],"type":"Polygon","properties":{"SAL_CODE21":"41033","SAL_NAME21":"Ninnes","STE_CODE21":"4"},"id":"41033"},{"arcs":[[-1354,-1350,-2539,4015]],"type":"Polygon","properties":{"SAL_CODE21":"41034","SAL_NAME21":"Noarlunga Centre","STE_CODE21":"4"},"id":"41034"},{"arcs":[[4016,4017,4018,4019,-4016,-2538,-2780,-2533]],"type":"Polygon","properties":{"SAL_CODE21":"41035","SAL_NAME21":"Noarlunga Downs","STE_CODE21":"4"},"id":"41035"},{"arcs":[[-820,-1380,-3401,-445,4020,4021]],"type":"Polygon","properties":{"SAL_CODE21":"41036","SAL_NAME21":"Nora Creina","STE_CODE21":"4"},"id":"41036"},{"arcs":[[-2649,4022,4023,-1212,4024]],"type":"Polygon","properties":{"SAL_CODE21":"41037","SAL_NAME21":"Normanville (SA)","STE_CODE21":"4"},"id":"41037"},{"arcs":[[-2719,-774,4025,-2156,4026,-3556,-2348,-9]],"type":"Polygon","properties":{"SAL_CODE21":"41038","SAL_NAME21":"North Adelaide","STE_CODE21":"4"},"id":"41038"},{"arcs":[[4027,4028,4029]],"type":"Polygon","properties":{"SAL_CODE21":"41039","SAL_NAME21":"North Beach (SA)","STE_CODE21":"4"},"id":"41039"},{"arcs":[[-3784,-716,4030,4031]],"type":"Polygon","properties":{"SAL_CODE21":"41040","SAL_NAME21":"North Booborowie","STE_CODE21":"4"},"id":"41040"},{"arcs":[[4032,-2772,4033,4034]],"type":"Polygon","properties":{"SAL_CODE21":"41041","SAL_NAME21":"North Brighton","STE_CODE21":"4"},"id":"41041"},{"arcs":[[-2027,4035,-442]],"type":"Polygon","properties":{"SAL_CODE21":"41042","SAL_NAME21":"North Cape","STE_CODE21":"4"},"id":"41042"},{"arcs":[[4036,4037,4038]],"type":"Polygon","properties":{"SAL_CODE21":"41043","SAL_NAME21":"North Haven (SA)","STE_CODE21":"4"},"id":"41043"},{"arcs":[[-3720,-3726,4039,-1689]],"type":"Polygon","properties":{"SAL_CODE21":"41044","SAL_NAME21":"North Moonta","STE_CODE21":"4"},"id":"41044"},{"arcs":[[-3162,4040,-1127,4041,-18,-3981,-3511]],"type":"Polygon","properties":{"SAL_CODE21":"41045","SAL_NAME21":"North Plympton","STE_CODE21":"4"},"id":"41045"},{"arcs":[[4042,-2639,4043,-2494,-1297,4044,4045,4046,4047]],"type":"Polygon","properties":{"SAL_CODE21":"41046","SAL_NAME21":"North Shields","STE_CODE21":"4"},"id":"41046"},{"arcs":[[-1056,-468,-3745]],"type":"Polygon","properties":{"SAL_CODE21":"41047","SAL_NAME21":"North West Bend","STE_CODE21":"4"},"id":"41047"},{"arcs":[[4048,-749,-1940,4049]],"type":"Polygon","properties":{"SAL_CODE21":"41048","SAL_NAME21":"North Yelta","STE_CODE21":"4"},"id":"41048"},{"arcs":[[-3904,4050,-3909,-3665]],"type":"Polygon","properties":{"SAL_CODE21":"41049","SAL_NAME21":"Northern Heights","STE_CODE21":"4"},"id":"41049"},{"arcs":[[-3263,-1391,-2317,4051,4052,4053]],"type":"Polygon","properties":{"SAL_CODE21":"41050","SAL_NAME21":"Northfield","STE_CODE21":"4"},"id":"41050"},{"arcs":[[-4054,4054,-3264]],"type":"Polygon","properties":{"SAL_CODE21":"41051","SAL_NAME21":"Northgate (SA)","STE_CODE21":"4"},"id":"41051"},{"arcs":[[-2763,4055,4056,-3697,-1326,-3482,-257]],"type":"Polygon","properties":{"SAL_CODE21":"41052","SAL_NAME21":"Norton Summit","STE_CODE21":"4"},"id":"41052"},{"arcs":[[4057,-3002,4058,-3536,-554,-2994,4059]],"type":"Polygon","properties":{"SAL_CODE21":"41053","SAL_NAME21":"Norwood (SA)","STE_CODE21":"4"},"id":"41053"},{"arcs":[[4060,-3991,-3944,4061,4062]],"type":"Polygon","properties":{"SAL_CODE21":"41054","SAL_NAME21":"Notts Well","STE_CODE21":"4"},"id":"41054"},{"arcs":[[-2397,-2401,-19,-4042,-1126]],"type":"Polygon","properties":{"SAL_CODE21":"41055","SAL_NAME21":"Novar Gardens","STE_CODE21":"4"},"id":"41055"},{"arcs":[[-2802,4063,4064,4065,4066,4067,4068]],"type":"Polygon","properties":{"SAL_CODE21":"41056","SAL_NAME21":"Nullarbor","STE_CODE21":"4"},"id":"41056"},{"arcs":[[4069,4070,4071,-1185,-1336,-3857,4072]],"type":"Polygon","properties":{"SAL_CODE21":"41057","SAL_NAME21":"Nunjikompita","STE_CODE21":"4"},"id":"41057"},{"arcs":[[-163,4073,4074,-3478,-2511,-3741,-1955,4075,-3262]],"type":"Polygon","properties":{"SAL_CODE21":"41058","SAL_NAME21":"Nuriootpa","STE_CODE21":"4"},"id":"41058"},{"arcs":[[4076,-3347,4077,4078,-1709]],"type":"Polygon","properties":{"SAL_CODE21":"41059","SAL_NAME21":"Nurom","STE_CODE21":"4"},"id":"41059"},{"arcs":[[4079,-148,-3607,-2136]],"type":"Polygon","properties":{"SAL_CODE21":"41060","SAL_NAME21":"Nurragi","STE_CODE21":"4"},"id":"41060"},{"arcs":[[4080,4081,4082,-1790,-2164,-2608]],"type":"Polygon","properties":{"SAL_CODE21":"41061","SAL_NAME21":"O'Halloran Hill","STE_CODE21":"4"},"id":"41061"},{"arcs":[[4083,-3327,-1352]],"type":"Polygon","properties":{"SAL_CODE21":"41062","SAL_NAME21":"O'Sullivan Beach","STE_CODE21":"4"},"id":"41062"},{"arcs":[[4084]],"type":"Polygon","properties":{"SAL_CODE21":"41063","SAL_NAME21":"Oak Valley (SA)","STE_CODE21":"4"},"id":"41063"},{"arcs":[[-3254,4085,-2653,-374]],"type":"Polygon","properties":{"SAL_CODE21":"41064","SAL_NAME21":"Oakbank","STE_CODE21":"4"},"id":"41064"},{"arcs":[[-2359,-2703,-3265,-4055,-4053,4086]],"type":"Polygon","properties":{"SAL_CODE21":"41065","SAL_NAME21":"Oakden","STE_CODE21":"4"},"id":"41065"},{"arcs":[[-3217,4087,4088,-1629,-3211,-3418,-2831,-209]],"type":"Polygon","properties":{"SAL_CODE21":"41066","SAL_NAME21":"Oakden Hills","STE_CODE21":"4"},"id":"41066"},{"arcs":[[-3496,4089,4090,-3756]],"type":"Polygon","properties":{"SAL_CODE21":"41067","SAL_NAME21":"Oaklands Park","STE_CODE21":"4"},"id":"41067"},{"arcs":[[4091,4092,4093,-1244,-3840,-3730,-3815]],"type":"Polygon","properties":{"SAL_CODE21":"41068","SAL_NAME21":"Ob Flat","STE_CODE21":"4"},"id":"41068"},{"arcs":[[-2190,-3921]],"type":"Polygon","properties":{"SAL_CODE21":"41069","SAL_NAME21":"Olary","STE_CODE21":"4"},"id":"41069"},{"arcs":[[4094,-3379,-3693,4095,4096]],"type":"Polygon","properties":{"SAL_CODE21":"41070","SAL_NAME21":"Old Calperum","STE_CODE21":"4"},"id":"41070"},{"arcs":[[4097,4098,4099,-4017,-2532,4100,-3552]],"type":"Polygon","properties":{"SAL_CODE21":"41071","SAL_NAME21":"Old Noarlunga","STE_CODE21":"4"},"id":"41071"},{"arcs":[[-3752,4101,4102,-2607,4103,4104]],"type":"Polygon","properties":{"SAL_CODE21":"41072","SAL_NAME21":"Old Reynella","STE_CODE21":"4"},"id":"41072"},{"arcs":[[4105,-2865]],"type":"Polygon","properties":{"SAL_CODE21":"41073","SAL_NAME21":"Old Teal Flat","STE_CODE21":"4"},"id":"41073"},{"arcs":[[-131],[4106]],"type":"Polygon","properties":{"SAL_CODE21":"41074","SAL_NAME21":"Olympic Dam","STE_CODE21":"4"},"id":"41074"},{"arcs":[[-2468,-1679,4107,4108,4109]],"type":"Polygon","properties":{"SAL_CODE21":"41075","SAL_NAME21":"One Tree Hill","STE_CODE21":"4"},"id":"41075"},{"arcs":[[4110,-1283,-1372,-679,-3553,-4101,-2537,-3754]],"type":"Polygon","properties":{"SAL_CODE21":"41076","SAL_NAME21":"Onkaparinga Hills","STE_CODE21":"4"},"id":"41076"},{"arcs":[[4111,-1810]],"type":"Polygon","properties":{"SAL_CODE21":"41077","SAL_NAME21":"Oodla Wirra","STE_CODE21":"4"},"id":"41077"},{"arcs":[[4112,-3396]],"type":"Polygon","properties":{"SAL_CODE21":"41078","SAL_NAME21":"Oodnadatta","STE_CODE21":"4"},"id":"41078"},{"arcs":[[-1558,4113,-2857,-3627,4114,-2050,-3648,-619,4115]],"type":"Polygon","properties":{"SAL_CODE21":"41079","SAL_NAME21":"Orroroo","STE_CODE21":"4"},"id":"41079"},{"arcs":[[4116,4117,4118,-4039,4119]],"type":"Polygon","properties":{"SAL_CODE21":"41080","SAL_NAME21":"Osborne (SA)","STE_CODE21":"4"},"id":"41080"},{"arcs":[[4120,-277,4121,4122,-2366]],"type":"Polygon","properties":{"SAL_CODE21":"41081","SAL_NAME21":"Ottoway","STE_CODE21":"4"},"id":"41081"},{"arcs":[[4123,-4120,-4038]],"type":"Polygon","properties":{"SAL_CODE21":"41082","SAL_NAME21":"Outer Harbor","STE_CODE21":"4"},"id":"41082"},{"arcs":[[4124,-1838,4125,-3690,-409,-1421,-3059]],"type":"Polygon","properties":{"SAL_CODE21":"41083","SAL_NAME21":"Overland Corner","STE_CODE21":"4"},"id":"41083"},{"arcs":[[-778,4126,4127,-2157,-4026]],"type":"Polygon","properties":{"SAL_CODE21":"41084","SAL_NAME21":"Ovingham","STE_CODE21":"4"},"id":"41084"},{"arcs":[[4128,-83,4129,-398,-2478,4130,-2046,-2764,-342,-2560]],"type":"Polygon","properties":{"SAL_CODE21":"41085","SAL_NAME21":"Owen","STE_CODE21":"4"},"id":"41085"},{"arcs":[[4131,-3484,4132,-3884,4133,4134,-3011]],"type":"Polygon","properties":{"SAL_CODE21":"41086","SAL_NAME21":"Padthaway","STE_CODE21":"4"},"id":"41086"},{"arcs":[[-3767,-1959,-2547]],"type":"Polygon","properties":{"SAL_CODE21":"41087","SAL_NAME21":"Paechtown","STE_CODE21":"4"},"id":"41087"},{"arcs":[[-3934,4135,4136,4137,-3797]],"type":"Polygon","properties":{"SAL_CODE21":"41088","SAL_NAME21":"Pages Flat","STE_CODE21":"4"},"id":"41088"},{"arcs":[[-3892,4138,-4063,4139,-2147,-672]],"type":"Polygon","properties":{"SAL_CODE21":"41089","SAL_NAME21":"Paisley","STE_CODE21":"4"},"id":"41089"},{"arcs":[[-1423,4140,4141,4142,-1540]],"type":"Polygon","properties":{"SAL_CODE21":"41090","SAL_NAME21":"Palkagee","STE_CODE21":"4"},"id":"41090"},{"arcs":[[-3911,4143,-3684,4144,-1097,-3926]],"type":"Polygon","properties":{"SAL_CODE21":"41091","SAL_NAME21":"Pallamana","STE_CODE21":"4"},"id":"41091"},{"arcs":[[-3839,-3612,-194,-3458,4145,4146,4147]],"type":"Polygon","properties":{"SAL_CODE21":"41092","SAL_NAME21":"Palmer (SA)","STE_CODE21":"4"},"id":"41092"},{"arcs":[[4148,-1722,-1631,4149]],"type":"Polygon","properties":{"SAL_CODE21":"41093","SAL_NAME21":"Pandurra","STE_CODE21":"4"},"id":"41093"},{"arcs":[[-1599,-3110,4150,4151,-1179]],"type":"Polygon","properties":{"SAL_CODE21":"41094","SAL_NAME21":"Panitya (SA)","STE_CODE21":"4"},"id":"41094"},{"arcs":[[-1357,-3375,-492,-1962,4152,-1491]],"type":"Polygon","properties":{"SAL_CODE21":"41095","SAL_NAME21":"Panorama","STE_CODE21":"4"},"id":"41095"},{"arcs":[[4153,-2794,4154,-2515,-3677]],"type":"Polygon","properties":{"SAL_CODE21":"41096","SAL_NAME21":"Para Hills","STE_CODE21":"4"},"id":"41096"},{"arcs":[[-4155,4155,4156,4157]],"type":"Polygon","properties":{"SAL_CODE21":"41097","SAL_NAME21":"Para Hills West","STE_CODE21":"4"},"id":"41097"},{"arcs":[[-3674,4158,-2795,-4154,-3681]],"type":"Polygon","properties":{"SAL_CODE21":"41098","SAL_NAME21":"Para Vista","STE_CODE21":"4"},"id":"41098"},{"arcs":[[-3766]],"type":"Polygon","properties":{"SAL_CODE21":"41099","SAL_NAME21":"Parachilna","STE_CODE21":"4"},"id":"41099"},{"arcs":[[-1718,-1226,-3700,-2684,4159,-2769,-2797,-3617]],"type":"Polygon","properties":{"SAL_CODE21":"41100","SAL_NAME21":"Paracombe","STE_CODE21":"4"},"id":"41100"},{"arcs":[[-2686,-273,-3997,-1132,4160,-1833]],"type":"Polygon","properties":{"SAL_CODE21":"41101","SAL_NAME21":"Paradise (SA)","STE_CODE21":"4"},"id":"41101"},{"arcs":[[4161,-4157,4162,-3531,4163]],"type":"Polygon","properties":{"SAL_CODE21":"41102","SAL_NAME21":"Parafield","STE_CODE21":"4"},"id":"41102"},{"arcs":[[-4164,-2490,-2416,4164,4165]],"type":"Polygon","properties":{"SAL_CODE21":"41103","SAL_NAME21":"Parafield Gardens","STE_CODE21":"4"},"id":"41103"},{"arcs":[[4166,-182,4167,-124]],"type":"Polygon","properties":{"SAL_CODE21":"41104","SAL_NAME21":"Parakylia","STE_CODE21":"4"},"id":"41104"},{"arcs":[[-4165,-710,-1042,4168,4169,4170]],"type":"Polygon","properties":{"SAL_CODE21":"41105","SAL_NAME21":"Paralowie","STE_CODE21":"4"},"id":"41105"},{"arcs":[[4171,-1691,4172,-750,-4049]],"type":"Polygon","properties":{"SAL_CODE21":"41106","SAL_NAME21":"Paramatta","STE_CODE21":"4"},"id":"41106"},{"arcs":[[-2483,-3939,-1240,4173]],"type":"Polygon","properties":{"SAL_CODE21":"41107","SAL_NAME21":"Paratoo","STE_CODE21":"4"},"id":"41107"},{"arcs":[[4174,-2652,4175,4176,4177,4178,-1822,-1827]],"type":"Polygon","properties":{"SAL_CODE21":"41108","SAL_NAME21":"Parawa","STE_CODE21":"4"},"id":"41108"},{"arcs":[[-1900,4179,4180,4181]],"type":"Polygon","properties":{"SAL_CODE21":"41109","SAL_NAME21":"Parham","STE_CODE21":"4"},"id":"41109"},{"arcs":[[-2966,4182,-4004,-3224]],"type":"Polygon","properties":{"SAL_CODE21":"41110","SAL_NAME21":"Parilla","STE_CODE21":"4"},"id":"41110"},{"arcs":[[-1680,4183,4184,-3915,4185,-3874]],"type":"Polygon","properties":{"SAL_CODE21":"41111","SAL_NAME21":"Paringa","STE_CODE21":"4"},"id":"41111"},{"arcs":[[-3555,-3385,4186,-248,-962]],"type":"Polygon","properties":{"SAL_CODE21":"41112","SAL_NAME21":"Paris Creek","STE_CODE21":"4"},"id":"41112"},{"arcs":[[-3755,4187,-241,-3497]],"type":"Polygon","properties":{"SAL_CODE21":"41113","SAL_NAME21":"Park Holme","STE_CODE21":"4"},"id":"41113"},{"arcs":[[4188,-16,-1942,-2264]],"type":"Polygon","properties":{"SAL_CODE21":"41114","SAL_NAME21":"Parkside (SA)","STE_CODE21":"4"},"id":"41114"},{"arcs":[[-3941,-2615,-2230,4189,-1811,-4112,-1809]],"type":"Polygon","properties":{"SAL_CODE21":"41115","SAL_NAME21":"Parnaroo","STE_CODE21":"4"},"id":"41115"},{"arcs":[[-1924,-1223,4190]],"type":"Polygon","properties":{"SAL_CODE21":"41116","SAL_NAME21":"Parndana","STE_CODE21":"4"},"id":"41116"},{"arcs":[[-4003,4191,-2321,-3476,-3221]],"type":"Polygon","properties":{"SAL_CODE21":"41117","SAL_NAME21":"Parrakie","STE_CODE21":"4"},"id":"41117"},{"arcs":[[-3636,4192,-688]],"type":"Polygon","properties":{"SAL_CODE21":"41118","SAL_NAME21":"Parsons Beach","STE_CODE21":"4"},"id":"41118"},{"arcs":[[4193,4194,-3578,-3138,-3435]],"type":"Polygon","properties":{"SAL_CODE21":"41119","SAL_NAME21":"Paruna","STE_CODE21":"4"},"id":"41119"},{"arcs":[[-1964,4195,-3566,-1803,-4153]],"type":"Polygon","properties":{"SAL_CODE21":"41120","SAL_NAME21":"Pasadena","STE_CODE21":"4"},"id":"41120"},{"arcs":[[-4015,-3156,-3567,-2886,4196,-1737,4197,4198]],"type":"Polygon","properties":{"SAL_CODE21":"41121","SAL_NAME21":"Paskeville","STE_CODE21":"4"},"id":"41121"},{"arcs":[[4199,-3361,4200,-3433,4201]],"type":"Polygon","properties":{"SAL_CODE21":"41122","SAL_NAME21":"Pata","STE_CODE21":"4"},"id":"41122"},{"arcs":[[-2073,4202,-3488,-2119,-2425,4203]],"type":"Polygon","properties":{"SAL_CODE21":"41123","SAL_NAME21":"Payneham","STE_CODE21":"4"},"id":"41123"},{"arcs":[[-2140,4204,-2074,-4204]],"type":"Polygon","properties":{"SAL_CODE21":"41124","SAL_NAME21":"Payneham South","STE_CODE21":"4"},"id":"41124"},{"arcs":[[4205,-2961,-2835,-3979,4206]],"type":"Polygon","properties":{"SAL_CODE21":"41125","SAL_NAME21":"Peake","STE_CODE21":"4"},"id":"41125"},{"arcs":[[-2218,4207,-2496,4208,-1562]],"type":"Polygon","properties":{"SAL_CODE21":"41126","SAL_NAME21":"Pearlah","STE_CODE21":"4"},"id":"41126"},{"arcs":[[-3140,-3581,4209,-2969]],"type":"Polygon","properties":{"SAL_CODE21":"41127","SAL_NAME21":"Peebinga","STE_CODE21":"4"},"id":"41127"},{"arcs":[[-300,4210,-3968,-2060]],"type":"Polygon","properties":{"SAL_CODE21":"41128","SAL_NAME21":"Peep Hill","STE_CODE21":"4"},"id":"41128"},{"arcs":[[-733,4211,-3742,-1559,-4116,-618,4212,4213]],"type":"Polygon","properties":{"SAL_CODE21":"41129","SAL_NAME21":"Pekina","STE_CODE21":"4"},"id":"41129"},{"arcs":[[[4214]],[[-1919,4215,-2555,-3920,4216,4217,-2827]]],"type":"MultiPolygon","properties":{"SAL_CODE21":"41130","SAL_NAME21":"Pelican Lagoon","STE_CODE21":"4"},"id":"41130"},{"arcs":[[-627,4218,-1207]],"type":"Polygon","properties":{"SAL_CODE21":"41131","SAL_NAME21":"Pelican Point (SA)","STE_CODE21":"4"},"id":"41131"},{"arcs":[[-3463,-2160]],"type":"Polygon","properties":{"SAL_CODE21":"41132","SAL_NAME21":"Pellaring Flat","STE_CODE21":"4"},"id":"41132"},{"arcs":[[4219,4220,-3387,-141,-2097,-1976]],"type":"Polygon","properties":{"SAL_CODE21":"41133","SAL_NAME21":"Penfield","STE_CODE21":"4"},"id":"41133"},{"arcs":[[-4221,4221,-3255,-173,-3388]],"type":"Polygon","properties":{"SAL_CODE21":"41134","SAL_NAME21":"Penfield Gardens","STE_CODE21":"4"},"id":"41134"},{"arcs":[[-2825,-1913,-2922,4222]],"type":"Polygon","properties":{"SAL_CODE21":"41135","SAL_NAME21":"Penneshaw","STE_CODE21":"4"},"id":"41135"},{"arcs":[[4223,-1319,4224,-4122,-276,4225]],"type":"Polygon","properties":{"SAL_CODE21":"41136","SAL_NAME21":"Pennington","STE_CODE21":"4"},"id":"41136"},{"arcs":[[-3695,-1580,4226,-3958]],"type":"Polygon","properties":{"SAL_CODE21":"41137","SAL_NAME21":"Penola","STE_CODE21":"4"},"id":"41137"},{"arcs":[[4227,4228,-1310,4229,-1586,4230,4231]],"type":"Polygon","properties":{"SAL_CODE21":"41138","SAL_NAME21":"Penong","STE_CODE21":"4"},"id":"41138"},{"arcs":[[-3261,4232,-3669,-165]],"type":"Polygon","properties":{"SAL_CODE21":"41139","SAL_NAME21":"Penrice","STE_CODE21":"4"},"id":"41139"},{"arcs":[[-3641,4233,4234,4235,4236]],"type":"Polygon","properties":{"SAL_CODE21":"41140","SAL_NAME21":"Penwortham","STE_CODE21":"4"},"id":"41140"},{"arcs":[[-2629,4237,-1332,4238,4239,4240]],"type":"Polygon","properties":{"SAL_CODE21":"41141","SAL_NAME21":"Perlubie","STE_CODE21":"4"},"id":"41141"},{"arcs":[[-2964,-787,-1607,-763]],"type":"Polygon","properties":{"SAL_CODE21":"41142","SAL_NAME21":"Perponda","STE_CODE21":"4"},"id":"41142"},{"arcs":[[4241,4242,-3645]],"type":"Polygon","properties":{"SAL_CODE21":"41143","SAL_NAME21":"Peterborough (SA)","STE_CODE21":"4"},"id":"41143"},{"arcs":[[-3236,4243,-600]],"type":"Polygon","properties":{"SAL_CODE21":"41144","SAL_NAME21":"Peterhead","STE_CODE21":"4"},"id":"41144"},{"arcs":[[-3420,4244,-1885,-1739]],"type":"Polygon","properties":{"SAL_CODE21":"41145","SAL_NAME21":"Petersville","STE_CODE21":"4"},"id":"41145"},{"arcs":[[-3486,-2978,4245,-3176,4246]],"type":"Polygon","properties":{"SAL_CODE21":"41146","SAL_NAME21":"Petherick","STE_CODE21":"4"},"id":"41146"},{"arcs":[[-4238,-2628,-1186,-4072,4247,4248,4249,-1333]],"type":"Polygon","properties":{"SAL_CODE21":"41147","SAL_NAME21":"Petina","STE_CODE21":"4"},"id":"41147"},{"arcs":[[-1808,-2925,4250,4251,4252,-3775,-3777,-3948]],"type":"Polygon","properties":{"SAL_CODE21":"41148","SAL_NAME21":"Petwood","STE_CODE21":"4"},"id":"41148"},{"arcs":[[-3802,4253,-90,4254,-3141,-2170]],"type":"Polygon","properties":{"SAL_CODE21":"41149","SAL_NAME21":"Pewsey Vale","STE_CODE21":"4"},"id":"41149"},{"arcs":[[4255,4256,-1194,-3819,4257,-1669]],"type":"Polygon","properties":{"SAL_CODE21":"41150","SAL_NAME21":"Piccadilly (SA)","STE_CODE21":"4"},"id":"41150"},{"arcs":[[-3521,4258,-4239,-1331,-1272]],"type":"Polygon","properties":{"SAL_CODE21":"41151","SAL_NAME21":"Piednippie","STE_CODE21":"4"},"id":"41151"},{"arcs":[[-3873,4259,4260,-949,-2529,-3377,-4095,4261,-1682]],"type":"Polygon","properties":{"SAL_CODE21":"41152","SAL_NAME21":"Pike River","STE_CODE21":"4"},"id":"41152"},{"arcs":[[-212]],"type":"Polygon","properties":{"SAL_CODE21":"41153","SAL_NAME21":"Pimba","STE_CODE21":"4"},"id":"41153"},{"arcs":[[4262,-4248,-4071,4263]],"type":"Polygon","properties":{"SAL_CODE21":"41154","SAL_NAME21":"Pimbaacla","STE_CODE21":"4"},"id":"41154"},{"arcs":[[4264,-2231,-2614,4265,-1478]],"type":"Polygon","properties":{"SAL_CODE21":"41155","SAL_NAME21":"Pine Creek (SA)","STE_CODE21":"4"},"id":"41155"},{"arcs":[[-3922,-3713,-1436]],"type":"Polygon","properties":{"SAL_CODE21":"41156","SAL_NAME21":"Pine Creek Station","STE_CODE21":"4"},"id":"41156"},{"arcs":[[4266,4267,-757,4268]],"type":"Polygon","properties":{"SAL_CODE21":"41157","SAL_NAME21":"Pine Hill","STE_CODE21":"4"},"id":"41157"},{"arcs":[[-615,4269,-1753,4270,4271]],"type":"Polygon","properties":{"SAL_CODE21":"41158","SAL_NAME21":"Pine Point","STE_CODE21":"4"},"id":"41158"},{"arcs":[[-3323,-313,-2047,-4131,-2477,-1088]],"type":"Polygon","properties":{"SAL_CODE21":"41159","SAL_NAME21":"Pinery","STE_CODE21":"4"},"id":"41159"},{"arcs":[[-3165,4272,4273,-2294,-946,-1624,4274,-4151,-3109]],"type":"Polygon","properties":{"SAL_CODE21":"41160","SAL_NAME21":"Pinkawillinie","STE_CODE21":"4"},"id":"41160"},{"arcs":[[-2592,-3404,4275,4276,4277,-3429,-395]],"type":"Polygon","properties":{"SAL_CODE21":"41161","SAL_NAME21":"Pinkerton Plains","STE_CODE21":"4"},"id":"41161"},{"arcs":[[4278,4279,4280]],"type":"Polygon","properties":{"SAL_CODE21":"41162","SAL_NAME21":"Pinks Beach","STE_CODE21":"4"},"id":"41162"},{"arcs":[[4281,-4005,-4183,-2965,4282]],"type":"Polygon","properties":{"SAL_CODE21":"41163","SAL_NAME21":"Pinnaroo","STE_CODE21":"4"},"id":"41163"},{"arcs":[[-118]],"type":"Polygon","properties":{"SAL_CODE21":"41164","SAL_NAME21":"Pipalyatjara","STE_CODE21":"4"},"id":"41164"},{"arcs":[[-989,4283,-4078,-3346,4284,4285,4286]],"type":"Polygon","properties":{"SAL_CODE21":"41165","SAL_NAME21":"Pirie East","STE_CODE21":"4"},"id":"41165"},{"arcs":[[-3631,4287,-3955,4288]],"type":"Polygon","properties":{"SAL_CODE21":"41166","SAL_NAME21":"Pleasant Park","STE_CODE21":"4"},"id":"41166"},{"arcs":[[4289,-1123,-4041,-3161,-2371,4290]],"type":"Polygon","properties":{"SAL_CODE21":"41167","SAL_NAME21":"Plympton","STE_CODE21":"4"},"id":"41167"},{"arcs":[[-4188,-3757,-4290,4291]],"type":"Polygon","properties":{"SAL_CODE21":"41168","SAL_NAME21":"Plympton Park","STE_CODE21":"4"},"id":"41168"},{"arcs":[[[-4047,4292]],[[4293]],[[4294]]],"type":"MultiPolygon","properties":{"SAL_CODE21":"41169","SAL_NAME21":"Point Boston","STE_CODE21":"4"},"id":"41169"},{"arcs":[[4295,4296]],"type":"Polygon","properties":{"SAL_CODE21":"41170","SAL_NAME21":"Point Lowly","STE_CODE21":"4"},"id":"41170"},{"arcs":[[-2869,-4001,4297,-295,-2059]],"type":"Polygon","properties":{"SAL_CODE21":"41171","SAL_NAME21":"Point Pass","STE_CODE21":"4"},"id":"41171"},{"arcs":[[[4298]],[[4299,4300,4301,-1334,-361]]],"type":"MultiPolygon","properties":{"SAL_CODE21":"41172","SAL_NAME21":"Point Pearce","STE_CODE21":"4"},"id":"41172"},{"arcs":[[4302,4303,4304,4305]],"type":"Polygon","properties":{"SAL_CODE21":"41173","SAL_NAME21":"Point Souttar","STE_CODE21":"4"},"id":"41173"},{"arcs":[[-3187,-3875,-2721,-1387,-2138,-3606]],"type":"Polygon","properties":{"SAL_CODE21":"41174","SAL_NAME21":"Point Sturt","STE_CODE21":"4"},"id":"41174"},{"arcs":[[4306,-4304,4307]],"type":"Polygon","properties":{"SAL_CODE21":"41175","SAL_NAME21":"Point Turton","STE_CODE21":"4"},"id":"41175"},{"arcs":[[-1541,-4143,4308,-3312,-2940]],"type":"Polygon","properties":{"SAL_CODE21":"41176","SAL_NAME21":"Polda","STE_CODE21":"4"},"id":"41176"},{"arcs":[[-4237,4309,4310,-2697,4311,-3642]],"type":"Polygon","properties":{"SAL_CODE21":"41177","SAL_NAME21":"Polish Hill River","STE_CODE21":"4"},"id":"41177"},{"arcs":[[-264,4312,-3179,-3184,4313]],"type":"Polygon","properties":{"SAL_CODE21":"41178","SAL_NAME21":"Poltalloch","STE_CODE21":"4"},"id":"41178"},{"arcs":[[4314,4315,-1008,-3929,4316]],"type":"Polygon","properties":{"SAL_CODE21":"41179","SAL_NAME21":"Pompoota","STE_CODE21":"4"},"id":"41179"},{"arcs":[[-4316,4317,4318,-1101,-3456,-1657,-997]],"type":"Polygon","properties":{"SAL_CODE21":"41180","SAL_NAME21":"Ponde","STE_CODE21":"4"},"id":"41180"},{"arcs":[[-3637,-2955,-1275,-1736,-2909]],"type":"Polygon","properties":{"SAL_CODE21":"41181","SAL_NAME21":"Poochera","STE_CODE21":"4"},"id":"41181"},{"arcs":[[-760,-759,4319,-1762,-382,4320]],"type":"Polygon","properties":{"SAL_CODE21":"41182","SAL_NAME21":"Pooginagoric","STE_CODE21":"4"},"id":"41182"},{"arcs":[[-3505,4321,-1841,-2444,-3343,4322]],"type":"Polygon","properties":{"SAL_CODE21":"41183","SAL_NAME21":"Pooginook","STE_CODE21":"4"},"id":"41183"},{"arcs":[[4323,-3330,4324,-4045,-1296]],"type":"Polygon","properties":{"SAL_CODE21":"41184","SAL_NAME21":"Poonindie","STE_CODE21":"4"},"id":"41184"},{"arcs":[[4325,-2316,-1238,-3532,-4163,-4156,-2793]],"type":"Polygon","properties":{"SAL_CODE21":"41185","SAL_NAME21":"Pooraka","STE_CODE21":"4"},"id":"41185"},{"arcs":[[4326,4327,-1909,4328]],"type":"Polygon","properties":{"SAL_CODE21":"41186","SAL_NAME21":"Porky Flat","STE_CODE21":"4"},"id":"41186"},{"arcs":[[4329,4330,-3983,4331,-2363,4332,-44]],"type":"Polygon","properties":{"SAL_CODE21":"41187","SAL_NAME21":"Port Adelaide","STE_CODE21":"4"},"id":"41187"},{"arcs":[[-459,4333,4334,-2889,-3159,4335]],"type":"Polygon","properties":{"SAL_CODE21":"41188","SAL_NAME21":"Port Arthur (SA)","STE_CODE21":"4"},"id":"41188"},{"arcs":[[-1791,4336,4337,4338,4339,4340]],"type":"Polygon","properties":{"SAL_CODE21":"41189","SAL_NAME21":"Port Augusta","STE_CODE21":"4"},"id":"41189"},{"arcs":[[-1502,-659,4341,-1866,-1723,-4149,4342,4343,4344]],"type":"Polygon","properties":{"SAL_CODE21":"41190","SAL_NAME21":"Port Augusta West","STE_CODE21":"4"},"id":"41190"},{"arcs":[[-1868,4345,-4297,4346]],"type":"Polygon","properties":{"SAL_CODE21":"41191","SAL_NAME21":"Port Bonython","STE_CODE21":"4"},"id":"41191"},{"arcs":[[4347,-2152,-3878,4348,-1048,-67,4349,4350,-2149]],"type":"Polygon","properties":{"SAL_CODE21":"41192","SAL_NAME21":"Port Broughton","STE_CODE21":"4"},"id":"41192"},{"arcs":[[4351,-4285,-3345,4352,4353,4354]],"type":"Polygon","properties":{"SAL_CODE21":"41193","SAL_NAME21":"Port Davis","STE_CODE21":"4"},"id":"41193"},{"arcs":[[4355,-1342,-2731,-3825,-3594]],"type":"Polygon","properties":{"SAL_CODE21":"41194","SAL_NAME21":"Port Elliot","STE_CODE21":"4"},"id":"41194"},{"arcs":[[4356,-940,4357,-3586]],"type":"Polygon","properties":{"SAL_CODE21":"41195","SAL_NAME21":"Port Gawler","STE_CODE21":"4"},"id":"41195"},{"arcs":[[-423,-388,4358,-2336,4359]],"type":"Polygon","properties":{"SAL_CODE21":"41196","SAL_NAME21":"Port Germein","STE_CODE21":"4"},"id":"41196"},{"arcs":[[-1648,4360]],"type":"Polygon","properties":{"SAL_CODE21":"41197","SAL_NAME21":"Port Gibbon","STE_CODE21":"4"},"id":"41197"},{"arcs":[[-3718,-3121,-3949,4361,-3723]],"type":"Polygon","properties":{"SAL_CODE21":"41198","SAL_NAME21":"Port Hughes","STE_CODE21":"4"},"id":"41198"},{"arcs":[[4362,-1754,-4270,-614,4363]],"type":"Polygon","properties":{"SAL_CODE21":"41199","SAL_NAME21":"Port Julia","STE_CODE21":"4"},"id":"41199"},{"arcs":[[4364,-1467,4365,4366]],"type":"Polygon","properties":{"SAL_CODE21":"41200","SAL_NAME21":"Port Kenny","STE_CODE21":"4"},"id":"41200"},{"arcs":[[[-1902,-769,4367]],[[4368]]],"type":"MultiPolygon","properties":{"SAL_CODE21":"41201","SAL_NAME21":"Port Lincoln","STE_CODE21":"4"},"id":"41201"},{"arcs":[[-1167,-76,-1992,4369,4370,4371]],"type":"Polygon","properties":{"SAL_CODE21":"41202","SAL_NAME21":"Port Macdonnell","STE_CODE21":"4"},"id":"41202"},{"arcs":[[-1659,-3465]],"type":"Polygon","properties":{"SAL_CODE21":"41203","SAL_NAME21":"Port Mannum","STE_CODE21":"4"},"id":"41203"},{"arcs":[[-2745,4372,4373,4374]],"type":"Polygon","properties":{"SAL_CODE21":"41204","SAL_NAME21":"Port Moorowie","STE_CODE21":"4"},"id":"41204"},{"arcs":[[-3293,-1051,4375,4376,-229,4377]],"type":"Polygon","properties":{"SAL_CODE21":"41205","SAL_NAME21":"Port Neill","STE_CODE21":"4"},"id":"41205"},{"arcs":[[4378,4379,-1355,-4020]],"type":"Polygon","properties":{"SAL_CODE21":"41206","SAL_NAME21":"Port Noarlunga","STE_CODE21":"4"},"id":"41206"},{"arcs":[[4380,-4379,-4019,4381,4382]],"type":"Polygon","properties":{"SAL_CODE21":"41207","SAL_NAME21":"Port Noarlunga South","STE_CODE21":"4"},"id":"41207"},{"arcs":[[4383,4384,4385,4386,-4339]],"type":"Polygon","properties":{"SAL_CODE21":"41208","SAL_NAME21":"Port Paterson","STE_CODE21":"4"},"id":"41208"},{"arcs":[[4387,4388,4389,4390,4391]],"type":"Polygon","properties":{"SAL_CODE21":"41209","SAL_NAME21":"Port Pirie","STE_CODE21":"4"},"id":"41209"},{"arcs":[[4392,-1576,-990,-4287,4393,4394,-4390]],"type":"Polygon","properties":{"SAL_CODE21":"41210","SAL_NAME21":"Port Pirie South","STE_CODE21":"4"},"id":"41210"},{"arcs":[[-4354,4395,-4392,4396]],"type":"Polygon","properties":{"SAL_CODE21":"41211","SAL_NAME21":"Port Pirie West","STE_CODE21":"4"},"id":"41211"},{"arcs":[[4397,-3102,-685,4398]],"type":"Polygon","properties":{"SAL_CODE21":"41212","SAL_NAME21":"Port Rickaby","STE_CODE21":"4"},"id":"41212"},{"arcs":[[4399,4400,4401,4402,-4301]],"type":"Polygon","properties":{"SAL_CODE21":"41213","SAL_NAME21":"Port Victoria","STE_CODE21":"4"},"id":"41213"},{"arcs":[[4403,4404,-1747,4405,4406]],"type":"Polygon","properties":{"SAL_CODE21":"41214","SAL_NAME21":"Port Vincent","STE_CODE21":"4"},"id":"41214"},{"arcs":[[-458,-796,-2913,-2808,4407,4408,-4334]],"type":"Polygon","properties":{"SAL_CODE21":"41215","SAL_NAME21":"Port Wakefield","STE_CODE21":"4"},"id":"41215"},{"arcs":[[4409,-3523,-55,-59]],"type":"Polygon","properties":{"SAL_CODE21":"41216","SAL_NAME21":"Port Willunga","STE_CODE21":"4"},"id":"41216"},{"arcs":[[-622,-2117,-2604,-1022,-3114]],"type":"Polygon","properties":{"SAL_CODE21":"41217","SAL_NAME21":"Porter Lagoon","STE_CODE21":"4"},"id":"41217"},{"arcs":[[-1887,4410,-1412,-1407,4411]],"type":"Polygon","properties":{"SAL_CODE21":"41218","SAL_NAME21":"Price","STE_CODE21":"4"},"id":"41218"},{"arcs":[[-2807,4412,4413,-4408]],"type":"Polygon","properties":{"SAL_CODE21":"41219","SAL_NAME21":"Proof Range","STE_CODE21":"4"},"id":"41219"},{"arcs":[[-2038,4414,-3946,-3560,-3558,4415,-2158,-4128,4416,-1844,-1914,4417,-3039,-648]],"type":"Polygon","properties":{"SAL_CODE21":"41220","SAL_NAME21":"Prospect (SA)","STE_CODE21":"4"},"id":"41220"},{"arcs":[[-3149,-3554,-964,-3543,-634,-3171]],"type":"Polygon","properties":{"SAL_CODE21":"41221","SAL_NAME21":"Prospect Hill","STE_CODE21":"4"},"id":"41221"},{"arcs":[[-117]],"type":"Polygon","properties":{"SAL_CODE21":"41222","SAL_NAME21":"Pukatja","STE_CODE21":"4"},"id":"41222"},{"arcs":[[4418,-3858,-1337,-1183]],"type":"Polygon","properties":{"SAL_CODE21":"41223","SAL_NAME21":"Puntabie","STE_CODE21":"4"},"id":"41223"},{"arcs":[[-3459,-2236,-3616,-151]],"type":"Polygon","properties":{"SAL_CODE21":"41224","SAL_NAME21":"Punthari","STE_CODE21":"4"},"id":"41224"},{"arcs":[[4419,4420,-3231,4421]],"type":"Polygon","properties":{"SAL_CODE21":"41225","SAL_NAME21":"Punyelroo","STE_CODE21":"4"},"id":"41225"},{"arcs":[[-3083,-3096,4422,-4073,-3856,4423,4424]],"type":"Polygon","properties":{"SAL_CODE21":"41226","SAL_NAME21":"Pureba","STE_CODE21":"4"},"id":"41226"},{"arcs":[[-1234,4425,-4009,-1381,-785]],"type":"Polygon","properties":{"SAL_CODE21":"41227","SAL_NAME21":"Purnong","STE_CODE21":"4"},"id":"41227"},{"arcs":[[-2324,-2975,-3363,4426,4427,4428,-3986,4429]],"type":"Polygon","properties":{"SAL_CODE21":"41228","SAL_NAME21":"Pyap","STE_CODE21":"4"},"id":"41228"},{"arcs":[[4430,-1080,4431,-4427,-3362,-4200]],"type":"Polygon","properties":{"SAL_CODE21":"41229","SAL_NAME21":"Pyap West","STE_CODE21":"4"},"id":"41229"},{"arcs":[[4432,-2295,-4274,4433]],"type":"Polygon","properties":{"SAL_CODE21":"41230","SAL_NAME21":"Pygery","STE_CODE21":"4"},"id":"41230"},{"arcs":[[4434,-1060,4435]],"type":"Polygon","properties":{"SAL_CODE21":"41231","SAL_NAME21":"Qualco","STE_CODE21":"4"},"id":"41231"},{"arcs":[[-1318,-39,-2674,4436,4437,-4330,-43]],"type":"Polygon","properties":{"SAL_CODE21":"41232","SAL_NAME21":"Queenstown (SA)","STE_CODE21":"4"},"id":"41232"},{"arcs":[[-914,4438,4439,4440,4441,4442]],"type":"Polygon","properties":{"SAL_CODE21":"41233","SAL_NAME21":"Quorn","STE_CODE21":"4"},"id":"41233"},{"arcs":[[-4371,4443]],"type":"Polygon","properties":{"SAL_CODE21":"41234","SAL_NAME21":"Racecourse Bay","STE_CODE21":"4"},"id":"41234"},{"arcs":[[4444,4445,4446,-2436,4447]],"type":"Polygon","properties":{"SAL_CODE21":"41235","SAL_NAME21":"Ramco","STE_CODE21":"4"},"id":"41235"},{"arcs":[[-4448,-2435,4448,4449,4450]],"type":"Polygon","properties":{"SAL_CODE21":"41236","SAL_NAME21":"Ramco Heights","STE_CODE21":"4"},"id":"41236"},{"arcs":[[-3633,-1748,-4405,4451,4452]],"type":"Polygon","properties":{"SAL_CODE21":"41237","SAL_NAME21":"Ramsay (SA)","STE_CODE21":"4"},"id":"41237"},{"arcs":[[-1829,-1173,4453,4454]],"type":"Polygon","properties":{"SAL_CODE21":"41238","SAL_NAME21":"Rapid Bay","STE_CODE21":"4"},"id":"41238"},{"arcs":[[4455,-4252,4456,-1085,-2624,4457,-2692]],"type":"Polygon","properties":{"SAL_CODE21":"41239","SAL_NAME21":"Red Creek","STE_CODE21":"4"},"id":"41239"},{"arcs":[[4458,-2144,4459,-3136,-3430,-4278]],"type":"Polygon","properties":{"SAL_CODE21":"41240","SAL_NAME21":"Redbanks","STE_CODE21":"4"},"id":"41240"},{"arcs":[[-1706,-3965,-3098,-1473,-3879,-1398,-3582]],"type":"Polygon","properties":{"SAL_CODE21":"41241","SAL_NAME21":"Redhill","STE_CODE21":"4"},"id":"41241"},{"arcs":[[-3679,4460,-393,4461]],"type":"Polygon","properties":{"SAL_CODE21":"41242","SAL_NAME21":"Redwood Park","STE_CODE21":"4"},"id":"41242"},{"arcs":[[-639,-303,-1525,-823,-3780,4462,-3066]],"type":"Polygon","properties":{"SAL_CODE21":"41243","SAL_NAME21":"Reedy Creek (SA)","STE_CODE21":"4"},"id":"41243"},{"arcs":[[4463,-3258,4464,-3132,-4460,-2143,4465,4466,-2917]],"type":"Polygon","properties":{"SAL_CODE21":"41244","SAL_NAME21":"Reeves Plains","STE_CODE21":"4"},"id":"41244"},{"arcs":[[-2124,-168,4467,-3040,-4418,-1915,-1703]],"type":"Polygon","properties":{"SAL_CODE21":"41245","SAL_NAME21":"Regency Park","STE_CODE21":"4"},"id":"41245"},{"arcs":[[4468,-2305,-931,4469]],"type":"Polygon","properties":{"SAL_CODE21":"41246","SAL_NAME21":"Reid (SA)","STE_CODE21":"4"},"id":"41246"},{"arcs":[[4470,-447,-3400,4471,-2631,-3619,-1154]],"type":"Polygon","properties":{"SAL_CODE21":"41247","SAL_NAME21":"Rendelsham","STE_CODE21":"4"},"id":"41247"},{"arcs":[[4472,4473,4474,-4184,-1684]],"type":"Polygon","properties":{"SAL_CODE21":"41248","SAL_NAME21":"Renmark","STE_CODE21":"4"},"id":"41248"},{"arcs":[[4475,-1542,-1266,-1104,-3916,-4185,-4475]],"type":"Polygon","properties":{"SAL_CODE21":"41249","SAL_NAME21":"Renmark North","STE_CODE21":"4"},"id":"41249"},{"arcs":[[-4262,-4097,4476,-4473,-1683]],"type":"Polygon","properties":{"SAL_CODE21":"41250","SAL_NAME21":"Renmark South","STE_CODE21":"4"},"id":"41250"},{"arcs":[[-4096,-3692,-1543,-4476,-4474,-4477]],"type":"Polygon","properties":{"SAL_CODE21":"41251","SAL_NAME21":"Renmark West","STE_CODE21":"4"},"id":"41251"},{"arcs":[[-4417,-4127,-777,-878,4477,-1693,4478,-1699,-1845]],"type":"Polygon","properties":{"SAL_CODE21":"41252","SAL_NAME21":"Renown Park","STE_CODE21":"4"},"id":"41252"},{"arcs":[[-3751,-3329,-2578,4479,4480,-4102]],"type":"Polygon","properties":{"SAL_CODE21":"41253","SAL_NAME21":"Reynella","STE_CODE21":"4"},"id":"41253"},{"arcs":[[4481,-4104,-2606]],"type":"Polygon","properties":{"SAL_CODE21":"41254","SAL_NAME21":"Reynella East","STE_CODE21":"4"},"id":"41254"},{"arcs":[[4482,4483,4484,4485]],"type":"Polygon","properties":{"SAL_CODE21":"41255","SAL_NAME21":"Rhynie","STE_CODE21":"4"},"id":"41255"},{"arcs":[[4486,-1647,-2710,-3611,-3510]],"type":"Polygon","properties":{"SAL_CODE21":"41256","SAL_NAME21":"Richmond (SA)","STE_CODE21":"4"},"id":"41256"},{"arcs":[[-3676,-3682,-4462,4487,4488]],"type":"Polygon","properties":{"SAL_CODE21":"41257","SAL_NAME21":"Ridgehaven","STE_CODE21":"4"},"id":"41257"},{"arcs":[[-2718,-1694,-4478,-877]],"type":"Polygon","properties":{"SAL_CODE21":"41258","SAL_NAME21":"Ridleyton","STE_CODE21":"4"},"id":"41258"},{"arcs":[[-4355,-4397,-4391,-4395,4489]],"type":"Polygon","properties":{"SAL_CODE21":"41259","SAL_NAME21":"Risdon Park","STE_CODE21":"4"},"id":"41259"},{"arcs":[[-4394,-4286,-4352,-4490]],"type":"Polygon","properties":{"SAL_CODE21":"41260","SAL_NAME21":"Risdon Park South","STE_CODE21":"4"},"id":"41260"},{"arcs":[[-3906,-3668,4490,-308]],"type":"Polygon","properties":{"SAL_CODE21":"41261","SAL_NAME21":"Riverglades","STE_CODE21":"4"},"id":"41261"},{"arcs":[[4491,-3704,4492,-3913]],"type":"Polygon","properties":{"SAL_CODE21":"41262","SAL_NAME21":"Riverglen","STE_CODE21":"4"},"id":"41262"},{"arcs":[[-3516,-2585,4493,-2352,4494,-4486,4495,4496]],"type":"Polygon","properties":{"SAL_CODE21":"41263","SAL_NAME21":"Riverton (SA)","STE_CODE21":"4"},"id":"41263"},{"arcs":[[-3781,-821,-4022,4497]],"type":"Polygon","properties":{"SAL_CODE21":"41264","SAL_NAME21":"Robe","STE_CODE21":"4"},"id":"41264"},{"arcs":[[4498,-296,-4298,-4000,-808,-2030,-2566,-842]],"type":"Polygon","properties":{"SAL_CODE21":"41265","SAL_NAME21":"Robertstown","STE_CODE21":"4"},"id":"41265"},{"arcs":[[-868,-3512,-2621]],"type":"Polygon","properties":{"SAL_CODE21":"41266","SAL_NAME21":"Rochester (SA)","STE_CODE21":"4"},"id":"41266"},{"arcs":[[-4147,4499,-1098,-4145,-3687,-1081,-2926,-2620,4500]],"type":"Polygon","properties":{"SAL_CODE21":"41267","SAL_NAME21":"Rockleigh","STE_CODE21":"4"},"id":"41267"},{"arcs":[[-3792,4501,-3621,4502]],"type":"Polygon","properties":{"SAL_CODE21":"41268","SAL_NAME21":"Rocky Camp","STE_CODE21":"4"},"id":"41268"},{"arcs":[[-3903,4503,-3688,-3685,-4144,-3910,-4051]],"type":"Polygon","properties":{"SAL_CODE21":"41269","SAL_NAME21":"Rocky Gully (SA)","STE_CODE21":"4"},"id":"41269"},{"arcs":[[-4499,-841,-2322,-779,-297]],"type":"Polygon","properties":{"SAL_CODE21":"41270","SAL_NAME21":"Rocky Plain (SA)","STE_CODE21":"4"},"id":"41270"},{"arcs":[[-3461,4504,4505]],"type":"Polygon","properties":{"SAL_CODE21":"41271","SAL_NAME21":"Rocky Point (SA)","STE_CODE21":"4"},"id":"41271"},{"arcs":[[4506,-2838,4507]],"type":"Polygon","properties":{"SAL_CODE21":"41272","SAL_NAME21":"Rogues Point","STE_CODE21":"4"},"id":"41272"},{"arcs":[[-12,-4058,4508,-1920]],"type":"Polygon","properties":{"SAL_CODE21":"41273","SAL_NAME21":"Rose Park","STE_CODE21":"4"},"id":"41273"},{"arcs":[[4509,-1515,-3056,4510,-2441,-3371]],"type":"Polygon","properties":{"SAL_CODE21":"41274","SAL_NAME21":"Rosedale (SA)","STE_CODE21":"4"},"id":"41274"},{"arcs":[[4511,-3071]],"type":"Polygon","properties":{"SAL_CODE21":"41275","SAL_NAME21":"Rosetown","STE_CODE21":"4"},"id":"41275"},{"arcs":[[-4123,-4225,-45,-4333,-2362]],"type":"Polygon","properties":{"SAL_CODE21":"41276","SAL_NAME21":"Rosewater","STE_CODE21":"4"},"id":"41276"},{"arcs":[[-2238,4512,-3054,-2285,-2919,4513,4514]],"type":"Polygon","properties":{"SAL_CODE21":"41277","SAL_NAME21":"Roseworthy","STE_CODE21":"4"},"id":"41277"},{"arcs":[[-2999,-3411,-290,4515]],"type":"Polygon","properties":{"SAL_CODE21":"41278","SAL_NAME21":"Rosslyn Park","STE_CODE21":"4"},"id":"41278"},{"arcs":[[-271,-3699,4516,-3413,-2671,-3996]],"type":"Polygon","properties":{"SAL_CODE21":"41279","SAL_NAME21":"Rostrevor","STE_CODE21":"4"},"id":"41279"},{"arcs":[[4517,-3142,-4255,-89,-3373]],"type":"Polygon","properties":{"SAL_CODE21":"41280","SAL_NAME21":"Rowland Flat","STE_CODE21":"4"},"id":"41280"},{"arcs":[[-4107]],"type":"Polygon","properties":{"SAL_CODE21":"41281","SAL_NAME21":"Roxby Downs","STE_CODE21":"4"},"id":"41281"},{"arcs":[[4518,-4437,-2676,4519]],"type":"Polygon","properties":{"SAL_CODE21":"41282","SAL_NAME21":"Royal Park","STE_CODE21":"4"},"id":"41282"},{"arcs":[[-3489,-4203,-2860,4520]],"type":"Polygon","properties":{"SAL_CODE21":"41283","SAL_NAME21":"Royston Park","STE_CODE21":"4"},"id":"41283"},{"arcs":[[-3897,-3038,-1139,-1406,4521,-2712]],"type":"Polygon","properties":{"SAL_CODE21":"41284","SAL_NAME21":"Rudall","STE_CODE21":"4"},"id":"41284"},{"arcs":[[4522,-111,-1506,-2803,-4069],[-4085]],"type":"Polygon","properties":{"SAL_CODE21":"41285","SAL_NAME21":"SA Remainder","STE_CODE21":"4"},"id":"41285"},{"arcs":[[-287,-3468,4523,-3517,-4497,4524]],"type":"Polygon","properties":{"SAL_CODE21":"41286","SAL_NAME21":"Saddleworth","STE_CODE21":"4"},"id":"41286"},{"arcs":[[-347,-2912,-799,4525]],"type":"Polygon","properties":{"SAL_CODE21":"41287","SAL_NAME21":"Saints","STE_CODE21":"4"},"id":"41287"},{"arcs":[[-2012,4526,4527,-813,4528,4529,-4170,4530,-2011]],"type":"Polygon","properties":{"SAL_CODE21":"41288","SAL_NAME21":"Salisbury (SA)","STE_CODE21":"4"},"id":"41288"},{"arcs":[[-4530,4531,-4166,-4171]],"type":"Polygon","properties":{"SAL_CODE21":"41289","SAL_NAME21":"Salisbury Downs","STE_CODE21":"4"},"id":"41289"},{"arcs":[[-4158,4532,-811,4533,4534,-2512,-2432,-2516]],"type":"Polygon","properties":{"SAL_CODE21":"41290","SAL_NAME21":"Salisbury East","STE_CODE21":"4"},"id":"41290"},{"arcs":[[4535,4536,-2014,-2700,-2466,-2513,-4535]],"type":"Polygon","properties":{"SAL_CODE21":"41291","SAL_NAME21":"Salisbury Heights","STE_CODE21":"4"},"id":"41291"},{"arcs":[[-4531,-4169,-1041,-1852,-1975]],"type":"Polygon","properties":{"SAL_CODE21":"41292","SAL_NAME21":"Salisbury North","STE_CODE21":"4"},"id":"41292"},{"arcs":[[4537,-4527,-2015,-4537]],"type":"Polygon","properties":{"SAL_CODE21":"41293","SAL_NAME21":"Salisbury Park","STE_CODE21":"4"},"id":"41293"},{"arcs":[[-4536,-4534,-814,-4528,-4538]],"type":"Polygon","properties":{"SAL_CODE21":"41294","SAL_NAME21":"Salisbury Plain","STE_CODE21":"4"},"id":"41294"},{"arcs":[[-4162,-4532,-4529,-812,-4533]],"type":"Polygon","properties":{"SAL_CODE21":"41295","SAL_NAME21":"Salisbury South","STE_CODE21":"4"},"id":"41295"},{"arcs":[[-1826,4538,-1594]],"type":"Polygon","properties":{"SAL_CODE21":"41296","SAL_NAME21":"Salt Creek","STE_CODE21":"4"},"id":"41296"},{"arcs":[[-2559,4539,-4483,-4495,-2351,-84,-4129]],"type":"Polygon","properties":{"SAL_CODE21":"41297","SAL_NAME21":"Salter Springs","STE_CODE21":"4"},"id":"41297"},{"arcs":[[4540,4541,-3871,4542,-4440,4543]],"type":"Polygon","properties":{"SAL_CODE21":"41298","SAL_NAME21":"Saltia","STE_CODE21":"4"},"id":"41298"},{"arcs":[[-2778,-3014,-2799,-3353,-2469,-4110]],"type":"Polygon","properties":{"SAL_CODE21":"41299","SAL_NAME21":"Sampson Flat","STE_CODE21":"4"},"id":"41299"},{"arcs":[[-2564,4544,4545,-579,-3223,-3477,-766]],"type":"Polygon","properties":{"SAL_CODE21":"41300","SAL_NAME21":"Sandalwood","STE_CODE21":"4"},"id":"41300"},{"arcs":[[-2135,-250,4546,-149,-4080]],"type":"Polygon","properties":{"SAL_CODE21":"41301","SAL_NAME21":"Sandergrove","STE_CODE21":"4"},"id":"41301"},{"arcs":[[4547,-1965,-1119,-153,-3615]],"type":"Polygon","properties":{"SAL_CODE21":"41302","SAL_NAME21":"Sanderston","STE_CODE21":"4"},"id":"41302"},{"arcs":[[4548,-4271,-1752,4549,4550,4551,-1741,-2839,-4507]],"type":"Polygon","properties":{"SAL_CODE21":"41303","SAL_NAME21":"Sandilands (SA)","STE_CODE21":"4"},"id":"41303"},{"arcs":[[-663,4552,-184]],"type":"Polygon","properties":{"SAL_CODE21":"41304","SAL_NAME21":"Sandleton","STE_CODE21":"4"},"id":"41304"},{"arcs":[[-2907,-1516,-4510,-3370,-1434]],"type":"Polygon","properties":{"SAL_CODE21":"41305","SAL_NAME21":"Sandy Creek (SA)","STE_CODE21":"4"},"id":"41305"},{"arcs":[[4553,-3068,4554,4555,-4281]],"type":"Polygon","properties":{"SAL_CODE21":"41306","SAL_NAME21":"Sandy Grove","STE_CODE21":"4"},"id":"41306"},{"arcs":[[-2828,-4218,4556]],"type":"Polygon","properties":{"SAL_CODE21":"41307","SAL_NAME21":"Sapphiretown","STE_CODE21":"4"},"id":"41307"},{"arcs":[[4557,-1073,4558]],"type":"Polygon","properties":{"SAL_CODE21":"41308","SAL_NAME21":"Sceale Bay","STE_CODE21":"4"},"id":"41308"},{"arcs":[[-580,-4546,4559,-35,-3431]],"type":"Polygon","properties":{"SAL_CODE21":"41309","SAL_NAME21":"Schell Well","STE_CODE21":"4"},"id":"41309"},{"arcs":[[-1863,-1320,-2823,-3325,-804]],"type":"Polygon","properties":{"SAL_CODE21":"41310","SAL_NAME21":"Scott Creek","STE_CODE21":"4"},"id":"41310"},{"arcs":[[-3493,-3063,4560,4561,4562]],"type":"Polygon","properties":{"SAL_CODE21":"41311","SAL_NAME21":"Seacliff","STE_CODE21":"4"},"id":"41311"},{"arcs":[[-2575,-3494,-4563,4563,4564]],"type":"Polygon","properties":{"SAL_CODE21":"41312","SAL_NAME21":"Seacliff Park","STE_CODE21":"4"},"id":"41312"},{"arcs":[[-1881,-4090,4565,4566]],"type":"Polygon","properties":{"SAL_CODE21":"41313","SAL_NAME21":"Seacombe Gardens","STE_CODE21":"4"},"id":"41313"},{"arcs":[[4567,-4567,-1787,-4083]],"type":"Polygon","properties":{"SAL_CODE21":"41314","SAL_NAME21":"Seacombe Heights","STE_CODE21":"4"},"id":"41314"},{"arcs":[[-3661,4568,-4383,4569,-4099,4570]],"type":"Polygon","properties":{"SAL_CODE21":"41315","SAL_NAME21":"Seaford (SA)","STE_CODE21":"4"},"id":"41315"},{"arcs":[[-3551,4571,-4098]],"type":"Polygon","properties":{"SAL_CODE21":"41316","SAL_NAME21":"Seaford Heights","STE_CODE21":"4"},"id":"41316"},{"arcs":[[-4382,-4018,-4100,-4570]],"type":"Polygon","properties":{"SAL_CODE21":"41317","SAL_NAME21":"Seaford Meadows","STE_CODE21":"4"},"id":"41317"},{"arcs":[[-3662,-4571,-4572,-3550,-3526]],"type":"Polygon","properties":{"SAL_CODE21":"41318","SAL_NAME21":"Seaford Rise","STE_CODE21":"4"},"id":"41318"},{"arcs":[[-3390,4572,4573,4574]],"type":"Polygon","properties":{"SAL_CODE21":"41319","SAL_NAME21":"Seal Bay","STE_CODE21":"4"},"id":"41319"},{"arcs":[[-2488,4575,-4520,-2675,-37,4576,-2129,-3036,-2259]],"type":"Polygon","properties":{"SAL_CODE21":"41320","SAL_NAME21":"Seaton (SA)","STE_CODE21":"4"},"id":"41320"},{"arcs":[[-4568,-4082,4577,-4565,-1882]],"type":"Polygon","properties":{"SAL_CODE21":"41321","SAL_NAME21":"Seaview Downs","STE_CODE21":"4"},"id":"41321"},{"arcs":[[-4503,-3620,-2633,-2267,-3788]],"type":"Polygon","properties":{"SAL_CODE21":"41322","SAL_NAME21":"Sebastopol (SA)","STE_CODE21":"4"},"id":"41322"},{"arcs":[[-2647,-4175,-1830,-4455,4578,4579]],"type":"Polygon","properties":{"SAL_CODE21":"41323","SAL_NAME21":"Second Valley","STE_CODE21":"4"},"id":"41323"},{"arcs":[[-609,-1122,-3027,4580,4581,-4553,-2146,4582]],"type":"Polygon","properties":{"SAL_CODE21":"41324","SAL_NAME21":"Sedan","STE_CODE21":"4"},"id":"41324"},{"arcs":[[-1222,-3081,-3391,-4575,4583,-3994,-1925,-4191]],"type":"Polygon","properties":{"SAL_CODE21":"41325","SAL_NAME21":"Seddon (SA)","STE_CODE21":"4"},"id":"41325"},{"arcs":[[-870,-3947,-4415,-2040]],"type":"Polygon","properties":{"SAL_CODE21":"41326","SAL_NAME21":"Sefton Park","STE_CODE21":"4"},"id":"41326"},{"arcs":[[4584,-61,4585]],"type":"Polygon","properties":{"SAL_CODE21":"41327","SAL_NAME21":"Sellicks Beach","STE_CODE21":"4"},"id":"41327"},{"arcs":[[-60,-53,4586,4587,-4136,-3933,-3935,4588,-4586]],"type":"Polygon","properties":{"SAL_CODE21":"41328","SAL_NAME21":"Sellicks Hill","STE_CODE21":"4"},"id":"41328"},{"arcs":[[-2374,4589,4590,-3232,-2095]],"type":"Polygon","properties":{"SAL_CODE21":"41329","SAL_NAME21":"Semaphore","STE_CODE21":"4"},"id":"41329"},{"arcs":[[4591,4592,-2053,-3984,4593,4594]],"type":"Polygon","properties":{"SAL_CODE21":"41330","SAL_NAME21":"Semaphore Park","STE_CODE21":"4"},"id":"41330"},{"arcs":[[-2054,-4593,4595,-4590]],"type":"Polygon","properties":{"SAL_CODE21":"41331","SAL_NAME21":"Semaphore South","STE_CODE21":"4"},"id":"41331"},{"arcs":[[-3341,4596,4597,4598,-4269,-756,-1145]],"type":"Polygon","properties":{"SAL_CODE21":"41332","SAL_NAME21":"Senior","STE_CODE21":"4"},"id":"41332"},{"arcs":[[-2508,-3481,4599,-2438,4600,-1795]],"type":"Polygon","properties":{"SAL_CODE21":"41333","SAL_NAME21":"Seppeltsfield","STE_CODE21":"4"},"id":"41333"},{"arcs":[[4601,-2356,4602,-4310,-4236]],"type":"Polygon","properties":{"SAL_CODE21":"41334","SAL_NAME21":"Sevenhill","STE_CODE21":"4"},"id":"41334"},{"arcs":[[4603,-4598,-3538,-4007]],"type":"Polygon","properties":{"SAL_CODE21":"41335","SAL_NAME21":"Shaugh","STE_CODE21":"4"},"id":"41335"},{"arcs":[[-4513,-2243,-1796,-4601,-2437,-4511,-3055]],"type":"Polygon","properties":{"SAL_CODE21":"41336","SAL_NAME21":"Shea-Oak Log","STE_CODE21":"4"},"id":"41336"},{"arcs":[[-4406,-1746,-4363,4604]],"type":"Polygon","properties":{"SAL_CODE21":"41337","SAL_NAME21":"Sheaoak Flat","STE_CODE21":"4"},"id":"41337"},{"arcs":[[-2577,4605,-4480]],"type":"Polygon","properties":{"SAL_CODE21":"41338","SAL_NAME21":"Sheidow Park","STE_CODE21":"4"},"id":"41338"},{"arcs":[[-816,-2944,4606,-3032,4607]],"type":"Polygon","properties":{"SAL_CODE21":"41339","SAL_NAME21":"Sheringa","STE_CODE21":"4"},"id":"41339"},{"arcs":[[-1548,-3733,4608,-2962,-4206,4609]],"type":"Polygon","properties":{"SAL_CODE21":"41340","SAL_NAME21":"Sherlock (SA)","STE_CODE21":"4"},"id":"41340"},{"arcs":[[-2983,-1550,-3426,-3539,-4597,-3340,4610,-848]],"type":"Polygon","properties":{"SAL_CODE21":"41341","SAL_NAME21":"Sherwood (SA)","STE_CODE21":"4"},"id":"41341"},{"arcs":[[4611,-2271,-1454,4612]],"type":"Polygon","properties":{"SAL_CODE21":"41342","SAL_NAME21":"Short","STE_CODE21":"4"},"id":"41342"},{"arcs":[[-1175,-1828,-1820]],"type":"Polygon","properties":{"SAL_CODE21":"41343","SAL_NAME21":"Silverton (SA)","STE_CODE21":"4"},"id":"41343"},{"arcs":[[4613,-293,4614,-2761]],"type":"Polygon","properties":{"SAL_CODE21":"41344","SAL_NAME21":"Skye (SA)","STE_CODE21":"4"},"id":"41344"},{"arcs":[[[4615]],[[4616,-3267,4617,4618,4619]]],"type":"MultiPolygon","properties":{"SAL_CODE21":"41345","SAL_NAME21":"Sleaford","STE_CODE21":"4"},"id":"41345"},{"arcs":[[-2008,-1799,4620,-3886,-654,-2000]],"type":"Polygon","properties":{"SAL_CODE21":"41346","SAL_NAME21":"Smithfield (SA)","STE_CODE21":"4"},"id":"41346"},{"arcs":[[-4621,-1798,-138,-3887]],"type":"Polygon","properties":{"SAL_CODE21":"41347","SAL_NAME21":"Smithfield Plains","STE_CODE21":"4"},"id":"41347"},{"arcs":[[[4621]],[[4622]],[[4623]],[[4624]],[[-3243,-3859,-4419,-1182,-2627,4625]]],"type":"MultiPolygon","properties":{"SAL_CODE21":"41348","SAL_NAME21":"Smoky Bay","STE_CODE21":"4"},"id":"41348"},{"arcs":[[-1521,-966,-429,4626,-3876,-2752,-1010]],"type":"Polygon","properties":{"SAL_CODE21":"41349","SAL_NAME21":"Snowtown","STE_CODE21":"4"},"id":"41349"},{"arcs":[[-2989,4627,-1180,-4152,-4275,-1623,-3045]],"type":"Polygon","properties":{"SAL_CODE21":"41350","SAL_NAME21":"Solomon","STE_CODE21":"4"},"id":"41350"},{"arcs":[[4628,-2332,-1577,-4393,-4389]],"type":"Polygon","properties":{"SAL_CODE21":"41351","SAL_NAME21":"Solomontown","STE_CODE21":"4"},"id":"41351"},{"arcs":[[4629,-2403,-2394,-2405,4630,-4035]],"type":"Polygon","properties":{"SAL_CODE21":"41352","SAL_NAME21":"Somerton Park","STE_CODE21":"4"},"id":"41352"},{"arcs":[[-4564,-4562,4631,-845,-1879]],"type":"Polygon","properties":{"SAL_CODE21":"41353","SAL_NAME21":"South Brighton","STE_CODE21":"4"},"id":"41353"},{"arcs":[[-4336,-3158,-4014,-3310,-3960,-454]],"type":"Polygon","properties":{"SAL_CODE21":"41354","SAL_NAME21":"South Hummocks","STE_CODE21":"4"},"id":"41354"},{"arcs":[[-4400,-4300,-3422,4632,4633]],"type":"Polygon","properties":{"SAL_CODE21":"41355","SAL_NAME21":"South Kilkerran","STE_CODE21":"4"},"id":"41355"},{"arcs":[[-4292,-4291,-2370,-1988,-242]],"type":"Polygon","properties":{"SAL_CODE21":"41356","SAL_NAME21":"South Plympton","STE_CODE21":"4"},"id":"41356"},{"arcs":[[-448,-4471,-1153,4634]],"type":"Polygon","properties":{"SAL_CODE21":"41357","SAL_NAME21":"Southend","STE_CODE21":"4"},"id":"41357"},{"arcs":[[-4031,-715,-132,-892,4635,-2521,4636,-2543]],"type":"Polygon","properties":{"SAL_CODE21":"41358","SAL_NAME21":"Spalding (SA)","STE_CODE21":"4"},"id":"41358"},{"arcs":[[4637,-2971,-2325,-4430,-3985,-3335]],"type":"Polygon","properties":{"SAL_CODE21":"41359","SAL_NAME21":"Spectacle Lake","STE_CODE21":"4"},"id":"41359"},{"arcs":[[-2408,-1457,-3365,4638,-3853,-727]],"type":"Polygon","properties":{"SAL_CODE21":"41360","SAL_NAME21":"Spence (SA)","STE_CODE21":"4"},"id":"41360"},{"arcs":[[4639,-2698,-4311,-4603,-2355,-1364]],"type":"Polygon","properties":{"SAL_CODE21":"41361","SAL_NAME21":"Spring Farm (SA)","STE_CODE21":"4"},"id":"41361"},{"arcs":[[-2354,-4602,-4235,4640,-3167,-703,-2033]],"type":"Polygon","properties":{"SAL_CODE21":"41362","SAL_NAME21":"Spring Gully (SA)","STE_CODE21":"4"},"id":"41362"},{"arcs":[[4641,-900,-3654,-3976]],"type":"Polygon","properties":{"SAL_CODE21":"41363","SAL_NAME21":"Springfield (SA)","STE_CODE21":"4"},"id":"41363"},{"arcs":[[-4548,-3614,-3838,-3803,-2168,-1968,4642,-1966]],"type":"Polygon","properties":{"SAL_CODE21":"41364","SAL_NAME21":"Springton","STE_CODE21":"4"},"id":"41364"},{"arcs":[[-4093,4643]],"type":"Polygon","properties":{"SAL_CODE21":"41365","SAL_NAME21":"Square Mile","STE_CODE21":"4"},"id":"41365"},{"arcs":[[-3672,-4489,4644,4645,-2755]],"type":"Polygon","properties":{"SAL_CODE21":"41366","SAL_NAME21":"St Agnes (SA)","STE_CODE21":"4"},"id":"41366"},{"arcs":[[4646,-1316,-4224,4647]],"type":"Polygon","properties":{"SAL_CODE21":"41367","SAL_NAME21":"St Clair (SA)","STE_CODE21":"4"},"id":"41367"},{"arcs":[[-2379,-2414,-3280,-464]],"type":"Polygon","properties":{"SAL_CODE21":"41368","SAL_NAME21":"St Georges","STE_CODE21":"4"},"id":"41368"},{"arcs":[[-2924,-1086,-4457,-4251]],"type":"Polygon","properties":{"SAL_CODE21":"41369","SAL_NAME21":"St Ives (SA)","STE_CODE21":"4"},"id":"41369"},{"arcs":[[-3117,-3740,-2198,-2946]],"type":"Polygon","properties":{"SAL_CODE21":"41370","SAL_NAME21":"St Johns","STE_CODE21":"4"},"id":"41370"},{"arcs":[[4648,-938,4649,-707]],"type":"Polygon","properties":{"SAL_CODE21":"41371","SAL_NAME21":"St Kilda (SA)","STE_CODE21":"4"},"id":"41371"},{"arcs":[[-1935,4650,-1952,-3115,-324,-2603]],"type":"Polygon","properties":{"SAL_CODE21":"41372","SAL_NAME21":"St Kitts","STE_CODE21":"4"},"id":"41372"},{"arcs":[[-4196,-1963,-471,4651,-1416,-3565]],"type":"Polygon","properties":{"SAL_CODE21":"41373","SAL_NAME21":"St Marys (SA)","STE_CODE21":"4"},"id":"41373"},{"arcs":[[4652,-2139,4653,-3000]],"type":"Polygon","properties":{"SAL_CODE21":"41374","SAL_NAME21":"St Morris","STE_CODE21":"4"},"id":"41374"},{"arcs":[[-2071,4654,-1463,-2346,4655,-2861]],"type":"Polygon","properties":{"SAL_CODE21":"41375","SAL_NAME21":"St Peters (SA)","STE_CODE21":"4"},"id":"41375"},{"arcs":[[-626,-3643,-4312,-2696,-2113]],"type":"Polygon","properties":{"SAL_CODE21":"41376","SAL_NAME21":"Stanley (SA)","STE_CODE21":"4"},"id":"41376"},{"arcs":[[-228,-538,-995,-403,-2699,-4640,-1363]],"type":"Polygon","properties":{"SAL_CODE21":"41377","SAL_NAME21":"Stanley Flat","STE_CODE21":"4"},"id":"41377"},{"arcs":[[4656,4657,-4452,-4404,4658]],"type":"Polygon","properties":{"SAL_CODE21":"41378","SAL_NAME21":"Stansbury","STE_CODE21":"4"},"id":"41378"},{"arcs":[[-3518,-4524,-3467,4659,4660,4661]],"type":"Polygon","properties":{"SAL_CODE21":"41379","SAL_NAME21":"Steelton","STE_CODE21":"4"},"id":"41379"},{"arcs":[[-664,-186,4662,-1938,-2233,-903]],"type":"Polygon","properties":{"SAL_CODE21":"41380","SAL_NAME21":"Steinfeld","STE_CODE21":"4"},"id":"41380"},{"arcs":[[4663,-3709,-2596,-911,-4443]],"type":"Polygon","properties":{"SAL_CODE21":"41381","SAL_NAME21":"Stephenston","STE_CODE21":"4"},"id":"41381"},{"arcs":[[-1459,-4655,-2070,-3534,-4059]],"type":"Polygon","properties":{"SAL_CODE21":"41382","SAL_NAME21":"Stepney","STE_CODE21":"4"},"id":"41382"},{"arcs":[[-3854,-4639,-3367,-3306,-3963]],"type":"Polygon","properties":{"SAL_CODE21":"41383","SAL_NAME21":"Stewart Range","STE_CODE21":"4"},"id":"41383"},{"arcs":[[-4258,-3818,-49,-2664,4664,-1670,-1667]],"type":"Polygon","properties":{"SAL_CODE21":"41384","SAL_NAME21":"Stirling (SA)","STE_CODE21":"4"},"id":"41384"},{"arcs":[[4665,-3868,-4542,4666,-4384,-4338]],"type":"Polygon","properties":{"SAL_CODE21":"41385","SAL_NAME21":"Stirling North","STE_CODE21":"4"},"id":"41385"},{"arcs":[[-87,4667,-550,-3291,-2594]],"type":"Polygon","properties":{"SAL_CODE21":"41386","SAL_NAME21":"Stockport","STE_CODE21":"4"},"id":"41386"},{"arcs":[[-3670,-4233,-3260,-4076,-1954]],"type":"Polygon","properties":{"SAL_CODE21":"41387","SAL_NAME21":"Stockwell","STE_CODE21":"4"},"id":"41387"},{"arcs":[[-4130,-82,-2593,-399]],"type":"Polygon","properties":{"SAL_CODE21":"41388","SAL_NAME21":"Stockyard Creek (SA)","STE_CODE21":"4"},"id":"41388"},{"arcs":[[-4139,-3891,-1062,4668,-4450,4669,-3992,-4061]],"type":"Polygon","properties":{"SAL_CODE21":"41389","SAL_NAME21":"Stockyard Plain","STE_CODE21":"4"},"id":"41389"},{"arcs":[[-1225,-1923,-3589,4670]],"type":"Polygon","properties":{"SAL_CODE21":"41390","SAL_NAME21":"Stokes Bay","STE_CODE21":"4"},"id":"41390"},{"arcs":[[-207,-1116,-3240,-482,4671]],"type":"Polygon","properties":{"SAL_CODE21":"41391","SAL_NAME21":"Stone Hut","STE_CODE21":"4"},"id":"41391"},{"arcs":[[-3479,-4075,4672]],"type":"Polygon","properties":{"SAL_CODE21":"41392","SAL_NAME21":"Stone Well","STE_CODE21":"4"},"id":"41392"},{"arcs":[[-2760,-2503,-1017,-2044,4673]],"type":"Polygon","properties":{"SAL_CODE21":"41393","SAL_NAME21":"Stonyfell","STE_CODE21":"4"},"id":"41393"},{"arcs":[[4674,-3845,-794,-2773]],"type":"Polygon","properties":{"SAL_CODE21":"41394","SAL_NAME21":"Stow","STE_CODE21":"4"},"id":"41394"},{"arcs":[[-531,-150,-4547,-249,-4187,-3384,-2308,-2694,4675,-673,-533,4676]],"type":"Polygon","properties":{"SAL_CODE21":"41395","SAL_NAME21":"Strathalbyn (SA)","STE_CODE21":"4"},"id":"41395"},{"arcs":[[[-3520,-3759,4677,4678,4679,-1948,4680,-4240,-4259]],[[4681]]],"type":"MultiPolygon","properties":{"SAL_CODE21":"41396","SAL_NAME21":"Streaky Bay","STE_CODE21":"4"},"id":"41396"},{"arcs":[[-2409,-725,-3852,-3827,-2854]],"type":"Polygon","properties":{"SAL_CODE21":"41397","SAL_NAME21":"Struan","STE_CODE21":"4"},"id":"41397"},{"arcs":[[-3744,-3283,4682,-3503,4683,-1058]],"type":"Polygon","properties":{"SAL_CODE21":"41398","SAL_NAME21":"Stuart (SA)","STE_CODE21":"4"},"id":"41398"},{"arcs":[[-3218,-125,-4168,-181,4684,-3200,-3866,-2106]],"type":"Polygon","properties":{"SAL_CODE21":"41399","SAL_NAME21":"Stuarts Creek","STE_CODE21":"4"},"id":"41399"},{"arcs":[[4685,4686,-2950]],"type":"Polygon","properties":{"SAL_CODE21":"41400","SAL_NAME21":"Stun'Sail Boom","STE_CODE21":"4"},"id":"41400"},{"arcs":[[-1788,-4566,-3495,-476]],"type":"Polygon","properties":{"SAL_CODE21":"41401","SAL_NAME21":"Sturt (SA)","STE_CODE21":"4"},"id":"41401"},{"arcs":[[4687,-2480,-3924,4688,-1781]],"type":"Polygon","properties":{"SAL_CODE21":"41402","SAL_NAME21":"Sturt Vale","STE_CODE21":"4"},"id":"41402"},{"arcs":[[4689,-1984]],"type":"Polygon","properties":{"SAL_CODE21":"41403","SAL_NAME21":"Sultana Point","STE_CODE21":"4"},"id":"41403"},{"arcs":[[-4256,-1397,-2505,-261,4690]],"type":"Polygon","properties":{"SAL_CODE21":"41404","SAL_NAME21":"Summertown","STE_CODE21":"4"},"id":"41404"},{"arcs":[[-1061,-4435,4691,-4445,-4451,-4669]],"type":"Polygon","properties":{"SAL_CODE21":"41405","SAL_NAME21":"Sunlands","STE_CODE21":"4"},"id":"41405"},{"arcs":[[-4243,4692,4693,-1150,-508,-3454,4694,-3452,4695,-3646]],"type":"Polygon","properties":{"SAL_CODE21":"41406","SAL_NAME21":"Sunnybrae","STE_CODE21":"4"},"id":"41406"},{"arcs":[[4696,-611,4697,-4420,4698,-570,4699,-4012]],"type":"Polygon","properties":{"SAL_CODE21":"41407","SAL_NAME21":"Sunnydale","STE_CODE21":"4"},"id":"41407"},{"arcs":[[-3899,-3930,-1006]],"type":"Polygon","properties":{"SAL_CODE21":"41408","SAL_NAME21":"Sunnyside (SA)","STE_CODE21":"4"},"id":"41408"},{"arcs":[[-1738,-4197,-2885,-237,-29]],"type":"Polygon","properties":{"SAL_CODE21":"41409","SAL_NAME21":"Sunnyvale","STE_CODE21":"4"},"id":"41409"},{"arcs":[[4700,-2429,-2098,-4461]],"type":"Polygon","properties":{"SAL_CODE21":"41410","SAL_NAME21":"Surrey Downs","STE_CODE21":"4"},"id":"41410"},{"arcs":[[-784,-906,-3969,-4211,-299]],"type":"Polygon","properties":{"SAL_CODE21":"41411","SAL_NAME21":"Sutherlands","STE_CODE21":"4"},"id":"41411"},{"arcs":[[-1509,4701,-3601,4702,-3816]],"type":"Polygon","properties":{"SAL_CODE21":"41412","SAL_NAME21":"Suttontown","STE_CODE21":"4"},"id":"41412"},{"arcs":[[-3228,-4421,-4698,-610,-4583,-2148,-4140,-4062,-3943,-341,-333,-4008,-4700,-569,-4699,-4422,-3230,-3507]],"type":"Polygon","properties":{"SAL_CODE21":"41413","SAL_NAME21":"Swan Reach (SA)","STE_CODE21":"4"},"id":"41413"},{"arcs":[[-3912,-3900,-3705,-4492]],"type":"Polygon","properties":{"SAL_CODE21":"41414","SAL_NAME21":"Swanport","STE_CODE21":"4"},"id":"41414"},{"arcs":[[-4133,-3483,4703,-3089,-3882]],"type":"Polygon","properties":{"SAL_CODE21":"41415","SAL_NAME21":"Swede Flat","STE_CODE21":"4"},"id":"41415"},{"arcs":[[-3734,-2025,-1533,4704,-2847,4705,-3707,-3005,-3966]],"type":"Polygon","properties":{"SAL_CODE21":"41416","SAL_NAME21":"Tailem Bend","STE_CODE21":"4"},"id":"41416"},{"arcs":[[4706,-951,4707,4708,4709]],"type":"Polygon","properties":{"SAL_CODE21":"41417","SAL_NAME21":"Taldra","STE_CODE21":"4"},"id":"41417"},{"arcs":[[-3808,-3848,-1495,4710,4711]],"type":"Polygon","properties":{"SAL_CODE21":"41418","SAL_NAME21":"Talia","STE_CODE21":"4"},"id":"41418"},{"arcs":[[-4502,-3791,-3832,-2389,-1039,-2326,-2329,-1156,-3618]],"type":"Polygon","properties":{"SAL_CODE21":"41419","SAL_NAME21":"Tantanoola","STE_CODE21":"4"},"id":"41419"},{"arcs":[[-3143,-4518,-3372,-2439,-4600,-3480,-4673,-4074,-162,4712,-547]],"type":"Polygon","properties":{"SAL_CODE21":"41420","SAL_NAME21":"Tanunda","STE_CODE21":"4"},"id":"41420"},{"arcs":[[4713,-4118,4714,-3238]],"type":"Polygon","properties":{"SAL_CODE21":"41421","SAL_NAME21":"Taperoo","STE_CODE21":"4"},"id":"41421"},{"arcs":[[-4710,4715,-3579,-4195,4716]],"type":"Polygon","properties":{"SAL_CODE21":"41422","SAL_NAME21":"Taplan","STE_CODE21":"4"},"id":"41422"},{"arcs":[[4717,-1596,4718,-2976,-637]],"type":"Polygon","properties":{"SAL_CODE21":"41423","SAL_NAME21":"Taratap","STE_CODE21":"4"},"id":"41423"},{"arcs":[[4719]],"type":"Polygon","properties":{"SAL_CODE21":"41424","SAL_NAME21":"Tarcoola","STE_CODE21":"4"},"id":"41424"},{"arcs":[[-3450,-2758,-734,-4214,4720]],"type":"Polygon","properties":{"SAL_CODE21":"41425","SAL_NAME21":"Tarcowie","STE_CODE21":"4"},"id":"41425"},{"arcs":[[-2353,-4494,-2584,-2947,-551,-4668,-86]],"type":"Polygon","properties":{"SAL_CODE21":"41426","SAL_NAME21":"Tarlee","STE_CODE21":"4"},"id":"41426"},{"arcs":[[-3515,4721,-2867,-2598,-922,-2587]],"type":"Polygon","properties":{"SAL_CODE21":"41427","SAL_NAME21":"Tarnma","STE_CODE21":"4"},"id":"41427"},{"arcs":[[-4288,-3630,-1856,4722,-3956]],"type":"Polygon","properties":{"SAL_CODE21":"41428","SAL_NAME21":"Tarpeena","STE_CODE21":"4"},"id":"41428"},{"arcs":[[4723,-57,-3528,-3549]],"type":"Polygon","properties":{"SAL_CODE21":"41429","SAL_NAME21":"Tatachilla","STE_CODE21":"4"},"id":"41429"},{"arcs":[[-1967,-4643]],"type":"Polygon","properties":{"SAL_CODE21":"41430","SAL_NAME21":"Taunton (SA)","STE_CODE21":"4"},"id":"41430"},{"arcs":[[-3506,-4323,-3342,-2738,4724,-4446,-4692,-4436,-1059,-4684]],"type":"Polygon","properties":{"SAL_CODE21":"41431","SAL_NAME21":"Taylorville","STE_CODE21":"4"},"id":"41431"},{"arcs":[[-4645,-4488,-392,4725,-3351,-2766,4726]],"type":"Polygon","properties":{"SAL_CODE21":"41432","SAL_NAME21":"Tea Tree Gully","STE_CODE21":"4"},"id":"41432"},{"arcs":[[4727,-1230]],"type":"Polygon","properties":{"SAL_CODE21":"41433","SAL_NAME21":"Teal Flat","STE_CODE21":"4"},"id":"41433"},{"arcs":[[-2337,-4359,4728,-3973]],"type":"Polygon","properties":{"SAL_CODE21":"41434","SAL_NAME21":"Telowie","STE_CODE21":"4"},"id":"41434"},{"arcs":[[-3750,-2239,-4515,4729,-3402]],"type":"Polygon","properties":{"SAL_CODE21":"41435","SAL_NAME21":"Templers","STE_CODE21":"4"},"id":"41435"},{"arcs":[[-2486,4730,4731,4732]],"type":"Polygon","properties":{"SAL_CODE21":"41436","SAL_NAME21":"Tennyson (SA)","STE_CODE21":"4"},"id":"41436"},{"arcs":[[-4500,-4146,-3457,-1099]],"type":"Polygon","properties":{"SAL_CODE21":"41437","SAL_NAME21":"Tepko","STE_CODE21":"4"},"id":"41437"},{"arcs":[[-4056,-2762,-4615,-292,-3415,4733]],"type":"Polygon","properties":{"SAL_CODE21":"41438","SAL_NAME21":"Teringie","STE_CODE21":"4"},"id":"41438"},{"arcs":[[4734,-1151,-4694,4735,-2229,4736]],"type":"Polygon","properties":{"SAL_CODE21":"41439","SAL_NAME21":"Terowie","STE_CODE21":"4"},"id":"41439"},{"arcs":[[4737,-2227,-585,-1067,-3012,-4135]],"type":"Polygon","properties":{"SAL_CODE21":"41440","SAL_NAME21":"The Gap (SA)","STE_CODE21":"4"},"id":"41440"},{"arcs":[[4738,-1611,4739,-4306]],"type":"Polygon","properties":{"SAL_CODE21":"41441","SAL_NAME21":"The Pines (SA)","STE_CODE21":"4"},"id":"41441"},{"arcs":[[-3701,4740,-3547,-3545,-3151,-1849]],"type":"Polygon","properties":{"SAL_CODE21":"41442","SAL_NAME21":"The Range (SA)","STE_CODE21":"4"},"id":"41442"},{"arcs":[[4741,-2720,-8,-3609]],"type":"Polygon","properties":{"SAL_CODE21":"41443","SAL_NAME21":"Thebarton","STE_CODE21":"4"},"id":"41443"},{"arcs":[[-1254,4742]],"type":"Polygon","properties":{"SAL_CODE21":"41444","SAL_NAME21":"Thevenard","STE_CODE21":"4"},"id":"41444"},{"arcs":[[-4199,4743,4744,-62,-1047,-4013]],"type":"Polygon","properties":{"SAL_CODE21":"41445","SAL_NAME21":"Thomas Plain","STE_CODE21":"4"},"id":"41445"},{"arcs":[[-3357,4745,-1897]],"type":"Polygon","properties":{"SAL_CODE21":"41446","SAL_NAME21":"Thompson Beach","STE_CODE21":"4"},"id":"41446"},{"arcs":[[-3557,-4027,-2155,-4416]],"type":"Polygon","properties":{"SAL_CODE21":"41447","SAL_NAME21":"Thorngate","STE_CODE21":"4"},"id":"41447"},{"arcs":[[-4472,-3399,-1378,-2923,-2269,-2632]],"type":"Polygon","properties":{"SAL_CODE21":"41448","SAL_NAME21":"Thornlea","STE_CODE21":"4"},"id":"41448"},{"arcs":[[-2875,4746,-4744,-4198,-746]],"type":"Polygon","properties":{"SAL_CODE21":"41449","SAL_NAME21":"Thrington","STE_CODE21":"4"},"id":"41449"},{"arcs":[[-2640,-4043,4747,-772]],"type":"Polygon","properties":{"SAL_CODE21":"41450","SAL_NAME21":"Tiatukia","STE_CODE21":"4"},"id":"41450"},{"arcs":[[4748,-65,4749,4750]],"type":"Polygon","properties":{"SAL_CODE21":"41451","SAL_NAME21":"Tickera","STE_CODE21":"4"},"id":"41451"},{"arcs":[[-1884,4751,-217]],"type":"Polygon","properties":{"SAL_CODE21":"41452","SAL_NAME21":"Tiddy Widdy Beach","STE_CODE21":"4"},"id":"41452"},{"arcs":[[-1507,-113,4752,-3397,-4113,-3395,-3849],[-3508]],"type":"Polygon","properties":{"SAL_CODE21":"41453","SAL_NAME21":"Tieyon","STE_CODE21":"4"},"id":"41453"},{"arcs":[[-971,-4246,-2977,-4719,-1595,-4539,-1825]],"type":"Polygon","properties":{"SAL_CODE21":"41454","SAL_NAME21":"Tilley Swamp","STE_CODE21":"4"},"id":"41454"},{"arcs":[[-3793,-973,-1824,-1452,-2127,-1719,-1569,-2318,-4192,-4002,-1553]],"type":"Polygon","properties":{"SAL_CODE21":"41455","SAL_NAME21":"Tintinara","STE_CODE21":"4"},"id":"41455"},{"arcs":[[-3213,-3227,-3190]],"type":"Polygon","properties":{"SAL_CODE21":"41456","SAL_NAME21":"Tolderol","STE_CODE21":"4"},"id":"41456"},{"arcs":[[-3658,-1417,-4652,-478]],"type":"Polygon","properties":{"SAL_CODE21":"41457","SAL_NAME21":"Tonsley","STE_CODE21":"4"},"id":"41457"},{"arcs":[[-880,-2959,-3656,-3033,-4607,-2943,-3895,-3896,-2716]],"type":"Polygon","properties":{"SAL_CODE21":"41458","SAL_NAME21":"Tooligie","STE_CODE21":"4"},"id":"41458"},{"arcs":[[-3834,-2133,-1761,-3764,-3824,-3794,-3953]],"type":"Polygon","properties":{"SAL_CODE21":"41459","SAL_NAME21":"Tooperang","STE_CODE21":"4"},"id":"41459"},{"arcs":[[-3667,-3908,-3925,-1003,-309,-4491]],"type":"Polygon","properties":{"SAL_CODE21":"41460","SAL_NAME21":"Toora (SA)","STE_CODE21":"4"},"id":"41460"},{"arcs":[[-2411,-1921,-4509,-4060,-3519,-2669,4753]],"type":"Polygon","properties":{"SAL_CODE21":"41461","SAL_NAME21":"Toorak Gardens","STE_CODE21":"4"},"id":"41461"},{"arcs":[[-4044,-2638,-1563,-4209,-2495]],"type":"Polygon","properties":{"SAL_CODE21":"41462","SAL_NAME21":"Tootenilla","STE_CODE21":"4"},"id":"41462"},{"arcs":[[4754]],"type":"Polygon","properties":{"SAL_CODE21":"41463","SAL_NAME21":"Torrens Island","STE_CODE21":"4"},"id":"41463"},{"arcs":[[-494,-3376,-1360,-3359,-2641,-3075,-3652]],"type":"Polygon","properties":{"SAL_CODE21":"41464","SAL_NAME21":"Torrens Park","STE_CODE21":"4"},"id":"41464"},{"arcs":[[-2651,4755,-353,-2814,-322,4756,-4176]],"type":"Polygon","properties":{"SAL_CODE21":"41465","SAL_NAME21":"Torrens Vale","STE_CODE21":"4"},"id":"41465"},{"arcs":[[-1644,-887,4757,-2177,-69,4758,4759,-4742,-3608]],"type":"Polygon","properties":{"SAL_CODE21":"41466","SAL_NAME21":"Torrensville","STE_CODE21":"4"},"id":"41466"},{"arcs":[[-810,-3999,4760,-4661,4761,-196]],"type":"Polygon","properties":{"SAL_CODE21":"41467","SAL_NAME21":"Tothill Belt","STE_CODE21":"4"},"id":"41467"},{"arcs":[[-4662,-4761,-3998,-4722,-3514]],"type":"Polygon","properties":{"SAL_CODE21":"41468","SAL_NAME21":"Tothill Creek","STE_CODE21":"4"},"id":"41468"},{"arcs":[[-3768,-2551,-3298]],"type":"Polygon","properties":{"SAL_CODE21":"41469","SAL_NAME21":"Totness","STE_CODE21":"4"},"id":"41469"},{"arcs":[[-4581,-3026,4762]],"type":"Polygon","properties":{"SAL_CODE21":"41470","SAL_NAME21":"Towitta","STE_CODE21":"4"},"id":"41470"},{"arcs":[[-4654,-2142,-2424,-2673,-3412,-2997]],"type":"Polygon","properties":{"SAL_CODE21":"41471","SAL_NAME21":"Tranmere (SA)","STE_CODE21":"4"},"id":"41471"},{"arcs":[[-555,-3535,-4205,-4653]],"type":"Polygon","properties":{"SAL_CODE21":"41472","SAL_NAME21":"Trinity Gardens","STE_CODE21":"4"},"id":"41472"},{"arcs":[[-4481,-4606,-2576,-4578,-4081,-4103]],"type":"Polygon","properties":{"SAL_CODE21":"41473","SAL_NAME21":"Trott Park","STE_CODE21":"4"},"id":"41473"},{"arcs":[[-4663,-185,-4582,-4763,-3025,-3671,-1953,-4651,-1934,-1936]],"type":"Polygon","properties":{"SAL_CODE21":"41474","SAL_NAME21":"Truro","STE_CODE21":"4"},"id":"41474"},{"arcs":[[4763,-1904,4764,-4620]],"type":"Polygon","properties":{"SAL_CODE21":"41475","SAL_NAME21":"Tulka","STE_CODE21":"4"},"id":"41475"},{"arcs":[[[4765,-3129,4766,4767,-3295,4768]],[[4769]],[[4770]],[[4771]],[[4772]],[[4773]],[[4774]],[[4775]],[[4776]],[[4777]],[[4778]],[[4779]]],"type":"MultiPolygon","properties":{"SAL_CODE21":"41476","SAL_NAME21":"Tumby Bay","STE_CODE21":"4"},"id":"41476"},{"arcs":[[-2619,-3847,-592,-3837,-4148,-4501]],"type":"Polygon","properties":{"SAL_CODE21":"41477","SAL_NAME21":"Tungkillo","STE_CODE21":"4"},"id":"41477"},{"arcs":[[-1823,-4179,4780,4781]],"type":"Polygon","properties":{"SAL_CODE21":"41478","SAL_NAME21":"Tunkalilla","STE_CODE21":"4"},"id":"41478"},{"arcs":[[-3279,-4754,-2668,-3245,-2660]],"type":"Polygon","properties":{"SAL_CODE21":"41479","SAL_NAME21":"Tusmore","STE_CODE21":"4"},"id":"41479"},{"arcs":[[-4465,-3257,4782,-941,-4357,-3585,-3133]],"type":"Polygon","properties":{"SAL_CODE21":"41480","SAL_NAME21":"Two Wells","STE_CODE21":"4"},"id":"41480"},{"arcs":[[4783,4784,-331,-1071,-3760,-1469]],"type":"Polygon","properties":{"SAL_CODE21":"41481","SAL_NAME21":"Tyringa","STE_CODE21":"4"},"id":"41481"},{"arcs":[[-3644,-1812,-4190,-4736,-4693,-4242]],"type":"Polygon","properties":{"SAL_CODE21":"41482","SAL_NAME21":"Ucolta","STE_CODE21":"4"},"id":"41482"},{"arcs":[[4785,-1445,4786,-2219,-1566,-1905,-4764,-4619]],"type":"Polygon","properties":{"SAL_CODE21":"41483","SAL_NAME21":"Uley","STE_CODE21":"4"},"id":"41483"},{"arcs":[[-4108,-1678,-651,-2087,-563,4787]],"type":"Polygon","properties":{"SAL_CODE21":"41484","SAL_NAME21":"Uleybury","STE_CODE21":"4"},"id":"41484"},{"arcs":[[4788,4789,-3786,-2568]],"type":"Polygon","properties":{"SAL_CODE21":"41485","SAL_NAME21":"Ulooloo","STE_CODE21":"4"},"id":"41485"},{"arcs":[[-3313,-4309,-4142,4790,-2580]],"type":"Polygon","properties":{"SAL_CODE21":"41486","SAL_NAME21":"Ulyerra","STE_CODE21":"4"},"id":"41486"},{"arcs":[[-4525,-4496,-4485,4791,-288]],"type":"Polygon","properties":{"SAL_CODE21":"41487","SAL_NAME21":"Undalya","STE_CODE21":"4"},"id":"41487"},{"arcs":[[-3317,-2178,-4758,-886]],"type":"Polygon","properties":{"SAL_CODE21":"41488","SAL_NAME21":"Underdale","STE_CODE21":"4"},"id":"41488"},{"arcs":[[-4768,4792,-1430,-883,-3711,-1053,-3292]],"type":"Polygon","properties":{"SAL_CODE21":"41489","SAL_NAME21":"Ungarra","STE_CODE21":"4"},"id":"41489"},{"arcs":[[-2447,4793,-4,-4189,-3441,-2784]],"type":"Polygon","properties":{"SAL_CODE21":"41490","SAL_NAME21":"Unley","STE_CODE21":"4"},"id":"41490"},{"arcs":[[-2644,-3049,-3622,-2782,-3440]],"type":"Polygon","properties":{"SAL_CODE21":"41491","SAL_NAME21":"Unley Park","STE_CODE21":"4"},"id":"41491"},{"arcs":[[-1636,-3209,-3762,4794,-1745,-944,-3822]],"type":"Polygon","properties":{"SAL_CODE21":"41492","SAL_NAME21":"Uno","STE_CODE21":"4"},"id":"41492"},{"arcs":[[-2427,-2471,-3352,-4726,-391,-2101,4795]],"type":"Polygon","properties":{"SAL_CODE21":"41493","SAL_NAME21":"Upper Hermitage","STE_CODE21":"4"},"id":"41493"},{"arcs":[[-1671,-4665,-2663,-2824,-1617,-2646,-498]],"type":"Polygon","properties":{"SAL_CODE21":"41494","SAL_NAME21":"Upper Sturt","STE_CODE21":"4"},"id":"41494"},{"arcs":[[-1195,-4257,-4691,-260,-435]],"type":"Polygon","properties":{"SAL_CODE21":"41495","SAL_NAME21":"Uraidla","STE_CODE21":"4"},"id":"41495"},{"arcs":[[-4634,4796,-4551,4797,-4401]],"type":"Polygon","properties":{"SAL_CODE21":"41496","SAL_NAME21":"Urania","STE_CODE21":"4"},"id":"41496"},{"arcs":[[-901,-4642,-3977,-3938,-2376,-3835]],"type":"Polygon","properties":{"SAL_CODE21":"41497","SAL_NAME21":"Urrbrae","STE_CODE21":"4"},"id":"41497"},{"arcs":[[4798,4799,-3113,-1259,-1307]],"type":"Polygon","properties":{"SAL_CODE21":"41498","SAL_NAME21":"Uworra","STE_CODE21":"4"},"id":"41498"},{"arcs":[[4800,-3455,-2600,-3077,-3491]],"type":"Polygon","properties":{"SAL_CODE21":"41499","SAL_NAME21":"Vale Park","STE_CODE21":"4"},"id":"41499"},{"arcs":[[4801,-2791,-4159,-3673,-2360]],"type":"Polygon","properties":{"SAL_CODE21":"41500","SAL_NAME21":"Valley View","STE_CODE21":"4"},"id":"41500"},{"arcs":[[-4202,-3432,-33,-1075,-4431]],"type":"Polygon","properties":{"SAL_CODE21":"41501","SAL_NAME21":"Veitch","STE_CODE21":"4"},"id":"41501"},{"arcs":[[-4366,-1466,-2953,-3809,-4712,4802]],"type":"Polygon","properties":{"SAL_CODE21":"41502","SAL_NAME21":"Venus Bay (SA)","STE_CODE21":"4"},"id":"41502"},{"arcs":[[-2549,-834,-3820,-369]],"type":"Polygon","properties":{"SAL_CODE21":"41503","SAL_NAME21":"Verdun","STE_CODE21":"4"},"id":"41503"},{"arcs":[[-4377,4803,-2713,-4522,-1405,-230]],"type":"Polygon","properties":{"SAL_CODE21":"41504","SAL_NAME21":"Verran","STE_CODE21":"4"},"id":"41504"},{"arcs":[[[4804,-2037,-318,-3354,-2733,-3541]],[[4805]]],"type":"MultiPolygon","properties":{"SAL_CODE21":"41505","SAL_NAME21":"Victor Harbor","STE_CODE21":"4"},"id":"41505"},{"arcs":[[-161,-544,-4713]],"type":"Polygon","properties":{"SAL_CODE21":"41506","SAL_NAME21":"Vine Vale","STE_CODE21":"4"},"id":"41506"},{"arcs":[[-3256,-4222,4806,-942,-4783]],"type":"Polygon","properties":{"SAL_CODE21":"41507","SAL_NAME21":"Virginia (SA)","STE_CODE21":"4"},"id":"41507"},{"arcs":[[-4727,-2765,-4160,-2683,-2756,-4646]],"type":"Polygon","properties":{"SAL_CODE21":"41508","SAL_NAME21":"Vista","STE_CODE21":"4"},"id":"41508"},{"arcs":[[-4686,-2949,-3995,-4584,-4574,4807]],"type":"Polygon","properties":{"SAL_CODE21":"41509","SAL_NAME21":"Vivonne Bay","STE_CODE21":"4"},"id":"41509"},{"arcs":[[-2988,-3448,-2841,-1785,-1181,-4628]],"type":"Polygon","properties":{"SAL_CODE21":"41510","SAL_NAME21":"Waddikee","STE_CODE21":"4"},"id":"41510"},{"arcs":[[-2928,-3993,-4670,-4449,-2434,-4447,-4725,-2737]],"type":"Polygon","properties":{"SAL_CODE21":"41511","SAL_NAME21":"Waikerie","STE_CODE21":"4"},"id":"41511"},{"arcs":[[[-2036,4808,-4781,-4178,4809,-320]],[[4810]]],"type":"MultiPolygon","properties":{"SAL_CODE21":"41512","SAL_NAME21":"Waitpinga","STE_CODE21":"4"},"id":"41512"},{"arcs":[[-4426,-1233,4811,-2866,-4106,-3194,4812,-4505,-3460,-613,4813,-2212,-4010]],"type":"Polygon","properties":{"SAL_CODE21":"41513","SAL_NAME21":"Walker Flat","STE_CODE21":"4"},"id":"41513"},{"arcs":[[-3490,-4521,-2862,-4656,-2350,-1485,-4801]],"type":"Polygon","properties":{"SAL_CODE21":"41514","SAL_NAME21":"Walkerville (SA)","STE_CODE21":"4"},"id":"41514"},{"arcs":[[-4087,-4052,-4326,-2792,-4802]],"type":"Polygon","properties":{"SAL_CODE21":"41515","SAL_NAME21":"Walkley Heights","STE_CODE21":"4"},"id":"41515"},{"arcs":[[4814,-4318,-4315,4815,-3927,-1095]],"type":"Polygon","properties":{"SAL_CODE21":"41516","SAL_NAME21":"Wall Flat","STE_CODE21":"4"},"id":"41516"},{"arcs":[[-4264,-4070,-4423,-3095,4816,4817]],"type":"Polygon","properties":{"SAL_CODE21":"41517","SAL_NAME21":"Wallala","STE_CODE21":"4"},"id":"41517"},{"arcs":[[4818,4819,-4029,4820,-2872,-3990,-2877]],"type":"Polygon","properties":{"SAL_CODE21":"41518","SAL_NAME21":"Wallaroo (SA)","STE_CODE21":"4"},"id":"41518"},{"arcs":[[-3529,-2880,-2844,-2879,-3989,-2883]],"type":"Polygon","properties":{"SAL_CODE21":"41519","SAL_NAME21":"Wallaroo Mines","STE_CODE21":"4"},"id":"41519"},{"arcs":[[-4750,-64,4821,-2873,-4821,-4028,4822]],"type":"Polygon","properties":{"SAL_CODE21":"41520","SAL_NAME21":"Wallaroo Plain","STE_CODE21":"4"},"id":"41520"},{"arcs":[[-1557,-2065,-2858,-4114]],"type":"Polygon","properties":{"SAL_CODE21":"41521","SAL_NAME21":"Walloway","STE_CODE21":"4"},"id":"41521"},{"arcs":[[-269,-3572,-3569,-3180,-4313]],"type":"Polygon","properties":{"SAL_CODE21":"41522","SAL_NAME21":"Waltowa","STE_CODE21":"4"},"id":"41522"},{"arcs":[[-1792,-4341,4823,-4344,4824,-3869,-4666,-4337]],"type":"Polygon","properties":{"SAL_CODE21":"41523","SAL_NAME21":"Wami Kata","STE_CODE21":"4"},"id":"41523"},{"arcs":[[-1076,-36,-4560,-4545,-2563,-3628]],"type":"Polygon","properties":{"SAL_CODE21":"41524","SAL_NAME21":"Wanbi","STE_CODE21":"4"},"id":"41524"},{"arcs":[[-3577,-1248,-2899,4825,-3437]],"type":"Polygon","properties":{"SAL_CODE21":"41525","SAL_NAME21":"Wandana (SA)","STE_CODE21":"4"},"id":"41525"},{"arcs":[[-1708,-3583,-1401,4826,-3348,-4077]],"type":"Polygon","properties":{"SAL_CODE21":"41526","SAL_NAME21":"Wandearah East","STE_CODE21":"4"},"id":"41526"},{"arcs":[[-3349,-4827,-2154,4827]],"type":"Polygon","properties":{"SAL_CODE21":"41527","SAL_NAME21":"Wandearah West","STE_CODE21":"4"},"id":"41527"},{"arcs":[[-4702,-1508,-1035,-2388,-1858,-3629,-3602]],"type":"Polygon","properties":{"SAL_CODE21":"41528","SAL_NAME21":"Wandilo","STE_CODE21":"4"},"id":"41528"},{"arcs":[[-2220,-4787,-1444,-2985,4828,-3812,-1640,-1971,4829]],"type":"Polygon","properties":{"SAL_CODE21":"41529","SAL_NAME21":"Wangary","STE_CODE21":"4"},"id":"41529"},{"arcs":[[-3067,-4463,-3779,4830,-1169,4831,-4555]],"type":"Polygon","properties":{"SAL_CODE21":"41530","SAL_NAME21":"Wangolina","STE_CODE21":"4"},"id":"41530"},{"arcs":[[-4830,-1974,-3127,4832,-1299,-2497,-4208,-2217]],"type":"Polygon","properties":{"SAL_CODE21":"41531","SAL_NAME21":"Wanilla","STE_CODE21":"4"},"id":"41531"},{"arcs":[[-4429,4833,-736,4834,-3987]],"type":"Polygon","properties":{"SAL_CODE21":"41532","SAL_NAME21":"Wappilka","STE_CODE21":"4"},"id":"41532"},{"arcs":[[4835,-4819,-2876,-751,-4173,-1690,-4040,-3725]],"type":"Polygon","properties":{"SAL_CODE21":"41533","SAL_NAME21":"Warburto","STE_CODE21":"4"},"id":"41533"},{"arcs":[[-3259,-4464,-2920,-2289,-4470,-930,-2300]],"type":"Polygon","properties":{"SAL_CODE21":"41534","SAL_NAME21":"Ward Belt","STE_CODE21":"4"},"id":"41534"},{"arcs":[[-66,-4749,4836,-4350]],"type":"Polygon","properties":{"SAL_CODE21":"41535","SAL_NAME21":"Ward Hill","STE_CODE21":"4"},"id":"41535"},{"arcs":[[-1710,-4079,-4284,-994,-3961,-487]],"type":"Polygon","properties":{"SAL_CODE21":"41536","SAL_NAME21":"Warnertown","STE_CODE21":"4"},"id":"41536"},{"arcs":[[-1106,-1545,-3691,-4126,-1842,-4322,-3504,-4683,-3282,-3530,-1033,-1479,-4266,-2613,-3940,-2481,-4688,-1780,-1343]],"type":"Polygon","properties":{"SAL_CODE21":"41537","SAL_NAME21":"Warnes","STE_CODE21":"4"},"id":"41537"},{"arcs":[[-3501,4837,-1612,-4739,-4305,-4307,4838,-2610,4839,-4374,4840,-2214]],"type":"Polygon","properties":{"SAL_CODE21":"41538","SAL_NAME21":"Warooka","STE_CODE21":"4"},"id":"41538"},{"arcs":[[-843,-2770,-4033,-4631,-2404,-4091,-1880]],"type":"Polygon","properties":{"SAL_CODE21":"41539","SAL_NAME21":"Warradale","STE_CODE21":"4"},"id":"41539"},{"arcs":[[4841,-3166,-3107,-2581,-4791,-4141,-1422]],"type":"Polygon","properties":{"SAL_CODE21":"41540","SAL_NAME21":"Warramboo","STE_CODE21":"4"},"id":"41540"},{"arcs":[[-976,-981,-3533,-2544,-4637,-2520,-2312]],"type":"Polygon","properties":{"SAL_CODE21":"41541","SAL_NAME21":"Washpool (SA)","STE_CODE21":"4"},"id":"41541"},{"arcs":[[-4467,4842,-4276,-3403,-4730,-4514,-2918]],"type":"Polygon","properties":{"SAL_CODE21":"41542","SAL_NAME21":"Wasleys","STE_CODE21":"4"},"id":"41542"},{"arcs":[[-115]],"type":"Polygon","properties":{"SAL_CODE21":"41543","SAL_NAME21":"Watarru","STE_CODE21":"4"},"id":"41543"},{"arcs":[[-2561,-349,4843,-3842,-4675]],"type":"Polygon","properties":{"SAL_CODE21":"41544","SAL_NAME21":"Watchman","STE_CODE21":"4"},"id":"41544"},{"arcs":[[-1673,-3249,-3836,-461,-1013,-2506,-1395]],"type":"Polygon","properties":{"SAL_CODE21":"41545","SAL_NAME21":"Waterfall Gully","STE_CODE21":"4"},"id":"41545"},{"arcs":[[-4660,-3466,-623,-197,-4762]],"type":"Polygon","properties":{"SAL_CODE21":"41546","SAL_NAME21":"Waterloo (SA)","STE_CODE21":"4"},"id":"41546"},{"arcs":[[-4220,-1853,-1043,-708,-4650,-937,-4807]],"type":"Polygon","properties":{"SAL_CODE21":"41547","SAL_NAME21":"Waterloo Corner","STE_CODE21":"4"},"id":"41547"},{"arcs":[[-4234,-3640,-284,-3247,-282,-2775,-3168,-4641]],"type":"Polygon","properties":{"SAL_CODE21":"41548","SAL_NAME21":"Watervale","STE_CODE21":"4"},"id":"41548"},{"arcs":[[-1311,-4229,4844,-4799]],"type":"Polygon","properties":{"SAL_CODE21":"41549","SAL_NAME21":"Watraba","STE_CODE21":"4"},"id":"41549"},{"arcs":[[-2816,4845,-1210,-3936,-3931]],"type":"Polygon","properties":{"SAL_CODE21":"41550","SAL_NAME21":"Wattle Flat (SA)","STE_CODE21":"4"},"id":"41550"},{"arcs":[[-289,-4614,-4674,-2043,-4516]],"type":"Polygon","properties":{"SAL_CODE21":"41551","SAL_NAME21":"Wattle Park","STE_CODE21":"4"},"id":"41551"},{"arcs":[[4846,-3833,-3789,-2272,-4612]],"type":"Polygon","properties":{"SAL_CODE21":"41552","SAL_NAME21":"Wattle Range","STE_CODE21":"4"},"id":"41552"},{"arcs":[[-4613,-3381,-3694,-2902,-4847]],"type":"Polygon","properties":{"SAL_CODE21":"41553","SAL_NAME21":"Wattle Range East","STE_CODE21":"4"},"id":"41553"},{"arcs":[[-4402,-4798,-4550,-1751,-3103,-4398,4847]],"type":"Polygon","properties":{"SAL_CODE21":"41554","SAL_NAME21":"Wauraltee","STE_CODE21":"4"},"id":"41554"},{"arcs":[[-4794,-2450,-3018,-5]],"type":"Polygon","properties":{"SAL_CODE21":"41555","SAL_NAME21":"Wayville","STE_CODE21":"4"},"id":"41555"},{"arcs":[[4848,-4180,-1899]],"type":"Polygon","properties":{"SAL_CODE21":"41556","SAL_NAME21":"Webb Beach","STE_CODE21":"4"},"id":"41556"},{"arcs":[[[4849]],[[4850]],[[4851]],[[4852]]],"type":"MultiPolygon","properties":{"SAL_CODE21":"41557","SAL_NAME21":"Wedge Island (SA)","STE_CODE21":"4"},"id":"41557"},{"arcs":[[4853,-2334]],"type":"Polygon","properties":{"SAL_CODE21":"41558","SAL_NAME21":"Weeroona Island","STE_CODE21":"4"},"id":"41558"},{"arcs":[[-3950,-31,-236,-3423,-359]],"type":"Polygon","properties":{"SAL_CODE21":"41559","SAL_NAME21":"Weetulta","STE_CODE21":"4"},"id":"41559"},{"arcs":[[4854,4855,-4759,-73]],"type":"Polygon","properties":{"SAL_CODE21":"41560","SAL_NAME21":"Welland","STE_CODE21":"4"},"id":"41560"},{"arcs":[[-3193,-3860,-856,-2849,4856]],"type":"Polygon","properties":{"SAL_CODE21":"41561","SAL_NAME21":"Wellington (SA)","STE_CODE21":"4"},"id":"41561"},{"arcs":[[-1532,-265,-4314,-3183,-4857,-2848,-4705]],"type":"Polygon","properties":{"SAL_CODE21":"41562","SAL_NAME21":"Wellington East","STE_CODE21":"4"},"id":"41562"},{"arcs":[[-1855,-3119,-2906,-3957,-4723]],"type":"Polygon","properties":{"SAL_CODE21":"41563","SAL_NAME21":"Wepar","STE_CODE21":"4"},"id":"41563"},{"arcs":[[-2400,4857,-2680,-2254,-3316,-21]],"type":"Polygon","properties":{"SAL_CODE21":"41564","SAL_NAME21":"West Beach (SA)","STE_CODE21":"4"},"id":"41564"},{"arcs":[[-982,-978,-2311,-2367,-1108]],"type":"Polygon","properties":{"SAL_CODE21":"41565","SAL_NAME21":"West Bundaleer","STE_CODE21":"4"},"id":"41565"},{"arcs":[[-4855,-72,-558,-3041,-1700,-4479,-1697]],"type":"Polygon","properties":{"SAL_CODE21":"41566","SAL_NAME21":"West Croydon","STE_CODE21":"4"},"id":"41566"},{"arcs":[[-4856,-1696,-2717,-4760]],"type":"Polygon","properties":{"SAL_CODE21":"41567","SAL_NAME21":"West Hindmarsh","STE_CODE21":"4"},"id":"41567"},{"arcs":[[-4733,4858,-4594,-4331,-4438,-4519,-4576,-2487]],"type":"Polygon","properties":{"SAL_CODE21":"41568","SAL_NAME21":"West Lakes","STE_CODE21":"4"},"id":"41568"},{"arcs":[[-4859,-4732,4859,-4595]],"type":"Polygon","properties":{"SAL_CODE21":"41569","SAL_NAME21":"West Lakes Shore","STE_CODE21":"4"},"id":"41569"},{"arcs":[[-4718,-636,-3065,4860,-1597]],"type":"Polygon","properties":{"SAL_CODE21":"41570","SAL_NAME21":"West Range","STE_CODE21":"4"},"id":"41570"},{"arcs":[[-3980,-24,-889,-4487]],"type":"Polygon","properties":{"SAL_CODE21":"41571","SAL_NAME21":"West Richmond","STE_CODE21":"4"},"id":"41571"},{"arcs":[[4861,-4679,4862]],"type":"Polygon","properties":{"SAL_CODE21":"41572","SAL_NAME21":"Westall","STE_CODE21":"4"},"id":"41572"},{"arcs":[[-1728,-3050,-2643,-1489]],"type":"Polygon","properties":{"SAL_CODE21":"41573","SAL_NAME21":"Westbourne Park","STE_CODE21":"4"},"id":"41573"},{"arcs":[[-4134,-3883,-3880,-761,-4321,-381,-4738]],"type":"Polygon","properties":{"SAL_CODE21":"41574","SAL_NAME21":"Western Flat","STE_CODE21":"4"},"id":"41574"},{"arcs":[[4863,-3587,-2465,-1816]],"type":"Polygon","properties":{"SAL_CODE21":"41575","SAL_NAME21":"Western River","STE_CODE21":"4"},"id":"41575"},{"arcs":[[-2714,-4804,-4376,-1050]],"type":"Polygon","properties":{"SAL_CODE21":"41576","SAL_NAME21":"Wharminda","STE_CODE21":"4"},"id":"41576"},{"arcs":[[-3689,-4504,-3902,-2342]],"type":"Polygon","properties":{"SAL_CODE21":"41577","SAL_NAME21":"White Hill","STE_CODE21":"4"},"id":"41577"},{"arcs":[[4864,-1613,-4838,-3500]],"type":"Polygon","properties":{"SAL_CODE21":"41578","SAL_NAME21":"White Hut","STE_CODE21":"4"},"id":"41578"},{"arcs":[[4865,-853,-4493,-3703]],"type":"Polygon","properties":{"SAL_CODE21":"41579","SAL_NAME21":"White Sands","STE_CODE21":"4"},"id":"41579"},{"arcs":[[4866,-3111,-4800,-4845,-4228]],"type":"Polygon","properties":{"SAL_CODE21":"41580","SAL_NAME21":"White Well Corner","STE_CODE21":"4"},"id":"41580"},{"arcs":[[4867,-3331,-4324,-1300,-4833,-3131]],"type":"Polygon","properties":{"SAL_CODE21":"41581","SAL_NAME21":"Whites Flat","STE_CODE21":"4"},"id":"41581"},{"arcs":[[-4868,-3130,-4766,4868,-3332]],"type":"Polygon","properties":{"SAL_CODE21":"41582","SAL_NAME21":"Whites River","STE_CODE21":"4"},"id":"41582"},{"arcs":[[4869,-4587,-52,-4724,4870]],"type":"Polygon","properties":{"SAL_CODE21":"41583","SAL_NAME21":"Whites Valley","STE_CODE21":"4"},"id":"41583"},{"arcs":[[-4526,-798,-2475,-3843,-4844,-348]],"type":"Polygon","properties":{"SAL_CODE21":"41584","SAL_NAME21":"Whitwarta","STE_CODE21":"4"},"id":"41584"},{"arcs":[[-3864,4871,4872,4873]],"type":"Polygon","properties":{"SAL_CODE21":"41585","SAL_NAME21":"Whyalla","STE_CODE21":"4"},"id":"41585"},{"arcs":[[-1871,-2102,4874,-4873,4875,4876]],"type":"Polygon","properties":{"SAL_CODE21":"41586","SAL_NAME21":"Whyalla Barson","STE_CODE21":"4"},"id":"41586"},{"arcs":[[-1874,4877]],"type":"Polygon","properties":{"SAL_CODE21":"41587","SAL_NAME21":"Whyalla Jenkins","STE_CODE21":"4"},"id":"41587"},{"arcs":[[4878,-1872,-4877,4879,-3862]],"type":"Polygon","properties":{"SAL_CODE21":"41588","SAL_NAME21":"Whyalla Norrie","STE_CODE21":"4"},"id":"41588"},{"arcs":[[-3863,-4880,-4876,-4872]],"type":"Polygon","properties":{"SAL_CODE21":"41589","SAL_NAME21":"Whyalla Playford","STE_CODE21":"4"},"id":"41589"},{"arcs":[[-3861,-1875,-4878,-1873,-4879]],"type":"Polygon","properties":{"SAL_CODE21":"41590","SAL_NAME21":"Whyalla Stuart","STE_CODE21":"4"},"id":"41590"},{"arcs":[[4880,-4789,-2567,-506,-1152,-4735]],"type":"Polygon","properties":{"SAL_CODE21":"41591","SAL_NAME21":"Whyte Yarcowie","STE_CODE21":"4"},"id":"41591"},{"arcs":[[-1839,-4125,-3058,4881,-2445]],"type":"Polygon","properties":{"SAL_CODE21":"41592","SAL_NAME21":"Wigley Flat","STE_CODE21":"4"},"id":"41592"},{"arcs":[[-4795,-3761,-1744]],"type":"Polygon","properties":{"SAL_CODE21":"41593","SAL_NAME21":"Wilcherry","STE_CODE21":"4"},"id":"41593"},{"arcs":[[-1068,-583,-3169,-2789,-3964,-3304]],"type":"Polygon","properties":{"SAL_CODE21":"41594","SAL_NAME21":"Wild Dog Valley (SA)","STE_CODE21":"4"},"id":"41594"},{"arcs":[[4882,-4413,-2806,-315,-3322,4883]],"type":"Polygon","properties":{"SAL_CODE21":"41595","SAL_NAME21":"Wild Horse Plains","STE_CODE21":"4"},"id":"41595"},{"arcs":[[4884,-4064,-2801,-183,-4167,-129,4885,-3047,4886,-3197,-3084,-4425],[-4720]],"type":"Polygon","properties":{"SAL_CODE21":"41596","SAL_NAME21":"Wilgena","STE_CODE21":"4"},"id":"41596"},{"arcs":[[-4032,-2542,-1147,-2571,-3785]],"type":"Polygon","properties":{"SAL_CODE21":"41597","SAL_NAME21":"Willalo","STE_CODE21":"4"},"id":"41597"},{"arcs":[[-4704,-3487,-4247,-2984,-1192,-3090]],"type":"Polygon","properties":{"SAL_CODE21":"41598","SAL_NAME21":"Willalooka","STE_CODE21":"4"},"id":"41598"},{"arcs":[[-2874,-4822,-63,-4745,-4747]],"type":"Polygon","properties":{"SAL_CODE21":"41599","SAL_NAME21":"Willamulka","STE_CODE21":"4"},"id":"41599"},{"arcs":[[-2304,-4469,-2288,-2681,-1512,-2293,-2284]],"type":"Polygon","properties":{"SAL_CODE21":"41600","SAL_NAME21":"Willaston","STE_CODE21":"4"},"id":"41600"},{"arcs":[[-4685,-180,-3850,-3393,-2894,-3201]],"type":"Polygon","properties":{"SAL_CODE21":"41601","SAL_NAME21":"William Creek","STE_CODE21":"4"},"id":"41601"},{"arcs":[[-3801,-3016,4887,-427,-1432,-3374,-91,-4254]],"type":"Polygon","properties":{"SAL_CODE21":"41602","SAL_NAME21":"Williamstown (SA)","STE_CODE21":"4"},"id":"41602"},{"arcs":[[-3715,-2187,-3106,-526,-1666,-2637,4888,-2279,-2249]],"type":"Polygon","properties":{"SAL_CODE21":"41603","SAL_NAME21":"Willippa","STE_CODE21":"4"},"id":"41603"},{"arcs":[[-3710,-4664,-4442,4889,-2933]],"type":"Polygon","properties":{"SAL_CODE21":"41604","SAL_NAME21":"Willochra","STE_CODE21":"4"},"id":"41604"},{"arcs":[[-4329,-1908,-191,4890]],"type":"Polygon","properties":{"SAL_CODE21":"41605","SAL_NAME21":"Willoughby (SA)","STE_CODE21":"4"},"id":"41605"},{"arcs":[[-4810,-4177,-4757,-321]],"type":"Polygon","properties":{"SAL_CODE21":"41606","SAL_NAME21":"Willow Creek","STE_CODE21":"4"},"id":"41606"},{"arcs":[[-2280,-4889,-2636,-2185,-3765,-682]],"type":"Polygon","properties":{"SAL_CODE21":"41607","SAL_NAME21":"Willow Springs","STE_CODE21":"4"},"id":"41607"},{"arcs":[[-4212,-732,-3563,4891,-102,-3743]],"type":"Polygon","properties":{"SAL_CODE21":"41608","SAL_NAME21":"Willowie","STE_CODE21":"4"},"id":"41608"},{"arcs":[[4892,-1917,-1910,-4328]],"type":"Polygon","properties":{"SAL_CODE21":"41609","SAL_NAME21":"Willson River","STE_CODE21":"4"},"id":"41609"},{"arcs":[[-4871,-3548,-4741,-2748,4893,4894]],"type":"Polygon","properties":{"SAL_CODE21":"41610","SAL_NAME21":"Willunga","STE_CODE21":"4"},"id":"41610"},{"arcs":[[-4138,4895,-4894,-2747,4896,-3798]],"type":"Polygon","properties":{"SAL_CODE21":"41611","SAL_NAME21":"Willunga Hill","STE_CODE21":"4"},"id":"41611"},{"arcs":[[-4896,-4137,-4588,-4870,-4895]],"type":"Polygon","properties":{"SAL_CODE21":"41612","SAL_NAME21":"Willunga South","STE_CODE21":"4"},"id":"41612"},{"arcs":[[-532,-4677]],"type":"Polygon","properties":{"SAL_CODE21":"41613","SAL_NAME21":"Willyaroo","STE_CODE21":"4"},"id":"41613"},{"arcs":[[-421,-3445,-3972,4897,-4544,-4439,-913,-2595,-103,-4892,-3562]],"type":"Polygon","properties":{"SAL_CODE21":"41614","SAL_NAME21":"Wilmington","STE_CODE21":"4"},"id":"41614"},{"arcs":[[-4884,-3321,-1092,-1901,-4182,4898]],"type":"Polygon","properties":{"SAL_CODE21":"41615","SAL_NAME21":"Windsor (SA)","STE_CODE21":"4"},"id":"41615"},{"arcs":[[-3078,-2704,-2357,-2734,-1834,-4161,-1131]],"type":"Polygon","properties":{"SAL_CODE21":"41616","SAL_NAME21":"Windsor Gardens","STE_CODE21":"4"},"id":"41616"},{"arcs":[[-4121,-2365,-1894,-4468,-167,-3472]],"type":"Polygon","properties":{"SAL_CODE21":"41617","SAL_NAME21":"Wingfield","STE_CODE21":"4"},"id":"41617"},{"arcs":[[-2530,-719,-2972,-4638,-3334,-2420]],"type":"Polygon","properties":{"SAL_CODE21":"41618","SAL_NAME21":"Winkie","STE_CODE21":"4"},"id":"41618"},{"arcs":[[-4386,4899,-3970,-3649,4900]],"type":"Polygon","properties":{"SAL_CODE21":"41619","SAL_NAME21":"Winninowie","STE_CODE21":"4"},"id":"41619"},{"arcs":[[-1413,-4411,-1886,-4245,-3419,-234]],"type":"Polygon","properties":{"SAL_CODE21":"41620","SAL_NAME21":"Winulta","STE_CODE21":"4"},"id":"41620"},{"arcs":[[-481,-4729,-387,4901,-728,-202,-4672]],"type":"Polygon","properties":{"SAL_CODE21":"41621","SAL_NAME21":"Wirrabara","STE_CODE21":"4"},"id":"41621"},{"arcs":[[-3716,-3198,-4887,-3048,-4886,-128,-211,-2830,-3417,-3203]],"type":"Polygon","properties":{"SAL_CODE21":"41622","SAL_NAME21":"Wirraminna","STE_CODE21":"4"},"id":"41622"},{"arcs":[[-849,-4611,-3339,-1143]],"type":"Polygon","properties":{"SAL_CODE21":"41623","SAL_NAME21":"Wirrega","STE_CODE21":"4"},"id":"41623"},{"arcs":[[4902,-4023,-2648,-4580]],"type":"Polygon","properties":{"SAL_CODE21":"41624","SAL_NAME21":"Wirrina Cove","STE_CODE21":"4"},"id":"41624"},{"arcs":[[-4818,4903,-4249,-4263]],"type":"Polygon","properties":{"SAL_CODE21":"41625","SAL_NAME21":"Wirrulla","STE_CODE21":"4"},"id":"41625"},{"arcs":[[-444,4904,-3052,-3574,-1219,4905,-2028]],"type":"Polygon","properties":{"SAL_CODE21":"41626","SAL_NAME21":"Wisanger","STE_CODE21":"4"},"id":"41626"},{"arcs":[[-3773,-4253,-4456,-2691,-956,-3772]],"type":"Polygon","properties":{"SAL_CODE21":"41627","SAL_NAME21":"Wistow","STE_CODE21":"4"},"id":"41627"},{"arcs":[[[-1468,-4365,4906,-4784]],[[4907]]],"type":"MultiPolygon","properties":{"SAL_CODE21":"41628","SAL_NAME21":"Witera","STE_CODE21":"4"},"id":"41628"},{"arcs":[[-1049,-4349,-3877,-4627,-428]],"type":"Polygon","properties":{"SAL_CODE21":"41629","SAL_NAME21":"Wokurna","STE_CODE21":"4"},"id":"41629"},{"arcs":[[-1763,-4320,-758,-4268,4908]],"type":"Polygon","properties":{"SAL_CODE21":"41630","SAL_NAME21":"Wolseley","STE_CODE21":"4"},"id":"41630"},{"arcs":[[-3748,-3893]],"type":"Polygon","properties":{"SAL_CODE21":"41631","SAL_NAME21":"Wombats Rest","STE_CODE21":"4"},"id":"41631"},{"arcs":[[-2213,-4814,-612,-4697,-4011]],"type":"Polygon","properties":{"SAL_CODE21":"41632","SAL_NAME21":"Wongulla","STE_CODE21":"4"},"id":"41632"},{"arcs":[[-729,-4902,-386,-3914]],"type":"Polygon","properties":{"SAL_CODE21":"41633","SAL_NAME21":"Wongyarra","STE_CODE21":"4"},"id":"41633"},{"arcs":[[-4737,-2232,-4265,-1477,-3787,-4790,-4881]],"type":"Polygon","properties":{"SAL_CODE21":"41634","SAL_NAME21":"Wonna","STE_CODE21":"4"},"id":"41634"},{"arcs":[[-4186,-3918,4909,4910,-4260,-3872]],"type":"Polygon","properties":{"SAL_CODE21":"41635","SAL_NAME21":"Wonuarra","STE_CODE21":"4"},"id":"41635"},{"arcs":[[-2693,-4458,-2623,-674,-4676]],"type":"Polygon","properties":{"SAL_CODE21":"41636","SAL_NAME21":"Woodchester","STE_CODE21":"4"},"id":"41636"},{"arcs":[[-2605,-1284,-4111,-3753,-4105,-4482]],"type":"Polygon","properties":{"SAL_CODE21":"41637","SAL_NAME21":"Woodcroft (SA)","STE_CODE21":"4"},"id":"41637"},{"arcs":[[-3414,-4517,-3698,-4057,-4734]],"type":"Polygon","properties":{"SAL_CODE21":"41638","SAL_NAME21":"Woodforde","STE_CODE21":"4"},"id":"41638"},{"arcs":[[-3928,-4816,-4317]],"type":"Polygon","properties":{"SAL_CODE21":"41639","SAL_NAME21":"Woodlane","STE_CODE21":"4"},"id":"41639"},{"arcs":[[-4717,-4194,-3434,-4201,-3360,-952,-4707]],"type":"Polygon","properties":{"SAL_CODE21":"41640","SAL_NAME21":"Woodleigh (SA)","STE_CODE21":"4"},"id":"41640"},{"arcs":[[-4706,-2850,-854,-4866,-3702]],"type":"Polygon","properties":{"SAL_CODE21":"41641","SAL_NAME21":"Woods Point (SA)","STE_CODE21":"4"},"id":"41641"},{"arcs":[[-2654,-4086,-3253,-3302,-1293,-3846,-2617,-919]],"type":"Polygon","properties":{"SAL_CODE21":"41642","SAL_NAME21":"Woodside (SA)","STE_CODE21":"4"},"id":"41642"},{"arcs":[[4911,4912,4913,-41,-1317,-4647,4914]],"type":"Polygon","properties":{"SAL_CODE21":"41643","SAL_NAME21":"Woodville (SA)","STE_CODE21":"4"},"id":"41643"},{"arcs":[[-3044,4915,-3470,-2123]],"type":"Polygon","properties":{"SAL_CODE21":"41644","SAL_NAME21":"Woodville Gardens","STE_CODE21":"4"},"id":"41644"},{"arcs":[[-3471,-4916,-3043,-4915,-4648,-4226,-275]],"type":"Polygon","properties":{"SAL_CODE21":"41645","SAL_NAME21":"Woodville North","STE_CODE21":"4"},"id":"41645"},{"arcs":[[-562,-4912,-3042]],"type":"Polygon","properties":{"SAL_CODE21":"41646","SAL_NAME21":"Woodville Park","STE_CODE21":"4"},"id":"41646"},{"arcs":[[-2131,4916,-4913,-561]],"type":"Polygon","properties":{"SAL_CODE21":"41647","SAL_NAME21":"Woodville South","STE_CODE21":"4"},"id":"41647"},{"arcs":[[-4577,-42,-4914,-4917,-2130]],"type":"Polygon","properties":{"SAL_CODE21":"41648","SAL_NAME21":"Woodville West","STE_CODE21":"4"},"id":"41648"},{"arcs":[[-1530,4917,-4657,4918]],"type":"Polygon","properties":{"SAL_CODE21":"41649","SAL_NAME21":"Wool Bay","STE_CODE21":"4"},"id":"41649"},{"arcs":[[-2742,-2930,-2446,-4882,-3057,-3736,4919]],"type":"Polygon","properties":{"SAL_CODE21":"41650","SAL_NAME21":"Woolpunda","STE_CODE21":"4"},"id":"41650"},{"arcs":[[-4540,-2558,-279,-4792,-4484]],"type":"Polygon","properties":{"SAL_CODE21":"41651","SAL_NAME21":"Woolshed Flat (SA)","STE_CODE21":"4"},"id":"41651"},{"arcs":[[-4277,-4843,-4466,-2145,-4459]],"type":"Polygon","properties":{"SAL_CODE21":"41652","SAL_NAME21":"Woolsheds","STE_CODE21":"4"},"id":"41652"},{"arcs":[[-2980,-3485,-4132,-3010,-3308,-3366,-306]],"type":"Polygon","properties":{"SAL_CODE21":"41653","SAL_NAME21":"Woolumbool","STE_CODE21":"4"},"id":"41653"},{"arcs":[[-4667,-4541,-4898,-3971,-4900,-4385]],"type":"Polygon","properties":{"SAL_CODE21":"41654","SAL_NAME21":"Woolundunga","STE_CODE21":"4"},"id":"41654"},{"arcs":[[-213]],"type":"Polygon","properties":{"SAL_CODE21":"41655","SAL_NAME21":"Woomera","STE_CODE21":"4"},"id":"41655"},{"arcs":[[-357,-1029,-986,-838,-2565,-2032,-1019]],"type":"Polygon","properties":{"SAL_CODE21":"41656","SAL_NAME21":"Worlds End (SA)","STE_CODE21":"4"},"id":"41656"},{"arcs":[[-4703,-3605,-2381,-3817]],"type":"Polygon","properties":{"SAL_CODE21":"41657","SAL_NAME21":"Worrolong","STE_CODE21":"4"},"id":"41657"},{"arcs":[[-2853,4920,-1498]],"type":"Polygon","properties":{"SAL_CODE21":"41658","SAL_NAME21":"Wrattonbully","STE_CODE21":"4"},"id":"41658"},{"arcs":[[-4842,-1427,-3806,4921,-4434,-4273,-3164]],"type":"Polygon","properties":{"SAL_CODE21":"41659","SAL_NAME21":"Wudinna","STE_CODE21":"4"},"id":"41659"},{"arcs":[[-3475,-3409,-737,-4834,-4428,-4432,-1079]],"type":"Polygon","properties":{"SAL_CODE21":"41660","SAL_NAME21":"Wunkar","STE_CODE21":"4"},"id":"41660"},{"arcs":[[4922,-1993,-1246,-1200,-1860]],"type":"Polygon","properties":{"SAL_CODE21":"41661","SAL_NAME21":"Wye","STE_CODE21":"4"},"id":"41661"},{"arcs":[[-3967,-1290,-2057,-789,-2963,-4609,-3732]],"type":"Polygon","properties":{"SAL_CODE21":"41662","SAL_NAME21":"Wynarka","STE_CODE21":"4"},"id":"41662"},{"arcs":[[-3678,-2517,-2430,-4701]],"type":"Polygon","properties":{"SAL_CODE21":"41663","SAL_NAME21":"Wynn Vale","STE_CODE21":"4"},"id":"41663"},{"arcs":[[-4280,4923,-3069,-4554]],"type":"Polygon","properties":{"SAL_CODE21":"41664","SAL_NAME21":"Wyomi","STE_CODE21":"4"},"id":"41664"},{"arcs":[[-2522,-4636,-891,-2069,-3513,-866,-3100]],"type":"Polygon","properties":{"SAL_CODE21":"41665","SAL_NAME21":"Yacka","STE_CODE21":"4"},"id":"41665"},{"arcs":[[-418,4924,-4088,-3216,-2182]],"type":"Polygon","properties":{"SAL_CODE21":"41666","SAL_NAME21":"Yadlamalka","STE_CODE21":"4"},"id":"41666"},{"arcs":[[-1245,-4094,-4644,-4092,-3814,-2384,-1202]],"type":"Polygon","properties":{"SAL_CODE21":"41667","SAL_NAME21":"Yahl","STE_CODE21":"4"},"id":"41667"},{"arcs":[[-2992,-414,-3593,-3624,-3446]],"type":"Polygon","properties":{"SAL_CODE21":"41668","SAL_NAME21":"Yalanda","STE_CODE21":"4"},"id":"41668"},{"arcs":[[4925,-1584,4926,-4067]],"type":"Polygon","properties":{"SAL_CODE21":"41669","SAL_NAME21":"Yalata","STE_CODE21":"4"},"id":"41669"},{"arcs":[[-4793,-4767,-3128,-1972,-1733,-1428]],"type":"Polygon","properties":{"SAL_CODE21":"41670","SAL_NAME21":"Yallunda Flat","STE_CODE21":"4"},"id":"41670"},{"arcs":[[-2051,-4115,-3626,-2859,-528,-3105,4927]],"type":"Polygon","properties":{"SAL_CODE21":"41671","SAL_NAME21":"Yalpara","STE_CODE21":"4"},"id":"41671"},{"arcs":[[-4708,-950,-4261,-4911,4928]],"type":"Polygon","properties":{"SAL_CODE21":"41672","SAL_NAME21":"Yamba (SA)","STE_CODE21":"4"},"id":"41672"},{"arcs":[[-1074,-4558,4929,-4863,-4678,-3758]],"type":"Polygon","properties":{"SAL_CODE21":"41673","SAL_NAME21":"Yanerbie","STE_CODE21":"4"},"id":"41673"},{"arcs":[[-3638,-2296,-4433,-4922,-3805]],"type":"Polygon","properties":{"SAL_CODE21":"41674","SAL_NAME21":"Yaninee","STE_CODE21":"4"},"id":"41674"},{"arcs":[[-1211,-4846,-2815,-351,-4756,-2650,-4025]],"type":"Polygon","properties":{"SAL_CODE21":"41675","SAL_NAME21":"Yankalilla","STE_CODE21":"4"},"id":"41675"},{"arcs":[[-4250,-4904,-4817,-3094,-3087,-2910,-1734,-1329]],"type":"Polygon","properties":{"SAL_CODE21":"41676","SAL_NAME21":"Yantanabie","STE_CODE21":"4"},"id":"41676"},{"arcs":[[-1217,-3708,-1662,-524]],"type":"Polygon","properties":{"SAL_CODE21":"41677","SAL_NAME21":"Yanyarrie","STE_CODE21":"4"},"id":"41677"},{"arcs":[[-948,-2299,-3086,-3196,-3717,-3206,-3823]],"type":"Polygon","properties":{"SAL_CODE21":"41678","SAL_NAME21":"Yardea","STE_CODE21":"4"},"id":"41678"},{"arcs":[[-2934,-4890,-4441,-4543,-3870,-4825,-4343,-4150,-1630,-4089,-4925]],"type":"Polygon","properties":{"SAL_CODE21":"41679","SAL_NAME21":"Yarrah","STE_CODE21":"4"},"id":"41679"},{"arcs":[[-2428,-4796,-2100]],"type":"Polygon","properties":{"SAL_CODE21":"41680","SAL_NAME21":"Yatala Vale","STE_CODE21":"4"},"id":"41680"},{"arcs":[[-3647,-4696,-3451,-4721,-4213,-617]],"type":"Polygon","properties":{"SAL_CODE21":"41681","SAL_NAME21":"Yatina","STE_CODE21":"4"},"id":"41681"},{"arcs":[[-4109,-4788,-568,-2908,-424,-4888,-3015,-2779]],"type":"Polygon","properties":{"SAL_CODE21":"41682","SAL_NAME21":"Yattalunga (SA)","STE_CODE21":"4"},"id":"41682"},{"arcs":[[-885,-1732,-2935,-3657,-2957]],"type":"Polygon","properties":{"SAL_CODE21":"41683","SAL_NAME21":"Yeelanna","STE_CODE21":"4"},"id":"41683"},{"arcs":[[-4066,4930,-4231,-1585,-4926]],"type":"Polygon","properties":{"SAL_CODE21":"41684","SAL_NAME21":"Yellabinna","STE_CODE21":"4"},"id":"41684"},{"arcs":[[-4050,-1939,-3727,-3721,-1692,-4172]],"type":"Polygon","properties":{"SAL_CODE21":"41685","SAL_NAME21":"Yelta (SA)","STE_CODE21":"4"},"id":"41685"},{"arcs":[[-4920,-3735,-3738,-3988,-4835,-735]],"type":"Polygon","properties":{"SAL_CODE21":"41686","SAL_NAME21":"Yinkanie","STE_CODE21":"4"},"id":"41686"},{"arcs":[[-4695,-3453]],"type":"Polygon","properties":{"SAL_CODE21":"41687","SAL_NAME21":"Yongala","STE_CODE21":"4"},"id":"41687"},{"arcs":[[-1742,-4552,-4797,-4633,-3421]],"type":"Polygon","properties":{"SAL_CODE21":"41688","SAL_NAME21":"Yorke Valley","STE_CODE21":"4"},"id":"41688"},{"arcs":[[-4375,-4840,-2609,-831,-3634,-4453,-4658,-4918,-1529,-2743]],"type":"Polygon","properties":{"SAL_CODE21":"41689","SAL_NAME21":"Yorketown","STE_CODE21":"4"},"id":"41689"},{"arcs":[[-791,-2056,-998,-1656,-2226,-3464,-2162,-3462,-4506,-4813,-3195,-2864,4931,-1231,-4728,-1229]],"type":"Polygon","properties":{"SAL_CODE21":"41690","SAL_NAME21":"Younghusband","STE_CODE21":"4"},"id":"41690"},{"arcs":[[-4812,-1232,-4932,-2863]],"type":"Polygon","properties":{"SAL_CODE21":"41691","SAL_NAME21":"Younghusband Holdings","STE_CODE21":"4"},"id":"41691"},{"arcs":[[-4610,-4207,-3978,-3030,-1573,-3571,-3427,-1549]],"type":"Polygon","properties":{"SAL_CODE21":"41692","SAL_NAME21":"Yumali","STE_CODE21":"4"},"id":"41692"},{"arcs":[[-4232,-4931,-4065,-4885,-4424,-3855,-3438,-4826,-2898,-3112,-4867]],"type":"Polygon","properties":{"SAL_CODE21":"41693","SAL_NAME21":"Yumbarra","STE_CODE21":"4"},"id":"41693"},{"arcs":[[-3174,-3831,-3952,-3799,-4897,-2746]],"type":"Polygon","properties":{"SAL_CODE21":"41694","SAL_NAME21":"Yundi","STE_CODE21":"4"},"id":"41694"},{"arcs":[[-4174,-1239,-4928,-3104,-2195,-2484]],"type":"Polygon","properties":{"SAL_CODE21":"41695","SAL_NAME21":"Yunta","STE_CODE21":"4"},"id":"41695"},{"arcs":[[-1094,-4319,-4815]],"type":"Polygon","properties":{"SAL_CODE21":"41696","SAL_NAME21":"Zadows Landing","STE_CODE21":"4"},"id":"41696"},{"type":null,"properties":{"SAL_CODE21":"49494","SAL_NAME21":"No usual address (SA)","STE_CODE21":"4"},"id":"49494"},{"type":null,"properties":{"SAL_CODE21":"49797","SAL_NAME21":"Migratory - Offshore - Shipping (SA)","STE_CODE21":"4"},"id":"49797"}]}}}