{"type":"Topology","arcs":[[[272,3613],[1,-1]],[[273,3612],[-4,0]],[[269,3612],[3,1]],[[277,3625],[0,-8],[-4,-5]],[[273,3612],[-1,1]],[[272,3613],[0,3]],[[272,3616],[3,0],[2,9]],[[242,3625],[-5,6],[4,2],[5,-4],[-4,-4]],[[199,3665],[-1,0]],[[198,3665],[1,0]],[[54,3689],[0,1]],[[54,3690],[0,2]],[[54,3692],[1,8],[5,1],[6,-3],[2,-8],[-3,-5],[4,-7],[7,0],[2,-6],[-6,-7],[-5,7],[-11,11],[-2,6]],[[101,3678],[-6,-1],[-8,4],[-3,7],[8,0],[3,-2],[7,1],[-1,-9]],[[358,3612],[-4,0],[1,-11]],[[355,3601],[-6,9],[-6,5],[1,-10],[-5,3],[-1,5],[-4,8],[3,5],[-1,7],[-8,-2],[-2,-6],[-4,-3],[8,-8],[0,-19],[5,-1],[1,7],[6,0],[-2,-11],[-10,-2],[-6,5],[2,6],[0,13],[-5,-2]],[[321,3610],[-3,0],[-5,-6],[-4,0],[-3,11],[6,2],[3,8],[4,4],[-4,5],[-7,-5],[-4,6],[-5,-2],[0,-6],[8,-1],[-2,-9],[-5,0],[-11,8],[-12,0]],[[277,3625],[-6,-2],[1,-7]],[[272,3616],[-3,-4]],[[269,3612],[-11,5],[-3,-4]],[[255,3613],[-2,9],[-6,8],[8,10],[-6,10],[-4,-3],[2,-8],[-7,3],[-1,-6],[-5,2],[-8,-2],[-7,6],[-7,9],[-2,13],[-7,-2],[-4,3]],[[199,3665],[-1,0]],[[198,3665],[-3,6],[-11,-1],[-5,2],[-11,8],[-4,-1],[-13,-20],[1,-9],[-8,-1],[-3,6],[-5,3],[-11,-2],[-2,3],[-1,18],[-12,3],[2,12],[5,-4],[10,1],[1,-14],[3,-8],[7,2],[5,-6],[8,2],[2,5],[-4,4],[-1,5],[5,1],[6,-4],[8,9],[-1,3],[6,5],[6,-5],[7,1],[5,-2],[6,4],[0,4],[5,5],[9,1],[3,3],[-8,5],[-8,8],[-13,14],[0,4],[-8,17],[-7,7],[0,7],[2,14],[-1,16],[1,6],[4,4],[3,7],[11,6],[16,1],[10,-1],[18,-9],[6,-7],[8,-7],[11,-17],[1,-9],[3,-1],[4,-15],[1,-19],[-4,-20],[-10,-16],[1,-6],[5,1],[4,-5],[9,-1],[9,0],[9,-1],[8,-13],[1,-5],[9,1],[6,-10],[2,-10],[7,-7],[1,-8],[13,1],[1,-7],[11,-6],[6,-5],[6,4],[8,1],[2,-7],[-3,-3],[-10,-1]],[[176,3804],[-3,-6],[0,-19],[-3,-10],[2,-12],[6,-4],[0,-5],[16,-24],[17,-16],[7,-2],[0,5],[22,-5],[7,0],[6,-1],[1,9],[7,9],[3,11],[-2,25],[-11,27],[-12,16],[-6,3],[-4,5],[-10,4],[-17,5],[-11,-1],[-11,-6],[-4,-8]],[[231,3688],[-7,2],[-6,-3],[1,-5],[5,-3],[8,3],[-1,6]],[[255,3684],[-7,-1],[-6,2]],[[242,3685],[4,-4],[7,0],[2,3]],[[278,3661],[-3,0],[-6,-7],[3,-6],[-2,-3],[1,-10]],[[271,3635],[6,17],[6,1],[3,3],[12,4],[-13,11],[-1,-11],[-6,1]],[[304,3650],[6,0],[0,7],[-7,0],[1,-7]],[[38,3683],[3,0],[7,7],[6,2]],[[54,3692],[0,-2]],[[54,3690],[0,-1]],[[54,3689],[-4,0],[-7,-7],[-5,1]],[[22,3694],[1,-1]],[[23,3693],[-7,-7],[-1,10],[7,-2]],[[25,3707],[1,3]],[[26,3710],[5,-4],[6,-6],[5,-12],[-4,-5]],[[38,3683],[-3,3],[-2,9]],[[33,3695],[-10,-2]],[[23,3693],[-1,1]],[[22,3694],[0,11],[3,2]],[[157,3713],[10,0],[0,-4],[-9,-1],[-1,5]],[[10,3716],[2,-4],[-1,-6],[-5,-2],[0,17],[4,-5]],[[33,3784],[4,-4],[1,-9],[-4,-2],[-1,-15],[2,-1],[0,-10],[6,-10],[0,-12],[-4,1],[-2,-8],[-5,5],[-4,-9]],[[26,3710],[-1,-3]],[[25,3707],[-5,6],[1,12],[8,9],[6,2],[-3,9],[-5,4],[-4,9],[0,14],[-3,1],[1,-11],[-6,-10],[0,-13],[-5,-2],[-1,-10],[-6,0],[0,5],[5,5],[-2,9],[2,15],[-4,4],[-1,16],[4,6],[4,-4],[-2,-6],[6,-2],[7,0],[1,5],[10,4]],[[15,3786],[-3,0],[-5,5],[-4,0],[0,15],[8,0],[2,-4],[8,1],[3,-3],[1,-7],[-7,-1],[-3,-6]],[[225,4079],[3,-9],[-6,-2],[-1,5],[4,6]],[[267,4127],[1,1]],[[268,4128],[-1,-1]],[[260,4650],[1,8],[5,-1],[-1,-7],[-5,0]],[[169,4784],[-6,4],[10,8],[8,-2],[-1,-7],[-11,-3]],[[70,5213],[-4,2],[1,9],[4,0],[5,-4],[-1,-6],[-5,-1]],[[113,5234],[6,0],[1,-10],[-8,1],[1,9]],[[87,5229],[6,1],[1,-6],[-5,-2],[-2,7]],[[169,6087],[-1,-9],[10,-1],[2,-15],[-3,-1],[-1,14],[-11,2],[-2,11],[6,-1]],[[68,7256],[3,4],[4,3],[7,1],[1,-5],[-13,-1],[-2,-2]],[[27,7457],[-3,6],[-4,14],[6,-1],[3,-4],[1,-10],[-3,-5]],[[28,7501],[-1,5],[5,2],[1,-7],[-5,0]],[[39,7725],[2,7],[6,-3],[-8,-4]],[[21,7895],[3,-5],[-1,-7],[7,-3],[6,-5],[4,0],[11,-8],[-23,0],[-3,4],[-5,2],[-4,5],[5,5],[-7,6],[-1,5],[-5,-1],[-6,9],[1,8],[7,1],[3,2],[5,-5],[-2,-11],[5,-2]],[[46,7947],[-1,6],[4,2],[7,1],[1,-15],[-4,-3],[-4,2],[-3,7]],[[31,7966],[0,3],[11,2],[0,-10],[-12,0],[1,5]],[[35,7998],[0,-5],[-7,2],[1,5],[6,-2]],[[7,8011],[2,-5],[-7,-4],[-2,23],[4,3],[6,-4],[0,-10],[-3,-3]],[[38,8186],[8,5],[-1,-8],[-7,3]],[[2,8585],[7,5],[-2,-9],[-5,-3],[0,7]],[[5,8596],[6,7],[0,-8],[-6,1]],[[8,8759],[1,5],[-3,5],[-2,6],[5,9],[2,-7],[-1,-3],[2,-15],[-4,0]],[[392,3602],[1,-6],[6,-2],[1,-7],[0,-9],[7,-10],[3,0],[-3,-12]],[[407,3556],[-6,10],[-1,8],[-6,9],[-8,-4],[-7,-7],[-6,6],[-2,-5],[-6,-3],[-3,3],[-7,-3]],[[355,3570],[-7,7],[-4,1],[-1,12],[12,7],[0,4]],[[355,3601],[8,-6],[5,1],[5,14],[4,3],[12,-3],[0,-7],[3,-1]],[[392,3602],[-3,0],[-2,6],[-4,3],[-5,-3],[1,-10],[13,2],[0,2]],[[407,3606],[3,-1]],[[410,3605],[-3,1]],[[403,3607],[4,-1]],[[407,3606],[-4,1]],[[360,3918],[-3,11],[5,1],[0,-7],[-2,-5]],[[298,4683],[3,-9],[-8,0],[-4,6],[2,9],[7,-6]],[[278,4692],[-5,8],[7,-1],[4,-4],[-1,-11],[-1,-3],[-10,-1],[-6,4],[0,8],[6,-4],[6,4]],[[296,4689],[-4,12],[10,0],[-6,-12]],[[309,5110],[-3,5],[8,1],[1,-4],[-6,-2]],[[279,5150],[5,2],[1,-6],[-5,-4],[-1,8]],[[121,7263],[-3,-2],[-1,-9],[-4,0],[2,10],[6,1]],[[126,7739],[3,5],[7,-1],[-3,-6],[-7,2]],[[66,7814],[10,1],[8,4],[5,-4],[4,-7],[0,-7],[-8,-1],[-11,6],[-12,-1],[-9,3],[-3,8],[0,9],[3,4],[5,-2],[1,-7],[7,-6]],[[95,7960],[3,0],[1,-9],[-6,2],[2,7]],[[50,8151],[3,4],[5,-2],[-1,-6],[-5,0],[-2,4]],[[108,8293],[3,3],[1,-11],[-6,2],[2,6]],[[60,8452],[5,8],[3,-8],[-8,0]],[[63,8472],[2,4]],[[65,8476],[-2,-4]],[[70,8553],[-4,3],[6,6],[5,-1],[-2,-6],[-5,-2]],[[79,8607],[-2,-1],[1,-12],[-6,-1],[1,10],[-7,2],[2,9],[6,6],[6,0],[3,-7],[-4,-6]],[[29,8621],[-4,5],[6,8],[4,0],[0,-8],[-2,-5],[-4,0]],[[48,8626],[-2,10],[6,4],[1,-11],[-5,-3]],[[18,8737],[4,-3],[-1,-9],[-4,-6],[-4,5],[1,10],[4,3]],[[33,8754],[7,8],[0,-9],[-7,1]],[[27,8793],[6,1],[0,-8],[-13,-2],[3,8],[4,1]],[[77,8824],[0,-1]],[[77,8823],[1,-1]],[[78,8822],[-2,-4],[-5,0],[2,7],[4,-1]],[[65,8927],[3,7],[3,-6],[-6,-1]],[[11,8991],[3,0],[1,-7],[-6,-1],[2,8]],[[30,9017],[-3,11],[5,1],[1,-9],[-3,-3]],[[52,9051],[1,1]],[[53,9052],[-1,-1]],[[52,9051],[1,1]],[[53,9052],[-1,-1]],[[52,9116],[11,1],[0,-7],[-10,0],[-1,6]],[[416,3537],[2,6],[8,2]],[[426,3545],[3,7],[-5,4]],[[424,3556],[-3,-10],[-8,1],[0,6],[-6,3]],[[407,3556],[8,2],[5,4],[-5,11],[-2,17],[6,-2]],[[419,3588],[6,3],[6,9],[14,2],[3,-5],[2,-11],[7,7],[-3,9],[4,6],[7,-1],[6,2],[7,-10],[0,-10],[-5,-5],[-5,2],[-6,-3],[2,-5],[7,1],[6,-7],[1,-8],[-5,0],[-5,-5],[7,-8],[0,-9],[-3,0],[-8,-8],[-4,0],[-8,6],[-20,-8],[-5,7],[-5,-2],[3,-12],[-3,-6],[-4,-1],[-13,-1],[-2,4],[7,3],[-1,5],[-7,15],[7,3],[7,-10]],[[412,3532],[4,5]],[[416,3537],[-4,-5]],[[424,3556],[6,7],[-4,4],[-5,-3],[3,-8]],[[419,3588],[0,-15],[1,-5],[6,1],[3,4],[0,7],[-10,8]],[[446,3545],[-1,13],[-5,-7],[6,-6]],[[491,3593],[1,-1]],[[492,3592],[1,-1]],[[493,3591],[-2,2]],[[499,3594],[-6,-3]],[[493,3591],[-1,1]],[[492,3592],[-1,1]],[[491,3593],[-2,11],[11,-5],[-1,-5]],[[422,3632],[2,-12],[-6,4],[-9,15],[0,8],[8,-1],[6,-10],[-1,-4]],[[433,4320],[-6,-1],[-2,4],[-7,0],[0,7],[5,3],[6,-7],[4,-1],[0,-5]],[[365,4440],[1,1]],[[366,4441],[-1,-1]],[[366,4441],[-1,-1]],[[365,4440],[1,1]],[[375,4817],[-1,-4],[-1,-12],[-4,5],[-5,0],[1,7],[0,10],[9,-1],[1,-5]],[[375,4879],[4,3],[5,-10],[-1,-9],[-5,-3],[-2,-9],[1,-8],[-5,-3],[-3,7],[1,10],[2,1],[0,11],[-1,7],[4,3]],[[317,5138],[-1,-10],[-6,-8],[-7,23],[2,2],[8,0],[4,-7]],[[357,5379],[3,0],[2,-7],[-6,-3],[1,10]],[[195,7085],[6,5],[-1,-13],[-9,-1],[0,3],[4,6]],[[227,7462],[-1,10],[-8,-1],[6,9],[7,-2],[1,-15],[-5,-1]],[[184,7571],[2,12],[3,-3],[-1,-6],[-4,-3]],[[147,7674],[5,6],[1,-8],[-1,-4],[-5,-1],[0,7]],[[136,8397],[1,-9],[-7,-2],[-4,6],[5,5],[5,0]],[[150,8417],[-5,7],[6,4],[3,-1],[0,-9],[-4,-1]],[[102,8630],[-3,3],[8,9],[4,-5],[-4,-6],[-5,-1]],[[122,8648],[-3,0],[-1,10],[5,6],[4,1],[3,-8],[-5,-7],[-3,-2]],[[112,8697],[2,7],[6,-3],[1,-8],[-3,-1],[-6,5]],[[131,8753],[-5,-1],[-4,8],[3,7],[8,1],[3,-10],[-5,-5]],[[78,8822],[-1,1]],[[77,8823],[0,1]],[[77,8824],[7,2],[5,-3],[0,-11],[-7,-1],[-2,10],[-2,1]],[[119,8829],[6,-1],[2,-6],[-9,-1],[1,8]],[[116,8886],[2,-9],[-4,-1],[2,10]],[[95,8898],[5,2],[0,-7],[-5,-4],[0,9]],[[88,9091],[3,-1],[6,-6],[4,-13],[1,-11],[-2,-2],[0,-11],[-4,-5],[-2,8],[-6,5],[0,8],[2,7],[-2,21]],[[508,3620],[-6,-1],[0,8],[5,3],[2,4],[5,1],[3,6],[6,0],[6,-3],[-8,-14],[-4,-3],[-9,-1]],[[564,3642],[8,8],[4,-4],[-1,-5],[3,-9],[-5,-3],[-2,-5],[-5,2],[-2,16]],[[552,3644],[-8,-3],[2,9],[6,1],[7,-5],[-3,-4],[-4,2]],[[406,5025],[-1,4],[4,5],[4,-1],[-1,-7],[-6,-1]],[[464,5240],[6,-2],[-1,-6],[-6,2],[1,6]],[[423,5422],[-4,6],[6,7],[2,-4],[-4,-9]],[[299,7290],[5,5],[2,-5],[-3,-3],[-4,3]],[[294,7312],[0,-2]],[[294,7310],[0,2]],[[294,7310],[0,2]],[[294,7312],[0,-2]],[[319,7368],[2,-6],[-5,-1],[-4,4],[7,3]],[[313,7410],[3,6],[6,-1],[-1,-8],[-5,0],[-3,3]],[[318,7441],[-5,1],[2,5],[7,0],[-4,-6]],[[289,7437],[4,7],[7,3],[0,-7],[-2,-2],[-9,-1]],[[265,7507],[2,5],[4,1],[-2,-11],[-4,5]],[[295,7873],[-4,7],[9,-1],[2,-3],[-7,-3]],[[297,7891],[-5,-1]],[[292,7890],[5,1]],[[177,8592],[-5,0],[-1,13],[5,0],[3,-4],[-2,-9]],[[208,8665],[-5,-2],[0,6],[8,1],[-3,-5]],[[248,8716],[0,6],[4,6],[4,-2],[-1,-16],[-5,0],[-2,6]],[[208,8731],[2,9],[5,0],[1,-9],[-8,-4],[0,4]],[[248,8735],[-1,-4],[-9,-4],[-4,4],[7,9],[-1,7],[4,0],[4,-4],[0,-8]],[[167,8739],[2,-7],[-5,1],[3,6]],[[234,8746],[0,7],[6,1],[-2,-9],[-4,1]],[[229,8760],[-2,2],[-1,10],[2,8],[7,-3],[-1,-10],[-1,-6],[-4,-1]],[[183,8888],[-5,6],[1,5],[5,2],[3,-4],[1,-7],[-5,-2]],[[184,8993],[1,1]],[[185,8994],[1,2]],[[186,8996],[1,1]],[[187,8997],[-3,-4]],[[187,8997],[-1,-1]],[[186,8996],[-1,-2]],[[185,8994],[-1,-1]],[[184,8993],[-4,-6],[-7,3],[-4,-6],[-3,0],[1,16],[3,8],[5,10],[-2,11],[2,8],[5,5],[2,-8],[5,-5],[1,-21],[-1,-3],[0,-8]],[[634,3633],[5,-7],[15,3],[7,-1],[5,-16],[-6,-2],[-6,3],[0,3],[-6,5],[-6,-4],[-7,7],[-7,0],[-5,6],[11,3]],[[643,3655],[-10,-3],[-6,-16],[-12,0]],[[615,3636],[2,5]],[[617,3641],[-9,-2],[-4,5],[-5,-9]],[[599,3635],[-8,2],[-4,7],[6,2],[2,4],[8,0],[-1,6],[3,5],[11,3],[5,-5],[9,-2],[4,-3],[9,1]],[[606,3659],[5,-6],[2,6],[-7,0]],[[613,3676],[3,-1]],[[616,3675],[-3,1]],[[616,3675],[-3,1]],[[613,3676],[6,2],[5,-5],[4,2],[0,15],[4,-2],[0,-11],[-5,-6],[-5,0],[-6,4]],[[634,3705],[4,-5]],[[638,3700],[-4,5]],[[618,3707],[11,-7],[9,0]],[[638,3700],[-9,-2],[-11,9]],[[649,3720],[-9,-1]],[[640,3719],[2,4],[7,-3]],[[649,3720],[-1,6]],[[648,3726],[1,-6]],[[655,3751],[-4,-4],[-7,3],[-6,0],[-5,-4],[-18,-2],[-8,8],[-2,6],[5,10],[8,0],[10,-9],[0,7],[6,3],[1,-7],[-6,0],[-1,-9],[1,-6],[4,0],[4,6],[7,-1],[3,5],[4,0],[4,-6]],[[662,3774],[-5,0],[-4,-8],[7,-1],[0,-4],[-5,-10]],[[655,3751],[-6,13],[7,12],[6,-2]],[[637,3796],[-5,-5],[-4,0],[-10,-6],[-7,-1],[-2,6],[1,4]],[[610,3794],[14,0]],[[624,3794],[4,7]],[[628,3801],[9,-5]],[[624,3794],[-12,-3],[0,-4],[12,3],[0,4]],[[637,3795],[0,1]],[[637,3796],[0,-1]],[[613,3802],[10,1],[5,-2]],[[628,3801],[-11,-1],[-4,2]],[[582,3803],[3,6]],[[585,3809],[-3,-6]],[[603,3825],[-4,-2],[-10,0]],[[589,3823],[14,2]],[[603,3825],[-5,1],[1,10]],[[599,3836],[0,-9],[4,-2]],[[599,3836],[-3,7],[-16,-2],[-3,2],[1,8],[8,1],[-5,7],[-10,-2],[-5,10]],[[566,3867],[1,1]],[[567,3868],[3,-6],[6,-1]],[[576,3861],[7,0],[5,-4],[7,-1],[-2,-6],[-12,-1],[0,-6],[16,3],[2,-10]],[[573,3941],[8,-12],[-2,-7],[2,-8],[-5,-7],[3,-4],[4,4]],[[583,3907],[-3,-6],[-16,-1],[1,-8],[-1,-6],[7,0],[0,-8],[-4,-10]],[[567,3868],[-1,-1]],[[566,3867],[0,5],[3,6],[0,5],[-7,0],[-2,23],[8,0],[5,10],[0,6],[-9,2],[0,7],[4,3],[-1,7],[6,0]],[[607,3944],[3,-4]],[[610,3940],[-3,4]],[[616,3951],[4,-14],[-10,0]],[[610,3937],[8,1],[-2,13]],[[610,3937],[-10,3],[-20,-3],[-7,4]],[[573,3941],[0,7],[6,9],[3,-6],[-4,-8]],[[578,3943],[4,-3],[5,1],[0,7]],[[587,3948],[4,-8],[10,1],[9,-1]],[[610,3940],[0,-3]],[[627,3950],[-5,-1]],[[622,3949],[5,1]],[[622,3949],[-6,2]],[[616,3951],[6,-2]],[[627,3950],[1,3],[1,9]],[[629,3962],[1,-7],[0,-3],[-3,-2]],[[629,3962],[-4,-3],[-6,1],[0,8]],[[619,3968],[3,-5],[7,-1]],[[597,3998],[4,-13],[2,-1]],[[603,3984],[-3,-4],[-3,18]],[[604,4006],[-1,-3],[-6,-5]],[[597,3998],[4,8],[3,0]],[[604,4006],[6,3]],[[610,4009],[-6,-3]],[[610,4009],[1,6]],[[611,4015],[1,0]],[[612,4015],[-2,-6]],[[611,4015],[1,0]],[[612,4015],[-1,0]],[[566,4032],[3,1]],[[569,4033],[2,1]],[[571,4034],[-4,-9],[2,-2]],[[569,4023],[-8,2]],[[561,4025],[1,8],[4,-1]],[[569,4033],[-3,-1]],[[566,4032],[3,1]],[[556,4058],[4,4],[0,5],[5,0],[0,-11],[-6,-3],[-3,5]],[[573,4052],[-3,6],[3,6],[6,2],[-5,8],[-1,13],[6,4],[-7,3],[-1,4],[2,9]],[[573,4107],[2,-9],[5,-2],[0,-6],[-6,-4],[2,-14],[8,-3],[-2,-4],[-8,-2],[-3,-6],[2,-5]],[[567,4172],[-2,-2],[5,-7],[-4,-2],[-3,9],[4,2]],[[567,4172],[3,-3]],[[570,4169],[-3,3]],[[607,4244],[6,-5],[0,-7],[-6,-7],[0,-9],[-3,-9],[-8,-8],[1,-7],[3,-5],[-13,-10],[-11,-3],[1,-8],[2,-3],[-4,-10],[7,1],[-1,11],[8,2],[-1,-14],[-5,-7],[-6,-3],[-4,-5],[-3,3],[2,5],[10,1],[1,5],[-10,0],[3,7],[-2,14],[2,5],[11,2],[11,6],[-4,6],[1,8],[7,5],[-4,10],[5,5],[-4,6],[-3,-6],[-4,8],[7,5],[12,0],[0,6],[-4,5]],[[613,4228],[4,-1],[-1,-8],[-5,0],[-3,5],[5,4]],[[619,4280],[0,12],[6,2],[4,-6],[0,-11],[-5,0],[-5,3]],[[607,4244],[-1,8],[6,2],[2,4],[-17,-1],[-5,12],[8,2],[-1,12],[-4,2],[-11,-1],[-6,5],[-3,33],[1,11],[1,6],[9,2],[12,-7],[4,-9],[-3,-16],[5,1],[-1,-6],[-8,-2],[6,-8],[0,-6],[5,1],[6,5],[-3,13],[6,-2]],[[615,4305],[-1,-2]],[[614,4303],[0,-2]],[[614,4301],[2,-8],[-5,0],[-3,-10],[-7,2],[1,-16],[7,1],[0,-10],[9,1],[0,-6],[-5,-4],[-5,0],[-1,-7]],[[614,4301],[0,2]],[[614,4303],[1,2]],[[615,4305],[2,0]],[[617,4305],[-3,-4]],[[604,4375],[0,8],[4,-2],[1,-7],[-5,1]],[[592,4434],[0,3]],[[592,4437],[1,2]],[[593,4439],[3,-1]],[[596,4438],[-4,-4]],[[610,4482],[5,2],[5,-4],[6,-10],[-2,-13],[-11,-1],[0,-5],[-8,0],[0,-9],[-3,-4],[0,-9],[-6,-3],[5,-11],[1,-8],[10,1],[7,6],[-3,22],[12,3],[1,-9],[-1,-15],[-2,-7],[5,-6],[4,3],[-1,17],[6,12],[5,8],[0,6],[4,6],[1,7],[-4,6],[-1,13],[9,2],[6,-1],[9,-5],[10,-14],[6,-14],[1,-16],[-12,-13],[-10,-13],[-1,-4],[1,-6],[-3,-8],[8,-4],[0,-6],[7,5],[10,11],[12,1],[8,-2],[6,-6],[7,-12],[1,-16],[-1,-3],[-7,-10],[-12,-2],[-6,1],[-2,7],[-11,17],[-7,1],[-7,4],[-1,-11],[-7,-3],[-3,-6],[4,-13],[3,3],[6,-1],[4,-4],[1,-12],[-4,-17]],[[670,4310],[-15,3],[-1,2]],[[654,4315],[4,3],[-1,7],[1,8],[-8,-1],[-7,7],[-5,-1],[2,-17],[0,-8],[-3,-12],[4,-15]],[[641,4286],[-4,2],[-2,13],[2,5],[-10,13],[-3,-6],[4,-9],[-11,1]],[[617,4305],[9,4],[-5,5],[0,5],[6,2],[9,-8],[2,7],[0,20],[10,4],[0,-6],[6,-3],[3,4],[-4,15],[2,5],[8,3],[2,5],[-4,6],[-1,6],[3,6],[-11,6],[-5,6],[-6,-3],[-14,-1],[5,6],[-7,6],[-13,0],[-16,-2],[-4,3],[-12,-3],[-9,1],[-1,9],[-4,1],[-16,17],[-2,9],[-1,19],[7,14],[4,4],[10,1],[9,-3],[11,-7]],[[588,4468],[6,-7],[6,-1]],[[600,4460],[0,3],[7,2],[8,-6],[-1,10],[7,7],[-6,6],[-5,0]],[[607,4457],[0,6],[-7,-3]],[[600,4460],[-2,-5],[9,2]],[[593,4439],[-1,-2]],[[592,4437],[0,-3]],[[592,4434],[4,4]],[[596,4438],[-3,1]],[[603,4453],[-6,0],[1,-8],[4,-1],[1,9]],[[588,4468],[-9,19],[9,-1],[13,-11],[-4,-7],[-9,0]],[[610,4482],[-5,6],[-6,0],[-3,9],[1,7]],[[597,4504],[0,-6],[9,1],[2,-5]],[[608,4494],[2,-12]],[[608,4508],[5,4]],[[613,4512],[1,-5],[-12,-2],[-1,2]],[[601,4507],[7,1]],[[608,4508],[-7,-1]],[[601,4507],[7,1]],[[612,4518],[1,-6]],[[613,4512],[-1,6]],[[601,4604],[-5,-2],[-2,7],[-12,-1],[-8,6],[-1,8],[-10,4],[-9,0],[-11,12],[-3,18],[2,10],[8,25],[-5,0],[-4,5],[0,7],[-8,-3],[-15,-3],[-8,3]],[[510,4700],[-3,7],[-2,27],[2,10],[4,5],[5,0],[6,-5],[12,-13],[6,-3],[19,3],[10,-4],[13,-12],[2,0],[12,-14],[6,-11],[5,-15],[1,-22],[-4,-18],[0,-7],[-8,-13],[5,-11]],[[500,4984],[4,6],[6,-1],[2,8],[4,-3],[-1,-9],[-7,-1],[-4,2],[-4,-2]],[[565,5105],[-5,-2],[-1,7],[7,1],[-1,-6]],[[549,5110],[-5,1],[-1,5],[6,1],[0,-7]],[[559,5112],[5,7],[6,-4],[-11,-3]],[[521,5150],[-6,4],[3,4],[12,1],[2,-6],[-2,-5],[-9,2]],[[567,5165],[-4,9],[6,-1],[2,-6],[-4,-2]],[[456,6011],[-4,1],[2,8],[-3,5],[-5,2],[-1,16],[9,2],[6,-10],[5,2],[4,5],[8,1],[-8,-21],[-4,0],[-9,-11]],[[345,7340],[-1,-2]],[[344,7338],[1,2]],[[398,7407],[-1,-9],[-5,3],[6,6]],[[385,7428],[5,2],[1,-6],[-3,-5],[-4,1],[1,8]],[[346,7449],[-1,6],[4,7],[3,-4],[0,-7],[-6,-2]],[[334,7479],[2,7],[5,3],[3,-7],[-4,-7],[-6,-1],[0,5]],[[367,7479],[-3,-2],[0,19],[4,1],[-1,-18]],[[347,7490],[5,1],[0,-11],[-3,0],[-2,10]],[[351,7537],[5,8],[3,-5],[-5,-5],[-3,2]],[[371,7636],[9,1],[-2,-6],[-8,2],[1,3]],[[396,7643],[1,-4],[-7,-3],[0,4],[6,3]],[[328,7652],[-2,9],[8,7],[1,-9],[-7,-7]],[[354,7650],[-4,0],[0,19],[3,7],[5,1],[1,-6],[-5,-21]],[[280,8620],[-2,-6],[-7,4],[7,11],[2,-9]],[[279,8664],[3,-8],[-6,-1],[-1,6],[4,3]],[[286,8703],[-3,1],[-1,8],[4,2],[2,-9],[-2,-2]],[[285,8833],[4,3],[1,-11],[-5,5],[0,3]],[[308,8886],[2,7],[5,1],[0,-6],[-3,-6],[-4,4]],[[246,8906],[7,-4],[0,-10],[-5,1],[-2,5],[0,8]],[[268,8933],[2,-3],[-7,-7],[-2,4],[3,7],[4,-1]],[[256,8980],[0,-8],[-3,-5],[1,-8],[-7,1],[-3,-4],[8,-7],[0,-5],[-6,-2],[0,5],[-10,9],[2,8],[-5,7],[-3,1],[-2,9],[10,8],[10,0],[4,-2],[4,-7]],[[281,8968],[-4,3],[-1,8],[8,0],[-3,-11]],[[260,9068],[2,7],[7,-2],[-3,-6],[-6,1]],[[683,3618],[3,-3],[9,2],[1,-4],[-12,-1],[-7,-3],[-4,2],[3,9],[7,-2]],[[716,3628],[11,-2],[4,3],[4,-4],[-12,-1],[-7,4]],[[724,3646],[1,-7],[-7,4],[-6,-3],[-11,0],[-1,-4],[6,-1],[0,-6],[10,-1]],[[716,3628],[-4,-3],[-10,-2],[-4,5],[0,17],[9,0],[14,4],[3,-3]],[[780,3660],[-7,3],[-10,-1],[1,-4],[-5,-5],[-3,5],[3,5],[16,1],[5,-4]],[[737,3665],[-10,-2],[-2,3],[-10,-3],[-3,8],[-10,4],[2,7]],[[704,3682],[0,-5],[7,-3],[5,2]],[[716,3676],[0,-11],[11,2],[3,7]],[[730,3674],[2,-1]],[[732,3673],[-3,-6],[8,-2]],[[732,3673],[-2,1]],[[730,3674],[2,-1]],[[720,3679],[-4,-3]],[[716,3676],[4,3]],[[772,3677],[-10,2],[-9,1],[-9,8],[12,2],[7,3],[21,2]],[[784,3695],[1,-9],[-6,-4],[-7,-2],[0,-3]],[[806,3713],[-7,-7],[-1,-17],[-5,3],[3,12],[-1,12],[6,4],[5,-7]],[[746,3695],[-5,6],[-7,0],[0,5],[14,2],[-2,-13]],[[716,3700],[4,2],[3,-8],[-3,-6],[-4,2],[4,8],[-4,2]],[[798,3740],[4,2],[0,-8],[-5,2],[1,4]],[[743,3733],[-5,3],[5,10],[4,0],[1,-7],[-5,-6]],[[729,3744],[1,0]],[[730,3744],[-1,0]],[[717,3752],[2,-10],[-3,-4],[-5,0],[1,13],[5,1]],[[732,3748],[-2,-4]],[[730,3744],[-1,0]],[[729,3744],[3,4]],[[732,3767],[4,6],[2,7]],[[738,3780],[6,1]],[[744,3781],[0,-7],[10,1]],[[754,3775],[-12,-4],[-3,4],[-7,-8]],[[738,3780],[6,1]],[[744,3781],[-6,-1]],[[772,3810],[4,-3],[-1,-6],[-8,0]],[[767,3801],[-5,7],[7,6],[3,-4]],[[773,3827],[2,-15],[-3,-2]],[[772,3810],[1,17]],[[778,3830],[-5,-3]],[[773,3827],[5,3]],[[778,3868],[1,-13],[7,-13],[0,-9],[-8,-3]],[[778,3830],[1,11],[-3,3],[-8,-1]],[[768,3843],[-1,8],[10,0],[0,6],[-3,4],[4,7]],[[778,3868],[7,10]],[[785,3878],[4,-3],[4,4]],[[793,3879],[-2,-9],[-6,3],[-7,-5]],[[793,3879],[-8,-1]],[[785,3878],[-8,4],[-2,12],[-6,4],[-2,10],[6,1],[16,-12]],[[789,3897],[0,-1]],[[789,3896],[-5,-3],[4,-7],[1,-5],[4,-2]],[[695,4234],[-21,-2],[-14,9],[0,8],[8,15],[-1,18],[2,1],[11,-1],[2,-5],[6,2],[1,-7],[7,-4],[0,-7],[4,-8],[0,-10],[-5,-9]],[[645,4296],[3,-7],[-4,-5],[-3,2]],[[641,4286],[6,4],[-2,6]],[[700,4301],[5,-11],[4,-1],[-1,-10],[-9,0],[1,9],[-3,10],[-13,7],[-4,3],[1,7],[6,2],[3,-9],[3,-6],[7,-1]],[[628,4362],[4,-1],[4,-11],[-11,6],[3,6]],[[628,4362],[-3,5],[4,4],[13,3],[-1,-8],[-11,0],[-2,-4]],[[645,4485],[-2,-4],[-8,0],[-5,9],[-1,7],[5,5],[11,-2],[2,-9],[-2,-6]],[[639,4551],[0,6]],[[639,4557],[6,-1],[1,-11],[-9,-2],[6,-6],[0,-4],[-13,-1],[-2,-8],[-4,-4]],[[624,4520],[4,13],[13,2],[-8,12],[6,4]],[[699,4548],[8,0]],[[707,4548],[-8,0]],[[729,4557],[-1,-3],[-5,0],[-12,2],[-4,-8]],[[707,4548],[-2,9],[7,5],[4,-5],[11,-2],[2,2]],[[706,4620],[2,1],[15,1],[6,3],[2,-3],[1,-12],[-7,-3],[0,11],[-5,3],[-14,-1]],[[706,4620],[0,-5],[3,-6],[-3,-6],[0,-9],[-4,-5],[-6,0],[-3,4],[-2,20],[7,-1],[0,3],[-10,4],[-9,5],[0,6],[-12,-3],[3,-7],[-3,-6],[-7,3],[-2,-3],[-6,4],[-4,-7],[8,-5],[17,3],[4,-6],[6,0],[0,-16],[5,-1],[5,-6],[0,-6],[-5,-3],[1,-12],[9,0],[-3,-5],[4,-6]],[[699,4548],[-4,0],[-1,7],[-6,3],[-1,11],[5,9],[-4,3],[-7,2],[-1,14],[-6,-2]],[[674,4595],[-4,5],[-12,2],[-3,-16],[1,-9],[-5,0],[-8,26],[2,11],[-6,0],[-4,-18],[-8,-2],[-2,7],[5,11],[-9,-1],[-6,-7],[1,-13],[-9,-2],[3,-9],[10,1],[8,-20],[9,3],[2,-7]],[[639,4557],[-4,4],[-8,-1],[-6,11],[-5,-2],[-1,5],[4,4],[-13,1],[-2,22],[-3,3]],[[601,4604],[7,-7],[0,-6],[6,2],[-1,16],[5,2],[-1,10],[7,-5],[4,5],[8,0]],[[636,4621],[2,3],[0,15],[3,3],[-2,10],[2,6],[16,21],[8,5],[-1,8],[2,4],[-3,28],[6,4],[7,0],[9,-5],[1,-10],[6,-9],[6,-11],[0,-16],[7,-13],[1,-10],[4,-9],[0,-10],[-4,-15]],[[636,4621],[-5,-4],[0,-12],[6,4],[-1,12]],[[727,4696],[0,-6],[-7,-1],[2,7],[5,0]],[[707,4704],[-1,6],[6,2],[2,-5],[-4,-5],[-3,2]],[[595,5091],[-7,-1],[-4,3],[1,8],[5,-2],[9,1],[1,4],[7,-2],[-10,-5],[-2,-6]],[[586,5137],[3,5],[4,-1],[0,-12],[-6,0],[-1,8]],[[600,5468],[6,-5],[-6,-4],[0,9]],[[429,7355],[-3,-5],[-1,13],[11,0],[-7,-8]],[[496,7551],[0,-8],[-5,-5],[-5,7],[-4,1],[-2,5],[0,11],[6,1],[9,-7],[1,-5]],[[393,8723],[0,-6],[-6,2],[2,5],[4,-1]],[[413,8751],[1,6],[4,0],[1,-6],[-3,-6],[-4,-1],[1,7]],[[394,8891],[4,-13],[-7,3],[-1,4],[4,6]],[[384,8915],[0,-7],[-5,-3],[0,9],[5,1]],[[366,8994],[1,7],[4,-6],[-5,-1]],[[883,3561],[1,1]],[[884,3562],[-1,-1]],[[884,3562],[-1,-1]],[[883,3561],[1,1]],[[873,3560],[-5,1]],[[868,3561],[1,1]],[[869,3562],[4,-2]],[[869,3562],[-1,-1]],[[868,3561],[-6,-1],[0,6],[7,-4]],[[861,3608],[2,-5],[7,0],[-2,-8],[5,-13],[-5,-11],[-8,4],[-2,11],[-7,4],[0,8],[9,-1],[-1,8],[2,3]],[[827,3633],[-1,-12],[-5,1],[6,11]],[[923,3651],[1,-11]],[[924,3640],[-1,-7],[-3,-7],[1,-16],[-3,3],[-1,11],[-5,7],[0,16],[6,8],[0,7],[7,-3],[-2,-8]],[[924,3640],[2,3],[-3,8]],[[923,3651],[5,3],[0,-12],[2,-7],[-5,-2],[-1,7]],[[888,3691],[3,-5],[-4,-6],[-6,5],[1,9],[6,-3]],[[868,3714],[6,-4],[1,-6],[-7,0],[0,10]],[[806,3713],[4,6],[0,10],[4,3],[7,-7],[6,-8],[3,-14],[-3,-8],[-7,0],[-4,4],[0,6],[-5,5],[-5,3]],[[789,3896],[0,1]],[[789,3897],[2,5],[-5,3],[-2,8],[15,1],[-2,-3],[-6,-2],[3,-9],[-5,-4]],[[806,3959],[1,0]],[[807,3959],[-1,0]],[[905,3961],[-5,-1],[-3,5],[-7,-3],[7,-9],[-6,-2],[1,-4],[-9,-2],[-5,5],[0,5],[-6,2],[0,-8],[-10,-1],[-7,5],[-10,-5],[-5,6],[1,6],[8,0],[3,3],[7,-2],[7,1],[6,4],[9,-3],[2,11],[4,-4],[14,0],[4,-9]],[[924,3972],[1,-1]],[[925,3971],[-9,-13],[-4,3],[-7,0]],[[905,3961],[3,5],[-2,9],[11,1],[5,2],[2,-6]],[[925,3971],[-1,1]],[[924,3972],[4,4]],[[928,3976],[-3,-5]],[[807,3959],[-1,0]],[[806,3959],[1,0]],[[928,3976],[-3,9],[4,1]],[[929,3986],[3,-5],[-4,-5]],[[936,3990],[1,0]],[[937,3990],[1,-3],[-9,-1]],[[929,3986],[7,4]],[[885,4384],[5,-1],[4,-6],[0,-7],[3,-1],[7,-16],[-12,13],[0,5],[-10,12],[3,1]],[[749,4564],[-1,7],[-13,-7],[1,-4],[-7,-3]],[[729,4557],[4,6],[-8,5],[3,5],[12,-3],[18,6],[4,6],[5,-5],[0,9],[8,0],[1,10],[-3,2]],[[773,4598],[7,-3]],[[780,4595],[2,-6],[-6,-3],[-4,-5],[9,0]],[[781,4581],[5,-3],[-3,-12],[-17,-1],[4,-6],[5,3],[11,-3],[8,-5],[7,-1],[9,-8],[13,-11],[5,-8],[7,-13],[4,-15],[1,-14],[-3,-16],[-7,-11],[-12,-10],[-1,-3],[-9,-4],[-15,-1],[-4,0],[-9,8],[0,3],[-8,8],[0,2],[-9,8],[-5,2],[-12,18],[0,5],[-4,8],[-1,8],[-4,6],[-1,19],[6,11],[7,7],[10,-5],[6,4],[1,6],[-6,-1],[-4,5],[4,4],[-1,6],[-5,1],[1,-11],[-6,3]],[[781,4581],[-5,0],[-2,-13],[7,0],[4,5],[-4,8]],[[767,4574],[-3,2],[-3,-8],[6,0],[0,6]],[[863,4466],[0,7],[6,-1],[-1,-7],[-5,1]],[[832,4559],[-3,9],[4,1],[3,-11],[-4,1]],[[795,4627],[3,-6],[7,3],[12,2],[-6,5],[2,14]],[[813,4645],[2,-16],[6,1],[1,-9],[-15,2],[-5,-3],[1,-9],[-7,-2],[0,7]],[[796,4616],[-6,3],[2,-14],[-6,0],[-2,-5],[-4,-5]],[[780,4595],[3,5],[-7,4],[-1,9],[4,4],[4,-1]],[[783,4616],[0,6],[12,5]],[[756,4616],[0,1]],[[756,4617],[1,1]],[[757,4618],[-1,-2]],[[757,4618],[-1,-1]],[[756,4617],[0,-1]],[[756,4616],[-5,-2],[-4,8],[1,11],[-4,4],[0,8],[3,11],[7,-1],[6,-9],[1,-12],[-4,-8],[0,-8]],[[810,4704],[0,5],[7,0],[2,-5],[-9,0]],[[802,4710],[-8,3],[-2,7],[5,0],[5,-10]],[[827,4824],[-1,-2]],[[826,4822],[-4,3],[-1,-10],[13,-8]],[[834,4807],[-6,-9],[-4,1],[0,7],[-11,-1],[3,-4],[1,-13],[-6,2],[-4,-3],[4,-9],[6,-6],[-3,-10],[-7,0],[-8,-3],[4,-10],[1,-9],[-5,-6],[9,-5],[0,-4],[9,-2],[6,2],[1,-6],[14,0],[1,23],[4,1],[9,-10],[1,-16],[5,6],[-4,17],[-2,7],[7,8],[2,-6],[6,1],[1,7],[5,-1],[7,3],[10,-11],[3,-8],[0,-4],[6,-14],[0,-8],[5,-9]],[[904,4705],[1,-22],[1,-10],[-3,-7],[-2,-8],[-10,-14],[-11,-6],[-12,-1],[-4,4],[-7,0],[-17,16],[-11,15],[-11,11],[-4,-4],[2,-10],[-5,-2],[-1,6],[-8,5],[0,-9],[5,-3],[5,-6]],[[812,4660],[-3,-6],[4,-9]],[[813,4645],[-8,3],[0,17],[-5,2],[0,14],[5,9],[9,0],[2,9],[7,3],[-5,9],[0,6],[-10,2],[-3,4],[-6,0],[-5,6],[3,4],[0,6],[4,5],[-2,10],[-5,5],[6,5],[-1,13],[-2,8],[7,9],[8,-1],[1,8],[-7,9],[14,1],[-1,8],[1,9],[7,0],[0,-4]],[[806,4766],[6,-2],[3,8],[-6,6],[-2,-3],[-1,-9]],[[833,4699],[-9,-1],[3,-6],[3,0],[3,7]],[[785,4739],[1,-8],[-9,0],[-6,8],[-1,12],[6,3],[9,-15]],[[824,4742],[-7,2],[-1,3],[11,2],[-3,-7]],[[833,4781],[1,-1]],[[834,4780],[-1,1]],[[834,4780],[-1,1]],[[833,4781],[1,-1]],[[829,4821],[2,-4],[7,2]],[[838,4819],[0,-4]],[[838,4815],[-9,2],[0,4]],[[826,4822],[1,2]],[[827,4824],[2,-3]],[[829,4821],[-3,1]],[[848,5000],[1,7],[6,-2],[-1,-9],[-6,4]],[[856,5111],[-7,6],[1,8],[5,-3]],[[855,5122],[-4,-4],[5,-7]],[[835,5263],[-6,6],[-1,6],[-5,4],[-8,10],[2,2],[12,1],[6,-9],[0,-20]],[[711,5305],[4,11],[3,-7],[-5,-6],[-2,2]],[[780,5304],[-2,2],[3,7],[-16,0],[-4,8],[-2,16],[5,8],[1,10],[6,5],[5,0],[8,-2],[8,-8],[4,-6],[1,-14],[-10,-13],[-2,-6],[-1,-9],[-4,2]],[[713,5326],[2,6],[7,0],[-1,-11],[-10,0],[2,5]],[[727,5373],[2,-8],[-6,0],[-2,4],[6,4]],[[821,5399],[4,1],[0,-9],[-7,1],[3,7]],[[681,5977],[6,3],[-2,-9],[-4,-3],[0,9]],[[713,7041],[4,6],[3,-7],[-7,1]],[[709,7051],[-6,-3],[-1,5],[4,4],[-1,5],[4,3],[5,-2],[0,-9],[-5,-3]],[[718,7099],[12,7],[1,-5],[-3,-4],[-11,-3],[-8,-3],[-7,-5],[1,-5],[-3,-4],[-4,3],[0,8],[7,2],[6,6],[9,3]],[[701,7255],[-2,-2],[-1,-10],[-2,-4],[8,-5],[1,-9],[5,-3],[4,-8],[0,-16],[-9,-5],[-3,-12],[3,-7],[1,-10],[6,-3],[3,-11],[-3,-6],[-6,5],[-4,9],[-8,-8],[1,-9],[11,3],[4,-4],[1,-11],[-3,-5],[-7,-3],[-4,2],[-4,9],[-3,11],[-5,4],[3,8],[-1,7],[-4,1],[-2,8],[-1,12],[-4,6],[-1,12],[4,1],[1,8],[12,1],[3,6],[-1,12],[-4,3],[3,6],[-3,6],[0,15],[4,5],[6,3],[5,-2],[0,-7],[-4,-3]],[[644,7282],[-3,4],[1,5],[7,0],[0,-5],[-5,-4]],[[687,7361],[2,-5]],[[689,7356],[-4,3]],[[685,7359],[2,2]],[[685,7359],[2,2]],[[687,7361],[-2,-2]],[[670,7434],[-4,-3]],[[666,7431],[4,3]],[[636,7477],[-1,9],[6,2],[1,-6],[-6,-5]],[[583,7588],[6,6],[1,-9],[-6,-2],[-1,5]],[[498,8372],[0,-8],[-4,0],[-2,6],[6,2]],[[527,9034],[-4,3],[0,6],[6,1],[-2,-10]],[[534,9091],[1,8],[4,1],[1,-10],[-3,-5],[-4,-1],[1,7]],[[1079,3216],[0,6],[7,6]],[[1086,3228],[0,-1]],[[1086,3227],[-1,-2]],[[1085,3225],[0,-2]],[[1085,3223],[-2,-8],[-4,1]],[[1080,3302],[-8,8],[0,13],[11,10],[4,5]],[[1087,3338],[-3,11],[7,3],[3,-3]],[[1094,3349],[4,-6],[11,5],[-3,6]],[[1106,3354],[1,2],[9,-4],[3,-4],[0,-9],[-1,-5],[-8,-7],[2,-10],[10,-2],[2,-6],[-5,-3],[-1,-5],[4,-3],[6,1],[5,-3],[3,-11],[-7,-3]],[[1129,3282],[-5,3]],[[1124,3285],[-3,2]],[[1121,3287],[-4,-2],[-2,8],[-5,3]],[[1110,3296],[-2,-5],[-4,0],[-3,-11],[-10,-1],[-6,-4],[9,-14],[-7,-3],[0,-5],[7,1],[-2,-6],[-12,1],[-6,-1]],[[1074,3248],[5,2],[1,12],[-1,12],[3,3],[-5,13],[1,4],[6,1],[2,-12],[6,1],[-3,11],[-9,7]],[[1091,3329],[-2,-6],[-7,0],[1,-6],[9,-1],[3,5],[-4,8]],[[1034,3394],[-4,3],[-13,0],[-1,10],[5,10],[3,0],[-2,9],[5,9],[8,1],[3,-3],[10,-2],[6,-8],[1,-11],[-3,-5],[0,-13],[-6,-4],[11,-5],[-2,-3],[-9,3],[-5,10],[-7,-1]],[[1010,3421],[-5,8],[7,1],[2,-4],[-4,-5]],[[987,3437],[0,-7],[-9,-7],[0,5],[6,2],[3,7]],[[989,3459],[5,4],[4,-5],[0,-7],[-8,-3],[-1,11]],[[983,3473],[-4,4],[7,3],[1,-7],[-4,0]],[[981,3510],[4,2],[1,-11],[-4,3],[-1,6]],[[978,3536],[4,-3],[0,-7],[-7,0],[-1,13],[4,-3]],[[1009,3576],[2,-2],[1,-12],[-7,-10],[-7,0],[-6,1],[1,9],[3,6],[-6,2],[0,5],[3,4],[0,7],[9,-2],[7,-8]],[[984,3603],[-2,-5],[-6,-4],[-5,-1],[-4,7],[6,4],[-1,14],[4,5],[5,-1],[5,-5],[0,-6],[-2,-8]],[[942,3992],[-5,-2]],[[937,3990],[-1,0]],[[936,3990],[4,16],[-5,4],[4,4]],[[939,4014],[2,-1]],[[941,4013],[2,-12],[-1,-9]],[[983,4009],[11,1]],[[994,4010],[-5,-2],[-6,1]],[[943,4012],[6,1],[6,-3]],[[955,4010],[-10,-6],[-2,8]],[[983,4009],[-5,5]],[[978,4014],[5,-5]],[[941,4013],[-2,1]],[[939,4014],[4,-2]],[[943,4012],[-2,1]],[[978,4014],[-5,-1],[0,5],[-7,-1]],[[966,4017],[2,10],[-3,2],[1,6],[5,2],[7,1],[3,-6],[-1,-5],[-8,-3],[2,-10],[4,0]],[[1018,4040],[4,-13],[-10,-1],[-4,4],[6,9],[4,1]],[[945,4212],[0,1]],[[945,4213],[0,-1]],[[945,4212],[0,1]],[[945,4213],[0,-1]],[[977,4425],[-6,-3],[-5,11],[2,1],[9,-9]],[[909,4646],[6,0],[2,-5],[-4,-3],[-4,4],[0,4]],[[957,4872],[-2,5],[-7,0],[0,7],[7,0],[5,-5],[-3,-7]],[[859,5214],[2,5],[-7,3],[1,5],[5,10],[5,9],[-2,12],[-2,26],[2,5],[11,-10],[-2,-5],[2,-12],[4,-6],[-1,-6],[10,1],[-2,-6],[0,-11],[12,1],[3,-4],[3,-13],[0,-20],[-7,-2],[-1,7],[-8,4],[-5,-6],[-4,0],[0,8],[-7,-1],[1,14],[-7,-6],[-6,-2]],[[874,5345],[6,-7],[-2,-6],[-6,-5],[-8,1],[0,5],[-4,2],[-4,7],[6,6],[12,-3]],[[873,5807],[6,2],[0,-5],[-4,-2],[-2,5]],[[880,5830],[2,-7],[-6,-4],[-2,9],[6,2]],[[883,5833],[-3,-3]],[[880,5830],[3,3]],[[897,5839],[-5,1],[5,11],[7,3],[3,-9],[-8,-7],[-2,1]],[[876,6018],[5,-6],[-14,-1],[9,7]],[[822,6155],[0,2],[10,2],[0,-7],[-6,0],[-4,3]],[[837,6241],[-4,-2],[-9,10],[-1,8],[6,7],[7,-7],[2,-8],[-1,-8]],[[836,6806],[-8,-9],[1,-9],[-10,-1],[-2,9],[8,7],[8,3],[-1,10],[-5,0],[0,9],[15,0],[2,-3],[0,-8],[-3,-6],[-5,-2]],[[805,6806],[-7,5],[-5,1],[0,12],[-5,2],[2,18],[-6,0],[-8,9],[0,8],[1,2],[-2,20],[5,0],[-2,-15],[5,5],[9,2],[1,-15],[1,-8],[13,1],[11,-7],[3,-5],[1,-15],[0,-5],[-9,-5],[-8,-10]],[[772,6905],[4,3],[3,-5],[-6,-3],[-1,5]],[[760,6918],[-4,2],[2,7],[5,1],[4,-4],[1,-6],[-8,0]],[[750,6934],[-4,5],[1,3],[6,3],[0,-5],[4,-1],[1,-7],[-8,2]],[[739,6972],[-12,3],[0,7],[7,2],[6,4],[5,-6],[-1,-9],[-5,-1]],[[752,7026],[2,-7],[-8,1],[-5,-8],[-3,0],[-5,10],[9,7],[0,-10],[10,7]],[[732,7063],[0,2]],[[732,7065],[0,-2]],[[750,7065],[0,5],[7,4],[-1,-8],[-6,-1]],[[732,7065],[0,-2]],[[732,7063],[-6,0],[-4,4]],[[722,7067],[13,8],[4,-4],[-7,-6]],[[737,7084],[-5,-1],[-1,-5],[-6,0],[5,8]],[[730,7086],[8,6],[4,-2],[-5,-6]],[[795,7130],[-1,6],[4,1],[4,-4],[0,-6],[-7,3]],[[761,7135],[-2,8],[7,0],[2,-5],[-7,-3]],[[730,7138],[0,4],[6,18],[7,-3],[1,-7],[-7,-3],[-7,-9]],[[793,7162],[-2,3],[-5,-8],[-5,0],[-4,-5],[-5,0],[1,10],[7,0],[2,4],[9,4],[4,5],[7,-3],[-3,-10],[-6,0]],[[765,7173],[-13,-3],[1,5],[14,2],[-2,-4]],[[727,7169],[0,8],[5,5],[7,-3],[-5,-6],[-7,-4]],[[742,7180],[10,4],[1,-7],[-7,-1],[-4,4]],[[718,7193],[3,-4],[-1,-8],[-4,1],[2,11]],[[732,7184],[-4,3],[5,9],[4,-3],[9,3],[2,-5],[-13,-4],[-3,-3]],[[724,7231],[11,4],[-3,-11],[4,0],[2,-4],[-2,-7],[-5,-1],[-2,10],[-7,3],[2,6]],[[713,7272],[1,-5],[4,-4],[0,-13],[3,1],[2,10],[0,6],[7,9],[3,-2]],[[733,7274],[0,-2]],[[733,7272],[-6,-25],[1,-11],[-4,-5]],[[724,7231],[-9,4],[-5,10]],[[710,7245],[-4,4],[4,8],[3,15]],[[733,7272],[0,2]],[[733,7274],[0,-2]],[[769,7591],[7,4],[5,-3],[0,-5],[-12,1],[0,3]],[[743,7670],[-2,7],[8,-3],[-2,-8],[-4,4]],[[728,7800],[-9,-14],[-4,-4],[-13,-1],[-4,0],[-2,7],[6,4],[5,10],[-3,11],[6,8],[0,6],[8,8],[-1,5],[-11,1],[2,7],[-5,4],[-1,13],[-7,8],[-2,8],[2,5],[9,3],[2,-4],[13,2],[0,-11],[9,-10],[4,-10],[4,-3],[2,-14],[-3,-13],[-5,0],[-3,4],[-5,0],[-4,-5],[-3,-19],[3,-4],[9,5],[1,-7]],[[698,7984],[6,3],[1,-11],[-7,8]],[[1204,2935],[-7,8],[2,4]],[[1199,2947],[1,-5],[4,-7]],[[1204,2957],[2,0],[0,-12],[-7,2]],[[1199,2947],[0,4],[5,6]],[[1198,2981],[2,-5]],[[1200,2976],[-2,5]],[[1180,3042],[2,-1]],[[1182,3041],[-1,-3]],[[1181,3038],[-1,4]],[[1193,3071],[0,-7],[-6,-5],[-7,0],[0,-5],[7,0],[4,5],[10,0],[4,-7]],[[1205,3052],[-7,6],[2,-10],[-2,-4],[3,-9]],[[1201,3035],[-11,-1],[-4,-4]],[[1186,3030],[-4,-7],[-11,1],[-4,6],[-1,18],[3,0],[-1,13],[3,7]],[[1171,3068],[-7,9]],[[1164,3077],[1,2]],[[1165,3079],[0,2]],[[1165,3081],[1,1]],[[1166,3082],[5,5],[12,8],[8,1],[-3,7]],[[1188,3103],[1,2]],[[1189,3105],[1,5]],[[1190,3110],[6,-5],[-2,-7],[1,-22],[-2,-5]],[[1182,3041],[-2,1]],[[1180,3042],[-4,10]],[[1176,3052],[1,-16],[4,2]],[[1181,3038],[1,3]],[[1184,3085],[-6,-4],[-6,-1],[-2,-6],[15,1],[4,7],[-5,3]],[[1164,3090],[2,-8]],[[1166,3082],[-1,-1]],[[1165,3081],[0,-2]],[[1165,3079],[-1,-2]],[[1164,3077],[-7,2],[0,7],[7,4]],[[1189,3105],[-1,-2]],[[1188,3103],[-5,-5],[-5,0],[-4,-7],[-10,-1]],[[1164,3090],[-4,5],[3,3],[4,13],[20,1],[3,-2]],[[1190,3110],[-1,-5]],[[1164,3118],[-2,3],[5,6],[3,-7],[-1,-5],[-5,3]],[[1133,3141],[2,-1]],[[1135,3140],[2,0]],[[1137,3140],[8,-2],[2,-6],[-16,0],[2,9]],[[1137,3140],[-2,0]],[[1135,3140],[2,0]],[[1118,3149],[3,-4],[0,-8],[-6,1],[3,11]],[[1132,3163],[10,-1],[0,-3],[-9,-1],[-1,5]],[[1122,3158],[0,-11],[-4,2]],[[1118,3149],[-1,5],[-5,10],[-5,-6],[-5,-1],[-8,6],[-6,10],[6,3]],[[1094,3176],[1,-8],[7,-7],[5,0],[3,5],[9,-1],[3,-7]],[[1165,3185],[-2,-9],[-6,-1],[-3,-4],[-4,8]],[[1150,3179],[-1,7],[5,0],[5,-4],[6,3]],[[1094,3176],[10,8],[9,-15],[-14,1],[-1,7],[-4,-1]],[[1116,3175],[-3,8]],[[1113,3183],[3,-2],[0,-6]],[[1137,3186],[-8,2],[-3,10]],[[1126,3198],[8,0],[4,-5],[-1,-7]],[[1121,3208],[0,-1]],[[1121,3207],[0,1]],[[1121,3207],[0,1]],[[1121,3208],[0,-1]],[[1102,3206],[1,1]],[[1103,3207],[1,1]],[[1104,3208],[6,7],[-2,5],[3,10]],[[1111,3230],[5,-2]],[[1116,3228],[4,-8]],[[1120,3220],[-5,-6],[-2,-9],[0,-8],[-3,-1],[-8,10]],[[1131,3246],[7,4],[8,-2],[-1,-13],[-5,0],[-1,-6],[4,-5],[0,-10],[9,1],[7,3],[6,-4],[-3,-7],[3,-5],[-2,-8],[6,-1],[0,-6],[-4,-2]],[[1165,3185],[0,5],[-14,15],[-7,-1],[-9,8],[1,6],[-5,20],[0,8]],[[1103,3207],[-1,-1]],[[1102,3206],[2,2]],[[1104,3208],[-1,-1]],[[1120,3220],[4,5]],[[1124,3225],[-4,-5]],[[1111,3230],[-6,-4],[-19,-2],[-1,-1]],[[1085,3223],[0,2]],[[1085,3225],[1,2]],[[1086,3227],[0,1]],[[1086,3228],[5,5]],[[1091,3233],[2,-2]],[[1093,3231],[1,-3],[10,0],[2,4],[5,-2]],[[1091,3233],[5,-1],[-1,8]],[[1095,3240],[3,-8],[-5,-1]],[[1093,3231],[-2,2]],[[1095,3240],[-1,4]],[[1094,3244],[1,1]],[[1095,3245],[0,-5]],[[1095,3245],[-1,-1]],[[1094,3244],[-1,-3],[-8,-1],[-3,2]],[[1082,3242],[9,4],[4,-1]],[[1131,3246],[-6,-1]],[[1125,3245],[2,-9],[-4,-1],[-2,-6],[-5,-1]],[[1116,3228],[2,6],[-1,8],[4,10],[-6,0],[-1,-11],[-6,-7],[-8,3],[-1,9],[-3,7],[10,3],[3,-3],[8,12],[8,-1],[8,-9],[-2,-9]],[[1111,3272],[-12,0],[1,3],[11,-3]],[[1126,3281],[3,1]],[[1129,3282],[-3,-1]],[[1126,3281],[-5,6]],[[1121,3287],[3,-2]],[[1124,3285],[2,-4]],[[1110,3296],[2,-7]],[[1112,3289],[-2,7]],[[1106,3354],[-4,-2]],[[1102,3352],[4,2]],[[1102,3352],[-8,-3]],[[1094,3349],[-1,6],[8,3],[1,-6]],[[1104,3386],[4,-3],[-4,-18],[-6,5],[0,5],[6,11]],[[1104,3386],[-5,3],[-10,0],[-7,8],[3,4],[14,0],[4,-2],[1,-13]],[[1165,4238],[14,12],[7,-5],[2,-5],[-7,-4],[-3,-7],[-1,-7],[-7,-2],[-3,4],[-3,-8],[-5,-3],[-2,8],[-5,0],[0,-8],[3,-8],[-3,-2],[0,-11],[-4,-6],[0,-9],[4,1],[1,-11],[-5,0],[6,-9],[0,-9],[-8,2],[1,-8],[-9,-4],[-5,5],[-9,-1],[-8,-8],[-6,-2],[-5,-6],[-1,-14],[5,-3],[0,-9],[-1,-5]],[[1108,4096],[3,-8],[0,-6],[-4,-3],[-14,2],[-16,-2],[-12,-8],[-4,-7],[-5,-5],[-7,-1],[-5,-6],[-5,2],[5,6],[13,5],[1,5],[12,15],[1,4],[5,3],[9,1],[1,-2]],[[1086,4091],[8,-1],[0,6],[6,3],[-5,19],[1,15],[2,7],[9,12],[4,-5],[8,-2],[4,1]],[[1123,4146],[-4,7],[-1,9],[6,7],[8,0],[-2,8],[0,12],[5,2],[4,9],[-2,18],[8,-1],[4,9],[-1,8],[4,15],[6,1],[3,-10],[-8,-3],[-3,-4],[1,-5],[6,2],[8,8]],[[1165,4238],[4,-4],[0,-7],[6,4],[-2,7],[-8,0]],[[1086,4091],[-5,-4],[-7,-1],[-1,-3],[10,0],[3,8]],[[1000,4740],[-1,-13]],[[999,4727],[2,-13],[-3,-2],[-7,7],[-1,7],[-9,0],[-2,-7],[-3,-6],[0,-7],[7,-4],[1,-22],[0,-15],[-3,-5],[1,-10],[5,5],[8,-11],[6,-3],[7,0],[1,8],[3,11],[5,6],[5,-9],[-1,-7],[3,-1],[-2,16],[4,5],[-14,6],[-1,8],[-6,2],[2,7]],[[1007,4693],[3,2]],[[1010,4695],[7,4]],[[1017,4699],[7,1]],[[1024,4700],[-3,2],[2,12],[5,5]],[[1028,4719],[0,-9]],[[1028,4710],[6,12]],[[1034,4722],[-2,1]],[[1032,4723],[-1,7]],[[1031,4730],[11,4],[18,1],[5,-5],[-11,-1],[-2,-3],[-10,-2],[-3,-5],[0,-6],[-2,-6]],[[1037,4707],[-2,-5]],[[1035,4702],[1,0]],[[1036,4702],[0,-8],[3,-7],[4,-1],[-1,-9],[0,-8],[3,-5],[0,-12],[-6,-3],[1,-12],[4,-9],[3,-12],[8,1],[6,4],[5,-10],[0,-4],[13,-2],[1,-4],[20,-11],[-1,-6],[-8,-2],[4,-6],[-1,-7],[4,-3],[3,-6],[4,-1],[0,-7],[12,6]],[[1117,4558],[5,-3]],[[1122,4555],[1,-1]],[[1123,4554],[3,-4],[1,-10],[-5,-11],[2,-2],[-1,-8],[3,-7]],[[1126,4512],[-1,-2]],[[1125,4510],[-5,4],[-4,9],[-7,3],[1,6],[-7,0],[3,9],[-13,9],[-5,8],[-1,3],[-8,0],[-1,6],[3,3],[-1,7],[-6,-3]],[[1074,4574],[-2,4],[-11,-1],[-2,3],[-7,1],[-3,3],[-8,0],[-10,7]],[[1031,4591],[-3,1],[1,9],[-4,4],[-4,0],[-2,4],[-1,8],[-7,10],[-2,7],[-11,-1],[-11,9],[-10,-2],[-8,1],[-2,3],[-1,10],[-8,1],[-1,5],[-14,14],[0,7],[13,23],[6,1],[7,-6],[7,-14],[1,14],[-5,2],[0,8],[6,18],[2,5],[-4,3],[-1,9],[2,11],[12,7],[1,4],[14,2],[2,-11],[-7,-7],[2,-3],[7,2],[0,-8],[-8,-1]],[[1000,4740],[-2,9],[-5,6],[-10,-2],[3,-10],[0,-8],[9,-1],[5,6]],[[998,4757],[1,6],[-5,-1],[-1,-6],[5,1]],[[1034,4680],[1,7],[-4,0],[-1,11],[-4,-4],[-11,1],[1,-6],[4,0],[11,-12],[3,3]],[[1029,4669],[-3,-5],[5,-11],[-4,-11],[-5,0],[7,-12],[5,0],[1,-8],[5,2],[-3,5],[0,8],[-4,6],[-1,17],[4,3],[-1,7],[-6,-1]],[[1040,4593],[8,0],[1,-4],[7,1],[7,-2],[1,-4],[7,2],[0,-7],[7,1],[-4,8],[-1,8],[-6,-6],[-4,2],[-7,-1],[-2,4],[-9,2],[-5,-4]],[[1118,4549],[-4,-5],[-7,-1],[1,-9],[3,-2],[8,2],[-1,15]],[[1010,4695],[-3,-2]],[[1007,4693],[-2,3]],[[1005,4696],[5,-1]],[[1037,4707],[-1,-5]],[[1036,4702],[-1,0]],[[1035,4702],[2,5]],[[1031,4730],[1,-7]],[[1032,4723],[2,-1]],[[1034,4722],[-6,-3]],[[1028,4719],[-5,11],[5,6],[3,-6]],[[1029,4739],[4,2]],[[1033,4741],[-4,-2]],[[1044,4753],[5,-6],[1,-6],[-7,2],[1,10]],[[1029,4739],[-11,2],[3,7],[-4,10],[0,12],[3,8],[6,1],[1,-10],[2,-3],[1,-8],[5,-1],[-4,-10],[-5,-3],[3,-5]],[[1053,4767],[-12,-4],[-3,12],[6,2],[1,-4],[6,4],[2,-10]],[[969,4871],[-2,2],[-1,12],[5,-3],[0,-10],[-2,-1]],[[983,4878],[-4,-4],[-3,3],[-2,11],[10,-3],[-1,-7]],[[1004,4900],[10,0],[-2,-7],[-6,2],[-2,5]],[[1014,5028],[2,3],[6,1],[1,-7],[-9,-1],[0,4]],[[968,5046],[2,-5],[-8,-5],[-5,9],[11,1]],[[1035,5056],[-6,-3],[0,9],[12,1],[0,-4],[-6,-3]],[[962,5288],[-4,-6],[0,-11],[12,1],[3,-4],[1,-9]],[[974,5259],[-4,-4],[4,-10],[5,1],[7,13],[3,0],[5,-10],[4,2],[2,7],[3,0],[6,-6],[2,3],[-4,6],[0,6],[4,1],[5,8],[1,-17],[3,-4],[5,10],[7,-2],[1,-24],[3,5],[0,25],[8,-3],[1,-3],[9,0]],[[1054,5263],[-13,-1],[3,-11]],[[1044,5251],[-5,-5],[-5,-9],[-4,3],[-1,8],[2,2],[-1,12],[-4,-2],[-5,-6],[-8,-5],[-5,-1],[-5,7],[-8,-9],[-6,4],[-4,-3],[-1,-7],[-11,0],[1,-10],[6,-9],[7,0],[1,-7],[-6,-4],[-5,5],[-8,-5],[6,-9],[-1,-4],[-6,2],[-5,0],[-5,-7],[0,-6],[6,-5],[-5,-5],[-12,-2],[-5,2],[1,-12],[-5,-14],[-9,2],[3,-11],[4,-1],[7,-6],[2,-6],[-1,-9],[-6,-7],[-14,0],[-5,3],[-1,6],[-5,2]],[[913,5123],[-8,-9],[-2,-5],[1,-14],[-1,-3],[-8,0],[0,4],[-17,-2],[-2,2],[-13,-2],[-5,-5],[-9,1],[-1,-5],[3,-13],[9,-3],[0,-10],[-3,0],[-2,-7],[2,-8],[7,0],[1,9],[5,-1],[9,-10],[4,2],[0,9],[5,0],[2,-9],[-3,-3],[2,-7],[4,6],[5,-5],[1,-8],[-4,-8],[5,-3],[6,6],[7,0],[5,-4],[-1,-4],[-15,-7],[8,-3],[0,-6],[6,0],[2,-6],[-7,-12],[-6,-10],[3,0],[7,8],[3,-1],[0,-9],[-1,-7],[2,-7],[-4,-1],[-3,9],[-7,-8],[5,-4],[10,-1],[3,-3],[-5,-6],[-6,0],[-4,5],[-3,-1],[1,-12],[18,2],[3,-8],[-8,-2],[3,-9],[7,2],[10,-5],[3,-5],[6,-1],[1,-8],[4,-3],[4,5],[2,7],[3,1],[10,0],[3,-6],[10,2],[-1,7],[3,6],[9,3],[4,7],[-10,4],[-7,-8],[-6,0],[-2,3],[4,6],[10,2],[4,10],[8,7],[4,-2],[5,10],[-1,9],[-5,2],[-1,13],[-13,6],[-1,4],[-5,2],[-4,12],[2,3],[0,6],[2,1],[2,7],[8,-2],[3,3],[0,7],[7,9],[4,-3],[4,1],[-2,14],[-3,0],[-6,5],[-1,8],[-12,-1],[0,-5],[4,-5],[-2,-6],[-4,7],[-8,7],[2,10],[7,3],[-1,9],[-2,5],[2,14]],[[986,5104],[1,-9],[6,4],[15,2],[6,0],[0,5],[-24,9],[-3,-4]],[[987,5111],[-4,2],[-8,-5],[0,-6],[-6,-1],[1,14],[6,5],[-3,8],[-7,2],[-2,16],[-5,-1],[0,12],[5,5],[6,3],[4,-9],[4,6],[1,11],[5,4],[2,-6],[-3,-6],[0,-22],[14,-16],[10,-2],[3,-6]],[[1010,5119],[2,2]],[[1012,5121],[5,-2],[6,3],[1,-8],[4,-2],[8,2],[3,7],[-7,2],[0,7],[2,10],[-8,-1],[-4,3],[-2,-6],[-4,3],[-3,8],[12,3],[3,-6],[5,14],[3,0],[6,-5]],[[1042,5153],[-2,-4],[0,-8],[6,2],[5,-2],[0,-6],[5,2],[-1,7],[10,1],[-3,5],[-7,4],[-4,6],[3,3],[-1,6],[-5,5],[8,7],[5,-2],[21,8],[-1,-5],[-6,-4],[-9,-2],[-5,-4],[0,-12],[5,-12],[2,5],[4,0],[1,-9],[-3,-5],[2,-4],[8,-7],[2,-6],[4,0],[-1,13],[4,6],[8,4],[0,5],[-6,-1],[-1,8],[-2,11]],[[1088,5168],[-5,0],[1,6],[-6,1],[1,4],[6,1]],[[1085,5180],[1,-8],[4,0],[5,-4],[-4,-4],[-1,-5],[6,0],[4,6],[3,-8],[6,1],[2,-7],[8,7]],[[1119,5158],[-5,-8],[-9,2],[1,-9],[-6,-2],[-1,-8],[-7,-8],[1,-3],[-4,-5],[2,-5],[9,-1],[0,10],[4,2],[3,6],[11,5],[-1,6],[7,3],[11,2],[-1,7]],[[1134,5152],[3,0],[1,-8],[-5,-2],[-8,-1],[-11,-15],[1,-7],[3,-6],[-7,-1],[0,-11],[-10,-2],[-2,-2],[2,-14],[-3,-6],[2,-6],[9,2],[-3,-6],[2,-11],[-6,-3],[-4,-12],[-4,1]],[[1094,5042],[0,-7],[-6,-6],[-11,-17],[-6,-3],[3,-10],[7,0],[1,-14],[3,-10],[-2,-6],[2,-9],[1,-15],[-6,5],[-4,0],[-2,-7]],[[1074,4943],[-1,0]],[[1073,4943],[-2,-1]],[[1071,4942],[-4,-4]],[[1067,4938],[-1,-4],[-6,0],[-6,-6],[-4,-9],[-5,4],[5,6],[-11,0],[1,-15],[-2,-6],[-5,0],[-4,3],[-13,-3],[-21,-2],[-7,-6],[3,-3]],[[991,4897],[-15,0],[-10,2],[-6,-7],[-9,-1],[-6,4],[-1,8],[-11,9],[-13,-1],[-2,5],[-10,0],[-1,-11],[-10,-1],[0,-6],[5,-3],[-4,-7],[-10,-3],[-7,1],[-4,-5],[2,-4],[-7,-12],[-10,-4],[-9,0],[-3,2],[-7,-2],[-3,-6],[6,-2]],[[846,4853],[-4,-5],[0,-7]],[[842,4841],[-5,0],[-1,-12],[6,-4],[3,-6],[0,-10],[-7,0],[-4,-2]],[[834,4807],[4,4],[0,4]],[[838,4815],[0,4]],[[838,4819],[-1,4],[-4,6],[-1,9],[3,2],[-1,8],[3,3],[1,9],[7,7],[5,-3],[11,2],[-2,12],[9,4],[4,3],[17,5],[7,1],[1,6],[-5,6],[0,7],[6,1],[3,7],[6,3],[0,7],[-4,5],[0,21],[5,6],[1,6],[-7,1],[-5,5],[-1,9],[5,2],[7,-6],[5,13],[-7,-1],[-6,-3],[-5,7]],[[895,4993],[4,9],[-1,7],[-6,4],[0,6],[4,5],[-3,6],[-8,0],[-1,9],[-8,5],[-8,-6],[-11,0],[2,-7],[-9,3],[0,8],[4,21],[-6,3],[-8,7],[-3,11],[4,5],[-3,4],[-1,6],[9,3],[3,5],[5,-1],[2,5]],[[856,5111],[6,5]],[[862,5116],[-7,6]],[[855,5122],[7,-2],[2,4],[-2,8],[3,4],[8,3],[7,0],[-1,-12],[8,1],[0,3],[13,5],[12,2],[-1,11],[5,4],[10,3],[0,14],[11,2],[6,14],[4,-2],[3,-6],[5,5],[-1,8],[-17,-2],[-1,4],[6,1],[0,7],[5,9],[-7,2],[0,5],[-6,-1],[-2,16],[-4,9],[3,4],[13,0],[8,-9],[1,-11],[-3,-6],[12,-6],[-1,-11],[5,1],[0,7],[5,9],[6,2],[-5,7],[-2,11],[1,10],[-7,-2],[-8,-1],[0,4],[5,3],[-1,5],[-7,13],[-2,17],[4,7],[7,-2],[0,-5]],[[915,5131],[-2,-8]],[[913,5123],[2,8]],[[1091,5036],[3,6]],[[1094,5042],[-3,-6]],[[895,4993],[5,-4],[5,2],[0,6],[-6,0],[-4,-4]],[[862,5116],[4,3],[5,-6],[1,-7],[5,-2],[4,-5],[7,7],[0,6],[-9,3],[-6,4],[0,5],[-6,2],[-5,-7],[0,-3]],[[1042,5133],[-5,3],[-3,-5],[1,-8],[7,3],[0,7]],[[1052,5120],[-6,-1],[1,-11],[-4,0],[-3,7],[-5,-3],[4,-7],[0,-5],[7,-2],[0,6],[6,2],[4,15],[4,4],[-3,6],[-6,0],[1,-11]],[[899,5109],[1,6],[-6,-1],[-1,-7],[6,2]],[[1037,5091],[-2,5],[-7,-1],[-6,5],[-6,-3],[-16,-2],[-4,-13],[4,-6],[3,-11],[13,-12],[0,-12],[-7,-9],[-10,0],[0,-6],[-2,-4],[-10,0],[-4,-9],[2,-14],[11,-11],[8,-2],[2,-13],[4,-1],[2,-8],[6,3],[18,3],[-2,-11],[16,4],[-2,-7],[1,-22],[6,4],[7,-1],[4,9],[4,-1],[0,12],[-4,11],[2,7],[3,2],[-1,7],[-6,4],[-5,8],[0,7],[-4,3],[2,29],[9,2],[4,7],[8,7],[8,2],[2,8],[6,0],[-1,8],[0,8],[-5,2],[-8,6],[10,1],[-2,9],[-6,-1],[-1,23],[-5,2],[-3,10],[-6,-5],[1,-5],[-4,-6],[-8,-2],[3,-6],[9,3],[3,-9],[-7,-3],[0,-6],[-4,-5],[-10,-2],[-1,6],[-5,-1],[-2,-3],[-5,6]],[[858,5103],[-1,-10],[4,2],[0,6],[-3,2]],[[845,5088],[-6,-5],[1,-5],[5,2],[0,8]],[[1100,5103],[1,3],[-6,3],[-5,-8],[7,-1],[3,3]],[[1100,5054],[-8,2],[0,-6],[8,4]],[[1081,5049],[-16,-14],[6,-7],[-6,-4],[3,-6],[5,8],[6,-2],[4,5],[2,8],[-1,10],[-3,2]],[[1009,4949],[5,-1],[3,-14],[-6,-3],[1,-4],[5,-3],[15,1],[5,0],[0,7],[3,4],[-13,-2],[-1,7],[6,3],[4,6],[-2,7],[-7,-1],[-1,6],[-14,-4],[-3,-9]],[[1004,4942],[-6,-2],[6,-5],[0,7]],[[874,4874],[2,6],[-8,-1],[1,-4],[5,-1]],[[987,5111],[-1,-7]],[[986,5104],[1,7]],[[1042,5153],[-1,8],[-2,3]],[[1039,5164],[4,-4],[-1,-7]],[[1011,5166],[-2,4],[2,6],[6,0],[1,-9],[-7,-1]],[[1018,5192],[-8,2],[1,8],[4,4],[5,-5],[-2,-9]],[[983,5200],[5,4],[3,-9],[-6,-2],[-2,7]],[[1010,5222],[-6,-1],[0,5],[6,0],[0,-4]],[[991,5259],[1,9],[5,0],[1,-7],[-7,-2]],[[962,5288],[7,5],[-1,6],[3,6],[8,3],[1,-14],[5,-5],[3,0],[4,-11],[-7,-1],[-1,7],[-7,0],[-5,-7],[-11,0],[1,11]],[[912,5901],[-2,-4],[-10,-1],[-2,8],[9,1],[-1,11],[2,3],[7,-2],[0,-7],[-3,-9]],[[921,5937],[1,-8],[-4,-7],[-9,4],[-1,4],[3,17],[7,2],[-3,-9],[6,-3]],[[919,5976],[2,4],[5,1],[2,-5],[-3,-5],[-5,0],[-1,5]],[[930,6060],[6,0],[-3,-9],[-4,-1],[1,10]],[[955,6095],[-5,4],[4,5],[6,1],[8,4],[-1,-6],[-6,0],[-2,-7],[-4,-1]],[[947,6432],[1,-7],[5,0],[0,-8],[-13,-2],[-4,17],[-5,3],[1,8],[8,-1],[10,4],[2,-2],[-5,-8],[0,-4]],[[925,6446],[-3,3],[-7,-4],[0,7],[-3,3],[-2,10],[-2,3],[0,11],[5,5],[7,1],[-2,-7],[-4,-9],[5,0],[2,3],[5,-1],[2,-11],[4,-6],[4,2],[-1,11],[3,3],[6,1],[0,8],[3,0],[2,-16],[-7,0],[-2,-9],[-3,-7],[-7,3],[-5,-4]],[[905,6481],[-4,9],[-7,-4],[-5,1],[-1,-9],[2,-2],[1,-8],[-4,-7],[0,-5],[12,0],[-3,-6],[-5,0],[-6,-5],[-1,8],[-5,5],[3,9],[-2,13],[-6,11],[5,3],[2,-6],[10,5],[8,11],[16,1],[0,-6],[-8,-2],[1,-10],[-3,-6]],[[862,6469],[-1,9],[2,4],[6,-5],[0,-8],[-5,-3],[-2,3]],[[886,6512],[-3,6],[10,-1],[1,-6],[-8,1]],[[889,6532],[7,3],[0,-7],[-4,-1],[-3,5]],[[863,6612],[10,0],[0,-6],[-8,1],[-2,5]],[[867,6616],[-4,0],[-1,9],[15,1],[-2,-4],[-5,-1],[-3,-5]],[[874,6650],[2,-9],[-5,1],[0,8],[3,0]],[[860,6661],[4,-1],[10,5],[0,-4],[-8,-6],[-6,1],[0,5]],[[860,6661],[-3,2],[-1,9],[3,6],[8,-3],[-7,-10],[0,-4]],[[850,7704],[-13,-9],[-3,5],[5,2],[0,4],[10,4],[1,-6]],[[814,7755],[-1,-7],[-2,-5],[-4,0],[-11,7],[5,5],[13,0]],[[820,7799],[1,5],[9,4],[-1,-7],[-9,-2]],[[795,7872],[8,1],[-1,7],[6,-1],[0,6],[-2,11],[8,16],[-2,9],[-1,8],[3,7],[6,-2],[1,-25],[7,-2],[4,-5],[4,-14],[12,-11],[5,0],[2,4],[-1,10],[4,5],[11,-6],[8,-9],[1,-10],[-3,-8],[-4,1],[-9,6],[-2,4],[-9,-2],[-8,-10],[-4,11],[-6,1],[-7,7],[-5,-1],[-9,4],[1,-8],[-6,-1],[-3,-6],[-6,-1],[-1,-18],[-7,1],[-2,5],[-9,-4],[-3,14],[2,6],[-3,7],[4,13],[4,-7],[4,0],[3,-4],[1,-7],[4,-2]],[[801,8003],[-1,-5]],[[800,7998],[1,5]],[[810,8014],[-2,3],[-1,10],[2,7],[6,1]],[[815,8035],[-3,-9],[-2,-12]],[[815,8035],[9,9],[-2,9],[7,1],[0,-9],[-4,-7],[-10,-3]],[[832,8097],[-5,7],[1,6],[8,2],[0,-6],[-5,-4],[1,-5]],[[820,8126],[-4,2],[1,5],[5,-4],[-2,-3]],[[1266,2917],[8,0],[1,-3],[9,1],[5,-5],[6,1]],[[1295,2911],[-3,-3]],[[1292,2908],[-1,-4],[-12,0],[-5,5],[-5,3],[-3,5]],[[1295,2911],[2,11],[-3,7]],[[1294,2929],[8,0],[2,-2],[-1,-13],[-8,-3]],[[1266,2917],[-7,1],[-10,-1],[-9,4],[-7,-7],[0,9],[12,1],[-1,5],[6,14],[2,10],[7,-2],[2,-9],[-5,-11],[10,-14]],[[1217,2939],[0,-1]],[[1217,2938],[0,1]],[[1217,2938],[0,1]],[[1217,2939],[6,14],[-9,2],[2,6],[12,3],[9,5],[9,-1],[0,-7],[-5,0],[2,-6],[-3,-6],[-4,0],[2,-9],[5,-1],[-6,-9],[-2,5],[-6,-4],[0,-4],[-9,-1],[-3,12]],[[1293,2960],[-6,5],[16,4],[-10,-9]],[[1204,2957],[-4,19]],[[1200,2976],[-2,5]],[[1198,2981],[6,7]],[[1204,2988],[4,-6],[-2,-10],[1,-14],[-3,-1]],[[1269,2983],[-5,-8],[-5,-2],[-4,3],[2,7],[5,2],[4,6],[7,2],[0,-6],[-4,-4]],[[1235,2975],[-4,-2],[-10,7],[2,8],[5,3],[8,-7],[-1,-9]],[[1205,2992],[-1,-4]],[[1204,2988],[1,4]],[[1195,3014],[-1,5],[7,8],[6,2],[2,-10],[1,-16],[-1,-2],[-10,-1],[2,9],[-6,5]],[[1195,3014],[9,0],[-2,7],[-7,-7]],[[1159,3504],[8,3],[6,-9],[-1,-5],[-11,2],[-2,9]],[[1218,4242],[-10,-2],[5,7],[3,7],[5,5],[5,1],[-1,-11],[-7,-7]],[[1193,4300],[-2,9],[3,11],[5,0],[0,-14],[-4,0],[-2,-6]],[[1209,4429],[0,-1]],[[1209,4428],[0,-3]],[[1209,4425],[0,4]],[[1209,4429],[1,3]],[[1210,4432],[3,-3]],[[1213,4429],[-4,-4]],[[1209,4425],[0,3]],[[1209,4428],[0,1]],[[1198,4438],[0,7]],[[1198,4445],[2,5]],[[1200,4450],[4,0],[2,-5],[-2,-4],[-6,-3]],[[1200,4450],[-2,-5]],[[1198,4445],[-5,1],[-1,11],[-15,2],[-2,2]],[[1175,4461],[3,2]],[[1178,4463],[-1,9],[14,4],[-2,10],[-7,11],[-1,8],[7,-6],[5,-2],[9,1],[5,-7],[-2,-15],[3,-3],[1,-8],[-5,-6],[-4,-9]],[[1201,4457],[-2,12],[-3,-1],[1,-8],[4,-3]],[[1152,4495],[-5,0],[-2,7]],[[1145,4502],[1,-5],[-8,-5],[-4,5],[-1,8]],[[1133,4505],[4,3]],[[1137,4508],[-2,5],[-5,-1],[-3,10],[4,7],[6,4],[0,-7],[12,-2],[1,-15],[3,-1],[6,4],[2,-4],[-1,-7],[2,-18],[7,2],[6,-7],[-6,-3],[0,-9],[9,-3]],[[1178,4463],[-3,-2]],[[1175,4461],[-8,1],[-6,4],[0,6],[-4,3]],[[1157,4475],[-3,2],[-5,-3],[-2,5],[-8,7],[10,4],[3,5]],[[1133,4505],[-3,0],[-5,5]],[[1125,4510],[1,2]],[[1126,4512],[7,-7]],[[1123,4554],[-1,1]],[[1122,4555],[-5,3]],[[1117,4558],[-7,1],[-3,6],[-2,8],[-5,9],[4,0],[-3,12],[-5,-1],[-2,9],[10,-2],[6,-9],[0,-6],[11,-8],[5,-14],[1,-12],[-4,3]],[[1130,4602],[3,1],[-1,7],[7,1],[1,-8],[-10,-1]],[[1112,4915],[-4,-2],[-9,-2],[-1,2],[-8,-1],[2,-21],[-6,0],[-3,-4],[1,-8],[-2,-4],[2,-9],[6,-4],[5,0],[1,-11],[3,-6],[-3,-8],[-3,0],[6,-19],[-7,-11],[-6,-5],[-10,-21],[-7,0],[-4,-10],[-12,-4]],[[1053,4767],[5,7],[0,8],[8,-2],[9,7],[4,6],[-2,23],[5,17],[-6,-1],[-4,10],[-5,0],[1,6]],[[1068,4848],[-4,6],[0,7],[3,6],[6,-3],[3,3],[-1,10],[-3,8],[-1,10],[5,0],[1,7],[-5,6],[-1,9],[9,9],[-2,5],[-6,0],[-5,7]],[[1067,4938],[2,0]],[[1069,4938],[5,2]],[[1074,4940],[4,0],[10,-11],[3,-6],[1,-10],[8,1],[4,3],[3,-3],[5,1]],[[1074,4850],[-6,-2]],[[1068,4848],[5,-5],[1,7]],[[1077,4857],[6,-1],[0,7],[-8,-1],[2,-5]],[[1071,4942],[2,1]],[[1073,4943],[1,0]],[[1074,4943],[0,-3]],[[1074,4940],[-5,-2]],[[1069,4938],[2,4]],[[1087,5150],[-8,3],[-3,4],[4,5],[7,-4],[0,-8]],[[1134,5152],[-5,7],[1,9],[6,6]],[[1136,5174],[5,-2],[6,3]],[[1147,5175],[3,-4],[-12,-1],[-8,-8],[4,-10]],[[1147,5175],[5,7],[4,8]],[[1156,5190],[0,-1]],[[1156,5189],[0,-1]],[[1156,5188],[-3,-7],[-6,-6]],[[1117,5189],[-3,-4],[-17,8],[2,6],[9,0],[2,-3],[7,7],[4,-1],[1,-7],[-5,-6]],[[1139,5199],[4,3]],[[1143,5202],[-4,-3]],[[1143,5202],[5,4]],[[1148,5206],[-5,-4]],[[1085,5180],[1,8],[-2,5],[-9,2],[4,4],[4,-3],[6,-1],[-2,11],[6,5],[1,8],[4,4],[15,2],[0,-5],[-7,-3],[1,-6],[-5,0],[-3,-4],[-7,-2],[1,-6],[-3,-10],[-5,-9]],[[1081,5204],[-4,-2],[-3,-9],[-4,-3],[0,13],[3,14],[9,3],[-1,-16]],[[1099,5243],[2,-7],[-5,-4],[-1,-9],[-3,-1],[0,-10],[-5,3],[0,9],[4,2],[0,12],[8,5]],[[1121,5232],[1,1]],[[1122,5233],[3,0]],[[1125,5233],[-4,-1]],[[1122,5233],[-1,-1]],[[1121,5232],[1,1]],[[1054,5263],[3,6],[-1,8],[7,-2]],[[1063,5275],[-5,-1],[0,-7],[-4,-4]],[[1063,5275],[2,8],[8,8],[-5,4],[-5,17],[7,4],[6,12],[5,-4],[-5,-6],[1,-15],[-9,0],[5,-8],[0,-13],[-7,-1],[-3,-6]],[[1092,5331],[-1,-5],[3,-11],[1,-10],[5,-1],[3,-4]],[[1103,5300],[-2,-2]],[[1101,5298],[-8,8],[-1,9],[-2,10],[-6,2],[-6,5]],[[1078,5332],[-4,6],[-7,3],[-2,8],[2,6],[4,1],[7,-8],[3,-8],[8,1],[1,-9],[2,-1]],[[1079,5345],[-9,5],[0,-7],[9,2]],[[1126,5333],[1,6]],[[1127,5339],[-1,-6]],[[1062,5364],[5,2],[3,-5],[-8,-2],[0,5]],[[1114,5465],[5,2]],[[1119,5467],[-6,-7],[-13,0],[2,-12],[-6,-2],[2,-7],[-4,-1],[1,-13],[6,-2],[-2,-12],[7,-1],[3,12],[3,3],[8,-1],[1,7],[3,5]],[[1124,5436],[1,-13],[3,-10],[12,1],[0,6],[3,2],[7,-5],[4,8],[9,-6],[6,2],[-2,13],[6,2],[5,-9],[3,-7],[9,1],[-2,8],[4,4],[9,3],[7,9],[3,-6],[-5,-1]],[[1206,5438],[-1,-7]],[[1205,5431],[-3,-2],[-4,-11]],[[1198,5418],[2,-2],[9,2]],[[1209,5418],[-1,-2],[-11,-1],[-1,-7],[-5,-1],[-7,7],[-5,-6],[0,-9],[-6,7],[3,11],[-7,1]],[[1169,5418],[-7,-3],[-3,4],[-7,0],[0,-5],[9,-4],[-1,-6],[-12,-1],[-3,4]],[[1145,5407],[-3,4],[-8,0],[-6,-1],[-4,-10],[-3,0],[3,-17],[5,-5],[-1,-7],[7,-6],[0,-7],[-7,-4],[2,-14],[-3,-1]],[[1127,5339],[2,7],[-6,13],[-6,0],[-2,-5],[3,-3],[1,-13],[3,-1],[1,-16],[7,1],[-4,11]],[[1126,5333],[10,0],[1,-7],[-5,-3],[-5,-6],[2,-26],[-2,-8],[-10,-7],[-1,-6],[4,-6],[-8,-3],[-7,1],[-3,-4],[1,-6],[-5,0],[1,-9]],[[1099,5243],[-7,1],[1,8],[-13,0],[4,5],[4,1],[4,5],[7,-1]],[[1099,5262],[1,8],[3,7],[1,5],[-7,2],[4,14]],[[1101,5298],[2,2]],[[1103,5300],[4,-7],[2,-14],[6,3],[0,6],[5,3],[-1,4],[8,0],[-4,16],[2,7],[-5,5],[1,12],[-4,4],[-1,12],[-3,2],[-10,-1],[-7,1],[-2,-9],[3,-6],[-5,-7]],[[1092,5331],[1,9],[-6,14],[-2,9],[-3,3]],[[1082,5366],[-3,3],[-6,1],[-7,8],[0,8],[-7,-4],[-14,-1],[-2,1],[-2,16],[5,4],[-1,8],[2,6],[12,10],[6,0],[7,-8],[0,-7],[-3,-1],[-7,-15],[1,-8],[11,1],[8,10],[4,1],[0,7],[6,7],[-1,8],[-3,1],[-7,10],[-2,9]],[[1079,5441],[4,1]],[[1083,5442],[3,5],[-7,12],[-2,-3],[-10,-6],[-4,1],[-8,-3],[-4,4],[-13,5],[-11,10],[-4,2],[-2,6],[0,8],[-8,11],[-7,-9],[6,-10],[3,1],[1,-11],[-5,-4],[8,-16],[1,-8],[-3,-5],[-7,1],[1,-10],[4,4],[5,0],[1,-11],[-5,-3],[-4,-6],[-3,7],[-1,7],[-6,4],[-2,4],[-6,1],[1,7],[-3,5],[-9,4],[-2,-4],[8,-5],[2,-10],[8,-7],[6,-8],[9,-16],[4,-13],[1,-17],[-1,-7],[-14,-19],[-11,-8],[-7,-3],[-14,-1],[-5,1],[-14,7],[-10,10],[-8,17],[-2,14],[3,10],[2,13],[4,8],[-1,9],[3,6],[-3,4],[-6,0],[-3,11],[4,0],[2,5],[11,9],[1,12],[7,-1],[3,3],[-2,5],[0,9],[5,-1],[1,-15],[-1,-7],[18,2],[5,1],[5,-3],[13,0],[-1,7],[-14,0],[-5,3],[-1,18],[2,4],[10,4],[-3,8],[1,11],[-11,0],[1,6],[-8,0],[0,5],[5,0],[3,14],[3,1],[-3,17],[2,6],[-6,5],[0,10],[2,5],[13,1],[-1,-14],[0,-9],[5,-6],[-1,-10],[6,3],[0,9],[1,4],[-1,15],[6,11],[-1,3],[5,6],[12,5],[21,0],[14,-4],[11,-3],[7,-6],[13,-12],[6,-8],[7,-12],[5,-12],[1,-7],[2,-23],[-1,-5],[-7,-19],[-2,-3],[4,-6],[-1,-7],[9,-7]],[[1198,5418],[2,13],[-6,1],[-4,-4],[4,-10],[4,0]],[[1082,5366],[6,-1],[3,-4],[0,-9],[5,3],[-1,6],[-7,14],[-7,-3],[1,-6]],[[1110,5374],[-2,-2],[6,-10],[4,0],[1,7],[6,0],[1,9],[-5,4],[-2,7],[0,14],[-4,3],[-1,8],[-3,6],[-4,-11],[0,-6],[1,-9],[-7,-7],[-8,-1],[-3,-7],[5,-12],[9,-5],[1,10],[5,2]],[[1124,5403],[-1,8],[-5,6],[0,-12],[6,-2]],[[1117,5287],[1,-6],[5,1],[0,8],[-6,-3]],[[1083,5442],[-4,-1]],[[1079,5441],[4,1]],[[977,6130],[-4,2],[1,11],[5,1],[5,-5],[0,-4],[-7,-5]],[[972,6180],[-3,3],[0,8],[4,9],[0,7],[5,7],[10,-1],[0,4],[5,5],[0,-19],[-3,-10],[-6,-6],[-2,-7],[-7,-2],[-3,2]],[[1068,6218],[-1,8],[5,7],[5,-5],[-2,-5],[-6,-2],[-1,-3]],[[1057,6263],[-7,-1],[0,6],[8,1],[-1,-6]],[[1046,6300],[4,-2],[0,-6],[-4,-2],[-1,6],[1,4]],[[1015,6283],[-10,-4],[-7,-1],[0,6],[5,3],[8,1],[2,18],[6,-2],[1,-12],[-5,-9]],[[1029,6306],[-12,14],[-5,-5],[0,12],[10,3],[7,-12],[0,-12]],[[993,6357],[-9,4],[4,5],[6,-1],[-1,-8]],[[978,6395],[7,1],[-1,-9],[-6,-1],[0,9]],[[919,7851],[8,-8],[6,-11],[0,-8],[3,0],[4,-10],[-8,2],[-4,-1],[-8,10],[0,8],[-6,3],[-3,11],[-6,2],[4,9],[-1,6],[2,4],[8,-15],[1,-2]],[[958,7855],[-1,9],[5,3],[1,-12],[-5,0]],[[920,8000],[-6,-4],[3,-9],[3,-39],[2,-10],[2,-5],[2,-11],[2,-6],[7,0],[11,18],[1,-11],[-5,0],[-8,-13],[-6,2],[-12,-19],[-6,-1],[-17,7],[-7,7],[-3,-1],[-17,14],[0,3],[4,11],[9,14],[-2,18],[2,6],[13,16],[7,5],[7,10],[5,1],[9,-3]],[[859,8125],[-2,-4],[-9,0]],[[848,8121],[7,1],[4,3]],[[841,8125],[5,2],[2,-6]],[[848,8121],[-7,4]],[[859,8125],[3,10]],[[862,8135],[3,-3],[-3,-7],[-3,0]],[[1326,2956],[-6,3],[-1,11],[4,-3],[3,-11]],[[1322,2988],[4,0],[2,-9],[-8,1],[2,8]],[[1331,3023],[1,-1]],[[1332,3022],[1,-12],[2,-3],[4,-14],[-5,-14],[-4,19],[-1,18],[2,7]],[[1332,3025],[0,-3]],[[1332,3022],[-1,1]],[[1331,3023],[1,2]],[[1332,3025],[7,1]],[[1339,3026],[1,-1]],[[1340,3025],[1,-1]],[[1341,3024],[-9,1]],[[1310,3045],[-3,2],[0,13],[7,3],[1,-13],[-5,-5]],[[1344,3070],[1,-2]],[[1345,3068],[0,-1]],[[1345,3067],[-1,-1]],[[1344,3066],[-1,0]],[[1343,3066],[1,4]],[[1341,3024],[-1,1]],[[1340,3025],[-1,1]],[[1339,3026],[0,10],[-2,5],[-1,11],[-7,2],[-3,5],[0,7],[7,8],[1,7],[1,20],[5,10],[7,0],[6,-1],[4,2],[-1,9],[-2,3],[-1,13],[6,8],[6,-1],[12,-17],[-4,-4]],[[1373,3123],[-4,1],[-4,6]],[[1365,3130],[3,-6],[1,-13]],[[1369,3111],[-1,0]],[[1368,3111],[-9,-9],[-11,-1],[2,-15],[-2,-5],[-3,-20],[-2,-8],[-4,-5],[10,-11],[-9,0],[1,-13]],[[1343,3066],[1,0]],[[1344,3066],[1,1]],[[1345,3067],[0,1]],[[1345,3068],[-1,2]],[[1344,3070],[-1,-4]],[[1324,3086],[0,3]],[[1324,3089],[0,-3]],[[1324,3089],[0,-3]],[[1324,3086],[-5,-2],[1,10],[4,-5]],[[1368,3111],[1,0]],[[1369,3111],[-1,0]],[[1389,3113],[4,1]],[[1393,3114],[3,-3],[0,-6],[-6,-2],[-1,10]],[[1393,3114],[-4,-1]],[[1389,3113],[4,1]],[[1362,3163],[-1,5],[5,2],[2,-8],[-6,1]],[[1290,4332],[6,2],[3,5],[4,0],[0,-9],[-7,-4],[-7,0],[1,6]],[[1237,4337],[0,-2]],[[1237,4335],[2,-5]],[[1239,4330],[-7,-5],[-2,-7],[-6,2],[-1,8],[-7,5]],[[1216,4333],[2,2]],[[1218,4335],[3,4]],[[1221,4339],[9,-3],[7,1]],[[1244,4418],[-1,7],[-5,1],[-2,-5],[4,-6]],[[1240,4415],[-1,-8],[6,-3],[1,-6],[-7,-8],[5,-3]],[[1244,4387],[2,1],[14,-13],[1,-6]],[[1261,4369],[-10,-5],[-6,-10],[-4,-2],[-1,-6],[8,1],[1,5],[4,2],[2,-9],[5,-3],[0,-5],[-4,-4],[-4,-6],[-8,-1],[-1,-7],[2,-3],[1,-9],[-3,-5],[1,-7],[6,-3],[-1,-8],[-17,-7],[-8,-9],[-5,-1],[-5,-5],[-16,-2],[1,-6],[6,-4],[-2,-8],[-5,-1],[-2,-6],[-5,1],[-2,5],[3,5],[-1,10],[-3,9],[11,-1],[1,10],[4,1],[1,7],[-3,7],[-8,-1],[-1,12]],[[1193,4300],[7,0],[0,6],[2,6],[7,1],[3,8],[0,7]],[[1212,4328],[5,-5],[-3,-7],[7,-9],[-2,-6],[-2,-9],[-12,-2],[0,-5],[8,2],[1,-14],[8,-1],[5,4],[-2,6]],[[1225,4282],[12,4],[5,7],[1,24],[-1,9],[-3,4]],[[1239,4330],[-2,5]],[[1237,4335],[0,2]],[[1237,4337],[1,10],[-1,8],[7,2],[0,4],[-7,5],[0,6],[4,1],[1,10],[-5,-2],[-4,7],[-4,1],[6,17],[-2,3],[-10,-4]],[[1223,4405],[2,-2]],[[1225,4403],[1,-7],[-11,2],[-5,4],[0,7],[-8,2],[-5,4],[-5,-1],[-8,8],[-8,1],[4,8],[6,1],[5,-2],[5,-6],[13,-2],[8,0],[4,-4],[7,0],[5,-3],[-3,13],[0,8],[5,6],[4,0],[5,-7],[0,-17]],[[1248,4384],[-4,3]],[[1244,4387],[4,-3]],[[1256,4368],[2,7],[-10,9]],[[1248,4384],[-1,-10],[9,-6]],[[1221,4339],[-3,-4]],[[1218,4335],[-2,-2]],[[1216,4333],[-4,-5]],[[1212,4328],[-2,9],[3,11],[8,1],[-4,-9],[4,-1]],[[1268,4352],[7,3],[5,-3],[-4,-5],[-6,0],[-2,5]],[[1261,4369],[12,4],[4,-2],[0,-6],[-9,-3],[-2,5],[-5,2]],[[1225,4403],[-2,2]],[[1223,4405],[2,-2]],[[1240,4415],[4,3]],[[1244,4418],[-4,-3]],[[1215,4429],[4,4],[5,1],[1,-8],[-6,-1],[-4,4]],[[1215,4429],[-2,0]],[[1213,4429],[-3,3]],[[1210,4432],[5,-3]],[[1281,4527],[6,5],[3,-5],[-9,0]],[[1182,4781],[2,8],[5,-1],[-4,-11],[-3,4]],[[1156,5188],[0,1]],[[1156,5189],[0,1]],[[1156,5190],[0,-2]],[[1165,5223],[2,-6],[-12,-10],[1,6],[6,1],[3,9]],[[1165,5223],[-9,4],[-4,4],[-1,14],[1,6]],[[1152,5251],[3,-2],[2,-20],[4,3],[4,-9]],[[1163,5305],[-1,-8],[-6,-6],[-4,-9],[-6,-6],[-6,-1],[3,-6],[-4,-3],[0,12],[11,6],[0,10],[4,1],[2,11],[7,-1]],[[1158,5329],[2,-3]],[[1160,5326],[-2,3]],[[1195,5353],[-2,5]],[[1193,5358],[2,-5]],[[1224,5372],[-5,0],[2,8],[4,-1],[-1,-7]],[[1232,5396],[-4,-3],[-5,8],[7,0],[2,-5]],[[1209,5418],[2,7]],[[1211,5425],[-2,-7]],[[1156,5450],[0,-2]],[[1156,5448],[-5,-2]],[[1151,5446],[-5,-2],[-14,-2],[-5,-1],[-3,-5]],[[1124,5436],[-1,4],[5,5],[6,1],[4,6],[-18,-2],[-3,12],[7,0],[-2,-8],[7,1],[5,-2],[16,1],[1,-4],[5,0]],[[1214,5476],[-3,-4],[-25,-3],[11,7],[17,0]],[[1179,5659],[2,-3],[0,-9],[-4,1],[-1,7],[3,4]],[[1195,5668],[0,16],[10,2],[-2,-12],[-3,-6],[-5,0]],[[1192,5701],[-4,7],[2,2],[7,-2],[-5,-7]],[[1163,5786],[5,3],[1,-7],[-5,0],[-1,4]],[[1049,7887],[1,-15],[0,-5],[-5,-8],[-8,-4],[-7,9],[-5,7],[1,8],[4,10],[2,-2],[6,3],[11,-3]],[[1034,7895],[-5,-3],[-1,18],[4,5],[5,-3],[1,-10],[-4,-7]],[[1071,8035],[3,-10],[-16,2],[-11,7],[-1,12],[3,4],[-5,25],[-9,4],[-6,6],[-3,1],[0,7],[-8,8],[-2,16],[-10,10],[-7,17],[3,10],[-3,3],[-6,-2],[-2,-3]],[[991,8152],[0,6],[12,4],[0,13],[-1,16]],[[1002,8191],[3,-3],[8,0],[6,10],[5,4],[-1,13],[-4,3],[-2,11],[5,2],[3,7],[5,3],[6,7],[-4,9],[-5,-2],[-2,-4],[1,-6],[-3,-5],[-7,-2],[1,-3],[-5,-9],[-5,2],[0,7],[7,16],[-1,7],[4,3],[0,14],[7,4]],[[1024,8279],[-3,6],[1,7],[-3,5],[2,5],[12,0],[0,-7],[7,-4],[1,-9],[-3,-9],[4,-9],[-3,-3],[2,-12],[-8,-15],[-6,-20],[3,-12],[-3,-9],[-1,-6],[13,-7],[3,-4],[1,-13],[-8,1],[6,-13],[-1,-12],[-4,-11],[-5,-5],[-3,-9],[0,-19],[10,-1],[1,6],[0,10],[-1,16],[7,11],[6,4],[6,0],[1,-8],[-5,-9],[1,-10],[2,-3],[5,-23],[-5,-11],[3,-4],[-5,-12],[1,-9],[5,-9],[11,-8]],[[1024,8279],[-3,-7],[3,-3],[3,8],[-3,2]],[[955,8234],[-1,4],[3,5],[6,-4],[-3,-6],[-5,1]],[[1483,3050],[2,-11],[6,3],[1,-9],[4,-2],[3,9],[-1,9],[5,3],[7,-4]],[[1510,3048],[-3,-1],[-2,-17],[-3,-4],[-1,-7],[-9,0],[-8,5],[-1,11],[-2,5],[3,3],[-1,7]],[[1483,3056],[0,-6]],[[1483,3050],[0,6]],[[1481,3080],[-1,1]],[[1480,3081],[1,-1]],[[1475,3091],[2,-4]],[[1477,3087],[-3,3]],[[1474,3090],[1,1]],[[1421,3160],[2,1],[15,1],[5,5],[-1,10],[3,10],[4,2],[3,-16],[5,1],[6,-5],[1,-8],[8,5],[6,-8],[4,3]],[[1482,3161],[5,-12],[8,3]],[[1495,3152],[-2,-6],[-9,0],[-4,3],[-1,5],[-7,5],[-5,-3],[-12,0],[-4,-6],[3,-10],[7,5],[6,-4],[6,4],[7,1],[3,-3],[3,-8],[1,-9],[7,-2],[6,2],[1,-10],[-2,-3],[5,-9],[4,-2],[10,1],[0,-6],[5,-5],[5,3],[6,-6],[3,-10],[-7,-6],[-5,-16],[-4,0],[-2,11]],[[1519,3068],[-9,2],[0,4],[6,2]],[[1516,3076],[-3,2],[0,8],[-5,1],[-6,-3],[4,-5],[-2,-10]],[[1504,3069],[-6,-4],[-8,2],[-5,-4],[-2,-7]],[[1483,3056],[-7,5],[-1,10],[-5,9],[5,3],[6,-3]],[[1481,3080],[-1,1]],[[1480,3081],[2,5],[-5,1]],[[1477,3087],[-3,12],[-6,-1],[3,-6],[4,-1]],[[1475,3091],[-1,-1]],[[1474,3090],[-7,-6],[-1,15],[-7,2],[1,-9],[-7,4],[6,14],[-4,-1],[-4,-7],[-9,1]],[[1442,3103],[4,-2]],[[1446,3101],[4,-1],[3,-8],[-5,-1],[-14,1],[-5,3],[2,9],[4,5],[-1,5],[-6,-1],[0,6]],[[1428,3119],[-3,3],[-2,10],[9,10],[0,7],[-10,6],[-1,5]],[[1428,3119],[7,1],[7,-2],[3,9],[-2,12],[-2,1],[-1,12],[-5,1],[-1,-18],[-3,-3],[-5,-11],[2,-2]],[[1466,3129],[-3,4],[-6,0],[-1,-6],[5,-8],[8,6],[4,0],[7,9],[-1,7],[-5,1],[-1,-14],[-7,1]],[[1499,3095],[-3,2],[-10,-2],[0,-3],[8,1],[5,2]],[[1397,3141],[11,3],[4,8],[1,10],[8,-2]],[[1421,3160],[-3,-8],[-9,-14],[-6,-1],[4,-11],[-11,-2],[-4,1],[-8,8],[-1,6],[3,4],[8,1],[3,-3]],[[1364,4403],[9,4],[3,-3],[-2,-5],[-4,-4],[-6,3],[0,5]],[[1311,4533],[5,-1],[-1,-9],[-4,1],[0,9]],[[1312,4566],[1,0]],[[1313,4566],[-1,0]],[[1313,4566],[-1,0]],[[1312,4566],[1,0]],[[1315,4627],[6,3],[1,-7],[-7,4]],[[1227,5381],[-2,8],[7,0],[1,-4],[-6,-4]],[[1264,5436],[-4,3],[-7,2]],[[1253,5441],[5,-1],[2,4]],[[1260,5444],[1,-1]],[[1261,5443],[9,1],[1,-8],[-7,0]],[[1211,5425],[-4,-2],[-2,8]],[[1205,5431],[1,7]],[[1206,5438],[3,0],[5,-8],[6,2],[1,6],[8,3],[3,13],[4,1],[8,-5],[-1,-4],[14,1],[-4,-6]],[[1253,5441],[-2,2],[-11,-1],[-2,-8],[-10,1],[-5,-11],[-5,1],[-5,5],[-2,-5]],[[1261,5443],[-1,1]],[[1260,5444],[4,3]],[[1264,5447],[-3,-4]],[[1295,5445],[-4,4],[0,7]],[[1291,5456],[7,-6],[-3,-5]],[[1315,5465],[-1,-3],[-7,-9],[0,-4]],[[1307,5449],[-1,5],[9,11]],[[1295,5460],[-6,2]],[[1289,5462],[6,-2]],[[1272,5472],[6,-10],[6,-6],[2,8],[3,-2]],[[1289,5462],[2,-6]],[[1291,5456],[-6,-2],[-5,-4],[-6,6],[-2,9],[0,7]],[[1264,5447],[2,16],[-2,2],[-1,8],[9,-1]],[[1272,5472],[-5,-2],[1,-17],[-4,-6]],[[1222,5528],[-1,-5],[-4,-2],[-4,11],[10,1],[-1,-5]],[[1317,5678],[-2,5],[-13,2],[-10,-1],[-10,6],[-3,18],[15,14],[11,-3],[9,-11],[1,-16],[6,-3],[11,11],[-1,15],[-2,5],[-6,6],[4,4],[5,0],[7,-3],[3,4],[9,6],[5,7],[1,7],[-4,9],[5,5],[2,6],[5,1],[9,-6],[1,-9],[-3,-5],[0,-6],[10,1],[-1,-5],[10,1],[6,3],[2,5],[4,-1],[4,-5],[7,8],[1,9],[-2,5]],[[1413,5767],[10,2],[-6,-7],[-1,-13],[-5,-4],[5,-5],[-6,-7],[-3,-6],[-11,-9]],[[1396,5718],[-1,-1]],[[1395,5717],[4,5],[-5,4],[-10,0],[-1,-9],[1,-11],[-6,-5]],[[1378,5701],[0,-3]],[[1378,5698],[1,-2]],[[1379,5696],[-3,-1],[0,7],[-5,-3],[-4,2]],[[1367,5701],[7,9]],[[1374,5710],[1,-5]],[[1375,5705],[5,1],[0,8],[-6,0]],[[1374,5714],[-5,3],[-3,-4],[-14,0],[-1,-4]],[[1351,5709],[-3,-4]],[[1348,5705],[6,-7]],[[1354,5698],[-4,-7]],[[1350,5691],[5,-1]],[[1355,5690],[0,-6],[-12,0],[-6,-5],[1,-7],[-7,-1],[0,-8]],[[1331,5663],[-6,-12],[1,-10],[2,-1],[0,-15],[-3,-4],[0,-5],[-4,-2],[-6,3],[1,-14],[-6,-12],[12,2],[16,11]],[[1338,5604],[-6,-5],[3,-9],[-10,-1],[-4,-4],[-4,4],[-10,0],[-3,-2],[0,-6],[-11,-3],[-9,-6],[-6,-9],[-2,3],[-10,-1],[-2,-5],[-12,-6],[-2,-4],[-7,1],[-4,4],[-14,-5],[-6,0],[-7,5],[-13,0]],[[1199,5555],[-2,-5],[-5,-2],[2,-5],[2,-11],[-1,-4],[-11,1],[2,-7],[8,-1],[3,-10],[7,0],[7,6],[13,2],[9,-8],[-8,-2],[-7,4],[-5,-1],[-14,-4],[-5,-1],[-3,-6],[-10,-3],[1,-8],[-12,-1],[-2,-4],[-8,6],[-4,-1],[1,-6],[-5,-4],[-9,-3],[-6,0]],[[1137,5477],[3,-3],[15,2],[6,1],[4,-6],[8,3],[1,-9],[-2,-2],[-1,-10],[-4,-4],[-16,-3]],[[1151,5446],[5,2]],[[1156,5448],[0,2]],[[1156,5450],[3,10],[5,1],[-3,7],[-4,-3],[-7,1],[0,5],[-9,-2],[-22,-2]],[[1119,5467],[6,5],[6,0],[6,10],[0,12],[3,4],[-1,6],[5,2],[0,-9],[10,2],[-3,4],[-1,10],[2,7],[-3,13],[3,9],[11,3],[4,-3],[5,10],[10,3],[-5,4],[-4,-3],[-24,-5],[-11,3],[-8,5],[-6,7],[-1,11],[5,13],[-1,15],[-4,4],[-5,0],[-3,12],[-6,0],[2,-6],[-3,-8],[-6,1],[-7,-6]],[[1095,5602],[-3,2],[-1,9],[2,5],[5,3],[-1,16],[14,0],[-2,-7],[2,-8],[5,0],[0,8],[6,9],[9,4],[17,2],[11,-4],[15,-6],[9,-10],[10,-15],[2,-9],[1,-13],[-4,-12],[3,-5],[6,1],[7,20],[-1,16],[-3,2],[-3,9],[4,12],[6,4],[5,0],[14,-8],[6,-9],[5,-15],[1,-12],[-3,-6],[-8,-10],[-9,-4],[18,-4],[3,6],[10,3],[2,-4],[13,9],[7,9],[5,16],[-2,6],[-5,8],[-2,5],[4,6],[-2,6],[-5,0],[-5,-4],[-8,-1],[-3,12],[16,4],[0,5],[5,15],[5,5],[17,2],[2,-9],[-5,-4],[0,-6],[-2,-9],[-5,-12],[6,1],[3,-11],[-5,-3],[-2,-6],[1,-8],[3,1],[2,7],[10,-2],[0,9],[-2,20],[4,9],[7,3],[1,9],[4,4],[0,10]],[[1351,5709],[-1,6],[-11,-3],[0,-5],[12,2]],[[1150,5600],[8,12],[13,12],[1,5],[-4,4],[-13,7],[-14,0],[-3,-4],[0,-9],[4,-18],[4,-1],[-4,-9],[3,-6],[5,7]],[[1305,5638],[3,-6],[4,2],[1,16],[-5,-2],[-3,-10]],[[1321,5642],[-5,3],[1,-10],[-2,-7],[4,-1],[2,15]],[[1212,5587],[9,-3],[1,-4],[7,-2],[4,2],[6,8],[-1,18],[-4,11],[-6,9],[-8,5],[-10,-1],[-4,-4],[0,-10],[3,-6],[3,-23]],[[1095,5614],[0,-7],[6,2],[-6,5]],[[1389,5739],[-6,2],[-3,-4],[-9,0],[-7,3],[-6,-6],[1,-7],[-12,1],[1,-8],[11,-3],[14,1],[7,2],[4,11],[11,0],[12,2],[1,9],[-10,1],[-3,-4],[-6,0]],[[1241,5761],[7,5],[-1,-9],[-4,0],[-2,4]],[[1098,7864],[13,8],[0,-9],[-9,-1],[-4,2]],[[1092,7877],[3,-4],[-3,-4],[-6,0],[0,-4],[-6,0],[-2,4],[5,4],[7,1],[2,3]],[[1127,7891],[-5,-8],[-6,-1],[0,-3],[-8,-1],[-2,8],[-8,1],[9,13],[10,2],[7,-5],[3,-6]],[[1082,7885],[-5,-3],[0,9],[2,8],[-2,5],[5,4],[3,-8],[0,-11],[-3,-4]],[[1062,7969],[2,-5],[-5,-5],[-1,9],[4,1]],[[1108,8010],[4,-7],[0,-6],[7,-4],[-4,-11],[4,-11],[4,-4],[-1,-9],[-4,-8],[-8,3],[-1,14],[3,5],[-1,12],[-10,11],[-7,10],[-1,5],[8,8],[6,-1],[1,-7]],[[1077,8048],[-2,-9],[-4,-4]],[[1071,8035],[6,13]],[[1077,8048],[2,9],[-2,5],[5,7],[12,1],[11,-10],[2,-5],[1,-13],[-3,-3],[-5,3],[-8,-2],[0,6],[-12,6],[-3,-4]],[[1103,8102],[3,-2],[-1,-7],[-5,7],[3,2]],[[1069,8118],[3,-4],[8,-15],[-3,-6],[-8,15],[2,5],[-2,5]],[[1091,8114],[4,0],[1,-9],[-3,-1],[-2,10]],[[1082,8159],[3,-8],[-5,0],[2,8]],[[1086,8364],[2,6],[4,1],[3,-8],[-1,-3],[-7,-1],[-1,5]],[[1510,3048],[13,2],[8,-1],[6,-5],[2,-6],[11,9],[8,1],[6,-8],[1,-9]],[[1565,3031],[0,-4]],[[1565,3027],[-5,-2],[3,-14],[4,0]],[[1567,3011],[1,0]],[[1568,3011],[-2,-10],[-6,1],[-5,22],[-6,4],[-5,0],[-3,6],[-18,14],[-13,0]],[[1504,3069],[6,0],[0,-6],[-11,-1],[5,7]],[[1530,3139],[4,-5],[2,-13],[-3,-4],[-15,-1],[-9,5],[-1,8],[-3,12],[6,5],[8,1],[11,-8]],[[1495,3924],[-6,3],[2,7],[7,-4],[-3,-6]],[[1473,4076],[2,9],[7,6],[2,-15],[-1,-4],[-7,-1],[-3,5]],[[1446,4441],[6,13],[1,-8],[-1,-4],[-6,-1]],[[1364,5239],[3,-2]],[[1367,5237],[1,-3]],[[1368,5234],[-4,5]],[[1368,5234],[-1,3]],[[1367,5237],[1,-3]],[[1344,5456],[-3,4]],[[1341,5460],[4,-2]],[[1345,5458],[-1,-2]],[[1341,5460],[-6,1]],[[1335,5461],[6,-1]],[[1355,5464],[6,-1]],[[1361,5463],[-6,1]],[[1331,5454],[-6,-2],[-6,3],[0,13],[-4,-3]],[[1315,5465],[4,4],[2,-14],[10,-1]],[[1332,5465],[1,0]],[[1333,5465],[2,-4]],[[1335,5461],[-3,4]],[[1332,5465],[-3,-5],[2,-6]],[[1331,5454],[-3,9],[4,2]],[[1339,5467],[3,2]],[[1342,5469],[-3,-2]],[[1344,5456],[1,2]],[[1345,5458],[0,5],[-5,0],[-1,4]],[[1339,5467],[3,2]],[[1342,5469],[12,2],[1,11],[8,-1],[0,-12],[-2,-6]],[[1361,5463],[-2,5],[3,4],[-1,7],[-4,1],[-2,-6],[0,-10]],[[1355,5464],[-5,-5],[-6,-3]],[[1361,5517],[7,4],[1,-4],[5,1],[4,-11],[-1,-7],[-7,-1],[-2,-7],[-3,0],[-4,7],[2,3],[9,2],[0,6],[-8,-4],[-5,2],[2,9]],[[1351,5532],[0,11],[4,1],[2,-12],[-6,0]],[[1366,5556],[-3,5],[-6,0],[-1,-4],[-7,2],[-1,3],[12,1],[0,5],[5,4],[3,-5],[1,-10],[-3,-1]],[[1349,5625],[5,-6],[-7,-2],[2,8]],[[1355,5690],[-2,2]],[[1353,5692],[8,2]],[[1361,5694],[-6,-4]],[[1353,5692],[-3,-1]],[[1350,5691],[3,1]],[[1276,6330],[-5,1],[1,12],[6,-2],[-3,-6],[1,-5]],[[1306,6361],[5,1],[-1,-7],[-5,0],[1,6]],[[1294,6396],[8,-6],[0,-9],[-3,-9],[-8,10],[-5,3],[1,9],[7,2]],[[1260,6393],[-2,9],[5,1],[1,-9],[-4,-1]],[[1188,7848],[-7,-9],[-9,1],[6,9],[6,3],[6,8],[7,3],[-2,-7],[-7,-8]],[[1183,7878],[0,-14],[-8,-11],[-6,-2],[-8,6],[6,7],[4,0],[0,6],[7,6],[5,2]],[[1144,7869],[2,5],[8,8],[1,-7],[-11,-6]],[[1145,7897],[1,5],[5,1],[0,-6],[-6,0]],[[1149,7968],[0,-6],[-5,0],[0,6],[5,0]],[[1123,8018],[8,0],[7,3],[6,-7],[-3,-3],[6,-7],[8,-2],[11,-7],[9,2],[3,-6],[-10,-1],[3,-5],[2,-9],[-4,0],[-3,18],[-8,0],[-13,7],[-7,8],[-6,7],[-9,2]],[[1153,8026],[3,1],[1,-8],[-3,-1],[-1,8]],[[1174,8360],[5,-3],[3,-6],[1,-8],[-3,-4],[-5,0],[-3,5],[-1,9],[-2,3],[-1,11],[-5,0],[1,10],[-14,1],[0,4],[7,1],[9,-5],[3,-4],[5,-14]],[[1131,8376],[4,-1],[1,-10],[-4,1],[-1,10]],[[1105,8582],[1,1]],[[1106,8583],[1,2]],[[1107,8585],[-2,-3]],[[1107,8585],[-1,-2]],[[1106,8583],[-1,-1]],[[1105,8582],[-7,8],[1,4],[8,1],[0,-10]],[[1096,8607],[11,5],[1,-10],[-5,0],[-7,5]],[[1101,8626],[-1,13],[5,0],[2,-5],[1,-8],[-5,-4],[-2,4]],[[1094,9013],[-1,0]],[[1093,9013],[-3,2]],[[1090,9015],[3,5]],[[1093,9020],[1,-7]],[[1568,3011],[-1,0]],[[1567,3011],[1,0]],[[1574,3033],[-5,-5],[-4,-1]],[[1565,3027],[0,4]],[[1565,3031],[9,2]],[[1626,3046],[-2,0]],[[1624,3046],[3,7]],[[1627,3053],[5,-1]],[[1632,3052],[-6,-6]],[[1527,4112],[-2,6],[3,4],[5,-3],[0,-11],[-6,4]],[[1432,5400],[4,-2],[1,-6],[-4,-1],[-1,9]],[[1419,5482],[5,-4],[-5,-6]],[[1419,5472],[2,7],[-2,3]],[[1400,5468],[1,-4],[-8,-4],[-10,2],[2,11]],[[1385,5473],[4,-3],[-1,-8],[6,0],[3,5],[2,27]],[[1399,5494],[2,-10],[-3,-5],[2,-11]],[[1419,5482],[-4,0],[-2,-11],[6,1]],[[1419,5472],[-8,-2],[0,7],[2,7],[-3,10],[-4,2],[-7,-2]],[[1399,5494],[6,4],[9,-1],[3,-2],[2,-13]],[[1444,5504],[-2,-5],[-14,8],[0,-6],[-6,1],[2,6],[10,4],[2,-7],[8,-1]],[[1446,5540],[6,-5],[1,-9],[-16,-5],[1,-6],[4,-2],[2,-9]],[[1444,5504],[-6,9],[-3,6],[-8,3],[-1,9],[-4,7],[12,1],[-1,8],[4,5],[5,0],[2,8]],[[1444,5560],[6,0],[0,-7],[-11,-7],[-3,0],[1,-8],[-4,-7],[1,-8],[17,3],[1,8],[-6,0],[0,6]],[[1383,5579],[4,-12],[-6,-2],[-1,10],[3,4]],[[1383,5579],[0,8],[5,10],[9,12],[9,-1],[-1,-4],[-9,-2],[0,-5],[-6,-3],[-3,-9],[-4,-6]],[[1421,5618],[-4,-2],[0,-7],[5,-1],[1,-8],[-6,1],[-3,6],[0,12],[14,11],[7,-1],[0,-6],[-12,-1],[-2,-4]],[[1390,5696],[6,2],[1,5],[8,-1],[0,-9],[-5,-3],[-7,-1],[-3,7]],[[1366,5691],[1,6]],[[1367,5697],[-1,-6]],[[1367,5701],[0,-4]],[[1367,5697],[-1,-6]],[[1366,5691],[-5,3]],[[1361,5694],[6,7]],[[1379,5696],[-1,2]],[[1378,5698],[0,3]],[[1378,5701],[7,0],[-2,-5],[-4,0]],[[1375,5705],[-1,5]],[[1374,5710],[0,2]],[[1374,5712],[1,-7]],[[1374,5714],[0,-2]],[[1374,5712],[0,2]],[[1401,5714],[-5,-2],[-1,5]],[[1395,5717],[1,1]],[[1396,5718],[5,-4]],[[1434,5741],[1,-1]],[[1435,5740],[-3,-3],[-3,-18],[-17,-3],[11,10]],[[1423,5726],[4,2],[1,10],[6,3]],[[1401,5771],[-7,0],[0,4],[8,10],[1,-10],[-2,-4]],[[1409,5779],[-1,6],[6,1],[1,-7],[-6,0]],[[1405,5794],[3,2],[1,-8],[-4,-2],[0,8]],[[1227,7848],[-1,9],[4,2],[3,-6],[-6,-5]],[[1270,7908],[-6,-8],[-1,5],[7,3]],[[1237,7954],[7,-6]],[[1244,7948],[-7,6]],[[1222,7954],[3,-2]],[[1225,7952],[-3,2]],[[1234,8009],[0,17],[5,0],[1,-10],[-3,-7],[-3,0]],[[1203,8010],[-6,2],[-5,-3],[-3,-6],[-10,-1],[0,7],[6,6],[11,0],[-4,9],[4,11],[8,2]],[[1204,8037],[1,-9],[9,-1],[1,3],[10,0],[2,-5],[0,-10],[-5,2],[0,-7],[-2,-3],[-7,0],[-5,4],[-5,-1]],[[1204,8037],[0,8],[7,1],[2,-9],[-9,0]],[[1205,8390],[3,-8],[-4,-5],[-2,8],[3,5]],[[1169,8380],[-1,3],[3,6],[4,-1],[1,-8],[-7,0]],[[1203,8394],[-5,-4],[-7,11],[1,15],[4,6],[8,2],[1,-5],[1,-15],[-3,-10]],[[1218,8406],[-2,3],[-2,19],[6,-1],[1,-9],[-3,-12]],[[1232,8429],[-5,6],[0,3],[7,1],[-2,-10]],[[1147,8799],[0,-1]],[[1147,8798],[0,1]],[[1147,8799],[0,-1]],[[1147,8798],[0,1]],[[1127,9050],[0,10],[4,-5],[-4,-5]],[[1678,2998],[1,0]],[[1679,2998],[-1,0]],[[1668,3005],[1,0]],[[1669,3005],[-8,-6]],[[1661,2999],[7,6]],[[1641,3014],[2,-1],[0,-9],[3,-3]],[[1646,3001],[-3,1],[-2,4],[0,8]],[[1638,3019],[3,-5]],[[1641,3014],[-3,5]],[[1635,3050],[-3,2]],[[1632,3052],[8,4],[6,7],[2,-4],[-13,-9]],[[1650,3054],[1,7]],[[1651,3061],[-1,-7]],[[1662,3076],[1,1]],[[1663,3077],[0,2]],[[1663,3079],[-1,-3]],[[1662,3076],[-4,4],[3,4],[7,-3]],[[1668,3081],[-5,-2]],[[1663,3079],[0,-2]],[[1663,3077],[-1,-1]],[[1668,3081],[4,3],[3,6],[8,-7],[-15,-2]],[[1509,5270],[3,-12],[-1,-7],[-6,-1],[-1,8],[4,1],[1,11]],[[1539,5569],[-2,-5],[-9,-4],[-1,5],[-6,0],[-7,5],[-7,-1],[-3,2],[0,5],[-5,1],[-5,-11],[-5,-3],[-9,-1],[-11,-9],[0,-11],[-6,-2],[-8,-1],[-9,1]],[[1446,5540],[21,2],[0,14],[10,5],[3,4],[0,7],[5,5],[2,-6],[5,-4],[7,12],[4,-1],[3,-7],[8,1],[4,-3],[7,8],[0,3],[7,2],[1,-8],[-3,-5],[2,-5],[7,5]],[[1454,5596],[5,1],[5,4],[2,-7],[-8,-2],[-4,4]],[[1437,5599],[4,7],[4,0],[-1,-8],[-7,1]],[[1482,5621],[6,2],[1,-6],[-6,1],[-1,3]],[[1450,5654],[-1,4],[-6,10],[10,1],[0,3]],[[1453,5672],[3,-1]],[[1456,5671],[1,-5],[-9,-1],[2,-5],[0,-6]],[[1450,5690],[1,-5],[5,2]],[[1456,5687],[0,-16]],[[1456,5671],[-3,1]],[[1453,5672],[-3,18]],[[1451,5693],[-1,-3]],[[1450,5690],[1,3]],[[1451,5693],[4,3],[2,6]],[[1457,5702],[-1,-7],[-5,-2]],[[1442,5727],[4,6],[6,1],[1,-6],[-11,-1]],[[1435,5740],[-1,1]],[[1434,5741],[1,-1]],[[1451,5748],[4,2],[2,-5],[-7,-3],[1,6]],[[1439,5752],[-4,-4],[-6,3],[2,4],[5,0],[3,-3]],[[1445,5767],[-1,-10],[-5,2],[1,6],[5,2]],[[1490,5777],[-8,-6],[0,-5],[-8,-2],[-5,5],[-6,9],[-4,0]],[[1459,5778],[4,2]],[[1463,5780],[3,1]],[[1466,5781],[3,-2]],[[1469,5779],[4,-3],[13,2],[4,-1]],[[1445,5767],[4,4]],[[1449,5771],[-2,1]],[[1447,5772],[3,3],[5,-2],[-4,-6],[-6,0]],[[1466,5781],[3,-2]],[[1469,5779],[-3,2]],[[1463,5780],[-4,-2]],[[1459,5778],[-7,4],[0,5],[8,1],[3,-8]],[[1340,7772],[-2,0],[-12,16],[-7,8],[1,5],[8,-6],[3,-10],[6,-1],[3,-6],[0,-6]],[[1305,7854],[2,1]],[[1307,7855],[-2,-1]],[[1291,7902],[1,1]],[[1292,7903],[-1,-1]],[[1292,7903],[-1,-1]],[[1291,7902],[-2,8]],[[1289,7910],[0,1]],[[1289,7911],[3,-8]],[[1277,7911],[-7,-3]],[[1270,7908],[3,5],[4,-2]],[[1289,7910],[0,1]],[[1289,7911],[0,-1]],[[1268,7926],[2,2]],[[1270,7928],[10,-8]],[[1280,7920],[-7,1],[-5,5]],[[1267,7933],[3,-5]],[[1270,7928],[-3,5]],[[1297,7960],[-2,8]],[[1295,7968],[2,-8]],[[1307,8059],[5,1],[-2,-9],[-5,4],[2,4]],[[1303,8074],[-7,4],[0,6],[6,0],[3,-3],[-2,-7]],[[1290,8110],[3,7],[7,1],[0,-4],[-5,-5],[-5,1]],[[1271,8124],[9,2],[4,-3],[2,-7],[-4,-2],[-6,0],[-6,4],[1,6]],[[1297,8391],[-8,-2],[-3,4],[3,5],[8,-7]],[[1248,8707],[1,0]],[[1249,8707],[4,-5],[5,1],[1,5],[6,5],[4,0],[2,-7],[8,2],[3,-4],[-21,-1],[7,-7],[-2,-6],[-5,-1],[-7,7],[-5,-2],[-1,13]],[[1252,8708],[-3,-1]],[[1249,8707],[-1,0]],[[1248,8707],[4,1]],[[1254,8784],[0,-5],[-7,-2],[3,8],[4,-1]],[[1259,8784],[2,4]],[[1261,8788],[-2,-4]],[[1259,8796],[4,-2],[-2,-6]],[[1261,8788],[-2,8]],[[1261,8800],[-2,-4]],[[1259,8796],[2,4]],[[1236,8942],[-6,12],[5,-1],[1,-11]],[[1238,8996],[-3,-3]],[[1235,8993],[3,3]],[[1204,9109],[-6,0],[0,8],[3,0],[3,-8]],[[1205,9113],[-1,0]],[[1204,9113],[1,0]],[[1739,2980],[-9,-3],[-7,1]],[[1723,2978],[2,7],[5,0],[9,-5]],[[1729,3000],[5,2],[11,-7],[-2,-4],[-10,5],[-4,4]],[[1737,3003],[-3,4],[-6,-1],[-2,-4],[-5,0],[-5,4],[-8,-1],[-4,-5],[0,-8],[-10,-6],[-2,5]],[[1692,2991],[1,1]],[[1693,2992],[7,3],[-1,9],[5,10],[20,-4],[3,4],[16,1],[-6,-12]],[[1714,3019],[-4,0]],[[1710,3019],[1,0]],[[1711,3019],[3,0]],[[1766,3061],[0,-10],[4,1],[8,-4],[0,-9],[-3,-8]],[[1775,3031],[1,-3]],[[1776,3028],[5,-4],[9,1],[3,-3],[4,2],[10,-1],[7,6],[10,4],[2,-5],[-9,-5],[1,-8],[-13,4],[3,-10],[3,-1],[1,-9],[4,-4],[7,0],[7,6],[0,-9]],[[1830,2992],[-2,-1]],[[1828,2991],[-2,-1]],[[1826,2990],[0,-9]],[[1826,2981],[3,0]],[[1829,2981],[0,3]],[[1829,2984],[8,1]],[[1837,2985],[3,-4],[-3,-9],[-9,-2],[-9,9],[-12,0],[-16,8],[-4,4],[-4,-1],[-10,5],[1,-9],[-3,-1],[-6,-13],[8,-2]],[[1773,2970],[0,-1]],[[1773,2969],[-7,-2],[-7,0],[2,-8]],[[1761,2959],[-4,1],[-8,-3],[-5,4],[-4,8],[-1,11]],[[1739,2980],[4,-6],[1,-8],[10,6],[-1,19],[6,10],[6,0]],[[1765,3001],[-6,3],[-13,0],[-4,7],[5,4],[5,-7],[5,5],[1,11],[-9,3],[-1,11],[7,1],[2,15],[-7,-1],[-4,12],[-10,-4],[-4,6],[-9,1]],[[1723,3068],[0,11],[-6,1],[-4,-4],[2,-11],[10,-15],[1,-5],[4,-3],[2,-8],[-6,0]],[[1726,3034],[-4,3]],[[1722,3037],[-1,4],[-7,1],[-5,5],[-10,-1],[-3,-8],[1,-10],[-2,-2],[-7,4],[-2,7],[-7,4],[-11,-4],[-5,3],[-1,-8],[6,-1],[10,-3],[7,-8],[0,-7],[-4,-2]],[[1681,3011],[1,-7],[8,-1],[2,-9]],[[1692,2994],[1,-2]],[[1693,2992],[-1,-1]],[[1692,2991],[-2,3],[-8,-1],[-1,4]],[[1681,2997],[-2,1]],[[1679,2998],[0,1]],[[1679,2999],[-1,-1]],[[1678,2998],[-5,-2],[-4,9]],[[1669,3005],[-1,0]],[[1668,3005],[-18,7],[-4,-11]],[[1646,3001],[-1,8],[-3,13],[-4,-3]],[[1638,3019],[-11,-1],[4,-4],[0,-9],[-4,-7],[-5,0],[-4,-5],[-10,11],[-16,-3],[-1,8],[2,5],[5,1],[0,9],[-2,2],[-14,-2],[-8,9]],[[1574,3033],[4,9],[8,-1],[9,3],[6,-5],[4,6],[6,4],[2,5],[10,5],[4,-6]],[[1627,3053],[-5,-3],[2,-4]],[[1624,3046],[2,0]],[[1626,3046],[9,4]],[[1635,3050],[19,0],[5,4],[0,8],[7,-1],[-1,12],[4,-2],[7,7],[5,-1],[4,4],[12,1],[5,3],[3,-7],[5,5],[10,0],[0,5],[10,8],[8,0],[3,-5],[12,-12],[1,-11],[5,6],[13,0],[3,-9],[5,8],[15,6],[2,-4],[-4,-6],[1,-4],[8,-1],[4,4],[6,-3],[6,3],[2,10],[8,3],[4,-6],[10,3],[4,-7],[-4,-2],[-3,-6],[10,-9],[1,-11],[-6,-7],[-9,-1],[-5,7],[-1,11],[-4,4],[-11,-2],[-3,-7],[-7,-1],[-7,2],[-5,8],[-5,-5],[-1,-6],[-11,9],[-7,-1],[-2,7]],[[1764,3064],[2,-3]],[[1766,3061],[-2,3]],[[1765,2981],[3,2],[-2,12],[-6,-7],[-2,-12],[7,5]],[[1828,3060],[5,2],[1,4],[-8,5],[-5,0],[7,-11]],[[1769,3042],[-7,6],[-3,-10],[1,-9],[3,-2],[0,-8],[8,-2],[-2,25]],[[1714,3019],[-3,0]],[[1711,3019],[-1,0]],[[1710,3019],[-2,6],[4,10],[10,2]],[[1722,3037],[4,-3]],[[1726,3034],[-1,-3]],[[1725,3031],[9,-2],[1,-7],[-5,-4],[-3,6],[-3,-6],[-10,1]],[[1708,3088],[1,1]],[[1709,3089],[-1,-1]],[[1709,3089],[-1,-1]],[[1708,3088],[-5,-2],[-15,2],[1,6],[6,2],[2,-4],[6,1],[6,-4]],[[1670,4003],[1,0]],[[1671,4003],[-1,0]],[[1671,4003],[-1,0]],[[1670,4003],[1,0]],[[1660,4003],[1,11],[3,0],[0,-9],[-4,-2]],[[1536,5495],[4,-11],[-12,-1],[-3,2],[-1,8],[-2,5],[6,3],[6,-1],[2,-5]],[[1538,5521],[11,1],[10,-2],[1,-9],[-10,-5],[-8,-1],[-6,7],[-1,10],[3,-1]],[[1543,5561],[-1,0]],[[1542,5561],[-1,6],[4,4]],[[1545,5571],[2,-4],[-4,-6]],[[1545,5571],[-6,-2]],[[1539,5569],[6,2]],[[1519,5630],[-3,7],[3,5],[5,1],[-5,-13]],[[1524,5698],[5,6],[3,2],[0,10],[4,-1],[1,-12],[-13,-8],[-4,-1],[-3,-6],[-8,-2],[-7,-4],[4,-4],[0,-5],[-12,2],[4,9],[9,1],[8,4],[2,6],[7,3]],[[1589,5753],[2,-14],[-7,-2],[-1,6],[-6,1],[-1,-4],[-8,-4],[-22,-2],[-18,-1],[-3,-7],[-11,-5],[-9,-2],[0,4],[9,3],[8,1],[2,3],[2,10],[6,2],[18,0],[6,3],[7,8],[7,-1],[2,5],[9,2],[7,20],[0,5],[5,13],[-4,8],[9,2],[5,3],[-1,5],[13,1],[-9,-16],[-3,-1],[-6,-9],[-4,-13],[2,-19],[13,3],[4,-3],[10,-1],[5,4],[6,2],[2,18],[-4,1],[-7,-1],[4,-8],[-5,-3],[-3,3],[1,12],[3,1],[3,15],[5,0],[1,-11],[6,0],[6,-3],[4,-6],[-1,-12],[0,-19],[-4,-6],[-6,0],[-1,-12],[-8,4],[-17,-2],[-9,-3],[-4,7],[12,0],[3,8],[-9,5],[-8,0],[-4,6],[-1,10],[-4,-3],[1,-11]],[[1589,5753],[-5,6],[-11,-4],[-6,-9],[-6,0],[0,-7],[6,0],[1,4],[8,4],[10,2],[3,4]],[[1508,5772],[-3,4],[-8,-1],[-7,2]],[[1490,5777],[17,0],[1,-5]],[[1517,5836],[5,4],[3,-4],[-3,-9],[-4,3],[-7,-5],[-9,-2],[-7,7],[2,11],[6,9],[5,0],[6,-5],[3,-9]],[[1343,7734],[1,1]],[[1344,7735],[-1,-1]],[[1344,7735],[-1,-1]],[[1343,7734],[1,1]],[[1361,7761],[6,0]],[[1367,7761],[-6,0]],[[1371,7770],[-1,1]],[[1370,7771],[0,1]],[[1370,7772],[1,-2]],[[1356,7783],[14,-11]],[[1370,7772],[0,-1]],[[1370,7771],[1,-1]],[[1371,7770],[-8,-1],[-7,14]],[[1374,7979],[-9,-10],[-4,-7],[-5,1],[-1,9],[7,5],[5,11],[2,11],[10,12],[2,-17],[-1,-7],[-6,-8]],[[1334,7989],[-5,0],[-3,3],[-1,8],[6,6],[6,0],[2,-10],[-5,-7]],[[1328,8053],[4,1],[2,-6],[-5,-4],[-1,9]],[[1359,8063],[1,6],[5,-1],[0,-5],[-4,-8],[-2,8]],[[1364,8089],[4,-6]],[[1368,8083],[-5,-9],[-3,6],[4,9]],[[1325,8085],[2,3]],[[1327,8088],[-2,-3]],[[1323,8098],[-1,-7],[5,-3]],[[1327,8088],[-2,-3]],[[1325,8085],[-3,2],[-2,9],[3,2]],[[1364,8089],[-3,0],[-2,12],[4,-2],[-2,-5],[3,-5]],[[1330,8107],[1,-15],[-2,0]],[[1329,8092],[-2,7],[3,8]],[[1329,8130],[-3,-5]],[[1326,8125],[3,5]],[[1329,8130],[-3,-5]],[[1326,8125],[-4,-3],[-2,-8],[-4,-5]],[[1316,8109],[2,6],[-1,8],[-5,-1],[-12,4],[3,6],[11,-2]],[[1314,8130],[3,3]],[[1317,8133],[-1,6],[8,3]],[[1324,8142],[-2,-4],[3,-7],[4,-1]],[[1352,8195],[8,-4]],[[1360,8191],[-15,-4],[-3,-7],[1,-8]],[[1343,8172],[-12,-9],[-5,-8],[1,-7],[5,-1],[-2,-8],[-6,3]],[[1324,8142],[-2,7],[-9,-4]],[[1313,8145],[-4,10],[1,11],[10,2]],[[1320,8168],[2,4],[5,-1],[3,3],[1,10],[8,5],[-1,6],[4,4]],[[1342,8199],[1,1]],[[1343,8200],[0,1]],[[1343,8201],[1,2]],[[1344,8203],[4,5],[10,-2],[-1,-8],[-5,-3]],[[1320,8168],[-6,-11],[3,-4],[5,0],[-2,15]],[[1342,8200],[0,-1]],[[1342,8199],[0,1]],[[1343,8200],[-1,0]],[[1342,8200],[2,3]],[[1344,8203],[-1,-2]],[[1343,8201],[0,-1]],[[1357,8250],[0,-12],[-6,1],[0,5],[-7,1]],[[1344,8245],[1,5],[12,1]],[[1357,8251],[0,-1]],[[1345,8279],[-7,1],[0,9],[7,-10]],[[1330,8405],[1,-4]],[[1331,8401],[-1,4]],[[1355,8701],[1,-2]],[[1356,8699],[-10,0],[0,-6],[5,2],[4,-4]],[[1355,8691],[-1,-1]],[[1354,8690],[-5,-5],[6,-2]],[[1355,8683],[-4,-5],[0,-5],[-6,-2],[-1,-5],[10,1],[-1,-6],[-7,3],[-2,-5],[-10,-8],[-4,5],[-3,-3],[0,-6],[-7,3]],[[1320,8650],[-3,-4],[-6,0],[-3,4],[-2,-7]],[[1306,8643],[-4,-2],[-6,3],[-4,-6],[0,-4],[-6,0],[-3,-2],[0,-12],[6,-4]],[[1289,8616],[5,-1],[2,7]],[[1296,8622],[1,0]],[[1297,8622],[1,-2]],[[1298,8620],[1,-5],[4,-1]],[[1303,8614],[6,-16],[8,-6],[-2,-4],[-11,-11],[-5,0],[-4,-8],[0,-8],[-1,-5],[0,-9],[12,3],[6,9],[7,8]],[[1319,8567],[0,8],[6,9]],[[1325,8584],[2,0]],[[1327,8584],[8,-2],[1,7],[6,0]],[[1342,8589],[4,1],[2,6],[-7,9]],[[1341,8605],[-1,1]],[[1340,8606],[-1,1]],[[1339,8607],[1,9],[12,1],[2,-12],[-7,-2],[4,-10],[4,-1],[4,12]],[[1359,8604],[1,0]],[[1360,8604],[2,-5],[0,-6]],[[1362,8593],[-7,-9],[2,-4],[-6,-5],[-3,-10],[-7,-1],[-2,-5],[4,-7],[-11,-5],[-5,-14],[8,0]],[[1335,8533],[-2,-5],[-7,1],[-3,-9],[-12,5],[-1,-11]],[[1310,8514],[4,1],[1,-10],[8,1],[14,-17],[0,-9],[9,8],[0,-10],[-1,-7],[-6,-9],[-7,1],[-8,-1],[-6,3],[3,-17],[4,-6],[7,-1],[2,-5],[9,-1],[2,5],[7,3]],[[1352,8443],[0,-1]],[[1352,8442],[-2,-1]],[[1350,8441],[0,-1]],[[1350,8440],[4,-9]],[[1354,8431],[-5,-2],[3,-5],[4,1]],[[1356,8425],[0,-4],[-4,-5],[-3,0]],[[1349,8416],[-6,-6],[-7,-2],[-7,2],[1,-5]],[[1330,8405],[1,-4]],[[1331,8401],[2,-5]],[[1333,8396],[-6,-9],[-1,-5],[-4,-5],[-4,-7],[-1,-10],[4,-4],[7,-11],[0,-6],[5,-6],[7,-2],[0,-7],[5,-3],[3,-7],[0,-6],[-6,0],[-3,6]],[[1339,8314],[-2,10],[-3,0],[-11,6],[-4,12],[-5,4],[-3,7],[-3,11],[1,5],[0,8],[-5,10],[-1,10],[3,1],[1,11],[0,18],[-3,2],[-3,8],[3,7],[-3,5],[-1,11],[-4,1],[-6,6],[-6,2],[-7,6],[-8,-1],[-3,13],[-4,-3],[-4,3],[-5,9],[2,2],[-1,8],[-4,0],[-3,7],[-7,4],[10,5],[2,5],[-1,9],[5,4],[11,1],[6,6],[-4,21],[-5,9],[-6,2],[0,11],[6,6],[0,5],[5,1],[-3,8],[0,8],[-4,5],[-2,15],[5,4],[2,9],[-3,7],[6,1],[1,-10],[2,-2],[8,0],[5,7],[1,6],[0,9],[7,-4],[9,8],[6,8],[4,3],[3,5],[5,0],[4,11],[11,10],[16,3],[0,-7],[3,-5]],[[1290,8609],[-1,7]],[[1289,8616],[1,-7]],[[1310,8514],[-3,2],[-8,-1],[1,-4],[8,-3],[2,6]],[[1326,8675],[-6,-2],[1,-6],[8,4],[8,0],[-1,6]],[[1336,8677],[-4,2],[-6,-4]],[[1316,8494],[-3,-5],[7,-8],[7,1],[-1,7],[-4,6],[-6,-1]],[[1327,8584],[-2,0]],[[1325,8584],[-3,3],[6,7]],[[1328,8594],[1,-2]],[[1329,8592],[3,-5],[-5,-3]],[[1325,8600],[1,3]],[[1326,8603],[-1,-3]],[[1298,8620],[-1,2]],[[1297,8622],[-1,0]],[[1296,8622],[2,-2]],[[1307,8643],[-1,0]],[[1306,8643],[1,0]],[[1281,8719],[3,-3],[7,3],[1,-6],[-6,-4],[-5,4],[0,6]],[[1295,8717],[6,10],[4,-8],[-2,-3],[-8,1]],[[1289,8737],[4,-3],[0,-9],[-5,0],[1,12]],[[1316,8740],[4,-1]],[[1320,8739],[1,-1]],[[1321,8738],[-1,-3]],[[1320,8735],[-6,0],[-6,-7]],[[1308,8728],[2,8],[6,4]],[[1285,8749],[1,3]],[[1286,8752],[-1,-3]],[[1286,8752],[-1,-3]],[[1285,8749],[1,3]],[[1277,8759],[1,-1]],[[1278,8758],[-1,1]],[[1299,8847],[-2,7]],[[1297,8854],[2,-7]],[[1305,8853],[-5,4],[2,9],[6,-10],[-3,-3]],[[1240,8882],[3,3],[11,-1],[5,3],[1,-9],[6,4],[4,0],[5,-7],[8,-3],[8,0],[1,-13],[5,-5]],[[1297,8854],[-9,2],[-4,4],[-14,-1],[-3,8],[-4,0],[-8,11],[-7,-4],[-3,6],[-5,2]],[[1213,9087],[0,7],[-5,13],[-4,2]],[[1204,9109],[0,4]],[[1204,9113],[1,0]],[[1205,9113],[9,-4],[4,-15],[4,-3],[3,-11],[13,-14],[5,-1],[4,-8],[4,-2],[1,-8],[7,-2]],[[1259,9045],[5,1],[5,-4],[5,-1],[2,-4],[6,-1],[4,-6],[4,0],[2,5],[0,8],[-8,8],[-3,7],[-2,16],[-5,6],[0,6],[-5,10],[2,4],[0,10],[-2,6],[19,1],[5,0],[3,-5],[-1,-7],[11,-8],[1,-7],[3,-5]],[[1310,9085],[9,1],[5,-6],[10,-8],[7,-1],[3,-3],[14,-4],[1,7],[-6,10],[-1,8],[-11,4],[2,4],[-2,14],[-4,5],[23,1],[11,-1],[23,1],[4,-3]],[[1398,9114],[5,3],[7,-11],[5,1],[4,-8],[6,-5],[10,1],[2,-7],[4,1],[7,-16],[2,-8],[4,-3],[2,-5],[2,-12],[8,-13],[-2,-8],[-10,1],[-11,-4],[-5,-5],[-2,6],[-11,7],[-8,-1],[-3,-3],[-1,-7],[10,-21],[0,-7],[4,-5],[2,-11],[15,-2],[3,-4],[-3,-6],[3,-8],[-8,1],[0,3],[-7,0],[2,-5],[8,-2],[10,-8],[5,-3],[1,-4]],[[1458,8936],[2,-10],[3,-4],[9,-2],[7,-8],[-1,-4],[5,-2],[10,1],[3,-6],[-5,-1]],[[1491,8900],[-11,-6],[-7,-1],[-5,-4],[-7,0],[-8,2],[-2,5],[-5,2],[-11,11],[-5,0],[-14,5],[-5,6],[-1,3],[-7,10],[-9,-6],[0,-7],[-4,-4],[1,-8],[-2,-6],[-6,-1],[1,-13],[3,-9],[1,-16],[7,-7],[12,-4],[6,-8],[3,-10],[4,0],[5,-5],[6,0],[2,-9],[4,1],[-2,-10],[5,1],[7,-4],[4,0],[1,-6],[5,2],[11,0],[0,-8],[5,2],[1,4],[11,-8],[2,-3],[7,-1],[5,3],[8,-3],[4,-5],[14,-2],[-2,-6],[-4,3],[-7,-5],[0,-6],[-8,4],[-1,3],[-8,10],[-6,-1],[-4,-3]],[[1485,8782],[9,-5],[0,-7],[-4,-8],[1,-3],[-13,-1],[-1,-5]],[[1477,8753],[-1,-1]],[[1476,8752],[1,-2]],[[1477,8750],[-1,-5],[11,-2],[6,0],[4,-3],[0,-9],[-6,6],[-1,5],[-6,0],[-13,-1]],[[1471,8741],[2,-6],[5,1],[0,-9],[8,-7],[0,-5],[-4,-2],[1,-5],[9,3]],[[1492,8711],[1,0]],[[1493,8711],[5,-9],[-2,-6]],[[1496,8696],[0,5],[-4,2],[-3,-8],[4,-3]],[[1493,8692],[-4,0],[-7,-8]],[[1482,8684],[1,-3],[-5,-10],[8,-2],[-3,-5],[-9,-3],[1,-14],[-4,-4],[-8,-2],[-3,-5],[-4,0]],[[1456,8636],[-9,-3]],[[1447,8633],[2,7],[4,5],[-2,5],[7,3],[0,8]],[[1458,8661],[5,2],[-1,8],[-12,-2],[2,-4]],[[1452,8665],[1,-4]],[[1453,8661],[1,-1]],[[1454,8660],[-2,-7],[-5,-1],[-1,7],[-6,2],[-7,-1]],[[1433,8660],[-10,-3],[-11,1],[-2,3]],[[1410,8661],[-4,-7],[-11,-1],[-12,-8],[-7,0],[3,-6],[-2,-3],[-7,2],[2,7],[-6,6],[-7,20],[3,5],[1,12],[-9,2]],[[1354,8690],[1,1]],[[1355,8691],[2,3],[6,-3],[-4,15],[-6,8],[4,5],[-2,9],[3,2],[-1,10],[2,7],[-6,18],[-6,8],[-7,-1],[-6,-3],[-1,5],[-12,2]],[[1321,8776],[-4,-4],[-8,-3],[-8,6],[-7,1],[2,-10],[-18,-8]],[[1278,8758],[-1,1]],[[1277,8759],[5,6],[-1,14],[5,4],[1,-13]],[[1287,8770],[3,3],[-2,11],[-6,11],[-3,11],[-5,0],[-13,-6]],[[1261,8800],[-2,2],[-11,-6],[-12,0]],[[1236,8796],[7,6],[-3,11],[5,0]],[[1245,8813],[5,-1],[6,6],[11,3]],[[1267,8821],[-6,15],[-2,11],[-5,8],[-9,0],[-6,9],[-6,1],[-3,7],[-6,0],[-4,6],[-10,-1],[1,8],[-6,8],[-8,-4],[-1,9],[-5,13],[-4,-4],[1,-6],[3,-7],[0,-17],[-9,1],[-4,-4],[-10,-1],[-1,8],[-5,1],[0,5],[-8,3],[-4,4],[-2,12],[-13,9],[0,9],[-6,1],[-3,6],[-10,-1],[-4,3],[-1,11],[-4,6],[-8,-1],[-4,-2],[-4,2],[-11,14],[0,10],[2,2],[1,14],[11,3],[-1,6]],[[1093,8998],[-4,5],[-2,13],[3,-1]],[[1090,9015],[3,-2]],[[1093,9013],[1,0]],[[1094,9013],[-1,7]],[[1093,9020],[0,18],[-18,14],[-2,-8],[-11,7],[-6,-1],[-3,-5],[-6,0],[-8,7],[0,13],[-1,8],[-10,10],[0,6],[-6,4],[-1,8],[3,5],[5,0],[5,10],[13,1],[12,-1],[12,1],[12,-1],[61,0],[13,1],[8,-8],[8,0],[2,7],[13,1],[10,-9],[0,-7],[8,3],[2,-7],[5,-10]],[[1320,8778],[-10,-1]],[[1310,8777],[11,-1]],[[1321,8776],[-1,2]],[[1328,8781],[3,-3],[6,3],[0,7],[-8,1],[-8,-1],[-1,-10]],[[1320,8778],[9,0],[-1,3]],[[1267,8821],[-5,-2],[-3,-5],[12,1],[0,7],[-4,-1]],[[1195,9095],[-3,4],[-7,0],[-1,-9],[5,-1],[6,6]],[[1132,9009],[-5,-1],[-3,6],[-6,3],[-1,-7],[3,-4]],[[1120,9006],[-7,6],[-1,7],[-10,-1],[2,-6],[6,1],[2,-8],[-2,-3]],[[1110,9002],[-11,5],[3,-8],[-1,-9],[4,-6],[7,-7],[6,-21],[8,-3],[5,1],[4,-5],[11,3],[6,-3],[1,-5],[5,-3],[5,-6],[0,-6],[4,-1],[-3,14],[-4,3],[0,7],[-4,3],[-4,-3],[-2,6],[2,8],[-5,-1],[-4,4],[-10,1],[-6,6],[-4,14],[4,-1],[3,-10],[9,0],[1,-3],[8,0],[0,-7],[7,1],[-7,13],[0,17],[-5,5],[0,10],[3,3],[5,1],[5,-9]],[[1156,9010],[4,2],[-1,6],[4,9],[-4,2],[-2,-8],[-4,-1],[-2,7],[4,10],[-2,5],[-6,0],[-2,10]],[[1145,9052],[5,3],[13,1],[10,-10],[8,9],[0,4],[-7,-1],[-1,6],[-7,-1],[-2,6],[-12,0],[-1,10],[-4,11],[-5,-3],[-3,-8],[-5,-2],[0,-6],[-7,0],[-1,-4],[-5,-1],[-4,-5],[-3,5],[-9,-3],[-2,-5],[7,-11],[4,-4],[14,-22],[0,-7],[4,-5]],[[1180,9062],[4,-5],[4,7],[-8,-2]],[[1408,9067],[7,-10],[9,-4],[14,2],[0,10],[-6,4],[-1,7],[-4,0],[-4,6],[-10,0],[-5,-1],[0,-14]],[[1254,8998],[-3,-4],[-6,4],[-7,-2]],[[1238,8996],[-3,-3]],[[1235,8993],[-8,-10],[-8,-4],[-3,-7],[1,-8],[-4,-6],[2,-15],[-1,-8],[8,-21],[-3,-10],[1,-8],[9,-2],[11,-12]],[[1240,8882],[-4,-4],[12,-9],[0,4],[15,-11],[9,-9],[5,-2],[2,-31],[8,-1],[0,5],[-6,2],[-2,22],[2,5],[5,-4],[7,0],[6,-2]],[[1299,8847],[4,-6],[-2,-5],[2,-24],[4,-4],[0,-9],[5,-3],[5,0],[-2,9]],[[1315,8805],[2,0]],[[1317,8805],[3,2]],[[1320,8807],[3,0]],[[1323,8807],[3,3],[8,1]],[[1334,8811],[5,-1]],[[1339,8810],[0,-6],[-8,-4],[0,-5],[8,-5],[-1,-10],[4,-6],[14,3],[11,-1],[-2,13],[-5,1],[0,6],[3,4],[1,9],[9,-4],[10,2],[5,6],[1,9],[-6,5],[-1,9],[-3,7],[-6,-1],[-1,8],[5,5],[-6,4]],[[1371,8859],[-4,-1],[-3,-9],[-7,-3]],[[1357,8846],[-1,1]],[[1356,8847],[-1,1]],[[1355,8848],[-1,0]],[[1354,8848],[-4,-6],[-1,12],[-5,-1],[1,12],[-7,-2]],[[1338,8863],[-3,2]],[[1335,8865],[0,1]],[[1335,8866],[1,10],[-7,6]],[[1329,8882],[-1,8]],[[1328,8890],[9,-1],[3,-13],[5,-1],[0,8],[-4,1],[-2,10],[2,5]],[[1341,8899],[-8,-2]],[[1333,8897],[-6,-3],[-4,2]],[[1323,8896],[-1,0]],[[1322,8896],[3,9],[0,7],[-5,7],[7,2],[7,-6],[-4,-5],[10,0],[3,6]],[[1343,8916],[5,-5],[10,-4],[-2,9],[-3,1],[-2,12],[1,4],[7,1],[8,4],[-4,9],[-6,0],[1,8],[5,6],[7,1],[-1,16],[-5,1],[-3,8],[-13,26],[-7,0],[-1,3],[-6,1],[-5,-4],[-5,2],[-2,-8],[-7,-3],[-5,3],[-4,-12],[-4,0],[-2,-6],[-3,0],[-5,-8]],[[1292,8981],[-6,-2],[-1,7],[-3,3],[9,10],[-1,6],[-4,0],[-7,8],[-5,2],[-9,-13],[-10,0],[-1,-4]],[[1251,9009],[-5,-3]],[[1246,9006],[5,3]],[[1406,8818],[3,7],[-2,11],[-6,-2]],[[1401,8834],[-2,-3],[4,-11],[3,-2]],[[1418,8829],[-3,4],[-5,0],[0,-6],[6,-1],[2,3]],[[1301,8790],[0,-8],[5,-2],[-1,12],[-4,-2]],[[1385,8785],[3,2],[-1,7],[-6,-5],[-5,7],[-3,-4],[1,-8],[2,-3],[9,4]],[[1292,8938],[5,-8],[-14,-3],[-2,3],[-1,11],[7,2],[5,-5]],[[1796,2925],[-2,-6],[-6,-4]],[[1788,2915],[1,7],[7,3]],[[1774,2951],[3,0]],[[1777,2951],[-3,0]],[[1756,2952],[2,1]],[[1758,2953],[-2,-1]],[[1756,2952],[-1,5],[6,2]],[[1761,2959],[-3,-6]],[[1758,2953],[-2,-1]],[[1774,2951],[-1,18]],[[1773,2969],[3,-6],[-2,-12]],[[1776,3028],[-1,3]],[[1775,3031],[1,-3]],[[1640,4647],[-5,-1],[-1,8],[3,1],[3,-8]],[[1578,5495],[-3,1],[-1,7],[12,4],[1,-12],[-4,2],[-5,-2]],[[1580,5550],[-2,-5],[-6,-3]],[[1572,5542],[8,8]],[[1562,5563],[2,0],[3,-12],[-8,-1],[-4,8],[-10,-5],[-3,8]],[[1542,5561],[1,0]],[[1543,5561],[1,-2],[12,2],[4,-7],[2,9]],[[1580,5550],[-3,6],[-1,15]],[[1576,5571],[4,-2],[5,11],[1,7]],[[1586,5587],[0,-12],[-2,-9],[4,-1],[-1,-9],[-5,-2],[-2,-4]],[[1562,5563],[2,8],[11,2],[1,-2]],[[1576,5571],[-7,0],[-7,-8]],[[1586,5587],[4,4]],[[1590,5591],[-4,-4]],[[1371,7763],[2,3],[11,1],[4,-3],[7,-2],[12,3],[-1,-9],[-16,6],[-6,-1],[-3,2],[-10,0]],[[1392,7979],[-4,-1],[-3,6],[8,8],[0,-10],[-1,-3]],[[1404,7995],[-6,-1]],[[1398,7994],[6,1]],[[1402,8077],[5,3],[3,-9],[-11,4],[-5,8],[8,1],[0,-7]],[[1388,8085],[-14,-3],[2,4],[12,-1]],[[1357,8250],[0,1]],[[1357,8251],[4,-3],[-1,-6],[4,-4]],[[1364,8238],[-6,4],[-1,8]],[[1376,8289],[-3,10],[6,0],[2,-14],[2,0],[6,-16],[6,2],[5,-6],[9,-8],[4,-5],[3,-19],[-3,-1],[-6,6],[-1,8],[-4,0],[-5,-5],[3,-5],[4,-1],[0,-8],[-1,-3],[-8,0],[-7,2],[-2,9],[-5,0],[-6,-6],[0,10],[2,7],[-7,4],[-2,16],[3,1],[-2,14],[5,1],[2,7]],[[1387,8264],[3,-2],[1,-8],[-2,-1],[1,-9],[4,5],[6,1],[-2,6],[-3,1],[-4,4],[-1,4],[-3,-1]],[[1359,8281],[-8,-2],[-2,7],[10,-5]],[[1364,8297],[-1,5],[4,8],[2,-12],[-5,-1]],[[1387,8324],[13,-5],[3,-7],[14,-10],[-3,-10],[-9,-5],[-8,0],[-7,5],[-9,16],[-8,2],[0,11],[-8,-5],[-1,7],[3,9],[14,1],[4,-3],[2,-6]],[[1369,8345],[-3,2],[5,7],[0,7],[5,-1],[0,-8],[-7,-7]],[[1363,8353],[-6,-1],[1,8],[5,-1],[0,-6]],[[1390,8350],[-1,5],[-5,-1],[-4,5],[-1,8],[7,2],[7,-1],[1,-9],[4,-7],[-4,-6],[-4,4]],[[1360,8431],[-4,-6]],[[1356,8425],[-2,6]],[[1354,8431],[6,0]],[[1360,8431],[3,3]],[[1363,8434],[-3,-3]],[[1369,8447],[2,0]],[[1371,8447],[-2,0]],[[1371,8447],[-2,0]],[[1369,8447],[-1,-11],[-5,-2]],[[1363,8434],[2,13],[-4,-1],[-1,-5],[-7,-3],[-3,2]],[[1350,8440],[0,1]],[[1350,8441],[2,1]],[[1352,8442],[0,1]],[[1352,8443],[1,4]],[[1353,8447],[3,4],[1,12],[8,-8],[1,5],[6,3],[7,0],[-2,-9],[-6,-7]],[[1366,8472],[-5,2],[2,6],[6,0],[-3,-8]],[[1325,8600],[2,0],[2,-8]],[[1329,8592],[-1,2]],[[1328,8594],[-3,6]],[[1339,8607],[1,-1]],[[1340,8606],[1,-1]],[[1341,8605],[-15,-2]],[[1326,8603],[0,4],[13,0]],[[1360,8604],[-1,0]],[[1359,8604],[3,11],[6,-3],[-8,-8]],[[1355,8619],[-3,9],[6,-1],[1,-5],[-4,-3]],[[1356,8699],[-1,2]],[[1355,8701],[1,-2]],[[1339,8723],[-3,7],[7,2],[-4,-9]],[[1320,8735],[1,3]],[[1321,8738],[-1,1]],[[1320,8739],[-4,1]],[[1316,8740],[-2,2]],[[1314,8742],[4,2],[6,-1],[0,-13],[-5,-11],[-4,1]],[[1315,8720],[0,6],[7,5],[-2,4]],[[1323,8807],[-3,0]],[[1320,8807],[-3,-2]],[[1317,8805],[-2,0]],[[1315,8805],[-1,5],[8,-1],[1,-2]],[[1322,8826],[2,0]],[[1324,8826],[-2,0]],[[1322,8826],[0,8]],[[1322,8834],[0,-8]],[[1336,8837],[-1,-3],[-5,-2],[0,9],[6,2],[0,-6]],[[1322,8834],[-5,5],[5,4],[0,-9]],[[1335,8866],[-2,0]],[[1333,8866],[2,0]],[[1323,8896],[2,-2]],[[1325,8894],[-1,-1]],[[1324,8893],[-1,3]],[[1322,8896],[2,-3]],[[1324,8893],[1,1]],[[1325,8894],[3,-4]],[[1328,8890],[1,-8]],[[1329,8882],[-15,7],[-5,10],[3,5],[-1,15],[8,-6],[1,-8],[-1,-5],[3,-4]],[[1343,8916],[3,4]],[[1346,8920],[-3,-4]],[[1878,2625],[-2,-3],[-6,-1],[-6,9],[0,10],[7,4],[6,-4],[3,-5],[-2,-10]],[[1840,2682],[-2,8],[5,2],[-3,-10]],[[1851,2734],[2,-2]],[[1853,2732],[-8,-1]],[[1845,2731],[6,5]],[[1851,2736],[0,-2]],[[1851,2734],[0,2]],[[1851,2736],[2,-4]],[[1853,2732],[-2,2]],[[1821,2906],[2,1]],[[1823,2907],[-2,-1]],[[1803,2904],[4,-2],[6,4],[0,7],[6,1],[3,5],[4,-1],[0,-8],[-3,-3]],[[1823,2907],[-2,-1]],[[1821,2906],[-2,-6],[-8,-1],[-6,-4],[-3,3],[1,6]],[[1777,2951],[6,2],[1,4],[12,1],[2,-5],[9,-7],[4,1],[1,-6],[5,-4],[5,-1],[7,-8],[-6,-7],[-4,1]],[[1819,2922],[0,7],[-12,-1],[-6,1],[1,7],[-6,0],[-4,3]],[[1792,2939],[3,8],[0,6],[-6,2],[-6,-5],[-6,1]],[[1828,2984],[1,0]],[[1829,2984],[0,-3]],[[1829,2981],[-3,0]],[[1826,2981],[2,3]],[[1851,2980],[0,5],[-8,-1],[-5,7],[1,7],[6,-7],[3,2],[5,-1],[-2,-12]],[[1826,2990],[2,0]],[[1828,2990],[0,-1]],[[1828,2989],[0,-5]],[[1828,2984],[-2,6]],[[1830,2992],[-2,-3]],[[1828,2989],[0,1]],[[1828,2990],[0,1]],[[1828,2991],[2,1]],[[1825,3235],[-8,6],[2,6],[4,1],[3,-6],[-1,-7]],[[1693,4862],[2,-7],[-5,-4],[0,9],[3,2]],[[1590,5591],[5,-3],[1,-6],[3,-4],[6,-2],[-1,-5],[-10,-6],[-2,5],[1,6],[0,12],[-3,3]],[[1626,5582],[-5,-2],[-2,5],[-10,-1],[0,3],[10,1]],[[1619,5588],[4,-6],[3,0]],[[1685,5680],[2,-10],[-3,-4],[-5,0],[-6,5],[-5,-1],[-4,5],[-7,4],[-6,-2],[2,-11],[-3,-9],[1,-6],[-8,-4],[0,-4],[7,0],[2,-8],[-2,-1],[-1,-12],[-3,-2],[-8,1],[-4,-2],[7,-9],[-7,-11],[-7,2],[-3,-5],[2,-8],[-7,0]],[[1619,5588],[-12,6],[0,7],[6,2],[1,-6]],[[1614,5597],[7,-3],[2,12],[7,-2],[2,-3],[8,8],[-8,6],[0,8],[14,0],[4,13],[-5,2],[-2,3],[-7,6],[-3,6],[7,1],[-2,8],[-6,-2],[-3,2],[-3,9],[5,5],[15,4],[2,-3]],[[1648,5677],[3,7],[7,-3],[7,-6],[13,-6],[7,0],[0,11]],[[1648,5677],[-3,-4],[1,-10],[5,0],[0,6],[-4,2],[1,6]],[[1640,5664],[4,3],[-2,9],[-9,-1],[-4,-3],[0,-8],[11,0]],[[1597,5859],[1,15],[10,2],[-1,-6],[-7,0],[-3,-11]],[[1584,5911],[-3,9],[4,3],[-2,7]],[[1583,5930],[4,-4],[0,-3],[-4,-3],[1,-9]],[[1727,6159],[6,-13],[0,-5],[-5,-8],[5,-4],[-2,-6],[-6,-3],[0,-8],[-13,-1],[0,-13],[-3,-4],[0,-11],[-5,-2],[-1,-6],[-10,-11],[-1,-5],[9,-4],[11,6],[2,5],[9,1],[2,5],[7,7],[3,10],[5,1]],[[1740,6090],[0,-1]],[[1740,6089],[-7,-7],[0,-4],[-4,-9],[2,-6],[-7,-5],[-2,-6],[-11,-4],[-13,-8],[-6,-3],[-9,-1],[-5,-5],[-13,-7],[-9,-12],[-5,-3],[-4,-6]],[[1647,6003],[-4,-2]],[[1643,6001],[-1,0]],[[1642,6001],[1,5],[5,0],[3,6],[5,5],[4,10],[0,7],[-7,-1],[-6,3],[-6,-6],[2,-5],[-6,-3],[-7,1],[-6,-5],[-2,3],[-7,-1],[-7,-5],[-4,0],[-5,6],[-7,-4],[1,-7],[-4,-3],[-3,-6],[8,-1],[-4,-9],[1,-4],[4,-2],[9,0],[2,4],[6,8],[14,-6]],[[1626,5991],[-10,0],[-1,-3],[-11,-7]],[[1604,5981],[-6,1]],[[1598,5982],[-3,-9],[5,-10],[-6,0],[-5,-8],[1,-7],[-1,-4],[-6,-4],[0,-10]],[[1583,5930],[-3,2],[0,10],[5,4],[0,7]],[[1585,5953],[-2,2],[-9,-13],[-3,-6],[1,-11],[-3,-5],[1,-9]],[[1570,5911],[2,-9],[9,-1],[3,10]],[[1584,5911],[6,2],[0,4],[3,10],[7,4],[4,-3],[8,1],[7,5],[0,12],[7,8],[11,4],[7,-5],[-1,-6],[-6,7],[-6,0],[-5,-4],[-4,-9],[-1,-6],[-5,-8],[-18,-3],[-3,-5],[-1,-6],[-3,-6],[-3,0],[-7,-9],[-4,-1],[-3,-14],[-3,-1],[0,-11],[-3,-1],[2,-18],[5,-11],[0,-8],[17,-2],[3,-8],[-2,-6],[3,-3]],[[1596,5814],[-5,5],[2,3],[-2,7],[-15,0],[-5,4],[2,-13]],[[1573,5820],[2,-12],[-2,-13],[-5,0],[-1,-6],[-9,-3],[1,-9],[-6,0],[-6,-3],[-4,2],[-10,-1],[-14,-3],[-4,4],[-5,-9],[-2,5]],[[1508,5772],[8,5],[4,5],[5,-1],[2,6],[6,-1],[12,5],[-1,14],[2,6],[-1,14],[5,3],[-3,11]],[[1547,5839],[-7,14],[4,11],[-1,8],[3,1],[0,8],[-4,-2],[-2,20],[-5,7],[-10,-1],[-3,8],[15,3],[4,-5],[4,6],[-1,10],[9,10],[3,6],[0,7],[-5,0],[-6,-11],[-4,5],[0,7],[8,2],[1,3],[11,1],[5,6],[-2,8],[7,10],[-1,15],[-18,4],[-8,-7],[-2,5],[2,6],[7,1],[3,5],[8,2],[0,5],[5,2],[-1,9],[5,2]],[[1571,6030],[3,-3],[6,0],[4,8],[8,1],[1,4],[6,1],[-3,10],[8,3],[2,8],[1,8],[8,2],[1,4],[6,-2],[1,-9],[-7,-5],[-4,0],[-3,-7],[0,-4],[-7,-10],[0,-6],[-8,-10],[8,1],[3,2],[8,-2],[2,4],[7,0],[9,3],[8,0],[3,7],[-6,3],[-3,8],[4,4]],[[1637,6053],[6,0],[10,6],[7,7],[4,0],[0,-6],[4,3],[8,3]],[[1676,6066],[4,9],[-1,6],[0,10],[6,4],[0,6],[6,1],[1,6],[6,13],[6,-4],[7,4],[5,1],[-1,6],[3,8],[9,16],[0,7]],[[1558,5842],[1,7],[-1,8],[-5,5],[-3,9],[-6,0],[0,-13],[-1,-10],[4,-9]],[[1547,5839],[3,-1],[1,-9],[4,3],[-2,9],[5,1]],[[1563,5902],[-4,0],[-4,-9],[-5,0],[1,-9],[-4,-5],[11,-2],[0,13],[5,6],[0,6]],[[1563,5902],[1,-17],[4,0],[-1,15],[-4,2]],[[1675,6055],[2,7]],[[1677,6062],[-1,4]],[[1676,6066],[-7,-3],[-8,-9],[-6,-2],[-2,-4],[-7,-2],[5,-6],[13,1],[11,3],[3,2],[-3,9]],[[1677,6062],[2,-11],[6,3],[3,7],[8,12],[0,13],[1,8],[10,4],[-1,6],[2,6],[-1,7],[-6,-3],[-18,-27],[0,-15],[-3,-1],[-3,-9]],[[1721,6061],[-6,3],[1,-9],[5,6]],[[1589,6012],[-3,3],[-5,-3],[-3,-13],[5,0],[2,4],[0,7],[4,2]],[[1564,5916],[6,10],[-3,3],[-4,-5],[1,-8]],[[1554,5914],[-2,8],[-6,-16],[8,-5],[4,6],[-4,7]],[[1552,5813],[2,-1],[1,-12],[-13,-16],[6,0],[1,3],[7,1],[3,6],[0,6],[6,1],[2,4],[-1,10],[-8,17],[-9,-9],[3,-10]],[[1553,5800],[-1,8],[-6,-4],[1,-8],[6,4]],[[1485,7582],[0,1]],[[1485,7583],[0,-1]],[[1485,7583],[0,-1]],[[1485,7582],[-6,-3],[4,13],[-1,13],[4,0],[2,-18],[-3,-4]],[[1482,7655],[-1,1]],[[1481,7656],[-2,1]],[[1479,7657],[3,-2]],[[1478,7662],[1,-5]],[[1479,7657],[2,-1]],[[1481,7656],[1,-1]],[[1482,7655],[-6,-1],[-4,5],[3,7],[3,-4]],[[1461,7729],[12,-10],[8,-10],[4,-13]],[[1485,7696],[-4,-2],[-5,11],[1,6],[-7,2],[-1,7],[-4,2]],[[1465,7722],[-6,1],[2,6]],[[1461,7729],[4,7]],[[1465,7736],[-4,-7]],[[1415,7966],[-3,4],[11,1],[-2,-4],[-6,-1]],[[1461,8003],[-1,3]],[[1460,8006],[1,-3]],[[1442,8031],[1,1]],[[1443,8032],[-1,-1]],[[1443,8032],[-1,-1]],[[1442,8031],[1,1]],[[1421,8055],[-4,7],[11,0],[1,-8],[-8,1]],[[1423,8269],[1,1]],[[1424,8270],[-1,-1]],[[1423,8269],[1,1]],[[1424,8270],[-1,-1]],[[1436,8282],[-3,3],[2,7],[5,-2],[2,-5],[0,-7],[-6,4]],[[1440,8296],[1,1]],[[1441,8297],[1,2]],[[1442,8299],[-2,-3]],[[1442,8299],[-1,-2]],[[1441,8297],[-1,-1]],[[1440,8296],[2,3]],[[1404,8354],[6,-1],[1,-7],[-5,-2],[-3,2],[1,8]],[[1409,8385],[-1,10],[5,1],[1,-14],[-5,3]],[[1405,8400],[5,2],[-1,11],[5,2],[-1,-11],[-5,-6],[-3,2]],[[1430,8425],[-1,-6],[-13,-16],[0,11],[1,6],[9,7],[4,-2]],[[1438,8424],[-6,7],[2,9],[4,0],[0,-9],[4,-1],[1,-10],[-5,4]],[[1410,8443],[-7,-1],[3,9],[4,-8]],[[1423,8464],[-1,6],[-1,16],[4,-1],[1,-17],[-3,-4]],[[1354,8848],[1,0]],[[1355,8848],[1,-1]],[[1356,8847],[1,-1]],[[1357,8846],[-3,2]],[[1396,8881],[8,-5],[0,-4],[-8,2],[0,7]],[[1899,2469],[9,-2],[9,1],[4,2],[8,-4],[-20,-2],[-5,1],[-5,4]],[[1900,2486],[0,-4]],[[1900,2482],[1,-2]],[[1901,2480],[-1,6]],[[1900,2486],[1,-6]],[[1901,2480],[-1,2]],[[1900,2482],[0,4]],[[1938,2505],[1,-10],[-6,-5],[-6,5],[2,10],[-8,8],[4,2],[6,6],[3,-1],[0,-8],[4,-7]],[[1945,2544],[1,-6],[-5,-3],[-4,2],[3,7],[5,0]],[[1899,2855],[-8,2],[-1,-5],[-5,-3],[-6,-13],[-4,-3],[-4,4],[-3,-3],[3,-10],[12,3],[6,4],[5,0],[5,-9],[1,-7]],[[1900,2815],[0,-6],[6,-4],[0,-4],[9,-2],[0,-6],[7,-5],[5,12],[-9,-3],[1,7],[17,0]],[[1936,2804],[-5,-4]],[[1931,2800],[-4,-6],[5,-5],[-2,-6],[9,1],[2,-6],[10,3],[7,0],[3,-7],[-16,-2],[-6,-3],[-8,4],[-5,10],[-9,0],[-3,3],[-1,7],[-10,8],[-8,10],[-7,-7],[-9,-1],[-3,-8],[-8,-11],[-9,5],[-3,5],[-5,-1],[-1,-6],[-5,-3],[-4,8],[15,13],[-1,9],[6,9],[-2,7],[2,7],[10,3],[7,-3],[-2,14],[7,3],[8,6],[12,5],[8,-7]],[[1911,2858],[-12,-3]],[[1888,2813],[-4,5]],[[1884,2818],[4,-5]],[[1910,2817],[3,7]],[[1913,2824],[2,0]],[[1915,2824],[1,-1]],[[1916,2823],[0,-3]],[[1916,2820],[-6,-3]],[[1913,2824],[-4,-1],[1,-6]],[[1910,2817],[-3,7]],[[1907,2824],[1,1]],[[1908,2825],[5,-1]],[[1908,2825],[-1,-1]],[[1907,2824],[-1,0]],[[1906,2824],[2,1]],[[1924,2834],[-1,-5],[-7,1],[1,5],[7,-1]],[[1911,2858],[2,-7],[3,-6],[-4,-2],[2,-6],[-4,-1],[-7,-8],[3,-4]],[[1906,2824],[-4,-1],[1,8]],[[1903,2831],[-5,1],[-3,7],[1,8],[3,4],[10,-2],[2,9]],[[1868,2876],[1,-3],[10,3],[7,-9],[-9,-2],[-6,-7],[0,-10],[-4,-3],[-3,7],[-1,12],[5,3],[0,9]],[[1847,3119],[4,0],[1,-7],[-5,1],[0,6]],[[1821,3453],[1,7],[8,-3],[-1,-6],[-8,2]],[[1747,4830],[7,-2],[0,-4],[-8,1],[1,5]],[[1744,4847],[-6,-4],[-4,4],[-6,15],[0,6],[4,5],[7,1],[5,-4],[4,-9],[-5,-7],[1,-7]],[[1683,5310],[4,6],[4,-3],[1,-6],[-6,0],[-3,3]],[[1657,5571],[5,4],[3,-8],[-6,0],[-2,4]],[[1683,5582],[7,2],[-1,8],[6,-3],[-1,-8],[-12,-3],[1,4]],[[1676,5604],[1,-1]],[[1677,5603],[-1,1]],[[1677,5603],[-1,1]],[[1676,5604],[1,-1]],[[1693,5673],[5,0],[3,-4],[-5,-6],[-7,3],[4,7]],[[1692,5728],[-6,-5],[-1,11],[4,0],[3,-6]],[[1683,5777],[1,4],[8,1],[5,-2],[-1,-5],[-6,0],[-7,2]],[[1641,5800],[-2,-1],[-3,15],[6,1],[4,-10],[-1,-6],[-4,1]],[[1644,5857],[5,0],[2,-5],[-6,-2],[-1,7]],[[1659,5982],[-2,-4],[-5,0],[-1,-6],[-4,2],[5,7],[7,1]],[[1659,5982],[3,5],[5,-2],[9,1],[-2,-8],[-5,-1],[-7,5],[-3,0]],[[1634,5969],[-4,9],[4,4],[-1,5],[-7,4]],[[1626,5991],[8,3],[2,5],[6,2]],[[1642,6001],[1,0]],[[1643,6001],[4,2]],[[1647,6003],[-10,-11],[0,-9],[-4,-4],[1,-10]],[[1632,6075],[0,6],[7,-2],[-3,-6],[-4,2]],[[1632,6124],[5,-6],[-7,-3],[2,9]],[[1594,7115],[-6,-2],[-4,6],[-2,16],[6,-3],[6,-13],[0,-4]],[[1533,7548],[4,2]],[[1537,7550],[-4,-2]],[[1547,7556],[-6,-2],[-5,2],[-1,9],[8,-9],[4,0]],[[1508,7587],[1,5]],[[1509,7592],[0,1]],[[1509,7593],[8,0],[0,-5],[3,-7],[6,-8],[7,0],[-1,-9],[-7,1],[0,6],[-4,0],[-8,8],[0,5],[-5,3]],[[1509,7593],[0,-1]],[[1509,7592],[-1,-5]],[[1508,7587],[-7,2],[0,10],[8,-6]],[[1502,7626],[-4,11],[4,2],[2,-5],[-2,-8]],[[1543,7734],[-5,-6],[1,-6],[-5,0],[-4,7],[-7,4],[15,2],[5,-1]],[[1517,7757],[1,-5]],[[1518,7752],[-1,5]],[[1464,8320],[-4,1],[-1,7],[1,6],[9,1],[3,-5],[-2,-9],[-6,-1]],[[1467,8397],[5,0],[0,-5],[-5,-7],[0,12]],[[1459,8402],[7,1],[0,-5],[-6,-2],[-1,6]],[[1454,8391],[-6,4],[-4,10],[0,6],[4,4],[5,-3],[3,-10],[-2,-11]],[[1458,8411],[2,1]],[[1460,8412],[-2,-1]],[[1460,8412],[-2,-1]],[[1458,8411],[2,1]],[[1450,8447],[3,-2],[0,-7],[-6,0],[3,9]],[[1461,8450],[11,4],[-4,-10],[-7,6]],[[1444,8459],[1,-9],[-5,1],[4,8]],[[1444,8459],[3,15],[3,2],[2,-10],[-5,2],[-3,-9]],[[1487,8475],[-12,4],[3,4],[6,-3],[3,-5]],[[1456,8526],[-5,4]],[[1451,8530],[5,-4]],[[1455,8564],[2,5],[4,0],[2,-8],[-5,0],[-3,3]],[[1453,8610],[1,-1]],[[1454,8609],[-1,1]],[[1454,8609],[-1,1]],[[1453,8610],[1,-1]],[[1429,8651],[-2,-6],[-5,1],[-2,6],[9,-1]],[[1452,8665],[6,-4]],[[1458,8661],[-4,-1]],[[1454,8660],[-1,1]],[[1453,8661],[-1,4]],[[1421,8895],[-1,6],[4,1],[1,-6],[-4,-1]],[[1980,2472],[-2,-6],[-9,1],[-8,-3],[-18,-2],[0,7],[6,-3],[6,3],[8,1],[1,5],[5,-1],[4,4],[5,0],[2,-6]],[[1945,2544],[9,3],[4,7],[5,-3],[2,-10],[-4,-5],[-7,2],[-2,6],[-7,0]],[[1977,2615],[0,11],[7,0],[-1,-13],[-6,2]],[[1945,2704],[3,-5],[1,-20],[-2,0],[-2,25]],[[1955,2711],[-3,-5],[-7,-2]],[[1945,2704],[10,7]],[[1966,2723],[-1,1]],[[1965,2724],[1,-1]],[[1962,2742],[0,14],[4,0],[2,-8],[-6,-6]],[[1936,2804],[1,7]],[[1937,2811],[-1,-7]],[[1945,2815],[0,-2]],[[1945,2813],[0,2]],[[1945,2815],[0,-2]],[[1945,2813],[-8,-2]],[[1937,2811],[-2,-4],[-9,6],[4,8],[5,4]],[[1935,2825],[5,-7],[5,-3]],[[1916,2820],[0,3]],[[1916,2823],[-1,1]],[[1915,2824],[20,1]],[[1935,2825],[-11,-2],[-1,-5],[-7,2]],[[1919,2992],[2,2]],[[1921,2994],[3,-8],[-4,-1],[-1,7]],[[1893,3416],[7,-4],[-2,-8],[-4,4],[-1,8]],[[1893,3416],[-7,4],[2,4],[5,-8]],[[1790,4869],[4,5],[3,-9],[-3,-7],[-4,-1],[0,12]],[[1774,4972],[-5,-1],[0,9],[3,5],[5,1],[5,-3],[0,-5],[-8,-6]],[[1754,5114],[4,2],[0,-8],[-4,1],[0,5]],[[1727,5469],[-7,-3],[-1,5],[8,2],[0,-4]],[[1748,5523],[4,0],[-2,-7],[-5,4],[3,3]],[[1740,5541],[-5,2],[-1,6],[9,-2],[-3,-6]],[[1707,5662],[4,-5],[-15,-2],[-2,3],[11,1],[2,3]],[[1710,5736],[6,-3],[-4,-8],[-5,0],[0,9],[3,2]],[[1720,5797],[1,5],[6,-4],[1,-5],[-7,1],[-1,3]],[[1709,5831],[2,-4],[-2,-9],[-12,-1],[-2,8],[4,1],[-1,7],[-7,-2],[0,7],[10,6],[2,-7],[6,-6]],[[1688,5883],[-4,1],[-1,7],[7,-1],[-2,-7]],[[1706,5928],[-2,5],[9,1],[0,-5],[-7,-1]],[[1657,6517],[-3,9],[3,1],[4,-6],[-4,-4]],[[1607,7174],[-1,17],[3,0],[-1,8],[3,6],[-8,-2],[-2,5],[3,6],[-2,27],[4,3],[1,-13],[8,-10],[1,-15],[4,-23],[4,-2],[-6,-12],[-5,-1],[1,-5],[-6,1],[-1,10]],[[1587,7279],[-2,7],[9,-3],[0,-6],[-7,2]],[[1579,7287],[-2,9],[-4,2],[1,13]],[[1574,7311],[1,-12],[5,-5],[-1,-7]],[[1573,7417],[-1,0]],[[1572,7417],[1,5]],[[1573,7422],[0,-5]],[[1537,7550],[4,-5],[7,-2]],[[1548,7543],[5,-1],[2,-6],[7,-3],[-2,12],[4,0],[7,-10],[-1,-15],[5,-1],[8,-14],[2,-1],[1,-15],[3,-8],[7,-14],[-7,-3],[-2,-15],[-5,-4],[1,-14],[-4,0],[-2,-8],[2,-17],[-2,-6],[1,-11],[-6,-5],[-1,-6],[-4,-4],[2,-16],[-3,-11],[1,-19],[-6,-3],[0,13],[3,3],[0,10],[-1,12],[4,14],[-1,11],[3,5],[5,-1],[0,11],[-4,4],[2,10]],[[1572,7417],[1,0]],[[1573,7417],[0,5]],[[1573,7422],[4,13],[0,12],[2,2]],[[1579,7449],[4,2],[3,6],[-1,10],[1,6],[0,8],[-4,5],[-3,-1],[2,-18],[-3,0],[-2,22],[-2,5],[-1,11],[-9,4],[-5,11],[-6,5],[-1,6],[-9,-1],[-7,9],[1,11]],[[1528,8102],[0,-1]],[[1528,8101],[0,1]],[[1528,8102],[0,-1]],[[1528,8101],[0,1]],[[1512,8443],[5,-6],[-4,-3],[-6,6],[5,3]],[[1505,8459],[-3,6],[1,17],[-2,6],[2,3],[7,1],[0,-12],[7,-8],[1,-10],[-5,-3],[-8,0]],[[1498,8672],[0,-2],[11,-1],[0,-7],[-7,-1],[-8,8],[0,5],[4,5],[6,1],[-1,-7],[-5,-1]],[[1492,8711],[-2,1]],[[1490,8712],[3,-1]],[[1493,8711],[-1,0]],[[1477,8750],[-1,2]],[[1476,8752],[1,1]],[[1477,8753],[7,2],[2,-6],[-9,1]],[[1482,8850],[2,0]],[[1484,8850],[2,-1]],[[1486,8849],[-4,1]],[[1484,8850],[-2,0]],[[1482,8850],[4,-1]],[[1486,8849],[-2,1]],[[1493,8896],[-2,4]],[[1491,8900],[2,-4]],[[1487,8985],[6,-1],[1,-10],[-3,0],[-2,6],[-5,-1],[-4,5],[7,1]],[[1479,9009],[4,-7],[1,-8],[-6,0],[-4,7],[5,8]],[[2014,2440],[-14,-3],[-3,7],[2,3],[7,-8],[8,1]],[[2026,2460],[9,2],[5,-3],[6,-8],[-5,-6],[-9,10],[-8,-2]],[[2024,2453],[2,7]],[[1996,2566],[-6,-2],[-5,5],[-2,11],[0,7],[-10,-1],[-3,3],[3,6],[9,-3],[4,1],[0,6],[7,6],[0,20],[-3,7],[5,4],[5,0],[4,-4],[-1,-8],[-4,-6],[1,-5],[-5,-4],[0,-7],[-7,-5],[1,-5],[9,-1],[3,-8],[1,-9],[-6,-8]],[[1999,2649],[-7,5]],[[1992,2654],[7,-5]],[[2090,3076],[0,-7],[4,-6],[2,-13],[-8,-8],[-2,-17],[3,-3],[5,2],[3,-19],[6,-2]],[[2103,3003],[3,-4],[1,-5],[-6,-2],[-3,6],[-6,-1],[-1,10]],[[2091,3007],[-1,2],[-8,0],[-2,-5],[-6,1],[0,13],[-5,1],[0,7],[-4,-1],[0,-8],[-1,-11],[-3,-10],[-8,-2],[1,-4],[10,-8],[5,7],[8,-3],[4,-8],[1,-14],[-7,-13],[14,3],[3,-5],[-7,-2],[-4,-6],[-9,-2],[-2,-5],[-8,3],[-7,-1],[-5,-3],[-1,10],[-7,2],[-3,12],[-4,5],[6,13],[8,12],[5,14],[0,7],[4,12],[-2,19],[-3,-2],[-13,-1],[-4,5],[-6,3],[-8,0],[-2,7],[-5,0],[-8,-8]],[[2007,3043],[-3,-6],[-5,0],[-1,-5],[-4,-4],[-6,-1],[-1,6],[-7,1],[-4,-3],[-2,-8]],[[1974,3023],[3,-2],[0,-10],[-8,0],[-1,-7],[-11,-2],[-2,-7],[-4,-1],[0,8],[-14,-2],[-3,-7],[-5,-3],[-8,4]],[[1921,2994],[1,2]],[[1922,2996],[-3,-4]],[[1919,2992],[-10,-1],[-6,4],[2,-11],[-2,-7],[-7,-1],[-5,-3],[-7,-1]],[[1884,2972],[-4,-7],[-5,-3],[-8,6],[-4,0]],[[1863,2968],[-3,-5],[-8,7],[-1,10]],[[1851,2980],[8,-2],[4,12],[6,-2],[7,1],[1,6],[5,1],[2,-5],[8,11],[16,1],[10,3],[2,6],[7,1],[3,6],[12,5],[5,5],[6,-1]],[[1953,3028],[5,7],[3,-7],[7,3],[0,9]],[[1968,3040],[4,5],[12,5],[6,-6],[7,3],[3,6],[4,0],[3,10],[6,-2],[8,7],[4,-9],[7,-5],[7,6],[0,4],[13,2],[7,-9],[2,12],[5,7],[17,-6],[1,-4],[5,1],[1,9]],[[1968,3022],[6,1]],[[1974,3023],[-6,-1]],[[1966,3021],[2,1]],[[1968,3022],[-2,-1]],[[1963,3021],[3,0]],[[1966,3021],[-3,0]],[[2063,3035],[1,7],[-3,6],[-4,-2],[0,-6],[6,-5]],[[1944,3017],[-6,-4]],[[1938,3013],[6,4]],[[1937,3010],[1,3]],[[1938,3013],[-1,-3]],[[1935,3005],[2,5]],[[1937,3010],[-2,-5]],[[1932,3306],[13,1],[-1,-4],[-11,0],[-1,3]],[[1940,3525],[2,13],[4,-1],[-6,-12]],[[1943,3555],[1,-7],[-6,2],[5,5]],[[1928,3595],[-5,-2],[-2,5],[5,2],[2,-5]],[[1820,4911],[3,4],[5,1],[2,-9],[-5,-2],[-5,2],[0,4]],[[1799,5144],[-6,1],[0,6],[8,5],[4,-13],[-6,1]],[[1805,5254],[-6,-2],[0,5],[7,3],[-1,-6]],[[1790,5310],[4,-1],[-1,-8],[-6,0],[0,6],[3,3]],[[1764,5570],[2,6],[5,-3],[0,-13],[-6,-1],[-1,11]],[[1745,5621],[0,2]],[[1745,5623],[0,-2]],[[1745,5623],[0,-2]],[[1745,5621],[0,2]],[[1742,5666],[-5,1],[6,10],[2,-8],[-3,-3]],[[1768,5797],[-6,15],[-8,2],[-3,6],[3,5]],[[1754,5825],[4,4],[8,0]],[[1766,5829],[-6,-2],[0,-6]],[[1760,5821],[8,-4],[3,-11],[12,-3],[4,-6],[4,0],[2,-9],[-4,-6],[13,0],[0,-4],[-11,-13],[0,-9],[-5,-7],[1,-12],[-3,-6],[3,-7],[-1,-17],[-12,-2],[-1,-6],[3,-4],[-4,-4],[-1,-9],[-5,6],[5,5],[0,12],[-1,3],[5,7]],[[1775,5715],[-6,0],[-2,-3],[-5,7]],[[1762,5719],[-7,-5],[4,-4],[-3,-5],[-1,-12],[-14,-4],[-6,-4],[-5,4],[-7,0],[-3,-4],[-5,3],[0,6],[5,4],[-1,7],[-6,3],[1,-9],[-5,-5],[-2,-7],[5,1],[5,-3],[2,-9],[-2,-6],[-8,0],[-1,10],[-9,2],[-5,0],[0,3],[-4,3],[-5,-8]],[[1685,5680],[6,12],[4,-5],[0,-3],[7,0],[3,5],[-3,8],[7,3],[3,17],[4,0],[3,-10],[3,-3],[0,-7],[7,-5],[5,16],[-3,5],[-1,6],[7,7],[6,1],[2,-8],[-2,-6]],[[1743,5713],[-1,-5],[6,-2],[-3,-6],[-6,-5],[5,-4],[9,7],[2,11],[-5,1],[0,15],[4,0]],[[1754,5725],[4,-2],[14,1]],[[1772,5724],[0,7],[6,6],[-8,11],[1,8],[3,0],[6,-14],[1,7],[4,3],[-4,5],[0,10],[2,2],[-4,20],[-11,8]],[[1788,5782],[1,8],[-9,0],[5,-18],[3,10]],[[1738,5709],[4,15],[-7,-3],[-2,-8],[5,-4]],[[1713,5684],[-4,0],[3,-11],[3,0],[1,7],[-3,4]],[[1746,5749],[5,6],[4,-2],[5,-6],[6,1],[0,-8],[-10,4],[-3,7],[-7,-2]],[[1733,5767],[1,5],[8,9],[6,-1],[1,-4],[-7,-3],[-2,-5],[-7,-1]],[[1750,5903],[1,1]],[[1751,5904],[-1,-1]],[[1750,5903],[-2,10],[6,0],[-3,-9]],[[1751,5904],[-1,-1]],[[1736,5996],[7,-1],[4,2],[11,2]],[[1758,5999],[0,-4],[-7,-3],[-5,1],[-4,-11],[0,-19],[-5,-1],[0,11],[-2,8],[1,15]],[[1742,6035],[-1,0]],[[1741,6035],[1,0]],[[1742,6035],[-1,0]],[[1741,6035],[-9,-1]],[[1732,6034],[0,6],[11,-1],[-1,-4]],[[1697,6514],[-3,12],[4,2],[4,-13],[-5,-1]],[[1598,7801],[-1,3],[4,8],[2,-7],[-5,-4]],[[1548,8498],[2,-10],[-4,0],[-1,11],[3,-1]],[[1521,8561],[5,-3],[0,-10],[5,-4],[-1,-5],[-5,0],[-2,5],[-2,12],[0,5]],[[1536,8554],[-1,6],[4,1],[1,-7],[-4,0]],[[1530,8581],[5,1],[-1,8],[4,1],[1,-7],[-3,-6],[-6,3]],[[1515,8828],[-8,-2],[-1,6],[7,1],[2,-5]],[[1512,8895],[4,-2]],[[1516,8893],[3,-2],[3,-11],[8,-1],[1,3],[12,-2]],[[1543,8880],[1,-10]],[[1544,8870],[-3,-3],[-5,-1],[-2,9],[-6,1],[-1,-7],[-9,1],[-5,9],[-2,7],[1,9]],[[1503,8888],[6,5],[1,-4],[-7,-1]],[[1516,8893],[-4,2]],[[1512,8895],[-2,9],[6,-5],[0,-6]],[[2061,2286],[12,0],[-5,-7],[-6,2],[-1,5]],[[2039,2392],[-2,12],[-4,15],[7,0],[0,-14],[2,-16],[6,0],[8,-9],[0,-11],[-6,-9],[-4,5],[2,10],[-9,13],[0,4]],[[2054,2425],[-4,2],[-2,7],[7,-2],[-1,-7]],[[2054,2603],[5,1],[-1,-7],[1,-9],[8,-4]],[[2067,2584],[-9,1],[0,-7]],[[2058,2578],[2,-1]],[[2060,2577],[-1,-6],[-14,0],[4,5],[6,1],[0,8],[3,4],[-3,6],[-1,8]],[[2020,2608],[3,-5],[-2,-6],[-5,-1],[0,8],[4,4]],[[2051,2623],[-4,-9]],[[2047,2614],[1,6]],[[2048,2620],[1,0]],[[2049,2620],[2,3]],[[2048,2620],[3,3]],[[2051,2623],[-2,-3]],[[2049,2620],[-1,0]],[[1955,2711],[6,3],[4,10]],[[1965,2724],[1,-1]],[[1966,2723],[-1,-9],[4,-3]],[[1969,2711],[3,-10],[14,3],[10,-1],[5,3],[18,3],[2,5],[9,-1],[8,2],[6,-2],[2,-7],[6,-2],[7,-10],[4,1],[0,7],[9,0],[1,-8],[-7,5],[-2,-4],[-2,-2],[-6,-1],[-5,8],[-9,-2],[-10,10],[-4,-4],[-7,-2],[-10,2],[-8,-9],[-2,4],[-12,0],[-5,-7],[-6,3],[-14,-3],[1,11],[-5,3],[0,6],[-5,-1]],[[1961,3412],[4,8],[5,-1],[-1,-8],[-6,-2],[-2,3]],[[1933,3800],[3,-7],[-10,-1],[7,8]],[[1855,5031],[-6,0],[0,5],[5,0],[1,-5]],[[1852,5080],[-6,0],[1,7],[5,-1],[0,-6]],[[1847,5161],[4,2],[1,-8],[-3,-4],[-6,0],[0,5],[4,5]],[[1841,5248],[7,1],[-1,-7],[-6,1],[0,5]],[[1831,5325],[0,-7],[-7,0],[-1,7],[8,0]],[[1828,5444],[-4,-7],[-3,7],[1,11],[5,6],[5,-8],[0,-4],[-4,-5]],[[1811,5502],[3,-4],[0,-6]],[[1814,5492],[-7,-3],[-4,-11],[8,1],[-2,-11],[-3,2],[5,6],[-9,1],[0,9],[4,2],[5,14]],[[1811,5502],[4,0],[-7,11]],[[1808,5513],[9,-7],[-1,-5],[-5,1]],[[1784,5600],[0,9],[4,1],[1,-7],[-5,-3]],[[1835,5603],[-8,-2],[-2,2],[-16,-2],[-10,6],[-3,7],[2,6]],[[1798,5620],[3,-10],[6,3],[6,-9],[7,1],[-1,7],[3,3],[5,1],[1,-13],[7,0]],[[1798,5620],[1,7],[-4,1],[0,12],[7,-1],[2,-8],[-4,-3],[1,-7],[-3,-1]],[[1812,5672],[2,3],[5,-4],[-7,-7],[0,8]],[[1790,5686],[-2,3],[6,10],[4,1],[-3,-10],[-5,-4]],[[1780,5822],[4,2],[-2,14],[7,-7],[-3,-13],[-5,-1],[-1,5]],[[1774,5912],[3,4],[8,1],[2,-6],[-2,-4],[-7,-12],[0,-6],[6,-7],[1,-7],[-3,-4],[0,-13],[-4,-2],[3,-18],[-10,1],[-1,-6],[-4,-4]],[[1766,5829],[3,10],[8,3],[-1,17],[3,8],[-6,-1],[-5,-4],[-4,10],[-5,4],[0,5],[5,5],[1,5],[4,8],[5,5],[0,8]],[[1770,5880],[1,5],[6,1],[-2,7],[-4,2],[-4,-5],[0,-7],[3,-3]],[[1770,5880],[5,-6],[6,1],[2,5],[-3,4],[-6,-1],[-4,-3]],[[1782,5940],[0,-5]],[[1782,5935],[-3,-13],[-8,-5],[3,-5]],[[1774,5912],[-4,3],[-6,0],[-1,7],[6,-1],[8,6],[0,9],[-5,3],[1,6],[5,0],[4,-5]],[[1764,5954],[6,5],[-1,15],[3,8],[1,-20],[2,-6],[-5,-6],[-6,4]],[[1758,5999],[2,4],[5,1]],[[1765,6004],[0,-5],[-7,0]],[[1767,6018],[2,-2],[8,1],[-3,-9],[-4,3],[-6,0],[3,7]],[[1785,6023],[1,5],[7,4],[-1,7],[-4,10],[-12,-2]],[[1776,6047],[3,3],[7,1],[6,-3],[2,-8],[0,-10],[-5,-2],[-4,-5]],[[1740,6089],[0,1]],[[1740,6090],[4,2]],[[1744,6092],[-4,-3]],[[1772,6116],[1,2],[9,1]],[[1782,6119],[-10,-3]],[[1738,6220],[9,-1],[-3,-6],[-5,1],[-1,6]],[[1781,6216],[-6,-4],[-9,2],[3,10],[9,2],[3,-10]],[[1729,6378],[-5,0],[-4,4],[6,9],[3,-13]],[[1726,6495],[-1,4],[3,6],[5,-4],[-7,-6]],[[1733,6565],[-1,5],[6,3],[1,-4],[-6,-4]],[[1703,6894],[8,2],[3,-6],[-8,1],[-3,3]],[[1574,8553],[4,0],[3,-4],[0,-11],[-7,0],[-2,4],[3,5],[-1,6]],[[1560,8543],[-3,0],[-1,11],[4,-1],[0,-10]],[[1574,8553],[-2,3],[-5,0],[-1,6],[-5,4],[2,5],[12,-5],[-1,-13]],[[1555,8567],[-2,14],[6,-3],[1,-8],[-5,-3]],[[1561,8580],[-2,5],[6,2],[2,-7],[-6,0]],[[1575,8583],[6,6],[1,-8],[-7,2]],[[1569,8585],[-1,10],[4,-2],[0,-8],[-3,0]],[[1577,8604],[4,3],[0,-12],[-4,0],[0,9]],[[1569,8785],[-4,-5],[0,11],[7,0],[-3,-6]],[[1554,8806],[5,-1],[0,-7],[-4,-3],[-1,11]],[[1568,8839],[2,-1],[1,-12],[-6,4],[-1,9],[4,0]],[[1543,8846],[6,-9],[-6,1],[0,8]],[[1551,8879],[-3,7],[1,10],[5,-3],[1,-5],[-4,-9]],[[2126,2277],[-4,-3],[-9,-1],[-1,-5]],[[2112,2268],[-3,3],[6,8],[-11,0],[0,9],[10,0],[5,-1],[1,-11],[6,1]],[[2124,2318],[5,-6],[-9,-1],[4,7]],[[2110,2362],[-5,0],[-1,3],[-5,3],[-3,22],[4,5],[5,2],[5,-9],[0,-8],[-1,-7],[-4,-4],[0,-5],[5,-2]],[[2104,2461],[-17,0],[-5,5],[-1,7],[5,8],[15,-1],[0,-6],[6,-2],[2,-8],[-5,-3]],[[2115,2497],[-1,-6],[8,-3],[1,-7],[-4,-9],[-6,0],[1,8],[-9,-2],[-2,8],[-8,1],[-3,13],[7,1],[6,3],[10,-7]],[[2099,2551],[1,-2]],[[2100,2549],[-5,-9]],[[2095,2540],[1,8],[3,3]],[[2081,2546],[-4,0]],[[2077,2546],[4,0]],[[2081,2546],[0,9]],[[2081,2555],[0,-9]],[[2070,2546],[7,0]],[[2077,2546],[-7,0]],[[2085,2557],[-4,-2]],[[2081,2555],[4,2]],[[2060,2577],[-2,1]],[[2058,2578],[9,6]],[[2067,2584],[4,-6],[-11,-1]],[[2088,2664],[1,6],[-3,5],[5,5],[2,-14],[-5,-2]],[[2048,3217],[-5,-4],[-2,7],[-4,3],[0,12],[3,6],[8,6],[5,-4],[1,-16],[-1,-7],[-5,-3]],[[2030,3251],[1,7],[4,0],[3,-10],[-8,3]],[[2008,3452],[3,0],[1,-9],[-5,-1],[-4,4],[5,6]],[[1980,3838],[8,4],[-3,-9],[-6,0],[1,5]],[[1970,3945],[2,-9],[-5,0],[3,9]],[[1885,5031],[4,9],[3,-10],[-7,1]],[[1868,5044],[-6,-2],[0,4],[6,4],[0,-6]],[[1879,5089],[-1,12],[5,2],[2,-4],[0,-10],[-6,0]],[[1896,5163],[-1,-7],[-5,0],[0,7],[6,0]],[[1858,5279],[-7,-1],[-5,-4],[-5,1],[-6,7],[-2,12],[4,8],[3,11],[7,0],[5,-6],[1,-7],[4,-3],[-1,-12],[2,-6]],[[1874,5423],[5,0],[1,-14],[-1,-6],[-4,-1],[-2,9],[-6,-17],[6,-3],[-2,-9],[5,-2],[10,-8],[-5,-9],[4,-5],[1,-6],[8,-1],[7,-10],[3,-14],[-3,0],[-6,-12],[1,-9],[5,1],[0,-7],[3,-3],[-3,-7],[0,-12],[-12,0],[-7,-8],[0,-9],[-3,-6],[-6,-1],[1,-6],[-3,-3],[-9,1],[-4,6],[-6,3],[0,8],[-3,6],[7,3],[2,7]],[[1858,5279],[8,-2],[7,-12],[-1,17],[4,7],[10,-2],[3,-7],[10,-1],[2,3],[0,11],[-6,7],[-8,-1],[-6,5],[-1,23],[-2,5],[4,7],[4,2],[-1,10],[-7,1],[-4,5],[-4,-13],[6,0],[-3,-12],[-6,0],[-8,4],[0,5],[-9,6],[-1,5],[5,6],[5,3],[3,8],[5,1],[-1,8],[-11,13],[1,11],[6,3],[0,14],[4,6],[8,1],[0,-3]],[[1835,5433],[3,6],[8,3],[-1,12],[5,1],[1,-8],[-5,-7],[-6,-2],[-2,-9],[-7,-5],[-17,0],[-1,5],[7,4],[3,-3],[1,-5],[5,0],[6,8]],[[1808,5513],[-8,-1],[-8,9],[1,10],[-6,0],[-5,6],[5,2],[6,7],[12,5],[-1,7],[6,5],[7,2],[6,-2],[1,6],[7,1],[4,5],[15,5],[3,6],[-3,2],[-12,0],[-3,2],[0,13]],[[1835,5603],[2,-10],[9,2],[-2,11],[5,3],[1,9],[7,1],[1,-17],[7,6],[5,1],[5,4],[8,10],[1,-12],[-3,-5],[-5,-3],[7,-7],[2,-9],[-2,-3],[3,-9],[9,0],[-1,-7],[6,-4],[-3,-4],[3,-19],[-7,-10],[-8,-1],[-2,-2],[5,-7],[0,-11],[-5,-2],[-2,5],[-9,-1],[-11,-4],[1,-6],[-7,-5],[-4,7],[5,6],[15,1],[3,3],[-2,10],[1,7],[8,3],[-2,12],[-6,5],[-5,-3],[-4,2],[-4,12],[3,3],[1,11],[-1,11],[4,4],[7,2],[-2,7],[-5,4],[-5,-4],[-7,0],[-1,5],[-7,1],[3,-17],[6,-3],[-1,-9],[-9,-2],[-1,-8],[-17,-1],[-6,-4],[-5,-18],[-6,-4],[1,-14],[-4,-13]],[[1824,5733],[-9,-3],[6,9],[3,-6]],[[1833,5876],[-2,9],[4,2],[5,-7],[-7,-4]],[[1813,5886],[4,10],[5,2],[4,-9],[-7,-1],[-3,-10],[-4,0],[1,8]],[[1803,5889],[-6,5],[5,3],[1,-8]],[[1809,5929],[0,-10],[-3,-2],[-5,6],[8,6]],[[1782,5935],[0,5]],[[1782,5940],[5,6],[9,0],[0,10],[-8,4],[5,7],[0,12],[4,0]],[[1797,5979],[-1,-1]],[[1796,5978],[0,-8],[-5,-10],[8,-1],[5,-3],[2,-13],[-3,1],[-1,9],[-4,3],[0,-12],[-4,-3],[-9,1],[-3,-7]],[[1794,5992],[1,7],[5,-5],[-6,-2]],[[1796,5978],[1,1]],[[1797,5979],[8,0],[2,4],[-1,9],[9,0],[2,4],[0,11],[-5,-5],[-15,-1],[-1,10],[4,9],[-5,2],[-9,-1],[-1,2]],[[1785,6023],[21,2],[3,-3],[-1,-7],[-8,-3],[-1,-7],[6,-1],[5,7],[11,-4],[-2,-7],[1,-15],[2,-7],[-6,1],[2,8],[-5,-1],[-6,-7],[1,-7],[-9,-2],[-3,8]],[[1776,6047],[-3,-2],[-5,15],[7,10],[6,3],[9,-11],[8,-3],[4,4],[0,5],[-10,6]],[[1792,6074],[1,2]],[[1793,6076],[7,0],[4,-5],[2,-9],[-5,-5],[-17,3],[-2,6],[-6,-1],[-5,-4],[3,-13],[2,-1]],[[1791,6088],[2,-12]],[[1793,6076],[-1,-2]],[[1792,6074],[-2,11],[1,3]],[[1791,6088],[3,2],[9,1],[3,6]],[[1806,6097],[4,-2]],[[1810,6095],[-2,-7],[-15,-2],[-2,2]],[[1810,6095],[10,8],[5,1],[2,-4],[-2,-6],[-6,-7],[-6,0],[-3,8]],[[1825,6217],[-2,-8]],[[1823,6209],[-5,-2]],[[1818,6207],[-9,-11],[1,-4],[-9,-3],[-3,-4],[-5,0]],[[1793,6185],[-5,-12],[0,-7]],[[1788,6166],[-2,-2]],[[1786,6164],[-3,4],[-1,8],[-5,-4],[-6,3],[-1,6],[-12,4]],[[1758,6185],[2,-7],[-1,-7],[-5,-6]],[[1754,6165],[-9,8],[-1,-5],[-11,0],[-6,-9]],[[1727,6159],[8,18],[4,-3],[12,7],[0,4],[12,6],[8,-4],[4,4],[22,2],[4,5]],[[1801,6198],[8,3],[6,11],[5,1],[5,4]],[[1782,6183],[-1,6],[-6,-3],[0,-8],[7,5]],[[1771,6285],[9,0],[-8,-8],[-1,8]],[[1603,8576],[-5,21],[3,-1],[4,-7],[1,-12],[-3,-1]],[[1599,8669],[1,-9],[-3,0],[-1,9],[3,0]],[[1588,8663],[-4,2],[0,4],[7,2],[-3,-8]],[[1603,8691],[2,-5],[-7,0],[-1,6],[6,-1]],[[1588,8708],[0,-13],[-5,2],[1,7],[4,4]],[[1599,8720],[5,4],[0,-8],[-7,-2],[2,6]],[[1609,8721],[-4,9],[4,1],[6,-10],[-6,0]],[[1584,8795],[-3,6],[6,1],[0,-6],[-3,-1]],[[1593,8823],[-4,5]],[[1589,8828],[4,-5]],[[1589,8828],[-4,2]],[[1585,8830],[4,-2]],[[2126,2277],[12,0],[0,-10],[4,1],[9,-4],[-3,-5],[-5,0],[-13,8],[0,8],[-4,2]],[[2148,2284],[-13,1],[1,13],[5,1],[1,-7],[6,-8]],[[2110,2362],[4,1],[2,3],[5,4],[6,1],[2,11],[10,-4],[-3,-4],[0,-9],[-6,-2],[-6,2],[-8,-1],[-3,-2],[-3,0]],[[2151,2445],[5,-2],[2,-6],[2,-14],[-1,-7],[-7,-7],[-8,-1],[-3,6],[4,3],[-2,9],[6,9],[2,10]],[[2122,2437],[-6,3],[0,4],[4,8],[4,-1],[1,-6],[-3,-8]],[[2151,2445],[-11,-3],[-4,7],[11,1],[4,-5]],[[2151,2490],[9,-6],[-4,-3],[-6,2],[1,7]],[[2151,2490],[-12,1],[-1,10],[-3,5]],[[2135,2506],[4,-3],[6,-10],[2,5],[6,-3],[-2,-5]],[[2135,2530],[2,-4],[10,0],[-3,-8]],[[2144,2518],[-3,0],[1,-9],[-7,-3]],[[2135,2506],[2,13],[-3,5],[1,6]],[[2118,2531],[1,-5]],[[2119,2526],[-1,5]],[[2129,2534],[-10,-8]],[[2119,2526],[4,5],[6,3]],[[2118,2531],[-4,5]],[[2114,2536],[0,3]],[[2114,2539],[6,-5],[-2,-3]],[[2100,2549],[2,-5],[12,-5]],[[2114,2539],[-8,0],[-5,4],[-1,6]],[[2121,2557],[-5,-1],[-1,6],[3,13],[1,9],[7,-2],[2,-14],[-7,-11]],[[2142,2664],[-9,3],[-7,1],[-4,4],[-7,-4],[-7,3]],[[2108,2671],[9,0],[5,4],[16,1],[0,-8],[4,-4]],[[2105,2666],[3,5]],[[2108,2671],[-3,-5]],[[2081,2848],[-6,9],[0,15],[6,1],[4,-11],[1,-9],[-5,-5]],[[2118,3007],[-3,-4]],[[2115,3003],[-7,8],[5,1],[5,-5]],[[2103,3003],[0,4],[-5,3],[4,5],[5,-5],[0,-5],[5,-4],[3,2]],[[2115,3003],[0,-3],[-4,1],[-5,0],[-3,2]],[[2102,3097],[-2,1]],[[2100,3098],[0,1]],[[2100,3099],[1,1]],[[2101,3100],[1,0]],[[2102,3100],[0,-3]],[[2098,3115],[0,-1]],[[2098,3114],[0,1]],[[2098,3114],[0,1]],[[2098,3115],[0,-1]],[[2091,3127],[1,2]],[[2092,3129],[4,-2]],[[2096,3127],[0,-1]],[[2096,3126],[-5,1]],[[2079,3187],[-4,-5],[-3,8],[5,1]],[[2077,3191],[1,-1]],[[2078,3190],[1,-3]],[[2079,3187],[-1,3]],[[2078,3190],[-1,1]],[[2077,3191],[-5,4]],[[2072,3195],[3,0]],[[2075,3195],[-1,3],[5,14],[-2,9],[6,0],[-1,-12],[-4,-7],[5,-3],[3,8],[4,-4],[-1,-7],[21,5],[-2,-8],[-5,0],[-4,-6],[6,-5],[4,-11],[-4,-4],[-6,1],[-4,5],[0,5],[-6,2],[-8,-1],[-2,8]],[[2075,3195],[-3,0]],[[2072,3195],[3,0]],[[2096,3210],[-11,-1],[0,2],[11,1],[0,-2]],[[2103,3241],[2,-7],[5,-2],[1,-7]],[[2111,3225],[-1,-2]],[[2110,3223],[-9,-1],[-7,13],[-11,1],[-1,7],[14,2],[1,-4],[6,0]],[[2040,3827],[3,2],[7,1],[0,-5],[-8,-3],[-2,5]],[[1953,4906],[1,-7],[-6,-1],[-2,5],[7,3]],[[1941,5022],[-2,7],[2,3],[5,1],[1,-9],[-6,-2]],[[1906,5016],[-2,8],[5,9],[3,-1],[1,-9],[-7,-7]],[[1927,5059],[-6,0],[-1,6],[4,10],[7,-5],[0,-5],[-4,-6]],[[1933,5196],[5,-9],[-4,-1],[-1,10]],[[1905,5224],[0,6],[6,9],[2,-10],[-8,-5]],[[1867,5660],[7,2],[-3,-7],[-4,5]],[[1857,5680],[3,6],[5,0],[0,-7],[-5,-2],[-3,3]],[[1860,5817],[3,-7],[-5,-3],[-1,10],[3,0]],[[1843,5882],[3,6],[6,-5],[0,-3],[-7,-1],[-2,3]],[[1853,6221],[5,0]],[[1858,6221],[-5,0]],[[1824,6310],[4,-1],[1,-17],[-7,-8],[-5,0],[-1,8],[3,11],[5,7]],[[1831,6316],[-2,-5],[-5,-1]],[[1824,6310],[7,6]],[[1641,8471],[-2,9],[3,6],[2,7],[-1,8],[3,0],[-1,10],[4,9]],[[1649,8520],[2,-9],[-2,-3],[1,-18],[-1,-7],[-5,-10],[-3,-2]],[[1649,8520],[-3,32],[-1,9],[5,2],[2,-15],[4,0],[2,-16],[-5,-13],[-4,1]],[[1649,8733],[-2,-7],[-6,-5],[-4,4],[1,6],[11,2]],[[1624,8738],[-3,-9],[-4,6],[-1,5],[7,2],[1,-4]],[[1634,8769],[3,-7],[-7,-4],[0,-3],[-4,-3],[-15,-1],[0,4],[17,0],[-2,12],[8,2]],[[1643,8780],[2,3]],[[1645,8783],[1,0]],[[1646,8783],[-3,-3]],[[1659,8786],[4,-2]],[[1663,8784],[-4,2]],[[1647,8840],[2,-2]],[[1649,8838],[0,-1]],[[1649,8837],[-2,3]],[[1642,8842],[0,-1]],[[1642,8841],[-3,-6],[-4,5],[3,5],[4,-3]],[[1648,8843],[-1,-3]],[[1647,8840],[-5,1]],[[1642,8841],[0,1]],[[1642,8842],[6,1]],[[1631,8981],[-6,5],[-4,-2],[-4,3],[-1,6],[6,-1],[7,5],[2,-16]],[[1607,9064],[1,1]],[[1608,9065],[1,0]],[[1609,9065],[-2,-1]],[[1608,9065],[-1,-1]],[[1607,9064],[1,1]],[[1605,9113],[3,0]],[[1608,9113],[2,-17],[4,3],[1,10],[-2,6],[13,2],[-1,-10]],[[1625,9107],[-8,-3],[-1,-6],[0,-8],[-3,-2],[1,-6],[-7,-8],[-4,-14],[-5,10],[-4,-2],[-2,4],[-9,8],[-1,10],[-4,6],[-6,8],[1,13],[10,-3],[3,-11],[5,-3],[-1,10],[5,4],[10,-1]],[[1605,9113],[3,0]],[[1608,9113],[-3,0]],[[2193,2236],[1,-11],[-6,-3],[-1,9],[6,5]],[[2200,2259],[5,-1],[-2,-7],[-5,-1],[-3,3],[5,6]],[[2179,2262],[4,4],[-4,5]],[[2179,2271],[4,-4],[7,1],[0,11],[2,6],[6,-2],[-1,-6],[0,-13],[-12,1],[2,-9],[-4,-3],[-9,2],[-8,-4],[-7,2],[0,11],[4,-4],[6,0],[4,-4],[8,1],[-2,5]],[[2196,2277],[-5,1],[0,-10],[5,-2],[0,11]],[[2198,2336],[3,-2],[-2,-6],[-5,7],[4,1]],[[2198,2346],[1,10],[6,-4],[-7,-6]],[[2201,2391],[4,-6],[-11,1],[-6,5],[6,7],[-1,7],[7,-3],[1,-11]],[[2179,2443],[3,-3]],[[2182,2440],[-3,-5],[-5,1],[-1,9],[6,-2]],[[2170,2452],[-2,-9],[-4,5],[6,4]],[[2175,2492],[-1,8]],[[2174,2500],[1,-8]],[[2174,2500],[10,-1]],[[2184,2499],[-10,1]],[[2184,2499],[6,-2],[-2,8]],[[2188,2505],[3,1],[0,-7],[4,0],[0,4]],[[2195,2503],[4,-2]],[[2199,2501],[4,5],[10,-9]],[[2213,2497],[-19,-4],[-11,0],[1,6]],[[2195,2503],[-2,1],[-1,9],[5,-3],[-2,-7]],[[2168,2546],[7,1],[5,-3],[0,-5],[-10,-1],[-2,8]],[[2190,2577],[-8,-5],[-2,-6],[-5,3],[-3,-5],[-8,1],[0,4],[-7,4],[-4,0],[1,8],[-5,8],[-8,1],[1,13],[7,-10],[8,0],[1,-19],[10,1],[2,3],[-1,8],[7,5],[7,-1],[11,0],[1,2],[12,1],[3,-6],[-9,1],[-2,-11],[-9,0]],[[2185,2663],[2,6],[5,-4],[0,-9],[-8,-3],[1,-6],[-3,-3],[1,-11],[-6,0],[2,8],[0,9],[-3,1],[9,12]],[[2142,2664],[-3,-9],[5,1],[2,3],[10,1]],[[2156,2660],[3,-2]],[[2159,2658],[0,-1]],[[2159,2657],[-1,-2]],[[2158,2655],[-1,-4]],[[2157,2651],[0,-10],[-6,-3],[-3,-5],[-5,-1],[1,10],[-1,7],[-6,5],[0,6],[5,4]],[[2149,2647],[7,11],[-9,-2],[2,-9]],[[2157,2651],[1,4]],[[2158,2655],[1,2]],[[2159,2657],[9,-7],[1,-7],[-6,-1],[-1,12],[-5,-3]],[[2159,2658],[-3,2]],[[2156,2660],[3,-2]],[[2118,3007],[9,2],[1,-7],[-9,-6],[-1,11]],[[2131,3014],[-4,-3],[-2,5],[2,5],[9,9],[4,-4],[-2,-6],[-5,0],[-2,-6]],[[2139,3031],[0,8],[5,-1],[4,-4],[-3,-4],[-6,1]],[[2110,3223],[1,2]],[[2111,3225],[-1,-2]],[[2134,3230],[4,-4]],[[2138,3226],[-6,-2]],[[2132,3224],[2,6]],[[2120,3240],[3,1]],[[2123,3241],[-3,-1]],[[2118,3241],[3,4]],[[2121,3245],[2,-4]],[[2123,3241],[-3,-1]],[[2120,3240],[-2,1]],[[2103,3241],[-8,8],[-14,-1],[1,10],[6,2],[5,-4],[13,3],[6,-3],[13,2],[-1,-12],[-3,-1]],[[2121,3245],[-3,-4]],[[2118,3241],[-4,-3],[0,-4],[-6,0],[-5,7]],[[2133,3311],[-2,-9],[-4,-3]],[[2127,3299],[-6,4],[12,8]],[[2109,3589],[-3,1],[-2,6],[2,6],[4,1],[3,-12],[-4,-2]],[[2053,3926],[10,4],[0,-5],[-7,-3],[-3,4]],[[2052,4134],[-3,2],[1,7],[19,-1],[-4,-17],[-7,-9],[-6,5],[0,13]],[[1880,6302],[1,4]],[[1881,6306],[-1,-4]],[[1676,8745],[-7,3],[-1,6],[5,1],[3,-10]],[[1676,8767],[0,1]],[[1676,8768],[7,2],[4,-10],[-8,-4],[-3,11]],[[1676,8768],[0,-1]],[[1676,8767],[0,1]],[[1663,8784],[1,0]],[[1664,8784],[-1,0]],[[1665,8793],[-6,-7]],[[1659,8786],[-13,2],[0,-5]],[[1646,8783],[-1,0]],[[1645,8783],[-2,-3]],[[1643,8780],[-7,-2],[-2,-9]],[[1634,8769],[-3,7],[1,10],[7,2],[8,5],[8,1],[7,5],[0,6],[6,4],[0,13],[-1,5],[7,6],[0,8],[11,-11],[0,-13],[4,-3],[2,-8],[-3,-3],[2,-9],[-5,2],[-1,12],[-3,5],[-6,-3],[-5,0],[-4,-8],[-1,-9]],[[1649,8837],[0,1]],[[1649,8838],[-1,5]],[[1648,8843],[6,5],[1,5]],[[1655,8853],[5,-1],[5,-10],[-6,0],[3,-9],[-7,0],[-6,4]],[[1704,9035],[-8,6],[-12,-1],[-1,8],[1,6],[-1,8],[-3,0]],[[1680,9062],[-4,-1],[-3,5],[-2,8]],[[1671,9074],[-6,6],[-1,6],[-6,0],[-6,9],[-10,2],[-1,10],[7,5],[2,4],[7,0],[1,-14],[2,-5],[9,-3],[1,-7],[11,4],[0,-11],[3,-2],[-1,-11],[11,-7],[9,4],[1,11],[9,4],[6,-2],[0,14],[4,7],[1,9],[-1,10],[9,-1],[7,1],[2,-2],[1,-8],[6,1],[4,-4],[1,-16],[-4,-5],[-11,-4],[0,-7],[5,1],[3,6],[5,0],[4,-8],[8,-3],[0,-6],[3,-5],[9,-7],[1,-5],[5,-2],[3,-4],[-15,-3],[-4,2],[-3,7],[-10,-5],[-6,8],[0,10],[-5,9],[-4,-3],[3,-8],[-3,-5],[-7,9],[-7,-8],[-4,-12],[4,-6],[1,-6],[7,-5],[-9,-3],[-7,3],[0,-10],[-6,-4],[0,-5],[-7,-3],[4,-7],[2,-11],[1,-11],[-3,-6],[-7,1],[11,-16],[-1,-6]],[[1709,8945],[-3,7],[-9,-2],[-8,-16],[7,-8],[0,-8],[-2,-7],[8,3],[3,-4],[-1,-8],[0,-11],[-3,-2],[1,-15],[2,-4],[1,-9],[-7,1],[-3,11],[-4,-2],[7,-14],[0,-6],[-9,2],[-2,12],[-11,19],[0,9],[4,6],[-1,10],[5,11],[-1,14],[-5,3]],[[1678,8937],[-5,2],[-2,-9]],[[1671,8930],[-10,3],[-2,-11],[4,1],[2,-10],[-1,-9],[-4,-3],[2,-6],[0,-12],[-25,-2],[-3,4]],[[1634,8885],[-2,-3],[-7,4]],[[1625,8886],[-2,8],[-12,0],[-1,-4],[8,-9],[1,-8],[9,-1],[3,-6],[5,2],[3,-6],[-1,-14],[-10,-4],[-13,8],[-2,13],[-11,15],[-4,0],[-3,6],[-4,-2],[-6,7],[-8,0],[-1,5],[9,0],[4,-4],[0,13]],[[1589,8905],[9,-4],[-1,7],[-9,6],[-3,7],[0,9],[-1,12],[-11,5],[-9,-1],[-15,7],[-6,6],[-7,3],[-4,8],[-2,20],[1,9],[6,17],[6,1],[1,13],[-3,6],[-1,11],[-3,15],[-4,3],[-3,9],[-1,13],[-5,9],[-2,8],[-7,-1],[2,12],[-4,0],[-1,-9],[-13,3],[-4,8],[7,0],[2,-7],[6,6],[12,1],[9,-1],[14,1],[2,-6],[6,-1],[0,6],[16,1],[-2,-9],[1,-16],[5,-2],[2,-9],[-3,-5],[9,-1],[0,-7],[4,-1],[12,-14],[4,5],[4,1],[2,-10],[4,0],[10,-8],[9,-12],[-2,-11],[8,-2],[0,-7],[-4,-1],[1,-9],[-11,3],[-5,4],[-2,-4],[-7,-1],[-9,2],[-7,6],[-9,1],[-1,4],[-7,4],[-10,-1],[-4,-10],[-8,-8],[0,-5],[12,-2],[3,-12],[17,1],[3,5],[6,-2],[13,-9],[6,-3],[-11,-5],[3,-10],[6,-3],[0,-9],[12,0],[4,2],[6,-3],[6,-9],[12,2],[3,8],[-9,9],[-2,6],[13,0],[2,3],[7,0],[3,-3],[7,2],[-1,-12],[7,-6],[10,-3],[3,5],[-1,20],[-4,4],[-10,3],[-2,5],[-1,8],[-5,1],[-2,8],[5,-1],[9,6],[9,9],[10,1],[8,4],[-5,4],[-4,8],[0,6],[3,3]],[[1704,9035],[3,-2],[7,6],[-3,4],[2,5],[-2,5],[-4,1],[1,-8],[-4,-11]],[[1635,8889],[-1,-4]],[[1634,8885],[1,4]],[[1637,8894],[-2,-5]],[[1635,8889],[2,5]],[[1726,9068],[-8,-13],[5,1],[4,4],[0,4],[5,3],[1,5],[-10,0],[3,-4]],[[1555,8983],[-2,8],[-8,1],[0,-8],[10,-1]],[[1666,8959],[-5,-9],[1,-5],[7,-2],[1,8],[-4,8]],[[1686,8880],[6,-4],[5,3],[3,7],[-7,-2],[-4,8],[-8,3],[-1,-7],[6,-8]],[[1640,9001],[3,5],[7,2],[2,-7],[7,0]],[[1659,9001],[5,-2]],[[1664,8999],[0,-5],[-6,-4],[-5,3],[-5,0],[-1,7],[-7,1]],[[2256,2185],[1,1]],[[2257,2186],[-1,-1]],[[2257,2186],[-1,-1]],[[2256,2185],[1,1]],[[2264,2195],[2,-10],[-5,0],[-4,4],[-1,6],[8,0]],[[2244,2203],[2,6],[5,-1],[-1,-8],[-6,3]],[[2233,2267],[-2,3],[0,8],[7,2],[-2,-9],[6,-2],[-3,-8],[-6,6]],[[2235,2286],[-10,-7],[-1,12],[11,-5]],[[2225,2297],[-4,6],[4,4],[5,0],[2,-3],[1,-11],[-6,1],[-2,3]],[[2252,2391],[2,-3]],[[2254,2388],[-12,1],[-1,8]],[[2241,2397],[6,-5],[4,0]],[[2251,2392],[1,-1]],[[2245,2398],[-4,-1]],[[2241,2397],[4,1]],[[2226,2424],[-3,2]],[[2223,2426],[2,-1]],[[2225,2425],[1,-1]],[[2241,2424],[-1,3],[-4,-5],[0,-2],[-4,-3],[-10,-2],[-2,4],[12,2],[3,4]],[[2235,2425],[-4,-3],[-5,2]],[[2226,2424],[-1,1]],[[2225,2425],[-2,1]],[[2223,2426],[6,9],[8,-4],[2,-3],[3,0],[-1,-4]],[[2235,2456],[-1,5]],[[2234,2461],[1,-5]],[[2234,2461],[-3,-1],[-5,5]],[[2226,2465],[1,1]],[[2227,2466],[2,3]],[[2229,2469],[5,-8]],[[2229,2469],[-2,-3]],[[2227,2466],[-1,-1]],[[2226,2465],[3,4]],[[2223,2514],[-5,6],[10,-1],[1,-6],[-6,1]],[[2209,2542],[-1,2]],[[2208,2544],[1,-2]],[[2212,2540],[-3,2]],[[2209,2542],[-1,2]],[[2208,2544],[5,5],[4,-8],[-5,-1]],[[2228,2631],[-3,3],[-6,-1],[1,9],[4,0],[4,-11]],[[2204,2633],[-5,-8],[-1,11],[15,3],[-1,-3],[-8,-3]],[[2195,2674],[0,1]],[[2195,2675],[19,2],[2,-16],[12,6],[5,-8],[6,-3],[-1,-7],[-5,4],[-4,7]],[[2229,2660],[-2,-9],[-6,-1],[-7,1],[-5,17],[-4,5],[-8,0],[-2,1]],[[2195,2675],[0,-1]],[[2195,2674],[1,-5]],[[2196,2669],[-3,1],[2,5]],[[2162,3025],[1,-7]],[[2163,3018],[-1,7]],[[2178,3018],[-4,-1],[-5,10]],[[2169,3027],[-7,-2]],[[2162,3025],[5,3],[2,6],[7,-2],[-2,-8],[4,-6]],[[2196,3082],[-4,-2],[-6,-10],[1,-13],[-8,-1],[-4,4],[-6,-8],[-7,2],[-2,3],[-8,9],[0,7],[3,13],[7,6],[4,1],[5,-7]],[[2171,3086],[-1,9],[-5,0],[-2,7],[1,5],[7,-1],[0,8],[4,-1],[3,8],[4,-2],[7,3],[3,-7],[-6,-12],[1,-17],[5,5],[4,-1],[0,-8]],[[2171,3086],[0,-10],[6,3],[-3,8],[4,5],[2,8],[-6,1],[-1,-4],[0,-8],[-2,-3]],[[2170,3314],[-5,8],[7,1],[-2,-9]],[[2133,3311],[-2,6],[11,13],[3,7],[-2,7],[9,6],[4,9]],[[2156,3359],[4,4]],[[2160,3363],[5,4],[0,-18],[5,-4],[-10,-3],[1,-8],[-4,-10],[-1,-10],[-5,-6],[-8,1],[-10,2]],[[2148,3369],[1,-12],[-3,-10],[-6,0],[-2,9],[-9,5],[1,19],[8,1],[6,-5],[4,-7]],[[2167,3378],[-6,-9],[-1,-6]],[[2160,3363],[-4,-4]],[[2156,3359],[-1,11]],[[2155,3370],[-3,2],[-1,9],[-10,2],[-1,3],[10,0],[10,19],[4,-6],[5,0],[7,-11],[0,-10],[-5,3],[-4,-3]],[[2156,3447],[-5,8],[0,6],[9,4],[1,-15],[-5,-3]],[[2099,3925],[4,5],[3,-4],[-2,-4],[-5,3]],[[2110,4068],[0,-6],[-4,-1],[0,9],[4,-2]],[[2084,4107],[1,0]],[[2085,4107],[1,2]],[[2086,4109],[-2,-2]],[[2086,4109],[-1,-2]],[[2085,4107],[-1,0]],[[2084,4107],[2,2]],[[2005,5264],[7,-2],[-5,-10],[-2,12]],[[1872,6680],[0,-12],[-4,2],[-2,12],[-7,-1],[1,8],[12,-9]],[[1859,6958],[-3,-4],[-6,-1],[1,6],[8,-1]],[[1791,7819],[7,-3],[1,-10],[-8,13]],[[1737,8758],[-6,-1],[1,9],[5,-8]],[[1707,8803],[-4,17],[6,-6],[1,-5],[-3,-6]],[[1718,8899],[3,-11],[-7,-5],[-3,11],[7,5]],[[1725,8897],[0,-1]],[[1725,8896],[0,1]],[[1725,8897],[0,-1]],[[1725,8896],[0,1]],[[1709,8945],[3,-9],[1,-17],[-5,-2],[-4,6],[-1,7],[6,6],[0,9]],[[1697,8931],[0,9],[5,-3],[-1,-6],[-4,0]],[[1728,8920],[-2,13],[-6,2],[-7,25],[7,-4],[3,2],[1,-12],[2,-3],[1,-10],[3,0],[3,-9],[-5,-4]],[[2290,2160],[-7,0],[-2,7],[-6,4],[1,5],[8,-2],[6,-6],[0,-8]],[[2295,2182],[1,-9],[-14,13],[1,5],[7,2],[2,-2],[0,-8],[3,-1]],[[2300,2258],[3,-10],[-4,-2],[-9,14],[10,-2]],[[2263,2327],[1,1]],[[2264,2328],[-1,-1]],[[2264,2328],[-1,-1]],[[2263,2327],[1,1]],[[2254,2388],[2,2]],[[2256,2390],[1,-1]],[[2257,2389],[-3,-1]],[[2257,2389],[-1,1]],[[2256,2390],[-1,2]],[[2255,2392],[2,-3]],[[2252,2391],[-1,1]],[[2251,2392],[4,0]],[[2255,2392],[-3,-1]],[[2279,2407],[-2,4],[9,6]],[[2286,2417],[-7,-10]],[[2242,2417],[2,3]],[[2244,2420],[-2,-3]],[[2244,2420],[-3,4]],[[2241,2424],[3,-4]],[[2264,2432],[0,2]],[[2264,2434],[-1,1]],[[2263,2435],[4,-5],[1,-12],[-4,1],[0,13]],[[2264,2432],[-1,3]],[[2263,2435],[1,-1]],[[2264,2434],[0,-2]],[[2281,2523],[2,0]],[[2283,2523],[3,-3]],[[2286,2520],[-2,-6]],[[2284,2514],[-3,9]],[[2261,2517],[-6,0],[0,8],[5,2],[5,-6],[-4,-4]],[[2253,2541],[10,6],[3,-6],[-5,-1],[-1,-7],[-7,-2],[3,8],[-3,2]],[[2247,2556],[6,4],[1,-9],[-7,-1],[0,6]],[[2229,2589],[3,8],[4,-1],[2,-6],[-9,-1]],[[2251,2635],[1,1]],[[2252,2636],[5,-5],[2,-9],[5,-5]],[[2264,2617],[-2,-6],[9,1],[-3,-6],[4,-8],[4,0],[1,-7],[-7,2],[-3,5],[-10,2],[-4,17]],[[2253,2617],[-6,-1],[-6,4],[-4,-8],[-4,-1],[-4,7],[1,6],[8,2],[6,-4],[1,8],[4,0],[2,5]],[[2252,2636],[-1,-1]],[[2251,2635],[1,1]],[[2256,2692],[-7,0],[0,7],[6,-1],[1,-6]],[[2202,3275],[3,7],[8,-1],[0,-10],[-6,-2],[-5,6]],[[2185,3320],[-3,4]],[[2182,3324],[3,-4]],[[2202,3330],[-5,-4]],[[2197,3326],[0,1]],[[2197,3327],[5,3]],[[2209,3342],[2,1]],[[2211,3343],[2,-4]],[[2213,3339],[-4,3]],[[2188,3388],[2,-14],[-4,-4],[-4,3],[1,9],[5,6]],[[2192,3387],[4,2],[0,10]],[[2196,3399],[5,-3]],[[2201,3396],[0,-1]],[[2201,3395],[-1,-11],[-8,3]],[[2196,3399],[-3,-3],[-1,-9]],[[2192,3387],[-4,1]],[[2188,3388],[4,6],[-1,6],[5,-1]],[[2201,3395],[0,1]],[[2201,3396],[0,-1]],[[2203,3410],[-12,1],[4,7],[6,-1],[2,-7]],[[2193,3429],[3,7],[6,0]],[[2202,3436],[-1,-10],[-8,3]],[[2181,3460],[-3,-4],[1,-8],[-2,-6],[10,1],[0,9],[-6,4],[4,6],[-1,10],[5,-2],[0,-4],[6,0],[7,-5],[5,-15],[-7,-1],[0,-6],[-18,-3],[-13,3],[0,6]],[[2169,3445],[6,2],[0,9],[3,7],[3,-3]],[[2164,3461],[-2,4],[9,4],[2,-6],[-5,-5],[-4,3]],[[2177,3466],[-2,8],[8,0],[0,-9],[-6,1]],[[2148,3573],[5,2],[0,-6],[6,-4],[6,2],[7,-6],[-1,-7],[-5,-7],[-12,0],[-2,10],[-4,7],[0,9]],[[2152,3691],[-7,13],[3,8],[4,0],[3,-7],[0,-9],[-3,-5]],[[2165,3727],[5,-7],[-5,-1],[0,8]],[[1951,6492],[1,1]],[[1952,6493],[4,4],[5,-2],[-7,-10],[0,-13],[-12,-5],[1,7],[5,15],[3,3]],[[1952,6493],[-1,-1]],[[1951,6492],[1,1]],[[1930,6651],[3,0],[7,-6],[-6,-4],[-3,3],[-1,7]],[[1930,6651],[-6,1],[-1,7],[4,2],[3,-10]],[[1916,6900],[-10,3],[-3,8],[8,2],[8,-5],[-3,-8]],[[1818,7793],[-3,1],[-1,19],[5,3],[1,-10],[-3,-3],[1,-10]],[[1775,9009],[0,-2]],[[1775,9007],[0,-1]],[[1775,9006],[-8,-9],[-5,7],[-10,-1],[-1,4],[-9,2],[1,6]],[[1743,9015],[1,2]],[[1744,9017],[11,2],[6,7],[1,11],[4,-5],[1,-5],[11,0],[-3,-18]],[[1744,9017],[-1,-2]],[[1743,9015],[1,2]],[[2348,2136],[-1,18],[10,1],[5,-3],[-3,-12],[-11,-4]],[[2317,2174],[-4,0],[-1,7],[9,-2],[-4,-5]],[[2325,2183],[4,-3],[1,-7],[-7,-1],[-1,4],[3,7]],[[2310,2237],[5,1],[0,7],[-3,5],[1,6],[5,1],[8,-11],[0,-8],[-10,-5]],[[2316,2233],[3,1],[3,-7]],[[2322,2227],[-2,-4],[-7,0],[1,12],[-4,2]],[[2331,2349],[2,-7],[-7,-1],[-1,7],[6,1]],[[2331,2349],[2,4],[11,-4],[-6,-4],[-7,4]],[[2334,2385],[7,-23],[-11,3],[0,11],[-4,4],[-1,6],[9,-1]],[[2324,2376],[-3,-4],[-7,0],[-2,3],[0,10],[7,3],[4,-5],[1,-7]],[[2293,2410],[4,2],[9,-2],[3,-4],[-2,-6],[-7,-2],[-7,12]],[[2339,2416],[1,-4]],[[2340,2412],[-1,-2]],[[2339,2410],[-1,-1]],[[2338,2409],[-1,-1]],[[2337,2408],[2,8]],[[2286,2417],[3,4],[5,-1],[-1,-10]],[[2293,2410],[-7,7]],[[2301,2422],[-7,8],[7,3],[0,-11]],[[2299,2497],[-2,1]],[[2297,2498],[2,-1]],[[2299,2497],[-2,1]],[[2297,2498],[-1,3]],[[2296,2501],[4,1]],[[2300,2502],[1,-1]],[[2301,2501],[-2,-4]],[[2301,2501],[-1,1]],[[2300,2502],[1,-1]],[[2317,2513],[-4,9],[7,-1],[0,-8],[-3,0]],[[2296,2501],[-3,-5],[-4,2],[3,11],[-8,5]],[[2284,2514],[2,6]],[[2286,2520],[-3,3]],[[2283,2523],[1,4],[6,3],[3,-5],[6,2],[7,-2],[3,-9],[-9,-4],[-5,-6],[1,-5]],[[2305,2528],[-5,4],[-6,-1],[0,5],[6,1],[6,-3],[-1,-6]],[[2298,2597],[4,-1]],[[2302,2596],[0,-7],[-4,1],[0,7]],[[2310,2594],[-2,5],[-6,-3]],[[2302,2596],[2,4],[10,4]],[[2314,2604],[-3,-2],[3,-6],[-4,-2]],[[2298,2597],[-2,4],[-6,0]],[[2290,2601],[3,4],[5,-2],[0,-6]],[[2287,2603],[3,1]],[[2290,2604],[0,-3]],[[2290,2601],[-3,2]],[[2283,2635],[4,-7]],[[2287,2628],[-4,7]],[[2272,2676],[-1,8],[5,0],[2,-6],[-6,-2]],[[2256,2692],[4,3],[-1,6],[7,2],[18,-4],[2,-6],[-22,1],[-5,-4],[-3,2]],[[2283,2706],[-3,7],[6,0],[-3,-7]],[[2303,2716],[-11,-2],[2,8],[6,1],[3,-7]],[[2202,3069],[3,3],[6,-6],[5,-1],[7,-4],[8,0],[-3,16],[3,7],[-2,6],[6,1],[2,-11],[7,2],[0,6],[-5,2],[-2,17],[5,1]],[[2242,3108],[4,0],[3,-13],[6,-1],[-1,-5],[-5,-1],[-3,-8],[-5,0],[1,-9],[6,7],[1,6],[10,3],[2,6],[-2,13],[7,1],[-4,-8],[1,-7],[3,-2],[2,-16],[6,-4],[0,-9],[-5,-5],[-6,-2],[-5,3],[-7,-8],[-13,0],[-6,9],[-6,-1],[-4,3],[-6,0],[-5,4],[-9,-2],[0,7]],[[2227,3455],[5,-2],[-3,-10],[-9,-4],[-7,-1],[-3,15],[3,7],[6,2],[0,-6],[8,-1]],[[2202,3586],[-3,-3],[-14,5],[0,7],[2,5],[0,6],[-4,4],[0,6],[4,4],[3,-7],[8,-2],[1,-8],[5,1],[-1,8],[6,4],[8,-5],[3,-19],[-4,-5],[-4,1],[0,7],[-5,-1],[-5,-8]],[[2236,3616],[1,-7],[-1,-5],[-5,-3],[-6,5],[-1,7],[5,1],[4,-3],[3,5]],[[2195,3621],[-4,0],[1,9],[5,-1],[3,-5],[-5,-3]],[[2167,4137],[1,12],[5,0],[-2,-10],[-4,-2]],[[2182,4224],[1,-7],[-6,-7],[0,9],[5,5]],[[2135,4748],[-3,-6],[-5,-2],[-2,10],[6,3],[-1,6],[8,3],[3,-7],[-6,-7]],[[2013,6007],[-12,-3],[-4,2],[3,6],[5,0],[3,6],[8,0],[-4,-7],[1,-4]],[[1975,6304],[-2,5],[7,8],[3,-3],[-3,-7],[-5,-3]],[[1968,6345],[2,-4]],[[1970,6341],[-2,4]],[[1973,6402],[-3,2],[-7,-3],[-4,4],[-6,2]],[[1953,6407],[7,-1],[2,-3],[10,2],[1,-3]],[[1959,6413],[3,7],[9,1],[0,-8],[-9,-2],[-3,2]],[[1987,6493],[-7,-1],[-6,2],[-4,7],[0,6],[15,0],[5,2],[0,-8],[-3,-8]],[[1993,6558],[4,0],[-1,-10],[-6,1],[3,9]],[[1953,6830],[-1,-8],[-6,0],[0,6],[5,6],[2,-4]],[[1928,6831],[7,1],[1,-4],[-8,-1],[0,4]],[[1943,6866],[-5,-4],[-5,17],[5,0],[7,-6],[-2,-7]],[[1929,6892],[1,-2]],[[1930,6890],[0,-3]],[[1930,6887],[-1,5]],[[1930,6887],[0,3]],[[1930,6890],[0,-3]],[[1945,6919],[4,0],[0,-7],[-6,2],[2,5]],[[1921,6917],[-5,1],[3,5],[8,1],[0,-8],[-6,1]],[[1928,6982],[6,1],[1,-7],[-5,-4],[-2,10]],[[1775,9006],[0,1]],[[1775,9007],[0,2]],[[1775,9009],[2,8],[7,-3],[1,-11],[-1,-6],[-6,-3],[-4,4],[1,8]],[[1797,9081],[4,-5],[2,-18],[-9,5],[-2,4],[-10,11],[9,8],[4,0],[2,-5]],[[2408,2080],[-2,2]],[[2406,2082],[2,-2]],[[2382,2085],[-1,7],[6,2],[3,-6],[-8,-3]],[[2356,2129],[11,0],[2,-14],[9,-1]],[[2378,2114],[-2,-15],[-4,0],[-2,12],[-6,2],[4,-12],[-6,0],[-7,6],[-1,10],[2,12]],[[2409,2128],[-3,-5],[-5,6],[3,8],[6,0],[-1,-9]],[[2409,2128],[-1,5],[-4,0],[1,-7],[4,2]],[[2367,2154],[3,-2],[8,5]],[[2378,2157],[1,-5]],[[2379,2152],[-4,-2],[2,-9],[6,-3],[1,-13],[-8,0],[-9,6],[0,9],[6,-1],[-1,12],[-5,3]],[[2379,2152],[-1,5]],[[2378,2157],[6,-2]],[[2384,2155],[-5,-3]],[[2384,2155],[0,3]],[[2384,2158],[2,6],[6,-3],[-4,-6],[-4,0]],[[2364,2173],[-13,-1],[-2,7],[15,-6]],[[2364,2173],[4,4],[0,8]],[[2368,2185],[3,5],[10,-13],[-6,0],[-2,-10],[-7,2],[-2,4]],[[2381,2212],[1,-1]],[[2382,2211],[0,-2]],[[2382,2209],[-1,3]],[[2381,2212],[1,-3]],[[2382,2209],[0,2]],[[2382,2211],[-1,1]],[[2397,2211],[-5,-4],[-6,5],[-3,10],[5,0],[8,-6],[1,-5]],[[2365,2230],[-1,1]],[[2364,2231],[-1,13],[20,-3],[7,-7],[-7,-4],[-4,6],[-5,1],[-4,4],[-5,0],[4,-8],[-4,-3]],[[2364,2231],[1,-1]],[[2365,2230],[-1,1]],[[2417,2214],[-5,4],[-11,-3],[-5,7],[-4,9],[7,3],[7,-4],[3,-7],[7,-3],[1,-6]],[[2358,2268],[5,0],[0,-6],[-8,0],[3,6]],[[2362,2286],[-7,1],[0,4],[9,2],[-2,-7]],[[2389,2315],[2,-8],[-9,5],[2,8],[-6,0],[2,10],[10,-2],[0,-3],[-5,-4],[4,-6]],[[2344,2324],[1,1]],[[2345,2325],[1,1]],[[2346,2326],[4,4],[4,-1],[0,-11],[-8,1],[-2,5]],[[2346,2326],[-1,-1]],[[2345,2325],[-1,-1]],[[2344,2324],[2,2]],[[2373,2370],[1,0]],[[2374,2370],[1,-5]],[[2375,2365],[-2,5]],[[2341,2374],[-2,8],[4,1],[4,-6],[-6,-3]],[[2364,2410],[0,4],[4,4]],[[2368,2418],[9,-2]],[[2377,2416],[-1,-3]],[[2376,2413],[-8,3],[-4,-6]],[[2372,2423],[-4,-5]],[[2368,2418],[-7,7],[9,4],[2,-6]],[[2365,2441],[-3,2],[4,9],[9,-4],[0,-6],[7,-12],[-11,-2],[0,5],[-5,2],[-1,6]],[[2365,2464],[-11,2],[4,-14],[-7,2]],[[2351,2454],[-1,1]],[[2350,2455],[3,7],[-6,4]],[[2347,2466],[0,5]],[[2347,2471],[-1,1]],[[2346,2472],[0,3]],[[2346,2475],[-1,1]],[[2345,2476],[-3,7],[-1,13],[8,-1]],[[2349,2495],[-2,7],[-8,-3],[-3,5]],[[2336,2504],[-10,-2],[5,15],[4,2],[0,5],[5,4],[-1,8],[7,0],[9,-3],[0,-6],[7,-8],[6,-1],[11,2],[3,-3],[-2,-7],[3,-11],[-6,1],[-1,-9],[5,-5],[1,-12],[-5,-8],[-11,3],[-1,-5]],[[2370,2504],[-3,-10],[-7,-1],[1,13],[-8,2]],[[2353,2508],[2,-11],[-6,-2]],[[2349,2495],[8,-2],[1,-13],[12,3],[1,11],[-1,10]],[[2354,2511],[-1,-3]],[[2353,2508],[1,3]],[[2331,2529],[2,-6],[-9,-2],[2,8],[5,0]],[[2366,2560],[0,-4]],[[2366,2556],[-8,-7],[-13,1],[0,2]],[[2345,2552],[9,2],[3,8],[9,-2]],[[2345,2552],[-9,4],[5,4],[4,-8]],[[2370,2560],[-4,0]],[[2366,2560],[4,0]],[[2328,2578],[7,-6],[11,0],[3,-8],[5,5],[1,-10],[-6,-1],[-11,6],[-8,0],[-4,9],[2,5]],[[2334,2579],[3,3],[8,2],[2,-5],[-13,0]],[[2356,2582],[0,1]],[[2356,2583],[0,-1]],[[2356,2583],[0,-1]],[[2356,2582],[0,1]],[[2320,2680],[-4,11],[3,4],[5,-2],[0,-7],[-4,-6]],[[2302,2977],[-1,10],[4,-1],[2,-9],[-5,0]],[[2336,2998],[5,-12],[-7,-3],[-11,-1],[-1,5],[14,11]],[[2321,3006],[4,7],[4,-4],[-2,-5],[-6,2]],[[2333,3047],[-5,-3]],[[2328,3044],[5,3]],[[2328,3044],[1,-2]],[[2329,3042],[-1,2]],[[2272,3116],[5,-5],[5,0],[5,-9],[1,-6],[3,-3],[1,-9],[-5,-6],[-5,2],[-1,18],[-2,11],[-7,4],[0,3]],[[2314,3163],[-1,1]],[[2313,3164],[-1,7],[6,-1],[2,-7],[-6,0]],[[2284,3428],[10,3]],[[2294,3431],[1,-1]],[[2295,3430],[2,-1]],[[2297,3429],[4,-4],[2,-14]],[[2303,3411],[-4,0],[-11,7],[-1,8],[-3,2]],[[2281,3429],[3,-1]],[[2284,3428],[-3,1]],[[2297,3429],[-2,1]],[[2295,3430],[-1,1]],[[2294,3431],[-4,7]],[[2290,3438],[1,2]],[[2291,3440],[11,-1],[3,-2],[0,-7],[8,-1],[0,-6],[-6,-2],[-10,8]],[[2277,3430],[4,-1]],[[2281,3429],[-4,1]],[[2291,3440],[-1,-2]],[[2290,3438],[1,2]],[[2277,3430],[-3,0],[-13,14],[-5,1],[0,13],[-4,-1],[0,-6],[-8,0],[1,7],[6,8],[2,11],[2,5],[-1,11],[7,0],[-4,-9],[1,-7],[4,0],[5,-9],[0,-6],[6,0],[0,-7],[15,-3],[-1,-9],[-8,1],[-14,10],[-1,-7],[8,-2],[5,-15]],[[2289,3513],[-5,1],[0,11],[3,0],[0,-7],[2,-5]],[[2285,3529],[1,1]],[[2286,3530],[-1,-1]],[[2265,3541],[5,0],[0,-7],[-4,-2],[-1,9]],[[2286,3530],[-1,-1]],[[2285,3529],[-6,1],[-4,5],[0,6],[5,4],[10,1],[4,-4],[-2,-9],[-6,-3]],[[2243,3568],[4,-7],[-5,-2],[1,9]],[[2261,3580],[-5,-4],[-20,-3],[5,5],[20,2]],[[2261,3580],[1,6],[7,-1]],[[2269,3585],[-5,0],[-3,-5]],[[2257,3961],[4,0],[1,-7],[-5,-1],[0,8]],[[2236,4085],[5,0],[0,-7],[-7,2],[2,5]],[[2182,4224],[3,1],[2,-9],[-3,-1],[-2,9]],[[2180,4396],[-4,6],[-1,10],[6,0],[2,-16],[-3,0]],[[2153,4797],[-5,-7],[-4,0],[1,17],[5,16],[3,1],[4,-10],[1,-11],[-5,-6]],[[2151,5207],[3,-6],[-5,-2],[-1,8],[3,0]],[[2020,6474],[1,1]],[[2021,6475],[-1,-1]],[[2000,6926],[-5,3],[0,6],[4,5],[7,0],[-2,-10],[-4,-4]],[[2481,2091],[-8,4],[-1,7],[-10,8],[-12,-2],[-1,9],[7,0],[2,-4],[11,-2],[2,4],[5,-5],[-3,-4],[8,-5],[4,-5],[-4,-5]],[[2427,2104],[-3,-6],[-6,7],[1,4],[7,-2],[1,-3]],[[2416,2146],[5,-4],[2,-9],[6,0],[2,-3],[6,1],[2,-6],[-12,-4],[-6,3],[-1,10],[-9,10],[5,2]],[[2476,2154],[0,-4],[-8,-6],[-1,7],[9,3]],[[2425,2157],[4,-4],[0,-13],[-8,4],[-2,10],[-5,7],[4,1],[7,-5]],[[2451,2187],[0,-11],[-9,-5]],[[2442,2171],[1,7],[5,0],[3,9]],[[2427,2185],[2,-9],[-4,-2],[-3,6],[-6,-3],[-6,6],[-6,-5],[-4,-6],[-9,2],[2,7],[10,2],[1,2],[17,2],[6,-2]],[[2459,2185],[-2,4]],[[2457,2189],[2,-4]],[[2427,2185],[3,2]],[[2430,2187],[3,-1]],[[2433,2186],[-6,-1]],[[2457,2189],[-6,5],[-5,-6]],[[2446,2188],[-2,-8],[-7,2],[6,12],[9,1],[4,-2],[1,-4]],[[2433,2187],[0,-1]],[[2433,2186],[0,1]],[[2451,2187],[-5,1]],[[2446,2188],[5,-1]],[[2435,2195],[-5,-3],[3,-5]],[[2433,2187],[-3,0]],[[2430,2187],[-1,6],[6,2]],[[2414,2193],[1,2]],[[2415,2195],[2,0]],[[2417,2195],[-3,-2]],[[2415,2195],[-1,-2]],[[2414,2193],[-3,2]],[[2411,2195],[4,0]],[[2455,2204],[-5,6],[10,1],[3,-3],[-2,-7],[-6,3]],[[2417,2214],[6,0],[6,-6],[1,-6],[-12,3],[-1,9]],[[2465,2220],[2,-7],[-13,6],[-1,-6],[-10,0],[-1,9],[5,4],[12,-2],[6,-4]],[[2461,2230],[-6,-2],[1,7],[5,2],[0,-7]],[[2415,2244],[1,2]],[[2416,2246],[-1,1]],[[2415,2247],[0,5],[6,-1],[0,-9]],[[2421,2242],[2,-3]],[[2423,2239],[1,0]],[[2424,2239],[3,-7],[-6,-1],[-5,6],[-1,7]],[[2424,2239],[-1,0]],[[2423,2239],[-2,3]],[[2421,2242],[3,-3]],[[2410,2251],[5,-4]],[[2415,2247],[1,-1]],[[2416,2246],[-1,-2]],[[2415,2244],[-5,7]],[[2447,2260],[2,5],[6,-2],[0,-13],[-8,-1],[0,11]],[[2453,2278],[1,8],[4,4],[2,-7],[0,-8],[-7,3]],[[2441,2298],[1,-1]],[[2442,2297],[-1,1]],[[2308,2489],[2,-7],[7,1],[5,7],[-1,12],[8,-1],[3,-2],[-3,-8],[7,-1],[-3,-7],[10,-2],[2,-5]],[[2345,2476],[1,-1]],[[2346,2475],[0,-3]],[[2346,2472],[1,-1]],[[2347,2471],[0,-5]],[[2347,2466],[1,-10],[2,-1]],[[2350,2455],[1,-1]],[[2351,2454],[-1,-20]],[[2350,2434],[-2,-2],[0,-9],[5,-1],[0,-5],[-2,-7],[6,-4],[7,4]],[[2364,2410],[4,-9],[4,6],[5,0],[-1,6]],[[2376,2413],[1,3]],[[2377,2416],[7,-2],[2,-9],[-10,0],[-5,-3],[0,-5],[-8,2],[0,-6],[10,-2],[14,1],[10,-4],[0,-5],[7,0],[0,11],[4,-2],[5,10],[10,-6],[6,7],[0,4],[10,3],[-4,19],[-5,1],[-2,7],[4,6],[4,1],[5,-4],[0,-7],[12,3]],[[2453,2436],[-1,3]],[[2452,2439],[6,0],[5,-5]],[[2463,2434],[4,-4]],[[2467,2430],[1,-1]],[[2468,2429],[-2,-6]],[[2466,2423],[8,-1]],[[2474,2422],[1,-1]],[[2475,2421],[-2,-11],[-14,-6]],[[2459,2404],[10,-2],[4,6],[5,-1],[0,-8],[6,4],[8,0],[2,-10],[6,-9],[-3,-7]],[[2497,2377],[5,-1],[7,14],[7,-3]],[[2516,2387],[8,2],[11,-1],[3,-4]],[[2538,2384],[4,-6],[3,-14],[6,1],[0,-13]],[[2551,2352],[-2,-3],[-7,-2],[-1,9],[-6,4],[-6,0]],[[2529,2360],[-3,-2],[-5,5],[-11,0],[0,-10],[-6,0],[-1,-13],[-11,-1],[-7,2],[0,3]],[[2485,2344],[-1,1]],[[2484,2345],[1,7],[3,6],[-12,0],[-7,5],[-1,-8],[-4,-7],[4,-6],[11,0]],[[2479,2342],[-4,-6],[0,-6],[-3,-5],[9,0]],[[2481,2325],[1,0]],[[2482,2325],[1,0]],[[2483,2325],[2,-7],[-2,-9],[-9,1]],[[2474,2310],[-13,4],[5,6],[0,7],[-7,-2],[0,-12],[-8,1],[-1,-8],[12,-2],[0,-8],[-9,1],[-5,-3],[-6,3]],[[2442,2297],[-1,1]],[[2441,2298],[-1,4],[-5,0],[-2,-17],[-10,1],[2,6],[-5,2],[0,5],[-9,8],[2,10],[3,4],[12,-4],[0,5],[-12,3],[-1,5],[6,3],[2,7]],[[2423,2340],[4,-4],[9,3],[3,-4],[9,8],[-1,6],[-12,1],[-7,4],[0,4],[-12,0],[-5,-3],[-3,-5]],[[2408,2350],[0,-8],[-8,-4],[0,-7],[-6,0],[0,6]],[[2394,2337],[2,7],[0,6],[-11,-2],[2,-7],[-8,-9],[-12,1],[4,13]],[[2371,2346],[-2,13],[6,6]],[[2375,2365],[-1,5]],[[2374,2370],[-1,0]],[[2373,2370],[-10,-4],[-3,5],[-11,14],[-2,5],[-9,-2],[-2,2],[-1,8],[4,5],[-2,5]],[[2337,2408],[1,1]],[[2338,2409],[1,1]],[[2339,2410],[1,2]],[[2340,2412],[-1,4]],[[2339,2416],[0,6],[-5,2],[-15,-1],[2,5]],[[2321,2428],[-9,-1],[0,10],[5,1],[1,-5],[6,3],[14,-6],[-1,13],[-6,-1],[8,11],[-1,5],[-6,4],[0,-7],[-3,-6],[-6,-1],[-8,-4],[-4,2],[-1,-8],[-11,-3],[0,7],[-10,3],[-5,10],[-1,4],[-12,-1],[-3,2],[3,10],[7,0],[-2,14],[5,5],[7,3],[3,-2],[10,3],[-1,-6],[8,2]],[[2398,2367],[2,-3],[9,-1],[2,7],[-3,3],[-10,-1],[0,-5]],[[2463,2420],[3,3]],[[2466,2423],[-3,-3]],[[2463,2420],[-2,5],[-10,2],[8,-10],[4,3]],[[2504,2360],[-6,3],[-5,-2],[1,-5],[6,0],[4,4]],[[2405,2352],[3,-2]],[[2408,2350],[-3,2]],[[2300,2473],[3,5],[-3,7],[-5,0],[1,-8],[-13,-3],[1,-6],[4,-5],[12,10]],[[2329,2465],[-11,5],[0,-5],[11,0]],[[2306,2461],[-1,3],[-7,-1],[-4,3],[2,-17],[10,12]],[[2481,2367],[8,3],[-4,6],[-4,-2],[0,-7]],[[2441,2315],[6,10],[0,6],[-8,0],[-1,-7],[5,-2],[-2,-7]],[[2398,2419],[-4,3],[3,7],[11,0],[-1,6],[7,1],[5,-7],[-7,-3],[-1,-12],[-6,-6],[1,-6],[-7,-2],[-1,10],[-3,6],[3,3]],[[2391,2445],[2,-6],[-9,-2],[-2,8],[9,0]],[[2430,2468],[0,-4],[12,-9],[1,-6],[-11,-2],[-7,6],[-4,8],[-1,9],[8,1],[2,-3]],[[2398,2463],[-6,2],[0,16],[12,-1],[-1,-14],[-5,-3]],[[2428,2481],[-22,-1],[-1,5],[8,1],[4,-3],[8,0],[3,-2]],[[2422,2509],[-4,-2]],[[2418,2507],[4,2]],[[2436,2551],[5,-8]],[[2441,2543],[11,-8],[0,-7],[-5,-2],[-1,-5],[-5,-9],[-8,-1],[-3,-4],[-8,2]],[[2422,2509],[-4,-2]],[[2418,2507],[-8,-1],[-4,10]],[[2406,2516],[-6,13]],[[2400,2529],[7,-3],[5,1],[5,-8]],[[2417,2519],[0,4],[14,11],[0,13],[5,4]],[[2423,2548],[1,-8],[-8,-2],[-6,2],[0,9],[13,-1]],[[2402,2540],[-9,1],[1,4],[8,0],[0,-5]],[[2438,2551],[-2,0]],[[2436,2551],[-7,-1],[-3,2],[-1,8],[4,1],[8,-7],[1,-3]],[[2370,2560],[10,1],[2,-2],[5,-17],[-8,2],[-3,8],[-5,1],[-1,7]],[[2420,2566],[-4,4],[-1,5],[5,8],[7,2],[-1,13],[-5,5],[17,2],[4,-2],[1,-7],[-2,-10],[2,-4],[-2,-18],[-5,0],[-12,4],[-4,-2]],[[2396,2583],[-4,0],[0,7],[4,1],[0,-8]],[[2409,2593],[1,4]],[[2410,2597],[1,1]],[[2411,2598],[4,3],[5,-5],[0,-7],[-3,-3],[-6,2],[-2,5]],[[2411,2598],[-1,-1]],[[2410,2597],[-1,-4]],[[2409,2593],[2,5]],[[2424,2609],[3,6],[5,-4],[-1,-5],[-7,3]],[[2381,2608],[-7,-3],[-2,7],[8,-1],[1,-3]],[[2345,3059],[1,1]],[[2346,3060],[4,-2],[3,-6],[-12,-6],[-2,-6],[-4,0],[-2,7]],[[2333,3047],[4,5],[7,3],[1,4]],[[2346,3060],[-1,-1]],[[2345,3059],[1,1]],[[2369,3072],[-3,-9],[-10,-4],[-2,7],[10,5],[5,1]],[[2390,3096],[-1,-4]],[[2389,3092],[1,4]],[[2358,3158],[1,0]],[[2359,3158],[-1,0]],[[2377,3363],[5,3],[-5,5],[4,8],[4,3],[8,-5],[1,-12],[5,-3],[7,1],[5,-3],[8,1],[7,-2],[0,5]],[[2426,3364],[9,4],[4,-6],[16,1],[1,-8],[-3,-13],[5,4],[9,0],[0,-6],[8,-6],[-4,-11],[7,1],[5,3],[6,-9],[5,1],[2,-3],[11,1],[1,6],[8,-5],[1,-6],[7,-6],[5,0],[-1,7],[4,6],[8,-3],[3,2],[-1,8],[3,6],[4,1],[-1,10],[14,0],[4,7],[11,3],[8,7],[-2,7],[6,0],[4,4],[-2,12],[5,-2],[6,7],[3,-5],[13,1]],[[2618,3384],[5,3],[8,-5],[-2,-4],[2,-4]],[[2631,3374],[-8,-3],[-9,11],[-14,-8],[-4,-6],[-6,-1],[1,-10],[-8,-1],[-2,-5],[-6,-2],[3,-11],[-7,-1],[1,-4],[-3,-6],[-3,8],[-10,-1],[-8,-5],[1,-11],[11,-5],[3,-9],[6,-3],[3,-5],[1,-7],[12,15],[13,0]],[[2598,3304],[2,-12],[3,8],[6,1],[2,5],[-7,0],[-2,5],[-5,0],[-2,6],[7,0],[8,-2],[4,-6],[8,-1],[8,-10],[3,-10],[-6,0],[-1,-5],[5,-3],[6,-9],[8,2],[-7,-10],[-1,-7],[3,-6]],[[2640,3250],[-13,11],[-9,-8],[0,-6],[-5,0],[-3,11],[-4,-4],[-6,1],[-4,6],[-5,-6]],[[2591,3255],[4,-7],[-2,-3]],[[2593,3245],[2,-4]],[[2595,3241],[0,-2],[-11,-3],[0,-8],[-3,-3],[-6,-1],[-7,6],[0,11],[-8,-1],[-3,5],[-7,-4],[3,-11]],[[2553,3230],[-4,3],[-4,-3],[1,-10],[-4,-7],[1,-3],[6,1],[7,-4],[-3,-6],[-4,2],[-5,-2],[10,-10],[5,4],[1,-13],[5,-3],[8,1],[10,-3],[2,4],[13,1],[0,-7],[5,-5],[-18,-2],[4,-5],[-5,-3],[-1,-7],[-2,-4],[-6,1],[0,-5],[-6,-3],[-6,1],[-2,-9],[7,0],[5,4],[4,6],[3,-4],[-4,-8],[-18,-1],[-4,2],[-3,7],[-12,-1],[-2,-6],[-6,-6],[-5,0],[-11,7],[-2,3],[-5,-2],[-4,-7],[-6,-2],[-2,7],[-3,2],[-12,-2],[-4,2]],[[2477,3135],[1,-6],[-15,1],[-9,-1],[-2,2],[-14,-2],[-3,7],[4,3],[-5,5]],[[2434,3144],[-7,0],[-4,-5],[-8,-2],[1,-9],[-2,-1],[1,-14]],[[2415,3113],[-3,1]],[[2412,3114],[-4,2],[-8,-2],[-2,8],[2,4],[-7,1],[0,-6],[-5,1]],[[2388,3122],[-5,-2]],[[2383,3120],[-9,4],[-9,-3]],[[2365,3121],[0,-8],[-6,0],[0,-8],[-5,-1],[-6,3],[-2,-11],[-6,4],[-7,-2],[-10,12],[-7,-1],[-6,4],[-1,6],[-6,0]],[[2303,3119],[3,3]],[[2306,3122],[-4,14],[-4,-3],[-7,1],[-5,4],[-8,-2],[-5,-4],[-10,-1],[-2,3],[-9,-1],[-8,-5],[-9,8],[-1,6]],[[2234,3142],[1,4],[-3,4],[-9,-6],[1,-13],[6,-12],[2,-11],[-6,-9],[0,-6],[-5,-2],[-5,-7],[-13,-1],[-2,-6],[-6,-1],[1,6]],[[2196,3082],[1,5],[7,-1],[-1,5],[-6,8],[2,3],[-1,10],[5,7],[0,7],[-13,2],[0,4],[3,4],[-2,8],[-5,5],[7,14],[-3,3],[-2,10],[-3,0],[-8,-9],[-2,-8],[-3,-1],[-10,6],[0,-10],[2,-1],[4,-10],[1,-10],[-7,-10],[-8,-1],[-7,5],[-5,6],[-3,13],[-5,-1],[-13,5],[-1,-6],[-6,-7],[2,-4],[6,2],[13,-23],[0,-13],[-5,-2],[4,-8],[0,-15],[2,-5]],[[2136,3069],[2,-7],[6,-6],[-1,-14],[-9,-1],[-4,5],[-1,8],[-3,3],[-1,9],[-8,1],[-1,4],[-9,3],[-2,3],[-9,0],[-6,-1]],[[2090,3076],[-6,3],[-6,0]],[[2078,3079],[3,6],[-1,7],[-7,-2],[-9,3],[-1,8],[-7,-1],[2,-5],[-6,-1],[-1,8],[2,6],[11,1],[5,-4],[1,-7],[9,7],[5,0],[-1,11],[5,5]],[[2088,3121],[5,-3],[1,-12],[7,-6]],[[2101,3100],[-1,-1]],[[2100,3099],[0,-1]],[[2100,3098],[2,-1]],[[2102,3097],[4,-3],[6,0],[4,6],[-9,3],[1,20],[-5,2],[2,13],[-6,0],[1,-12],[-4,0]],[[2096,3126],[0,1]],[[2096,3127],[-4,2]],[[2092,3129],[-1,-2]],[[2091,3127],[-5,1],[0,9],[4,25],[5,1],[3,-6]],[[2098,3157],[10,-2],[-3,7],[0,4],[14,3],[3,9],[-8,-2],[-5,4],[-1,6],[6,6],[7,1],[-2,10],[1,8],[-2,16],[5,4],[1,6],[13,3],[-3,-10]],[[2134,3230],[-6,2],[0,-8],[4,0]],[[2132,3224],[6,2]],[[2138,3226],[8,2]],[[2146,3228],[2,8]],[[2148,3236],[1,0]],[[2149,3236],[1,8],[4,8],[0,6],[-5,0],[-2,6],[8,1],[-1,16],[2,7],[8,1],[1,15]],[[2165,3304],[8,-1]],[[2173,3303],[2,4],[-5,7]],[[2170,3314],[6,3],[4,-4],[12,0],[2,-11],[0,-11],[-2,-5],[-6,-1],[-3,11],[-6,1],[-7,-4],[0,-5],[7,0],[4,-5],[-1,-12],[-9,-6]],[[2171,3265],[0,-8],[2,-2],[1,-8],[-10,-6],[4,-9],[0,-7],[-11,-17],[-2,6],[-11,-3],[-5,-2],[-10,-19],[-7,-3],[0,-5],[9,0],[-6,-6],[3,-3],[-8,-11],[12,0],[0,9]],[[2132,3171],[-1,7],[9,-1],[4,4],[5,1],[3,6],[8,-2],[11,3],[-1,3],[-8,-1],[2,6],[-1,11],[13,12],[2,5],[-1,21],[6,-5],[0,-8]],[[2183,3233],[7,-1],[2,8],[5,2],[1,6],[11,0],[6,-3],[5,7],[6,-1]],[[2226,3251],[2,12],[2,6],[13,1],[-4,6],[-12,-2],[0,4],[8,8],[10,-3],[5,9],[-1,8],[4,3],[-6,7],[-11,0],[-4,6]],[[2232,3316],[-7,-3],[-9,-1],[-11,-4],[-2,-8],[-3,19],[-6,3],[-1,5]],[[2193,3327],[4,0]],[[2197,3327],[0,-1]],[[2197,3326],[5,4]],[[2202,3330],[-4,9],[1,8],[5,3],[12,0],[1,8],[6,-1],[1,-7],[5,-6],[2,11],[4,6],[5,-4],[6,2],[-1,11],[6,1],[3,4],[10,2],[1,-4],[7,0],[5,5],[9,-1],[-4,10],[7,11],[5,-5],[11,3],[1,5],[7,4],[2,-2]],[[2315,3403],[-1,-4],[-5,-3],[3,-8],[1,-12],[-2,-4],[13,-3],[0,6],[6,0],[1,-10],[5,3],[-8,15],[-5,0],[-3,6],[0,8],[3,2],[-1,8],[-4,5],[5,5],[6,-8],[7,3],[10,3],[10,-10],[2,-8],[7,-7],[-2,-10],[5,1],[5,-3],[-5,-5],[-2,-10],[9,2],[2,-2]],[[2590,3270],[1,1]],[[2591,3271],[0,1]],[[2591,3272],[4,4]],[[2595,3276],[-5,4],[-6,-2],[-8,-5],[-4,3],[-5,-1],[-3,-3],[0,-10],[2,-11],[7,1],[-2,8],[6,1],[2,-3]],[[2579,3258],[2,5],[7,1],[-4,-8],[7,-1]],[[2591,3255],[-1,9],[0,6]],[[2595,3276],[3,-3],[11,3],[5,-5],[2,-8],[15,1],[0,4],[-9,-2],[-7,6],[0,7],[-20,-3]],[[2149,3228],[-3,0]],[[2146,3228],[3,0]],[[2173,3303],[5,-5],[11,3],[0,4],[-5,5],[-11,-7]],[[2132,3171],[3,-16],[4,4],[-1,6],[1,9],[-7,-3]],[[2172,3190],[8,-2],[-1,11],[-5,-3],[-2,-6]],[[2184,3226],[-1,7]],[[2183,3233],[1,-7]],[[2212,3323],[3,-2],[7,3],[1,8],[-4,1],[1,7]],[[2220,3340],[-7,-1]],[[2213,3339],[-2,4]],[[2211,3343],[-2,-1]],[[2209,3342],[-4,-4],[3,-11],[4,-4]],[[2350,3355],[-7,5],[-18,-2],[-4,-3],[1,-10],[-11,1],[-1,16],[-13,2],[3,8],[-5,1],[-6,-4],[3,-23],[-6,1],[-6,-3],[-6,10],[-5,5],[-9,1],[1,-15],[5,-19],[4,-2],[4,7],[6,-2],[6,11],[4,-10],[3,2],[0,12],[6,0],[1,-13],[5,0],[2,4],[8,2],[10,7],[-1,9],[7,4],[8,-2],[0,-6],[11,6]],[[2391,3342],[-2,-6],[1,-10],[7,0],[5,6],[-3,8]],[[2399,3340],[6,-2]],[[2405,3338],[2,-8]],[[2407,3330],[1,1]],[[2408,3331],[6,-2]],[[2414,3329],[4,-2],[3,6],[-7,7],[0,9],[-9,-5],[-8,5],[-6,6]],[[2391,3355],[-9,-3],[-8,-1],[-4,8],[-3,0],[-4,-12],[19,-1],[0,-5],[9,1]],[[2348,3336],[-4,8],[-4,-8],[3,-3],[5,3]],[[2259,3332],[-5,-2],[9,-9],[0,11],[-4,0]],[[2316,3316],[-6,0],[-5,5],[-11,1],[-8,9],[-4,-1],[-1,-9],[-7,-2],[-3,-6],[10,-10],[17,4],[2,-4],[7,7],[4,0],[5,6]],[[2373,3329],[12,3],[-5,5],[-3,-6],[-4,-2]],[[2372,3329],[0,-6]],[[2372,3323],[1,6]],[[2373,3329],[-1,0]],[[2307,3327],[2,-8],[4,4],[0,6],[-6,-2]],[[2359,3236],[-4,-9],[4,-2],[8,1],[7,9],[4,-3],[9,-13],[8,-1],[9,1],[-3,6],[-3,0],[-9,8],[3,8],[6,0],[2,-9],[3,-3]],[[2403,3229],[11,1],[12,-9],[8,-2],[1,4],[12,-8],[8,1],[3,8],[6,6],[1,10],[-14,-3],[3,-7],[-13,-2],[-2,12],[2,24],[10,1],[1,6],[7,-4],[3,3],[-4,5],[9,4],[1,-8],[7,-9],[7,1],[6,4]],[[2488,3267],[2,-7],[6,1],[1,-4],[9,-3],[4,-11],[4,-1],[1,8],[11,1],[2,-2]],[[2528,3249],[11,0],[6,7],[2,10]],[[2547,3266],[-10,-1]],[[2537,3265],[-6,19],[-2,0]],[[2529,3284],[-5,-3],[-3,-7]],[[2521,3274],[-6,2]],[[2515,3276],[-3,-3]],[[2512,3273],[-7,-1]],[[2505,3272],[-14,0]],[[2491,3272],[-4,1],[-5,5],[0,6]],[[2482,3284],[-6,3],[-2,6],[-7,-2],[-3,8]],[[2464,3299],[7,-1]],[[2471,3298],[-1,4]],[[2470,3302],[4,1],[1,7],[-5,7],[-6,0],[-2,4],[-7,5],[-5,1],[-3,-4],[2,-10]],[[2449,3313],[-1,-3]],[[2448,3310],[-1,0]],[[2447,3310],[-8,2],[-6,-8]],[[2433,3304],[5,-8],[-4,-1],[-4,6],[-8,-5],[-1,-6],[3,-10],[-6,-9]],[[2418,3271],[-8,10],[1,5]],[[2411,3286],[-4,0],[-3,14],[-5,-3],[-3,-7],[-12,1],[-5,11]],[[2379,3302],[1,1]],[[2380,3303],[-1,9],[-8,1],[-3,6],[-4,2],[-1,5],[-14,-1],[-3,-7],[-6,0],[-8,5],[-13,-6],[1,-6],[-7,-6],[4,-5],[10,2],[3,8],[8,3],[3,-8],[11,2],[1,-9],[9,-7],[-2,-18],[-2,-5],[2,-11],[-6,-3],[0,-6],[13,-5],[-4,-7],[-4,0]],[[2555,3274],[-3,1],[-5,-9]],[[2547,3266],[8,2],[0,6]],[[2560,3276],[-6,4]],[[2554,3280],[1,-6]],[[2555,3274],[5,2]],[[2426,3323],[8,4],[-3,4],[-6,-1],[1,-7]],[[2441,3333],[-5,-6],[9,-2],[-4,8]],[[2418,3307],[-2,2],[0,8],[-14,2],[-3,-3],[3,-5],[9,-6],[7,2]],[[2327,3278],[5,-2],[3,3],[-2,17],[-6,-1],[1,-11],[-1,-6]],[[2515,3300],[-7,0],[-1,9],[-5,1],[1,-7],[-7,-2],[3,-13],[11,3],[6,-7],[5,7],[1,9],[-7,0]],[[2553,3294],[4,-2],[-1,9],[6,-1],[-1,8],[-8,2],[-3,4],[-4,0],[-4,-5],[-8,-2],[-4,-5],[-6,-1],[-1,-4],[6,-6],[8,0],[7,5],[7,-10],[2,8]],[[2485,3298],[-5,-2],[1,-9],[4,3],[0,8]],[[2539,3290],[-3,-6],[6,-4],[-1,9],[-2,1]],[[2167,3245],[-2,6],[-6,-6],[3,-5],[5,5]],[[2305,3250],[-3,14],[-4,0],[-3,-5],[0,-6],[4,-9],[6,6]],[[2216,3200],[10,0],[2,6],[-3,7],[2,6],[-5,0],[-1,12]],[[2221,3231],[-1,9],[-6,4],[-7,1],[1,-7],[5,0],[3,-3],[2,-16],[3,-2],[-1,-9],[-4,-8]],[[2239,3245],[-4,0],[-2,-13],[8,1],[-1,3]],[[2240,3236],[2,7],[-3,2]],[[2487,3256],[0,-5],[-4,-4],[-1,-6],[8,1],[4,4],[-1,6],[-4,0],[-2,4]],[[2467,3251],[-2,-6],[5,-2],[9,4],[0,5],[-5,2],[-7,-3]],[[2473,3226],[-14,-7],[-1,-7],[7,0],[9,5],[-1,9]],[[2363,3220],[3,-7],[8,2],[-3,7],[-8,-2]],[[2397,3211],[-7,6],[-6,-6],[13,0]],[[2299,3174],[3,-3],[1,-6],[3,-3],[7,2]],[[2313,3164],[1,-1]],[[2314,3163],[5,-6],[15,3],[1,6],[-3,4],[-6,3]],[[2326,3173],[-3,3],[-1,7],[-7,-5],[1,9],[7,-1],[-1,9],[2,7],[-7,-1],[-16,3],[-1,-7],[1,-8],[-5,-2],[-7,6],[-8,-2],[-1,-9],[9,-6],[1,-5],[9,3]],[[2331,3202],[3,-11],[6,1],[-2,9],[-7,1]],[[2469,3211],[-17,0],[1,-9],[7,0],[2,5],[6,1],[1,3]],[[2151,3175],[1,-8],[6,7],[-2,6],[-5,-5]],[[2394,3201],[6,-4],[1,7],[-7,-3]],[[2526,3191],[3,1],[-3,8],[-6,-2],[0,-4],[6,-3]],[[2505,3186],[2,11],[-6,-1],[-2,-5],[-1,-7],[7,2]],[[2409,3177],[3,-6],[4,0],[2,13],[-5,1],[-4,-8]],[[2359,3158],[-1,0]],[[2358,3158],[-3,-2],[0,-6],[5,-3],[4,6],[8,-1],[8,8],[13,2],[5,-6],[8,0],[0,4],[-7,1],[-11,5]],[[2388,3166],[-3,-1],[0,11],[-6,0],[-1,-4],[-12,0],[0,8],[-9,-5],[-1,-7],[-9,2],[0,-11],[7,1],[5,-2]],[[2161,3138],[-2,5],[-6,0],[2,-7],[6,2]],[[2337,3465],[2,6],[6,-2],[0,-6],[-8,2]],[[2352,3479],[5,2],[0,-8],[-4,0],[-1,6]],[[2315,3532],[1,1]],[[2316,3533],[0,2]],[[2316,3535],[2,-9],[-7,1],[4,5]],[[2315,3532],[-9,0],[1,14],[4,3],[2,-12],[3,-2]],[[2316,3535],[0,-2]],[[2316,3533],[-1,-1]],[[2320,3614],[11,0],[-1,-5],[7,-11],[2,-20],[-8,-12],[-6,0],[-8,4],[-4,5],[0,6],[-6,6],[-9,6],[0,22],[4,5],[18,-6]],[[2331,3620],[-2,4],[3,6],[4,-7],[-5,-3]],[[2297,3628],[6,2],[1,-7],[-6,-1],[-1,6]],[[2308,3635],[6,-1],[1,-9],[-4,0],[-1,9],[-2,1]],[[2295,3656],[3,-1],[1,-8],[-4,0],[0,9]],[[2296,3692],[-1,-4],[-6,-3],[-7,5],[-3,17],[3,5],[7,1],[6,-4],[1,-6],[0,-11]],[[2284,3990],[4,-1],[0,-7],[-4,0],[0,8]],[[2276,4102],[5,1],[3,-8],[-8,-2],[0,9]],[[2293,4136],[-2,9],[8,1],[0,-8],[-6,-2]],[[2262,4186],[-4,-2],[-5,3],[0,7],[6,8],[1,7],[5,0],[3,-4],[-3,-16],[-3,-3]],[[2294,4269],[-5,0],[-5,3],[-1,5],[4,5],[12,-4],[-5,-9]],[[2223,4539],[1,4],[6,1],[-3,-10],[-4,5]],[[2191,4902],[6,6],[1,-7],[-7,1]],[[2079,6301],[-6,1],[0,6],[3,4],[8,-3],[0,-5],[-5,-3]],[[2082,6374],[4,4]],[[2086,6378],[-4,-4]],[[2100,6408],[4,5]],[[2104,6413],[2,-1],[19,2],[5,4]],[[2130,6418],[0,-3],[-6,-5],[-13,-3],[-11,1]],[[2099,6489],[11,-4],[6,1],[2,4],[15,2],[-8,22],[-8,-4],[-3,5],[11,2],[7,5],[4,1],[1,9],[8,3],[4,-4],[0,-9],[-5,-5],[-9,-2],[-6,-4],[1,-11],[4,4],[5,1],[6,-9],[6,1],[3,6]],[[2154,6503],[-3,-7],[1,-9],[3,-4],[-10,-2],[-9,-8],[-5,-2]],[[2131,6471],[-4,5],[-3,10],[-8,-2],[-5,0],[-3,-9],[2,-9],[-4,-9],[-5,-5],[-4,3],[0,6],[-3,2],[-8,-4],[-4,2],[-7,-8],[0,7],[4,1],[-5,8],[-7,-3],[2,-9],[-7,-3],[-1,-5],[-4,-6],[-5,8],[0,5],[-13,2],[-3,-7],[1,-8],[-4,-3]],[[2033,6440],[1,9],[-1,12],[15,3],[5,-2]],[[2053,6462],[2,8],[9,1],[3,7],[11,0],[4,3],[6,2],[4,-6],[7,12]],[[2106,6463],[1,6],[-6,3],[-3,4],[-4,-1],[0,-6],[4,-9],[8,3]],[[2063,6461],[1,6],[-9,1],[-2,-6]],[[2053,6462],[2,-7],[6,2],[2,4]],[[2143,6494],[0,-10],[6,1],[-1,9],[-5,0]],[[2136,6489],[-5,-6],[0,-5],[7,3],[-2,8]],[[2090,6468],[0,4],[-7,5],[-2,-5],[1,-9],[8,5]],[[2087,6544],[2,-8],[-8,3],[6,5]],[[2085,6655],[6,-1],[3,-4],[-1,-13],[-5,0],[-1,7],[4,7],[-6,4]],[[2067,6677],[-8,5],[5,3],[13,2],[1,-8],[-4,-7],[-4,0],[-3,5]],[[2054,6723],[10,4],[-2,-8],[-7,-1],[-1,5]],[[2065,6758],[4,1],[1,-7],[-4,-3],[-1,9]],[[1893,8921],[-5,-1],[-2,8],[3,4],[4,-11]],[[2495,1981],[0,1]],[[2495,1982],[0,-1]],[[2495,1982],[0,-1]],[[2495,1981],[0,1]],[[2539,2042],[-12,1],[1,10],[1,2],[11,0],[-2,-5],[1,-8]],[[2523,2064],[-5,8],[6,0],[-1,-8]],[[2539,2104],[-9,-2],[1,6],[8,1],[0,-5]],[[2520,2106],[2,6],[6,-2],[-3,-5],[-5,1]],[[2487,2108],[0,-1]],[[2487,2107],[-2,-2]],[[2485,2105],[-1,-1]],[[2484,2104],[3,4]],[[2500,2142],[1,-1]],[[2501,2141],[3,-3],[-1,-7],[2,-5],[8,1],[3,8],[6,5]],[[2522,2140],[0,-6],[7,0],[3,-4],[7,1]],[[2539,2131],[-3,-5]],[[2536,2126],[0,-6],[6,0]],[[2542,2120],[2,-14],[15,1],[1,5],[7,2],[1,-8],[4,-3],[1,-11],[-3,-7],[0,-9],[-2,-1]],[[2568,2075],[-4,-7]],[[2564,2068],[-5,2],[6,10],[-4,10],[4,6],[-13,0],[0,-19],[-8,1],[-2,11],[4,4]],[[2546,2093],[2,6],[-10,15]],[[2538,2114],[-5,8],[-11,-7],[-7,8],[-15,3],[-1,10],[-5,-2],[-9,7],[0,5],[5,5],[2,-5],[8,-4]],[[2510,2110],[-1,7],[8,-1],[1,-8],[-7,-3],[-1,5]],[[2496,2106],[1,-4],[-5,-8],[-4,4],[-4,6]],[[2484,2104],[1,1]],[[2485,2105],[2,2]],[[2487,2107],[0,1]],[[2487,2108],[-4,16],[-10,5],[-1,5],[8,1],[1,-7],[10,-7],[1,-8],[4,-7]],[[2501,2145],[0,-4]],[[2501,2141],[-1,1]],[[2500,2142],[0,3]],[[2500,2145],[1,0]],[[2512,2149],[4,0],[1,-7],[-5,0],[0,7]],[[2506,2147],[-5,-2]],[[2501,2145],[-1,0]],[[2500,2145],[6,2]],[[2485,2171],[7,-7],[-5,-4],[-8,2],[6,9]],[[2487,2179],[-1,3],[14,2],[0,-11],[-8,-3],[-5,9]],[[2519,2179],[-7,0],[-8,4],[-1,8],[-7,-1],[0,10],[-5,-1],[-4,8],[11,1],[7,-6],[4,-9],[7,-5],[6,-2],[11,2],[1,-5],[0,-12],[-5,-4],[-6,-1],[-4,13]],[[2480,2179],[5,-8]],[[2485,2171],[-8,-1],[0,4],[-5,9],[-10,12],[12,-1],[1,-7],[5,-8]],[[2473,2211],[11,4],[0,-7],[-11,0],[0,3]],[[2514,2226],[1,10],[10,3],[8,-7],[1,-7],[-4,-8],[5,-12],[-6,-1],[1,7],[-6,3],[0,-6],[-9,2],[-3,5],[-6,1],[-6,10],[-11,1],[-5,4],[0,9],[-12,1],[-2,13],[-5,1],[0,7],[8,2],[9,-1],[0,-15],[4,-5],[9,-3],[7,0],[0,-5],[7,0],[5,-9]],[[2513,2267],[-6,0],[0,5],[6,1],[0,-6]],[[2473,2280],[-7,4],[-1,6],[6,0],[9,-2],[0,-8],[-7,0]],[[2474,2310],[2,-5],[6,0],[3,-7],[9,-1]],[[2494,2297],[2,-4],[7,-2],[8,1]],[[2511,2292],[5,0],[5,4],[0,-12]],[[2521,2284],[-1,-5],[-8,2],[-2,-5],[-11,-1],[-10,1],[1,9],[-9,2],[0,10],[-5,4],[-8,-1],[1,8],[5,2]],[[2497,2304],[-3,-7]],[[2494,2297],[-3,1],[-1,7],[7,-1]],[[2497,2304],[3,2],[1,14],[-4,9],[12,5],[1,6],[13,-1],[-3,-5],[5,-8],[-2,-20],[-1,-9],[-24,3],[-1,4]],[[2483,2325],[-1,0]],[[2482,2325],[-1,0]],[[2481,2325],[2,0]],[[2484,2345],[1,-1]],[[2485,2344],[-1,1]],[[2516,2397],[-8,1],[-6,-3],[-3,10],[8,0],[0,8],[4,-2],[0,-9],[5,-5]],[[2484,2423],[7,1]],[[2491,2424],[5,-5],[0,-13],[-5,0],[-8,7],[1,10]],[[2512,2419],[-1,-5],[-5,0],[-8,4],[0,11],[-4,0],[-1,10],[6,2],[9,-5],[6,1],[7,-6],[1,-7],[-11,0],[1,-5]],[[2475,2421],[-1,1]],[[2474,2422],[-6,7]],[[2468,2429],[-1,1]],[[2467,2430],[-4,4]],[[2463,2434],[6,2],[7,-3],[0,-4],[8,0],[0,-6]],[[2484,2423],[-2,-5],[-7,3]],[[2452,2439],[1,-3]],[[2453,2436],[-1,3]],[[2491,2459],[2,-1]],[[2493,2458],[-2,-11],[-14,2],[-1,5],[12,-1],[2,7]],[[2490,2460],[1,-1]],[[2475,2454],[-6,3],[-1,6],[4,4],[8,1],[1,-8],[-6,-6]],[[2493,2458],[-2,1]],[[2491,2459],[-1,1]],[[2490,2460],[-1,4],[-6,6],[-6,8],[0,5],[13,-4],[-1,-13],[4,-3],[0,-5]],[[2480,2497],[2,2]],[[2482,2499],[-2,-2]],[[2480,2497],[-6,2],[-16,-2],[-1,5],[5,7],[9,1],[3,-5]],[[2474,2505],[3,-6],[5,0]],[[2482,2499],[-2,-2]],[[2486,2528],[2,-4]],[[2488,2524],[-2,4]],[[2474,2530],[1,-3]],[[2475,2527],[0,-1]],[[2475,2526],[2,-5]],[[2477,2521],[-5,0],[-3,7],[5,2]],[[2486,2528],[-11,-2]],[[2475,2526],[0,1]],[[2475,2527],[2,1]],[[2477,2528],[9,0]],[[2477,2528],[-3,2]],[[2474,2530],[3,-2]],[[2441,2543],[-3,8]],[[2438,2551],[5,-2]],[[2443,2549],[-2,-6]],[[2448,2572],[3,4],[5,-1],[0,-9],[-6,-1],[-2,7]],[[2459,2597],[7,4],[-2,-11],[-6,0],[1,7]],[[2458,2606],[-5,-10],[1,-5]],[[2454,2591],[-8,1],[-1,20],[1,11],[4,6],[9,-4]],[[2459,2625],[0,-4],[-9,-8],[-2,-5],[5,-5],[5,3]],[[2465,2619],[-5,-4]],[[2460,2615],[5,4]],[[2465,2619],[-6,6]],[[2459,2625],[-4,11],[12,1],[8,-4],[10,2],[-1,-7],[-14,-4],[-5,-5]],[[2446,3079],[-2,-4],[-11,0],[-6,2],[-2,-7],[-5,3],[-13,-1],[6,9],[9,2],[7,-2],[5,1],[0,7],[10,0],[-2,-9],[4,-1]],[[2389,3092],[8,0],[-1,-6],[-4,-2],[-3,8]],[[2389,3104],[1,-8]],[[2390,3096],[-1,8]],[[2415,3112],[7,0]],[[2422,3112],[-7,0]],[[2407,3112],[-6,-4]],[[2401,3108],[6,4]],[[2412,3114],[3,-1]],[[2415,3113],[0,-1]],[[2415,3112],[-8,0]],[[2407,3112],[5,2]],[[2403,3229],[0,8],[9,13],[4,-10],[-6,-1],[-2,-7],[-5,-3]],[[2424,3266],[-6,5]],[[2418,3271],[5,1],[1,-6]],[[2380,3303],[-1,-1]],[[2379,3302],[1,1]],[[2408,3331],[-1,-1]],[[2407,3330],[0,7]],[[2407,3337],[1,-6]],[[2407,3337],[-2,1]],[[2405,3338],[2,-1]],[[2399,3340],[-8,2]],[[2391,3342],[8,2],[0,-4]],[[2417,3370],[5,13],[1,-11],[-6,-2]],[[2408,3389],[2,8],[5,1],[5,-3],[-10,-10],[-2,4]],[[2393,3416],[4,-6],[3,6],[8,0],[2,7],[5,-3],[-6,-7],[-6,-1],[-6,-11],[-7,3],[-7,6],[-1,6],[-5,4],[-5,-1],[-2,3],[5,9],[12,1],[-5,-10],[6,-1],[5,-5]],[[2378,3454],[17,5],[7,1],[8,-7],[-8,-6],[-8,2],[-3,-4],[-5,3],[-7,-1],[-1,7]],[[2408,3473],[7,-1],[2,-16],[-4,1],[0,5],[-11,1],[0,6],[6,4]],[[2375,3480],[1,-2]],[[2376,3478],[-1,2]],[[2376,3478],[-1,2]],[[2375,3480],[1,-2]],[[2387,3495],[7,-4],[-12,-3],[-5,4],[-2,12],[2,5],[7,0],[3,-14]],[[2369,3588],[-6,-8],[-4,1],[-1,20],[0,5],[4,1],[7,-8],[0,-11]],[[2402,3625],[2,-6],[-5,0],[-2,5],[5,1]],[[2406,3646],[-1,-1]],[[2405,3645],[-6,4],[0,4],[-8,5],[-2,7]],[[2389,3665],[7,-9],[4,-1],[6,-9]],[[2333,4063],[3,2],[4,-7],[-5,-5],[-2,10]],[[2289,4422],[-2,-7],[-9,1],[-1,9],[3,5],[8,2],[2,3],[8,-3],[0,-8],[-9,-2]],[[2271,4900],[2,7],[3,1],[-1,-11],[-4,3]],[[2264,5018],[5,2],[2,-7],[-6,-3],[-1,8]],[[2171,6305],[-1,6],[12,0],[-2,-4],[-9,-2]],[[2144,6556],[6,2],[0,-6],[-6,-1],[0,5]],[[2117,6594],[2,5],[8,0],[2,-5],[-3,-4],[-6,-1],[-3,5]],[[2126,6612],[0,6],[8,5],[1,-8],[-1,-6],[-8,3]],[[2111,6640],[6,1],[0,-5],[-8,-4],[2,8]],[[2148,6637],[-7,0],[-3,3],[9,9],[10,-1],[1,-8],[-2,-4],[-8,1]],[[2110,6729],[6,1],[-2,-7],[-5,-1],[1,7]],[[2092,6829],[-5,5],[6,2],[-1,-7]],[[2079,7435],[1,5],[8,1],[3,-10],[7,-2],[4,-13],[-10,2],[-8,9],[-5,8]],[[2605,1880],[7,2],[2,-4]],[[2614,1878],[-9,2]],[[2581,1979],[2,-8],[-5,2],[3,6]],[[2600,2037],[2,0]],[[2602,2037],[5,-3]],[[2607,2034],[-8,-2],[-4,-5],[-6,7],[9,1],[2,2]],[[2602,2037],[-2,0]],[[2600,2037],[-4,9]],[[2596,2046],[1,0]],[[2597,2046],[5,-3],[0,-6]],[[2546,2093],[-6,5]],[[2540,2098],[6,1],[0,-6]],[[2579,2116],[9,3],[1,-7],[-10,4]],[[2539,2131],[-3,-5]],[[2536,2126],[3,5]],[[2587,2143],[1,-7],[-15,0],[1,6],[8,5],[5,-4]],[[2535,2147],[4,0],[1,-9],[-3,0],[-2,9]],[[2591,2153],[-6,-2],[-1,6],[7,2],[0,-6]],[[2564,2172],[9,3],[2,4],[10,-1],[3,-8],[-1,-6],[7,1],[2,-5],[-9,-1],[-2,7],[-6,-6],[6,-10],[-15,2],[-1,5],[-3,5],[-2,10]],[[2536,2157],[-2,8],[3,16],[8,2],[-1,-15],[-3,-11],[-5,0]],[[2546,2240],[27,-15],[1,-14],[5,2],[6,-7],[0,-6],[-8,-1],[-11,1],[-9,9],[2,18],[-6,0],[-3,-5],[-5,-1],[-3,3],[1,7],[-6,1],[1,7],[8,1]],[[2546,2256],[7,-1],[-2,10],[-6,2]],[[2545,2267],[-10,1]],[[2535,2268],[-5,1]],[[2530,2269],[-8,5],[-1,10]],[[2521,2284],[2,1],[0,12],[5,4],[-2,6],[0,5],[9,0],[0,5],[11,1],[2,-3],[1,-22],[2,-5],[7,1],[4,-7]],[[2562,2282],[2,-1]],[[2564,2281],[-3,-9],[2,-16],[1,-5],[-6,-6],[-6,0],[-6,11]],[[2612,2221],[-1,1]],[[2611,2222],[-2,1]],[[2609,2223],[-9,-2],[3,9],[-4,3],[-6,-1],[-4,3],[-4,-5],[-4,0],[-6,6],[-5,-1],[0,8],[6,0],[-2,6],[7,5],[3,6],[6,-8],[1,-10],[12,4],[0,5],[-11,1],[0,5],[12,-2],[2,-4],[0,-8],[7,-2],[5,-5],[11,0],[2,-15],[-6,-1],[-3,8],[-6,0],[-4,-7]],[[2545,2267],[1,-11]],[[2546,2256],[-9,5],[-4,-5],[-13,1],[1,9],[9,3]],[[2530,2269],[5,-1]],[[2535,2268],[10,-1]],[[2562,2282],[0,10],[7,0],[3,-7],[-8,-4]],[[2564,2281],[-2,1]],[[2555,2298],[-6,1],[2,7],[4,0],[0,-8]],[[2570,2315],[3,5],[5,0],[1,-14],[-8,1],[-5,3],[-7,-2],[0,7],[-6,3],[0,5],[6,0],[1,-5],[10,-3]],[[2567,2321],[-7,0],[-1,8],[6,0],[2,-8]],[[2557,2330],[0,-5],[-8,5],[-3,10],[8,0],[3,-10]],[[2535,2337],[-5,-1],[-2,10],[4,1],[3,-10]],[[2551,2352],[5,2],[2,-4],[8,-9],[-2,-8],[-7,0],[2,10],[-7,0],[-1,9]],[[2552,2380],[1,0]],[[2553,2380],[9,-3],[-1,-11],[-6,4],[-4,-1],[-13,15]],[[2538,2384],[3,3],[6,-1]],[[2547,2386],[0,-6],[5,0]],[[2569,2388],[2,-7]],[[2571,2381],[-4,3]],[[2567,2384],[2,4]],[[2567,2384],[-8,-1],[-6,-3]],[[2553,2380],[-1,0]],[[2552,2380],[-5,6]],[[2547,2386],[1,0]],[[2548,2386],[0,3],[7,2],[6,-6],[6,-1]],[[2562,2392],[-2,4],[5,3],[3,-5],[-6,-2]],[[2516,2397],[4,4],[7,1],[0,-7],[-4,-4],[-6,0],[-1,6]],[[2537,2410],[5,-5],[-8,-2],[0,6],[-14,-6],[-1,8],[9,1],[1,5],[7,-1],[1,-6]],[[2550,2430],[-3,0],[-4,9],[6,-1],[1,-8]],[[2543,2452],[5,-6]],[[2548,2446],[-5,-1],[0,7]],[[2518,2461],[-1,-2]],[[2517,2459],[1,2]],[[2548,2446],[-5,6]],[[2543,2452],[-1,6],[-5,1],[-1,9],[-3,2],[-2,9],[5,1],[0,-7],[8,1],[6,-12],[7,2],[6,-3],[1,-11],[-4,-5],[-6,4],[-6,-3]],[[2562,2475],[-7,2],[7,5],[0,-7]],[[2518,2461],[-1,-2]],[[2517,2459],[-3,5],[-2,16],[-5,3],[-12,4],[2,9],[16,-1],[7,-5],[6,-6],[0,-18]],[[2526,2466],[-3,-4],[7,-5],[0,-4],[-5,0],[-1,7],[-6,1]],[[2532,2498],[2,-8],[-7,-1],[-7,2],[-2,3],[1,9],[9,-6],[4,1]],[[2525,2515],[3,6],[7,-2],[-4,-5],[-6,1]],[[2506,2565],[2,-4]],[[2508,2561],[-2,4]],[[2506,2565],[-18,-1],[-8,-1],[-6,-6],[0,8],[11,2],[4,17],[-1,8],[7,1],[2,-10],[7,2],[5,-9],[7,2],[9,-4],[4,1],[0,6],[10,2],[2,-7],[-1,-6],[-7,-1],[1,-4],[-11,0],[-4,2],[-13,-2]],[[2507,3056],[-3,0],[-1,8],[2,6],[8,1],[7,-4],[0,-6],[5,-4],[-18,-1]],[[2431,3116],[15,0],[1,4],[6,-1],[4,-4],[7,-1],[-2,-6],[2,-4],[-13,-2],[-7,3],[2,4],[-15,7]],[[2488,3267],[3,5]],[[2491,3272],[1,-3]],[[2492,3269],[-4,-2]],[[2445,3286],[0,-2]],[[2445,3284],[0,2]],[[2445,3284],[0,2]],[[2445,3286],[0,-2]],[[2470,3302],[-6,-2]],[[2464,3300],[6,2]],[[2448,3310],[1,3]],[[2449,3313],[10,1],[5,-14]],[[2464,3300],[0,-1]],[[2464,3299],[-2,-2],[-12,-1],[-3,5],[0,9]],[[2447,3310],[1,0]],[[2457,3304],[-1,3]],[[2456,3307],[1,-3]],[[2469,3364],[2,8],[2,5],[5,-5],[2,-13],[-7,-2],[-4,7]],[[2469,3380],[-7,-2],[-4,16],[3,5],[5,-1],[4,-7],[1,-10],[-2,-1]],[[2449,3399],[-1,8],[6,2],[2,-9],[-7,-1]],[[2423,3402],[-3,6],[3,7],[9,8],[3,-4],[1,-5],[-5,-11],[-8,-1]],[[2434,3440],[1,8],[5,-3],[-6,-5]],[[2442,3448],[3,6],[8,1],[0,-5],[-11,-2]],[[2474,3465],[5,4],[5,0],[0,-11],[-8,-1],[-2,8]],[[2433,3474],[3,-2],[1,-8],[4,-6],[-2,-6],[-5,1],[-5,-9],[-13,-3],[-5,8],[8,1],[7,3],[1,7],[5,13],[-3,1],[0,6],[6,-1],[-2,-5]],[[2470,3543],[1,-2]],[[2471,3541],[-1,2]],[[2471,3541],[-1,2]],[[2470,3543],[1,-2]],[[2469,3551],[2,7],[4,-5],[-6,-2]],[[2457,3560],[7,8],[3,-4],[1,-11],[-9,-2],[-2,9]],[[2407,3639],[3,-7]],[[2410,3632],[-4,0],[1,7]],[[2445,3650],[1,-1]],[[2446,3649],[-4,-7],[-4,0]],[[2438,3642],[7,8]],[[2407,3639],[-2,6]],[[2405,3645],[1,1]],[[2406,3646],[1,-7]],[[2445,3650],[3,4]],[[2448,3654],[-2,-5]],[[2446,3649],[-1,1]],[[2448,3654],[0,10],[5,11],[8,2],[-1,4]],[[2460,3681],[4,-5],[-3,-3],[-7,-1],[-6,-18]],[[2460,3681],[-2,0],[1,17],[-3,6]],[[2456,3704],[5,-5],[-1,-18]],[[2456,3704],[-3,4]],[[2453,3708],[3,-4]],[[2355,4525],[0,2]],[[2355,4527],[-1,3],[13,0],[2,-12],[-7,-2],[-6,4],[-1,5]],[[2355,4527],[0,-2]],[[2355,4525],[0,2]],[[2347,4547],[3,-6],[1,-12],[-4,0],[-2,6],[-4,2],[-1,10],[7,0]],[[2374,4623],[0,-1]],[[2374,4622],[0,1]],[[2374,4622],[0,1]],[[2374,4623],[0,-1]],[[2323,4660],[5,5],[10,-2],[12,1],[9,-9],[7,-14],[-1,-14],[-7,-9],[-6,-1],[-6,4],[-24,-3],[-9,2],[-7,11],[-13,0],[-1,8],[-4,1],[1,10],[1,3],[15,2],[4,-7],[7,7],[7,5]],[[2372,4669],[-4,-2],[-4,8],[7,1],[1,-7]],[[2343,4676],[-12,-2],[5,7],[1,9],[4,0],[-1,-7],[3,-7]],[[2322,4686],[-2,-4],[-8,0],[-1,8],[2,14],[6,-1],[4,-4],[-1,-13]],[[2338,4805],[4,1],[0,-9],[-4,0],[0,8]],[[2340,4829],[7,6],[13,-12],[3,-6],[2,-10],[4,-4],[1,-13],[-5,-8],[-11,-3],[-4,5],[4,9],[1,9],[-8,1],[-5,7],[-5,-1],[-3,-8],[-6,-3],[-3,2],[0,12],[-6,1],[-5,-3],[-6,7],[-2,8],[2,6],[8,6],[13,2],[11,-10]],[[2322,5123],[-3,5],[5,8],[3,-6],[-5,-7]],[[2199,6317],[6,7],[3,-7],[-5,-4],[-4,4]],[[2186,6410],[7,-3]],[[2193,6407],[-7,3]],[[2213,6487],[1,6],[6,2]],[[2220,6495],[-7,-8]],[[2222,6497],[-2,-2]],[[2220,6495],[2,2]],[[2174,6577],[5,-7],[-9,-10],[-6,3],[10,14]],[[2174,6577],[-2,5],[-9,-1],[3,6],[-3,7],[6,4],[5,1],[2,-12],[-3,-4],[1,-6]],[[2173,6627],[-6,-3],[-1,6],[5,3],[2,-6]],[[2201,6658],[-4,0],[-2,12],[10,5],[2,-7],[-2,-6],[-4,-4]],[[2195,6721],[0,3],[7,2],[3,-4],[-5,-3],[-5,2]],[[2204,6762],[9,-3],[-2,-5],[-7,3],[-4,-10],[-5,3],[4,8],[-5,0],[-4,5],[10,1],[0,6],[5,-1],[-1,-7]],[[2183,6772],[-4,-1],[-1,6],[2,7],[-1,12],[7,0],[0,-12],[-3,-12]],[[2186,6825],[4,5],[-9,0],[-7,9],[8,15],[2,-13],[4,-2],[8,-13],[0,-6],[-6,-4],[1,-9],[-3,-2],[-4,11],[2,9]],[[2199,6865],[-1,13],[3,2],[2,-9],[-4,-6]],[[2115,7337],[1,-4],[7,-2],[10,-12],[3,-6],[5,-6],[3,-10],[4,-3],[6,-9],[2,-6],[4,-6],[-1,-13],[-7,-1],[0,18],[-6,1],[-11,21],[-1,8],[-6,3],[1,5],[-7,1],[-8,0],[-4,15],[5,6]],[[2143,7364],[-10,-7],[-1,9],[4,6],[7,-8]],[[2133,7396],[7,-6],[4,0]],[[2144,7390],[-5,-5]],[[2139,7385],[-3,8],[-3,3]],[[2124,7403],[-15,3],[7,4],[4,0],[4,-7]],[[2142,7562],[-6,-2],[2,7],[4,-5]],[[2674,1770],[-2,6],[7,4],[2,-7],[-7,-3]],[[2654,1876],[1,3]],[[2655,1879],[-1,-3]],[[2671,1883],[-4,0]],[[2667,1883],[4,0]],[[2655,1879],[-1,-3]],[[2654,1876],[0,-6]],[[2654,1870],[-6,4],[0,6]],[[2648,1880],[-2,-3],[-6,-3],[-2,6],[5,4]],[[2643,1884],[2,4],[0,7]],[[2645,1895],[1,0]],[[2646,1895],[6,-6],[3,-10]],[[2647,1886],[1,-6]],[[2648,1880],[-1,6]],[[2614,1907],[10,-1],[-8,-8],[-2,9]],[[2646,1895],[-1,0]],[[2645,1895],[-3,7],[3,12],[4,-2],[-3,-6],[0,-11]],[[2646,2002],[1,-1]],[[2647,2001],[1,-1]],[[2648,2000],[1,-1]],[[2649,1999],[3,-4],[-8,-2]],[[2644,1993],[-3,2]],[[2641,1995],[0,9],[5,-2]],[[2649,1999],[-1,1]],[[2648,2000],[-1,1]],[[2647,2001],[-1,1]],[[2646,2002],[3,-3]],[[2609,2030],[1,-1]],[[2610,2029],[0,-4]],[[2610,2025],[-1,0]],[[2609,2025],[-1,1]],[[2608,2026],[1,4]],[[2648,2067],[-3,1]],[[2645,2068],[0,8]],[[2645,2076],[3,-9]],[[2643,2074],[2,2]],[[2645,2076],[-2,-2]],[[2630,2078],[2,0]],[[2632,2078],[-2,0]],[[2634,2098],[0,-6],[7,-5],[-9,-9]],[[2632,2078],[-2,0]],[[2630,2078],[-3,-5],[1,-10],[-7,2],[-5,6],[-10,5],[-2,-3],[5,-12],[-7,-4],[-7,-1],[-2,-6],[4,-4]],[[2597,2046],[-1,0]],[[2596,2046],[-10,1],[1,-5],[-9,-4],[-1,14],[-2,0]],[[2575,2052],[-8,5],[-1,8],[3,5],[12,-8],[7,1],[-2,8],[4,1],[5,-7],[11,15],[10,0],[-5,6],[0,6]],[[2611,2092],[1,-3],[14,8],[-10,-1],[0,5],[5,0],[1,11],[-5,2],[0,5],[6,2],[7,-8],[6,0],[-2,-15]],[[2634,2098],[10,0],[2,-2]],[[2646,2096],[-1,-10],[-11,12]],[[2607,2136],[1,1]],[[2608,2137],[2,-3]],[[2610,2134],[-3,2]],[[2629,2138],[4,1],[0,-10],[-7,1],[-3,3],[-7,0],[-1,6],[-5,4],[-2,-6]],[[2608,2137],[-1,-1]],[[2607,2136],[-4,4],[5,10],[7,-1],[-3,6]],[[2612,2155],[-5,-1],[0,6]],[[2607,2160],[3,8],[3,0],[4,-9],[8,-5],[-1,-5],[1,-8],[4,-3]],[[2642,2197],[-6,-5],[-6,7],[2,5],[5,-1],[5,-6]],[[2615,2194],[-8,1],[0,8],[12,-6],[1,11],[7,0],[0,-13],[-12,-1]],[[2597,2214],[8,3],[2,-6],[-8,-1],[-2,4]],[[2625,2213],[-1,-2],[-10,-2],[-1,10],[4,2],[8,-8]],[[2612,2221],[-3,2]],[[2609,2223],[2,-1]],[[2611,2222],[1,-1]],[[2589,2224],[3,5],[6,0],[-2,-9],[-7,4]],[[2617,2257],[-7,3],[-1,8],[8,-4],[0,-7]],[[2621,2285],[8,-7],[-5,-2],[-5,4],[2,5]],[[2605,2280],[7,1],[4,-8],[-4,-2],[-7,9]],[[2605,2280],[0,-2],[-14,-2],[1,7],[13,-3]],[[2629,2297],[-1,-8],[-7,-4]],[[2621,2285],[-7,10],[-1,10],[10,1],[0,-5],[11,2],[11,-12],[-14,2],[-2,4]],[[2587,2294],[-6,0],[-2,7],[5,2],[3,-9]],[[2619,2406],[3,0],[2,-7],[-4,-1],[-1,8]],[[2617,2409],[-2,4]],[[2615,2413],[0,4],[9,0],[3,5],[5,-2],[1,-9],[-10,-7],[0,5],[-6,0]],[[2615,2413],[2,-4]],[[2617,2409],[0,-5],[-5,-1],[-4,3],[-9,-1],[1,6],[4,2],[0,6],[4,3],[2,-10],[5,1]],[[2583,2426],[2,6],[5,-1],[7,7],[3,-4],[15,3],[1,-6],[-10,-2],[-5,1],[0,-6],[-11,1],[-4,-12],[-12,-2],[0,9],[1,6],[-5,1],[3,6],[5,0],[2,-7],[0,-8],[4,1],[-1,7]],[[2570,2468],[1,5],[9,-1],[0,-6],[-8,0],[-2,2]],[[2601,2589],[2,1]],[[2603,2590],[-2,-1]],[[2594,2591],[7,3],[-1,7],[5,-1]],[[2605,2600],[-2,-10]],[[2603,2590],[-2,-1]],[[2601,2589],[-7,2]],[[2596,2607],[-5,1],[0,6],[9,1],[-4,-8]],[[2540,2749],[-5,3],[3,5],[7,1],[0,-5],[-5,-4]],[[2554,2831],[-2,7],[3,2],[10,-3],[-3,-7],[-8,1]],[[2573,2887],[-10,3],[-1,11],[3,6],[4,0],[6,-4],[2,-9],[-4,-7]],[[2551,2975],[-1,-3],[-13,0],[2,16],[7,0],[9,-1],[1,-7],[-5,-5]],[[2546,3080],[2,-1],[0,-9],[-5,1],[0,9],[3,0]],[[2525,3092],[1,-5],[11,3],[-3,5]],[[2534,3095],[7,3],[0,-8],[-7,-2],[-4,-5],[-4,3],[-1,6]],[[2557,3110],[2,-2]],[[2559,3108],[-10,0],[-6,-1],[-15,-1],[-5,-3],[10,-4],[1,-4]],[[2534,3095],[-7,-1],[-2,-2]],[[2525,3092],[-4,-6],[-5,-1],[-2,6],[2,10],[-15,-1],[-2,-6],[6,-2],[5,2]],[[2510,3094],[-3,-4],[-7,-1],[3,-5],[-8,-1],[-6,3],[-2,-9],[-8,8],[0,4],[-2,8],[-8,6],[-3,6],[6,4],[13,-2],[-1,-11],[5,-3],[4,10],[6,1],[2,3],[7,-1],[10,2],[3,5],[4,-3],[8,1],[10,-4],[4,8],[6,-3],[4,-6]],[[2535,3252],[-7,6],[9,1],[-2,-7]],[[2527,3270],[8,1],[2,-6]],[[2537,3265],[-6,-4],[0,7],[-4,2]],[[2512,3273],[-7,-1]],[[2505,3272],[7,1]],[[2503,3364],[4,-3],[1,-6],[-6,1],[1,8]],[[2503,3516],[-1,-5]],[[2502,3511],[1,5]],[[2503,3516],[-1,6],[-6,4],[4,5],[3,-15]],[[2476,3538],[6,-2]],[[2482,3536],[-6,2]],[[2515,3550],[-2,-6],[-6,-1],[1,15],[4,0],[3,-8]],[[2453,3708],[-1,8],[8,8],[6,-1]],[[2466,3723],[1,1]],[[2467,3724],[-8,-4],[-6,-12]],[[2467,3724],[-1,-1]],[[2466,3723],[0,6],[7,2],[9,-5]],[[2482,3726],[-5,0],[-4,3],[-6,-5]],[[2487,3745],[4,-11],[0,-6],[-5,0],[-1,4],[-5,1],[-1,8],[4,5],[4,-1]],[[2466,3974],[6,2],[0,-7],[-5,-1],[-1,6]],[[2452,4157],[7,-1],[-2,-5],[-4,-1],[-1,7]],[[2469,4201],[-4,0],[-1,6],[5,0],[0,-6]],[[2440,4230],[6,0],[0,-8],[-3,-1],[-3,9]],[[2470,4243],[-1,-3],[-13,-1],[2,9],[6,8],[10,-4],[-1,-8],[-3,-1]],[[2458,4307],[-11,-8],[-5,8],[6,12],[7,1],[5,-6],[-2,-7]],[[2413,4453],[5,4],[3,-7],[-5,-3],[-3,6]],[[2416,4604],[6,3],[0,-7],[-7,-3],[1,7]],[[2392,4622],[6,3],[4,-3],[1,-7],[-4,-3],[-7,-1],[0,11]],[[2419,4648],[-5,-6],[0,-5],[-2,-3],[-9,4],[-3,10],[4,10],[9,10],[4,0],[3,-5],[1,-12],[-2,-3]],[[2401,4670],[2,-2],[-4,-12],[-7,-2],[-3,17],[1,12],[10,-10],[1,-3]],[[2416,4682],[1,5],[7,-2],[-2,-9],[-6,6]],[[2336,4791],[-7,1],[1,-8],[5,-5],[6,-2]],[[2341,4777],[4,-3],[1,-19],[8,-3],[2,-7],[6,-3],[6,1],[10,5],[1,4],[8,1],[10,6],[1,5],[6,3],[11,0],[8,10],[2,-9],[7,4],[4,12],[6,3],[2,-4],[0,-6],[-4,-1],[-3,-5],[2,-8],[7,1],[1,18],[8,3],[5,-3],[7,2],[2,-6],[1,-8],[8,2],[10,0],[2,-11],[-9,-9],[-7,5],[-1,9],[-8,4],[-3,-6],[2,-21],[-7,-1],[2,-9],[3,2]],[[2462,4735],[1,-2]],[[2463,4733],[-5,-1],[-2,-7],[-6,2],[0,11],[-4,8],[-4,-4],[1,-14],[9,-6],[7,1],[1,-7]],[[2460,4716],[-1,1]],[[2459,4717],[-8,-4]],[[2451,4713],[-4,4],[-15,-5],[-12,-7],[-2,4],[-9,3],[-6,-2],[3,-8],[1,-9],[-12,-1],[-5,1],[-4,7],[-4,-9],[-3,7],[1,9],[2,4],[0,8],[-6,-5],[-1,-4],[-6,0],[-3,-4],[-7,0],[-13,-2],[2,3],[7,0],[8,8],[4,0],[0,3],[11,1],[-1,8],[-9,6],[2,-8],[-4,-9],[-5,0],[-4,5],[0,6],[5,4],[-1,4],[-6,0],[-3,3],[0,8],[-3,7],[-6,0],[-1,-3],[-9,2],[1,8],[-7,0],[-8,10],[0,4],[5,8],[0,11],[11,2],[1,-4]],[[2341,4777],[-7,-3],[4,-6],[-1,-5],[8,-7],[-1,9],[-3,12]],[[2243,6357],[0,6],[5,1],[1,-8],[-6,1]],[[2236,6569],[6,4],[2,-5],[-2,-3],[-6,4]],[[2243,6695],[6,3],[1,-9],[-7,-1],[0,7]],[[2217,6771],[5,-3],[-5,-8],[0,11]],[[2244,6790],[-7,-3],[-1,4],[7,3],[1,-4]],[[2223,6798],[7,3],[1,-5],[-7,-4],[-1,6]],[[2247,6828],[3,5],[5,-2],[1,-8],[-6,0],[-3,5]],[[2228,6924],[8,5],[6,-2],[-1,-6],[-12,-2],[-1,5]],[[2213,7232],[1,6],[4,1],[4,-9],[-6,-1],[-3,3]],[[2175,7263],[-6,7],[4,4],[3,-6],[5,-1],[0,-7],[-6,3]],[[2198,7298],[-3,-2],[8,-16],[1,-13],[-5,-3],[-13,-1],[0,7],[4,7],[-2,7],[0,13],[8,3],[1,8],[5,2]],[[2202,7310],[3,-1]],[[2205,7309],[-7,-11]],[[2207,7315],[4,-1]],[[2211,7314],[-6,-5]],[[2205,7309],[-3,1]],[[2202,7310],[-3,11],[-1,11],[2,5],[8,1],[1,-4],[-5,-6],[2,-4],[1,-5],[-2,-2],[2,-2]],[[2199,7393],[1,4],[5,0],[0,-7],[-6,3]],[[2059,8981],[-1,12],[3,0],[3,-7],[1,-12],[-6,7]],[[2053,9011],[1,8],[4,0],[0,-7],[-5,-1]],[[2712,1706],[-5,-1]],[[2707,1705],[5,1]],[[2711,1728],[2,-3]],[[2713,1725],[-2,3]],[[2699,1731],[-1,-5]],[[2698,1726],[1,5]],[[2713,1725],[-2,3]],[[2711,1728],[6,1],[1,-8],[-6,-2],[1,6]],[[2706,1750],[2,0]],[[2708,1750],[-2,0]],[[2706,1750],[2,0]],[[2708,1750],[-2,0]],[[2717,1773],[-1,0]],[[2716,1773],[-1,8],[11,-8],[0,-8],[-10,-10],[-1,4],[5,6],[-3,8]],[[2716,1773],[1,0]],[[2717,1773],[-1,0]],[[2696,1782],[-8,-2],[8,12],[3,-11],[5,-4],[1,-7],[-6,0],[3,6],[-9,-1],[3,7]],[[2721,1805],[3,-4]],[[2724,1801],[1,-2]],[[2725,1799],[-7,5]],[[2718,1804],[3,1]],[[2688,1804],[0,4],[7,1],[1,-4],[-8,-1]],[[2724,1801],[-3,4]],[[2721,1805],[-1,6]],[[2720,1811],[-2,-7]],[[2718,1804],[1,-9]],[[2719,1795],[-10,5],[-2,7],[-4,4],[-1,7],[6,9],[9,0],[2,-7],[7,-1],[4,-13],[-6,-5]],[[2686,1821],[3,2]],[[2689,1823],[4,3]],[[2693,1826],[1,-5],[7,-7],[-15,-3],[0,10]],[[2689,1823],[-3,-2]],[[2686,1821],[3,2]],[[2693,1826],[1,4]],[[2694,1830],[1,0]],[[2695,1830],[-2,-4]],[[2699,1835],[4,-1]],[[2703,1834],[-4,1]],[[2697,1834],[-2,-4]],[[2695,1830],[2,4]],[[2698,1839],[5,-5]],[[2703,1834],[-5,4]],[[2698,1838],[0,1]],[[2724,1835],[-6,1],[-5,5],[-1,5]],[[2712,1846],[1,0]],[[2713,1846],[1,-4],[10,-7]],[[2698,1839],[-3,0]],[[2695,1839],[-1,1]],[[2694,1840],[5,3]],[[2699,1843],[-1,-4]],[[2689,1844],[5,-4]],[[2694,1840],[1,-1]],[[2695,1839],[3,-1]],[[2698,1838],[1,-3]],[[2699,1835],[-2,-1]],[[2697,1834],[-3,-4]],[[2694,1830],[-6,7],[-7,2]],[[2681,1839],[1,5],[-4,6],[-5,1]],[[2673,1851],[3,3],[8,1],[-1,-7],[6,-4]],[[2713,1846],[-1,0]],[[2712,1846],[-8,2]],[[2704,1848],[-5,-5]],[[2699,1843],[-10,1]],[[2689,1844],[1,14]],[[2690,1858],[-6,4]],[[2684,1862],[-1,1]],[[2683,1863],[20,0],[1,-7],[5,-1],[6,-4],[-2,-5]],[[2683,1863],[1,-1]],[[2684,1862],[-1,1]],[[2658,1955],[9,1],[10,8],[8,-2],[1,-10],[-10,-9],[4,-8],[9,2],[0,11],[9,3],[3,-3],[16,0],[1,-14],[-3,2],[-1,8],[-12,-2],[-4,3],[-7,-1],[-1,-10],[-6,-6],[-4,2],[-4,9],[-11,-1],[-6,9],[-1,8]],[[2686,1982],[1,-1]],[[2687,1981],[1,-1]],[[2688,1980],[3,-2]],[[2691,1978],[-5,4]],[[2686,1982],[5,-4]],[[2691,1978],[-3,2]],[[2688,1980],[-1,1]],[[2687,1981],[-1,1]],[[2707,1995],[1,-10],[-4,-1],[3,11]],[[2703,2102],[1,-13],[12,-3]],[[2716,2086],[-9,-4],[9,-7]],[[2716,2075],[0,-1]],[[2716,2074],[-3,-3],[-9,-1],[-2,-2],[-10,0],[-6,-2],[-5,4],[-1,-7],[6,-3],[2,-10],[-1,-6],[-14,3],[-9,-1],[1,-5]],[[2665,2041],[-2,9],[-4,4]],[[2659,2054],[-8,1],[-7,-3],[-1,-10],[3,-8],[-8,-3],[-6,1]],[[2632,2032],[-7,-4],[-4,-11],[13,-3],[0,-11],[3,-5],[4,-3]],[[2641,1995],[3,-2]],[[2644,1993],[1,-8],[-1,-8],[9,-3],[3,-3],[-5,-5]],[[2651,1966],[-5,-4],[0,8],[-5,2],[-4,10],[4,7],[-8,-1],[-10,-3],[-2,9],[3,11],[-16,-1],[-3,-2],[-7,6],[10,3],[2,5],[7,2],[0,3],[-8,0],[-1,5]],[[2608,2026],[1,-1]],[[2609,2025],[1,0]],[[2610,2025],[0,4]],[[2610,2029],[-1,1]],[[2609,2030],[-2,4]],[[2607,2034],[6,1],[7,-5],[-2,13],[5,6],[3,-2],[6,3],[-1,10],[5,4],[-2,8],[9,2]],[[2643,2074],[2,-6]],[[2645,2068],[0,-5],[-8,-3],[1,-6],[12,1],[7,5],[-3,7],[-6,0]],[[2648,2067],[8,9],[10,8],[7,13],[7,7]],[[2680,2104],[9,-5],[8,3]],[[2697,2102],[6,0]],[[2659,2054],[6,1],[0,9],[-7,-1],[1,-9]],[[2632,2036],[0,-4]],[[2632,2032],[0,4]],[[2688,2075],[8,4],[4,6],[-14,1],[-3,-5],[5,-6]],[[2665,2041],[5,-1],[0,-7]],[[2670,2033],[-1,6],[-4,2]],[[2681,2116],[2,-5]],[[2683,2111],[-3,-7]],[[2680,2104],[-4,0]],[[2676,2104],[-5,4],[-5,-6],[-8,2],[-1,7],[8,2],[-2,7],[3,2],[12,2],[5,-2],[-2,-6]],[[2650,2131],[10,1],[-1,-12],[-9,-2],[-2,2],[2,11]],[[2669,2134],[-6,4]],[[2663,2138],[1,2]],[[2664,2140],[5,-6]],[[2664,2140],[-1,-2]],[[2663,2138],[-2,-3],[-5,1],[-3,16],[5,2],[2,-3],[11,-3]],[[2671,2148],[-7,-8]],[[2695,2142],[-12,0],[-6,-2],[2,7],[3,4]],[[2682,2151],[4,3],[10,-1],[1,-10],[-2,-1]],[[2668,2276],[4,-5],[-4,-9],[-5,7],[-6,-4],[-6,-1],[0,12],[5,6],[7,1],[5,-7]],[[2636,2308],[6,0],[6,-6],[-7,-1],[-5,7]],[[2586,2397],[7,2],[5,-4],[15,0],[1,-3],[8,-5],[2,2],[7,-1],[7,7],[4,1],[-1,12],[13,1],[0,-7],[7,3],[1,6],[17,2],[6,-7]],[[2685,2406],[6,-5],[-4,-8],[2,-20],[2,-6],[-10,-2],[3,-7],[6,-2],[1,-8],[10,-3],[2,-4],[9,-2]],[[2712,2339],[0,-2]],[[2712,2337],[-1,-1]],[[2711,2336],[-1,-6],[-7,0],[-7,-2],[-3,6],[-1,7],[-12,-2],[-3,12],[-6,4],[-7,0],[-1,-5],[0,-8],[3,-6],[-3,-5]],[[2663,2331],[-3,6],[-6,-3],[-1,-9],[7,-5],[3,5],[11,-7],[-14,-2],[-11,8],[-6,1],[-6,4],[1,8]],[[2638,2337],[-7,-1],[0,-4],[-10,0],[1,12],[9,1],[0,5],[-3,2],[-1,7],[-6,4],[-4,-6],[-4,1],[0,-11],[-5,-1],[-3,9],[0,9],[-11,-5],[-4,7]],[[2590,2366],[-4,-1],[-2,-7],[-4,2],[0,8],[-4,3],[-3,19],[-4,-2]],[[2569,2388],[3,6],[-1,6]],[[2571,2400],[6,5]],[[2577,2405],[3,-1],[6,-7]],[[2586,2393],[0,4]],[[2586,2397],[0,-4]],[[2644,2340],[0,5],[-7,0],[-4,-6],[5,-2]],[[2638,2337],[6,3]],[[2641,2357],[0,-2],[9,-8],[0,8],[-4,3],[-5,-1]],[[2658,2413],[-3,4],[7,8],[3,-2],[0,-8],[-7,-2]],[[2616,2465],[5,-3],[14,5],[10,6],[2,-8],[-1,-5],[-7,-2],[-7,1],[0,-11],[-9,-3],[-4,5],[-7,3],[-3,7],[7,5]],[[2644,2614],[1,-1]],[[2645,2613],[4,-5],[-1,-5],[-4,-1],[-5,-5],[2,16],[3,1]],[[2645,2613],[-1,1]],[[2644,2614],[1,-1]],[[2627,2679],[-1,5],[4,4],[8,1],[2,-5],[-13,-5]],[[2632,2857],[-2,-6],[-3,-24],[-7,1],[2,17],[-8,3],[0,6],[4,5],[1,7],[13,-3],[0,-6]],[[2584,3019],[2,8],[6,0],[1,-9],[-1,-6],[-8,1],[0,6]],[[2559,3108],[-2,2]],[[2557,3110],[7,1],[2,3],[9,1],[5,-3],[8,2],[1,-8],[5,3],[13,-1],[12,3],[8,9],[0,7],[-2,6],[7,-1],[5,-6],[-8,-10],[-1,-11],[0,-12],[-11,1],[-1,11],[-11,0],[-11,-5],[-14,-2],[-8,5],[-12,-2],[-1,7]],[[2604,3141],[2,-4],[-13,-3],[-13,-1],[8,7],[16,1]],[[2589,3203],[-1,5],[6,1],[4,5],[-2,4],[9,1],[-1,-11],[-15,-2],[0,-3]],[[2591,3272],[0,-1]],[[2591,3271],[-1,-1]],[[2590,3270],[1,2]],[[2561,3403],[-3,7],[4,4],[6,1],[4,-7],[-3,-3],[-8,-2]],[[2550,3550],[-7,-2],[-4,6],[0,14],[8,3],[4,-2],[2,-14],[-3,-5]],[[2543,3753],[-5,-6],[-7,3],[0,8],[-2,2],[0,10],[7,0],[7,-7],[2,-8],[-2,-2]],[[2522,3768],[-3,3],[-12,4],[14,7],[1,-14]],[[2540,3842],[5,4],[7,-8],[0,-8],[6,1],[2,7],[8,2],[0,-24],[-6,-1],[-5,10],[-14,-3],[-1,11],[-4,3],[-7,-8],[-4,-7],[-9,4],[2,6],[7,-7],[11,15]],[[2538,3839],[2,-1]],[[2540,3838],[0,4]],[[2538,3839],[2,3]],[[2540,3842],[0,-4]],[[2540,3838],[-2,1]],[[2506,3881],[-4,-2],[-1,7],[4,2],[1,-7]],[[2525,3961],[6,-2],[-3,-6],[-3,1],[0,7]],[[2496,4218],[1,-13],[-4,0],[-4,13],[5,5],[0,11],[6,0],[1,-14],[-5,-2]],[[2475,4220],[8,3],[2,-4],[-7,-2],[-3,3]],[[2480,4281],[-6,0],[1,9],[5,-3],[0,-6]],[[2463,4491],[-7,-1],[4,14],[3,4],[9,0],[0,-8],[-4,-8],[-5,-1]],[[2468,4625],[5,3],[0,-7],[-6,-4],[-4,3],[5,5]],[[2456,4644],[-3,-8],[-5,-5],[-11,-1],[-7,4],[-1,8],[6,5],[6,1],[-1,12],[5,-3],[7,5],[3,-8],[1,-10]],[[2438,4659],[-3,0],[0,5],[-3,4],[-9,1],[9,13],[8,-7],[0,-2],[-4,-11],[2,-3]],[[2429,4686],[0,3],[5,3],[2,4],[8,-2]],[[2444,4694],[-7,0],[-1,-5],[-7,-3]],[[2463,4733],[-1,2]],[[2462,4735],[1,-2]],[[2462,4808],[5,-7]],[[2467,4801],[-5,1],[0,6]],[[2410,5031],[5,3],[2,-9],[-5,-4],[-2,3],[0,7]],[[2308,6454],[2,4],[8,2],[0,-3],[-10,-3]],[[2017,6981],[3,9],[-4,0],[-5,-5],[0,12],[6,0],[9,2],[6,12],[0,11],[4,0]],[[2036,7022],[1,19],[-4,12],[3,4],[2,13],[5,1],[0,5],[7,1],[3,8],[5,5],[-2,17],[-8,19],[0,28],[-5,2],[-4,14],[4,8],[-1,8],[-6,7],[-4,1],[-1,5],[3,4],[8,2],[4,18],[-2,2],[0,8],[-12,7],[-1,9],[5,6],[0,5],[-3,7],[-6,5],[0,5],[5,1],[9,11],[3,1],[7,11],[11,-2],[8,-8],[1,-6],[-7,-1],[9,-11],[0,-10],[-3,-8],[-5,0],[-5,-5],[-5,-2],[1,-10],[3,-6],[5,-6],[7,-19],[4,-1],[5,-18],[2,-17],[-2,-5],[1,-10],[2,-4],[4,0],[7,5],[1,7],[12,20],[1,20],[-7,8],[-10,4],[-4,6],[-1,13],[2,8],[5,8],[3,0],[10,8],[-1,13],[-4,9],[-1,9],[-6,5],[1,13],[-5,4],[-9,-1],[-3,9],[1,14],[4,9],[0,7],[2,3],[17,-2],[5,-2],[1,-5],[4,0],[3,-7]],[[2115,7337],[-6,-1],[-4,-4],[1,-20],[-2,-2],[1,-12],[4,-3],[1,-8],[4,-3],[4,-9],[-2,-10],[0,-8],[4,-9],[1,-17],[0,-6],[-5,-14],[4,-9],[1,-15],[5,-5],[2,-7],[6,-10],[9,0],[0,5],[5,6],[8,5],[1,8],[5,7],[5,-1],[1,7],[5,11],[17,2],[8,-6],[0,-7],[-4,-10],[14,1],[6,2],[4,-1],[14,2]],[[2232,7196],[-4,16],[3,5],[0,5],[5,6],[7,-2],[-1,8],[1,6],[7,11],[0,6],[-9,13],[-8,6],[-11,2],[-4,17],[-4,0],[-1,8],[6,10],[-1,3]],[[2218,7316],[-7,-2]],[[2211,7314],[-4,1]],[[2207,7315],[0,2],[9,1],[2,2],[0,6],[-4,23],[5,3],[0,9],[-6,0],[-10,-6]],[[2203,7355],[-7,-2],[-7,14],[-5,4],[-2,7],[-14,-1],[-7,-5],[-2,-18],[1,-5],[0,-10],[3,-6],[-7,0],[-6,-8],[-2,15],[1,8],[7,4],[-1,4],[0,11],[-6,-1],[-2,5],[5,4],[5,0],[7,6],[4,1],[0,11],[-3,-1],[-1,21],[-3,4],[5,8],[-6,11],[-1,11],[3,1],[-1,9],[-4,8],[6,5],[4,-3],[7,6],[6,1],[3,12],[-1,3],[1,10],[-3,26],[6,8],[-8,2],[0,7],[-3,3],[-1,12],[4,5],[-4,3],[-3,6],[0,8],[5,12],[1,7],[7,1],[4,-7],[-1,-15],[1,-9],[-2,-6],[4,-3],[4,-11],[-4,-3],[-3,-6],[1,-14],[8,-5],[4,1],[6,6],[10,0],[0,5],[5,12],[3,1],[1,7]],[[2225,7552],[0,6]],[[2225,7558],[0,8],[-5,8],[9,9],[6,3]],[[2235,7586],[0,-11],[-7,-1],[0,-4],[5,-5],[2,-9],[3,-4],[-3,-4],[-9,-2],[-3,-9],[-3,-4],[-3,-7],[1,-6],[-4,-5],[2,-6],[8,1],[1,2],[8,0],[7,-5],[8,-14],[2,-10],[7,-5],[-5,-13],[5,0],[2,-8],[7,-5],[0,-11],[2,-16],[2,-7],[11,0],[0,4],[5,11],[8,-3],[1,-12],[7,1]],[[2302,7419],[7,2],[7,8],[5,10],[-1,13],[1,4],[-3,4],[-3,9],[7,1],[0,-9],[2,-7],[11,3],[6,6],[0,5],[-6,3]],[[2335,7471],[1,7]],[[2336,7478],[-3,0],[0,10],[-5,3]],[[2328,7491],[1,8],[4,0],[-5,9],[0,14],[-3,11],[0,8],[1,10],[4,0],[4,8],[0,10],[9,5],[1,-3],[9,10]],[[2353,7581],[-3,14],[-4,2]],[[2346,7597],[-5,1],[-3,5],[-5,-2],[-2,-5],[-6,3],[-1,6],[6,-1],[3,8],[6,6],[5,6]],[[2344,7624],[2,-2],[16,10],[3,6],[9,3],[-1,8],[2,9],[5,6],[4,-4],[8,0],[-2,7],[0,11],[2,1],[-1,12],[-4,7],[7,11],[-1,8],[-6,-2],[4,-6],[-9,-1],[1,-9],[-8,-2],[-12,0],[-5,-4],[5,-5],[-3,-9],[-3,-4],[-9,5],[-1,3],[8,2],[2,3],[-1,14],[5,3],[7,8],[6,-1],[1,9]],[[2375,7721],[-12,3],[-6,0],[-4,-5],[-6,-2],[2,-6],[-5,0],[0,9],[7,3],[-1,5],[7,3],[3,-5],[15,1],[4,6],[3,7],[-2,5]],[[2380,7745],[3,6],[6,-1],[1,-8],[7,1],[0,3],[6,3],[-1,6],[-3,4],[10,3],[4,-6]],[[2413,7756],[9,1],[8,6],[11,1],[0,7],[-6,-3],[-7,0],[1,5]],[[2429,7773],[5,6]],[[2434,7779],[5,8],[-1,7],[4,6],[3,0]],[[2445,7800],[0,6],[-12,-6],[-1,6],[3,4]],[[2435,7810],[5,-5],[10,8],[0,15],[-5,5],[1,7],[-4,3],[0,7],[-4,3]],[[2438,7853],[-1,0]],[[2437,7853],[-1,-2]],[[2436,7851],[-5,4],[-6,1],[-1,-5],[5,-2],[0,-4],[-3,-8],[6,1],[0,-3],[-10,-1],[-1,2]],[[2421,7836],[3,0],[-2,12],[-9,-4]],[[2413,7844],[0,7],[5,3],[0,4],[-10,-4],[3,12]],[[2411,7866],[10,3],[-9,14],[-1,8],[2,5],[-4,4]],[[2409,7900],[6,4],[1,18]],[[2416,7922],[-3,9],[1,8],[7,0],[-2,-11],[12,2],[-2,9],[-10,3],[0,7]],[[2419,7949],[0,1]],[[2419,7950],[6,6],[-6,7],[4,2],[1,8],[4,2],[-1,7],[2,10],[3,3]],[[2432,7995],[2,5],[9,1],[8,5],[2,16],[6,5],[8,0],[6,5],[-1,9],[5,8],[-2,7],[-1,8],[6,2],[-5,11],[2,11],[-5,0],[2,9],[5,-6],[-2,19],[8,3],[-4,13],[4,3],[0,8],[-2,2],[-1,9],[4,12],[-1,7],[-4,6],[0,6],[4,1],[1,8],[-3,12],[-3,2]],[[2480,8202],[-6,2],[2,6],[-4,8],[-2,10],[-9,10],[6,10],[-4,9],[6,8],[0,6],[8,0],[-2,12],[3,7],[8,-5],[1,9],[-3,17],[-4,1],[-3,14],[-3,-1],[0,10],[3,0],[-1,9],[-2,3],[4,10],[0,13],[7,-2],[7,4],[7,1],[7,11],[4,2],[1,8],[5,1],[7,5],[2,8],[-1,9],[4,16],[10,4],[4,7],[3,0],[8,15],[-1,5],[5,1],[3,6],[0,6],[8,8],[0,4],[7,5],[8,0],[5,10],[5,1],[5,7],[-1,8],[-6,1],[-6,4],[-1,7],[6,5],[8,-2],[2,5],[15,3],[5,13],[5,0],[4,6],[7,2],[3,4],[0,7],[-2,9],[4,2],[1,6],[7,4],[-1,6],[4,5],[0,8],[8,1]],[[2660,8616],[-1,-7],[-4,-7],[1,-5],[9,4],[9,10],[3,0],[12,13],[1,14],[-8,-1],[-1,-8],[-13,-2],[0,4],[6,1],[1,6],[14,1],[5,3],[0,9],[1,6],[-1,9],[2,9],[5,4],[-1,11],[2,1],[0,10],[-10,1],[0,9],[3,6],[6,5],[0,12],[2,8],[-1,13],[-18,20],[2,8],[2,5],[-7,7],[2,9],[-2,3],[8,6],[-2,8]],[[2687,8821],[4,-3],[16,3],[5,4],[5,1],[1,6],[7,1],[5,6]],[[2730,8839],[3,11],[1,12],[6,15],[0,9],[1,16],[7,8],[-2,18],[5,6],[-1,15],[-9,-3],[6,10],[-1,12],[-5,4],[-13,-3],[-4,-7],[-2,11],[7,1],[-4,14],[1,14],[-8,2],[-1,-7],[-9,-1],[-2,3],[-6,-2],[-16,-9],[-5,-8],[-8,-1],[-2,-4],[0,-7],[-6,1],[-10,9],[-4,-5],[4,-4],[2,-10],[-1,-8],[2,-6],[-12,-2],[1,4],[-11,0],[0,7],[3,5],[0,8],[-1,10],[9,1],[-7,6],[0,5],[-6,4],[-3,13],[7,14],[-6,6],[-1,6],[2,8],[-4,5],[-1,8],[-5,11],[-4,3],[-6,0],[0,5],[5,2],[3,-6]],[[2619,9068],[6,-2],[3,10],[0,11],[5,-1],[2,9],[-4,17],[5,5],[5,-6],[-1,-13],[-5,-11],[1,-4]],[[2636,9083],[1,-4],[-1,-11],[-3,-3]],[[2633,9065],[-1,-2]],[[2632,9063],[-2,-5],[6,-2],[5,4],[6,0],[3,4],[5,1],[10,11],[1,7],[3,3],[4,21],[3,7],[4,2],[12,1],[-6,-9],[-3,-1],[2,-9],[5,5],[-1,6],[4,7],[5,1],[-3,-10],[1,-10],[-3,1],[-5,-6],[-4,-10],[-3,-5],[-1,-7],[-4,-1],[-6,-15],[-6,-4],[-3,-9],[-1,-15],[5,2],[3,-8],[1,-13],[6,-2],[2,-5],[7,3],[12,2],[4,8],[6,4],[7,1],[4,-6],[15,1],[4,-7],[9,-10],[-1,-9],[5,-6],[2,-8],[5,-7],[0,-9],[4,-4],[-1,-20],[-2,-10],[1,-10],[-2,-5],[1,-12],[-7,-13],[3,-9],[-8,-15],[-4,-3],[-2,-6],[3,-3],[-5,-7],[-1,-7],[-3,-7],[-12,-2],[0,-8],[-6,-10]],[[2715,8806],[-5,-3],[-3,-6],[-4,-3],[-2,-12]],[[2701,8782],[4,1],[0,-13],[5,-7],[7,2],[0,-8],[1,-9]],[[2718,8748],[-5,-10],[2,-21],[-6,-9],[3,-11],[-2,-6],[0,-14],[-4,-20],[-3,-4],[2,-5],[-3,-17],[-9,-15],[-3,-8],[-6,-2],[-6,-4],[-3,-8],[-4,-1],[-6,-9],[-4,0],[-3,-10],[-4,0],[0,-7],[-3,-6],[-6,-5],[-5,-17],[-6,-1],[-8,-10],[-12,-7],[-8,-10],[-9,-16],[-5,-2],[-1,-5],[-16,-5],[0,-9],[-5,-5],[-2,-12],[-6,-9],[-4,-8],[-4,-1],[-10,-12],[-4,0],[-3,-7],[-1,-6],[-3,-5],[1,-8],[-5,-1],[1,-8],[-9,-4],[1,-4],[-11,-7],[0,-6],[-4,-5],[-4,-13],[-5,-7],[-7,0],[-6,-6],[1,-9],[-3,-1],[1,-12],[7,-9],[1,-13],[-2,-10],[-7,-9],[-3,-8],[-9,-3],[2,-9],[8,3],[4,-7],[10,-4],[-1,-9],[1,-10]],[[2495,8230],[15,8]],[[2510,8238],[15,9],[2,-7],[4,0],[5,-4],[4,4],[3,-3],[-15,-11],[-2,-5],[-7,0],[-3,-3],[3,-5],[5,-2],[0,-7],[6,-1],[9,6],[5,5],[6,3]],[[2550,8217],[0,-3],[-7,-2],[-5,-4],[-2,-6],[-12,-9],[5,-4]],[[2529,8189],[4,-1],[4,9],[0,5],[6,2],[-4,-11],[1,-6],[-8,-1],[-4,-4],[1,-5],[9,2],[4,-1]],[[2542,8178],[-6,-6],[-9,-16],[3,-10],[7,-2],[9,3],[2,4],[6,5],[13,2],[1,15],[3,-1],[2,-14],[0,-5],[4,-7],[12,2],[5,-3],[-1,21],[-3,4],[4,9],[-3,2]],[[2591,8181],[2,5],[5,0],[1,7],[9,2],[4,-7],[-1,-4],[9,0],[5,7],[-2,5],[0,10],[3,0],[2,11],[4,6]],[[2632,8223],[1,8],[6,9],[-11,-2],[-5,-2],[-2,5]],[[2621,8241],[4,-2],[7,3],[4,5],[0,11],[5,0],[-3,13],[-7,1],[0,11],[-3,2],[3,8],[3,3],[-3,8],[9,2],[3,6],[11,-1],[6,3],[11,0],[2,2],[-4,13],[1,4],[4,2],[-6,12],[-3,-5],[-1,24],[3,4],[2,17],[6,3],[3,5],[-1,14],[4,5],[-3,5],[3,6],[6,1],[2,6],[9,-4],[5,0],[1,14],[7,10],[3,9],[11,2],[15,2],[4,-6],[22,12],[3,9],[6,10],[5,-2],[2,3],[-2,9],[2,5],[5,3],[-6,16],[-11,-2],[3,11],[-2,6],[9,5],[0,11],[-3,5],[5,3],[10,20],[-2,12],[-3,8],[-3,3]],[[2784,8606],[5,6],[7,5],[-2,11],[1,6],[3,5],[-1,9],[5,11],[7,8],[-10,-2],[-6,8]],[[2793,8673],[-1,0]],[[2792,8673],[-2,0]],[[2790,8673],[8,10],[3,0],[1,9],[-8,-1],[0,15],[4,8],[-4,10],[4,9],[5,9],[0,5],[9,2],[2,2],[10,0],[2,4],[0,7],[2,7],[-3,3],[-1,8],[1,7],[-17,-3],[-2,-2],[-7,0],[-1,7],[-4,4],[3,5],[-12,-3],[-2,6],[2,4],[6,-1],[1,8],[7,6],[4,0],[11,6],[8,2],[5,10],[6,1]],[[2833,8837],[8,-3]],[[2841,8834],[8,-1],[4,8],[-2,7],[4,5],[5,1],[-3,12],[-1,10],[-7,1],[0,-11],[-6,-5],[-8,1],[12,11],[0,3],[-9,4],[4,5],[-1,7],[9,-1]],[[2850,8891],[0,8],[-6,1],[-5,-5],[-9,3],[-5,5],[-4,6],[3,12],[4,6],[7,6],[-1,11],[-6,2],[-4,5],[1,8],[-4,2],[-2,10],[5,3],[-1,-10],[6,-3],[-1,-8],[10,-7],[0,-7],[6,-4],[-6,-3],[0,-5],[-6,-9],[-4,-2],[2,-9],[19,3],[7,-2],[0,-5],[5,-1],[4,-6],[2,-15],[7,-8],[10,-2],[4,-4],[5,1],[7,10],[-1,10],[2,10],[10,0]],[[2911,8898],[6,0],[0,7],[3,4],[-1,8],[3,12],[5,-1],[2,-6],[5,-4],[-5,-8],[1,-5],[4,-3]],[[2934,8902],[-1,8]],[[2933,8910],[11,-4],[3,11],[-1,7],[8,-1],[-2,8],[4,4]],[[2956,8935],[7,0],[0,-5],[8,-1],[5,6]],[[2976,8935],[2,4],[-2,11],[5,-3],[1,-6],[16,-5],[1,2],[13,3],[6,-3],[5,5],[3,-5],[6,5],[1,8],[6,-4],[8,-1],[2,-7],[-4,-5],[6,-12],[0,14],[9,6],[-5,3],[-2,15],[4,14],[-1,6],[8,4],[-2,3],[-2,15],[7,5],[5,-3],[5,-6],[0,-5],[-7,-4],[-4,-1],[-1,-6],[-4,-7],[1,-12],[4,-2],[4,10],[2,-14],[-5,-3],[1,-11],[-4,-8],[3,-2]],[[3067,8933],[8,6],[6,0],[6,-3],[1,-8],[-8,-5],[4,-5],[-4,-25],[6,1],[2,-13],[4,-6],[15,3],[6,9],[7,2],[3,7],[-1,8],[1,7],[4,5],[-1,10],[7,1],[2,4],[0,7],[8,0],[2,-4],[9,-3],[1,-7],[5,-6],[10,-1],[6,-3],[13,5],[0,-5]],[[3189,8914],[-4,0],[1,-9],[14,1],[0,-4],[-11,-9],[-3,5],[-5,-1],[1,-7],[-6,2],[2,9],[-3,0]],[[3175,8901],[-6,-1],[-3,-7],[-7,-3],[-1,-12],[2,-2],[5,4]],[[3165,8880],[-2,-6],[0,-8],[10,1],[-1,-5]],[[3172,8862],[-7,-1],[-2,-5],[-6,0],[-1,-7]],[[3156,8849],[10,-16],[-1,-11],[5,-3],[5,-12],[5,2],[4,-5],[8,2],[9,0],[5,5],[0,8],[6,1],[3,8],[12,2],[1,3],[18,1],[6,-4],[5,7],[6,5]],[[3263,8842],[-5,11],[2,5],[8,3],[-1,10],[7,3],[7,-4],[8,1],[-2,6],[-6,0],[-1,9],[7,4],[-4,5],[-2,17],[5,2],[2,-4],[8,3],[2,-3],[2,-9],[-5,-1],[-1,-7],[-6,-4],[0,-6],[7,-1],[-1,7],[5,0],[0,5],[9,-5],[12,2],[2,2],[-3,10],[-9,4],[0,3],[12,2],[7,7],[0,4],[-14,-9],[2,9],[4,1],[8,11]],[[3329,8935],[0,5],[5,7],[4,0],[5,6],[13,7],[7,4],[3,5],[8,-6],[1,-10],[9,-2],[1,4],[-2,10],[-6,3],[10,12],[6,8],[6,1],[16,-17],[7,1],[0,5],[7,8],[11,3]],[[3440,8989],[-5,-5],[-6,-1],[0,-4],[8,-7],[0,7],[8,2],[5,7],[15,2],[2,10],[6,6],[1,13],[-4,2],[-2,-11],[-7,3],[-3,-11],[-3,0],[2,13],[3,2],[1,12]],[[3461,9029],[2,-10],[13,4],[1,4]],[[3477,9027],[3,11],[-1,8],[8,6],[7,2],[5,-4],[5,5],[4,11],[6,2],[7,8]],[[3521,9076],[3,8],[6,0],[2,6],[4,0],[8,9],[6,1],[7,4],[3,5],[1,7],[3,1],[1,-8],[-6,-8],[-16,-5],[-5,-8],[-9,-7],[-2,-10],[-8,-3],[-5,-5],[-5,0],[-4,-14],[-7,-3],[-5,4],[-3,-2],[-8,-1],[-2,-11],[2,-6],[-5,-12],[0,-14],[-5,-4],[-3,-11],[1,-4],[-9,-7]],[[3461,8978],[-5,-12],[-5,1],[-4,-8],[0,-6],[-10,-3],[-2,-4],[0,-13],[-2,-2],[-10,-1],[-3,-3],[-7,-1],[-2,-8]],[[3411,8918],[-3,-8],[-6,-3],[-4,1],[-8,-7],[-4,-7],[-5,-1],[-9,4],[-3,-7],[-5,-8],[-7,-2],[-8,0],[-2,-12],[2,-4],[-9,-2],[0,-5],[8,2],[1,-8],[4,-5],[-4,-6],[-4,-1],[-3,-5],[-13,18],[-11,7],[-4,0],[-7,5],[-5,-3],[-24,-3],[-2,-4],[3,-8],[4,0],[0,-16],[-4,-4],[-11,-3],[-7,2],[-2,-5],[-7,-6],[-13,0],[-8,-6]],[[3231,8808],[2,-4],[-6,-7],[1,-10],[-7,-3]],[[3221,8784],[-2,9],[-13,-3],[-9,-10],[-5,7],[-9,-1],[-7,2],[-2,-7],[-4,-3],[-1,-9],[5,-2],[-1,-6]],[[3173,8761],[-6,-1],[-5,7],[-18,-8],[-2,-8],[3,-8],[-2,-5],[-5,-1],[0,7],[-9,1],[-2,19],[-5,6],[-7,-2],[-3,-3],[-16,-2],[-14,-7],[1,-10],[-4,-1],[-3,9],[-9,3],[-2,4],[-8,1],[-6,5],[-7,0],[-5,1],[-3,-4],[-12,-1],[2,16],[-1,8],[-8,6],[-1,8],[-6,4],[-17,-2],[-1,-3],[-13,-16],[-4,-1],[0,22],[2,1],[-1,17],[-7,5],[-3,13],[-5,-4],[-10,-2],[-8,2],[-3,7],[-5,8],[9,7],[3,6],[7,6],[-5,8],[-1,8],[-4,-4],[-13,-7],[4,-8],[-14,-3],[0,-9],[-8,-12],[-6,-3],[-1,-4],[-10,-1],[-6,-5],[0,9],[-6,1],[0,-9],[-7,-6]],[[2877,8826],[-2,-3],[0,-9],[-3,-10],[1,-11],[10,-12]],[[2883,8781],[-10,-2],[2,-8],[3,-2],[1,-7]],[[2879,8762],[3,6],[6,6],[0,6]],[[2888,8780],[0,22]],[[2888,8802],[2,2],[8,-11],[-3,-6],[2,-14],[-5,-3],[-3,-8],[-5,-7]],[[2884,8755],[0,-2]],[[2884,8753],[-4,-7],[0,-15]],[[2880,8731],[-6,-3],[1,-5],[-5,-2],[2,11],[6,3],[-1,4],[-4,3],[-10,4],[1,3],[9,2],[-1,9],[-8,8]],[[2864,8768],[-2,3],[-6,-2],[-1,7],[14,-1],[-1,12],[-9,1],[3,8],[4,1],[0,8],[-6,8],[0,10],[9,7],[2,7],[-1,5],[-7,-3],[-7,3],[-5,-9],[-12,-12],[-13,-1],[-2,3],[-10,-3],[2,-17],[6,-8],[0,-4],[5,-3],[1,-5],[8,-6],[-4,-14],[-4,-3],[-2,-11],[-14,-1],[-6,-2],[-1,-7],[4,-1],[0,-7],[-10,-2],[-3,-7],[4,-8],[-5,-10],[1,-11],[7,2],[2,-3],[-3,-8],[0,-8],[4,-3],[7,1],[3,-10],[1,-9],[-17,-8],[0,-10],[-4,-8],[5,-23],[3,-1],[5,5],[-1,-13],[-3,-1],[-4,7],[-9,-6],[1,-7],[4,-4],[6,-1],[5,4],[9,2],[17,15]],[[2834,8606],[-4,4],[-2,6],[3,2],[0,11],[3,6],[3,0],[5,-10],[-4,-1]],[[2838,8624],[0,-1]],[[2838,8623],[-4,-4],[3,-7],[11,4]],[[2848,8616],[1,-14],[6,-6]],[[2855,8596],[-6,-4],[-5,5],[-5,-1],[-4,-4],[-14,-4],[0,-10],[-19,-1],[-7,-3],[-7,-9],[0,-19],[5,-1],[2,-5],[6,8],[1,5]],[[2802,8553],[1,-1]],[[2803,8552],[2,-4],[-5,-5],[-7,-17],[1,-8],[3,-4],[13,3],[0,-8],[-5,-16],[-5,-2],[-3,-9],[-4,-4],[-5,-1],[-3,-6],[-9,-2],[0,-6],[7,-10],[0,-3],[-4,-6],[2,-13]],[[2781,8431],[-5,7],[-4,-12],[2,-13],[-3,-11],[0,-8],[4,-1],[3,-7],[1,-22],[3,-4],[5,0],[4,4],[-7,8],[2,9],[6,8],[4,-2]],[[2796,8387],[-5,-9],[4,-2],[2,-16],[-4,1],[-9,-4],[2,-12],[3,-3],[-1,-10],[-4,-2],[0,-7],[13,3],[2,8],[0,6],[5,3],[2,-7],[4,-3],[4,7],[8,1],[-6,-7],[-7,-5],[-7,-2],[-5,-5],[-14,-3],[0,-6],[5,0],[1,-4],[7,-5],[-2,-5],[-13,-3],[2,7],[-7,3],[-1,8],[-8,0],[-2,7],[-5,-1],[11,-15],[-8,1],[-2,4],[-7,-5],[-5,-1],[-1,-12]],[[2748,8292],[-7,1],[-3,-9],[-6,-6],[-6,-2],[-2,-6],[-8,-1],[0,-4],[-5,-5],[-1,-5]],[[2710,8255],[-4,-5],[-5,-2],[2,-14],[-4,-5],[-14,1],[0,8],[-15,-1],[-6,-4],[0,-5],[-8,-18],[5,-5],[8,1],[4,-5],[3,1],[-1,9],[3,4],[4,-3],[-5,-8],[0,-6],[-5,-6],[-3,-12],[1,-10],[-2,-6],[9,0],[15,15],[3,-6],[-1,-6],[-5,-5],[2,-4]],[[2691,8158],[16,3],[-1,13],[1,10]],[[2707,8184],[1,-15],[2,-6],[-2,-4],[8,-1],[0,-4],[2,-12],[-6,-3],[3,-4],[-1,-6],[-4,-1],[-6,3],[4,7],[7,5],[-5,7],[-5,2],[-20,0],[-8,-13],[-5,3],[-14,-3],[-16,9],[-5,-1],[4,-8],[0,-12],[8,2],[2,-8],[6,-2],[4,-6],[-1,-12],[-9,-3],[-8,-13],[-1,-11],[-3,-2],[-1,-7],[-2,-6],[3,-3],[-1,-6],[-3,-5],[0,-7]],[[2635,8038],[5,-1],[-3,-10],[6,-6],[1,-6],[-11,-6],[-5,-6],[0,-12],[7,2],[4,6],[4,-7],[2,-11],[-6,-9],[-10,-6],[-12,-1],[0,-6],[4,-2],[1,-6],[-6,-3],[-2,6],[-6,2],[-7,-12],[6,-5],[-1,-6],[-9,-1],[-6,-5],[0,-7],[5,0],[-2,-6],[8,-1],[6,3],[4,9],[4,0],[-2,-8],[-7,-5],[-7,-2],[-4,-7],[-11,-2],[-6,-3],[-6,-6],[9,-5],[-3,-10],[-7,-3],[5,-6]],[[2577,7868],[3,-3],[2,-9],[11,0],[-2,-7],[-9,-1],[-3,-3],[-2,-8],[1,-6],[-11,-7],[-1,-3],[-11,-9],[-2,-6],[-5,-1],[0,-7],[3,-2],[3,-9],[4,0],[10,11],[1,3],[10,4],[8,13],[7,-6],[7,15],[3,0],[-1,15],[5,21],[4,5],[1,10],[-2,9],[5,-1],[4,5],[8,5],[2,8],[-3,4],[10,8],[2,6],[4,2],[-2,11],[3,2],[-2,9],[5,-1],[4,4],[0,9],[-6,3],[-3,5],[3,9],[6,5],[8,1],[10,-3],[12,2],[1,5],[-8,7],[3,13],[6,5],[-1,7],[-3,1],[-4,29]],[[2675,8047],[8,1],[-1,5],[8,-3],[5,9],[9,1],[8,3],[0,12],[3,5],[-1,7],[8,8],[3,1],[2,7],[6,8],[3,0],[2,7],[-5,11],[1,5],[-1,10],[-4,3],[3,5],[3,-8],[7,0],[10,3],[5,-4],[4,1]],[[2761,8144],[4,-2],[-1,-8],[-13,1]],[[2751,8135],[-1,-4],[-10,0],[-1,-6],[3,-4],[-1,-12],[-6,-3],[-8,-16],[-4,-5],[-5,-13],[-3,-10],[-3,-5],[-17,-3],[-1,-8],[-13,-8],[1,-9],[5,2],[5,0],[-5,-10],[1,-15],[-7,-6],[-1,-10],[7,-2],[0,-8],[-3,-6],[-18,-2],[-2,4],[-7,-3]],[[2657,7973],[-4,-5],[1,-8],[6,-9],[-1,-7],[-14,-2],[2,-16],[1,-5],[-4,-8],[-7,-1],[-3,-14],[1,-8],[-2,-3],[-6,-2],[-6,-18]],[[2621,7867],[-4,0],[-6,-7],[0,-7],[1,-16],[5,5],[6,0],[3,-3],[-1,-6]],[[2625,7833],[7,-5],[10,12],[9,3],[4,4],[4,12],[0,12],[2,6],[10,4],[10,-5],[-1,-7],[1,-14],[3,-4],[1,-7],[-6,1],[-2,-4],[1,-15],[-1,-2],[-9,-1],[-3,5],[4,4],[-1,6],[-5,5],[-6,-4],[1,-8],[5,-9],[0,-9],[-4,-6],[2,-8],[-7,1],[-2,14],[-6,8],[-8,-1],[-4,4],[-9,-3],[-3,-11],[-6,-7],[-4,0],[-5,12],[-5,-1],[-4,-16],[-4,0],[0,7],[-7,2],[-7,-8],[-8,-2],[0,-6],[-7,-3],[-6,-9],[-5,-2],[0,-6],[-3,-6],[3,-6],[3,9],[6,-4],[0,-5],[-5,-3],[0,-13],[-5,-2],[1,-5],[2,-17],[-1,-7],[5,2],[9,0],[16,4],[1,6]],[[2586,7725],[12,-3],[0,-4],[11,2],[7,5],[1,-5],[5,-1],[3,-5],[9,4],[-2,10],[6,2],[3,-14],[-10,-3],[4,-14],[-5,-4],[16,-13],[8,0],[14,-4],[9,-8],[7,-11],[8,1],[9,-4],[9,-10],[3,-10],[1,-9],[-1,-7],[-8,-12],[-1,-11],[1,-13],[-1,-17],[1,-9],[5,-3],[5,0],[-2,20],[0,9],[5,5],[4,-6],[13,-8],[4,-13],[6,-3],[3,6],[-3,6],[4,5],[4,-3],[5,1],[0,7],[-3,1],[2,8],[3,0],[5,-6],[4,4],[5,0],[-1,7],[3,4],[-1,9],[6,2],[1,6],[4,3]],[[2786,7619],[-2,-4],[1,-8],[-8,-8],[1,-5],[6,-3],[-3,-6],[3,-19],[5,2],[4,-5],[1,-12],[-7,-7],[-5,1],[-7,0],[7,-9],[-1,-6],[1,-10],[-5,-5],[-1,-7],[-6,-2],[1,-14],[-2,-6],[-4,-1],[6,-9],[2,-10],[-2,-7],[-4,-3],[0,15],[-5,4],[-8,-2],[-1,3],[-13,-8],[2,-16],[5,-6],[0,-8],[-1,-3],[0,-10],[-11,10],[-7,0],[0,8],[3,11],[-1,8],[-7,3],[1,-8],[-4,-3],[3,-5],[1,-7],[-5,-4],[-8,7],[-3,-4],[0,-6],[-2,-7],[2,-8],[-4,-1],[-4,9],[0,8],[11,16],[3,11],[-6,-3],[-7,0],[-18,-5],[-9,-10],[-2,4],[-8,-1],[-6,-11],[7,-9],[-1,-9],[-7,-8],[-10,-3],[-3,-9],[-6,2],[-8,-4],[-5,-1],[-2,4],[-7,0],[-7,-5],[-4,-6],[7,-10],[9,-1],[5,-4],[7,-11],[9,-5],[1,-11],[-3,-4]],[[2640,7343],[-1,0]],[[2639,7343],[-5,3],[-6,0]],[[2628,7346],[-2,9],[-7,-1],[-2,-7],[-4,-1],[-4,7],[-4,-2]],[[2605,7351],[-4,-4],[-7,-1],[-16,1],[-4,-6],[-5,-5],[-8,0],[-1,6],[8,2]],[[2568,7344],[-4,3],[-1,5],[-9,0],[-5,-2],[-6,-9],[-6,-6],[0,-3],[10,1],[2,-5],[4,0],[4,-6],[8,-8],[4,-2],[4,-16],[8,-1],[3,3]],[[2584,7298],[5,4],[1,-6],[-5,-7],[5,-1],[7,15],[0,-8],[-2,-10]],[[2595,7285],[-1,-1]],[[2594,7284],[-5,-6],[-8,7],[0,-12],[7,1],[8,3],[2,-6],[0,-8],[-6,-6],[-13,-1],[-3,-9],[-4,-3],[-1,-11],[-6,-1],[-3,8],[5,1],[1,8],[-7,12],[-6,3],[-1,3]],[[2554,7267],[-6,-4],[-5,-1],[-7,4],[2,4]],[[2538,7270],[-8,2]],[[2530,7272],[4,10],[20,-5],[5,6],[4,0],[3,5],[-1,6],[-6,-2],[-4,8],[3,14],[-5,3],[0,4],[-5,4],[-5,-5]],[[2543,7320],[-3,7],[-8,0],[-16,-3],[-8,-7],[-1,-4],[14,2],[4,-5],[1,-13],[3,-2]],[[2529,7295],[-6,-5]],[[2523,7290],[-5,-3],[1,-7],[-3,-3],[-4,1],[1,12]],[[2513,7290],[5,3],[1,6],[0,10],[-8,-2],[-5,-4],[-2,-6],[-18,-3],[-4,-6],[2,-13],[-1,-6],[-5,0],[-2,-5],[-4,0],[-4,-11],[2,-6],[7,1],[8,-1],[-2,9]],[[2483,7256],[5,-4],[2,-11],[-6,0],[-3,-5],[-10,-1],[-10,2]],[[2461,7237],[-1,-3],[-11,-2],[-9,-6],[1,-10],[-4,-3],[-3,-12],[1,-13],[3,-2],[8,0],[4,-4],[-1,-6],[-6,-2],[-1,-6],[-6,-4],[-6,-8],[-8,-1],[-5,3],[2,7],[-10,3],[2,-7],[-2,-3],[1,-11],[3,1]],[[2413,7148],[4,-1],[3,-8],[5,-2],[0,-8],[-7,-6],[-9,-1]],[[2409,7122],[-1,-6],[3,-3],[6,-1],[8,-6],[-14,-6],[12,-11],[16,2],[3,4],[5,1],[-10,-15],[-1,-4],[-6,-2],[-5,3],[-9,10],[1,-11],[3,-4],[1,-6],[10,4],[13,8],[3,9],[8,1],[13,-5],[0,-4],[5,-3],[3,-5],[9,-8],[4,-2],[10,-9],[3,-11],[-3,-10]],[[2499,7032],[-4,-3],[3,-5],[-2,-6],[-4,6],[-6,4],[-1,5],[-10,2],[-6,-7],[0,-10],[9,1],[-1,-8],[-8,5],[-6,-2]],[[2463,7014],[-9,2],[-5,7],[-13,1],[-3,3],[-1,9],[-12,4],[-4,3],[-1,8],[-6,-1],[-4,5],[-30,-3],[-8,3]],[[2367,7055],[-2,4],[0,12],[-3,5],[0,9],[-7,1],[-3,4],[-5,0],[-4,8],[-4,1],[-1,6],[-5,2],[0,7],[-5,2],[-7,-5],[-4,7],[-7,2],[-5,4],[0,12],[-6,-2],[-7,4],[-4,9],[-1,10],[-3,2],[-6,-3],[3,12],[-6,-1],[-2,-5],[-8,-3],[-6,4],[0,4],[-12,-1],[-7,-5],[-8,-2],[-11,0],[2,9],[-7,0],[0,-7],[-4,-5],[-5,-1],[1,16],[-11,4],[-12,-1],[-8,-9],[0,-6]],[[2177,7159],[-5,-4],[-14,-1],[-10,-5],[-10,0],[-10,-4],[-8,-1],[-12,-7],[-6,-6]],[[2102,7131],[-2,2],[-9,-1],[-6,6],[0,-23],[-3,-3],[1,-11],[-2,-3],[-10,-4],[-3,-13],[1,-7],[-2,-5],[-12,-5],[-4,-8],[-1,-8],[4,-13],[9,-8],[2,-7],[1,-8],[3,-4],[-6,-14],[2,-8],[-11,-1],[2,-15],[6,-5],[0,-6],[9,-7],[1,-11],[3,-8],[-4,-11],[-4,-3],[1,-9],[-6,-2],[-2,-4],[6,-9],[11,-20],[0,-5],[7,-8],[-1,-10],[1,-9],[-8,-6],[-1,-11],[-8,-12],[1,-13],[-11,-18],[-11,-1],[-3,-3],[-8,-1],[-5,2],[-7,-5],[1,-5],[4,-6],[8,-2],[2,-8],[7,-8],[-2,-10],[-8,-1],[-7,-7],[0,-5],[-5,-7],[1,-8],[7,-7],[8,4],[3,3],[11,5],[6,-5],[1,-9],[-5,-7],[-9,-1],[-3,-3],[1,-7],[3,-2],[-1,-14],[-3,-3],[-3,-13],[1,-8],[-3,-6],[2,-15],[-6,-3],[0,-8],[-5,-1],[-1,-11],[11,-10],[3,-8],[6,1],[10,-5],[13,1]],[[2071,6576],[-1,7],[-4,4],[-1,5],[11,14],[5,-5],[-1,-9],[8,-7],[2,-20],[-1,-11],[-3,-3],[1,-7]],[[2087,6544],[-7,4],[-12,-11],[8,-5],[8,0],[7,-6],[4,4]],[[2095,6530],[3,-1],[0,-11],[-6,-2],[-1,8],[-6,3],[-16,-1],[-2,-5],[-6,0],[1,-8],[15,1],[0,-4],[-14,-2],[-8,-11],[-8,-1],[-5,-3],[-3,-7],[4,-4],[-6,-6],[-9,3],[-7,-4]],[[2021,6475],[-1,-1]],[[2020,6474],[-10,-2],[0,-10],[3,-4],[9,1],[4,5],[3,-7],[-8,-2],[3,-4],[7,-6],[2,-5]],[[2033,6440],[-3,-7],[-8,-10],[2,-9],[4,-4],[6,2],[8,-1],[5,2],[2,5],[10,8],[6,0],[7,-6],[-10,-2],[-16,-9],[-11,-1],[-2,-6],[-6,-4],[-5,0],[-6,9],[-12,-5],[1,-5],[-9,-5],[1,-11],[5,1],[2,-3],[-11,-4],[-1,-6],[-5,-5],[-19,-1],[5,-10],[0,-8],[-2,-3]],[[1971,6342],[0,-4],[-13,-7],[-4,-11]],[[1954,6320],[-4,2],[-2,13],[-5,3],[-8,12],[-11,-2],[0,6],[3,6],[0,6],[-6,-1]],[[1921,6365],[1,-5],[-4,-5],[-4,-1],[-7,5],[-6,-4],[-6,8],[-10,3],[-1,-6],[3,-11]],[[1887,6349],[5,5],[1,-15],[-8,-3],[-3,7],[-4,2],[-8,-9],[3,-6],[14,0],[-5,-10],[-7,4],[-1,-8],[9,-1],[1,-7],[-3,-2]],[[1881,6306],[-6,-4],[-12,1],[-1,-6],[15,1],[3,4]],[[1880,6302],[2,-8],[-1,-9],[-5,-2],[-8,-6],[-5,6],[2,-14],[-3,-2],[-2,-8],[-4,0],[-1,-4],[1,-9],[0,-16],[-6,-6],[3,-3]],[[1853,6221],[-7,-4],[-2,-10],[4,-4],[3,4],[5,0],[3,-4],[7,3],[7,13],[-1,7],[-9,-1],[-5,-4]],[[1858,6221],[6,7],[4,0],[8,14],[-1,7],[4,13],[7,5],[2,-3],[7,2],[9,11],[1,-6],[11,4],[2,7],[-4,11],[9,1],[6,-2],[6,8],[3,-1]],[[1938,6299],[-6,-10],[-5,0],[1,-12],[5,-1],[4,4],[16,1],[5,-3],[5,6],[0,6],[4,2],[8,8],[8,0],[12,7],[1,6],[10,9]],[[2006,6322],[-1,8],[14,0],[6,8],[0,8],[8,3],[1,6],[7,9],[4,3],[-1,6],[3,3],[5,-2],[3,-5],[10,0],[3,-5],[6,0],[8,10]],[[2082,6374],[5,-1],[5,9],[-1,12],[4,7],[-3,14],[-5,3],[-6,0],[-3,4],[10,2],[7,-4],[8,1],[1,-8]],[[2104,6413],[-4,-5]],[[2100,6408],[-4,-4],[0,-8],[-3,-4],[3,-7],[8,-3],[4,3],[8,1],[1,11],[10,10],[10,4],[1,8],[-4,5],[-4,-6]],[[2130,6418],[-3,3],[4,5],[-4,3],[0,7],[5,1],[6,-3],[1,5],[-1,5],[-9,4],[-2,-4],[-8,-3],[-3,-6],[-8,-10]],[[2108,6425],[-6,2],[3,5],[0,11],[2,3],[8,1],[1,4],[20,3],[6,-2],[1,-4],[9,2],[10,18]],[[2162,6468],[1,-9],[5,2],[2,5],[7,5],[0,6],[-9,3],[2,8],[-10,-1],[-3,8],[1,7],[-4,1]],[[2154,6503],[6,0],[2,6],[4,-3]],[[2166,6506],[8,-1],[1,11],[4,3],[-1,16],[5,4],[1,6],[0,12],[5,6],[0,5],[5,11],[14,2],[1,13],[8,7],[13,1],[10,4],[3,3],[9,2],[5,12],[-10,-2],[1,7],[6,2],[0,7],[9,3],[17,2],[4,3],[12,1],[3,4],[11,2],[5,4],[5,1],[2,3],[7,3],[3,8],[5,-1],[6,-6],[4,-2]],[[2347,6662],[7,11],[2,7],[5,5],[0,6],[5,1],[3,6],[1,9],[3,2],[2,10],[-1,8],[5,5],[0,15],[4,3],[1,11],[4,7],[4,3],[1,14],[8,9],[5,14],[7,15],[1,10],[5,9],[-1,11],[2,2],[-1,9],[5,5],[1,12],[12,13],[0,6],[4,7],[7,1],[5,6],[11,-14],[11,10],[-3,14],[7,8],[7,3],[8,1],[-1,11],[8,-8],[-2,-7],[6,0],[7,10],[-1,7],[3,3]],[[2514,6952],[1,-11],[5,3],[8,13],[5,0],[2,-5],[14,-1],[8,3],[5,6],[-9,-1],[-1,7],[-3,6],[5,5],[13,1],[5,-2],[0,-5],[6,0],[0,9],[6,5],[5,-1],[5,3],[7,0],[7,3],[-1,10],[4,3],[5,-7],[7,2],[15,2],[5,-9],[7,-2],[9,3],[3,4],[7,3],[-6,5],[-10,-1],[0,7],[-8,7],[0,5],[4,2],[-3,7],[-6,-1],[-4,-6],[-7,-3],[-8,-1],[-3,7],[-8,-2],[-2,-10],[-10,0],[-1,-6],[-5,0],[-4,-4],[-10,-2],[-4,-5],[-18,-5],[1,-4],[-12,-4],[-9,-1],[-2,3],[-16,-4],[-8,2],[-1,3],[8,2],[-1,7],[15,6],[0,5],[5,7],[-4,8],[4,3],[5,-1],[1,-7],[-3,-7],[1,-13],[6,-2],[9,2],[4,4],[5,0],[20,9],[4,8],[7,3],[2,3],[-3,8],[-8,-1],[4,8],[5,-2],[13,3],[4,4],[7,-2],[0,-4],[13,-3],[5,7],[-17,13],[-2,5],[-4,0],[-4,10],[-1,11],[5,5],[12,-5],[3,-7],[-1,-9],[0,-8],[11,0],[12,7],[-9,1],[-4,6],[17,3],[9,-4],[1,-7],[-7,-3],[-10,0],[-2,-6],[9,1],[7,-9],[4,0],[1,-6],[7,-2],[8,13],[6,2],[6,7],[-6,4],[7,6],[6,1],[9,5],[3,5],[11,2],[6,7],[4,2],[10,10],[8,1],[5,6],[7,3],[2,7],[9,10],[0,6],[6,12],[-1,12],[-6,2],[-1,-9],[-10,-2],[-12,8],[-4,0],[-3,10],[-1,8],[8,8],[-1,10],[-5,5],[-7,0],[0,4],[-14,-3],[-2,4],[11,2],[-1,9],[-2,3],[3,5],[6,3],[-3,9],[-6,0],[-2,7],[3,5],[5,0],[1,-6],[7,-4]],[[2744,7238],[-4,-4],[-1,-9],[3,-10],[6,1],[0,-13],[3,-2],[4,-8],[7,0],[1,-5],[8,-8],[7,-11],[5,-3],[7,2],[4,-4],[15,5],[3,8],[8,-8],[0,-5],[6,0],[10,22],[6,4]],[[2842,7190],[2,10],[-1,4],[11,5],[10,9],[2,-6],[9,-1],[4,2],[7,-3],[2,3],[2,8]],[[2890,7221],[-1,-8],[5,0],[14,1],[0,-2],[10,-1],[5,9],[5,5],[-1,8],[-5,-1],[-6,5],[-6,-3]],[[2910,7234],[1,4],[6,0],[7,-2],[4,1],[5,7],[9,1],[6,7],[0,7],[6,8],[6,1],[3,7],[8,8],[3,-1]],[[2974,7282],[2,10],[4,3],[0,8],[-7,4],[10,8],[5,7],[-1,5],[4,8],[4,1],[2,6],[14,12],[9,2],[3,-3]],[[3023,7353],[1,-2]],[[3024,7351],[5,-3],[1,6],[7,1],[8,9],[8,0],[3,4],[6,-6],[6,8],[10,2],[7,6],[5,7],[4,1],[2,-6],[12,4],[3,4],[0,13],[3,6],[0,5]],[[3114,7412],[-3,6],[6,11],[6,5],[9,3],[9,11],[3,0],[8,20],[-1,8],[6,1],[6,-3],[-7,-7],[-5,-12],[0,-7],[-3,-11],[-3,-4],[-2,-16],[1,-6],[-3,-5]],[[3141,7406],[2,-7],[0,-7],[4,-1],[-1,-10],[3,-4],[11,2],[3,-5],[12,0],[-2,-3],[-6,-1],[-2,-4]],[[3165,7366],[4,-4],[7,2],[5,4],[7,17],[4,-8],[10,4],[-1,9],[-3,14],[3,2],[9,2],[2,2],[10,1],[1,6],[0,14],[4,5],[11,7],[-4,3],[-1,9],[5,6],[-1,7],[1,6],[6,7],[-3,8],[5,-1],[5,9],[-3,21],[-2,7],[1,5],[12,4],[1,-7],[12,1],[1,9],[9,0],[-1,10],[-10,-2],[-22,5],[-2,2],[-15,-1],[-7,-9],[0,-7]],[[3225,7535],[4,-5],[-9,-1],[-33,-7],[0,-7],[-6,-5],[-1,-3],[-17,-4],[-7,-12],[-3,-1],[-2,9],[5,0],[8,18],[4,1],[5,10],[7,3],[-1,7],[3,4],[10,2],[1,-12],[5,0],[-2,6],[9,1],[5,5]],[[3210,7544],[-2,-7],[-4,-5],[17,2],[3,10],[-2,7],[6,9],[7,2],[1,8],[-6,-2],[-6,-7],[-10,3],[-12,-4],[0,5],[10,3],[16,4],[2,9],[10,12],[4,-1],[1,6],[6,3],[1,-5],[-3,-6],[-9,-2],[-2,-5],[7,-1],[10,1],[5,-2],[7,6],[3,6],[-2,6],[5,1],[5,5],[7,5],[3,-1]],[[3288,7609],[-2,5],[3,5]],[[3289,7619],[-5,1],[0,10],[7,10],[5,1],[8,5],[4,10],[6,5],[0,10],[6,10],[-6,8],[-3,0],[-1,9],[7,2],[6,-4],[0,-6],[7,-2],[-1,9],[4,5],[3,-2]],[[3336,7700],[2,5],[6,4],[3,11],[-1,9],[-5,6],[-5,0],[-2,3],[0,7]],[[3334,7745],[0,1]],[[3334,7746],[-1,2]],[[3333,7748],[-5,13],[-1,6],[-3,9],[4,4],[0,4],[6,15],[8,-5],[11,-10],[8,-15],[2,-15],[2,-3],[1,-12],[3,-7],[7,-8],[7,1],[8,-2],[11,10],[7,6],[0,18],[-3,1],[0,9],[-3,6],[2,5],[4,4],[0,4],[9,0],[-1,7],[4,5],[9,2],[1,12],[8,1],[4,-3],[-4,-16],[6,0],[3,3],[1,14],[4,1],[-1,7],[2,10],[-2,14],[1,10],[4,7],[12,3],[2,-3],[7,3],[2,8],[5,4],[-1,8],[3,4],[-2,7],[5,9],[-2,6],[-2,24],[3,7],[-6,12],[4,3],[-3,10]],[[3484,7965],[-1,23],[3,6],[-7,16],[-2,12],[-5,13],[-12,6],[15,10],[0,12],[6,13],[8,3],[-2,10],[-4,3],[0,15],[2,3],[-2,8],[4,5],[4,15],[2,2],[-1,10],[5,4],[0,8],[6,5],[0,11],[-3,2],[0,9],[2,3],[-3,10],[0,8],[6,3],[-1,20],[7,2],[-1,7],[1,8],[-3,4],[-2,10],[4,1],[-3,15],[3,14],[-3,18],[3,6],[1,13],[3,9],[0,8],[2,6],[8,1],[5,4],[0,7],[7,1],[8,-6],[5,7],[4,1],[5,5],[11,10],[0,8],[3,2]],[[3572,8394],[5,3],[6,-4],[7,1],[5,-3],[14,3],[-23,-12]],[[3586,8382],[5,0],[3,-9],[7,1],[2,6],[7,5],[8,9],[6,16],[13,0],[3,4],[-2,14],[3,6],[4,1],[0,6],[7,7],[0,10],[-5,8],[-18,-3],[-10,1],[3,5],[8,2],[-1,9],[-6,3],[-8,1]],[[3615,8484],[-3,3],[-8,0],[-3,8],[2,4],[-1,10],[-3,3],[2,11],[4,-1],[1,15],[-10,2],[-1,7]],[[3595,8546],[4,-3],[11,14],[-5,1],[-4,4],[-2,11],[4,2],[2,7]],[[3605,8582],[9,14],[-16,1]],[[3598,8597],[3,5]],[[3601,8602],[-7,-3]],[[3594,8599],[-1,0]],[[3593,8599],[-2,1]],[[3591,8600],[6,7],[12,1],[0,10],[-4,-2],[-4,1],[1,12],[-4,4]],[[3598,8633],[0,3]],[[3598,8636],[10,4],[3,6]],[[3611,8646],[0,-6],[-3,-8],[0,-7],[7,-2]],[[3615,8623],[2,-2]],[[3617,8621],[0,-7],[8,3]],[[3625,8617],[0,-7],[-5,-5],[1,-10],[6,-3],[0,-4],[-7,-1],[-7,-5],[4,-6],[2,-10],[-9,-16],[-2,-10]],[[3608,8540],[0,-8],[5,-9],[0,-9],[-3,-2],[1,-10],[6,-4],[0,-4],[10,-3],[2,-6],[4,-2],[1,-14],[11,1],[4,-2],[3,-5],[1,-14],[-7,-9],[1,-4],[-3,-4],[-3,0],[0,-6],[17,0],[0,9],[4,2],[9,-4],[3,-4],[1,-9],[9,1],[5,-3],[9,5],[13,1],[0,5],[-6,5],[0,8],[-3,2],[2,6],[7,2],[0,6],[2,5],[0,16],[-4,5],[9,7],[-5,4],[3,6],[-1,7],[3,4],[0,9],[3,7],[-6,5],[2,4],[7,-6],[5,1],[4,-6],[3,3],[4,19],[2,-8],[8,3],[-1,6],[-4,4],[-2,22],[5,10],[3,3],[0,6],[-3,4],[-9,-5],[-3,9],[5,2],[11,0],[3,-2],[5,3],[1,6],[5,9],[3,7],[-2,17],[0,9],[4,3],[3,7],[4,1],[3,6],[0,17],[6,6],[1,-8],[-4,-3],[0,-10],[-1,-3],[2,-17],[6,1],[5,-7],[3,4],[4,11],[4,3],[6,11],[6,5],[-1,18],[2,1]],[[3820,8699],[3,6],[-2,16],[-4,2]],[[3817,8723],[10,15],[0,5],[11,1],[4,6],[-3,3],[-2,9],[-8,5],[-1,13],[3,4],[-1,7],[-8,0],[3,8],[6,1],[-2,7],[-14,4],[0,-10],[-5,-7]],[[3810,8794],[-1,4],[-4,6],[3,2],[1,10],[6,0],[2,6],[-1,10],[3,0],[6,10],[0,8],[2,19],[2,-1],[2,-18],[1,1],[1,9],[1,3],[-2,21],[-8,2],[2,2],[-1,7],[5,3],[-2,16],[-3,4],[1,7],[-2,7],[-3,1]],[[3821,8933],[4,2],[5,-9],[-2,-6],[2,-5],[2,-18],[-4,-4],[1,-7],[4,1],[3,6],[4,-9],[2,-18],[-2,-12],[11,4],[-1,9],[-3,3],[1,7]],[[3848,8877],[4,-3],[1,-5],[5,-14],[-5,-3],[-4,-6],[-7,-5],[-8,-1],[-4,-8],[-4,0],[-2,-6],[0,-7],[-2,-4],[1,-6],[5,1],[4,5],[6,0],[1,-18],[3,-5],[7,-6],[-6,-8],[-5,-4],[5,-13]],[[3843,8761],[3,1],[-1,10],[6,1],[1,-16],[-2,-9],[5,-2],[9,3],[6,5],[4,1],[-2,-11],[-6,-1],[-3,-4],[-10,-1],[-4,2],[-10,-25],[-10,-2],[-3,-7],[1,-8],[5,-2],[3,-9],[-11,-7],[-9,-9],[-6,-9],[-2,-7],[-9,-10],[1,-6]],[[3799,8639],[-8,3],[-2,5],[-6,-1],[-5,-6],[-5,-3],[0,-10],[-4,-9],[1,-10],[-6,0],[-3,-4],[1,-7],[-4,-2],[-1,-9]],[[3757,8586],[-5,-5],[-4,-10],[5,-14],[1,-12],[-3,-4],[-2,-8],[2,-4],[-3,-9],[-5,-6],[4,-9],[1,-8],[2,-5],[-1,-12],[-3,-2],[0,-8],[5,-3],[0,-14],[5,1],[6,-6],[0,-8],[-4,-6],[-2,-8],[-5,2],[-14,0],[-1,2],[-11,-2],[-11,-6],[-1,-4],[-4,-4],[0,-6],[-12,1],[-5,4],[-7,1],[-11,-1],[-6,-7],[-7,-1],[1,-5],[-6,-16],[-3,-1],[-6,-7],[-10,1],[0,8],[-7,-1],[-4,2],[-5,-3],[-1,-4],[-6,-1]],[[3614,8378],[0,-4],[-7,-3],[-16,-2],[-5,-7],[1,-6],[-8,-1]],[[3579,8355],[10,-3],[4,4],[2,-7],[4,7],[2,-3],[5,0]],[[3606,8353],[0,-4],[-8,-1],[-4,-7],[-5,5],[-12,0],[-1,4],[-12,-2],[-2,-3],[-10,-4],[-8,-9],[-4,-11],[-6,-1],[-1,-3],[-6,-1],[-1,-5],[-5,-4]],[[3521,8307],[-6,2],[-1,-19],[2,-18],[-1,-11],[-4,-5],[4,-3],[1,-22],[-6,0],[0,-14],[-4,-6],[1,-12],[-1,-16],[1,-8],[-1,-11],[-5,-4],[1,-5],[-13,-31],[1,-8],[-2,-7],[5,-4],[1,-5],[-7,-3],[4,-6],[4,-9],[-7,-8],[-1,-6],[-5,0],[2,-7],[-2,-16],[-4,-1],[-4,-7],[1,-7],[4,-7],[0,-9],[4,-2],[1,-11],[5,-4],[1,-7],[-6,-6],[4,-5],[1,-12],[9,-1],[0,-11],[4,-2],[8,-8],[3,-8],[-10,-7],[1,-11],[-3,-8],[1,-11],[-5,-5],[1,-18],[3,-3],[1,-6],[3,-4],[-11,-19],[-19,-2],[-1,-7]],[[3474,7836],[-6,-8],[-9,-3],[-3,-4],[1,-9],[4,-6],[-1,-4],[-7,-2],[-10,-10],[-5,0],[-10,2],[-1,-6],[-8,-8],[2,-7],[1,-10],[-3,-4],[3,-5],[2,-13],[-1,-10],[7,3],[3,-5],[1,-9],[-8,-1],[-7,-14],[-7,-1],[-3,-6],[-13,-9],[0,-5],[4,-4]],[[3400,7678],[-11,-3],[2,-5],[-7,0],[0,-6],[-8,-8],[-7,-4],[-10,-1],[-4,5],[-4,0],[-5,7],[-2,-3],[-18,-1],[-5,-8],[-5,-2],[-1,-9],[-14,-10],[0,-5],[4,-5],[6,1],[5,-4],[6,-11],[0,-5],[5,0],[4,-10],[-5,-6],[3,-6],[7,-2],[5,2],[15,2],[5,4],[5,1],[3,-6],[21,3],[-3,3],[2,5],[7,10],[4,3],[0,6],[4,8],[2,9],[3,4],[15,2],[3,-1],[6,7],[4,12],[0,6],[-4,5],[4,6],[0,6],[7,4],[1,7],[7,0],[-1,17],[-6,4],[-9,-1]],[[3436,7705],[-1,1]],[[3435,7706],[7,3],[7,1],[-2,8],[6,5],[-1,11],[6,7],[1,-7],[-4,0],[0,-9],[4,-1],[3,-5],[1,-20],[9,2],[0,5]],[[3472,7706],[1,0]],[[3473,7706],[1,-8],[-2,-7],[-5,-8],[-7,-2],[0,-8],[-11,-7],[2,-5],[15,3],[-8,-11],[4,-5],[6,1],[4,-4],[7,-2],[1,-6],[17,-2],[7,-5],[4,3],[10,0],[3,3],[2,10],[11,21],[0,7],[3,9],[12,-1],[1,8],[5,-2],[9,3],[4,2],[2,8],[-7,-3],[-1,-2],[-9,-2],[-1,4],[4,3],[13,4],[1,7],[10,-8],[1,-9],[11,2],[3,10]],[[3595,7707],[0,9],[6,10],[-2,8],[4,4],[-5,10],[-1,9],[2,8],[4,0],[3,11],[3,2],[1,8],[-2,17],[2,1]],[[3610,7804],[-4,7]],[[3606,7811],[-9,-2],[-3,-5],[1,-4],[-9,-4],[-2,4],[-5,-1],[-5,-7],[1,-7],[-7,-2]],[[3568,7783],[-1,6],[7,10]],[[3574,7799],[2,2],[-1,11],[2,3]],[[3577,7815],[0,3],[7,10],[3,8],[4,0],[3,8],[12,3],[4,6],[1,9],[8,7],[1,12],[5,5],[5,1],[6,-6],[-1,10],[4,1],[-1,6],[4,3],[8,1],[0,4],[5,8],[-1,12],[24,3],[-2,-3],[-8,-1],[-3,-6],[0,-7],[5,-3],[6,0],[15,3],[4,-8],[7,2],[0,-14],[-4,0],[4,-10],[20,4],[7,5],[12,6],[-1,-7],[5,1],[5,-4],[11,2],[8,-3],[10,0],[11,6],[0,2],[-13,-1],[-2,3],[-5,-1]],[[3770,7895],[1,3],[9,-2],[13,3],[3,-2],[10,1],[4,19],[4,7],[5,-1],[3,20],[0,13],[2,5],[7,1],[4,-2],[3,-6],[12,1],[5,7],[12,3],[4,-4],[12,4],[3,5],[16,2],[3,6],[6,0],[2,3],[8,1],[6,12],[5,0],[4,9],[0,3],[8,12],[5,-7],[4,1],[7,-6],[11,0],[6,-4],[3,6],[1,7],[-4,3],[-1,8],[-3,1],[3,15],[-2,13],[-4,2],[1,6],[3,6],[-1,8],[2,6],[-1,8],[3,1],[-2,16],[2,3],[0,9],[-9,9],[-1,7],[6,1],[2,4],[0,8],[2,8],[5,9],[-1,9],[-14,-3],[-3,5],[2,8],[6,0],[6,-5],[2,2],[0,7],[-5,1],[2,5],[4,0],[2,-12],[-1,-6],[5,-6],[6,1],[-4,-20],[5,-3],[18,3],[1,-24],[1,-17],[-4,-1],[-4,-9],[2,-9],[3,-1],[7,5],[-1,7],[6,-4],[9,-1],[1,-10],[8,1],[4,7],[13,2],[-6,-9],[8,0],[11,20],[4,5],[13,5],[2,9],[5,0],[7,12],[1,-6],[-7,-19],[9,-7],[4,6],[-1,7],[3,7],[3,0],[7,-10],[10,0],[6,6],[7,1],[3,-2],[9,2],[11,-5],[9,1],[3,-4],[6,-3],[10,2],[-2,-16],[9,-2],[1,6],[6,-1],[-1,18],[6,3],[6,-3],[12,2],[2,11],[5,0],[9,13],[3,11],[5,6],[13,12],[8,20],[6,1],[3,-4],[16,1],[3,9],[5,2],[2,9],[10,15],[4,1],[-2,7],[9,3],[-1,13],[-5,5],[1,5],[9,7],[9,2],[7,15],[7,-2],[9,2],[2,8],[9,1],[3,5],[8,3],[4,7],[11,1],[7,8],[4,2],[1,8],[8,1],[9,8],[9,5],[-2,10],[1,5],[8,8],[7,2],[4,8],[3,2],[-3,7],[3,12],[2,1],[1,12],[-1,11],[-4,4]],[[4463,8426],[3,5],[0,8],[7,-10],[4,0],[0,-14],[-3,0],[-1,-12],[-6,-13],[2,-9],[5,3],[4,-3]],[[4478,8381],[1,-3]],[[4479,8378],[-3,-8],[-6,-1],[1,-6],[-7,-7],[-3,1]],[[4461,8357],[-1,-6],[-6,-1],[0,-14],[10,0],[0,7],[13,4],[1,-4],[11,3],[9,-1],[1,4],[9,1],[2,-3],[8,3],[4,4],[9,4],[5,6],[10,-2],[9,1],[6,6],[2,12],[8,0],[1,14],[5,7],[3,-5],[5,4],[1,6],[4,11],[5,3],[5,-2],[3,10],[-1,8],[11,22],[6,1],[1,7],[3,2],[-1,11],[3,7],[0,5],[3,8],[5,5]],[[4633,8505],[5,-4],[4,8],[6,2],[-2,9],[4,2],[1,6],[9,2],[-2,12],[9,4],[4,8],[3,3],[7,0],[3,7],[15,1],[10,-4],[4,5],[5,1],[3,10],[3,0],[1,7],[-2,5],[1,9],[9,2]],[[4733,8600],[0,-3],[-8,-1],[0,-8],[3,-2],[0,-11],[-4,0],[0,-10]],[[4724,8565],[-6,0],[-5,-7],[-9,-2],[-1,3],[-13,0],[-1,-5],[-4,0],[-10,-3],[-1,-5],[-4,-3],[-2,-6],[-5,1],[1,-9],[-2,-3],[-7,-1],[-5,-5],[1,-9],[-4,-7],[-7,-3],[-1,-5],[-9,-2],[-1,-7],[-2,-4],[1,-8],[-4,-10],[0,-9],[-9,-1],[-1,-7],[-8,-11],[2,-7],[-5,-10],[0,-5],[-9,-2],[-6,-16],[-5,-6],[-9,-1],[1,-9],[-2,-6],[-5,-1],[-3,-10],[-1,-10]],[[4564,8354],[-3,6]],[[4561,8360],[-15,-4],[-12,0],[-1,-3],[-12,-5],[-5,-5],[-6,-2],[-9,2],[-4,-2],[-17,-3],[-2,4],[-6,0],[-4,-3],[1,-9],[-10,-1],[-5,1],[-3,4],[-11,-3],[-6,-20],[-8,-1],[-6,-3],[-2,-4],[-17,-1],[-2,-7],[-3,-1],[1,-7],[-11,-10],[-8,2],[-10,-3],[-2,-9],[-3,-6],[-6,3],[-8,-3],[1,-19],[-6,-3],[-2,-6],[-4,-1],[-4,-10],[-3,-1],[-5,-13],[-6,0],[-4,-12],[-6,-3],[-5,-10],[-8,-1],[-12,-4],[-2,-7],[6,-3],[-3,-3],[-10,3],[-4,-5],[-2,-18],[-5,-3],[-2,-4],[-5,0],[-1,-6],[7,0],[-3,-8],[-8,0],[-3,-5],[1,-5],[8,-3],[11,3],[0,3],[4,8],[5,-1],[10,3],[2,2],[0,11],[-2,7],[7,-2],[10,6],[2,-5],[-2,-3],[0,-13],[-4,-1]],[[4302,8129],[4,-3],[13,1],[3,4],[-3,6],[6,0],[3,6],[3,0],[3,-7],[1,-11],[6,-1],[1,7],[9,2],[2,3],[2,15],[5,5],[0,7],[3,1],[1,-11],[-5,-5],[2,-7],[-6,-12],[2,-6]],[[4357,8123],[-5,2],[-4,-2],[5,-10],[1,-8],[9,-3],[-3,12],[-5,2]],[[4355,8116],[10,-2],[1,-6],[7,4],[8,-5],[4,3],[2,-5],[12,2],[4,-7],[9,5],[5,-4],[3,7],[-3,9],[2,4],[18,1],[8,2],[4,-3],[7,1],[4,3],[-2,10],[3,5],[7,1],[3,-5],[6,1],[3,-2],[10,0],[10,-2],[13,1],[-1,7],[-8,7],[2,3],[7,-6],[5,0],[2,7],[5,3],[9,2],[9,0],[4,2],[-3,10],[9,1],[0,6],[-6,7],[-5,3],[-5,-1],[-3,-5],[-9,-4],[-1,4],[10,4],[4,6],[8,0],[6,-3],[3,5],[9,1],[-6,-12],[5,-5],[14,-1],[-1,4],[17,2],[8,2],[-5,10],[5,1],[3,10],[-4,3],[1,5],[6,1],[-1,9],[4,3],[13,1],[5,4],[10,0],[10,-2],[2,1],[-2,9],[5,3]],[[4653,8241],[2,-6],[5,-8],[-1,-4]],[[4659,8223],[-2,6],[-4,1],[-4,-6],[-7,-3],[0,-7],[-6,3],[-5,-8],[-8,2],[-8,-3],[1,-13],[-9,-6],[4,-11],[-4,-1],[-2,-5],[-6,1],[-5,-5],[-6,8],[-5,-4],[0,-9],[-6,-4],[0,8],[-7,0],[-5,5]],[[4565,8172],[3,-12]],[[4568,8160],[-10,-5]],[[4558,8155],[2,-6],[-4,-2],[0,-7],[-4,-5],[-16,2],[-1,-5],[21,-3],[3,-9]],[[4559,8120],[9,-3],[1,4],[5,1],[2,-5],[6,6],[11,1],[2,-4],[6,-2],[0,-9],[6,0],[-3,-6]],[[4604,8103],[-6,2],[0,13],[-6,-8],[0,-7],[-5,-5],[-9,0],[-2,-3],[-14,0],[0,2]],[[4562,8097],[-2,7],[-3,3],[-8,1],[-3,3],[-14,-3],[-4,-4],[-1,9],[-11,1],[-1,-5],[-4,-4],[-10,4]],[[4501,8109],[-2,-1]],[[4499,8108],[-8,-4],[-5,1],[-3,5],[-8,0],[0,-10],[-6,0],[-3,12],[-8,-2],[-3,-11],[5,1],[2,-11],[-6,0],[-8,-5],[-1,-5],[-6,-2],[-3,6],[-6,-3],[1,-5],[-12,-7],[-1,7],[-8,1],[-5,-2],[-9,-12],[-3,-7],[-4,-3],[-7,2],[-1,10],[-7,0],[1,6],[-4,4],[-3,0],[-3,-5],[-6,1],[-4,4],[1,13],[-7,3],[-7,-1],[-5,5]],[[4339,8094],[6,-12],[-3,-5],[-4,1],[-4,7],[0,7],[-5,3],[0,5],[-14,-1],[-12,-3],[-2,6],[-5,-4],[-8,-3],[6,-9],[-8,-1],[-11,5],[-7,6],[-1,-15],[-5,-1],[-5,8],[-6,-1],[-1,6],[-10,-2],[-6,-9],[7,0],[4,-3],[-2,-11],[3,-5],[-2,-5],[5,-8],[10,-3],[11,-7],[4,0],[4,-4],[6,0],[4,-4]],[[4288,8032],[-16,5],[-10,6],[-4,0],[-4,-8],[1,-6],[7,1],[2,-4],[1,-9],[-1,-7],[6,-1],[1,-10],[-3,-4],[1,-10],[7,4],[4,-15],[5,-5],[9,-1],[-1,7],[9,-3],[16,2],[5,-1],[7,-9],[15,2],[6,2],[6,7],[4,0],[7,-3],[6,-1],[5,-5],[10,3],[13,6],[6,-3],[-1,12],[6,1],[7,10],[21,3],[4,4],[-3,6],[-9,2],[-1,8],[-3,3],[-20,1],[-14,-2],[-1,-3],[-15,-2],[-6,-7],[-12,-1],[-9,-6],[-8,5],[-5,8],[-5,1],[-3,6],[-30,-4],[-5,4]],[[4296,8021],[10,-1],[15,2],[2,3]],[[4323,8025],[7,-2],[4,-5],[13,-9],[6,-2],[5,4],[5,-2],[8,1],[8,8],[14,2],[2,4],[5,-1],[16,3],[11,0],[6,-4],[2,-8],[5,1],[9,-7],[8,1],[2,3],[8,1],[7,-3],[5,-9],[5,1],[7,6],[6,1],[7,5],[2,8],[5,7],[4,-10],[9,2],[7,-2],[7,-5],[-5,-11],[-5,-2],[-6,2],[-4,-7],[2,-8],[-2,-7],[6,-2],[2,-6],[14,-3],[4,-5],[6,1],[2,-8],[7,1],[5,-5],[7,2],[1,7],[8,0],[5,-6],[5,-3],[8,-10],[6,1],[1,5],[-7,-1],[1,5],[6,1],[2,6],[5,-2],[3,-8],[-3,-1],[1,-14],[3,-2],[2,-9],[2,-2],[-2,-15],[1,-16],[4,-7],[0,-7],[2,-5],[1,-10],[9,-4],[4,-6]],[[4639,7853],[-1,-8],[5,-6],[1,-8],[-4,-6],[-2,-8],[4,-12],[4,0],[4,-11],[4,-2],[0,-6],[7,-3],[11,7],[2,7],[0,12],[4,12],[-1,9],[-9,7],[-3,1],[-11,9],[3,4],[-1,9]],[[4656,7860],[3,0],[1,-16],[9,1],[5,3],[-1,6],[-6,-3],[-1,4],[-4,4],[-4,8],[-4,-1],[-2,7],[6,8]],[[4658,7881],[0,-10],[6,-10],[10,-4],[4,-7],[-4,-5],[1,-7],[7,-7],[3,-11],[3,-15],[7,-3],[0,7]],[[4695,7809],[-1,10]],[[4694,7819],[7,-2]],[[4701,7817],[2,2]],[[4703,7819],[-2,10],[7,2],[4,-7],[4,0],[3,6],[3,-2],[3,-6],[-8,-2],[-10,3],[1,-5],[9,-2],[1,-6],[-1,-12],[7,-8],[1,-10],[-2,-11],[-6,2]],[[4717,7771],[-8,1],[-3,-6],[-7,-4],[0,-7],[3,0],[7,5],[1,-5],[-4,-8],[-4,-5],[1,-6],[3,-8],[0,-6],[2,-15],[-4,-4],[0,-14],[7,-6],[4,-6],[1,-18],[-1,-4],[5,-17],[-4,-8],[1,-5]],[[4717,7625],[0,-4],[6,-1],[7,1],[1,-13],[1,-7],[0,-9],[-4,-7],[2,-6],[-5,-2],[-5,-9],[-13,-1],[-3,-5],[3,-7],[6,2],[2,-22],[5,1],[-3,-14],[-3,-3],[0,-5],[-6,-6],[-6,-2],[0,-6],[4,1],[2,-8],[-1,-4],[-6,0],[-1,-8],[4,-2],[1,-9],[4,-10],[-4,-2],[4,-9],[-4,-5],[2,-16],[-2,-9],[4,-3],[-2,-8],[1,-7],[3,-1],[3,-7],[5,-4],[-5,-4],[1,-7],[5,-1],[7,-4],[9,-2],[1,-10],[4,0],[2,-11],[5,-1],[5,-5],[3,-12],[6,-2],[14,-1],[0,-9],[-2,-5],[-1,-11],[-5,-2],[1,-6],[5,-5],[-1,-11],[8,1],[6,-14],[1,-8],[7,1],[5,-4],[1,-5],[3,-4],[1,-7],[10,-8],[3,-9],[-3,-10],[-4,-5],[2,-3],[11,-10],[2,-15],[-1,-6],[5,-3],[1,-4],[-9,-2],[1,-6],[-3,-4],[-5,3],[-5,-7],[4,-6],[0,-6]],[[4814,7139],[-4,6],[-1,7],[-4,-1],[1,-6],[-8,-6],[-2,-7],[1,-6],[9,-11],[0,-6],[4,-2],[0,-7],[5,-5],[2,-15],[6,-4]],[[4823,7076],[-7,-1]],[[4816,7075],[1,3]],[[4817,7078],[-1,1]],[[4816,7079],[-2,4],[-1,10],[-4,0],[-2,-5],[4,-3],[1,-7]],[[4812,7078],[-4,0],[2,-13]],[[4810,7065],[-2,0],[-2,18],[-8,8],[3,10],[-5,9],[-5,2],[-1,6],[-8,-3],[-2,3],[-1,8],[2,3],[-3,15],[-10,4],[-2,11],[-9,5],[-3,8],[2,3],[-1,9],[-4,0],[-4,4],[0,4],[6,5],[5,15],[-9,0],[3,5],[-3,8],[-1,13],[-4,3],[-1,9],[-2,2],[-8,-3],[-13,11],[0,7],[-3,6],[-1,7],[3,10]],[[4719,7290],[6,-6],[0,-5],[-4,-6],[0,-7],[5,2],[5,5],[2,8],[4,6],[-4,19],[-6,2],[-5,5],[-5,0],[-6,13],[-4,3],[3,11],[-4,4],[-2,10],[4,7],[-10,2],[-7,-1],[-5,2],[-7,-1],[-3,4],[-6,-1],[-8,-9],[-7,-2],[-2,-5],[1,-13],[-2,0],[-2,20],[0,7],[-9,-4],[0,6],[4,3],[2,8],[-1,9],[3,3],[-3,7],[-1,21],[-8,5],[-4,6],[-6,5],[1,6],[7,6],[0,14],[6,6],[4,1],[7,-6],[6,6],[1,11],[2,11],[10,-1],[7,0],[-3,15],[-3,4],[-1,6],[4,16],[-11,10],[-2,9],[-3,4],[-1,9],[-2,2],[3,11],[8,7],[5,-3],[18,4],[5,-1],[3,-10]],[[4698,7570],[8,9],[1,6],[6,2],[1,7],[-1,5],[-6,0],[-7,-3],[0,10],[-5,4],[0,5],[7,5],[-3,10],[-8,-4],[-2,5],[-6,-2],[-5,8],[-5,2],[3,6],[-1,5],[2,13],[-6,5],[-12,-1],[0,5],[5,1],[4,7],[-9,10],[-3,-4]],[[4656,7686],[6,-7],[-6,-5],[-8,5],[-15,0],[-2,11],[-9,5],[-5,0],[2,-7],[5,-4],[3,-7],[-6,0],[0,5],[-8,-2],[-5,1],[-5,6],[7,10],[-3,4]],[[4607,7701],[-1,7],[-9,-1],[-3,-4],[-6,3],[-3,4],[1,4],[-6,5],[-4,6],[-13,5],[-6,8],[-4,0],[-1,14],[-3,7],[-6,6],[-8,3],[-2,-2],[-10,-3],[-4,2],[-8,8],[-1,6],[-7,7],[-5,-1],[-8,5],[-12,0],[-8,7],[-4,-1],[-7,5],[-2,5],[-7,0],[-3,1],[-1,10],[-4,2],[-1,7],[-4,4],[-7,2],[-1,3],[-7,2],[-2,27],[-5,6],[-6,3],[0,5],[-8,6],[0,3]],[[4401,7887],[-8,-1]],[[4393,7886],[-3,8],[-4,1]],[[4386,7895],[-1,0]],[[4385,7895],[-4,6],[-7,1],[0,6],[-6,0],[-1,6],[-3,2],[-1,8],[6,2],[4,-15],[4,-2],[0,-7],[7,-1],[9,7],[-1,17],[-3,4],[2,5],[4,1],[3,11],[3,2],[-4,7],[-7,5],[-7,-1],[-2,-3],[-6,7],[-4,0],[-4,-8],[-12,-2],[-8,0],[-1,8],[-5,0],[-12,-3],[-4,9],[-6,4],[-4,0],[-1,-5],[-5,-2],[-5,5],[-5,-1],[3,-10],[-5,0],[-3,3],[-5,-2],[1,-10],[3,-6],[-11,2],[0,-12],[8,-7],[11,0]],[[4301,7926],[-1,-7],[-5,-2],[-7,7],[-5,0],[-9,8],[0,14],[5,0],[1,7],[-12,-4],[0,8],[-6,2],[-2,9],[-5,-1],[-2,-6],[-10,1],[0,11],[2,5],[12,4],[-3,6],[0,12],[1,7],[-1,11],[-5,-1],[-1,6],[-3,7],[-10,1],[-4,11],[-7,1],[0,4],[6,8],[1,8],[-8,9],[-2,-7],[-6,-3],[-1,4],[-6,-1],[0,-4],[-8,-6],[1,-8],[-7,-11],[-8,6],[-3,-4],[-19,-4],[-5,-6],[0,-7],[-11,-2],[-1,-8],[-12,-19],[-5,0],[-1,-7],[-12,-1],[-3,2],[-9,-3],[-12,0],[-10,-2],[-6,-5],[-5,-1],[-3,-4],[-8,-2],[-5,3],[-5,-1],[-3,-4],[-7,0],[-10,6],[1,-4],[-9,-4],[-18,0],[-3,-5],[-2,13],[3,9],[-1,11],[-7,0],[2,-13],[-5,-6],[-9,-1],[0,4],[-6,0],[2,9],[-11,2],[-6,-11],[-12,1],[-6,3],[-12,-7],[-4,-7],[-8,-4],[1,-6],[-8,-8],[-10,-1],[-4,6],[-6,-4],[-2,5],[-5,-6],[-4,-11],[6,-12],[7,1],[-8,-16],[3,-1]],[[3890,7910],[-4,-1]],[[3886,7909],[-1,-3]],[[3885,7906],[-7,-2],[-11,-7],[-8,0],[-5,-6],[-4,0],[-18,-4],[2,-7],[-8,-14],[-2,3],[-7,-3],[-8,0],[1,-4],[0,-10],[-4,5],[-5,-7],[2,-5],[5,2],[3,-9],[5,-3],[8,2],[3,5],[5,-3],[0,-8],[11,6],[1,-4],[10,-5],[-6,-4],[-14,-3],[-11,1],[1,-7],[4,-4],[8,1],[7,3],[1,-10],[8,0],[3,-8],[-1,-5],[-11,9],[-16,2],[-8,10],[-6,1],[-1,4],[-5,8],[-8,-1],[-5,-3],[-1,-5],[-9,5],[-7,-5],[-12,0],[-1,-5],[-7,2],[-6,-3],[-7,-8],[5,-4],[7,-2],[0,-5],[-15,-2],[-7,-8],[-8,1],[-3,-5],[-2,-12],[-6,-4],[3,-7],[8,3],[1,-7],[-2,-6],[-7,-1],[-9,1],[-2,7],[-12,-1],[-4,1],[0,6],[-6,-1],[-4,-4],[-8,3],[-6,-2],[-2,-5],[-6,1],[-4,-4],[-6,-1],[-8,-7],[1,-8],[-3,-6],[0,-5],[6,1],[2,-3],[10,1],[2,-4],[-3,-10],[-5,4],[-6,-2],[-5,2],[-9,-9],[-8,-1],[-5,-12]],[[3618,7686],[-4,-4],[2,-7],[5,-2],[5,-5],[-2,-11],[-12,-8],[2,-6],[-7,-7],[-1,-6],[-11,-5],[-12,0],[-2,-8],[-8,-1],[-4,5],[-5,-6],[1,-8],[-5,-10],[-6,0],[0,-10],[2,-13],[-3,-2],[-4,8],[-2,12],[-7,4],[-4,7],[-7,-2],[-1,-6],[-5,-1],[-8,8],[-8,-6],[-12,-1],[-1,-8],[-9,-7],[-13,-2],[-2,4],[-5,0],[-8,5],[0,8],[-6,5],[-11,1],[-2,-6],[1,-8],[-2,-8],[-10,-12],[0,-5],[-4,-4],[-10,-1],[7,-10],[-3,-4],[-19,-1],[-2,3],[-8,-2],[3,-5],[1,-6],[-3,-4],[0,-7],[-5,-4],[-8,6],[-12,-2],[3,-7],[-6,-2],[-9,1],[-15,-1],[0,5],[-11,-2],[-6,6],[-20,-2],[-3,-4],[-13,-3],[-7,6],[-7,-4],[-8,-8],[-3,-13],[1,-17],[-1,-10],[2,-15],[-1,-8],[-8,-7],[2,-2],[-4,-13],[8,3],[1,6],[5,-1],[10,-19],[0,-7],[-8,-8],[-8,10],[-9,-2],[-7,-4],[4,-13],[-13,-1],[-3,1],[-6,-6],[-3,-7],[-3,0],[-9,-13],[-8,-1],[2,-10],[-6,-1],[-2,-6],[2,-9],[0,-4],[-8,-3],[-2,-9],[-5,-5],[-12,-2],[-8,-5],[-2,-9],[-3,-3],[-7,-6]],[[3150,7287],[5,4],[0,5],[4,6],[-2,9],[10,1],[12,4],[4,4],[-2,8],[0,6],[-3,2],[-3,12],[-4,3],[-7,-1],[-7,-5]],[[3157,7345],[-2,-10],[-6,-1],[-1,-7],[-6,-5],[-2,-4],[-6,-3],[-12,-2],[-20,-3],[-5,-4],[-4,-7],[0,-6],[4,-6],[11,0],[4,-3],[4,2],[13,1],[3,-3],[3,-14]],[[3135,7270],[-7,-2],[0,-4],[4,-3],[0,-11],[-4,-3],[-7,-1],[-1,5],[-14,3],[-2,5],[-12,1],[-11,-2],[-4,-7],[-16,-2],[-2,1],[-9,-11],[-5,-1],[-7,-8],[-5,0],[-12,-11],[-6,-2],[-2,-5],[0,-7],[-2,-9],[-5,-4],[-23,-3],[-4,-1],[-4,-12],[-4,0],[-4,-12],[-10,-1],[1,-10],[7,-3]],[[2965,7150],[1,3]],[[2966,7153],[3,0],[8,-6],[2,-9],[-7,-6],[-7,2],[-2,4],[-8,-3],[-2,-5],[-6,-2],[-5,-18],[-9,-2],[-2,-6],[13,1],[6,7],[-1,5],[4,3],[8,-1],[2,-12],[-6,-3],[0,-5],[4,-4],[2,-8],[-3,-2],[-10,-4],[-4,17],[-7,-11],[1,-6],[-6,-3],[-4,4],[-8,-2],[-6,3],[-4,-2],[-13,0],[0,3],[-10,0]],[[2889,7082],[0,-4]],[[2889,7078],[5,0],[2,-3],[1,-11],[-5,-4],[-5,-1],[-7,5],[-9,5],[-1,6],[-4,0],[-1,-11],[-6,4],[-9,-5],[0,-5],[6,-1]],[[2856,7057],[-10,-1],[-3,-3],[0,-7],[-6,-6],[-5,-1],[-7,-10],[-2,-6],[-5,-3]],[[2818,7020],[-6,-1]],[[2812,7019],[-4,-7],[6,-5]],[[2814,7007],[-1,-13],[-10,-2],[0,-8],[-8,-1],[-3,10],[-5,4],[-11,0],[-2,2],[-8,-2],[-8,-4],[-5,-1],[-6,3],[-12,0],[-4,-8],[-5,0],[-2,-11],[-6,-5],[6,-5],[-2,-9],[-5,-4],[-2,-9]],[[2715,6944],[-6,-11],[-7,-1],[-3,-7],[-8,-2],[-6,-8],[-9,0],[-1,-10],[-5,-4],[-5,-1],[-4,-8],[0,-4],[-9,-7],[-5,0],[-4,-11],[-11,-8],[-10,-1],[1,-5],[7,-6],[0,-8],[-6,-4],[1,-9],[-8,2],[0,6],[-12,0],[-1,-12],[-7,-1],[1,-9],[8,-2],[3,-14],[-3,-3]],[[2606,6796],[3,-18],[6,-8],[3,-13],[13,3],[-2,3],[-7,-1],[-4,6],[-3,7],[4,6],[4,-1],[4,10],[1,-13],[4,-2],[0,-8],[2,-7],[-3,-2],[-12,-3],[-5,5],[-1,8],[-5,2],[0,6],[-5,2],[-1,-7],[-3,-7],[3,-13],[-7,-2],[1,-9],[4,-1],[-1,-10],[-4,-2],[-10,8],[-2,5],[-14,-1],[-1,-3],[8,-11],[-4,-6],[-6,-1],[6,-7],[9,-4],[-9,-13],[-7,0],[-4,2],[-3,14],[-11,-1],[-8,10],[1,-11],[-3,-12],[-3,-3],[-10,5],[-9,-1],[-1,7],[-4,-1],[2,-20],[5,-7],[-5,-2],[-13,-1],[7,6],[-11,10],[-1,-7],[-9,-4],[0,-10],[-5,-6],[-9,3],[-8,-1],[2,-6],[-7,0],[1,-11],[5,-1],[-1,-5]],[[2463,6641],[2,-3],[-4,-5],[-7,-17],[1,-6],[-3,-4],[-4,9],[-11,-1],[-8,-7],[-5,0],[-3,-5],[1,-15],[-3,-8],[12,3],[3,5],[10,1],[5,-2],[1,6],[7,1],[3,-17],[8,-13],[8,9],[4,0],[5,-6],[1,-14],[-2,-4],[-20,-3],[3,7],[-8,1],[0,11],[-3,13],[-4,-1],[-1,-6],[-13,-1],[-6,4],[4,5],[-3,3],[-8,-3],[-13,-10],[0,-9],[-2,-6],[-7,-5],[-7,-2],[-1,-10],[5,-4],[1,-5],[-10,-5],[2,-5],[5,-8],[2,-16],[-13,0],[6,-13],[5,-3],[6,0],[3,-4],[4,0],[4,6],[6,2],[-5,9],[-1,7],[7,3],[9,8],[6,3],[2,-6],[-13,-2],[7,-11],[1,-7],[-5,-8],[1,-7],[-10,-1],[1,-7],[5,-8],[4,0],[-1,-8],[-12,-3],[-3,-6],[-7,-1],[2,-6],[8,-6],[1,-4],[-7,-1],[2,-18],[18,-35],[7,-17],[1,-15],[-11,-16],[-5,-3],[-13,-1],[-13,12],[-9,6],[-8,10],[-3,35],[-2,14],[-7,5],[-4,8],[-1,12],[3,5],[-2,3],[1,6],[0,11],[-8,-1],[-8,-3],[-5,-10],[-11,-5],[-10,-1],[-6,-7],[-9,-4],[2,-8],[7,1],[7,-8],[2,-6],[2,-25],[-4,-6],[-6,-1],[-10,-7],[5,-3],[15,2],[10,0],[13,-5],[5,-4],[7,-1],[22,-22],[23,-15],[13,-12],[7,-11],[3,-7],[2,-24],[-1,-11],[0,-15],[-9,-12],[-7,-1],[-3,8],[-6,4],[-11,-1],[-14,7],[0,4],[-9,1],[-9,10],[-4,-1],[-6,7],[-1,11],[-2,4],[-13,0],[-4,2],[-1,7],[-5,-1],[-9,12],[-2,23],[-9,-3],[-9,5],[0,25],[6,5],[-4,3],[-7,-10],[-4,0],[-10,-7],[-1,-9],[-1,-4],[-9,-2],[-8,4],[-3,12],[-7,8],[0,4],[7,14],[11,5],[8,1],[1,5],[-3,8],[-10,3],[-2,7],[2,8],[5,3],[-3,9],[-6,1],[-6,-5],[-6,-3],[-7,-1],[-8,-5],[-9,9],[0,2],[-15,2],[-1,6],[-7,-1],[-2,-5],[-7,-3],[-10,-8],[-5,0],[-4,-10],[-10,-5],[-9,-5],[0,-5],[8,-1]],[[2163,6363],[-6,0],[-1,-5],[-7,-3],[-8,0],[-2,-3],[-11,0],[0,-6],[-9,-1],[-16,-7],[-5,-1],[-5,-4],[-8,0]],[[2085,6333],[-8,-4],[0,-3],[-8,-4],[-2,-10],[-4,-5],[-9,-3],[-4,-7],[-6,-9],[-6,-5],[-17,-2],[8,-6],[9,-5],[6,-5],[3,-10],[-5,-7],[0,-17],[-3,-7],[0,-6],[-10,-13],[-9,-2],[-5,1],[-8,5],[0,17],[-11,1],[8,15],[1,16],[4,3],[-3,8],[-1,6],[7,7],[-6,10],[-18,-8],[-3,-3],[-2,-9],[-7,-10],[-5,-4]],[[1971,6258],[4,1],[2,-7],[6,-4],[1,-15],[-4,-6],[-3,-11],[-5,-6],[-7,8],[-2,13],[3,8],[0,6],[-5,8],[-9,1],[-2,3],[-14,1],[-5,-4],[-7,3],[-14,0],[0,-4],[-6,-3],[-6,-9],[-5,-7],[-1,-10],[0,-11],[4,-3],[-7,-10],[1,-9],[-7,-2],[-1,4],[-11,-2],[-3,-13],[-1,-12],[-6,-8],[-8,-5],[-4,-9],[-4,-3],[1,-5],[4,-1],[4,-8],[-3,-2],[-9,1],[-11,-2],[-3,2],[-10,-1],[-5,-9],[1,-11],[-1,-4],[-5,0],[-2,-4]],[[1806,6097],[-5,2],[-4,4],[1,6],[5,2],[1,-10],[7,2],[-2,19],[-5,-7],[-5,0]],[[1799,6115],[-2,-4],[-7,-2],[-4,3],[4,8],[5,3],[4,10],[6,8],[-8,3],[1,5],[4,6]],[[1802,6155],[0,6],[-6,3],[-10,0]],[[1786,6164],[2,2]],[[1788,6166],[2,5],[8,2],[4,7],[10,7],[2,-2],[1,-8],[6,1],[-1,16],[1,7]],[[1821,6201],[2,8]],[[1823,6209],[7,-1],[1,7],[8,6],[7,1],[4,8],[5,0],[-1,8],[-6,-6],[-5,4],[0,8],[10,5],[-3,4],[-3,11],[2,9],[4,0],[3,-4],[4,5],[0,5],[-5,1],[7,10],[-9,1],[-1,6],[3,5],[-1,14],[-4,-2],[-6,8],[-3,-2],[1,-9],[-8,-2],[-3,7]],[[1831,6316],[6,3],[-3,10],[-5,0],[1,-10],[-8,4],[4,7],[-3,7],[-1,7],[-6,0],[-3,6],[1,8],[-1,9],[-2,6],[1,16],[4,3],[10,1],[8,-3],[14,-15],[3,-6],[1,-12],[-10,-14],[-9,-4],[-1,-6],[8,-9],[5,0],[13,-8]],[[1858,6316],[-3,6],[7,5],[5,2],[0,5],[5,8],[4,11],[6,0],[0,12],[5,5],[8,-3],[3,-5],[4,0],[0,15],[13,6],[0,5],[5,2],[4,7],[3,12],[3,6],[3,0],[0,8],[5,2],[4,10],[6,-1],[0,6],[4,3],[3,7],[7,13],[8,6],[1,3],[8,3],[15,3],[6,6],[6,2],[8,8],[9,10],[0,6],[9,7],[1,6],[0,10],[3,14],[7,1],[0,22],[-6,3],[-14,-3],[-3,2],[-7,18],[-7,-1],[3,10],[-1,9],[3,8],[5,-3],[7,2],[-2,9],[6,15],[3,3],[-2,12],[-10,-1],[1,8],[7,1],[8,3],[-5,11],[-9,9],[0,7],[-6,4],[-3,13],[0,9],[1,6],[10,11],[4,2],[1,7],[4,4],[-2,4],[-5,0],[-2,3],[-7,-6],[-8,0],[0,4],[-5,1],[-6,-3],[-2,-6],[-5,2],[-5,5],[-2,8],[2,2],[-1,8],[5,4],[7,-1],[2,10],[11,13],[-20,-2],[0,-11],[-7,1],[-9,-1],[-1,-6],[2,-8],[-1,-6],[0,-16]],[[1972,6747],[-8,-4],[1,-7],[-4,-6],[1,-6],[-7,1],[1,-15],[-5,-3],[-1,-9],[-4,-1],[-6,8],[-2,24],[3,5],[1,8],[11,1],[7,-8],[3,1],[0,14],[2,8],[3,2],[-8,15],[1,5],[4,0],[2,-10],[4,0],[-3,14],[14,2],[4,7],[-3,7],[17,1],[9,-2],[2,-7],[9,3],[0,7],[-5,-1],[2,8],[-5,-1],[-4,5],[-7,-1],[0,6],[-6,0],[1,12],[-3,1],[-1,10],[-9,5],[-1,-6],[-7,-3],[-1,10],[-3,8],[-1,8],[7,-1],[11,-8],[10,2],[5,-1],[6,-8],[0,-9],[-7,-10],[1,-7],[7,5],[4,8],[5,0],[10,-4],[3,-5],[-1,-10],[-8,-1],[0,-6],[5,1],[4,4],[5,0],[4,-4],[6,0],[-4,9],[6,11],[-3,1],[-1,8],[1,6],[-4,2],[-9,-1],[-6,7],[2,14],[3,7],[-2,5],[4,6],[4,2],[-2,5],[-7,-5],[-18,-2],[-11,-8],[-8,1],[-5,5],[2,6],[2,12]],[[1991,6900],[9,0],[3,-9],[4,1],[8,5],[0,11],[7,5],[8,1]],[[2030,6914],[0,5],[8,7],[-4,8],[6,4],[-3,4],[-1,11],[-7,4],[-7,-1],[1,6],[-7,-1],[-3,-5],[-7,0],[-4,14],[3,0],[4,-6],[8,5],[-3,9],[3,3]],[[2232,7196],[1,-5],[4,0],[0,7],[-5,-2]],[[2224,7321],[-6,-5]],[[2218,7316],[6,5]],[[2228,7325],[-4,-4]],[[2224,7321],[4,4]],[[2228,7325],[0,-6],[4,0],[2,6],[-6,0]],[[2405,7747],[8,4],[0,5]],[[2413,7756],[-9,-3],[1,-6]],[[2449,7791],[4,2],[2,5],[6,1],[-2,10],[-9,0],[0,-4],[-5,-5]],[[2445,7800],[-1,-6],[5,-3]],[[2451,7782],[2,6],[-4,3]],[[2449,7791],[2,-9]],[[2701,8782],[-3,0],[1,-11],[4,3],[-2,8]],[[2552,8149],[-7,-5],[0,-6],[-5,-9],[1,-13],[3,-7],[8,1],[5,6],[-1,5],[7,1],[2,6],[4,3],[-2,5],[2,8],[-1,12],[-7,-1],[-4,-9],[-5,3]],[[2648,8264],[-3,-5],[-8,-4],[0,-12],[7,1],[-3,-6],[2,-5],[-9,-4],[-2,-6]],[[2632,8223],[1,-8],[6,0],[3,7],[5,0],[5,7],[1,7],[3,6],[1,9],[-4,1],[0,10],[-5,2]],[[2672,8308],[-5,4],[-5,-2],[-14,-1],[-3,2],[-6,-8],[-5,-1],[4,-7],[-6,-4],[2,-15],[3,-4],[5,-2],[-1,-6],[7,0]],[[2648,8264],[5,12],[8,2],[-4,10],[5,1],[6,-10],[5,5],[7,1],[5,5],[-5,5],[0,9],[-7,0],[-1,4]],[[2672,8308],[6,4],[-3,7],[-3,-11]],[[2841,8834],[-7,-1],[0,-6],[3,-5],[6,6],[-2,6]],[[3156,8849],[-6,3],[1,-9],[5,6]],[[3329,8935],[2,-8],[5,2],[2,7],[-4,6],[-5,-7]],[[2833,8601],[1,5]],[[2834,8606],[-1,-5]],[[2643,8122],[-2,-6],[8,0],[-2,9],[-4,-3]],[[2635,8038],[-4,6],[-5,-4],[3,-9],[1,-8],[7,-1],[0,6],[-2,10]],[[2568,7344],[22,10],[3,5],[-12,-1],[-6,-7],[-4,2],[-3,-4],[0,-5]],[[2554,7267],[7,3],[0,6],[-7,-1],[0,-8]],[[2461,7237],[0,8],[-6,-1],[2,-5],[4,-2]],[[2071,6576],[-1,-5],[9,-2],[1,6],[-9,1]],[[1968,6345],[-9,3],[-1,7],[5,1],[2,5],[-2,6],[8,-1],[12,0],[3,6],[-9,0],[0,6],[-10,5],[0,6],[3,7],[9,0]],[[1979,6396],[-2,5],[-4,1]],[[1973,6402],[7,5],[14,3],[-1,4],[5,8],[-1,23],[6,5],[2,11],[-9,3],[4,8],[-9,-1],[-15,1],[-5,-6],[-7,-4],[-4,-7],[2,-9],[-8,-3],[-4,-4],[-1,-6],[-5,-1],[-1,-4],[-4,-3],[-1,-7],[-3,-7],[-4,-1],[-5,-14],[-12,-19],[16,1],[5,-5],[1,-6],[-5,-6],[-4,-9],[6,1],[0,4],[3,8],[5,0],[6,-5],[0,-6],[5,1],[1,-13],[9,-4],[8,3]],[[1970,6341],[1,1]],[[1971,6342],[-3,3]],[[1979,6396],[0,-12],[6,-4],[7,2],[-1,9],[-4,4],[-8,1]],[[1921,6365],[-5,3],[-4,-6],[-3,11],[-3,-1],[1,-9],[10,-7],[4,9]],[[3114,7412],[1,-6],[-3,-8],[1,-7],[4,1],[3,7],[10,0],[5,4],[0,5],[7,3],[-1,13],[5,16],[0,6],[-14,-12],[-6,0],[-11,-11],[-1,-11]],[[3141,7406],[-2,-1],[-4,-7],[-9,-3],[-5,2],[-9,-15],[20,3],[9,-1],[-2,18],[2,4]],[[3289,7619],[8,0],[-1,5],[-6,-1],[-1,-4]],[[3336,7700],[5,-6],[7,3],[5,10],[-10,-2],[-7,-5]],[[3586,8382],[5,5],[-3,4],[-5,-2],[3,-7]],[[3605,8582],[1,-8],[3,1],[2,9],[-6,-2]],[[3614,8378],[-2,5],[-4,-3],[2,-5],[4,3]],[[3580,8362],[-8,-2],[0,-5],[7,0]],[[3579,8355],[1,7]],[[3610,7804],[5,-11],[3,-2],[-2,20],[-6,-7]],[[3915,7966],[5,3],[1,10],[-13,-3],[-3,-5],[4,-4],[6,-1]],[[3915,7966],[-12,-11],[14,2],[-2,9]],[[4575,8115],[-2,-6],[1,-10],[-6,2],[-6,-4]],[[4562,8097],[2,2],[11,-3],[3,11],[6,1],[6,7],[-2,9],[-4,-2],[-5,-7],[-4,0]],[[4339,8094],[2,4],[-6,5],[-4,-8],[8,-1]],[[4693,7800],[-5,-9],[2,-11],[7,3],[-4,17]],[[4708,7775],[-3,7],[-4,-5],[7,-2]],[[4698,7570],[-4,3],[-4,-6],[1,-17],[5,4],[-1,11],[3,5]],[[4638,7710],[-10,13],[-4,-2],[-1,-7],[-2,-5],[19,-8],[4,-5],[-4,-7],[4,-5],[12,2]],[[4656,7686],[-3,9],[-3,1],[-8,12],[-4,2]],[[4393,7886],[5,3],[-2,8],[-4,-1],[1,-10]],[[3618,7686],[0,8],[-5,0],[0,-7],[5,-1]],[[2965,7150],[5,-3],[3,-8],[3,4],[-3,6],[-8,1]],[[2881,7082],[8,0]],[[2889,7082],[-8,0]],[[2965,7147],[-4,0],[-6,10],[-2,10],[-3,2],[-1,6],[7,5],[15,2],[-2,6]],[[2969,7188],[6,3],[0,5],[9,1],[2,8],[-8,1],[-13,-3],[-6,-3],[-9,2],[-4,-4],[1,-7],[-5,-2],[-15,-2],[-9,3],[-4,-5],[-9,-4],[-12,-1],[-10,-16]],[[2883,7164],[5,-6],[1,-10],[4,-3],[2,-11],[-3,-4],[-1,-8],[-5,-6],[-13,-9],[-2,-8],[-7,-2],[-1,-9],[3,-6],[5,1],[-1,-6],[5,-5],[4,0],[-1,8],[3,2]],[[2881,7082],[1,4],[15,1],[3,5],[7,2],[1,5],[7,0],[7,5],[0,-11],[7,6],[-2,10],[5,5],[6,1],[5,6],[3,11],[7,2],[0,11],[12,2]],[[2872,7146],[-7,-11],[4,-5]],[[2869,7130],[-3,-8],[8,2],[1,-4],[8,7],[4,11],[-1,18],[-3,8]],[[2883,7164],[0,6],[7,10],[-8,-2],[-3,-16],[-8,-5],[1,-11]],[[2606,6796],[-3,8],[-8,-1],[-5,-6],[0,-6],[-6,-3],[0,-3],[5,-17],[7,1],[5,6],[-1,7],[6,2],[-3,11],[3,1]],[[1799,6115],[8,5],[0,4],[-10,-1],[-5,-3],[2,-4],[5,-1]],[[1828,6130],[5,-1],[4,7]],[[1837,6136],[2,6],[11,18],[8,8],[1,8],[3,4],[2,17],[-4,0],[-3,8],[-7,-1],[-9,-11],[2,-11],[-9,-1],[-2,-5],[-6,1],[-9,-2],[-4,-4],[-6,-3],[-5,-13]],[[1802,6155],[2,-8],[4,-3],[0,-5],[-9,-10],[0,-4],[16,2],[13,3]],[[1837,6136],[-1,-6],[8,2],[-1,7],[-6,-3]],[[1821,6201],[0,-3],[9,-1],[-1,-9],[4,-4],[4,1],[1,9],[-3,1],[-2,11],[-9,-1],[-3,-4]],[[1858,6316],[-2,-5],[1,-8],[7,8],[4,-5],[6,0],[-3,9],[-11,-3],[-2,4]],[[4756,7270],[-5,-3],[-2,9],[-2,18],[-4,-2],[-9,-12],[-1,-5],[0,-14],[5,-2],[6,-5],[7,4],[0,-11],[5,6],[3,6],[-3,11]],[[2787,7026],[11,2],[2,5],[4,1],[0,9],[4,5],[-4,4],[-6,-2],[-1,-7],[-11,-7],[-12,-2],[-7,-8],[1,-11],[6,0],[1,5],[6,6],[6,0]],[[2788,7021],[-1,5]],[[2787,7026],[1,-5]],[[2788,7021],[2,-4],[7,1],[5,5],[-2,3],[-12,-5]],[[2807,7027],[1,-3],[11,14],[0,3],[-8,3],[-3,-3],[-1,-14]],[[2737,7011],[-4,1],[-4,-9],[7,0],[1,8]],[[2647,6986],[-5,3],[-5,-1],[5,-8],[5,6]],[[2644,6960],[6,-4],[2,9],[5,6],[5,2],[1,6],[5,-2],[3,5],[-6,2],[-6,-1],[-13,-2],[6,-7],[-24,-3],[-5,-2],[-5,5],[-2,-3],[0,-7],[5,-4],[7,2],[0,-6],[4,-4],[5,1],[7,7]],[[2713,6982],[-1,-8],[8,6],[1,7],[-2,5],[-6,-10]],[[2713,6982],[-6,1],[-3,-3],[0,-7],[4,-1],[1,7],[4,3]],[[2041,6908],[-9,2],[0,-6],[6,0],[3,4]],[[2597,6964],[-1,-8],[7,1],[0,-6],[8,2],[-6,11],[-8,0]],[[2699,6967],[3,5],[-3,4],[-5,-8],[5,-1]],[[2671,6954],[1,5],[-3,3],[-4,-3],[0,-5],[6,0]],[[2713,6967],[-3,2],[-6,-3],[1,-12],[8,2],[2,5],[-2,6]],[[2692,6967],[-4,-3],[2,-9],[4,1],[-2,11]],[[2049,6874],[3,-11],[3,-4],[6,3],[-1,12],[-3,1],[-11,12],[-4,-9],[1,-4],[6,0]],[[2625,6945],[1,-6],[7,5],[-8,1]],[[2580,6935],[11,2],[1,4],[-12,-1],[0,-5]],[[2644,6910],[1,8],[-6,2],[-9,-1],[-5,4],[-4,8],[-11,5],[-9,0],[0,3],[-7,1],[-1,-5],[-5,-3],[2,-26],[5,-2],[4,-9],[10,2],[0,6],[-3,10],[2,10],[5,3],[6,-9],[1,-9],[-3,-3],[1,-9],[8,0],[2,3],[6,4],[2,4],[8,3]],[[2645,6906],[-1,4]],[[2644,6910],[1,-4]],[[2514,6923],[-6,4],[-7,0],[4,-8],[8,-2],[1,6]],[[2546,6909],[8,-3],[0,7],[5,7],[-3,4],[-4,-2],[-5,-8],[-1,-5]],[[2447,6841],[-3,-2],[1,-13],[4,8],[10,2],[3,-3],[0,-12],[-6,-2],[-2,-8],[1,-9],[-4,-7],[2,-7],[7,1],[1,10],[5,8],[8,0],[5,14],[-5,3],[2,7],[11,-1],[3,6],[3,2],[4,-4],[9,1],[13,9],[4,9],[-13,-2],[-1,-4],[-10,-2],[-1,4],[11,3],[3,16],[3,-3],[11,4],[7,0],[2,-2],[7,1],[6,4],[5,15],[-12,-4],[0,14],[-7,2],[-17,0],[-2,2],[-9,-1],[-1,-3],[-22,-2],[-3,-1],[-6,-9],[-8,-1],[-4,-4],[-3,-6],[-11,-3],[5,-16],[-4,-3],[-2,-11]],[[2633,6883],[5,0],[2,4],[-3,5],[-4,-9]],[[2621,6881],[-6,7],[-2,-5],[8,-2]],[[2571,6864],[0,-4],[13,-2],[0,5],[-6,0],[-4,4],[-3,-3]],[[2537,6849],[11,3],[-3,9],[-11,-2],[3,-10]],[[2436,6825],[4,1],[1,6],[-2,9],[-4,-9],[1,-7]],[[2436,6825],[-9,-13],[1,-10],[-3,-7],[7,1],[7,-4],[6,3],[3,12],[-4,1],[0,5],[-8,5],[0,7]],[[2518,6753],[8,1],[5,-6],[11,6]],[[2542,6754],[-3,-3],[-1,-9],[-13,-1],[-6,-1],[-12,-19],[-8,-1],[-11,-9],[5,-4],[-7,-9],[-2,4],[-4,-1],[-3,-5],[6,-12],[5,0],[6,11],[5,-2],[4,-6],[5,2],[-1,17],[7,4],[3,-5],[17,-7],[3,12],[-1,8],[8,10],[0,9],[6,2],[5,-5],[2,5],[7,3],[16,1],[-2,3],[-1,8],[-2,3],[0,9],[3,5],[5,2],[-2,10],[-6,-2],[0,6],[4,4],[-1,9],[-6,2],[0,-8],[-14,-2],[-9,-3],[-7,-4],[0,-8],[-8,-3],[0,6],[-4,4],[-7,-1],[2,-10],[-7,-8],[-3,-6]],[[2515,6759],[-2,6],[-8,1],[-3,4],[-1,9],[2,3],[10,1],[2,-3],[5,1],[3,6],[9,-1],[12,1],[3,4],[-3,8],[4,3],[0,7],[8,-1],[1,10],[7,12],[-3,18],[-5,2],[-7,-9],[-8,-2],[-13,-8],[2,-5],[11,3],[4,-2],[0,-6],[-6,-4],[-13,-3],[0,8],[-10,-2],[-3,-5],[-9,0],[-5,-6],[4,-6],[0,-6],[-12,-5],[-13,-4],[-8,-1],[-3,-8],[11,2],[1,-4],[-7,-3],[2,-14],[-10,2],[-9,-1],[-7,-3],[-10,-1],[-4,6],[-11,-12],[0,-5],[10,4],[-1,-15],[-2,-3]],[[2430,6732],[1,-3],[9,1],[2,-3],[0,-10],[5,2],[4,-3],[3,-7],[10,1],[-2,16],[-4,8],[5,6],[0,5],[13,0],[1,-8],[-9,-11],[0,-13],[6,0],[10,7]],[[2484,6720],[-1,4],[14,4],[2,10],[6,-3],[10,12],[3,6]],[[2430,6732],[0,13],[-7,-3],[1,-7],[-5,-1],[-6,-4],[2,-9],[4,-5],[0,-8],[6,-3],[5,1],[3,7],[0,4],[-6,3],[0,11],[3,1]],[[2484,6720],[6,-1],[1,5],[-7,-1],[0,-3]],[[2423,6818],[4,1],[-1,14],[-4,-5],[1,-10]],[[2595,6829],[1,3],[-7,3],[-2,-5],[3,-6],[5,5]],[[2413,6777],[1,3],[6,1],[-1,11],[-3,0],[-6,-8],[-1,-6],[4,-1]],[[2563,6807],[-6,-2],[0,-5],[6,2],[0,5]],[[2450,6784],[-6,-3],[2,-4],[11,0],[2,3],[-6,6],[-3,-2]],[[2409,6745],[0,-7],[9,1],[0,11],[-5,-5],[-4,0]],[[2588,6741],[5,0],[-2,16],[2,8],[-13,2],[-2,-2],[1,-13],[4,-8],[5,-3]],[[2595,6762],[-1,-10],[5,0],[0,6],[-4,4]],[[2398,6716],[3,3],[-3,9],[-5,-5],[5,-7]],[[2552,6720],[-4,-2],[-1,-5],[9,3],[4,-8],[4,-4],[2,-6],[6,1],[3,6],[-3,4],[-4,0],[-5,5],[9,13],[-12,9],[-8,-14],[0,-2]],[[2595,6737],[-5,-5],[6,-1],[-1,6]],[[2437,6698],[-8,-1],[-4,-5],[0,-4],[6,-2],[2,-7],[3,-1],[9,5],[3,-1],[5,5],[4,-10],[8,0],[-2,7],[0,6],[6,7],[0,5],[-8,-1],[-5,2],[-3,5],[-4,0],[-5,-8],[-7,-2]],[[2378,6688],[-4,-8],[-7,-8],[-4,0],[0,-11],[6,6],[9,1],[4,-3],[4,10],[0,6],[-4,2],[-4,5]],[[2478,6681],[1,6],[-4,3],[-8,-1],[3,-10],[8,2]],[[2388,6665],[4,5],[0,11],[-5,-3],[1,-13]],[[2388,6665],[-3,1],[-4,-6],[1,-7],[7,5],[-1,7]],[[2423,6671],[6,-4],[-1,12],[1,5],[-8,0],[2,-13]],[[2431,6672],[-3,-9],[4,0],[12,-13],[6,1],[-5,9],[-5,3],[-1,7],[7,4],[2,6],[-15,-4],[-2,-4]],[[2317,6646],[9,-1],[7,3]],[[2333,6648],[1,4],[5,5],[0,8],[-14,-5],[-3,-5],[-8,-5],[3,-4]],[[2331,6645],[2,3]],[[2333,6648],[-2,-3]],[[2400,6620],[-5,21],[5,2],[3,9],[5,10],[-2,9],[-7,-8],[-6,-1],[-3,-7],[2,-6],[-4,-6],[1,-10],[-7,-9],[4,-5],[14,1]],[[2400,6620],[-8,-3],[-3,-11],[3,-3],[6,1],[4,11],[-2,5]],[[2413,6655],[1,-4],[7,3],[-2,8],[3,7],[-5,3],[-4,-6],[0,-11]],[[2449,6661],[4,2],[2,9],[-9,-3],[3,-8]],[[2378,6648],[1,4],[-1,11],[-6,-1],[0,-8],[2,-7],[4,1]],[[2378,6648],[-1,-1],[1,-19],[7,5],[1,13],[-2,4],[-6,-2]],[[2474,6665],[7,1],[1,8],[-9,2],[-7,-4],[4,-6],[4,-1]],[[2356,6661],[-7,-5],[-5,-5],[14,2],[-2,8]],[[2335,6639],[1,0]],[[2336,6639],[-1,0]],[[2336,6639],[-3,-11],[5,1],[1,3],[-3,7]],[[2352,6594],[-6,-2],[-2,5],[-5,2],[0,5],[-10,-5],[2,-3],[3,-21],[-4,-2]],[[2330,6573],[0,10],[-4,0],[-2,-4],[-6,4],[-4,-6],[0,-9],[5,1],[5,-3],[4,3],[7,0],[2,4],[6,1],[6,12],[10,-1],[4,4],[10,3],[6,16],[0,11],[-7,5],[-3,7],[-1,7],[3,9],[-13,5],[-6,-1],[-5,-4],[1,-7],[5,-13],[-6,-7],[-7,3],[0,-8],[12,2],[-1,-3],[-12,-3],[3,-9],[4,-6],[6,-2]],[[2251,6560],[6,11],[13,2],[-2,5],[4,5],[4,1],[-4,11],[2,4],[7,-3],[-1,-6],[3,-2],[8,2],[7,15],[0,7],[4,0],[-1,16],[6,3],[3,6],[-13,-1],[-2,3],[-6,-4],[-13,3],[-12,-1],[-4,-16],[-3,-6],[5,-7],[1,-6],[-3,-4],[-6,0],[-1,6],[-9,2],[-3,-4],[-5,0],[1,-6],[9,2],[1,-7],[-4,-4],[-12,-6],[-11,-8],[-12,3],[-9,-3],[-7,-5],[0,-9],[-5,-4],[0,-8],[-2,-7],[-5,-7],[0,-9],[2,-8],[11,2],[3,5],[2,19],[2,4],[8,-1],[12,4],[2,3],[9,-1],[0,5],[5,1],[7,5],[0,-7],[-4,-4],[-15,-3],[-1,-7],[-12,-1],[-7,-4],[-3,-6],[2,-7],[13,0],[3,4],[7,1],[6,6],[11,6],[8,0],[5,7],[-3,3],[-2,10]],[[2438,6620],[8,-1],[6,14],[-1,7],[3,5],[-3,3],[-4,-4],[-6,3],[-3,5],[-5,4],[-6,-4],[0,-5],[-4,-6],[9,-8],[0,-7],[6,-6]],[[2405,6649],[-1,-7],[-2,-3],[4,-7],[8,6],[-9,11]],[[2347,6631],[0,7],[-5,-1],[0,-8],[5,2]],[[2049,6559],[9,-2],[-3,13],[-9,-3],[3,-8]],[[2303,6584],[-5,2],[-10,-3],[2,-8],[1,-9],[3,-3],[0,-6],[7,-2],[2,4],[-2,7],[-4,5],[-2,6],[3,8],[5,-1]],[[2420,6589],[-2,9],[-4,-4],[6,-5]],[[2363,6565],[8,4],[-3,4],[-6,-4],[1,-4]],[[2262,6547],[3,0],[4,-8],[1,-6],[-9,-3],[3,-6],[7,6],[7,1],[3,5],[7,2],[-2,13],[-4,8],[-28,-3],[5,-9],[3,0]],[[2249,6528],[-7,-10],[4,-4],[6,-1],[5,18],[-8,-3]],[[2240,6523],[4,9],[-7,-1],[-3,-11],[6,3]],[[2296,6526],[16,-1],[1,5],[-2,8],[-13,0],[-2,-12]],[[2337,6528],[2,7],[5,1],[-1,5],[-8,-10],[2,-3]],[[2381,6536],[5,-2],[3,3],[-3,8],[-6,0],[-6,-6],[3,-4],[4,1]],[[2317,6515],[6,1],[-1,10],[-5,9],[-4,-13],[4,-7]],[[2360,6537],[-7,-5],[1,-18],[-4,-9],[3,-3],[8,12],[1,13],[8,6],[0,2],[-10,2]],[[2189,6495],[3,6],[-3,8],[15,3],[2,5],[-10,-1],[-4,-2],[-13,-2],[-1,-7],[0,-9],[9,1],[2,-2]],[[2392,6534],[-1,-7],[7,1],[0,4],[-6,2]],[[2339,6521],[3,-6],[-4,-3],[-7,-26],[8,1],[-1,5],[6,17],[4,1],[-2,20],[-4,0],[-3,-9]],[[2293,6515],[-6,-4],[-2,-9],[5,2],[13,3],[4,5],[-1,6],[-4,0],[-1,-6],[-5,0],[-3,3]],[[2222,6497],[-4,4],[-3,-5],[-8,-5],[2,-8],[4,4]],[[2213,6487],[0,-8],[-8,-1],[-3,11],[-4,0],[-1,-6],[-6,-5],[-1,-17],[-6,-1],[-8,5]],[[2176,6465],[-11,-7],[-2,-4]],[[2163,6454],[-5,-6],[-8,-3],[-3,-11],[-4,1],[-2,-8],[4,-1],[18,3],[8,6],[0,6],[12,5],[3,6],[9,8],[7,-1],[6,7],[6,-1],[8,8],[0,15],[6,1],[1,5],[-3,6]],[[2226,6500],[-4,-3]],[[2249,6493],[-5,1],[-5,7],[-8,2],[1,-8],[11,-7],[8,-2],[-2,7]],[[2315,6500],[6,3],[-5,5]],[[2316,6508],[-1,-8]],[[2190,6487],[-11,0],[2,-9],[6,0],[4,4],[-1,5]],[[2254,6496],[0,-8],[-6,-5],[5,-5],[6,-1],[5,5],[-1,9],[-9,5]],[[2328,6499],[-5,-7],[5,-1],[0,8]],[[2235,6479],[3,9],[-9,2],[-4,-5],[10,-6]],[[2235,6479],[-4,-7],[1,-4],[8,1],[2,4],[-4,6],[-3,0]],[[2271,6491],[-5,-3],[0,-14],[7,-4],[5,10],[15,2],[12,5],[-4,9],[-4,-5],[-17,-3],[-1,5],[-8,-2]],[[2373,6495],[-6,1],[-3,-2],[-12,0],[-3,-2],[2,-8],[-7,0],[-4,-4],[0,-8],[5,0],[2,5],[6,1],[8,9],[5,0],[1,-8],[6,-8],[6,6],[-2,17],[-4,1]],[[2015,6448],[-4,9],[-6,-1],[-3,-8],[1,-5],[5,0],[7,5]],[[2019,6441],[-4,7]],[[2015,6448],[0,-6],[4,-1]],[[2019,6441],[-2,-3],[-9,-1],[-4,-4],[-5,0],[0,-6],[9,-5],[7,0],[2,9],[6,0],[2,6],[-6,4]],[[2319,6487],[3,-5],[8,1]],[[2330,6483],[-3,6],[-8,-2]],[[2322,6477],[-2,-4],[-11,-5],[-13,-10],[-1,-13]],[[2295,6445],[-4,-2],[-3,-12],[-1,-17],[6,-1],[0,-8],[6,-4],[4,2],[-1,7],[4,2],[-7,11],[6,1],[0,-6],[7,1],[5,7],[15,7],[5,6],[4,2],[-3,11],[1,14],[-9,-2],[-1,12],[6,3],[-5,4]],[[2330,6483],[-8,-6]],[[2263,6478],[-1,-2],[-8,-1],[1,-7],[8,5],[0,5]],[[2341,6469],[-2,6],[-6,-1],[1,-4],[7,-1]],[[2251,6464],[-2,-7],[7,3],[-5,4]],[[2267,6456],[2,9],[-9,0],[0,-9],[7,0]],[[2247,6426],[9,4],[6,-4],[6,1],[1,-3],[9,-3],[5,2],[-1,9],[5,6],[6,16],[-1,4],[9,9],[-10,-1],[-6,3],[-8,-4],[-1,-8],[-5,-8],[-21,-1],[-4,-5],[2,-3],[-2,-11],[1,-3]],[[2241,6423],[-9,-2],[-2,-3],[-8,2],[-8,-1]],[[2214,6419],[-9,4],[-13,-3],[-8,-8],[2,-2]],[[2186,6410],[-5,1],[-9,-14],[1,-7],[10,2],[10,11],[0,4]],[[2193,6407],[3,-3],[5,4],[9,0],[3,-6],[14,-3],[4,-7],[19,4],[7,7],[7,2],[8,-3],[-2,7],[0,10],[-7,2],[-11,4],[-5,1]],[[2247,6426],[-6,-3]],[[2383,6472],[0,-5],[-6,-1],[-4,-6],[0,-4],[6,-1],[9,-4],[1,-11],[-6,-4],[-5,-1],[-7,3],[-5,-6],[2,-7],[13,4],[17,1],[7,0],[-1,8],[8,5],[-1,5],[7,8],[-5,4],[0,6],[-14,-2],[0,8],[-12,7],[-4,-7]],[[2213,6448],[9,4],[-4,4],[-5,-8]],[[2228,6423],[7,0],[0,5]],[[2235,6428],[4,4],[5,1],[1,11],[-22,-7],[-6,2],[-2,-7],[-3,-1],[-7,-7],[9,-3],[14,2]],[[2214,6441],[-10,-5],[2,-3],[6,1],[2,7]],[[1992,6408],[-7,-3],[0,-5],[6,3],[1,5]],[[2151,6417],[4,-1],[8,4],[-2,4],[-17,-2],[7,-5]],[[2151,6417],[-11,0],[-3,-10],[-8,-1],[-10,-11],[4,-6],[-2,-6],[5,-5],[7,1],[4,4],[0,8],[8,9],[3,12],[3,5]],[[2145,6395],[-6,-5],[1,-4],[15,2],[-1,10],[1,7],[6,7],[-8,0],[-5,-5],[-3,-12]],[[2173,6409],[-1,4],[-10,-4],[-1,-4],[11,0],[1,4]],[[2287,6423],[-6,-5],[3,-4],[3,9]],[[2155,6379],[2,-2],[3,3],[5,0],[5,5],[-1,10],[3,9],[-11,-1],[-4,-6],[-1,-7],[1,-11],[-2,0]],[[2155,6379],[0,7],[-10,-1],[-7,-5],[-2,-7],[-9,2],[-17,-2],[-5,-2],[1,-5],[-7,-8],[-5,0],[-4,-12],[-5,-2],[3,-5],[14,2],[4,6],[12,2],[15,10],[-1,3],[15,1],[8,9],[0,7]],[[2272,6399],[6,-1],[0,-8],[6,1],[5,6],[-1,11],[-3,5],[-9,-4],[-4,-10]],[[2042,6347],[-3,-2],[1,-7],[6,2],[2,8],[4,4],[12,2],[-1,3],[-14,0],[-3,-2],[-4,-8]],[[2023,6309],[4,1],[3,-11],[-3,-8],[12,-3],[10,13],[1,4],[9,6],[2,7],[-1,11],[2,7],[14,12],[12,1],[1,6],[-20,-2],[-6,-3],[-11,-1],[-2,-6],[-6,-7],[-4,0],[-1,-7],[-9,-6],[-4,2],[-6,-7],[-7,-2],[0,-4],[-7,-5],[4,-3],[8,1],[5,4]],[[2064,6329],[3,-4],[6,2],[7,8],[4,1],[-2,8],[-6,-1],[-6,-10],[-6,-4]],[[2307,6351],[0,10],[-4,3],[1,-13],[3,0]],[[2004,6306],[-3,6],[-3,-5],[6,-1]],[[1871,6287],[8,4],[-1,5],[-5,0],[-2,-9]],[[2270,6335],[-8,0],[3,-6],[5,6]],[[1968,6275],[-7,-5],[-8,-10],[7,1],[8,3],[0,11]],[[1950,6268],[-3,5],[-7,-6],[4,-2],[6,3]],[[1976,6275],[-6,-2],[2,-8],[6,1],[4,10],[-6,-1]],[[1893,6238],[-6,0],[-3,-6],[0,-8],[-6,-6],[-1,-14],[6,-3],[7,11],[-1,14],[-2,1],[6,11]],[[2575,8005],[-4,-5],[4,-15],[2,-5],[1,-8],[7,-4],[5,3],[-3,5],[0,17],[7,10]],[[2594,8003],[1,-6],[5,0],[7,5],[0,7],[-5,1],[-3,8],[-3,1],[-1,9],[2,8],[-10,2]],[[2587,8038],[11,1],[0,3]],[[2598,8042],[6,-11],[3,9],[5,9],[-8,7],[0,4],[6,8],[9,7]],[[2619,8075],[9,4],[8,8],[5,2],[6,7],[0,11],[-4,6],[-5,-2],[-2,8]],[[2636,8119],[3,3],[-2,9]],[[2637,8131],[1,8],[-3,4],[0,7],[9,5],[6,-3],[8,-11],[4,2],[12,1],[4,4],[-2,13],[-7,-1],[-9,13],[-9,-2],[-4,-4],[-3,5],[-7,-1],[10,12],[4,1],[6,-8],[4,0],[3,7]],[[2664,8183],[3,9]],[[2667,8192],[-8,-1],[-6,4],[2,7],[-1,12],[9,12],[0,7],[-3,2],[-6,-3],[1,-10],[-12,-3],[-7,-6],[-4,-6],[-2,-10],[3,-5],[5,3],[7,-1],[2,-4],[-10,-6],[-5,8],[-6,-1],[-4,-7],[-13,-4],[-1,14],[-7,-5],[-1,-7],[-5,-1],[0,-12],[3,-3],[0,-9],[-2,-19],[-10,-1],[1,-6],[-7,2],[5,8],[-7,-2],[-12,-14],[1,-5],[-4,-2],[-6,-11],[4,-5],[6,-2],[7,-7],[-1,-5],[-8,0],[-2,9],[-5,3],[-8,-4],[0,-8],[4,0],[5,-7],[4,-14],[-1,-4],[4,-16],[-4,-11],[1,-10],[8,-9],[6,0],[0,-9],[-2,-3]],[[2667,8192],[3,3],[-3,10],[-6,-1],[-3,-5],[0,-6],[9,-1]],[[2497,8172],[11,5],[-9,6],[-4,5],[-3,-5],[4,-4],[1,-7]],[[2515,8144],[4,2],[-1,12],[2,11],[-11,2],[-4,-5],[-4,-9],[-2,-1],[1,-11],[5,-1],[0,-6],[4,0],[6,6]],[[2496,8137],[-2,6],[-5,-2],[1,-8],[6,4]],[[2530,8127],[-5,-4],[0,-7],[6,-3],[5,9],[3,0],[-2,19],[-4,-4],[-3,-10]],[[2534,8093],[2,6],[-5,7],[-14,0],[1,5],[-1,9],[-9,5],[-4,-4]],[[2504,8121],[-1,-2]],[[2503,8119],[-5,-5],[-5,0],[1,-8],[-2,-7],[3,-11],[-6,-2],[1,-6],[-4,-7],[3,-8],[-1,-12],[8,2],[-1,5],[10,2],[0,-8],[-7,1]],[[2498,8055],[-9,-5],[-1,-5],[-5,-2],[-6,-13],[2,-10],[-5,-6],[1,-5],[4,-4]],[[2479,8005],[-1,-8],[5,-3],[12,1],[3,-10],[-8,-2],[3,-12],[-2,-6],[-3,-4],[3,-6],[1,-8],[7,5],[1,6],[6,13],[0,17],[6,1],[3,15],[-2,8],[5,4],[10,1]],[[2528,8017],[1,8],[-5,9],[11,4],[-5,3],[1,5],[9,3],[3,3],[-2,8],[9,-7],[7,2],[-3,9],[-4,2],[-2,8],[-4,4],[1,5],[-5,3],[0,4],[-6,3]],[[2534,7988],[2,6],[5,0],[-11,10],[1,12],[-3,1]],[[2528,8017],[-5,-14],[-6,0],[2,-14],[-6,0],[-3,-7],[0,-11],[-2,-8],[7,-3],[9,1],[-2,7],[5,12],[5,0],[5,5],[-3,3]],[[2485,8106],[-4,-3],[0,-7],[9,3],[-5,7]],[[2485,8094],[-3,-3],[1,-13],[4,1],[0,10],[5,-1],[0,6],[-7,0]],[[2651,8099],[8,4],[-3,5],[-6,-3],[1,-6]],[[2611,8040],[5,2],[3,-3],[5,0],[0,7],[7,1],[-4,9],[3,6],[3,-13],[3,0],[-1,10],[-3,6],[9,11],[1,8],[-4,0],[-4,-5],[-9,-7],[-3,-7],[-4,5],[-4,-1],[-8,-7],[1,-6],[5,-2],[8,1],[-9,-15]],[[2547,8040],[-3,3],[-11,-11],[-1,-12],[4,2],[7,-3],[1,7],[-2,3],[3,5]],[[2545,8034],[3,-4],[5,0],[2,5],[4,1],[1,16],[-11,-1],[1,-7],[-3,-4]],[[2472,7995],[3,1],[0,10],[-4,5],[2,2],[3,9],[-6,4],[-3,-3],[-1,-9],[-8,-2],[-3,-5],[0,-6],[-8,-15],[-5,-3],[2,-10],[-16,-3],[5,-8],[6,-1],[6,4],[4,11],[8,3],[3,4],[-1,6],[13,6]],[[2552,8027],[-5,0],[1,-9],[7,1],[-3,8]],[[2558,8023],[-1,-1]],[[2557,8022],[-3,-5],[-7,-1],[-3,-14],[8,-3],[-5,-5],[0,-5],[6,-1],[-1,-10]],[[2552,7978],[2,2]],[[2554,7980],[-1,-6],[-17,-3]],[[2536,7971],[1,7],[-6,-2],[-5,-8],[-1,-10],[5,-8],[9,3],[-2,-8],[3,-4],[18,2],[5,9],[7,4],[5,5],[0,12],[-5,1],[-2,14],[3,4],[-6,5],[4,7],[2,6],[-7,9],[0,4],[-6,0]],[[2601,8028],[-2,-6],[4,-9],[5,-3],[10,0],[16,2],[4,6],[-13,7],[2,6],[-20,-4],[-6,1]],[[2438,7980],[0,8],[-5,-4],[-1,-7],[6,3]],[[2477,7986],[-2,1]],[[2475,7987],[-2,6],[-5,-4],[-5,-1],[1,-6],[-3,-6],[-10,-8],[1,-7],[-3,-3],[4,-6],[3,1],[2,-13],[-2,-4],[-7,0],[0,3]],[[2449,7939],[5,-2],[1,12],[-5,3],[-7,-7],[2,-30],[-6,-14],[-1,-9],[2,-2],[1,-12],[5,2],[7,5],[-4,6],[4,4],[-2,4],[3,4],[9,-2],[-1,8],[-8,3],[-1,7],[6,9],[6,-3],[-2,-11],[5,-3],[5,8],[-3,18],[5,2],[5,-2],[0,10],[-6,2],[-3,5],[10,3],[-7,6],[7,9],[-2,5],[4,4],[2,6],[-8,-1]],[[2621,7989],[4,5],[-1,4],[-14,-3],[1,-8],[9,-1],[1,3]],[[2613,7985],[-5,3],[-1,7],[-14,-3],[-3,-4],[3,-12],[5,-2],[3,5],[5,-10],[1,-7],[8,6],[0,5],[9,-3],[-1,9],[-10,6]],[[2591,7964],[-6,1],[1,-8],[9,0],[6,6],[-2,8],[-5,0],[-3,-7]],[[2516,7925],[-4,5],[8,5],[7,8],[1,6],[-5,6],[1,4],[-11,-1],[-8,-4],[-2,-4],[0,-11],[9,-1],[-7,-5],[-1,-6],[4,-9],[8,7]],[[2575,7939],[-1,-4],[4,-6],[4,-13],[-7,-8],[1,-7],[6,4],[10,4],[-3,9],[-3,-1],[-1,12],[8,3],[6,6]],[[2599,7938],[-2,11],[6,4],[0,4],[-11,-2],[-7,-3],[-1,9],[-5,1],[-4,-7],[-7,-6],[0,-13],[7,3]],[[2492,7943],[0,-4]],[[2492,7939],[3,5]],[[2495,7944],[-3,-1]],[[2551,7939],[-10,0],[-7,2],[-1,-5],[-6,-4],[-7,-1],[-2,-6],[-1,-7],[-10,-12],[3,-5],[-4,-6],[1,-5],[-9,-2],[-3,5],[6,3],[5,9],[-8,-2],[2,-4],[-12,-3],[2,-11],[6,-3],[13,0],[18,2],[1,11],[0,8],[7,3],[7,1],[11,3],[-1,20],[2,7],[-3,2]],[[2555,7901],[-3,-7],[1,-11],[5,-2],[4,4],[6,2],[-3,8],[8,6],[-2,10],[5,1],[2,9],[-4,9],[-7,3],[-2,6],[-6,3],[-4,-5],[1,-4],[2,-21],[7,3],[-10,-14]],[[2507,7871],[7,-3]],[[2514,7868],[-3,-3],[-3,-8],[-6,-1],[-1,6],[-6,-1],[-2,-5],[-6,-1],[-11,-8],[-5,0],[-1,-5],[9,-6],[8,1],[2,-7],[-5,-2],[-7,-9],[2,-6],[8,-2],[7,-9],[2,4],[0,10],[2,3],[9,0],[9,-9]],[[2516,7810],[3,8],[6,-2],[0,-7],[-4,-7],[5,-7],[6,2],[-1,13],[8,1],[-1,7],[5,1],[9,6],[3,7],[-1,21],[1,7],[-4,2],[5,14],[-8,-1],[0,7],[-9,2],[0,-27],[-14,-2],[4,5],[0,11],[6,0],[-1,13],[10,2],[7,3],[1,11],[3,1]],[[2555,7901],[-13,-4],[-8,1],[-5,-5],[1,-7],[-5,-5],[0,-10],[-4,0],[-5,10],[-10,-2],[1,-8]],[[2507,7871],[-5,0],[1,-12],[4,0],[0,12]],[[2497,7923],[-6,-5]],[[2491,7918],[6,5]],[[2469,7903],[4,4],[5,1],[0,5],[-5,0],[-4,-10]],[[2485,7879],[3,4],[-3,17],[-10,3],[2,-16],[-4,1],[-2,-8],[-6,-4],[-5,-5],[-1,-6],[-9,-2],[-1,-9],[14,-1],[9,10],[7,4],[0,6],[2,5],[4,1]],[[2485,7879],[-2,-4],[1,-6],[5,1],[3,8],[-7,1]],[[2458,7881],[0,-1]],[[2458,7880],[0,1]],[[2456,7878],[2,2]],[[2458,7880],[-2,-2]],[[2443,7868],[-1,-1]],[[2442,7867],[-11,-1],[6,-5]],[[2437,7861],[1,1]],[[2438,7862],[8,0],[3,6],[6,3],[1,7]],[[2456,7878],[-6,-1],[-2,-6],[-5,-3]],[[2495,7866],[5,0],[1,8],[-6,2],[0,-10]],[[2558,7857],[9,-2],[6,3],[2,8],[-4,6],[-1,7],[-5,-1],[-8,-10],[1,-11]],[[2617,7878],[4,-2],[0,8],[-4,0],[0,-6]],[[2468,7849],[6,2],[8,6]],[[2482,7857],[-3,7],[-4,-7],[-8,-2],[1,-6]],[[2464,7835],[6,-2],[-2,10],[-7,-1],[-4,-6],[7,-1]],[[2562,7851],[-4,-3],[1,-11],[5,-3],[1,6],[-3,11]],[[2567,7834],[3,8],[6,0],[6,11],[-15,-2],[-2,-4],[2,-13]],[[2474,7806],[-4,12],[-7,7],[-5,-1],[-3,-12],[9,0],[4,-2],[-1,-7],[-4,-5],[-7,-1],[2,-7],[-3,-5],[1,-7],[4,-2],[-10,-15],[-7,-1],[-8,-7],[-3,-7],[4,-2],[8,1],[1,4],[13,3],[4,4],[1,7],[7,5],[-1,7],[5,4],[-1,12],[4,2],[1,8],[-4,5]],[[2503,7801],[2,0]],[[2505,7801],[-2,0]],[[2470,7720],[2,-1]],[[2472,7719],[2,-9],[-5,-20],[-6,-6],[-9,-3],[-3,-6],[1,-7],[-7,-4],[8,-6],[1,-4]],[[2454,7654],[8,-3],[1,-6],[-4,-5],[-1,-10],[-5,-1],[-1,4],[-6,7],[0,18],[-12,-1],[-3,9],[-7,-2],[-25,0],[-1,-7],[-3,-5],[-10,0],[-6,-8],[5,-9],[3,1],[3,-12],[4,0],[3,7],[3,0],[-1,-9],[6,-3],[0,-4],[-4,-5],[1,-6],[-3,-6],[-7,0],[1,-7],[4,-7],[1,-5],[10,3],[-2,-12],[7,0],[0,-5]],[[2413,7565],[-9,-1],[-7,-13],[5,-3],[-1,-6],[0,-12],[-2,-2],[0,-12],[4,1],[4,-7],[0,-6],[-12,0],[1,-14],[-4,1],[-5,-7],[-3,2],[0,10],[4,0],[0,6],[7,13],[-3,9],[-3,-2],[-9,-1],[1,-10],[-2,-8],[-5,-4],[2,-5],[-16,-6]],[[2360,7488],[0,-7],[-3,-6],[5,-5],[0,-9],[7,-1],[3,4],[-2,8],[8,2],[2,-10],[8,-1],[1,-5],[16,-2],[2,-10],[4,5],[7,1],[-4,8],[5,7],[1,-10],[6,3],[8,1],[-2,9],[2,6],[1,10],[-10,1],[3,8],[-3,10],[5,4]],[[2430,7509],[2,-4]],[[2432,7505],[3,-6],[-5,-1],[-1,-9],[10,4],[5,-6],[2,6],[-3,3],[-4,10],[3,2]],[[2442,7508],[6,-18],[2,-21],[-8,-2],[1,-11],[-7,-3],[-2,-4],[-5,5],[-4,-5],[1,-5]],[[2426,7444],[6,-1],[6,4],[3,-4],[2,-7],[9,1],[2,-2]],[[2454,7435],[2,-14],[0,-7],[6,-2],[3,-20],[4,-5]],[[2469,7387],[5,-6],[1,-7],[6,-8],[11,2],[4,-7],[2,-6],[6,-2],[1,-7],[7,-10],[1,-12],[6,4],[0,9],[-5,6],[3,5],[2,7],[5,2],[2,12],[5,3],[9,0]],[[2540,7372],[4,4],[6,0],[16,8],[7,16],[6,0],[4,-3],[11,12],[5,-2],[10,2],[5,11],[-1,7],[4,2],[3,-11],[3,-2]],[[2623,7416],[4,-7],[4,-2],[7,3],[4,5],[-3,14],[5,10],[5,0],[9,10],[4,1],[2,6],[9,-5],[2,7],[14,5],[4,10],[5,-9],[2,5],[10,1],[-2,5],[8,4],[2,-5],[-5,-6],[11,0],[4,4],[7,0],[1,4],[-4,4],[1,8],[18,4],[8,-9],[9,8],[-4,6],[2,3],[0,11]],[[2766,7511],[-8,4],[-2,6],[7,9],[-1,6],[-8,-1],[-2,4],[1,5],[-1,7],[-7,-4],[-1,6],[-7,4],[-8,-6]],[[2729,7551],[2,6],[-1,16],[-10,0],[-1,-9],[2,-2],[0,-8],[-2,-4]],[[2719,7550],[-7,3],[0,-9],[-8,4],[-6,-3]],[[2698,7545],[1,1]],[[2699,7546],[0,18],[-11,0],[-5,-5],[0,10],[7,8],[-4,6],[14,2],[1,9],[-2,8],[2,11],[-1,5],[-12,8],[-4,5],[-3,17],[-8,0],[-4,1],[-11,0],[-1,-3]],[[2657,7646],[-4,2],[-10,-1],[-5,4],[2,11],[6,1],[-7,10],[-2,11],[-4,5],[-6,-4]],[[2627,7685],[-13,-20],[3,-5],[1,-8],[-10,-4],[0,10],[-7,-3],[0,-11],[4,-4],[-4,-9],[-14,0],[0,-3],[4,-5],[0,-8],[-8,-3],[-1,7],[-4,2],[-5,-2],[0,-7],[-7,-8],[-8,-2],[0,-7],[5,-2],[2,-23],[-9,2],[0,12],[-4,3],[-8,-1],[-10,6],[-2,9],[-6,-1],[1,-13]],[[2527,7587],[2,-6],[-4,-2],[-4,3],[0,11],[-8,-2],[0,-6],[4,-6],[17,-9],[30,-28],[4,-10],[1,-8],[-11,-16],[-1,-7],[-7,0],[0,5],[-5,5],[-2,9],[-4,-4],[-4,5],[1,5],[-9,5],[4,4],[-8,6],[-2,10],[-7,3],[-3,10],[-6,-2],[-3,10],[-5,3],[-4,-5],[-4,-1],[-4,5],[-7,-1],[-3,-6],[-5,-1],[0,-8],[-5,1],[4,9],[-1,6],[-6,6],[-7,-9],[-4,2],[5,11],[6,1],[2,-3],[6,5],[-2,3],[12,5],[12,1]],[[2492,7596],[-4,-8],[-9,1]],[[2479,7589],[-4,-7],[-5,1],[3,-11],[9,2],[5,4],[1,-5],[6,-1],[-1,5],[14,17],[7,5],[0,9],[7,9],[3,11],[-1,4],[10,10],[7,-1]],[[2540,7641],[0,-9],[-5,-4],[0,-7],[-4,-4],[3,-7],[3,-2],[7,1],[5,5],[-3,10],[3,4],[6,1],[5,-6],[0,-10],[6,-3],[4,12],[-3,10],[5,9],[5,-4],[8,-2],[1,14],[10,4],[4,11],[6,4],[0,8],[7,-3],[2,5],[-5,6],[5,6],[4,0],[3,6],[-6,1],[-8,13],[-3,-1]],[[2605,7709],[-12,-1],[-8,-16]],[[2585,7692],[2,16],[-5,5],[-5,-10],[-3,9],[-13,-3],[-7,-4],[-2,7],[-7,7],[3,8]],[[2548,7727],[1,20],[-3,5],[-7,8],[-3,-2]],[[2536,7758],[4,5],[3,12],[-2,9],[3,5],[-5,2],[-2,7],[-8,-7],[0,-12],[-2,-9]],[[2527,7770],[-6,-1],[-1,9],[4,3],[-1,8]],[[2523,7789],[-1,7],[-5,1],[-6,-11]],[[2511,7786],[-1,-2]],[[2510,7784],[-1,9],[0,8],[-4,0]],[[2505,7801],[-4,-9],[0,-5],[-7,-4],[-7,0],[-3,-3],[-1,-7],[7,-5],[1,-8],[-2,-4],[-7,1],[-6,6],[-4,0],[-6,-5],[-2,-7],[-6,-5],[5,-5],[3,0],[0,-10],[-10,-9],[-10,-4],[2,-6],[5,-2],[2,-10],[-3,-6],[1,-11],[11,4],[-1,4],[3,5],[0,11],[1,2],[0,9],[3,2]],[[2454,7654],[-3,-2],[1,-8],[5,-4],[-1,12],[-2,2]],[[2615,7411],[8,-2],[0,7]],[[2623,7416],[-10,-2],[-2,-11],[5,-1],[-1,9]],[[2488,7799],[-5,3],[-4,-5],[1,-6],[6,2],[2,6]],[[2441,7725],[2,-4],[8,9],[2,9],[-7,4],[-7,-1],[-1,-8],[4,-5],[-1,-4]],[[2427,7724],[3,3],[-2,9],[-4,0],[0,-13],[3,1]],[[2459,7738],[-6,-2],[0,-5],[7,-2],[-1,9]],[[2404,7714],[-5,-2],[-1,-10],[-4,-1],[2,-8]],[[2396,7693],[1,0]],[[2397,7693],[5,2],[-1,-8],[11,0],[3,5],[0,13],[6,1],[1,-10],[6,-7],[1,-12],[7,-7],[5,7],[9,4],[-5,5],[-8,0],[2,6],[5,2],[0,7],[-4,5],[-6,3],[4,12],[-3,2],[-5,-3],[-8,0],[-3,2],[-11,-1],[-4,-7]],[[2419,7685],[2,-10],[6,4],[-1,7],[-7,-1]],[[2403,7676],[-3,5],[-3,-3],[-1,-11],[4,2],[3,7]],[[2403,7676],[0,-6],[8,-3],[-2,10],[-6,-1]],[[2362,7621],[5,-4],[2,6],[4,3],[-1,10],[-8,-3],[0,-9],[-2,-3]],[[2362,7621],[-5,7],[-7,-4],[-4,-5],[3,-12],[-5,0],[1,-6],[10,0],[0,16],[7,4]],[[2594,7650],[-5,-1],[0,-9],[9,4],[0,7],[-4,-1]],[[2359,7599],[3,0],[4,8]],[[2366,7607],[6,2]],[[2372,7609],[2,1]],[[2374,7610],[0,1]],[[2374,7611],[-6,2],[-9,-6],[0,-8]],[[2397,7606],[0,4],[-3,4],[-7,1],[4,-9],[6,0]],[[2357,7563],[3,5],[4,-5],[-6,-1],[-1,-5],[-2,-3],[-1,-11],[-5,-11],[2,-6],[4,-7],[10,0],[-1,-7],[7,1],[1,6],[-6,-1],[2,7],[8,-1],[3,9],[-2,3],[-7,0],[1,9],[-5,2],[4,13],[12,1],[0,8],[4,3]],[[2386,7572],[6,4],[1,5],[-9,2],[-1,5],[3,5],[-2,5],[-5,0],[-4,-4],[-9,-3],[1,-12],[-6,-5],[-6,-2],[2,-9]],[[2343,7562],[-1,-6],[2,-10],[6,1],[1,6],[5,4],[1,6]],[[2357,7563],[-2,1],[-12,-2]],[[2343,7562],[6,3],[-4,4],[-7,-3],[1,-7],[4,3]],[[2391,7574],[-5,-2]],[[2386,7572],[5,2]],[[2391,7574],[0,-8],[-6,-1],[0,-5],[-12,-2],[-1,-5],[1,-12],[4,0],[3,7],[4,-2],[0,-12],[8,3],[0,15],[7,5],[2,7],[-1,11],[-9,-1]],[[2364,7594],[-8,-1],[-2,-5],[9,0],[1,6]],[[2341,7552],[-1,6],[-5,-1],[-3,-8],[7,1],[2,2]],[[2336,7537],[2,7]],[[2338,7544],[-7,2],[-1,-5],[6,-4]],[[2784,7555],[0,5],[-11,-3],[0,5],[-7,-1],[-5,11],[-7,-5],[6,-16],[5,-7],[4,-1],[9,10],[6,2]],[[2208,7370],[-1,-8],[5,1],[5,6],[7,-1],[2,-13],[-1,-6],[2,-11],[10,8],[-1,16],[4,6],[0,8],[6,3],[1,4],[-3,12],[2,5],[7,9],[6,-4],[6,13],[-13,-1],[6,13],[-6,4],[-2,7],[3,2],[-3,23],[-3,1],[-2,10],[-6,2],[-9,13],[-9,-5],[-6,1],[1,15],[-5,8],[-6,-3],[2,-16],[-2,-3],[-10,-4],[-11,-9],[-10,-12],[-3,0],[-3,-8],[1,-16],[8,10],[4,3],[14,2],[15,-16],[2,-10],[-4,-8],[-6,0],[-4,3],[-11,-1],[-5,6],[-4,-3],[2,-20],[1,-6],[10,-5],[5,-6],[5,-3],[2,-13],[5,-3]],[[2200,7494],[-12,-2],[0,-6],[11,4],[1,4]],[[2342,7401],[3,-5],[-2,-11],[-4,-2],[-6,5],[-3,6],[-9,-1],[-5,2],[-5,-2],[-2,-5],[-6,-2],[5,-8],[4,-1]],[[2312,7377],[3,-2],[2,-13],[4,-7],[-3,-3]],[[2318,7352],[7,0],[-2,-7],[2,-9]],[[2325,7336],[0,-2]],[[2325,7334],[-1,-3],[4,-10],[6,-5],[8,-14],[5,-11],[5,-17],[4,-17],[-4,-9],[-9,-11],[-14,0],[-2,-6],[1,-7],[5,-3],[-3,-7],[8,-8],[6,6],[1,4],[-5,2],[0,13],[7,2],[4,-8],[-4,-6],[-1,-5],[5,-4],[14,2],[6,-1],[1,-7],[4,-2],[1,-12],[-4,-6],[-6,4],[0,-8],[10,-2],[-1,-9],[2,-3],[9,0],[6,2],[3,12],[-5,3]],[[2391,7183],[1,2]],[[2392,7185],[5,1],[6,-3],[2,8],[9,3],[1,9],[5,3],[4,10],[0,14],[3,6],[-1,10],[4,-1],[3,9],[-1,5],[2,9],[6,-1],[5,9],[5,1],[-1,5],[-7,0],[-4,-6],[-5,4],[16,5],[-2,4],[-5,-1],[-1,8],[5,8],[8,4],[-2,10],[-3,3],[5,7],[-2,10],[3,4],[5,-1],[-2,14],[-3,6],[5,4],[-5,4],[4,11],[-1,8],[4,1],[-3,7],[-9,14],[2,8],[0,8],[-6,8],[-7,3],[-11,-3],[-4,2],[-5,8],[-9,-2],[-6,4],[-6,8],[-7,1],[2,-10],[-3,-3],[-2,15],[-5,4],[-7,-2],[-5,-8],[-4,0],[-5,-6],[0,-7],[-3,-17],[8,1],[-4,-18],[1,-10],[2,-3],[-4,-8],[-2,-7],[2,-2],[-3,-7],[-3,-2],[-4,-9],[3,-4],[-1,-12],[-3,-3],[-7,0],[-5,2],[-2,19],[3,3],[6,1],[2,5],[4,-1],[1,7],[0,8],[9,6],[1,6],[-12,3],[4,11],[8,9],[-7,1],[-3,-9],[-11,-7]],[[2326,7399],[5,2],[11,0]],[[2342,7401],[3,6],[-17,-3],[-2,-5]],[[2341,7187],[-10,-3],[0,-6],[9,3],[1,6]],[[2390,7084],[1,-5],[-6,-6],[5,-4],[15,19],[-1,8],[-2,4],[-9,10],[9,3],[4,4],[-1,10],[-8,-2],[-5,2],[1,9],[-4,6],[-7,3],[-12,-1],[-3,-3]],[[2367,7141],[-1,4]],[[2366,7145],[0,11],[3,4],[-3,9],[-5,-1],[-4,-8],[1,-12],[4,-6],[1,-6],[4,-3],[1,-5],[9,-3],[-5,-4],[-5,0],[-1,-5],[9,-2],[0,-4],[5,-4],[2,-6],[-4,-5],[-6,6],[-3,-4],[17,-7],[4,-6]],[[2339,7433],[-5,-8],[3,-7],[12,1],[3,5],[-2,11],[4,5],[0,7],[-6,-1],[1,-7],[-5,-1],[-5,-5]],[[2334,7444],[-4,-5],[2,-4],[6,1],[-1,8],[-3,0]],[[2318,7424],[2,-8],[5,-5],[3,0],[0,15],[-8,1],[-2,-3]],[[2272,7410],[-3,-5],[1,-6],[4,-3],[-3,-7]],[[2271,7389],[-8,-3]],[[2263,7386],[2,-5],[6,1],[5,-6],[3,1]],[[2279,7377],[0,-6],[-2,-6],[-4,-2]],[[2273,7363],[5,-11],[7,15],[2,7]],[[2287,7374],[1,4],[6,4],[1,7],[-9,3],[-1,10],[10,10],[-10,5],[-10,-1],[-3,-6]],[[2260,7368],[4,-3],[2,-9],[4,0],[3,7]],[[2273,7363],[-1,7],[-12,-2]],[[2321,7403],[3,9],[-6,-1],[-2,-5],[5,-3]],[[2299,7392],[0,7],[3,5],[-3,4],[-7,-6],[0,-6],[4,-6],[3,2]],[[2654,7429],[2,9],[-9,-8],[-2,-5],[1,-7],[8,11]],[[2298,7363],[2,6]],[[2300,7369],[-2,-6]],[[2589,7389],[-4,-1],[-3,-8],[6,2],[4,3]],[[2592,7385],[4,6],[8,0],[5,8],[-3,8],[-5,-1],[-2,-3],[-9,-5],[-1,-9]],[[2306,7373],[3,-11],[5,-1],[-4,9],[-4,3]],[[2263,7346],[-4,-2],[-3,5],[0,5],[-4,3],[-7,0],[2,-18],[5,-7],[5,2],[5,-2],[3,10],[-2,4]],[[2150,7348],[3,-7],[5,-1],[-2,9],[-6,-1]],[[2294,7341],[-1,5],[-6,1],[-7,5],[2,-9],[9,2],[3,-4]],[[2269,7327],[4,-9],[8,-4],[0,-7],[8,-11],[13,7],[-2,7],[5,6],[1,-15],[-1,-3],[-10,-1],[-5,-10],[6,0],[4,-7],[6,0],[4,-8],[6,11],[0,7],[-4,6],[5,10],[2,1],[-2,9],[-10,7],[-2,9],[4,5]],[[2309,7337],[0,4],[-7,5],[-3,-4],[-5,-1]],[[2294,7341],[0,-8],[-2,-4],[-21,11],[-4,-5],[2,-8]],[[2558,7357],[4,12],[6,5],[-3,3],[-9,-6],[-5,0],[2,-8],[0,-8],[5,2]],[[2614,7361],[-3,6],[-6,-1],[2,-8],[7,3]],[[2466,7327],[2,-13],[6,2],[-3,7],[8,7],[-1,11],[-15,6],[0,-10],[-3,-9],[6,-1]],[[2481,7335],[4,2],[-1,9],[-4,-5],[1,-6]],[[2528,7338],[5,-1],[6,11],[-8,2],[-1,4],[-6,-4],[4,-12]],[[2250,7283],[4,-5],[3,-9],[6,3],[-1,15],[7,1],[0,7],[-2,14],[-3,5],[-7,5],[-4,-6],[0,-5],[-7,-2],[-2,6],[-8,-1],[-9,-8],[7,-9],[5,-1],[11,-10]],[[2482,7308],[2,-6],[4,0],[10,12],[-6,2],[-4,-5],[-6,-3]],[[2278,7276],[6,-3],[-1,16],[-7,-3],[-11,-1],[7,-7],[6,-2]],[[2473,7307],[-5,1],[-8,-2],[1,-11],[5,-1],[5,-5],[5,5],[-4,4],[1,9]],[[2284,7229],[6,1],[0,5],[7,2],[13,1],[1,-4],[6,-6],[5,1],[-1,13],[-10,2],[3,8],[-6,0],[-1,4],[-6,5],[1,7],[-7,1],[0,-7],[-9,-11],[4,-6],[1,-6],[-7,-10]],[[2463,7265],[-4,2],[-6,-2],[-2,-7],[10,3],[2,4]],[[2268,7217],[6,-2],[6,0],[-3,6],[1,9],[-1,17],[-1,5],[-5,-1],[-4,-5],[-10,1],[0,-5],[4,-8],[1,-13],[-3,-7],[7,1],[2,2]],[[2565,7270],[7,1],[0,11],[-5,-3],[-2,-9]],[[2458,7249],[2,5],[-9,-1],[-2,-6],[9,2]],[[2435,7226],[4,3],[-1,4],[-6,2],[0,-9],[3,0]],[[2262,7204],[1,-4],[11,1],[-10,6],[-2,-3]],[[2109,7165],[10,-2],[6,5],[-4,5],[-1,14],[-3,-1],[0,-10],[-8,-11]],[[2307,7186],[2,-12],[6,-1],[-1,-6],[8,1],[-3,8],[-6,-2],[0,5],[-6,7]],[[2286,7174],[4,0],[1,7],[-5,0],[0,-7]],[[2327,7164],[12,-9],[0,-15],[5,-7],[8,1],[0,7],[-4,0],[1,19],[-5,3],[0,6],[-5,8],[-10,-3],[-8,7],[0,-9],[4,1],[2,-9]],[[2419,7178],[4,-1]],[[2423,7177],[5,4],[0,7],[-2,4],[-11,-4],[-3,-6],[7,-4]],[[2423,7177],[-1,-4],[-7,-1],[0,-3],[6,-4],[0,-4],[7,1],[4,8],[4,1],[2,6],[-2,3],[-13,-3]],[[2301,7150],[4,-3],[2,-7],[3,0],[2,14],[-8,6],[2,-9],[-5,-1]],[[2398,7146],[4,-2],[0,9],[-5,1],[-7,5],[0,-7],[2,-4],[6,-2]],[[2344,7110],[0,6],[-3,4],[-5,-3],[8,-7]],[[2363,7110],[-7,0],[0,-4],[7,-2],[0,6]],[[2374,7082],[-3,0],[2,-9],[4,-1],[-3,10]],[[2036,7000],[-6,-10],[3,-4],[4,0],[-1,11],[8,3],[7,-2],[-1,9],[-12,-2],[-2,-5]],[[2643,9052],[4,-3],[7,3],[-2,7],[-9,-7]],[[2741,8990],[0,6],[-4,6],[-4,1],[-2,-7],[1,-13],[8,2],[1,5]],[[2693,8813],[-5,-3],[-2,-5],[-1,-7],[12,1],[5,7],[3,0],[5,9],[5,-2],[0,6],[-16,-1],[-6,-5]],[[2707,8723],[-2,-4],[2,-5],[4,3],[-4,6]],[[2697,8702],[5,6],[-3,7],[-4,0],[-1,-10],[3,-3]],[[2597,8530],[4,-7],[5,8],[-9,-1]],[[2496,8359],[0,6],[-10,2],[-1,-13],[6,0],[5,5]],[[2490,8247],[-6,5],[-8,3],[0,-11],[-6,-3],[4,-5],[8,2],[2,-4],[5,-3],[-1,13],[2,3]],[[2518,8236],[-6,-2],[1,-6],[5,3],[7,9],[-7,1],[0,-5]],[[2504,8217],[-2,-6],[2,-8],[5,-5],[5,2],[0,6],[-4,2],[3,11],[-4,10],[-6,-1],[-4,-5],[1,-8],[4,2]],[[3014,8933],[-1,-1]],[[3013,8932],[0,-7]],[[3013,8925],[1,-1]],[[3014,8924],[2,-7],[3,0],[2,7],[4,2],[-4,10],[-7,-3]],[[3005,8929],[-7,-3],[-1,-7],[6,2],[2,8]],[[3444,8963],[8,12],[0,7],[-4,-1],[-1,-7],[-4,-1],[-6,-9],[0,-4]],[[3437,8960],[-7,2],[0,-6],[-4,-5],[-5,2],[-8,-7],[2,-7],[-4,-2],[-9,0],[-6,-8],[1,-6],[8,0],[3,4],[8,2],[1,2],[11,2],[5,6],[0,10],[11,9],[0,5]],[[3066,8918],[-4,-4],[-10,-3],[-4,3],[-1,-7],[8,-11],[4,6],[5,-4],[5,1],[5,8],[-1,10],[-7,1]],[[3350,8944],[10,1],[7,9],[-11,-1],[-6,-9]],[[3350,8944],[-7,-4],[2,-11],[5,2],[-2,11],[2,2]],[[2919,8886],[-5,2],[-1,-7],[6,1],[0,4]],[[2897,8858],[6,2],[2,4],[-1,7],[-5,4],[-4,-8],[2,-9]],[[3351,8913],[-2,-5],[-9,-10],[-13,-1],[-1,-3],[15,-6],[13,2],[7,2],[2,7],[-1,9],[4,8],[0,8],[-5,-4],[-9,-2],[-1,-5]],[[3374,8921],[-4,-1],[0,-6],[-4,-3],[2,-5],[5,-3],[9,0],[2,8],[6,5],[1,5],[-7,4],[-2,-6],[-8,2]],[[2906,8851],[-2,0]],[[2904,8851],[-1,-2]],[[2903,8849],[-1,-1]],[[2902,8848],[3,-2]],[[2905,8846],[1,3]],[[2906,8849],[3,2]],[[2909,8851],[-3,0]],[[3332,8867],[7,-3],[-2,8],[-5,-5]],[[3137,8795],[0,-2]],[[3137,8793],[2,-1]],[[3139,8792],[5,0],[5,5],[5,-4],[2,-12],[10,2],[4,3],[-11,8],[0,6],[-8,1],[-7,-1],[-7,2],[0,-7]],[[2790,8500],[-3,-6],[4,-5],[11,11],[-2,6],[-10,-6]],[[2778,8478],[0,3]],[[2778,8481],[0,-3]],[[2677,8348],[-2,5],[1,13],[8,4],[4,9],[6,1],[3,-7],[-5,-12],[5,-4],[6,2],[5,10],[-3,16],[2,7],[4,1],[-2,9],[4,1]],[[2713,8403],[-1,7],[11,3],[0,8],[3,3],[9,-4],[11,4],[1,3],[9,-1],[12,2],[5,7],[0,10],[2,3],[0,9],[-9,8],[-17,-7],[-7,-2],[-1,7],[-12,-2],[-4,-4],[-10,3],[-5,-15],[-4,-3],[3,-5],[-4,-5],[-1,-8],[-4,-2],[-7,4],[-10,-2],[-3,-4],[3,-7],[-3,-5],[0,-11],[-4,-6],[-6,-6],[0,-11],[-3,-6],[-3,-10],[2,-10],[8,-2],[3,2]],[[2713,8403],[0,-6],[10,5],[-1,5],[5,2],[0,5],[-10,-5],[-4,-6]],[[2738,8401],[2,6],[12,-1],[6,-4],[10,-3],[3,18],[-6,9],[-9,-2]],[[2756,8424],[-1,-4],[-8,-1],[-5,2],[-5,-5],[2,-6],[-5,0],[-2,-6],[-3,-2],[-9,-10],[-10,-5],[-1,-8],[11,8],[6,8],[12,6]],[[2740,8303],[5,1],[3,8],[5,2],[1,10],[-5,3],[1,12],[5,3],[0,-7],[6,-4],[4,7],[10,0],[1,5],[-7,2],[0,5],[-6,0],[3,8],[5,2],[4,7],[0,10],[-8,11],[-2,7],[-6,4],[-3,-7],[-4,1],[-8,-1],[2,8],[-13,-3],[-6,-7],[1,-6],[-5,-4],[-7,-2],[-3,-4],[1,-10],[-5,-7],[-11,-4],[-12,13],[-8,-2],[-1,-9],[3,-3],[2,-7],[-3,-4],[2,-5],[1,-14],[-2,-11],[3,-9],[9,1],[-1,-11],[-7,-13],[-7,0],[-4,-4],[-7,0],[11,-10],[4,-1],[3,-8],[-5,-3]],[[2679,8253],[2,5],[-3,6],[-6,4],[-3,-6],[-11,-7],[2,-16],[3,-5],[6,4],[17,1],[2,9],[3,2],[11,-1],[5,6],[2,5],[-2,7],[9,7],[7,-2],[2,6],[0,6],[-4,1],[-1,9],[-4,2],[5,8],[6,1],[3,-4],[1,-15],[6,-1],[3,18]],[[2778,8342],[0,-5],[-6,-5],[-4,-8],[1,-7],[11,2],[2,8],[-2,14],[3,4],[0,7],[-6,5],[-5,-3],[0,-6],[6,-6]],[[2663,8276],[-6,-1],[-2,-5],[1,-4],[10,1],[-3,9]],[[4424,8316],[10,7],[-4,4],[-6,-2],[0,-9]],[[4412,8307],[3,4],[-1,6],[-5,-3],[3,-7]],[[4384,8282],[-1,6],[-6,0],[2,-7],[5,1]],[[4354,8275],[6,2],[-6,5],[0,-7]],[[4128,8114],[7,1],[4,-4],[0,-6],[7,0],[-2,8],[-3,4],[2,6],[-7,-1],[-3,-6],[-5,-2]],[[4070,8098],[-4,-4],[3,-5],[11,0],[-4,-5],[1,-3],[7,1],[2,-3],[5,0],[7,6],[-4,3],[-3,6],[-3,2],[2,7],[-2,8],[-10,-3],[-8,-10]],[[4143,8100],[2,-5],[5,4],[14,0],[0,5],[5,0],[3,-10],[-7,-9],[2,-5],[10,1],[4,-5],[4,0],[2,5],[1,9],[5,6],[-4,7],[0,9],[-9,-3],[-6,7],[-14,0],[-10,3],[-4,-6],[1,-10],[-4,-3]],[[4126,8106],[-11,7],[0,-9],[11,2]],[[4058,8084],[-9,4],[-7,-1],[1,-6],[6,3],[9,0]],[[4107,8081],[-6,-1],[2,-17],[-6,-4],[5,-6],[9,2],[5,3],[2,-5],[10,-5],[8,8],[-3,8],[-3,25],[-8,5],[-14,-2],[-2,-3],[1,-8]],[[4033,8078],[7,-1],[-2,7],[-4,-3],[-9,0],[2,-5],[6,2]],[[4328,8112],[-3,7],[-4,-1],[2,-10],[5,4]],[[4298,8112],[-9,0],[4,-7],[-8,-2],[1,-3],[9,0],[1,3],[6,1],[1,8],[-5,0]],[[4156,8091],[-4,-6],[2,-5],[9,0],[-1,7],[-6,4]],[[4343,8106],[1,-13],[4,6],[0,8],[-5,-1]],[[4003,8063],[-11,2],[1,-11],[10,-8],[9,1],[0,6],[8,0],[6,2],[0,11],[-12,-3],[-5,-2],[-6,2]],[[4073,8055],[-10,14],[-8,-3],[-7,5],[-1,-4],[-13,-1],[-4,-3],[0,-8],[-7,-6],[-1,-5],[-9,0],[-2,-4],[-15,2],[1,-16],[-3,-3],[1,-11],[9,9],[8,-1],[7,12],[8,-3],[7,8],[14,7],[1,8],[8,10],[9,-2],[7,-5]],[[4073,8055],[-3,-3],[-8,6],[-6,-1],[-5,-6],[-3,-10],[-8,-4],[-7,-1],[-4,-10],[-9,1],[-3,-8],[-12,-4],[-2,-6],[3,-8],[-1,-8],[2,-6],[-1,-8],[3,-8],[6,-2],[11,0],[1,8],[19,-1],[10,4],[9,0],[4,6],[6,-1],[8,4],[7,1],[4,4],[3,-3],[8,1],[11,-4],[6,0],[8,9],[4,1],[9,15],[2,9],[9,2],[3,15],[9,1],[-4,7],[2,2],[-2,6],[0,8],[-12,-1],[-4,-5],[-5,0],[-7,-9],[-10,-4],[-5,5],[-5,3],[-9,-1],[-3,-3],[-10,11],[-10,-1],[0,-2],[-9,-1]],[[4426,8095],[7,5],[-4,2],[0,10],[4,4],[-4,4],[-2,-7],[-5,-5],[0,-9],[4,-4]],[[4445,8114],[-9,2],[-6,-10],[14,1],[1,7]],[[4205,8079],[0,-6],[9,4],[2,8],[-8,0],[-3,-6]],[[4148,8069],[-7,-7],[4,-4],[4,6],[15,1],[-2,8],[-6,-2],[-6,3],[-2,-5]],[[4383,8087],[5,2],[4,-13],[4,5],[6,0],[0,9],[-8,1],[-11,-2],[0,-2]],[[4366,8078],[3,-1]],[[4369,8077],[3,5],[-1,6],[-7,-1],[2,-9]],[[4183,8064],[-6,0],[0,-7],[8,2],[-2,5]],[[4414,8087],[0,4],[-6,-1],[0,-5],[6,2]],[[4192,8051],[1,-7],[5,2],[0,12],[-5,0],[-1,-7]],[[4388,8074],[-3,-11],[6,-3],[8,11],[-11,3]],[[4181,8050],[-1,4],[-7,0],[3,-11],[7,1],[-2,6]],[[4250,8041],[2,6],[-7,1],[0,-8],[5,1]],[[3993,7998],[2,4],[7,2],[-1,4],[-6,0],[-5,-7],[3,-3]],[[3843,7912],[8,0],[3,5],[0,6],[8,3],[4,-3],[10,0],[5,5],[-1,14],[-2,6],[-4,0],[-2,-9],[-14,0],[-6,-7],[-1,-4],[-8,1],[-4,-12],[2,-6]],[[3841,7911],[2,1]],[[4514,8014],[-6,2],[-7,-10],[0,-3],[18,3],[-5,8]],[[3647,7889],[-5,-4],[1,-8],[-1,-10],[6,0],[13,6],[1,11],[4,6],[5,3],[10,1],[-1,6],[-7,4],[-8,1],[-4,-3],[-9,-2],[1,-7],[-6,-4]],[[3677,7907],[2,-2],[8,1],[1,3],[-11,-2]],[[4523,8007],[12,3],[-2,4],[-6,3],[-7,-1],[0,-6],[3,-3]],[[4419,7980],[11,-4],[7,-6],[2,-5],[12,2],[4,-5],[4,17],[-4,2],[0,8],[3,2],[1,10],[-10,-1],[-3,-5],[-13,-3],[-8,0],[-5,-5],[-1,-7]],[[3875,7919],[-7,3],[-11,0],[-1,-7],[13,1],[6,3]],[[4278,7963],[-1,10],[-4,-3],[5,-7]],[[4458,7986],[6,1],[5,5],[-4,5],[-7,-11]],[[3822,7899],[2,6],[-4,6],[-4,-3],[2,-10],[4,1]],[[4510,7987],[5,0],[-1,8],[-6,5],[-1,-6],[3,-7]],[[4473,7972],[3,2],[-1,10],[2,8],[-6,-1],[-3,-7],[-4,-3],[0,-9],[-4,-1],[-5,-11],[1,-6],[5,0],[8,-9],[9,2],[8,6],[5,0],[3,-4],[5,1],[7,5],[2,7],[-3,4],[-9,-2],[4,13],[-5,5],[-9,0],[-9,-4],[1,-4],[-5,-2]],[[4487,7991],[-1,3],[-7,-1],[5,-8],[3,6]],[[3858,7904],[9,-1],[1,9],[-12,-2],[2,-6]],[[4355,7962],[6,1],[3,-5],[4,5],[0,6],[-12,0],[-6,-2],[5,-5]],[[4399,7962],[8,-5],[2,-23],[13,2],[1,4],[19,3],[2,-7],[7,0],[6,12],[-4,6],[-7,0],[-1,6],[-9,3],[-5,8],[-10,4],[-8,-5],[-9,-2],[-2,5],[-5,-2],[-4,-7],[6,-2]],[[3615,7754],[-7,-5],[10,-3],[2,5],[11,16],[3,12],[6,-2],[7,3],[8,12],[-1,15],[4,8],[-1,12],[13,16],[2,12],[5,7],[2,10],[-1,5],[-8,-1],[-3,-4],[0,-6],[-4,-4],[0,-7],[-3,-1],[-8,-14],[-3,3],[-6,-1],[-3,-5],[1,-23],[-2,-3],[-7,1],[-1,8],[-6,-5],[-6,-1],[3,-5],[2,-13],[-2,-2],[0,-10],[-5,-3],[-3,-6],[2,-17],[-1,-4]],[[3731,7866],[1,-1],[14,2],[8,-3],[3,-6],[14,-4],[5,6],[8,2],[5,14],[-11,-1],[-2,2],[-9,-2],[-22,7],[-7,-1],[-6,-8],[-1,-7]],[[3805,7888],[-12,-3],[5,-4],[6,2],[1,5]],[[3728,7861],[-1,10],[-9,-1],[3,-5],[7,-4]],[[3645,7848],[4,-1],[3,7],[4,0],[1,9],[-10,-1],[1,-4],[-3,-4],[0,-6]],[[4448,7964],[-1,-7],[7,0],[-3,7],[-3,0]],[[3738,7840],[5,-4],[13,8],[4,4],[-1,6],[-10,7],[-7,-1],[-6,-6],[-3,-6],[-8,3],[-18,-2],[-4,4],[-17,-1],[-5,-4],[-3,-8],[-16,-10],[-3,-5],[2,-8],[-5,-11],[2,-15],[-5,-8],[1,-8],[10,4],[4,6],[8,1],[0,7],[5,5],[7,0],[4,-7],[3,2],[7,1],[1,5],[8,3],[0,9],[4,2],[3,6],[4,1],[0,11],[2,3],[7,1],[2,-2],[6,3],[-1,4]],[[4511,7952],[-7,-2],[5,-5],[2,7]],[[4564,7942],[4,3],[-6,7],[-6,2],[-8,-1],[-6,7],[-7,-2],[-2,2],[-7,-1],[-7,-12],[5,-4],[7,3],[4,-4],[10,-1],[2,-8],[5,-6],[6,0],[8,5],[-9,7],[-6,0],[-6,9],[7,-1],[3,-3],[5,1],[4,-3]],[[4564,7942],[1,-4],[4,-2],[1,7],[-6,-1]],[[4452,7920],[-5,6],[-5,-1],[-13,8],[-8,-2],[-2,-3]],[[4419,7928],[5,-6],[-5,-7],[0,-11],[-4,2]],[[4415,7906],[-9,-14],[5,-4],[3,-5]],[[4414,7883],[6,-5],[-6,-6],[8,-1],[0,-14],[5,-13],[8,-1],[4,10]],[[4439,7853],[1,-11],[10,-1],[1,-5],[12,-15],[2,-10],[11,-11],[8,-2],[4,-6],[5,4],[6,1],[8,-7],[5,-1],[1,-12],[4,0]],[[4517,7777],[1,7],[13,1],[5,-6],[-1,-7],[11,-2],[1,-6],[5,-2],[4,-6],[8,2],[0,-4]],[[4564,7754],[6,1],[3,-1],[1,-10],[4,-1],[5,-9],[4,1],[6,-9],[9,-7],[5,-1],[5,5],[5,1],[6,5],[8,1],[2,-3],[6,0],[4,-7],[5,1],[8,-8],[2,-6],[5,3]],[[4663,7710],[-1,3],[9,2],[1,8],[-3,3],[3,6],[-3,2]],[[4669,7734],[1,1]],[[4670,7735],[2,18]],[[4672,7753],[-3,1],[-4,13],[-8,-1],[-9,3],[1,-6]],[[4649,7763],[3,-3],[2,-18],[10,-3],[1,-14],[-12,3],[-4,7],[-5,0],[-5,5],[-1,7],[-8,4],[-1,10],[-11,6]],[[4618,7767],[1,4],[-11,-6],[-11,2],[-2,24],[-2,5],[-13,4],[-7,6],[-2,10],[-5,13],[-6,2],[0,4],[7,0],[0,-6],[8,-8],[1,-6],[7,-6],[6,0],[0,5]],[[4589,7814],[1,-6],[5,-2]],[[4595,7806],[1,-9],[8,-1],[1,-9],[11,-10],[4,-2],[3,5]],[[4623,7780],[0,14],[-1,4],[-8,-4],[-3,8],[-7,3],[-1,6],[3,4],[8,-1],[1,7],[-5,9],[-6,8],[0,15],[-1,10],[2,7],[-5,3],[-6,-1],[-5,5],[-11,2],[-6,3],[-3,12],[-4,2],[-4,6],[-7,7],[5,11],[0,4],[-9,-1],[-3,4],[-4,0],[-4,10],[-11,0],[-14,-3],[-10,12],[-4,-1],[-12,6],[-4,-9],[-15,-2],[2,-6],[-13,-4],[0,-9],[-6,-1]],[[4452,7920],[4,2],[-2,11],[-4,-3],[2,-10]],[[4415,7906],[1,11],[5,5],[-8,1],[0,7],[-5,0],[-6,3],[-1,-8],[3,-9],[3,-14],[8,4]],[[4517,7777],[-1,-7],[9,2],[7,-2],[0,7],[-4,2],[-11,-2]],[[4649,7763],[-2,5],[-6,4],[0,-8],[8,-1]],[[4626,7777],[2,5]],[[4628,7782],[-5,-2]],[[4623,7780],[3,-3]],[[3790,7854],[-1,5],[-4,0],[-4,-10],[9,5]],[[4566,7953],[3,-1],[5,-8],[15,2],[-1,8],[-9,1],[0,4],[-6,-1],[0,-4],[-7,-1]],[[4456,7934],[8,-1],[-2,6],[-6,-2],[0,-3]],[[4586,7938],[0,5],[-10,-1],[3,-5],[7,1]],[[3774,7830],[7,-2],[0,9],[-5,-1],[-2,-6]],[[4400,7909],[-2,-7],[5,-1],[1,5],[-4,3]],[[4612,7936],[-16,-1],[11,-8],[8,1],[-3,8]],[[3723,7808],[1,6],[6,1],[3,6],[-8,-2],[-5,-6],[3,-5]],[[4562,7913],[0,-5],[5,-5],[5,0],[-1,10],[-2,3],[-7,-3]],[[4593,7910],[-2,-4],[7,-5],[4,1],[-3,10],[-6,-2]],[[4590,7881],[7,3],[-6,6],[-4,0],[-1,5],[-8,2],[-2,-8],[4,-5],[10,-3]],[[3354,7714],[0,-7],[3,-9],[7,1],[9,-6],[4,0],[-3,8],[-2,11],[-5,1],[-2,4],[-11,-3]],[[3634,7726],[5,4],[-2,6],[-4,-4],[1,-6]],[[3620,7730],[8,1],[-3,4],[-5,-5]],[[4613,7834],[4,9],[0,6],[-7,-1],[3,-14]],[[3363,7657],[6,4],[0,4],[-14,0],[0,-7],[8,-1]],[[3591,7693],[-7,-6],[-7,-1],[-4,-3],[0,-4],[7,-2],[0,5],[5,0],[6,11]],[[3609,7668],[-3,9],[2,3],[0,7],[-10,-2],[-5,-8],[2,-8],[0,-15],[5,3],[-1,4],[5,7],[5,0]],[[3612,7673],[-3,-5]],[[3609,7668],[1,-3],[7,1],[-5,7]],[[3577,7656],[7,-7]],[[3584,7649],[10,4],[-2,18],[-1,7],[-7,0],[-4,-12],[0,-8],[-3,-2]],[[3577,7656],[0,15],[-7,-1],[-6,4],[-7,-6],[-17,-4],[-6,-6],[-4,-12],[-4,-5],[0,-8],[6,0],[8,7],[11,0],[1,-2],[12,3],[8,4],[4,11],[1,0]],[[4630,7798],[7,3],[-4,9],[-11,-1],[-2,-6],[9,-1],[1,-4]],[[3442,7632],[6,4],[-2,9],[-7,-1],[-3,-7],[6,-5]],[[4675,7781],[1,5],[-8,0],[0,-6],[7,1]],[[3408,7608],[0,-3],[11,3],[2,-4],[7,-1],[5,16],[0,5],[-19,0],[-4,-4],[-2,-12]],[[3490,7632],[-2,-5],[8,-1],[-1,5],[-5,1]],[[3530,7624],[7,-3],[1,5],[5,1],[4,-6],[8,-6],[-3,9],[-1,9],[-3,2],[-14,-2],[-4,-9]],[[3472,7610],[6,2],[15,2],[-4,5],[-12,0],[-6,4],[-1,-6],[2,-7]],[[3455,7611],[7,2],[0,4],[-7,-1],[0,-5]],[[4630,7766],[6,-6],[5,3],[-9,5],[-2,-2]],[[3483,7602],[-3,8],[-7,-2],[2,-7],[8,1]],[[4652,7749],[-5,4],[0,-9],[5,5]],[[3392,7568],[-7,-7],[10,-1],[8,16],[5,8],[-6,6],[0,-11],[-10,-11]],[[3253,7558],[3,8],[-14,-2],[-5,-3],[-3,-7],[12,1],[7,3]],[[3381,7572],[0,-5],[2,-5],[8,15],[-7,-1],[-3,-4]],[[3367,7568],[0,-2],[-10,-2],[-6,-10],[8,0],[3,5],[8,-2],[11,15]],[[3381,7572],[-8,2],[-6,-6]],[[3412,7577],[-4,1],[-7,-11],[1,-12],[-9,-4],[0,-4],[8,0],[8,10],[5,1],[6,5],[-2,13],[-6,1]],[[3370,7549],[0,4],[-8,0],[4,-8],[4,4]],[[3377,7548],[1,3],[9,0],[0,5],[-14,-3],[-2,-8],[6,3]],[[4665,7699],[3,-9],[3,-2],[5,5],[1,-9],[8,-1],[3,7],[-10,2],[-8,4],[0,6],[2,4],[-4,4],[-3,-11]],[[3244,7457],[1,-1]],[[3245,7456],[3,-1],[7,4],[0,13],[-4,1],[-6,-5],[-5,0],[0,-8],[4,-3]],[[3238,7421],[8,0],[0,3],[-8,4],[0,-7]],[[3216,7372],[7,9],[2,5],[-9,-2],[-4,-5],[4,-7]],[[4681,7565],[-8,-5],[0,-9],[6,-7],[4,2]],[[4683,7546],[4,-2]],[[4687,7544],[-2,6]],[[4685,7550],[5,7],[-1,4],[-8,4]],[[4687,7533],[4,1],[0,12]],[[4691,7546],[-4,-2]],[[4687,7544],[0,-11]],[[4685,7529],[-3,-4],[1,-5],[5,4],[-3,5]],[[3109,7363],[-7,0],[1,-10],[8,2],[-2,8]],[[3104,7328],[-1,-2]],[[3103,7326],[12,1],[-2,9],[11,1],[0,-9],[4,1],[4,7],[-2,10],[4,2],[2,8],[12,1],[5,-8],[4,0],[0,6],[-5,5],[-7,2],[-1,3],[-6,-1],[-5,-5],[-6,-13],[-4,-3],[-12,-3],[-6,-5],[-1,-7]],[[3103,7326],[-7,0],[3,-5],[4,5]],[[3007,7274],[4,5],[4,11],[-1,6],[10,2]],[[3024,7298],[-1,-7],[5,-2],[1,-7],[6,1],[-1,13],[6,2],[-2,5],[0,9],[3,3]],[[3041,7315],[0,-3],[10,2],[0,6],[13,6],[2,-10],[7,-1],[8,9]],[[3081,7324],[-2,6],[8,3],[-3,8],[8,10],[2,7],[-9,-2],[-2,-6],[-7,-1],[-7,-7],[-12,0],[1,7],[-4,2],[-8,-1],[-2,-5],[-7,-4],[-15,-3],[-4,-5],[-4,-18],[-9,-12],[-5,-4],[-1,-5],[-7,-6],[-5,-6],[-5,0],[-7,-17],[-6,-3],[-3,-5],[0,-13],[-5,4],[-4,-6],[0,-9],[-2,-7],[-4,-1],[-14,-2],[-4,-1],[-3,-7],[-2,-7],[-5,-4],[-3,-7],[6,-5],[11,1],[5,4],[8,14],[7,6],[12,2],[3,3],[3,6],[11,3],[-3,13],[6,3],[4,16],[8,14],[6,-3]],[[2995,7297],[11,10],[0,5],[-11,-1],[-8,-9],[-6,-14],[1,-3],[6,1],[5,4],[2,7]],[[3006,7334],[-8,-9],[-1,-6],[6,-3],[7,7],[5,16],[8,6],[-6,2],[-7,-6],[-4,-7]],[[3190,7343],[-7,2],[0,-4],[7,2]],[[3071,7307],[-6,-3],[2,-4],[7,-4],[-5,-4],[5,-19],[7,5],[7,1],[-1,10],[5,23],[-9,0],[-2,-4],[-10,-1]],[[3056,7292],[-3,-8],[3,-15],[9,2],[-4,15],[-5,6]],[[3010,7255],[7,-4],[13,3],[-6,9],[-6,6],[2,4],[1,7]],[[3021,7280],[-7,-4],[-2,-4],[-8,-5],[4,-6],[2,-6]],[[3010,7255],[-6,-2],[-6,-7],[10,-1],[2,10]],[[4690,7483],[-7,2],[1,-7],[6,5]],[[4686,7432],[-3,13],[3,5],[-6,3],[-1,6],[15,11],[-4,3],[-12,2],[-4,-5],[5,-3],[-3,-7],[4,-15],[-1,-15],[-4,-9],[12,-23],[8,1],[-10,8],[2,11],[-3,12],[2,2]],[[2960,7254],[-4,-1],[-13,-14],[-7,-1],[-5,-4],[0,-7],[5,3],[5,-2],[9,1],[5,17],[5,8]],[[4698,7460],[-4,-4],[5,-7],[3,4],[-4,7]],[[3000,7227],[2,7],[-2,5],[-8,-2],[8,-10]],[[3000,7221],[-4,-7],[-7,0],[0,-11],[4,-2],[8,3],[4,7],[-2,9],[-3,1]],[[2975,7222],[5,-5],[11,3],[-16,2]],[[2899,7194],[6,6],[8,0],[5,3],[-1,4],[-9,0],[-4,3],[-15,0],[-10,-10],[-12,1],[-15,-9],[-4,-8],[0,-7],[4,-5],[13,3],[12,4],[13,11],[4,-3],[5,7]],[[2965,7216],[-3,0],[-8,-11],[5,-2],[10,4],[5,7],[-9,2]],[[4691,7426],[8,1],[-3,5],[-5,-6]],[[2906,7188],[5,5],[1,5],[-6,1],[-3,-3],[-3,-9],[6,1]],[[2846,7186],[-2,1],[-5,-7],[0,-8],[3,-6],[4,20]],[[2866,7169],[-7,-3],[1,-5],[11,3],[4,-1],[2,6],[-2,7],[-9,-7]],[[2866,7169],[-14,1],[-5,-4],[-3,-9],[9,1],[6,10],[7,1]],[[2840,7128],[-6,-3],[-6,4],[-5,-7],[-3,-6],[0,-10],[-4,-4],[2,-4],[14,0],[5,4],[2,6],[5,-1],[7,8],[7,0],[7,12],[-2,9],[3,5],[-1,7],[4,6],[-3,6],[-6,-6],[-15,-1],[-5,-6],[0,-8],[-1,-2],[1,-9]],[[4730,7316],[-1,6],[19,2],[2,-4]],[[4750,7320],[-1,7],[-11,1],[-1,4],[8,2],[2,3]],[[4747,7337],[-4,4],[-1,13],[-6,4],[0,-9],[3,0],[0,-15],[-3,0],[-2,16],[2,12],[-5,4]],[[4731,7366],[-1,2],[-13,-4],[1,-7],[-1,-17],[4,-4],[-3,-4],[-2,-7],[2,-5],[12,-4]],[[4755,7314],[1,-5]],[[4756,7309],[1,-8],[10,2],[-3,9],[-5,6],[-9,2]],[[4750,7320],[5,-6]],[[2799,7107],[5,2],[6,-4],[4,1],[-3,13],[-6,-3],[-1,-4],[-5,-5]],[[2848,7104],[11,0],[5,2],[-2,7],[-11,-1],[-3,-8]],[[2848,7104],[-8,-2],[-5,-4],[-2,-7],[-12,-1],[-5,-8],[-1,-4],[9,1],[12,3],[1,-4],[7,1],[0,9],[7,14],[-3,2]],[[2730,7075],[1,-1]],[[2731,7074],[-2,-4],[-11,-3],[-2,-4],[-15,-1],[-7,-11],[-9,-2],[-4,-10],[23,1],[1,2],[12,2],[11,4],[2,5],[6,9],[6,3],[2,6],[1,14],[-3,5],[-12,-6],[0,-9]],[[2760,7070],[3,13],[-3,2],[-9,-2],[-3,-16],[12,3]],[[4747,7309],[-4,3],[1,-16],[4,1],[3,-9],[4,-3],[1,-8],[4,-3],[5,1],[-4,9],[-6,4],[-1,12],[-7,9]],[[2817,7070],[-5,3],[-6,-1],[-4,-4],[-8,0],[-5,-4],[-6,0],[-7,-9],[1,-7],[10,-1],[7,0],[0,5],[7,3],[18,-6],[6,3],[4,11],[-1,7],[-11,0]],[[2776,7064],[-13,-1],[-10,-14],[8,-1],[-4,-6],[-2,-8],[1,-7],[7,1],[7,6],[2,13],[-1,12],[5,5]],[[2746,7040],[4,4],[3,9],[-7,3],[-6,-1],[-6,-8],[-1,-10],[7,7],[4,1],[2,-5]],[[2661,7016],[5,3],[7,1],[13,11],[7,1],[0,3],[-11,1],[-2,-5],[-17,0],[-7,4],[-7,-1],[2,-6],[4,-1],[1,-5],[5,-6]],[[3825,8718],[14,3],[2,4],[-4,5],[-11,-5],[-1,-7]],[[3775,8655],[-4,-12],[9,3],[3,6],[0,7],[-8,-4]],[[3611,8571],[-1,3],[-9,-2],[3,-10],[10,-1],[1,11],[-4,-1]],[[3741,8524],[-2,-5],[-5,1],[-2,-8],[10,6],[-1,6]],[[3721,8513],[5,4],[6,2],[-1,6],[-8,0],[-3,-5],[1,-7]],[[3719,8500],[-1,-7],[5,1],[0,7],[-4,-1]],[[3734,8456],[-1,16],[2,4],[7,1],[4,6],[-2,15],[-10,-10],[-4,1],[-4,-10],[1,-3],[-6,-8],[1,-9],[-6,-4],[-1,-6],[-5,-4],[-2,-6],[10,-4],[3,-3],[6,2],[7,8],[2,7],[-2,7]],[[3742,8450],[7,-11],[2,7],[-4,1],[2,7],[0,11],[-3,-1],[-1,-9]],[[3745,8455],[-3,-5]],[[3661,8417],[3,-6],[4,0],[5,6],[-1,7],[-6,2],[-6,-6],[1,-3]],[[3631,8403],[-4,0],[-10,-15],[12,1],[4,1],[6,-5],[3,-6],[6,0],[6,10],[-3,14],[-3,0],[-3,7],[-14,-7]],[[3543,8346],[0,4],[5,8],[-6,0],[-5,7],[-4,-2],[0,-5],[-8,-5],[-7,0],[2,-19],[6,6],[7,3],[8,-1],[2,4]],[[3524,8321],[7,-2],[0,4],[7,1],[4,5],[-4,10],[-10,0],[-9,-14],[5,-4]],[[3525,8316],[-1,3],[-6,0],[-3,-7],[7,1],[3,3]],[[4774,7243],[-2,19],[-9,-3],[-1,-6],[4,-5],[8,-5]],[[4793,7238],[-7,-6],[1,7],[-4,3],[-6,-13],[4,-5],[9,-2],[3,-11],[5,-5],[0,-6],[-4,-4]],[[4794,7196],[6,3],[1,5],[0,9],[-3,5],[-2,26],[-1,8],[-6,0],[-1,-8],[5,-6]],[[4782,7212],[-5,10],[-4,-7],[3,-8],[6,5]],[[4816,7173],[1,1]],[[4817,7174],[0,2]],[[4817,7176],[0,7],[4,9],[-5,4],[-8,-6],[1,-7],[-3,-5],[0,-8],[7,0],[3,3]],[[4764,7167],[3,1],[-1,8],[-7,-1],[-1,-6],[6,-2]],[[4773,7169],[-3,-7],[4,-3],[4,-10],[3,-4],[2,-18],[2,-7],[7,0],[-3,12],[5,12],[0,7],[-6,3],[-1,12],[-2,2],[-7,0],[-5,1]],[[2273,6681],[-1,-5],[-8,-1],[0,3],[9,3]],[[2295,6755],[-5,3],[1,11],[4,-2],[0,-12]],[[2257,6924],[7,0],[-2,-9],[-5,9]],[[2226,7466],[12,5],[1,-10],[-5,-2],[-8,7]],[[2214,7476],[5,2],[0,-9],[-6,0],[1,7]],[[2221,7585],[-2,-8],[-4,-1],[0,8],[6,1]],[[2207,7581],[-2,7],[-4,8],[7,1],[3,-10],[-4,-6]],[[2228,7622],[-4,-4],[6,-4],[-5,-7],[-1,-12],[4,-2],[1,-9],[-7,0],[-1,3],[-5,1],[5,8],[-6,4],[4,6],[0,8],[-3,3],[3,6],[9,-1]],[[2769,1638],[-1,-5]],[[2768,1633],[1,5]],[[2756,1673],[1,-3]],[[2757,1670],[-4,-11]],[[2753,1659],[1,10],[2,4]],[[2743,1706],[1,-1]],[[2744,1705],[-6,-1],[-2,4]],[[2736,1708],[7,-2]],[[2736,1708],[-3,-2]],[[2733,1706],[3,2]],[[2750,1721],[4,7],[4,-5],[-8,-2]],[[2745,1716],[4,-3],[-5,-8]],[[2744,1705],[-1,1]],[[2743,1706],[-8,9],[-4,-2],[-3,6]],[[2728,1719],[-5,11],[-7,4],[-1,13],[9,-1],[1,-8],[3,-8],[12,-1],[1,-9],[4,-4]],[[2733,1755],[-3,2],[0,11],[3,1],[0,-14]],[[2763,1774],[7,3],[1,-5],[-8,2]],[[2752,1779],[-5,1],[-2,5],[8,0],[-1,-6]],[[2751,1794],[1,-3],[-9,-1],[1,5],[7,-1]],[[2760,1807],[-3,-2],[-4,7],[3,2],[4,-7]],[[2732,1908],[3,-7],[-6,1],[3,6]],[[2736,2026],[4,-1],[1,-8],[-4,0],[-1,9]],[[2741,2056],[4,-1],[-1,-8],[-6,0],[3,9]],[[2715,2053],[3,-10],[-5,-1],[-2,13],[4,-2]],[[2727,2037],[2,14],[-10,-7],[-2,7],[2,18],[-3,5]],[[2716,2074],[0,1]],[[2716,2075],[7,0],[3,-3],[9,5],[-1,-15],[-6,1],[-2,-4],[4,-4],[0,-16],[-3,-2]],[[2703,2102],[-6,0]],[[2697,2102],[13,10],[1,-6],[-8,-4]],[[2728,2128],[4,0]],[[2732,2128],[-4,0]],[[2732,2128],[-1,7]],[[2731,2135],[1,4]],[[2732,2139],[0,-11]],[[2758,2173],[1,1]],[[2759,2174],[7,-4],[5,0]],[[2771,2170],[-5,-3],[0,-8],[-5,-5],[-8,-3],[-2,-9],[-7,3],[2,12],[0,5],[-7,-3],[-5,-5],[-5,-11],[3,-4]],[[2732,2139],[-1,-4]],[[2731,2135],[-4,7],[-11,0],[-6,-15],[-5,-4],[-1,10],[-6,0]],[[2698,2133],[1,7],[11,0],[0,3],[8,1],[-2,6],[-5,-3],[-3,7],[2,4],[-1,13],[14,1]],[[2723,2172],[-1,-6],[11,2],[10,6],[5,5],[2,-7],[8,1]],[[2723,2172],[0,4],[8,1],[0,-6],[-8,1]],[[2703,2221],[5,-2],[0,-11],[-8,-2],[-2,7],[-6,4],[11,4]],[[2709,2224],[-13,1],[-4,6],[6,1],[11,-3],[0,-5]],[[2682,2243],[8,-2],[1,-4],[-8,1],[-1,5]],[[2696,2251],[2,-1]],[[2698,2250],[-2,1]],[[2698,2250],[-2,1]],[[2696,2251],[0,9]],[[2696,2260],[3,-4],[-1,-6]],[[2695,2266],[4,-3]],[[2699,2263],[-3,-3]],[[2696,2260],[-1,6]],[[2717,2266],[1,8],[6,-1],[2,-7],[-3,-4],[-6,4]],[[2699,2263],[-4,3]],[[2695,2266],[-4,6],[-1,6],[9,-2],[0,-13]],[[2710,2296],[-10,4],[-10,11],[9,1],[2,5],[8,-4],[4,-10],[1,-5],[-4,-2]],[[2681,2330],[5,-5],[-14,1],[5,11],[12,0],[2,-6],[-10,-1]],[[2677,2503],[-10,4],[4,5],[7,-3],[7,1],[-1,-10],[-7,3]],[[2659,2592],[1,5],[7,4],[5,-1],[10,3],[0,-13],[-19,-3],[-4,5]],[[2652,3021],[2,6],[7,-2],[1,-10],[-9,1],[-1,5]],[[2618,3227],[1,-1]],[[2619,3226],[3,0]],[[2622,3226],[-2,-2],[-2,3]],[[2622,3226],[0,1]],[[2622,3227],[6,6],[9,-2],[4,4]],[[2641,3235],[-5,-8],[-5,4],[-5,-2],[0,-5],[9,1],[0,-4],[-9,0],[-4,5]],[[2622,3227],[-3,-1]],[[2619,3226],[-1,1]],[[2618,3227],[4,0]],[[2612,3234],[4,4],[3,8],[4,1],[4,-10],[-10,-4],[-5,1]],[[2599,3243],[2,0]],[[2601,3243],[5,-1],[6,-8]],[[2612,3234],[-6,0],[-7,9]],[[2595,3241],[-2,4]],[[2593,3245],[6,1],[2,-3]],[[2601,3243],[-2,0]],[[2599,3243],[-4,-2]],[[2618,3384],[-2,6]],[[2616,3390],[2,-6]],[[2625,3418],[-5,-2],[-3,5]],[[2617,3421],[4,-4],[4,1]],[[2617,3421],[-10,-2],[-4,2],[-5,11],[-1,7],[6,24],[8,2],[9,-7],[4,-13],[1,-8],[-2,-7],[-6,-9]],[[2571,3605],[0,-6]],[[2571,3599],[-3,-6],[5,-7],[1,-5],[4,-5],[4,1],[5,6],[4,1],[2,-10],[-6,-5],[-5,1],[-1,6],[-8,1],[-3,9],[-6,2],[-5,-6],[-4,7],[4,3],[0,17],[8,3],[4,-7]],[[2571,3599],[0,6]],[[2571,3605],[0,-6]],[[2589,3629],[2,-6],[-11,-1],[-1,8],[-6,9],[4,5],[4,-7],[4,-1],[4,-7]],[[2564,3766],[-7,8],[3,7],[6,2],[3,-9],[0,-8],[-5,0]],[[2575,3843],[-8,-2],[-1,7],[-3,3],[3,11],[15,-2],[6,3],[0,-9],[-5,-4],[-2,-5],[-5,-2]],[[2559,3931],[1,0]],[[2560,3931],[-1,0]],[[2560,3931],[-1,0]],[[2559,3931],[-4,-1],[-1,7],[9,0],[-3,-6]],[[2550,4006],[6,5],[1,-6],[-5,-4],[-2,5]],[[2541,4098],[6,1],[-4,-9],[-5,0],[3,8]],[[2532,4311],[1,5],[6,6],[2,-3],[-6,-9],[-3,1]],[[2502,4331],[6,4],[3,-11],[-6,-2],[-3,3],[0,6]],[[2530,4541],[-2,-2],[-12,-2],[1,5],[12,3],[1,-4]],[[2464,4697],[1,-4],[8,-4],[7,8]],[[2480,4697],[4,-13],[7,-10],[2,7],[9,-9],[3,-17],[-3,-1],[-5,-10],[3,-4],[8,6],[5,-3],[-1,-10],[1,-11],[-5,-10],[-7,-8],[-10,0],[-10,5],[-1,20],[-6,1],[-2,11],[-4,11],[-9,9],[-4,6],[0,5],[-4,6],[2,10],[4,1],[3,6],[4,2]],[[2491,4695],[4,-1]],[[2495,4694],[-4,1]],[[2488,4706],[-2,1]],[[2486,4707],[1,0]],[[2487,4707],[1,-1]],[[2459,4717],[1,-1]],[[2460,4716],[8,1],[5,-6],[7,2],[2,-2],[10,-1]],[[2492,4710],[-1,-8]],[[2491,4702],[-3,4]],[[2488,4706],[-1,1]],[[2487,4707],[-1,0]],[[2486,4707],[-6,-10]],[[2480,4697],[-2,6],[-10,0],[-2,3]],[[2466,4706],[-4,2],[-3,9]],[[2513,4711],[-1,-1]],[[2512,4710],[1,1]],[[2489,4749],[4,-6],[-2,-10],[-4,0],[-3,5],[5,11]],[[2467,4801],[15,3],[-2,4],[17,2],[9,5],[7,-7],[4,-15],[-2,-8],[-4,-2],[-1,-6]],[[2510,4777],[-3,-3]],[[2507,4774],[-1,12],[4,9]],[[2510,4795],[-4,-2],[-3,3],[-6,-8],[-7,-2],[-6,2],[-2,11],[-12,-4],[-10,-3],[-7,-3],[0,18],[7,-4],[2,-5],[5,3]],[[2474,5117],[5,-2],[-1,-6],[-5,2],[1,6]],[[2399,6047],[-5,-2],[0,10],[4,0],[1,-8]],[[2351,6602],[3,-1],[2,-6]],[[2356,6595],[-4,-1]],[[2352,6594],[-1,8]],[[2351,6602],[2,6]],[[2353,6608],[-2,-6]],[[2322,6880],[5,3],[3,-3],[-1,-5],[-4,0],[-3,5]],[[2268,7217],[-5,5],[6,2],[-1,-7]],[[2276,7668],[1,-7],[-11,-7],[-8,-1],[-1,-7],[-6,-4]],[[2251,7642],[6,-12],[14,2],[0,-2]],[[2271,7630],[-5,-2]],[[2266,7628],[1,-5],[-9,0],[-5,-6],[-2,11],[-8,-1],[-5,-3],[-10,-2]],[[2228,7622],[8,7],[-6,1],[-3,6],[11,2],[-6,4],[0,9],[7,3],[1,4],[7,5],[1,10],[2,7],[8,1],[-1,-6],[-8,-13],[2,-5],[5,1],[10,0],[5,7],[5,3]],[[2791,1605],[0,-1]],[[2791,1604],[0,1]],[[2791,1604],[0,1]],[[2791,1605],[0,-1]],[[2794,1791],[5,-6],[-6,-1],[1,7]],[[2808,1852],[1,-7],[-6,0],[-1,7],[6,0]],[[2772,1868],[-6,0],[-2,9],[6,-2],[2,-7]],[[2791,1885],[0,11],[9,4],[0,-8],[-4,-5],[-5,-2]],[[2793,1955],[-1,-6],[5,-4]],[[2797,1945],[-4,1],[-5,-6],[-13,8],[-4,-3],[-4,3],[0,9],[4,2],[7,-2],[6,-9],[1,6],[8,1]],[[2754,1971],[7,-2],[0,-9],[-6,3],[-1,8]],[[2779,1998],[-4,0],[-3,8],[6,-1],[1,-7]],[[2775,2018],[5,0],[4,-6],[-1,-5],[-8,11]],[[2775,2018],[4,5]],[[2779,2023],[-4,-5]],[[2779,2023],[-5,13],[2,5],[7,1],[7,-11],[7,-1],[2,-9],[-7,-1],[-2,6],[-9,-8],[-2,5]],[[2759,2059],[7,3],[2,-6],[4,-4],[9,2],[2,-5],[-2,-4],[-6,0],[-4,5],[-6,-1],[0,5],[-6,5]],[[2770,2074],[6,-2],[0,-8],[-2,-4],[-8,4],[1,9],[3,1]],[[2743,2086],[2,8],[4,-4],[0,-11],[-2,-9],[-3,0],[-1,8],[0,8]],[[2743,2086],[-5,6],[5,2],[0,-8]],[[2767,2140],[2,-1]],[[2769,2139],[-2,1]],[[2759,2174],[-1,-1]],[[2758,2173],[-3,1],[-2,9],[5,-1],[1,-8]],[[2771,2185],[-6,5],[7,3],[9,1],[-2,-6],[-8,-3]],[[2744,2198],[3,-4],[-10,-1],[1,7],[6,-2]],[[2746,2209],[-1,1]],[[2745,2210],[-2,1]],[[2743,2211],[3,-2]],[[2743,2211],[2,-1]],[[2745,2210],[1,-1]],[[2746,2209],[2,-4],[-15,-7],[-6,0],[-1,13],[2,15],[8,-3],[7,-12]],[[2772,2227],[2,-4],[-12,-3],[-6,3],[-9,-1],[-2,10],[15,-1],[2,-3],[10,-1]],[[2728,2243],[-5,2],[0,12],[8,-9],[5,0],[7,-7],[-4,-5],[4,-4],[-4,-5],[-9,2],[-2,14]],[[2732,2256],[5,8],[3,-2],[0,-7],[-8,1]],[[2771,2272],[3,-3],[-1,-7],[-6,-5],[-8,0],[1,6],[6,2],[5,7]],[[2735,2275],[-6,3],[-1,8],[10,0],[0,-4],[5,-6],[-3,-5],[-5,4]],[[2711,2336],[1,1]],[[2712,2337],[0,2]],[[2712,2339],[0,3]],[[2712,2342],[-2,8],[-7,-1],[-9,2],[-3,10],[4,1],[3,-4],[18,3],[5,-4],[15,2],[5,-8],[11,1],[3,-7],[6,1],[8,-4],[7,1],[2,-11],[6,1],[0,-10],[2,-9],[5,-7],[1,-6],[-6,1],[-7,-2],[-6,3],[-12,0],[-15,4],[-6,-1],[-4,9],[6,1],[9,-5],[3,-4],[5,-1],[1,8],[-5,1],[-5,10],[-14,-2],[-4,6],[-19,0],[-2,7]],[[2736,2342],[-6,4],[-10,-4],[-8,0]],[[2712,2342],[11,-4],[7,1],[6,3]],[[2755,2401],[5,-3],[0,-8],[4,-9]],[[2764,2381],[-11,-1],[-2,5],[-8,4],[-9,13],[6,13],[5,5],[2,-4],[1,-9],[7,-1],[0,-5]],[[2760,2382],[4,-1]],[[2764,2381],[-4,1]],[[2702,2755],[0,7],[-6,6],[6,3],[5,-10],[-5,-6]],[[2676,3042],[-1,-5],[-8,0],[1,11],[7,0],[1,-6]],[[2692,3046],[-4,2],[1,7],[12,-1],[-1,-7],[-8,-1]],[[2676,3084],[2,-11],[-4,0],[-1,8],[3,3]],[[2686,3107],[-1,6],[9,1],[1,-8],[-7,-1],[-2,2]],[[2641,3244],[-1,6]],[[2640,3250],[1,-6]],[[2679,3255],[-4,-4],[-6,-1],[-1,8],[5,1],[6,-4]],[[2656,3331],[-2,5],[6,3],[4,-6],[-4,-6],[-4,4]],[[2631,3374],[7,0],[5,-3],[0,-7],[-2,-6],[-11,-3],[-3,13],[4,6]],[[2646,3398],[-5,4],[2,7],[5,-3],[2,-9],[-4,1]],[[2638,3500],[-8,2],[-1,11],[8,1],[1,8],[4,5],[6,2],[2,-8],[-9,-2],[1,-16],[-4,-3]],[[2619,3569],[1,8],[5,0],[3,4],[-1,6],[17,0],[0,-7]],[[2644,3580],[-9,-1],[1,-10],[-4,-8],[-13,8]],[[2635,3643],[-1,-6],[-4,0],[1,8],[4,-2]],[[2592,4118],[-9,0],[0,3],[9,4],[0,-7]],[[2590,4142],[-5,7],[-1,7],[8,1],[0,-8],[3,-7],[-5,0]],[[2592,4224],[-11,-4],[6,11],[5,-7]],[[2554,4344],[-5,-2],[-2,-5],[-5,1],[-2,8],[4,5],[3,-3],[7,1],[0,-5]],[[2593,4424],[4,-4],[1,-11],[-6,-13],[-3,-3],[-13,-2],[-6,2],[-8,9],[1,8],[5,8],[2,6],[7,9],[7,-1],[9,-8]],[[2570,4600],[3,-2],[1,-16],[-10,-2],[-6,4],[-2,5],[-1,9],[3,7],[9,-2],[3,-3]],[[2539,4679],[3,2]],[[2542,4681],[-3,-2]],[[2534,4682],[1,0]],[[2535,4682],[-1,0]],[[2539,4679],[-4,3]],[[2535,4682],[4,-3]],[[2533,4687],[0,-2]],[[2533,4685],[-1,-1]],[[2532,4684],[-2,-5]],[[2530,4679],[3,8]],[[2533,4685],[1,-3]],[[2534,4682],[-2,2]],[[2532,4684],[1,1]],[[2512,4710],[1,1]],[[2513,4711],[13,-2]],[[2526,4709],[-1,-4]],[[2525,4705],[-1,0]],[[2524,4705],[0,-1]],[[2524,4704],[-4,-5],[5,-8],[5,-12]],[[2530,4679],[2,-3],[6,1],[4,4]],[[2542,4681],[-2,16],[3,6],[8,1],[11,-6],[1,5],[6,4]],[[2569,4707],[6,-7]],[[2575,4700],[7,1]],[[2582,4701],[9,2],[4,0]],[[2595,4703],[-3,-3]],[[2592,4700],[-1,0]],[[2591,4700],[-10,-4],[-3,-6],[-4,1],[-6,-4]],[[2568,4687],[-4,-2],[0,-8],[-1,-6],[3,-3],[-2,-7],[-9,-1],[-1,8],[-7,0],[-2,-3],[-5,-1],[-3,4],[-4,0],[-4,-10],[-7,3],[-1,9],[-3,7],[-8,9],[-1,8],[-2,3],[-12,-3]],[[2495,4694],[-4,1]],[[2491,4695],[0,7]],[[2491,4702],[4,-5],[21,5],[-4,8]],[[2524,4705],[-7,4],[-1,-5],[8,1]],[[2533,4687],[-2,2]],[[2531,4689],[2,-2]],[[2524,4704],[1,1]],[[2525,4705],[3,0]],[[2528,4705],[0,-3]],[[2528,4702],[-4,2]],[[2525,4747],[-2,-6],[2,-15],[3,-1],[3,-9],[6,2],[3,-17],[-8,3],[-4,-2]],[[2528,4702],[0,3]],[[2528,4705],[-2,4]],[[2526,4709],[3,4],[-5,8],[-1,7],[-8,8],[-6,-2],[-2,10],[11,0],[7,3]],[[2525,4747],[1,4],[-5,4],[-6,7],[5,3],[7,0],[4,-5],[-4,-7],[0,-3],[-2,-3]],[[2510,4777],[-3,-3]],[[2507,4774],[3,3]],[[2514,4842],[0,7],[7,-1],[-7,-6]],[[2511,4858],[-7,4],[6,4],[1,-8]],[[2512,5187],[3,0],[2,-7],[-5,-2],[0,9]],[[2417,6054],[-1,11],[-4,7],[5,2],[1,-8],[3,-10],[-4,-2]],[[2356,6710],[1,7],[6,-1],[0,-7],[-2,-3],[-5,4]],[[2340,6768],[8,2],[0,-6],[-8,-1],[0,5]],[[2346,6834],[-9,1],[1,9],[8,0],[3,-7],[-3,-3]],[[2325,7334],[0,2]],[[2325,7336],[0,-2]],[[2307,7447],[2,8],[6,-2],[-2,-10],[-5,-1],[-1,5]],[[2303,7467],[6,1],[-3,-7],[-3,6]],[[2309,7474],[7,4],[0,-6],[-7,-3],[0,5]],[[2328,7491],[0,-8],[-2,-4],[-6,-1],[-1,6],[9,7]],[[2302,7663],[-1,-9],[-11,-1],[4,10],[8,0]],[[2302,7663],[-2,6],[5,8],[6,0],[3,-12],[0,-6],[-9,-6],[1,10],[-4,0]],[[2280,7670],[-4,-2]],[[2276,7668],[4,2]],[[2281,7674],[-1,-4]],[[2280,7670],[1,4]],[[2281,7674],[-1,6]],[[2280,7680],[1,-6]],[[2306,7686],[3,4],[6,-3],[-10,-7],[1,6]],[[2293,7686],[5,4],[1,-6],[-6,2]],[[2280,7680],[-3,6],[1,6],[-11,0],[-11,8],[1,7],[-7,7],[17,2],[2,-4],[9,-4],[9,0],[5,-3],[-2,-7],[-8,-1],[0,-6],[7,-6],[-1,-9],[-8,4]],[[2252,7896],[-3,8],[10,4],[0,-7],[-4,0],[-3,-5]],[[2835,1578],[-7,0],[-1,5],[7,2],[1,-7]],[[2845,1808],[8,-2],[1,-7],[-12,2],[3,7]],[[2843,1812],[2,-4]],[[2845,1808],[-2,4]],[[2843,1812],[-6,0],[-3,9],[9,0],[2,-5],[-2,-4]],[[2818,1867],[11,-3],[1,-8],[-1,-9],[-8,4],[-4,5],[1,11]],[[2808,1852],[-4,8],[-2,8],[8,2],[2,-5],[0,-6],[2,-5],[-6,-2]],[[2818,1894],[18,0],[-1,-11],[-6,2],[-6,-2],[-5,11]],[[2818,1894],[-1,-4],[-6,-2],[-2,8],[9,-2]],[[2837,1914],[4,-1],[-1,-9],[-4,1],[1,9]],[[2806,1923],[1,-12],[-8,-3],[0,9]],[[2799,1917],[-6,8],[12,1],[1,-3]],[[2824,1956],[6,3],[3,-9],[1,-8],[6,0],[6,-5],[-1,-5],[-9,0],[-5,-9],[2,-3],[-11,-5],[-6,3],[-1,5],[6,2],[0,10],[-6,3],[0,6],[6,2],[0,9],[3,1]],[[2793,1955],[-4,10],[5,2],[7,-1],[1,-6],[7,-2],[0,-20],[-9,-1],[-3,8]],[[2797,1945],[-2,9],[-2,1]],[[2827,1962],[-3,-3],[-10,1],[-2,4],[12,2],[3,-4]],[[2818,1977],[6,5],[4,-9],[-10,0],[0,4]],[[2806,1988],[-11,-1],[-7,5],[13,3],[7,3],[-2,-10]],[[2808,2009],[6,-1],[-1,-5],[-10,-1],[0,5],[5,2]],[[2808,2013],[0,-4]],[[2808,2009],[-5,0],[-3,5],[4,10],[6,9],[5,-3],[0,-12],[-6,0],[-1,-5]],[[2792,2040],[10,0],[0,-6],[-8,0],[-2,6]],[[2823,2050],[-11,5],[10,4],[1,-9]],[[2795,2054],[7,-6],[-4,-2],[-3,8]],[[2794,2069],[2,-7],[-6,-1],[0,7],[4,1]],[[2799,2083],[7,0],[0,-6],[-7,-1],[0,7]],[[2807,2087],[-2,5],[1,6],[9,2],[2,-14],[-10,1]],[[2806,2109],[-7,-4],[-1,6],[8,-2]],[[2815,2126],[1,-1]],[[2816,2125],[-1,1]],[[2806,2123],[-3,-6],[-5,4],[-9,-1],[-1,-4],[-16,-1],[-9,5],[-5,1],[-2,5],[4,2],[4,-6],[32,4],[10,-3]],[[2816,2125],[-1,1]],[[2815,2126],[1,-1]],[[2806,2123],[-4,7],[8,0],[-4,-7]],[[2775,2147],[-6,-8]],[[2769,2139],[-2,1]],[[2767,2140],[-2,5]],[[2765,2145],[2,1],[0,13],[3,6],[8,1],[6,4],[1,8],[11,7],[1,9],[6,-1],[10,-12],[6,-1],[0,-6],[-1,-14],[-7,-8],[-9,-1],[-5,-3],[-6,8],[9,6],[2,4],[-1,9],[-6,0],[-7,-16],[-8,-5],[0,-4],[-5,-3]],[[2802,2212],[-8,0],[-7,7],[0,5],[3,6],[15,-5],[2,-9],[7,-2],[0,-6],[-7,4],[-5,0]],[[2800,2302],[1,6]],[[2801,2308],[0,1]],[[2801,2309],[0,1]],[[2801,2310],[2,2]],[[2803,2312],[8,-11],[-11,1]],[[2798,2310],[3,-1]],[[2801,2309],[0,-1]],[[2801,2308],[-3,2]],[[2803,2312],[-2,-2]],[[2801,2310],[-3,0]],[[2798,2310],[0,4]],[[2798,2314],[5,-2]],[[2747,2716],[3,-4],[-20,-5],[3,11],[9,-3],[5,1]],[[2751,2934],[-5,3],[-8,0],[2,9],[5,-1],[8,2],[6,-2],[-1,-9],[-7,-2]],[[2722,3169],[2,-1]],[[2724,3168],[-2,1]],[[2722,3169],[5,-1]],[[2727,3168],[-3,0]],[[2724,3168],[-2,1]],[[2733,3169],[-6,-1]],[[2727,3168],[6,1]],[[2755,3210],[1,1]],[[2756,3211],[3,-1],[0,-8],[5,-1],[8,4],[0,3],[18,3],[2,-4]],[[2792,3207],[-12,-5],[3,-5],[2,-8],[-1,-9],[11,5],[1,-6],[-9,-1],[-2,-2],[1,-15],[-6,-2],[-5,6],[-7,4],[6,4],[-1,6],[-6,1],[0,8],[-10,1],[-1,7],[-6,3],[-8,-1],[-8,-4],[-1,-10],[-5,-3],[1,-6],[-6,0],[-2,4],[-13,-1],[-1,-6],[3,-4],[-8,-2],[-5,1],[0,6],[-7,3]],[[2690,3176],[-7,-2],[-4,7],[-7,-1],[-6,6],[-6,-1],[-3,-7],[-6,10],[-7,-1],[-11,1],[-3,-5],[-8,-1],[-10,10],[1,5],[8,5],[6,8]],[[2627,3210],[3,6],[10,1]],[[2640,3217],[6,-2]],[[2646,3215],[-1,6],[7,1],[-4,10]],[[2648,3232],[-7,3]],[[2641,3235],[0,9]],[[2641,3244],[9,2],[2,-4],[7,0],[20,-8],[-3,-4],[1,-9],[15,-2],[1,-7],[8,1],[2,-3],[8,-4],[9,0],[-1,-7],[32,3],[4,8]],[[2654,3217],[-8,-2]],[[2646,3215],[1,-3],[7,5]],[[2731,3212],[-6,-6],[-5,8],[3,6],[6,2],[2,-10]],[[2698,3221],[-1,6],[6,1],[1,-6],[-6,-1]],[[2717,3249],[2,-6],[7,1],[-2,-6],[2,-7],[-8,-7],[1,12],[-5,-1],[-3,5],[-8,5],[12,1],[2,3]],[[2694,3267],[12,1],[5,-6],[-4,-6],[-19,6],[-1,5],[7,0]],[[2702,3445],[-11,-7],[-5,2],[-1,11],[8,1],[1,10],[6,-1],[-1,-5],[4,-7],[-1,-4]],[[2670,3445],[-3,4],[6,7],[7,1],[-2,-7],[-6,-8],[-2,3]],[[2667,3557],[5,0],[1,5],[5,4],[5,-2],[1,-8],[-2,-2],[-15,3]],[[2689,3566],[1,7],[5,1],[0,-8],[-6,0]],[[2644,3580],[6,6],[5,3],[3,8],[6,-2],[-2,-14],[2,-9],[-4,-5],[-7,-1],[-7,7],[-2,7]],[[2663,3692],[6,2],[0,-8],[-4,-4],[3,-4],[-12,-3],[-4,3],[-7,0],[2,9],[7,1],[5,-4],[1,9],[3,-1]],[[2657,3740],[2,5],[10,0],[0,-11],[-5,3],[-5,-1],[-2,4]],[[2649,3850],[3,4],[-2,4],[2,3],[10,0]],[[2662,3861],[-8,-4],[-2,-4],[-3,-3]],[[2626,4081],[-7,-3],[-3,5],[9,1],[1,-3]],[[2627,4228],[0,1]],[[2627,4229],[0,-1]],[[2618,4227],[-1,4],[5,6],[0,9],[4,1],[2,-16],[-1,-2]],[[2627,4229],[0,-1]],[[2627,4228],[-6,2],[-3,-3]],[[2597,4364],[0,5],[5,7],[3,1],[0,-11],[-8,-2]],[[2614,4381],[-4,4],[9,4],[4,-10],[-7,-3],[-2,5]],[[2578,4440],[-3,-1],[-1,10],[4,1],[0,-10]],[[2585,4457],[6,3],[0,4],[6,5],[-1,6],[9,3],[-1,-25],[-4,4],[-15,0]],[[2579,4595],[-2,6],[3,7],[5,-3],[1,-7],[-7,-3]],[[2595,4639],[0,10],[4,1],[1,-13],[-2,-6],[-4,3],[1,5]],[[2570,4648],[-1,-7],[-5,5],[6,2]],[[2591,4700],[1,0]],[[2592,4700],[-1,0]],[[2560,4830],[5,7],[2,-7],[-3,-1],[-3,-7],[-4,0],[3,8]],[[2582,4845],[-6,-9],[-5,6],[-1,10],[3,8],[10,0],[2,-11],[-3,-4]],[[2544,5042],[6,2],[0,-6],[-3,-3],[-4,1],[1,6]],[[2445,6301],[-5,3],[0,5],[5,3],[5,-1],[0,-7],[-5,-3]],[[2430,6388],[-1,-6],[-5,0],[-1,6],[9,7],[5,0],[2,-5],[-7,0],[-2,-2]],[[2421,6398],[-4,3],[0,16],[4,1],[5,-10],[0,-8],[-5,-2]],[[2437,6554],[-6,-1],[-1,7],[4,4],[5,0],[2,-8],[-4,-2]],[[2366,7145],[1,-4]],[[2367,7141],[-1,4]],[[2365,7222],[0,8],[3,6],[4,3],[1,-8],[-1,-6],[-7,-3]],[[2358,7259],[4,-6],[-5,-3],[1,9]],[[2333,7580],[2,6]],[[2335,7586],[-2,-6]],[[2338,7592],[-3,-6]],[[2335,7586],[3,6]],[[2338,7592],[8,5]],[[2346,7597],[-8,-5]],[[2355,7640],[-1,-3],[-7,0],[-4,9],[3,4],[5,0],[0,-10],[4,0]],[[2346,7707],[-2,-2]],[[2344,7705],[2,2]],[[2904,1524],[5,1]],[[2909,1525],[-5,-1]],[[2853,1822],[7,0],[1,-4],[-9,-1],[1,5]],[[2869,1853],[1,1]],[[2870,1854],[-1,-1]],[[2870,1854],[-1,-1]],[[2869,1853],[1,1]],[[2872,1862],[-5,-2]],[[2867,1860],[5,2]],[[2872,1862],[-1,6],[9,-1],[-1,-5],[-7,0]],[[2861,1875],[1,-4],[-13,1],[-5,6],[3,4],[-1,6],[5,0],[8,-4],[2,-9]],[[2889,1883],[-1,-1]],[[2888,1882],[-1,-2]],[[2887,1880],[-1,-2]],[[2886,1878],[-5,-3],[-6,2],[3,5],[-8,5],[5,5],[3,10],[5,-3],[7,-11],[-1,-5]],[[2850,1921],[0,-6],[7,-8],[-6,0],[-6,4],[0,4],[5,6]],[[2850,1921],[0,8],[7,-1],[1,-5],[-8,-2]],[[2879,1918],[-15,1],[0,4],[15,3],[-5,10],[7,1],[1,-12],[-3,-7]],[[2862,1935],[-3,1],[-2,6],[-4,6],[14,-3],[0,-8],[-5,-2]],[[2844,1963],[5,-2],[0,-5],[-9,0],[4,7]],[[2836,1969],[3,-1],[0,11],[7,0],[3,-5],[-4,-5],[-9,-2],[0,2]],[[2858,1979],[14,1],[-1,-9],[-11,3],[-2,5]],[[2858,1979],[-6,-1],[-1,5],[7,0],[0,-4]],[[2871,1994],[1,6],[8,-3],[1,-5],[-7,-1],[-3,3]],[[2852,2037],[1,-1]],[[2853,2036],[1,-1]],[[2854,2035],[1,-5],[12,1],[-1,-12],[-3,0],[-7,5],[-3,6],[-5,-5],[-3,-9]],[[2845,2016],[-2,2],[-1,20],[3,-2],[7,1]],[[2852,2037],[2,-2]],[[2854,2035],[-1,1]],[[2853,2036],[-1,1]],[[2835,2071],[11,-4],[-1,-9],[-8,-1],[1,6],[-6,3],[3,5]],[[2858,2058],[-5,4],[-2,21],[3,-3],[0,-8],[5,-2],[-1,-12]],[[2836,2082],[-2,7],[10,-5],[-8,-2]],[[2853,2092],[8,4],[1,-7],[-12,-2],[3,5]],[[2841,2093],[8,2],[0,-5],[-6,-1],[-2,4]],[[2831,2094],[-12,3],[3,6],[4,0],[0,6],[4,2],[7,-6],[-2,-11],[-4,0]],[[2851,2116],[-4,-1],[-6,6],[8,4],[2,-9]],[[2836,2124],[-9,9],[10,1],[-1,-10]],[[2860,2153],[1,1]],[[2861,2154],[5,1],[1,-6],[-4,-2],[-3,6]],[[2861,2154],[-1,-1]],[[2860,2153],[-8,-7],[-7,1],[-3,10],[10,3],[5,-5],[4,-1]],[[2829,2197],[12,0],[-1,-3],[-12,-1],[1,4]],[[2836,2209],[2,0]],[[2838,2209],[-2,0]],[[2838,2209],[-2,0]],[[2836,2209],[2,0]],[[2823,2214],[3,-7],[-5,-2],[-4,4],[2,6],[4,-1]],[[2816,2246],[4,5],[5,-2]],[[2825,2249],[-9,-3]],[[2850,2254],[-2,6],[7,0],[4,-6],[-4,-4],[-5,4]],[[2834,2256],[-2,-5],[1,-10],[-4,0],[-4,8]],[[2825,2249],[2,7],[-6,2],[6,8],[3,0],[4,-10]],[[2817,2271],[-1,3]],[[2816,2274],[1,-3]],[[2819,2288],[9,-10],[-5,-2],[-4,12]],[[2809,2287],[2,1]],[[2811,2288],[-6,-5]],[[2805,2283],[4,4]],[[2811,2288],[-2,-1]],[[2809,2287],[2,1]],[[2824,2321],[-6,1],[-3,4],[2,9],[5,-1],[0,-7],[2,-6]],[[2856,2350],[-5,-4],[-8,2],[-13,-1],[0,4],[-7,-1],[4,-11]],[[2827,2339],[-6,-2],[-5,3]],[[2816,2340],[-11,7],[-2,10],[6,-1],[-1,-10],[14,6],[9,1],[1,-4],[8,-1],[16,2]],[[2806,2544],[5,3],[7,-2],[2,-8],[-5,-1],[-7,1],[-2,7]],[[2805,2578],[3,-4]],[[2808,2574],[8,-10],[-1,-13],[-4,-3],[-3,7],[-4,0],[-1,19],[2,4]],[[2805,2578],[-9,2],[6,12],[3,-14]],[[2811,2592],[-7,6]],[[2804,2598],[1,2]],[[2805,2600],[7,1],[-1,-9]],[[2805,2600],[-1,-2]],[[2804,2598],[-5,1]],[[2799,2599],[6,1]],[[2806,2802],[-3,-7],[-4,3],[-8,2],[1,4],[14,-2]],[[2765,2882],[4,0],[-1,-14],[-4,0],[1,14]],[[2790,2886],[-5,4]],[[2785,2890],[5,-4]],[[2776,2897],[-6,-5],[-3,5],[0,5],[8,-1],[1,-4]],[[2788,2917],[6,2],[4,-6],[1,-8],[-7,-2],[-3,-4],[-6,2],[-5,5],[-1,10],[11,1]],[[2758,2922],[-3,9],[7,1],[2,-4],[-1,-7],[-5,1]],[[2757,3151],[4,0],[7,-7],[6,-1],[3,9],[12,-5]],[[2789,3147],[4,1]],[[2793,3148],[5,-2],[11,8],[2,-4],[-1,-5],[9,-2],[5,-4],[-5,-5],[-9,5],[-8,-1]],[[2802,3138],[0,-6],[-7,0],[-2,2],[-12,-2],[-5,6],[-6,0],[-5,8],[-6,-9],[-6,-1],[-4,8],[-11,-4],[-12,4],[0,7],[-4,2],[-7,-2],[2,-11],[-3,-2],[-7,-1],[3,-5]],[[2710,3132],[-5,-4],[-11,6],[0,9],[-7,-1],[-3,3],[13,3],[2,-4],[17,13],[3,5],[6,-1],[8,-5],[9,1],[2,-2],[10,5],[3,-9]],[[2772,3150],[-3,7]],[[2769,3157],[3,-7]],[[2769,3161],[0,-4]],[[2769,3157],[0,4]],[[2769,3161],[-5,3]],[[2764,3164],[0,1]],[[2764,3165],[5,-4]],[[2764,3165],[0,-1]],[[2764,3164],[-3,6]],[[2761,3170],[3,-5]],[[2761,3170],[-12,-7]],[[2749,3163],[3,5],[9,2]],[[2736,3165],[-3,4]],[[2733,3169],[3,-4]],[[2756,3211],[-1,-1]],[[2755,3210],[1,1]],[[2726,3295],[-2,11],[4,2],[1,-7],[-3,-6]],[[2734,3357],[4,1],[0,-12],[-5,4],[1,7]],[[2739,3364],[5,6],[5,1],[1,-7],[-5,-5],[-6,5]],[[2714,3574],[-4,-5],[-5,-2],[-3,3],[2,11],[3,2],[2,-9],[5,0]],[[2714,3574],[11,-1],[2,-5],[-9,-1],[-4,7]],[[2730,3590],[2,1]],[[2732,3591],[-2,-1]],[[2719,3594],[4,-2],[1,-10],[-9,1],[0,5],[4,6]],[[2732,3591],[-2,-1]],[[2730,3590],[-4,2],[-1,5],[3,4],[4,0],[0,5],[4,0],[2,-13],[-6,-2]],[[2705,3590],[-1,7],[6,10],[2,-7],[-1,-7],[-6,-3]],[[2699,3611],[7,4],[0,-6],[-5,-1],[-2,3]],[[2719,3594],[-4,8],[2,6],[-10,1],[-1,11],[3,8],[9,11],[7,-3],[5,-8],[2,-15],[-3,-3],[1,-8],[-6,1],[-1,-6],[-4,-3]],[[2700,3700],[-1,7],[4,1],[4,10],[13,-1],[0,-6],[-8,-12],[-12,1]],[[2705,3738],[0,1]],[[2705,3739],[0,-1]],[[2705,3739],[0,-1]],[[2705,3738],[-4,-2],[-7,5],[-1,7],[5,0],[7,-9]],[[2699,3760],[-5,-2],[0,-8],[-7,10],[3,4],[7,1],[2,-5]],[[2713,3774],[4,0],[2,-13],[-5,4],[-1,9]],[[2713,3781],[-1,5],[8,3],[0,-8],[-7,0]],[[2699,3803],[8,4],[0,-5],[-8,1]],[[2718,3819],[-1,0]],[[2717,3819],[-1,7]],[[2716,3826],[2,-7]],[[2678,3829],[0,-3]],[[2678,3826],[0,3]],[[2692,3829],[2,8],[4,1],[0,-13],[-5,1]],[[2693,3826],[-1,3]],[[2714,3837],[1,0]],[[2715,3837],[-1,0]],[[2715,3837],[-1,0]],[[2714,3837],[1,0]],[[2689,3850],[3,-2]],[[2692,3848],[-3,2]],[[2662,3861],[16,3],[-6,-9],[-10,6]],[[2701,3865],[1,-1]],[[2702,3864],[-1,1]],[[2701,3865],[3,8],[4,0],[-6,-9]],[[2702,3864],[-1,1]],[[2683,4027],[3,-4],[-3,-5],[-5,3],[5,6]],[[2662,4090],[1,9],[5,1],[-2,-8],[-4,-2]],[[2667,4237],[1,1]],[[2668,4238],[-1,3]],[[2667,4241],[-1,2]],[[2666,4243],[6,-1],[1,-7],[-6,2]],[[2667,4241],[1,-3]],[[2668,4238],[-1,-1]],[[2667,4237],[-1,6]],[[2666,4243],[1,-2]],[[2633,4252],[2,6],[8,1],[16,-5],[-1,-10],[-8,6],[-8,0],[-2,3],[-7,-1]],[[2634,4424],[5,-4],[1,-8],[-5,-7],[-5,1],[-2,6],[3,7],[-3,8],[-3,1],[-8,-5],[0,7],[5,3],[4,6],[5,-4],[3,-11]],[[2635,4451],[6,8],[7,-1],[-8,-7],[-5,0]],[[2633,4470],[-7,2],[0,10],[9,-8],[-2,-4]],[[2639,4499],[-4,-2],[-8,4],[-6,5],[7,10],[10,0],[4,-4],[0,-10],[-3,-3]],[[2614,4542],[-3,2],[1,7],[4,1],[3,-8],[-5,-2]],[[2639,4616],[3,3],[4,-1],[-3,-9],[-4,0],[0,7]],[[2652,4653],[4,-4],[3,-11],[10,1],[-2,-5],[-7,0],[3,-6],[-9,-2],[-4,4],[-4,-3],[-5,10],[3,4],[-3,10],[-1,10],[-5,-1],[0,7],[4,1],[4,-5],[8,-4],[1,-6]],[[2629,4652],[-3,-5],[-4,-1],[-5,18],[6,1],[5,-4],[1,-9]],[[2637,4716],[4,-4],[4,2],[7,-4],[1,20],[5,4],[5,-2],[5,9],[5,-5],[5,1],[0,6],[12,-3],[-19,-7],[2,-9],[9,0],[1,-8],[8,-2],[0,-6],[-6,3],[-6,-2],[-2,-5],[1,-4],[5,-2]],[[2683,4698],[0,-4],[-8,2],[2,-17],[-6,-1],[0,13],[-4,-1],[-2,4],[4,4],[0,7],[-8,-5],[1,-11],[3,-1],[3,-18]],[[2668,4670],[-4,3]],[[2664,4673],[-5,3]],[[2659,4676],[-8,-3],[-1,12],[-17,5],[-21,-2],[-11,-12],[-10,-3],[-5,5],[2,4],[11,2],[2,5],[10,2],[1,5],[-1,11],[-7,0]],[[2604,4707],[7,5],[4,0],[2,6],[5,-3],[8,-2],[4,-3],[3,6]],[[2661,4718],[0,-11],[4,2],[1,6],[-5,3]],[[2604,4707],[3,-4],[-2,-5],[-5,0],[-5,5]],[[2595,4703],[9,4]],[[2618,4820],[0,13],[7,-1],[1,-9],[-3,-5],[-5,2]],[[2588,4821],[-6,11],[6,3],[4,-3],[1,-7],[-5,-4]],[[2618,4892],[2,3],[5,1],[1,-9],[-8,5]],[[2487,6043],[3,-5],[-5,-3],[-1,6],[3,2]],[[2495,6284],[-4,0],[0,6],[2,4],[2,8],[8,2],[0,-6],[-7,-5],[-1,-9]],[[2480,6312],[6,-3],[-1,-4],[-5,0],[0,7]],[[2476,6346],[3,9],[5,-4],[-4,-7],[-4,2]],[[2469,6356],[-6,3],[-1,5],[12,4],[-1,-6],[-4,-6]],[[2456,6386],[5,6],[2,-7],[-7,1]],[[2460,6415],[6,-2],[-4,-6],[-3,1],[1,7]],[[2448,6553],[-4,3],[3,5],[6,-3],[-5,-5]],[[2392,7185],[-1,-2]],[[2391,7183],[1,2]],[[2393,7187],[-4,1],[-5,5],[2,6],[4,0],[5,-4],[1,-4],[-3,-4]],[[2425,7372],[0,-8],[-8,-1],[1,9],[-6,0],[-1,4],[-6,-3],[-7,-1],[-5,6],[8,3],[3,5],[5,4],[9,1],[5,-10],[2,-9]],[[2374,7610],[-2,-1]],[[2372,7609],[2,2]],[[2374,7611],[0,-1]],[[2355,7640],[1,5],[0,8],[9,6],[0,-7],[-5,-4],[0,-5],[-5,-3]],[[2344,7705],[2,2]],[[2346,7707],[1,3],[9,0],[5,3]],[[2361,7713],[0,-5],[-5,-2]],[[2356,7706],[-3,-4],[-7,0],[-2,3]],[[2343,7734],[-3,11],[7,1],[4,-8],[-2,-4],[-6,0]],[[2257,9013],[2,6],[4,2],[4,-1],[0,-5],[-3,-4],[-7,2]],[[2942,1505],[4,-1]],[[2946,1504],[-4,1]],[[2886,1878],[1,2]],[[2887,1880],[1,2]],[[2888,1882],[1,1]],[[2889,1883],[-3,-5]],[[2886,1907],[13,-4],[-1,-6],[-11,-1],[-1,11]],[[2886,1910],[2,3],[10,0],[-3,-6],[-9,3]],[[2899,1932],[-2,-3],[-7,3],[4,10],[10,-7],[-5,-3]],[[2891,1968],[2,5],[7,-1],[-1,-7],[9,-1],[5,2],[8,0],[4,-7],[-1,-3],[-17,1],[-7,4],[-1,-9],[-12,-2],[3,-4],[0,-6],[-9,-1],[-7,4],[0,4],[7,3],[1,6],[7,-1],[-1,12],[-9,-6],[-8,3],[4,4],[16,0]],[[2899,1987],[8,2],[1,3],[9,0]],[[2917,1992],[-1,-5],[-17,0]],[[2899,1987],[-3,-5],[-5,2],[-1,11],[7,7],[5,-4]],[[2902,1998],[1,-2]],[[2903,1996],[-4,-9]],[[2903,1996],[-1,2]],[[2902,1998],[1,3],[6,1],[1,-5],[-7,-1]],[[2907,2109],[-9,-3],[4,9],[6,1],[5,4],[1,-7],[-7,-4]],[[2892,2103],[-6,-1],[2,13],[-6,0],[0,-4],[-19,-1],[1,-5],[-13,-1],[-1,9],[12,-1],[3,3],[18,3],[12,3],[-3,-18]],[[2903,2154],[0,-3],[-10,1],[3,7],[7,1],[0,-6]],[[2872,2163],[3,-4],[-16,-1],[-4,8],[15,2],[2,-5]],[[2891,2208],[4,2],[6,-10],[-10,1],[0,7]],[[2886,2230],[-5,-2]],[[2881,2228],[5,2]],[[2882,2252],[4,-1],[2,-10],[-11,-3],[4,13]],[[2881,2251],[1,1]],[[2882,2252],[-1,-1]],[[2881,2251],[1,1]],[[2886,2278],[1,0]],[[2887,2278],[-1,0]],[[2894,2275],[-7,3]],[[2887,2278],[0,1]],[[2887,2279],[3,2],[-3,11],[-6,-3],[-2,4],[3,5],[-9,2],[8,6],[7,0],[0,-5],[6,-5],[7,-1],[16,1],[7,-5],[0,-5],[6,-1]],[[2930,2285],[-1,6],[21,-10],[6,2],[1,-7],[3,-4]],[[2960,2272],[-1,-1]],[[2959,2271],[-6,-1]],[[2953,2270],[-7,0],[-2,4],[-11,4],[-3,-5],[-6,10],[-10,1],[-6,-3],[-8,1],[-6,-7]],[[2887,2279],[-1,-1]],[[2886,2278],[1,1]],[[2864,2278],[-4,-1],[-3,5],[16,5],[-1,-5],[-6,-1],[-2,-3]],[[2865,2347],[-5,1]],[[2860,2348],[5,-1]],[[2860,2348],[-4,2]],[[2856,2350],[4,-2]],[[2846,2624],[-5,2],[0,6],[2,3],[8,-3],[0,-9],[-5,1]],[[2814,2729],[-1,7],[5,2],[2,-5],[-6,-4]],[[2815,2812],[1,4],[5,5],[3,-6],[-9,-3]],[[2805,3164],[6,2],[2,-7]],[[2813,3159],[-8,5]],[[2805,3164],[-4,-2]],[[2801,3162],[2,-4],[-5,-3],[-5,1],[0,-8]],[[2793,3148],[-5,1],[0,5],[8,4]],[[2796,3158],[-4,1],[0,13],[11,1],[2,-9]],[[2804,3203],[0,9]],[[2804,3212],[11,-16],[-5,-4],[1,-5],[-5,-1],[1,14],[-3,3]],[[2782,3257],[-1,8],[2,4],[5,0],[-1,-14],[-5,2]],[[2778,3278],[4,2],[0,-9],[-4,0],[0,7]],[[2777,3580],[6,-1],[-2,-14],[-6,-1],[-8,7],[10,9]],[[2744,3575],[3,-11],[-10,-2],[-5,1],[-1,5],[13,7]],[[2769,3621],[8,-11],[-10,-4],[-4,3],[-4,11],[10,1]],[[2742,3639],[5,3],[6,-3],[-6,-6],[-1,-9],[-6,0],[-2,8],[4,7]],[[2769,3621],[-4,2],[0,19],[6,5],[-2,8],[6,2],[2,-4],[-4,-8],[4,-4],[3,-9],[-6,-9],[-5,-2]],[[2744,3695],[7,3],[-1,-5],[-11,-7],[-2,6],[7,3]],[[2736,3719],[-1,4],[7,2],[5,-6],[-9,-2],[-2,2]],[[2730,3760],[5,6],[4,-3],[-1,-8],[3,-3],[-2,-7],[-7,-1],[0,10],[-2,6]],[[2717,3819],[1,0]],[[2718,3819],[-1,0]],[[2738,3838],[-10,1],[0,6],[10,-7]],[[2739,3854],[-4,-2]],[[2735,3852],[4,2]],[[2748,3901],[-7,-3],[1,6],[6,-3]],[[2731,4033],[-5,-3],[-1,9],[5,7],[6,0],[-2,-12],[-3,-1]],[[2721,4256],[-10,-4],[-6,3],[4,5],[5,-1],[2,7],[4,7],[6,1],[2,-6],[6,1],[0,-8],[-5,-9],[-6,1],[-2,3]],[[2688,4448],[1,-2]],[[2689,4446],[-1,2]],[[2686,4464],[0,7],[10,3],[0,-5],[-5,-6],[-5,1]],[[2679,4650],[-6,1]],[[2673,4651],[6,-1]],[[2670,4659],[3,-8]],[[2673,4651],[-3,8]],[[2659,4676],[5,-3]],[[2664,4673],[0,-1]],[[2664,4672],[-5,4]],[[2629,4808],[11,5],[1,-6],[-7,-3],[-5,4]],[[2661,4851],[-2,-7],[-4,0],[1,9],[5,-2]],[[2486,6864],[-12,-2],[2,5],[-1,9],[7,1],[2,4],[6,-1],[1,-11],[-5,-5]],[[2466,7004],[5,1],[0,-7],[-5,-1],[0,7]],[[2453,7111],[0,2]],[[2453,7113],[5,1],[4,-3],[3,6],[-4,3],[3,5],[3,-9],[7,-3],[-4,-7],[-4,2],[0,-13],[-11,9],[-2,7]],[[2453,7113],[0,-2]],[[2453,7111],[-5,0],[-4,4],[3,7],[6,-6],[0,-3]],[[2451,7134],[-3,0],[1,-9],[-4,-1],[-4,8],[4,7],[4,1],[2,-6]],[[2443,7149],[-1,4],[6,3],[1,-6],[-6,-1]],[[2454,7149],[5,19],[-7,-1],[-2,8],[10,1],[6,-3],[6,1],[8,-2],[-1,-3],[4,-5],[-4,-8],[-10,-5],[1,-12],[-7,6],[-7,-2],[-2,6]],[[2440,7361],[-5,-1],[-1,9],[4,3],[2,-11]],[[2434,7509],[-4,0]],[[2430,7509],[-5,4],[3,14],[2,-2],[4,-16]],[[2432,7505],[2,4]],[[2434,7509],[2,0],[-3,18],[3,8]],[[2436,7535],[2,-8],[-2,-6],[2,-11],[-6,-5]],[[2409,7538],[5,2]],[[2414,7540],[0,-5]],[[2414,7535],[-1,-6]],[[2413,7529],[-2,-3]],[[2411,7526],[-6,-3],[0,13],[4,2]],[[2411,7526],[2,3]],[[2413,7529],[1,6]],[[2414,7535],[7,-7],[-6,-2],[-4,0]],[[2409,7538],[5,2]],[[2414,7540],[-5,-2]],[[2397,7693],[-1,0]],[[2396,7693],[1,0]],[[2401,7771],[-1,-2]],[[2400,7769],[1,2]],[[2404,7790],[-3,1]],[[2401,7791],[3,-1]],[[2434,7779],[-5,-6]],[[2429,7773],[-8,-3],[2,-3],[-9,-1],[0,4],[-9,-1],[-2,-3]],[[2403,7766],[-3,3]],[[2400,7769],[1,2]],[[2401,7771],[6,7],[0,10],[-3,2]],[[2404,7790],[-3,1]],[[2401,7791],[1,22],[6,-4],[3,8],[15,8],[-1,4]],[[2425,7829],[3,-5],[-8,-6],[-4,-11],[-5,1],[-4,-6],[-1,-6],[5,1],[1,-11],[6,-5],[5,5],[2,-8],[9,1]],[[2379,7853],[-1,8],[6,5],[1,-12],[-3,-4],[4,-15],[8,-2],[1,-9],[-5,-6],[-6,-2],[2,10],[-5,3],[1,9],[-3,15]],[[2411,7866],[-2,3]],[[2409,7869],[2,-3]],[[2409,7869],[-1,2]],[[2408,7871],[1,-2]],[[2408,7871],[-10,-3],[5,12],[6,4],[-1,-13]],[[2405,7914],[1,6],[4,1],[0,-8],[-5,1]],[[2999,1493],[4,0],[1,-7],[-5,1],[0,6]],[[3003,1543],[-4,0],[-2,-7],[-5,0],[-7,5],[0,8],[10,1],[1,-3],[7,1],[0,-5]],[[2925,2035],[7,3],[-1,-6],[-6,3]],[[2960,2039],[-2,-6],[-5,-2],[-7,4],[-1,5],[-4,3],[4,8],[3,-2],[0,-8],[5,2],[7,-4]],[[2938,2087],[4,-6],[5,1],[3,-5],[4,4],[-3,8],[4,4],[7,-1],[0,-7],[-6,-2],[7,-6]],[[2963,2077],[-4,-11],[-3,-2],[-11,12]],[[2945,2076],[-2,-8],[-7,2],[-7,-1],[-9,2],[4,6],[12,0],[-1,5],[-13,-1],[-3,5],[-12,1],[-4,5],[-8,-2],[-9,0],[-1,4],[19,2],[0,4],[6,1],[0,6],[7,-1],[-2,-9],[2,-6],[15,0],[6,-4]],[[2918,2123],[8,-2],[3,-4],[-8,-4],[-3,10]],[[2918,2123],[-6,4]],[[2912,2127],[6,-4]],[[2912,2127],[-5,8],[-11,-1],[-4,2],[0,8],[4,2],[2,-8],[14,1],[4,6],[3,-9],[10,-1],[1,-4],[-18,-4]],[[2921,2152],[0,6],[12,-1],[-1,-8],[-6,-5],[-4,1],[-1,7]],[[2909,2209],[-4,-5],[-8,5],[-6,9],[4,7],[3,-11],[5,0],[6,-5]],[[2897,2271],[-3,4]],[[2894,2275],[3,-4]],[[2900,2304],[1,1]],[[2901,2305],[6,4],[5,-3],[-2,-8],[-8,0],[-2,6]],[[2925,2317],[1,-9],[-4,-1],[-4,6],[7,4]],[[2901,2305],[-1,-1]],[[2900,2304],[-6,0],[1,6],[5,0],[1,-5]],[[2925,2317],[-4,3],[-5,0],[-1,10]],[[2915,2330],[1,4],[12,-3],[5,-14],[-3,-3],[-5,3]],[[2926,2348],[-6,4],[-10,3],[-3,4],[7,12],[5,-4],[0,-9],[12,2],[0,-10],[-5,-2]],[[2886,2560],[-1,2]],[[2885,2562],[1,-2]],[[2885,2562],[1,-2]],[[2886,2560],[-1,2]],[[2874,2859],[-1,9],[4,0],[4,-4],[-2,-7],[-5,2]],[[2858,2898],[-5,3],[3,8],[8,2],[-6,-13]],[[2865,2940],[2,8],[7,-4],[-1,-6],[-8,2]],[[2851,2976],[4,-2],[0,-6],[-5,0],[1,8]],[[2837,3025],[6,-2],[6,-6],[1,-4],[-11,-6],[-7,0],[0,9],[5,9]],[[2846,3102],[-4,-4],[-12,1],[-4,6],[2,10],[10,4],[1,7],[8,-4],[6,1],[17,-3],[9,0],[1,-7],[-3,-3],[-5,-7],[-3,1],[-15,-2],[-8,0]],[[2858,3154],[-6,0]],[[2852,3154],[6,0]],[[2852,3154],[-5,3]],[[2847,3157],[5,-3]],[[2843,3157],[-6,-7]],[[2837,3150],[1,4]],[[2838,3154],[5,3]],[[2837,3150],[-4,-1],[-9,5],[-9,1]],[[2815,3155],[-2,4]],[[2813,3159],[10,1],[9,-4],[0,-4],[5,-2]],[[2847,3157],[-4,0]],[[2843,3157],[4,0]],[[2835,3173],[-1,-8],[-7,-1],[-5,5],[0,6],[11,4],[2,-6]],[[2822,3277],[-5,1],[1,6],[7,1],[4,-3],[1,-7],[-4,-2],[-4,4]],[[2817,3508],[-12,1],[-3,15],[-12,0],[0,8],[6,-4],[13,3],[8,-2],[0,6],[-4,5],[-6,2],[-2,9],[3,5],[10,-4],[9,3],[-3,-10]],[[2824,3545],[7,-5],[7,1]],[[2838,3541],[-5,-11],[-12,-2],[-11,-8],[4,-4],[3,-8]],[[2793,3634],[2,-5],[-6,-3],[-3,10],[-4,2],[2,10],[6,-6],[-3,-3],[6,-5]],[[2812,3664],[-1,-1]],[[2811,3663],[-6,-6],[-12,-2],[-3,11],[1,8],[6,11],[8,1],[-1,-7],[3,-13],[5,-2]],[[2798,3693],[1,7],[7,3],[2,-10],[-2,-2],[-8,-1],[0,3]],[[2747,3735],[0,5],[7,3],[-2,6],[-8,3],[2,11],[11,1],[-1,11],[2,2],[11,1],[3,4],[10,-5],[6,6],[-1,7],[5,1],[1,-7],[-4,0],[-6,-9],[-9,1],[-1,-9],[-4,-5],[-11,2],[-3,-13],[2,-7],[4,-4],[-3,-12],[-8,1],[-3,6]],[[2793,3808],[-2,-10],[-8,-1],[-3,2],[0,8],[13,1]],[[2739,3854],[4,6],[1,8],[4,7],[6,-3],[-8,-5],[2,-6],[-9,-7]],[[2757,3915],[-1,6]],[[2756,3921],[1,-6]],[[2764,3923],[1,-5]],[[2765,3918],[-1,5]],[[2764,3923],[-2,15],[8,3],[1,-3],[-8,-2],[1,-7],[7,6],[-1,-10],[-6,-2]],[[2763,3994],[-6,-2],[1,8],[10,0],[-1,-8],[-4,2]],[[2745,4001],[7,3],[1,-9],[-3,-1],[-5,7]],[[2742,4010],[-4,4],[0,10],[10,-1],[1,-5],[-3,-8],[-4,0]],[[2750,4068],[0,-7],[4,-6],[-3,-4],[-3,14],[2,3]],[[2750,4068],[1,7],[-4,-1]],[[2747,4074],[8,2],[-2,-7],[-3,-1]],[[2747,4074],[-5,-5],[-6,-1],[-4,5]],[[2732,4073],[10,-2],[5,3]],[[2763,4137],[3,-5],[-6,-3],[-1,6],[4,2]],[[2724,4330],[6,2],[-1,-7],[-5,5]],[[2728,4440],[5,-3],[0,-11],[-6,-12],[-4,0],[-11,10],[-6,0],[-5,12],[-12,4],[0,6]],[[2689,4446],[-1,2]],[[2688,4448],[0,6]],[[2688,4454],[7,7],[7,-2],[2,-19],[4,-7],[2,-8],[5,1],[4,-5],[4,7],[4,0],[3,6],[-2,6]],[[2716,4449],[1,-2]],[[2717,4447],[-1,2]],[[2717,4447],[-1,2]],[[2716,4449],[1,-2]],[[2707,4450],[-3,8],[5,1],[1,-8],[-3,-1]],[[2728,4440],[-3,2]],[[2725,4442],[1,14]],[[2726,4456],[-2,12],[0,5],[-2,8],[5,2],[4,-6]],[[2731,4477],[2,-12],[-2,-5],[1,-10],[5,1],[-2,-8],[-6,8],[-3,-1],[2,-10]],[[2723,4494],[-6,0],[-3,9],[2,4],[8,-10],[-1,-3]],[[2707,4641],[6,0],[2,5],[4,-1],[3,-11]],[[2722,4634],[-8,2],[-1,-5]],[[2713,4631],[-11,4],[-1,7],[6,-1]],[[2679,4650],[4,8],[7,-4],[5,0],[1,-11],[-5,4],[-9,-3],[-3,6]],[[2692,4663],[-6,4],[-1,6],[3,4],[6,0],[4,-5],[0,-6],[-6,-3]],[[2723,4809],[-3,-1],[-3,-11],[-4,-5],[-9,-3],[-6,2],[-2,5],[-6,6],[-3,13],[3,5],[7,1],[8,8],[7,0],[7,-6],[4,-14]],[[2684,4961],[1,-6],[-9,-1],[-5,20],[7,10],[5,2],[1,-6],[3,-5],[0,-12],[-3,-2]],[[2567,6397],[-2,-6],[-3,-4],[0,-13],[-5,4],[0,6],[4,9],[-2,3],[6,5],[3,11],[3,5],[5,0],[2,-6],[-8,-1],[-1,-8],[-2,-5]],[[2528,6531],[0,6],[9,0],[-2,-8],[-2,-2],[-5,4]],[[2532,6543],[7,2],[-2,-7],[-5,5]],[[2594,6613],[-5,0],[-2,-5],[-11,0],[-9,-3],[-6,3],[-7,-13],[-3,-10],[-6,-1],[-6,3],[-2,4],[-6,0],[-3,-20]],[[2528,6571],[-4,-4],[-9,2],[-3,4],[0,11],[2,5],[0,8],[1,6],[-4,5],[-5,-1],[-3,5],[3,14],[3,3],[9,-2],[4,-6],[2,-13],[-2,-6],[8,-8],[7,5],[8,1],[3,9],[16,1],[3,4],[11,0],[8,6],[8,1],[0,-8]],[[2546,6673],[-6,4],[-4,8],[3,7],[4,-1],[4,-14],[-1,-4]],[[2515,6759],[3,-6]],[[2518,6753],[-3,6]],[[2496,6854],[5,6],[2,-5],[-7,-1]],[[2516,6958],[-2,-6]],[[2514,6952],[2,6]],[[2484,7102],[9,-8],[0,-9],[-10,-4],[-2,7],[-9,2],[-3,12],[13,-5],[2,5]],[[2493,7144],[-2,-4],[-6,2],[-4,9],[6,-1],[6,-6]],[[2495,7162],[0,4],[12,0],[-7,-6],[-5,2]],[[2484,7177],[-5,4],[3,14],[4,8],[4,-6],[0,-5],[-8,-6],[2,-9]],[[2497,7255],[-1,9],[7,-1],[2,-6],[-4,-4],[-4,2]],[[2483,7256],[-5,4],[3,6],[3,-1],[-1,-9]],[[2425,7829],[-6,1],[-4,-9],[-2,12],[6,0],[6,-4]],[[2438,7853],[-2,-2]],[[2436,7851],[1,2]],[[2437,7853],[1,0]],[[2437,7861],[1,1]],[[2438,7862],[-1,-1]],[[2442,7867],[1,1]],[[2443,7868],[-1,-1]],[[2419,7950],[0,-1]],[[2419,7949],[0,1]],[[3014,1548],[7,-1],[-1,-5],[-5,-1],[-1,7]],[[2983,2020],[3,-9],[-7,0],[6,-10],[-7,1],[-5,4],[0,11],[-6,3],[0,-9],[-5,0],[5,11],[7,1],[4,-3],[5,0]],[[2990,2025],[-1,6],[7,1],[-1,-11],[-5,4]],[[2960,2039],[3,0],[1,-9],[-4,2],[0,7]],[[3006,2047],[-1,-1]],[[3005,2046],[-2,-2]],[[3003,2044],[-4,-4],[1,-5],[-9,0],[-6,-9]],[[2985,2026],[-9,0],[-9,11],[1,4],[8,-5],[1,5],[8,-2],[7,3],[7,1],[2,7],[5,-3]],[[2958,2047],[-5,0],[0,8],[7,0],[1,-4],[6,0],[1,5],[6,3],[21,-2],[-1,-8],[-7,-1],[-8,1],[-9,-5],[-3,4],[-9,-1]],[[2994,2085],[1,-4]],[[2995,2081],[1,-9],[3,-3],[-9,-6],[-9,0],[0,5],[-11,-1],[1,-6],[-6,-3],[1,12]],[[2966,2070],[-3,7]],[[2963,2077],[8,7],[6,-2],[17,3]],[[2984,2096],[5,-3],[-1,-5],[-5,0],[1,8]],[[2988,2103],[-7,-9],[-10,0],[-9,6],[-9,1],[1,7],[6,-3],[3,3],[2,14],[7,8],[0,7],[4,3],[6,-2],[6,5],[4,-5],[3,-8],[-3,-2],[2,-18],[4,-2],[16,2],[0,-9],[-16,-2],[-10,4]],[[2942,2168],[6,3],[4,-8],[-5,-1],[-5,6]],[[2954,2197],[5,-10],[-5,-2],[-13,-1],[0,7],[13,1],[0,5]],[[2955,2204],[-1,-7]],[[2954,2197],[1,7]],[[2960,2204],[-5,0]],[[2955,2204],[5,0]],[[2952,2232],[1,3],[7,1],[10,7],[6,1],[6,-6],[14,1],[5,-6]],[[3001,2233],[-7,-17],[-6,2],[1,10],[-5,0],[-1,-7],[-3,-3],[13,-8],[2,-13],[-6,1]],[[2989,2198],[-3,9],[-5,-1],[0,-5]],[[2981,2201],[-20,16],[-13,0],[-5,3],[-10,0]],[[2933,2220],[-2,-5],[-5,0],[-3,4],[-11,2],[-4,4],[-7,0],[-1,7],[-4,2],[0,8],[3,4],[4,-5]],[[2903,2241],[-2,5],[-6,4],[-1,10],[14,-1],[6,-4],[-1,-6],[9,1],[3,-6],[11,1],[12,-3],[4,-10]],[[2913,2238],[-3,3],[-7,0]],[[2903,2241],[10,-3]],[[2948,2253],[0,7],[7,1],[0,-6],[-7,-2]],[[2976,2267],[-6,-3],[1,-5],[-4,-4],[-9,2],[-5,13]],[[2953,2270],[6,1]],[[2959,2271],[1,1]],[[2960,2272],[8,-3],[4,3],[-4,7],[-7,-1],[1,7],[4,1],[3,-6],[8,-6],[-1,-7]],[[2979,2300],[4,-4],[-1,-4],[-6,2],[-6,-6],[0,10],[9,2]],[[2980,2315],[0,-5]],[[2980,2310],[-4,-4],[-11,-1],[5,7],[4,-2],[6,5]],[[2963,2332],[-6,-8],[0,-5],[6,0],[2,-4],[-10,-2],[-7,-3],[0,5],[-13,0],[-1,4],[-2,19],[7,1],[12,-3],[7,-4],[5,0]],[[2947,2320],[0,4],[-7,-1],[-1,-5],[8,2]],[[2954,2342],[5,1],[-1,-6],[-5,0],[1,5]],[[2945,2341],[-14,0],[1,7],[10,5],[5,-1],[5,-8],[-7,-3]],[[2960,2380],[-4,3],[-13,-1],[4,6],[16,-1],[-3,-7]],[[2905,2749],[8,0],[0,-6],[-7,2],[-1,4]],[[2912,2757],[10,2],[2,-4],[-2,-6],[1,-9],[-5,3],[3,4],[-3,6],[-5,2]],[[2913,2755],[-1,2]],[[2912,2757],[1,-2]],[[2913,2755],[-1,2]],[[2925,2769],[5,11]],[[2930,2780],[0,-11],[-5,0]],[[2886,2779],[2,13],[7,-2],[-4,-10],[-5,-1]],[[2879,2905],[-2,8],[8,-2],[1,-8],[-7,2]],[[2891,2975],[-4,-2],[-4,7],[7,-1],[1,-4]],[[2873,3061],[-2,8],[6,-2],[1,-7],[-5,1]],[[2886,3114],[2,11],[7,-5],[0,-5],[-9,-1]],[[2899,3143],[-8,-1],[1,6],[7,-5]],[[2874,3153],[-12,-4],[-4,5]],[[2858,3154],[6,-2],[10,1]],[[2887,3200],[-3,-4],[1,-7],[-3,-11],[-5,1],[-4,10],[-7,-1],[0,7],[5,1],[3,6],[4,0],[3,-8],[6,6]],[[2841,3490],[0,-5],[-5,-3],[-10,7],[15,1]],[[2859,3505],[5,-1],[0,-7],[-6,1],[1,7]],[[2840,3603],[-1,-2]],[[2839,3601],[0,-1]],[[2839,3600],[1,3]],[[2839,3600],[0,1]],[[2839,3601],[1,2]],[[2840,3603],[6,4],[7,0],[-1,-5],[-4,-4],[-9,2]],[[2818,3626],[-5,-6],[-3,5],[8,1]],[[2818,3648],[2,-1]],[[2820,3647],[-2,1]],[[2818,3648],[0,6],[3,3],[8,4]],[[2829,3661],[-4,-9],[-5,-5]],[[2820,3647],[-2,1]],[[2811,3663],[1,1]],[[2812,3664],[-1,-1]],[[2821,3670],[-4,-5],[-4,4],[2,4],[6,-3]],[[2855,3691],[-3,2],[-6,-3],[-6,1],[-1,9],[4,3],[4,-3],[2,-6],[5,2],[1,-5]],[[2800,3726],[9,3],[0,-8],[-8,0],[-1,5]],[[2807,3789],[-1,5],[2,5],[5,-4],[-6,-6]],[[2803,3817],[-2,-11],[-8,2]],[[2793,3808],[0,5],[10,4]],[[2803,3817],[-2,9],[16,2],[0,2],[12,13],[6,1],[4,8],[17,1],[13,19],[3,-3],[1,-15],[-15,-1],[0,-9],[-8,0],[-4,5],[-11,-8],[-6,0],[-8,-12],[-5,-4],[-5,0],[-1,-6],[-7,-2]],[[2805,3949],[-4,-2]],[[2801,3947],[-1,-7],[-15,-2],[-1,-3],[-2,-1],[-3,0],[0,-4],[2,-4],[2,-8],[-2,0],[-1,7],[-4,2],[0,6],[8,4],[0,3],[7,1],[4,4],[3,11],[6,-1],[8,3]],[[2812,3958],[7,-4],[-6,-4],[-8,-1]],[[2801,3947],[4,2]],[[2805,3949],[-4,-2]],[[2798,4103],[-4,2],[-1,6],[3,6],[5,-4],[-3,-10]],[[2764,4161],[3,6],[4,-2],[1,-8],[-4,-2],[-4,6]],[[2784,4396],[2,-3]],[[2786,4393],[-2,3]],[[2779,4404],[4,1],[1,-9]],[[2784,4396],[-3,1],[-2,7]],[[2759,4441],[1,-2]],[[2760,4439],[-1,2]],[[2760,4439],[-1,2]],[[2759,4441],[3,6],[6,3],[9,-11],[-5,-4],[-8,0],[-4,4]],[[2763,4650],[3,-5],[2,-9],[-5,0],[3,-8],[5,0]],[[2771,4628],[3,0]],[[2774,4628],[1,0]],[[2775,4628],[2,3]],[[2777,4631],[5,-3]],[[2782,4628],[6,-5],[10,2],[5,-5],[7,3],[3,8],[3,-3],[-4,-13],[10,1],[2,8],[-2,18]],[[2822,4642],[-4,4],[-5,-4]],[[2813,4642],[-5,3],[6,12],[6,1],[-1,8],[8,1],[6,-4],[0,-5],[-4,-5],[8,-4],[4,-11],[6,-1],[7,5],[4,-6],[7,0],[2,7],[0,6],[6,5],[-2,19],[-13,-6],[-7,-6],[-2,-5],[-5,0],[-3,7],[3,9],[6,2],[4,-4],[10,1],[1,2],[14,5],[3,-3],[2,-9],[-1,-7],[13,1],[9,9],[7,-8],[5,-2],[-2,-7],[-4,-2],[-2,-11],[5,-4],[4,-6],[12,8],[3,8],[4,1],[12,-1],[2,-3],[15,2],[1,8],[4,5],[-2,7],[-1,8],[-6,7],[-4,1],[-3,8],[0,13],[-6,-1],[-10,7],[-7,-1],[-11,2],[-5,3],[-5,6],[-5,-13],[3,-6],[-7,0],[-2,7],[-5,2],[-8,-1],[-7,-11]],[[2880,4695],[-4,5]],[[2876,4700],[-1,4],[17,5],[1,7],[3,3],[5,-2],[1,-6],[5,-1],[-3,10],[17,0],[13,-2],[6,1],[2,-7],[6,3],[2,-5],[9,0],[5,-4],[5,1],[5,-4],[0,-6]],[[2974,4697],[-5,2]],[[2969,4699],[-4,-4],[4,-21],[4,-5],[5,1],[9,-13],[0,-5],[6,2],[9,-3],[9,13],[4,-3],[8,4],[0,-4],[5,-8],[4,-2],[-3,-7]],[[3029,4644],[7,-7],[1,-14],[9,-3],[0,-4],[6,0],[4,-6],[12,5],[4,-1],[-1,-6],[5,-3],[11,6],[1,-7],[4,-2],[4,6],[6,-4],[5,1],[5,-4]],[[3112,4601],[9,0],[0,-5],[5,-1],[2,-5],[5,0],[3,-5],[3,-19],[5,-1],[5,-9],[5,-5],[6,7],[7,-10],[17,3],[5,4],[5,1],[3,-4],[17,6],[4,-8],[8,2],[0,4],[5,2]],[[3231,4558],[4,3]],[[3235,4561],[4,5],[13,-1],[0,-7],[-4,-4]],[[3248,4554],[-9,3],[-8,-5],[-5,-7],[-7,1],[-3,-4],[-5,0],[-6,-4],[-4,6],[-9,-4],[-15,-4],[-5,1],[-10,0],[0,6],[-11,-2],[1,8],[-5,1],[-1,6],[-9,4],[-1,23],[-4,0],[-2,5],[-9,1],[-7,-3],[-9,2],[0,4],[-11,0],[-2,5],[-5,-1],[-7,5]],[[3080,4601],[-6,-2],[-4,3],[-19,0],[0,10],[-7,-1],[-7,-9],[-4,5],[-5,3],[-10,10],[-1,9],[-4,9],[-5,5],[-4,-3],[-5,3],[-11,3],[-10,2],[-4,2],[-4,-5],[2,-9],[-8,-3],[-3,3],[-9,0],[-9,-5],[-9,-1],[-7,-3]],[[2927,4627],[-1,-4],[-8,-5],[-8,-1],[1,10],[-5,0],[-3,6]],[[2903,4633],[-5,-1],[-7,5],[-6,-2],[-1,7],[4,2],[-1,8],[-4,0],[-3,-5],[-6,-3],[-4,-9],[-4,-1],[-6,-9],[-12,1],[-17,11],[-2,-11],[2,-5],[-2,-6],[1,-11],[-6,-4],[-6,1],[-1,4],[3,6],[-8,-1],[-9,2],[0,4],[-11,0],[-9,-3],[0,7],[-6,0],[1,-9],[-5,-4],[0,-4],[-8,-1],[-1,7],[-10,-4],[2,-9],[-7,-1],[-1,4],[-10,1],[-11,-1],[-3,6],[3,3]],[[2727,4608],[-4,7],[1,15],[-2,4]],[[2722,4634],[3,0],[3,10],[4,4],[4,-1],[1,-6],[7,4],[9,1],[-1,4],[3,11],[12,1],[5,3],[1,-7],[-7,-3],[-3,-5]],[[2770,4624],[1,4]],[[2771,4628],[-1,-4]],[[2746,4620],[8,-2],[2,-5],[5,0],[-2,7],[11,0],[0,4]],[[2770,4624],[-7,4],[0,4],[-8,1],[-2,5],[-8,-5],[2,-9],[-1,-4]],[[3024,4636],[5,8]],[[3029,4644],[-3,3],[-16,1],[-4,-3],[11,-8],[7,-1]],[[3024,4636],[-4,-6],[2,-4],[5,0],[-1,9],[-2,1]],[[2903,4633],[0,13],[-3,0],[3,-13]],[[2728,4636],[1,-7],[8,1],[1,5],[-10,1]],[[3043,4620],[-5,-2],[0,-4],[4,-2],[1,8]],[[2749,4686],[4,-3],[-2,-7],[1,-9],[-9,-7],[-5,-1],[-2,9],[-8,12],[-2,7],[4,5],[10,1],[9,-7]],[[2759,4712],[-4,6],[6,11],[3,-14],[-5,-3]],[[2717,4759],[-1,4]],[[2716,4763],[1,-4]],[[2716,4763],[-3,1]],[[2713,4764],[-13,-1],[-2,5],[3,8],[7,-4],[-1,8],[4,-1],[4,7],[3,-4],[13,-6],[7,4],[2,-5],[8,0],[5,-5],[6,0]],[[2759,4770],[-9,-15],[-5,1],[-1,8],[-7,3],[-4,5],[-5,-6],[-6,3],[-7,-1],[1,-5]],[[2726,4774],[-8,0],[0,-4],[8,0],[0,4]],[[2730,4791],[-6,-3],[-1,7],[7,-4]],[[2735,4801],[-7,-2],[-1,4]],[[2727,4803],[8,-2]],[[2723,4809],[4,-6]],[[2727,4803],[-4,6]],[[2735,4801],[5,4],[-1,5],[4,5],[-2,8],[-18,8],[-4,7],[-1,8],[4,19],[4,3],[11,1],[12,-5],[7,-6],[5,-10],[2,-27],[4,-5],[2,-10],[-6,-6],[-2,-7]],[[2761,4793],[1,-5],[6,2],[4,-9],[6,-2],[6,-4],[1,-15]],[[2785,4760],[-2,7],[-4,0],[-2,5],[-5,-6],[-6,6],[-7,-2]],[[2759,4770],[2,10],[-7,5],[-1,4],[-6,-2],[-4,7],[-8,7]],[[2761,4793],[-8,13],[-8,-12],[5,1],[9,-4],[2,2]],[[2761,4784],[2,-10],[5,10],[-7,0]],[[2728,4927],[8,-2],[-1,-8],[-6,1],[-1,9]],[[2606,6194],[-2,6],[3,5],[-2,10],[4,1],[2,-11],[-5,-11]],[[2594,6613],[7,-3]],[[2601,6610],[-2,-4],[-5,2],[0,5]],[[2565,6630],[1,6],[7,0],[1,-5],[-3,-4],[-6,3]],[[2591,6675],[4,-2],[8,4],[4,-6],[-13,-4],[-1,-6],[3,-2],[1,-7],[-4,-4],[-7,-3],[-11,-2],[-3,5],[-2,8],[3,7],[-8,-1],[-2,-15],[-13,-1],[1,-8],[-12,1],[-1,9],[4,1],[2,-4],[4,1],[2,11],[5,1],[12,15],[8,8],[16,-2],[0,-4]],[[2542,6754],[4,8],[5,-4],[-9,-4]],[[2537,7044],[-3,-3],[-7,0],[-1,10],[7,6],[11,1],[0,-7],[-5,-2],[-2,-5]],[[2515,7107],[0,3],[11,7],[-2,-7],[-9,-3]],[[2545,7119],[4,2],[1,-8],[-7,0],[2,6]],[[2539,7164],[2,-4]],[[2541,7160],[-5,-2],[2,-14],[5,-7],[1,-10],[-6,-5],[-10,0],[0,10],[-8,1],[-1,17],[-11,-4],[-5,10],[6,2],[6,-3],[14,3],[0,-5],[-6,-4],[7,-3],[1,11],[4,6],[4,1]],[[2541,7185],[0,-7],[-6,-1],[-10,-13],[1,10],[8,4],[7,1],[0,6]],[[2538,7191],[3,-3],[-6,-5],[0,7],[3,1]],[[2544,7250],[4,5]],[[2548,7255],[9,3],[-3,-7],[-4,-1],[2,-11],[-7,-4],[-2,8],[-8,-1],[-4,2],[-20,-3],[-2,6],[5,3],[-1,12],[5,1],[2,-6],[8,0],[0,-10],[6,0],[3,5],[7,-2]],[[2472,7719],[-2,1]],[[2470,7720],[2,-1]],[[2475,7987],[2,-1]],[[2477,7986],[-2,1]],[[2430,8563],[2,7],[7,-6],[-6,-4],[-3,3]],[[3054,1520],[-7,1]],[[3047,1521],[5,2]],[[3052,1523],[1,-2]],[[3053,1521],[1,-1]],[[3057,1528],[3,-3]],[[3060,1525],[-3,3]],[[3059,1535],[1,-10]],[[3060,1525],[-1,10]],[[3087,1533],[-3,-1]],[[3084,1532],[-3,0]],[[3081,1532],[-3,3],[-14,2],[-5,-2]],[[3059,1535],[-2,-7]],[[3057,1528],[-4,-1],[1,-7]],[[3054,1520],[-1,1]],[[3053,1521],[-1,2]],[[3052,1523],[-4,5],[-14,-7],[-6,2],[0,7],[7,-4],[3,10],[-3,6]],[[3035,1542],[-4,4],[5,9],[16,2]],[[3052,1557],[2,5],[7,4],[13,0],[-3,-4],[13,-9],[0,-4],[5,-10],[-2,-6]],[[3005,2046],[1,1]],[[3006,2047],[13,0],[-1,-6],[-14,0],[-1,3]],[[3003,2044],[2,2]],[[3019,2079],[-2,2]],[[3017,2081],[4,10],[4,1],[0,-9],[6,1],[0,-8],[-7,0],[-5,3]],[[2995,2081],[-1,4]],[[2994,2085],[9,1],[0,8],[7,3],[1,-9],[3,0],[3,-7]],[[3017,2081],[2,-2]],[[3019,2079],[-5,-3],[-5,5],[-11,3],[-3,-3]],[[3026,2131],[4,-2],[-2,-17],[-2,-3],[-7,2],[-2,5],[-5,0],[-7,5],[1,9],[3,3],[5,-8],[12,3],[0,3]],[[3026,2131],[-8,-1],[0,7],[8,1],[0,-7]],[[3020,2177],[2,-1]],[[3022,2176],[-2,1]],[[3001,2178],[-6,1]],[[2995,2179],[6,-1]],[[2981,2201],[4,-4]],[[2985,2197],[4,0]],[[2989,2197],[1,-7],[-7,1],[-2,4],[0,6]],[[2989,2198],[0,-1]],[[2989,2197],[-4,0]],[[2985,2197],[4,1]],[[3001,2233],[4,2],[5,-3],[8,0],[-1,-15],[-6,-1],[-2,6],[1,8],[-9,-2],[0,5]],[[2995,2262],[-1,5],[4,3],[4,-10],[13,4],[2,-5],[-1,-11],[-11,2],[-10,12]],[[2994,2297],[1,1]],[[2995,2298],[0,1]],[[2995,2299],[2,4],[7,0],[-2,-10],[-6,1],[-2,3]],[[2995,2298],[-1,-1]],[[2994,2297],[1,2]],[[2995,2299],[0,-1]],[[2980,2310],[0,5]],[[2980,2315],[2,3],[9,-2],[-1,-12],[-10,2],[0,4]],[[3014,2333],[-5,2],[1,11],[5,-1],[-1,-12]],[[2985,2383],[6,1]],[[2991,2384],[1,-2]],[[2992,2382],[-5,-11],[-8,5],[2,7],[4,0]],[[2992,2382],[-1,2]],[[2991,2384],[1,-2]],[[2977,2486],[-4,4],[12,1],[5,-4],[-13,-1]],[[2994,2611],[-8,-3],[-8,10],[13,2],[3,-9]],[[2939,2780],[-9,0]],[[2930,2780],[9,0]],[[2944,2820],[3,5],[4,0],[2,-5],[-7,-3],[-2,3]],[[2933,2905],[-2,-4],[-9,1],[-5,8],[0,5],[9,4],[8,-8],[-1,-6]],[[2930,2991],[-1,-13],[-6,-1],[-13,3],[-1,8],[3,8],[4,0],[4,-7],[10,2]],[[2940,3051],[-1,1]],[[2939,3052],[2,6],[5,1],[0,-6],[-6,-2]],[[2939,3052],[1,-1]],[[2940,3051],[-4,-4],[-7,10],[10,-5]],[[2916,3082],[-7,4],[2,5],[7,10],[7,1],[-1,7],[-4,1]],[[2920,3110],[-1,1]],[[2919,3111],[-1,2]],[[2918,3113],[-1,1]],[[2917,3114],[-1,1]],[[2916,3115],[0,2],[12,15],[3,1],[5,-8],[7,-4],[1,-6],[5,-14],[-5,-18],[-4,-3],[-5,1],[-17,-3],[-2,4]],[[2916,3082],[3,-3],[5,10],[-5,-1],[-3,-6]],[[2919,3111],[1,-1]],[[2920,3110],[-8,-12],[-6,-2],[-2,11],[7,11],[5,-3]],[[2916,3115],[1,-1]],[[2917,3114],[1,-1]],[[2918,3113],[1,-2]],[[2907,3143],[-5,-3],[-3,3]],[[2899,3143],[8,0]],[[2931,3157],[-6,-1],[-1,5],[-5,0]],[[2919,3161],[14,2],[-2,-6]],[[2925,3169],[-5,-4],[-4,9],[1,9],[6,1],[1,-8],[5,-1],[0,-5],[-4,-1]],[[2940,3182],[1,1]],[[2941,3183],[-3,-10]],[[2938,3173],[-3,4],[5,5]],[[2932,3270],[-1,-2]],[[2931,3268],[-5,-5],[-1,8],[7,-1]],[[2963,3529],[3,8],[-9,0],[-3,3],[-12,-6],[-10,-3],[-10,2],[-15,-3],[-9,-9],[1,-4],[-17,1],[-11,2],[-3,4],[-1,7],[-4,1],[-4,-4],[-5,1],[-4,4],[-12,8]],[[2838,3541],[5,6],[8,1],[0,3],[16,2],[1,3]],[[2868,3556],[5,3],[7,0],[2,-10],[-3,-1],[-7,-10],[1,-7],[-3,-5],[12,-6],[15,-1],[3,5],[8,8],[6,2],[18,2],[9,0],[9,6],[5,-2],[9,1],[4,-2],[-1,-7],[-4,-3]],[[2844,3718],[6,2],[2,8],[4,-6],[-7,-5],[-5,1]],[[2863,3839],[1,1]],[[2864,3840],[-1,-1]],[[2864,3840],[-1,-1]],[[2863,3839],[1,1]],[[2843,3896],[4,6]],[[2847,3902],[-4,-6]],[[2867,3923],[4,3]],[[2871,3926],[-4,-3]],[[2832,3976],[-5,-2]],[[2827,3974],[5,2]],[[2861,3994],[-1,-1]],[[2860,3993],[1,1]],[[2853,3993],[8,1]],[[2861,3994],[-1,-1]],[[2860,3993],[-7,0]],[[2855,4032],[-4,-3],[-4,6],[-8,-2],[-3,2],[6,7],[9,1],[1,-9],[3,-2]],[[2783,4297],[3,3],[19,7],[2,5],[8,3],[2,8]],[[2817,4323],[11,0],[4,-4],[-8,-9],[-12,1],[-8,-9],[-7,-3],[-14,-2]],[[2820,4336],[-4,1],[7,12],[2,-12],[-5,-1]],[[2825,4400],[-5,-7],[-1,11],[5,2],[1,-6]],[[2800,4506],[1,0]],[[2801,4506],[-1,0]],[[2800,4506],[1,0]],[[2801,4506],[-1,0]],[[2819,4526],[0,-5],[-6,1],[0,5],[6,-1]],[[2782,4595],[1,5],[5,0],[2,-6],[-9,-7],[1,8]],[[2777,4631],[-2,-3]],[[2775,4628],[-1,0]],[[2774,4628],[3,3]],[[2804,4641],[4,-4]],[[2808,4637],[-4,4]],[[2786,4640],[2,5],[8,4],[-6,3],[0,5],[12,-1],[1,-6],[-5,-3],[0,-6],[6,0]],[[2804,4641],[-2,-4],[-4,3],[-1,4],[-8,0],[-3,-4]],[[2779,4646],[7,4],[0,-8],[-5,0],[-2,4]],[[2793,4673],[-2,-6],[-7,-2],[-1,24],[-4,14],[3,0],[4,-5],[0,-5],[10,-2],[7,3],[3,-11],[-14,-5],[1,-5]],[[2765,4708],[4,4],[3,-4],[-4,-5],[-3,5]],[[2788,4740],[-1,1]],[[2787,4741],[1,-1]],[[2788,4740],[-1,1]],[[2787,4741],[1,5]],[[2788,4746],[1,-2]],[[2789,4744],[-1,-4]],[[2789,4744],[-1,2]],[[2788,4746],[1,-2]],[[2792,4757],[-4,-7],[-4,0],[-7,8],[8,2]],[[2785,4760],[6,0],[1,-3]],[[2763,4875],[1,6],[5,-3],[-1,-6],[-5,3]],[[2764,4945],[-6,-2],[-1,8],[7,5],[5,-6],[-5,-5]],[[2737,4963],[4,4],[4,-5],[0,-7],[-2,-6],[-6,3],[0,11]],[[2601,6610],[9,12],[8,-1],[1,-9],[4,-13],[-8,0],[1,-13],[-4,-5],[-7,1],[0,13],[2,6],[0,6],[-6,3]],[[2595,6705],[-4,2],[1,8],[4,1],[-1,-11]],[[2581,7056],[-6,5],[-1,10],[-4,3],[0,6],[8,3],[2,-3],[1,-24]],[[2559,7133],[3,8],[6,-1],[-1,14],[14,3],[7,-6],[-3,-11],[-6,-7],[-7,3],[-6,-4],[-7,1]],[[2541,7160],[-2,4]],[[2539,7164],[-1,9],[4,0],[5,-5],[5,2],[3,-8],[-3,-12],[0,-5],[-8,2],[-1,11],[-2,2]],[[2584,7202],[-13,-1],[0,3],[7,2],[6,-4]],[[2552,7202],[-6,3],[0,6],[4,5],[5,0],[3,-12],[-6,-2]],[[2548,7255],[-4,-5]],[[2544,7250],[-1,8],[5,-3]],[[2547,7406],[2,14],[3,0],[2,-6],[-1,-11],[-6,3]],[[2552,7643],[-7,2],[-5,-4]],[[2540,7641],[6,6],[5,1],[1,-5]],[[2532,7708],[2,4],[8,-4],[2,-7],[-1,-4],[-6,-1],[-5,4],[0,8]],[[2532,7708],[-8,-2],[-1,-3],[-7,-2],[0,4],[12,13],[4,-2],[0,-8]],[[2536,7758],[-1,-11],[-5,0],[0,8],[6,3]],[[2527,7770],[3,-4],[-6,-6],[-7,0],[1,4],[9,6]],[[2510,7784],[1,2]],[[2511,7786],[-1,-2]],[[2515,7911],[8,-3],[-5,-9],[-3,12]],[[2492,7939],[0,4]],[[2492,7943],[0,-4]],[[2516,8023],[-8,-3],[-6,2],[-9,-1],[8,12],[7,-4],[7,-2],[1,-4]],[[2503,8119],[1,2]],[[2504,8121],[-1,-2]],[[3087,1533],[-6,-1]],[[3081,1532],[3,0]],[[3084,1532],[3,1]],[[3092,1543],[4,8],[3,-5],[5,-1],[6,-14],[-6,0],[-2,7],[-4,5],[-6,0]],[[3100,1597],[1,0]],[[3101,1597],[-1,0]],[[3098,1676],[5,1],[1,11]],[[3104,1688],[4,2]],[[3108,1690],[5,5],[-4,14],[9,0],[7,9],[7,-5],[0,-7],[-12,-2],[-3,-7],[7,-3]],[[3124,1694],[3,-3],[-3,-8],[4,-7],[2,-10],[3,-8],[1,-15],[-4,-5],[-14,-4],[-5,-5],[-3,-9],[1,-10],[7,-6],[3,-6],[6,-4]],[[3125,1594],[-6,3],[-4,-2],[-7,4],[-7,-2]],[[3101,1597],[-1,0]],[[3100,1597],[-7,-1],[-5,4],[2,10],[-2,4],[1,5],[5,1],[-4,10],[6,1],[-1,5],[4,10],[-1,7],[-10,0],[0,5],[4,4],[2,12],[4,2]],[[3104,1688],[-3,-1],[-6,9],[3,4],[5,0],[4,-5],[-3,-7]],[[3104,1777],[12,-7],[1,-9],[-3,-5],[0,-6],[6,-1],[0,-12],[-8,-1],[-4,6],[-1,4],[-4,2],[0,18],[2,1],[-1,10]],[[3053,1931],[0,7],[6,2],[2,-7],[-8,-2]],[[3042,2095],[0,3],[10,-3],[6,-7],[13,-1],[3,-3],[-2,-9],[-14,-12],[0,9],[-5,-2],[1,8],[-9,2],[-6,-2],[1,7],[8,0],[-1,4],[-7,0],[2,6]],[[3063,2107],[-13,-1],[-6,8],[-5,-1]],[[3039,2113],[2,12],[6,-1],[3,-4],[5,1],[10,-3],[5,4],[5,-4],[2,-16],[-14,0],[0,5]],[[3084,2141],[-4,9],[3,2],[1,-11]],[[3070,2175],[4,0],[0,-7],[-4,0],[0,7]],[[3043,2198],[16,6],[10,1],[6,-4],[-5,-4],[-2,4],[-12,-7],[-4,-10],[1,-7],[-6,1],[-2,4]],[[3045,2182],[-3,5],[-12,-5]],[[3030,2182],[-1,-9],[-3,-2],[-4,5]],[[3022,2176],[-2,1]],[[3020,2177],[-6,3],[-7,6],[0,11],[2,5],[6,0],[11,-3],[7,3],[0,-6],[9,-1],[1,3]],[[3043,2198],[-1,7],[-7,1],[3,9]],[[3038,2215],[-1,10],[8,-3],[2,-6],[7,0],[-7,-9],[-4,-9]],[[3023,2221],[6,-1],[-1,-8],[-4,-2],[-1,11]],[[3062,2245],[5,-1],[1,-7],[-6,2],[0,6]],[[3048,2239],[-1,14],[7,2],[3,-8],[-2,-9],[-7,1]],[[3028,2269],[-1,4],[9,2],[0,-5],[-8,-1]],[[3038,2283],[7,-11],[-8,0],[1,11]],[[3031,2310],[3,0],[5,-8],[-9,-1],[1,9]],[[3026,2314],[-6,-10],[-5,1],[-3,9],[14,0]],[[3027,2385],[9,12],[1,-9],[-10,-3]],[[3036,2410],[5,2],[8,-4],[1,-13],[-2,-2],[-6,10],[-1,6],[-5,1]],[[3025,2428],[1,-7],[5,-4],[2,-4],[-9,-3],[3,-8],[-6,1],[-3,8],[0,18],[7,-1]],[[3012,2578],[2,8],[7,-3],[-1,-8],[-7,-1],[-1,4]],[[3008,2657],[-15,2],[0,8],[14,0],[1,-10]],[[2981,2922],[3,12],[8,-2],[1,-11],[-8,-1],[-4,2]],[[2970,2951],[-6,1],[4,6],[2,-7]],[[2952,3055],[9,1],[0,-4],[-7,-2],[-2,5]],[[2961,3115],[-3,-3],[-5,8],[4,5],[7,-4],[-3,-6]],[[2957,3126],[-5,0],[-2,-5],[-5,4],[-3,8],[5,5],[9,-8],[1,-4]],[[2957,3167],[5,-1]],[[2962,3166],[1,2]],[[2963,3168],[1,1]],[[2964,3169],[2,-6],[-13,-16],[-10,2],[10,15],[4,3]],[[2964,3169],[-1,-1]],[[2963,3168],[-1,-2]],[[2962,3166],[-5,1]],[[2957,3167],[2,4],[5,-2]],[[2965,3181],[-1,-5],[-10,-7],[-4,-1],[-1,17],[7,5],[9,-9]],[[2941,3183],[-1,-1]],[[2940,3182],[-2,4],[8,9],[5,1],[3,5],[15,-3],[7,-7],[9,1],[-1,-5],[-5,-4],[-6,1],[-6,11],[-5,4],[-7,-2],[-14,-14]],[[2961,3249],[-3,-1],[-6,10],[6,0],[3,-9]],[[2936,3246],[-5,5],[2,5],[5,-2],[-2,-8]],[[2931,3268],[1,2]],[[2932,3270],[11,0],[-1,-7],[-7,0],[-4,5]],[[2943,3293],[-8,2],[-1,9],[13,1],[1,-5],[-5,-7]],[[2921,3334],[1,6],[7,-1],[0,6],[7,0],[-2,-16],[-12,0],[-1,5]],[[2936,3367],[-2,-2]],[[2934,3365],[2,2]],[[2936,3367],[-2,-2]],[[2934,3365],[2,2]],[[2943,3375],[-1,3],[13,-2],[0,-8],[-12,2],[0,5]],[[2948,3396],[10,-2],[-1,-13],[-16,0],[0,-11],[-3,1],[-1,6],[-9,4],[0,12],[1,6],[10,-3],[9,0]],[[2957,3435],[-3,13],[-5,0],[-4,-3],[-8,9],[5,1],[2,-7],[4,3],[7,-2],[3,-6],[-1,-8]],[[2925,3572],[-3,8],[2,7],[8,-1],[2,-4],[-2,-8],[4,-3],[-3,-5],[-6,0],[-2,6]],[[2917,3594],[-3,0]],[[2914,3594],[3,0]],[[2917,3594],[-3,0]],[[2914,3594],[-6,2],[-3,-2],[-9,5]],[[2896,3599],[0,-4],[-12,1],[1,8],[3,2]],[[2888,3606],[4,9],[9,5],[5,-1],[2,5],[5,2],[4,-2],[-1,-6],[-4,-2],[0,-8],[4,-3],[9,5],[6,0],[2,-6],[-13,-4],[-3,-6]],[[2909,3694],[2,-9],[-3,-8],[-8,-3],[-5,3],[-10,13],[4,9],[10,3],[10,-8]],[[2891,3743],[-3,-4]],[[2888,3739],[3,4]],[[2929,3748],[-13,-3],[-1,-3],[-8,-1],[-5,3],[3,7],[14,-2],[10,3],[0,-4]],[[2889,3791],[-4,-6],[-2,7],[6,-1]],[[2893,3806],[2,0]],[[2895,3806],[-2,0]],[[2895,3806],[-2,0]],[[2893,3806],[2,0]],[[2908,3821],[-2,3]],[[2906,3824],[2,-3]],[[2887,3875],[1,-1]],[[2888,3874],[-1,1]],[[2888,3874],[-1,1]],[[2887,3875],[1,-1]],[[2874,3885],[6,3],[4,10]],[[2884,3898],[-2,-7],[1,-8],[-4,-9],[-5,-2],[-5,7],[-1,8],[6,-2]],[[2875,3883],[-1,2]],[[2874,3885],[1,-2]],[[2884,3898],[-5,4],[-3,8],[8,-1],[0,-11]],[[2898,3938],[7,-1],[3,-6],[-3,-5],[-10,-4],[-2,-6],[-7,2],[0,6],[14,7],[-2,7]],[[2897,4006],[-7,-3],[-5,-6],[-17,-1],[3,6],[6,-4],[8,4],[5,6],[7,-2]],[[2899,4010],[2,0]],[[2901,4010],[-4,-4]],[[2897,4006],[2,4]],[[2908,4014],[-7,-4]],[[2901,4010],[-1,1]],[[2900,4011],[8,3]],[[2900,4011],[-1,-1]],[[2899,4010],[1,1]],[[2881,4039],[4,2],[3,-8],[-7,-1],[0,7]],[[2904,4060],[-6,1],[0,5],[6,1],[0,-7]],[[2858,4059],[6,6],[1,-6],[-7,0]],[[2888,4094],[-2,11],[4,-1],[1,-10],[-3,0]],[[2859,4122],[-8,-1],[0,4],[7,1],[1,-4]],[[2853,4395],[8,-3],[9,1],[7,-6],[14,-3],[1,-8],[5,-2],[2,-5],[14,1],[2,-6],[7,2]],[[2922,4366],[-1,-4],[-6,-1],[-3,7],[-8,-4],[-8,2],[0,4],[-8,1],[0,8],[-8,1],[-9,6],[-12,-1],[0,2],[-17,-2],[-14,-12],[-6,0],[-18,6],[-1,5],[-9,-2],[2,7],[5,4]],[[2801,4393],[-6,3],[-9,-3]],[[2786,4393],[3,6],[15,-1],[2,-16],[9,-3],[18,1],[1,3],[12,5],[7,7]],[[2846,4416],[8,2],[2,-5],[-8,-3],[-2,6]],[[2844,4471],[-2,4],[-1,8],[3,5],[4,0],[7,-5],[0,-6],[-4,-4],[-7,-2]],[[2840,4509],[6,3],[2,-5],[-7,-5],[-1,7]],[[2808,4637],[4,-3]],[[2812,4634],[-4,3]],[[2812,4634],[1,8]],[[2813,4642],[3,-3]],[[2816,4639],[-4,-5]],[[2816,4639],[6,3]],[[2822,4642],[-6,-3]],[[2826,4717],[-12,10],[-1,9],[4,5],[1,-10],[3,-5],[6,-3],[-1,-6]],[[2792,4757],[3,5],[5,-2],[-3,-8],[-5,5]],[[2838,4785],[4,4],[7,-2],[0,-11],[-7,-2],[-7,-14],[-5,-5],[-5,3],[-1,11],[-2,5],[0,14],[8,-3],[8,0]],[[2805,4789],[-4,4],[-1,10],[2,6],[4,2],[6,0],[3,-16],[-2,-4],[-8,-2]],[[2826,4844],[8,-5],[1,-9],[-3,-5],[-3,-11],[-4,-2],[-8,10],[-6,-2],[-2,15],[1,8],[16,1]],[[2812,4937],[-4,-2],[-2,-6],[-4,-1],[-8,7],[0,12],[8,3],[7,-3],[3,-10]],[[2635,6725],[3,6],[5,0],[1,-11],[-8,0],[-1,5]],[[2633,6819],[5,-4],[-3,-7],[-4,-5],[-5,-1],[-8,19],[5,4],[6,1],[4,-7]],[[2652,6836],[5,1],[2,-8],[-6,-1],[-1,8]],[[2600,7115],[5,0],[1,-5],[-5,-1],[-1,6]],[[2617,7220],[-7,-7],[-2,16],[5,1],[4,-10]],[[2600,7236],[-7,3],[4,5],[3,-8]],[[2622,7262],[3,-2]],[[2625,7260],[-3,2]],[[2622,7262],[3,-2]],[[2625,7260],[-3,-8]],[[2622,7252],[-5,9],[-10,5],[-3,4]],[[2604,7270],[3,-2],[9,1],[9,4],[3,-8],[-6,-3]],[[2604,7270],[-5,5],[10,3],[-5,-8]],[[2594,7284],[1,1]],[[2595,7285],[7,2],[-3,8],[8,-1],[2,-12],[-13,-1],[-2,3]],[[2589,7389],[3,-4]],[[2592,7385],[-3,4]],[[2578,7406],[-3,10],[4,2],[1,-10],[-2,-2]],[[2594,7414],[-5,16],[-5,8],[0,7],[4,1],[1,-11],[4,-7],[1,-14]],[[2598,7504],[3,-8],[-6,0],[3,8]],[[2579,7516],[3,-8],[-10,1],[-3,3],[0,6],[5,2],[5,-4]],[[2555,7686],[8,-7],[3,-4],[0,-14],[-7,-5],[-7,2],[-6,0],[-4,4],[3,6],[0,6],[4,12],[6,0]],[[2555,7686],[12,8],[7,0],[8,-8],[0,-9],[-4,-5],[-7,-1],[-4,6],[-2,12],[-10,-3]],[[2558,8023],[-1,-1]],[[2557,8022],[1,1]],[[2547,8040],[-2,-6]],[[2545,8034],[2,6]],[[2542,8178],[5,3],[4,6]],[[2551,8187],[0,-9],[-9,0]],[[2510,8238],[-2,14]],[[2508,8252],[2,-14]],[[2506,8256],[2,-4]],[[2508,8252],[-2,4]],[[3150,1520],[-4,13],[5,1],[1,-12],[-2,-2]],[[3131,1552],[-1,10],[5,1],[1,-10],[-5,-1]],[[3138,1771],[-5,-1],[-3,-4],[-9,2],[-2,10],[11,0],[6,-3],[2,-4]],[[3136,1793],[4,-1]],[[3140,1792],[2,-1]],[[3142,1791],[5,-1]],[[3147,1790],[0,1]],[[3147,1791],[1,-8],[-12,-3],[1,7],[-1,6]],[[3147,1791],[0,-1]],[[3147,1790],[-5,1]],[[3142,1791],[-2,1]],[[3140,1792],[7,-1]],[[3132,1848],[5,-6],[-4,-3],[-1,9]],[[3132,1848],[-4,-2],[-1,12]],[[3127,1858],[3,-2],[2,-8]],[[3136,1854],[-4,8],[5,3],[-1,-11]],[[3127,1858],[-4,0]],[[3123,1858],[-4,0],[-2,20],[4,3],[1,6],[5,1],[1,-12],[2,-2],[-1,-11],[-2,-5]],[[3115,1961],[3,-1]],[[3118,1960],[-3,1]],[[3125,1956],[-2,4],[-5,0]],[[3118,1960],[-3,1]],[[3115,1961],[8,2],[2,-7]],[[3103,1990],[5,-1],[1,-5],[-8,-2],[2,8]],[[3100,2098],[-2,-11],[-7,1],[3,9],[6,1]],[[3081,2110],[3,0]],[[3084,2110],[-3,0]],[[3084,2110],[-3,0]],[[3081,2110],[-3,4],[4,5],[6,-4],[-4,-5]],[[3106,2132],[-6,3],[-5,-1]],[[3095,2134],[7,1]],[[3102,2135],[4,-3]],[[3106,2132],[-4,3]],[[3102,2135],[4,-3]],[[3095,2134],[-4,-4]],[[3091,2130],[4,4]],[[3105,2154],[2,-2],[0,-9],[-11,5],[-1,6],[-4,9],[14,-9]],[[3102,2189],[3,0],[5,-8],[0,-5],[6,-8],[0,-4],[-22,4],[-7,-1],[-6,3],[-4,10],[-8,-1],[-1,7],[14,-3],[5,-6],[10,-2],[-1,6],[6,8]],[[3089,2227],[-7,2],[0,3],[7,2],[0,-7]],[[3098,2229],[-5,-3],[1,10],[-4,0],[-5,10],[5,1],[4,-3],[4,-9],[0,-6]],[[3115,2260],[1,-1]],[[3116,2259],[11,-8],[1,-7],[-6,-2],[-7,2],[-4,10],[-4,-1],[-10,-5],[-5,10],[0,5],[-8,-7],[-4,-1],[-7,11],[0,7],[6,-3],[12,5],[3,-8],[6,-4],[6,0],[2,-5],[7,2]],[[3073,2278],[-5,-1],[0,6],[5,-1],[0,-4]],[[3091,2282],[-1,-4],[-6,-3],[-6,2],[-4,12],[7,1],[2,-5],[8,-3]],[[3092,2300],[0,1]],[[3092,2301],[0,-1]],[[3092,2300],[0,1]],[[3092,2301],[0,-1]],[[3091,2311],[5,-6]],[[3096,2305],[-5,6]],[[3091,2311],[-7,-1],[-1,7],[8,0],[0,-6]],[[3079,2317],[-3,-5],[-4,2],[2,6],[5,-3]],[[3084,2334],[7,-4],[5,0],[5,-8],[-8,-6],[0,5],[-11,-2],[-2,6],[4,9]],[[3060,2319],[-3,-1],[0,13],[13,-1],[-1,-6],[-9,-5]],[[3096,2355],[6,-12]],[[3102,2343],[-7,1],[0,11]],[[3095,2355],[1,0]],[[3059,2377],[0,2]],[[3059,2379],[1,1]],[[3060,2380],[6,-2]],[[3066,2378],[15,-7],[6,-1],[1,-10],[-7,-1],[-4,6],[-11,4],[-4,-2],[0,10],[-3,0]],[[3060,2380],[-1,-1]],[[3059,2379],[0,-2]],[[3059,2377],[-6,3]],[[3053,2380],[7,0]],[[3060,2425],[0,-5],[-6,-2],[-1,6],[7,1]],[[3090,2418],[-6,2],[-8,-1],[-2,9],[2,6],[15,-4],[-1,-12]],[[3064,2447],[-4,9],[-9,1],[-1,8],[-8,0],[-1,6],[5,4],[5,-1],[1,-5],[10,-9],[5,0]],[[3067,2460],[2,-7],[-5,-6]],[[3080,2554],[-2,-4],[-6,1],[-3,3],[-1,9],[7,1],[3,-2],[2,-8]],[[3022,2748],[-5,2],[-1,7],[3,4],[5,-2],[2,-10],[-4,-1]],[[2994,3416],[7,1]],[[3001,3417],[-7,-1]],[[2957,3435],[16,-15],[8,0],[3,-4],[10,0]],[[2994,3416],[-10,-2],[-4,4],[-8,-1],[-9,10],[-6,8]],[[3049,3467],[1,-1]],[[3050,3466],[-7,-7],[-6,-1],[-6,4],[-9,9],[-6,-7],[-5,-2],[0,9],[4,5],[4,0],[4,-4],[7,1],[-1,5],[-11,10],[-13,-2],[-4,2]],[[3001,3488],[-4,-5],[-6,-3],[-4,9],[-10,9],[0,9],[-3,7],[-10,6],[-2,7],[1,2]],[[2963,3529],[1,-3],[13,2],[8,7]],[[2985,3535],[-6,-10]],[[2979,3525],[-6,2],[1,-11],[3,0],[3,-18],[8,-7],[1,-6],[9,7],[5,1],[4,-3],[9,1],[4,-4],[3,6],[8,1],[5,-4],[1,-7],[-2,-7],[3,-9],[9,2],[2,-2]],[[2956,3564],[-2,1],[3,11],[6,-9],[-7,-3]],[[2954,3604],[4,4],[4,-1],[-1,-7],[-4,-9],[-4,1],[1,12]],[[2943,3968],[0,-1]],[[2943,3967],[-1,-1]],[[2942,3966],[0,-1]],[[2942,3965],[-1,-5],[-7,-4],[2,-5],[-16,0],[3,5],[0,10],[4,5],[3,-4],[13,1]],[[2942,3965],[0,1]],[[2942,3966],[1,1]],[[2943,3967],[-1,-2]],[[2946,3976],[-3,-8]],[[2943,3968],[-4,4],[-7,2],[-17,-3],[2,4],[5,0],[3,7],[9,7],[1,-7],[10,7],[1,-13]],[[2917,3985],[-4,-2],[1,-5],[-10,-6],[0,12],[9,2],[4,-1]],[[2917,3985],[5,-5],[-6,-2],[1,7]],[[2946,4006],[-9,0],[0,4],[7,1],[2,-5]],[[2933,4016],[4,4],[3,-7],[-6,-2],[-1,5]],[[2932,4044],[2,-6],[0,-8],[-6,-5],[-3,3],[-6,-6]],[[2919,4022],[-6,3],[-6,-2]],[[2907,4023],[12,6],[8,1],[4,3],[-2,10],[3,1]],[[2939,4044],[1,-1]],[[2940,4043],[-8,1]],[[2932,4044],[7,0]],[[2927,4065],[-5,0],[-3,4],[9,4],[-1,-8]],[[2909,4264],[5,3],[1,-8],[-6,-2],[0,7]],[[2879,4415],[3,-3],[0,-8],[-8,9],[5,2]],[[2893,4450],[-8,4],[0,4],[16,1],[1,-7],[-3,-2],[-6,0]],[[2887,4495],[-5,-6],[-6,6],[1,8],[8,0],[2,-8]],[[2879,4548],[1,0]],[[2880,4548],[-1,0]],[[2880,4548],[-1,0]],[[2879,4548],[1,0]],[[2889,4612],[-10,2],[1,9],[6,1],[5,-5],[-2,-7]],[[2876,4696],[4,-1]],[[2880,4695],[-4,1]],[[2873,4699],[3,1]],[[2876,4700],[0,-4]],[[2876,4696],[-3,3]],[[2839,4723],[7,0],[5,-5],[11,1],[0,-4],[5,-12],[6,-4]],[[2873,4699],[-9,1],[-3,6],[-6,5],[-3,-3],[-7,0],[-6,3],[0,12]],[[2870,4729],[-3,0],[-5,5],[1,8],[6,0],[4,-4],[1,-7],[-4,-2]],[[2864,4782],[-1,7],[6,3],[2,-3],[-7,-7]],[[2843,4802],[-2,8],[5,0],[1,-8],[-4,0]],[[2864,4821],[1,2]],[[2865,4823],[-1,-2]],[[2864,4821],[-3,10],[4,0],[0,-8]],[[2865,4823],[-1,-2]],[[2851,4864],[4,2],[4,-3],[0,-5],[-7,1],[-1,5]],[[2830,4906],[5,-2],[1,-6],[-6,1],[0,7]],[[2844,4936],[-4,1],[0,7],[4,7],[5,-2],[-7,-8],[2,-5]],[[2687,6811],[3,-1],[3,5],[6,1]],[[2699,6816],[-9,-7],[-3,2]],[[2679,6816],[4,4],[4,-9]],[[2687,6811],[-8,5]],[[2673,6852],[-7,0],[-2,9],[5,5],[5,-4],[-1,-10]],[[2660,7137],[7,1],[1,-5],[-3,-3],[-6,1],[1,6]],[[2672,7174],[5,-6],[1,-10],[-5,-4],[-5,0],[-4,5],[-8,-3],[-8,2],[4,4],[12,2],[6,9],[2,1]],[[2659,7210],[12,2],[7,-6],[-4,-6],[-2,-7],[-5,0],[-7,-6],[-4,-6],[-9,-1],[-6,-6],[0,-6],[-4,-3],[0,-7],[-9,-4],[2,-12],[-5,-9],[-4,1],[-4,6],[0,13],[-3,2],[-4,7],[-5,2],[-6,8]],[[2599,7172],[7,-1],[3,-4],[20,8],[4,4],[4,6],[6,2],[-5,7],[2,7],[6,3],[2,-12],[-2,-7],[6,-2],[6,3],[-1,10],[5,3],[-3,11]],[[2627,7153],[-5,-1],[0,-7],[5,-1],[0,9]],[[2651,7281],[-2,-9],[-6,-1],[-3,-5],[15,2],[5,-4],[-3,-5],[-1,-6],[-8,-1],[-3,3],[-8,3],[0,13],[-7,3],[-1,12],[2,8],[3,1],[1,-15],[6,0],[2,-7],[5,8],[3,0]],[[2636,7335],[-5,7],[8,1]],[[2639,7343],[1,0]],[[2640,7343],[1,-10],[-4,-7],[-5,2],[-1,4],[5,3]],[[2621,7436],[8,1],[-1,-6],[-10,-1],[3,6]],[[2625,7521],[-1,8],[4,4],[7,-2],[1,-9],[-11,-1]],[[2607,7541],[4,1],[2,-9],[-6,3],[0,5]],[[2625,7539],[-9,6],[3,4],[6,-4],[0,-6]],[[2585,8100],[5,0],[2,-8],[-2,-3],[-7,0],[0,6],[2,5]],[[2551,8187],[-2,6],[5,3],[6,-1],[0,-6],[-9,-2]],[[2565,8364],[1,-5],[-7,-3],[-4,-7],[1,-8],[-12,-1],[4,7],[5,2],[2,12],[10,3]],[[2524,8376],[2,4],[7,-4],[8,1],[-1,-7],[-6,5],[-5,-6],[-1,7],[-4,0]],[[2561,8379],[0,-7],[-6,3],[4,6],[0,11],[4,1],[2,-8],[-4,-6]],[[3202,1791],[-1,-2]],[[3201,1789],[-3,-3],[-6,0]],[[3192,1786],[-8,3],[-4,-5],[0,-5],[-14,1],[0,4],[16,3],[0,5],[8,3]],[[3190,1795],[5,0],[7,-4]],[[3154,1853],[-6,-4],[4,-6],[-3,-6],[-5,7],[-1,5],[5,6],[6,-2]],[[3166,1859],[-9,-2],[-3,-4]],[[3154,1853],[2,8],[8,0],[2,-2]],[[3142,1987],[3,-2]],[[3145,1985],[1,-1]],[[3146,1984],[-4,3]],[[3126,1980],[0,7],[8,1],[-2,-6],[-6,-2]],[[3145,1985],[-3,2]],[[3142,1987],[4,-3]],[[3146,1984],[-1,1]],[[3136,1998],[-5,-1],[-2,6],[8,3],[-1,-8]],[[3161,2012],[-2,2]],[[3159,2014],[2,-2]],[[3127,2120],[1,2]],[[3128,2122],[-1,-2]],[[3128,2122],[-1,-2]],[[3127,2120],[1,2]],[[3150,2156],[8,1],[8,-3],[0,-13],[-6,3]],[[3160,2144],[-9,5],[-2,-10],[-9,2],[-6,4],[-2,6],[-3,6],[4,7],[5,-4],[5,0],[6,3],[1,-7]],[[3130,2184],[-2,-6],[-9,1],[-6,13],[9,-2],[8,-6]],[[3141,2206],[0,9],[-6,1],[1,12]],[[3136,2228],[8,1],[1,-6],[4,-3],[-1,-10],[8,-2],[-3,-8],[-6,1],[0,5],[-6,0]],[[3098,2229],[4,5],[-1,9],[9,-1],[3,-3],[6,0],[4,-7],[10,3],[3,-7]],[[3136,2228],[-2,2],[-6,-5],[0,-6],[5,-7],[2,-7],[6,1]],[[3141,2206],[5,-6],[-19,3],[-5,0],[-2,6],[-15,6],[-2,12],[-5,2]],[[3135,2259],[2,1]],[[3137,2260],[4,5]],[[3141,2265],[3,-4],[10,0],[0,-8],[-14,1],[-7,-6],[-3,6],[5,5]],[[3109,2282],[4,0],[3,-5],[13,-1],[4,4],[6,-3],[0,-10],[2,-2]],[[3141,2265],[-4,-5]],[[3137,2260],[-2,-1]],[[3135,2259],[-7,-2]],[[3128,2257],[-6,3],[-6,-1]],[[3116,2259],[-1,1]],[[3115,2260],[-11,8],[-1,6],[-7,-2],[2,7],[11,3]],[[3109,2282],[-5,-1],[-8,3],[-1,7],[7,-2],[14,3],[0,-6],[-5,-1],[-2,-3]],[[3111,2297],[-5,-4],[-3,7],[6,4],[-1,4],[9,-1],[0,-9],[-6,-1]],[[3096,2305],[2,7],[7,-2],[-2,-6],[-7,1]],[[3133,2309],[10,3],[7,0],[3,-6],[-5,-7],[3,-8],[5,9],[8,-2],[0,-6],[-20,-3],[-12,10],[-8,0],[5,11],[4,-1]],[[3093,2359],[3,-4]],[[3096,2355],[-1,0]],[[3095,2355],[-2,4]],[[3108,2377],[1,-1]],[[3109,2376],[0,-1]],[[3109,2375],[-1,2]],[[3108,2377],[1,-2]],[[3109,2375],[0,1]],[[3109,2376],[-1,1]],[[3146,2404],[3,0]],[[3149,2404],[5,-10]],[[3154,2394],[-1,-1]],[[3153,2393],[-7,0],[-10,6],[-5,-2],[0,-4],[-7,0],[-3,4],[-6,0],[-9,3],[-2,5],[-4,-1],[-4,8],[7,3],[2,-3],[14,1],[1,-9],[7,1],[-2,6],[6,0],[12,-3],[3,-4]],[[3080,2721],[-3,2],[-1,6],[11,2],[2,-2],[-3,-8],[-6,0]],[[3087,2753],[-4,6],[6,7],[6,-7],[1,-5],[-9,-1]],[[3036,3197],[-3,3]],[[3033,3200],[3,-3]],[[3031,3438],[-13,-2],[1,10],[9,-3],[3,-5]],[[2985,3535],[4,6],[2,-8],[-6,2]],[[3004,3555],[-7,1],[-4,-1],[-2,9],[13,1],[3,-8],[-3,-2]],[[3017,3601],[3,-7],[-8,1],[0,8],[5,-2]],[[2986,3602],[-4,2]],[[2982,3604],[4,-2]],[[2982,3610],[0,-6]],[[2982,3604],[0,6]],[[2997,3770],[0,-5],[-7,-8],[-8,0],[1,5],[5,5]],[[2988,3767],[9,3]],[[2989,3775],[-1,-8]],[[2988,3767],[1,8]],[[2997,3770],[-3,7],[-5,-2]],[[2989,3775],[7,6]],[[2996,3781],[2,-6],[-1,-5]],[[2972,3787],[7,-2],[4,3],[-1,8],[6,2],[-5,-19],[-5,2],[-6,6]],[[3032,3825],[-5,1],[-4,-3],[-7,0],[-6,-9]],[[3010,3814],[-2,4],[-10,-3],[-3,-7],[-8,-1],[-6,-3],[-5,-5],[-7,0],[-6,-12],[-6,0]],[[2957,3787],[3,10],[-2,6],[10,7],[6,0],[8,8],[4,-4],[7,1],[-2,8],[6,-2],[2,3],[10,1],[0,5],[5,9],[13,-1],[2,5],[8,-2],[-2,-16],[-3,0]],[[2980,3841],[-3,0],[0,15],[4,-2],[-1,-13]],[[2966,3869],[-1,9],[11,0],[-7,-9],[-3,0]],[[2981,3895],[2,0]],[[2983,3895],[0,-7],[-3,-5],[-4,2],[0,8],[5,2]],[[2984,3899],[-1,-4]],[[2983,3895],[-2,0]],[[2981,3895],[3,4]],[[2981,3961],[-1,-6],[-8,4],[-15,-3],[1,5],[16,1],[7,-1]],[[2946,3976],[1,3],[7,2],[5,-11],[5,4],[2,-3],[-11,-5],[-3,3],[-1,7],[-5,0]],[[2968,3982],[-5,1],[-1,5],[10,2],[2,-8],[-6,0]],[[2946,4006],[11,1],[4,-4],[1,-8],[-3,-4],[-7,-1],[-3,3],[-1,8],[-2,5]],[[2964,4032],[3,-4],[-2,-10],[-9,-3],[0,6],[3,13],[5,-2]],[[2940,4043],[-1,1]],[[2939,4044],[1,-1]],[[2967,4060],[0,-4],[-11,-3],[0,8],[11,-1]],[[2982,4064],[1,-1]],[[2983,4063],[-1,1]],[[2933,4335],[4,4],[7,-2]],[[2944,4337],[-4,-2],[-7,0]],[[2933,4388],[0,10],[4,4],[7,0],[1,-15],[-4,-2],[-8,3]],[[2929,4433],[2,-7],[-5,-2],[-1,6],[4,3]],[[2904,4760],[-1,5],[5,3],[1,7],[4,0],[-5,-12],[-4,-3]],[[2875,4850],[3,4],[-2,7],[7,1],[1,-8],[-9,-4]],[[2883,4875],[-3,-7],[-3,-2],[-9,-1],[-2,8],[6,8],[8,1],[3,-7]],[[2893,4947],[1,10],[8,4],[-2,-15],[-7,1]],[[2889,5011],[6,6],[10,-7],[4,-6],[0,-7],[-2,-5],[-8,-3],[-3,6],[-4,-1],[-3,13],[0,4]],[[2713,6819],[3,-17],[-6,-1],[-3,6]],[[2707,6807],[4,-5],[4,1],[-3,10],[1,6]],[[2707,6807],[-2,4],[0,7]],[[2705,6818],[2,-11]],[[2705,6818],[-6,-2]],[[2699,6816],[6,2]],[[2713,6819],[1,4],[6,0]],[[2720,6823],[-5,-1],[-2,-3]],[[2742,6825],[-3,-6],[-12,-1],[-7,5]],[[2720,6823],[2,6],[-6,-1],[-5,6],[1,7],[5,5]],[[2717,6846],[-4,-6],[0,-6],[5,-3],[7,1],[2,-5],[-4,-5],[8,-2],[7,2],[4,3]],[[2724,6856],[-7,-10]],[[2717,6846],[0,2],[7,8]],[[2730,6860],[6,1],[1,-8],[7,-9]],[[2744,6844],[-8,7],[-3,7],[-3,2]],[[2730,6860],[-6,-4]],[[2724,6856],[1,5],[5,-1]],[[2705,6872],[-2,13],[5,0],[5,-4],[1,-6],[-9,-3]],[[2718,6923],[7,0],[-2,-6],[-5,6]],[[2705,7191],[-2,-7],[-5,4],[7,3]],[[2672,7174],[-1,11],[3,10],[7,4],[-4,-13],[-4,-4],[-1,-8]],[[2698,7247],[4,-2],[1,-5],[-5,-1],[0,8]],[[2674,7246],[0,-6],[-6,-1],[-2,9],[8,-2]],[[2698,7247],[-3,2],[-1,10],[5,2],[5,-8],[-6,-6]],[[2686,7284],[3,0]],[[2689,7284],[-3,0]],[[2694,7325],[4,-5],[-2,-12],[-5,1],[1,10],[2,6]],[[2665,7336],[1,1]],[[2666,7337],[5,1],[1,-12],[-7,10]],[[2666,7337],[-1,-1]],[[2665,7336],[-11,0]],[[2654,7336],[-2,4],[12,1],[2,-4]],[[2668,7349],[5,-1],[1,-5],[-5,0],[-1,6]],[[2679,7413],[8,3],[3,3],[7,-1],[0,-18],[3,-9],[-2,-6],[-9,1],[-4,12],[-6,6],[0,9]],[[2686,7498],[3,-8],[-5,-5],[-4,4],[-1,6],[7,3]],[[2642,7518],[3,-1],[1,-8],[-6,1],[2,8]],[[2619,8075],[-4,0],[0,11],[3,2],[1,-13]],[[2606,8129],[3,1],[-1,6],[2,1],[3,9],[2,8],[-3,5],[-5,3],[0,6],[6,-1],[3,-12],[-2,-10],[-5,-10],[1,-6],[-5,-11]],[[2605,8118],[-4,0],[-7,-8],[1,-7],[6,2],[1,-8],[-2,-5],[1,-8],[-6,-11]],[[2595,8073],[-2,10],[5,2],[0,15],[-7,2],[0,8],[5,7],[4,1],[6,11]],[[2591,8181],[-3,5]],[[2588,8186],[3,-5]],[[2588,8186],[-4,-1],[-1,7],[6,1],[-1,-7]],[[2581,8241],[2,9],[8,2],[0,-5],[-10,-6]],[[2609,8280],[-2,-2],[-6,0],[-2,-5],[-6,-1],[4,9],[6,-3],[6,2]],[[2592,8366],[1,7],[7,1],[3,-2],[-4,-7],[7,0],[3,4],[5,-2],[6,5],[7,0],[-4,-10],[-4,-4],[1,-6],[-9,0],[2,8],[-10,3],[-11,-3],[0,6]],[[2593,8449],[1,-4]],[[2594,8445],[-1,4]],[[3201,1789],[1,2]],[[3202,1791],[3,-3]],[[3205,1788],[-4,1]],[[3209,1938],[0,5],[11,1],[1,-8],[-10,0],[-2,2]],[[3180,1941],[3,12],[5,-2],[-2,-12],[-6,2]],[[3210,1957],[1,0]],[[3211,1957],[4,-11],[-7,2],[2,9]],[[3211,1957],[-1,0]],[[3210,1957],[-6,1],[0,9],[11,-1],[2,-3],[8,2],[4,-4],[-4,-7],[-3,6],[-4,-4],[-7,1]],[[3183,1961],[1,-3],[-10,-4],[1,6],[8,1]],[[3183,1961],[-7,2],[1,15],[17,-4],[-2,-5],[1,-8],[-5,2],[-5,-2]],[[3184,2001],[-11,2],[1,10],[6,3],[6,-2],[1,-7],[-3,-6]],[[3180,2076],[3,3]],[[3183,2079],[5,-1]],[[3188,2078],[3,-2],[-2,-7],[4,-2],[-1,-10],[1,-11],[5,0],[0,-7],[-10,0],[-4,-3],[-3,4],[-1,19],[3,5],[-3,12]],[[3188,2078],[-5,1]],[[3183,2079],[-4,1],[0,7],[-2,3],[6,4],[7,-3],[0,-11],[-2,-2]],[[3170,2101],[4,0],[3,-6],[-4,-2],[-3,8]],[[3183,2102],[-9,7],[5,6],[4,-13]],[[3200,2119],[-13,4],[-3,6],[2,4],[11,1],[3,-10],[0,-5]],[[3199,2139],[-10,-3],[0,9],[7,0],[3,-6]],[[3196,2147],[-1,6],[6,0],[0,-5],[-5,-1]],[[3157,2190],[-3,0],[-5,6],[8,1],[0,-7]],[[3173,2203],[6,-1],[3,14],[6,-4],[8,-1],[1,-6],[-5,-12],[-6,1],[-1,-5],[-16,-2],[-3,6],[7,3],[0,7]],[[3173,2203],[-3,-4],[-6,4],[0,8],[9,-4],[0,-4]],[[3174,2218],[0,-2]],[[3174,2216],[0,2]],[[3174,2216],[0,2]],[[3174,2218],[6,3],[0,-6],[-6,1]],[[3134,2246],[7,2],[8,-5],[3,-15],[2,-7],[4,-1],[7,0],[5,-4],[-4,-4],[-10,2],[-6,5],[0,4],[-5,9],[-3,1],[-1,9],[-7,4]],[[3162,2236],[1,-3]],[[3163,2233],[-1,3]],[[3165,2232],[-2,1]],[[3163,2233],[-1,3]],[[3162,2236],[3,-4]],[[3160,2277],[-1,-12],[-4,-2],[-2,8],[-6,0],[-4,5],[5,8],[5,-6],[7,-1]],[[3153,2393],[1,1]],[[3154,2394],[5,-10],[-5,-1],[-1,10]],[[3146,2404],[3,0]],[[3149,2404],[-3,0]],[[3107,3065],[0,9],[9,-1],[2,-6],[-4,-2],[-7,0]],[[3112,3090],[6,-3],[1,-9],[-4,-3],[-10,17],[-1,5],[7,0],[1,-7]],[[3104,3095],[-1,-4],[-8,2],[-1,14],[5,1],[5,-13]],[[3088,3171],[2,-8],[-7,1],[-1,9],[6,-2]],[[3096,3176],[2,-3]],[[3098,3173],[4,0],[0,-6],[-7,5],[1,4]],[[3098,3173],[-2,3]],[[3096,3176],[2,-3]],[[3079,3204],[1,-6]],[[3080,3198],[-2,6]],[[3078,3204],[1,0]],[[3079,3204],[-1,0]],[[3078,3204],[1,0]],[[3097,3482],[-7,0],[-1,3],[-9,-1],[-5,-4],[-3,-8],[-5,-2],[-1,-8],[-9,-3],[-1,6],[-6,1]],[[3050,3466],[-1,1]],[[3049,3467],[5,3],[3,-5],[7,1],[4,10],[-1,8],[6,1],[3,6],[9,-3],[5,1],[7,-7]],[[3061,3554],[1,7],[5,-4],[-6,-3]],[[3034,3793],[1,2]],[[3035,3795],[-1,-2]],[[3008,3799],[-7,3],[9,12]],[[3010,3814],[-2,-15]],[[3056,3824],[-1,-1]],[[3055,3823],[-6,-6],[4,-6],[1,-7],[-8,-7],[-5,7],[1,14],[-2,7],[0,4],[8,0],[1,-3],[7,-2]],[[3005,3924],[-6,-6],[0,10],[6,-4]],[[3024,3945],[-1,-7],[-6,-3],[-3,9],[6,-2],[4,3]],[[3026,3982],[1,0]],[[3027,3982],[4,-5],[4,-1],[0,-14],[-20,-3],[-7,3],[-1,5],[4,4],[11,5],[4,6]],[[3027,3982],[-1,0]],[[3026,3982],[1,14],[3,1],[1,-12],[-4,-3]],[[3032,4090],[2,-7]],[[3034,4083],[2,-10],[-5,-5],[-3,5],[-6,-1],[-2,-5],[-4,1],[-3,-8],[5,-2],[-2,-11],[-10,0],[0,-8],[-14,-10],[-9,-18],[-6,3],[1,6],[4,3],[-2,14],[-13,-3],[1,4],[10,3],[1,7],[9,-3],[9,9],[12,4],[4,14],[5,0],[9,8]],[[3027,4080],[5,10]],[[2983,4063],[-1,1]],[[2982,4064],[3,3]],[[2985,4067],[-2,-4]],[[3019,4100],[-2,-2]],[[3017,4098],[-9,-6],[1,-8],[-4,-5],[-7,-2],[-13,-10]],[[2985,4067],[-1,3],[8,9],[7,1],[5,10],[3,11],[8,1],[2,5],[8,-2],[7,2],[0,-5],[-13,-2]],[[3017,4098],[2,2]],[[3019,4100],[-2,-2]],[[2967,4415],[4,7],[3,-6],[-7,-1]],[[2993,4433],[-5,1],[-1,7],[6,2],[0,-10]],[[2976,4457],[-7,6],[4,4],[8,-7],[-5,-3]],[[2923,4747],[7,1],[-1,-7],[-4,-1],[-2,7]],[[2934,4814],[-1,14],[4,5],[4,0],[5,-5],[-1,-8],[-6,-5],[-5,-1]],[[2838,5803],[-2,14],[6,6],[3,-3],[-2,-13],[-5,-4]],[[2805,6506],[-6,2],[0,7],[5,-1],[1,-8]],[[2742,6825],[-3,13]],[[2739,6838],[3,-4],[0,-9]],[[2744,6844],[6,3]],[[2750,6847],[-6,-3]],[[2777,6849],[-5,8],[5,0],[0,-8]],[[2731,7074],[-1,1]],[[2730,7075],[1,-1]],[[2731,7165],[4,-10],[-15,-3],[-4,12],[14,5],[1,-4]],[[2733,7179],[-6,1],[-2,7],[11,0],[-3,-8]],[[2744,7238],[-3,5],[-1,5],[6,2],[3,-6],[-5,-6]],[[2743,7269],[-5,-5],[-12,0],[-3,3],[-15,5],[-14,-2],[-6,-8],[-13,1],[-1,13],[11,-5],[2,-3],[9,4],[10,12]],[[2706,7284],[-3,5],[7,7]],[[2710,7296],[5,-5],[3,7],[10,1],[8,-1],[-2,-10],[-4,3],[-8,-1],[1,-8],[7,1],[2,-18],[6,4],[5,0]],[[2718,7277],[2,-4],[4,0],[0,8],[-10,4],[-1,-9],[5,1]],[[2717,7315],[-4,1]],[[2713,7316],[1,2],[9,2],[9,-7],[-9,-3],[-2,-5],[-5,-3],[0,-6],[-6,0]],[[2710,7296],[-1,5],[10,5],[-2,9]],[[2713,7316],[4,-1]],[[2717,7315],[-4,1]],[[2731,7332],[-5,-3],[-2,9],[4,3],[-2,6],[6,2],[0,-8],[-1,-9]],[[2723,7327],[-5,3],[-7,-1],[1,7],[-13,-1],[-5,4],[6,4],[0,8],[8,2],[1,-10],[2,-4],[11,-3],[1,-9]],[[2704,7361],[6,4],[-2,-9],[-4,5]],[[2715,7377],[-1,16],[3,-2],[2,-8],[-4,-6]],[[2693,7481],[1,1]],[[2694,7482],[-1,-1]],[[2694,7482],[-1,-1]],[[2693,7481],[4,11],[13,3],[4,-12],[-7,-3],[-6,0],[-1,5],[-6,-3]],[[2716,7498],[3,2],[0,9],[9,3],[2,-11],[-5,-4],[-9,1]],[[2716,7528],[4,1],[2,-11],[-7,5],[1,5]],[[2717,7544],[2,6]],[[2719,7550],[-2,-6]],[[2699,7546],[-1,-1]],[[2698,7545],[1,1]],[[2674,7734],[-3,6],[8,2],[0,-8],[-5,0]],[[2696,7852],[-5,0],[-2,10],[6,6],[2,-7],[-1,-9]],[[2688,7903],[1,9],[4,0],[0,-10],[-5,1]],[[2676,7902],[-6,-1],[1,12],[5,-2],[0,-9]],[[2672,8051],[3,-4]],[[2675,8047],[-3,4]],[[2672,8051],[-6,-2],[-5,3],[-3,9],[0,9],[-5,7],[4,6],[6,2],[5,-4],[0,-10],[3,-2],[-5,-18],[6,0]],[[2636,8119],[-3,-1],[-5,4],[3,9],[6,0]],[[2637,8131],[-5,-2],[-2,-8],[6,-2]],[[2621,8241],[-6,5],[3,3],[1,8],[8,-1],[-2,-9],[-4,-6]],[[2632,8371],[0,10],[5,3],[7,-3],[-6,-10],[-6,0]],[[2628,8391],[-5,-2],[1,11],[4,4],[5,0],[0,-10],[-5,-3]],[[2607,8450],[5,10],[7,0],[0,-3],[-12,-7]],[[2631,8502],[11,6],[-4,-11],[-6,2],[-1,3]],[[3235,1936],[-4,5],[3,5],[-1,7],[7,-4],[3,-9],[-8,-4]],[[3227,1941],[-4,4],[1,5],[6,0],[-3,-9]],[[3257,2000],[0,-5],[-7,-2],[-8,8],[8,4],[7,-5]],[[3213,2074],[2,5],[-1,11],[14,-2],[-1,-7],[5,-10],[-4,-11],[-3,-24],[0,-8],[9,-5],[12,1],[13,-2],[-8,-6],[-1,-8],[-11,-1],[-9,3],[1,6],[-2,8],[-10,-2],[-15,9],[-2,7],[6,1],[7,-3],[5,1],[2,3],[-23,1],[2,21],[7,1],[6,-1],[0,-15],[5,2],[-1,6],[4,3],[-1,9],[-11,0],[-1,7],[4,0]],[[3237,2106],[-2,-4],[8,-7],[-2,-6],[9,1],[2,-15],[8,0],[1,-6],[5,1],[0,-6],[4,-1],[1,-11],[-4,-6],[-2,-7],[-4,0],[-8,7],[-4,29],[-4,2],[-17,15],[0,7],[-14,0],[1,6],[10,3],[10,0],[2,-2]],[[3237,2073],[-6,1],[1,7],[5,-1],[0,-7]],[[3205,2091],[8,-2],[-1,-4],[-7,0],[0,6]],[[3243,2131],[3,-5],[-9,0],[-1,6],[7,-1]],[[3209,2131],[-2,4],[-2,14],[3,1],[3,-8],[0,-5],[10,0],[3,-6],[7,1],[5,-13],[0,-7],[-15,-1],[-2,9],[4,1],[0,7],[-14,3]],[[3217,2183],[-3,8]],[[3214,2191],[3,-8]],[[3200,2229],[1,-1]],[[3201,2228],[6,2],[-4,5],[-12,-1],[2,5],[6,0],[10,-2],[0,-7],[-3,-5],[-1,-7],[-6,-1],[-3,3],[-1,6],[5,3]],[[3201,2228],[-1,1]],[[3200,2229],[1,-1]],[[3227,2255],[1,-7],[-7,-6],[0,13],[6,0]],[[3205,2253],[-1,8],[-2,2],[4,9],[4,-3],[1,-7],[-3,-5],[12,-1],[-1,-4],[-14,1]],[[3199,2264],[-8,0],[1,7],[7,0],[0,-7]],[[3216,2291],[-13,-2],[-2,4],[15,-2]],[[3229,2298],[2,-5],[-8,-5],[0,9],[-6,3],[-1,3],[9,1],[4,-6]],[[3227,2324],[-6,-5]],[[3221,2319],[-2,4],[8,1]],[[3168,2763],[0,8],[5,0],[3,-11],[-3,-5],[-7,-1],[2,9]],[[3175,2777],[1,-1]],[[3176,2776],[-1,1]],[[3176,2776],[-1,1]],[[3175,2777],[1,-1]],[[3112,3208],[-3,-3]],[[3109,3205],[3,3]],[[3112,3208],[5,0]],[[3117,3208],[-5,0]],[[3136,3220],[-6,-6]],[[3130,3214],[2,5],[4,1]],[[3112,3449],[-7,2],[2,5],[5,-7]],[[3097,3482],[7,4],[6,19]],[[3110,3505],[3,5],[-13,9],[0,6]],[[3100,3525],[10,11],[10,3],[3,-7]],[[3123,3532],[1,0]],[[3124,3532],[13,0],[6,-6],[-6,-9],[-7,-1],[-6,4],[-7,-5],[-1,-9],[7,-5],[-1,-9],[-5,-3],[-9,4],[-4,-5],[0,-7],[-7,1]],[[3070,3661],[3,6],[4,5],[7,1],[2,-6],[-2,-5],[-9,4],[-5,-5]],[[3055,3823],[1,1]],[[3056,3824],[6,-3],[0,-5],[-7,2],[0,5]],[[3063,3853],[9,4],[6,1],[1,-6],[-4,-6],[-4,0],[-7,-7],[-7,3],[0,-10],[-6,3],[-2,7],[7,5],[8,-2],[-1,8]],[[3065,3862],[-2,-9]],[[3063,3853],[-8,6],[3,12],[7,-9]],[[3065,3862],[3,3],[-2,7],[3,1],[2,-9],[-6,-2]],[[3052,3902],[-4,-4],[-1,11],[5,-7]],[[3049,3926],[0,13],[6,7],[4,9],[5,4],[0,12],[6,2],[1,-3],[0,-12],[-3,-9],[0,-5],[-8,-4],[-11,-14]],[[3049,3984],[1,-6],[-4,-7],[-5,13],[8,0]],[[3096,4119],[-3,-2],[-8,5],[-10,-1],[-5,-11],[-10,-1],[-3,-6],[-5,-5],[13,-1],[3,-4],[10,2]],[[3078,4095],[-1,-7]],[[3077,4088],[-2,3],[-7,-1],[-6,-3],[-10,-1],[-3,9],[-6,-10],[-6,1],[-3,-3]],[[3034,4083],[-2,7]],[[3032,4090],[-5,1],[-1,8],[3,1],[6,-5],[4,0],[9,6],[3,12],[4,-1],[4,7],[5,-4],[5,3],[-1,11],[19,2],[6,-4],[0,-6],[3,-2]],[[3022,4330],[-5,-1]],[[3017,4329],[5,1]],[[3023,4411],[3,-8],[12,1],[2,7],[3,0]],[[3043,4411],[11,-11],[3,-21],[7,4],[0,5],[8,6],[10,-8],[0,-10]],[[3082,4376],[17,4],[2,4],[5,-2],[7,1],[8,-1],[1,-5]],[[3122,4377],[7,-4]],[[3129,4373],[9,3],[2,3],[10,1],[1,-8],[4,1],[5,11],[8,3],[5,-2],[5,6],[-2,9],[14,0],[3,4],[9,1],[14,-10],[-1,3],[7,0]],[[3222,4398],[4,-2],[-1,14],[4,0],[2,-6]],[[3231,4404],[1,-11]],[[3232,4393],[-1,-1]],[[3231,4392],[-5,-3]],[[3226,4389],[-14,-3],[-3,4],[-5,-1],[0,7],[-3,2]],[[3201,4398],[-5,-3],[-1,-9],[-8,2],[-9,0],[1,-10],[-8,-1],[-1,-2]],[[3170,4375],[-4,-4],[1,-6],[-4,-2],[-5,7],[-7,-1],[-5,-3],[-5,2],[-1,4],[-9,-3],[-2,-7],[-8,1]],[[3121,4363],[-2,9],[-3,-2],[-20,-4],[-8,0],[1,-4],[-7,-1],[-4,5],[-19,0]],[[3059,4366],[-1,1]],[[3058,4367],[2,6],[7,-1],[2,-4],[4,0],[-1,14],[-7,0],[-5,-5],[-6,1],[0,9],[-2,10],[-13,6],[-4,-10],[-6,2],[-1,5],[-14,-1],[-12,-1],[-9,-2],[-5,-5],[-1,-12],[-2,-3],[-5,-1],[-6,-7],[-3,-1],[-2,9],[-5,-4],[1,-8],[-8,-2],[0,-11],[-11,1],[-2,-4],[-5,2],[-6,-3],[1,-5],[-3,-4],[-4,0],[-3,3]],[[2924,4341],[0,-6],[4,2],[5,-2]],[[2933,4335],[3,-7],[6,1],[2,8]],[[2944,4337],[2,-5],[-8,-7]],[[2938,4325],[-5,0],[-2,-4],[-8,0],[-6,5],[-4,-8],[-9,-1],[-1,4],[3,5],[7,-1],[0,7],[-11,-3],[0,-3],[-7,0],[-2,7],[-25,-3],[-2,4],[-16,-4],[-15,0],[-16,-3],[-2,-4]],[[2817,4323],[2,6],[14,3],[4,3],[7,1],[1,3],[8,3],[-1,5],[8,8],[13,-1],[-1,-5],[11,0],[-3,7],[-5,-1],[2,10],[10,-4],[3,-4],[12,-3],[3,2],[5,-5],[3,5],[6,1],[7,4],[9,1],[3,-3],[6,6],[6,3],[8,1],[4,-2],[-1,9],[-7,0],[-3,2],[-4,-5],[-6,-2],[-10,0]],[[2931,4371],[-4,-4],[-5,-1]],[[2922,4366],[5,4],[-1,7],[8,1],[3,-3],[10,0],[0,7],[7,-3],[6,1],[6,5],[2,-3],[11,3],[2,8],[5,5],[6,1],[0,9],[14,0],[3,6],[8,0],[5,4],[1,-7]],[[3222,4398],[-5,-2],[0,-5],[5,-1],[0,8]],[[2921,4350],[-5,-2],[1,-4],[-7,-3],[-3,3],[-11,0],[-1,2],[-14,-1],[4,-12],[10,1],[8,3],[5,-2],[7,-1],[7,3],[2,4]],[[2924,4341],[1,8],[6,-1],[1,7],[-8,-2],[-3,-3]],[[2855,4334],[10,4],[9,-1],[0,5],[-16,1],[-5,3],[-2,-12],[4,0]],[[3011,4447],[-2,4],[9,2],[-1,-5],[-6,-1]],[[2973,4690],[8,0]],[[2981,4690],[2,-5],[9,1],[0,-6],[-7,3],[-10,0],[-2,7]],[[2973,4690],[1,7]],[[2974,4697],[-1,-7]],[[2993,4787],[-4,0],[-3,3],[-1,8],[-4,-4],[-1,-12],[2,-16],[-6,-3],[2,-11],[4,-2],[-3,-11],[-3,-5],[-8,-1],[-4,6],[-7,-1],[-5,13],[4,2],[3,7],[-2,12],[2,8],[8,5],[7,11],[0,11],[-3,7],[5,17],[7,1],[10,-11],[-4,-9],[7,-8],[-2,-10],[-7,1],[2,-7],[4,-1]],[[2965,4877],[-6,4],[-5,5],[0,6],[-1,22],[2,5],[0,6],[4,10],[10,1],[9,-3],[10,1],[2,5],[-9,11],[8,14],[6,0],[7,-11],[5,-5],[7,-2],[2,-17],[-5,-4],[-7,-1],[-5,-5],[1,-6],[-2,-8],[-10,0],[0,-11],[-4,6],[3,11],[-7,-2],[1,-12],[2,-4],[0,-8],[-3,-9],[-4,-3],[2,-7],[-1,-5],[-6,-1],[-5,4],[-1,13]],[[2884,5835],[-6,-3],[1,8],[5,-5]],[[2888,5847],[-4,8],[6,0],[1,-7],[-3,-1]],[[2902,5865],[3,-6],[-2,-3],[-6,0],[0,6],[5,3]],[[2780,6900],[2,7]],[[2782,6907],[-2,-7]],[[2815,6910],[1,-2]],[[2816,6908],[1,-1]],[[2817,6907],[-2,3]],[[2761,7258],[4,4],[7,-1],[1,-4],[-10,-3],[-2,4]],[[2747,7288],[2,8],[5,-8],[-7,0]],[[2749,7328],[3,-1],[0,-7],[6,-5],[-4,-11],[-7,-2],[0,11],[3,7],[-3,2],[2,6]],[[2729,7551],[6,1],[1,-8],[-6,-3],[-5,5],[4,5]],[[2738,7605],[-8,2],[-1,5],[8,7],[4,0]],[[2741,7619],[-7,-5],[1,-7],[3,-2]],[[2746,7609],[0,5],[-5,5]],[[2741,7619],[8,6],[4,0],[3,-5],[-4,-6],[-6,-5]],[[2744,7634],[5,2],[0,-6],[-5,-3],[0,7]],[[2731,7849],[-3,5],[5,2],[3,-4],[-5,-3]],[[2653,8393],[-3,4],[7,3],[1,-3],[-5,-4]],[[2640,8832],[7,-1],[-1,-6],[-6,4],[0,3]],[[3305,1784],[-1,4],[-4,7],[-8,1],[-1,6],[5,3],[0,5],[10,-1],[1,-5],[14,-1],[5,-2],[0,-8],[7,-3],[0,-3],[-6,-5],[-8,6],[-7,-2],[-3,3],[-4,-5]],[[3298,1886],[9,-1],[1,-4],[-7,-7]],[[3301,1874],[-6,3],[3,9]],[[3273,1928],[3,6],[7,-2],[-2,-5],[-8,1]],[[3279,1992],[5,1],[1,-7],[-7,1],[1,5]],[[3257,2000],[13,1],[0,-4],[-12,-2],[-1,5]],[[3276,2013],[7,2],[2,-7],[-9,0],[0,5]],[[3256,2031],[6,2],[1,-4],[5,-1],[1,13],[6,2],[3,-6],[1,-9],[-7,-8],[-9,-2],[-2,10],[-5,3]],[[3281,2080],[-6,1],[0,7],[9,-1],[-3,-7]],[[3263,2099],[0,-10],[6,-4],[1,-5],[-5,-2],[-10,14],[2,6],[6,1]],[[3263,2099],[4,2],[9,0],[-3,-5],[-10,3]],[[3249,2100],[-4,1],[-2,15],[6,1],[1,-8],[-1,-9]],[[3256,2119],[4,0],[1,-10],[-6,-1],[-1,6],[2,5]],[[3214,2191],[-5,6],[-1,11],[-3,8],[3,3],[17,-2],[6,-7],[1,-8],[-4,-5],[14,-2],[-1,7],[-5,0],[-2,3],[15,0],[5,-4],[1,-4],[-4,-5],[9,-2],[1,10],[5,4],[16,-3],[5,1],[6,-3],[7,1],[6,-3],[6,-5],[2,-6],[-7,-3]],[[3307,2183],[3,-4],[0,-9],[5,0],[8,2],[13,-1],[-3,-17],[-8,8],[-6,2],[-14,1],[-9,-1],[-6,3],[0,5],[-7,2]],[[3283,2174],[-4,1],[-6,5],[-4,0]],[[3269,2180],[-6,1],[-7,-3],[0,-8],[-7,-1],[-4,14],[-7,1],[-9,-2],[-4,-5],[-8,1],[0,5]],[[3217,2183],[5,1],[2,10],[-6,2],[-4,-5]],[[3294,2193],[-1,-7],[7,3],[-6,4]],[[3252,2206],[1,8],[4,-2],[0,-7],[-5,1]],[[3258,2222],[0,-4],[-6,-3],[-1,7],[7,0]],[[3247,2217],[-7,-6],[-1,5],[-6,2],[-1,5],[13,2],[2,-8]],[[3261,2252],[1,0]],[[3262,2252],[-1,0]],[[3262,2252],[-1,0]],[[3261,2252],[-2,2],[-7,-2],[-1,-7],[-11,-1],[2,8],[-15,3]],[[3227,2255],[-1,3]],[[3226,2258],[4,0],[3,7]],[[3233,2265],[1,7],[5,0],[5,5],[19,1],[1,-6],[5,1],[-1,-8],[-9,-2],[4,-5],[-1,-6]],[[3233,2265],[12,-9],[3,5],[-3,3],[-12,1]],[[3242,2328],[9,0],[1,-3],[-6,-5],[-4,8]],[[3229,2330],[-5,4],[5,7],[8,2],[1,-8],[-8,0],[-1,-5]],[[3212,2357],[3,10],[6,1],[3,-5],[8,-2],[-1,-6],[-11,-3],[-4,6],[-4,-1]],[[3235,2401],[8,-6],[-3,-3],[-7,3],[2,6]],[[3227,2464],[-6,-5],[-1,8],[5,3],[2,-6]],[[3201,2762],[1,-9],[4,-6],[-5,-2],[0,17]],[[3187,2768],[6,3],[3,-4],[-2,-6],[-6,1],[-1,6]],[[3171,3227],[-3,-2]],[[3168,3225],[3,2]],[[3151,3415],[4,0],[2,-6],[-5,-3],[0,-15],[-3,-1],[-1,11],[-5,10],[5,1],[3,3]],[[3133,3418],[0,-6],[-6,0],[0,7],[6,-1]],[[3131,3456],[-11,8],[3,6],[4,-10],[4,-4]],[[3133,3494],[-5,7],[6,1],[-1,-8]],[[3124,3532],[-1,0]],[[3123,3532],[1,0]],[[3035,3795],[13,-5],[1,-11],[9,0],[1,4],[8,4],[12,0]],[[3079,3787],[-5,-8],[3,-7],[-14,-2],[-6,-1],[-6,-10],[-7,-4],[-4,3],[1,8],[8,2],[2,4],[-9,1],[-1,-4],[-6,-6],[0,-7],[-3,-5],[1,-12],[-4,-7],[-5,-2],[1,-7],[-6,-5],[2,-5],[10,0],[4,5],[5,-6],[3,-5],[4,3],[8,4],[11,1],[9,19],[6,-6],[13,3],[1,-2]],[[3095,3729],[5,4],[7,-5],[5,-2],[6,2],[1,3],[8,-3],[2,5],[6,0],[7,4],[9,2],[5,-3],[6,0],[18,-15],[5,-1],[6,13],[2,7],[16,3],[2,-6],[7,2],[17,-5],[6,-5],[0,-10],[4,-5],[2,-10],[4,2],[-1,7],[6,7],[13,0],[7,1],[1,13],[6,10],[6,0],[10,-11],[-2,-5],[-11,-9],[-7,-1],[-4,-2],[0,-10],[8,-6],[6,-3],[2,-8],[7,-1],[13,3],[8,-6],[8,-8],[6,7]],[[3333,3684],[2,0]],[[3335,3684],[3,-8],[-3,-5],[-13,0],[-3,7],[-9,3],[-4,0],[-2,-11],[-5,1],[-3,4],[-5,-1],[-16,18],[-1,8],[-5,7],[-2,5],[-5,0],[-16,-15],[-22,-2],[-5,0],[-2,-14],[-12,-5],[-7,7],[-12,0],[-10,-2],[-2,3]],[[3174,3684],[8,1],[4,5],[-2,9],[-7,-1],[-2,-6],[-6,3],[-5,-4],[1,-7]],[[3165,3684],[-2,-2]],[[3163,3682],[-8,1],[-7,8],[1,-13],[-11,-1],[-2,11],[-9,7],[-6,-1],[-1,-3],[-10,-4],[-3,-7],[-13,3],[-8,-2],[-9,0],[-1,-4],[-19,-4],[-3,-4],[-11,2],[-7,-4],[-16,-3]],[[3020,3664],[-6,-6],[-3,1],[0,9]],[[3011,3668],[-6,-3],[1,-5],[-9,-7],[-1,5],[4,3],[-3,5],[-4,0],[-3,4],[-4,2],[-5,0],[-7,-12],[-6,0],[-13,2],[-2,-4],[-6,-1],[-5,7],[1,7],[15,0],[7,9],[11,2],[3,5],[-3,7],[8,1],[2,3],[9,-4],[-2,10],[6,3],[3,-9],[8,3],[7,10],[-2,13],[2,4],[-3,4],[-1,9],[1,5],[-4,10],[-3,-4],[-7,2],[-6,-16],[-3,-6],[6,-4]],[[2997,3728],[-5,0],[-3,3],[-1,5],[4,8],[4,1],[-1,8],[5,4],[0,9],[7,7],[4,1],[2,5],[5,0],[2,-4]],[[3020,3775],[3,-6]],[[3023,3769],[5,7],[3,6],[7,1],[1,9],[-5,1]],[[3034,3793],[1,2]],[[3070,3705],[5,3],[2,-8],[7,-5],[3,1],[17,-1],[11,3],[1,5],[17,0],[0,-6],[4,-3],[11,1],[8,5],[5,-1],[6,6],[11,5],[1,6],[-8,6],[-4,0],[-8,8],[-8,3],[-20,-3],[-2,-5],[-10,-1],[-8,-4],[-2,4],[-10,0],[-4,5]],[[3095,3729],[-1,-3],[-13,-1],[-6,3],[-3,-11],[-6,-4],[4,-8]],[[3070,3705],[-10,3],[-9,-1],[-3,-6],[-7,2],[-5,5],[-6,-1],[-7,3],[-5,-3],[3,-6],[-7,-1],[1,-6],[5,-1],[5,-4],[-1,-8],[4,-3],[4,3],[10,1],[2,3],[7,0],[14,-3],[-1,-4],[9,0],[6,14],[-6,13],[-3,0]],[[3189,3689],[5,0],[7,-4],[6,3],[1,8],[9,2],[2,5],[-1,11],[-8,2],[2,11],[-4,8],[-6,-3],[-5,-6],[-1,-6],[1,-15],[-8,-10],[0,-6]],[[3011,3668],[7,7],[3,15],[-11,3],[-13,1],[1,-9],[-9,-3],[-5,-9],[7,-3],[2,-2],[7,1],[3,5],[4,-1],[4,-5]],[[3016,3758],[4,0]],[[3020,3758],[-4,0]],[[3023,3764],[1,-6],[5,0],[-2,6],[-4,0]],[[3231,3709],[0,8],[-3,5],[-6,-10],[8,1],[1,-4]],[[3231,3709],[-6,1],[0,-7],[8,-2],[-2,8]],[[3079,3918],[5,8],[3,8]],[[3087,3934],[1,-6],[-1,-6],[-8,-4]],[[3090,3938],[0,-1]],[[3090,3937],[-3,-3]],[[3087,3934],[3,4]],[[3094,3957],[3,1]],[[3097,3958],[3,-5],[-7,-7],[3,-6],[-6,-3]],[[3090,3937],[0,1]],[[3090,3938],[0,7]],[[3090,3945],[-1,14],[5,-2]],[[3097,3958],[-3,-1]],[[3094,3957],[1,10],[6,-4],[-4,-5]],[[3073,4033],[0,-3]],[[3073,4030],[0,3]],[[3073,4030],[0,3]],[[3073,4033],[2,4],[10,-1],[-4,-5],[-8,-1]],[[3077,4088],[5,-2]],[[3082,4086],[15,3],[6,-2],[6,-8]],[[3109,4079],[-11,8],[-4,-1],[-10,-6],[-7,8]],[[3062,4286],[-5,-2],[-1,6],[12,1],[1,-8],[-7,3]],[[3059,4362],[3,-7],[-6,1],[-6,-7],[-6,3],[15,6],[0,4]],[[3059,4362],[-1,5]],[[3058,4367],[1,-1]],[[3059,4366],[0,-4]],[[3063,4419],[4,2]],[[3067,4421],[-4,-2]],[[3043,4411],[0,8],[6,3]],[[3049,4422],[10,0]],[[3059,4422],[4,-3]],[[3063,4419],[-15,-4],[-5,-4]],[[3050,4494],[-4,2],[0,6],[6,1],[1,-6],[-3,-3]],[[3045,4659],[-4,-3],[-5,5],[1,5],[9,-3],[-1,-4]],[[3028,4704],[1,4],[5,3],[1,-9],[-7,2]],[[3039,4725],[6,1],[2,-5],[-8,-4],[0,8]],[[3018,4735],[-8,-3],[-5,7],[5,10],[6,-1],[3,-4],[-1,-9]],[[3036,4742],[-4,11],[-8,-2],[-4,3],[-7,0],[0,4],[7,1],[2,-6],[12,1],[2,-12]],[[3012,4842],[-3,-7],[1,-4],[-4,-8],[-3,0],[0,12],[3,5],[6,2]],[[3012,4842],[0,9],[4,0],[1,-7],[-5,-2]],[[2989,4881],[8,-1],[0,-5],[4,-3],[0,-6],[8,-4],[-2,-11],[-5,3],[-4,15],[-3,0],[-2,11],[-4,1]],[[3022,4956],[1,-1]],[[3023,4955],[2,-5]],[[3025,4950],[-3,6]],[[2825,6913],[-8,-6]],[[2817,6907],[-1,1]],[[2816,6908],[-1,2]],[[2815,6910],[6,2],[-1,10],[8,1],[0,-7],[-3,-3]],[[2825,6962],[0,5]],[[2825,6967],[5,5]],[[2830,6972],[2,-13],[-7,3]],[[2825,6962],[0,5]],[[2825,6967],[0,-5]],[[2836,6983],[-4,-3],[-2,-8]],[[2830,6972],[1,9],[5,2]],[[2815,7220],[3,1]],[[2818,7221],[1,-7],[12,4],[1,-7],[-9,0],[-1,3],[-10,-2],[0,5],[3,3]],[[2818,7221],[-3,-1]],[[2815,7220],[3,1]],[[2797,7277],[-2,-7],[-10,-2],[4,7],[8,2]],[[2801,7278],[1,0]],[[2802,7278],[1,1]],[[2803,7279],[-6,-2]],[[2797,7277],[4,1]],[[2803,7279],[-1,-1]],[[2802,7278],[-1,0]],[[2801,7278],[2,1]],[[2786,7619],[0,9],[6,-1],[-2,-6],[-4,-2]],[[2767,7658],[-5,2],[1,9],[7,3],[-4,-9],[1,-5]],[[2754,7800],[-4,6],[3,5],[4,3],[3,-5],[1,-16],[-7,2],[0,5]],[[2752,7839],[-1,7],[-6,-1],[4,9],[4,0],[5,-19],[-6,4]],[[2723,8187],[2,-9],[4,-2],[0,-10],[-6,4],[-1,5],[0,15],[4,4],[2,-6],[-5,-1]],[[2730,8196],[2,2]],[[2732,8198],[-2,-2]],[[2710,8255],[7,-1],[5,8],[9,10],[8,0],[5,15],[4,5]],[[2748,8292],[4,-10]],[[2752,8282],[-2,7],[5,3],[5,-3],[3,-8],[-1,-8],[-2,-6],[-6,-2],[-1,7],[-4,-1],[0,-8],[-9,-3],[-2,-3],[-11,1],[-5,-11],[2,-5],[5,1],[-1,-9],[4,-6],[1,-10],[-2,-5],[1,-10],[-3,-3],[0,14]],[[2729,8214],[1,7],[-3,4],[0,11],[-3,3],[-6,0],[0,-3],[-7,-1],[1,6],[0,12],[-2,2]],[[2720,8213],[8,4],[1,-3]],[[2729,8214],[-9,-1]],[[2687,8821],[-8,-3]],[[2679,8818],[2,3],[-3,11],[-7,1],[0,15],[4,2],[3,-4],[3,-8],[1,-16],[5,-1]],[[2632,9063],[1,2]],[[2633,9065],[-1,-2]],[[3349,1793],[-5,-1],[-2,4],[4,4],[3,-7]],[[3328,1874],[-2,7],[10,-2],[0,-4],[-8,-1]],[[3327,1962],[9,-2],[-3,-5],[-6,-2],[-5,3],[-1,10],[4,7],[5,-2],[-3,-9]],[[3330,1976],[1,3],[11,-1],[-4,-5],[-8,3]],[[3304,1970],[-2,7],[10,1],[-2,-8],[-6,0]],[[3334,1994],[3,-9],[-10,-2],[0,5],[-8,3],[-3,4],[0,7],[10,-7],[8,-1]],[[3302,1998],[-3,10],[5,2],[1,-12],[-3,0]],[[3311,2039],[-4,6],[2,16],[9,4],[0,-6],[8,1],[0,-10],[-6,-3],[1,-7],[-3,-7],[9,-2],[-11,-6],[-5,14]],[[3328,2079],[-1,0]],[[3327,2079],[-1,10],[-4,1]],[[3322,2090],[9,5],[0,-8],[3,-6],[-6,-2]],[[3305,2096],[4,-3]],[[3309,2093],[-7,-4],[-1,7],[4,0]],[[3298,2141],[-1,-7],[-4,-2],[-6,3],[1,7],[10,-1]],[[3298,2141],[-1,5],[10,0]],[[3307,2146],[-1,-5]],[[3306,2141],[-8,0]],[[3306,2141],[1,5]],[[3307,2146],[6,6],[-4,8],[17,-2],[6,-6],[0,-7],[-8,1],[-2,7],[-5,0],[-4,-13],[0,-5],[-6,0],[-1,6]],[[3288,2163],[-6,3],[-3,8],[4,0]],[[3283,2174],[6,-4],[-1,-7]],[[3314,2217],[0,-6],[-7,-2],[-2,6],[5,4],[4,-2]],[[3288,2212],[-1,-3],[-6,-2],[-6,1],[-5,4],[-1,7],[-5,1],[-1,7],[-4,2],[0,8],[10,-1],[11,-6],[6,-1],[2,-6],[0,-11]],[[3306,2227],[-6,4],[-4,15],[9,-3],[4,-9],[6,1],[3,-5],[-4,-5],[-8,2]],[[3312,2293],[-7,-7]],[[3305,2286],[-6,-1],[-3,4],[5,4],[-2,11],[2,9],[13,-1],[-3,-6],[1,-13]],[[3273,2306],[15,-1],[1,-5],[-5,-1],[-3,6],[-5,-2],[-3,3]],[[3299,2343],[1,7],[3,0],[5,-6],[-9,-1]],[[3299,2343],[-7,0],[0,7],[7,-7]],[[3288,2384],[-2,-2],[1,-9],[-6,-8],[1,-6],[-6,-4],[-1,8],[1,8],[7,7],[-1,6],[6,0]],[[3236,2743],[-3,-2],[-11,0],[2,4],[7,6],[1,5],[13,1],[-1,-12],[-8,-2]],[[3241,2834],[8,3],[-1,-10],[-4,0],[-3,7]],[[3228,2834],[-5,-1],[-3,12],[5,1],[4,-4],[-1,-8]],[[3206,3233],[5,4]],[[3211,3237],[-5,-4]],[[3206,3233],[-2,6],[-7,-1],[-3,3],[-5,-2]],[[3189,3239],[6,3],[3,-3],[7,1],[1,-7]],[[3200,3414],[6,2],[2,-6],[-8,-1],[0,5]],[[3204,3498],[-6,0],[-4,4],[-3,15],[-4,1],[-4,-4],[-6,-1],[-1,8],[2,8],[4,0],[6,-7],[4,-2],[12,-14],[0,-8]],[[3163,3533],[-7,-2],[0,6],[7,-4]],[[3184,3547],[-7,0],[1,9],[6,-9]],[[3149,3652],[1,5],[6,0],[0,-6],[-5,-2],[-2,3]],[[3163,3682],[2,2]],[[3165,3684],[9,0]],[[3174,3684],[-4,-5],[-7,3]],[[3102,3791],[-5,-4],[-6,5],[-4,-10],[-4,-1],[-4,6]],[[3079,3787],[4,7]],[[3083,3794],[6,6],[4,-3],[16,3],[8,6],[7,0],[5,3],[6,-7],[8,6],[-1,7],[8,1],[3,-3],[5,2],[-1,4],[9,2],[1,6],[9,-1],[-4,-6],[-12,-3],[-4,-7],[-7,-2],[-2,-5],[-8,-4],[-10,-1],[-1,4],[-8,-3],[-7,-11],[-7,5],[-4,-2]],[[3150,3971],[-10,-6],[-1,3],[11,3]],[[3149,3975],[-2,9],[7,-2],[-5,-7]],[[3133,4023],[1,2]],[[3134,4025],[-1,-2]],[[3133,4023],[1,2]],[[3134,4025],[-1,-2]],[[3130,4040],[1,-1]],[[3131,4039],[-1,1]],[[3113,4034],[-5,5],[7,2],[-2,-7]],[[3131,4039],[-1,1]],[[3130,4040],[1,-1]],[[3117,4054],[9,2],[-2,-7],[-7,5]],[[3109,4079],[9,-2],[11,9]],[[3129,4086],[0,-11],[-15,-7],[-9,-1],[0,4],[7,1],[-3,7]],[[3129,4086],[5,1],[4,5],[5,1],[6,-7],[-20,0]],[[3104,4150],[-3,-4],[4,-17],[-6,1],[1,6],[-4,3],[0,14],[8,-3]],[[3110,4161],[2,-2]],[[3112,4159],[-8,-9]],[[3104,4150],[6,11]],[[3112,4159],[-2,2]],[[3110,4161],[2,-2]],[[3121,4183],[-1,6],[5,3],[-1,-9],[-3,0]],[[3087,4428],[4,0]],[[3091,4428],[2,3]],[[3093,4431],[0,-11],[-6,8]],[[3067,4421],[9,2],[8,6]],[[3084,4429],[0,-5],[-9,-3],[-8,0]],[[3087,4428],[-3,1]],[[3084,4429],[3,-1]],[[3093,4431],[-2,-3]],[[3091,4428],[-1,2],[5,13],[18,7],[-7,-8],[-8,-1],[-5,-10]],[[3064,4520],[6,4],[2,-3],[0,-9],[-7,-1],[-1,9]],[[3036,4742],[1,-2],[12,1],[5,6],[-1,8],[3,2],[9,2],[6,-6],[0,-7],[-7,-8],[-6,-1],[-7,2],[-15,0],[0,3]],[[3084,4760],[0,-3],[-10,-2],[-2,2],[2,7],[5,-7],[5,3]],[[3084,4780],[1,-4],[-8,-2],[1,8],[6,-2]],[[3055,4772],[-2,9],[7,1],[-1,-11],[-4,1]],[[3057,4813],[9,2],[1,-8],[-10,-2],[0,8]],[[3032,4873],[4,0],[1,-8],[-5,-2],[0,10]],[[3044,4895],[2,-4],[0,-10],[-7,-1],[-3,19],[-4,5],[7,12],[5,-1],[1,-14],[-1,-6]],[[3050,4930],[-3,2],[1,6],[8,1],[2,-5],[-8,-4]],[[3025,4950],[-2,5]],[[3023,4955],[-1,1]],[[3022,4956],[5,19],[6,7],[5,0],[1,-5],[7,-3],[3,-10],[-6,0],[2,-12],[-3,0],[-5,-7],[-2,3],[-7,0],[-3,2]],[[3002,5310],[4,4],[4,-5],[-4,-6],[-4,7]],[[2966,5874],[-4,7],[4,5],[4,0],[3,-11],[-7,-1]],[[2959,5907],[8,4],[1,-9],[-7,1],[-2,4]],[[2844,7013],[2,6],[4,-2]],[[2850,7017],[0,-6],[-6,2]],[[2856,7032],[6,-2]],[[2862,7030],[-4,-2],[-2,4]],[[2797,7598],[-4,-4],[-4,2],[0,6],[7,2],[1,-6]],[[2826,7599],[-4,2],[-3,5],[0,8],[6,-1],[1,-14]],[[2820,7727],[-1,9],[5,0],[-4,-9]],[[2779,7765],[6,5],[1,-9],[-6,-2],[-1,6]],[[2765,8152],[-4,-8]],[[2761,8144],[4,8]],[[2765,8152],[2,22],[5,8],[0,7],[4,1]],[[2776,8190],[-2,-10],[-2,-6],[1,-9],[-5,-3],[-3,-10]],[[2744,8173],[4,5],[7,2],[3,-5],[-6,-3],[-8,1]],[[2785,8178],[-5,-2],[-1,7],[11,6],[0,-6],[-5,-5]],[[2776,8190],[-1,6],[-7,5],[-8,0],[4,9],[6,1],[11,16],[-2,15],[9,4],[-1,17],[4,0]],[[2791,8263],[3,-2]],[[2794,8261],[-4,-5],[0,-15],[-2,-8],[-5,-2],[2,-6],[-4,-4],[4,-8],[0,-5]],[[2785,8208],[-4,-2],[0,-6],[-5,-10]],[[2743,8226],[0,5],[8,3],[1,-14],[-8,-2],[-1,8]],[[2740,8303],[-1,6],[4,4],[1,-8],[-4,-2]],[[2708,8852],[-1,-5],[-5,-4],[-1,10],[7,-1]],[[2721,8879],[-8,-3],[-1,5],[16,7],[0,-7],[-7,-2]],[[2705,9038],[-11,-2],[2,4],[8,1],[1,-3]],[[3406,1778],[-6,-7]],[[3400,1771],[0,-2]],[[3400,1769],[-3,-5],[-7,0],[-7,5],[-1,7],[-10,1],[-2,12],[-6,-1],[-2,9],[4,4],[9,0],[1,-5],[14,-4],[9,-6],[4,0],[3,-8]],[[3391,1839],[0,1]],[[3391,1840],[0,-1]],[[3391,1840],[0,-1]],[[3391,1839],[0,1]],[[3377,1863],[-8,0],[1,7],[11,-1],[1,-6],[-5,0]],[[3372,2056],[7,-1],[-1,-5],[-12,1],[-1,-5],[2,-5],[13,-4],[0,-8],[-7,-1],[0,-4],[12,-1],[0,-8],[4,-1],[-2,12],[6,1],[4,-6],[6,-3],[-3,-11],[9,0],[2,-10],[6,0],[0,13],[6,-2],[0,-16],[-5,-4],[-5,-13],[-7,0],[0,6],[-6,3]],[[3400,1984],[2,5],[-5,3],[5,8],[-12,3],[0,-4],[-12,-3],[-6,-4],[-3,8],[-13,0],[-11,7],[-5,5],[16,-1],[-1,7],[1,10],[-3,2],[0,12],[-7,1],[-3,-9],[-4,1],[0,21],[9,1],[7,-4],[17,3]],[[3380,2007],[-9,1],[0,-7],[8,-1],[1,7]],[[3349,2020],[-9,0],[-2,9],[12,-1],[-1,-8]],[[3357,2074],[4,-9],[-13,-3],[-5,3],[-1,5],[6,5],[4,-5],[5,4]],[[3377,2072],[-5,1],[-2,9],[5,1],[8,-1],[1,-12],[-7,2]],[[3357,2074],[-5,9],[-10,1],[-1,8],[-8,2],[-1,8],[-5,-3],[-9,0],[-3,-6],[7,-3]],[[3322,2090],[-2,-5],[1,-5],[6,-1]],[[3327,2079],[1,0]],[[3328,2079],[1,-4],[14,2],[0,-4],[-6,-1],[0,-5],[-16,0],[-4,3],[-4,-4],[-4,3],[-1,4],[8,2],[-4,7],[-3,11]],[[3309,2093],[-4,3]],[[3305,2096],[4,2],[3,10],[-9,-3],[-1,9],[-3,11],[1,2],[11,-3],[21,-1],[4,1],[2,-8],[8,0],[5,4],[3,-4],[0,-8],[-3,-8],[6,1],[5,-9],[-3,-6],[-2,-12]],[[3362,2106],[-4,5],[3,5],[8,-3],[0,-6],[-7,-1]],[[3352,2154],[6,2],[-1,-15],[4,-8],[14,-5],[1,-7],[-4,-2],[-9,7],[-5,1],[0,5],[-6,6],[-13,10],[5,4],[6,-2],[2,4]],[[3351,2128],[-7,1],[-3,13],[9,-4],[1,-10]],[[3381,2139],[-9,11],[0,-9],[2,-6],[-2,-3],[-7,4],[1,7],[-3,11],[4,1],[12,-3],[4,-9],[-2,-4]],[[3350,2169],[2,11],[4,-2],[1,-5],[-5,-7],[-2,3]],[[3352,2187],[-5,-3],[-7,3],[-3,4],[1,8],[7,2],[9,-9],[-2,-5]],[[3326,2219],[-8,-1],[-1,6],[7,0],[2,-5]],[[3348,2242],[-5,-1],[0,10],[9,2],[-1,-10],[-3,-1]],[[3354,2261],[-2,-5],[-9,-3],[-2,3],[0,9],[8,0],[7,5],[3,-9],[-5,0]],[[3334,2266],[-1,-11],[-3,-5],[-11,0],[-4,7],[4,5],[7,0],[-2,7],[7,4],[3,-7]],[[3314,2276],[-7,2],[1,4],[8,1],[4,-2],[1,-13],[-6,0],[-1,8]],[[3344,2296],[2,-14],[-3,-2],[-4,7],[-6,4],[11,5]],[[3344,2307],[3,6],[6,0],[-8,-14],[-1,8]],[[3312,2293],[11,5],[5,8],[-7,2],[-2,4]],[[3319,2312],[4,6],[13,-1],[4,-6],[-6,-5],[-4,0],[-1,-11],[-9,-2],[-8,0]],[[3343,2328],[6,3],[8,1],[7,-6],[-6,-11],[-5,-1],[0,7],[-10,2],[0,5]],[[3309,2466],[-2,5],[9,2],[0,-9],[-4,-3],[-3,5]],[[3291,2914],[5,0]],[[3296,2914],[-5,0]],[[3265,3227],[3,4],[6,1],[7,-5]],[[3281,3227],[1,-6]],[[3282,3221],[-6,-5],[-10,0],[-1,11]],[[3241,3240],[1,0]],[[3242,3240],[-1,0]],[[3241,3240],[-4,4]],[[3237,3244],[5,-4]],[[3242,3240],[-1,0]],[[3237,3244],[-3,4]],[[3234,3248],[3,-4]],[[3234,3248],[-8,0]],[[3226,3248],[8,0]],[[3256,3270],[-2,-6],[-12,0],[-7,2],[-1,12],[29,4],[4,-1],[-2,-11],[-9,0]],[[3240,3298],[2,1]],[[3242,3299],[-2,-1]],[[3214,3334],[3,2],[5,-9],[-6,-7]],[[3216,3320],[0,-5],[6,-5],[6,1]],[[3228,3311],[1,-1]],[[3229,3310],[3,-9],[5,1],[4,21],[1,10],[7,-1],[0,-9],[7,-1],[2,8],[-8,5],[-8,1],[3,5],[4,1],[8,-5],[21,0],[1,-7],[-7,0],[1,-5],[-7,0],[-2,-9],[-6,-6],[-5,4],[-4,-3],[-8,0],[1,-12]],[[3242,3299],[-2,-1]],[[3240,3298],[-1,-6],[-6,0]],[[3233,3292],[-3,-8],[-4,0],[-1,11]],[[3225,3295],[1,8],[-7,0],[0,6],[-10,0],[-1,16],[-5,1],[-5,-9],[-5,3],[-4,-5],[-5,0],[0,11],[4,9],[20,1],[6,-2]],[[3225,3295],[7,-2],[0,7],[-5,0],[-2,-5]],[[3229,3310],[-1,1]],[[3228,3311],[1,-1]],[[3209,3435],[4,4],[6,-2],[1,-3],[-7,-1],[-4,2]],[[3192,3792],[1,-1]],[[3193,3791],[-1,1]],[[3193,3791],[-1,1]],[[3192,3792],[1,-1]],[[3201,3812],[1,-1]],[[3202,3811],[6,-3],[8,5],[0,-10],[-13,-3],[-7,4],[-8,3],[-2,5],[9,9],[6,-9]],[[3202,3811],[-1,1]],[[3201,3812],[1,-1]],[[3190,3837],[-5,1],[1,7],[4,-1],[0,-7]],[[3195,3927],[1,-2]],[[3196,3925],[-1,2]],[[3196,3916],[-2,3],[2,6]],[[3196,3925],[-1,2]],[[3195,3927],[1,-11]],[[3194,4045],[1,18],[4,2],[3,-7],[-3,-5],[1,-8],[-6,0]],[[3162,4108],[2,-5],[8,1]],[[3172,4104],[-11,-2],[1,6]],[[3162,4108],[0,5],[5,1]],[[3167,4114],[-5,-6]],[[3167,4114],[4,5],[8,1],[3,5],[5,-7],[-7,-2],[-8,2],[-5,-4]],[[3159,4127],[1,2]],[[3160,4129],[-1,-2]],[[3160,4129],[-1,-2]],[[3159,4127],[-3,2],[1,7],[9,0],[-6,-7]],[[3136,4158],[7,2],[10,-3]],[[3153,4157],[-2,-5],[-8,-1],[-7,4],[0,3]],[[3187,4179],[-3,0],[-5,-6],[-6,-1],[0,-5],[-4,-6],[-4,-1],[-1,7],[4,2],[1,7],[11,4],[7,-1]],[[3184,4189],[0,3]],[[3184,4192],[0,-3]],[[3184,4192],[0,-3]],[[3184,4189],[0,3]],[[3127,4606],[0,-1]],[[3127,4605],[-4,2]],[[3123,4607],[1,0]],[[3124,4607],[3,-1]],[[3127,4605],[0,1]],[[3127,4606],[-3,1]],[[3124,4607],[0,6],[3,6],[6,-6],[-6,-8]],[[3138,4623],[0,6]],[[3138,4629],[0,-6]],[[3152,4646],[0,-1]],[[3152,4645],[-2,-8],[-5,-7],[-7,-1]],[[3138,4629],[0,8],[4,0],[-2,8],[12,1]],[[3119,4741],[-4,-17],[-10,1],[-2,4],[0,9],[-2,12],[11,10],[3,-17],[4,-2]],[[3123,4795],[-3,1],[-3,11],[7,3],[4,-13],[-5,-2]],[[3088,4800],[-6,4],[7,4],[6,1],[1,-8],[-8,-1]],[[3113,4839],[-2,7],[4,3],[5,-1],[3,-6],[-4,-3],[-6,0]],[[3073,4887],[-1,4],[2,6],[6,0],[-3,-9],[-4,-1]],[[3123,4919],[-2,-6],[-14,-2],[3,4],[-2,7],[4,4],[0,7],[4,0],[2,5],[4,0],[3,-11],[-3,-1],[1,-7]],[[3082,4921],[-3,1],[1,7],[4,1],[-2,-9]],[[2959,6665],[7,8],[5,-3],[-12,-5]],[[2887,7040],[3,-6],[10,1],[-2,-5],[-8,2],[-3,8]],[[2910,7234],[-2,-6]],[[2908,7228],[-11,0],[-1,-4],[-6,-3]],[[2890,7221],[4,10],[6,4],[3,-5],[7,4]],[[2864,7336],[3,-1],[1,-6],[-6,-3],[6,-12],[-13,-2],[-4,14],[-3,0],[-1,9],[6,-1],[11,2]],[[2877,7339],[9,1],[0,-7],[-9,-1],[0,7]],[[2882,7792],[-2,-7],[2,-10],[-7,-13],[8,-2],[4,-4],[0,-9],[-2,-4],[-7,-3],[-3,2],[-10,-1],[-1,7],[-5,7],[-4,3],[-11,0],[-4,8],[7,1],[3,-5],[7,-2],[4,8],[6,1],[5,13],[-1,10],[5,7],[3,15],[0,12],[4,0],[2,-11],[-2,-3],[-1,-20]],[[2788,8198],[-4,1],[1,9]],[[2785,8208],[3,-2],[0,-8]],[[2799,8252],[6,2],[3,-6],[-4,-2],[-5,6]],[[2794,8261],[-3,2]],[[2791,8263],[6,4],[1,7],[5,7]],[[2803,8281],[-5,-16],[-4,-4]],[[2796,8387],[1,10],[6,6]],[[2803,8403],[0,-3]],[[2803,8400],[-3,-5],[1,-7],[-5,-1]],[[2781,8398],[2,6],[5,0],[1,-5],[-8,-1]],[[2803,8400],[0,3]],[[2803,8403],[-8,1],[0,5],[-5,4],[-1,5],[-4,11],[-4,2]],[[2781,8431],[6,1],[2,-3],[6,2],[1,5],[3,4],[3,12],[7,-7]],[[2809,8445],[-1,-1]],[[2808,8444],[-2,-4],[2,-10],[-1,-5],[1,-6],[-6,-4],[1,-7],[3,-4],[-3,-4]],[[2763,8493],[2,-2],[2,-11],[-6,1],[-3,8],[5,4]],[[2784,8606],[0,-9],[-3,-4],[-7,1],[-3,5],[1,5],[12,2]],[[2790,8673],[-1,-3],[1,-10],[-5,-2],[-9,5],[4,6],[-2,10],[7,-1],[5,-5]],[[3454,1760],[7,3],[-2,-8],[-5,5]],[[3441,1757],[9,6],[-2,-9],[-5,-1],[-2,4]],[[3437,1758],[-7,2],[-2,6],[-6,0],[-6,-6],[-5,0],[-5,-4],[-3,9],[-3,-1]],[[3400,1764],[0,5]],[[3400,1769],[0,2]],[[3400,1771],[6,7]],[[3406,1778],[4,0],[2,-7],[10,4],[10,-1],[5,-5],[2,-7],[-2,-4]],[[3448,1829],[-5,-4],[-5,6],[-1,6],[6,3],[5,-11]],[[3441,1932],[0,-5],[-13,-3],[-7,4],[2,7],[8,0],[6,-4],[4,1]],[[3442,1935],[-8,0],[5,6],[3,-6]],[[3417,1941],[6,4],[1,-8],[-7,4]],[[3403,1942],[4,5],[4,-1],[1,-6],[-9,2]],[[3441,1977],[-2,-12],[-6,-1],[1,12],[7,1]],[[3403,1971],[-5,2],[-7,6],[7,3],[7,-5],[-2,-6]],[[3410,2036],[-9,-2],[-1,5],[7,10],[3,-13]],[[3410,2077],[5,2],[6,-8],[-10,-1],[1,-17],[-16,1],[3,31],[5,-2],[0,-9],[6,3]],[[3419,2087],[-1,-4],[-7,-1],[-1,4],[9,1]],[[3386,2090],[2,11],[8,-4],[0,-4],[-10,-3]],[[3434,2107],[-2,-2]],[[3432,2105],[-5,0],[-3,5],[-4,0],[-9,3],[-1,7],[9,0],[1,-3],[10,0],[9,-5],[-5,-5]],[[3397,2117],[-1,6],[4,3],[6,-5],[-3,-5],[-6,1]],[[3419,2134],[-1,6],[9,0],[-2,-6],[-6,0]],[[3395,2132],[-10,2],[-1,6],[5,2],[6,-5],[0,-5]],[[3394,2185],[6,2],[0,-11],[9,-1],[-1,-10],[-9,0],[-1,6],[-5,4],[-3,8],[4,2]],[[3416,2197],[4,4],[1,-13],[-5,-1],[0,10]],[[3413,2211],[7,-5],[0,-4],[-8,0],[1,9]],[[3378,2197],[-3,11],[-6,1],[-9,11],[-1,12],[3,10],[6,-2],[-3,-5],[1,-12],[11,2],[10,-4],[-6,-6],[-5,1],[2,-10],[16,-3],[9,0],[-2,-8],[-4,-1],[-2,5],[-8,-2],[-9,0]],[[3419,2258],[-2,-14],[-7,2],[1,7],[-5,5],[12,3],[1,-3]],[[3390,2273],[-3,-4],[0,-6],[7,5],[8,-7],[3,2]],[[3405,2263],[2,-1]],[[3407,2262],[-5,-8],[-4,2],[-11,0],[-3,4],[0,10],[6,3]],[[3367,2280],[10,-2],[0,4]],[[3377,2282],[4,-1],[-2,-9],[-11,1]],[[3368,2273],[-1,7]],[[3426,2265],[-1,1]],[[3425,2266],[-18,-4]],[[3407,2262],[-2,1]],[[3405,2263],[-2,10]],[[3403,2273],[-8,11]],[[3395,2284],[-5,-11]],[[3390,2273],[-1,6],[-3,5],[-8,1],[-1,-3]],[[3377,2282],[-10,-2]],[[3367,2280],[-10,1],[0,8],[1,4],[8,-7],[2,5],[6,0],[-1,6],[-5,-1]],[[3368,2296],[0,6],[11,1],[0,-8],[4,-5],[8,1],[-2,16],[14,-2],[3,4],[4,-13],[8,-9],[-3,-8],[13,-1],[1,-12],[-3,-1]],[[3407,2331],[-4,4],[8,15],[10,-4],[4,-7],[0,-6],[-5,-2],[-6,12],[-7,-12]],[[3401,2351],[1,0]],[[3402,2351],[1,-4],[-4,-5],[-6,0],[0,7],[8,-1],[0,3]],[[3401,2351],[-4,1],[2,7],[6,-2],[-3,-6]],[[3402,2351],[-1,0]],[[3390,2380],[2,-1]],[[3392,2379],[-2,1]],[[3392,2379],[-2,1]],[[3390,2380],[-7,2],[-5,3],[1,4],[8,2],[11,-8],[-6,-4]],[[3358,2433],[-11,-3],[4,9],[8,0],[3,5],[8,1],[-5,-7],[-5,-1],[-2,-4]],[[3331,2885],[1,3],[6,0],[1,-6],[-7,-1],[-1,4]],[[3297,3190],[0,5],[-8,0],[-1,2],[-11,0],[-5,3],[0,8],[9,1],[13,-2],[12,-4],[1,-8],[6,-12],[-5,-5],[-1,-9],[-11,7],[1,14]],[[3320,3195],[-8,0],[0,6],[8,-1],[0,-5]],[[3338,3207],[-7,1],[-1,5],[-5,-1],[1,-8],[-7,2],[-2,4],[-9,-1],[-2,2],[-7,-1],[0,4]],[[3299,3214],[9,4],[0,-4],[4,-2],[10,0],[0,15]],[[3322,3227],[8,-3]],[[3330,3224],[-6,-4],[5,-4],[9,-2],[0,-7]],[[3282,3221],[5,3],[5,-4],[0,-8],[-2,-3],[-12,2],[4,10]],[[3325,3233],[-3,-6]],[[3322,3227],[-2,7],[-13,0],[-4,5],[0,7],[12,0],[10,-1],[-2,-6],[2,-6]],[[3293,3234],[-11,-2],[-5,2],[-7,11],[-1,6]],[[3269,3251],[10,-16],[14,-1]],[[3292,3241],[-10,0],[-5,2],[0,8],[11,-1],[6,-4],[-2,-5]],[[3325,3257],[11,-4],[-1,-7],[-21,2],[-6,-1],[-2,7],[1,10],[6,5],[7,1],[-1,-7],[6,-6]],[[3286,3273],[1,-20],[-8,-1],[0,13],[1,9],[5,1],[2,9],[-4,5],[3,8],[19,-2],[4,-4],[-2,-21],[0,-4],[-9,1],[0,8],[-5,-3],[-7,1]],[[3314,3275],[-4,-1],[1,13],[9,1],[1,-2],[-1,-12],[-6,1]],[[3270,3289],[1,3],[8,1],[-1,-8],[-5,0],[-3,4]],[[3311,3295],[-8,4],[-10,1],[-8,-1],[0,10],[2,6],[12,-2],[-1,-7],[6,-1],[0,7],[10,0],[1,9],[1,4],[11,-1],[5,3],[16,-2],[0,-9],[-5,-2],[-1,-6],[1,-8],[-2,-3],[-6,0],[-3,-4],[-7,-1],[-14,3]],[[3290,3610],[-7,-3],[1,7],[6,-4]],[[3269,3682],[0,-5],[-6,-2],[-5,4],[-1,5],[12,-2]],[[3256,3695],[-1,-12],[-6,-3],[0,7],[7,8]],[[3261,3737],[-8,-10],[-10,7],[-2,5],[6,8],[6,-6],[8,-4]],[[3267,3769],[5,0],[-11,-19],[-10,0],[0,5],[-8,0],[-1,6],[12,-3],[7,9],[6,2]],[[3229,3772],[-1,-4],[-7,1],[3,13],[4,-7],[6,1],[3,12],[4,-7],[-4,-7],[-8,-2]],[[3233,3865],[1,4],[7,3],[-4,-10],[-4,3]],[[3222,3900],[5,9],[4,0],[-3,10],[8,0],[1,-12],[-8,-4],[-3,-7],[-6,-1],[0,-6],[-4,-4],[-8,1],[-1,5],[5,4],[6,1],[4,4]],[[3215,3971],[2,-7],[-7,0],[-7,5],[6,3],[6,-1]],[[3237,3984],[7,0],[0,-4],[-6,-5],[-1,9]],[[3207,4067],[8,4],[4,-2],[-4,-6],[2,-11],[-5,-1],[-2,14],[-3,2]],[[3214,4084],[5,6],[6,1],[0,-5],[-4,-4],[-7,2]],[[3202,4145],[5,2]],[[3207,4147],[-3,-5],[-11,-4]],[[3193,4138],[0,8],[9,-1]],[[3201,4205],[-6,-7],[-6,-2],[0,6],[12,3]],[[3201,4205],[9,7]],[[3210,4212],[3,0],[1,-8],[-9,-2],[-4,3]],[[3174,4531],[6,0],[0,-6],[-7,-1],[1,7]],[[3161,4598],[1,5],[6,-2],[-1,-7],[-6,4]],[[3149,4604],[7,-1],[-1,-6],[-7,2],[1,5]],[[3191,4635],[-2,5],[-5,-2]],[[3184,4638],[1,8]],[[3185,4646],[5,-1],[2,-6],[-1,-4]],[[3184,4638],[1,8]],[[3185,4646],[-1,-8]],[[3162,4650],[-3,-3]],[[3159,4647],[3,3]],[[3154,4652],[5,-4]],[[3159,4648],[0,-1]],[[3159,4647],[-7,-1]],[[3152,4646],[2,6]],[[3161,4651],[0,1]],[[3161,4652],[8,9],[5,1],[1,-5],[5,1],[3,-14],[-7,5],[-3,0],[-5,5],[-7,-3]],[[3154,4652],[6,0]],[[3160,4652],[1,-1]],[[3161,4651],[1,-1]],[[3162,4650],[-3,-2]],[[3159,4648],[-5,4]],[[3161,4652],[-1,0]],[[3160,4652],[1,0]],[[3176,4668],[11,2],[4,3],[7,-5],[4,0],[0,-9],[3,0],[-5,-13],[-4,0],[-1,8],[-4,9]],[[3191,4663],[2,3],[-14,-1],[-3,3]],[[3156,4679],[5,-7],[-4,-2],[-1,9]],[[3176,4668],[-3,-1],[-6,8],[-5,8],[-7,3],[-1,11],[-3,11],[3,6],[-8,-1],[-10,6],[0,7],[-4,9],[-9,6],[-4,0]],[[3119,4741],[11,-1],[7,-13],[1,-7],[9,1],[3,-4],[8,-5],[-3,-12],[8,-12],[4,0],[4,-8],[5,-4],[-6,-3],[6,-5]],[[3184,4688],[-3,6],[10,-1],[-1,-7],[-6,2]],[[3191,4733],[-8,-3],[-11,-1],[-2,5],[7,8],[18,2],[-4,-11]],[[3187,4761],[0,1]],[[3187,4762],[0,-1]],[[3170,4785],[6,-5],[-4,-5],[-7,3],[2,8],[-8,10],[1,8],[9,1],[-2,-13],[3,-7]],[[3173,4898],[-4,-3],[-9,6],[0,6],[7,0],[6,-9]],[[3068,6042],[-6,6],[1,8],[4,-2],[3,-7],[-2,-5]],[[2938,7057],[-1,9],[0,9],[8,1],[-1,-13],[2,-5],[-9,-8],[1,-7],[-6,-2],[-2,9],[4,1],[4,6]],[[2905,7351],[4,3],[3,-6],[-7,-2],[0,5]],[[2891,7655],[0,13],[5,0],[3,-6],[-4,-7],[-4,0]],[[2913,7768],[1,-1]],[[2914,7767],[6,-8],[-6,-3],[-3,11],[2,1]],[[2908,7787],[3,11],[7,2],[3,-8],[-8,-5],[-5,0]],[[2902,7877],[5,-4],[0,-10],[11,-27],[1,-10],[-4,0],[0,6],[-5,5],[-1,11],[-6,12],[-2,9],[-8,7],[-3,12],[8,6],[1,-12],[3,-5]],[[2828,8312],[-5,-8]],[[2823,8304],[2,8],[3,0]],[[2862,8379],[-1,6]],[[2861,8385],[1,-6]],[[2843,8411],[1,-1]],[[2844,8410],[0,-6],[-3,-4],[2,-6],[-6,-5],[-4,4],[5,9],[5,4],[0,5]],[[2844,8410],[-1,1]],[[2843,8411],[-3,4],[3,7],[4,2],[-3,-14]],[[2808,8444],[1,1]],[[2809,8445],[1,3]],[[2810,8448],[9,-1],[-3,-6],[-7,-1],[-1,4]],[[2827,8452],[-3,0],[-4,7],[2,6],[6,2],[1,-13],[-2,-2]],[[2853,8479],[0,-10]],[[2853,8469],[-6,0],[6,10]],[[2836,8481],[5,-8],[2,-6],[-6,-5],[0,7],[-8,5],[4,7],[3,0]],[[2856,8480],[-1,-1]],[[2855,8479],[-2,0]],[[2853,8479],[3,1]],[[2836,8499],[2,-3],[6,1],[1,-5],[-5,-1],[-10,9],[-2,5],[14,14],[9,-1],[2,5],[9,0],[0,-4],[-8,-2],[1,-7],[-16,-3],[-4,2],[-2,-5],[3,-5]],[[2856,8528],[-7,-5],[0,12],[7,3],[0,-10]],[[2805,8553],[1,2],[9,1]],[[2815,8556],[0,-3],[-10,0]],[[2805,8553],[-2,-1]],[[2803,8552],[-1,1]],[[2802,8553],[3,0]],[[2838,8623],[0,1]],[[2838,8624],[0,-1]],[[2792,8673],[1,0]],[[2793,8673],[-1,0]],[[2793,8880],[0,5],[13,2],[1,-8],[-13,-2],[-1,3]],[[3492,1761],[-5,-2]],[[3487,1759],[5,2]],[[3492,1761],[-5,-2]],[[3487,1759],[-15,0]],[[3472,1759],[-4,-1],[0,7],[5,4],[8,-1],[12,0],[-3,11],[1,4]],[[3491,1783],[3,-22],[-2,0]],[[3500,1799],[5,-9],[-12,0],[-2,3],[-6,0],[-1,7],[-11,11],[2,6],[5,-5],[7,2],[2,-13],[4,-6],[7,4]],[[3469,1855],[-1,-1]],[[3468,1854],[1,1]],[[3468,1854],[1,1]],[[3469,1855],[-4,5],[-4,-1]],[[3461,1859],[-18,18],[6,7],[2,-5],[6,-1],[-1,-7],[6,-2],[10,-10],[11,2],[-4,-6],[-2,-7],[-8,1],[-1,5]],[[3478,1877],[-4,1],[1,12],[4,-3],[-1,-10]],[[3477,1907],[1,-5],[-5,-6],[-4,4],[8,7]],[[3477,1907],[0,3]],[[3477,1910],[3,-3],[9,1],[-3,-7],[-6,1],[-3,5]],[[3464,1918],[-2,9],[2,5],[8,-8],[-1,-9],[-7,3]],[[3476,1959],[5,0],[-2,-8],[-5,-1],[-4,10],[5,7],[1,-8]],[[3460,1979],[3,-4]],[[3463,1975],[-1,-10],[-8,-2],[6,16]],[[3486,1980],[-1,-3],[-9,0],[-1,6],[11,0],[0,-3]],[[3441,1977],[1,8],[7,-4],[-1,-6],[-7,2]],[[3450,1986],[11,2]],[[3461,1988],[-1,-9]],[[3460,1979],[-3,2],[-7,-1],[0,6]],[[3461,1988],[3,12],[4,4],[2,13],[9,0],[0,-8],[-7,0],[0,-5],[-7,-7],[2,-7],[-6,-2]],[[3479,2031],[4,4],[2,-9],[-6,-1],[0,6]],[[3445,2032],[-1,9],[11,1],[0,-10],[-3,-3],[-7,3]],[[3458,2086],[5,-1],[1,-5],[-5,0],[-1,6]],[[3434,2107],[-2,-2]],[[3432,2105],[2,2]],[[3481,2155],[10,1],[2,-6],[-1,-8],[3,-2],[-2,-8],[3,-2],[0,-7],[-6,-1],[-1,8],[-6,11],[-14,5],[-5,-1],[-3,-6],[2,-6],[16,0],[1,-6],[5,-1],[1,-11],[-12,0],[0,5],[-7,6],[-7,-2],[-5,3],[-2,16],[-7,1],[-1,-14],[4,-7]],[[3449,2123],[-14,2],[-1,14],[-5,0],[0,7],[8,-1],[-2,8],[-5,1],[-4,-5],[-7,-3],[-3,2],[-1,9]],[[3415,2157],[6,0],[0,8],[8,-1],[8,-3],[8,-1],[0,-5],[5,-6],[6,2],[-1,6],[8,4],[7,0],[4,-8],[7,2]],[[3449,2177],[-1,9],[3,9],[7,-3],[3,-6],[-2,-7],[4,-1],[0,-9],[-4,-6],[-6,1],[-4,13]],[[3449,2177],[-4,-9],[-7,-2],[-3,5],[0,10],[-7,3],[-1,6],[5,0],[1,7],[6,0],[-5,-6],[7,-1],[0,-9],[8,-4]],[[3430,2196],[-6,-4],[1,13],[6,-2],[-1,-7]],[[3455,2199],[-2,14],[9,1],[2,-4],[0,-8],[-9,-3]],[[3446,2215],[6,-1],[-2,-5],[-9,-1],[0,5],[5,2]],[[3425,2218],[-6,-6],[-4,2],[1,9],[7,0],[2,-5]],[[3435,2208],[-4,4],[-5,1],[-1,5]],[[3425,2218],[0,19],[6,1],[14,-4],[1,3],[-9,1],[1,4],[14,0],[8,-8],[3,-13],[-11,0],[2,6],[-14,0],[-2,-6],[0,-13],[-3,0]],[[3438,2249],[1,5],[-11,0],[1,7],[4,1],[4,-6],[5,2],[4,-4],[-8,-5]],[[3460,2265],[-9,-7],[0,7],[5,9],[8,3],[2,-7],[-6,-5]],[[3425,2266],[1,-1]],[[3426,2265],[-1,1]],[[3446,2293],[0,1]],[[3446,2294],[-1,2]],[[3445,2296],[13,1]],[[3458,2297],[-1,-2],[-11,-2]],[[3445,2296],[1,-2]],[[3446,2294],[0,-1]],[[3446,2293],[-1,3]],[[3418,2305],[1,2]],[[3419,2307],[-1,-2]],[[3419,2307],[-1,-2]],[[3418,2305],[-2,7]],[[3416,2312],[3,-5]],[[3431,2377],[-19,-6],[-3,2],[0,8],[5,2],[4,-2],[4,5],[9,1],[0,-10]],[[3344,3140],[5,2],[2,-8],[-5,-1],[-2,7]],[[3359,3171],[7,-2],[1,-3],[-9,-1],[1,6]],[[3347,3155],[-1,6],[-7,4],[-7,-1],[2,15],[10,-1],[4,-4],[5,-19],[-6,0]],[[3364,3185],[-8,2],[0,-10],[-5,0],[-7,7],[-8,0],[0,8],[16,-1],[3,2],[13,2],[16,8],[2,-5],[7,-2],[-5,-10],[-7,-7],[0,-6],[-10,-4],[-6,2],[-8,1],[-1,4],[8,1],[4,3],[-4,5]],[[3338,3207],[6,-4],[2,-5],[-8,0],[-5,5],[5,4]],[[3359,3203],[2,-1]],[[3361,3202],[-1,-5]],[[3360,3197],[-8,5]],[[3352,3202],[-4,8]],[[3348,3210],[3,2],[8,-9]],[[3345,3210],[3,0]],[[3348,3210],[-3,0]],[[3365,3218],[1,-1]],[[3366,3217],[2,-3]],[[3368,3214],[3,-2]],[[3371,3212],[0,-2]],[[3371,3210],[-7,0],[-3,-8]],[[3361,3202],[-2,1]],[[3359,3203],[2,14],[4,1]],[[3368,3214],[5,0]],[[3373,3214],[-1,-2]],[[3372,3212],[-1,0]],[[3371,3212],[-3,2]],[[3345,3210],[-5,-1],[-1,8],[-3,1]],[[3336,3218],[4,0],[3,-3],[2,-5]],[[3372,3219],[-6,-2]],[[3366,3217],[-1,1]],[[3365,3218],[7,1]],[[3369,3222],[1,5]],[[3370,3227],[-1,-5]],[[3335,3223],[1,-1]],[[3336,3222],[0,-4]],[[3336,3218],[-5,-1],[-1,7]],[[3330,3224],[5,-1]],[[3336,3222],[-1,1]],[[3335,3223],[-1,11],[2,10],[9,1],[2,-11],[-2,-10],[-9,-2]],[[3354,3254],[1,2],[10,0],[-1,-6],[-9,0],[-1,4]],[[3329,3277],[2,4],[8,0],[0,-8],[-10,4]],[[3316,3344],[6,-1]],[[3322,3343],[3,4],[7,1],[8,-2],[0,-4],[-16,-4],[-10,0],[2,6]],[[3316,3344],[-3,4]],[[3313,3348],[-2,5],[0,8],[5,0],[-1,-10],[9,-2],[-2,-6]],[[3322,3343],[-6,1]],[[3333,3614],[0,-3]],[[3333,3611],[0,3]],[[3306,3624],[7,-1],[0,-5],[-8,-4],[-1,5],[2,5]],[[3289,3793],[-6,1],[8,9],[6,1],[-3,-11],[-5,0]],[[3282,3821],[-1,-7],[-3,-2]],[[3278,3812],[-1,4],[5,5]],[[3282,3821],[1,6]],[[3283,3827],[2,-1]],[[3285,3826],[-3,-5]],[[3285,3826],[-2,1]],[[3283,3827],[2,-1]],[[3262,4025],[2,-14],[-3,-9],[-4,2],[-3,17],[8,4]],[[3264,4024],[-2,1]],[[3262,4025],[2,-1]],[[3275,4040],[-9,-1],[3,9],[7,-1],[-1,-7]],[[3274,4066],[-5,-2],[-5,2],[-1,-8],[-13,-4],[-7,-1],[-4,-5],[-7,4],[-3,7],[-6,1],[0,5],[12,3],[6,-1],[2,-4],[8,2],[10,9],[7,-1],[4,2],[2,-9]],[[3262,4080],[1,2]],[[3263,4082],[-1,-2]],[[3262,4080],[1,2]],[[3263,4082],[-1,-2]],[[3234,4207],[0,2],[11,2],[5,-4],[-16,0]],[[3226,4389],[5,3]],[[3231,4392],[1,1]],[[3232,4393],[-1,-4],[-5,0]],[[3254,4408],[-5,-2],[-4,2]],[[3245,4408],[-5,-2]],[[3240,4406],[-5,1]],[[3235,4407],[-4,-3]],[[3231,4404],[0,11],[6,-2]],[[3237,4413],[3,1]],[[3240,4414],[4,-1],[4,4],[6,-9]],[[3240,4414],[-3,-1]],[[3237,4413],[3,1]],[[3213,4489],[6,-10],[0,-4],[-9,1],[0,8],[3,5]],[[3216,4625],[2,-2]],[[3218,4623],[1,-1]],[[3219,4622],[-5,0]],[[3214,4622],[2,3]],[[3219,4622],[-1,1]],[[3218,4623],[-2,2]],[[3216,4625],[7,5],[8,-5]],[[3231,4625],[-5,-5],[-7,2]],[[3234,4642],[3,-4],[5,-2],[2,-8],[0,-16]],[[3244,4612],[-1,15],[-8,2]],[[3235,4629],[-3,2]],[[3232,4631],[-1,4],[3,7]],[[3235,4629],[-4,-4]],[[3231,4625],[1,6]],[[3232,4631],[3,-2]],[[3239,4721],[-5,-4],[-6,2],[-6,-2],[2,8],[7,1],[6,-1],[2,-4]],[[3234,4760],[-9,-3],[-4,5],[3,4],[6,-5],[4,-1]],[[3189,4760],[6,0]],[[3195,4760],[-6,0]],[[3189,4760],[-2,1]],[[3187,4761],[0,1]],[[3187,4762],[2,-2]],[[3195,4760],[2,9],[7,2],[1,3],[7,1],[6,-2],[4,-4],[-6,-5],[-13,-5],[-6,4],[-2,-3]],[[3158,5186],[2,5],[4,-1],[1,-5],[-7,1]],[[3110,5901],[-1,4],[6,5],[1,-9],[-6,0]],[[3000,7073],[-2,-3],[-9,-2],[0,7],[6,-2],[5,0]],[[3000,7073],[-1,6],[5,2],[1,-7],[-5,-1]],[[2947,7677],[-3,-6],[-5,4],[7,7],[5,7],[3,0],[-1,-7],[-5,-1],[-1,-4]],[[2914,7767],[-1,1]],[[2913,7768],[3,10],[6,3],[3,5],[4,-1],[1,-11],[-2,-3],[-14,0],[0,-4]],[[2934,7790],[-4,-2],[-3,6]],[[2927,7794],[5,4],[2,-8]],[[2935,7829],[6,-1],[3,-9],[-7,2],[-2,8]],[[2918,7869],[-5,0],[1,12],[6,-4],[-2,-8]],[[2931,7914],[1,-6],[-8,0],[1,5],[6,1]],[[2938,7926],[4,3],[2,8],[4,-3],[-4,-8],[-6,0]],[[2926,7990],[-6,0],[0,9],[10,1],[1,-5],[-5,-5]],[[2917,8067],[-9,-5],[0,7],[-5,6],[3,3],[5,0],[0,-8],[6,-3]],[[2902,8245],[-2,12],[4,1],[3,-11],[-5,-2]],[[2855,8479],[1,1]],[[2856,8480],[-1,-1]],[[2893,8480],[-5,-5],[-6,-1],[-1,3],[5,6],[9,1],[4,6],[7,6],[1,-6],[-6,-6],[-8,-4]],[[2856,8528],[6,12],[0,7],[4,-1]],[[2866,8546],[-3,-7],[0,-6],[-7,-5]],[[2866,8546],[2,8],[-1,6]],[[2867,8560],[2,-2]],[[2869,8558],[1,-1]],[[2870,8557],[6,-3],[1,-6],[-3,-3],[-8,1]],[[2873,8606],[4,3],[-2,7],[5,1],[1,-14],[-5,-4],[8,-9],[1,-5],[-4,-5],[-11,0],[-6,-12],[1,-5],[7,-1],[-2,-5]],[[2870,8557],[-1,1]],[[2869,8558],[-2,2]],[[2867,8560],[-5,5],[-6,11],[6,9],[5,-2],[1,4],[5,0],[2,13],[-2,6]],[[2861,8592],[2,-2]],[[2863,8590],[-2,2]],[[2865,8622],[-3,-9],[2,-9],[5,-2],[0,-12],[-6,0]],[[2863,8590],[-2,2]],[[2861,8592],[4,2],[-4,9]],[[2861,8603],[-3,8]],[[2858,8611],[0,8],[7,3]],[[2846,8624],[2,0]],[[2848,8624],[-2,0]],[[2865,8622],[6,10],[3,-6],[-9,-4]],[[2853,8643],[-4,-3]],[[2849,8640],[4,3]],[[2877,8709],[11,0],[0,-8],[-6,-3],[1,-8],[5,2],[5,-9],[-2,-6],[-7,-5],[0,-5],[-8,2],[3,-7],[0,-12],[-4,0],[-5,-10],[-2,4],[-4,0],[0,8],[3,5],[-2,8],[-4,1],[1,7],[6,-1],[1,5],[8,2]],[[2877,8679],[6,4],[-6,7],[1,11],[-1,8]],[[2859,8686],[3,-4],[-7,-4],[-3,2],[-1,8],[3,3],[5,-5]],[[2859,8686],[3,10],[11,0],[-3,-5],[-11,-5]],[[2858,8717],[-3,3],[-11,-2],[0,7],[4,3],[11,-4],[-1,-7]],[[2832,8841],[1,-4]],[[2833,8837],[-1,4]],[[2833,8848],[-1,-7]],[[2832,8841],[1,7]],[[3518,1791],[-2,1]],[[3516,1792],[2,-1]],[[3516,1792],[-3,3],[7,10],[1,-6],[6,0],[3,-6],[-6,-4],[-4,11],[-4,-8]],[[3545,1810],[8,1],[-7,-10],[-5,-1],[-1,6],[5,4]],[[3513,1842],[1,4],[10,-1],[4,-6],[8,-4],[2,-7],[8,-8],[-1,-6],[-12,-3],[-11,4],[-2,6],[-8,8],[-5,2],[-7,0],[-13,13],[-6,1],[-1,8],[7,3],[4,-6],[10,-1],[0,-6],[7,-4],[5,3]],[[3517,1835],[1,6],[-5,1]],[[3513,1842],[4,-7]],[[3544,1866],[-3,-1],[-8,2],[0,5],[12,-1],[-1,-5]],[[3504,1886],[-7,3],[-11,-2]],[[3486,1887],[2,9],[8,-2],[8,1],[1,4],[8,2],[2,-9],[-5,-10],[1,-6],[-6,0],[-2,3],[1,7]],[[3533,1945],[4,-3],[1,-5],[9,-5],[-5,-3],[-9,0],[-4,-3],[-8,0],[-1,5],[7,1],[1,6],[4,-1],[1,8]],[[3528,1958],[-7,1],[-1,6],[8,0],[0,-7]],[[3506,1968],[-7,4],[-3,-4],[-7,1],[-3,11]],[[3486,1980],[1,2],[14,3],[6,-4],[-1,-13]],[[3520,1972],[-8,4],[-4,6],[0,7],[5,1],[4,-4],[3,-14]],[[3520,1993],[9,1],[0,-5],[7,0],[-1,-5],[-7,-3],[-2,9],[-6,3]],[[3493,2031],[0,7],[5,1],[5,-6],[0,-12],[-6,2],[2,5],[-6,3]],[[3508,2092],[8,-3],[0,-3],[-9,-1],[1,7]],[[3499,2112],[4,0],[-2,-15],[-3,5],[1,10]],[[3486,2109],[4,-4],[-7,-3],[-2,4],[5,3]],[[3539,2126],[-5,-1],[-2,-16],[0,-6],[-9,-5],[-8,-6],[-9,9],[0,5],[4,6],[-1,13]],[[3509,2125],[0,5],[-5,2],[1,12],[-1,4],[-6,3],[-2,7],[6,1],[7,5],[-1,-8],[10,-4],[2,-11],[-5,-3],[5,-9],[1,-16],[8,-6],[-1,8],[2,3],[-1,11],[11,9],[-1,-12]],[[3476,2192],[5,-10],[0,-6],[6,0],[4,5],[4,-14],[-7,0],[-7,-5],[-6,8],[-4,1],[-3,13],[3,7],[5,1]],[[3518,2166],[-17,2],[-1,8],[-4,1],[-1,14],[2,7],[8,-1],[2,-14],[6,-2],[1,-10],[7,-4],[-2,9],[7,2],[2,-14],[-10,2]],[[3498,2208],[1,4],[13,-2],[0,-3],[-9,-3],[-5,4]],[[3496,2225],[1,3],[8,-1],[0,-5],[-5,-2],[-4,5]],[[3475,2221],[-9,2],[-1,7],[10,-3],[0,-6]],[[3488,2228],[-2,6],[6,-1],[1,-5],[-5,0]],[[3475,2238],[1,-1]],[[3476,2237],[-4,-5],[-4,7],[7,-1]],[[3476,2237],[-1,1]],[[3475,2238],[1,-1]],[[3479,2253],[13,-1],[1,-8],[-8,-3],[-6,8],[0,4]],[[3479,2253],[-6,-4],[-1,8],[8,1],[-1,-5]],[[3482,2271],[3,7],[8,-3],[11,1],[4,-2],[-2,-14],[-8,0],[1,6],[-9,-3],[-7,2],[-1,6]],[[3481,2307],[2,-4]],[[3483,2303],[1,-1]],[[3484,2302],[-6,-6],[-1,8],[4,3]],[[3484,2302],[-1,1]],[[3483,2303],[-2,4]],[[3481,2307],[3,-5]],[[3462,2323],[0,1]],[[3462,2324],[0,-1]],[[3462,2324],[0,-1]],[[3462,2323],[0,1]],[[3508,2329],[-6,-5],[-11,-1],[-1,-4],[-8,0],[0,10],[-4,11]],[[3478,2340],[-3,-4],[6,-4],[-4,-4]],[[3477,2328],[1,4],[-8,1],[-2,4],[-8,1],[-6,-2],[0,5],[5,2],[9,9],[2,-8],[9,1],[4,5],[12,4],[1,-12],[8,-5],[0,-7],[4,-1]],[[3457,2375],[-2,1],[0,10],[6,0]],[[3461,2386],[6,-11],[0,-6],[-13,0],[3,6]],[[3489,2409],[-3,-1],[1,14],[3,0],[1,-10],[-2,-3]],[[3463,2439],[-3,-1],[-4,-7],[-2,9],[6,2],[3,-3]],[[3449,2547],[-1,-6],[-13,-1]],[[3435,2540],[12,3],[2,4]],[[3419,2602],[-5,10],[-3,4],[-5,-2],[1,9],[13,2],[6,-3],[10,1],[12,-2],[-1,-5],[1,-8],[0,-17],[-12,-7],[-5,-1],[-2,7],[2,5],[-9,2],[-3,5]],[[3464,2633],[1,9],[7,3],[1,-9],[-2,-13],[-5,-1],[-2,11]],[[3403,2929],[1,5],[6,-4],[-5,-5],[-2,4]],[[3393,3179],[7,0],[0,-12],[2,-5],[-4,-3],[0,-9],[-8,-2],[1,5],[-10,-4],[1,16],[4,5],[4,1],[3,8]],[[3421,3210],[2,0],[2,-10],[-5,0],[-5,4],[-3,-6],[-14,2],[0,10],[7,0],[0,4],[12,6],[9,2],[1,-5],[-6,-7]],[[3400,3220],[-6,4],[-6,-9],[-7,-3],[0,-7],[-14,-8],[-7,0]],[[3360,3197],[5,3],[6,10]],[[3371,3210],[1,2]],[[3372,3212],[1,2]],[[3373,3214],[-1,5]],[[3372,3219],[-3,3]],[[3369,3222],[9,7],[7,-1],[16,8],[9,1],[-1,-11],[-9,-6]],[[3370,3227],[-2,6],[6,4],[5,-1]],[[3379,3236],[4,-1]],[[3383,3235],[0,-2],[-12,-3],[-1,-3]],[[3385,3234],[6,1]],[[3391,3235],[-6,-1]],[[3407,3244],[4,-3],[8,2],[1,-4]],[[3420,3239],[2,-2]],[[3422,3237],[0,-1]],[[3422,3236],[-8,4],[-4,-1],[-3,5]],[[3390,3236],[-5,-2]],[[3385,3234],[-2,1]],[[3383,3235],[-4,1]],[[3379,3236],[1,2],[11,2],[-1,-4]],[[3391,3235],[-1,1]],[[3390,3236],[5,0],[3,6],[8,-1]],[[3406,3241],[-7,-1],[0,-4],[-8,-1]],[[3407,3244],[-1,-3]],[[3406,3241],[1,3]],[[3382,3244],[11,3],[-3,-6],[-7,0],[-1,3]],[[3333,3611],[0,3]],[[3333,3614],[0,-3]],[[3360,3643],[6,-1],[5,-7],[-6,-1],[-5,9]],[[3373,3665],[-1,-1]],[[3372,3664],[1,1]],[[3367,3684],[7,5],[1,-6],[-8,1]],[[3351,3689],[-6,-7],[-5,4],[-4,9],[2,5],[4,0],[2,-4],[6,-2],[1,-5]],[[3335,3684],[-2,0]],[[3333,3684],[0,2],[-11,2],[5,7],[6,-1],[3,-3],[-1,-7]],[[3331,3701],[1,7],[7,1],[1,-7],[-6,-3],[-3,2]],[[3353,3731],[3,6],[9,-1],[3,-6],[0,-7],[-4,-1],[-5,6],[-4,-1],[-2,4]],[[3361,3760],[3,-9],[-6,1],[3,8]],[[3352,3757],[1,1]],[[3353,3758],[-1,-1]],[[3353,3758],[-1,-1]],[[3352,3757],[-9,0],[-3,2],[-1,7],[5,-1],[9,3],[0,-10]],[[3375,3817],[3,-1],[2,-12],[-15,-1],[-2,-8],[-7,0],[-6,2],[-7,-5],[-6,0],[-8,-5],[-8,-16],[2,-9],[-16,0],[-3,4],[2,10],[7,-6],[2,4],[-4,6],[0,5],[5,0],[23,10],[4,6],[9,1],[4,7],[12,1],[1,4],[6,3]],[[3325,3879],[5,0],[-1,-7],[-4,-1],[0,8]],[[3305,4043],[3,5],[5,1],[2,-12],[-5,-1],[-6,1],[1,6]],[[3338,4038],[-7,-1],[-2,15],[2,2],[10,1],[3,-3],[-1,-10],[-5,-4]],[[3312,4076],[-13,-5],[0,10],[6,-2],[5,2],[2,-5]],[[3331,4102],[-8,1],[-1,-10],[-5,6],[8,10],[8,-1],[-2,-6]],[[3312,4173],[-10,-12],[0,8],[-7,-4],[-4,2],[-3,9],[3,3],[19,3],[2,-9]],[[3282,4240],[-3,-6],[8,-7],[-7,-1],[-2,-6]],[[3278,4220],[-4,1],[-2,9],[5,0],[0,8],[-7,2]],[[3270,4240],[-1,2],[-2,19],[11,1]],[[3278,4262],[8,2],[7,-8],[-2,-4],[-9,-3],[0,-9]],[[3312,4292],[-6,-1]],[[3306,4291],[6,1]],[[3296,4475],[8,6]],[[3304,4481],[-7,-7],[1,-8],[-6,-1],[0,6],[4,4]],[[3278,4524],[2,-6],[-6,1],[-1,6],[5,-1]],[[3283,4597],[-5,-1],[-7,3],[1,6],[9,-2],[2,-6]],[[3282,4616],[2,3]],[[3284,4619],[1,-5]],[[3285,4614],[0,-2]],[[3285,4612],[-5,-1]],[[3280,4611],[2,5]],[[3284,4619],[-2,-3]],[[3282,4616],[2,3]],[[3280,4611],[-6,4],[-3,-5]],[[3271,4610],[-2,5],[-1,8],[5,3],[3,-2],[5,12],[0,3],[7,1],[2,-6],[-6,-4],[0,-7],[-4,-5],[0,-7]],[[3261,4710],[-7,-4],[-3,-10],[1,-8],[-8,-1],[-5,-6],[-1,7],[-4,-2],[1,-12],[-2,-13],[-8,1],[1,-5],[-9,-2],[-3,7]],[[3214,4662],[1,2],[12,3],[-3,7],[6,8],[-2,11],[10,-3],[1,4],[8,-1],[0,7],[3,8],[5,5],[6,-3]],[[3280,4703],[-1,6],[-3,-1],[-1,2],[-1,12]],[[3274,4722],[-4,-3],[-2,-7],[-7,-2]],[[3261,4710],[-1,10],[3,6],[10,2],[2,4],[7,0],[1,-9],[-5,2],[-2,-9],[1,-6],[3,0],[1,-3],[4,0],[1,-3],[-6,-1]],[[3106,6139],[-1,5],[1,7],[4,1],[4,-5],[1,-7],[-4,-4],[-5,3]],[[2979,7737],[-4,-2],[-2,4],[-7,5],[-6,2],[-3,13],[5,0],[2,-7],[5,0],[2,-9],[5,0],[3,-6]],[[2981,7790],[-2,8],[6,1],[-4,-9]],[[2957,7848],[-5,2],[-1,13],[5,-5],[1,-10]],[[2982,7997],[1,1]],[[2983,7998],[-1,-1]],[[2980,8090],[-4,-1],[-3,4],[-1,19],[4,-2],[1,-11],[4,-4],[-1,-5]],[[2940,8091],[-9,-8],[-2,12],[6,-3]],[[2935,8092],[0,9],[-6,-2],[0,7],[6,8],[8,-5]],[[2943,8109],[5,11],[6,1],[1,3]],[[2955,8124],[3,-17],[2,-4],[1,-16],[3,-8],[-4,-6],[-5,0],[-1,6],[4,5],[-1,5],[-8,-1],[-6,7],[-3,-4]],[[2955,8124],[-2,1],[0,11],[3,0],[4,6],[-8,0],[2,7],[5,4]],[[2959,8153],[6,-3]],[[2965,8150],[7,1],[0,-6],[-9,-5],[-3,-5],[0,-9],[-5,-2]],[[2964,8173],[1,1]],[[2965,8174],[-1,-1]],[[2965,8174],[-1,-1]],[[2964,8173],[1,1]],[[2967,8190],[-5,-2],[-5,-7],[-2,-8],[-5,5],[5,4],[0,7],[2,5],[8,2],[0,6],[8,4],[2,-5],[-8,-11]],[[2884,8753],[0,2]],[[2884,8755],[0,-2]],[[2883,8781],[5,-1]],[[2888,8780],[-5,1]],[[2884,8803],[4,-1]],[[2888,8802],[-4,1]],[[2877,8820],[0,6]],[[2877,8826],[0,-6]],[[2903,8849],[1,2]],[[2904,8851],[2,0]],[[2906,8851],[0,-2]],[[2906,8849],[-1,-3]],[[2905,8846],[-3,2]],[[2902,8848],[1,1]],[[2915,8933],[0,-4]],[[2915,8929],[-1,-8],[4,-6],[0,-7],[-15,-1],[-2,6],[-9,-1],[0,7],[5,-2],[-1,8],[7,3],[3,-3],[4,7],[5,1]],[[2893,8967],[14,2]],[[2907,8969],[5,-5]],[[2912,8964],[-1,-7],[4,-3],[-2,-6],[-9,-1]],[[2904,8947],[-2,-8],[-14,-3],[1,5],[-6,2],[-3,-4],[-6,2],[-3,-3],[-4,4],[-1,20],[-1,9],[4,6],[5,1],[4,-6],[1,-6],[7,3],[3,-5],[4,3]],[[2918,8982],[1,-8],[-2,-3]],[[2917,8971],[-3,-4]],[[2914,8967],[0,-3]],[[2914,8964],[-2,0]],[[2912,8964],[-5,5]],[[2907,8969],[0,7],[-5,1],[-1,-5],[-9,-1],[1,-4]],[[2893,8967],[-5,3],[0,7],[3,2]],[[2891,8979],[-12,4],[1,8],[-13,-1],[-4,-16],[-12,-1],[-2,8],[2,5],[0,12],[4,3],[4,-3],[-1,11],[5,-1],[6,2],[1,3],[10,2],[5,-3],[1,-4],[19,6],[4,-1],[2,-6],[4,0],[2,-20],[1,-5]],[[2896,8987],[7,5],[4,8],[5,1],[-1,5],[-3,3],[-8,-6],[-10,-2],[3,-5],[3,-9]],[[2898,9021],[-10,0],[1,10],[3,2],[6,-3],[0,-9]],[[2885,9027],[-5,1],[-5,-6],[-10,-3],[-2,5],[0,9],[6,5],[8,1],[3,-6],[6,0],[-1,-6]],[[3578,1804],[1,-3]],[[3579,1801],[-1,3]],[[3582,1801],[-3,0]],[[3579,1801],[-1,3]],[[3578,1804],[3,5]],[[3581,1809],[1,-8]],[[3586,1835],[-7,-2],[-7,1],[-3,-2],[-3,9],[15,-3],[5,-3]],[[3566,1856],[-4,-5],[-8,0],[1,12],[-4,2],[-3,10],[9,0],[1,7],[7,-6],[1,-20]],[[3569,1883],[9,4],[-1,-8],[2,-10],[-6,-3],[-3,7],[2,5],[-3,5]],[[3583,1886],[3,-1],[4,-8],[-6,1],[-1,8]],[[3554,1920],[1,12],[-3,9],[3,2],[10,-2],[3,-14],[-5,0],[-1,-7],[-8,0]],[[3596,1948],[7,2],[0,-7],[-5,-5],[-14,-2],[-8,3],[-2,7],[0,8],[8,2],[3,-3],[5,0],[6,-5]],[[3579,1958],[-8,1],[1,5],[7,0],[0,-6]],[[3582,1986],[-6,1],[0,4],[10,4],[2,-3],[10,0],[4,-9],[-4,-5],[-4,0],[-3,-5],[-8,-1],[-9,4],[-6,-1],[-1,6],[14,0],[1,5]],[[3549,1987],[2,-3],[-4,-5],[-6,-1],[-4,11],[1,12],[4,0],[4,-4],[-1,-9],[4,-1]],[[3565,1998],[0,6],[4,0],[2,-5],[-6,-1]],[[3576,2047],[7,1],[1,-6],[-7,0],[-1,5]],[[3564,2068],[-5,5],[2,8],[5,-2],[5,-5],[0,-5],[-7,-1]],[[3526,2092],[7,-1],[-3,-6],[-7,2],[3,5]],[[3537,2119],[2,7]],[[3539,2126],[6,-3],[1,-7],[-2,-12],[-4,0],[-3,15]],[[3528,2131],[-7,2],[0,5],[6,0],[1,-7]],[[3531,2170],[6,1],[1,-6],[-8,-1],[1,6]],[[3540,2174],[0,7],[6,-1],[1,-9],[-7,3]],[[3518,2195],[2,7],[3,2],[1,-14],[-6,5]],[[3541,2280],[8,2],[0,-10],[-3,-16],[-7,2],[1,16],[-13,-3],[-15,3],[-1,5],[15,-2],[15,3]],[[3559,2294],[-6,-4],[-9,-2],[-11,-3],[-8,6],[-1,7],[14,-8],[10,7],[11,-3]],[[3508,2309],[2,7],[13,5],[6,-4],[-6,-3],[-9,0],[-6,-5]],[[3508,2329],[5,5]],[[3513,2334],[2,-12],[-6,0],[-1,7]],[[3513,2334],[-5,2],[0,4],[10,-1],[-5,-5]],[[3539,2338],[-2,8],[6,-2],[-4,-6]],[[3531,2373],[8,1],[-2,-5],[-6,4]],[[3514,2489],[5,0],[0,-8],[-5,0],[0,8]],[[3522,2514],[2,9],[4,0],[2,-5],[-8,-4]],[[3521,2603],[2,-8],[-6,-1],[-1,7],[5,2]],[[3481,2781],[-3,2],[1,13],[4,0],[9,-4],[1,-7],[-4,-7],[-8,3]],[[3456,2913],[5,2]],[[3461,2915],[-4,-4]],[[3457,2911],[-1,2]],[[3456,2913],[-7,0],[9,10],[3,-6]],[[3461,2917],[-5,-4]],[[3461,2915],[0,2]],[[3461,2917],[0,-2]],[[3438,3217],[-4,-10],[-7,3],[2,9],[5,2],[4,-4]],[[3438,3217],[6,2]],[[3444,3219],[0,10],[11,5],[2,-7],[0,-17],[-8,-2],[-6,0],[-5,9]],[[3444,3219],[6,-5],[5,5],[-11,0]],[[3436,3237],[13,3],[-1,-5],[-10,-3],[-2,5]],[[3422,3236],[0,1]],[[3422,3237],[-2,2]],[[3420,3239],[2,8],[4,-5]],[[3426,3242],[-1,4]],[[3425,3246],[6,1],[5,-6],[-7,-12],[-7,4],[0,3]],[[3423,3254],[2,5]],[[3425,3259],[5,1]],[[3430,3260],[-2,-3]],[[3428,3257],[-5,-3]],[[3423,3254],[2,5]],[[3425,3259],[-2,-5]],[[3443,3253],[0,3],[10,11]],[[3453,3267],[2,-6],[-12,-8]],[[3455,3269],[4,2]],[[3459,3271],[-4,-2]],[[3455,3269],[-2,-2]],[[3453,3267],[-1,11],[10,0],[-3,-7]],[[3459,3271],[-4,-2]],[[3416,3312],[1,0]],[[3417,3312],[-1,0]],[[3417,3312],[-1,0]],[[3416,3312],[1,0]],[[3381,3600],[10,1],[0,-6],[-10,5]],[[3412,3693],[-3,4],[0,7],[7,0],[1,-7],[-5,-4]],[[3395,3705],[7,3],[0,-7],[-4,-3],[-3,7]],[[3382,3726],[2,-5],[-5,-4],[-2,16],[5,-7]],[[3410,3749],[-3,-1],[-1,9],[11,-1],[-2,-10],[-5,3]],[[3374,3776],[9,1],[-4,-6],[-6,-1],[1,6]],[[3375,3817],[-4,5],[5,6],[6,-8],[7,-1],[-1,-8],[-4,0],[-1,7],[-8,-1]],[[3371,3849],[-4,-3],[-2,10],[3,5],[8,0],[-5,-12]],[[3357,3985],[-8,-3],[-13,-3],[-7,3],[-5,-4],[0,10],[-5,3],[1,9],[9,1],[-1,-14],[6,-1],[4,-3],[5,1],[1,4],[11,-1],[3,4],[5,0],[2,3],[9,-9],[-8,-5],[-2,4],[-7,1]],[[3345,4080],[0,-2]],[[3345,4078],[0,2]],[[3345,4080],[0,-2]],[[3345,4078],[0,2]],[[3331,4102],[11,3],[1,-3],[-12,0]],[[3379,4105],[-3,6],[6,3],[3,-4],[-6,-5]],[[3351,4114],[4,1]],[[3355,4115],[-4,-1]],[[3358,4321],[-2,16],[7,4],[3,-5],[-8,-15]],[[3339,4459],[3,-3]],[[3342,4456],[-3,3]],[[3325,4472],[5,-2]],[[3330,4470],[-5,2]],[[3325,4472],[-5,4]],[[3320,4476],[5,-4]],[[3311,4535],[7,-1]],[[3318,4534],[-7,1]],[[3318,4534],[1,6],[10,2],[0,-5],[-11,-3]],[[3298,4548],[6,-6],[6,1],[1,-8]],[[3311,4535],[-1,4],[-6,2],[-6,7]],[[3329,4590],[-1,7],[12,-2],[0,-6],[-8,-3],[-3,4]],[[3320,4606],[2,6],[5,1],[-2,-12],[-5,5]],[[3301,4609],[2,4]],[[3303,4613],[-2,-4]],[[3318,4617],[0,-1]],[[3318,4616],[0,1]],[[3285,4612],[0,2]],[[3285,4614],[10,0]],[[3295,4614],[-4,-5],[-6,3]],[[3297,4612],[-2,2]],[[3295,4614],[2,-2]],[[3318,4616],[0,1]],[[3318,4617],[0,-1]],[[3285,4690],[-6,6],[1,7]],[[3280,4703],[0,-5],[5,-8]],[[3274,4768],[1,6],[5,1],[4,5],[1,-13],[-5,-1],[-6,2]],[[3314,4772],[-5,4],[6,9],[4,-3],[0,-7],[-5,-3]],[[3209,5581],[-6,2],[-1,10],[7,-1],[0,-11]],[[3235,5648],[-2,-1],[1,-13],[-4,1],[-1,7],[1,9],[4,-1]],[[3234,5650],[1,-2]],[[3235,5648],[-1,2]],[[3234,5650],[1,-2]],[[3163,6259],[3,-4],[-1,-6],[-6,-1],[-1,6],[-7,-2],[-4,2],[0,6],[4,4],[3,-6],[4,4],[5,-3]],[[3176,6250],[-6,-2],[-3,7],[0,11],[11,0],[0,-11],[-2,-5]],[[3151,6310],[4,4],[1,9],[5,-1],[2,-20],[-6,-3],[-11,-2],[0,4],[5,9]],[[3082,7427],[1,2]],[[3083,7429],[-1,-2]],[[3083,7429],[-1,-2]],[[3082,7427],[-5,-4],[-17,-1],[-8,3],[-6,-3],[0,7],[10,-1],[7,1],[6,-2],[14,2]],[[2982,7997],[1,1]],[[2983,7998],[1,5],[4,6],[2,9],[2,-23],[-4,-3],[-6,5]],[[2996,8189],[-5,1],[-6,-6],[1,-11],[-2,-4],[-6,2],[-1,11],[-5,6],[7,6],[5,1],[3,-3],[9,4],[0,-7]],[[2995,8218],[0,7],[-4,2],[-1,10],[11,7],[2,-5],[1,-10],[-9,-11]],[[2965,8514],[2,6],[5,7],[3,-4],[-10,-9]],[[2937,8730],[2,10],[6,0],[0,-10],[-8,0]],[[2944,8921],[-3,0]],[[2941,8921],[2,0]],[[2943,8921],[1,0]],[[2941,8921],[3,0]],[[2944,8921],[-1,0]],[[2943,8921],[-2,0]],[[2942,8953],[0,-16],[-5,0],[0,12],[-8,9]],[[2929,8958],[10,0]],[[2939,8958],[3,-5]],[[2914,8964],[0,3]],[[2914,8967],[7,0],[0,-11],[-4,-2],[-3,10]],[[2943,8967],[1,2]],[[2944,8969],[-1,-2]],[[2944,8969],[-1,-2]],[[2943,8967],[-4,-9]],[[2939,8958],[-3,6],[0,9],[7,2],[0,4],[8,0],[-7,-10]],[[2918,8982],[1,6],[3,2]],[[2922,8990],[2,-10],[-3,-5],[-3,7]],[[2946,8999],[-2,-2]],[[2944,8997],[-1,1]],[[2943,8998],[-1,1]],[[2942,8999],[-2,1]],[[2940,9000],[0,2]],[[2940,9002],[6,-3]],[[2926,9005],[1,-1]],[[2927,9004],[1,-2]],[[2928,9002],[1,-8],[-7,-4]],[[2922,8990],[-3,7],[-1,7],[8,1]],[[3617,1778],[1,7],[6,4],[5,-5],[-11,-3],[-1,-3]],[[3659,1842],[4,-10]],[[3663,1832],[6,5],[7,-3],[0,-7],[-3,-8],[2,-12],[6,-3]],[[3681,1804],[-5,-4],[-6,0],[-2,15],[1,9],[-4,2],[-10,-2],[0,10],[-6,0],[-1,-7],[-12,-4],[-8,3],[1,6],[10,-1],[0,4],[8,7],[12,0]],[[3630,1855],[5,1],[2,-5],[-8,-5],[-9,-4],[-3,4],[-6,0],[0,5],[-16,20],[-1,5],[13,2],[13,-4],[-9,-6],[-2,-4],[12,-5],[4,3],[20,-4],[0,-7],[-5,-2],[-1,9],[-9,-3]],[[3644,1878],[-4,-1],[-6,7],[-4,-1],[-7,5],[1,6],[13,-1],[1,-10],[6,-5]],[[3644,1933],[2,-1]],[[3646,1932],[2,-8],[-14,2],[-7,9],[-6,0],[0,-8],[-5,1],[-3,6],[-6,0],[1,10],[5,-1],[4,3],[10,0],[0,-5],[12,-4],[5,-4]],[[3633,1948],[-2,7],[3,2],[5,-1],[0,-10],[-6,2]],[[3623,1994],[-14,6],[-2,4],[13,-1],[3,-9]],[[3595,2050],[7,3],[0,4],[7,1],[4,-2],[1,-9],[7,2],[-1,-9],[-11,1],[-6,7],[-8,2]],[[3621,2063],[-1,-5],[-8,0],[-1,6],[-11,2],[-3,5],[1,8],[12,-1],[-1,-5],[4,-4],[6,1],[2,-7]],[[3569,2088],[10,2],[-3,-6],[-7,1],[0,3]],[[3588,2094],[8,-1],[-4,-5],[-5,0],[1,6]],[[3588,2094],[-5,1],[-6,-4],[-8,0],[2,9],[7,2],[10,-1],[0,-7]],[[3608,2114],[1,-1]],[[3609,2113],[1,-5],[-5,-2],[-6,2],[0,6],[9,0]],[[3609,2113],[-1,1]],[[3608,2114],[1,-1]],[[3549,2147],[-1,5],[9,2],[5,11],[11,2],[1,-13],[5,1],[1,-6],[3,-3],[10,2],[1,-5],[7,2],[5,4],[5,-10],[5,-3],[-1,-12],[-13,0],[-2,5],[7,4],[-1,5],[-7,-3],[1,-7],[-12,-3],[4,-7],[-1,-11],[-6,0],[-5,3],[-7,-6],[-11,-1],[1,7],[-9,5],[-1,7],[5,0],[14,-4],[9,3],[2,20],[-14,4],[-5,-1],[-9,2],[-1,-9],[-4,-1],[-2,-8],[-5,2],[3,13],[-5,-1],[0,6],[8,-1]],[[3598,2174],[1,-10],[-2,-6]],[[3597,2158],[-4,6],[2,6],[3,4]],[[3634,2228],[10,1],[4,5],[1,-14],[9,-8],[3,6],[8,1],[0,-4],[12,-7],[0,-8],[-5,-3],[1,-5],[-11,0],[-4,-3]],[[3662,2189],[-6,-2],[-1,6],[-6,-1],[-9,3],[-1,3],[-7,1],[-2,12],[-6,-2],[-1,-8]],[[3623,2201],[0,-1]],[[3623,2200],[-7,-2],[1,-8],[3,0]],[[3620,2190],[-2,-2],[-14,1]],[[3604,2189],[5,-3],[2,-12],[-5,2],[-8,-2]],[[3598,2174],[-2,2],[2,14],[-4,0],[-1,-15],[-3,-16],[-9,-1],[4,6],[-3,5],[-8,1],[-3,4],[5,6],[-10,4],[0,9],[-3,1],[0,8],[5,0],[5,7],[8,2],[1,-10],[6,-3],[6,1],[2,7],[-13,2],[0,5],[7,-1],[-2,9],[-8,1],[-8,-5],[2,-4],[-16,-1],[1,-8],[-9,1],[-11,-2],[4,-9],[7,2],[2,-6],[10,-3],[1,-5],[-5,-2],[-6,2],[-5,-3],[-2,8],[-8,-1],[-2,13],[0,6],[4,7],[-8,6],[-7,-1],[-2,7],[19,-2],[2,3],[15,-3],[9,6],[16,0],[-3,6],[-1,10],[10,5],[7,0],[3,6],[-9,-1],[-4,-3],[-7,1],[-5,3],[1,14],[11,-2],[6,-7],[5,1],[8,-3],[14,0],[6,-10],[2,-8],[7,-12]],[[3634,2228],[-7,-2],[-2,-7],[2,-4],[7,4],[0,9]],[[3562,2268],[-7,1],[1,8],[6,0],[0,-9]],[[3591,2300],[8,-3],[2,-4],[-10,-1],[-2,3],[2,5]],[[3567,2291],[1,4],[8,3],[-1,-6],[-8,-1]],[[3582,2301],[4,1]],[[3586,2302],[-4,-1]],[[3575,2319],[5,-2],[5,2],[0,-13],[6,-6]],[[3591,2300],[-5,2]],[[3586,2302],[-4,-1]],[[3582,2301],[-8,0],[-2,5],[-6,-1],[0,8],[-7,-1],[3,-6],[-10,-4],[-12,-2],[-5,1],[0,9],[7,2],[3,-2],[9,-1],[-3,12],[12,-3],[5,-5],[7,-1],[0,7]],[[3599,2325],[-2,-6],[0,-13],[-4,3],[-1,7],[4,2],[-2,12],[5,1],[0,-6]],[[3569,2323],[1,2]],[[3570,2325],[6,2],[-1,-8]],[[3575,2319],[-6,4]],[[3570,2325],[-1,-2]],[[3569,2323],[1,2]],[[3585,2352],[9,-1],[2,-2],[8,3],[1,-5],[-6,-1],[-2,-6],[-7,-1],[2,-20],[-9,3],[-1,8],[2,6],[-6,0],[-1,-6],[-18,-2],[-3,13],[-4,4],[8,9],[11,2],[14,-4]],[[3590,2374],[-1,1]],[[3589,2375],[1,5]],[[3590,2380],[4,-2],[3,-6],[1,-17],[-12,4],[3,8],[1,7]],[[3587,2369],[-10,-4],[-2,3],[12,1]],[[3587,2369],[2,6]],[[3589,2375],[1,-1]],[[3590,2374],[-3,-5]],[[3584,2436],[-5,6],[9,1],[-4,-7]],[[3568,2444],[8,2],[1,-6],[-6,1],[-3,3]],[[3530,2607],[5,1],[0,-11],[-9,1],[4,9]],[[3549,2634],[-8,1],[0,-4],[-12,-6],[-1,11],[5,8],[8,5],[2,-8],[7,0],[-1,-7]],[[3504,2823],[2,7],[7,-1],[0,-6],[-7,-4],[-2,4]],[[3505,3194],[-9,1],[-1,4]],[[3495,3199],[1,5]],[[3496,3204],[4,6],[-2,8],[1,6],[4,1],[6,13],[9,1],[7,-1],[0,-10],[2,-2],[-2,-14],[3,-2],[11,-2],[-3,-20],[0,-11],[-4,-1],[-5,6],[-12,0],[1,10],[-1,8],[3,22],[-9,2],[-2,-15],[1,-6],[-3,-9]],[[3491,3228],[0,-7],[5,-17]],[[3496,3204],[-1,-5]],[[3495,3199],[-2,-10],[1,-6],[-6,-1],[-21,4],[2,16],[4,-4],[10,0],[-1,7],[-9,1],[-4,4],[2,9],[1,10],[7,2],[1,7],[15,2],[0,-10],[-4,-2]],[[3478,3253],[5,1],[0,-7],[-6,-3],[-11,8],[0,7],[8,-8],[4,2]],[[3478,3253],[-2,9],[-4,9],[7,2],[1,-7],[-3,-5],[1,-8]],[[3515,3268],[-8,6],[-4,-10],[-4,0]],[[3499,3264],[1,5],[5,2],[2,5],[5,0],[3,-8]],[[3494,3272],[-1,7]],[[3493,3279],[1,-7]],[[3484,3361],[3,0],[3,-6],[5,2],[5,0],[0,-7]],[[3500,3350],[-3,2],[-8,-1],[-5,10]],[[3453,3461],[1,-1]],[[3454,3460],[-1,1]],[[3454,3460],[-1,1]],[[3453,3461],[1,-1]],[[3447,3553],[3,-8],[-4,-3],[-1,10],[2,1]],[[3478,3578],[-4,0],[1,6],[5,0],[-2,-6]],[[3520,3576],[0,-2]],[[3520,3574],[8,-7],[5,1],[3,6],[-1,9],[7,-3]],[[3542,3580],[2,-2],[-5,-7]],[[3539,3571],[-1,-6],[18,0],[2,-4],[6,2],[5,-4],[1,18],[6,7],[4,2],[-2,8],[1,5],[8,-2],[0,-4],[8,1],[1,-6],[7,0],[14,-3],[-1,-24],[7,-1],[6,3],[13,-3],[6,2],[3,-3],[-3,-8],[9,0],[5,7],[6,0],[15,11]],[[3683,3569],[-1,-4],[-13,-9],[-5,-1],[-2,-14],[-9,-7],[-4,1],[-10,-3],[-5,4],[1,6],[-8,-1],[-9,2],[-2,9],[-5,3]],[[3611,3555],[-1,6],[-3,4],[-5,-1],[-4,8],[-7,-3],[1,-12],[-8,-8],[9,0],[4,-14]],[[3597,3535],[5,-3],[1,-6],[-5,-4],[-2,-5]],[[3596,3517],[-1,-2],[-8,-2],[-4,7],[-5,1],[0,-8],[9,-3],[-2,-7],[-5,-1],[-4,3]],[[3576,3505],[-7,0],[-7,1],[0,6],[10,5],[1,8]],[[3573,3525],[-6,0],[-2,7],[5,5],[-3,17],[-8,-6],[-4,-1],[-9,7],[-19,4],[-7,4],[-3,9],[-7,-1],[-6,14],[-10,2],[-3,-4],[-7,-1],[-3,2],[-2,19],[-9,0],[-2,7],[-8,5],[1,3],[-5,5],[-5,-1],[0,6],[-9,10],[-12,-7],[-8,4],[-1,9],[-8,-3],[-4,6],[-9,-1],[2,-7],[-6,1],[-4,-5],[-5,5],[0,5],[-6,3],[-7,-1],[-4,3],[-9,1],[-1,-7]],[[3360,3643],[-7,-1],[-8,-8],[-1,5],[12,6],[-3,6],[12,2],[2,5],[4,0],[1,6]],[[3372,3664],[1,1]],[[3373,3665],[5,6],[5,-2],[8,1],[7,-5],[1,-6],[6,-11],[4,2],[6,6],[7,-2],[2,-19],[8,-1],[7,6],[8,3],[5,21],[8,0],[3,-4],[1,-10],[-5,-8],[3,-13],[5,-3],[9,0],[5,-11],[0,-13],[5,0],[6,-8],[4,5],[8,0],[5,-4],[1,-5],[-3,-6],[3,-4],[10,-4]],[[3369,3651],[11,2],[4,-6],[5,-1],[1,-5],[8,2],[-2,9],[2,7],[-11,2],[-3,-5],[-8,2],[-9,-3],[2,-4]],[[3580,3527],[1,10],[-9,0],[-1,-9],[9,-1]],[[3435,3683],[-1,-6]],[[3434,3677],[-5,1],[0,7],[6,-2]],[[3456,3694],[-3,5],[1,8],[8,1],[1,-8],[-7,-6]],[[3441,3710],[1,-3],[-7,-3],[1,7],[5,-1]],[[3422,3878],[1,5],[6,-2],[-1,-7],[-6,4]],[[3407,4027],[6,-1],[-2,-8]],[[3411,4018],[-6,-2],[-3,9],[5,2]],[[3419,4053],[-3,-10],[-3,1],[-2,14],[7,1],[1,-6]],[[3414,4192],[5,4],[5,-3],[0,-6],[-8,0],[-2,5]],[[3409,4203],[-7,-1],[-3,2],[2,6],[12,-2],[-4,-5]],[[3369,4342],[1,-1]],[[3370,4341],[-2,3]],[[3368,4344],[1,-2]],[[3370,4341],[-1,1]],[[3369,4342],[-1,2]],[[3368,4344],[-1,15],[2,5],[8,3],[7,10],[-2,6],[7,12],[7,5]],[[3396,4400],[2,-9],[-11,-9],[2,-7],[-7,-7],[-6,-2],[-2,-6],[1,-8],[-4,-3],[2,-5],[-3,-3]],[[3398,4407],[-2,-7]],[[3396,4400],[2,7]],[[3377,4472],[5,0],[3,-7],[5,5],[-1,7],[7,-1],[1,-4],[11,2],[5,-1],[9,-1],[3,5]],[[3425,4477],[-2,-10],[6,0],[4,9]],[[3433,4476],[3,-2]],[[3436,4474],[1,0]],[[3437,4474],[-1,5]],[[3436,4479],[15,-9]],[[3451,4470],[5,2],[9,-3],[6,1]],[[3471,4470],[0,-4],[6,-2],[3,-6],[5,10],[6,1],[3,-7],[-10,1],[-1,-8],[-9,-2],[-3,3],[-8,0],[-3,13],[-7,-6],[6,-7],[-8,-2]],[[3451,4454],[-7,4],[-9,-3],[-2,2],[-12,-2],[-9,1],[-8,-3],[-7,7],[-7,3],[-5,-1],[-4,3],[-7,-6]],[[3374,4459],[9,-6],[-4,-5],[-12,-3],[-4,5],[-14,-5],[-2,-6],[-7,2],[-6,-2]],[[3334,4439],[-2,-7],[-5,0],[-7,-7],[-4,0],[0,6],[-5,3],[-3,-5],[-6,-1],[-6,-11],[-3,-3],[-12,-2],[-2,-4],[-5,2],[-10,-4],[-10,2]],[[3254,4408],[1,2],[10,1],[8,5],[1,8],[4,3],[7,0],[4,-1],[6,3],[2,13],[7,3]],[[3304,4445],[5,0],[3,-4],[9,-2],[5,1],[0,7],[4,4],[6,1],[2,-3],[4,7]],[[3342,4456],[9,1],[-1,3],[11,1],[0,7],[7,0],[5,-1],[4,5]],[[3451,4470],[-3,-2],[-10,4],[0,-11],[6,5],[6,0],[1,4]],[[3368,4453],[5,1],[1,5]],[[3374,4459],[-6,-6]],[[3404,4461],[8,2],[-5,6],[-6,-5],[3,-3]],[[3281,4425],[-6,-3],[0,-4],[7,-1],[-1,8]],[[3373,4507],[-6,0]],[[3367,4507],[6,0]],[[3374,4605],[-1,-5]],[[3373,4600],[1,5]],[[3377,4607],[-3,-2]],[[3374,4605],[-1,-5]],[[3373,4600],[-7,3],[-1,4],[5,4]],[[3370,4611],[7,5],[5,-1],[1,-6],[-6,-2]],[[3377,4691],[4,-1],[2,-6],[-6,0],[0,7]],[[3349,4767],[-7,5],[3,7],[6,-5],[-2,-7]],[[3135,7270],[4,-5],[18,3],[3,-2],[0,-5],[-3,-5],[-5,0],[-1,8],[-13,-2],[-3,8]],[[3138,7473],[-1,-5],[-12,-1],[-10,-7],[-6,-1],[-1,-6],[-7,-4],[-6,-6],[-2,3],[3,6],[7,3],[1,6],[5,1],[7,6],[6,2],[4,4],[7,1],[0,6],[7,3],[0,-8],[-2,-3]],[[3089,8007],[-6,-10],[-6,-8],[-3,7],[-4,4],[-5,0],[-8,4],[-5,0],[-2,8],[5,8],[5,4],[5,1],[4,10],[8,5],[-6,12],[10,11],[3,-2],[0,-8],[7,-8],[-1,-4],[-5,-2],[-1,-5],[-6,-3],[0,-8],[-5,-4],[2,-16],[5,3],[9,1]],[[3049,8158],[1,6],[6,1],[0,-5],[-7,-2]],[[3054,8168],[-13,13],[-5,-1],[-5,3],[1,9],[6,4],[7,-3],[5,-7],[0,-6],[5,0],[5,-5],[-6,-7]],[[3050,8197],[-3,2],[-2,11],[-3,5],[8,0],[1,-12],[-1,-6]],[[3039,8208],[-2,-7],[-7,3],[-1,14],[8,-2],[2,-8]],[[3028,8293],[-2,-1],[-4,-10],[-4,-5],[-5,1],[-1,8],[2,3],[-2,8],[6,0],[4,-4],[6,0]],[[3004,8545],[2,-1],[5,-10],[0,-10],[-3,-10],[-3,11],[1,11],[-5,0],[-2,7],[-9,0],[-4,-5],[1,-7],[3,-2],[2,-8],[-6,1],[0,6],[-8,6],[2,2],[-1,10],[3,5],[8,2],[8,-1],[6,-7]],[[3026,8559],[-11,12],[-10,-2],[-10,4]],[[2995,8573],[3,3],[6,1],[4,6],[5,-1],[1,-6],[10,-9],[2,-8]],[[3029,8575],[-6,-3],[-1,8],[3,2],[4,-7]],[[2972,8941],[4,-6]],[[2976,8935],[-4,6]],[[2954,8948],[3,-1]],[[2957,8947],[1,-9],[-2,-3]],[[2956,8935],[-2,13]],[[2972,8941],[-5,0],[3,9],[6,-7],[-4,-2]],[[2978,8964],[0,5],[6,2],[-1,-7],[-5,0]],[[2946,8999],[6,2]],[[2952,9001],[-1,-7],[-6,-1],[1,6]],[[2972,9019],[4,-4]],[[2976,9015],[-1,-2]],[[2975,9013],[-3,0],[0,-12]],[[2972,9001],[-7,0],[0,-5],[17,1],[3,-5],[-4,-6],[-4,-2],[-5,5],[-1,-8],[-6,-1],[-2,9],[-3,2],[1,6],[-4,5],[-5,-1]],[[2952,9001],[-2,3]],[[2950,9004],[1,9],[-7,-3],[-4,-8]],[[2940,9002],[0,-2]],[[2940,9000],[2,-1]],[[2942,8999],[1,-1]],[[2943,8998],[1,-1]],[[2944,8997],[-6,-8],[-6,6]],[[2932,8995],[-4,7]],[[2928,9002],[-1,2]],[[2927,9004],[-1,1]],[[2926,9005],[9,-2],[5,11],[-4,2]],[[2936,9016],[-7,3],[1,6],[5,4],[15,4],[3,-14],[2,4],[7,1],[4,-4],[6,-1]],[[2936,9016],[7,2],[-1,4],[-7,0],[1,-6]],[[2975,9013],[1,2]],[[2976,9015],[7,4],[-1,-7],[5,1]],[[2987,9013],[3,-1],[4,-7],[-11,1],[-9,-2],[1,9]],[[3702,1686],[6,-8],[-7,0],[1,8]],[[3670,1744],[2,-1]],[[3672,1743],[3,-5]],[[3675,1738],[3,-5],[-6,-6],[-6,10],[-1,8],[-5,8],[0,4],[7,1],[0,-7],[3,-7]],[[3670,1744],[2,-1]],[[3672,1743],[-2,1]],[[3692,1789],[-4,7],[12,-3],[-8,-4]],[[3681,1804],[0,2],[-1,15],[7,-5],[5,-6],[-2,-6],[-9,0]],[[3679,1834],[-6,6],[8,0],[8,-5],[-10,-1]],[[3666,1840],[-3,6],[5,4],[5,0],[0,-8],[-7,-2]],[[3658,1850],[-7,3],[-2,12],[10,-2],[-1,-13]],[[3678,1876],[1,-8],[-10,1],[-7,-3],[-2,8],[10,2],[8,0]],[[3644,1878],[6,3],[1,9]],[[3651,1890],[1,2]],[[3652,1892],[7,-5],[0,-11],[-2,-6],[-8,-4],[-6,2],[-2,5],[3,5]],[[3652,1892],[-1,-2]],[[3651,1890],[-1,4],[6,8],[3,-6],[-7,-4]],[[3688,1946],[0,-14],[-3,-7]],[[3685,1925],[0,7],[-3,5],[-8,4],[-2,-5],[-5,1],[0,7],[6,0],[1,4],[11,1],[3,-3]],[[3646,1932],[-2,1]],[[3644,1933],[-6,10],[2,2],[9,0],[3,-3],[5,0],[0,-8],[-1,-3],[-10,1]],[[3650,1952],[9,1],[-1,-8],[-5,-2],[-3,9]],[[3672,1949],[-4,-3],[-3,8],[-4,4],[6,3],[5,-12]],[[3653,1996],[-6,5],[-7,-1],[-1,5],[4,3],[8,-1],[3,-5],[-1,-6]],[[3665,2016],[-5,2],[2,7],[7,1],[1,-5],[-5,-5]],[[3678,2037],[-10,-2],[-2,4],[6,8],[7,1],[-2,-8],[1,-3]],[[3673,2074],[3,-3]],[[3676,2071],[2,-1]],[[3678,2070],[4,-3],[3,-10],[-13,-2],[-8,2],[-3,-6],[-4,5],[2,7]],[[3659,2063],[1,5]],[[3660,2068],[13,6]],[[3648,2041],[-1,-4],[-12,-1],[-6,19],[-1,11],[-3,2],[1,8],[9,-2],[2,-6],[0,-10],[3,-1],[-1,-8],[2,-3],[8,-1],[-1,-4]],[[3656,2072],[4,-4]],[[3660,2068],[-1,-5]],[[3659,2063],[-6,0],[3,9]],[[3678,2070],[-2,1]],[[3676,2071],[0,3]],[[3676,2074],[2,-4]],[[3673,2074],[3,0]],[[3676,2074],[-3,0]],[[3656,2072],[-8,0],[0,7],[10,1],[-2,-8]],[[3645,2076],[-8,3],[-1,8],[9,-1],[0,-10]],[[3658,2100],[2,4],[5,0],[0,-8],[-7,4]],[[3632,2112],[-2,-2],[4,-12]],[[3634,2098],[2,-5],[-8,0],[-5,3],[3,13],[5,4]],[[3631,2113],[1,-1]],[[3632,2112],[-1,1]],[[3631,2113],[1,-1]],[[3646,2143],[3,0],[-1,-11],[-5,-2],[-2,-7],[-4,-5],[-2,7],[-11,6],[1,7],[5,-5],[14,2],[2,8]],[[3660,2146],[-1,-4],[-6,1],[0,4],[7,-1]],[[3646,2143],[-4,-3],[-10,3],[-2,5],[-5,4],[8,3],[7,0],[7,2],[1,-7],[-2,-7]],[[3665,2186],[14,5],[0,-11],[6,-4],[-1,-6],[-8,-5],[1,-12],[5,0],[-4,-17],[6,0]],[[3684,2136],[0,-6],[-11,1],[-4,-2],[-3,6],[5,4],[4,10],[-7,0],[-4,7],[5,6],[-5,5],[0,6],[-8,0],[-4,6],[-7,-1],[3,10],[5,0],[1,-4],[9,-5],[2,7]],[[3662,2189],[3,-3]],[[3665,2186],[-3,3]],[[3628,2175],[-3,6],[-3,0],[-2,9]],[[3620,2190],[4,4],[-1,6]],[[3623,2200],[0,1]],[[3623,2201],[4,-7],[10,1],[0,-6],[4,-3],[-1,-5],[-9,-8],[6,-7],[-8,1],[-3,-4],[-9,1],[-4,10],[10,-1],[5,2]],[[3667,2225],[-7,-6],[-1,6],[0,9],[8,-1],[0,-8]],[[3652,2259],[0,-15],[-8,5],[0,10],[8,0]],[[3660,2278],[-6,0],[-5,4],[0,5],[14,-2],[-3,-7]],[[3632,2305],[1,-1]],[[3633,2304],[-1,1]],[[3632,2305],[1,-1]],[[3633,2304],[-1,1]],[[3647,2315],[-1,-5],[-5,-4]],[[3641,2306],[6,9]],[[3647,2324],[0,-9]],[[3647,2315],[0,9]],[[3625,2377],[9,-3],[0,-18],[-8,0],[-2,4],[-13,-2],[-9,1],[-3,12],[16,3],[4,6],[6,-3]],[[3625,2377],[-2,-14],[5,-2],[-3,16]],[[3572,2658],[4,2],[4,-2],[0,-8],[-7,0],[-1,8]],[[3576,2793],[-5,2],[2,10],[8,-1],[-1,-10],[-4,-1]],[[3567,3040],[-6,2],[0,7],[11,3],[3,-3],[-1,-7],[-7,-2]],[[3535,3149],[-1,-14],[-5,0],[1,15],[5,-1]],[[3574,3183],[-15,-8],[-1,-6],[-5,-6],[-12,-4],[2,23],[18,1],[0,7],[12,1],[1,-8]],[[3519,3173],[1,6],[9,0],[-2,-8],[-9,-2],[1,4]],[[3551,3205],[10,-3],[1,-8]],[[3562,3194],[-1,-3],[-9,-6],[-8,-1],[2,21],[5,0]],[[3554,3207],[-3,-2]],[[3551,3205],[3,2]],[[3558,3259],[-5,-2]],[[3553,3257],[5,2]],[[3530,3269],[2,-1]],[[3532,3268],[19,-4],[2,-7]],[[3553,3257],[-8,-1],[-8,2],[-2,3],[-6,-1],[-2,-9],[-5,-7],[-5,0],[-5,10],[3,14]],[[3515,3268],[1,-8],[3,-14],[6,10],[0,7],[5,6]],[[3556,3263],[2,-4]],[[3558,3259],[-2,4]],[[3532,3268],[-2,1]],[[3530,3269],[2,-1]],[[3540,3342],[6,-4],[2,-6],[-8,-1],[0,11]],[[3528,3340],[-13,0],[-1,3],[10,2],[4,-5]],[[3516,3381],[-1,-1]],[[3515,3380],[1,1]],[[3516,3381],[-1,-1]],[[3515,3380],[1,1]],[[3524,3460],[-4,5]],[[3520,3465],[4,-5]],[[3509,3491],[-4,3],[2,8],[9,0],[-1,-8],[-6,-3]],[[3508,3524],[-4,0],[-3,10],[3,5],[13,-1],[1,-10],[-5,-4],[-5,0]],[[3520,3574],[0,2]],[[3520,3576],[0,-2]],[[3527,3638],[-6,-2],[-4,3],[-1,9],[6,5],[5,-8],[0,-7]],[[3484,3667],[0,-4],[-9,-2],[2,11],[5,1],[2,-6]],[[3472,3737],[4,5],[2,-9],[-6,4]],[[3502,3757],[4,3],[2,-10],[-4,-2],[-2,9]],[[3470,4100],[-6,-5],[-2,7],[-10,-1],[0,3],[13,2],[1,-7],[4,1]],[[3479,4105],[-12,2],[3,9],[9,-11]],[[3474,4127],[-5,-6],[-7,12],[-4,1],[-1,23],[7,8],[-2,7],[6,3],[-1,-11],[1,-7],[-8,-3],[1,-6],[5,-2],[-3,-7],[4,-3],[1,-8],[6,-1]],[[3466,4252],[-3,-3],[0,-7],[-7,6],[4,9],[-1,7],[9,4],[3,-7],[-5,-9]],[[3444,4293],[-4,10],[9,4],[6,-12],[-7,-4],[-4,2]],[[3432,4383],[3,-8],[-9,-1],[6,9]],[[3432,4383],[-9,4],[5,5],[4,-9]],[[3398,4407],[-2,4],[5,4],[5,0],[0,6],[8,3],[3,4],[18,3],[6,15],[11,-3],[-1,11]],[[3451,4454],[13,-3]],[[3464,4451],[8,-2],[0,-3],[-11,-3],[0,4],[-7,-1],[-1,-4],[-6,-3]],[[3447,4439],[4,0]],[[3451,4439],[0,-2]],[[3451,4437],[-8,-3],[-9,-9],[-18,-3],[-2,-5],[-6,-1],[-2,-6],[-8,-3]],[[3437,4474],[-1,0]],[[3436,4474],[-3,2]],[[3433,4476],[3,3]],[[3436,4479],[1,-5]],[[3407,4481],[0,-1]],[[3407,4480],[0,1]],[[3400,4481],[7,0]],[[3407,4481],[0,-1]],[[3407,4480],[-7,1]],[[3418,4545],[-5,2],[0,6]],[[3413,4553],[4,-3],[1,-5]],[[3431,4596],[-4,0]],[[3427,4596],[-4,4]],[[3423,4600],[7,0],[1,-4]],[[3401,4591],[-4,4],[-5,-1],[0,9],[-9,-1],[0,6],[5,7]],[[3388,4615],[8,-18],[5,6],[2,-8],[-2,-4]],[[3423,4600],[-7,-3],[-5,3],[-8,-1],[-3,10],[-12,6]],[[3388,4615],[3,1],[0,7],[4,-1],[2,6],[14,2],[4,3],[-2,8],[-5,-2],[-1,4]],[[3407,4643],[12,0],[1,-6],[-4,-9],[-3,0],[-2,-7],[3,-9],[1,-11],[4,7],[4,-8]],[[3412,4717],[-3,10],[6,4],[6,1],[2,-5],[-6,-7],[-5,-3]],[[3099,7904],[-5,-4],[-2,6],[5,5],[2,-7]],[[3100,7930],[4,8],[5,-5],[1,-8],[-5,-3],[-5,8]],[[3078,8079],[6,-2],[0,-6],[-4,0],[-2,8]],[[3116,8157],[-3,-6],[7,-1],[6,-6],[5,-10],[5,-4],[-1,-12],[-3,-4],[0,-11],[-3,0],[-4,11],[-3,3],[-9,1],[-2,12],[2,6],[-11,2],[-1,10],[10,11],[5,-2]],[[3099,8126],[-3,7],[4,2],[2,-6],[-3,-3]],[[3085,8158],[1,7],[5,-3],[-2,-6],[-4,2]],[[3071,8178],[-1,6],[4,4],[6,-3],[0,-7],[-4,-3],[-5,3]],[[3067,8203],[2,-5],[-6,-2],[1,7],[3,0]],[[3059,8249],[3,13],[15,1],[-9,-7],[-6,-7],[-3,0]],[[3026,8559],[3,0],[15,-11],[3,-5],[-8,-7],[4,-11],[-2,-4],[-8,4],[2,11],[4,2],[0,10],[-2,4],[-5,2],[-6,5]],[[3030,8626],[5,1],[1,-6],[-7,-3],[1,8]],[[3016,8926],[-1,-1]],[[3015,8925],[1,1]],[[3014,8924],[-1,1]],[[3013,8925],[0,7]],[[3013,8932],[1,1]],[[3014,8933],[2,-7]],[[3016,8926],[-1,-1]],[[3015,8925],[-1,-1]],[[3042,8968],[-2,-7],[-5,0],[-3,11],[6,1],[4,-5]],[[3042,8968],[5,7]],[[3047,8975],[-5,-7]],[[3002,8969],[-4,-6],[-5,0],[2,7],[7,-1]],[[3019,8976],[8,0],[0,-4],[-7,0],[-1,4]],[[3016,9088],[2,-8],[4,-6],[0,-14],[4,-5],[0,-4],[-6,-1],[-3,6],[-2,28],[-5,7],[5,9],[4,1],[-3,-13]],[[3013,9116],[15,1],[0,-12],[-9,3],[-4,-3],[-4,9],[2,2]],[[3752,1647],[8,1],[-1,-9],[-7,8]],[[3774,1680],[0,-6],[-7,1],[3,5],[4,0]],[[3722,1754],[-10,-1],[-1,6],[11,-1],[0,-4]],[[3761,1776],[5,-2],[1,-5],[-6,0],[0,7]],[[3762,1778],[-5,4],[8,6],[4,-3],[0,-4],[-7,-3]],[[3724,1775],[-6,0],[0,12],[6,-2],[0,-10]],[[3751,1796],[6,9],[3,-2],[-1,-11],[-8,4]],[[3711,1810],[-1,-1]],[[3710,1809],[1,1]],[[3711,1810],[-1,-1]],[[3710,1809],[1,1]],[[3755,1842],[4,1]],[[3759,1843],[3,-6],[-3,-11],[-6,3],[0,13],[2,0]],[[3759,1843],[-4,-1]],[[3755,1842],[-3,2],[1,8],[5,0],[1,-9]],[[3717,1854],[-6,-4],[-1,9],[-5,-4],[-7,0],[1,8],[16,1],[2,-10]],[[3715,1873],[-1,-7],[-4,-1],[-6,4],[-1,5],[7,4],[5,-5]],[[3715,1873],[2,9],[-1,3],[4,5],[5,1],[1,11],[8,1]],[[3734,1903],[-5,-8],[2,-13],[-8,-2],[-2,-7],[-6,0]],[[3734,1903],[-3,5],[3,5],[5,-4]],[[3739,1909],[-5,-6]],[[3739,1909],[2,14],[9,0],[-1,-5],[-10,-9]],[[3700,1935],[-4,7],[7,1],[3,-12],[-6,4]],[[3731,1940],[-3,-7],[-10,0],[-3,9],[4,2],[10,-1],[2,-3]],[[3742,1950],[1,-5],[-6,0],[0,8],[5,-3]],[[3688,1946],[2,11],[5,-1],[1,-5],[-8,-5]],[[3732,1971],[-2,18],[8,-3],[6,1],[-2,-11],[6,0],[1,3],[7,2],[7,0],[0,-6],[-9,-1],[-1,-5],[-12,0],[-1,-8],[-6,1],[-6,-3],[1,12],[3,0]],[[3705,1969],[0,6],[4,1],[2,-7],[-6,0]],[[3703,2016],[1,6],[8,4],[0,-8],[-9,-2]],[[3700,2023],[-2,-2],[-6,1],[-3,-3],[-9,-1],[-10,12],[9,0],[7,3],[3,-6],[9,2],[2,-6]],[[3696,2035],[-10,0],[-4,12],[7,0],[1,-7],[8,0],[-2,-5]],[[3705,2071],[16,2],[2,2],[7,0],[-4,-8],[-7,1],[0,-6],[7,0],[-1,-8],[-7,3],[-8,0],[0,-3],[7,-2],[0,-4],[-15,1],[-1,7],[-5,1],[0,4],[3,6],[8,-3],[-2,7]],[[3687,2065],[6,3],[0,-7],[-6,4]],[[3686,2084],[-2,-7]],[[3684,2077],[2,7]],[[3735,2093],[4,-7],[-6,-3],[-2,-6],[-10,1],[1,9],[-5,0],[-1,12],[2,8],[4,1],[0,-9],[7,-2],[6,-4]],[[3735,2093],[-1,10],[2,6],[5,-6],[0,-10],[-6,0]],[[3693,2091],[-4,-1],[-2,7],[-5,4],[3,5],[7,2],[2,-9],[-1,-8]],[[3686,2116],[8,0],[-2,-6],[-11,-1],[-4,4]],[[3677,2113],[1,1]],[[3678,2114],[8,2]],[[3685,2120],[1,-4]],[[3686,2116],[-1,4]],[[3686,2126],[-1,-6]],[[3685,2120],[-5,-1],[-2,-5]],[[3678,2114],[-1,-1]],[[3677,2113],[-5,0],[-4,13],[4,3],[8,-1],[6,-2]],[[3728,2132],[3,-8],[-7,1],[4,7]],[[3710,2125],[-1,-7],[-17,2],[-2,4]],[[3690,2124],[-4,2]],[[3686,2126],[3,7],[8,-1],[0,12],[-3,4]],[[3694,2148],[1,4]],[[3695,2152],[5,-3],[9,-1],[2,10],[8,-11],[1,-10],[-10,-12]],[[3710,2125],[0,8],[-10,2],[1,-8],[9,-2]],[[3690,2145],[0,-7],[-6,-2]],[[3684,2136],[2,8],[4,1]],[[3695,2152],[-1,-4]],[[3694,2148],[-4,-3]],[[3690,2145],[-1,14],[7,-2],[-1,-5]],[[3702,2183],[0,5]],[[3702,2188],[1,5]],[[3703,2193],[4,0],[-1,-9],[-1,-22],[-6,3],[3,18]],[[3722,2172],[-8,0],[-4,5],[0,9]],[[3710,2186],[4,-5],[6,2],[-1,7],[8,2],[2,-8],[5,1],[1,-7],[-13,-1],[0,-5]],[[3700,2191],[2,-3]],[[3702,2188],[0,-5]],[[3702,2183],[-10,4],[8,4]],[[3716,2196],[2,-1]],[[3718,2195],[-1,-10],[-7,1]],[[3710,2186],[-2,8],[8,2]],[[3718,2195],[-2,1]],[[3716,2196],[0,3],[9,1],[0,-6],[-7,1]],[[3703,2193],[-3,-2]],[[3700,2191],[-5,7]],[[3695,2198],[8,-5]],[[3710,2203],[1,6],[8,-3],[-4,-7],[-5,4]],[[3679,2227],[5,-4],[13,-2],[0,-4],[6,-2]],[[3703,2215],[3,-3],[-4,-5],[-6,-1],[-5,4],[-8,0],[-5,4],[-5,8],[5,1],[1,4]],[[3703,2215],[-2,6],[2,6],[4,0],[5,-4],[9,1],[3,-6],[-3,-3],[-6,5],[-5,-1],[-1,-4],[-6,0]],[[3713,2231],[2,1]],[[3715,2232],[1,-1]],[[3716,2231],[-3,0]],[[3713,2235],[1,-1]],[[3714,2234],[-1,-3]],[[3713,2231],[0,4]],[[3766,2255],[2,-9],[-5,1],[-1,10],[-7,9],[-1,5],[-8,10],[-12,-2],[-1,-3],[-13,-2],[-3,-5],[0,-7],[4,-7],[7,-1],[3,-3],[-5,-17],[-5,-4],[-5,1]],[[3716,2231],[-1,1]],[[3715,2232],[-1,2]],[[3714,2234],[-1,1]],[[3713,2235],[-4,2],[2,9],[-6,-3],[-1,-7],[-10,8],[0,9],[6,1],[1,7],[9,3],[0,6],[-5,-1],[0,7],[-13,-2],[-8,-3],[-5,-7],[-6,-5],[0,-10],[13,-2],[0,-7],[-17,6],[1,11],[-3,4],[-9,1],[-6,-3]],[[3652,2259],[1,8],[-8,0],[5,8],[8,-1],[13,-6],[8,1],[4,6],[24,4],[4,5],[5,-1],[5,-6],[11,1],[0,4],[14,1],[9,-10],[1,-6],[6,-3],[1,-8],[3,-1]],[[3663,2259],[4,-6],[-8,0],[4,6]],[[3686,2333],[0,-9],[-4,1],[-3,-12],[-6,-4],[-16,-1],[-1,8],[3,5],[11,-1],[-4,11],[12,0],[8,2]],[[3700,2324],[-5,-1],[-5,1],[3,11],[0,6],[5,2],[3,-3],[1,-11],[-2,-5]],[[3688,2467],[5,6],[3,-9],[-6,-1],[-2,4]],[[3692,2538],[4,0],[1,-5],[-7,-1],[2,6]],[[3681,2603],[11,-1],[-4,-6],[-7,7]],[[3684,2612],[-15,1],[1,9],[5,4],[10,-5],[-1,-9]],[[3659,2860],[-7,-2],[1,12],[8,0],[-1,-5],[6,0],[0,-7],[-7,2]],[[3591,3022],[-6,1],[-1,6],[0,10],[13,-1],[-1,-6],[0,-11],[-5,1]],[[3619,3034],[1,18],[10,3],[14,-4],[6,0],[3,-4],[-2,-5],[-6,0],[-4,-5],[-7,1],[0,-5],[-7,-1],[-8,2]],[[3617,3116],[5,-4],[6,4],[14,-1],[-2,-14],[-18,-3],[-7,-7],[-10,1],[-1,8],[2,7],[5,1],[6,8]],[[3604,3149],[4,-2]],[[3608,3147],[-4,2]],[[3608,3147],[-4,2]],[[3604,3149],[-4,10],[8,1],[2,-6],[-2,-7]],[[3601,3169],[0,-3]],[[3601,3166],[-7,-4]],[[3594,3162],[-2,1]],[[3592,3163],[9,6]],[[3578,3174],[-1,-2]],[[3577,3172],[2,-6],[8,0],[-3,7]],[[3584,3173],[0,2]],[[3584,3175],[3,4],[16,2],[5,-3],[0,-10],[3,-5],[-10,0],[0,3]],[[3601,3166],[0,3]],[[3601,3169],[-3,2],[-6,-8]],[[3592,3163],[2,-1]],[[3594,3162],[-3,-4],[-16,0],[-4,1],[1,13],[6,2]],[[3584,3173],[-7,-1]],[[3577,3172],[7,1]],[[3584,3175],[-6,-1]],[[3578,3174],[6,1]],[[3562,3194],[1,5],[0,11],[-7,0],[-2,-3]],[[3554,3207],[-1,14],[11,-1]],[[3564,3220],[7,-1],[1,8],[7,1],[2,6],[5,-2],[7,1],[11,-2],[-1,-11],[-5,0],[-14,1],[-6,-6],[-1,-15],[-6,-7],[-9,1]],[[3621,3255],[-6,5]],[[3615,3260],[1,6],[-4,2]],[[3612,3268],[5,2]],[[3617,3270],[7,5],[1,-11],[-4,-9]],[[3597,3272],[5,-3]],[[3602,3269],[5,-1],[0,-5],[-3,-4],[-7,1],[0,12]],[[3588,3264],[-4,3]],[[3584,3267],[1,0]],[[3585,3267],[3,-3]],[[3602,3269],[10,3],[0,-4]],[[3612,3268],[-1,2],[-9,-1]],[[3584,3267],[-7,7]],[[3577,3274],[1,0]],[[3578,3274],[4,0]],[[3582,3274],[4,6]],[[3586,3280],[1,-9],[-2,-4]],[[3585,3267],[-1,0]],[[3586,3280],[-8,-6]],[[3578,3274],[-1,0]],[[3577,3274],[-3,-3],[-13,-3],[-5,-5]],[[3556,3263],[-7,4],[2,6],[-5,3],[0,8],[10,-1],[6,-6],[-8,0]],[[3554,3277],[8,-7],[5,8],[-2,10],[3,7],[7,1],[2,-2],[0,-11],[11,5],[4,-6],[-6,-2]],[[3601,3291],[-6,4],[3,6],[3,-10]],[[3583,3298],[-3,0],[-1,9],[3,0],[1,-9]],[[3596,3517],[3,0],[0,-16],[-8,0],[0,7],[6,6],[-1,3]],[[3541,3534],[-5,-2],[-1,7],[3,6],[6,-5],[-3,-6]],[[3557,3588],[3,-7],[-6,0],[-1,6],[4,1]],[[3544,3590],[-2,-10]],[[3542,3580],[2,10]],[[3581,3611],[2,3],[7,-2],[0,-5],[-9,4]],[[3589,3629],[3,-8],[-8,3],[-7,-1],[0,9],[3,2],[4,-8],[5,3]],[[3556,3626],[-5,1],[-1,4],[5,9],[1,-14]],[[3549,3657],[-3,7],[-5,0],[0,9],[10,-2],[-2,-14]],[[3499,4238],[1,0]],[[3500,4238],[3,-7],[-2,-4],[-5,0],[-3,-12],[-4,-5],[1,-7],[4,-4],[-11,-18],[1,-9],[-6,-4],[0,11],[4,8],[1,9],[5,2],[-4,16],[6,5],[0,6],[-1,16],[5,-5],[5,2]],[[3500,4238],[-1,0]],[[3499,4238],[-1,2],[6,13],[3,1],[-2,-13],[-5,-3]],[[3489,4293],[1,-9],[-6,-3],[-1,7],[6,5]],[[3451,4437],[0,2]],[[3451,4439],[0,-2]],[[3487,4443],[-8,0]],[[3479,4443],[4,6],[4,-6]],[[3496,4523],[0,2]],[[3496,4525],[4,-2]],[[3500,4523],[-4,0]],[[3496,4525],[-1,0]],[[3495,4525],[1,-2]],[[3496,4523],[-3,-4],[-10,-1],[-1,2],[-11,0],[-7,5],[0,5],[-10,3],[-1,6],[15,-1],[3,8],[7,0],[6,-6],[5,1],[7,-9],[0,-7]],[[3485,4547],[-1,5],[7,1],[5,2],[0,-9],[-4,3],[-7,-2]],[[3457,4572],[-8,0],[-6,-2],[-2,4],[7,2],[2,-3],[7,-1]],[[3493,4598],[2,-3]],[[3495,4595],[-2,3]],[[3493,4598],[2,5]],[[3495,4603],[-2,-5]],[[3457,4625],[0,-1]],[[3457,4624],[-2,-11]],[[3455,4613],[5,0],[1,-7],[-4,-3],[-5,-19],[-9,-2],[-7,0]],[[3436,4582],[7,7],[6,-1]],[[3449,4588],[3,7],[-8,10],[-6,-2],[-7,-7]],[[3431,4596],[0,7],[6,15],[7,-3]],[[3444,4615],[8,1],[5,9]],[[3469,4614],[3,-5]],[[3472,4609],[-3,5]],[[3457,4624],[0,1]],[[3457,4625],[1,4],[6,-1]],[[3464,4628],[1,-3],[7,0],[3,2]],[[3475,4627],[-6,-13]],[[3469,4614],[0,3],[-12,7]],[[3342,5801],[-8,-2],[-3,6],[5,3],[0,6],[7,-3],[1,-8],[-2,-2]],[[3197,7544],[-6,2],[0,6],[9,1],[-3,-9]],[[3163,7852],[-4,0],[-4,7],[9,1],[-1,-8]],[[3185,7912],[5,-3],[-3,-8],[-10,7],[8,4]],[[3164,7912],[4,-4],[-11,-2],[-3,13],[7,1],[3,-8]],[[3168,7947],[-5,-1],[-3,7],[8,-1],[0,-5]],[[3189,7946],[-5,2],[-2,5],[11,-1],[-4,-6]],[[3178,7974],[7,8],[1,-11],[-2,-4],[-5,0],[-1,7]],[[3158,7983],[-2,5],[-5,3],[4,10],[7,3],[-1,-10],[2,-5],[0,-10],[3,-3],[5,0],[0,-7],[-5,-5],[-10,-5],[-9,7],[-3,17],[5,-4],[9,4]],[[3151,8014],[-4,0],[-2,4],[5,4],[1,-8]],[[3144,8041],[-6,2],[-1,11],[4,4],[5,0],[-2,-17]],[[3162,8117],[2,2]],[[3164,8119],[-2,-2]],[[3177,8142],[5,2],[6,-11],[-1,-8],[-8,-3],[-3,-4],[-3,-9],[-6,2],[-12,-5]],[[3155,8106],[0,10],[7,1]],[[3162,8117],[2,2]],[[3164,8119],[8,4],[-2,8],[6,3],[1,8]],[[3136,8149],[2,8],[-1,8],[6,-1],[-1,-11],[-6,-4]],[[3160,8161],[4,4],[1,12],[2,0],[2,-12],[-5,-6],[-4,2]],[[3127,8164],[0,8],[4,3],[4,-8],[-8,-3]],[[3155,8182],[2,-1]],[[3157,8181],[-3,-9],[3,-19],[-7,-1],[2,7],[0,17],[-4,0],[-5,5],[0,5],[4,2],[8,-6]],[[3157,8181],[-2,1]],[[3155,8182],[2,-1]],[[3163,8233],[-10,-5],[7,-12],[-5,-6],[-12,1],[-6,5],[-5,-1],[-6,12],[-1,18],[-4,5],[1,11],[5,13],[4,4],[7,-1],[1,4],[8,2],[5,5],[4,-4],[-7,-5],[-12,-4],[3,-3],[4,-9],[7,-5],[1,-10],[3,-9],[4,-5],[4,-1]],[[3122,8391],[-5,-5]],[[3117,8386],[5,5]],[[3081,8576],[1,-6],[-5,-2],[-1,5],[5,3]],[[3094,8912],[4,-5],[1,-8],[-5,-1],[-3,3],[0,9],[-5,-1],[-1,4],[6,3],[-1,7],[7,2],[0,-8],[-3,-5]],[[3840,1634],[-3,-4]],[[3837,1630],[3,4]],[[3792,1627],[-8,0],[0,8],[3,1],[5,-9]],[[3798,1732],[2,8],[4,-1],[-1,-11],[-5,-3],[0,7]],[[3770,1872],[-3,-6],[-2,17],[6,1],[-1,-12]],[[3772,1885],[-4,2],[0,9],[5,1],[-1,-12]],[[3820,1914],[0,-7],[-8,3],[-1,-10],[-4,0],[-2,8],[1,8],[14,-2]],[[3793,1907],[-7,-6],[-2,5],[8,11],[1,-10]],[[3788,2033],[7,-1],[-4,-7],[-3,2],[0,6]],[[3759,2026],[3,9],[10,4],[0,-6],[-7,-2],[1,-4],[-7,-1]],[[3792,2041],[4,7],[4,-4],[-3,-4],[-5,1]],[[3785,2059],[1,-4],[6,-3],[0,-5],[-6,-4],[-6,2],[-1,9],[-8,0],[-3,10],[5,1],[5,-4],[7,-2]],[[3762,2067],[-5,1],[-5,-4],[1,-6],[-9,1],[3,10],[15,2],[0,-4]],[[3778,2075],[5,1],[1,-8],[-3,0],[-3,7]],[[3778,2075],[-7,-9],[-3,2],[-1,12],[6,0],[5,-5]],[[3742,2084],[6,2],[1,-9],[-3,0],[-4,7]],[[3750,2084],[1,5],[14,3],[-1,-7],[-11,-5],[-3,4]],[[3786,2094],[1,-9],[-4,2],[-7,-1],[4,9],[6,-1]],[[3762,2097],[-3,8],[-6,-4],[-5,3],[-1,8],[6,-2],[10,1],[-1,-14]],[[3736,2112],[-4,3],[1,13],[5,-1],[-1,-7],[4,-2],[-5,-6]],[[3746,2126],[7,-1],[-1,-7],[-6,1],[0,7]],[[3722,2172],[1,-3],[13,7],[-1,-10],[-5,1],[1,-10],[4,6],[13,-2],[3,-11],[-9,2],[-5,-1],[-8,3],[-5,-1],[-4,8],[2,11]],[[3755,2192],[8,-1],[1,-7],[-5,-1],[-8,4],[-5,-1],[-4,6],[3,7],[10,-7]],[[3760,2201],[-9,10],[8,0],[1,-10]],[[3735,2226],[4,-2],[1,-10],[8,0],[1,-4],[-5,-6],[-5,3],[-9,1],[-1,7],[3,1],[-2,8],[5,2]],[[3733,2239],[4,0],[-2,-10],[-4,1],[2,9]],[[3739,2252],[1,7],[6,0],[0,-7],[-7,0]],[[3771,2270],[6,2],[3,-6],[-8,-1],[-1,5]],[[3766,2289],[0,-1]],[[3766,2288],[0,1]],[[3766,2288],[0,1]],[[3766,2289],[0,-1]],[[3718,2307],[2,-1]],[[3720,2306],[-2,1]],[[3720,2306],[-2,1]],[[3718,2307],[2,-1]],[[3733,2329],[3,-7],[-4,-5],[-8,0],[-2,4],[0,11],[6,0],[5,-3]],[[3739,2336],[-3,-7],[-3,0]],[[3733,2329],[6,7]],[[3729,2349],[-14,0],[-1,10],[12,1],[-1,-8],[4,-3]],[[3786,2377],[-3,7],[-8,-4],[0,7],[-9,-2],[-3,5]],[[3763,2390],[4,-4],[4,4],[5,1],[4,-5],[6,1],[0,-10]],[[3731,2406],[-7,2]],[[3724,2408],[7,-2]],[[3715,2415],[-1,5]],[[3714,2420],[1,-5]],[[3766,2436],[-3,-5],[-4,-1],[-5,8],[8,1],[4,-3]],[[3722,2439],[2,1]],[[3724,2440],[10,3],[2,-8],[9,-2],[1,-3],[-12,0],[-12,9]],[[3729,2449],[-5,-9]],[[3724,2440],[-2,-1]],[[3722,2439],[-7,-1],[-5,5],[0,6],[8,6],[10,1],[1,-7]],[[3759,2450],[-5,0],[2,8],[6,3],[1,-9],[-4,-2]],[[3706,2470],[8,1],[-9,-10],[1,9]],[[3708,2837],[9,-5],[-1,-6],[-5,1],[-7,5],[4,5]],[[3692,3228],[1,2]],[[3693,3230],[-3,-9],[-12,-1],[-4,3],[-1,10],[5,5],[-1,5]],[[3677,3243],[5,-1]],[[3682,3242],[3,-2]],[[3685,3240],[0,-1]],[[3685,3239],[-1,-3]],[[3684,3236],[0,-9],[6,0]],[[3690,3227],[1,0]],[[3691,3227],[1,1]],[[3673,3238],[-2,1]],[[3671,3239],[2,-1]],[[3662,3244],[2,1]],[[3664,3245],[5,-1]],[[3669,3244],[2,-5]],[[3671,3239],[2,-1]],[[3673,3238],[-10,1],[-1,5]],[[3647,3246],[1,-2]],[[3648,3244],[-1,2]],[[3679,3259],[-2,-6],[-7,-5],[-1,-4]],[[3669,3244],[-5,1]],[[3664,3245],[-2,-1]],[[3662,3244],[-2,6]],[[3660,3250],[-7,-3],[-1,-7],[-6,2]],[[3646,3242],[2,2]],[[3648,3244],[-1,2]],[[3647,3246],[2,8],[5,5],[7,1],[9,-6],[2,10],[5,1],[2,-6]],[[3646,3242],[-4,-1],[-6,5],[-2,14],[-11,-7],[-2,2]],[[3621,3255],[5,3],[0,7],[5,5],[6,1],[4,-6],[-2,-20],[7,-3]],[[3611,3506],[5,2],[3,-3],[-1,-7],[-7,0],[0,8]],[[3651,3505],[-1,-9],[-6,0],[0,-7],[-9,0],[-6,6],[-2,11],[-6,-1],[-4,11],[5,4],[1,5],[6,-2],[2,-9],[14,7],[2,-16],[4,0]],[[3632,3523],[-6,9],[3,3],[6,-10],[-3,-2]],[[3611,3555],[-6,-3],[-7,5],[-1,8],[14,-10]],[[3640,3568],[-2,10],[5,8],[3,-12],[-6,-6]],[[3618,3589],[-5,5],[4,5],[9,1],[4,-6],[-12,-9],[0,4]],[[3601,3619],[4,-4],[-2,-4],[-7,1],[0,7],[5,0]],[[3628,3645],[2,8],[7,-1],[0,-9],[-9,2]],[[3585,3669],[-2,6],[8,0],[-1,-6],[-5,0]],[[3623,3706],[2,-4],[-6,-5],[-1,-12],[7,1],[1,3],[8,0],[0,-9],[-16,-3],[-5,-6],[-7,-3],[0,-6],[3,-6],[-10,-1],[-2,2],[0,10],[1,5],[0,8],[-4,4],[-8,4],[4,11],[7,1],[1,-7],[4,-2],[3,-7],[6,1],[1,14],[5,1],[1,5],[5,1]],[[3617,3788],[-6,2],[-16,-8],[-1,5],[4,4],[7,-1],[14,8],[-2,-10]],[[3542,4250],[-1,-7],[-10,1],[-1,7],[9,2],[3,-3]],[[3561,4290],[0,3]],[[3561,4293],[0,-3]],[[3541,4258],[-5,4],[0,4],[4,9],[6,3],[5,5],[-3,12],[6,10],[1,3],[7,-1],[4,9],[0,7],[3,8],[4,0],[1,-7],[6,2],[3,8],[4,-6],[-11,-6],[-4,-5],[5,-5],[1,-7],[-5,-5],[-8,-2]],[[3565,4298],[-4,-5]],[[3561,4293],[0,-3]],[[3561,4290],[2,-8],[-1,-11],[-10,1],[0,-6],[-7,-1],[-4,-7]],[[3538,4312],[-2,10],[5,5],[8,0],[2,-3],[1,-10],[-14,-2]],[[3542,4359],[0,-5]],[[3542,4354],[0,5]],[[3550,4376],[-2,3],[-1,10],[3,3],[10,4],[8,1],[3,-15],[-6,-3],[-15,-3]],[[3522,4432],[4,6],[-17,-3],[9,7],[3,-2],[8,1],[5,-2],[1,-8],[6,-8],[9,-2],[2,-6],[-3,-3],[-9,8],[-7,-1],[-1,6],[-5,1],[-5,6]],[[3547,4495],[1,2]],[[3548,4497],[5,8]],[[3553,4505],[4,-3]],[[3557,4502],[-4,-8],[-6,1]],[[3548,4497],[-1,-2]],[[3547,4495],[1,2]],[[3570,4498],[-5,6],[-12,1]],[[3553,4505],[-5,-2],[-4,8],[18,2],[8,-2],[-3,-9],[3,-4]],[[3553,4604],[0,-4],[-14,-1]],[[3539,4599],[-4,2],[0,5],[9,0],[9,-2]],[[3489,4664],[3,6],[5,-2],[0,-12],[-8,1],[0,7]],[[3245,7456],[-1,1]],[[3244,7457],[1,-1]],[[3250,7661],[1,3],[10,-1],[6,-8],[2,-10],[-8,-4],[-4,-12],[-4,-4],[-3,-8],[-4,6],[5,10],[-3,7],[-1,10],[3,11]],[[3203,7778],[1,1],[14,2],[0,-4],[-15,-2],[0,3]],[[3215,7906],[-4,4],[3,4],[6,1],[-5,-9]],[[3264,7948],[9,0],[1,-5],[-3,-6],[-4,4],[-10,-1],[-7,-5],[-1,-4],[-5,-5],[-3,-11],[-3,8],[-6,2],[0,13],[9,0],[7,3],[0,4],[7,4],[2,5],[6,-2],[1,-4]],[[3216,7932],[0,4],[4,8],[2,-8],[-6,-4]],[[3197,7958],[2,5],[3,1],[2,-12],[-6,0],[-1,6]],[[3235,7975],[-6,14],[8,1],[1,-10],[-3,-5]],[[3200,8005],[-5,-1],[-1,8],[6,-2],[0,-5]],[[3231,8018],[1,8],[6,4],[4,-7],[-5,-13],[-3,0],[0,7],[-3,1]],[[3194,8034],[-4,8],[1,4],[5,-3],[2,-9],[-4,0]],[[3185,8039],[-7,11],[2,5],[4,0],[1,-16]],[[3194,8089],[3,7],[4,0],[-1,-9],[-6,2]],[[3194,8145],[2,-1],[-1,-10],[-5,4],[4,7]],[[3177,8142],[-3,3],[2,7],[3,1],[-2,-11]],[[3194,8145],[-3,7],[7,2],[-4,-9]],[[3173,8206],[-7,-3],[-1,9],[10,2],[-2,-8]],[[3176,8270],[1,-4],[7,-4],[0,-5],[-4,-5],[-7,1],[-1,16],[4,1]],[[3196,8261],[-3,-6],[-7,1],[4,6],[6,-1]],[[3201,8308],[-1,-6],[-4,0],[-7,-7],[-6,-1],[-4,10],[0,9],[5,1],[5,-10],[7,1],[5,3]],[[3175,8305],[-6,-7],[-9,-3],[-1,3],[6,13],[6,1],[4,-7]],[[3251,8448],[8,-6],[-5,-2],[-4,-8],[7,-8],[11,1],[0,-5]],[[3268,8420],[3,-4],[5,-2],[7,1],[5,-3],[-1,-8],[-5,1],[1,6],[-9,-2],[-6,4],[-4,-3],[-6,1],[-13,-2],[-7,-9],[-4,0],[-11,-6],[1,-12],[6,0],[3,-11],[7,1],[3,-5],[6,2]],[[3249,8369],[-1,-7],[1,-13],[-3,-3],[-6,4],[5,9],[-3,5],[-5,-1],[-1,-8],[-11,-3],[0,-4],[-12,-4],[-2,10],[6,3],[-2,15],[-6,-1],[-1,-6],[-4,-4],[1,-8],[-4,-14],[-4,5],[-3,8],[-1,13],[-5,-1],[1,-10],[-7,4],[-5,-1],[-1,11],[-5,2],[0,5],[-7,5],[-10,-1],[-3,9],[-4,-3],[-9,-1],[-1,6],[-5,-12],[1,-12],[-1,-7],[-5,-4],[1,-8],[4,-4],[5,0],[3,-15],[2,-18],[-5,-10],[5,-5],[-1,-6],[-13,-1],[-12,-1],[-5,4],[-7,11],[-1,35],[-3,6],[6,1],[-1,7],[4,2],[1,20],[-5,0],[1,9],[9,5]],[[3115,8387],[2,-1]],[[3117,8386],[-1,-10],[7,2],[-1,6],[4,4],[5,1],[1,8],[9,1],[3,10],[8,7],[0,6],[7,2],[8,-6],[9,0],[-2,-5],[3,-6],[5,0],[1,18],[4,8],[6,2],[3,-3],[6,1],[4,-6],[5,0],[5,-4],[5,0],[1,7],[17,2],[-9,17],[4,5],[10,2],[1,-11],[6,4]],[[3188,8370],[7,0],[7,2],[1,4],[-15,-1],[-2,5],[-2,13],[-8,0],[6,-10],[0,-8],[6,-5]],[[3202,8390],[-3,0],[-1,-12],[9,1],[2,10],[-7,1]],[[3211,8385],[4,-6],[3,4],[-1,5],[-6,-3]],[[3231,8362],[4,5],[-3,5],[-8,6],[-2,-4],[3,-12],[6,0]],[[3139,8792],[-2,1]],[[3137,8793],[0,2]],[[3137,8795],[2,-3]],[[3852,1645],[-12,-11]],[[3840,1634],[3,7],[9,4]],[[3894,1650],[5,-1],[2,-6]],[[3901,1643],[-6,2],[-1,5]],[[3853,1647],[-1,-2]],[[3852,1645],[1,2]],[[3883,1652],[7,1],[4,-3]],[[3894,1650],[-11,2]],[[3883,1654],[0,-2]],[[3883,1652],[0,2]],[[3869,1653],[2,2]],[[3871,1655],[-2,-2]],[[3871,1655],[0,4],[-9,-1]],[[3862,1658],[7,3],[2,-1],[0,-5]],[[3834,1656],[4,4],[4,-5],[-3,-4],[-5,1],[0,4]],[[3859,1661],[8,11],[4,-5],[-12,-6]],[[3840,1725],[-2,6],[4,6],[7,0],[2,-13],[-8,-2],[-3,3]],[[3849,1830],[-3,-2],[-6,4],[-2,8],[2,5],[7,1],[5,-6],[-3,-10]],[[3867,1846],[-7,-1],[-1,12],[8,-5],[0,-6]],[[3862,1913],[3,-13],[2,-7],[-1,-14],[2,-8],[-6,-1],[-1,6],[-7,5],[-5,-8],[-7,-1],[-5,8],[-4,3],[-2,11],[2,3],[8,1],[5,12],[4,7],[12,-4]],[[3850,1965],[-2,-6],[-12,4],[14,2]],[[3846,1972],[-5,2],[1,6],[6,0],[-2,-8]],[[3829,2080],[6,2],[1,-6],[-15,-1],[-3,5],[-5,-1],[-1,-6],[-5,-1],[-1,13],[22,-2],[1,-3]],[[3803,2094],[2,5],[9,5],[5,6],[3,0],[1,-8],[2,-4],[-1,-6],[-5,-1],[1,9],[-5,-3],[-8,0],[-4,-3]],[[3819,2136],[11,-4],[1,-4],[-12,1],[0,7]],[[3817,2152],[-4,4],[-2,8],[-14,-2],[-7,3],[-3,-3],[-1,-18],[7,3],[-1,6],[4,1],[3,-6],[6,-2],[1,-8],[6,-1],[-1,-13],[-4,-3],[-5,3],[-3,-2]],[[3799,2122],[-4,-6],[-15,6],[-2,-16],[8,0],[2,3],[9,-3],[-1,-7],[-12,1],[-10,3],[-10,0],[-1,11],[-3,10],[1,5],[15,-3],[-5,6],[-6,1],[1,6],[-1,6],[5,2],[-1,6],[-17,5],[-1,7],[14,6],[2,-9],[8,0],[0,-6],[5,0],[2,4],[-2,6],[-8,5],[2,4],[0,7],[7,-3],[7,1],[-1,-6],[13,-1],[9,2],[1,4],[7,0],[5,-3],[2,-6],[1,-8],[5,2],[3,-3],[-2,-6],[3,-11],[9,0],[2,-2],[-5,-7],[4,-3],[-2,-19],[-6,-1],[-1,6],[3,14],[-1,8],[-9,0],[-4,4],[-3,-5],[-5,0],[-1,11],[2,2]],[[3782,2138],[0,8],[-8,4],[1,-10],[2,-4],[5,2]],[[3846,2161],[3,-7],[4,-1],[1,-7],[-9,7],[-2,5],[3,3]],[[3850,2160],[-4,1]],[[3846,2161],[4,-1]],[[3837,2169],[-3,8],[-7,5],[3,6],[7,-7],[0,-12]],[[3828,2218],[-7,-3],[0,5],[7,-2]],[[3809,2211],[-4,-2],[-8,3],[-1,10],[3,5],[4,0],[6,-5],[0,-11]],[[3808,2228],[4,6],[-1,5],[7,-1],[2,-3],[-10,-8],[-2,1]],[[3813,2257],[1,-1]],[[3814,2256],[-4,-11],[4,-3],[-19,-2],[-6,1],[-1,6],[-7,0],[-4,4],[11,1],[0,8],[4,1],[3,-9],[8,2],[6,-1],[4,4]],[[3821,2293],[6,-1],[3,-6],[-15,-6],[0,-15],[2,-4],[-3,-5]],[[3814,2256],[-1,1]],[[3813,2257],[-13,9],[1,5]],[[3801,2271],[2,1]],[[3803,2272],[1,2]],[[3804,2274],[4,1]],[[3808,2275],[6,2],[-1,5],[7,3],[1,8]],[[3803,2272],[-2,-1]],[[3801,2271],[-3,9],[8,0],[2,-5]],[[3808,2275],[-4,-1]],[[3804,2274],[-1,-2]],[[3811,2291],[1,0]],[[3812,2291],[-1,0]],[[3783,2288],[3,2],[6,-1]],[[3792,2289],[-9,-1]],[[3812,2291],[-1,0]],[[3811,2291],[1,0]],[[3821,2293],[0,1]],[[3821,2294],[0,-1]],[[3834,2302],[-3,-5]],[[3831,2297],[3,5]],[[3813,2317],[-7,-4],[-7,2],[-3,-9],[-7,-1],[-1,11],[9,8],[17,-1],[-1,-6]],[[3793,2376],[-7,1]],[[3786,2377],[7,-1]],[[3815,2394],[-8,-8]],[[3807,2386],[0,2],[8,6]],[[3822,2395],[-7,-1]],[[3815,2394],[7,1]],[[3827,2405],[-1,-7],[-4,-3]],[[3822,2395],[5,10]],[[3783,2465],[1,-6],[-4,-1],[-2,5],[5,2]],[[3801,2531],[3,5],[4,1],[2,-6],[-9,0]],[[3793,2703],[2,-7],[-6,-3],[-5,5],[-8,1],[-1,6],[12,5],[1,-8],[5,1]],[[3741,2734],[-3,7],[6,1],[0,-8],[-3,0]],[[3770,2781],[1,4],[6,5],[8,-1],[5,4],[0,-9],[-9,-5],[-6,0],[-5,2]],[[3776,2837],[3,1]],[[3779,2838],[-3,-1]],[[3735,2828],[-6,3],[7,5],[2,7],[6,-2],[-1,-14],[-8,1]],[[3779,2838],[-2,2]],[[3777,2840],[2,-2]],[[3747,2832],[1,12],[4,-2],[1,-11],[-6,1]],[[3733,2990],[1,1]],[[3734,2991],[-1,-1]],[[3734,2991],[-1,-1]],[[3733,2990],[1,1]],[[3758,3014],[6,4],[6,-1],[0,-7],[-13,0],[1,4]],[[3751,3021],[1,-1]],[[3752,3020],[-2,-14],[-13,1],[1,5],[6,0],[0,10],[7,-1]],[[3752,3020],[-1,1]],[[3751,3021],[2,8],[5,1],[3,-3],[6,0],[-4,-8],[-11,1]],[[3738,3173],[2,-4]],[[3740,3169],[-2,4]],[[3740,3169],[-2,4]],[[3738,3173],[2,-4]],[[3729,3186],[2,4],[7,1]],[[3738,3191],[-6,-2],[2,-4]],[[3734,3185],[-5,0]],[[3729,3185],[0,1]],[[3725,3188],[4,-2]],[[3729,3186],[0,-1]],[[3729,3185],[-4,3]],[[3722,3199],[3,-3],[5,2]],[[3730,3198],[-1,-4],[-5,0],[-2,5]],[[3712,3202],[8,1],[2,-4]],[[3722,3199],[-6,-3],[-4,6]],[[3712,3210],[0,-8]],[[3712,3202],[0,8]],[[3712,3210],[-1,18]],[[3711,3228],[4,2]],[[3715,3230],[1,1]],[[3716,3231],[1,-8],[-3,-4],[0,-5],[-2,-4]],[[3715,3231],[0,-1]],[[3715,3230],[-4,-2]],[[3711,3228],[4,3]],[[3691,3231],[2,0]],[[3693,3231],[0,-1]],[[3693,3230],[-1,-2]],[[3692,3228],[-1,-1]],[[3691,3227],[-1,0]],[[3690,3227],[1,4]],[[3716,3231],[-1,0]],[[3715,3231],[1,0]],[[3703,3241],[-3,-2]],[[3700,3239],[3,2]],[[3691,3231],[-6,8]],[[3685,3239],[0,1]],[[3685,3240],[4,6]],[[3689,3246],[4,1]],[[3693,3247],[8,-2],[-1,-6]],[[3700,3239],[-2,4],[-5,0],[-2,-12]],[[3693,3247],[-4,-1]],[[3689,3246],[4,1]],[[3701,3287],[-10,-1],[-1,4],[11,-3]],[[3649,3583],[-1,4],[7,0],[6,-12],[-2,-7],[-4,-2],[-1,10],[-5,7]],[[3683,3569],[-6,7],[2,7],[8,-2],[3,8],[6,9],[1,-14],[9,1],[-1,-5],[-5,-10],[-5,3],[-3,-4],[-9,0]],[[3673,3593],[1,-1]],[[3674,3592],[-1,1]],[[3674,3592],[-1,1]],[[3673,3593],[3,8],[7,-3],[0,-7],[-9,1]],[[3667,3662],[0,-7],[-5,-6],[-6,-3],[-2,4],[0,9],[-8,0],[1,6],[8,-2],[12,-1]],[[3604,4366],[3,2],[-1,7],[4,2],[0,10]],[[3610,4387],[3,4],[8,2],[8,23],[3,1]],[[3632,4417],[2,-5]],[[3634,4412],[-1,-4],[-7,-8],[0,-9],[-1,-1],[2,-11],[-4,-7],[-6,3],[-4,-3],[1,-7],[-7,-2],[3,-6],[-5,-5],[-10,-1],[0,10],[-14,-2],[1,-8],[-4,-9],[-4,-6],[-6,4],[5,6],[0,8],[9,13],[7,2],[3,9],[3,-4],[9,4],[0,-12]],[[3601,4430],[-3,-1]],[[3598,4429],[3,1]],[[3605,4431],[-4,-1]],[[3601,4430],[-3,-1]],[[3598,4429],[2,5],[5,-3]],[[3619,4433],[-1,7],[7,1],[-6,-8]],[[3607,4522],[1,0]],[[3608,4522],[9,1],[1,-4],[9,0],[3,-4],[8,-5],[6,0]],[[3644,4510],[-3,-2],[-8,0],[-14,6]],[[3619,4514],[-8,2],[-16,-1],[-7,-4],[2,-6],[-9,-3],[-6,0],[-5,-4]],[[3570,4498],[-1,5],[10,9],[2,8]],[[3581,4520],[10,6],[6,1],[4,-6],[6,1]],[[3607,4522],[-3,6]],[[3604,4528],[4,-6]],[[3608,4522],[-1,0]],[[3591,4549],[3,-2],[-1,-9],[-6,-2],[-1,-8],[-10,-5],[-1,9],[3,6],[10,2],[3,9]],[[3562,4557],[14,3],[4,-3]],[[3580,4557],[-7,-2],[-3,-6],[-8,-1],[0,9]],[[3580,4557],[-3,9],[5,1],[0,-13]],[[3582,4554],[-2,3]],[[3582,4582],[-2,5],[7,1],[1,-5],[-6,-1]],[[3553,4604],[0,2]],[[3553,4606],[3,2]],[[3556,4608],[1,0]],[[3557,4608],[-4,-4]],[[3553,4606],[3,2]],[[3556,4608],[-3,-2]],[[3283,7681],[4,3],[2,-8],[-6,1],[0,4]],[[3311,7705],[-3,8],[6,-2],[-3,-6]],[[3260,7961],[-3,-1]],[[3257,7960],[3,1]],[[3254,7976],[-7,-4],[-1,8],[10,1],[-2,-5]],[[3271,8016],[-11,-5],[-1,-6],[-6,-3],[1,-15],[-5,0],[-1,20],[1,5],[6,-4],[4,5],[-2,10],[6,1],[8,-8]],[[3271,8016],[1,8],[4,1],[1,-8],[-6,-1]],[[3264,8077],[-7,-2],[-5,1],[-1,7],[4,7],[-4,7]],[[3251,8097],[2,2]],[[3253,8099],[4,3],[0,9],[14,0],[19,2],[6,-12],[-2,-10],[-5,-4],[-16,-2],[-7,3],[-2,-11]],[[3253,8099],[-2,-2]],[[3251,8097],[-9,0],[-3,-3],[-7,5],[2,6],[9,10],[5,-4],[2,-9],[3,-3]],[[3270,8128],[-1,4],[5,11],[3,-5],[-7,-2],[0,-8]],[[3256,8142],[3,-4],[-4,-6],[-7,1],[-4,-4],[-8,2],[-1,15],[4,2],[5,14],[3,-3],[6,-1],[2,-7],[-7,-11],[8,2]],[[3242,8176],[8,4],[3,-3],[-6,-5],[-5,4]],[[3239,8232],[-13,-1],[1,-9],[-11,1],[0,7],[8,11],[7,1],[7,3],[3,-7],[-2,-6]],[[3229,8249],[-1,7],[7,3],[2,-6],[-2,-5],[-6,1]],[[3231,8272],[-1,-5],[-9,4],[2,5],[9,8],[3,-7],[-4,-5]],[[3230,8292],[-7,-1],[1,7],[3,6],[5,1],[1,-9],[-3,-4]],[[3255,8303],[-1,-5],[-4,0],[1,9],[-1,11],[7,1],[-2,-9],[0,-7]],[[3191,8831],[8,-13],[0,-5],[-6,1],[-3,8],[-5,-1],[-6,5],[0,7],[2,4],[7,3],[3,-9]],[[3219,8857],[-5,-13],[-9,0],[0,5],[-4,3],[-1,5],[19,0]],[[3197,8867],[-2,-15],[-12,-2],[2,7],[6,1],[1,3],[5,6]],[[3211,8874],[-8,6],[-2,-4],[-12,-1],[-14,3],[9,6],[2,-5],[9,1],[2,4],[8,1],[5,7],[3,-5],[-4,-4],[2,-9]],[[3958,1624],[-1,3]],[[3957,1627],[1,-3]],[[3912,1636],[2,0]],[[3914,1636],[-2,0]],[[3904,1638],[10,-2]],[[3914,1636],[-2,0]],[[3912,1636],[-8,2]],[[3904,1638],[-3,5]],[[3901,1643],[3,-5]],[[3924,1643],[-7,-1],[-1,7],[6,1],[2,-7]],[[3938,1646],[-3,7]],[[3935,1653],[3,-7]],[[3927,1653],[8,0]],[[3935,1653],[-8,0]],[[3900,1671],[0,-3]],[[3900,1668],[0,3]],[[3909,1718],[0,6],[-6,2],[-3,9],[7,4],[2,-7],[-4,-4],[7,-5],[1,-9],[2,-5],[-5,-4],[-1,13]],[[3921,1776],[4,2],[5,-5],[-2,-7],[-7,-1],[0,11]],[[3894,1799],[3,-4],[9,-1]],[[3906,1794],[1,1]],[[3907,1795],[3,-1],[4,-6],[0,-19],[-4,-8],[-9,2],[0,-6],[-11,-10],[1,-4],[5,-2],[2,-13],[-13,-1],[-6,4],[-2,8],[-7,7],[0,6],[-4,4],[5,12],[0,17],[2,6],[-1,18],[3,9],[4,-1],[1,7],[10,2],[-3,-7],[7,0],[-1,-5],[6,-8],[-5,-2],[0,-5]],[[3907,1795],[-1,-1]],[[3906,1794],[1,1]],[[3881,1889],[5,0],[1,-7],[-7,-3],[1,10]],[[3884,1893],[5,4],[4,-8],[-5,-1],[-4,5]],[[3878,1913],[-2,5],[8,-1],[1,-5],[-7,1]],[[3903,1993],[3,10],[1,11],[7,0],[1,-8],[-4,-2],[2,-6],[-6,-1],[7,-7],[0,-4],[-8,-3],[-3,3],[0,7]],[[3909,2023],[8,2],[0,-8],[-4,-1],[-4,7]],[[3877,2056],[9,0],[10,-4],[3,-5],[-11,-1],[-4,5],[-8,2],[1,3]],[[3902,2083],[-13,2],[1,9],[10,2],[3,-6],[-1,-7]],[[3880,2086],[-6,0],[0,17],[6,-2],[2,-9],[-2,-6]],[[3870,2148],[5,0],[2,6],[5,1],[5,-7],[-1,-4],[-7,-7],[-9,11]],[[3896,2172],[1,-4],[-8,-2],[0,5],[7,1]],[[3843,2191],[1,9],[5,0],[2,-6],[-1,-7],[-4,0],[-3,4]],[[3853,2223],[-4,-1],[0,9],[-2,6],[5,1],[2,-9],[-1,-6]],[[3868,2234],[-3,16],[4,0],[5,-4],[1,-9],[-2,-4],[-5,1]],[[3867,2272],[-8,-2],[-1,-8],[-10,0],[-1,4],[6,11],[5,3],[-7,9],[4,1],[5,-2],[1,-10],[12,1],[0,-6],[-6,-1]],[[3888,2291],[-6,3],[-9,-1],[1,6],[6,0],[8,-8]],[[3834,2302],[6,7]],[[3840,2309],[1,-5],[-7,-2]],[[3840,2309],[4,8],[-2,8],[-5,8],[2,14],[9,3],[2,-3],[15,2],[12,2],[10,-10],[-5,-4]],[[3882,2337],[-2,0]],[[3880,2337],[-2,4],[-10,-6],[-3,-4],[-9,6],[-1,-8]],[[3855,2329],[2,4],[6,-2],[1,-7],[7,0],[7,-3],[0,-3],[-13,-9],[-6,-1],[1,-8],[-5,0],[0,6],[-7,0]],[[3848,2306],[-8,3]],[[3855,2329],[-4,-4],[-6,-2],[2,-6],[7,2],[1,10]],[[3882,2332],[-2,5]],[[3880,2337],[2,0]],[[3882,2337],[0,-5]],[[3852,2403],[-4,2],[-1,5],[-8,-3],[-4,5],[-3,-7],[-5,0]],[[3827,2405],[4,1],[1,6],[4,1],[3,-3],[7,3],[6,-10]],[[3869,2470],[2,-7],[-6,-1],[-1,8],[5,0]],[[3826,2465],[1,2]],[[3827,2467],[-1,-2]],[[3827,2467],[-1,-2]],[[3826,2465],[1,2]],[[3844,2645],[2,-1]],[[3846,2644],[-2,1]],[[3795,2807],[3,5],[8,4]],[[3806,2816],[2,-1]],[[3808,2815],[-4,-7],[-9,-1]],[[3853,2834],[-5,-5],[-3,-7],[-10,-4],[-5,1],[-3,5],[-4,0],[-2,7],[7,2],[1,6],[20,2],[0,2],[10,3],[-2,-6],[-4,-6]],[[3802,2827],[-5,-6],[-8,0],[-4,5],[10,9],[4,0],[5,-4],[-2,-4]],[[3834,2865],[5,-4],[-4,-5]],[[3835,2856],[-3,0],[2,9]],[[3834,2865],[-7,-2],[-7,-5]],[[3820,2858],[-5,-4],[1,-5],[10,1],[2,-7],[-5,-2],[-2,-8],[-8,0],[-11,8],[0,13],[-6,-4],[-5,-10]],[[3791,2840],[-2,-4],[-8,5],[-4,-1]],[[3777,2840],[-1,-3]],[[3776,2837],[-5,-2],[-5,8]],[[3766,2843],[-2,-4],[-9,-1],[-1,4],[-4,6],[2,5],[8,4],[6,1],[2,7],[5,2],[7,-3],[-2,8],[5,5],[2,-5],[5,4]],[[3790,2876],[0,1]],[[3790,2877],[-2,2]],[[3788,2879],[-3,8],[9,1],[4,3],[3,-8],[5,-3],[5,-6],[8,2],[3,-4],[4,0],[8,-7]],[[3795,2878],[1,-6],[6,-1],[-1,5],[-6,2]],[[3806,2863],[-8,7],[0,-7],[8,0]],[[3788,2879],[2,-2]],[[3790,2877],[0,-1]],[[3790,2876],[-2,3]],[[3807,2959],[5,2],[1,-7],[-8,-3],[2,8]],[[3799,3003],[6,2],[0,-11],[-8,-1],[2,10]],[[3796,3016],[8,-2],[9,0],[5,-3],[-1,-7],[-13,2],[-12,-1],[-8,2],[3,-10],[-9,-17],[-4,2],[1,10],[-17,3],[-3,-7],[-1,-6],[-6,1],[-3,10],[3,5],[6,-1],[3,6],[4,1],[4,-5],[10,-2],[1,13],[8,3],[0,4],[12,-1]],[[3790,3033],[4,-1]],[[3794,3032],[-2,-7],[-6,-1],[-9,5],[0,5],[8,1],[5,-2]],[[3824,3035],[-6,-7],[-14,1],[6,6],[10,3],[4,-3]],[[3794,3032],[-4,1]],[[3790,3033],[0,6],[6,1],[-2,-8]],[[3778,3057],[0,9],[7,0],[1,-10],[-8,1]],[[3761,3096],[0,7],[3,0],[2,6],[6,5],[-1,8],[2,3],[7,2],[4,4],[1,-12],[-2,-2],[0,-14],[-3,-1],[-9,1],[-9,-1],[-1,-6]],[[3763,3130],[-6,0],[-3,10],[4,1],[2,-7],[3,-4]],[[3799,3140],[0,2]],[[3799,3142],[0,-2]],[[3783,3160],[1,-4],[8,1],[6,-7],[1,-8]],[[3799,3142],[0,-2]],[[3799,3140],[7,-3],[0,-4],[-7,-1],[-3,2],[-8,-1],[-3,3],[-1,7],[2,6],[-4,5],[1,6]],[[3803,3152],[-4,1],[-1,8],[2,5],[9,2],[3,-5],[2,-8]],[[3814,3155],[-6,8],[-5,0],[-3,-5],[3,-6]],[[3761,3156],[-4,-5],[-4,6],[0,5],[3,4],[7,-1],[-2,-9]],[[3783,3160],[-6,4],[-9,0],[-3,3]],[[3765,3167],[4,6],[9,-2],[5,3],[3,-9],[-3,-5]],[[3761,3170],[4,-3]],[[3765,3167],[-4,3]],[[3757,3179],[5,2],[2,-6]],[[3764,3175],[-3,-5]],[[3761,3170],[0,10],[-4,-1]],[[3785,3277],[2,7],[3,3],[2,-12],[-7,2]],[[3744,3277],[-9,-8],[-2,3],[2,6],[6,4],[3,-5]],[[3778,3271],[-9,-1],[1,16],[14,2],[0,-4],[-5,-1],[-1,-12]],[[3763,3296],[-1,-3],[-8,-1],[-3,5],[12,-1]],[[3758,3331],[11,-1],[0,-6],[-11,0],[0,7]],[[3754,3329],[-4,-5],[-3,8],[7,-3]],[[3758,3331],[-4,-2]],[[3754,3329],[0,9],[-6,0],[1,8],[10,1],[7,-13],[-8,0],[0,-3]],[[3792,3356],[0,-3],[-17,2],[-2,8],[12,-1],[7,-6]],[[3763,3364],[-4,-2],[2,-7],[-10,0],[1,16],[10,-2],[1,-5]],[[3777,3398],[-2,0]],[[3775,3398],[2,0]],[[3752,3588],[6,2],[0,-10],[-7,0],[1,8]],[[3695,3952],[5,-5],[-6,-3],[1,8]],[[3693,4271],[4,-2],[-1,-7],[-5,1],[2,8]],[[3656,4382],[3,-5],[-3,-7],[-6,-3],[-5,2],[-1,7],[9,2],[3,4]],[[3662,4398],[0,-5],[-8,-1],[3,6],[5,0]],[[3637,4404],[1,-8],[-7,-1],[6,9]],[[3687,4419],[1,1]],[[3688,4420],[10,4],[2,-21],[-1,-9],[-5,-1],[-6,12],[-6,0],[-4,4],[-11,0],[-4,-4],[-4,6],[8,3],[7,-1],[3,3]],[[3677,4416],[1,0]],[[3678,4416],[1,1]],[[3679,4417],[2,0]],[[3681,4417],[6,2]],[[3688,4420],[-1,-1]],[[3687,4419],[-2,2]],[[3685,4421],[3,-1]],[[3681,4417],[-2,0]],[[3679,4417],[-1,-1]],[[3678,4416],[-1,0]],[[3677,4416],[-3,5]],[[3674,4421],[3,1]],[[3677,4422],[7,5],[1,-6]],[[3685,4421],[-4,-4]],[[3655,4420],[1,2]],[[3656,4422],[5,-2]],[[3661,4420],[-6,0]],[[3674,4421],[3,1]],[[3677,4422],[-3,-1]],[[3661,4420],[0,9]],[[3661,4429],[0,-9]],[[3691,4430],[-1,6],[-8,-2],[2,-4],[-13,-2],[-7,-8],[-3,9]],[[3661,4429],[-5,-7]],[[3656,4422],[-1,-2]],[[3655,4420],[-3,4],[-9,-7],[-2,-3],[-7,-2]],[[3634,4412],[-2,5]],[[3632,4417],[6,6],[-5,2],[-4,-1],[-1,11],[2,8],[6,-3],[-4,-5],[3,-6],[6,7],[5,-2],[12,6],[0,5],[3,4],[15,4],[7,-6],[7,0],[1,-4],[8,-1],[2,-7],[-6,-6],[-4,1]],[[3648,4509],[3,-1]],[[3651,4508],[-3,1]],[[3648,4509],[-4,1]],[[3644,4510],[4,-1]],[[3673,4564],[0,-7],[-7,2],[-3,12],[-4,4],[-8,0],[0,7],[-9,5],[5,3]],[[3647,4590],[10,1],[-2,-10],[5,-3],[8,-8],[1,-7],[4,1]],[[3612,4591],[-10,-3],[-1,4],[7,3],[10,-6],[10,1],[0,-6],[-11,-1],[0,4],[-5,4]],[[3647,4590],[-8,-2],[-5,4],[11,6],[2,-8]],[[3637,4606],[4,-4],[-3,-5],[-6,8],[5,1]],[[3366,7471],[-4,-4],[-3,10],[-1,7],[11,-7],[-3,-6]],[[3334,7746],[0,-1]],[[3334,7745],[-1,3]],[[3333,7748],[1,-2]],[[3333,8028],[2,-4],[-8,-1],[3,6],[3,-1]],[[3299,8146],[9,7],[-1,-9],[-5,-1],[-3,3]],[[3299,8191],[-2,-10],[-7,2],[9,8]],[[3299,8191],[4,7],[1,-14],[-2,-2]],[[3302,8182],[-3,9]],[[3335,8219],[-5,0],[-3,-6],[-6,0],[1,6],[3,6],[13,0],[-3,-6]],[[3314,8241],[-3,4],[11,0],[0,-7],[-8,3]],[[3296,8319],[-2,-12],[-4,-3],[1,-10],[-11,0],[3,-4],[-4,-11]],[[3279,8279],[-3,0],[-4,-8],[-5,0],[0,9],[3,3],[-2,8],[7,12],[4,2],[-1,6],[1,9],[4,-2],[5,3],[8,-2]],[[3295,8339],[3,7],[5,1],[-2,-12],[-5,-1],[-1,5]],[[3312,8343],[-4,4],[4,8],[5,-1],[2,-7],[-7,-4]],[[3290,8451],[1,-9],[2,-2],[8,2],[-3,-6],[-7,-2],[-7,2],[4,5],[-2,7],[-5,3],[0,9],[-1,8],[2,3],[6,1],[2,-8],[0,-13]],[[3245,8785],[8,-1],[1,4],[14,6],[9,12],[6,-4],[3,-11],[-6,-5],[-5,-7],[-5,-2],[3,-5],[5,-7],[3,-6],[-7,-3],[1,-8],[-13,-3],[-2,18],[2,7],[-7,12],[-9,-1],[-1,4]],[[3245,8785],[-1,-3],[-6,3],[3,5],[4,-5]],[[3252,8882],[6,3],[2,-5],[-7,-1],[-1,3]],[[3241,8901],[13,0],[-2,-5],[1,-7],[-6,0],[0,4],[-5,3],[-3,-11],[-9,6],[-5,0],[-4,7],[2,3],[7,0],[4,-5],[5,0],[2,5]],[[3221,8910],[2,-1]],[[3223,8909],[-2,1]],[[3223,8909],[-2,1]],[[3221,8910],[2,-1]],[[4018,1646],[-7,4],[4,6],[4,1],[-1,-11]],[[4007,1669],[-8,-1],[-1,5],[7,1],[2,-5]],[[3969,1720],[3,1],[5,-6],[-8,-1],[0,6]],[[3973,1754],[-3,3],[3,9],[4,-8],[-4,-4]],[[3986,1786],[-6,-4],[-3,5],[9,-1]],[[3982,1803],[9,-4],[0,-8],[-9,1],[-6,5],[-6,-8],[-1,13],[9,-2],[4,3]],[[3967,1816],[-4,-4],[-1,13],[3,0],[2,-9]],[[3983,1944],[8,-2],[-1,-5],[-4,-4],[11,-1],[2,-6],[-1,-3],[-7,-1],[-1,8],[-5,3],[-2,4],[0,7]],[[3978,1952],[-8,-1],[2,8],[6,-7]],[[3971,2018],[-6,5],[12,1],[4,-5],[-10,-1]],[[3970,2037],[-3,2],[1,6],[6,1],[2,-5],[-6,-4]],[[3921,2088],[5,-1]],[[3926,2087],[-5,1]],[[3934,2078],[-5,3],[-3,6]],[[3926,2087],[4,7],[17,-2],[-3,-7],[-10,0],[0,-7]],[[3921,2088],[-2,10]],[[3919,2098],[2,-10]],[[3936,2108],[4,-6],[-11,1],[1,6],[6,-1]],[[3946,2109],[-5,1],[0,5],[6,1],[-1,-7]],[[3917,2180],[5,3],[2,-7],[-5,0],[-2,4]],[[3904,2313],[6,0]],[[3910,2313],[0,-2]],[[3910,2311],[5,3]],[[3915,2314],[2,3],[8,1],[4,-3],[7,0],[0,-5],[5,0],[-1,11],[4,-1],[11,-13],[3,8],[6,0]],[[3964,2315],[1,-1]],[[3965,2314],[3,-6],[-6,-1],[0,-6],[-3,-7],[0,-6],[15,-16],[-6,0],[0,4],[-9,3],[-3,16],[-6,-1],[-6,3]],[[3944,2297],[-7,1],[-1,7],[-23,-3],[-9,-2],[0,-3],[-15,0],[1,12],[5,0],[5,4],[4,0]],[[3909,2307],[1,4]],[[3910,2311],[-1,-4]],[[3915,2314],[-5,-1]],[[3910,2313],[5,1]],[[3949,2353],[3,-2]],[[3952,2351],[0,-8],[2,-2],[10,9],[10,-8],[-5,-3],[-7,3],[-2,-5],[-5,-1],[-3,6],[-4,-5],[5,-6],[3,4],[4,-4],[1,-6],[4,-4],[0,-7]],[[3965,2314],[-1,1]],[[3964,2315],[-2,7],[-8,1],[-5,-3],[-9,4],[-1,6],[4,1],[0,7],[4,1],[0,8],[-6,2],[-11,-2],[1,9]],[[3931,2356],[-2,6],[4,3]],[[3933,2365],[2,4],[15,-2],[-1,-14]],[[3949,2353],[-1,7],[-8,-6],[0,-3],[9,2]],[[3941,2391],[5,1],[3,-7],[-8,1],[0,5]],[[3916,2393],[1,-5],[-5,-3],[-1,8],[5,0]],[[3914,2415],[3,2],[6,-6],[-11,-2],[2,6]],[[3901,2411],[2,1]],[[3903,2412],[-2,-1]],[[3920,2417],[-2,6],[3,4],[7,-3],[0,-8],[-8,1]],[[3897,2426],[0,-8],[-3,-2],[-3,9],[6,1]],[[3897,2426],[7,-1]],[[3904,2425],[-7,1]],[[3928,2484],[2,1]],[[3930,2485],[1,-1]],[[3931,2484],[3,-6],[-6,0]],[[3928,2478],[-1,4]],[[3927,2482],[1,2]],[[3925,2488],[3,-4]],[[3928,2484],[-1,-2]],[[3927,2482],[-10,0],[-3,3],[11,3]],[[3920,2495],[1,0]],[[3921,2495],[5,0],[-1,-7]],[[3925,2488],[-5,7]],[[3937,2488],[1,-4],[-7,0]],[[3931,2484],[-1,1]],[[3930,2485],[-3,19]],[[3927,2504],[5,-1],[0,-6],[5,-9]],[[3921,2495],[-1,0]],[[3920,2495],[1,0]],[[3896,2545],[6,2],[5,-9],[-6,-2],[-5,9]],[[3949,2575],[-6,-5],[-4,-9],[-6,-6],[-4,0],[11,16],[9,4]],[[3889,2555],[0,-12],[-6,3],[-6,-1],[-5,3],[-2,5],[2,7],[10,1],[7,-6]],[[3888,2639],[7,-3],[4,-12],[-10,-3],[-5,2],[3,5],[1,11]],[[3895,2642],[-3,5],[9,3],[6,-1],[2,4],[0,8],[3,5],[10,1],[-1,-8],[-3,-1],[1,-18],[-5,-4],[4,-7],[-7,0],[2,-5],[-3,-6],[-6,0],[-4,10],[4,2],[0,8],[-6,-2],[-3,6]],[[3916,2702],[10,3]],[[3926,2705],[-1,-12]],[[3925,2693],[-8,-3],[-2,-5],[0,-7],[-10,-4],[1,-7],[-3,-2],[2,-6],[-3,-4],[-5,0],[-8,-10],[-1,-6]],[[3888,2639],[-6,-8],[1,-6],[-6,-1],[-20,5],[-3,3],[-8,12]],[[3846,2644],[-2,1]],[[3844,2645],[-4,2],[0,11],[-14,1],[-1,7],[3,1],[2,11],[-5,-2],[0,-9],[-3,-3],[-9,-2],[1,12],[-20,-3],[3,6],[6,-2],[3,4],[1,8],[15,3],[-1,9],[-3,4],[2,5],[7,0],[7,9],[-1,6],[10,1],[-1,4],[12,6],[4,6],[-7,12],[11,2],[3,-3],[5,3],[0,8],[9,5],[7,-1],[4,7],[7,2],[2,-6],[-8,-1],[-1,-7],[6,3],[1,4],[7,-1]],[[3904,2767],[1,6],[4,4]],[[3909,2777],[5,0],[4,-6],[6,2],[-1,8],[6,1],[7,-3],[1,-3],[9,-1],[1,-6],[8,0],[0,-8],[-5,-2],[2,-6],[-2,-7],[-6,1],[-7,-9],[-8,-1],[-2,-16],[-10,-2],[-4,2],[-2,-5],[-12,-10],[-1,-7],[7,2],[5,-3],[6,4]],[[3884,2655],[5,0],[8,9],[-3,3],[0,9],[-4,0],[1,-9],[-6,-6],[-1,-6]],[[3891,2739],[4,0],[2,-7],[11,0],[8,2],[5,4],[-3,7],[-9,-6],[-7,2],[0,9],[4,0],[3,7],[-1,10],[-4,0]],[[3904,2767],[-2,-5],[1,-8],[-4,-6],[-6,-3],[-2,6],[-4,-1],[4,-11]],[[3940,2752],[0,6],[-6,-1],[0,-7],[6,2]],[[3888,2716],[-7,2],[0,-5],[7,3]],[[3855,2697],[11,5],[-1,9]],[[3865,2711],[-4,-5],[-11,-1],[5,-8]],[[3847,2685],[-3,-7],[5,-1],[-2,8]],[[3872,2680],[1,-7],[4,-4],[0,10],[8,1],[-1,8],[-5,3],[-3,-9],[-4,-2]],[[3909,2777],[-10,-2],[0,6],[10,0],[0,-4]],[[3993,2930],[3,-1]],[[3996,2929],[3,-3],[9,-1],[-1,-11],[-8,-1],[0,-4],[13,-1],[2,-7],[11,-6],[5,0],[-1,-11],[4,0],[5,-13],[1,-8],[-16,5],[-6,-1],[-2,-7]],[[4015,2860],[-1,-9],[1,-11],[-7,-1],[1,8],[-8,-5],[3,-15],[-5,0],[-4,7],[-8,-1]],[[3987,2833],[5,-5],[-1,-10],[4,-1],[0,7],[12,2],[13,2],[0,7]],[[4020,2835],[2,-1]],[[4022,2834],[1,-8],[-3,-10],[1,-4],[-6,-6],[-3,-6],[-9,-3],[1,-6],[-3,-5],[-9,0],[-8,9],[-1,-10],[-5,-2]],[[3978,2783],[-5,3],[-6,1]],[[3967,2787],[1,-7]],[[3968,2780],[-4,-2]],[[3964,2778],[-5,5],[-9,4],[-6,7],[4,4],[-5,6],[-9,0],[-4,-7],[-9,2]],[[3921,2799],[-8,1]],[[3913,2800],[-3,1]],[[3910,2801],[-8,1]],[[3902,2802],[6,-4]],[[3908,2798],[1,-1]],[[3909,2797],[-2,-3],[-14,0],[-2,-4],[-11,-8],[-5,-1],[1,-9],[-2,-4],[-16,-4],[-11,2],[-1,2],[-10,-2],[-7,0],[0,-5],[-5,-2]],[[3824,2759],[9,0],[3,6],[8,2],[1,-4],[7,0],[-11,-14],[-3,-11],[-8,4],[-3,-10],[-7,-4],[-14,2],[0,6],[6,2]],[[3812,2738],[-8,9],[-8,-2],[-2,7],[-10,2],[-7,-1],[-8,6],[-2,-4],[-13,-2],[2,27],[11,2],[3,-1]],[[3770,2781],[0,-4],[8,-3],[5,4],[7,-2],[9,1],[1,8],[-6,-1],[-3,21],[4,2]],[[3795,2807],[9,-2],[12,8],[-8,2]],[[3808,2815],[-2,1]],[[3806,2816],[3,6],[6,1],[4,4],[9,-11],[-5,-4],[2,-5],[10,3]],[[3835,2810],[3,8],[7,0],[2,4],[11,5],[8,11],[4,1],[6,-6],[7,-2],[5,-7],[8,-1],[2,-4],[6,1],[3,-15],[5,1],[6,-3],[-1,15],[-4,-1],[-8,4],[-7,-1],[-1,6],[10,-1],[5,7],[-6,5],[-12,-5],[-13,0],[-6,4],[-2,4],[-12,1],[1,5],[5,3],[1,7],[-1,13],[4,7],[5,3],[0,5],[6,1],[2,-5]],[[3884,2880],[4,5],[1,17]],[[3889,2902],[12,5],[6,4],[7,1],[3,-2],[10,0]],[[3927,2910],[0,-2],[16,0],[3,4],[6,1],[3,-6],[6,4],[-2,6],[6,2]],[[3965,2919],[2,-7]],[[3967,2912],[10,4]],[[3977,2916],[2,1]],[[3979,2917],[9,4],[1,-5],[8,0],[0,4],[-7,1],[0,8],[3,1]],[[3985,2875],[-1,-7]],[[3984,2868],[-6,0],[1,-17],[6,-5],[2,6],[5,-4],[12,5],[-4,8],[0,5],[-7,0],[0,5],[8,1],[-1,6],[-8,0],[0,-6],[-7,3]],[[3902,2802],[-7,7],[0,-7],[7,0]],[[3924,2886],[1,-1]],[[3925,2885],[13,-9],[6,0],[5,3],[-4,5],[-2,8],[-7,0],[0,-4],[-8,1],[0,8],[8,1],[-4,6],[-11,-3],[-2,2],[-15,-1],[-5,-4],[-2,-7]],[[3897,2891],[9,8],[7,0],[5,3],[5,-3],[1,-13]],[[3897,2891],[-1,-4],[5,-8],[2,7],[-6,5]],[[3991,2906],[0,-2],[-10,-3],[2,-4],[5,1],[2,1],[0,3],[4,1],[2,4],[-5,-1]],[[3961,2899],[0,-12],[-2,-3],[8,-3],[2,-10],[3,4],[0,5],[-4,5],[-6,2],[3,4],[-4,8]],[[3932,2828],[7,4]],[[3939,2832],[2,0]],[[3941,2832],[5,-1],[7,3]],[[3953,2834],[-5,12]],[[3948,2846],[-1,1]],[[3947,2847],[-6,2],[-4,-3],[-4,2],[-1,8],[2,8],[-6,-3],[-11,-1],[-2,11],[-6,-1],[-5,3],[-4,-1],[4,-10],[7,-4],[-6,-5],[0,-11],[13,5],[5,1],[5,4],[1,-6],[-9,-7],[1,-4],[6,-6],[-3,-3],[0,-6],[12,1],[-4,7]],[[3960,2832],[-7,2]],[[3953,2834],[7,-2]],[[3960,2832],[5,-1],[11,6],[2,7],[-6,3],[-5,-1],[-1,-9],[-6,-5]],[[4008,2877],[0,-4]],[[4008,2873],[0,4]],[[3887,2860],[-1,-4],[11,0],[0,6],[-10,-2]],[[3874,2822],[0,-11],[3,1],[-3,10]],[[3879,2797],[9,11],[-1,12],[-8,0],[1,-8],[5,2],[1,-7],[-5,-2],[-2,-8]],[[3964,2803],[7,3],[-1,8],[-12,1],[6,-12]],[[3983,2811],[-6,1],[1,-6],[5,5]],[[3807,2775],[-2,4]],[[3805,2779],[2,-4]],[[3807,2775],[7,-10],[6,0],[1,9],[-14,1]],[[3842,2780],[10,0],[1,3],[-11,1],[0,-4]],[[3774,2764],[-1,8],[-8,1],[1,-8],[8,-1]],[[3846,2880],[1,6],[4,1],[1,-10],[-6,3]],[[3843,2901],[-2,-9],[-7,2],[-1,6],[1,8],[5,-2],[4,-5]],[[3886,2898],[-7,-1],[-2,14],[3,0],[9,-7],[0,-2]],[[3889,2902],[-3,-4]],[[3863,2913],[2,1]],[[3865,2914],[-2,-1]],[[3865,2914],[-2,-1]],[[3863,2913],[0,9],[4,4],[11,1],[-5,-13],[-8,0]],[[3881,2946],[-8,-7],[-8,-1],[-1,16],[17,-2],[0,-6]],[[3837,2953],[-3,-4]],[[3834,2949],[3,4]],[[3825,2942],[0,4],[-5,2],[3,8],[7,0],[1,6],[4,3],[6,-1],[0,-9],[-4,-2]],[[3837,2953],[-3,-4]],[[3834,2949],[6,-9],[8,0],[-1,-5],[-11,1]],[[3836,2936],[-11,-2]],[[3825,2934],[0,8]],[[3844,2997],[5,8],[-9,0],[-10,5],[5,4],[17,1],[-1,9],[7,0],[-3,-8],[3,-10],[13,2],[-1,-12],[-2,-4],[-6,2],[-7,-1],[-11,4]],[[3859,3013],[2,9],[4,0],[-1,-11],[-5,2]],[[3846,3033],[3,2],[16,1],[-5,-7],[-13,0],[-1,4]],[[3824,3035],[1,5],[14,0],[-2,5],[22,2],[0,5],[-9,7],[6,2],[13,-4],[-1,-15]],[[3868,3042],[-6,2]],[[3862,3044],[-9,-3],[-7,-8]],[[3846,3033],[-4,-4],[-6,10],[-8,-1],[-4,-3]],[[3856,3100],[6,-4],[1,-10],[-5,0],[-5,4],[-9,-3],[0,11],[12,2]],[[3856,3100],[1,3]],[[3857,3103],[-1,-3]],[[3847,3104],[1,2]],[[3848,3106],[9,-3]],[[3857,3103],[-7,-2],[-3,3]],[[3863,3102],[1,9],[11,-5],[0,-6],[-11,-1],[-1,3]],[[3847,3106],[0,-2]],[[3847,3104],[-1,4]],[[3846,3108],[1,-2]],[[3858,3110],[2,1]],[[3860,3111],[1,-2]],[[3861,3109],[-3,1]],[[3848,3106],[-1,0]],[[3847,3106],[-1,2]],[[3846,3108],[0,3],[11,2],[1,-3]],[[3858,3110],[-1,-4],[-9,0]],[[3861,3109],[-1,2]],[[3860,3111],[1,3]],[[3861,3114],[0,-5]],[[3873,3113],[3,6],[7,-1],[-3,-7],[-7,2]],[[3861,3114],[-2,2]],[[3859,3116],[2,-2]],[[3851,3127],[-1,2]],[[3850,3129],[1,2],[8,1],[2,4]],[[3861,3136],[2,-3],[-5,-2],[-2,-3],[-5,-1]],[[3850,3129],[1,-2]],[[3851,3127],[-8,-4],[-7,4],[-3,3],[0,11],[9,2],[1,-10],[-2,-7],[3,-1],[6,4]],[[3813,3144],[5,-4],[0,-5],[-4,-5],[4,-3],[6,1],[4,-3],[1,-6],[-5,-2],[-7,2],[-5,4],[0,15],[1,6]],[[3861,3136],[0,2]],[[3861,3138],[0,-2]],[[3816,3143],[-3,1]],[[3813,3144],[3,-1]],[[3833,3156],[-6,-4]],[[3827,3152],[-2,8],[4,2],[12,2],[3,-6],[4,0],[-1,-7],[-6,-1],[-8,6]],[[3861,3187],[8,-2],[0,-5],[-8,0],[0,7]],[[3837,3180],[-1,11],[7,1],[0,-12],[-6,0]],[[3834,3193],[-7,0],[0,12],[4,2],[3,-14]],[[3829,3273],[-6,0],[2,16],[5,0],[-1,-16]],[[3835,3304],[-4,-4],[-10,-1],[2,7],[12,-2]],[[3860,3322],[1,-2]],[[3861,3320],[-1,2]],[[3835,3313],[-8,3],[1,4],[8,3],[0,4],[13,-1],[4,-5],[1,-6],[-3,-3],[-7,2],[-9,-1]],[[3823,3327],[8,3],[1,-6],[-9,3]],[[3792,3356],[5,0],[4,-5],[0,-11],[9,-9],[0,-15],[-18,1],[0,12],[-2,14],[2,13]],[[3827,3368],[-5,-2],[-7,2],[1,5],[8,-2],[3,-3]],[[3819,3425],[0,-8],[-6,-1],[0,11],[6,-2]],[[3810,3433],[-2,6]],[[3808,3439],[3,0]],[[3811,3439],[-1,-6]],[[3858,3502],[6,-2],[5,3]],[[3869,3503],[4,-4],[6,6],[5,-7],[4,-2],[0,-7],[2,-4],[-3,-6],[-1,-12],[8,-1],[7,3],[0,8],[3,2],[-3,12],[2,13]],[[3903,3504],[6,4],[7,0],[1,-3],[-7,-6],[2,-14],[9,3],[2,-5],[9,-3],[-4,-8],[2,-7],[-4,-1],[7,-14],[1,-4],[7,1],[6,-3],[1,-4],[8,1],[2,-14],[-3,-2],[0,-10],[-2,-1],[0,-11],[-5,3],[-7,-2],[-8,13],[-3,11],[-6,-7],[2,-8],[-2,-8],[-7,0],[-2,-7],[0,-6],[7,-3],[1,7],[4,-2],[16,-1],[4,-11],[5,-2]],[[3952,3380],[1,-1]],[[3953,3379],[5,-6],[-3,-9],[-4,4],[0,6],[-7,4],[2,-8],[4,-6],[1,-4],[5,-1],[2,5],[5,7]],[[3963,3371],[6,-4],[0,-5],[-5,-4],[0,-8],[-5,-12]],[[3959,3338],[-1,-1]],[[3958,3337],[-1,2]],[[3957,3339],[-4,8]],[[3953,3347],[-4,-6],[-3,7],[-5,-1],[-2,6],[-1,8],[-8,2],[6,4],[3,12],[-12,1],[-10,2]],[[3917,3382],[-15,2],[3,-15],[-6,-3],[1,-11],[7,-3],[11,-1],[-1,-12],[8,0],[-9,-10],[-12,1],[-2,5],[-6,4],[-3,-6]],[[3893,3333],[-5,-2],[0,-9],[-3,-7],[-5,0]],[[3880,3315],[-3,-13],[2,-6],[5,1],[2,6],[6,-3],[2,5],[5,0],[0,-6],[6,1]],[[3905,3300],[5,-2],[0,-11],[6,-2]],[[3916,3285],[3,-2],[6,4],[5,-4],[1,-5],[5,0],[-4,-9],[-10,-1],[-3,3],[-8,-2],[-11,2],[-6,3],[-15,3],[-3,3],[-6,-1],[-4,7],[-4,1],[-3,29],[2,4]],[[3861,3320],[-1,2]],[[3860,3322],[-2,2],[-2,14],[-4,11],[-6,3],[-1,5],[4,6],[-7,1],[0,-10],[3,-6]],[[3845,3348],[-4,0],[-2,-5],[-11,-2],[-4,2],[1,12],[5,5],[-3,8]],[[3827,3368],[2,18],[-5,-1],[3,-8],[-15,1],[0,13],[7,3],[-8,4],[-6,-3],[-3,-6],[1,-6],[-7,1],[-1,-7],[-6,-1],[-2,-4]],[[3787,3372],[-5,2],[-5,10],[-4,0],[1,-11],[-5,3],[-15,-2],[-1,5],[3,13],[0,15],[11,-9],[8,0]],[[3775,3398],[2,0]],[[3777,3398],[0,6],[4,2]],[[3781,3406],[-1,15],[-8,-3],[-7,1],[-1,7],[-5,-1],[1,8],[3,6],[0,5],[8,-1],[8,1],[1,-6],[7,-3],[-3,10],[-12,4],[-8,-3],[-1,11],[5,34],[3,1]],[[3771,3492],[-2,3],[1,19],[2,2],[0,11],[2,14],[6,-1],[2,-12],[8,9],[-4,6],[-5,0],[-6,4],[0,7],[13,2],[-1,6],[-9,0],[-1,13],[-11,2],[1,6],[-2,9],[2,7],[7,1],[0,-3]],[[3774,3597],[-3,-2],[3,-9],[7,4],[0,6],[9,-2],[1,-5],[4,-7],[9,7],[7,0],[12,18],[7,7],[14,0],[1,-4],[4,-4],[4,4],[5,-4],[1,-17],[3,-4],[0,-14],[-6,-8],[2,-2],[-2,-11],[3,-7],[3,-30],[-4,-11]],[[3868,3342],[-5,-7],[4,-13],[3,6],[-2,4],[8,2],[3,-4],[-1,-9],[2,-6]],[[3880,3315],[1,13],[4,3],[-1,7],[-15,0],[-1,4]],[[3868,3342],[1,16],[13,-2],[5,1],[2,7],[4,0],[-1,8],[-5,1],[-9,12],[-1,-5],[-8,-2],[0,-19],[-13,2],[-1,-11],[10,2],[3,-10]],[[3777,3503],[1,-7],[-6,-1],[-1,-3]],[[3771,3492],[3,-8],[7,-3],[-4,11],[7,-2],[1,4],[-8,9]],[[3777,3503],[4,12],[-7,-3],[3,-9]],[[3800,3509],[-5,-6],[4,-3],[4,1],[-3,8]],[[3821,3485],[1,15],[-3,1]],[[3819,3501],[-7,1],[-2,-12],[3,-3],[-1,-8],[5,1],[4,5]],[[3821,3485],[4,-7],[7,1],[4,-4],[9,3],[-3,11],[-10,-2],[-1,-3],[-10,1]],[[3848,3496],[-1,5],[-6,-1],[0,-7],[7,3]],[[3799,3451],[5,-1],[3,6],[-3,5],[-4,-1],[-1,-9]],[[3848,3447],[6,3],[4,7],[-4,5],[-5,3],[-4,-5],[0,-7],[3,-6]],[[3808,3439],[-4,-5],[-6,-2],[5,-14],[6,-1],[2,-3],[9,-5],[2,-3]],[[3822,3406],[5,2],[-2,6],[4,9],[0,7],[-7,3],[-3,-8]],[[3819,3425],[-9,8]],[[3810,3433],[1,6]],[[3811,3439],[1,3],[12,0],[-2,14],[-5,-1],[2,-11],[-5,-1],[-2,7],[-4,-6],[0,-5]],[[3877,3437],[-1,7],[-6,-1],[3,10],[-6,4],[-1,-11],[-2,-6],[-5,-2],[1,-5],[7,5],[10,-1]],[[3880,3440],[-3,-3]],[[3877,3437],[3,3]],[[3843,3424],[3,-1],[1,9],[6,3],[-1,7],[-12,1]],[[3840,3443],[3,-10],[0,-9]],[[3877,3412],[-11,7],[-1,6],[-7,4],[-1,-14],[3,-5],[3,-19],[6,0],[5,4],[3,17]],[[3877,3412],[6,5],[2,6],[-7,0],[-1,-11]],[[3902,3439],[4,-11],[9,2],[1,4],[-1,6],[-13,-1]],[[3844,3404],[0,8],[-6,0],[2,-7],[4,-1]],[[3908,3342],[6,-1],[-4,8],[-11,-2],[9,-5]],[[3908,3275],[-2,4],[-6,-1],[1,-5],[7,2]],[[3818,3618],[5,-5],[-8,-3],[-2,3],[5,5]],[[3766,3805],[4,3],[2,-6],[-5,-2],[-1,5]],[[3790,3866],[6,-1],[0,-10],[-6,2],[0,9]],[[3746,4424],[5,5],[8,0],[2,-11],[0,-8],[-8,-11],[0,-9],[-2,-3],[-11,4],[-1,10],[7,15],[0,8]],[[3733,4494],[-1,-3],[1,-9],[5,-2],[1,-5],[7,2],[4,6],[11,-4],[3,5],[7,2],[2,-4]],[[3773,4482],[2,-1]],[[3775,4481],[-2,-4],[1,-9]],[[3774,4468],[-4,5],[-9,0],[-6,3],[-6,-1],[-11,-6],[-9,6],[-5,6],[2,4],[-5,9]],[[3721,4494],[3,5],[11,0],[-2,-5]],[[3671,4511],[1,-2],[11,1],[1,5],[8,2],[1,3],[9,2],[1,-6],[-8,-1],[6,-9],[-3,-8],[9,1],[0,-3],[-7,-2],[-8,4],[-2,6],[-6,2],[-12,-4],[-1,9]],[[3675,4520],[9,3],[0,5],[-8,1],[-1,4],[15,0],[-2,-5],[0,-6],[-4,-3],[-3,3],[-6,-2]],[[3710,4540],[10,-4],[-4,-5],[1,-5],[-6,-1],[-1,5],[6,6],[-6,4]],[[3714,4558],[-3,-5],[-12,3],[-1,4],[8,8],[8,-10]],[[3714,4558],[0,14],[5,1],[-5,-15]],[[3440,7445],[-2,7],[7,1],[-1,-6],[-4,-2]],[[3435,7706],[1,-1]],[[3436,7705],[-1,-8],[-6,-3],[-1,5],[5,2],[2,5]],[[3443,7757],[-6,-4],[-1,5],[3,3],[4,-4]],[[3429,7777],[5,5],[4,-3],[-2,-5],[-7,3]],[[3396,7951],[6,1],[4,-5],[-10,-5],[-4,5],[4,4]],[[3367,8013],[-8,-2],[-1,6],[4,2],[5,-6]],[[3397,8101],[-6,1],[0,11],[5,1],[3,-7],[-2,-6]],[[3393,8153],[3,-3],[-4,-9],[-7,3],[-2,17],[3,1],[7,-9]],[[3353,8264],[0,-5],[-9,-2],[2,6],[7,1]],[[3351,8292],[-8,5],[1,6],[8,1],[7,4],[-4,-11],[-4,-5]],[[3352,8353],[7,3],[1,-6],[-9,-1],[1,4]],[[3335,8369],[12,3],[0,-7],[-9,0],[-3,4]],[[4084,1592],[9,-6],[1,-7],[5,-1]],[[4099,1578],[-8,-4],[-10,-1],[-7,6],[1,13],[-4,2],[-1,6],[7,-1],[7,-7]],[[4054,1629],[4,7],[5,-7],[-7,-2],[-2,2]],[[4067,1747],[-5,-3],[-2,9],[1,6],[7,2],[3,-7],[-4,-7]],[[4059,1912],[1,-12],[-5,-2],[-7,2],[1,15],[4,-3],[6,0]],[[4023,1915],[3,-1],[1,-6],[-4,-1],[0,8]],[[4030,1917],[6,1],[1,-10],[-8,6],[1,3]],[[4023,1915],[-6,2],[-1,-6],[-6,-1],[-7,3],[-3,16],[8,-5],[-1,-2],[15,-2],[1,-5]],[[4047,1993],[-3,-2],[-2,-7],[-3,0]],[[4039,1984],[0,16],[2,4],[6,1],[0,-12]],[[4013,1993],[-2,6],[2,8],[6,0],[-2,-14],[-4,0]],[[3999,1994],[-4,1],[-4,6],[5,3],[6,-1],[1,-6],[-4,-3]],[[4012,2062],[7,-2],[0,-5],[-8,0],[1,7]],[[4003,2137],[1,7],[4,1],[4,-5],[-2,-5],[-7,2]],[[4000,2158],[4,-2],[0,-6],[-6,-1],[2,9]],[[3988,2226],[4,-5],[0,-5],[-7,2],[3,8]],[[4004,2260],[6,2],[-1,-8],[-5,6]],[[4005,2312],[1,-7]],[[4006,2305],[-1,7]],[[3985,2351],[-9,-7],[-2,11],[9,3],[4,-4],[-2,-3]],[[3952,2351],[5,4]],[[3957,2355],[-5,-4]],[[3957,2355],[1,11]],[[3958,2366],[1,-8],[-2,-3]],[[3958,2366],[5,4]],[[3963,2370],[-5,-4]],[[3967,2380],[-3,-3],[-1,-7]],[[3963,2370],[-2,4],[6,6]],[[3967,2380],[6,-1]],[[3973,2379],[-6,1]],[[4003,2461],[-4,2]],[[3999,2463],[4,-2]],[[3929,2453],[9,8],[3,-6],[4,3],[-3,9],[3,5],[8,-2],[3,5],[5,-3],[2,-5]],[[3963,2467],[-3,-1]],[[3960,2466],[0,-7]],[[3960,2459],[-8,-2]],[[3952,2457],[-2,-10],[-14,-1],[-8,2],[1,5]],[[3994,2471],[5,-1],[0,-7]],[[3999,2463],[-5,8]],[[3967,2462],[-4,5]],[[3963,2467],[4,-5]],[[3974,2467],[-3,1]],[[3971,2468],[3,-1]],[[4002,2474],[0,-7]],[[4002,2467],[0,7]],[[3971,2471],[0,-3]],[[3971,2468],[0,3]],[[3974,2467],[-3,4]],[[3971,2471],[2,11],[2,5],[9,-5],[6,0],[1,-6]],[[3991,2476],[-3,-3],[-7,2],[-7,-8]],[[3937,2488],[2,4],[6,1],[3,-7],[-8,-1],[-3,3]],[[3956,2502],[-2,2],[-8,-1],[-1,6],[11,2],[0,-9]],[[3953,2550],[9,3],[-1,-7],[-8,4]],[[3943,2622],[5,6],[0,5],[14,0],[3,-7],[3,-5],[0,-4],[-7,0],[-2,5],[-11,2],[-5,-2]],[[3966,2678],[-3,-5],[-11,-4],[-2,-3],[0,-10],[-3,-6],[3,-10],[-5,-3],[0,-10],[-7,-6],[-3,-6],[-5,29],[3,1],[1,14],[4,4],[7,1],[6,5],[7,13],[10,7],[2,-10],[-4,-1]],[[3973,2680],[12,2],[-1,-11],[-5,-4],[1,-8],[-4,-1],[1,-8],[-7,-2],[10,-9],[1,-7],[-5,0],[-11,2],[-8,7],[-3,0],[0,10],[-3,2],[2,11],[11,2],[-1,6],[10,8]],[[3974,2701],[7,2],[2,-5],[-7,-2],[-2,5]],[[3962,2729],[3,-4]],[[3965,2725],[-1,-5],[-6,-2],[10,-7],[-9,-12],[5,-7],[-4,-3],[-9,0]],[[3951,2689],[1,-7],[-4,-5],[-6,1],[-2,5]],[[3940,2683],[-6,-3],[-4,-11],[-12,-1],[-1,4],[7,3]],[[3924,2675],[3,8],[5,3],[3,13],[6,5],[7,2],[2,5],[-2,15],[14,3]],[[3926,2705],[1,7],[-4,1]],[[3923,2713],[1,-4],[-7,-3],[-1,-4]],[[3916,2702],[-8,-1],[-1,6],[6,4],[0,6],[14,2],[2,6],[8,0],[1,10],[8,0],[-1,-7],[-4,-2],[3,-7],[-2,-11],[-6,-7],[-6,-2],[-4,6]],[[3968,2747],[1,-7],[-7,3],[6,4]],[[3964,2778],[4,2]],[[3968,2780],[6,-2]],[[3974,2778],[-4,-6],[-3,-1],[-3,7]],[[3909,2797],[-1,1]],[[3908,2798],[2,3]],[[3910,2801],[3,-1]],[[3913,2800],[8,-1]],[[3921,2799],[12,-3],[1,-5],[-6,-1],[-3,3],[-16,4]],[[3941,2832],[-2,0]],[[3939,2832],[4,6],[0,9],[4,0]],[[3947,2847],[1,-1]],[[3948,2846],[0,-12],[-7,-2]],[[3925,2885],[-1,1]],[[3924,2886],[1,-1]],[[3906,2933],[-7,-6],[0,-4],[-10,-1],[-3,2],[1,6],[7,3],[12,0]],[[3895,2937],[-2,6],[9,2],[2,-6],[-9,-2]],[[3907,2959],[6,2],[-1,-7],[-4,-1],[-1,6]],[[3915,2962],[13,3],[0,-5],[-8,-1],[-5,3]],[[3914,3012],[6,2],[1,-6],[-5,-2],[-2,6]],[[3907,3006],[-13,4],[-3,4],[2,9],[11,2],[2,-8],[4,-4],[-3,-7]],[[3910,3100],[8,2],[-3,-7],[-5,5]],[[3885,3110],[-1,5],[7,2],[4,-1],[1,-8],[-10,-1],[-1,3]],[[3902,3130],[-7,-11],[-7,0],[-5,3],[0,6],[7,1],[1,5],[7,-1],[4,-3]],[[3939,3143],[-11,-1],[-2,4]],[[3926,3146],[1,1]],[[3927,3147],[1,1]],[[3928,3148],[1,-4],[9,2],[1,-3]],[[3917,3150],[-1,-5],[-6,0]],[[3910,3145],[5,1],[2,4]],[[3928,3148],[-1,1]],[[3927,3149],[6,3]],[[3933,3152],[-5,-4]],[[3923,3152],[4,-3]],[[3927,3149],[0,-2]],[[3927,3147],[-1,-1]],[[3926,3146],[-5,5]],[[3921,3151],[1,1]],[[3922,3152],[1,0]],[[3918,3153],[0,-1]],[[3918,3152],[-1,-2]],[[3917,3150],[1,3]],[[3918,3152],[0,1]],[[3918,3153],[5,-1]],[[3923,3152],[-1,0]],[[3922,3152],[-1,-1]],[[3921,3151],[-3,1]],[[3880,3153],[-7,-3],[0,6],[7,1],[0,-4]],[[3919,3207],[-4,6],[6,2],[-2,-8]],[[3916,3285],[3,6]],[[3919,3291],[-3,-6]],[[3919,3291],[-4,3],[0,7],[4,1],[5,-7],[-5,-4]],[[3902,3321],[9,0],[2,-2],[0,-8],[-16,-1],[-7,-3],[-1,8],[3,4],[-1,6],[12,3],[-1,-7]],[[3897,3521],[-1,-12],[8,1],[-1,-6]],[[3903,3504],[-3,3],[-4,-4],[-11,2],[-2,18],[1,9],[3,2],[1,-12],[9,-1]],[[3769,4440],[-6,-2],[-3,12],[8,-2],[1,-8]],[[3783,4453],[1,0]],[[3784,4453],[-1,0]],[[3783,4455],[0,-1]],[[3783,4454],[0,-1]],[[3783,4453],[-2,0],[-1,3],[3,-1]],[[3798,4466],[0,-6],[-14,-7]],[[3784,4453],[-1,1]],[[3783,4454],[0,1]],[[3783,4455],[4,7],[6,4],[5,0]],[[3778,4465],[-4,3]],[[3774,4468],[4,-3]],[[3800,4465],[-2,1]],[[3798,4466],[-3,7],[4,3],[1,13],[5,-2],[-5,-22]],[[3775,4481],[-2,1]],[[3773,4482],[2,4]],[[3775,4486],[2,-3]],[[3777,4483],[-2,-2]],[[3793,4484],[-5,3]],[[3788,4487],[9,6]],[[3797,4493],[-4,-9]],[[3777,4483],[-2,3]],[[3775,4486],[4,4]],[[3779,4490],[-2,-7]],[[3788,4487],[-4,3],[-5,0]],[[3779,4490],[0,4],[8,-3],[1,-4]],[[3473,7706],[-1,0]],[[3472,7706],[1,5],[5,4],[6,9],[2,-7],[-5,-3],[-4,-6],[-4,-2]],[[3497,7719],[-5,7],[5,3],[0,-10]],[[3443,7757],[-3,5]],[[3440,7762],[11,-3]],[[3451,7759],[-3,-9],[-5,7]],[[3451,7759],[-4,4],[2,5],[-3,6]],[[3446,7774],[12,9],[2,-6]],[[3460,7777],[-1,-1]],[[3459,7776],[-3,-3],[3,-10],[-3,-5],[-5,1]],[[3459,7776],[1,1]],[[3460,7777],[-1,-1]],[[3446,7774],[-6,0]],[[3440,7774],[6,0]],[[3482,7788],[1,-7],[-11,-2],[0,6],[10,-2],[0,5]],[[3514,7828],[-3,-6],[-8,-1],[-2,-9],[-12,-12],[5,-9],[4,-4],[0,-10],[-8,-2],[1,-11],[-7,-4],[-7,0],[-3,-3],[-2,-14],[-10,-1],[2,5],[8,2],[-1,8],[2,7],[11,1],[4,6],[-1,8],[9,0],[0,5],[-9,9],[-1,6],[3,5],[6,5],[5,9],[2,7],[12,3]],[[3460,7788],[-3,3],[0,6],[6,0],[-3,-9]],[[3468,7823],[0,-5],[8,-3],[2,-14],[-12,9],[-2,8],[4,5]],[[3492,7818],[-8,-5],[-1,5],[9,0]],[[3390,8235],[1,-4],[6,-8]],[[3397,8223],[3,0]],[[3400,8223],[14,1],[7,7],[-1,12],[7,7],[7,0],[1,5],[4,3],[0,6],[-7,6],[0,10],[3,5],[11,4],[5,5],[-1,14],[3,1],[2,11],[6,4],[-3,6],[-3,12],[4,13],[3,0],[2,-10],[7,9],[-4,7],[-1,9],[6,6],[8,0],[1,11]],[[3481,8387],[1,-23],[-7,-2],[-1,-4]],[[3474,8358],[2,-3],[1,-9],[-6,-5],[-2,-5],[-4,-1],[0,-9],[-7,-20],[-2,-9],[-6,-9],[-1,-6],[-7,-5],[-6,0],[0,-7],[7,-2],[-1,-13],[-3,-5],[-6,-2],[-2,-4],[-7,-2],[1,-4],[-11,-20],[-1,-13],[10,-6],[1,-5],[9,-10],[1,-15],[-3,-2],[0,-9],[4,-16],[-4,-9],[1,-8],[9,1],[2,-5],[1,-18],[-3,-8],[-4,0],[4,-11],[7,-2],[0,-13],[-9,2],[-10,4],[-5,0],[1,-6],[-5,-4],[-10,-1],[-1,5],[4,10],[-2,13],[-3,3],[5,13],[1,-11],[4,0],[10,-7],[1,-7],[4,0],[-1,15],[8,7],[-2,16],[-8,-1],[-2,-4],[-5,-1],[-1,13],[8,11],[0,8],[-5,3],[-5,-1],[-5,4],[-1,9],[3,3],[-4,10],[-2,16],[-7,-1],[-1,12],[-7,7],[-3,8],[-5,5],[-5,-3],[-8,3],[-7,0],[-2,13],[7,8],[5,-4],[4,-9],[3,9],[5,-4]],[[3400,8223],[-3,0]],[[3397,8223],[3,0]],[[3397,8230],[6,2],[2,8],[3,0],[-2,-10],[-9,0]],[[3454,8240],[6,0],[1,-8],[-9,-3],[-3,-3],[-8,-1],[-1,10],[5,9],[9,-4]],[[3443,8312],[-2,-4],[-2,18],[5,-5],[-1,-9]],[[3430,8339],[-5,9],[5,8],[6,1],[1,-9],[-3,-8],[-4,-1]],[[3404,8418],[-3,13],[4,2],[4,-4],[-1,-12],[-4,1]],[[3412,8470],[1,4]],[[3413,8474],[4,3],[1,15],[4,5],[12,1],[3,1]],[[3437,8499],[1,-3],[-13,-2],[-6,-3],[4,-14],[-4,-1],[-7,-6]],[[3407,8559],[8,-4],[6,-7],[-3,-4],[-5,4],[-6,11]],[[3357,8809],[0,6],[4,1],[1,-7],[-5,0]],[[3354,8822],[-1,1]],[[3353,8823],[1,-1]],[[4104,1574],[-5,4]],[[4099,1578],[8,3],[4,-8],[7,-2],[10,1],[1,-5],[-13,-1],[-5,-3],[-1,-7],[-8,4],[-1,7],[3,7]],[[4144,1629],[-10,-5],[-3,4],[3,5],[11,2],[-1,-6]],[[4110,1623],[-4,6],[3,2],[6,-1],[-5,-7]],[[4094,1639],[7,-4],[0,-5],[-7,2],[0,7]],[[4122,1642],[9,5],[3,-4],[-11,-4],[-1,3]],[[4095,1657],[0,5],[9,2],[0,-6],[-9,-1]],[[4074,1739],[0,8],[4,0],[1,-9],[-5,1]],[[4119,1870],[1,-7],[-6,-1],[1,9],[4,-1]],[[4069,1864],[-5,5],[5,5],[11,-1],[-6,-6],[-5,-3]],[[4100,1897],[-15,-4],[5,7],[-1,8],[7,-1],[1,-10],[3,0]],[[4099,1916],[-7,9],[-12,5],[7,2],[3,-6],[5,0],[3,-4],[1,-6]],[[4047,1993],[5,2],[-1,4],[4,3]],[[4055,2002],[1,-1]],[[4056,2001],[3,-5],[9,-2],[0,-3],[-7,-7],[-5,-2],[-5,3],[-1,6],[-3,2]],[[4082,1996],[1,6],[5,-1],[1,-4],[-7,-1]],[[4056,2001],[-1,1]],[[4055,2002],[1,-1]],[[4051,2065],[-1,10],[7,4],[2,-12],[-8,-2]],[[4057,2140],[3,-8],[-6,-1],[0,9],[3,0]],[[4077,2155],[2,-6],[-6,-1],[0,6],[4,1]],[[4077,2155],[-3,14],[10,-1],[1,-9],[-8,-4]],[[4053,2180],[7,0],[3,-4],[1,-6]],[[4064,2170],[-2,5],[-9,5]],[[4059,2278],[1,-7]],[[4060,2271],[-1,0]],[[4059,2271],[-1,7]],[[4058,2278],[1,0]],[[4015,2372],[-2,-2],[3,-25],[2,-2],[7,1],[5,-5],[8,-4],[6,-1],[4,-15],[1,-11],[-1,-8],[6,-6],[4,-1],[-1,-9],[2,-6]],[[4059,2278],[-1,0]],[[4058,2278],[-6,-2]],[[4052,2276],[7,-5]],[[4059,2271],[1,-5]],[[4060,2266],[0,5]],[[4060,2271],[2,-3],[2,-19],[-1,-6]],[[4063,2243],[-3,-9],[14,1],[3,-3],[-2,-8],[5,2],[1,-8],[3,0]],[[4084,2218],[3,-9],[11,-9],[0,-5],[-14,3],[-4,0]],[[4080,2198],[4,-2],[6,-13],[5,-7]],[[4095,2176],[-4,3],[-6,1],[-1,11],[-13,7],[-4,-1],[-9,11],[-8,2],[-5,-1],[4,-10],[-5,-1],[2,-7],[7,-6],[0,-5]],[[4053,2180],[-3,6],[-7,2],[1,-11],[-3,-6]],[[4041,2171],[-2,3],[4,5],[-1,20],[-2,15],[9,8],[-3,8],[-3,0],[1,9],[-4,3],[-11,-2],[-6,4],[-10,-1],[0,10],[2,11],[11,4],[-1,6],[-3,2],[-3,9],[-7,-2],[1,12],[-3,1],[-4,9]],[[4006,2305],[3,0],[6,-9],[7,0]],[[4022,2296],[0,11],[-3,5],[-8,-1],[-6,1]],[[4005,2312],[5,2],[1,6],[5,-2],[1,-6],[6,1],[-4,7],[-4,2]],[[4015,2322],[-8,10],[-1,20],[6,10],[0,13],[3,-3]],[[4052,2276],[0,7],[-5,13],[-4,6],[0,5],[-4,4],[-1,10],[-9,2],[1,-4],[-5,-2],[2,-8],[7,-12],[3,-19],[9,-5],[6,3]],[[4062,2212],[2,1],[-2,10],[-12,8],[0,6],[5,4],[-2,12],[-5,5],[-4,13],[-6,0],[-8,6],[4,4],[-1,7],[-4,0],[-1,6],[-6,2]],[[4022,2296],[3,-2],[2,-11],[-3,-7],[3,-3],[1,-15],[3,-3],[13,-5],[3,-7],[0,-11],[6,-5],[0,-7],[8,-1],[1,-7]],[[4015,2322],[9,1],[1,6],[-4,2],[2,7],[4,-3],[1,-7],[6,4],[-3,4],[-7,5],[-7,-1],[-8,-3],[1,-4],[4,-6],[1,-5]],[[4042,2310],[5,0],[-1,7],[-6,2],[2,-9]],[[4054,2255],[3,-6],[5,4],[-8,2]],[[4071,2323],[3,-7],[1,-8],[-2,-8],[-3,-3],[-11,3],[-5,5],[-2,16],[2,10],[7,6],[6,-6],[4,-8]],[[4052,2338],[-3,2],[-2,12],[1,4],[9,-1],[4,-7],[-1,-8],[-8,-2]],[[4035,2352],[5,6],[3,-4],[3,-17],[-3,0],[-5,13],[-3,2]],[[4046,2423],[-5,2],[-2,10],[6,-2],[-2,-5],[3,-5]],[[4026,2440],[-3,7],[6,1],[-3,-8]],[[4025,2458],[-4,4],[13,3],[-1,-9],[-5,-1],[-3,3]],[[4007,2466],[-4,-5]],[[4003,2461],[4,5]],[[4007,2466],[-5,1]],[[4002,2467],[5,-1]],[[4013,2486],[1,10],[5,-5],[-6,-5]],[[4005,2498],[8,2],[-1,-5],[-5,-3],[-2,6]],[[4045,2519],[-8,-1],[2,6],[4,4],[6,1],[-4,-10]],[[4008,2603],[-5,4],[0,5],[3,5],[5,-2],[-4,-8],[1,-4]],[[3989,2641],[0,13],[-2,1],[2,28],[5,13],[0,12],[2,6],[8,5],[4,12],[4,-6],[-4,-10],[1,-5],[-5,-13],[0,-12],[-6,-17],[1,-4],[6,-4],[-6,-7],[5,-11],[2,-7],[-3,-2],[-5,-13],[-7,-9],[0,11],[-3,4],[-1,7],[9,-4],[-1,5],[-6,0],[0,7]],[[3976,2739],[1,7],[5,-3],[-1,-7],[-5,3]],[[4023,2747],[5,4],[5,-2],[-1,-5],[-7,0],[-2,3]],[[4022,2755],[-3,-5],[-4,1],[0,10],[13,0],[1,-5],[-7,-1]],[[3990,2752],[5,10],[7,0],[-1,-8],[-11,-2]],[[3968,2747],[-6,-3],[-8,-1],[-3,6],[7,9],[2,6],[12,2],[4,7],[-2,5]],[[3974,2778],[4,5]],[[3978,2783],[8,1],[5,-5],[7,1]],[[3998,2780],[6,0]],[[4004,2780],[4,-7],[-11,0],[-3,3],[-17,-3],[1,-9],[6,-8],[-3,-7],[-13,3],[0,-5]],[[4004,2780],[-6,0]],[[3998,2780],[6,0]],[[4008,2877],[0,-4]],[[4008,2873],[0,4]],[[3967,2937],[3,-1]],[[3970,2936],[1,-6],[5,5]],[[3976,2935],[3,-1]],[[3979,2934],[-2,-9],[2,-8]],[[3979,2917],[-2,-1]],[[3977,2916],[-12,3]],[[3965,2919],[-2,9],[-4,0]],[[3959,2928],[-3,11],[8,-1]],[[3964,2938],[3,-1]],[[4012,2974],[-1,6],[2,9],[16,3],[8,-1],[0,-6],[-7,-1],[1,-12],[3,-1]],[[4034,2971],[-6,-14],[8,1],[1,5],[6,-2],[-1,-10],[-5,-3],[-34,-1],[-7,-2]],[[3996,2945],[-4,-7],[6,-5],[-2,-4]],[[3996,2929],[-3,1]],[[3993,2930],[-2,2],[-12,2]],[[3979,2934],[-3,1]],[[3976,2935],[-6,1]],[[3970,2936],[-3,1]],[[3967,2937],[-3,1]],[[3964,2938],[5,14],[7,3],[-2,7],[-5,2],[-1,7],[3,4],[8,0],[1,-4],[9,2],[0,5],[9,2],[2,3],[0,8],[9,-1],[2,-8],[-5,-5],[6,-3]],[[4012,2974],[-2,-9],[6,1],[0,7],[-4,1]],[[4021,2970],[3,1],[-1,9],[-3,-1],[1,-9]],[[4006,2959],[-8,-1],[-1,4],[-10,-1],[-8,-7],[2,-7],[6,-2],[4,3],[0,6],[10,0],[5,5]],[[4006,2959],[7,-4],[7,1],[-4,7],[-10,-4]],[[3966,2982],[-2,3],[6,5],[2,-4],[-6,-4]],[[3995,3006],[9,1],[0,-5],[-5,-1],[-4,5]],[[3990,3013],[-6,5],[18,1],[0,-6],[-12,0]],[[3952,3091],[10,0],[0,-3],[-9,0],[-1,3]],[[3979,3119],[0,-2]],[[3979,3117],[0,-2]],[[3979,3115],[-1,-4]],[[3978,3111],[4,-7],[3,3],[-1,7],[6,-1]],[[3990,3113],[1,-5],[-6,-5],[-7,1],[1,-6],[6,1],[3,-5],[6,0],[-5,-12],[-8,-1],[-5,7],[-7,1],[-7,8],[7,2],[7,-4],[-1,11],[-7,7],[-3,8],[5,5]],[[3970,3126],[3,-3]],[[3973,3123],[6,2],[0,-6]],[[3973,3123],[-5,-3],[3,-9],[5,-4],[1,9],[-4,7]],[[3978,3111],[1,4]],[[3979,3115],[0,2]],[[3979,3117],[0,2]],[[3979,3119],[3,-6],[-4,-2]],[[3970,3126],[-3,5],[8,7],[-1,-10],[-4,-2]],[[3939,3143],[4,4]],[[3943,3147],[-4,-4]],[[3951,3146],[-8,1]],[[3943,3147],[6,3],[2,-4]],[[3940,3164],[-8,3],[-1,9],[5,1],[8,-10],[-4,-3]],[[3948,3181],[5,-2],[1,-9],[-6,3],[0,8]],[[3988,3211],[-15,-1],[-4,3],[1,6],[8,0],[4,6],[4,0],[2,-14]],[[3925,3310],[-4,4],[1,9],[5,-9],[-2,-4]],[[3963,3371],[-4,4],[-1,6],[7,-1],[1,-7],[-3,-2]],[[3953,3379],[-1,1]],[[3952,3380],[1,-1]],[[3905,3526],[-8,-5]],[[3897,3521],[-3,11],[1,8],[8,-3],[4,0]],[[3907,3537],[-6,12],[-6,1],[3,7],[14,-3],[4,-7],[0,-12],[-3,-15],[-8,6]],[[3846,4449],[11,-3]],[[3857,4446],[-2,-3],[-9,-1],[-4,-7],[-6,3],[-2,11],[-5,6],[-8,-1]],[[3821,4454],[-1,7],[17,4],[4,-4],[7,4],[4,-4],[-1,-5],[-4,0],[-1,-7]],[[3819,4464],[-8,-3],[-2,9],[8,0],[2,-6]],[[3818,4492],[-1,7]],[[3817,4499],[1,-7]],[[3806,4508],[-7,-7],[-5,7],[0,5],[4,3],[16,3],[0,-4],[-6,-3],[-2,-4]],[[3820,4514],[-4,8],[9,3],[-3,-10],[-2,-1]],[[3845,4530],[-1,-7],[-4,1],[-1,13],[5,-1],[1,-6]],[[3519,7665],[-3,-2],[-8,-1],[-6,-15],[-3,-1],[-1,17],[21,2]],[[3517,7767],[2,11],[13,0],[1,-5],[-5,-3],[0,-9],[-2,-2],[-9,1],[0,7]],[[3514,7924],[2,-8],[-5,-10],[3,-5],[1,-13],[2,-2],[1,-9],[-2,-2],[0,-9],[5,-3],[2,-5],[-5,-1],[-5,-4],[1,-7],[5,0],[-2,-11],[-13,12]],[[3504,7847],[7,4],[0,10],[4,2],[-5,9],[5,3],[-1,9],[-3,6],[-2,16],[1,6],[4,12]],[[3499,8125],[2,-9],[7,-7],[-7,-2],[-1,8],[-2,2],[1,8]],[[3495,8262],[4,-5],[-6,-2],[2,7]],[[3490,8389],[-9,-2]],[[3481,8387],[0,5],[6,1],[3,-4]],[[3490,8420],[-2,9],[1,3]],[[3489,8432],[1,-12]],[[3426,8511],[3,3],[-2,11],[4,0],[1,-9],[-6,-5]],[[3437,8499],[13,17],[5,-1],[2,6],[4,3],[10,1],[16,6],[3,4],[9,4],[4,5],[3,8],[6,4]],[[3512,8556],[-3,-3],[-3,-10]],[[3506,8543],[-1,-1]],[[3505,8542],[-1,-1]],[[3504,8541],[-5,-3],[-1,-6]],[[3498,8532],[-10,-2],[1,-4],[-8,-2],[-4,-4],[-12,-1],[-6,-3],[-9,-3],[-5,-9],[-8,-5]],[[3418,8815],[-7,-2],[-7,3],[-2,4],[4,6],[8,1],[5,-3],[-1,-9]],[[3404,8848],[-2,3],[9,2],[3,-4],[-10,-1]],[[4202,1574],[-1,-7],[4,-8],[-5,0],[-1,11],[-6,-7],[-1,12],[7,2],[3,-3]],[[4147,1578],[0,4],[6,0],[1,-6],[-3,-7],[-6,0],[-1,7],[3,2]],[[4173,1582],[-5,-3],[-5,8],[5,3],[5,-8]],[[4198,1619],[-5,-1],[0,6],[-4,8],[5,3],[5,-4],[-1,-12]],[[4160,1652],[6,2],[1,-11],[-7,3],[0,6]],[[4157,1653],[-5,4],[4,8],[4,1],[1,-7],[-4,-6]],[[4147,1652],[-4,0],[-8,4],[3,5],[6,2],[3,-5],[0,-6]],[[4172,1761],[-1,7],[6,-1],[0,-6],[-5,0]],[[4135,1879],[-5,4],[-1,4],[10,-1],[1,-4],[-5,-3]],[[4131,1895],[-5,-2],[-3,3],[0,8],[8,-9]],[[4131,1967],[-9,0],[1,13],[6,-2],[2,-11]],[[4108,1978],[-4,-5],[-5,15],[2,5],[17,3],[2,-17],[-6,-8],[-1,8],[-5,-1]],[[4116,2007],[3,-8],[-7,2],[4,6]],[[4127,2028],[5,0],[1,-6],[-6,1],[0,5]],[[4152,2031],[5,1],[0,-6],[-5,1],[0,4]],[[4144,2035],[4,2],[3,-7],[-4,-1],[-3,6]],[[4127,2060],[3,4],[5,-4],[-7,-6],[-1,6]],[[4136,2109],[-2,4],[3,4],[6,1],[1,-10],[-8,1]],[[4095,2163],[1,-9],[-4,-5],[-4,4],[0,13],[7,-3]],[[4122,2171],[3,-5],[5,5],[6,2],[5,-5],[-1,-11],[-3,-4],[-8,6],[-9,0],[-1,9],[-8,-2],[-1,10],[9,-6],[3,1]],[[4142,2191],[-2,6],[5,3],[1,-7],[-4,-2]],[[4114,2252],[-2,1]],[[4112,2253],[2,-1]],[[4114,2252],[-2,1]],[[4112,2253],[2,-1]],[[4121,2259],[-7,0],[-1,3],[-10,-1],[-6,2],[0,5],[15,-4],[4,0],[5,-5]],[[4100,2299],[12,-2],[0,-6],[-9,3],[-3,5]],[[4100,2299],[0,-3],[-11,-1],[-11,4],[-2,6],[4,6],[3,-4],[9,-6],[8,-2]],[[4107,2413],[11,-10],[13,-19],[8,-26],[1,-15],[0,-5],[1,-16],[-9,-17],[-12,-4],[-2,4],[-7,5],[-10,0],[-7,3],[-14,14],[-2,8],[1,7],[5,6],[-1,5],[4,7],[1,7],[4,4],[0,5],[-6,7],[-9,3],[-3,8],[2,4],[-3,16],[8,8],[8,1],[7,-4],[5,-1],[6,-5]],[[4125,2409],[-4,-4],[-2,5],[-6,4],[-3,7],[4,6],[7,-7],[4,-11]],[[4108,2464],[6,3],[-1,5],[9,-4],[-7,-3],[0,-6],[-15,-1],[-6,2],[2,5],[-2,6],[8,2],[-1,-11],[7,2]],[[4092,2502],[-7,2]],[[4085,2504],[7,-2]],[[4055,2539],[5,-4]],[[4060,2535],[-5,4]],[[4084,2547],[-8,1],[1,11],[10,-8],[-3,-4]],[[4104,2562],[-4,-4],[-11,7],[6,4],[9,-7]],[[4086,2653],[-1,11],[4,-3],[1,-5],[-4,-3]],[[4055,2690],[-5,-4],[-10,8],[3,6],[5,-1],[7,-9]],[[4063,2704],[1,-1]],[[4064,2703],[2,-7],[-8,2],[5,6]],[[4064,2703],[-1,1]],[[4063,2704],[1,11],[8,-5],[-3,-9],[-5,2]],[[4078,2715],[-5,2],[0,5],[3,5],[5,-6],[-3,-6]],[[4061,2774],[0,4],[9,1],[2,-4],[-7,-3],[-4,2]],[[4020,2835],[2,10],[4,-4],[-4,-7]],[[4022,2834],[-2,1]],[[4015,2860],[9,4],[12,-12]],[[4036,2852],[-5,0],[-4,-8],[-6,2],[-1,9],[-5,5]],[[4043,2905],[1,-9],[-6,-6],[-7,12],[3,4],[9,-1]],[[4039,2915],[3,1]],[[4042,2916],[1,-1]],[[4043,2915],[-4,0]],[[4026,2921],[2,-3],[-2,-12],[-5,-1],[-4,3],[-3,15],[7,1],[5,-3]],[[4037,2921],[2,-2]],[[4039,2919],[0,-4]],[[4039,2915],[-2,6]],[[4045,2927],[4,0]],[[4049,2927],[4,-3],[4,3],[-1,-16],[-12,2],[-1,2]],[[4043,2915],[-1,1]],[[4042,2916],[-3,3]],[[4039,2919],[-2,2]],[[4037,2921],[-8,1]],[[4029,2922],[-2,4]],[[4027,2926],[9,0],[6,3],[3,-2]],[[4026,2921],[3,1]],[[4029,2922],[-3,-1]],[[4049,2927],[-4,0]],[[4045,2927],[4,0]],[[4027,2926],[-18,0],[0,4],[10,7],[8,-11]],[[4054,2936],[-5,1],[-3,11],[8,5],[7,0],[-7,-17]],[[4034,2971],[1,9],[8,1],[-1,-7],[-8,-3]],[[4046,3007],[1,5],[6,0],[3,-6],[-10,1]],[[4042,3065],[1,2]],[[4043,3067],[1,4]],[[4044,3071],[10,-6],[-4,-5],[-3,4],[-5,1]],[[4035,3070],[2,2],[7,-1]],[[4044,3071],[-1,-4]],[[4043,3067],[-1,-2]],[[4042,3065],[-7,5]],[[4063,3114],[11,-6],[0,-5],[-8,-5],[2,-14],[-3,-3]],[[4065,3081],[-1,23],[-13,4],[3,-17],[-9,-1],[-5,22],[-5,2],[-4,-5],[-6,0],[-16,-5],[2,-4]],[[4011,3100],[-2,-1],[-3,15],[-11,1]],[[3995,3115],[9,3],[8,1],[5,-8],[3,2],[1,9],[7,1],[11,6],[7,-8],[13,9],[3,4],[20,-2],[-10,-12],[-3,4],[-4,0],[-2,-10]],[[4033,3113],[-1,3],[9,1],[3,2],[-3,5],[-8,-2],[1,-4],[-5,-1],[1,-6],[3,2]],[[3990,3113],[5,2]],[[3995,3115],[-5,-2]],[[4034,3159],[-11,2],[1,5],[9,1],[5,-1],[-4,-7]],[[4030,3179],[-5,1],[-1,5],[11,1],[1,-6],[-6,-1]],[[3972,3369],[10,-2],[1,-4],[-8,-3],[-4,4],[1,5]],[[3983,3407],[-6,-3],[-7,0],[-1,-8],[-5,-1],[-8,3],[-2,6],[8,6],[10,-2],[-1,7],[-7,2],[4,6],[5,0],[0,-7],[7,-3],[3,-6]],[[3960,3497],[-6,4],[-1,14],[5,-2],[0,-9],[2,-7]],[[3929,3999],[-5,-4],[0,9],[5,-5]],[[3912,4402],[-5,1],[-6,12],[-3,2]],[[3898,4417],[4,-2],[10,-13]],[[3898,4417],[-4,-4]],[[3894,4413],[-6,0]],[[3888,4413],[0,5],[9,1],[1,-2]],[[3888,4413],[-2,-7]],[[3886,4406],[-2,-4]],[[3884,4402],[-1,12],[-6,6],[-7,3]],[[3870,4423],[1,1]],[[3871,4424],[3,3]],[[3874,4427],[1,1]],[[3875,4428],[3,-3]],[[3878,4425],[6,-10],[4,-2]],[[3874,4427],[-3,-3]],[[3871,4424],[-1,-1]],[[3870,4423],[1,13]],[[3871,4436],[4,-2],[0,-6]],[[3875,4428],[-1,-1]],[[3887,4437],[-3,10],[4,1],[3,-10],[-4,-1]],[[3871,4436],[-4,9]],[[3867,4445],[4,-9]],[[3697,6778],[-12,-3],[-2,7],[6,3],[3,5],[8,-1],[0,-5],[-3,-6]],[[3561,7717],[-3,0],[1,11],[-1,8],[4,6],[6,0],[-1,-13],[1,-6],[-5,-13],[-2,7]],[[3596,7776],[-1,-11],[-6,4],[4,8],[-4,4],[-1,8],[5,-1],[3,-12]],[[3514,8186],[1,0]],[[3515,8186],[-4,-13]],[[3511,8173],[-1,6],[4,7]],[[3515,8186],[-1,0]],[[3514,8186],[1,0]],[[3521,8307],[6,1],[-2,-8],[-4,7]],[[3497,8346],[5,5],[1,-8],[-5,-3],[-1,6]],[[3490,8389],[8,7],[1,3],[7,2]],[[3506,8401],[-6,-3],[-3,-7],[-7,-2]],[[3506,8401],[-1,2]],[[3505,8403],[1,-2]],[[3490,8420],[2,-14],[13,-3]],[[3505,8403],[-13,-1],[-2,12],[0,6]],[[3529,8440],[14,5]],[[3543,8445],[-5,-4],[-9,-1]],[[3513,8530],[-3,-6],[5,-6],[3,3],[7,0],[-3,-7],[-4,0],[-5,-8],[-10,1],[2,12],[8,11]],[[3517,8533],[1,1]],[[3518,8534],[-1,-1]],[[3515,8534],[-2,-4]],[[3513,8530],[2,4]],[[3517,8533],[-2,1]],[[3515,8534],[3,0]],[[3518,8534],[-1,-1]],[[3506,8543],[-2,-2]],[[3504,8541],[1,1]],[[3505,8542],[1,1]],[[3527,8563],[0,1]],[[3527,8564],[0,-1]],[[3512,8556],[3,8],[4,1],[6,5],[3,8],[5,1]],[[3533,8579],[-4,-5],[-2,-10]],[[3527,8564],[0,-1]],[[3527,8563],[-9,-3],[-6,-4]],[[3465,8722],[2,-9],[-4,-2],[-2,10],[4,1]],[[3477,8728],[-3,-8],[-5,-2],[1,7],[7,3]],[[3504,8788],[-3,-3],[-9,-1],[2,10],[10,1],[0,-7]],[[3455,8884],[2,0]],[[3457,8884],[-2,0]],[[3457,8884],[-2,0]],[[3455,8884],[2,0]],[[3500,8966],[1,-1]],[[3501,8965],[-6,-7],[-4,4],[0,5],[7,3],[2,-4]],[[3440,8989],[2,9]],[[3442,8998],[-2,-9]],[[3461,9029],[-5,-1],[-3,6],[1,3],[7,-2],[0,-6]],[[4215,1569],[-7,-6]],[[4208,1563],[-1,5],[8,1]],[[4233,1568],[-11,1]],[[4222,1569],[8,3],[3,-4]],[[4222,1569],[-7,0]],[[4215,1569],[7,0]],[[4241,1572],[-8,0],[1,5],[-6,1],[-1,-3],[-6,3],[4,5],[12,-1],[3,-3],[1,-7]],[[4255,1588],[-6,-1],[-2,7],[7,1],[1,-7]],[[4213,1615],[-5,2],[-2,7],[-3,0],[-1,7],[4,3],[3,-7],[3,0],[1,-12]],[[4259,1636],[-8,-2],[-3,3],[0,19],[7,4],[4,-5],[-3,-3],[3,-8],[0,-8]],[[4231,1678],[8,6],[0,-5],[-5,-3],[-3,2]],[[4208,1841],[-1,8]],[[4207,1849],[1,-8]],[[4209,1854],[-2,-5]],[[4207,1849],[2,5]],[[4205,1919],[-5,3],[-5,6],[-6,1]],[[4189,1929],[4,0],[6,-3],[6,-7]],[[4214,1928],[-7,3],[-2,7],[11,0],[-4,-5],[2,-5]],[[4198,1949],[-2,12],[1,7],[7,8],[0,7]],[[4204,1983],[1,-6],[4,-3],[3,-7],[-1,-6],[-9,0],[-4,-12]],[[4208,1986],[-4,-3]],[[4204,1983],[4,3]],[[4179,2044],[-5,-4],[-4,1]],[[4170,2041],[9,3]],[[4183,2045],[-4,-1]],[[4179,2044],[4,1]],[[4159,2045],[5,1],[6,-5]],[[4170,2041],[-6,4],[-5,0]],[[4174,2088],[-3,1],[-2,9],[8,-4],[-3,-6]],[[4211,2130],[-5,-3],[3,-19],[-5,-2],[-1,21],[-6,10],[3,7],[3,-13],[8,-1]],[[4169,2119],[5,3],[3,-9],[-6,-3],[-2,9]],[[4176,2246],[2,8],[-3,2],[0,13],[7,-6],[2,-16],[7,-12],[3,-13],[4,-4],[0,-13],[7,-2],[7,-8],[-4,-2],[-6,4],[0,4],[-7,4],[-1,14],[-5,2],[-1,10],[-3,9],[-9,6]],[[4187,2249],[-2,5],[3,10],[5,0],[1,-8],[-7,-2],[0,-5]],[[4155,2300],[-5,-4],[-3,-7],[-5,0],[1,9],[2,8],[5,1],[1,-6],[4,-1]],[[4171,2348],[6,0],[6,-2],[3,-9],[-2,-6],[-6,1],[-1,14],[-6,2]],[[4175,2374],[5,1],[1,-8],[-5,-1],[-1,8]],[[4147,2380],[0,-7],[-6,4],[-1,9],[7,-6]],[[4140,2400],[-4,-2],[-2,14],[4,-1],[2,-11]],[[4151,2406],[-3,0],[-3,6],[-3,14],[3,12],[12,1],[9,-8]],[[4166,2431],[-8,6],[-10,-1],[-3,-12],[6,-18]],[[4166,2431],[2,-2],[8,1],[3,-8],[-6,1],[-7,8]],[[4122,2441],[5,4],[0,-15],[-4,-4],[-1,15]],[[4170,2464],[-8,-10],[-4,1],[-2,16],[4,1],[1,9],[3,2],[6,-5],[2,-9],[-2,-5]],[[4147,2478],[-1,1]],[[4146,2479],[1,-1]],[[4146,2479],[1,-1]],[[4147,2478],[-1,1]],[[4158,2491],[1,3],[6,2],[0,-5],[-3,-3],[-4,3]],[[4160,2505],[9,-3],[-2,-4],[-9,-1],[-1,6],[3,2]],[[4146,2525],[6,7],[2,-6],[-3,-2],[-5,1]],[[4136,2541],[-4,-6]],[[4132,2535],[4,6]],[[4127,2543],[1,0]],[[4128,2543],[4,-8]],[[4132,2535],[-4,0],[-1,8]],[[4127,2543],[1,0]],[[4128,2543],[-1,0]],[[4109,2578],[-6,6],[6,2],[0,-8]],[[4113,2632],[-1,-5],[-8,-1],[-2,2],[3,14],[4,0],[7,-5],[-3,-5]],[[4104,2675],[2,-1]],[[4106,2674],[-2,1]],[[4106,2674],[-2,1]],[[4104,2675],[2,-1]],[[4089,2910],[1,8],[4,2],[6,-3],[0,-6],[-11,-1]],[[4086,2942],[0,-6],[-8,-1],[-12,2],[1,10],[13,-1],[6,-4]],[[4088,3011],[1,-5],[-5,-1],[-7,2],[0,5],[16,11],[3,-3],[-1,-9],[-7,0]],[[4089,3054],[2,-4],[-1,-7],[-12,-2],[-8,9],[1,6],[7,6],[3,-4],[5,1],[3,-5]],[[4087,3050],[-11,-1],[3,-6],[8,1],[0,6]],[[4078,3072],[-7,0]],[[4071,3072],[7,0]],[[4065,3081],[6,-1],[0,-8]],[[4071,3072],[-1,0]],[[4070,3072],[0,6],[-5,3]],[[4115,3094],[-2,-2],[1,-9],[-5,2]],[[4109,3085],[-3,5],[3,8],[6,-4]],[[4074,3090],[-2,3],[3,7],[8,-7],[-9,-3]],[[4094,3116],[0,5],[17,-2],[3,5],[8,-3],[-4,-7],[-8,0],[0,-6],[8,-1],[-16,-10],[-12,3],[6,5],[-1,5],[-10,-4],[-4,3],[1,11],[4,0],[8,-4]],[[4102,3147],[2,1]],[[4104,3148],[-2,-1]],[[4044,3439],[-6,-2],[-4,8],[0,7],[6,-2],[4,3],[0,-14]],[[4055,3475],[-6,-2],[0,7],[4,5],[5,1],[-3,-11]],[[4027,3680],[-6,1],[0,4],[7,7],[3,-10],[-4,-2]],[[3916,4374],[1,-2]],[[3917,4372],[6,-8],[3,4],[3,-5],[4,-2],[11,-14],[13,-1],[5,-9],[0,-7],[4,-5],[-4,-7],[-4,6],[0,11],[-5,9],[-7,-2],[1,-6],[9,-14],[6,-13],[1,-11],[6,-13],[2,-18],[-2,-8],[-3,-6],[-1,-8],[4,-3],[0,-6],[-7,-2],[-6,1],[-1,7],[-5,-1],[-6,-5],[-15,28],[-4,5],[-1,6],[-7,13],[-1,7],[-3,2],[-2,8],[-9,22],[-3,27],[4,1],[9,6],[1,10],[3,3]],[[3940,4397],[-3,-3],[0,-8],[-5,4],[-1,6],[9,1]],[[3957,4395],[-5,-4],[-7,-1],[-5,7]],[[3940,4397],[5,3],[12,-5]],[[3957,4395],[-1,9],[7,5]],[[3963,4409],[1,-1]],[[3964,4408],[-1,-10],[3,0]],[[3966,4398],[-1,-4],[-6,-3],[-2,4]],[[3964,4408],[-1,1]],[[3963,4409],[1,-1]],[[3925,4401],[0,5]],[[3925,4406],[2,-2]],[[3927,4404],[-2,-3]],[[3593,7933],[-8,2],[-2,8],[5,4],[1,-7],[5,-1],[-1,-6]],[[3543,8445],[-3,3],[6,7],[8,1],[5,-7],[15,6]],[[3574,8455],[-9,-6],[-18,-2],[-4,-2]],[[3558,8543],[1,-1]],[[3559,8542],[0,-1]],[[3559,8541],[1,1]],[[3560,8542],[3,-3],[5,0]],[[3568,8539],[0,-1]],[[3568,8538],[-7,-2],[0,-12],[-6,-3],[-3,-9],[-6,-1],[-7,5],[-1,9],[1,10],[6,-3],[8,1],[5,10]],[[3568,8538],[0,1]],[[3568,8539],[0,-1]],[[3595,8546],[-3,2],[-9,-3]],[[3583,8545],[3,8],[6,0],[3,-7]],[[3560,8542],[-1,0]],[[3559,8542],[-1,1]],[[3558,8543],[2,-1]],[[3570,8585],[3,-1],[5,-10]],[[3578,8574],[-11,-1],[-7,-8],[-4,0],[0,8],[14,3],[0,9]],[[3559,8583],[-4,-8],[-10,-3],[-3,-9],[-4,-1],[-5,7],[2,6],[4,0],[-1,8],[8,3],[7,1],[5,3],[1,-7]],[[3570,8599],[-4,6],[-2,11],[4,4],[4,-7],[5,-3],[-3,-7],[3,-10],[-5,1],[-2,5]],[[3555,8648],[-4,-8],[-11,-4],[-2,-8]],[[3538,8628],[1,-5],[-4,-7],[-9,-8],[5,-7],[3,-2],[-2,-7],[-4,6],[-6,-4],[-2,12],[-4,7],[0,7],[4,-1],[4,9],[7,1],[0,6],[8,5],[-2,3]],[[3537,8643],[8,2],[0,12],[-4,5],[5,2],[4,-3],[5,-13]],[[3557,8648],[-2,0]],[[3555,8648],[2,0]],[[3551,8691],[1,0]],[[3552,8691],[-1,0]],[[3552,8691],[-1,0]],[[3551,8691],[1,0]],[[3561,8708],[6,0],[-1,-6],[-8,-1],[-2,5],[-6,-1],[-1,5],[4,8],[4,-9],[4,-1]],[[3568,8724],[-6,4],[6,6],[3,-2],[-3,-8]],[[3552,8741],[5,4],[2,-7],[-7,-1],[0,4]],[[3532,8753],[0,10],[7,9]],[[3539,8772],[1,-3]],[[3540,8769],[-3,-9],[1,-6],[-6,-1]],[[3539,8772],[1,-3]],[[3540,8769],[-1,3]],[[3525,8775],[-2,-4],[-10,0],[-6,8],[9,7],[0,-8],[9,-3]],[[3541,8807],[2,0]],[[3543,8807],[2,-8],[-6,-4],[-1,-7],[-8,-2],[0,4],[5,2],[6,6],[0,9]],[[3516,8810],[5,2],[-6,-12],[-6,4],[0,7],[7,-1]],[[3541,8807],[0,8],[6,4],[6,1],[0,-8],[-9,1],[-1,-6]],[[3543,8807],[-2,0]],[[3517,8857],[-6,11],[9,3],[0,-8],[-3,-6]],[[3527,8852],[5,8],[0,3],[-6,5],[2,12],[6,-14],[3,-3],[-5,-11],[-5,0]],[[3543,8875],[-1,11],[8,-1],[0,-8],[-3,-4],[-4,2]],[[3501,8965],[-1,1]],[[3500,8966],[1,-1]],[[3510,9010],[0,-10],[-3,0],[3,10]],[[3510,9010],[-2,5],[4,4],[1,-8],[-3,-1]],[[3540,9057],[-4,0]],[[3536,9057],[4,0]],[[4264,1618],[10,2],[1,-4],[-9,-1],[-2,3]],[[4295,1630],[-2,-3]],[[4293,1627],[2,3]],[[4304,1636],[-7,0],[-2,-6]],[[4295,1630],[-2,-3]],[[4293,1627],[-5,-7],[-4,-1],[-1,13],[5,4],[0,6],[6,1],[8,4],[6,-11],[-4,0]],[[4301,1639],[3,-3]],[[4304,1636],[-3,3]],[[4259,1636],[1,7],[6,-5],[-1,-6],[-5,-1],[-1,5]],[[4297,1753],[0,-8],[-5,-1],[-3,7],[8,2]],[[4275,1771],[-7,-3]],[[4268,1768],[7,3]],[[4275,1771],[9,7]],[[4284,1778],[-2,-5],[-7,-2]],[[4284,1778],[5,9],[19,0]],[[4308,1787],[-5,-6],[-7,-1],[-6,4],[-6,-6]],[[4248,1852],[2,3],[8,2],[1,-11],[-6,-2],[-8,1],[-1,5],[4,2]],[[4238,1881],[1,-9],[-6,4],[5,5]],[[4262,2097],[-4,-4],[2,-5],[-9,-3],[-5,-8],[-6,10],[12,0],[-10,6],[-5,7],[-6,2],[4,6],[12,-5],[-3,-3],[12,-6],[6,3]],[[4254,2250],[6,-4],[5,1],[2,-6],[-13,-9],[-5,1],[-2,-5],[-13,0],[-6,8],[-1,7],[4,1],[7,8],[13,1],[3,6],[5,-2],[-5,-7]],[[4196,2273],[8,7],[1,-8],[-9,-5],[0,6]],[[4214,2375],[1,-7],[-6,-4],[-1,13],[2,16],[5,0],[-2,-12],[1,-6]],[[4209,2415],[3,-1],[1,-7],[-4,-1],[0,9]],[[4193,2423],[4,-5],[0,-6],[-5,-2],[-13,9],[5,4],[-5,6],[-1,6],[4,5],[5,-10],[6,-7]],[[4191,2442],[-2,10],[4,0],[3,-4],[-5,-6]],[[4206,2442],[0,7],[-3,2],[0,7],[7,1],[5,-4],[-2,-9],[-7,-4]],[[4231,2465],[-9,-2],[-5,5],[2,6],[9,-1]],[[4228,2473],[3,-8]],[[4178,2483],[5,-2],[0,-5],[-8,-1],[3,8]],[[4228,2473],[-4,3],[-2,10],[-5,1],[-6,7],[0,5],[8,1],[2,-6],[-2,-5],[6,-5],[6,-2],[1,-6],[-4,-3]],[[4221,2529],[-2,4],[1,6]],[[4220,2539],[2,3]],[[4222,2542],[3,0],[2,-18],[-11,-4],[-8,8],[13,1]],[[4222,2542],[-2,-3]],[[4220,2539],[2,3]],[[4164,2557],[7,2]],[[4171,2559],[-7,-2]],[[4191,2558],[-4,8],[2,3],[8,-6],[-6,-5]],[[4169,2565],[2,-6]],[[4171,2559],[-2,6]],[[4180,2602],[-3,-5]],[[4177,2597],[3,5]],[[4186,2604],[-6,-2]],[[4180,2602],[6,2]],[[4212,2688],[-5,-1],[-3,-5]],[[4204,2682],[-1,6],[3,5],[6,-5]],[[4211,2696],[-1,-2]],[[4210,2694],[1,2]],[[4172,2792],[-3,2],[-1,10],[6,-5],[-2,-7]],[[4188,2815],[6,8],[3,-3],[-5,-6],[-4,1]],[[4195,2843],[-10,3],[0,-7],[-6,-5],[-7,4],[3,7],[6,5],[10,2],[-2,-5],[6,-4]],[[4153,3026],[-3,-5],[-11,-1],[-5,2],[0,4],[19,4],[-2,5],[5,2],[-3,-11]],[[4148,3062],[-6,0]],[[4142,3062],[6,0]],[[4142,3062],[-12,-1],[4,6],[8,-5]],[[4153,3083],[2,-8],[-10,3],[4,10],[4,-5]],[[4156,3090],[11,1]],[[4167,3091],[2,4]],[[4169,3095],[4,-1],[-3,-9],[-6,-3],[-5,3],[-3,5]],[[4152,3101],[2,-5],[-9,0],[0,4],[7,1]],[[4137,3105],[-9,2],[-1,12],[8,-4],[2,-10]],[[4135,3134],[4,1],[0,-11],[6,-3],[-3,-5],[-7,5],[-6,0],[1,15],[5,-2]],[[4152,3167],[1,-1]],[[4153,3166],[8,-6],[0,-5],[-3,-9],[0,-7],[5,0],[4,-3],[3,4],[14,8],[7,-3]],[[4191,3145],[3,-1]],[[4194,3144],[1,-1]],[[4195,3143],[2,-1]],[[4197,3142],[7,-3]],[[4204,3139],[-7,-14],[-14,-1],[-8,-3],[-5,5],[-5,2],[-1,6],[-10,-3],[-6,3],[-5,5],[-1,13],[-3,5],[-5,2],[-4,-5],[2,-7],[-14,2],[-2,7],[2,8],[13,4],[2,-3],[8,3],[5,-3],[5,-9],[-7,0],[5,-8]],[[4149,3148],[2,11],[1,8]],[[4104,3148],[-2,-1]],[[4102,3147],[-5,3],[1,14],[9,-4],[2,7],[5,3],[-1,-9],[-9,-13]],[[4153,3166],[-1,1]],[[4152,3167],[-6,4],[-12,5],[13,6],[5,-1],[3,-7],[-2,-8]],[[4122,3183],[9,-6],[-4,-4],[-7,5],[2,5]],[[4122,3183],[6,4],[1,-6],[-7,2]],[[4121,3296],[-1,-4]],[[4120,3292],[-5,0],[-2,8],[5,1],[3,-5]],[[4135,3435],[6,-2],[0,12],[11,-1],[5,-10],[-8,-3],[-3,-4],[-10,-1],[0,-4],[-5,-5],[-6,3],[-16,-7],[-3,-12],[6,2],[1,6],[6,0],[2,8],[7,-5],[7,0],[4,11],[9,2],[3,5],[16,7],[2,2]],[[4169,3439],[4,1],[3,-5],[5,-2],[7,0],[-3,8],[7,0],[0,-5],[6,0],[6,-16],[13,2],[4,-2],[1,-12],[-2,-4],[-2,-10],[-3,-4],[6,-5]],[[4221,3385],[1,-1]],[[4222,3384],[-2,-5],[3,-7],[-2,-11],[-6,0],[-3,6],[-5,1],[-8,-4],[1,-8],[6,2],[-2,-7],[3,-13],[6,-6],[8,0],[6,2],[2,8],[0,18],[9,4],[1,12],[8,0],[2,2],[6,-6],[-3,-11]],[[4252,3361],[0,-18],[-11,-2],[-1,-5]],[[4240,3336],[3,-12],[9,1],[-1,-9],[0,-8],[6,-9],[0,-12],[-3,-1],[2,-12],[0,-11],[9,-4],[-1,-9],[3,-6],[0,-4],[9,0],[7,3],[6,-10],[-4,-3],[-2,-9],[-1,-13],[-7,0],[-2,7],[4,0],[0,7],[-6,0],[-6,-5],[-4,7],[-11,1],[4,5],[4,0],[1,11],[-6,6],[-8,2],[-1,-5],[4,-8],[-7,-2],[0,-10],[3,-2],[1,-8],[-8,2],[-6,10],[1,9],[6,0],[-5,10],[-3,12],[-2,0],[1,-15],[-5,3],[-9,0],[-6,1],[3,7],[11,0],[0,4],[-7,5],[-1,6],[-5,1],[-1,-9],[-4,0],[-1,-12],[-8,0],[-1,12],[-9,0],[-7,-2]],[[4179,3258],[7,-2],[0,-6],[5,-2],[0,-6],[-4,-2],[3,-11],[-13,2],[-2,-5],[13,-2],[1,-6]],[[4189,3218],[-7,-1],[-6,2],[-5,5],[-1,7],[-6,0],[0,5],[-14,-1],[6,9],[6,6],[-1,8],[-9,-4],[-4,3],[-1,10],[-4,-1],[-2,-6],[-4,-3]],[[4137,3257],[11,-2],[-1,-7],[-7,-1],[-1,-15],[3,-20],[-7,-3],[-9,5],[-2,7],[-11,-2],[-2,2]],[[4111,3221],[-3,6],[-6,-3],[5,-7],[-8,-3],[-6,2],[-4,6],[0,7],[-6,9],[-7,-1],[4,19],[-5,5],[-1,14],[-9,-5],[5,-8],[-5,-4],[-12,-1],[15,-14],[-1,-12],[-4,-4],[-5,1],[2,8],[-6,3],[-7,-2],[4,-6],[0,-9],[-4,0],[-17,6],[8,2],[-2,6],[-8,-1],[-7,2],[-2,-6],[-32,11],[-4,-5],[-8,12],[-5,-1],[-24,9],[-12,3],[1,7],[2,5],[0,12]],[[3937,3284],[3,22],[-7,0],[-5,5],[2,6],[11,-3],[1,12],[5,1],[-3,9],[13,3]],[[3957,3339],[1,-2]],[[3958,3337],[1,1]],[[3959,3338],[1,-12],[8,-4],[5,10],[6,1],[1,8],[2,4],[6,-3],[2,6],[20,3],[8,4],[0,5],[6,2],[1,7],[6,3],[10,12],[-1,11],[8,-3],[3,4],[-7,7],[-4,-7],[-4,3],[6,12],[-2,5],[5,4],[2,6],[5,-8],[5,4],[5,0],[4,-7],[5,6],[-4,8],[-5,-2],[-3,7],[10,2],[0,5],[9,3],[-4,11],[8,0],[0,8],[-2,5],[5,3],[2,-8],[5,4],[2,8],[7,0],[2,-7],[9,3],[2,-5],[5,1],[13,-10],[2,-3],[-4,-7],[2,-4],[-5,-3],[-5,13],[-5,9],[-6,-2],[3,-9],[-4,-2],[-4,-6],[3,-5],[6,1],[3,-6],[6,1],[5,-3],[6,4]],[[4124,3318],[2,10],[4,-7],[-2,-6],[1,-8],[8,-8],[4,1],[6,-4],[-2,-11]],[[4145,3285],[6,5],[7,-1],[2,-3],[6,2],[5,6],[3,11]],[[4174,3305],[-3,3],[-8,-1],[-2,6],[-19,2],[-3,11],[4,3],[12,1],[2,5],[12,2],[-4,7],[11,3],[7,-6],[3,0],[1,12],[-6,6],[7,8],[-2,16],[2,10],[-22,-2],[-1,6],[3,13],[-3,4],[-6,1],[1,-6],[-3,-14],[-11,2],[-5,-3],[-5,0],[-3,-5],[-8,-9],[0,-7],[-8,-1],[-1,6],[-10,9],[-1,-14],[9,1],[-3,-8],[0,-13],[5,3],[1,-11],[-6,-4],[0,-8],[-9,1],[-1,6],[-7,-2],[3,-12],[-20,-2],[-1,-8],[5,-3],[6,4],[11,-2],[1,-3],[10,3],[7,1],[1,5],[7,-3]],[[4141,3288],[0,-5],[-5,-9],[-6,1],[0,-11],[7,-2],[3,4],[-1,5],[8,0],[2,10],[-4,4]],[[4145,3285],[-4,3]],[[4237,3335],[3,1]],[[4240,3336],[-3,-1]],[[4196,3269],[6,16],[14,3],[-1,6],[2,8],[-16,0],[3,14],[3,2],[6,-1]],[[4213,3317],[7,1],[-8,11],[-2,-5],[-7,-3],[-2,-10],[-4,-3],[-2,-9],[1,-6],[-2,-7],[-5,-3],[-4,-8],[-8,-1],[1,-5],[-9,-1],[1,-6],[9,-4]],[[4179,3258],[0,10],[2,3],[14,3],[1,-5]],[[4134,3256],[3,1]],[[4137,3257],[-3,-1]],[[4134,3256],[-5,2],[1,-8],[6,-1],[-2,7]],[[4036,3356],[0,7],[11,3],[1,6],[7,10],[9,3],[0,5],[12,-3],[11,-4],[5,2],[-18,4],[-6,3],[0,7],[-5,4],[-6,-4],[5,-4],[-3,-9],[-5,-1],[-7,-11],[-5,-2],[-1,-6],[-6,0],[1,-10]],[[4015,3329],[5,8],[-3,5],[8,1],[7,5],[4,8]],[[4036,3356],[-13,-11],[-7,0],[-2,-3],[1,-13]],[[4015,3329],[-11,-1],[-5,4],[-1,8],[-7,-7],[1,-7],[-5,-5],[7,-5],[5,8],[6,0],[-4,-15],[-7,-1],[-11,7],[-8,8],[-6,-2],[0,-6],[8,0],[3,-2],[1,-8],[6,-5],[3,-9],[3,-2],[0,12],[3,2],[16,-2],[-1,5],[-6,-1],[-3,8],[3,2],[9,1],[1,13]],[[4092,3437],[-8,-4],[-2,2],[-8,-11],[8,-8],[10,2],[-5,9],[0,4],[5,6]],[[4068,3414],[-4,-4],[1,-6],[5,4],[-2,6]],[[4094,3364],[-1,-9],[12,2],[-1,7],[-10,0]],[[4045,3342],[-1,-10],[-6,-4],[7,-3],[2,4],[-1,8],[3,14],[-3,4],[-9,-1],[1,-5],[8,-1],[-1,-6]],[[3959,3310],[-1,7],[-7,0],[-6,-7],[9,1],[5,-1]],[[4068,3324],[0,6],[-4,1],[-2,-5],[6,-2]],[[4098,3281],[1,7],[10,-1],[1,-6],[-8,-5],[-5,-5],[3,-3],[8,0],[6,3],[2,-11],[11,9],[-1,4],[4,7],[-4,1],[-5,-4],[-1,15]],[[4120,3292],[1,4]],[[4121,3296],[1,8],[-12,-1],[-6,7],[-6,-8]],[[4098,3302],[-7,4],[-1,-8],[-9,-4],[-8,-1],[-1,6],[9,2],[-2,5],[-11,1],[-2,11],[-9,3],[2,-11],[5,2],[3,-16],[-9,-1],[2,-8],[11,-1],[-1,-3],[14,1],[14,-3]],[[4111,3247],[-3,9],[-7,6],[2,-10],[-4,-1],[3,-7],[7,-2],[4,-5],[2,-8],[5,-3],[-2,14],[-4,7],[-3,0]],[[3966,3302],[-10,-1],[-10,1],[2,-8],[-1,-8],[6,-2],[0,9],[9,2],[4,7]],[[3970,3305],[-4,-3]],[[3966,3302],[4,3]],[[4038,3296],[-1,-14],[5,-8],[6,2],[-2,8],[4,4],[-1,7],[-7,-2],[-4,3]],[[3994,3279],[-4,-5],[2,-5],[9,-10],[2,11],[-2,6],[2,4],[0,6],[-6,2],[1,-10],[-4,1]],[[4032,3274],[-2,8],[-5,0],[-4,3],[0,-10],[3,-2],[8,1]],[[4092,3275],[-5,3],[-7,-3],[2,-6],[10,6]],[[4175,3255],[-2,4],[-5,0],[-1,-5],[8,1]],[[4107,3533],[6,-1],[2,-3],[3,-14],[-4,-6],[-3,10],[-9,0],[0,12],[5,2]],[[4088,3555],[1,-1]],[[4089,3554],[1,-1]],[[4090,3553],[1,-1]],[[4091,3552],[1,-1]],[[4092,3551],[1,-1]],[[4093,3550],[2,-1]],[[4095,3549],[1,-1]],[[4096,3548],[1,0]],[[4097,3548],[1,1]],[[4098,3549],[5,-4],[2,-4],[-7,-1],[-5,-3],[-2,-7],[8,1],[1,-6],[-10,-1],[-2,-6],[7,-3],[1,-7],[-5,-4],[-8,-1],[-2,-5],[0,-10],[-11,-2],[5,-6],[1,-5]],[[4076,3475],[-6,1],[-2,-9],[-4,2],[-1,7],[-4,0],[0,10],[-2,2],[-12,-1],[-4,5],[8,2],[-1,7],[5,6],[-1,5],[5,9],[-6,6],[-1,11],[1,5],[-1,13],[-3,0],[-1,8],[10,5],[0,9],[8,-2],[3,5],[3,-7],[7,-1],[-3,-6],[2,-6],[4,0],[-3,-8],[3,-12],[6,-3],[-1,11],[3,6]],[[4064,3515],[-2,-13],[8,-1],[4,3],[-4,11],[-6,0]],[[4098,3549],[-1,-1]],[[4097,3548],[-1,0]],[[4096,3548],[-1,1]],[[4095,3549],[-2,1]],[[4093,3550],[-1,1]],[[4092,3551],[-1,1]],[[4091,3552],[-1,1]],[[4090,3553],[-1,1]],[[4089,3554],[-1,1]],[[4088,3555],[-4,2],[2,6],[9,-5],[3,-9]],[[4002,4371],[1,3],[8,-8],[0,-4],[9,4],[1,-9],[-7,-1],[-2,-10],[-6,0],[-4,5],[-2,8],[-3,2],[0,7],[5,3]],[[4009,4417],[-6,-6],[-3,-6],[-6,-1],[-1,-5],[-5,0],[-3,-5],[-12,0],[-7,4]],[[3966,4398],[2,2],[9,2],[8,-5],[0,8],[4,3],[3,-1],[7,0],[0,5],[5,4],[5,1]],[[4016,4427],[-1,-6],[-6,-4]],[[4009,4417],[1,5],[6,5]],[[4026,4426],[-6,-1],[1,7],[5,0],[0,-6]],[[4016,4427],[-3,11],[5,10]],[[4018,4448],[1,0]],[[4019,4448],[1,-10],[-4,-2],[0,-9]],[[4025,4468],[0,3]],[[4025,4471],[0,-3]],[[4010,4488],[4,5],[3,-2],[-1,-7],[-6,4]],[[3994,4546],[6,-5],[0,-9],[-1,-4],[-5,0],[-1,8],[-4,7],[5,3]],[[3994,4546],[8,3],[4,-3],[1,-8],[-9,9],[-4,-1]],[[3793,6473],[5,5],[5,-5],[-1,-4],[-6,-1],[-3,5]],[[3827,6531],[-3,-8],[-8,0],[5,10],[5,5],[1,-7]],[[3613,8465],[-3,3],[-7,2],[-8,-6],[1,10],[16,-4],[1,-5]],[[3619,8524],[-3,9],[-4,4],[1,3],[8,4],[1,-11],[-3,-9]],[[3631,8576],[1,-1]],[[3632,8575],[-1,1]],[[3632,8575],[-1,1]],[[3631,8576],[1,-1]],[[3593,8599],[1,0]],[[3594,8599],[4,-2]],[[3598,8597],[-5,2]],[[3628,8617],[0,6],[-11,-2]],[[3617,8621],[-2,2]],[[3615,8623],[5,4],[7,2],[4,4],[14,3],[1,-6]],[[3646,8630],[-8,2],[-1,-5],[3,-12],[-4,-2],[0,9],[-8,-5]],[[3625,8617],[3,0]],[[3628,8617],[-3,0]],[[3615,8735],[1,-4],[-10,0],[-3,-1],[-1,-7],[4,-4],[1,-15],[-1,-12],[3,-2],[1,-11],[4,0],[2,-9],[-4,0],[-2,-6]],[[3610,8664],[-1,-11],[-3,-1]],[[3606,8652],[5,-1],[0,-5]],[[3611,8646],[-2,4],[-5,-1],[1,-6],[-7,-7]],[[3598,8636],[0,-3]],[[3598,8633],[-5,0],[4,11]],[[3597,8644],[1,9]],[[3598,8653],[-7,-3],[0,4],[-8,-8],[-6,-1],[-6,-6],[-3,1],[-1,8],[11,-1],[7,19],[10,3]],[[3595,8669],[-2,12],[-5,5],[3,8],[-2,16],[9,12],[1,12],[16,1]],[[3597,8662],[-2,7]],[[3595,8669],[2,-7]],[[3618,8749],[3,-2],[-6,-12]],[[3615,8735],[3,6],[0,8]],[[3571,8751],[1,3]],[[3572,8754],[10,-3]],[[3582,8751],[-5,-4],[-6,4]],[[3572,8754],[-1,-3]],[[3571,8751],[1,3]],[[3618,8749],[-2,1]],[[3616,8750],[5,12],[-1,8],[4,9],[4,1]],[[3628,8780],[-4,-5],[1,-15],[-4,0],[-3,-11]],[[3577,9070],[5,0]],[[3582,9070],[-5,0]],[[3580,9107],[-4,-11],[-3,11],[7,0]],[[4333,1628],[6,-3],[11,5],[1,-5],[-9,-7],[-7,3],[-2,7]],[[4333,1628],[-6,0],[-4,8],[3,1],[7,-9]],[[4360,1648],[5,-6],[-2,-3],[-8,4],[5,5]],[[4320,1770],[4,-1],[1,-6],[-3,-3],[2,-7]],[[4324,1753],[-3,8],[3,6],[-4,3]],[[4358,1777],[-4,-5],[-8,-1],[-6,5],[-2,9],[3,7],[7,7],[12,2],[3,-15],[-5,-9]],[[4330,1796],[7,-2],[0,-5],[-7,1],[0,6]],[[4317,1798],[-4,-1],[-4,-8],[-4,1],[0,7],[6,10],[3,1]],[[4314,1808],[3,-10]],[[4342,1826],[9,4],[1,-8],[-6,-2],[-4,6]],[[4335,1831],[-7,-1],[-2,6],[2,5],[5,1],[3,-5],[-1,-6]],[[4328,1890],[1,-5],[-4,-4],[-2,7],[5,2]],[[4304,1922],[-3,9],[5,1],[4,-8],[-6,-2]],[[4285,2099],[6,5],[2,-6],[-8,1]],[[4285,2099],[-8,-2],[1,5],[7,-3]],[[4235,2142],[6,2],[2,-5],[9,-4],[13,-10],[5,1],[19,-13],[5,0],[14,-7],[1,-8],[-12,8],[-10,-1],[-3,4],[-8,-5],[0,7],[-7,3],[-6,8],[-7,8],[-9,2],[-12,10]],[[4300,2174],[8,-4],[8,-9],[-6,-1],[-1,7],[-7,1],[-2,6]],[[4300,2174],[-4,-1],[-8,12],[-7,3],[3,7],[8,-7],[1,-6],[4,-3],[3,-5]],[[4284,2341],[-5,7],[3,7],[6,-3],[1,-13],[-5,2]],[[4287,2381],[1,9],[5,-4],[0,-11],[-6,6]],[[4262,2482],[-4,-14],[-13,1],[4,9],[5,-2],[0,7],[8,-1]],[[4262,2482],[-1,5],[3,5],[4,-1],[1,-19],[-5,-1],[-2,11]],[[4233,2520],[0,5]],[[4233,2525],[1,1]],[[4234,2526],[5,1],[0,-7],[-6,0]],[[4234,2526],[-1,-1]],[[4233,2525],[1,1]],[[4239,2563],[6,0],[3,-5]],[[4248,2558],[2,-2],[-3,-7],[-7,-4],[-3,6],[-4,3],[6,9]],[[4268,2577],[3,-7],[-7,1],[4,6]],[[4262,2608],[2,-3],[1,-8],[-4,-1],[1,12]],[[4244,2605],[2,-8],[-4,0],[-3,4],[5,4]],[[4260,2625],[0,-8],[-10,-2],[-6,9],[11,2],[5,-1]],[[4245,2636],[1,-1]],[[4246,2635],[-1,1]],[[4246,2635],[-1,1]],[[4245,2636],[1,-1]],[[4264,2659],[1,-1]],[[4265,2658],[1,-4],[-2,-7],[-4,-2],[0,-9],[-5,0],[-3,22],[7,4],[-1,4],[4,4],[2,-11]],[[4265,2658],[-1,1]],[[4264,2659],[1,-1]],[[4216,2675],[6,3],[3,-4],[-5,-6],[-7,-1],[3,8]],[[4255,2682],[-5,-4],[-2,5],[-1,14],[7,-2],[2,-3],[-1,-10]],[[4223,2689],[-5,-4],[-2,14],[3,0],[7,-5],[-3,-5]],[[4210,2694],[1,2]],[[4211,2696],[1,-8]],[[4212,2688],[-2,6]],[[4242,2843],[-3,-5],[-6,3],[-4,-2],[2,-8],[5,-5],[-9,-10],[-7,0],[-5,1],[2,6],[5,1],[-3,8],[7,12],[16,-1]],[[4217,2835],[1,-1]],[[4218,2834],[-3,-12],[-7,1],[-1,4],[3,7],[7,1]],[[4218,2834],[-1,1]],[[4217,2835],[1,-1]],[[4240,2859],[-2,7],[8,-1],[-6,-6]],[[4238,2897],[3,-9],[-7,-1],[-6,10],[5,2],[5,-2]],[[4232,2902],[4,3],[1,7],[5,-3],[-2,-7],[-8,0]],[[4220,2922],[-2,4],[-1,8],[3,3],[2,-13],[-2,-2]],[[4231,2927],[-5,-2],[-3,12],[6,9],[0,-13],[2,-6]],[[4232,2983],[0,-10],[-3,1],[-1,8],[-3,2],[-1,6],[-9,-3],[-2,-6],[5,-18],[-5,0],[-4,12],[-1,10],[5,10],[8,1],[8,-7],[3,-6]],[[4184,3050],[-7,-1],[-1,3],[8,3],[0,-5]],[[4169,3095],[1,3]],[[4170,3098],[4,-3]],[[4174,3095],[-5,0]],[[4170,3098],[-6,2],[2,12],[9,3],[8,0],[6,-5],[4,7],[8,3],[7,-1],[3,4]],[[4211,3123],[2,-5],[8,1],[0,-9],[6,0],[1,7],[11,-1],[5,-7],[-2,-12],[-6,-7],[-3,5],[-6,-2],[-4,1],[-3,13],[-6,4],[-1,-10],[-24,-3],[-6,-3],[-6,3],[-7,0]],[[4212,3126],[-1,-3]],[[4211,3123],[1,3]],[[4212,3126],[-3,10]],[[4209,3136],[11,-7],[-1,-5],[-7,2]],[[4209,3156],[-10,-2],[0,-11],[-2,-1]],[[4197,3142],[-2,1]],[[4195,3143],[-1,1]],[[4194,3144],[-3,1]],[[4191,3145],[-2,5],[-8,2],[-2,6],[-9,0],[0,4],[10,2],[6,3],[6,-2],[2,8],[4,4],[7,-1],[-1,-11],[6,-5],[-1,-4]],[[4165,3201],[1,2]],[[4166,3203],[-1,-2]],[[4189,3218],[3,10],[5,-1],[7,-13],[-1,-7],[3,-13],[-4,-6],[0,-3],[-12,2],[-5,8]],[[4185,3195],[0,-6],[-6,0],[-7,6],[3,5],[-2,10],[7,1],[6,-5],[1,-4],[11,2],[0,7],[-9,1],[0,6]],[[4166,3203],[-1,-2]],[[4165,3201],[-4,0],[-2,5],[-7,-1],[-1,9],[16,0],[-1,-11]],[[4201,3226],[-1,2]],[[4200,3228],[1,-2]],[[4201,3226],[-1,2]],[[4200,3228],[-2,8],[12,-1],[0,-10]],[[4210,3225],[-5,-2],[-4,3]],[[4173,3444],[9,5],[0,-3],[-8,-4],[-1,2]],[[4173,3444],[-4,-5]],[[4169,3439],[-5,1],[-8,16],[7,1],[10,-13]],[[4068,4566],[6,-3],[3,-9],[-5,-1],[-1,6],[-6,-3],[7,-8]],[[4072,4548],[-6,2],[-5,0],[2,-8],[-3,-5],[-6,-1],[-4,-4],[-7,0],[2,-11],[6,1],[1,-7],[-5,-1],[1,-5],[-6,-1],[-1,-8],[-5,-2],[2,-10],[-4,-7],[-3,-12],[1,-6]],[[4032,4463],[-2,-8],[-7,-2],[-4,-5]],[[4019,4448],[-1,0]],[[4018,4448],[2,10]],[[4020,4458],[5,3],[0,7]],[[4025,4468],[0,3]],[[4025,4471],[3,9],[-3,5],[2,4],[-5,4],[1,5],[5,4],[1,12],[-5,2],[-5,8],[-6,2],[0,5],[12,4],[2,-3],[6,0],[3,-12],[-3,-15]],[[4033,4505],[10,15],[-4,7],[1,6],[11,3],[1,3],[5,1],[0,13],[3,7],[8,6]],[[4030,4505],[3,0]],[[4033,4505],[-3,0]],[[4030,4547],[1,6],[12,0],[2,-2],[0,-11],[-7,-2],[-2,6],[-6,3]],[[4038,4621],[-1,7],[5,10],[5,2],[3,-3],[1,-6],[-6,-5],[-1,-5],[-6,0]],[[3784,7727],[3,-17],[-5,-7],[0,-11],[-2,-5],[-13,-5],[-5,4],[-1,3],[-5,8],[-1,8],[3,6],[5,4],[0,6],[9,9],[7,3],[5,-6]],[[3739,7983],[3,3],[5,-2],[-6,-8],[-2,7]],[[3727,8020],[1,4],[7,-1],[2,-9],[-6,-2],[0,-8],[-3,-3],[-6,0],[-1,9],[8,5],[-2,5]],[[3759,8206],[1,-11],[4,-5],[-4,-4],[0,-7],[-6,0],[-3,-5],[-5,-2],[-1,-5],[1,-9],[8,1],[0,6],[6,-1],[7,-11],[-3,-4],[1,-9],[-5,-11],[0,-12],[2,-4],[-5,-11],[-9,-3],[-3,5],[0,9],[-6,13]],[[3739,8126],[1,1]],[[3740,8127],[1,3]],[[3741,8130],[3,4],[-1,6],[-9,2],[-2,-4],[-5,-1],[-1,-3],[6,-11],[-3,-6],[3,-7],[3,-23],[8,-3],[4,12],[3,-10],[5,3],[3,-10],[-6,-8],[-5,-3],[-10,-1],[-3,9],[-7,-2],[-6,9],[-4,4],[7,4],[-1,10],[-7,-1],[-3,-3],[-8,4],[-4,5],[-4,2],[0,5],[-5,3],[-1,7],[-10,17],[-5,0],[0,6],[6,-2],[2,-4],[16,3],[-7,8],[3,2],[-1,9],[-5,4],[3,6],[4,0],[4,-6],[5,0],[4,4],[6,-4],[2,-6],[-13,-1],[1,-5]],[[3706,8154],[10,-9],[4,5],[7,1],[6,3],[5,-3],[3,4]],[[3741,8155],[0,2]],[[3741,8157],[-9,5],[0,13],[7,-2],[11,3],[-1,7],[8,3],[0,10],[2,10]],[[3683,8185],[-6,-17],[-4,3],[2,8],[5,8],[3,-2]],[[3646,8630],[4,-2],[2,-8],[-8,5],[2,5]],[[3666,8622],[1,7],[-3,6],[-1,9],[6,-3],[-3,-5],[4,-7],[-4,-7]],[[3651,8657],[10,0],[1,-2]],[[3662,8655],[0,-2]],[[3662,8653],[-1,-2]],[[3661,8651],[-1,0]],[[3660,8651],[-9,3],[0,3]],[[3660,8651],[1,0]],[[3661,8651],[1,2]],[[3662,8653],[0,2]],[[3662,8655],[3,-3],[-7,-10],[-4,5],[6,4]],[[3651,8657],[-4,4],[8,4],[0,-6],[-4,-2]],[[3641,8683],[4,-12],[-6,0],[-2,10],[4,2]],[[3631,8702],[-1,7],[4,0],[1,-5],[-4,-2]],[[3646,8796],[1,5],[5,1],[2,-5],[-8,-1]],[[3616,8819],[-4,8],[-1,8],[-4,0],[-1,20],[5,2],[5,-4],[3,-7],[1,-8],[3,-3],[3,-8],[0,-15],[3,-2],[3,-7],[-8,-9],[-3,-1],[-3,7],[-1,10],[-4,2],[-4,8],[7,-1]],[[3628,8805],[-4,5],[-3,-4],[4,-5],[3,4]],[[3640,8946],[0,2]],[[3640,8948],[1,-1]],[[3641,8947],[-1,-1]],[[3660,9020],[-8,-9],[-1,-4],[2,-27],[-8,-13],[0,-7],[-4,-13]],[[3641,8947],[-1,1]],[[3640,8948],[0,8],[4,10],[-1,7],[6,2],[2,10],[-3,28],[4,0],[2,5],[6,2]],[[3622,9041],[-4,1],[-4,9],[6,0],[2,-10]],[[3635,9057],[1,9],[4,-2],[-5,-7]],[[4376,1630],[3,0]],[[4379,1630],[-3,0]],[[4382,1635],[-3,-5]],[[4379,1630],[-3,0]],[[4376,1630],[6,5]],[[4418,1702],[1,0]],[[4419,1702],[3,-6],[0,-11],[7,-4]],[[4429,1681],[-10,1],[-3,4],[-1,10],[3,6]],[[4419,1702],[-1,0]],[[4418,1702],[1,0]],[[4379,1691],[-4,2],[1,7],[-2,5]],[[4374,1705],[7,-2],[0,-12],[-2,0]],[[4427,1710],[-1,9],[4,-1],[1,-7],[-4,-1]],[[4387,1721],[-1,8],[8,-4],[-7,-4]],[[4409,1723],[-12,2],[-2,6],[8,-3],[6,-5]],[[4372,1742],[5,0],[-1,-6],[-5,-1],[1,7]],[[4364,1781],[5,8],[4,-1],[1,-8],[-4,-3],[-6,4]],[[4332,2087],[7,-4],[6,-1],[0,-12],[-6,11],[-11,-3],[1,9],[-6,2],[-8,-3],[1,-11],[-5,4],[-3,12],[13,4],[8,-3],[3,-5]],[[4397,2090],[-8,0],[-4,-4],[6,-5],[-6,-4],[-6,5],[-9,-5]],[[4370,2077],[-6,2],[-1,7],[1,9],[10,1],[7,7],[3,-5],[6,1],[0,-5],[7,-4]],[[4323,2100],[9,1],[0,-10],[-5,3],[-4,6]],[[4340,2210],[-3,3],[-1,10],[4,-2],[4,-9],[-4,-2]],[[4302,2335],[1,7],[6,8]],[[4309,2350],[-7,-15]],[[4329,2354],[10,3],[-2,-6],[-8,-2],[0,5]],[[4347,2400],[-4,-6],[-5,-1],[-3,4],[-12,-3],[-4,22],[-2,4],[-8,3],[-4,9],[-1,12],[9,13],[8,5],[0,6],[5,1],[1,-15],[3,-3],[4,-9],[2,-15],[-2,-5],[2,-12],[11,8],[-2,15],[3,3],[3,-6],[5,-2],[13,5],[8,1],[0,-4],[-17,-4],[-3,-5],[-6,0],[-2,-5],[0,-6],[-4,-2],[2,-8]],[[4347,2503],[-2,11],[10,3],[1,-12],[-2,-4],[-7,2]],[[4345,2521],[0,7],[7,1],[0,-7],[-4,-5],[-3,4]],[[4281,2617],[1,-9],[-10,0],[0,8],[-3,8],[8,4],[8,1],[2,-2],[1,-9],[-7,-1]],[[4270,2634],[-2,8],[2,5],[5,-3],[0,-4],[-5,-6]],[[4280,2663],[-5,0],[-3,13],[6,0],[4,-5],[-2,-8]],[[4266,2849],[8,11],[6,4],[1,-7],[-1,-4],[-14,-4]],[[4289,2857],[-6,5],[1,8],[6,-3],[-1,-10]],[[4298,2879],[2,15],[7,5],[3,-8],[-3,-3],[-1,-9],[-8,0]],[[4283,2890],[-6,4],[0,3],[11,2],[0,-5],[-5,-4]],[[4242,2963],[1,17],[3,-2],[-1,-12],[-3,-3]],[[4235,2977],[5,-2],[-1,-7],[-3,-1],[-1,10]],[[4267,2974],[-6,-2],[-1,5],[7,1],[4,6],[3,-7],[-7,-3]],[[4303,2987],[-1,-1]],[[4302,2986],[1,1]],[[4264,2980],[-7,3],[2,6],[8,1],[-1,-7],[-2,-3]],[[4288,2993],[6,-1]],[[4294,2992],[-6,1]],[[4254,3003],[5,9],[3,-11],[-8,2]],[[4278,3014],[-2,4],[-12,-1],[0,6],[7,-3],[7,2],[0,-8]],[[4246,3045],[1,0]],[[4247,3045],[-1,0]],[[4247,3045],[-1,0]],[[4246,3045],[1,0]],[[4261,3058],[6,1]],[[4267,3059],[-6,-1]],[[4288,3064],[1,4],[5,0],[0,-5],[-6,1]],[[4250,3066],[11,-8]],[[4261,3058],[-10,4],[-1,4]],[[4250,3066],[-7,0]],[[4243,3066],[7,0]],[[4234,3073],[-5,1],[1,5],[8,1],[4,-7],[-8,0]],[[4253,3091],[2,3],[9,0],[-1,-12],[-7,0]],[[4256,3082],[-3,2]],[[4253,3084],[-8,0],[-6,3],[6,7],[8,-3]],[[4258,3100],[-3,9],[10,-4],[-1,-5],[-6,0]],[[4249,3124],[3,2],[-1,8],[8,-1],[1,-5],[-11,-4]],[[4209,3136],[-5,3]],[[4204,3139],[-2,13],[7,4]],[[4209,3156],[12,1],[5,-4],[10,1],[4,-2],[4,3],[4,-4]],[[4248,3151],[2,-8],[-8,0],[0,-9],[3,-8],[4,-2]],[[4249,3124],[0,-2]],[[4249,3122],[1,-6],[-8,2],[-2,5],[-10,1],[-21,12]],[[4228,3208],[0,6],[9,-1],[4,-7],[8,0],[2,-22],[4,2],[3,7],[0,8],[-5,0],[-1,11],[9,2],[8,-8],[1,-8],[2,-2],[6,3],[2,-9],[-6,-2],[-4,3],[-6,1],[2,-14],[-2,-6],[-6,-2],[-6,11],[-6,0],[-1,14],[-10,1],[-3,5],[-7,3],[-1,-12],[-8,12],[12,4]],[[4229,3234],[-6,-3],[-1,7],[7,-4]],[[4222,3384],[-1,1]],[[4221,3385],[1,-1]],[[4103,4570],[12,1],[11,6],[9,-2],[6,9],[8,1]],[[4149,4585],[1,-4],[-3,-6],[-3,-25],[8,2],[6,-1],[4,-4],[1,-6],[-10,0],[-1,7],[-7,0],[-3,7],[3,3],[-2,9],[-19,2],[-5,-4],[-5,4],[-11,1]],[[4096,4561],[3,2]],[[4099,4563],[-3,-2]],[[4099,4563],[-3,-2]],[[4096,4561],[-7,4]],[[4089,4565],[3,5],[8,6]],[[4100,4576],[-4,-4],[-3,-8],[6,-1]],[[4103,4570],[-3,6]],[[4100,4576],[3,-6]],[[4089,4565],[-5,-1],[-3,8],[5,0],[3,-7]],[[3770,7895],[-8,-4],[-8,14],[7,3],[1,-5],[8,-8]],[[3789,7901],[-7,12],[21,8],[1,-14],[-6,-6],[-9,0]],[[3804,7962],[-5,7],[0,6],[6,1],[6,-4],[1,-10],[-8,0]],[[3741,8130],[-1,-3]],[[3740,8127],[-1,-1]],[[3739,8126],[2,4]],[[3770,8242],[1,-3],[-6,-5],[0,10],[-11,-2],[-1,12],[14,3],[4,-7],[-1,-8]],[[3783,8253],[2,-7],[-6,-1],[4,8]],[[3745,8245],[-2,9],[2,6],[4,-4],[0,-7],[-4,-4]],[[3742,8450],[3,5]],[[3745,8455],[-3,-5]],[[3727,8564],[2,6]],[[3729,8570],[2,0]],[[3731,8570],[-4,-6]],[[3731,8570],[-2,0]],[[3729,8570],[2,0]],[[3733,8611],[7,3],[-1,-7],[-6,4]],[[3705,8716],[3,5],[3,-3],[-2,-10],[-3,0],[-1,8]],[[3676,8815],[-5,2]],[[3671,8817],[0,6]],[[3671,8823],[5,1],[0,7],[8,-10],[-7,-9],[-1,3]],[[3723,8849],[-3,-5],[0,-5]],[[3720,8839],[-2,4],[5,6]],[[3673,8900],[-1,8],[6,-2],[2,-15],[1,-16],[4,-2],[3,-9],[-1,-6]],[[3687,8858],[-3,12],[-8,0]],[[3676,8870],[3,14],[-5,0],[1,7],[-2,9]],[[3677,9094],[-2,-3],[0,-14],[-2,0],[-2,20],[1,5],[4,1],[-2,13],[7,0],[-4,-22]],[[4503,1563],[2,-1]],[[4505,1562],[1,-1]],[[4506,1561],[-3,2]],[[4519,1567],[1,1]],[[4520,1568],[-1,-1]],[[4515,1572],[-2,-8],[-7,-3]],[[4506,1561],[-1,1]],[[4505,1562],[-2,1]],[[4503,1563],[1,7]],[[4504,1570],[11,2]],[[4520,1568],[-1,-1]],[[4519,1567],[-4,5]],[[4515,1572],[5,-4]],[[4482,1580],[3,-10],[-5,0],[-4,9],[6,1]],[[4502,1589],[-4,6],[-8,-2],[1,4],[6,1],[5,-9]],[[4482,1580],[-6,6],[-1,5],[-8,-1]],[[4467,1590],[-2,5],[11,-1],[2,-8],[6,1],[-2,-7]],[[4447,1610],[-1,0]],[[4446,1610],[1,0]],[[4501,1609],[0,5],[-8,-1],[-5,4],[-1,4],[6,1],[2,-8],[9,4],[1,-8],[-4,-1]],[[4447,1610],[-1,0]],[[4446,1610],[-1,12],[3,5]],[[4448,1627],[3,-14],[6,-6],[6,1],[5,-4],[0,-6],[-8,-2],[-13,14]],[[4466,1634],[7,-4],[1,-6],[-6,2],[-2,8]],[[4466,1634],[-6,-1],[0,6],[5,0],[1,-5]],[[4457,1867],[8,6],[1,-9],[-9,3]],[[4375,2354],[5,-2],[0,-6],[-8,-2],[-3,8],[6,2]],[[4386,2372],[-1,-2],[-10,-1],[-8,2],[6,4],[9,-3],[4,0]],[[4406,2388],[4,5],[6,-2],[1,-6],[-6,-5],[-4,3],[-1,5]],[[4400,2409],[-4,-7],[-4,-1],[-10,4],[0,17],[3,7],[6,-2],[3,-10],[4,0],[2,-8]],[[4384,2438],[-5,-3],[-1,10],[6,2],[5,-4],[-5,-5]],[[4358,2471],[5,-1],[1,-7],[-8,1],[2,7]],[[4377,2537],[-8,-3],[-6,9],[-1,8],[2,6],[4,7],[6,1],[6,-9],[0,-14],[-3,-5]],[[4348,2544],[-1,15],[7,-3],[1,-10],[-7,-2]],[[4393,2809],[3,-11],[4,-11],[1,-9],[-2,-6],[-9,1],[0,7],[-3,1],[2,-13],[-3,0],[-8,6],[2,-15],[-6,-1],[-4,7],[-5,1],[4,7],[1,8],[5,5],[-2,14],[6,9],[9,-2],[5,2]],[[4392,2877],[-5,-1],[-5,9],[-5,16],[2,1],[-1,10],[-6,-1],[-1,16],[4,0],[0,-14],[3,1],[2,-4],[2,-24],[10,-9]],[[4393,2934],[-2,-5],[-5,2]],[[4386,2931],[7,3]],[[4386,2931],[-3,1],[-2,9]],[[4381,2941],[5,-10]],[[4370,2944],[4,6]],[[4374,2950],[7,0],[0,-9]],[[4381,2941],[-5,4],[-6,-1]],[[4370,2944],[-3,7]],[[4367,2951],[3,-7]],[[4331,2946],[-5,-5],[-4,-1],[-5,4],[-1,4],[16,3],[-1,-5]],[[4367,2951],[-3,7],[-6,1],[-4,5],[0,7]],[[4354,2971],[5,-11],[7,2],[1,-11]],[[4324,2959],[-2,1]],[[4322,2960],[2,-1]],[[4324,2959],[-3,-7],[-5,6],[-4,0],[-1,10],[11,-8]],[[4322,2960],[2,-1]],[[4354,2971],[-7,2]],[[4347,2973],[7,-2]],[[4302,2986],[1,1]],[[4303,2987],[6,-8]],[[4309,2979],[-7,7]],[[4345,3008],[0,11],[6,0],[-2,-15],[-4,4]],[[4328,3016],[-6,-6],[-3,13],[8,0],[1,-7]],[[4333,3026],[0,5]],[[4333,3031],[1,8],[8,-2],[1,-11],[-3,-9],[-7,4],[0,5]],[[4313,3058],[6,-5]],[[4319,3053],[-6,-5],[-2,-11],[-8,6],[4,6],[-1,7],[7,2]],[[4319,3053],[10,5],[0,-8],[-8,-2],[-2,5]],[[4313,3058],[2,11],[4,1],[4,-4],[1,-7],[-3,-2],[-8,1]],[[4342,3091],[1,1]],[[4343,3092],[4,2],[1,-8],[-5,-2],[-1,7]],[[4343,3092],[-1,-1]],[[4342,3091],[1,1]],[[4307,3150],[5,-4],[-11,-2],[2,5],[-1,11],[6,-4],[-1,-6]],[[4318,3169],[1,-3],[7,1],[7,-2],[1,-6],[-12,0],[-5,2],[1,8]],[[4308,3169],[-5,-5],[-5,0],[-4,13],[3,13],[5,1],[6,-6],[2,-11],[-2,-5]],[[4255,3392],[0,9],[15,3],[4,-3],[5,1],[14,-2],[7,1],[8,-1],[3,-12],[6,-1]],[[4317,3387],[-1,10],[9,1],[4,-5],[21,-3],[5,0],[7,-3],[16,-2],[10,-2],[4,-4],[-3,-7],[-10,-3],[-1,5],[-4,3],[-8,-1],[-4,5],[-8,0],[-2,-3],[-13,0],[0,-5],[-7,0],[-3,5],[-6,3],[-12,0],[-11,4],[-11,-3]],[[4289,3382],[-1,0]],[[4288,3382],[-3,8],[-4,-1],[-4,7],[-8,-2],[-14,-2]],[[4296,3392],[-4,-4],[-5,0],[2,-6]],[[4289,3382],[7,2],[0,8]],[[4334,3388],[-1,-6],[5,-2],[5,5],[-9,3]],[[4161,4567],[-4,3]],[[4157,4570],[4,-3]],[[4152,4567],[5,3]],[[4157,4570],[-5,-3]],[[4161,4567],[-2,7]],[[4159,4574],[2,-7]],[[4159,4574],[-4,0],[1,7]],[[4156,4581],[3,-7]],[[4194,4711],[1,1]],[[4195,4712],[4,2],[3,-7]],[[4202,4707],[-4,-2],[1,-15],[-5,-1],[-1,6],[-4,2],[2,-14],[-3,-3],[-6,0],[2,6],[0,9],[-4,2],[0,5],[11,1],[3,8]],[[4195,4712],[-1,-1]],[[4194,4711],[-4,0],[-1,7],[6,3],[0,-9]],[[3913,7514],[-8,8],[8,8],[5,0],[-1,-13],[-4,-3]],[[3875,7842],[-2,9],[1,7],[7,-4],[0,-11],[-6,-1]],[[3879,7878],[-13,-4],[-3,11],[5,2],[12,8],[5,-6],[1,-5],[-6,-3],[-1,-3]],[[3886,7909],[4,1]],[[3890,7910],[-5,-4]],[[3885,7906],[1,3]],[[3843,7912],[-2,-1]],[[3841,7911],[2,1]],[[3872,7989],[-4,-1],[-1,8],[3,8],[5,1],[3,-7],[-6,-9]],[[3858,8008],[4,-1],[0,-5],[-4,-2],[0,8]],[[3868,8025],[-9,2],[0,5],[8,-1],[1,-6]],[[3872,8032],[-12,18],[10,3],[7,-23],[-5,2]],[[3829,8064],[2,-3],[7,-1],[1,-4],[8,-7],[-7,-8],[-9,6],[-16,-4],[-1,-5],[-6,-1],[-6,-4],[-1,6],[4,13],[3,4],[8,1],[2,-2],[6,10],[5,-1]],[[3855,8067],[-4,-1],[-3,7],[10,1],[-3,-7]],[[3837,8082],[0,-9],[-14,-2],[-2,4],[9,1],[4,5],[-1,7],[6,-2],[-2,-4]],[[3839,8165],[17,9],[-3,-12],[1,-4],[-7,-6],[0,9],[-5,2],[-4,-10],[4,-7],[-5,-2],[-4,-5],[-12,-2],[-6,-2],[-1,5],[4,10],[4,4],[5,0],[2,5],[10,6]],[[3810,8189],[1,-1]],[[3811,8188],[1,-1]],[[3812,8187],[1,-1]],[[3813,8186],[-3,3]],[[3813,8186],[-1,1]],[[3812,8187],[-1,1]],[[3811,8188],[-1,1]],[[3810,8189],[3,-3]],[[3872,8216],[-3,8],[-3,1],[-2,9],[4,2],[4,-9],[0,-11]],[[3783,8434],[-8,-3],[-1,11],[9,3],[0,-11]],[[3785,8451],[-2,9],[4,1],[3,-8],[-5,-2]],[[3770,8479],[2,-14],[-4,-4],[-2,13],[-3,-1],[-2,-7],[-4,4],[12,15],[9,1],[8,5],[-2,-9],[-3,2],[-11,-5]],[[3804,8507],[-1,-5],[-5,-1],[-1,4],[7,2]],[[3807,8630],[12,5],[-7,-9],[-5,4]],[[3817,8723],[-6,-1]],[[3811,8722],[6,1]],[[3778,8711],[-7,-1],[-1,7],[-3,3],[-1,7],[4,3],[5,-2],[3,-17]],[[3755,8774],[-8,-2],[1,15],[10,-7],[-3,-6]],[[3737,8816],[4,3],[2,-9],[-4,-2],[-2,8]],[[3784,8996],[-1,-4],[4,-8],[2,-17],[5,-4],[3,-8],[5,-2],[6,2],[0,-17]],[[3808,8938],[-9,10],[0,5],[-5,1],[0,5],[-7,8],[-1,12],[-3,6],[-1,10],[2,1]],[[3792,8987],[5,-9],[-5,0],[0,9]],[[3728,9092],[4,-1],[6,-7],[1,-4],[4,-5],[8,-2],[7,0],[1,-13],[-1,-7],[4,-4],[5,-12],[10,-8],[4,-10],[3,-23]],[[3784,8996],[-4,11],[-1,12],[-6,13],[-8,5],[-3,8],[-6,4],[0,20],[-13,4],[-6,-1],[-1,13],[-8,7]],[[4614,1513],[2,0]],[[4616,1513],[9,-5],[-9,-3],[-2,8]],[[4614,1513],[-2,6],[2,4]],[[4614,1523],[5,-2],[0,-5],[-3,-3]],[[4616,1513],[-2,0]],[[4618,1527],[1,3]],[[4619,1530],[10,0],[5,-10],[-4,-3],[-10,1],[-2,9]],[[4614,1523],[-7,-1],[0,7],[9,5]],[[4616,1534],[3,-4]],[[4619,1530],[-1,-3]],[[4618,1527],[-4,-4]],[[4596,1538],[5,2],[-1,-7]],[[4600,1533],[-4,5]],[[4576,1543],[-1,0]],[[4575,1543],[-2,1]],[[4573,1544],[-2,3]],[[4571,1547],[9,1]],[[4580,1548],[1,-1]],[[4581,1547],[4,-2],[1,-8],[10,1]],[[4596,1538],[-3,-8],[-10,0],[-2,6],[0,9],[-5,-2]],[[4581,1547],[-1,1]],[[4580,1548],[-6,2],[-1,8]],[[4573,1558],[13,-8],[-5,-3]],[[4538,1568],[2,-2],[9,0],[1,-2]],[[4550,1564],[8,1],[5,-2],[0,-4],[4,-3],[6,2]],[[4573,1558],[-2,-11]],[[4571,1547],[2,-3]],[[4573,1544],[2,-1]],[[4575,1543],[1,0]],[[4576,1543],[-1,-7],[-18,-2],[-1,4],[7,11],[-6,3],[-8,-6],[-5,4],[-5,0],[1,8],[-2,10]],[[4538,1568],[-2,2]],[[4536,1570],[2,-2]],[[4467,2799],[0,-6],[-2,-8],[-8,0],[5,16],[5,-2]],[[4467,2799],[0,12],[4,-3],[0,-10],[-4,1]],[[4428,2872],[6,-3],[0,-8],[7,1],[1,-6],[-3,-2],[4,-14],[12,-2],[-2,18],[3,6],[-6,8],[9,4],[4,9],[3,-3]],[[4466,2880],[0,-1]],[[4466,2879],[1,-3],[9,4],[4,-7],[4,-18],[-12,-5],[-3,-5]],[[4469,2845],[-3,-2],[-3,12],[-5,1],[1,-11],[-1,-9],[4,-13],[-6,-7],[-2,-6],[2,-7],[-3,-5],[-2,21],[-7,6],[-1,8],[-14,13],[-2,13],[4,8],[-3,5]],[[4428,2872],[-5,-1],[-4,5]],[[4419,2876],[9,-4]],[[4466,2879],[0,1]],[[4466,2880],[0,-1]],[[4419,2876],[-7,2],[-14,-4],[-6,3]],[[4392,2877],[17,2],[-2,8],[12,-11]],[[4430,2903],[0,1]],[[4430,2904],[9,2],[1,-3],[3,-1]],[[4443,2902],[0,-8],[-7,-1],[-1,9],[-5,1]],[[4482,2904],[1,1]],[[4483,2905],[2,6]],[[4485,2911],[4,-4]],[[4489,2907],[-8,-5]],[[4481,2902],[1,2]],[[4443,2902],[-3,2],[-1,8],[10,1],[5,-3],[3,-6],[9,-3],[0,-12],[-16,1],[3,6],[-1,6],[-9,0]],[[4489,2907],[2,2]],[[4491,2909],[-2,-2]],[[4430,2903],[0,1]],[[4430,2904],[0,-1]],[[4479,2916],[-4,-3],[-3,7]],[[4472,2920],[7,-4]],[[4425,2915],[8,1],[0,-6],[-8,5]],[[4463,2915],[-1,10],[4,4],[7,-1],[4,-5]],[[4477,2923],[-5,-3]],[[4472,2920],[1,-11],[3,-3],[7,-1]],[[4483,2905],[-1,-1]],[[4482,2904],[-1,-2]],[[4481,2902],[-15,3],[-3,10]],[[4411,2926],[3,-5],[5,-1]],[[4419,2920],[-7,0],[-1,6]],[[4432,2931],[5,3],[7,0],[2,-4],[-14,1]],[[4398,2925],[5,3]],[[4403,2928],[8,-2]],[[4411,2926],[-4,-2],[-9,1]],[[4398,2930],[0,-5]],[[4398,2925],[0,5]],[[4393,2934],[5,2],[5,-8]],[[4403,2928],[-5,2]],[[4398,2930],[-5,4]],[[4431,3001],[-7,8],[6,2],[1,7],[-13,16],[0,5],[6,3],[2,5],[4,0],[-3,9],[-5,1],[-4,6],[-1,9],[1,7],[10,2],[8,-6],[3,-5],[2,-20],[4,-9],[1,-15],[0,-7],[-4,-11],[-5,-2],[-2,-5],[-4,0]],[[4487,3051],[0,-10],[-4,-10],[-5,0],[-2,9],[-7,2],[0,3],[-10,5],[0,6],[-6,0],[-3,8],[6,-1],[8,-3],[6,3],[6,-4],[6,0],[5,-8]],[[4397,3052],[-6,7],[12,2],[-2,-10],[-4,1]],[[4289,4314],[-4,-11],[-7,-1],[-5,3],[-2,16],[1,7],[5,6],[6,1],[4,-6],[2,-15]],[[4261,4432],[1,-4],[-7,-1],[1,6],[5,-1]],[[4248,4427],[-3,9],[-7,0],[-5,8],[2,2],[10,0],[4,-3],[2,-17],[-3,1]],[[4289,4457],[-4,0],[-1,9],[5,1],[0,-10]],[[4255,4462],[-2,-8],[-8,-1],[-3,5],[6,6],[-1,5],[4,3],[0,11],[5,0],[-2,-15],[1,-6]],[[4271,4492],[1,-2]],[[4272,4490],[-2,-3],[1,-8],[-4,0],[-1,6]],[[4266,4485],[5,7]],[[4272,4490],[-1,2]],[[4271,4492],[1,-2]],[[4329,4541],[-7,-2],[-3,6],[10,0],[0,-4]],[[4297,4717],[9,-5],[-7,-3],[-2,8]],[[4002,7546],[-1,8],[4,1],[1,-10],[-4,1]],[[4011,7651],[-3,6],[5,1],[3,6],[3,-3],[1,-10],[-6,-3],[-3,3]],[[3934,7761],[-2,1],[2,3],[0,4]],[[3934,7769],[1,3],[7,-3],[-5,-2],[-3,-3],[0,-3]],[[3934,7769],[-3,3]],[[3931,7772],[3,-3]],[[3909,7773],[5,1],[6,-2],[-3,-5],[-8,6]],[[3980,7826],[6,1],[2,-9],[-5,-1],[-3,9]],[[3938,7846],[-5,0],[0,5],[6,1],[-1,-6]],[[3959,7880],[-5,-5],[-2,-16],[-3,1],[0,12],[1,9],[3,6],[10,1],[3,4],[11,0],[4,11],[6,9],[3,0],[1,-13],[-7,-9],[-9,-3],[-3,2],[-7,-1],[0,-5],[-6,-3]],[[3928,7922],[-5,-8],[-10,-1],[-6,4],[-8,0]],[[3899,7917],[1,5],[7,1],[4,-3],[7,1],[2,-2],[8,3]],[[3928,7922],[-1,4],[9,4],[0,-12],[-4,-1],[-4,5]],[[3949,7956],[4,5],[4,-1],[-1,-9],[-5,-2],[-2,7]],[[3953,8109],[-3,-9],[-6,0],[1,9],[8,0]],[[3883,8168],[-4,8],[5,2],[-1,-10]],[[3922,8221],[-1,4],[7,2],[2,-4],[-8,-2]],[[3946,8234],[-7,4],[0,7],[4,5],[9,2],[3,-13],[-9,-5]],[[3912,8572],[-6,2],[0,9],[4,4],[6,-1],[1,-8],[-5,-6]],[[3927,8597],[-1,-5],[-5,-5],[-3,9],[6,4],[3,-3]],[[3842,8674],[-4,-6],[-5,-1],[0,7],[11,5],[3,8],[3,0],[-8,-13]],[[3902,8685],[-6,2],[0,8],[5,0],[3,-3],[-2,-7]],[[3882,8808],[1,-1]],[[3883,8807],[-1,1]],[[3862,8808],[-1,8],[3,1],[3,-4],[-5,-5]],[[3886,8820],[-3,5],[5,4],[1,5]],[[3889,8834],[4,-4],[1,2],[2,0],[1,3],[3,0],[-1,5],[5,-5],[-9,-12],[-6,0],[-3,-3]],[[3889,8834],[2,2],[1,9],[-6,2],[1,5],[8,-7],[-2,-4],[2,-1],[1,-6],[-2,0],[-5,0]],[[3890,8922],[5,-4],[-4,-5],[-8,-1],[-7,-5],[0,7],[6,0],[7,2],[1,6]],[[3808,8938],[6,1],[7,-6]],[[3821,8933],[-13,5]],[[3889,8983],[5,-6],[2,-12]],[[3896,8965],[0,-8]],[[3896,8957],[-2,-9],[-4,-5],[-16,1],[-4,8],[4,3],[3,8]],[[3877,8963],[6,-10]],[[3883,8953],[2,-6],[4,-1],[3,10],[-1,9],[-3,7],[1,11]],[[3837,9002],[3,0],[5,-6],[-4,-2],[-4,8]],[[3890,9010],[-1,2]],[[3889,9012],[1,-2]],[[3850,9081],[0,-8],[4,-1],[2,-14],[7,-14],[-1,-4],[-7,-5],[-2,10],[-9,3],[3,12],[-3,10],[-1,9],[7,2]],[[3851,9053],[-1,9],[-3,0],[0,-8],[4,-1]],[[3871,9080],[2,-12],[-7,3],[5,9]],[[3877,9089],[-4,-3],[1,15],[4,-4],[-1,-8]],[[4711,1496],[1,0]],[[4712,1496],[-1,0]],[[4712,1503],[0,-7]],[[4712,1496],[-1,0]],[[4711,1496],[1,7]],[[4663,1507],[-5,-3],[-4,14],[3,0],[6,-11]],[[4641,1514],[-1,5],[7,1]],[[4647,1520],[-1,-7],[-5,1]],[[4652,1708],[-2,2],[-1,8],[2,4],[10,-1],[0,-12],[-5,-3],[-4,2]],[[4680,1878],[-5,0],[0,6],[-7,5],[1,7],[5,4],[5,1],[5,-8],[1,-10],[-5,-5]],[[4598,1946],[-11,7],[3,8],[5,0],[3,-15]],[[4597,1976],[8,8],[3,-3],[1,-9],[-2,-2],[-8,2],[-2,4]],[[4577,2644],[-4,10],[1,11],[8,-2],[-5,-8],[2,-2]],[[4579,2653],[-2,-9]],[[4534,2705],[6,0],[4,-10]],[[4544,2695],[-5,3],[-5,7]],[[4590,2715],[2,-8],[-2,-6],[-4,0],[-6,-3],[0,-10],[-9,-5],[-11,-1],[1,3],[13,3],[3,14],[-1,7],[-6,12],[10,7],[6,-5],[4,-8]],[[4590,2715],[-7,-1],[1,-11],[5,0],[1,12]],[[4547,2725],[6,0],[-2,-7],[-4,-1],[0,8]],[[4534,2705],[-3,0],[-9,7],[-13,7],[-1,6],[-5,1],[-1,19],[4,1],[7,-4],[-2,-6],[2,-9]],[[4513,2727],[-1,-6],[16,-11],[5,1],[1,-6]],[[4527,2731],[0,-2],[-14,-2]],[[4513,2727],[4,3],[10,1]],[[4563,2744],[8,3],[-1,-11],[-7,1],[0,7]],[[4519,2753],[-6,4],[0,11],[9,0],[-3,-15]],[[4543,2874],[-4,-4],[1,-9],[-5,-7],[-2,-13],[0,-7],[4,-3],[2,-6],[6,-2],[3,4],[7,1],[2,-5],[7,4],[3,-3],[5,-10],[2,-12],[6,3]],[[4580,2805],[-1,-8],[3,-6],[-8,-5],[0,11],[-2,2]],[[4572,2799],[-7,10],[-6,3],[-1,6],[-8,3],[0,-5],[-9,0],[-4,4],[-3,7],[-7,5],[0,14],[-7,-1],[5,10],[7,3],[5,4],[0,9],[6,3]],[[4498,2834],[0,6],[6,1],[2,-4],[-8,-3]],[[4557,2868],[-4,-3]],[[4553,2865],[4,3]],[[4553,2865],[-4,4]],[[4549,2869],[4,-4]],[[4549,2869],[-6,5]],[[4543,2874],[6,-5]],[[4514,2873],[-3,6]],[[4511,2879],[3,-6]],[[4512,2886],[-3,-1]],[[4509,2885],[3,1]],[[4512,2886],[-3,-1]],[[4509,2885],[3,1]],[[4569,2924],[-1,-1]],[[4568,2923],[1,1]],[[4569,2924],[-1,-1]],[[4568,2923],[1,1]],[[4492,2930],[-5,1]],[[4487,2931],[0,13],[0,9],[10,-1],[5,-3],[3,-6],[1,-6],[-11,-3],[-3,-4]],[[4542,2945],[-15,-1],[-2,11],[4,7],[7,0],[1,-13],[5,-4]],[[4506,2959],[4,5],[9,1],[3,-4],[0,-8],[-3,-4],[1,-8],[-10,7],[1,5],[-5,6]],[[4519,3054],[-4,-4],[1,-8],[-5,-14],[-5,1],[-5,4],[0,7],[2,8],[4,4],[12,2]],[[4487,3051],[-2,14],[7,6],[5,-8]],[[4497,3063],[-7,0],[-3,-12]],[[4497,3063],[6,4],[-1,10],[5,6],[-2,5],[7,0]],[[4512,3088],[-5,-1],[1,-5],[-4,-7],[0,-9],[-7,-3]],[[4520,3110],[8,9]],[[4528,3119],[0,-7],[-8,-2]],[[4531,3124],[-3,-5]],[[4528,3119],[3,5]],[[4554,4777],[3,-11]],[[4557,4766],[-1,-3]],[[4556,4763],[-7,0]],[[4549,4763],[-7,4],[-1,-4]],[[4541,4763],[-6,5],[-7,-1],[-3,-4],[-7,-2],[-4,2],[-5,-3],[-2,-5],[-7,5],[-7,0]],[[4493,4760],[-6,2],[-3,-3],[-2,-8],[4,-2]],[[4486,4749],[-4,-3]],[[4482,4746],[-8,-14],[4,-4],[-1,-3],[4,-11],[-9,-2],[-5,2],[-4,-21],[-8,-2],[-1,6],[-5,-2],[-1,-7],[12,-6],[3,-4],[-10,-6],[-4,3],[-1,5],[-5,0],[-3,5],[-8,10],[1,-17],[-5,-4],[-8,1],[-1,7],[-5,2],[-4,6],[-6,4],[-3,-2],[-9,-1],[-3,1],[1,10],[14,2],[10,-7],[7,3],[0,4],[4,7],[-1,3],[-11,1],[-13,-3],[-3,6]],[[4397,4718],[-6,-1],[-1,-7],[-10,-1],[-8,-9],[-6,-1],[-3,5],[-10,-6],[-3,3],[-9,0],[-3,-4],[1,-5],[-3,-6],[-5,-3],[-1,-7],[2,-11]],[[4332,4665],[3,-3],[1,-5],[6,-1],[4,-4],[-7,-3],[1,-13],[-7,-2],[5,-6],[-7,-7],[1,-8],[-10,-9],[0,-6],[10,2],[0,-5],[-6,1],[0,-6],[5,0],[-1,-17],[-5,0],[-5,3],[-1,16],[-11,-3],[2,-15],[-7,-1],[-5,-4],[5,-4],[15,1],[3,-7],[-7,1],[-2,-9],[-4,0],[-1,-10],[1,-8],[-6,1],[-5,-12]],[[4297,4522],[-4,-8],[-7,-3],[0,-5],[9,0],[3,-3],[2,-28],[-5,-4],[-3,13],[-3,1],[2,8],[2,1],[0,8],[-6,0],[0,-6],[-7,1],[-2,8],[3,5],[6,2],[-4,5],[-1,15],[-6,1],[-5,-3]],[[4271,4530],[3,5],[5,0],[5,6],[-4,9],[-2,14],[-3,3],[-8,-2],[-7,2],[2,-13],[-4,-4],[-5,4],[2,14],[-4,2],[-2,7],[2,10],[-4,-1],[-6,-8],[1,-18],[-4,5],[-4,10],[3,2],[1,7],[5,0],[3,16],[-5,0],[1,12]],[[4242,4612],[-6,-2],[-4,3],[-25,-5],[-12,-19],[-4,-14],[-4,2],[-9,-2],[-16,0],[-1,5],[-5,1]],[[4156,4581],[2,4],[5,-3],[1,-5],[8,2],[11,0],[7,6],[-1,9],[8,8]],[[4197,4602],[5,9],[-1,9],[5,-2],[11,1],[8,-4],[3,7],[-1,9],[6,-4],[6,1],[1,8],[4,2],[12,12],[19,1],[8,-10],[5,-3],[18,2],[-1,8],[4,5],[2,10],[5,0],[3,4],[7,1],[3,9],[-2,13],[4,4],[-2,5],[6,4],[1,8],[8,0],[14,2],[3,3],[8,2],[3,-3],[8,1],[7,6],[-5,6],[-9,3],[-3,5],[-6,-12],[-5,-3],[-4,2],[-12,-2],[-6,-3],[-7,-1],[-3,13]],[[4327,4730],[10,-5]],[[4337,4725],[-1,7],[9,7],[-1,6],[9,0]],[[4353,4745],[1,1]],[[4354,4746],[3,5]],[[4357,4751],[5,5],[9,0],[-4,9]],[[4367,4765],[2,2]],[[4369,4767],[5,-6]],[[4374,4761],[4,2]],[[4378,4763],[3,-12],[10,2]],[[4391,4753],[0,6],[8,1],[5,-12]],[[4404,4748],[6,4]],[[4410,4752],[5,-2],[3,7],[7,-4],[5,2],[6,-4],[9,1],[6,4],[0,5],[17,0],[-4,8],[7,20],[5,1],[3,5],[11,3],[5,5],[11,1],[3,-5],[3,-16],[6,0],[3,11],[-1,6],[2,12],[5,5],[12,2],[0,4],[7,9],[10,2],[5,4],[-1,9],[9,0],[5,2],[6,-4],[11,0],[4,-4],[-5,-7],[-4,-3],[-9,-3],[0,-4],[5,-2],[-3,-11],[-16,-1],[11,-8],[2,-6],[-10,-10],[0,6],[-4,3],[-5,-1],[-8,-7],[0,-6],[5,-4]],[[4297,4522],[0,8],[-9,-1],[2,-6],[-2,-7],[5,0],[4,6]],[[4242,4612],[2,-10],[5,-1],[3,-5],[4,-15],[5,-1],[1,13],[-1,12],[3,4],[0,5],[4,4],[7,-2],[1,-7],[5,-9],[-3,-7],[5,-5],[1,10],[9,2],[3,-3],[6,2],[7,12],[-3,6],[3,5],[9,7],[6,11],[5,5],[-1,12],[-6,-2],[-11,-13],[-5,-9],[-4,1],[-11,-6],[-5,-1],[-16,13],[-6,-3],[-9,-13],[-3,-6],[-9,-1],[-1,-5]],[[4344,4724],[-7,1]],[[4337,4725],[7,-1]],[[4391,4753],[3,-11],[4,0],[-1,9],[-6,2]],[[4431,4738],[-6,4],[0,-7],[6,3]],[[4469,4733],[5,8],[-4,1],[-1,-9]],[[4443,4716],[10,2],[-2,12],[-2,3],[-8,0],[2,-17]],[[4354,4746],[-1,-1]],[[4353,4745],[1,1]],[[4305,4741],[-2,-3],[-12,-2],[-1,9],[-3,5],[-4,3],[-1,5],[5,4],[13,4],[15,0],[-2,-3],[20,1],[7,-9],[-2,-10],[-11,-6],[-1,7],[-14,0],[1,-6],[-8,1]],[[4299,4749],[5,0],[3,15],[-6,-5],[-2,-10]],[[4366,4770],[3,-3]],[[4369,4767],[-2,-2]],[[4367,4765],[-1,5]],[[4366,4770],[-6,-1],[-1,7],[5,0],[2,-6]],[[4367,4779],[1,8],[6,-2],[-3,-8],[-4,2]],[[4064,7802],[9,4],[0,-6],[-6,-4],[-3,6]],[[4054,7835],[-9,-2],[-5,6],[-1,11],[6,1],[8,-2],[2,-9],[-1,-5]],[[4015,7917],[-13,3],[17,2],[-4,-5]],[[4034,7933],[0,2],[12,6],[-4,-7],[-8,-1]],[[4000,7937],[-10,3],[6,4],[4,-7]],[[4015,8236],[1,-1]],[[4016,8235],[1,-6]],[[4017,8229],[-7,1],[0,-7],[-8,-11],[-4,4],[-10,-1],[-11,1]],[[3977,8216],[1,3],[9,2],[6,-2],[8,1],[-1,6],[5,2],[0,5],[6,-1],[4,4]],[[3984,8240],[1,-1]],[[3985,8239],[1,-4]],[[3986,8235],[-2,-10],[-7,-2],[0,-7]],[[3977,8216],[-4,0],[-1,6],[2,2],[3,7],[-4,9],[8,2],[3,-2]],[[3985,8239],[-1,1]],[[3984,8240],[2,-5]],[[3986,8235],[-1,4]],[[4012,8255],[1,-1]],[[4013,8254],[-1,-1]],[[4012,8253],[0,2]],[[3986,8342],[9,-3],[2,-7],[8,-7],[-7,-11],[2,-9],[2,-22],[-3,-5],[2,-7],[-3,-5],[2,-7],[-2,-4],[-4,-1],[0,8],[-6,1],[-14,8],[-2,9],[2,4],[8,-4],[5,1],[5,6],[0,13],[-14,8],[-1,16],[8,-6],[4,0],[6,-5],[1,5],[-5,5],[0,13],[-5,6]],[[3986,8342],[-10,6],[5,20],[2,-9],[2,-3],[1,-14]],[[4015,8493],[1,4]],[[4016,8497],[2,1]],[[4018,8498],[-3,-5]],[[4016,8497],[-9,0],[4,10],[5,0],[0,-10]],[[3994,8533],[2,5],[7,3],[7,1],[3,-2],[1,-7],[-4,-5],[-14,-3],[-3,-6],[-10,-3],[1,6],[-2,8],[12,-2],[0,5]],[[3934,8699],[-3,8],[8,0],[1,-7],[-6,-1]],[[3937,8816],[-8,-4],[0,-5],[15,-1],[12,2]],[[3956,8808],[-5,-3],[-1,-7],[-8,-2],[1,-5],[-8,-3],[2,10],[-4,7],[-6,-2],[-6,3],[-7,-1],[-5,-3],[-6,-9],[1,-6],[-5,-13],[3,-10],[3,-25],[4,-10],[2,-21],[-1,-4],[5,-8],[5,0]],[[3920,8696],[3,-5],[1,-8],[4,-7],[2,-10],[4,0],[5,-5],[3,-8],[5,-5],[3,-13],[6,-10],[8,-7],[8,-14]],[[3972,8604],[-11,8],[-9,14],[-3,3],[-1,10],[-3,9],[-8,7],[0,5],[-7,1],[-1,3],[-13,3],[-5,12],[-1,14],[-8,17],[5,2],[0,14],[-4,2],[-1,9],[-6,5],[-1,-7],[-4,5],[5,3],[2,12],[-5,0],[-3,19],[-3,4]],[[3887,8778],[4,5],[-2,16],[-2,6],[5,3],[0,4],[-5,2],[-4,-7]],[[3883,8807],[-1,1]],[[3882,8808],[-2,9],[6,3]],[[3886,8820],[7,-2],[5,3],[-3,-18],[2,-1],[4,10],[9,0]],[[3910,8812],[-7,7],[3,4]],[[3906,8823],[0,5],[7,1],[1,-8],[2,-6],[4,1],[4,5],[9,-2],[4,-3]],[[3920,8696],[-4,-1],[-2,-6],[8,-4],[-2,11]],[[3915,8808],[-5,4]],[[3910,8812],[0,-8],[5,4]],[[3984,8827],[-5,-2],[-12,-2],[-2,-10],[-9,-5]],[[3956,8808],[0,8],[4,-2],[8,13],[16,0]],[[3920,8911],[-10,3],[-12,-2],[-1,8],[0,11],[2,0],[3,-9],[14,-1],[2,8],[4,-3],[9,0],[-1,-12],[-5,-2],[1,-6],[7,0],[0,-12],[-6,5],[-5,-1],[-2,13]],[[3896,8965],[0,-8]],[[3896,8957],[0,8]],[[3957,8982],[11,1],[4,-8],[-15,7]],[[3890,9010],[-1,2]],[[3889,9012],[1,-2]],[[3886,9035],[5,-1],[2,-7],[-4,-1],[-3,9]],[[3927,9065],[-5,4],[-4,-8],[2,-6],[11,-10],[0,-7],[5,-1],[3,-4],[9,-9],[2,-7],[-1,-6],[5,0],[0,-8],[11,-6],[6,2],[2,-8],[5,-7],[4,0],[0,-8],[3,-2],[5,-8]],[[3990,8966],[-9,2],[-3,-5],[-4,10],[5,5],[-6,9],[-7,-2],[-2,9],[-3,3],[-6,0],[-4,3],[-1,5],[-4,4],[-3,7],[-4,1],[0,6],[-14,12],[1,6],[-7,9],[-5,2],[0,15],[3,7],[4,4],[-2,14],[4,2],[4,-4],[-1,-9],[1,-16]],[[4770,1492],[5,-5]],[[4775,1487],[-5,5]],[[4748,1506],[9,2],[1,-4]],[[4758,1504],[-8,0],[-2,2]],[[4734,1516],[-1,-8],[-7,6],[1,6],[7,-4]],[[4792,1499],[4,5],[-3,7],[3,3],[0,9],[2,5],[0,6],[7,6],[1,9],[11,5],[-3,7],[7,2],[-4,11],[-1,9],[-6,4],[-1,10],[-4,0],[-3,5],[-8,-6],[-2,21],[-11,28],[-3,15],[-3,1],[-2,12],[5,-1],[2,-8],[7,1],[4,-8],[4,-1],[7,-4],[6,-18],[5,-3],[7,1],[2,-14],[-3,-9],[5,-4],[7,-1],[4,-8],[0,-6],[-15,5],[-3,6],[-6,-1],[6,-12],[2,-16],[3,-9],[-3,-5],[-1,-6],[-8,-2],[0,-5],[-7,-9],[-1,-7],[-5,-14],[1,-10],[-6,-6]],[[4764,1609],[6,1],[2,-8],[-7,-1],[-1,8]],[[4690,1879],[-1,0]],[[4689,1879],[1,0]],[[4690,1879],[-1,0]],[[4689,1879],[1,0]],[[4746,1914],[1,2]],[[4747,1916],[-1,-2]],[[4747,1916],[-1,-2]],[[4746,1914],[1,2]],[[4741,2025],[6,-3],[-9,-6],[-9,-1],[0,10],[3,5],[9,4],[0,-9]],[[4765,2120],[2,-8],[6,-5],[2,-15],[-8,-15],[-6,-1],[-6,6],[-6,0],[-5,3],[-5,-2],[-7,4],[-9,11],[-2,9],[6,7],[10,-1],[14,2],[7,5],[7,0]],[[4697,2231],[0,2]],[[4697,2233],[0,-2]],[[4697,2231],[0,2]],[[4697,2233],[0,-2]],[[4723,2245],[2,-5],[-5,-2],[-3,8],[6,-1]],[[4701,2273],[8,2],[5,-3],[-2,-7],[-7,-1],[-4,9]],[[4712,2414],[2,-3],[-6,-4],[-2,8],[6,-1]],[[4708,2430],[-10,3],[4,5],[7,13],[5,2],[-2,15],[6,1],[2,-15],[-3,-6],[-5,-1],[2,-7],[-8,-4],[2,-6]],[[4673,2608],[7,0],[3,-7],[-8,-3],[-2,10]],[[4652,2613],[9,-2],[4,5],[3,-3],[1,-6],[-3,-5],[-10,-5],[-8,10],[4,6]],[[4649,2628],[-5,7],[-1,9],[5,5],[4,-10],[-5,-5],[2,-6]],[[4659,2642],[-3,11],[6,0],[3,-4],[1,-6],[-7,-1]],[[4692,2682],[1,1]],[[4693,2683],[-1,-1]],[[4694,2692],[5,-3]],[[4699,2689],[2,-4],[-8,-2]],[[4693,2683],[-1,-1]],[[4692,2682],[-6,2],[-1,7],[4,3],[5,-2]],[[4630,2680],[-15,-3],[-1,6],[-6,2],[-8,1],[-1,13],[4,-1],[0,-9],[10,-2],[12,1],[5,-8]],[[4685,2705],[4,3]],[[4689,2708],[-4,-3]],[[4685,2705],[-4,3],[6,9],[3,-1]],[[4690,2716],[-5,-11]],[[4690,2716],[-3,4]],[[4687,2720],[3,-4]],[[4686,2732],[1,-12]],[[4687,2720],[-4,8],[3,4]],[[4647,2750],[9,-2],[-1,-6],[-7,1],[-1,7]],[[4641,2759],[1,5],[7,1],[0,5]],[[4649,2770],[1,-6],[-5,0],[-4,-5]],[[4663,2766],[4,4]],[[4667,2770],[-4,-4]],[[4667,2770],[2,-4]],[[4669,2766],[-2,4]],[[4641,2759],[-8,1],[-2,11],[7,-1],[3,-11]],[[4649,2770],[-3,9]],[[4646,2779],[3,-9]],[[4659,2802],[-4,11],[3,4],[12,-5],[1,-9],[-5,-4],[-4,14],[-4,-2],[1,-9]],[[4581,2817],[9,1],[1,-4]],[[4591,2814],[2,-5],[5,2]],[[4598,2811],[0,-3],[6,-5],[4,5],[7,1]],[[4615,2809],[-6,-2],[-4,-6],[-9,8],[-7,-1],[-2,8],[-6,1]],[[4606,2885],[-4,-1],[2,11],[4,-2],[2,-6],[-4,-2]],[[4593,2913],[-8,-7],[-12,0],[1,7],[6,-4],[13,4]],[[4596,2917],[-3,-4]],[[4593,2913],[3,4]],[[4443,4770],[-2,-7],[-5,3],[-3,-3],[-9,-2],[6,13],[6,-4],[3,6],[4,-6]],[[4409,4766],[0,7],[8,1],[0,-7],[-8,-1]],[[4404,4776],[5,5]],[[4409,4781],[1,-2]],[[4410,4779],[-6,-3]],[[4410,4779],[-1,2]],[[4409,4781],[1,-2]],[[4140,7922],[-1,-4],[-6,-1],[-2,4],[9,1]],[[4134,7932],[-5,6],[3,5],[5,-8],[-3,-3]],[[4125,7939],[-6,-2],[-13,-2],[2,6],[10,0],[4,2],[3,-4]],[[4075,7944],[-7,-4],[-5,3],[-7,-1],[0,4],[6,-1],[13,-1]],[[4140,7951],[-7,-4],[-3,4],[8,3],[2,-3]],[[4126,8032],[7,1],[2,3],[10,1],[0,-3],[-10,-1],[-6,-3],[-3,2]],[[4074,8179],[-3,-4],[-4,4],[2,4],[5,-4]],[[4061,8366],[8,2],[5,4],[0,4],[5,7],[12,16],[3,9],[-1,9],[2,3],[0,11],[2,6],[5,3],[0,8],[3,7],[6,-10],[8,5],[3,9],[-2,7],[7,5],[0,4],[-3,9],[-1,12],[-3,2],[-1,16],[-7,3],[-5,4],[-10,-3],[-4,5],[-1,5],[-7,11]],[[4085,8539],[11,-10],[2,-7],[12,2],[3,-4],[10,-4],[2,-13],[6,-2],[1,-8],[3,-5],[-3,-4],[1,-10],[-2,-1],[-12,-37],[-10,-2],[2,-8],[-3,-3],[-7,0],[-5,-7],[2,-14],[5,-1],[2,7],[6,0],[-8,-9],[-8,-5],[1,-9],[-6,-6],[0,-7],[-3,-3],[-4,11],[-3,0],[-5,-6],[0,-4],[-3,-2],[0,-4],[-11,-8],[3,-21],[-2,-3],[3,-9],[0,-23],[7,0],[1,-7],[-5,-4],[-3,4],[-15,-3],[-11,-8],[-3,-6],[-12,-5],[-3,3],[-4,-7],[2,-9],[-1,-7],[-4,0],[0,-9],[2,-7]],[[4016,8235],[-1,1]],[[4015,8236],[-5,5],[-2,6],[-5,-1],[0,8],[5,9],[1,-12],[3,2]],[[4012,8253],[1,1]],[[4013,8254],[-1,1]],[[4012,8255],[2,5],[-1,9],[4,5],[7,6],[-1,7],[6,2]],[[4029,8289],[-3,-4],[0,-7],[6,-2],[2,14],[8,5],[11,1],[3,10],[-1,7],[7,-5]],[[4062,8308],[-4,24],[2,5],[-3,18],[-5,2],[5,14],[4,-5]],[[4071,8351],[1,-1]],[[4072,8350],[-1,1]],[[4071,8351],[4,3]],[[4075,8354],[-3,-4]],[[4072,8350],[-1,1]],[[4075,8354],[3,6],[6,0],[2,-5],[-11,-1]],[[4018,8498],[3,1]],[[4021,8499],[-3,-1]],[[4021,8499],[0,9],[4,2],[3,8]],[[4028,8518],[4,0],[1,-13],[7,1],[2,5],[5,1],[-3,10],[10,5],[2,7],[8,1],[-6,-8],[-4,-3],[-3,-6],[1,-7],[-2,-10],[-5,-6],[-11,1],[-3,2],[-10,1]],[[4088,8517],[1,6],[6,-6],[-2,-3],[-5,3]],[[4107,8892],[-4,-11],[5,1],[5,-8],[7,-6],[2,-3],[11,-3],[5,-4],[10,0],[6,-3],[4,-9],[-8,-27],[-10,0],[-13,-2],[-1,-2],[-9,-2],[-4,-5],[1,-4],[-5,-3],[-3,-5],[2,-8],[-2,-4],[-1,-8],[-8,-9],[-4,-2],[-3,4],[-5,1],[-4,4],[-10,-1],[3,7],[1,8],[-5,7],[-17,-3],[-7,-4],[-6,-16],[-3,3],[-5,15],[-3,3],[-8,-1],[-10,6],[-6,0],[-5,4],[-14,-2],[-9,12],[-7,-1],[0,8],[3,1],[10,0],[2,-7],[16,0],[5,-3],[11,1],[10,7],[1,5],[11,3],[7,9],[-1,7],[6,2],[16,-4],[9,-8],[4,-13],[-2,-6],[5,-3],[8,0],[-3,9],[10,3],[2,9],[7,2],[-2,5],[-17,-2],[-4,-1],[-7,1],[4,7],[4,1],[7,9],[2,14]],[[4094,8867],[1,9],[-10,-3],[-5,0],[-1,8],[16,1],[2,5],[5,4],[5,1]],[[4098,8803],[2,7],[-7,0],[5,-7]],[[4041,8832],[-10,-2],[0,9],[10,-7]],[[4072,8843],[-4,2],[1,6],[7,2],[0,-8],[-4,-2]],[[3985,8896],[0,13],[3,-2],[0,-7],[-3,-4]],[[4008,8925],[-4,-3]],[[4004,8922],[4,3]],[[4002,8933],[2,-11]],[[4004,8922],[-6,3],[4,8]],[[3999,8944],[3,-11]],[[4002,8933],[-3,11]],[[4877,1581],[2,-1],[1,-13],[8,1],[2,-2],[7,1],[2,-3],[7,1],[0,-6],[7,-3],[7,-7],[4,4],[11,1],[9,5],[10,-2],[19,2],[-2,11],[7,-3],[1,-6],[9,-10]],[[4988,1551],[-8,5],[-8,-4],[-10,5],[-10,-3],[-17,-2],[-3,-4],[-6,0],[-14,-3],[-18,13],[0,4]],[[4894,1562],[-4,-2],[-12,8],[-1,13]],[[4867,1591],[8,-3],[2,-7]],[[4877,1581],[-5,7],[-5,3]],[[4867,1591],[-5,0],[-8,5],[0,7],[6,1],[9,7],[2,-2],[-1,-8],[-4,-5],[1,-5]],[[4771,2248],[-2,8],[11,7],[1,-8],[-6,-6],[-4,-1]],[[4754,2345],[-3,0],[-5,8],[-1,12],[4,-3],[5,-17]],[[4720,2436],[5,-3],[1,-5],[-6,-1],[0,9]],[[4720,2500],[-5,13],[11,6],[4,4],[2,-19],[-8,-5],[-4,1]],[[4812,2560],[-3,-6],[-6,3],[-1,15],[-4,6],[7,1],[5,3],[4,-5],[1,-12],[-3,-5]],[[4797,2639],[5,-4],[11,0],[0,-7],[-10,-2],[-1,-7],[-5,0],[-3,-4],[-7,0],[-2,11],[-8,0],[0,-8],[-4,-6],[-7,2],[-3,5],[-1,13],[-5,6],[1,7],[-2,10],[-7,-5]],[[4749,2650],[-2,2]],[[4747,2652],[3,3],[12,0],[4,-5],[1,-8],[7,-5],[8,1],[5,4],[8,1],[2,-4]],[[4819,2651],[1,-1]],[[4820,2650],[-2,-1]],[[4818,2649],[-1,1]],[[4817,2650],[-5,-1]],[[4812,2649],[-10,1],[15,7],[2,-6]],[[4792,2651],[2,2]],[[4794,2653],[-2,-2]],[[4794,2653],[-2,-2]],[[4792,2651],[-4,4],[-3,-4],[1,-8],[-6,1],[-9,-3],[1,5]],[[4772,2646],[2,7]],[[4774,2653],[4,2]],[[4778,2655],[3,-4],[5,3],[0,6],[8,2],[0,-9]],[[4708,2625],[-10,1],[-1,7],[6,-1],[5,-7]],[[4774,2653],[-3,1]],[[4771,2654],[4,2]],[[4775,2656],[-1,-3]],[[4771,2661],[0,-7]],[[4771,2654],[0,7]],[[4778,2655],[-3,1]],[[4775,2656],[-4,5]],[[4771,2661],[-3,2]],[[4768,2663],[10,0],[0,-8]],[[4747,2652],[-5,14],[3,1]],[[4745,2667],[3,-4],[-1,-11]],[[4752,2682],[-3,-4],[3,-10],[-7,-1]],[[4745,2667],[5,2],[-2,10],[4,3]],[[4743,2694],[-1,-11],[8,1],[2,-2]],[[4752,2682],[-11,0],[-2,5],[4,7]],[[4742,2698],[1,-4]],[[4743,2694],[-1,4]],[[4699,2689],[-5,3]],[[4694,2692],[3,5]],[[4697,2697],[5,-2]],[[4702,2695],[-3,-6]],[[4710,2700],[-3,2]],[[4707,2702],[3,-2]],[[4692,2702],[5,-5]],[[4697,2697],[-5,5]],[[4710,2700],[-3,2]],[[4707,2702],[3,-2]],[[4689,2708],[3,2],[4,-6],[-4,-2]],[[4692,2702],[-3,6]],[[4736,2715],[3,-4]],[[4739,2711],[-3,4]],[[4686,2732],[3,1]],[[4689,2733],[-3,-1]],[[4697,2775],[-7,6],[-6,10],[7,1],[7,-7],[-1,-10]],[[4679,2825],[6,3],[3,-3],[0,-8],[-1,-4],[-8,2],[0,10]],[[4538,4928],[-3,-4],[-2,-15],[-7,-1],[-3,11],[-9,1],[1,5],[9,0],[10,5],[4,-2]],[[4314,7202],[-7,-2],[-4,3],[1,6],[6,1],[4,-8]],[[4258,7827],[9,-4],[-1,-9],[-12,3],[-1,4],[5,6]],[[4186,7908],[6,-3],[-1,12],[15,5],[-7,-22],[6,3],[-1,6],[6,3],[2,10]],[[4212,7922],[6,-7],[0,-14],[-6,-9],[0,-3],[-6,-7],[-4,-8],[-8,-1],[-4,5],[6,13]],[[4196,7891],[-4,5],[-5,0],[-1,12]],[[4216,8007],[7,1],[4,3],[6,-6],[8,2],[2,-5],[-10,-2],[-6,6],[-11,1]],[[4216,8007],[-10,3],[-7,-1],[-2,3],[-7,-1],[-4,3],[-5,-1],[-2,3],[-6,-1],[-1,3],[8,2],[1,-3],[8,-3],[8,1],[3,-3],[6,2],[6,-2],[4,-5]],[[4242,8189],[-9,-16],[-13,0],[1,-13],[-12,-3],[0,4],[7,3],[2,4],[-4,9],[12,3],[7,4],[4,5],[5,0]],[[4239,8254],[-6,-3]],[[4233,8251],[6,3]],[[4230,8310],[-1,4]],[[4229,8314],[1,-4]],[[4210,8327],[-9,1],[2,12],[6,0],[1,-13]],[[4033,8550],[6,-3],[4,2],[9,-3],[10,2],[9,-3],[20,3],[4,2],[5,-4],[13,-4],[14,2],[16,-7],[17,8],[1,2],[14,2],[10,-2],[6,1],[5,-8],[1,-9],[5,-5],[0,11],[6,-4],[10,-1],[6,10],[4,4],[8,2],[1,-5]],[[4237,8543],[-1,0]],[[4236,8543],[-2,0]],[[4234,8543],[-7,-4],[-3,-9],[13,2],[0,-5],[6,-1],[9,-11]],[[4252,8515],[3,-4],[5,-1],[0,-10]],[[4260,8500],[-7,0],[-1,-3],[6,-6],[10,-3],[1,10],[4,0],[1,-9],[3,-1]],[[4277,8488],[-9,-1],[-4,-8],[5,-1],[-2,-6]],[[4267,8472],[0,-7]],[[4267,8465],[-1,-5],[6,-9],[5,0],[2,4]],[[4279,8455],[0,-14],[3,0]],[[4282,8441],[3,3],[-2,8],[4,5],[5,2]],[[4292,8459],[-6,-5],[1,-12],[7,2],[0,5],[4,3],[3,6],[7,3],[-1,-15],[-10,-2],[-5,-3],[1,-8],[-5,-1],[1,-14],[5,0],[2,-6],[1,-9],[-2,-1]],[[4295,8402],[-2,-6],[9,1],[3,-3],[3,-15],[-2,-1],[-1,-15],[-3,-2],[-3,-24],[0,-16],[4,-5],[1,-11],[-6,-1],[-2,7],[2,5],[-3,8],[-4,1],[1,9],[3,6],[1,11],[-2,2],[0,8],[4,2],[-6,11],[-3,0],[-3,18],[-13,1],[-3,3],[-1,6],[4,5],[-2,12],[-6,2]],[[4265,8421],[3,2]],[[4268,8423],[-4,2],[-1,6]],[[4263,8431],[6,2],[8,-5],[0,-4]],[[4277,8424],[0,11],[-2,5],[-7,0],[1,7],[-6,4],[-6,0],[0,7],[-5,-1],[-2,8],[-4,-1]],[[4246,8464],[0,1]],[[4246,8465],[1,1]],[[4247,8466],[3,4],[-5,4],[-1,11],[-8,7],[0,6],[-12,14]],[[4224,8512],[-5,15],[-3,1]],[[4216,8528],[-2,3],[-5,-1],[-6,-8],[-11,-1],[-7,-3],[-1,9],[5,1],[2,-6]],[[4191,8522],[3,10],[-14,3],[-4,5],[-2,6],[-12,-3],[-11,-7],[-9,-1],[-8,2],[-2,3],[-6,0],[-13,-1],[-9,3],[-8,5],[-13,-3],[2,-5]],[[4085,8539],[-7,-2],[-10,1],[-1,4],[-14,1],[-5,2],[-10,-1],[-5,6]],[[4295,8402],[0,7],[-6,0],[1,-8],[5,1]],[[4277,8424],[3,-15],[-2,-4],[1,-8],[8,4],[-1,11],[-4,8],[-5,4]],[[4224,8512],[8,-9],[11,6],[1,6],[-11,-2],[-3,5],[4,4],[-6,7],[-7,-2],[3,-6],[0,-9]],[[4258,8473],[2,7],[-9,-2],[3,-9],[4,4]],[[4204,8494],[1,-7],[6,1],[5,-5],[-3,-10],[-5,0],[0,8],[-4,-1],[-1,8],[1,6]],[[4191,8580],[18,1],[0,-5],[-3,-2],[-12,0],[-3,6]],[[4181,8581],[2,-5],[8,4]],[[4191,8580],[-2,-7],[-7,3],[-4,-6],[-5,1],[-9,-2],[1,12],[-3,7],[9,0],[3,6],[6,-6],[1,-7]],[[4185,8615],[-7,0],[-3,4],[0,8],[11,-9],[-1,-3]],[[4080,8859],[-4,-2],[-1,13],[9,0],[1,-5],[-5,-6]],[[4161,8928],[3,13],[6,-2],[-9,-11]],[[4148,8978],[-6,2],[2,9],[5,0],[4,-9],[-5,-2]],[[4117,9005],[6,2],[-1,12]],[[4122,9019],[2,-1],[1,-11],[-4,-5],[-4,3]],[[4122,9019],[-5,-8],[0,-6]],[[4117,9005],[-7,3],[-1,8],[2,6],[7,1],[4,-4]],[[4112,9110],[1,-3],[-7,-3]],[[4106,9104],[6,6]],[[4931,1986],[2,8],[4,-1],[0,-7],[-6,0]],[[4866,2376],[8,2],[5,-1],[0,-10],[-4,-3],[-6,2],[-3,10]],[[4906,2476],[-1,-5],[-5,-1],[-7,9],[0,8],[9,-5],[4,-6]],[[4896,2591],[5,1],[-1,-8],[6,0],[5,-2]],[[4911,2582],[0,-10],[-5,0],[-1,11],[-6,-5],[-3,13]],[[4838,2587],[5,0],[1,-11],[-4,-1],[-2,12]],[[4881,2594],[3,-10],[4,-1]],[[4888,2583],[-6,1],[-1,10]],[[4848,2604],[7,-12],[1,-7],[-7,-1],[-4,2],[-1,14],[-4,3],[-10,-15],[-5,-1],[-3,3],[0,12],[2,6],[5,-2],[3,-6],[11,8],[5,-4]],[[4870,2618],[-2,-12],[7,-1],[6,-11]],[[4881,2594],[-4,0],[-6,5],[0,5],[-8,-4],[-3,2],[-1,5],[6,5],[0,4],[5,2]],[[4852,2632],[6,-1]],[[4858,2631],[2,-4]],[[4860,2627],[-1,-1]],[[4859,2626],[-13,0],[6,6]],[[4858,2631],[5,1],[1,-5],[-5,-1]],[[4859,2626],[1,1]],[[4860,2627],[-2,4]],[[4855,2636],[-3,-4]],[[4852,2632],[-1,3],[-10,0],[-5,2]],[[4836,2637],[0,1]],[[4836,2638],[19,-2]],[[4812,2649],[5,1]],[[4817,2650],[1,-1]],[[4818,2649],[7,-5],[4,-1],[6,6]],[[4835,2649],[1,-11]],[[4836,2638],[0,-1]],[[4836,2637],[-6,-3],[-2,7],[-13,3],[-3,5]],[[4819,2651],[1,-1]],[[4820,2650],[-1,1]],[[4667,4659],[-5,4],[-2,5],[9,-2],[-2,-7]],[[4681,4676],[1,-1]],[[4682,4675],[-1,1]],[[4658,4720],[7,5],[3,-4],[-5,-3],[-5,2]],[[4654,4729],[-8,-4],[-3,7],[-11,-1],[3,6]],[[4635,4737],[2,-2],[8,0],[5,-6],[4,0]],[[4582,4781],[9,-3],[5,3],[3,-8],[6,1],[1,6],[10,-5],[3,-9]],[[4619,4766],[2,0]],[[4621,4766],[0,-2]],[[4621,4764],[-3,-2],[3,-8],[-4,-3],[-1,12],[-5,1],[-5,7],[-9,-2],[-3,-7]],[[4594,4762],[0,-14]],[[4594,4748],[3,7],[5,1],[10,-15],[-1,-3],[9,-5],[8,2]],[[4628,4735],[-6,-13],[5,-6],[3,1],[4,-8],[7,0],[3,-3],[9,0],[0,-11],[6,2],[2,-12],[-3,0],[-4,7],[-6,4],[0,-8]],[[4648,4688],[-2,-3],[-7,4],[-1,13],[3,0],[2,-9],[4,2],[1,9],[-5,2],[-11,-1],[-3,9],[-4,1],[-5,7],[0,7],[-6,2],[-3,4],[-7,-2],[-2,-7],[-9,2],[0,13],[-6,5],[-4,-1],[-12,5],[-5,5],[1,8],[-8,-6],[-3,6]],[[4556,4763],[1,3]],[[4557,4766],[10,1],[3,-2]],[[4570,4765],[5,-1],[-1,6],[2,8],[6,3]],[[4594,4748],[1,-8],[6,1],[1,8],[-8,-1]],[[4654,4729],[1,8],[5,5],[1,-11],[-7,-2]],[[4664,4760],[-4,0],[-7,13],[4,1],[4,-8],[5,-4],[7,3],[1,-8],[-4,-4],[-6,7]],[[4621,4764],[0,2]],[[4621,4766],[0,1]],[[4621,4767],[2,0]],[[4623,4767],[2,-1]],[[4625,4766],[1,-4]],[[4626,4762],[-5,2]],[[4621,4767],[-2,-1]],[[4619,4766],[6,4],[1,-8]],[[4626,4762],[-1,4]],[[4625,4766],[-2,1]],[[4623,4767],[-2,0]],[[4662,4784],[-3,2]],[[4659,4786],[3,-2]],[[4665,4802],[-9,0],[-3,-6],[-6,2],[1,5],[7,2],[4,4],[4,-1],[2,-6]],[[4673,4814],[8,-2],[-1,-7],[-4,-1],[-3,10]],[[4594,4818],[-7,1],[0,6],[7,-1],[0,-6]],[[4624,4832],[2,-4],[9,1],[3,4]],[[4638,4833],[-3,-16],[-4,0],[-8,6],[-9,1],[-6,-3],[-4,4],[2,7],[9,0],[1,-2],[8,2]],[[4645,4845],[4,1],[2,-7],[-6,1],[0,5]],[[4638,4833],[-5,3],[0,7],[6,0],[1,-8],[-2,-2]],[[4356,7917],[-2,-3],[-7,-1],[2,-4],[-2,-7],[-5,4],[-8,-2],[-6,2]],[[4328,7906],[4,0],[10,3],[-1,4]],[[4341,7913],[-3,5],[-1,8],[5,4],[1,-11],[7,-3],[6,1]],[[4301,7926],[6,-2],[4,10],[7,1],[4,4],[2,-8],[-7,-2],[3,-4],[1,-6]],[[4321,7919],[7,-6],[0,-7]],[[4328,7906],[-6,9],[-6,-3],[0,5],[3,6],[-6,2],[-3,-7],[-5,0],[-4,8]],[[4323,8025],[1,6]],[[4324,8031],[-1,-6]],[[4288,8032],[3,-7],[5,-4]],[[4296,8021],[-4,1],[-2,4],[-2,6]],[[4324,8068],[-9,-8],[-11,4],[1,4],[7,6],[8,3],[6,-6],[-2,-3]],[[4242,8189],[0,2],[10,8],[15,2],[0,-8],[-15,2],[-4,-4],[-6,-2]],[[4289,8214],[-6,0],[-2,-6],[-8,-1],[1,5],[6,0],[-1,8],[7,12]],[[4286,8232],[3,-8],[4,-8],[-4,-2]],[[4286,8232],[0,9],[4,-3],[0,-7],[-4,1]],[[4263,8274],[-6,-6],[0,-7],[2,-7],[-6,-1],[1,10],[2,6],[7,5]],[[4300,8276],[-6,6],[-1,18],[8,-4],[-4,-5],[3,-15]],[[4274,8332],[-4,-9],[1,-8],[5,-1],[0,-7],[-15,13],[4,6],[4,1],[5,5]],[[4269,8361],[0,5],[3,5],[-1,13],[3,1],[0,-15],[-5,-9]],[[4298,8422],[0,-2]],[[4298,8420],[0,2]],[[4298,8422],[0,-2]],[[4298,8420],[0,2]],[[4263,8431],[-1,7],[3,3]],[[4265,8441],[-2,-4],[0,-6]],[[4246,8461],[4,-7],[5,-3],[3,-7],[-5,-1],[0,5],[-4,3],[-3,10]],[[4292,8459],[-4,9],[2,4],[6,-2],[-4,-11]],[[4213,8494],[5,4],[7,-8],[5,-2],[0,-10],[13,-9]],[[4243,8469],[4,-3]],[[4247,8466],[-1,-1]],[[4246,8465],[0,-1]],[[4246,8464],[0,-3]],[[4246,8461],[-5,0],[-3,3],[-7,0],[-3,5],[1,6],[-4,2],[-12,17]],[[4277,8488],[-2,7],[4,2],[2,-7],[-4,-2]],[[4290,8509],[-9,0],[-3,6],[5,4],[-4,4],[2,5],[6,-1],[7,-10],[-4,-8]],[[4234,8543],[2,0]],[[4236,8543],[1,0]],[[4237,8543],[-3,0]],[[4265,8710],[-2,-1]],[[4263,8709],[0,-3]],[[4263,8706],[1,1]],[[4264,8707],[2,-12],[-3,-1],[-5,-9],[-6,-3],[-7,-15],[2,-11],[-3,-1],[-10,-9],[-4,2],[-6,-2],[-8,6],[-2,5],[6,6],[-2,11],[2,9],[9,2],[2,3],[5,1],[3,-7],[7,0],[-1,6],[5,6],[4,2],[-1,7],[5,3],[-1,6],[-13,13],[4,6],[0,10],[2,5],[10,0],[2,-5],[4,-1],[3,-5],[-5,-20],[1,-5]],[[4264,8707],[-1,-1]],[[4263,8706],[0,3]],[[4263,8709],[2,1]],[[4265,8710],[-1,-3]],[[4273,8712],[-5,-2],[-1,7],[4,1],[2,-6]],[[4282,8733],[-3,4],[5,7],[-1,8],[5,0],[1,-9],[-4,-3],[-3,-7]],[[4266,8988],[-7,-1],[0,-6],[3,-5],[-7,-6],[3,-4],[-4,-10],[-7,-5],[-3,2],[-6,-5],[1,-5],[-4,-3],[0,12],[3,4],[-1,7],[1,11],[6,1],[0,4],[9,2],[1,10],[12,-3]],[[4250,8965],[-1,11],[-4,-4],[1,-10],[4,3]],[[4175,8963],[6,2]],[[4181,8965],[-6,-2]],[[4177,8970],[-3,1]],[[4174,8971],[3,-1]],[[4181,8965],[-6,-2]],[[4175,8963],[-1,8]],[[4174,8971],[3,-1]],[[4177,8970],[6,5],[-1,5],[-4,1],[1,6],[-9,1],[-11,0],[-2,10],[6,1],[9,8],[10,-1],[13,-6],[13,-8],[9,0],[4,-5],[7,-2],[-4,-6],[-17,-6],[-8,-1],[-10,-5],[-1,5],[-5,-1],[-2,-6]],[[4225,9011],[-5,4],[4,7],[1,-11]],[[4171,9017],[1,6],[4,4],[8,-3],[-1,-7],[-12,0]],[[4197,9057],[-11,-2],[-2,3],[-1,8],[6,6],[5,-7],[3,-8]],[[4220,9105],[-1,8],[3,1],[2,-8],[-4,-1]],[[4988,1551],[7,-2],[10,-9],[8,7],[0,7],[-2,4],[3,5],[6,-1],[4,5],[0,13],[-3,6],[9,7],[-2,6],[5,8],[-1,6],[15,12],[0,9],[12,1],[-5,4],[-1,10],[14,15],[4,-6],[-9,-10],[1,-21],[-10,0],[-15,-16],[-5,-11],[1,-13],[-8,-8],[4,-9],[0,-8],[-4,-8],[-12,-8],[-1,-7],[-7,-5],[-11,3],[-2,11],[-5,3]],[[5104,1652],[5,-2],[0,-5],[-6,1],[-11,3],[-16,7],[12,4],[0,-5],[12,-5],[4,2]],[[5007,2561],[5,-7]],[[5012,2554],[-4,1],[-1,6]],[[5019,2562],[4,4]],[[5023,2566],[-4,-4]],[[5044,2571],[-3,4],[-9,-3],[-9,-6]],[[5023,2566],[-1,5],[9,1],[5,4],[9,1],[-1,-6]],[[5000,2582],[0,-4],[-7,-2],[-5,2],[-5,6],[7,4],[2,-7],[8,1]],[[4928,2573],[-4,2]],[[4924,2575],[3,8]],[[4927,2583],[1,-10]],[[4927,2583],[3,0]],[[4930,2583],[-3,0]],[[4932,2601],[-4,0],[-1,8],[3,2],[2,-10]],[[4913,3411],[0,6],[5,0],[-1,-6],[-4,0]],[[4832,4458],[-2,9],[5,3],[-3,-12]],[[4713,4666],[4,-2]],[[4717,4664],[-4,2]],[[4771,4696],[-1,3]],[[4770,4699],[1,-3]],[[4767,4708],[4,-4],[-1,-5]],[[4770,4699],[1,-3]],[[4771,4696],[-3,-4],[-4,3],[4,5],[-1,8]],[[4733,4706],[-1,0]],[[4732,4706],[1,0]],[[4733,4706],[-1,0]],[[4732,4706],[1,0]],[[4853,4729],[-9,0],[2,-9],[-9,-1],[-2,6],[-18,-7],[1,-7],[18,3],[0,-8],[6,-3],[3,5],[4,-5],[8,0],[10,-7]],[[4867,4696],[-2,-6],[-9,2],[-1,-5],[-5,0],[-5,4],[-3,7],[-7,4],[-11,3],[-2,4],[-10,5],[-6,1],[-8,-3],[-21,11]],[[4777,4723],[-4,-1],[-8,5]],[[4765,4727],[6,10],[-5,4],[-4,-2]],[[4762,4739],[4,-2],[-5,-9]],[[4761,4728],[-4,-6],[3,-5],[9,-4],[-2,-5]],[[4767,4708],[-17,7],[-1,-5],[-5,0],[-8,6],[-7,-2],[-4,4],[-7,-1],[5,14],[9,0],[20,4],[-1,8],[4,8],[11,1],[6,-7],[6,-1],[10,3],[6,0],[10,-12],[6,3],[3,9],[7,1],[2,-2],[8,2],[10,-8],[8,1],[4,-4],[1,-8]],[[4753,4731],[3,7],[6,1]],[[4762,4739],[-6,4],[-3,-12]],[[4765,4727],[-4,1]],[[4761,4728],[4,-1]],[[4700,4730],[-4,2]],[[4696,4732],[2,2]],[[4698,4734],[2,-4]],[[4698,4734],[-2,-2]],[[4696,4732],[2,2]],[[4757,4968],[-6,-1],[-3,-8],[-4,-1],[-9,6],[-4,9],[5,1],[4,4],[13,-1],[3,-3],[1,-6]],[[4385,7895],[1,0]],[[4386,7895],[-1,0]],[[4470,7967],[0,-6]],[[4470,7961],[0,6]],[[4473,7972],[-3,-5]],[[4470,7967],[3,5]],[[4409,8033],[-5,-2]],[[4404,8031],[5,2]],[[4399,8031],[5,0]],[[4404,8031],[-5,0]],[[4409,8033],[3,2]],[[4412,8035],[-3,-2]],[[4412,8035],[8,5]],[[4420,8040],[-8,-5]],[[4465,8042],[6,7],[6,-1],[10,2],[2,-6],[-17,2],[-6,-7],[-9,-1],[-1,10],[3,1],[1,-8],[5,1]],[[4357,8123],[-2,-7]],[[4355,8116],[2,7]],[[4383,8181],[-3,-5],[-11,0]],[[4369,8176],[-1,4]],[[4368,8180],[12,-1],[3,2]],[[4403,8378],[5,-5],[0,-15],[-2,-1],[-3,21]],[[4420,8495],[-6,-7],[-1,8],[7,-1]],[[4333,8758],[3,12],[5,1],[0,-8],[-8,-5]],[[4278,9029],[4,-1],[-2,-8]],[[4280,9020],[-2,9]],[[5213,1622],[-14,-2],[0,2],[14,0]],[[5205,1631],[-4,-4]],[[5201,1627],[-3,5]],[[5198,1632],[7,-1]],[[5187,1631],[-1,11],[6,2],[0,-7],[-5,-6]],[[5105,2513],[-5,-1],[-6,11],[7,1],[6,-4],[-2,-7]],[[5091,2561],[5,-11],[-11,2],[-4,-5],[3,-3],[-5,-5],[-4,4],[0,6],[-10,1],[6,5],[5,-6],[4,-1],[4,5],[6,1],[1,7]],[[5122,2557],[4,-4]],[[5126,2553],[-4,4]],[[5119,2560],[3,-3]],[[5122,2557],[-3,3]],[[5119,2560],[-2,6]],[[5117,2566],[2,-6]],[[5115,2568],[2,-2]],[[5117,2566],[-2,2]],[[5098,2623],[1,2]],[[5099,2625],[1,2]],[[5100,2627],[-2,-4]],[[5100,2627],[-1,-2]],[[5099,2625],[-1,-2]],[[5098,2623],[2,4]],[[4976,3729],[0,-1]],[[4976,3728],[0,1]],[[4976,3728],[0,1]],[[4976,3729],[0,-1]],[[4899,4183],[5,-5],[1,-5],[-7,-6],[1,16]],[[4914,4171],[3,13],[5,-4],[-8,-9]],[[4876,4374],[-8,-6],[-2,12],[-5,13],[-4,1],[-2,9],[5,2],[2,7]],[[4862,4412],[6,0],[2,-5],[-2,-4],[1,-8],[3,1],[2,-22],[2,0]],[[4862,4412],[-4,0],[-5,12],[-3,10],[0,13]],[[4850,4447],[3,-2],[5,-7]],[[4858,4438],[-3,9],[7,0],[6,-4],[1,-9],[4,-1],[-1,-11],[-7,-1],[-5,-5],[2,-4]],[[4856,4470],[2,-5],[0,-13],[-2,-4],[-6,6],[-2,6],[-5,5],[-3,16],[5,2],[5,-2],[6,-11]],[[4877,4565],[-5,-3],[-2,5],[3,3],[4,-5]],[[4692,4727],[4,-3],[1,-8],[8,1],[8,-9],[-5,-2],[2,-8]],[[4710,4698],[1,4],[5,1],[5,-7],[5,-1],[17,1],[3,-7],[5,8],[8,-6],[5,-7],[0,-5],[11,-3],[1,-5],[6,-2]],[[4782,4669],[-4,-6],[14,3],[3,-10],[7,1]],[[4802,4657],[20,3],[2,-3],[7,-1],[1,-3],[6,2],[4,-3],[1,-6],[6,2],[7,0],[6,-4],[-3,13],[5,7],[9,-4],[0,-5],[-4,-4]],[[4869,4651],[3,-5],[8,3],[6,-2],[5,6],[-2,6],[4,7],[-5,4],[2,14],[6,-5],[-1,-8],[2,-8],[9,6],[1,-12],[10,-7],[5,-12],[-1,-7],[8,-3],[6,0],[-1,5],[5,2],[9,-20],[1,-8],[10,-11],[0,-4],[-6,-4],[10,-9],[-3,-4]],[[4960,4575],[1,-6]],[[4961,4569],[-5,2],[-6,-2],[1,-7],[4,-5],[4,-2],[9,-9],[6,-1],[1,-13],[3,-5],[1,-10],[3,-16],[5,1],[-2,-11],[5,2],[5,9],[8,-5],[3,-7],[-2,-15],[-10,0],[-4,12],[-4,-2]],[[4986,4485],[-2,-17],[-2,-9],[-5,-11],[-6,-1],[-5,-4],[-3,4],[-4,0],[-7,8],[-3,31],[-4,8],[-1,7],[-4,4],[-1,22],[-1,13],[2,7],[9,10],[-2,18],[-6,10],[3,3],[-2,9],[-6,-1],[-4,3],[-1,11],[-11,-3],[-8,7]],[[4912,4614],[-1,4],[-11,1],[-7,-3]],[[4893,4616],[-1,1]],[[4892,4617],[-3,6],[-5,-4],[-6,2],[-5,5],[-2,-6],[-5,1],[-2,7],[4,8],[-12,-2],[-6,-4],[-11,-3],[-4,-6],[-10,1],[-3,-4],[-17,-1],[1,-6],[-3,-3],[1,-5],[-6,-3],[1,-7],[-6,-2],[4,-6],[0,-8],[5,1],[5,4],[1,6],[10,6],[-2,-12],[-5,-7],[-4,-1],[-3,-5],[2,-10],[6,-2],[9,-8],[3,-5],[5,-3],[9,-1],[9,6],[8,1],[4,-4],[12,4],[10,9],[7,3],[1,5],[8,2],[5,9],[-2,14],[3,8],[6,1],[0,-9],[-3,-4],[3,-4],[-1,-7],[-8,-6],[-7,-10],[-7,-5],[-4,-6],[-4,-3],[-14,-3],[-15,-1],[-2,-4],[-6,0],[-18,2],[-4,-15],[-7,-2],[2,-12],[-2,-3],[4,-7],[-10,-5],[-3,4],[-2,19],[-8,9],[-8,14],[-1,9],[1,6],[-6,8],[3,8],[-3,7],[8,-1],[2,9],[0,15]],[[4789,4601],[0,10],[-3,9],[-5,1],[-5,7],[-9,2]],[[4767,4630],[-4,6],[-3,-4],[-5,1],[-2,5],[-8,-1]],[[4745,4637],[1,-8],[-6,-2],[-1,-4],[-6,-1],[-2,6],[-9,-2],[-16,7],[-2,-5],[-9,-3],[-5,2],[-1,-5],[-6,4],[-1,8],[-4,4],[-1,8],[1,6],[7,7]],[[4685,4659],[-2,10],[2,3]],[[4685,4672],[-3,3]],[[4682,4675],[-1,1]],[[4681,4676],[0,3],[-11,0],[-1,13],[5,3],[-1,8]],[[4673,4703],[13,-4],[1,3],[9,3],[5,3],[-9,9],[0,10]],[[4710,4698],[1,-4],[9,-3],[0,4],[-10,3]],[[4790,4599],[-1,2]],[[4789,4601],[1,-2]],[[4767,4630],[8,1],[9,-2],[-2,15],[-1,7],[-8,3],[-4,0],[-4,5],[-12,2],[0,-8],[8,1],[7,-8],[-3,-8],[2,-8]],[[4745,4637],[2,3],[-7,3],[0,-5],[5,-1]],[[4685,4659],[-1,-4],[8,-7],[1,-15],[8,-1],[3,4],[-1,7],[-7,2],[2,10],[3,5],[-8,2],[-3,-5],[-5,2]],[[4757,4670],[-14,8],[0,-7],[6,-2],[8,1]],[[4717,4664],[3,1],[6,-10]],[[4726,4655],[5,14],[-6,-2],[-4,1],[-8,-2]],[[4713,4666],[-9,3],[1,-11],[8,-5],[4,11]],[[4726,4642],[6,1],[0,7],[-6,5]],[[4726,4655],[-5,-3],[0,-6],[5,-4]],[[4766,4660],[4,-5],[4,2],[-2,5],[-6,-2]],[[4818,4644],[0,-6],[5,-7],[12,-3],[-3,11],[-4,1],[0,11],[-3,3],[-6,-4],[-1,-6]],[[4809,4631],[-3,3],[-3,12],[-3,-1],[0,-11],[9,-3]],[[4839,4638],[-3,12],[-4,-1],[0,-9],[7,-2]],[[4907,4647],[5,-4]],[[4912,4643],[0,7]],[[4912,4650],[-5,-3]],[[4817,4623],[-3,5],[-5,0],[0,-7],[8,2]],[[4923,4621],[10,-2],[0,-6],[5,2],[0,7],[-15,-1]],[[4892,4617],[1,-1]],[[4893,4616],[-1,1]],[[4884,4683],[2,-9],[-8,-2],[-2,4],[2,8],[6,-1]],[[4856,4677],[6,3],[1,5],[7,1],[1,-6],[-8,-3],[-7,0]],[[4871,4707],[-1,-6],[-3,-5]],[[4867,4696],[1,6]],[[4868,4702],[-3,5],[2,11],[6,2],[4,6],[3,-3]],[[4880,4723],[-4,-5],[-5,-11]],[[4853,4729],[1,-2]],[[4854,4727],[-1,2]],[[4654,6685],[-4,3],[3,5],[4,-2],[-3,-6]],[[4553,7813],[6,1],[6,-2],[5,-6],[-1,-4],[-11,1],[-7,6],[2,4]],[[4553,7813],[-8,1],[-1,12],[-10,3],[-9,-2],[-1,5],[10,3],[8,-2],[7,-6],[0,-8],[4,-6]],[[4558,7843],[7,2],[-2,-7],[-5,5]],[[4542,7840],[-2,-4],[-4,8],[7,0],[-1,-4]],[[4545,8001],[3,-4],[8,-3],[-2,-4],[-8,1],[-1,10]],[[4551,8048],[2,-4]],[[4553,8044],[-2,-5],[-4,-1],[1,8],[3,2]],[[4499,8108],[2,1]],[[4501,8109],[-2,-1]],[[4485,8176],[-1,-6],[-7,6],[3,3],[5,-3]],[[4511,8197],[2,5],[14,1],[4,3],[15,3],[1,-8],[-6,0],[-1,3],[-7,-2],[-14,-1],[-8,-4]],[[4514,8217],[-2,6],[8,-2],[-6,-4]],[[4474,8252],[0,-5],[-8,3],[3,6],[-2,7],[11,6],[6,-3],[9,1],[-1,-3],[-16,-1],[1,-6],[-3,-5]],[[4513,8274],[5,1]],[[4518,8275],[9,1],[-1,-3],[-7,-5],[5,-7],[4,0],[1,-12],[-9,-1],[-10,6],[1,6],[6,3],[-2,5],[-11,2],[-5,-6],[-1,10],[4,4],[7,-4],[4,0]],[[4518,8275],[-5,-1]],[[4513,8274],[0,10],[5,0],[0,-9]],[[4481,8386],[-2,-8]],[[4479,8378],[-1,3]],[[4478,8381],[3,5]],[[4481,8386],[-2,10],[5,-4],[-3,-6]],[[4451,8522],[0,14],[1,5]],[[4452,8541],[5,0],[-6,-19]],[[4467,8804],[2,-8],[0,-31],[-3,-8],[1,-14],[-2,-2],[-2,21],[4,6],[0,14],[0,22]],[[4414,9028],[3,-8],[1,-10],[-3,0],[-2,13],[1,5]],[[5205,2539],[-1,0]],[[5204,2539],[-4,-1],[-13,5],[-4,-7],[-4,5]],[[5179,2541],[1,1]],[[5180,2542],[6,3],[21,-1],[-2,-5]],[[5180,2542],[-1,-1]],[[5179,2541],[-2,4]],[[5177,2545],[3,-3]],[[5126,2553],[9,3],[5,-7],[9,6]],[[5149,2555],[-4,-6],[-6,-1],[-4,5],[-4,-4],[-5,4]],[[5149,2555],[4,3]],[[5153,2558],[-4,-3]],[[5162,2558],[-9,0]],[[5153,2558],[1,3],[8,-3]],[[5035,3710],[-5,-3],[-15,5],[-6,-2],[-4,3],[3,5],[5,2],[14,2],[0,-5]],[[5027,3717],[-1,-5],[3,-3],[6,1]],[[5052,3782],[3,10],[2,-20],[-5,2],[-15,-2],[-7,1],[-3,6],[-6,-1],[-1,-8],[10,-5],[7,4],[7,-2],[-2,-6],[-6,6],[-5,-5],[-3,3],[-6,0],[-7,7],[-1,9],[6,-2],[8,1],[5,-3],[11,2],[8,3]],[[4988,3824],[9,-7],[9,1],[2,-4],[7,-2],[0,-9]],[[5015,3803],[-7,3],[-10,6],[-1,4],[-6,1],[-3,7]],[[5061,3803],[-9,5],[-3,3]],[[5049,3811],[-1,6],[14,-4],[-1,-10]],[[5054,3843],[-3,9],[-4,3],[-3,11],[5,-1],[1,-6],[3,-2],[5,-8],[0,-10],[7,-10],[-10,4],[-1,10]],[[4912,4643],[-5,4]],[[4907,4647],[5,3]],[[4912,4650],[0,-7]],[[4925,4658],[-1,0]],[[4924,4658],[1,0]],[[4924,4658],[1,0]],[[4925,4658],[-1,0]],[[4916,4711],[1,1]],[[4917,4712],[6,-2],[-1,-6],[-7,0],[1,7]],[[4880,4723],[7,8],[7,1]],[[4894,4732],[3,-3],[7,3]],[[4904,4732],[10,-2],[-1,4],[9,1],[5,-7],[-2,-6]],[[4925,4722],[-7,-1],[2,-6],[-3,-3]],[[4917,4712],[-1,-1]],[[4916,4711],[-1,8],[-8,-3],[-8,10],[-7,-1],[0,-5],[7,-7],[6,1],[0,-7],[5,-2]],[[4910,4705],[-4,0],[-6,7],[-4,-1],[-8,11],[-8,1]],[[4889,4726],[5,6]],[[4894,4732],[-5,-6]],[[4809,6043],[-3,-1]],[[4806,6042],[3,1]],[[4795,6049],[0,7],[5,1],[0,-10],[-5,2]],[[4691,7187],[-3,4],[3,9],[3,14],[3,-6],[-3,-9],[-4,-4],[1,-8]],[[4662,7280],[2,6],[7,1],[5,-5],[1,-8],[9,2],[2,-4],[9,-4],[1,-6],[-3,-4],[5,-10],[3,-14],[-2,-5]],[[4701,7229],[-2,4],[-1,14],[-4,8],[1,9],[-9,8],[-6,-1],[-6,3],[0,9],[-8,3],[-4,-6]],[[4637,7345],[0,-8],[-4,-1],[1,-6],[5,1]],[[4639,7331],[-7,-7],[-4,-11],[2,-9],[0,-9],[-5,3],[0,11],[-6,7],[7,7],[4,9],[-1,8],[7,-1],[1,6]],[[4694,7340],[-6,5],[4,3],[3,-4],[-1,-4]],[[4675,7351],[-1,4],[8,2],[1,-4],[-8,-2]],[[4636,7981],[-2,-6],[0,-8],[-6,-5],[-6,0],[-8,3],[-6,9],[-1,4],[0,6]],[[4607,7984],[3,-7],[-2,-2],[7,-9],[13,-1],[5,5],[1,8],[2,3]],[[4607,7984],[-4,9]],[[4603,7993],[3,-1],[1,-8]],[[4603,7993],[-7,-1],[0,-7],[-3,-3],[-9,8],[-3,0]],[[4581,7990],[5,1],[7,-3],[3,5],[7,0]],[[4553,8044],[-2,4]],[[4551,8048],[10,4],[3,-3],[-1,-12],[-7,0],[-3,7]],[[4575,8218],[-8,-1],[-1,4],[5,4],[7,1],[3,-4],[-6,-4]],[[4583,8262],[1,1]],[[4584,8263],[5,-4],[1,-5],[6,-9],[-9,0],[-6,5],[-1,4],[3,8]],[[4584,8263],[-1,-1]],[[4583,8262],[1,1]],[[4549,8282],[-8,7],[6,2],[2,-9]],[[4544,8294],[-5,-1],[-5,-7],[-7,1],[0,9],[10,1],[7,-3]],[[4533,8536],[4,0],[1,-10],[-3,0],[-2,10]],[[4539,8553],[-4,-11],[-4,3],[5,8],[3,0]],[[4538,8731],[-1,-1]],[[4537,8730],[-3,-3]],[[4534,8727],[4,4]],[[4522,9028],[-2,-3]],[[4520,9025],[-1,0]],[[4519,9025],[-7,-2],[-2,8],[-3,6],[2,3],[7,0],[5,-7],[1,-5]],[[4480,9084],[-5,3],[-2,15],[3,6],[5,-10],[1,-9],[-2,-5]],[[5220,2533],[11,-11],[-5,-2],[-1,7],[-5,6]],[[5204,2539],[1,0]],[[5205,2539],[2,-2],[8,3],[5,-7]],[[5220,2533],[-6,5],[-8,-2],[-2,3]],[[5090,3776],[-1,5],[10,-1],[4,13],[4,4],[3,-15],[-3,-3],[-3,-13],[5,-45],[4,1]],[[5113,3722],[-2,-3],[-8,-1],[2,-7],[-2,-3],[-7,-7],[0,-5],[-8,-4],[3,-14],[-1,-7],[-1,-20],[2,-15],[-8,7],[4,5],[-2,7],[-2,23],[-6,6],[5,10],[6,2],[3,8],[6,1],[5,5],[-1,8],[5,3],[-3,11],[1,14],[-1,18],[-4,1],[0,6],[-4,4],[-5,1]],[[5143,3692],[-9,1],[-4,4],[-2,15],[6,-7],[1,-8],[6,-2],[2,-3]],[[5137,3750],[-4,0],[1,-9],[-6,3],[-2,6],[-5,0],[-4,-4],[-5,-1],[-4,5],[3,3],[11,0],[-8,18],[4,-1],[1,-5],[3,-2],[3,-7],[4,1],[8,-7]],[[5129,3799],[0,-3]],[[5129,3796],[-1,-5],[-7,-3],[-1,6],[9,5]],[[5106,3883],[-5,8],[-2,0],[-1,14],[6,-14],[6,-3],[-4,-5]],[[5102,3921],[1,-10],[-5,0],[-2,-6],[-6,-4],[0,-6],[-4,-1],[0,8],[-1,8],[5,9],[12,2]],[[5106,3926],[0,-1]],[[5106,3925],[0,1]],[[5055,4134],[1,-7],[-6,-1],[0,-6],[-9,-2],[-3,13],[-1,11],[10,3],[4,-1],[4,-10]],[[5039,4466],[2,3]],[[5041,4469],[-2,-3]],[[5040,4469],[-1,-3]],[[5039,4466],[1,3]],[[5041,4469],[-1,0]],[[5040,4469],[1,0]],[[5033,4567],[-4,11],[-11,-6],[-1,5],[15,3],[3,-8],[10,-1],[-4,-5],[-8,1]],[[5024,4687],[-1,4]],[[5023,4691],[1,-4]],[[4992,4709],[-1,-3]],[[4991,4706],[1,3]],[[4916,5723],[-4,3],[-1,7],[4,1],[1,-11]],[[4885,6006],[-3,12],[-10,5]],[[4872,6023],[7,-1],[8,-8],[-2,-8]],[[4872,6023],[-2,6]],[[4870,6029],[2,-6]],[[4861,6029],[1,-1]],[[4862,6028],[-1,1]],[[4804,6019],[1,15],[4,9]],[[4809,6043],[6,3],[1,6],[-5,5]],[[4811,6057],[4,13],[6,9],[6,7],[6,10],[17,11],[-2,18],[-3,-1],[0,9]],[[4845,6133],[1,10],[-3,6],[9,11],[5,1],[4,6],[0,6],[4,0],[3,8],[7,1],[1,4],[-3,7]],[[4873,6193],[-1,7],[4,7],[4,3]],[[4880,6210],[-3,6],[1,4],[6,-4],[0,-7],[-5,-2],[2,-24],[-13,-6],[0,-7],[-7,-13],[-6,-1],[-3,-12],[1,-8],[-3,-10],[3,-1],[1,-8],[-2,-2]],[[4852,6115],[-1,-18],[-6,1],[-9,-12],[-2,-6],[0,-8],[6,-4],[5,-9],[5,2],[6,-1],[10,-14],[-4,-3],[8,-14]],[[4870,6029],[-8,-1]],[[4862,6028],[-1,1]],[[4861,6029],[-9,7],[-1,8],[-2,4]],[[4849,6048],[-9,7],[-4,0],[-3,-8],[-9,-3],[-5,-6],[-6,0],[-5,-5],[0,-5],[-4,-9]],[[4878,6191],[-5,2]],[[4873,6193],[5,-2]],[[4849,6048],[12,-7],[-1,5],[-5,3],[-6,-1]],[[4864,6127],[1,-8],[8,3],[-1,-9],[-10,1],[-4,-5],[0,15],[-6,6],[7,1],[5,-4]],[[4753,7114],[0,1]],[[4753,7115],[1,3]],[[4754,7118],[-1,-4]],[[4736,7114],[3,4],[-2,8],[4,2],[3,-6],[-1,-9],[-7,1]],[[4744,7140],[4,-4],[3,-16],[3,-2]],[[4754,7118],[-1,-3]],[[4753,7115],[0,-1]],[[4753,7114],[-7,-2],[-1,12],[1,10],[-2,6]],[[4738,7163],[2,-10],[4,-4]],[[4744,7149],[-5,5],[-1,9]],[[4709,7211],[1,-1]],[[4710,7210],[-1,1]],[[4701,7229],[5,-2],[0,-7],[7,2],[4,-5],[-2,-6],[-5,-1]],[[4710,7210],[-1,1]],[[4709,7211],[-7,3],[-1,6],[3,3],[-3,6]],[[4700,7297],[2,-1]],[[4702,7296],[-2,1]],[[4694,7340],[1,-2],[8,1],[1,-10],[-1,-8],[11,-9],[0,-6],[5,0],[3,-9],[-3,-7]],[[4719,7290],[-1,7],[-4,2],[-12,-3]],[[4702,7296],[-2,1]],[[4700,7297],[-7,6],[-4,1],[-1,6],[2,7]],[[4690,7317],[0,-9],[7,4],[-2,22],[-1,6]],[[4685,7550],[-2,-4]],[[4683,7546],[2,4]],[[4670,7735],[-1,-1]],[[4669,7734],[1,1]],[[4703,7819],[-2,-2]],[[4701,7817],[2,2]],[[4649,7824],[4,11],[3,-7],[-7,-4]],[[4639,7853],[0,6],[8,-1],[1,3],[8,-1]],[[4656,7860],[-9,-10],[-3,6],[-5,-3]],[[4657,7920],[9,-10],[-4,-7],[5,-11],[-6,1],[1,-9],[-4,-3]],[[4658,7881],[2,6],[0,7],[-2,8],[2,7],[-6,5],[3,6]],[[4636,7981],[6,8],[3,9],[6,1],[5,-3],[11,2]],[[4667,7998],[-1,-3],[-14,-2],[-6,3],[-5,-12],[-5,-3]],[[4671,7998],[6,3]],[[4677,8001],[-6,-3]],[[4671,7998],[-4,0]],[[4667,7998],[4,0]],[[4666,8010],[-5,5],[7,5],[7,1],[3,-8],[-1,-6],[-11,3]],[[4668,8039],[-5,7],[0,6],[6,0],[4,-8],[1,-6],[-6,1]],[[4661,8064],[2,3],[-5,6]],[[4658,8073],[6,2],[2,-10],[-5,-1]],[[4617,8104],[4,-4],[5,0],[11,6],[-1,-6],[8,0],[3,-4]],[[4647,8096],[1,-5],[7,1],[2,-5],[-4,-5],[5,-9]],[[4658,8073],[-6,5],[0,7]],[[4652,8085],[-7,-2],[-1,3],[-9,0],[-3,5],[-9,2],[-4,5],[-8,-1],[1,-6],[-4,-2],[-4,14]],[[4604,8103],[8,-4],[-5,16],[4,-1],[6,-5],[0,-5]],[[4647,8096],[-5,2],[-2,-3],[2,-7],[5,1],[0,7]],[[4622,8135],[-5,13],[-10,8],[-4,-5]],[[4603,8151],[0,6],[9,1],[4,-9],[4,-1],[0,-6],[7,1],[6,-4],[3,0],[5,-4],[14,3],[1,-4]],[[4656,8134],[-7,2],[-4,-5],[-3,3],[-7,-2],[-6,1],[-1,4],[-6,-2]],[[4669,8184],[-1,-1]],[[4668,8183],[1,1]],[[4660,8246],[-7,-5]],[[4653,8241],[1,5],[6,0]],[[4602,8255],[4,2]],[[4606,8257],[2,-5],[-1,-10],[-5,0],[0,13]],[[4641,8323],[7,-1],[1,-5],[-8,-1],[-4,5],[-6,1],[3,6],[7,-5]],[[4625,8329],[-4,3],[-4,7],[4,2],[6,-5],[-2,-7]],[[4609,8343],[7,3],[0,-6],[-4,-4],[-3,7]],[[4649,8370],[-1,2],[-8,1],[-4,7],[-22,-3],[-3,-4],[-1,-8],[-7,-6],[-5,0],[-9,-10],[0,-4],[-24,-5],[-5,-4],[-2,6],[-4,3],[-7,-2],[-1,3],[11,2],[4,6],[3,0]],[[4564,8354],[-5,-9],[1,-6],[6,5],[10,0],[5,2],[10,11],[5,0],[3,5],[6,0],[3,4],[1,12],[8,4],[12,1],[8,10],[8,1],[6,4],[0,7],[-6,3],[1,7],[11,15],[7,2],[1,5],[11,1],[4,-3]],[[4680,8435],[7,-2],[11,3],[2,-11],[-8,-5],[1,-6]],[[4693,8414],[-4,-5],[-2,7],[-4,-3],[1,-10],[-2,-10],[-11,-4],[-2,-8],[1,-7],[-3,-4],[-7,-2],[-4,7],[-6,-1],[-1,-4]],[[4652,8411],[1,-2]],[[4653,8409],[3,-12],[-2,-12],[3,-4]],[[4657,8381],[5,-4],[2,1]],[[4664,8378],[0,4]],[[4664,8382],[5,0],[-2,13],[7,-2],[7,14],[0,6],[3,11],[-3,1],[-7,0],[-10,2],[0,-4],[-10,-1],[-5,-10],[3,-1]],[[4640,8382],[10,5],[-1,5],[-6,-3],[-7,-1],[-1,-5],[5,-1]],[[4612,8639],[-4,0]],[[4608,8639],[4,0]],[[4578,8925],[4,-14],[12,-2],[1,-7],[3,-4],[1,-10],[-3,-3],[0,-10],[-6,-3],[-1,10],[4,3],[-1,16],[-3,4],[-4,-1],[-8,5],[0,15],[1,1]],[[4561,8929],[-2,4],[-9,-1],[-10,2],[-2,6],[8,9],[-1,10],[6,2],[4,13],[10,2],[-1,10]],[[4564,8986],[3,-14],[-9,-2],[-2,-3],[1,-9],[-10,-1],[0,-12],[-5,-3],[3,-7],[14,2],[5,-4],[-3,-4]],[[4566,8994],[2,-4],[-4,-4]],[[4564,8986],[2,8]],[[4519,9025],[1,0]],[[4520,9025],[2,-5],[2,-11],[0,-8],[9,0],[-4,-8],[8,0],[2,-14],[-5,-1],[-2,7],[-6,-2],[-4,10],[-4,4],[-3,16],[4,1],[0,11]],[[4584,9086],[-3,-6],[-8,-2],[-3,-5],[1,-4],[5,-3],[-1,-6],[-4,-4],[-3,3],[-5,0],[-3,-10],[5,-8],[5,-19],[-5,1],[-2,13],[-5,9],[3,16],[12,0],[0,5],[-4,3],[-1,5],[4,5],[10,3],[2,4]],[[5268,2536],[3,7]],[[5271,2543],[-3,-7]],[[5262,2546],[9,-3]],[[5271,2543],[-9,3]],[[5290,2550],[1,6]],[[5291,2556],[-1,-6]],[[5303,2591],[-5,-3],[2,-8]],[[5300,2580],[-6,0],[3,9],[6,2]],[[5231,3050],[0,-1]],[[5231,3049],[2,-9],[-4,-4],[-6,5],[8,9]],[[5231,3050],[0,-1]],[[5231,3049],[0,1]],[[5138,3676],[7,-1],[11,0],[-1,-8],[-11,2],[-1,3],[-18,-1],[-2,20],[-3,0],[-6,11],[12,0],[4,-7],[3,-15],[5,-4]],[[5154,3702],[6,0],[0,-11],[-4,-4],[0,9],[-5,0],[-10,2],[0,2],[13,2]],[[5145,3712],[5,1],[0,-6],[-4,-2],[-6,2],[-1,6],[6,-1]],[[5144,3746],[0,2]],[[5144,3748],[4,1],[2,-6],[5,1],[5,-5]],[[5160,3739],[-11,3],[-5,4]],[[5137,3750],[7,-2]],[[5144,3748],[0,-2]],[[5144,3746],[-7,4]],[[5137,3808],[0,-9],[-8,0]],[[5129,3799],[6,3],[2,6]],[[5141,3806],[-4,2]],[[5137,3808],[1,5],[-4,4],[-1,11],[-4,7]],[[5129,3835],[6,-7],[1,-11],[5,-11]],[[5136,3839],[1,0]],[[5137,3839],[-1,0]],[[5137,3839],[-1,0]],[[5136,3839],[1,0]],[[5132,3898],[3,-3],[-2,-18]],[[5133,3877],[0,-9],[-8,-2],[3,-19],[4,-8],[-3,-4]],[[5129,3835],[-1,10],[-2,1],[-2,21],[7,3],[-2,12],[4,3],[-1,13]],[[5122,3907],[-3,0],[-2,16],[5,-3],[3,-8],[-3,-5]],[[5106,3925],[0,1]],[[5106,3926],[-5,8],[11,1],[5,6],[7,6]],[[5124,3947],[0,-20],[-4,4]],[[5120,3931],[-6,-5],[-8,-1]],[[5128,3957],[-4,-1],[0,-9]],[[5124,3947],[-2,9],[6,1]],[[5128,3957],[3,5]],[[5131,3962],[0,2]],[[5131,3964],[-1,4]],[[5130,3968],[7,3]],[[5137,3971],[1,-5],[-10,-9]],[[5131,3964],[0,-2]],[[5131,3962],[0,2]],[[5132,3992],[4,1]],[[5136,3993],[0,-10],[-3,0],[-1,9]],[[5136,3993],[-4,-1]],[[5132,3992],[4,1]],[[5094,4315],[-5,9],[-8,0],[-1,5],[2,11],[4,3],[6,-11],[3,-2],[1,-10],[-2,-5]],[[5062,4419],[3,3],[-3,7],[5,5],[11,-9],[-1,-6],[-10,-1],[-4,-8],[4,-2],[6,9],[5,-4],[0,-11],[8,-3],[2,-21],[-3,1],[-4,-5],[-8,-2],[-4,6],[-4,1],[0,-12],[-6,0],[-3,6],[5,4],[2,8],[-7,2],[-2,15],[-1,5],[5,3],[4,9]],[[5061,4458],[1,-4],[-10,-4]],[[5052,4450],[6,3],[3,5]],[[5093,4523],[-7,4],[0,4],[9,2],[-2,-10]],[[5046,4538],[4,-3],[0,-5],[-5,0],[1,8]],[[5040,4686],[4,-5]],[[5044,4681],[-3,1]],[[5041,4682],[-1,4]],[[5040,4686],[-2,3]],[[5038,4689],[2,-3]],[[4977,5614],[-4,-3]],[[4973,5611],[4,3]],[[4915,5830],[-3,6]],[[4912,5836],[5,0],[-2,-6]],[[4899,6244],[-1,14],[-2,2],[1,8]],[[4897,6268],[2,-2],[0,-22]],[[4905,6295],[-1,-2]],[[4904,6293],[-10,3],[0,-12],[5,-4]],[[4899,6280],[-4,-5],[-3,10],[-6,5]],[[4886,6290],[4,2],[3,7],[-4,4],[2,6],[-8,-1],[-4,11],[2,8],[6,5],[1,11],[4,4],[-3,7],[4,10]],[[4893,6364],[0,-5]],[[4893,6359],[-1,-2],[0,-11],[-3,-5],[1,-7],[-3,-6],[0,-8],[3,-8],[4,-4],[0,-5],[11,-8]],[[4848,6584],[6,-7],[2,-6],[4,-1],[3,-7],[-4,-1],[-13,15],[2,7]],[[4834,6592],[6,-1],[-2,-8],[-5,1],[1,8]],[[4850,6603],[-3,-1],[1,-18]],[[4848,6584],[-4,13],[3,13]],[[4847,6610],[3,-7]],[[4847,6610],[-3,17],[-6,6],[-6,4]],[[4832,6637],[4,1],[7,-6],[6,-1],[5,3],[-5,6],[-1,5],[6,11]],[[4854,6656],[0,-8],[-5,-4],[6,-7],[1,-4],[-9,-5],[2,-12],[-2,-6]],[[4832,6637],[-5,4],[-1,14]],[[4826,6655],[2,-4],[1,-9],[3,-5]],[[4854,6656],[-1,10],[5,-2],[2,-7],[-6,-1]],[[4822,6681],[0,-6]],[[4822,6675],[0,6]],[[4849,6789],[7,1],[1,10],[3,3],[3,8]],[[4863,6811],[2,-12],[-7,0],[0,-8],[-4,-4],[-2,-15],[-6,-10],[5,-9]],[[4851,6753],[-8,5],[-3,-5]],[[4840,6753],[4,-8],[9,-10],[-9,-9],[0,-21],[4,-5],[0,-13],[5,2],[5,-2],[0,-7],[-6,3],[-5,-6],[-6,0],[2,7],[-1,13]],[[4842,6697],[-2,7],[-7,-1],[-1,-6]],[[4832,6697],[-1,8],[10,12],[-2,10],[5,1],[0,8],[-3,1],[-3,11],[0,10],[5,9],[4,3],[4,8],[0,9],[-2,2]],[[4849,6789],[-6,0],[-1,13],[-3,2],[-1,17],[2,0],[1,-17],[7,-6],[1,-9]],[[4820,6840],[1,-3]],[[4821,6837],[6,-2]],[[4827,6835],[-3,-4]],[[4824,6831],[-5,-2],[1,11]],[[4821,6837],[-1,3]],[[4820,6840],[0,2]],[[4820,6842],[1,-5]],[[4836,6872],[1,-13],[-3,-5],[0,-10],[9,-11],[0,-4],[8,-4],[-1,-8],[-3,0],[-2,10],[-9,7],[-1,5],[-8,0],[-1,5],[6,6],[2,12],[-1,9],[3,1]],[[4816,6873],[7,-16],[-6,0],[3,-15]],[[4820,6842],[-4,-3],[-2,17],[2,5],[0,12]],[[4846,6907],[-7,0],[1,-8],[-5,2],[-3,6],[8,1],[0,8],[7,4]],[[4847,6920],[-2,-9],[1,-4]],[[4829,6953],[-1,0]],[[4828,6953],[1,0]],[[4829,6953],[-1,0]],[[4828,6953],[1,0]],[[4797,6972],[-2,-4],[-5,0]],[[4790,6968],[7,4]],[[4797,6972],[4,6],[4,0]],[[4805,6978],[-8,-6]],[[4824,6986],[2,0]],[[4826,6986],[-2,0]],[[4821,6973],[-8,3],[-1,14]],[[4812,6990],[7,1]],[[4819,6991],[2,-1]],[[4821,6990],[-1,-3]],[[4820,6987],[1,-14]],[[4824,6986],[-4,1]],[[4820,6987],[1,3]],[[4821,6990],[-2,1]],[[4819,6991],[5,8]],[[4824,6999],[2,-9],[-2,-4]],[[4822,7010],[4,3],[0,-10],[-4,1],[0,6]],[[4812,7047],[2,-3],[-1,-8]],[[4813,7036],[7,-11]],[[4820,7025],[0,-3]],[[4820,7022],[0,-4]],[[4820,7018],[2,-8]],[[4822,7010],[-4,-4],[1,-6],[-7,-5],[0,-5]],[[4812,6990],[-2,5],[7,5],[-1,11],[-2,10],[1,8],[-6,-1],[-2,8],[5,11]],[[4820,7022],[0,-4]],[[4820,7018],[0,4]],[[4812,7047],[-2,10],[0,8]],[[4810,7065],[6,-1],[2,-3],[1,-8],[-6,3],[-1,-9]],[[4812,7078],[4,1]],[[4816,7079],[1,-1]],[[4817,7078],[-1,-3]],[[4816,7075],[-4,3]],[[4804,7273],[-9,1],[3,6],[9,-1],[-3,-6]],[[4756,7309],[-1,5]],[[4755,7314],[1,-5]],[[4760,7496],[0,8],[5,1],[3,-5],[-2,-4],[-6,0]],[[4766,7513],[-2,-7],[-4,0],[1,8],[5,-1]],[[4696,8043],[9,-7],[3,4],[-1,7],[8,2],[0,-8],[-6,-4],[-3,-3],[-2,2],[-4,0],[-4,7]],[[4679,8061],[2,0]],[[4681,8061],[-2,0]],[[4700,8068],[-1,-3]],[[4699,8065],[-6,-1],[-4,-8],[-8,5]],[[4681,8061],[-2,0]],[[4679,8061],[-3,2],[-8,-5],[-6,2],[-1,4]],[[4661,8064],[2,-3],[7,1],[6,3],[2,4],[7,-1],[1,4],[8,1],[6,-5]],[[4703,8103],[-4,6],[-3,8],[-10,4],[-4,11],[-11,-2],[-6,2],[-7,-1],[-2,3]],[[4656,8134],[7,-1],[2,6],[6,-3],[11,4],[1,-8],[4,-4],[7,-3],[2,-6],[7,-10],[0,-6]],[[4668,8183],[1,1]],[[4669,8184],[-1,-1]],[[4659,8223],[7,0],[4,-4],[8,1],[3,4],[16,3],[0,-2],[-14,-3],[-3,-4],[-11,-1],[-5,1],[-5,5]],[[4653,8409],[-1,2]],[[4652,8411],[1,-2]],[[4612,8639],[3,3],[8,1],[7,4],[1,7],[8,3],[2,-14],[5,5]],[[4646,8648],[2,2]],[[4648,8650],[0,-6],[-8,-5],[-5,1],[-5,-5],[-11,0],[-2,5],[-5,-1]],[[4648,8650],[2,4],[-1,10],[6,1],[0,-6],[-4,-8],[-3,-1]],[[4614,8693],[3,-7],[-4,-2],[1,9]],[[4624,8882],[-7,-4],[-1,5],[7,2],[1,-3]],[[4633,8919],[-2,-3],[1,-12],[3,-3],[-2,-6]],[[4633,8895],[0,6],[-5,14],[5,4]],[[5417,1616],[-2,3]],[[5415,1619],[2,-3]],[[5194,3637],[1,2]],[[5195,3639],[2,3]],[[5197,3642],[-3,-5]],[[5194,3637],[3,5]],[[5197,3642],[-2,-3]],[[5195,3639],[-1,-2]],[[5220,3707],[-7,-2],[-3,2],[0,6],[5,5],[6,-3],[-1,-8]],[[5174,3824],[-2,5],[9,1],[-1,-5],[-6,-1]],[[5189,3837],[6,1],[3,-6],[-5,-4],[-4,9]],[[5171,3861],[-3,3],[-1,10],[5,1],[1,-9],[-2,-5]],[[5188,3878],[5,6],[-1,21],[7,2],[1,-6],[-4,-6],[9,1],[2,-5],[-1,-7],[5,-4],[-7,-4],[-1,-3],[-7,-1],[-5,-3],[0,-10],[-3,-7],[-4,5],[6,5],[-1,5],[-3,2],[2,9]],[[5180,3884],[-3,8],[5,1],[5,-6],[-7,-3]],[[5177,3903],[-7,1],[11,10],[-4,-11]],[[5189,3921],[1,-8],[-2,-6],[3,-4],[-3,-7],[-6,6],[3,8],[-1,9],[5,2]],[[5180,3935],[4,-3],[3,-6],[-7,-4],[-2,9],[2,4]],[[5160,4033],[3,-1]],[[5163,4032],[-3,1]],[[5145,4072],[-1,-1]],[[5144,4071],[1,1]],[[5151,4081],[1,-6],[-5,-2],[-1,6],[5,2]],[[5141,4069],[-3,3],[3,10]],[[5141,4082],[5,2],[-1,-12]],[[5145,4072],[-1,-1]],[[5144,4071],[-3,-2]],[[5119,4466],[1,-3],[12,5],[1,4],[11,5],[7,-11],[5,4],[4,-4],[6,1],[3,-3],[10,2],[0,-5],[4,-5],[5,0],[2,-8],[-7,-1],[0,7],[-7,-4]],[[5176,4450],[-2,6],[-13,-3]],[[5161,4453],[-4,-3],[-6,4],[-5,0],[-1,15],[-3,2],[-8,-2],[1,-6],[-15,-8],[-7,9],[-3,0],[-2,-7],[3,-12]],[[5111,4445],[-4,7],[-10,-5],[-6,-1],[-3,4],[-5,1],[3,11],[0,4],[10,1],[12,2],[0,5],[4,3],[7,-11]],[[5157,4456],[4,-3]],[[5161,4453],[-4,3]],[[5113,4486],[7,2],[2,-5],[-3,-4],[-7,1],[1,6]],[[5133,4503],[-7,-1],[0,6],[7,-5]],[[5093,4523],[4,0],[2,-8],[-7,0],[1,8]],[[5126,4529],[0,1]],[[5126,4530],[0,-1]],[[5124,4534],[2,-4]],[[5126,4530],[0,-1]],[[5126,4529],[-9,1],[-4,10],[3,5],[5,-2],[3,-9]],[[5110,4530],[-3,0],[-3,11],[7,-4],[-1,-7]],[[5093,4552],[-8,6],[1,10],[3,0],[4,-16]],[[5090,4567],[1,6],[5,-2],[1,-9],[-7,5]],[[5113,4586],[0,-6],[-12,9],[9,0],[3,-3]],[[4995,4703],[-3,6]],[[4992,4709],[7,2],[9,7],[4,-8],[-8,-4],[-2,-5],[4,-3],[16,-1]],[[5022,4697],[8,1],[2,-9],[6,0]],[[5038,4689],[3,-7]],[[5041,4682],[3,-1]],[[5044,4681],[8,4],[2,-6]],[[5054,4679],[4,1]],[[5058,4680],[4,-4],[8,2],[3,-9],[3,-3],[1,-14],[9,-1],[6,7],[3,-3],[5,0],[3,4],[5,-6]],[[5108,4653],[3,0]],[[5111,4653],[8,6],[-1,6]],[[5118,4665],[4,-3],[9,2]],[[5131,4664],[3,-5],[5,1],[1,4]],[[5140,4664],[3,-2],[16,4],[5,-3],[5,1],[4,10],[8,1]],[[5181,4675],[4,-2],[4,-8],[-1,-5],[9,3],[4,-6],[1,-7],[5,0],[5,-2],[3,7],[7,-5],[0,-6],[-5,-1],[-3,4],[-4,-3],[4,-5],[-4,-4],[1,-10],[-7,-7],[-6,-1],[-4,-9],[5,-4],[4,0],[3,-7],[-6,-1],[-10,-12],[-6,5],[-7,-3],[-1,-11],[-8,1],[5,7],[-3,7],[-5,-1],[-2,5],[-7,-2]],[[5156,4592],[9,4],[-2,8],[1,6],[-8,8],[-2,-8],[3,-8],[-8,-4],[-4,-4],[-7,-1],[2,-12],[5,-4],[4,0],[3,-5],[7,1],[1,-9],[4,-20],[4,0],[6,-5],[0,-4],[16,4],[1,-14],[-8,-1],[-4,3],[-3,-4],[2,-7]],[[5178,4516],[-4,0],[-5,5],[-1,5],[-10,14],[-7,-2],[-5,4]],[[5146,4542],[0,1]],[[5146,4543],[8,-2],[-1,11],[-12,14],[-14,7],[-3,7],[-9,3],[-2,3]],[[5113,4586],[-7,10],[-1,4],[6,7],[-2,4],[-7,-1],[-7,10],[-8,0]],[[5087,4620],[-1,15],[-8,0],[-1,-8],[-6,-1],[-3,4],[6,8]],[[5074,4638],[0,3],[-8,3],[-17,11],[-8,2],[-6,6],[-18,-3],[-2,-3],[-12,3],[-3,-8],[-4,-1],[-10,3],[-6,9]],[[4980,4663],[-10,-2],[-5,2],[-8,-7],[-7,-2],[-3,7],[1,4]],[[4948,4665],[1,5]],[[4949,4670],[-1,8],[8,1],[0,-5],[10,2],[-16,10],[-4,1]],[[4946,4687],[-2,0],[-2,11],[-5,-1],[-5,5]],[[4932,4702],[-1,-6]],[[4931,4696],[3,-12],[4,1],[1,-7],[-5,-1],[-6,14],[-3,3],[1,17],[7,4],[6,-2],[5,0],[6,-6],[-6,-2],[0,-9],[4,2],[4,-6],[9,9],[16,0],[4,-4],[10,-1],[4,7]],[[5024,4687],[-1,4]],[[5023,4691],[-1,6]],[[5022,4697],[-3,-3],[1,-9],[4,2]],[[5108,4653],[-6,4],[-1,-6],[4,-2],[3,4]],[[5118,4649],[1,-4]],[[5119,4645],[2,1]],[[5121,4646],[0,1]],[[5121,4647],[1,7],[6,1],[-2,5],[-5,-5],[-10,-2]],[[5111,4653],[7,-4]],[[5121,4646],[2,-6],[-7,-4],[-7,0],[0,-7],[4,-1],[1,-10],[14,4],[7,-8],[1,-9],[3,-6],[6,1],[4,5],[3,13],[-3,7],[-5,-3],[-5,2],[-1,5],[3,6],[-1,7],[-8,-3],[-7,7],[-4,0]],[[5181,4675],[-6,-6],[2,-4],[7,3],[-3,7]],[[5064,4653],[6,-3],[0,-4],[11,-7],[7,2],[0,6],[-6,1],[-2,-2],[-7,7],[-1,9],[-4,3],[-5,-2],[1,-10]],[[5174,4663],[-3,0],[2,-9],[5,-1],[-2,9],[-2,1]],[[5137,4645],[-3,7],[-5,-8],[8,1]],[[5160,4628],[0,5],[6,1],[-2,6],[-7,-1],[-6,5]],[[5151,4644],[3,-3],[-2,-7],[4,-1],[4,-5]],[[5175,4602],[2,-1]],[[5177,4601],[1,-1]],[[5178,4600],[1,0]],[[5179,4600],[8,1],[4,11],[8,11],[-4,5],[5,6],[-1,8],[-7,7],[-4,-6],[-6,2],[-8,-3],[-1,-2]],[[5173,4640],[1,-2]],[[5174,4638],[3,-3],[-1,-8],[-6,2],[-10,-1]],[[5160,4628],[6,-8],[0,-3],[7,-4],[2,-11]],[[5128,4605],[1,-8],[4,1],[-1,10],[-4,6],[-8,-1],[4,-7],[-9,-4],[-2,-4],[6,-5],[9,0],[-5,6],[5,6]],[[4948,5931],[4,-1],[2,-11],[4,-3],[6,0],[5,-2],[11,-1]],[[4980,5913],[4,-12],[4,-1]],[[4988,5900],[0,-2],[9,-5],[1,3],[8,1],[2,7],[5,-1],[0,-4]],[[5013,5899],[-5,0],[-2,-5],[2,-6]],[[5008,5888],[-6,5],[-11,-4],[-3,8],[-5,0],[-2,6],[-11,9],[-9,-1],[-4,2],[-7,9],[-2,9]],[[4942,5965],[5,1],[0,-8],[-4,1],[-1,6]],[[4953,6109],[0,2]],[[4953,6111],[0,-2]],[[4905,6295],[-1,-2]],[[4904,6293],[1,2]],[[4902,6307],[4,5],[6,-8],[-7,-1],[-3,4]],[[4921,6406],[6,-3]],[[4927,6403],[2,-9],[-2,-6]],[[4927,6388],[-2,6],[-6,2],[-9,-3],[-2,11],[3,4],[6,1],[4,-3]],[[4927,6403],[-5,-7],[5,-1],[0,8]],[[4924,6412],[-3,-6]],[[4921,6406],[3,6]],[[4924,6412],[4,4]],[[4928,6416],[-4,-4]],[[4895,6427],[-3,3]],[[4892,6430],[3,-3]],[[4889,6433],[3,-3]],[[4892,6430],[-3,3]],[[4882,6508],[-3,-9],[0,-10],[4,1]],[[4883,6490],[9,-8],[-1,-6],[5,1],[3,-3],[2,-21],[-1,-2],[9,-25],[0,-7],[-6,5],[-11,-6],[9,-4],[1,-13],[-8,-2],[1,-11],[5,-8],[1,-8],[-3,-5],[0,-6],[-5,-2]],[[4893,6359],[0,5]],[[4893,6364],[5,6],[1,7],[-4,5],[-6,-1],[3,7],[0,15]],[[4892,6403],[4,-1],[1,9],[-7,2],[-1,6],[6,8]],[[4895,6427],[6,7],[-5,3],[2,7],[-2,13],[-3,4],[-3,15],[-2,0]],[[4888,6476],[-3,-5],[0,-5],[-5,-4],[-2,6],[-8,4],[3,7],[4,2],[-1,9],[-4,5],[-1,6],[-4,1],[4,7],[11,-1]],[[4893,6512],[-6,6],[2,10],[4,-16]],[[4883,6490],[4,4],[-3,5],[-2,9]],[[4882,6508],[-6,10],[-7,4],[0,7],[-3,0],[-3,15],[6,0],[3,-15],[5,-2],[2,-5],[6,-3],[8,-17],[-4,-2],[2,-8],[-8,-2]],[[4863,6811],[-3,12],[2,8],[4,0],[-4,-9],[1,-11]],[[4846,6907],[5,-1]],[[4851,6906],[-5,1]],[[4847,6920],[-3,7],[5,0],[-2,-7]],[[4823,7076],[3,5],[4,-5],[-1,-8],[-4,2],[-2,6]],[[4817,7176],[0,-2]],[[4817,7174],[-1,-1]],[[4816,7173],[1,3]],[[4794,7692],[4,2],[-1,-16],[-7,0],[-1,3],[5,11]],[[4727,8140],[7,-1],[2,-8],[-7,-2],[-2,11]],[[4716,8239],[8,1],[2,-2]],[[4726,8238],[-10,1]],[[4726,8238],[8,1],[2,5],[10,-1]],[[4746,8243],[-6,1],[-5,-6],[-6,-2],[-3,2]],[[4716,8239],[-8,-1],[-2,2]],[[4706,8240],[10,-1]],[[4783,8470],[-3,-7],[3,-2],[3,-6],[0,-8],[-10,1],[0,-4],[-6,-1],[1,-9],[-10,0],[-4,-3],[-2,8],[-10,1],[0,-12],[-3,-6],[-11,-6],[0,-8],[-4,-10],[-5,1],[0,-6],[-7,-10],[3,-4],[1,-10],[-7,-6],[3,-6],[0,-8],[-5,-14],[-6,0],[-8,-12],[-9,6],[2,-19],[-5,-1],[1,-21],[-4,-5],[-7,-2],[1,-4],[-3,-12],[0,-10],[-8,-4],[-4,-5]],[[4660,8246],[1,9],[7,3],[2,7],[-2,9],[5,6],[-1,9],[11,4],[-1,13],[4,9],[-1,15],[7,6],[9,0],[7,11],[-1,13],[2,4],[5,1],[-3,16],[4,4],[-2,11],[1,4],[6,-5]],[[4720,8395],[0,5],[5,11],[-3,18],[3,-2],[7,-10],[6,12],[-1,8],[5,0],[0,8],[10,-1],[5,-4],[3,4],[8,0],[0,4],[8,7],[-2,12],[2,2],[1,11],[2,9],[6,0],[-3,-8],[4,-2],[-3,-9]],[[4699,8468],[-3,-6],[-11,2],[-3,7],[7,0],[5,-8],[5,5]],[[4699,8468],[2,9]],[[4701,8477],[-2,-9]],[[4703,8484],[-2,-7]],[[4701,8477],[2,7]],[[4665,8691],[4,3],[11,-1],[-11,-12],[-2,-6],[-6,1],[-2,9],[6,6]],[[4641,8923],[-8,-4]],[[4633,8919],[1,2],[7,2]],[[4646,8923],[-5,0]],[[4641,8923],[5,0]],[[4667,8934],[3,5]],[[4670,8939],[-3,-5]],[[5487,1566],[2,-13],[-6,0],[0,7],[4,6]],[[5476,1576],[1,-1]],[[5477,1575],[-1,1]],[[5477,1575],[-1,1]],[[5476,1576],[4,13],[3,-11],[-6,-3]],[[5358,2575],[7,1],[6,-2],[4,1],[-1,6],[6,0]],[[5380,2581],[-3,-4],[1,-7],[-6,-1],[-2,3],[-12,3]],[[5352,2575],[2,0]],[[5354,2575],[-2,0]],[[5384,2576],[-4,5]],[[5380,2581],[4,-5]],[[5358,2575],[-4,0]],[[5354,2575],[-2,0]],[[5352,2575],[-1,2]],[[5351,2577],[0,1]],[[5351,2578],[7,-3]],[[5351,2578],[0,-1]],[[5351,2577],[-2,10]],[[5349,2587],[2,-9]],[[5272,3545],[1,0]],[[5273,3545],[2,-1]],[[5275,3544],[-3,1]],[[5273,3545],[-1,0]],[[5272,3545],[3,-1]],[[5275,3544],[-2,1]],[[5235,3702],[7,-11],[-9,0],[-9,5],[-2,7],[13,-1]],[[5220,3884],[-1,4]],[[5219,3888],[1,-4]],[[5219,3888],[1,-4]],[[5220,3884],[-1,4]],[[5219,3960],[-7,-6],[-3,6],[8,4],[2,-4]],[[5200,4144],[-5,0],[0,5],[10,0],[-5,-5]],[[5303,4408],[16,-9],[-5,-7],[-5,0],[-3,-8],[-7,-1],[0,-8],[-11,-5],[-1,5],[-5,-2]],[[5282,4373],[6,6],[0,6],[-11,-4],[-13,7],[-4,5],[-6,0],[0,-12],[-6,1],[1,-13],[5,-3],[5,4]],[[5259,4370],[5,-4],[4,3],[10,2]],[[5278,4371],[-9,-3],[-5,-6],[3,-5],[1,-9],[5,0],[0,-7],[4,-14],[-6,0],[-3,12],[-6,0],[-6,-4],[-2,10],[-7,4],[-2,9],[-16,-1],[-2,-12],[2,-10],[-3,-3],[-7,0],[2,-12],[-3,-1],[0,-10],[-5,1],[0,5],[-12,2],[-6,-6],[-2,-7]],[[5193,4304],[-14,4],[-10,-2]],[[5169,4306],[-2,-10],[-6,-1],[-5,8],[-13,-3],[-1,-9],[-6,1],[1,-12],[-14,-3],[7,-10],[9,-2],[7,-6],[8,0],[1,-11],[-4,0],[-9,-11],[-9,-1],[-7,-4],[-3,-8],[-7,-1],[-3,-7],[-6,1],[1,-10],[6,-2],[7,-6],[5,-1],[2,4],[5,1],[5,-3],[2,10],[-3,4],[-1,10],[4,7],[5,-1],[7,-6],[3,-9],[-8,-1],[-1,-6],[9,1],[3,-15],[3,5],[8,1],[7,-4],[2,-4],[-3,-7],[-6,4],[-8,-13],[-6,4],[-9,-1],[2,-7],[6,0],[-1,-8],[1,-17],[5,15],[6,9],[12,-3]],[[5177,4168],[6,-5],[-4,-5]],[[5179,4158],[4,-5],[1,-9]],[[5184,4144],[-1,-3],[4,-10],[8,-1],[10,2],[3,-1],[-1,-9],[-6,-3]],[[5201,4119],[8,0],[2,11],[5,1]],[[5216,4131],[5,1],[-3,-10],[-7,-1],[-3,-7],[3,-9],[7,3],[7,8],[6,-8],[5,-3],[4,2],[1,-9],[13,2],[3,-11],[-3,-8],[-4,0]],[[5250,4081],[3,-7]],[[5253,4074],[-3,-14],[-3,-6],[-8,-4],[0,-6],[-7,-9],[-9,0],[-16,-3],[-6,2],[1,-17],[11,3],[0,-7],[-7,-1],[-9,-6],[6,-5],[-2,-4],[7,-7],[-4,-3],[-3,-14],[7,-3],[2,-7],[-3,-1],[1,-13],[-4,4],[0,6],[-7,14],[-10,-5],[-2,2],[-2,21],[1,8],[6,5],[-8,5],[-3,-6],[-3,23],[-8,9],[-5,-3]],[[5163,4032],[-3,1]],[[5160,4033],[-5,-4],[-8,-1],[-5,-4],[4,-6],[1,-9],[-5,-3],[-5,4],[-1,6],[3,3],[0,7],[4,6],[-2,10],[5,1],[1,6],[-12,-2],[-11,10],[-5,17],[-8,4]],[[5111,4078],[-1,9],[-10,0],[-9,3],[-4,10],[-12,10],[2,2],[-1,9],[-3,8],[-2,17],[-2,6],[-4,24],[3,6],[-1,22],[-1,14],[-10,2],[-3,5],[-3,10],[-10,12],[-8,13],[-2,21],[-2,1],[-3,12],[3,11],[3,3],[-2,16],[1,10],[3,5],[-1,8],[3,1],[10,16],[4,-12],[7,1],[6,-3],[1,-5],[-2,-3],[0,-9],[3,-3],[1,-11],[3,-4],[3,-17],[5,-5],[4,3],[3,-14],[-6,-11],[4,-3],[7,-9],[4,0],[0,8],[12,4],[-1,17],[-3,1],[-3,8],[-1,8],[-4,5],[2,5]],[[5094,4315],[3,-5],[5,4],[11,-1],[5,-4],[3,4],[-6,15],[4,7],[9,0],[1,-6],[6,-3],[1,-12],[8,1],[19,11],[3,-6],[8,0],[10,3],[6,-1],[6,12],[4,4],[8,1],[4,-3],[4,4],[0,7],[8,0],[3,11],[4,3],[5,-1],[0,11],[-3,-1],[-4,10],[2,4],[5,1],[2,3],[-8,7],[8,2],[4,-2],[8,2],[11,-2],[2,-4],[7,-1],[1,6],[10,3],[4,-3],[12,4],[6,4],[0,4]],[[5293,4384],[2,8],[-8,1],[6,-9]],[[5209,4318],[0,5],[7,5],[-4,4],[-6,0],[-5,-8],[1,-3],[7,-3]],[[5071,4254],[1,-15],[5,-2],[-1,13],[-5,4]],[[5130,4242],[-6,7],[-8,-1],[3,-9],[5,-1],[6,4]],[[5173,4110],[8,-4],[-2,15],[1,7],[-6,-2],[4,-9],[-1,-7],[-4,0]],[[5202,4104],[-9,0],[2,-4],[7,4]],[[5141,4082],[-5,-9],[2,-4],[3,0]],[[5141,4069],[6,-6],[5,2],[5,-2],[-2,-9]],[[5155,4054],[6,-4],[-5,-7],[8,-1],[-2,19],[1,8],[-9,1],[-3,11]],[[5151,4081],[-9,8],[-1,-7]],[[5155,4054],[-1,5],[-6,-4],[6,-5],[1,4]],[[5173,4211],[0,6],[8,1],[0,-6],[-8,-1]],[[5190,4238],[4,1],[7,-5],[1,-5],[-6,-2],[-6,11]],[[5190,4238],[0,-6],[-6,0],[-1,6],[6,3]],[[5189,4241],[1,-3]],[[5189,4241],[0,11],[9,2],[6,3],[-2,-8],[-11,0],[1,-5],[-3,-3]],[[5190,4265],[4,3],[4,-3],[-3,-5],[-5,5]],[[5139,4528],[2,-3]],[[5141,4525],[-2,3]],[[5146,4543],[0,-1]],[[5146,4542],[0,1]],[[5118,4649],[3,-2]],[[5121,4647],[-3,2]],[[5123,4669],[6,2]],[[5129,4671],[2,-7]],[[5131,4664],[-8,5]],[[5143,4675],[-3,-11]],[[5140,4664],[-4,7],[7,4]],[[5123,4669],[-5,-4]],[[5118,4665],[5,4]],[[5143,4675],[-7,-1],[0,5]],[[5136,4679],[5,1],[2,-5]],[[5023,5777],[-8,-3],[-3,2],[-1,11],[11,2],[1,-12]],[[5005,5793],[0,9],[-5,2],[-2,9],[3,10],[6,1],[7,-5],[1,-13],[-5,-4],[-5,-9]],[[5013,5899],[2,0]],[[5015,5899],[-2,0]],[[4978,6076],[-3,3],[-2,8],[-14,2],[-4,4],[12,0],[9,-5],[2,-12]],[[4973,6201],[7,0],[0,-6],[-7,0],[0,6]],[[4958,6225],[-5,-1],[1,12],[5,1],[-1,-12]],[[4930,6423],[-2,-7]],[[4928,6416],[2,7]],[[4926,6593],[-3,3]],[[4923,6596],[3,-3]],[[4853,7303],[1,1]],[[4854,7304],[-1,-1]],[[4854,7304],[-1,-1]],[[4853,7303],[-5,0],[-4,6],[1,4],[6,2],[4,-4],[-1,-7]],[[4837,7524],[-5,4],[-2,13],[3,0],[5,-7],[-1,-10]],[[4817,7540],[2,-2],[2,-10]],[[4821,7528],[-3,4],[-1,8]],[[4830,7561],[-2,7],[2,4],[12,3],[-2,5],[-2,25],[-7,-1],[-1,-3],[-7,-2],[-1,-10],[-2,-2],[0,-5],[-3,-3],[-3,0],[2,-4],[0,-7],[3,-1],[-2,-8],[-3,3],[3,1],[-3,9],[-1,8],[5,3],[0,7],[3,0],[0,6],[1,4],[7,2],[-1,8],[-2,3],[-2,7],[3,1]],[[4827,7621],[2,-3],[0,-5],[1,-6],[6,0],[1,9],[5,0],[-4,-8],[6,-15],[0,-15],[-3,-14],[2,-15],[-7,3],[-6,9]],[[4833,7562],[-3,-1]],[[4830,7561],[3,1]],[[4833,7562],[6,-2],[-1,11],[-6,-2],[1,-7]],[[4827,7621],[1,5],[6,8],[-2,13],[2,2]],[[4834,7649],[0,-8],[3,-6],[-10,-14]],[[4834,7649],[1,3],[7,1],[0,12],[-2,7],[-5,4],[1,4],[5,1]],[[4841,7681],[2,-15],[3,-6],[-3,-9],[-9,-2]],[[4791,7883],[-11,-2],[2,10],[8,0],[1,-8]],[[4785,7992],[-1,-3]],[[4784,7989],[1,3]],[[4780,8101],[2,-5],[-5,-4],[-1,6],[4,3]],[[4789,8138],[-6,4],[0,6],[-5,4],[6,7],[4,2],[3,-5],[-5,-11],[3,-7]],[[4728,8341],[3,3],[-1,6],[4,5],[3,-3],[-9,-11]],[[4754,8351],[1,4],[9,8],[-1,9],[13,9],[0,-4],[-6,-2],[0,-4],[-10,-19],[-6,-1]],[[4750,8367],[2,7],[3,-2],[1,-8],[-6,3]],[[4722,8458],[3,-10],[-5,0],[2,10]],[[4728,8483],[-9,1],[1,5],[8,-6]],[[4710,8926],[-6,-4],[-7,-11],[1,-5],[-5,-3],[-2,-6]],[[4691,8897],[-2,3],[5,6],[0,5],[7,7],[1,6],[8,2]],[[4668,9084],[6,-2],[4,-22],[0,-4]],[[4678,9056],[-1,9],[-2,2],[-2,13],[-5,4]],[[5532,1550],[1,1]],[[5533,1551],[2,-1]],[[5535,1550],[0,-3]],[[5535,1547],[-3,3]],[[5535,1547],[0,3]],[[5535,1550],[0,-3]],[[5520,1554],[7,3],[6,-6]],[[5533,1551],[-1,-1]],[[5532,1550],[-12,4]],[[5384,2576],[15,2]],[[5399,2578],[-15,-2]],[[5305,3516],[-1,8]],[[5304,3524],[1,-8]],[[5304,3524],[-3,7]],[[5301,3531],[3,-7]],[[5300,3558],[0,-12],[-3,1],[0,10],[3,1]],[[5280,3669],[-5,-14],[-4,0],[0,9],[5,1],[4,4]],[[5280,3669],[-2,10]],[[5278,3679],[24,8],[-2,-6],[-5,1],[-8,-6],[-3,-8],[-4,1]],[[5253,4074],[1,4]],[[5254,4078],[5,0],[1,-5],[-3,-3],[-4,4]],[[5250,4081],[4,-3]],[[5254,4078],[-4,3]],[[5240,4134],[4,-2],[-3,-7],[-5,4],[4,5]],[[5228,4154],[0,-7],[-7,-1],[-2,20],[4,0],[4,-4],[1,-8]],[[5248,4183],[1,-12],[-4,1],[-3,10],[6,1]],[[5235,4192],[2,5],[6,2],[2,-4],[-7,-6],[-3,3]],[[5212,4238],[-4,-2],[-5,3],[0,6],[6,2],[3,-9]],[[5220,4294],[-1,4],[11,3],[-4,-9],[-6,2]],[[5198,4349],[2,6],[6,0],[-2,-9],[-4,-1],[-2,4]],[[5222,4466],[-3,3],[-15,-6],[2,12],[3,7],[4,1],[0,-7],[8,-5],[1,-5]],[[5190,4481],[1,-5]],[[5191,4476],[-1,5]],[[5197,4497],[4,-2],[3,-8],[-7,-1],[-3,8],[3,3]],[[5192,4502],[5,-5]],[[5197,4497],[-5,5]],[[5179,4558],[5,2],[1,-7],[-5,1],[-1,4]],[[5175,4602],[4,-2]],[[5179,4600],[-1,0]],[[5178,4600],[-1,1]],[[5177,4601],[-2,1]],[[5174,4638],[-1,2]],[[5173,4640],[1,-2]],[[5181,4686],[-4,0],[-1,9],[5,5],[4,-13],[-4,-1]],[[5015,5899],[3,4],[3,-5],[4,0],[5,4],[-1,-6],[4,-6],[5,1],[3,-10],[9,-4],[1,-7],[10,-2],[4,-6],[2,-6]],[[5067,5856],[-13,11],[-6,2],[0,8],[-5,-2],[-4,5],[-1,8],[-7,1],[-1,4],[-4,5],[-3,-2],[-8,3]],[[5035,5965],[6,0],[1,-5],[-5,0],[-2,5]],[[5028,6042],[1,-8]],[[5029,6034],[-1,8]],[[5041,6051],[7,5],[4,-7],[-5,-11],[-6,4],[0,9]],[[5028,6042],[-10,1],[-11,7],[-8,8]],[[4999,6058],[7,-6],[4,1],[6,-6],[8,1],[4,-6]],[[4993,6366],[2,4],[4,-8],[-6,-2],[0,6]],[[4973,6589],[-1,6],[4,2]],[[4976,6597],[-3,-8]],[[4976,6597],[-2,5]],[[4974,6602],[2,-5]],[[4943,6954],[0,-6],[-6,0],[3,6],[3,0]],[[4939,7068],[2,0]],[[4941,7068],[-2,0]],[[4934,7102],[-3,5]],[[4931,7107],[3,-5]],[[4899,7149],[2,5],[6,1],[0,-7],[-3,-4],[-5,5]],[[4913,7269],[4,2]],[[4917,7271],[2,-5]],[[4919,7266],[-8,2]],[[4911,7268],[2,1]],[[4919,7282],[-2,-11]],[[4917,7271],[-4,-2]],[[4913,7269],[2,5],[0,7],[4,1]],[[4875,7417],[6,2],[1,-7],[-9,-1],[2,6]],[[4900,7449],[0,3]],[[4900,7452],[0,-3]],[[4884,7584],[2,4]],[[4886,7588],[-2,-4]],[[4841,7681],[-5,3],[-2,23],[4,-2],[2,-11],[2,-5],[-1,-8]],[[4854,7699],[-5,7],[-2,21],[-3,0],[-2,7],[-8,1],[2,3],[-1,18],[3,4],[-2,13],[-4,1],[-2,9],[-7,-5],[-4,4],[-2,10],[3,3],[3,-9],[9,-3],[0,-6],[5,-3],[4,-19],[-4,-7],[0,-11],[7,-1],[5,-9],[5,-18],[12,0],[0,-6],[-8,-1],[-4,-3]],[[4828,8146],[6,2],[-1,-7],[-5,5]],[[4788,8320],[6,-8],[1,-5],[5,-1]],[[4800,8306],[-4,-3],[-7,8],[-1,9]],[[4792,8330],[0,-4]],[[4792,8326],[0,4]],[[4835,8419],[-1,-10],[-2,-6],[7,1],[5,10],[6,5],[5,0],[4,5],[-1,8],[2,10],[2,4],[8,1],[2,6],[4,6]],[[4876,8459],[4,-5],[5,-4],[0,-7],[-7,-2],[-3,3],[-8,-1],[-1,-8],[-3,-3],[2,-9],[-3,-9]],[[4862,8414],[-1,0]],[[4861,8414],[-1,8],[-5,-7],[0,-14]],[[4855,8401],[-3,3],[-2,6]],[[4850,8410],[-7,-7],[0,-5],[-4,-4],[-8,0],[-4,-4],[1,-7],[-7,0],[-1,6],[-5,-1],[0,-6],[-8,2],[-7,-4],[2,-13],[2,-6],[2,4],[0,6],[2,0]],[[4808,8371],[1,-1]],[[4809,8370],[1,-1]],[[4810,8369],[-4,-2],[2,-6],[-6,-8],[-9,-5],[-1,-18]],[[4792,8330],[0,-4]],[[4792,8326],[-4,-6]],[[4788,8320],[-3,3],[-5,21],[-6,2],[-6,-11],[-4,-1],[-2,-7],[-5,-5],[-5,11],[-7,-1],[-2,-10],[-6,-9],[-8,-4],[2,-11],[-4,-3],[0,-13],[-6,-5],[1,9],[3,12],[2,2],[-2,12],[5,3],[2,8],[-3,6],[-1,12]],[[4728,8341],[5,-11],[8,-4],[-1,9],[18,1],[0,5]],[[4758,8341],[6,6],[4,7],[1,9],[6,1],[1,-8],[-4,-7],[7,1],[6,11],[8,3],[1,9],[2,5],[-8,0]],[[4788,8378],[9,5],[0,5],[21,8],[8,1],[3,6],[2,15],[4,1]],[[4827,8393],[3,3],[8,1],[-1,4],[-8,-2],[-2,-6]],[[4743,8560],[6,0],[0,4],[7,1],[10,5],[7,1],[4,-2]],[[4777,8569],[-16,-2],[1,-4],[-7,0],[-6,-4],[-6,1]],[[4822,8802],[-8,-5],[0,-14],[-5,-3],[2,-11],[-3,-2],[-5,-7],[3,-8],[-11,-9],[0,-5],[-10,-14],[1,-6],[-12,-6],[-3,-3],[-1,-7],[11,0],[4,7],[4,-5]],[[4789,8704],[-4,-4],[-12,-2],[-5,-7],[-2,-10],[-7,2]],[[4759,8683],[1,-5],[7,2],[1,-8],[-14,1],[3,-15],[-7,-3],[3,-4],[-3,-7],[1,-5],[-5,-3],[-2,-8],[1,-13],[-1,-7],[4,-2]],[[4748,8606],[-2,-6],[-11,-4],[-2,4]],[[4733,8600],[-2,9],[0,8],[-7,8]],[[4724,8625],[1,-7],[-7,8],[-4,3],[2,20],[5,1],[-1,8],[-3,3],[-3,13],[-10,-2],[0,-10],[-10,-4],[3,15],[8,2],[0,6],[-7,1],[-15,1],[-1,-10],[-5,0]],[[4677,8673],[3,3],[0,10],[11,4],[-3,12],[4,6],[10,3],[3,-2]],[[4705,8709],[0,7],[-3,5],[19,3],[7,12]],[[4728,8736],[3,-3]],[[4731,8733],[2,9],[5,-4],[10,0],[12,4],[6,-3],[1,-8],[4,-3],[9,4],[1,9],[4,5],[6,-1],[12,10],[0,14],[3,1],[0,11],[5,9],[0,5],[5,9],[6,-2]],[[4723,8631],[-2,6],[12,2],[-2,4],[5,6],[-4,7],[2,9],[4,1],[7,18],[-3,4],[1,9]],[[4743,8697],[-9,-4],[0,-7],[-7,-3],[2,-6],[-8,-2],[2,-22],[0,-3],[-8,-7],[1,-9],[5,-10],[3,1]],[[4724,8625],[-1,6]],[[4762,8713],[7,-4],[5,6],[3,7],[-22,-3],[1,-6],[6,0]],[[4726,8709],[-8,4],[-2,-4],[6,-3],[4,3]],[[4730,8702],[-2,-9]],[[4728,8693],[8,3],[3,10],[3,2],[-3,8],[-4,0],[-1,-8],[-4,-6]],[[4723,8697],[-2,-8],[4,-3],[5,2],[-2,5]],[[4728,8693],[-5,4]],[[4732,8912],[-9,-2],[6,10],[3,-8]],[[4749,8946],[-5,1]],[[4744,8947],[5,0]],[[4749,8947],[0,-1]],[[4725,8946],[3,1]],[[4728,8947],[-3,-1]],[[4728,8947],[-3,-1]],[[4725,8946],[-1,7],[5,0],[-1,-6]],[[5569,1538],[-8,-2],[-7,-4],[2,-5],[-10,0],[-3,10],[11,4],[5,-3],[5,2],[5,-2]],[[5445,2586],[6,2]],[[5451,2588],[-6,-2]],[[5430,2603],[2,-7],[-5,-3]],[[5427,2593],[3,10]],[[5250,4245],[6,0],[-2,8],[5,1],[4,-3],[-4,-6],[1,-6],[-4,-2],[-6,8]],[[5231,4471],[-2,6],[-2,17],[6,3],[-2,-10],[2,-14],[-2,-2]],[[5209,4586],[5,8],[3,-6],[-8,-2]],[[5236,4611],[1,-4]],[[5237,4607],[-1,4]],[[5238,4617],[1,-2]],[[5239,4615],[-2,-8]],[[5237,4607],[-1,4]],[[5236,4611],[2,6]],[[5096,5728],[4,-2],[1,-7],[-5,0],[0,9]],[[5109,5784],[3,-3]],[[5112,5781],[0,-1]],[[5112,5780],[-3,4]],[[5098,5798],[1,-6],[9,-2]],[[5108,5790],[-9,-1],[-1,9]],[[5091,5788],[0,10],[3,-1],[0,-9],[-3,0]],[[5098,5798],[-7,12],[0,3]],[[5091,5813],[5,0],[2,-8],[0,-7]],[[5087,5817],[4,-4]],[[5091,5813],[-4,4]],[[5067,5856],[7,1],[5,-4],[6,4],[-3,-13],[0,-6],[5,-6],[-1,-6],[1,-9]],[[5087,5817],[-6,10],[2,3],[-2,7],[0,13],[-11,1],[-3,5]],[[5042,6165],[-8,1],[0,6],[8,2],[0,-9]],[[5056,6225],[-7,-3],[-4,5],[9,0],[2,-2]],[[4949,7063],[0,2]],[[4949,7065],[0,-2]],[[4949,7065],[0,-2]],[[4949,7063],[0,2]],[[4939,7068],[2,0]],[[4941,7068],[-2,0]],[[4952,7178],[-1,-8]],[[4951,7170],[-2,8]],[[4949,7178],[3,0]],[[4953,7181],[0,-2]],[[4953,7179],[0,2]],[[4949,7178],[0,1]],[[4949,7179],[0,-1]],[[4949,7179],[4,2]],[[4953,7181],[0,-2]],[[4953,7179],[-1,-1]],[[4952,7178],[-3,1]],[[4943,7228],[7,-5],[-3,-3]],[[4947,7220],[-4,8]],[[4922,7258],[1,3]],[[4923,7261],[-1,-3]],[[4924,7265],[-1,-4]],[[4923,7261],[1,4]],[[4924,7265],[-5,1]],[[4919,7266],[5,-1]],[[4925,7292],[0,-1]],[[4925,7291],[0,-3]],[[4925,7288],[-6,-6]],[[4919,7282],[6,10]],[[4925,7288],[0,3]],[[4925,7291],[0,1]],[[4925,7292],[0,-4]],[[4925,7325],[0,2]],[[4925,7327],[2,-2],[-4,-5]],[[4923,7320],[1,4]],[[4924,7324],[1,1]],[[4918,7338],[3,-9],[4,-2]],[[4925,7327],[0,-2]],[[4925,7325],[-1,-1]],[[4924,7324],[-4,4],[-3,4],[1,6]],[[4918,7338],[-5,0],[0,9],[4,2],[1,-11]],[[4902,7450],[-2,-1]],[[4900,7449],[0,3]],[[4900,7452],[2,-2]],[[4907,7478],[-3,3]],[[4904,7481],[3,-3]],[[4898,7485],[6,-4]],[[4904,7481],[3,-3]],[[4907,7478],[-4,-4],[-5,11]],[[4902,7490],[-4,-5]],[[4898,7485],[-5,6],[-1,9],[3,1],[3,-7],[4,-4]],[[4888,7570],[5,-2],[1,-7],[-3,-5],[-3,14]],[[4887,7603],[0,6],[7,7]],[[4894,7616],[3,-6],[-3,-7],[-7,0]],[[4894,7616],[0,10]],[[4894,7626],[8,-5],[-5,-6],[-3,1]],[[4897,7633],[3,-5],[-6,-2]],[[4894,7626],[3,7]],[[4901,7663],[3,9],[4,-3],[-7,-6]],[[4886,7793],[3,-3]],[[4889,7790],[-3,3]],[[4861,8089],[-6,-3],[0,8],[-5,5],[3,3],[5,-12],[3,-1]],[[4824,8163],[10,4],[2,-5],[-10,-3],[-2,4]],[[4846,8338],[2,-4],[-11,-10],[2,9],[7,5]],[[4822,8349],[2,-7],[-7,0],[1,5],[4,2]],[[4810,8369],[-1,1]],[[4809,8370],[-1,1]],[[4808,8371],[2,-2]],[[4843,8462],[-6,-11],[-2,-6],[-5,-3],[1,-6],[-5,-1],[-2,-5],[-4,-1],[-5,-18],[-5,-5],[-5,1],[0,9],[3,4],[2,9],[14,8],[0,5],[7,3],[12,17]],[[4790,8584],[6,-4]],[[4796,8580],[-6,4]],[[4807,8605],[6,5]],[[4813,8610],[-6,-5]],[[4795,8780],[4,-4],[-6,-5]],[[4793,8771],[2,9]],[[4798,8784],[-3,-4]],[[4795,8780],[3,4]],[[4911,9116],[12,1],[9,-1]],[[4932,9116],[1,-1],[16,2],[5,-4],[-9,-2],[3,-8],[5,1],[6,-4],[1,5],[-2,6],[2,6],[5,-1],[1,-5],[8,1],[0,4],[33,0],[8,1],[8,-1],[41,0],[9,1],[1,-2],[15,2],[8,-1],[9,1],[5,-5],[-7,-2],[-1,-8],[-5,3],[-13,-1],[-5,-3],[-2,2],[-9,0],[-3,-9],[-9,-1],[3,-6],[-7,-1],[-10,-6],[0,-13],[-5,-9],[-9,-9],[1,-13],[-3,-10],[-4,0],[-3,-8],[-8,2],[-4,-10]],[[5008,9010],[1,9],[-6,2],[-1,5],[-4,1]],[[4998,9027],[-3,5],[5,3]],[[5000,9035],[2,7],[8,7],[-2,8]],[[5008,9057],[1,2]],[[5009,9059],[1,-5],[7,3],[5,6],[7,12],[-6,6],[3,4],[8,1],[-2,9],[-5,1],[-5,7],[-12,-1],[-3,-5],[-2,-8],[-6,6],[-1,-5]],[[4998,9090],[-2,-5],[-9,-7],[-6,-7],[-1,-5],[-8,-2],[-1,-8],[-8,-10],[-12,0]],[[4951,9046],[-5,0]],[[4946,9046],[-10,-6],[-5,5],[-5,-1],[-5,4]],[[4921,9048],[-6,1],[-7,-2],[-4,2],[-15,-3],[-3,-8],[-4,0],[-9,-11],[-2,-4],[3,-5],[-3,-3],[-7,-1],[-1,-3],[-6,-3],[-3,-6],[-5,-1],[-2,4]],[[4847,9005],[-2,-6],[-7,-8],[0,-4]],[[4838,8987],[-2,-4],[-5,-1],[-3,-4],[-5,-1],[0,-6],[-8,-4],[3,-6],[-10,-2],[-9,-15],[-3,-11],[6,-3],[2,-6],[-11,-3],[-4,-10]],[[4789,8911],[-3,0],[1,-12],[-5,-3],[1,-4],[-6,-2],[-7,0],[-2,7],[-5,-3],[-7,0],[-1,-5],[-6,-2],[-4,3],[-6,-1],[-1,-4],[-5,-1],[-4,-4],[-10,-2],[-1,-7],[-3,-5],[-4,0],[-3,-6],[-8,-8],[-3,-1],[2,-9],[-1,-12],[4,0],[0,-8],[-9,-2],[-3,4],[-8,-1],[0,-4],[-13,-3],[2,-10],[-5,-4],[-1,-7],[6,1],[2,-6],[-9,-1],[-4,-3],[1,-6],[3,-3],[-8,-15],[-25,-3],[-1,6],[-12,-2],[-3,-6],[-10,-12],[-5,-9],[3,-11],[-8,-3],[-3,-4],[-5,4],[-12,0],[-2,5],[-8,0],[-1,-3],[-8,-1],[-4,4],[-6,0],[-1,-5],[-5,-1],[-9,-9],[-7,-10],[1,-8],[-3,-9],[-7,2],[-5,-5],[-11,-3],[-5,-9]],[[4494,8670],[2,-6],[0,-17],[-8,-10],[1,-9],[-5,-9],[-6,-3],[-4,-4],[-3,-9],[1,-4],[-15,-8],[0,-12],[9,3]],[[4466,8582],[-2,-6],[0,-11],[-2,-8],[-6,-7],[-4,-9]],[[4452,8541],[-5,-1],[-3,-5],[-1,-13],[-4,-5],[3,-11],[4,14],[5,2]],[[4451,8522],[-3,-9]],[[4448,8513],[-1,-3]],[[4447,8510],[0,-8],[4,-6],[6,2],[0,-9],[-2,-1],[0,-12],[2,-24],[2,-2],[1,-8],[-5,3],[-8,9],[-2,16],[2,3],[-4,14],[-5,7],[-1,12],[-5,15],[3,0],[2,8],[3,2],[-1,11],[5,5],[4,1],[-1,10],[3,7],[-1,5],[5,8],[-1,17],[5,4],[9,1],[2,12],[7,7],[3,7],[-1,6],[6,6],[-4,7],[1,6],[-1,9],[5,3]],[[4485,8663],[-6,11],[8,-2],[6,13],[11,2],[16,28],[14,12]],[[4534,8727],[3,3]],[[4537,8730],[1,1]],[[4538,8731],[7,0],[6,9],[12,5],[7,9],[0,9],[3,10],[-1,5],[8,11],[-1,14],[3,1]],[[4582,8804],[1,-16],[-8,-11],[1,-5],[-4,-14],[1,-8],[-7,-8],[1,-4],[7,-1],[4,-6],[10,-3],[6,0],[4,14],[5,8],[-1,7],[6,-1],[2,8],[2,5],[4,1],[-1,16],[3,0],[3,-12],[4,0],[8,5],[7,9],[7,2],[2,6],[5,3],[1,5],[8,7],[-1,5],[3,5],[10,2],[4,5],[6,3],[4,7],[0,14],[4,4],[0,17],[6,6],[1,7],[-1,8],[9,3],[1,-7],[11,-1],[2,5],[4,0],[11,16],[4,3]],[[4741,8913],[4,5],[9,15],[0,6],[-4,3],[-3,-7],[-1,-8],[-5,5],[8,14]],[[4749,8946],[0,1]],[[4749,8947],[6,4],[3,-4],[8,2],[1,-11],[4,-4],[2,11],[4,0],[1,7],[7,12],[-3,20],[2,5],[5,1],[-2,14],[5,6],[-1,3],[5,8],[0,7],[6,9],[-1,4],[11,2],[5,3],[2,5]],[[4819,9051],[11,4],[4,-6],[4,1],[4,11],[8,-4],[7,2],[4,15]],[[4861,9074],[2,4],[0,5],[7,1],[5,3],[1,9],[12,5],[1,6],[11,1],[-1,6],[12,2]],[[4922,9111],[6,1],[3,-5],[6,-3],[2,10],[-9,-2],[2,4]],[[4932,9116],[-10,-5]],[[4920,9108],[2,3]],[[4922,9111],[-2,-3]],[[4913,9101],[6,-4],[3,6],[-2,5]],[[4920,9108],[-3,3],[-4,-10]],[[4913,9101],[-3,-3],[-7,-1],[-1,-8],[12,6],[-1,6]],[[4922,9058],[-2,-1]],[[4920,9057],[-5,5],[-13,-2],[-7,-3]],[[4895,9057],[-3,3]],[[4892,9060],[-10,-5],[-8,-13],[8,0],[9,12]],[[4891,9054],[0,-5],[15,3],[1,-3],[14,2],[0,-3]],[[4921,9048],[11,0],[9,2],[4,3],[7,0],[1,7],[-10,0],[3,7],[-15,-3],[-7,1],[-2,-7]],[[4810,8977],[0,5],[-5,1]],[[4805,8983],[-9,1],[-8,-2],[-1,-9],[2,-5],[-1,-5],[-5,-3],[3,-5],[6,3],[7,1],[-4,7],[4,13]],[[4799,8979],[3,-6]],[[4802,8973],[3,1]],[[4805,8974],[3,-12],[5,3],[-2,11],[6,-1],[0,8],[-5,-2],[-2,-4]],[[4964,9100],[2,-5],[4,2],[1,7],[-10,1],[3,-5]],[[4879,9074],[3,2],[-2,6],[-10,-1],[9,-7]],[[4806,9001],[3,7],[8,4],[-3,6],[-8,7],[-6,-7],[0,-6],[-2,-6],[3,-6],[5,1]],[[4852,9023],[-6,-1],[-1,-5],[8,1],[-1,5]],[[4800,8993],[-2,6],[-5,-5],[7,-1]],[[4767,8928],[-8,0],[2,-7],[6,7]],[[4752,8897],[-2,7],[-6,-6],[3,-5],[5,4]],[[4634,8773],[-7,-2],[1,-4],[8,-2],[2,4],[5,1],[6,4],[-2,9],[-6,-4],[-2,-4],[-5,-2]],[[4560,8727],[3,9],[-8,2],[-1,-5],[2,-6],[4,0]],[[4511,8696],[11,2],[-3,8],[-5,-2],[-3,-8]],[[4488,8661],[-3,-8],[0,-10],[4,1],[1,7],[-2,10]],[[4751,9011],[-6,-4]],[[4745,9007],[6,4]],[[4740,9028],[15,3],[3,-4]],[[4758,9027],[-9,-2],[-2,3],[-7,0]],[[4793,9112],[3,-4]],[[4796,9108],[-6,-6],[2,-3]],[[4792,9099],[-6,-3],[0,-3]],[[4786,9093],[-4,-6],[0,-6],[-13,-1],[-2,-4],[-11,8],[-6,-10],[1,-18],[-4,-7],[-4,-2],[-6,-13],[3,-6]],[[4740,9028],[-1,-17],[6,-4]],[[4745,9007],[-8,0],[-3,-5],[-9,-2],[-9,-7],[-21,-6],[-2,-9]],[[4693,8978],[-2,7],[5,7],[9,5],[-1,8],[1,8],[-9,7],[-5,11],[-6,6],[-3,10],[-4,2],[0,7]],[[4678,9056],[2,-1],[5,-16],[3,1],[4,-7],[4,4],[2,-10],[3,-2],[4,-7],[6,-3],[0,-13],[-5,-4],[0,-7],[11,8],[4,5],[13,1],[2,11],[-2,17],[7,19],[8,5],[-1,11],[-2,2],[0,8],[7,4],[-1,6],[6,4],[10,-7],[9,0],[2,6],[11,14],[3,7]],[[5639,1335],[-4,-9],[-6,-1],[1,11],[9,-1]],[[5494,2563],[5,3],[12,1],[1,-2]],[[5512,2565],[-12,0],[-6,-2]],[[5296,4265],[-1,-6],[-6,7],[-9,-2],[-4,4],[2,4],[13,-1],[5,-6]],[[5305,4263],[-7,3],[-1,7],[4,1],[4,-11]],[[5282,4373],[-4,-2]],[[5278,4371],[4,2]],[[5303,4408],[-3,9],[-13,6],[4,8],[5,-1],[3,-9],[7,-7],[-3,-6]],[[5281,4415],[-11,6],[12,1],[-1,-7]],[[5275,4462],[1,0]],[[5276,4462],[-2,0]],[[5274,4462],[1,0]],[[5246,4525],[-4,-4],[1,-8],[13,-2]],[[5256,4511],[3,-5],[4,1],[6,-4]],[[5269,4503],[-5,-2],[0,-10],[7,-2],[1,-5],[-11,-4],[1,-5],[9,2],[3,-3],[8,2],[7,-2],[0,-4],[10,-1],[3,-4]],[[5302,4465],[-2,-2]],[[5300,4463],[-1,-1]],[[5299,4462],[-1,0]],[[5298,4462],[-3,5],[-19,-5]],[[5276,4462],[-1,0]],[[5275,4462],[-1,0]],[[5274,4462],[3,6],[-6,3],[-1,-6],[-4,-2],[-5,-17],[3,-5],[-10,-5],[-2,15],[7,5],[-4,21],[-10,-5],[-1,9],[8,5],[-7,10],[-6,-7],[-4,2],[2,7],[-3,5],[5,6],[-7,16],[-7,-1],[2,7],[9,1],[3,-5],[7,-2]],[[5251,4496],[3,0],[-1,11],[-8,1],[-4,-5],[3,-3],[6,0],[1,-4]],[[5286,4497],[1,-3]],[[5287,4494],[-1,3]],[[5276,4596],[3,-5],[-3,-4],[-9,-5],[0,3],[4,8],[5,3]],[[5276,4602],[0,-6]],[[5276,4596],[0,6]],[[5151,5673],[0,-9],[8,-1],[1,-7]],[[5160,5656],[-5,-2],[1,-12],[5,-2]],[[5161,5640],[-8,2],[0,16],[-3,1],[-1,9],[2,5]],[[5136,5677],[4,-6],[0,-11]],[[5140,5660],[-4,3],[-3,12],[3,2]],[[5151,5673],[-5,9]],[[5146,5682],[3,-1]],[[5149,5681],[2,-1]],[[5151,5680],[2,-1]],[[5153,5679],[-2,-6]],[[5153,5679],[-2,1]],[[5151,5680],[-2,1]],[[5149,5681],[-3,1]],[[5146,5682],[2,4],[5,-3],[0,-4]],[[5131,5746],[-4,-5],[3,-11],[7,-2],[4,-5],[0,-6],[-4,-9],[0,14],[-11,2],[-3,16],[8,6]],[[5112,5780],[3,-3]],[[5115,5777],[-3,3]],[[5112,5781],[-3,3]],[[5109,5784],[-1,6]],[[5108,5790],[5,1],[4,-7],[-5,-3]],[[5114,5798],[-4,5],[5,2],[-1,-7]],[[5105,5888],[6,-1]],[[5111,5887],[-6,1]],[[5118,5964],[0,-5],[-6,-1],[3,7],[3,-1]],[[5103,5997],[-6,-4],[-1,4],[1,9],[6,0],[0,-9]],[[5093,6191],[-3,5]],[[5090,6196],[3,-5]],[[5084,6202],[6,0],[0,-6]],[[5090,6196],[-1,5],[-5,1]],[[5088,6237],[4,-11],[-5,-1],[-2,9],[3,3]],[[5061,6274],[7,2],[3,-3]],[[5071,6273],[-10,1]],[[5066,6485],[-2,-7],[-3,3],[-1,7],[4,1],[2,-4]],[[5066,6486],[-1,8]],[[5065,6494],[1,-8]],[[5039,6484],[-2,12],[3,-1],[2,-8],[-3,-3]],[[5027,6570],[-3,-2]],[[5024,6568],[-5,2],[-2,-5],[3,-10],[6,-9],[-4,-3],[-2,-6],[9,-1],[8,-10],[1,-10],[-4,-10],[2,-7],[-4,-5]],[[5032,6494],[2,-1],[2,-11],[3,2]],[[5039,6484],[5,-4]],[[5044,6480],[12,-9],[0,-6],[4,-1],[1,-5],[4,-1],[4,6]],[[5069,6464],[4,3],[4,9],[4,2],[-2,13],[-11,-8],[-2,2]],[[5066,6485],[0,1]],[[5066,6486],[5,1],[2,6],[-5,20],[-5,6],[1,7],[14,-6],[1,-8],[5,-6],[1,-9],[4,-10],[4,-5],[-6,-12],[1,-8],[-6,0],[-1,-9],[2,-5],[6,2],[2,-6],[13,0],[2,-3],[7,1],[4,-5]],[[5117,6437],[0,-1]],[[5117,6436],[0,-1]],[[5117,6435],[0,-1]],[[5117,6434],[-14,5],[-3,-4],[-6,6],[-6,1],[-5,-3],[-6,8],[-9,6],[-9,1],[-1,8],[-4,-1],[0,9],[-3,4],[-11,-2],[-7,6],[-12,4],[-7,7],[0,5],[-8,1],[-5,-3],[-6,4]],[[4995,6496],[-11,8],[-2,4],[-10,8],[-3,0],[-6,5],[-4,14],[-3,3],[-1,8],[3,3]],[[4958,6549],[2,-14],[11,-6],[7,2],[1,-5],[7,0],[-1,-5]],[[4985,6521],[5,-1],[3,-7],[7,1]],[[5000,6514],[4,4],[1,12],[4,-1],[1,10],[-7,2],[1,-14],[-5,-5],[-2,11],[4,4],[-2,9],[-5,2],[-2,13],[-4,1],[-4,7],[10,3],[7,-3],[2,6],[-5,10],[-3,0],[-1,8],[6,9],[5,1],[-1,-7],[10,-9],[2,-13],[8,10],[8,-6],[-1,-7],[-4,-1]],[[5020,6498],[-3,6],[-1,5],[1,16],[-4,-1],[-2,-8],[-4,-3],[-7,1]],[[5000,6514],[-1,-6],[9,3],[6,-4],[6,-9]],[[4997,6554],[5,-2],[2,-8],[7,1],[1,4],[-11,8],[-4,-3]],[[5030,6537],[1,5],[7,3],[0,-5],[-8,-3]],[[5020,6980],[-8,8],[6,0],[2,-8]],[[4985,7041],[-1,-3]],[[4984,7038],[1,3]],[[4963,7340],[-2,8],[2,3],[5,0],[-1,-8],[-4,-3]],[[4910,7691],[1,1]],[[4911,7692],[0,1]],[[4911,7693],[-1,3]],[[4910,7696],[-1,1]],[[4909,7697],[1,-6]],[[4911,7692],[-1,-1]],[[4910,7691],[-1,6]],[[4909,7697],[1,-1]],[[4910,7696],[1,-3]],[[4911,7693],[0,-1]],[[4919,7723],[1,-5]],[[4920,7718],[-1,5]],[[4912,7776],[-9,-1],[-3,11],[5,5],[7,-15]],[[4912,7832],[4,-2],[1,-5],[-8,-2],[-2,8],[2,19],[10,0],[-7,-18]],[[4898,8040],[1,1]],[[4899,8041],[-1,-1]],[[4888,8045],[0,4],[6,1],[5,-9]],[[4899,8041],[-1,-1]],[[4898,8040],[-4,0],[-6,5]],[[4887,8233],[2,2]],[[4889,8235],[4,-1],[-6,-11],[-4,4],[4,6]],[[4889,8235],[-2,-2]],[[4887,8233],[2,2]],[[4860,8325],[11,11],[0,-7],[-6,-4],[-5,0]],[[4870,8365],[-2,-2],[5,-13],[-3,-5],[-4,23],[-3,8],[-7,0],[3,7],[6,-6],[5,-12]],[[4855,8401],[0,-7],[-11,-12],[1,-8],[8,-1],[-1,-7],[-4,1]],[[4848,8367],[-3,-7]],[[4845,8360],[-4,-3],[-4,-7],[-8,0],[-2,5],[3,8],[0,5],[5,1],[3,11],[6,5],[3,7],[7,3],[1,6]],[[4868,8401],[3,-2]],[[4871,8399],[-3,2]],[[4866,8406],[2,-5]],[[4868,8401],[-2,5]],[[4861,8414],[1,0]],[[4862,8414],[-1,0]],[[4843,8462],[-1,5],[13,4],[-1,-7],[-9,0],[-2,-2]],[[4905,8538],[0,-1]],[[4905,8537],[-4,-6],[-9,2],[-1,-8],[-6,1],[-11,-4],[-1,10],[-8,-12],[-4,2],[0,-12],[-9,1],[-1,-5],[-7,0],[-1,-4],[-16,-14],[-11,2],[-5,0],[-5,-8],[-5,-3],[1,-13],[-7,6],[-6,1],[-6,-3]],[[4783,8470],[6,6],[4,2],[7,-7],[-1,16],[10,2],[7,4],[0,3],[8,-2],[15,7],[2,4],[-1,9],[15,1],[4,10],[5,1],[6,10],[5,-6],[6,0],[8,-3],[0,10],[8,-2],[-1,9],[6,1],[3,-7]],[[4818,8612],[1,0]],[[4819,8612],[-1,0]],[[4819,8612],[-1,0]],[[4818,8612],[1,0]],[[4849,8660],[2,-5],[-4,-4],[2,-15],[-5,-4],[2,-10],[-5,-1],[-3,11],[4,1],[4,11],[-2,11],[5,5]],[[4805,8974],[5,3]],[[4810,8977],[-5,-3]],[[4805,8983],[-6,-4]],[[4799,8979],[6,4]],[[4780,9006],[-3,2],[-2,9],[4,3],[1,-14]],[[4812,9083],[0,-2]],[[4812,9081],[-2,-11],[2,-6],[-4,-4],[-9,-4],[-2,3]],[[4797,9059],[-5,-5],[1,-6],[-13,-18],[-5,1],[-3,-4],[-10,-8],[-1,8],[-3,0]],[[4758,9027],[8,1],[4,8]],[[4770,9036],[2,4],[8,2],[0,18],[11,5]],[[4791,9065],[7,1],[8,6],[0,5],[6,6]],[[4792,9099],[4,-3]],[[4796,9096],[-4,-5],[-6,2]],[[4786,9093],[6,6]],[[5402,3864],[-6,2],[-4,5],[1,5],[6,1],[3,-4],[0,-9]],[[5332,4379],[-18,-3],[1,-11],[-9,-1],[-4,-4],[-2,9],[6,-3],[5,11],[8,3],[6,-2],[7,1]],[[5318,4444],[1,-7]],[[5319,4437],[-1,7]],[[5318,4444],[-2,4]],[[5316,4448],[2,-4]],[[5316,4448],[-3,11],[-7,-4],[-8,7]],[[5298,4462],[1,0]],[[5299,4462],[1,1]],[[5300,4463],[2,2]],[[5302,4465],[12,-2],[3,-4],[-1,-11]],[[5327,4510],[-6,1],[-1,8],[6,-2],[4,4],[8,1],[2,6],[5,-2],[-3,-7],[-6,-3],[1,-5],[-10,-1]],[[5306,4522],[1,0]],[[5307,4522],[3,7]],[[5310,4529],[4,-3],[-5,-9],[-3,5]],[[5310,4529],[-3,-7]],[[5307,4522],[-1,0]],[[5306,4522],[-2,6],[6,1]],[[5285,4555],[8,4],[-1,-9],[-4,0],[-3,5]],[[5210,5560],[6,-1]],[[5216,5559],[1,-7],[-1,-8],[-8,3],[2,6],[0,7]],[[5188,5600],[5,1],[5,-3],[3,-12],[0,-7],[-9,14],[-4,7]],[[5184,5603],[4,-3]],[[5188,5600],[-4,3]],[[5190,5633],[5,0]],[[5195,5633],[-5,0]],[[5195,5633],[5,0],[4,-5]],[[5204,5628],[-5,1],[-4,4]],[[5161,5640],[14,-9]],[[5175,5631],[-14,3],[0,6]],[[5178,5698],[7,-4]],[[5185,5694],[-5,-1],[-2,5]],[[5178,5698],[-3,5]],[[5175,5703],[3,-5]],[[5160,5927],[-4,0],[-1,6],[4,3],[1,-9]],[[5145,6102],[9,2],[-3,-9],[-6,7]],[[5136,6125],[4,-7]],[[5140,6118],[-4,7]],[[5156,6116],[-5,5],[-3,-1],[0,4],[-4,-1],[-4,9],[-3,-1]],[[5137,6131],[-1,1]],[[5136,6132],[-1,10],[4,-1],[3,-11],[3,-1],[4,-4],[0,-3],[5,-2],[2,-4]],[[5136,6132],[1,-1]],[[5137,6131],[-1,-6]],[[5136,6125],[0,7]],[[5115,6191],[5,-5]],[[5120,6186],[-5,5]],[[5116,6253],[0,1]],[[5116,6254],[0,-1]],[[5116,6254],[0,-1]],[[5116,6253],[0,1]],[[5113,6348],[-5,0],[2,7],[5,2],[0,-6],[-2,-3]],[[5065,6892],[1,-1]],[[5066,6891],[-1,1]],[[5066,6892],[0,3]],[[5066,6895],[0,-4]],[[5066,6891],[0,1]],[[5066,6895],[0,-3]],[[5066,6892],[-1,0]],[[5065,6892],[1,3]],[[5062,6906],[1,-3]],[[5063,6903],[-1,3]],[[5062,6909],[2,1]],[[5064,6910],[-1,-7]],[[5063,6903],[-1,3]],[[5062,6906],[0,3]],[[5060,6912],[4,-1]],[[5064,6911],[0,-1]],[[5064,6910],[-2,-1]],[[5062,6909],[-2,3]],[[5064,6911],[-4,1]],[[5060,6912],[4,-1]],[[5056,6940],[-1,5]],[[5055,6945],[1,-5]],[[5043,6954],[-3,0]],[[5040,6954],[3,0]],[[5045,6974],[-3,-7],[0,-10],[-2,-3]],[[5040,6954],[-6,5],[5,3],[0,6],[6,6]],[[5045,6974],[-6,2],[-6,-1],[-3,5]],[[5030,6980],[2,1]],[[5032,6981],[7,-1],[6,-6]],[[5032,6981],[-2,-1]],[[5030,6980],[2,1]],[[4986,7355],[-1,4],[8,0],[0,-6],[-7,2]],[[4999,7432],[-2,10],[6,-3],[0,-7],[-4,0]],[[4906,8078],[-1,9],[5,4],[4,-6],[0,-8],[-8,1]],[[4907,8156],[8,0],[1,-5],[-8,1],[-1,4]],[[4891,8389],[1,-1]],[[4892,8388],[-1,1]],[[4891,8389],[1,-1]],[[4892,8388],[-1,1]],[[4880,8475],[0,14],[-4,-1],[-3,8],[6,3],[1,3],[10,-4],[-5,-5],[0,-6],[-3,-5],[-2,-7]],[[4849,8660],[-1,8],[7,0],[0,4],[6,4]],[[4861,8676],[1,-1]],[[4862,8675],[-3,-9],[-8,-1],[-2,-5]],[[4881,8684],[3,2]],[[4884,8686],[-3,-2]],[[4862,8675],[-1,1]],[[4861,8676],[1,-1]],[[4822,8802],[0,3],[12,3],[2,-3],[17,6],[1,6],[5,7],[7,2],[2,5],[6,5],[8,-1]],[[4882,8835],[-9,-8],[1,-5],[-4,-4],[-7,0],[-5,-3],[1,-4],[-7,-3],[-5,-6],[-14,-3],[-1,5],[-10,-2]],[[4846,8833],[0,-3],[-6,-4],[-1,4],[4,7],[3,-4]],[[4836,8841],[-2,-5],[-4,1],[0,8],[8,2],[5,5],[4,-7],[-7,-1],[-4,-3]],[[4833,9062],[6,4],[1,-7],[-7,3]],[[4826,9057],[-1,11],[5,0],[-4,-11]],[[4812,9081],[0,2]],[[4812,9083],[0,-2]],[[4848,9089],[-10,-3],[-2,-4],[-17,-2],[4,6],[9,1],[4,4],[5,0],[4,3],[3,-5]],[[4805,9088],[2,6],[12,4],[-2,-7],[-4,-3],[-4,3],[-4,-3]],[[4805,9108],[1,-1]],[[4806,9107],[-1,1]],[[4796,9108],[-3,4]],[[4793,9112],[3,5],[18,0],[-1,-3],[-6,-2],[-1,-5]],[[4806,9107],[-1,1]],[[4805,9108],[-2,5],[-6,2],[-1,-7]],[[5720,1054],[10,1],[-6,-8],[-4,-1],[0,8]],[[5630,1903],[-4,6],[4,2],[4,-5],[-4,-3]],[[5360,4446],[-10,-8],[-3,11],[-5,11],[-9,-2],[-5,7],[7,2],[0,12],[3,0],[0,-11],[11,-1],[-1,-11],[0,-7],[7,1],[5,-4]],[[5355,4479],[-4,1]],[[5351,4480],[4,-1]],[[5377,4496],[-2,-7],[-11,-2],[-4,-10],[-1,-7],[-6,-1],[0,7],[2,3]],[[5355,4479],[4,1],[0,8]],[[5359,4488],[5,7],[13,1]],[[5368,4503],[-2,-4],[-7,-1],[-9,4]],[[5350,4502],[1,1]],[[5351,4503],[8,6]],[[5359,4509],[4,-6],[5,0]],[[5347,4510],[4,-7]],[[5351,4503],[-1,-1]],[[5350,4502],[-3,-1],[0,9]],[[5346,4615],[-5,-3]],[[5341,4612],[5,3]],[[5346,4615],[-5,4],[9,5],[1,-4],[-5,-5]],[[5247,5517],[-8,1],[-2,9],[4,6],[6,-1],[3,-3],[1,-12],[-4,0]],[[5216,5559],[-1,4]],[[5215,5563],[5,2],[1,-5],[-5,-1]],[[5210,5560],[-3,6],[8,1],[0,-4]],[[5215,5563],[-5,-3]],[[5204,5628],[3,-2]],[[5207,5626],[-3,2]],[[5208,5710],[7,-1],[0,-5],[-8,1],[1,5]],[[5192,5725],[0,5],[9,0],[0,-4],[-9,-1]],[[5181,6066],[-2,-7],[-3,4],[-2,7],[5,0],[2,-4]],[[5173,6078],[-5,15]],[[5168,6093],[5,-8],[0,-7]],[[5168,6093],[-3,5]],[[5165,6098],[3,-5]],[[5156,6116],[6,-8],[5,0],[0,-7],[-2,-3]],[[5165,6098],[-7,10],[-2,8]],[[5180,6156],[6,6],[3,-6],[-6,-2],[-3,2]],[[5178,6166],[-6,1],[0,7],[5,-4],[1,-4]],[[5157,6174],[-2,5],[6,4],[-1,-13],[-3,4]],[[5170,6309],[-1,8],[-8,0],[-4,8],[-6,0],[-1,9],[2,3]],[[5152,6337],[-1,-11],[7,2],[3,-10],[9,0],[0,-9]],[[5152,6337],[-4,4],[-8,2],[1,7],[5,-1],[-1,10],[-5,-1],[-3,8],[3,6],[0,10],[-2,6],[-4,1],[-2,11],[4,1]],[[5136,6401],[2,-7]],[[5138,6394],[4,-2],[2,-6],[4,0],[1,-8],[3,-3],[-5,-15],[1,-6],[4,-1],[-3,-7],[3,-9]],[[5117,6434],[0,1]],[[5117,6435],[0,1]],[[5117,6436],[0,1]],[[5117,6437],[0,-3]],[[5132,6640],[-1,7],[5,1],[2,-6],[-6,-2]],[[5113,6638],[-2,-8],[-9,3],[-2,4],[-1,9],[10,0],[-1,-6],[5,-2]],[[5106,6820],[13,-7],[-1,-7]],[[5118,6806],[-10,8],[-2,6]],[[5106,6820],[-13,5],[-5,-1],[-3,9],[7,2],[3,4],[-1,8],[2,7]],[[5096,6854],[2,-5],[-2,-17],[-8,-1],[1,-3],[9,2],[4,-2],[1,-6],[3,-2]],[[5088,6858],[6,3],[2,-7]],[[5096,6854],[-7,0],[-1,4]],[[5085,6861],[3,-3]],[[5088,6858],[-3,3]],[[5029,7664],[-4,-9],[-6,-3],[-4,9],[-2,10],[6,6],[-1,3],[7,1],[3,-7],[1,-10]],[[5000,7969],[-21,-3],[2,3],[10,0],[6,3],[3,-3]],[[4975,8078],[0,-6],[-5,1],[-2,11],[7,-6]],[[5128,8306],[-5,5],[-6,-2],[-2,-6],[-8,-2],[3,-6],[1,-15],[-3,-3],[-7,-1],[-1,-5],[-10,7],[-6,-4]],[[5084,8274],[-1,1]],[[5083,8275],[-1,1]],[[5082,8276],[0,3],[-7,6],[-1,-3]],[[5074,8282],[-1,0]],[[5073,8282],[-4,1],[-3,-4],[-7,2],[-1,-23],[-3,-1],[2,-9],[14,3],[7,-10],[3,1],[1,7],[9,2],[2,-21],[5,-12],[-6,-1],[-3,4],[-9,0],[-1,-16],[-10,1],[-10,7],[1,-8],[-3,-3],[1,-9],[7,-2],[0,-11],[9,2],[17,1],[5,3],[1,-16],[3,-3],[-2,-6],[-6,-1],[-4,3],[-12,-1],[-5,1],[1,-7],[6,1],[2,-6],[-12,-2],[-4,6],[-10,-1],[-1,9],[-4,0],[-3,-9]],[[5046,8154],[-6,-1],[-4,4],[1,5],[-4,4],[-1,-9],[1,-10],[-4,-7],[1,-4],[-5,-7],[-2,-7],[3,-14]],[[5026,8108],[-3,-1],[-1,-11],[-5,-2],[0,-5],[-5,0],[-8,4],[-4,9],[0,9],[3,1],[-3,14],[-15,-4],[-3,-2],[-12,3]],[[4970,8123],[-3,-5],[-5,2],[0,5],[-7,4],[-8,-1],[-2,2],[-1,8],[-3,3],[-8,-9],[0,-13],[-1,-10],[-7,6],[-4,-5],[-5,6],[-3,-3],[-9,2],[-5,11],[-8,1],[-4,7],[-4,0],[-11,-6],[4,-5],[-4,-5],[-5,9],[-4,-1],[-1,9],[4,7],[1,9],[4,3],[0,6],[2,7],[-12,7],[-7,-5],[-3,3],[-16,-1],[-7,5],[-1,8],[-7,0],[-2,-4],[3,-5],[-3,-9],[-8,1],[4,-10],[-13,-1],[-4,11]],[[4797,8167],[2,-4],[6,1],[7,15],[0,10],[-9,12],[3,2]],[[4806,8203],[5,-2],[2,5],[-1,6],[-7,-1],[-6,5],[-6,-1],[2,-13],[-9,4],[-2,14],[7,-2],[2,4],[5,1],[-1,5],[3,4],[-3,8],[-7,-3],[-4,5],[-6,4],[-3,-7]],[[4777,8239],[-4,5],[-6,0],[-9,-5],[-10,0],[-2,4]],[[4746,8243],[7,-3],[11,4],[2,3],[6,1],[2,8],[3,6],[1,7],[3,5],[-1,9],[5,3],[3,-2],[4,6],[10,-4],[6,3],[0,8],[5,-2]],[[4813,8295],[-5,-5],[5,-8],[6,-5],[0,-13],[-3,-1],[-6,5],[-4,-7],[5,-4],[4,3],[11,1]],[[4826,8261],[1,-5],[5,1],[-1,10],[2,6],[6,1]],[[4839,8274],[-5,-6],[0,-11],[7,10],[10,2],[3,-5],[6,2],[3,-3],[-4,-11],[3,-14],[12,3],[3,-4],[5,-2],[-2,-6],[1,-10],[5,-3],[13,6],[1,2],[18,3],[5,9],[8,5],[15,1],[-1,-5],[-5,1],[-2,-5],[-5,-1],[-6,-7],[-9,-2],[-4,-7],[5,-8],[4,0],[2,-7],[8,9],[-3,11],[3,3],[8,1],[16,19],[2,-8]],[[4959,8236],[1,8],[10,-2],[1,-12],[10,9],[0,11],[5,0],[0,-12],[10,13],[10,2],[5,5],[-1,9],[-3,3],[3,6],[8,-4],[4,0],[1,11],[15,3],[4,-5],[-5,-2],[0,-8],[-7,-5],[1,-5],[-5,-3],[0,-7],[7,-5],[8,9],[-3,12],[2,8],[8,1],[2,16],[7,1],[-1,8],[6,-1],[1,-6],[10,-1],[5,6],[9,1],[0,6]],[[5087,8306],[10,-2],[0,5],[-6,8],[-4,14],[-6,-1],[-1,13],[12,2],[2,8],[4,4],[-3,8],[6,9],[2,9],[4,1],[2,-23],[-2,-5],[2,-7],[13,0],[3,-10],[-7,1],[-2,-7],[1,-7],[5,-3],[10,2],[1,-12],[-4,-1],[-1,-6]],[[4970,8123],[0,10],[-4,-1],[1,-10],[3,1]],[[4959,8236],[1,-7],[-6,-4],[1,-11],[4,-3],[7,20],[-3,5],[-4,0]],[[5092,8288],[-1,7],[-3,0],[-2,-6],[6,-1]],[[4823,8216],[-1,9],[5,1],[-5,7],[-1,-9],[-4,-5],[0,-11],[2,-4],[7,-5],[5,0],[1,9],[-9,8]],[[4873,8223],[-1,-2],[1,-13],[4,2],[1,10],[-5,3]],[[4940,8192],[-9,-1],[1,-6],[13,1],[2,-11],[10,-7],[20,4],[0,4],[6,-1],[1,-6],[4,-5],[4,16],[-9,3],[-9,12],[-1,13],[3,10],[9,5],[0,8],[-10,-6],[-8,-1],[-2,-7],[2,-7],[-3,-7],[-10,-1],[-12,-2],[5,-9],[7,0],[5,-9],[6,0],[-1,-8],[-5,0],[-4,7],[-7,-4],[-1,12],[-7,3]],[[4848,8198],[3,-5],[9,1],[-4,5],[-11,7],[3,-8]],[[4946,8204],[9,2],[3,3],[-4,5],[-5,-1],[-3,-5],[0,-4]],[[4878,8192],[6,-3],[2,-4],[7,4],[2,-3],[5,2],[1,6],[-6,2],[-12,-1],[-5,-3]],[[4907,8156],[-11,2],[-2,-8],[3,-7],[4,0],[1,7],[5,1],[1,-7],[5,-6],[0,-5],[-6,-8],[13,3],[13,9],[7,9],[-1,5],[-12,-4],[-3,11],[7,-1],[2,6],[-2,5],[-4,4],[-5,-2],[-1,-4],[-4,-6],[-8,2],[-2,-6]],[[4888,8159],[-5,4],[-6,-1],[0,-8],[11,5]],[[4946,8153],[-3,-6],[6,-3],[0,7],[-3,2]],[[5021,8161],[-4,-2],[-2,-12],[-4,-7],[3,-2],[5,6],[-1,5],[3,12]],[[4995,8132],[-5,-4],[-2,4],[-7,0],[-4,7],[-2,-4],[2,-11],[12,1],[6,7]],[[4905,8537],[0,1]],[[4905,8538],[2,5],[9,0],[5,-5],[-1,-13],[-5,0],[-1,9],[-2,3],[-7,0]],[[4879,8772],[0,6]],[[4879,8778],[0,-6]],[[4897,8830],[1,1]],[[4898,8831],[-1,-1]],[[4897,8836],[1,-5]],[[4898,8831],[-1,-1]],[[4897,8830],[0,6]],[[4882,8835],[5,6],[3,2],[1,-14],[-5,0],[-4,6]],[[4879,8860],[1,-1]],[[4880,8859],[-3,-12],[-9,-4],[-6,1],[0,4],[8,1],[-1,10],[2,6],[4,0],[4,-5]],[[4895,8865],[-2,0]],[[4893,8865],[2,0]],[[4879,8864],[1,-5]],[[4880,8859],[-1,1]],[[4879,8860],[0,4]],[[4879,8864],[-7,4]],[[4872,8868],[1,6],[10,-2],[-4,-4],[0,-4]],[[4876,9011],[3,8],[6,0],[2,-4],[-11,-4]],[[4857,9102],[-1,4],[2,10],[7,-1],[17,2],[11,0],[2,-5],[-7,-3],[-11,-2],[-1,4],[-8,-8],[-1,2],[-10,-3]],[[5745,1251],[5,-8],[-9,0]],[[5741,1243],[4,8]],[[5769,1303],[-6,-9],[-3,5],[9,4]],[[5769,1303],[-7,5]],[[5762,1308],[7,-5]],[[5742,1460],[4,-7],[-4,-3],[-5,1],[5,9]],[[5748,1522],[3,-4],[-12,-4],[-11,-1],[6,8],[10,-1],[4,2]],[[5739,1546],[1,0]],[[5740,1546],[1,-1]],[[5741,1545],[0,-14],[-6,-2],[-1,13],[5,4]],[[5741,1545],[-1,1]],[[5740,1546],[-1,0]],[[5739,1546],[-1,4]],[[5738,1550],[3,-5]],[[5661,1953],[-6,-1],[-1,8],[-4,7],[5,1],[2,-5],[5,-4],[-1,-6]],[[5607,2587],[-5,-5]],[[5602,2582],[5,5]],[[5607,2587],[4,3]],[[5611,2590],[-4,-3]],[[5611,2590],[2,7]],[[5613,2597],[-2,-7]],[[5417,4315],[1,-9],[-4,0],[0,8],[3,1]],[[5403,4415],[1,-1]],[[5404,4414],[1,-1]],[[5405,4413],[-2,-12],[5,-6],[8,2],[0,4],[3,8],[10,1],[2,-20],[-14,-1],[-7,-6],[-15,11],[1,5],[5,2],[0,6],[-5,3],[-2,-6],[-10,-1],[-1,3],[-6,-3],[-8,-1],[1,-5],[11,7],[1,-7]],[[5382,4397],[-5,-2],[1,-5],[4,-4],[5,0],[1,-6],[-8,-3],[-2,6],[-8,0],[1,-5],[5,0],[5,-2],[1,-7],[18,0],[1,-3],[-8,-4],[-3,3]],[[5390,4365],[2,-4],[0,-9],[-5,-2],[-9,3],[7,-18],[6,4],[5,-1],[2,-4],[-8,-2],[-2,-4],[0,-7],[5,-2]],[[5393,4319],[4,-4],[1,-6],[-4,-4],[1,-10],[8,-1],[0,-4],[6,-4],[-1,-4],[7,-2],[2,-6],[-6,-2],[1,-6],[4,-5],[5,0],[6,-7],[-9,-1],[-2,-6],[4,-7],[7,-5],[1,-5],[5,-6],[7,0],[5,-3],[6,2],[4,-6],[10,2],[0,3],[6,5]],[[5471,4227],[-2,-7],[-5,-4],[-13,0],[-6,-5],[-8,0],[-11,-4],[-4,-4],[-1,11],[-6,0],[-4,5],[-1,6],[-7,8],[-13,9],[-4,5],[0,6],[-8,20],[-5,1],[-5,6],[-1,5],[-4,3],[-1,13],[-5,4],[-5,8],[-1,8],[2,11],[8,23],[7,27],[-3,12],[-4,4],[1,8],[-7,-3],[3,-10],[-5,-3],[-1,-4],[-9,-3],[0,6],[-7,4],[-2,16],[-3,4],[-3,10],[-9,0],[-3,4],[7,6],[2,-5],[10,-6],[3,-6],[0,-5],[2,-16],[4,-5],[4,2],[-2,8],[4,11],[12,-3],[8,-4],[6,0],[4,4],[2,17],[6,-1],[15,-9]],[[5417,4333],[-3,8],[5,2],[4,-3],[0,-6],[-6,-1]],[[5405,4413],[-1,1]],[[5404,4414],[-1,1]],[[5403,4415],[3,7],[6,-8],[-7,-1]],[[5408,4436],[6,1],[0,-4],[-6,-1],[0,4]],[[5404,4487],[0,-6],[-5,-2],[-3,6],[-12,11]],[[5384,4496],[-7,0]],[[5377,4496],[-1,7],[5,5],[11,3],[-4,-8],[1,-10],[7,-6],[8,0]],[[5290,5560],[-3,3]],[[5287,5563],[3,-3]],[[5283,5566],[4,-3]],[[5287,5563],[-4,3]],[[5266,5625],[-4,9],[5,1],[2,-6],[-3,-4]],[[5262,5639],[1,0]],[[5263,5639],[-1,0]],[[5263,5639],[-1,0]],[[5262,5639],[1,0]],[[5234,5799],[9,3],[-2,-6],[-6,-1],[-1,4]],[[5219,6091],[-4,3],[5,6],[6,-1],[0,-5],[-7,-3]],[[5207,6104],[9,0],[-5,-6],[-10,8],[-2,9],[3,5],[2,-10],[3,-6]],[[5221,6125],[-6,0],[-3,4],[5,6],[4,-4],[0,-6]],[[5190,6224],[-3,-3],[-6,2],[-7,4],[6,6],[10,-9]],[[5195,6240],[-3,3],[5,7],[3,-6],[-5,-4]],[[5134,6615],[-3,2],[1,6],[4,0],[3,-6],[10,-1],[3,-6],[-9,2],[-1,-3],[-8,6]],[[5144,6798],[5,0]],[[5149,6798],[-5,0]],[[5140,6799],[4,0]],[[5144,6799],[0,-1]],[[5144,6798],[-4,1]],[[4999,8268],[0,-9],[-7,-5],[0,8],[7,6]],[[4949,8606],[-1,-7],[6,-2],[1,-5],[-4,-9],[3,-8],[5,4]],[[4959,8579],[-6,-11],[14,1],[-1,-8],[-4,-4],[-7,-1],[-3,6],[-4,-8],[1,-5],[-8,-1],[-4,9],[-9,-10],[-4,8],[9,0],[1,6],[4,1],[2,-6],[9,2],[2,10],[-2,16],[3,12],[-8,1],[-1,11],[6,-2]],[[4949,8606],[6,-2],[5,8],[-1,7],[8,0],[2,-7],[4,2]],[[4973,8614],[1,-5],[-7,-1],[-5,3],[-5,-4],[-1,-5],[-7,4]],[[4945,8755],[-2,10],[4,-1],[2,-10],[-4,1]],[[4905,8836],[-8,0]],[[4897,8836],[0,8],[4,1],[-3,8],[4,8],[7,1],[3,-10],[-3,-6],[1,-7],[-5,-3]],[[4915,8879],[1,0]],[[4916,8879],[-2,-1]],[[4914,8878],[1,1]],[[4913,8881],[2,-1]],[[4915,8880],[0,-1]],[[4915,8879],[-1,-1]],[[4914,8878],[-3,1]],[[4911,8879],[2,2]],[[4915,8888],[-6,-4]],[[4909,8884],[2,-5]],[[4911,8879],[-2,-7],[-5,-2]],[[4904,8870],[-6,0],[-3,-5]],[[4895,8865],[-2,0]],[[4893,8865],[3,9],[1,6],[3,5],[0,4],[7,2],[8,-3]],[[4904,8870],[1,10],[-5,-2],[-3,-5],[7,-3]],[[4916,8879],[-1,1]],[[4915,8880],[-2,1]],[[4913,8881],[3,-2]],[[4891,9054],[1,6]],[[4892,9060],[3,-3]],[[4895,9057],[-4,-3]],[[5794,1278],[3,2],[2,-10],[-4,-1],[-1,9]],[[5757,1436],[1,0]],[[5758,1436],[1,-1]],[[5759,1435],[1,-1]],[[5760,1434],[-5,-4]],[[5755,1430],[2,6]],[[5760,1434],[-1,1]],[[5759,1435],[-1,1]],[[5758,1436],[-1,0]],[[5757,1436],[3,-2]],[[5757,1568],[4,1]],[[5761,1569],[5,-5],[-5,-6],[-18,0],[0,5],[10,0],[-1,6],[5,-1]],[[5759,1572],[2,-3]],[[5761,1569],[-4,-1]],[[5757,1568],[2,4]],[[5762,1578],[2,-1]],[[5764,1577],[-5,-5]],[[5759,1572],[3,6]],[[5764,1577],[-2,1]],[[5762,1578],[1,6]],[[5763,1584],[7,-2],[0,-5],[-6,0]],[[5764,1593],[6,2],[0,-7]],[[5770,1588],[-7,-4]],[[5763,1584],[-10,0],[5,8],[0,5],[5,3],[1,-7]],[[5448,4320],[-6,0]],[[5442,4320],[3,2]],[[5445,4322],[3,-2]],[[5442,4320],[3,2]],[[5445,4322],[-3,-2]],[[5446,4381],[1,1]],[[5447,4382],[-1,-1]],[[5446,4381],[-3,2]],[[5443,4383],[4,-1]],[[5447,4382],[-1,-1]],[[5417,4460],[1,9],[3,-2],[8,1],[-1,-4],[-9,-2],[-2,-2]],[[5411,4530],[-1,-6],[-11,-6],[-2,5],[4,2],[2,7],[8,-2]],[[5414,4542],[-1,10],[6,8]],[[5419,4560],[-1,-11],[-4,-7]],[[5316,5475],[0,1]],[[5316,5476],[0,-1]],[[5316,5476],[0,-1]],[[5316,5475],[-2,4]],[[5314,5479],[2,-3]],[[5309,5484],[1,0]],[[5310,5484],[4,-5]],[[5314,5479],[-5,5]],[[5310,5484],[-1,0]],[[5309,5484],[1,3]],[[5310,5487],[0,-3]],[[5306,5656],[3,-2]],[[5309,5654],[-3,2]],[[5294,5689],[-11,6],[-1,7],[8,-3],[4,-6],[0,-4]],[[5284,5747],[-5,3],[-10,-5],[1,6],[18,3],[-4,-7]],[[5271,5852],[2,7],[4,1],[3,-5],[-9,-3]],[[5265,5952],[-1,6],[6,1],[0,-7],[-5,0]],[[5238,6066],[-3,1]],[[5235,6067],[3,-1]],[[5231,6190],[9,-1],[-1,-5],[-5,0],[-3,6]],[[5221,6472],[0,-1]],[[5221,6471],[0,1]],[[5203,6613],[3,2],[1,-13],[-6,5],[2,6]],[[5192,6701],[1,-1]],[[5193,6700],[1,-5],[6,-5],[8,-1]],[[5208,6689],[0,-5]],[[5208,6684],[-8,0],[-2,5],[-7,1],[-5,3],[-2,10],[4,4]],[[5188,6707],[1,-3]],[[5189,6704],[3,-3]],[[5193,6700],[-1,1]],[[5192,6701],[1,-1]],[[5188,6707],[1,-3]],[[5189,6704],[-1,3]],[[5180,6745],[5,0],[-6,-8],[-3,0],[-4,10],[2,2],[-3,9],[-6,6],[7,2],[1,-6],[3,-2],[4,-13]],[[5169,6805],[6,1],[1,-4]],[[5176,6802],[-7,3]],[[5176,6894],[-7,-3],[-3,-7],[-6,-3],[0,9],[-4,13],[6,-4],[9,-1],[5,-4]],[[5152,6908],[1,-1]],[[5153,6907],[-1,1]],[[5152,6908],[1,-1]],[[5153,6907],[-1,1]],[[5171,6954],[-7,-6],[0,8],[7,-2]],[[5138,7123],[1,2]],[[5139,7125],[-1,-2]],[[5139,7125],[-1,-2]],[[5138,7123],[1,2]],[[5140,7148],[1,-1]],[[5141,7147],[-1,1]],[[5141,7147],[-1,1]],[[5140,7148],[1,-1]],[[5074,7814],[2,5],[4,-4],[-3,-4],[-3,3]],[[5048,7968],[-7,0],[0,5],[6,3],[6,-2],[-5,-6]],[[5056,8092],[-1,-4],[-9,1],[1,-7],[-4,-5],[-2,9],[-5,5],[0,7],[7,2],[9,-1],[4,3],[2,-7],[-2,-3]],[[5026,8108],[1,6],[10,13],[11,4],[1,6],[6,1],[6,-5],[-2,-8],[-8,-3],[-3,3],[-6,-21],[-11,2],[-5,2]],[[5009,8500],[5,-12],[-11,-9],[-7,-1],[-2,7]],[[4994,8485],[7,0],[6,3],[2,12]],[[5008,8506],[2,-5],[4,-1]],[[5014,8500],[-5,0]],[[5009,8500],[-14,-2],[-2,4],[-5,-3],[-6,-8],[-2,11],[2,4],[7,0],[7,-4],[9,2],[3,2]],[[4973,8614],[2,9],[-2,7],[4,2]],[[4977,8632],[0,-5],[8,-7],[-1,-4],[-11,-2]],[[4977,8632],[2,7],[6,4],[0,-5]],[[4985,8638],[0,-2]],[[4985,8636],[-8,-4]],[[4970,8738],[-3,-6]],[[4967,8732],[-2,6],[5,0]],[[4946,8792],[3,7],[3,-5],[-6,-2]],[[4973,8971],[-2,-6],[-5,0],[0,-20],[-2,-4]],[[4964,8941],[-1,-2]],[[4963,8939],[-3,-8],[-4,1],[-13,-21],[-9,-4],[-1,-4],[-8,-2],[-4,-11],[-6,-2]],[[4915,8888],[0,16],[2,4],[3,-1]],[[4920,8907],[12,2],[4,9],[6,1],[6,12],[5,2],[0,4],[7,5],[0,6],[-8,0]],[[4952,8948],[7,1],[4,6],[-1,11],[8,2],[3,3]],[[4920,8907],[-3,-1],[0,-7],[5,-2],[-2,10]],[[4955,8965],[-8,-6],[-3,8],[8,6],[3,-8]],[[4956,9041],[-6,-1],[1,6]],[[4951,9046],[5,-5]],[[4920,9057],[2,1]],[[4922,9058],[-2,-1]],[[5801,1525],[-3,0],[-2,8],[-4,4],[-9,0],[0,7],[7,-2],[-3,8],[4,5],[2,-13],[10,0],[0,-8],[3,-1],[1,-8],[-6,0]],[[5476,4228],[-5,-1]],[[5471,4227],[5,1]],[[5477,4262],[2,8],[5,-5],[-2,-6],[-5,3]],[[5481,4278],[3,5],[5,0],[1,-8],[-3,-4],[-5,0],[-1,7]],[[5471,4278],[-5,-2],[-8,6],[6,6],[8,3],[2,-14],[-3,1]],[[5460,4398],[2,-2]],[[5462,4396],[-5,-2]],[[5457,4394],[3,4]],[[5454,4395],[-1,1]],[[5453,4396],[1,-1]],[[5454,4395],[0,1]],[[5454,4396],[3,-2]],[[5457,4394],[-3,1]],[[5481,4404],[-2,-2]],[[5479,4402],[2,2]],[[5454,4396],[-1,0]],[[5453,4396],[1,0]],[[5469,4398],[-2,-2]],[[5467,4396],[-5,0]],[[5462,4396],[-2,2]],[[5460,4398],[5,6],[-1,5],[-5,2],[0,6],[5,5],[4,-7],[-1,-5],[2,-12]],[[5478,4452],[1,-7],[4,-3],[-8,-11],[-6,3],[-1,7],[-7,6],[-1,8],[8,17],[16,-7],[-4,-5],[-2,-8]],[[5340,5431],[2,-7],[4,-1],[2,-11],[8,-3],[0,-7],[7,-6],[7,1],[1,6],[6,-2],[-7,-6],[-12,0],[-4,6],[0,8],[-7,1],[-3,3],[-5,-1],[-1,7],[-6,5],[-4,0],[-1,8],[6,3],[7,-4]],[[5356,5531],[-8,-11],[-12,2],[-2,14],[6,3],[7,0],[7,-4],[2,-4]],[[5349,5601],[-6,-3],[-3,8],[7,1],[2,-6]],[[5318,5652],[-4,0]],[[5314,5652],[4,0]],[[5314,5652],[-5,2]],[[5309,5654],[5,-2]],[[5312,5940],[-4,-6],[-1,13],[7,2],[-2,-9]],[[5221,6471],[0,1]],[[5221,6472],[1,8],[-7,0],[4,9],[8,2],[6,0],[2,-14],[-5,-8],[1,-6],[-7,1],[-3,7]],[[5224,6553],[4,0],[1,-7],[-7,-1],[2,8]],[[5227,6655],[-4,2],[-3,6],[8,4],[-1,-12]],[[5211,6691],[4,0],[3,-6],[-3,-3],[-4,9]],[[5211,6691],[-3,-2]],[[5208,6689],[3,2]],[[5208,6757],[-4,9]],[[5204,6766],[6,-4],[-2,-5]],[[5204,6852],[0,-5],[-7,-2],[2,7],[5,0]],[[5200,6914],[4,1],[4,-7],[-8,0],[0,6]],[[5175,6939],[2,-11],[7,2],[1,-4],[-6,-6],[-7,6],[-2,18],[5,-5]],[[5198,6951],[-8,-4],[0,5],[8,-1]],[[5172,7152],[3,-3]],[[5175,7149],[-2,1]],[[5173,7150],[-1,2]],[[5155,7275],[-3,-7],[-5,14],[3,3],[5,-10]],[[5159,7283],[6,4],[1,-6],[-6,-3],[-1,5]],[[5139,7326],[1,-1]],[[5140,7325],[-1,1]],[[5140,7325],[-1,1]],[[5139,7326],[1,-1]],[[5127,7394],[0,8],[4,-2],[-4,-6]],[[5137,7424],[-1,-1]],[[5136,7423],[1,1]],[[5137,7424],[-1,-1]],[[5136,7423],[1,1]],[[5110,7506],[5,1],[3,-9],[-3,-4]],[[5115,7494],[-9,-11],[7,1],[5,-2]],[[5118,7482],[5,-3],[-1,-5],[13,0],[2,-18],[-3,-3]],[[5134,7453],[-10,2],[1,7],[-7,12],[-5,4],[-4,-3],[-8,7],[2,5],[5,0],[5,8],[1,11],[-4,0]],[[5118,7482],[1,9],[-4,3]],[[5115,7494],[7,-3],[-1,-5]],[[5121,7486],[-3,-4]],[[5108,7545],[1,7],[4,2],[1,-10],[-6,1]],[[5077,8002],[-2,-4],[-11,2],[1,12],[-1,8],[5,1],[9,-3],[3,7],[11,-8],[0,-7],[-10,-4],[-5,-4]],[[5067,8053],[-1,-3],[-7,0],[-5,14],[14,4],[2,-11],[-3,-4]],[[5045,8360],[-5,5],[-12,4],[-3,5],[0,12],[5,3],[0,6],[7,4],[9,2],[3,7]],[[5049,8408],[8,-13],[-20,-1],[0,-13],[-1,-7],[1,-6],[8,0],[0,-8]],[[5020,8421],[-2,6],[7,3],[0,-11],[-5,2]],[[5013,8667],[4,-14],[-2,-8],[-4,-4],[-12,-9],[-7,2],[-6,-3],[-1,5]],[[4985,8636],[0,2]],[[4985,8638],[8,2],[7,-5],[-1,13],[7,-3],[5,3],[0,9],[-3,3],[5,7]],[[5016,8665],[3,0]],[[5019,8665],[-3,0]],[[5016,8665],[-3,2]],[[5013,8667],[3,-2]],[[4980,8823],[6,7],[3,-4]],[[4989,8826],[-9,-3]],[[4998,8946],[1,-1]],[[4999,8945],[-3,-6],[-15,3],[16,3],[1,1]],[[4963,8939],[1,2]],[[4964,8941],[-1,-2]],[[5808,1571],[-1,4],[3,10],[4,-6],[-6,-8]],[[5814,1611],[0,-3],[-7,-6],[-5,7],[12,2]],[[5770,2045],[-3,-8]],[[5767,2037],[-1,6],[4,2]],[[5770,2045],[7,4],[2,4],[4,1]],[[5783,2054],[-8,-8],[-5,-1]],[[5749,2234],[0,1]],[[5749,2235],[8,-3],[2,-16],[3,0],[5,-10],[-3,-3],[5,-6],[0,-13],[-4,-3],[1,-5],[-2,-3],[0,-7],[-7,1],[-4,-6],[2,-13],[-5,-4],[1,-4],[7,-6],[-3,-8],[1,-11],[4,-9],[7,2],[8,-6],[7,-15],[1,-12],[-2,-3],[-7,8],[0,11],[-3,7],[-22,-7],[-4,7],[-4,12],[-5,-4],[1,-14],[-6,-14],[-2,14],[1,4],[0,10],[7,5],[-2,6],[0,12],[11,3],[1,11],[-1,8]],[[5746,2151],[5,3],[3,13],[-1,12],[7,-1],[3,3],[0,10],[1,4],[-2,10],[-5,8],[-1,8],[-5,7],[-2,6]],[[5749,2178],[1,-15],[-5,-7],[1,-5]],[[5746,2151],[-3,-1],[-3,-11],[-8,1],[-1,4],[3,10],[6,9],[3,8],[6,7]],[[5749,2178],[3,7],[-1,8],[-9,-1],[1,13],[-4,5],[-1,12]],[[5738,2222],[3,-11],[4,-2],[2,-9],[4,-1],[4,-12],[-6,-9]],[[5749,2235],[0,-1]],[[5749,2234],[0,1]],[[5499,4258],[2,-6],[-7,0],[5,6]],[[5515,4273],[-2,9],[9,1],[4,-3],[-6,-9],[-5,2]],[[5479,4402],[2,2]],[[5481,4404],[-2,-2]],[[5484,4452],[4,6],[3,-8],[-7,2]],[[5483,4595],[0,2]],[[5483,4597],[2,3]],[[5485,4600],[-2,-5]],[[5483,4597],[2,3]],[[5485,4600],[-2,-3]],[[5356,5531],[5,5],[11,-1],[-7,-10],[-9,6]],[[5357,5620],[2,7],[6,3],[3,-4],[-11,-6]],[[5327,5829],[-6,3]],[[5321,5832],[6,-3]],[[5344,5886],[0,-10],[-10,5],[0,4],[6,2],[4,-1]],[[5320,5943],[2,-1]],[[5322,5942],[5,-4],[-2,-5],[-8,6],[3,4]],[[5345,5937],[-12,-4],[-5,4],[3,7],[12,1],[2,-8]],[[5322,5942],[-2,1]],[[5320,5943],[2,-1]],[[5315,6000],[2,6],[6,3],[0,-6],[-8,-3]],[[5320,6018],[-8,5],[11,1],[-3,-6]],[[5286,6206],[-6,0]],[[5280,6206],[6,0]],[[5273,6513],[5,4],[2,-9],[-5,-2],[-2,7]],[[5265,6604],[-8,-2],[3,6],[5,-4]],[[5258,6615],[0,-4]],[[5258,6611],[-2,0]],[[5256,6611],[-3,-7],[2,-5],[1,-8],[-3,-7],[1,-6],[7,1]],[[5261,6579],[0,-4],[7,1],[1,-7],[-9,-1],[-4,6],[-8,7],[-3,-9],[1,-4],[-8,-1],[-1,15],[2,2],[10,2],[1,3],[-2,23],[-2,9],[-8,6],[0,6],[-7,1],[-6,6],[3,9],[6,-4],[0,-5],[6,-6],[6,-12],[6,0],[1,-6],[5,-1]],[[5258,6615],[0,9],[2,12],[-1,6]],[[5259,6642],[4,-8],[6,0],[-1,-10],[1,-4],[-2,-5],[-5,4],[-4,-4]],[[5240,6687],[-9,-3],[-5,1],[0,9],[14,-7]],[[5264,6703],[1,-11],[-8,2],[-11,-2],[-1,7],[5,-1],[3,4],[11,1]],[[5246,6704],[-2,9],[5,-1],[2,-7],[-5,-1]],[[5240,6719],[-3,9],[5,1],[1,-10],[-3,0]],[[5246,6775],[-12,2],[1,3],[8,1],[3,-6]],[[5241,6790],[2,-2]],[[5243,6788],[-2,2]],[[5241,6790],[-3,1]],[[5238,6791],[3,-1]],[[5217,6806],[1,-7],[8,1],[2,-7],[-14,-2],[-4,-5],[-4,-1],[-3,7],[10,3],[0,5],[-9,-4],[-4,14],[8,8],[-1,5],[-5,0],[-3,5],[9,2],[7,-10],[-6,-7],[-1,-6],[4,-4],[5,3]],[[5211,6876],[3,-9],[-4,-2],[-5,4],[6,7]],[[5216,6900],[0,-2]],[[5216,6898],[-1,-2]],[[5215,6896],[0,-1]],[[5215,6895],[-2,-2],[-1,6],[4,1]],[[5216,6898],[2,-2]],[[5218,6896],[-3,-1]],[[5215,6895],[0,1]],[[5215,6896],[1,2]],[[5202,6998],[-5,-2],[-2,11],[7,-9]],[[5216,7029],[-6,-7],[-5,5],[8,6],[3,-4]],[[5195,7036],[4,2],[0,-9],[-12,-1],[8,8]],[[5207,7062],[-2,0]],[[5205,7062],[2,0]],[[5205,7062],[2,0]],[[5207,7062],[-2,0]],[[5173,7228],[8,6],[3,10],[7,-3],[-6,-8],[1,-3],[-13,-2]],[[5174,7239],[-6,-6],[-3,11],[10,8],[4,-8],[-5,-5]],[[5159,7398],[3,1]],[[5162,7399],[-3,-1]],[[5159,7398],[-1,7]],[[5158,7405],[4,-6]],[[5162,7399],[-3,-1]],[[5153,7430],[3,7],[-1,7]],[[5155,7444],[1,-5],[-3,-9]],[[5155,7444],[-5,1],[-2,6],[7,0],[0,-7]],[[5174,7565],[0,-9],[-2,-2],[3,-11],[-5,-18],[-7,-14],[2,-8],[-9,-2],[8,-9],[1,-6],[4,-2],[1,-9],[2,-2],[0,-8],[-5,-5],[-5,1],[3,8],[0,4],[-7,3],[-2,-11],[-5,4],[5,7],[-4,3],[-1,12],[-4,0],[0,-6],[-9,1],[2,8],[8,15],[-1,5],[9,0],[-1,-6],[6,2],[1,6],[-12,11],[11,1],[0,6],[10,9],[-1,6],[4,16]],[[5081,8109],[3,2],[2,-11],[-5,-1],[0,10]],[[5082,8276],[1,-1]],[[5083,8275],[1,-1]],[[5084,8274],[-2,2]],[[5073,8282],[1,0]],[[5074,8282],[-1,0]],[[5087,8306],[-9,1],[4,7],[-2,2]],[[5080,8316],[2,0]],[[5082,8316],[5,-10]],[[5082,8316],[-2,0]],[[5080,8316],[2,0]],[[5057,8335],[14,-2],[4,-7]],[[5075,8326],[-4,-4],[-5,-1],[1,-7],[-7,2],[-5,13],[2,6]],[[5075,8326],[2,8],[-2,5]],[[5075,8339],[3,-6],[-3,-7]],[[5049,8408],[0,6],[6,1],[-1,5],[4,3]],[[5058,8423],[1,-1]],[[5059,8422],[-1,-6],[-3,-5],[-6,-3]],[[5079,8438],[-3,-8],[-4,2],[4,8],[3,-2]],[[5065,8462],[3,10],[2,-8],[-5,-2]],[[5047,8537],[4,0],[1,-7],[-5,-1],[0,8]],[[5019,8665],[1,7],[8,-3]],[[5028,8669],[-1,-15],[-3,0],[0,11],[-5,0]],[[5028,8669],[3,-2],[9,1],[1,-3],[7,1]],[[5048,8666],[-2,12],[4,4],[3,-4],[-4,-6],[4,-8],[-2,-5],[-9,3],[-4,-3],[-10,7],[0,3]],[[5048,8738],[-1,-6],[3,-7],[-8,1],[-4,-5],[2,-4],[9,2],[4,-3],[2,-5],[-11,-12],[-7,-1],[-5,3],[-2,-9],[2,-3],[5,1],[-1,-7]],[[5036,8683],[-3,4],[-6,4],[4,11],[4,3],[0,8],[1,8],[7,9],[1,5],[-2,8],[5,2],[1,-7]],[[4999,8945],[-1,1]],[[4998,8946],[1,-1]],[[5009,9059],[-1,-2]],[[5008,9057],[1,2]],[[5001,9084],[10,0]],[[5011,9084],[-10,0]],[[5001,9084],[-3,6]],[[4998,9090],[3,-6]],[[5842,1597],[1,0]],[[5843,1597],[-1,0]],[[5843,1597],[-1,0]],[[5842,1597],[1,0]],[[5857,1613],[2,-12],[-7,2],[1,5],[4,5]],[[5859,1629],[-7,2],[1,6],[5,-1],[1,-7]],[[5861,1687],[0,-1]],[[5861,1686],[-5,1],[-1,10],[3,-1],[3,-9]],[[5783,2054],[5,8],[5,-1]],[[5793,2061],[-4,-3],[0,-5],[-6,1]],[[5547,4286],[-5,-4],[-3,8],[4,0],[4,-4]],[[5529,4382],[3,-7],[-8,-1],[1,7],[4,1]],[[5520,4392],[4,0],[5,-6],[-8,-1],[-1,7]],[[5548,4403],[-4,4]],[[5544,4407],[4,-4]],[[5418,5370],[4,1],[3,-6],[-1,-6],[-12,0],[-1,9],[1,8],[4,4],[2,-10]],[[5416,5489],[0,-7],[-5,0],[-6,8],[1,4],[10,-5]],[[5414,5503],[7,0],[0,-6],[-6,-1],[-1,7]],[[5416,5520],[3,-7],[-8,-1],[0,6],[5,2]],[[5380,5519],[-1,13],[8,0],[1,-7],[7,1]],[[5395,5526],[-4,-6],[-11,-1]],[[5400,5577],[4,-7],[-7,-2],[3,9]],[[5361,5890],[-3,1],[-1,8],[6,2],[1,-6],[-3,-5]],[[5359,5929],[-4,3]],[[5355,5932],[4,-3]],[[5371,5950],[-7,2],[6,9],[3,-4],[-2,-7]],[[5341,6044],[-3,1],[-3,9],[5,0],[3,-4],[-2,-6]],[[5330,6112],[-7,2],[-1,4],[4,10],[8,-1],[-4,-15]],[[5365,6169],[-4,7],[-9,-7],[-9,-2],[-6,8],[-7,-1],[-3,-5],[-5,-1],[-10,2],[-3,6],[-10,4]],[[5299,6180],[6,1],[4,-4],[5,4],[13,0],[10,0],[5,-3],[0,-6],[11,-1],[6,6],[5,-2],[1,-6]],[[5321,6211],[-2,-1],[-8,7],[2,4],[6,1],[6,-4],[-4,-7]],[[5328,6234],[6,2],[2,-7],[-6,-3],[-2,8]],[[5328,6234],[-5,4]],[[5323,6238],[5,-4]],[[5323,6238],[-10,1],[-2,3],[9,1],[3,-5]],[[5316,6283],[1,-1]],[[5317,6282],[1,-2]],[[5318,6280],[-2,3]],[[5317,6282],[-1,1]],[[5316,6283],[-1,9]],[[5315,6292],[4,-5],[-1,-7]],[[5318,6280],[-1,2]],[[5290,6450],[1,7],[6,3],[1,-9],[-8,-1]],[[5305,6477],[2,-9],[-5,0],[-1,6],[4,3]],[[5318,6495],[-3,2]],[[5315,6497],[3,-2]],[[5292,6696],[-10,0],[0,8],[5,0],[5,-8]],[[5264,7288],[-3,-7],[1,-13],[-1,-4],[-7,2]],[[5254,7266],[2,-14]],[[5256,7252],[-5,8],[-4,-2],[3,-14],[4,0],[1,-14],[4,-6],[5,3],[9,-6],[-1,9],[-7,11],[9,0],[-1,4],[-9,7],[-1,14],[5,4],[0,15],[4,4],[6,-1],[3,2],[-2,11],[6,7],[-8,6],[-7,-2],[-1,6],[8,-3],[-1,14],[3,6],[7,-6],[2,-7],[-2,-3],[3,-17],[-1,-7],[-5,-2],[-4,-11],[4,0],[1,-6],[-9,-3],[-3,-5],[-1,-13],[6,-5]],[[5277,7250],[1,-2]],[[5278,7248],[2,-4],[1,-9],[-9,-18],[5,-2]],[[5277,7215],[1,-1]],[[5278,7214],[6,-5],[3,-8],[-3,-3],[1,-7],[-2,-8],[6,-9],[6,-2],[0,-9],[-2,-9],[-5,-5],[1,-8],[8,-4],[2,-7],[-4,-2]],[[5295,7128],[0,6],[-14,5],[4,6],[-1,8],[-7,2],[-5,-11],[0,-9],[4,-1],[-2,-11],[5,-4],[10,-5],[9,3],[0,-5],[-7,-6],[2,-10],[3,2]],[[5296,7098],[5,-5],[10,0],[4,5],[-2,3],[-1,13],[3,4],[-2,9],[2,2]],[[5315,7129],[-1,5],[6,3]],[[5320,7137],[3,-9],[6,2],[2,4],[4,-7],[-3,-8],[-1,-9],[4,-2]],[[5335,7108],[8,-12],[-4,-2],[2,-6],[-4,-2],[-4,4],[5,8],[-7,1],[-7,-1],[2,-7],[4,0],[2,-7],[4,0],[2,-13],[6,-5],[4,1],[-2,11],[6,0]],[[5352,7078],[-3,-3],[1,-11],[-4,-7],[0,-13],[-2,-4]],[[5344,7040],[1,22],[-8,6],[-3,7],[-3,0],[-1,9],[-6,0],[-1,5],[-8,6],[-2,-18],[-5,-2],[-3,-18],[4,0],[1,-6],[-10,8],[-1,4],[-8,-1],[-4,-6],[7,-5],[1,-15],[-2,0],[2,-12],[4,-1],[0,3],[1,3],[6,1]],[[5306,7030],[-5,-6],[0,-2],[-4,0],[3,-19],[2,0]],[[5302,7003],[0,-3]],[[5302,7000],[3,2]],[[5305,7002],[4,2],[1,-10],[-3,-8],[-1,-11],[1,-9],[-1,-5],[5,-5],[-11,-12],[-1,-3],[4,-6],[1,-6],[-5,-8]],[[5299,6921],[-4,0],[1,-11],[5,1],[3,-4],[4,1],[3,-6]],[[5311,6902],[-4,-2]],[[5307,6900],[-10,-6],[0,13],[-7,-9],[8,-10],[4,3],[2,-8],[3,-4],[1,-7]],[[5308,6872],[1,-1]],[[5309,6871],[4,-5],[2,-15],[3,-6],[-9,0],[0,-7],[6,-1],[0,5],[5,1],[3,13],[12,0],[7,8],[-3,12],[4,4],[-1,4],[12,2],[-3,11]],[[5351,6897],[4,-3],[1,-8],[-10,-4],[-4,-6],[3,-10],[-5,-7],[0,-4]],[[5340,6855],[-5,-2],[-2,-10],[-4,0],[-3,-9],[-8,-1],[-2,-5],[-8,-9],[-1,-5],[-5,1],[-1,-6],[1,-8],[-3,-9],[2,-4],[-1,-10],[4,-14],[1,-16],[4,0],[2,-6],[-5,-2],[0,-6],[3,-10],[5,-10],[2,-8],[6,0],[1,-8],[-3,-1],[1,-13],[-4,-4],[-1,-5],[-7,-9],[2,-11],[-3,-5],[-10,-6],[-3,-8],[4,-10],[2,-12],[11,6],[2,5],[5,5],[5,2],[0,-7],[7,-9],[2,5],[-2,4],[3,9],[-3,7],[1,5]],[[5332,6646],[1,7]],[[5333,6653],[2,-1],[6,10],[2,-4],[-3,-15],[1,-8],[-5,-2],[7,-18],[4,1],[2,-20],[-5,0],[-4,-6],[0,-6],[6,-2]],[[5346,6582],[-3,-2],[1,-13],[-5,-7],[4,-9],[-4,-5],[2,-16]],[[5341,6530],[9,0],[2,-4],[-9,0],[3,-9]],[[5346,6517],[4,-9],[5,7]],[[5355,6515],[0,-1]],[[5355,6514],[-1,-2]],[[5354,6512],[0,-4],[4,-4]],[[5358,6504],[-5,-2],[-7,-9],[-1,5]],[[5345,6498],[-7,-1],[-2,-14],[6,-1],[6,3],[3,-4],[-8,-2],[-4,-2],[1,-13],[8,-15],[1,-12],[3,-11],[8,-1],[0,-16],[-2,-2]],[[5358,6407],[-3,-5],[7,-15],[4,-3],[4,5],[10,1],[2,-9],[11,-2],[0,9]],[[5393,6388],[1,-10],[-12,0]],[[5382,6378],[5,-5],[3,-8],[-8,-16],[-1,-7],[4,-13],[-4,-3],[-14,-3],[-4,30],[-3,3],[-2,9],[-4,0],[1,10],[-4,2],[-5,-1],[-6,6],[-4,7],[2,3],[-1,17],[1,6],[-11,7]],[[5327,6422],[1,-9],[5,-2],[0,-9],[-5,-2],[2,-12],[-4,-9],[3,-13],[6,-11],[8,-10],[-4,-4],[2,-10]],[[5341,6331],[-9,1],[1,5]],[[5333,6337],[-5,7]],[[5328,6344],[-4,2],[-1,8],[1,6],[-2,8],[-7,3],[-1,6],[2,14],[-6,5],[-6,13],[3,6],[8,1],[-1,10],[-3,0],[0,8],[-6,8],[5,9],[4,1],[0,10],[2,3],[-2,15],[-1,5],[-8,4],[-3,10],[-8,14],[-13,16],[-2,10],[2,3]],[[5281,6542],[-7,0],[0,11]],[[5274,6553],[6,8],[9,-3],[3,-6],[11,-4],[1,-4],[7,-9],[6,1],[-7,7],[-2,6],[1,7],[-4,2],[1,6],[-2,7],[2,7],[6,5],[0,8],[-3,3],[-8,1],[-8,13],[-7,6],[0,5],[5,2]],[[5291,6621],[-7,13],[-13,-6],[-3,20],[8,-4],[6,2],[-4,15],[-8,-3],[-8,7],[4,9],[0,8],[2,4],[-1,9],[3,5],[-2,17],[3,5],[-3,18],[-3,3],[0,17],[-7,9],[-1,22],[7,10],[0,5],[-6,1],[0,9],[-5,3],[-4,-5],[-3,11],[-4,0],[5,11],[-2,3],[-2,16],[-6,3],[-3,18],[0,10],[4,-4],[4,1],[1,11],[-9,1],[-6,-4],[-2,6],[5,2],[-1,11],[6,3],[-2,9],[3,5],[-6,2],[-1,5],[5,2],[-1,22]],[[5234,6958],[-5,5],[0,6],[2,6],[-2,18],[6,4],[-3,7],[-2,21],[-5,19],[-7,4],[-1,3],[5,12],[-5,2],[-3,7],[-15,-3],[-5,2],[-1,9],[-14,-10],[0,-7]],[[5179,7063],[-7,13],[-1,8],[2,5],[-7,3],[0,4],[-6,4],[5,4],[3,-9],[8,-7],[0,-11],[5,2],[-3,12],[-3,0],[-4,7]],[[5171,7098],[4,1],[2,8],[5,-3],[1,-10],[7,9],[-3,12],[-1,9],[-2,3],[-1,9],[1,6],[-5,1],[-4,6]],[[5175,7149],[-3,3]],[[5172,7152],[-5,2],[-2,-7],[-5,2],[-6,-12],[1,-3],[-6,-4],[-2,8],[4,4],[-3,8],[1,5],[11,-2],[-2,10],[-2,-1]],[[5156,7162],[3,2],[-3,6],[-6,4],[8,10],[5,11],[4,12],[-1,12],[-4,-9],[-1,-5],[-5,-3],[-3,9],[3,4],[9,6],[8,7]],[[5173,7228],[1,-19],[4,2],[0,7],[12,-1],[3,8],[0,4],[4,3],[-4,11],[5,7],[5,2],[-4,8],[5,1],[4,-3],[0,-4]],[[5208,7254],[2,-8],[-1,-5]],[[5209,7241],[-4,-4],[3,-8],[3,-17],[5,0]],[[5216,7212],[10,-1],[-1,9],[-9,-1],[-4,17],[8,1],[1,8],[8,5],[1,-6],[-8,-11],[1,-10],[4,7],[6,-5],[0,8],[-2,2],[2,8],[3,5],[-2,7],[-10,0]],[[5224,7255],[1,8],[-6,0],[-1,7],[6,1],[5,9],[-2,19],[-2,4]],[[5225,7303],[-5,1],[0,8],[8,1],[3,4],[-4,8],[5,0],[2,-5],[5,3],[3,11],[5,-4],[-5,-7],[1,-8],[9,-3],[-3,-13],[6,-6],[3,0],[3,-7],[3,2]],[[5315,7129],[0,-8],[2,-3],[-2,-15],[3,-4],[8,1],[4,6],[-1,6],[-5,4],[-3,17],[-6,-4]],[[5356,6416],[-3,-5],[5,-4]],[[5358,6407],[-2,9]],[[5380,6383],[2,-5]],[[5382,6378],[-2,5]],[[5328,6425],[-1,-3]],[[5327,6422],[1,3]],[[5293,6621],[-2,0]],[[5291,6621],[2,0]],[[5216,7212],[-6,-8],[-4,4],[-9,0],[-3,-5],[-1,-7],[9,0],[4,-5],[5,-3],[-4,-5],[6,-4],[3,-5],[5,4],[5,2],[4,-12],[3,11],[-2,21],[-4,4],[-7,2],[-4,6]],[[5246,7220],[-4,1],[-2,-7],[-4,-1],[1,-9],[8,-1],[0,-7],[-4,-3],[3,-5],[7,1],[2,-7],[-3,-4],[3,-11],[-2,-15],[-5,-3],[-1,-16],[1,-7],[7,-1],[2,11],[9,4],[5,-3],[-1,9],[-3,4],[-1,9],[12,1],[2,3],[0,10],[4,2],[-4,22],[4,2],[-2,7],[-7,2],[-4,-5],[1,-6],[-3,-12],[1,-6],[-6,2],[-1,9],[-8,-3],[-2,18],[6,3],[-5,9],[-6,3]],[[5173,7198],[-4,2],[-2,-9],[7,-5],[-1,12]],[[5195,7154],[4,11],[-2,12],[-10,-2],[-5,4],[-6,-1],[1,-5],[-4,-4],[2,-7],[10,1],[-1,-13],[9,-13],[5,-1],[0,5],[-6,9],[3,4]],[[5221,7094],[-4,-8],[12,0],[2,-5]],[[5231,7081],[-5,-2],[-1,-5]],[[5225,7074],[2,-7],[9,3],[5,-9],[1,8],[-5,5],[0,7],[4,6],[-1,4],[4,11],[5,-1],[3,3],[0,8],[-11,6],[4,5],[-2,10],[2,6],[-2,10],[3,7],[-5,5],[-2,6],[-6,2],[2,-15],[-5,0],[-8,10],[-6,-10],[-8,2],[3,-14],[-2,-9],[2,-2],[-2,-8],[5,-16],[3,-4],[-2,-6],[2,-6],[4,3]],[[5252,7123],[4,-17],[-3,-3],[1,-6],[-4,-1],[1,-7],[-7,-1],[-1,-9],[5,-3],[5,-10],[-6,-1],[3,-7],[-4,-15],[8,1],[3,-1],[3,-7],[10,-1],[5,-8],[4,-2],[-3,-9],[1,-9],[5,-2],[0,-4],[7,1],[4,7],[-3,2],[-1,16],[4,14],[-3,3],[-8,-4],[-1,19],[-3,-3],[-5,5],[-3,8],[-1,8],[4,8],[8,4],[-1,8],[5,-2],[0,-10],[2,-6],[-6,-2],[2,-10],[7,1],[4,5],[-1,7],[3,4],[1,7],[-7,7],[-1,9],[-7,7],[-5,1],[-4,4],[-5,-1],[-9,9],[-7,-4]],[[5299,7082],[-4,-6],[13,3],[-1,10],[-8,1],[0,-8]],[[5197,7092],[-3,7],[-5,-7],[4,-3],[4,3]],[[5252,6972],[1,-1]],[[5253,6971],[1,0]],[[5254,6971],[-1,-7],[4,-15],[5,-4],[4,0],[8,7],[-1,9],[2,6]],[[5275,6967],[2,8],[-6,0],[-6,-6],[-3,7]],[[5262,6976],[9,5],[5,17],[2,2],[-3,7],[-1,11],[-8,1],[-3,6],[-4,-1],[0,10],[-3,5],[-13,2],[-6,4],[-2,16],[-5,1],[-3,-8],[3,-12],[7,-7],[4,-2],[1,-8],[4,-1],[1,-15],[-3,-4],[5,-4],[1,-12],[-9,7],[-1,-6],[5,-18],[7,0]],[[5293,6969],[1,5],[-10,3],[1,-18],[7,1],[1,9]],[[5283,6918],[-9,-1],[-4,-5],[-5,-2],[1,-15],[10,-5],[5,3],[3,7],[1,9],[-2,9]],[[5271,6866],[1,13],[-6,0],[-1,-12],[6,-1]],[[5290,6866],[-5,-4],[3,-6],[13,3],[0,5],[4,3],[0,7],[-4,3],[-8,0],[-5,-5],[2,-6]],[[5307,6862],[-1,-6],[5,-3],[0,8],[-4,1]],[[5291,6831],[1,9],[4,1],[-2,7],[-8,-3],[2,-14],[3,0]],[[5279,6800],[7,0],[0,5],[-2,11],[-3,-1],[-5,6],[0,12],[-4,-2],[1,-8],[0,-16],[5,-2],[1,-5]],[[5279,6800],[0,-3],[-11,0],[0,-9],[-5,-8],[0,-8],[6,-11],[7,-4],[0,-6],[-7,1],[2,-11],[6,-2],[1,-16],[-4,-6],[-1,-14],[0,-12],[2,-16],[2,-6],[6,-1],[2,-5],[2,-19],[7,7],[-1,13],[3,6],[0,14],[3,2],[-1,11],[7,5],[-1,11],[-9,16],[-3,1],[-3,27],[1,12],[-5,11],[-3,17],[-3,3]],[[5315,6497],[3,-2]],[[5318,6495],[3,-15],[0,-15],[7,-7]],[[5328,6458],[-1,7],[2,15],[-3,5],[2,10],[-1,8],[-8,0],[-2,8]],[[5317,6511],[0,8],[4,8],[-5,7],[-7,-5],[-5,1],[-3,-8],[2,-12],[6,-3],[1,-11],[5,1]],[[5326,6440],[4,8],[-1,6]],[[5329,6454],[-1,4]],[[5328,6458],[-8,-3],[-3,-15],[9,0]],[[5343,6510],[-5,1],[1,-8],[5,0],[-1,7]],[[5322,6412],[-6,2],[2,-10],[5,1],[-1,7]],[[5252,6972],[2,-1]],[[5254,6971],[-1,0]],[[5253,6971],[-1,1]],[[5206,7307],[0,-2]],[[5206,7305],[0,2]],[[5206,7305],[0,2]],[[5206,7307],[0,-2]],[[5213,7466],[-2,-2]],[[5211,7464],[-1,-2]],[[5210,7462],[-1,0]],[[5209,7462],[1,4]],[[5210,7466],[3,0]],[[5185,7495],[-6,-5],[-1,7],[6,3],[1,-5]],[[5174,7565],[-2,8],[8,1],[3,-7],[-3,-7],[-6,5]],[[5090,8421],[5,1],[-1,5],[5,8],[6,-3],[0,-3],[-11,-10],[-4,2]],[[5101,8473],[1,-3]],[[5102,8470],[-7,-6],[-2,-5],[1,-7],[-7,-5],[-1,-6],[-6,0],[-1,-3]],[[5079,8438],[-1,3],[-11,0],[-3,-7],[0,-5],[-5,-7]],[[5059,8422],[-1,1]],[[5058,8423],[1,8],[5,9],[-1,5],[13,0],[7,9],[4,1],[2,6],[4,8],[8,4]],[[5101,8473],[1,-3]],[[5102,8470],[-1,3]],[[5074,8493],[0,1]],[[5074,8494],[3,1],[2,-9],[-5,1],[0,6]],[[5074,8493],[0,1]],[[5074,8494],[0,-1]],[[5073,8529],[3,7],[4,0]],[[5080,8536],[-1,-6],[-6,-1]],[[5048,8738],[11,5],[7,5],[-1,12],[-9,-3],[-3,9],[8,1],[2,12],[8,-1],[0,6],[8,3],[-3,8],[-3,-1],[-6,5],[-7,0],[-8,1],[0,3],[9,-2],[10,1],[3,-5],[8,1],[-1,-6],[1,-8],[-5,1],[-6,-6],[0,-3],[-8,-7],[-1,-7],[6,-4],[2,-14],[-6,-1],[-12,-6],[-4,1]],[[5048,8811],[-1,1]],[[5047,8812],[1,-1]],[[5048,8811],[-1,1]],[[5047,8812],[1,-1]],[[5066,8836],[-1,-1]],[[5065,8835],[1,1]],[[5023,8959],[1,0]],[[5024,8959],[1,0]],[[5025,8959],[16,1]],[[5041,8960],[-3,-7],[-3,2],[-16,-4],[0,-3],[-8,-1],[-1,3],[9,4],[4,5]],[[5025,8959],[-1,0]],[[5024,8959],[-1,0]],[[5023,8959],[2,0]],[[5966,809],[-1,-10],[-3,-4]],[[5962,795],[2,12],[2,2]],[[5881,1631],[-3,-2],[-10,4],[-4,-5],[-5,1]],[[5859,1629],[5,4],[5,7],[8,-9],[4,0]],[[5866,1654],[1,5]],[[5867,1659],[-1,-5]],[[5867,1659],[1,8]],[[5868,1667],[-1,-8]],[[5861,1686],[0,1]],[[5861,1687],[0,-1]],[[5868,1667],[-1,21],[2,7],[-5,6],[3,2],[5,-4],[3,-20],[0,-5],[-7,-7]],[[5873,1712],[6,4],[3,-14],[-4,-4],[-1,13],[-4,1]],[[5577,4316],[-2,4],[11,-2],[-1,-4],[-6,-1],[-2,3]],[[5577,4388],[3,5],[6,-1]],[[5586,4392],[-5,-5],[-4,1]],[[5570,4387],[2,1]],[[5572,4388],[5,0]],[[5577,4388],[-7,-1]],[[5560,4390],[-1,1]],[[5559,4391],[1,-1]],[[5567,4392],[5,-4]],[[5572,4388],[-2,-1]],[[5570,4387],[-5,4]],[[5565,4391],[2,1]],[[5559,4391],[5,3],[3,-2]],[[5567,4392],[-2,-1]],[[5565,4391],[-5,-1]],[[5560,4390],[-1,1]],[[5577,4417],[-1,2]],[[5576,4419],[-3,3]],[[5573,4422],[4,1],[5,-11],[13,3],[3,7]],[[5598,4422],[-1,-9],[-9,0],[0,-2],[-8,-2],[-3,8]],[[5573,4422],[3,-3]],[[5576,4419],[1,-2]],[[5577,4417],[-8,-1]],[[5569,4416],[0,13],[9,2],[-2,7],[5,10],[5,1],[1,-8],[4,3]],[[5591,4444],[1,-5],[-12,4],[1,-6],[4,-7],[-12,-8]],[[5495,5294],[2,-8],[-3,-18],[-3,2],[-1,8],[-4,3],[4,9],[5,4]],[[5474,5434],[-5,5],[6,3],[-1,-8]],[[5450,5473],[-2,6],[7,5],[3,-3],[0,-8],[-8,0]],[[5448,5530],[-2,-5],[-7,2],[-1,10],[8,0],[2,-7]],[[5432,5583],[0,7],[4,1],[2,-10],[-6,2]],[[5414,5608],[3,7],[5,-5],[-8,-2]],[[5436,5742],[-12,-2],[4,7],[1,11],[7,-4],[0,-12]],[[5429,5790],[-1,-9]],[[5428,5781],[1,9]],[[5412,5843],[-4,3]],[[5408,5846],[4,-3]],[[5418,5843],[-6,0]],[[5412,5843],[2,6],[4,-6]],[[5408,5846],[-4,3],[-5,-4]],[[5399,5845],[-1,4],[9,3],[1,-6]],[[5370,6146],[-5,0],[-1,7],[6,0],[0,-7]],[[5365,6169],[4,-7],[-7,-1],[3,8]],[[5356,6263],[7,-1],[0,-5],[-5,0],[-2,6]],[[5350,6363],[6,-9],[-3,-3],[2,-5],[-2,-5],[-7,-1],[-1,12],[-7,6],[-3,10],[9,6],[1,-7],[5,-4]],[[5362,6445],[-3,-2],[-7,5],[12,1],[-2,-4]],[[5346,6517],[-1,5],[6,0]],[[5351,6522],[2,-6],[-7,1]],[[5355,6524],[-4,-2]],[[5351,6522],[4,2]],[[5353,6545],[-1,-5],[-5,-1],[1,6],[5,0]],[[5333,6653],[-1,-7]],[[5332,6646],[-6,12],[8,5],[-1,-10]],[[5338,6665],[-6,2],[4,6],[5,-5],[-3,-3]],[[5327,6717],[-4,-5],[-3,11],[-4,2],[-2,11],[5,1],[1,-6],[4,0],[3,-14]],[[5326,6797],[3,-7],[-5,-3],[-5,-7],[-3,8],[2,6],[8,3]],[[5309,6871],[-1,1]],[[5308,6872],[1,-1]],[[5307,6900],[4,2]],[[5311,6902],[-4,-2]],[[5299,6921],[1,-2],[8,1],[-1,-7],[-9,4],[1,4]],[[5268,7086],[-6,-1],[1,7],[4,-1],[1,-5]],[[5278,7214],[-1,1]],[[5277,7215],[1,-1]],[[5256,7252],[6,-1],[-1,-9],[-4,6],[-1,4]],[[5264,7288],[-1,5],[4,6],[5,-4],[-2,-5],[-6,-2]],[[5233,7346],[4,-5],[-1,-8],[-4,6],[1,7]],[[5254,7383],[-2,10],[4,3],[1,-9],[-3,-4]],[[5241,7384],[0,11],[3,5],[2,-10],[-5,-6]],[[5220,7382],[4,14],[2,-16],[-6,2]],[[5248,7433],[7,2],[0,-6],[-7,4]],[[5241,7610],[4,-11],[2,-9],[-2,-7],[-4,-2],[1,-8],[8,-7],[-4,-24],[-4,-1],[-6,4],[1,13],[3,20],[0,6],[4,4],[-1,11],[-2,3],[0,8]],[[5219,7586],[-4,0],[1,12],[8,1],[4,-2],[1,-7],[-2,-5],[-8,1]],[[5177,8088],[5,-6],[-4,-4],[-7,12],[-7,2],[-3,9],[6,2],[6,-6],[4,-9]],[[5093,8507],[2,13],[-6,14],[7,6],[-1,4],[9,8],[0,4],[12,1],[12,16],[4,2],[5,14],[0,12],[4,6],[5,1],[5,10],[7,1],[1,7],[8,10],[7,1],[3,5],[9,4],[2,11],[3,1]],[[5191,8658],[-2,-9],[1,-6],[-16,-8],[-2,-4],[-5,1],[-4,-6],[-2,-10],[-7,-1],[-6,-4],[0,-4],[-8,-7],[-1,-13],[-4,-5],[-2,-11],[-4,0],[-1,-5],[-6,-9],[-12,-5],[-6,-6],[-4,0],[-4,-5],[4,-4],[2,-7],[5,-2],[-4,-6],[9,1]],[[5112,8523],[-3,-5],[-1,-14],[-7,-1],[-8,4]],[[5081,8822],[1,3]],[[5082,8825],[-1,-3]],[[5082,8825],[-8,0],[-2,-5],[9,2]],[[5081,8822],[-1,-2],[-9,-1],[2,11],[-4,3]],[[5069,8833],[7,5],[0,-9],[6,-4]],[[5069,8833],[-4,2]],[[5065,8835],[1,1]],[[5066,8836],[0,7],[3,13],[3,1]],[[5072,8857],[-3,-5],[1,-6],[9,1]],[[5079,8847],[-5,-4],[-5,-10]],[[5084,8902],[12,3],[1,-3],[-12,-3],[-1,3]],[[5051,8973],[0,2],[10,4],[-1,4],[9,1],[12,4],[6,12],[3,10],[3,-1],[-3,-13],[-2,0],[-3,-10],[-12,-6],[-12,-3],[-4,-4],[-6,0]],[[5064,9039],[7,2],[-2,-9],[-6,1],[1,6]],[[5901,1715],[-3,3],[1,7],[5,-1],[0,-5],[-3,-4]],[[5790,2735],[-1,7],[-4,2],[-2,8],[2,3]],[[5785,2755],[1,-10],[5,-1],[-1,-9]],[[5790,2787],[3,4],[3,9]],[[5796,2800],[0,-9],[-6,-4]],[[5599,4318],[6,3],[1,-6],[-4,-1],[-3,4]],[[5612,4370],[1,1]],[[5613,4371],[-1,-1]],[[5613,4371],[-1,-1]],[[5612,4370],[1,1]],[[5620,4398],[1,-7],[-3,-3],[-6,4],[-8,-1],[-2,-6],[-9,-5],[-2,8],[-5,4]],[[5586,4392],[0,2],[10,1],[2,-9],[8,14],[7,-1],[2,-3],[5,2]],[[5608,4430],[5,-2]],[[5613,4428],[-1,-2],[-14,-4]],[[5598,4422],[-1,4]],[[5597,4426],[11,0],[0,4]],[[5597,4434],[0,-8]],[[5597,4426],[0,8]],[[5607,4443],[3,-1],[1,-6],[-3,-6]],[[5608,4430],[-5,11],[4,2]],[[5597,4434],[5,9]],[[5602,4443],[-5,-9]],[[5591,4444],[3,2],[8,1],[1,6],[7,-2],[-3,-8]],[[5607,4443],[-5,0]],[[5602,4443],[-4,2],[-7,-1]],[[5578,4634],[-7,2],[-2,6],[3,5],[4,-2],[2,-11]],[[5558,4941],[5,-3]],[[5563,4938],[-5,3]],[[5532,5203],[3,-5],[-2,-5],[-4,1],[-2,8],[5,1]],[[5531,5222],[6,2],[2,-8],[-4,0],[-4,6]],[[5495,5294],[0,7],[6,4],[3,-5],[-9,-6]],[[5495,5485],[3,6],[8,0],[5,5],[4,-1],[-2,-8],[-5,-2],[-13,-2],[0,2]],[[5489,5490],[-4,0],[-5,5],[0,6],[5,3],[4,-14]],[[5466,5736],[-8,-4],[-1,9],[6,0],[3,-5]],[[5464,5749],[0,3]],[[5464,5752],[0,-3]],[[5449,5864],[5,-1],[0,-5],[-6,-1],[1,7]],[[5422,5916],[2,6],[5,-1],[-3,-6],[-4,1]],[[5434,6093],[-3,-4],[2,-5],[-5,-3],[-5,1],[0,9],[11,2]],[[5424,6285],[4,-10],[4,5]],[[5432,6280],[-3,2],[0,8]],[[5429,6290],[1,-7],[3,-2]],[[5433,6281],[2,-6],[-3,-3],[-5,1],[-3,6],[-3,-10]],[[5421,6269],[5,-5],[-8,-3],[2,-5],[9,-4],[2,-19],[2,-4],[1,-22]],[[5434,6207],[-8,0],[1,6],[-4,2],[-6,13],[0,8],[-3,3],[0,6],[-10,2],[0,8],[6,1],[0,3],[6,1],[0,7],[5,6],[0,9],[3,3]],[[5425,6228],[5,-3],[-4,12],[-5,-3],[4,-6]],[[5369,6309],[7,-1],[0,9],[8,1],[3,-11],[11,-17],[-4,-7],[-4,-1],[-3,5],[-4,0],[-5,4],[2,11],[-11,7]],[[5399,6381],[-1,7]],[[5398,6388],[1,0]],[[5399,6388],[7,1],[1,-7],[-5,-6],[-3,5]],[[5398,6388],[-5,0]],[[5393,6388],[5,0]],[[5387,6402],[5,0],[1,-6],[-7,0],[1,6]],[[5367,6420],[2,11],[8,1],[2,-5],[7,-1],[-1,6],[-2,2]],[[5383,6434],[3,1],[2,-7],[-3,-6],[-2,3],[-4,-1],[-3,7],[-6,-1],[1,-5],[-4,-5]],[[5375,6479],[1,1]],[[5376,6480],[-1,-1]],[[5376,6480],[-1,-1]],[[5375,6479],[1,1]],[[5371,6496],[7,-6],[-3,-5],[-4,11]],[[5354,6512],[1,2]],[[5355,6514],[0,1]],[[5355,6515],[3,4],[-3,5]],[[5355,6524],[5,-1],[0,-9],[6,-3]],[[5366,6511],[-9,-4],[-3,5]],[[5375,6629],[1,-8],[-4,-1],[-1,8],[4,1]],[[5357,6724],[1,-13],[-4,2],[-1,9],[4,2]],[[5357,6724],[-7,2]],[[5350,6726],[4,2]],[[5354,6728],[3,-4]],[[5350,6726],[-6,2],[3,12],[3,6],[3,-8],[-3,-12]],[[5351,6897],[0,6],[-4,3],[-4,-2],[0,12],[1,6],[0,10],[-6,6],[0,6]],[[5338,6944],[-3,6],[4,11],[5,1],[1,-8],[-6,-3],[7,-11],[-1,-7],[1,-8],[10,-1],[0,-4],[-12,-3],[5,-8],[4,-2],[-2,-10]],[[5344,7040],[2,-6],[-1,-3],[0,-17],[-2,-1],[0,-8],[8,-1]],[[5351,7004],[-1,-12],[3,-17],[-3,-1],[0,-10],[7,-4],[1,-4],[6,-3],[3,-9],[0,-6],[-3,-2],[2,-11],[-4,-15],[3,-6],[4,-1],[2,-14],[-1,-9],[-11,-10],[1,-11],[-1,-8],[-6,-1],[1,-11],[-8,0],[-4,-7],[1,-9],[-11,-5],[-2,6],[13,18],[-3,13]],[[5340,6855],[6,-4],[11,2],[1,7],[-1,10],[7,4],[1,6],[4,2],[-1,20],[-4,0],[-4,9],[2,12],[2,1],[-2,12],[3,2],[-2,14],[-7,1],[-2,7],[-7,5],[0,9],[4,4],[-3,14],[-5,5],[-2,8],[-6,-4],[-5,4],[0,5],[3,6]],[[5333,7016],[4,4],[-1,6],[3,8],[5,6]],[[5302,7003],[3,-1]],[[5305,7002],[-3,-2]],[[5302,7000],[0,3]],[[5313,7041],[-4,2],[-5,-7],[-3,5],[7,5],[5,-5]],[[5278,7248],[-1,2]],[[5277,7250],[1,-2]],[[5287,7361],[5,-13],[1,-9],[-4,0],[0,9],[-2,13]],[[5270,7396],[-4,7],[-8,0],[1,8],[12,9],[7,-6],[7,0],[-5,-17],[-5,-8],[-8,0],[-3,6],[6,1]],[[5281,7434],[1,-8],[-4,-4],[-1,14],[4,-2]],[[5262,7460],[7,-1],[-3,-7],[-4,4],[0,4]],[[5278,7482],[1,-20],[-4,-2],[-2,9],[1,7],[4,6]],[[5266,7474],[-1,-12],[-3,0],[-4,7],[7,1],[1,4]],[[5268,7542],[-1,-8],[-4,0],[0,10],[5,-2]],[[5259,7552],[-1,12],[10,0],[1,-8],[-1,-6],[-9,2]],[[5273,7594],[-1,-2]],[[5272,7592],[1,2]],[[5241,7610],[1,5],[-1,9]],[[5241,7624],[3,-10],[-3,-4]],[[5221,8277],[0,-7],[2,-16],[-5,-7],[14,-11],[2,-10],[-6,-18],[-11,-6],[-7,-9],[-5,-3],[-1,-6],[-4,-3],[2,-6],[-6,-1],[0,-10],[2,-1],[2,-13],[-5,-4],[2,-11],[-7,0],[1,-7],[-6,-2],[-1,7],[3,3],[-3,10],[-6,2],[0,8],[-8,5],[0,10],[-4,15],[3,5],[9,-1],[3,-3],[5,1],[4,5],[1,9],[-2,13],[8,3],[-1,13],[18,1],[-2,11],[0,6],[-4,3],[1,6],[-2,5],[6,12],[8,2]],[[5183,8178],[-4,-2],[1,-7],[7,6],[-4,3]],[[5142,8746],[1,9],[9,0],[-1,-7],[-9,-2]],[[5106,8936],[2,9],[6,1],[-3,-12],[-5,2]],[[5113,8964],[-6,-5],[-4,3],[2,6],[8,-4]],[[5109,9008],[2,-6],[-4,-1],[-2,4],[4,3]],[[5115,9092],[-3,-3]],[[5112,9089],[-2,0]],[[5110,9089],[5,3]],[[6031,1180],[1,-4],[-7,-8],[-1,-5],[6,-4],[-1,-6],[-12,6],[2,7],[6,4],[6,10]],[[6031,1180],[-7,4],[12,2],[-2,5],[-6,0],[-1,7],[2,4]],[[6029,1202],[7,-15],[4,-3],[-10,-1],[1,-3]],[[6020,1217],[1,0]],[[6021,1217],[-1,0]],[[6020,1219],[0,-2]],[[6020,1217],[-1,-5],[-6,2],[7,5]],[[6025,1227],[-1,-10]],[[6024,1217],[-3,0]],[[6021,1217],[-1,2]],[[6020,1219],[5,8]],[[6035,1239],[2,-3],[1,-9],[4,-5]],[[6042,1222],[-4,1],[-3,16]],[[6021,1230],[4,-3]],[[6025,1227],[-4,3]],[[6024,1232],[-3,-2]],[[6021,1230],[3,2]],[[6046,1225],[-4,2],[-2,14],[1,10],[-7,1],[1,-13]],[[6035,1239],[-4,3],[3,6],[-2,9],[9,4],[4,-2],[1,-7],[-3,-3],[2,-5],[-3,-3],[1,-13],[3,-3]],[[5857,2773],[-5,3]],[[5852,2776],[5,-3]],[[5674,4370],[0,-2]],[[5674,4368],[0,2]],[[5641,4402],[-1,-3]],[[5640,4399],[1,0]],[[5641,4399],[-2,-6],[-5,0],[-3,6],[4,4],[6,-1]],[[5641,4399],[0,3]],[[5641,4402],[0,-3]],[[5613,4428],[8,-1],[8,3],[9,2],[8,-3],[0,-3],[7,0],[1,-7],[4,-9],[4,1],[0,-7],[-8,3],[-3,14],[-8,6],[-9,-2],[-12,-4],[-1,5],[-6,-1],[-2,3]],[[5579,4924],[-1,5],[6,2],[3,4],[6,2],[9,-16],[0,-6],[5,-5],[-8,-1],[-4,-5],[-4,0],[0,15],[-11,-1],[-1,6]],[[5572,5230],[3,-17],[-6,-6],[-7,-1],[-3,2],[11,11],[2,11]],[[5556,5246],[3,-2],[-1,-6],[-7,-1],[0,6],[5,3]],[[5554,5329],[1,1]],[[5555,5330],[-1,-1]],[[5555,5330],[-1,-1]],[[5554,5329],[1,1]],[[5551,5408],[4,8],[6,-2],[0,-4],[-10,-2]],[[5520,5414],[2,3],[13,3],[3,-2],[13,3],[-2,-3],[-10,-3],[-4,2],[-15,-3]],[[5544,5430],[-4,1],[0,9],[5,-5],[-1,-5]],[[5537,5457],[-11,-5],[-1,6],[10,4],[2,-5]],[[5558,5474],[-7,-4],[1,-15],[-10,-1],[-3,4],[-1,9],[-7,8],[1,9],[9,0],[7,-10],[10,0]],[[5501,5620],[1,-5],[-6,-1],[-1,10],[2,9],[3,1],[4,-6],[1,-5],[-4,-3]],[[5507,5639],[4,1],[6,-5],[2,-6],[-11,5],[-1,5]],[[5492,5794],[3,9],[4,-1],[3,-7],[-5,-4],[-5,3]],[[5490,5986],[-3,6],[3,5],[5,-6],[-5,-5]],[[5473,6033],[3,-3],[-1,-5],[-12,-9],[-2,7],[7,2],[5,8]],[[5489,6090],[0,-2]],[[5489,6088],[0,-1]],[[5489,6087],[-3,0],[-5,13],[-5,-1],[-4,10],[8,2],[3,10],[4,1],[1,-6],[1,-14],[-3,-4],[3,-8]],[[5470,6136],[2,-4]],[[5472,6132],[-2,4]],[[5467,6136],[1,-1]],[[5468,6135],[4,-3]],[[5472,6132],[-5,-1],[0,5]],[[5467,6136],[0,3]],[[5467,6139],[3,-3]],[[5470,6136],[-2,-1]],[[5468,6135],[-1,1]],[[5467,6139],[-1,3]],[[5466,6142],[1,-3]],[[5443,6192],[-5,5],[9,1],[-4,-6]],[[5462,6231],[2,-6]],[[5464,6225],[3,-5],[0,-12],[5,-4],[3,10],[7,2],[3,-4],[-2,-5],[4,-14],[2,-16],[5,-4],[6,-9],[3,1],[4,-10],[6,-5],[-4,-10],[5,1],[0,-8],[3,-10],[-8,5],[-3,7],[-1,9],[1,4],[-6,12],[-11,8],[-6,1],[0,10],[-5,3],[0,9],[-10,6],[-8,1],[2,6]],[[5462,6204],[0,8],[-4,5],[-1,7],[-3,3]],[[5454,6227],[3,1]],[[5457,6228],[2,-1]],[[5459,6227],[2,1]],[[5461,6228],[1,3]],[[5449,6221],[2,-5],[-5,-6],[-4,2],[0,11],[5,1],[2,-3]],[[5462,6234],[-1,-6]],[[5461,6228],[-2,-1]],[[5459,6227],[-2,1]],[[5457,6228],[-3,-1]],[[5454,6227],[-7,4],[1,6],[13,1],[1,-4]],[[5459,6255],[7,0],[-1,-5],[-4,-7],[2,-3],[-1,-9]],[[5462,6231],[0,3]],[[5462,6234],[-2,8],[-5,-2]],[[5455,6240],[-1,7],[9,0],[-4,8]],[[5412,6413],[3,0],[7,-6],[-3,-3],[-7,9]],[[5381,7032],[4,3],[5,0],[5,-7],[-5,-7],[-16,-4],[-1,8],[2,5],[6,2]],[[5381,7030],[0,2]],[[5381,7032],[0,-2]],[[5381,7030],[-1,-8],[7,0],[2,6],[-8,2]],[[5352,7078],[0,2],[8,1],[5,8]],[[5365,7089],[-2,-7],[-11,-4]],[[5380,7088],[-6,15],[-6,-2],[-3,-12]],[[5365,7089],[-1,8],[3,5],[0,6],[-5,2],[-6,13],[-4,-1],[-1,11],[3,7]],[[5354,7140],[6,-16],[2,-12],[3,0],[5,-5],[7,-2],[1,-9],[5,0],[-3,-8]],[[5354,7140],[0,4]],[[5354,7144],[0,-4]],[[5354,7144],[-4,2],[0,5],[-6,5],[3,6],[4,-15],[3,-3]],[[5334,7170],[-7,-3],[-5,2],[-4,-7],[-1,-9],[-5,-1],[2,10],[8,11],[-7,27],[-5,0],[-1,27],[8,7],[-1,9],[-5,2],[-2,8],[-5,-1],[-3,10],[3,7],[3,1],[0,9],[7,5],[0,5],[3,3],[-1,10],[2,3],[7,1],[-1,10],[-3,11],[4,7],[-4,10],[-3,-1],[-2,13],[-7,4],[1,5],[-4,7],[2,6],[-4,17],[-5,10],[0,9],[3,3],[3,14]],[[5305,7431],[1,-8],[-4,-9],[2,-13],[4,-2],[5,-24],[-4,-2],[3,-11],[8,-5],[1,-11],[4,-2],[2,-13],[2,-29],[-11,0],[3,-12],[-4,-1],[0,-7],[-4,-2],[0,-7],[-7,-8],[-2,-6],[9,-6],[0,-7],[6,-1],[2,-18],[-6,-2],[-1,-20],[5,-3],[0,-5],[5,-1],[-3,-5],[3,-21],[10,0]],[[5255,7918],[-3,1],[-3,11],[4,3],[10,0],[-4,-6],[-1,-8],[-3,-1]],[[5243,8472],[-4,6],[6,3],[0,7],[3,2],[-3,7],[-4,15],[0,10],[8,2],[6,0],[0,-16],[-4,-9],[2,-10],[2,-6],[6,-2],[1,-13],[-3,-4],[2,-8],[-3,-1],[-3,-8],[-7,-4],[-6,-7],[2,-16],[7,-8],[0,-9],[-4,-1],[-5,7],[-7,2],[-6,13],[-9,-4],[-5,4],[-3,-10],[-5,2],[-3,-7],[-4,-1],[-6,13],[-9,-2],[-14,-1],[-3,10],[6,14],[-1,9],[2,2],[-1,10],[-9,2],[-3,4],[-2,11],[8,1],[3,4],[12,2],[12,-6],[9,1],[-2,8],[11,1],[2,-7],[4,-2],[1,-9],[-3,-12],[8,8],[8,1],[1,3],[9,-1]],[[5202,8464],[2,5],[7,5],[0,4],[-6,3],[0,-8],[-4,-1],[1,-8]],[[5191,8658],[-2,8],[7,9]],[[5196,8675],[-5,-17]],[[5196,8675],[6,3],[1,4]],[[5203,8682],[1,-6],[-8,-1]],[[5203,8694],[0,-12]],[[5203,8682],[-3,10],[3,2]],[[5203,8694],[-1,5],[3,4]],[[5205,8703],[-2,-9]],[[5147,9051],[3,2]],[[5150,9053],[-3,-2]],[[5145,9056],[-3,6]],[[5142,9062],[2,1]],[[5144,9063],[1,-7]],[[5144,9063],[-2,1]],[[5142,9064],[6,2]],[[5148,9066],[-4,-3]],[[5152,9071],[0,-4]],[[5152,9067],[-2,-1]],[[5150,9066],[-2,0]],[[5148,9066],[4,5]],[[5110,9089],[2,0]],[[5112,9089],[4,1],[0,-14],[5,0],[1,-11],[-5,-4],[-1,-5],[19,1],[0,3],[6,1],[1,3]],[[5142,9064],[0,-2]],[[5142,9062],[0,-2],[-6,-1],[3,-5],[6,2]],[[5145,9056],[2,-5]],[[5147,9051],[-8,-9],[-6,2],[0,4],[4,6],[-6,1],[-10,-1],[-7,1],[0,5],[5,7],[1,5],[-9,1],[0,8],[-6,6],[5,2]],[[5172,9113],[-1,-1]],[[5171,9112],[0,-10],[-7,1],[0,-6],[-4,-1],[1,-7],[5,-1],[2,-9],[-3,-1]],[[5165,9078],[-1,-6],[-14,-6]],[[5150,9066],[2,1]],[[5152,9067],[0,4]],[[5152,9071],[6,3],[0,30],[-8,1],[-1,-6],[-7,2],[1,-11]],[[5143,9090],[-5,-4],[-1,-7],[-9,-1],[-8,6],[0,5],[-5,3]],[[5115,9092],[13,-5],[6,2],[-1,5],[-6,1],[-3,8],[6,3],[2,-7],[12,3],[4,4],[-4,10],[7,1],[0,-5],[11,-7],[3,6],[7,2]],[[6054,1175],[0,8],[3,-1],[-1,12],[-7,2],[2,6]],[[6051,1202],[8,-7],[1,-15],[-5,1],[-1,-6]],[[6022,1465],[-1,2]],[[6021,1467],[5,0]],[[6026,1467],[-4,-2]],[[6045,1504],[-8,-20],[12,-11],[-7,-3],[-3,12],[-4,5],[10,17]],[[6021,1467],[1,-2]],[[6022,1465],[-2,3],[1,4],[-5,2],[-2,9],[11,4],[4,12],[4,2],[-4,6]],[[6029,1507],[6,0],[1,-7],[-6,-2],[-2,-9],[1,-8],[4,-2],[1,-10],[-4,1],[-2,9],[-2,5],[-6,-5],[6,-5],[-4,-4],[-1,-3]],[[6058,1526],[-2,3],[-5,-3],[3,-9],[-8,0],[1,-7],[-7,-1],[-7,3],[-4,-5]],[[6029,1507],[-7,5],[-8,-1],[6,10],[5,-5],[1,-4],[5,-1],[3,5],[10,2],[7,14],[5,0],[8,5],[1,-6],[-7,-5]],[[5977,1793],[6,-1],[1,-5],[-6,-1],[-1,7]],[[5964,1929],[-6,0],[0,5],[5,2],[0,7],[4,0],[-3,-14]],[[5700,4260],[0,6]],[[5700,4266],[0,-6]],[[5700,4266],[1,2],[-2,18],[4,8],[0,5],[7,-1],[8,-7],[1,-11],[-5,2],[-5,-3],[-9,-13]],[[5702,4331],[1,2]],[[5703,4333],[2,6],[-7,5]],[[5698,4344],[11,1],[1,-10],[-8,-4]],[[5703,4333],[-1,-2]],[[5702,4331],[1,2]],[[5684,4352],[1,1]],[[5685,4353],[1,2]],[[5686,4355],[1,0]],[[5687,4355],[-3,-3]],[[5688,4358],[-1,-3]],[[5687,4355],[1,3]],[[5688,4358],[-2,-3]],[[5686,4355],[-1,-2]],[[5685,4353],[-1,-1]],[[5684,4352],[4,6]],[[5689,4367],[-2,5],[-13,-4]],[[5674,4368],[0,2]],[[5674,4370],[5,7],[9,2],[3,-1],[1,-6],[-3,-5]],[[5684,4384],[1,3],[6,0],[-3,-6],[-4,3]],[[5584,5453],[-1,-6],[-11,-3],[-3,11],[4,3],[11,-1],[0,-4]],[[5572,5491],[5,3],[5,-2],[-1,-6],[-4,-1],[-5,6]],[[5512,5901],[6,3],[-1,-9],[-4,-1],[-1,7]],[[5540,5996],[-1,-7],[-6,-2],[0,7],[7,2]],[[5509,6065],[-4,-2],[0,-7],[-6,-1],[-1,14],[3,1],[7,-1],[1,-4]],[[5520,6079],[2,-1]],[[5522,6078],[0,-6],[-4,0],[-8,4],[7,5],[3,-2]],[[5522,6078],[-2,1]],[[5520,6079],[6,4]],[[5526,6083],[1,-1]],[[5527,6082],[-5,-4]],[[5497,6083],[-8,5]],[[5489,6088],[0,2]],[[5489,6090],[6,0],[2,-7]],[[5527,6107],[-2,-3],[2,-9],[-5,-3]],[[5522,6092],[-2,-3]],[[5520,6089],[-2,13],[-7,0]],[[5511,6102],[0,1]],[[5511,6103],[0,1]],[[5511,6104],[4,5]],[[5515,6109],[5,-2],[7,0]],[[5512,6113],[3,-4]],[[5515,6109],[-3,2]],[[5512,6111],[0,2]],[[5512,6111],[-1,-7]],[[5511,6104],[0,-1]],[[5511,6103],[0,-1]],[[5511,6102],[-15,-1],[-1,11],[5,5],[9,-5]],[[5509,6112],[3,-1]],[[5509,6112],[-1,7]],[[5508,6119],[3,-1]],[[5511,6118],[0,-1]],[[5511,6117],[1,-3]],[[5512,6114],[0,-1]],[[5512,6113],[-3,-1]],[[5512,6114],[-1,3]],[[5511,6117],[0,1]],[[5511,6118],[1,-4]],[[5499,6194],[6,-6],[-1,-3],[-6,0],[1,9]],[[5497,6238],[-7,-1],[-1,8],[2,5],[4,1],[3,-6],[-1,-7]],[[5505,6258],[1,-8],[-4,-1],[-3,6],[6,3]],[[5467,6568],[9,-1],[1,-8],[-8,1],[-2,8]],[[5446,6610],[-7,-2],[2,6],[5,-4]],[[5441,6640],[0,1]],[[5441,6641],[0,-1]],[[5441,6641],[0,-1]],[[5441,6640],[0,1]],[[5426,6767],[2,5]],[[5428,6772],[-2,-5]],[[5426,6767],[-1,6]],[[5425,6773],[2,-1]],[[5427,6772],[-1,-5]],[[5428,6772],[-1,0]],[[5427,6772],[-2,1]],[[5425,6773],[3,-1]],[[5435,6817],[-2,4],[-7,1],[4,6],[3,-3],[2,-8]],[[5415,6864],[1,4]],[[5416,6868],[-1,-4]],[[5418,6873],[-2,-5]],[[5416,6868],[2,5]],[[5418,6873],[4,0]],[[5422,6873],[-4,0]],[[5420,6898],[-2,12],[2,1],[2,-13],[-2,0]],[[5421,6923],[-5,1],[-1,6],[6,2],[4,-3],[-4,-6]],[[5378,7085],[1,-8],[-1,-5],[4,-5],[2,-5],[-3,-6],[1,-6],[15,-7],[3,-18],[-2,-4],[2,-10],[3,-6],[-5,0],[1,-30],[-4,-7],[1,-4],[7,-4],[3,-16],[-4,0]],[[5402,6944],[-7,3],[5,10],[-10,-1],[2,12],[4,5],[-1,8],[-3,9],[3,5],[0,8],[4,3],[-2,23],[0,9],[-7,5],[-5,-2],[-7,5],[0,9],[3,5],[-4,8],[-1,11],[2,6]],[[5378,7085],[2,3]],[[5380,7088],[-2,-3]],[[5362,7334],[0,-8]],[[5362,7326],[0,8]],[[5329,7768],[6,-2]],[[5335,7766],[-6,2]],[[5313,7874],[7,1]],[[5320,7875],[-7,-1]],[[5310,7926],[1,12],[4,-1],[-1,-21],[-5,1],[1,9]],[[5273,8254],[2,-3],[2,-14],[2,-4],[-4,-11],[-4,7],[-6,0],[-6,-7],[-4,3],[-1,9],[5,3],[0,6],[-3,10],[2,5],[1,8],[5,0],[7,-6],[2,-6]],[[5230,8494],[5,-1],[1,5],[5,4],[0,-8],[-5,-3],[-6,3]],[[5228,8645],[15,3],[-3,-5],[-5,0],[-7,2]],[[5205,8703],[1,8],[4,6],[8,0],[5,12],[24,3],[0,-1]],[[5247,8731],[-5,-1],[-5,-4],[-10,0],[-3,-7],[-6,-6],[-8,-1],[0,-6],[-5,-3]],[[5174,9046],[-5,-4],[-6,-1],[-2,8],[4,6],[8,1],[4,-3],[-3,-7]],[[5171,9112],[1,1]],[[5172,9113],[1,0]],[[5173,9113],[-2,-1]],[[6045,1504],[5,2],[0,6],[6,1],[1,-13],[3,1],[-1,14],[2,4]],[[6061,1519],[8,2],[5,-2],[1,-6],[10,4],[3,5],[-4,9],[9,1],[5,-10],[3,10],[7,0],[8,-7],[-4,-11],[-3,-2],[-5,-9],[-1,-13],[0,-6],[6,-8],[0,-6],[5,-5],[0,13],[12,-10],[0,-7],[5,-3],[1,-6],[4,-2],[1,-10],[7,3],[7,-8],[4,-3],[5,5],[4,0],[1,7],[-3,4],[-10,0],[-6,3],[-2,4],[-5,-1],[-3,7],[-5,4],[-1,16],[4,5],[4,-5],[7,-5],[6,-8],[7,1],[1,5],[7,1],[-4,5],[-6,0],[-4,-5],[-5,3],[1,9],[-6,6],[0,6],[-10,3],[2,4],[10,2],[4,-3],[5,5],[-5,4],[-10,3],[-7,6],[-1,6],[6,4],[-4,8],[-11,0],[-4,3],[-4,10],[-11,-3],[-3,-5],[-6,1],[-15,-2],[-5,-2],[-3,9],[3,2],[0,7],[7,1],[-3,7],[-5,2]],[[6072,1571],[0,-3],[-5,-6],[-4,0],[1,13],[-10,8],[0,10],[5,5],[-3,19],[-3,4],[-4,-1],[-3,18],[-6,9],[0,5],[-8,-2],[-6,-5],[-8,1],[-2,11],[3,4],[11,-4],[0,3],[9,1],[10,-5],[3,-7],[1,-12],[-2,-1],[2,-10],[8,-6],[2,-9],[5,-3],[2,-4],[-2,-18],[5,-2],[-1,-5],[2,-8],[4,1],[6,-5],[-1,-8],[-7,-3],[-3,-6],[1,-6],[9,4],[7,5],[15,2],[0,3],[7,1],[4,6],[8,-1],[3,-4],[-1,-12],[-4,-5],[12,1],[9,-9],[-1,-5],[-6,-1],[0,-5],[11,-6],[9,1],[5,-13],[4,-1],[9,-7],[4,1],[1,-16],[3,-15],[6,-1],[1,-8],[10,-3],[0,-11],[2,-5],[-8,-4],[0,12],[-4,5],[-13,11],[-7,4],[-7,0],[0,-5],[-5,-1],[-2,3],[-8,-1],[0,4],[-5,8],[-6,4],[-1,-17],[4,-3],[8,0],[1,-8],[8,-1],[5,5],[9,0],[-4,-10],[5,1],[2,-5],[12,-7],[-5,-3],[0,-5],[-3,-6],[-7,7],[-12,1],[2,-9],[6,-2],[3,-11],[-3,-6],[6,-9],[-2,-13],[-6,13],[-9,7],[-1,7],[-4,1],[0,11],[-3,3],[-1,11],[-11,-1],[-7,-2],[-1,6],[5,6],[-1,6],[-4,3],[-2,7],[-9,-1],[-2,3],[-7,1],[-1,13],[-4,-5],[-6,-2],[-3,17],[0,6],[7,3],[0,13],[5,3],[-2,9],[7,-1],[1,8],[-3,5],[-5,1],[0,-11],[-6,-3],[-4,3],[-4,-2],[-2,-8],[-9,-5],[-8,-1],[-2,14],[-4,-2],[2,-18],[-3,-3],[1,-6],[-13,-3],[-1,9],[1,10],[-6,0]],[[6072,1571],[-3,10],[-4,4],[-3,10],[-5,-5],[1,-7],[3,-5],[11,-7]],[[6149,1491],[6,-8],[7,0],[8,-3],[1,5],[-2,5],[-17,11],[-6,0],[3,-10]],[[6058,1526],[3,-7]],[[6061,1519],[-6,0],[3,7]],[[6070,1532],[1,5],[8,1],[-2,-7],[-7,1]],[[5770,4210],[-6,-1],[-2,8],[5,7],[6,-2],[1,-8],[-4,-4]],[[5765,4279],[-5,5],[3,7],[3,-9],[-1,-3]],[[5625,5422],[-3,-1],[-4,7],[8,1],[9,-1],[-1,-6],[-9,0]],[[5590,5544],[-3,-4]],[[5587,5540],[3,4]],[[5628,5557],[-9,-2],[-4,-5],[-6,3],[-5,-1],[-14,-8]],[[5590,5544],[10,12],[16,-2],[3,4],[7,1],[2,-2]],[[5618,5667],[1,-7],[5,1]],[[5624,5661],[-6,-2],[0,8]],[[5556,5971],[2,8],[5,-4],[-3,-8],[-4,4]],[[5573,6009],[-3,2]],[[5570,6011],[3,-2]],[[5573,6009],[-3,2]],[[5570,6011],[3,-2]],[[5540,5996],[-4,5],[-1,10],[-3,8],[-5,6],[-1,8],[4,1],[5,-6],[3,-12],[4,4],[2,-6],[5,-2],[-7,-11],[-2,-5]],[[5545,6039],[3,15],[4,5],[-3,3]],[[5549,6062],[5,2],[2,-6],[0,-9],[-3,-4],[-8,-6]],[[5535,6079],[2,-1]],[[5537,6078],[-2,1]],[[5549,6062],[-3,4],[-1,7],[2,6],[-3,4],[4,6],[-2,10],[-7,-1],[0,6]],[[5539,6104],[6,-4],[4,5],[7,0],[0,-6],[4,-4],[-6,-9],[3,-12],[-9,-4],[1,-8]],[[5537,6085],[0,-7]],[[5537,6078],[-2,1]],[[5535,6079],[-8,3]],[[5527,6082],[-1,1]],[[5526,6083],[-6,6]],[[5520,6089],[2,3]],[[5522,6092],[8,-8],[7,1]],[[5539,6104],[-5,2],[0,21],[4,2],[1,-11],[-4,-1],[0,-8],[4,-5]],[[5543,6149],[-7,4],[0,8],[5,2],[2,-14]],[[5545,6305],[0,-1]],[[5545,6304],[0,1]],[[5545,6305],[0,-1]],[[5545,6304],[0,1]],[[5538,6321],[0,-9],[3,-12],[-5,-9],[-4,0],[-4,6],[3,5],[5,2],[-4,5],[1,11],[5,1]],[[5519,6304],[-3,5],[3,7],[4,1],[5,-6],[1,-6],[-3,-5],[-5,0],[-2,4]],[[5485,6516],[4,2],[1,-11],[-4,0],[-5,7],[4,2]],[[5514,6512],[-2,8],[7,3],[3,-3],[1,-8],[-7,-2],[-2,2]],[[5516,6619],[10,-8],[6,3]],[[5532,6614],[-1,-5],[-10,3],[-5,7]],[[5443,6864],[4,1]],[[5447,6865],[3,-8],[-6,-4],[-1,11]],[[5447,6865],[-5,11],[-1,7],[3,3],[-1,8],[3,0],[1,-11],[8,-2],[-2,-9],[-4,0],[-2,-7]],[[5438,7051],[1,-8]],[[5439,7043],[-1,8]],[[5438,7051],[0,6]],[[5438,7057],[0,-6]],[[5354,7625],[-1,7],[5,2],[-1,8],[8,2],[5,-7],[-8,-11],[-8,-1]],[[5362,7775],[6,2]],[[5368,7777],[-6,-2]],[[5328,7939],[-2,-1],[-2,11],[2,2],[9,2],[1,-5],[6,0],[0,-8],[-1,-12],[-8,-1],[-1,13],[-4,-1]],[[5265,8530],[6,-2],[1,-11],[-6,-2],[-2,12],[1,3]],[[5268,8859],[-4,3],[-6,7],[6,2],[4,-4],[0,-8]],[[5269,8908],[-2,0],[-8,7],[6,3],[4,-10]],[[6068,1832],[-3,16],[4,-2],[-1,-14]],[[6027,1853],[-1,3],[9,6],[3,4],[6,1],[4,5],[5,-4],[7,6],[3,6],[-1,6],[4,6],[3,15],[6,1],[4,5],[-1,4],[7,3],[4,-10],[-5,-2],[-4,-10],[-9,-3],[-3,-8],[2,-8],[-2,-6],[-2,-16],[-6,-10],[2,-10],[-3,-6],[6,-3],[0,-7],[-2,-5],[-8,16],[-1,8],[4,8],[-2,6],[-6,0],[3,8],[-4,4],[-9,-2],[-6,-7],[-7,-4]],[[5988,2673],[2,4]],[[5990,2677],[-2,-4]],[[5788,4209],[-5,0],[-1,6],[5,10],[8,-3],[-1,-10],[-6,-3]],[[5711,5262],[-7,1],[3,5],[5,-1],[-1,-5]],[[5660,5643],[0,1]],[[5660,5644],[0,-1]],[[5660,5644],[0,-1]],[[5660,5643],[0,1]],[[5624,5661],[1,8]],[[5625,5669],[-1,-8]],[[5625,5669],[5,1],[1,-7]],[[5631,5663],[-2,5],[-4,1]],[[5607,5824],[3,0]],[[5610,5824],[0,-12],[-7,0],[0,12],[4,0]],[[5610,5824],[-3,0]],[[5607,5824],[3,0]],[[5636,5991],[-5,0]],[[5631,5991],[5,0]],[[5617,6124],[-5,-3]],[[5612,6121],[5,3]],[[5585,6166],[4,-4],[-7,-6],[-1,9],[4,1]],[[5607,6190],[-4,-6],[-2,13],[4,1],[2,-8]],[[5605,6203],[-5,-2],[1,10],[9,0],[-5,-8]],[[5569,6227],[-5,6]],[[5564,6233],[6,2],[-1,-8]],[[5582,6261],[9,-1],[-2,-9],[-7,0],[0,10]],[[5577,6265],[-2,2],[-1,8],[7,-2],[-4,-8]],[[5556,6317],[3,0],[2,-7],[-3,-4],[-5,0],[3,11]],[[5554,6321],[2,6],[4,0],[1,-5],[-7,-1]],[[5526,6649],[-8,9],[-5,-1],[-2,3]],[[5511,6660],[6,-1],[5,1],[4,-11]],[[5511,6660],[-4,15],[-1,9],[8,-7],[0,-8],[-4,-4],[1,-5]],[[5467,7061],[-2,8],[-4,1],[0,6],[4,1],[-1,9],[8,0],[0,4]],[[5472,7090],[1,-6],[-5,-2],[0,-5],[-6,-3],[6,-5],[-1,-8]],[[5472,7090],[-4,0],[-2,5],[4,3],[-1,11],[-2,3],[3,0],[2,4]],[[5472,7116],[0,-3],[-2,-2],[0,-3],[2,-2],[0,-16]],[[5470,7120],[2,-4]],[[5472,7116],[-2,4]],[[5462,7123],[8,-3]],[[5470,7120],[-8,3]],[[5459,7163],[1,-21],[-2,-2]],[[5458,7140],[1,9],[0,14]],[[5454,7179],[1,-5],[4,-3],[0,-8]],[[5459,7163],[-2,9],[-3,0],[0,7]],[[5454,7179],[9,3],[1,5]],[[5464,7187],[0,-6],[-10,-2]],[[5492,7253],[-4,13]],[[5488,7266],[2,-1],[2,-12]],[[5458,7304],[1,-11],[-6,-2],[-1,4],[6,9]],[[5380,7948],[4,2]],[[5384,7950],[-4,-2]],[[5384,7950],[4,5]],[[5388,7955],[-4,-5]],[[5363,8454],[2,-14],[-5,-5],[-4,-21],[-9,3],[-8,-2],[-5,-4],[-2,-8],[-8,-1],[-7,-9],[-2,-12],[-3,-5],[1,-11],[-1,-6],[-5,0],[-5,6],[-1,9],[4,27],[-1,13],[8,11],[2,1],[10,9],[2,5],[6,2],[1,6],[6,3],[2,6],[5,7],[5,2],[3,-7],[4,1],[5,-6]],[[5326,8583],[-5,-2],[3,-6]],[[5324,8575],[-4,-8],[7,0],[0,-11],[-13,9],[-4,7],[3,5],[0,15],[-2,2],[-3,12],[5,-1],[7,-7],[6,-1],[0,-14]],[[5324,8575],[2,8]],[[5326,8583],[4,14],[-1,3],[9,3],[-3,17],[3,4],[2,-18],[-2,-5],[0,-7],[-5,-5],[-2,-7],[-7,-7]],[[5306,8665],[-4,-5],[-1,15],[8,1],[0,-7],[-3,-4]],[[5321,8685],[0,-9],[-7,2],[-2,5],[0,13],[7,-4],[2,-7]],[[5317,8702],[2,0]],[[5319,8702],[-2,0]],[[5319,8702],[-2,0]],[[5317,8702],[2,0]],[[5329,8781],[-3,7],[7,1],[2,-7],[-6,-1]],[[6075,2603],[-6,-2],[-1,8],[6,5],[3,-6],[-2,-5]],[[6051,2651],[5,-6],[4,2],[0,8]],[[6060,2655],[1,-12],[4,-2],[0,-10],[-6,-3],[0,8],[-6,3],[-2,12]],[[5838,4286],[-6,0],[5,8],[5,-6],[-4,-2]],[[5677,5761],[3,0],[1,-8],[-4,-1],[0,9]],[[5682,5784],[-6,0],[0,10],[7,1],[3,-3],[-4,-8]],[[5656,5798],[4,6],[3,-9],[-4,-2],[-3,5]],[[5667,5810],[0,-3],[-10,-1],[-7,1],[1,6],[6,-2],[6,2],[4,-3]],[[5653,5889],[1,0]],[[5654,5889],[6,-1],[-3,-8],[-3,3],[-1,6]],[[5654,5889],[-1,0]],[[5653,5889],[1,0]],[[5637,5925],[10,-11],[3,-7],[-3,-2],[-6,9],[-3,2],[-1,9]],[[5668,6019],[-9,0],[-5,4],[1,8],[9,-2],[4,-10]],[[5659,6041],[-4,8],[4,10],[6,2],[2,-14],[-4,-6],[-4,0]],[[5653,6071],[6,3]],[[5659,6074],[-6,-3]],[[5668,6105],[0,1]],[[5668,6106],[0,-1]],[[5668,6106],[0,-1]],[[5668,6105],[0,1]],[[5648,6117],[4,6],[-1,5],[7,0],[-4,-7],[-6,-4]],[[5630,6210],[1,7],[5,-2],[-1,-5],[-5,0]],[[5627,6218],[-6,0],[1,7],[4,-1],[1,-6]],[[5626,6541],[-7,1]],[[5619,6542],[7,-1]],[[5607,6689],[-2,8],[-5,1],[-19,-1],[-5,4],[-3,-2]],[[5573,6699],[-4,6],[-1,7],[-4,6],[-7,-1],[-8,3],[-11,-3],[0,5],[10,-1],[11,-3],[4,1],[7,-4],[3,-12],[9,-5],[12,2],[13,-2],[0,-9]],[[5549,7049],[-1,1]],[[5548,7050],[1,-1]],[[5548,7050],[1,-1]],[[5549,7049],[1,-2]],[[5550,7047],[-2,3]],[[5559,7060],[-4,8],[7,0],[-3,-8]],[[5544,7180],[-4,-1],[1,12],[8,1],[1,-13],[-1,-7],[-4,1],[-1,-4],[-3,-1],[3,-14],[6,-1],[4,-8],[-6,-1],[-6,11],[-3,15],[4,0],[-1,5],[2,5]],[[5513,7258],[2,-9],[-6,0],[4,9]],[[5517,7404],[-4,-5],[-2,-7],[-5,0],[0,-8],[-4,1],[1,8],[7,3],[5,10],[2,-2]],[[5526,7412],[-3,-6],[-6,-2]],[[5517,7404],[6,3],[3,5]],[[5448,7702],[-8,3],[1,8],[11,3],[2,-8],[-6,-6]],[[5466,7765],[0,4]],[[5466,7769],[0,-4]],[[5466,7794],[1,-5],[-5,-6],[-4,4],[8,7]],[[5472,7818],[-3,7],[8,-1],[-5,-6]],[[5467,7833],[2,7],[3,-4],[9,0]],[[5481,7836],[-13,-2],[-1,-1]],[[5428,8025],[5,2],[-1,-7],[-4,5]],[[5420,8272],[-6,1],[-4,4],[-16,-2],[4,5],[12,1],[8,-4],[2,-5]],[[5420,8446],[-1,-11],[-4,-4],[-11,8],[-1,8],[9,3],[6,5],[2,-9]],[[5378,8648],[1,-3],[8,1],[0,-5],[-5,-5],[-14,14],[-4,1],[1,14],[6,4],[1,-7],[5,-6],[1,-8]],[[5369,8768],[1,2]],[[5370,8770],[2,-6],[9,1],[-1,-10],[-4,-5],[-10,-2],[-9,-6],[-4,3],[-6,1],[5,-11],[-2,-3],[-6,1],[-6,-4],[-10,-5],[-3,9],[-7,0],[-1,10],[5,6],[0,5],[10,0],[2,5],[7,3],[12,2],[6,3],[7,1]],[[5366,8768],[3,0]],[[5370,8770],[-1,-2]],[[5369,8768],[-3,0]],[[5366,8768],[4,2]],[[5420,8917],[-5,4],[-5,-2],[10,-10],[0,7]],[[5420,8916],[2,-10],[4,-2],[3,-8],[-9,-2],[-6,-9],[4,-2],[3,-11],[9,2],[5,-7],[-5,-2],[-1,-6],[0,-10],[-2,-9],[-12,0],[-1,4],[-7,5],[-3,7],[-5,0],[2,-11],[-4,-1],[-4,5],[-5,-7],[-6,-5],[0,-3],[-8,-6],[-7,-2],[1,-18],[-3,-7],[-7,2],[-7,-2],[-5,3],[-3,7],[-9,6],[-1,-4],[-7,-2],[-6,-10],[-6,-4],[0,-4],[-5,-7],[-4,-1],[0,-7],[-10,-9],[-3,-20],[-3,-4],[-11,-6],[-12,0],[-9,2]],[[5257,8741],[9,2],[1,-2],[10,1],[2,3],[9,5],[0,6],[5,8],[1,6],[15,21],[3,2],[1,9],[4,1],[2,6],[3,4],[8,2],[-1,3],[8,3],[4,-2],[9,-12],[15,5],[-3,12],[10,13],[5,8],[5,1],[2,3],[-11,16],[9,8],[2,-11],[6,-1],[3,16],[8,1],[1,-8],[3,1],[0,9],[3,5],[4,13]],[[5412,8898],[4,10],[-7,4],[-1,10],[8,14],[4,-19]],[[5334,8945],[-1,8],[4,-1],[-3,-7]],[[5312,9110],[1,-2],[10,0]],[[5323,9108],[-11,-2],[0,4]],[[6243,1318],[5,1],[3,-7],[-7,-1],[-1,7]],[[6083,2579],[-1,-7],[3,-27],[-3,-1],[-2,15],[-2,6],[-2,9],[7,5]],[[5939,4119],[7,4],[2,-15],[-9,11]],[[5777,5611],[-8,-3],[-4,2],[-16,-8],[0,5],[7,1],[0,3],[11,3],[3,-3],[7,0]],[[5734,5653],[4,-1]],[[5738,5652],[-4,1]],[[5734,5653],[-2,7]],[[5732,5660],[2,-7]],[[5731,5737],[3,-2]],[[5734,5735],[-3,2]],[[5743,5763],[2,-4]],[[5745,5759],[-2,4]],[[5734,5879],[3,-6],[-2,-6],[-5,3],[0,5],[4,4]],[[5744,5901],[-7,-5],[-3,8],[1,6],[4,5],[4,-6],[4,-1],[-3,-7]],[[5714,6080],[1,0]],[[5715,6080],[-5,-11],[-4,1],[8,10]],[[5706,6080],[4,5],[8,2],[-3,-7]],[[5715,6080],[-1,0]],[[5714,6080],[-8,0]],[[5712,6091],[-7,-9],[1,-2]],[[5706,6080],[-5,2],[3,7],[8,2]],[[5675,6150],[7,-5],[-7,-4],[0,9]],[[5693,6146],[-3,10],[8,1],[3,-9],[-8,-2]],[[5680,6447],[-5,-2],[-2,5],[6,2],[1,-5]],[[5670,6538],[-6,-1],[-6,6],[3,3],[4,-6],[5,-2]],[[5650,6549],[-1,-6]],[[5649,6543],[1,6]],[[5627,6550],[-1,-9]],[[5626,6541],[1,9]],[[5627,6550],[-2,4],[-6,1],[1,14],[4,-3],[6,1],[-1,-7],[5,1],[3,-3],[1,-8],[-7,-3],[-4,3]],[[5654,6633],[-5,4],[-4,10],[-9,2]],[[5636,6649],[5,2],[8,-6],[0,-7],[5,-5]],[[5636,6649],[-11,4]],[[5625,6653],[9,-1],[2,-3]],[[5625,6653],[-3,3],[-1,7],[-6,2],[1,10],[-6,0],[0,11],[-3,3]],[[5607,6689],[3,-2],[2,-10],[5,-1],[1,-8],[6,-7],[1,-8]],[[5612,7067],[0,-18],[5,-9],[-5,-4],[-9,7],[1,8]],[[5604,7051],[0,14],[8,2]],[[5589,7083],[5,-7],[-5,-2],[0,9]],[[5589,7083],[-8,8],[1,10],[5,-11],[2,-7]],[[5565,7132],[1,-6],[4,-6]],[[5570,7120],[-5,5],[-1,7]],[[5564,7132],[1,0]],[[5570,7160],[-2,-9],[5,-2],[2,-9],[-4,-7],[-1,-13]],[[5570,7120],[-1,10],[-4,2]],[[5565,7132],[-1,0]],[[5564,7132],[-2,6],[1,5],[-2,18],[9,3],[0,-4]],[[5570,7160],[3,5],[-7,2],[-1,9],[-4,6],[7,6]],[[5568,7188],[-1,-13],[4,2],[1,4],[-2,6]],[[5570,7187],[2,0],[0,-7],[1,-11],[3,-1],[1,-13],[-6,-2],[-1,7]],[[5570,7187],[-2,1]],[[5568,7188],[2,-1]],[[5579,7198],[2,-5]],[[5581,7193],[-2,5]],[[5526,7412],[4,7]],[[5530,7419],[-4,-7]],[[5553,7432],[0,5],[-3,14],[4,4],[1,-13],[3,-1],[6,-12],[2,-7],[5,-2],[1,-11],[-4,1],[-1,7],[-5,1],[-1,10],[-8,4]],[[5539,7546],[-3,1],[-2,16],[5,2],[-2,-10],[2,-9]],[[5514,7566],[0,4]],[[5514,7570],[0,-4]],[[5526,7586],[0,1]],[[5526,7587],[2,3]],[[5528,7590],[-2,-4]],[[5518,7629],[4,0],[5,6],[-6,6]],[[5521,7641],[-3,6],[5,1],[-1,7],[-3,2],[-2,8],[8,8],[8,2],[0,-3],[6,-4],[-3,-4],[-5,9],[-3,-1],[-3,-9],[6,2],[2,-13],[3,1],[1,-10],[10,-2],[-6,-7],[-2,-10],[-4,-4],[1,-7],[8,-1],[5,9]],[[5549,7621],[-4,-9],[-10,-2],[-2,-11],[-5,-9]],[[5528,7590],[-2,-3]],[[5526,7587],[0,-1]],[[5526,7586],[0,-8],[1,-7],[-1,-4]],[[5526,7567],[2,-5],[-4,-3],[2,-11],[7,-8],[1,-11],[-3,-7],[-9,-8],[-4,-2]],[[5518,7512],[-6,-2],[-4,-5],[-7,25]],[[5501,7530],[-3,-1]],[[5498,7529],[2,8],[-2,7],[-4,4],[-4,-1],[-7,20],[-3,-1]],[[5480,7566],[-1,9],[4,7],[-3,7],[10,4],[2,7],[-1,7],[7,0],[-3,-7],[0,-4],[-6,-8],[13,1],[5,-3],[6,1],[5,4],[-6,8],[0,10],[2,7],[4,0],[-2,9],[2,4]],[[5514,7570],[0,-4]],[[5514,7566],[3,-7],[8,2],[1,6]],[[5526,7567],[-2,-1],[0,16],[-11,0],[1,-12]],[[5521,7641],[-4,-5],[1,-7]],[[5518,7629],[-1,3],[0,9],[4,0]],[[5510,7674],[-3,-2],[2,-7],[1,-14],[-6,-3],[0,-6],[6,2],[4,-5],[0,-15],[-4,5],[3,4],[-3,8],[-10,1],[-2,5],[9,4],[-4,19],[7,4]],[[5536,7675],[3,6],[4,-3],[0,-5],[-7,2]],[[5535,7685],[-5,0],[1,13],[5,-6],[-1,-7]],[[5492,7788],[5,5]],[[5497,7793],[-5,-5]],[[5481,7836],[0,2],[11,3]],[[5492,7841],[-11,-5]],[[5471,8101],[1,0]],[[5472,8101],[2,0]],[[5474,8101],[-2,-7]],[[5472,8094],[-1,7]],[[5474,8101],[-2,0]],[[5472,8101],[-1,0]],[[5471,8101],[3,0]],[[5405,8602],[-6,5],[-1,9],[8,-2],[-1,-12]],[[5411,8616],[-9,5],[-2,15],[8,0],[3,-9],[0,-11]],[[5403,8762],[2,-10],[3,-5],[4,1],[-1,-15],[5,-5],[-2,-5],[4,-9],[4,-5],[3,-7],[8,0],[5,-6],[2,-15],[0,-7],[4,-7],[2,-20],[6,0],[2,7],[5,-1],[1,-5],[-4,-10],[-9,-9],[-4,-6],[-6,-2],[0,8],[-6,-1],[-4,3],[-11,2],[-7,7],[-3,16],[-5,2],[-4,7],[-4,12],[-8,2],[-1,10],[4,9],[8,-1],[4,3],[3,10],[1,9],[-1,11],[3,11],[-2,9],[-1,12]],[[5408,8765],[9,1]],[[5417,8766],[-9,-1]],[[5408,8765],[-5,-3]],[[5403,8762],[5,3]],[[6336,869],[8,3],[-1,-5],[-7,2]],[[6363,904],[-4,-1],[-2,11],[2,3],[10,4],[-6,-17]],[[6143,2740],[-2,-3]],[[6141,2737],[-8,0],[2,5],[8,-2]],[[6129,2748],[1,0]],[[6130,2748],[1,-10],[-4,-1],[2,11]],[[6165,2805],[-4,-1],[-3,-5],[-5,-2],[-1,-7],[-6,-6],[-4,0],[-1,-5],[-11,-10],[-3,1],[-3,11],[9,0],[6,2],[3,5],[6,-1],[2,3],[-1,9],[3,7],[5,-3],[8,2]],[[5782,5631],[4,7]],[[5786,5638],[-4,-7]],[[5788,5643],[-2,-5]],[[5786,5638],[2,5]],[[5712,6091],[10,14],[4,-3],[-8,-7],[-6,-4]],[[5742,6119],[-3,-6],[-7,-2],[-1,4],[15,10],[14,2],[-2,6],[5,1],[8,7],[1,-7],[-11,-10],[-10,-1],[-9,-4]],[[5735,6214],[6,2],[11,-3],[-27,-4],[-1,11],[3,1],[3,-9],[5,2]],[[5735,6214],[-3,10],[3,2],[0,-12]],[[5712,6429],[-1,6],[2,5],[8,0],[1,-8],[-1,-3],[-9,0]],[[5646,7020],[1,1]],[[5647,7021],[-1,-1]],[[5647,7021],[-1,-1]],[[5646,7020],[1,1]],[[5629,7027],[-6,-1],[-3,9],[5,0],[4,-8]],[[5625,7043],[-9,0],[-1,4],[8,2],[2,-6]],[[5612,7067],[8,-2],[2,4],[-14,14],[4,3],[4,-10],[3,1],[11,-9],[4,1],[5,-10],[0,-9],[-3,-2],[-4,4],[-7,-1],[-4,11],[-9,5]],[[5625,7244],[1,1]],[[5626,7245],[-1,-1]],[[5625,7244],[-6,1]],[[5619,7245],[3,3],[4,-3]],[[5626,7245],[-1,-1]],[[5595,7313],[3,-14],[-10,-2],[0,7],[7,9]],[[5626,7345],[-3,3]],[[5623,7348],[3,-3]],[[5576,7576],[-1,1]],[[5575,7577],[0,9],[-4,6]],[[5571,7592],[-2,4],[5,5]],[[5574,7601],[-6,3]],[[5568,7604],[-4,13],[1,8],[4,3],[-3,8],[5,3],[10,12]],[[5581,7651],[8,-7]],[[5589,7644],[4,3],[-2,12],[6,1]],[[5597,7660],[5,1],[5,-4],[-2,-4],[2,-6],[5,-1]],[[5612,7646],[2,-6],[4,0]],[[5618,7640],[4,9],[3,-4],[2,-8],[4,2],[-1,10],[4,0],[0,-8],[7,-7],[1,-14],[4,-5],[-2,-6],[5,-5],[8,-4],[1,-5],[-5,-3],[-3,5],[-12,1],[1,-14],[3,1],[6,-10],[2,-23],[-4,-5],[-6,-1],[-1,5],[-7,1],[-2,5],[-6,5],[1,18],[-5,4],[-1,8],[-8,3],[-3,-10],[-4,0],[-5,-13],[-1,-4],[2,-15],[7,-13],[0,-6],[7,-2],[5,8],[6,0],[-1,-14],[2,-11],[-3,-3],[2,-5],[-2,-4],[0,-7],[7,3],[9,-11],[3,-11],[3,-6],[1,-6],[-2,-11],[3,-14],[-9,-2],[-4,2],[-3,-5],[0,-10],[-7,2],[0,-10],[-9,-3],[1,-7],[6,-3],[5,-5],[-1,-5],[3,-19],[-1,-7],[5,-8],[9,-4],[1,-7],[6,-7],[9,1],[7,-1],[3,-6],[6,-4],[4,-10],[-7,1],[-2,5],[-6,-1],[-4,8],[-10,4],[-4,-3],[-7,0],[0,3]],[[5638,7339],[-11,3],[-1,3]],[[5626,7345],[-3,3]],[[5623,7348],[-6,2],[-5,-4],[-1,7],[-7,8],[-4,-1],[3,-12],[2,-16],[0,-9],[-4,-3],[-1,14],[3,1],[-2,15],[-4,8],[-1,9],[-9,8],[-1,4],[-9,0],[-3,7],[-1,11],[2,5],[3,-19],[9,1],[7,-1],[10,-13],[2,-9],[6,9],[5,-1],[2,-8],[9,-2],[-1,8],[-2,5],[-3,30],[-8,2],[0,13],[6,1],[-4,14],[-5,7],[0,16],[-6,7],[2,11],[-1,15],[-4,13],[-5,5],[-5,1],[2,6],[-1,8],[-4,0],[0,15],[-6,4],[2,17],[0,15],[-3,3],[-6,1]],[[5571,7592],[8,1],[0,4],[-7,1],[-1,-6]],[[5597,7660],[-3,0],[1,-13],[5,0],[-3,13]],[[5605,7634],[1,3],[-9,0],[0,-3],[6,-4],[2,4]],[[5602,7625],[-5,1],[1,-7],[5,0],[-1,6]],[[5629,7615],[-3,7],[-3,-7],[6,0]],[[5623,7486],[1,7],[-6,10],[-4,1],[0,9],[-6,1],[1,-11],[3,-5],[6,-6],[1,-8],[4,2]],[[5622,7461],[2,-3]],[[5624,7458],[5,-3],[7,6]],[[5636,7461],[4,6],[-5,3],[-5,18],[-4,-2],[2,-9],[-1,-4],[-6,0],[1,-12]],[[5635,7453],[1,8]],[[5636,7461],[-1,-8]],[[5597,7413],[2,-10],[-1,-5],[-4,0],[3,15]],[[5597,7413],[-12,8],[-4,-1],[0,9],[9,3],[5,-7],[2,-12]],[[5575,7577],[1,-1]],[[5576,7576],[-1,1]],[[5555,7638],[0,-7],[-2,0],[-4,-10]],[[5549,7621],[0,4],[5,7],[1,6]],[[5555,7638],[1,5],[4,7],[4,-5],[-4,-5],[-5,-2]],[[5581,7714],[-8,7],[0,2]],[[5573,7723],[1,-1]],[[5574,7722],[1,0]],[[5575,7722],[6,-8]],[[5575,7722],[-1,0]],[[5574,7722],[-1,1]],[[5573,7723],[-1,4],[-8,8],[-4,-1],[2,-9],[-6,-1],[-7,4],[-5,19],[-10,13],[1,2],[14,-16],[4,4],[6,0],[0,-9],[5,-3],[4,4],[3,8],[4,-12],[-3,-3],[3,-13]],[[5559,7731],[-1,8],[-10,1],[2,-10],[6,-4],[3,5]],[[5580,7766],[2,-6],[-6,-3],[0,7],[4,2]],[[5550,7787],[-3,6],[2,9],[5,0],[-1,-9],[-3,-6]],[[4749,8086],[0,-7],[2,-3],[8,0],[4,-3],[6,-8],[3,-1],[6,-8],[3,-1],[15,2],[8,-4],[-1,-3],[6,-4],[2,-6],[6,-7],[5,-1],[0,-5],[11,-1],[4,-6],[1,-6],[7,0],[3,-4],[10,-4],[4,-10],[5,-2],[10,3],[-2,-7],[6,-2],[4,-9],[7,2],[4,-5],[17,-11],[10,2],[6,-2],[5,2],[7,-6],[5,7],[10,0],[2,2],[11,5],[7,0],[10,7],[3,7],[11,-1],[2,-7],[4,-3],[8,1],[5,-7],[5,-1],[2,-11],[3,-4],[18,-3],[5,0],[4,-5],[0,-6],[2,-10],[6,-6],[12,1],[-1,-6],[6,-3],[8,0],[3,5],[6,-4],[9,0],[3,9],[8,0],[5,9],[9,1],[3,5],[7,1],[7,-5],[1,5],[5,1],[3,6],[4,0],[8,11],[4,-5],[1,-7],[8,3],[4,-3],[5,2],[-1,8],[4,9],[4,0],[1,9],[-1,10],[6,4],[3,5],[5,2],[-4,12],[4,2],[3,-4],[0,-14],[-6,-3],[0,-6],[-6,-1],[4,-13],[-3,-8],[-4,-4],[-4,-6],[2,-15],[4,3],[12,2]],[[5215,7944],[4,3],[7,-2],[9,5],[1,8],[4,3],[1,6],[11,1],[2,-5],[7,4],[7,1],[9,7],[5,-3],[4,5],[9,1],[6,5],[0,7],[5,-4],[-2,-9],[4,-8],[4,0],[-1,10],[7,1],[3,7],[15,2],[3,4],[-1,8],[11,-6],[11,2],[5,7],[7,1],[1,-5],[15,4],[1,6],[4,4]],[[5393,8014],[5,7],[5,3],[9,1],[2,-8],[8,2],[6,-2],[1,-6],[6,2],[5,5],[3,6],[2,1],[-1,3],[4,-1]],[[5448,8027],[-2,0],[0,-5],[-2,0],[-3,-5],[2,-1],[2,-19],[-3,-6]],[[5442,7991],[5,3],[10,2],[6,3],[-3,17],[3,7],[3,1],[8,-6],[1,7],[4,6],[1,14],[2,0],[1,-10],[2,-3],[-2,-7],[2,-8]],[[5485,8017],[6,0],[2,7],[5,-1],[0,-5],[3,-8],[3,3],[7,-1],[3,6],[-1,6],[9,-3],[10,2],[7,-3],[2,-5],[5,8],[-6,0],[5,9],[8,-2],[-1,7],[5,2],[16,-7],[5,1],[5,-5],[7,8],[3,7],[9,3],[4,8],[6,-1],[10,3],[1,9],[6,7],[5,-2],[4,2],[3,6],[5,-5],[6,1],[3,9],[5,0],[5,-3],[10,7],[1,11],[-4,3],[-2,14],[6,8],[-1,4],[6,7],[8,3],[7,10],[5,8],[5,-2]],[[5706,8153],[6,4]],[[5712,8157],[5,8]],[[5717,8165],[1,1]],[[5718,8166],[4,-4],[5,2]],[[5727,8164],[-1,-4]],[[5726,8160],[0,-1]],[[5726,8159],[3,-12],[7,-2],[-2,8]],[[5734,8153],[1,3]],[[5735,8156],[4,8]],[[5739,8164],[-2,7],[9,-1]],[[5746,8170],[-4,-5],[0,-4],[-6,-10],[1,-8],[-12,1],[-8,-1],[-1,-5],[-4,-2],[-8,0],[0,7],[-5,-1],[-3,-5],[-6,-1],[-2,-5],[-7,-2],[1,-5],[3,-2]],[[5685,8122],[-7,-4],[12,-14],[9,5],[4,-6],[2,-5],[-14,-8],[0,-5],[6,-5],[4,0]],[[5701,8080],[0,-1]],[[5701,8079],[-5,0],[-6,4],[-6,-3],[-1,-5]],[[5683,8075],[-13,-4],[0,-6]],[[5670,8065],[1,-6],[5,1]],[[5676,8060],[-7,-3],[-2,-10],[-4,0],[-1,-6],[0,-14],[7,4],[8,-14],[6,2],[5,-5],[14,-1],[2,-6],[5,2],[13,2],[6,3],[-1,11],[10,9],[-1,7],[5,7],[4,0]],[[5745,8048],[-2,-7],[-5,-1],[1,-7],[-5,-10],[-5,-1],[1,-7],[-3,-7],[4,-2],[2,-12],[6,-5]],[[5739,7989],[-7,3]],[[5732,7992],[-2,3]],[[5730,7995],[-1,9],[-6,-1],[-2,-6],[-7,-6],[1,-9],[-3,-6],[4,-4],[4,1],[3,-8],[6,1],[2,-8],[4,1],[3,-5],[7,-4],[-3,-3],[2,-11],[3,0],[7,-15],[6,2],[16,0],[5,2],[0,4]],[[5781,7929],[6,1],[2,-9],[-3,-1],[0,-9],[3,-7],[6,2],[9,-1],[2,-3],[17,0],[11,2],[6,6],[8,-4],[3,3],[4,-3],[-2,-5],[3,-15],[3,-3],[5,5]],[[5864,7888],[0,-5],[13,-2],[1,-8],[3,1],[1,-8],[-3,-5],[0,-5]],[[5879,7856],[-2,-2]],[[5877,7854],[-6,-2],[0,-5],[8,1],[2,6]],[[5881,7854],[1,-6],[5,2],[4,-5],[-1,-21],[4,-3],[2,-5],[6,-3],[6,-6],[6,2],[2,4],[0,6],[-7,4],[1,6],[10,-1],[1,-9],[10,2],[4,-5],[7,1],[1,-7],[7,-5],[7,4],[10,10],[7,-1],[1,4],[10,0],[10,-3],[4,-5],[8,7]],[[6007,7821],[-6,-12],[5,1]],[[6006,7810],[4,-3],[7,1],[2,9]],[[6019,7817],[4,-3],[-1,-11],[10,1],[4,-8],[5,-1],[6,-5],[9,0],[6,-5],[5,-2],[8,1],[8,6],[4,9],[4,1],[10,-13],[5,-1],[8,2],[5,5],[5,0],[13,2]],[[6137,7795],[-1,-4],[-17,-1],[-6,-4],[-1,-9],[7,1],[2,-2],[10,3],[5,-4],[4,1],[5,-5],[10,0],[5,-3],[7,1],[12,0],[1,-6],[9,-8]],[[6189,7755],[4,-6],[7,-2],[6,2],[4,-7]],[[6210,7742],[-4,4],[-7,-2],[1,-14],[3,-1],[10,5],[6,1],[7,6],[15,7],[-6,4],[-8,2],[-1,-7],[-5,3],[4,7],[8,3],[0,3],[15,7],[1,6],[8,0],[2,-2],[11,1],[5,2],[1,-5]],[[6276,7772],[-2,2],[-17,-2],[-4,-7],[-7,-2],[-5,2],[-4,-8],[14,2],[2,-5],[12,1],[2,3],[9,3],[1,-5],[12,2],[0,3]],[[6289,7761],[8,4],[11,-1],[7,-5],[11,2]],[[6326,7761],[-5,-7]],[[6321,7754],[2,-6],[5,3],[2,-8],[-4,-4],[-8,4],[2,7],[-10,0],[-11,5],[-9,0],[-16,-3],[1,-10],[4,1],[25,-8],[5,1],[0,7],[8,-2],[1,-8],[11,1],[5,9],[5,-9],[0,-5],[4,-6],[10,2],[5,4],[10,2],[8,4],[6,1],[10,-4]],[[6392,7732],[-10,1],[0,-6],[-3,-4],[-8,1]],[[6371,7724],[-8,-3],[1,-8],[6,-3],[14,2],[0,-2]],[[6384,7710],[-8,-6],[-6,0],[-4,7],[-5,2],[-5,0],[-1,8],[-8,-1],[-6,-5],[1,-5],[-4,-6],[2,-3],[-10,-3],[-10,0],[-3,6],[-9,-7],[-20,8],[-1,-9],[-9,0],[-2,-15]],[[6276,7681],[-1,-1]],[[6275,7680],[-3,15],[1,8],[-16,-2],[5,-4],[-1,-8],[-12,8],[-7,-1],[-4,-3],[1,-6],[-10,0],[-2,-5],[6,-9]],[[6233,7673],[-11,1],[-4,3]],[[6218,7677],[-15,6],[-8,3]],[[6195,7686],[-3,7],[-6,-1],[-3,5]],[[6183,7697],[8,1],[3,6],[5,2],[2,-6],[14,0],[7,-6],[6,1],[-2,6],[-5,6],[-3,-2],[-5,4],[0,6],[6,7],[1,7]],[[6220,7729],[-7,0],[-13,-2],[-6,9],[-1,10],[-2,3],[-9,3],[-4,-4],[-6,11],[-9,-1],[-4,7],[-10,-1],[-6,3],[-1,-6],[-6,-4],[2,-13],[-5,4],[-2,9],[-10,-1],[-4,4],[-5,-4],[-8,-1],[0,-8],[-6,-1],[-5,3],[-2,9],[-10,-2],[-8,-3],[0,-5],[-8,-3],[1,-7],[-7,-2],[-2,-4],[-4,-1],[-3,13],[-4,4],[-4,-4],[1,-14],[4,0],[8,-3]],[[6055,7727],[-8,-3]],[[6047,7724],[1,-6],[10,-9],[10,4],[5,-1],[-1,-6],[7,-4],[-1,10]],[[6078,7712],[6,-3],[2,-7],[9,-5],[3,6],[3,0],[9,3],[0,14],[8,-9]],[[6118,7711],[6,-6],[5,13],[5,-3],[1,-13],[11,2],[12,-10]],[[6158,7694],[-2,-3]],[[6156,7691],[-7,-2],[-2,7],[-7,-2],[-4,6],[-19,-3],[1,-6],[8,2],[1,-4],[11,1],[-3,-7],[-4,4],[-10,-3],[1,-7],[4,-3]],[[6126,7674],[-4,2],[-4,-3],[-7,0],[2,6],[-7,5],[-3,-9],[-6,5],[-7,0],[-1,5],[-13,-7],[2,-12],[5,0],[0,10],[6,0],[5,-15],[-8,-2],[-1,4],[-9,-1],[1,-4],[-12,-1],[-4,2]],[[6061,7659],[-5,-3],[-2,-13],[-9,-2],[-2,2],[-9,-1],[-13,3],[-5,0],[-1,10],[-8,0],[-4,-3],[0,-6],[-11,-7],[-2,-9],[1,-5],[4,-7],[-10,-6],[-5,-5],[6,-9],[0,-4],[-6,0],[-1,11],[-4,1]],[[5975,7606],[-2,6],[-4,2],[-2,10],[-4,3],[-5,0],[-11,3],[-5,-1],[-5,5],[-1,8],[-8,10],[-3,2],[-1,7],[-6,4],[-2,5],[-4,7],[-4,0],[-6,10],[-3,3],[0,8],[-5,7]],[[5894,7705],[-1,1]],[[5893,7706],[-1,10],[-12,25],[-3,6],[-3,10],[2,2],[-1,9],[-6,20],[-1,12],[2,6],[0,9],[-3,23],[-7,12],[6,9],[-8,1],[0,13],[-6,1],[-1,10],[-3,4],[-1,11],[-5,0],[-1,-4],[-15,1],[-8,-2],[-1,5],[-16,-2],[-5,2],[-5,0],[-5,3]],[[5786,7902],[0,-10],[-1,-6],[-6,-2]],[[5779,7884],[-1,-7],[-5,0],[0,5],[-6,-2],[-10,7],[-6,-1],[-10,3],[-8,0],[-4,5],[-6,-6],[2,-6],[-6,-1],[-6,-7],[-7,0],[-9,-3],[0,-8],[-6,0]],[[5691,7863],[-6,-6],[-2,5],[-6,-9],[-6,-1],[-3,4],[-8,-1],[-3,-4],[-9,-2],[-2,-9],[-5,-5],[6,-4],[6,1],[0,-7],[-9,-1],[-6,3],[0,-3],[-3,-1],[0,-4],[-4,-3],[-7,0],[-3,-5],[2,-8],[-9,-1],[-3,-8],[2,-2],[12,1],[-5,-5],[-3,3],[-15,-1],[-8,1],[-6,-3],[-6,6],[-10,-2],[-4,-15],[-10,-4],[-1,4],[-19,2],[-5,-4],[0,-5],[-3,0],[-5,-5],[-6,-6],[-7,-1],[0,-8],[12,-1],[12,-21]],[[5536,7728],[-1,-7],[6,-2],[1,-6],[5,-7],[6,-2],[3,-7],[6,1],[1,-6],[5,-3],[0,-5],[8,-4],[5,0],[5,-4],[7,1],[9,-8],[6,1],[8,8],[10,5],[1,-4],[7,-1],[4,-14],[5,-4],[12,1],[9,-6],[5,0],[4,-5],[5,2],[4,-1]],[[5682,7651],[-8,-3],[-14,3],[-6,-6],[0,-11],[3,-10],[3,-1],[1,-9],[-2,-5],[8,-7],[3,-6],[9,-5],[8,-1],[3,-12],[5,-3],[6,-7],[6,4],[10,-4],[14,1],[5,-9]],[[5736,7560],[6,-1],[6,-4],[3,-5],[4,0],[4,16],[5,7],[0,5],[7,-4],[6,1],[-3,-7]],[[5774,7568],[2,-5],[-15,-5],[-2,-7],[5,-2],[2,-5],[5,0],[2,-5],[4,-5],[3,4],[16,1],[3,-5],[4,1],[0,7],[4,4],[4,0],[3,7],[19,0],[-3,-6],[-4,0],[-5,4],[-5,-1],[3,-9],[-16,-3],[-1,-6],[-7,0],[-2,4],[-5,-2],[1,-4],[-9,-2],[-11,9],[0,-8],[3,-5],[-2,-15],[-4,-2],[3,-20],[-4,-6],[1,-15],[-5,3]],[[5761,7469],[-1,13],[2,4],[-1,19],[2,9],[5,6],[-3,18],[-4,5],[-5,0],[1,-11],[-2,-1],[-2,15],[-4,1],[-8,6],[-4,0],[-6,5],[-1,8],[-8,-1],[-8,1],[-2,3],[-20,-4],[-1,11],[-3,0],[-3,11],[-8,5],[-7,0],[-6,11],[-7,5],[0,15],[-4,-2],[1,12],[-3,11],[4,4],[-1,6],[-3,3],[-10,-1],[-2,7],[-4,-1],[-3,8],[1,6],[-5,-1]],[[5628,7675],[-3,-4],[-6,4],[-7,-4],[0,-12],[-6,7],[-5,-1],[-5,6],[-6,-2],[-6,6],[-5,-2],[2,-10],[0,-12]],[[5581,7651],[-2,12],[-5,-1],[-2,13],[-3,2],[-5,12],[-5,2],[-8,9],[-12,7],[-2,9],[-5,7],[-3,9],[-10,14],[-4,0],[-6,-8],[-10,10],[9,4],[-2,14],[-8,4],[-1,6],[-7,-3],[-8,4],[-3,-6],[-13,-2]],[[5466,7769],[-2,6],[-10,4],[0,-4],[-7,1],[-2,5],[-8,-4],[1,-5],[3,-2],[5,-16],[-11,-4],[0,-4],[10,-9],[-5,-15],[-5,-2],[0,6],[5,3],[0,9],[-3,0],[-7,9],[2,2],[3,7],[4,3],[-1,6],[2,4],[-4,4],[-1,5],[5,7],[-3,9],[-11,8],[-1,6],[-6,-2],[-1,9],[1,10],[-7,1],[1,15],[-1,5],[-5,-1],[2,11],[-5,2],[-12,-1],[-8,4],[-5,0],[-12,7],[-4,-7],[-4,-2],[-4,-7],[-9,-4],[-1,-10],[-11,-1],[-6,1],[-14,-3],[-3,-4],[-6,-1],[0,-4],[-8,3],[-6,6],[-10,2],[1,9],[-8,3],[-10,2],[-8,4],[-5,-1],[0,-6],[-5,-1],[-4,10],[-1,7],[-5,1],[0,-6],[-6,-3],[-5,-7],[-4,3],[-7,-2],[-3,-5],[-8,-1],[-2,-8],[-7,4],[-13,1],[0,-9],[-10,-2],[3,-4],[7,1],[12,-14],[-3,-6],[2,-3],[5,1],[3,-7],[-4,-3],[-9,0],[1,-11],[8,3],[8,-6],[3,5],[4,-6],[2,-16],[3,-9],[7,5],[14,0],[4,-2],[5,3],[8,1],[3,-8],[5,-3],[9,3],[2,2],[7,0],[1,3],[8,-1],[9,13],[8,2],[5,-6],[4,1],[5,7],[7,-3],[2,-4]],[[5329,7768],[-5,5],[-4,-1],[-4,-5],[-7,-1],[-3,4],[-7,-1],[-4,-4],[-6,-9],[-15,-2],[-7,-4],[-6,-1],[-6,4],[-2,5],[-7,-3],[-10,-1],[-3,2],[-7,-5],[2,-17],[0,-11],[3,-3],[6,3],[7,-2],[2,6],[6,1],[2,-6],[-1,-6],[1,-10],[7,-9],[1,-7],[5,-12],[3,0],[1,-11],[2,-1],[1,-9],[-1,-10],[5,-2],[-4,-14],[1,-10],[-2,-8],[5,0],[4,-6],[-2,-9],[0,-6],[4,-6],[4,-15],[3,-1],[3,-9],[1,-14],[-4,-6],[5,-5],[1,-6],[-2,-6],[-4,-2],[-2,-10],[-5,-13],[0,-8],[-3,-8],[-3,-1]],[[5278,7482],[1,18],[3,0],[0,11]],[[5282,7511],[2,6],[1,9],[5,2],[-4,17],[5,5],[-2,12],[-6,8],[-1,14],[-6,7],[-4,1]],[[5272,7592],[1,2]],[[5273,7594],[5,9],[-3,5],[-5,0],[-1,5],[1,11],[-2,16],[2,3],[-4,21],[-4,10],[-7,4],[0,11],[-3,-1],[-3,16],[-4,4],[-1,8],[-4,2],[-5,-2],[-13,2],[-5,4],[4,13],[-1,8],[-6,-1],[-3,3],[-1,8],[-6,-2],[-6,-10],[3,-15],[-8,-3],[0,-7],[-3,-6],[-3,-1],[-6,-9],[-2,-6],[2,-6],[-7,-4],[4,-4],[2,-10],[-2,-2],[2,-18],[-2,-4],[-9,-2],[-2,-6],[-4,-2],[3,-10],[4,-4],[2,-10],[3,-4],[5,0],[1,-8],[12,-11],[2,-6],[4,-1],[11,-10],[-1,-11],[1,-8],[4,-9],[7,0],[4,-8],[7,0],[0,-6],[14,-6],[-8,-1],[-4,-3],[6,-11],[6,0],[3,-8],[0,-10],[-6,-8],[1,-7],[-5,-10],[2,-6],[-6,-8],[-5,-2],[-4,-7],[1,-10],[-7,-5],[-1,4],[-8,-4],[-3,-8],[0,-11],[-4,2],[-1,20],[11,19],[0,12],[-5,0]],[[5209,7462],[1,0]],[[5210,7462],[1,2]],[[5211,7464],[2,2]],[[5213,7466],[0,7],[-4,11],[5,10]],[[5214,7494],[-2,1],[-3,18],[-6,6],[4,3],[4,12],[-1,6],[-8,9],[-1,12],[-6,2],[1,10],[-4,4],[-5,-1],[0,12],[-2,4],[-15,-4],[0,9],[-2,5],[-12,1],[5,-12],[-3,-5],[1,-10],[7,-9],[-8,-1],[-1,11],[-4,2],[-1,8],[3,8],[-2,11],[-4,2],[0,9],[1,3],[-2,11],[6,3],[-1,7],[5,18],[5,5],[-4,3],[3,10],[-3,2],[2,13],[-3,3],[4,12],[-6,4],[-2,4],[-9,0],[-2,-3],[-13,-1],[-6,5],[-7,-1],[-2,-3],[-9,5],[-1,4],[-5,6],[-11,2],[-6,11],[0,6],[-4,6],[-9,3],[-7,1],[-6,7],[-6,0],[-3,15],[-16,1],[-5,-2],[-6,9],[-2,-4],[-10,-6],[-2,4],[-11,-1],[-10,23],[2,7],[-7,4],[-2,7],[-12,-5],[-3,7],[-7,0],[-4,10],[-12,-4],[2,-7],[0,-15],[3,-2],[-4,-14],[-10,-10],[0,-7],[-7,-3],[-4,5],[-1,6],[11,2],[2,8],[-2,11],[4,7],[-4,12],[-1,8],[3,4],[-1,6],[-5,2],[-2,6],[6,-1],[7,4],[0,4],[7,1],[-3,5],[0,6],[-8,0],[-6,-6],[-5,6],[0,5],[-5,4],[0,18],[-3,9],[-8,6],[0,4],[-4,3],[-9,1],[0,-9],[-3,-4],[4,-5],[2,-9],[-8,-3],[3,8],[-6,6],[2,17],[-4,1],[5,8],[-10,8],[-6,7],[-5,1],[-5,6],[-9,6],[-7,-1],[-1,-7],[3,-6],[-5,-5],[0,-5],[5,-1],[-1,-13],[5,-14],[0,-6],[-9,-3],[-2,-3],[4,-21],[-6,-2],[-2,10],[-5,0],[-6,2],[-3,-7],[-6,-2],[1,-11]],[[4819,7859],[-4,4],[2,8],[3,1],[3,8],[9,5],[-1,12],[2,13],[-6,0],[3,7],[8,2],[3,7],[-11,1],[1,-9],[-4,-4],[-6,-1],[-9,3],[-3,5],[-6,-2],[-1,11],[-9,-2],[-2,-5],[-9,5],[-3,10],[-8,-1],[-6,3],[-1,11],[-8,3],[-7,11],[-2,0],[-5,5],[-7,3],[-2,6],[5,4],[-2,6],[-4,1]],[[4732,7990],[5,0],[2,-6],[9,-1],[9,-4],[9,1],[3,-4],[1,-6],[-3,-4],[9,-7],[1,-8],[6,2],[1,-5],[9,-2],[11,3],[6,-2],[3,5],[7,-1],[6,4],[2,-3],[7,1],[0,4],[4,5],[6,1],[-2,6],[-8,2],[-6,4],[-3,4],[-6,4],[-1,-6],[-7,1],[-3,12],[-8,-1],[-4,-6],[-3,1],[-2,6],[-7,2]],[[4785,7992],[-4,13],[-11,-4],[-1,-8],[-7,-1],[-11,-4],[-2,8],[1,10],[-4,0],[0,6],[-5,4],[2,5],[-1,9],[-7,0],[-6,11],[1,6],[-1,5],[-5,0],[-3,4],[-9,4],[-12,1],[-1,4]],[[4699,8065],[1,3]],[[4700,8068],[4,0],[2,8],[7,3],[3,-5],[7,1],[-1,-15],[6,-3],[5,1],[0,5],[5,1],[3,-8],[6,1],[6,-7],[1,-7],[8,-3],[1,-12],[-5,-10],[1,-2],[10,1],[1,4],[10,-3],[6,-1],[5,-8],[7,-3],[11,2],[13,-3],[13,3],[-1,7],[-4,-1],[-3,6],[-4,0],[-5,10],[-5,0],[0,5],[-7,5],[-4,7],[-5,7],[-8,-2],[-3,-2],[-8,0],[-4,7],[-3,1],[-5,9],[-7,6],[-6,-1],[-5,5],[-8,1],[0,4],[9,4]],[[5403,8013],[0,6],[-10,-5]],[[5393,8014],[2,-3],[8,2]],[[5403,8013],[-4,-2],[-6,0],[-4,-8],[-11,-2],[6,-7],[11,-8],[7,1],[1,6],[4,7],[4,1],[3,-9],[6,-2],[3,3],[8,2],[-4,-9],[7,4],[5,8],[-8,3],[-4,10],[-6,2],[0,4],[-7,-1],[-5,4],[-4,0],[-2,-7]],[[5423,7975],[1,-7],[4,-8],[-5,-2],[-2,8],[-3,1],[-5,-7],[-10,5],[-2,-10],[-6,-1],[-2,6],[-5,-5]],[[5388,7955],[-3,1],[-1,7],[7,-1],[3,6],[-1,12],[-6,8],[-4,-1],[0,-6],[-6,-4],[-4,7],[-19,-1],[-5,-5],[-5,0],[2,10],[-6,-1],[-2,-6],[-6,-4],[-1,-5],[-8,1],[-4,-8],[-8,0],[-4,-5],[-4,12]],[[5303,7972],[-2,-7],[-15,1],[-9,-6],[-8,-10],[0,8],[-8,2],[-10,-2],[-10,-14],[-7,-4],[-2,3],[-8,-6],[1,-6],[-9,-3],[-15,-2],[1,6],[-11,0],[-1,8],[-4,0],[-3,-8],[-4,7],[-9,0],[-2,6],[-8,-2],[5,-6],[-7,-8],[-19,-6],[-10,-2],[-12,-7],[-6,-9],[5,-4],[1,-6],[4,-1],[9,1],[0,-9],[5,-4],[1,-7],[-7,-7],[1,-7],[9,-3],[4,3],[5,-1],[4,-6],[5,1],[9,-5],[5,1],[3,5],[7,1],[4,10],[7,8],[8,2],[8,-1],[6,3],[4,6],[13,1],[5,5],[10,-5],[-1,-6],[12,-6],[9,1],[7,4]],[[5273,7879],[-4,9],[-4,2]],[[5265,7890],[4,0],[3,-4],[5,2],[11,-2],[5,3],[0,6],[8,0],[7,2],[-1,9],[6,2],[2,-17],[5,0],[-1,6],[2,6],[11,2],[5,4],[5,1],[0,6],[6,5],[5,16],[4,-7],[7,3],[3,3],[-3,14],[6,2],[4,4],[4,-1],[2,-7]],[[5380,7948],[-9,3],[0,-5]],[[5371,7946],[5,-8],[10,-6],[-9,-1],[-4,-3],[1,-7],[-7,-5]],[[5367,7916],[4,0],[5,-4],[-5,-8],[3,-2],[-3,-8],[-8,0],[-2,9],[-5,1],[-3,-5],[5,-11],[5,0],[5,-4],[6,1],[8,-8],[1,-10],[11,0],[5,6],[4,0],[2,-8]],[[5405,7865],[9,4],[1,8],[3,9],[7,-5],[3,6],[3,1],[-1,8],[3,9],[5,0],[5,9],[12,1],[-5,11],[11,10],[2,5],[4,4],[8,1],[6,13],[6,5],[2,7],[3,4],[7,4],[1,6],[-1,16],[-4,1],[-19,-5],[0,8],[-6,-6],[1,-11],[-4,-1],[-4,3],[-5,-2],[-3,3],[-4,-2],[0,-7],[-6,-4],[-3,4],[-13,-4],[-6,-3]],[[5324,7885],[8,2],[4,7]],[[5336,7894],[-9,0],[-4,-2],[1,-7]],[[5312,7888],[-6,0],[1,-8],[7,-2],[-1,-4]],[[5313,7874],[-2,4],[-6,0]],[[5305,7878],[-2,-7],[-5,-3],[1,-8],[-4,-10],[1,-4],[9,1],[2,6],[4,3],[7,-3],[1,-13],[4,4],[5,2],[4,-3],[10,2],[0,5],[5,3],[-1,5],[11,6],[2,5]],[[5359,7869],[2,4],[10,1],[0,-3],[6,-4],[4,1],[-2,9],[-4,5],[-5,-1],[-10,2],[-7,-1],[-7,2],[-2,4]],[[5344,7888],[-10,-3],[-2,-3],[-8,3]],[[5324,7885],[-8,0],[-4,3]],[[5303,7881],[2,-3]],[[5305,7878],[-2,3]],[[5343,7896],[1,-8]],[[5344,7888],[6,-1],[1,5],[-6,0],[-2,4]],[[5367,7916],[-5,2],[8,5],[2,7],[-6,0],[-14,-1],[-2,-10],[-6,-3],[4,-5],[-5,-7],[2,-4],[5,0],[1,4],[20,6],[-4,6]],[[5405,7865],[-6,5],[-7,-11],[12,2],[1,4]],[[5444,7987],[-2,4]],[[5442,7991],[2,-4]],[[5485,8017],[-5,-2],[-3,-7],[4,-2],[4,5],[0,6]],[[5711,8150],[4,2],[4,-3],[3,2]],[[5722,8151],[-5,6],[-5,0]],[[5712,8157],[-1,-7]],[[5666,8066],[-5,0],[-4,-4],[-8,-4],[-12,1],[0,-9],[7,1]],[[5644,8051],[8,0],[10,-5],[0,5],[3,6],[6,5],[-1,3]],[[5670,8065],[-4,1]],[[5666,8066],[5,11],[-6,-2],[1,-9]],[[6371,7724],[6,1],[-1,6],[-5,-1],[0,-6]],[[6221,7732],[-1,-3]],[[6220,7729],[1,3]],[[6047,7724],[-7,4],[-2,6],[-6,2],[-7,-1],[-6,4],[-1,4],[-6,0],[-6,3],[-1,-4],[1,-8],[-6,-1],[-4,-4],[-3,3],[-4,-3],[-9,-2],[-1,4],[-6,1],[-1,6],[-9,-2],[-15,12],[-4,-1],[3,-17],[-8,0],[-1,5],[-8,-2],[1,-8],[-3,-1],[1,-19],[3,-3],[1,-13],[10,3],[1,-7],[-3,-4],[2,-8],[-2,-6],[5,-9],[8,5],[1,-4],[9,1],[8,5],[7,5],[4,-3],[12,2],[7,5],[-1,4],[6,8],[-1,13],[6,4],[7,1],[3,9],[8,-1],[-1,-5],[13,2],[-1,5],[4,3],[2,7]],[[5901,7696],[13,1],[5,7],[-9,4],[-7,-6],[-2,-6]],[[5774,7568],[-7,1],[-7,-4],[2,-5],[10,3],[2,5]],[[5625,7676],[3,-1]],[[5628,7675],[-3,1]],[[5218,7497],[-1,7]],[[5217,7504],[-4,-1],[1,-9]],[[5214,7494],[4,3]],[[5217,7504],[5,2],[3,6],[1,6],[-7,-1],[-3,-7],[1,-6]],[[4714,8065],[0,3]],[[4714,8068],[0,-3]],[[4750,8019],[-1,-7],[6,-7],[2,-5],[4,0],[4,9],[-8,7],[-5,-7],[-2,10]],[[4794,7998],[6,-2],[1,8],[-7,1],[-7,10],[-3,-7],[4,-4],[4,1],[2,-7]],[[4845,7991],[6,-3],[3,4],[-8,13],[-1,-14]],[[4762,7961],[4,-1],[-1,14],[-7,-2],[1,-7],[3,-4]],[[4868,7970],[3,-4],[9,2],[0,3],[-12,-1]],[[5000,7969],[3,4],[-5,4],[-1,7],[-3,2],[-7,-2],[-2,-8],[-8,-3],[-9,0],[0,-7],[-12,-3],[-11,1],[-3,-5],[-15,0],[0,-3],[10,-4],[9,2],[1,-6],[-5,-4],[6,-5],[5,4],[11,2],[3,-6],[-6,-1],[0,-4],[6,-4],[6,-2],[15,-6],[3,-3],[13,1],[2,3],[14,2],[5,-1],[14,-8],[3,-8],[4,1],[1,4],[13,-4],[4,2],[5,9],[-6,2],[-9,11],[0,12],[-4,2],[-8,-1],[-4,4],[-7,2],[-11,5],[-1,9],[-6,5],[-13,-2]],[[4890,7960],[-6,0],[-10,-4],[-5,-8],[8,-6],[12,5],[-1,3],[2,10]],[[4821,7945],[-4,4],[-5,-1],[2,-6],[7,3]],[[4806,7940],[1,-3],[7,-6],[8,1],[0,7],[-8,0],[-1,3],[-7,-2]],[[4836,7947],[-4,3],[-5,-1],[-2,-5],[11,3]],[[4935,7945],[0,6],[-6,-1],[2,-6],[4,1]],[[5650,8025],[1,5],[10,2],[-3,13],[-8,4],[-17,-3],[-1,-6],[2,-8],[12,-1],[4,-6]],[[4821,7925],[-8,1],[0,-4],[8,-3],[0,6]],[[5575,8006],[0,7],[2,1],[4,9],[-9,-4],[-4,4],[-8,-1],[-1,5]],[[5559,8027],[-5,2],[-3,-7],[3,-5],[8,0],[1,-8],[5,-8],[7,5]],[[5589,8020],[-7,2],[-1,-6],[-5,-4],[-1,-6]],[[5575,8006],[4,4],[5,-6],[5,6],[0,10]],[[5569,7995],[6,-1],[-4,-7],[-5,1],[-3,5],[-6,-2]],[[5557,7991],[6,3],[1,5],[-2,7],[-7,-1],[-3,-2],[-5,3],[-5,-1],[0,-11],[-3,-3],[-5,14],[-19,-7]],[[5515,7998],[-5,-5],[4,-6],[-5,-5],[-3,5],[-5,-3],[-3,-10],[-6,-2],[-5,-8],[-5,-6],[5,-3],[3,5],[6,2],[10,-7],[6,1]],[[5512,7956],[-5,-3],[-12,5],[-4,1],[-4,-6],[-7,0],[-1,-5],[-4,-8],[-7,-4],[-5,-1],[-4,-8],[-4,-2],[3,-13],[-14,-3],[-3,-5],[-6,-3],[0,-14],[-8,-7],[-9,0],[0,-6],[3,-6],[-5,-1],[-5,-5],[3,-13],[6,-6],[-1,-6],[5,-26],[5,1],[3,-10],[8,-3],[5,0],[1,11],[6,4],[-1,5],[9,13],[7,1]],[[5467,7833],[-7,-3],[-5,-5],[1,-7],[-4,-1],[0,-4],[-4,-5],[3,-3],[-8,-13],[8,-11],[6,5],[4,-7],[4,0],[6,-4],[7,1],[1,3],[9,0],[-1,3],[5,6]],[[5492,7788],[-4,-7],[10,-1],[4,-10],[8,-3],[0,-5],[12,4],[3,4],[7,2],[0,5],[6,6],[6,2],[6,-5],[0,7]],[[5550,7787],[13,-7],[4,2],[4,15],[14,2]],[[5585,7799],[4,-8],[8,4],[5,-3],[5,1],[3,6],[-1,8],[7,1],[4,5],[5,14],[4,-2],[8,1],[-2,4],[-1,5],[-2,3],[-5,2],[-1,10],[-14,1],[-5,-3],[-3,-12],[1,-11],[3,-10],[-9,-3],[3,7],[-1,9],[-6,4],[-4,-2],[-4,-9],[-13,-3],[-2,7],[7,8],[10,3],[2,8],[7,10],[9,4],[13,1],[-6,7],[3,4],[10,3],[4,12],[-2,12],[0,14],[8,-6],[7,7],[-2,6],[8,2],[9,-10]],[[5659,7910],[2,0],[1,-11],[-2,-8],[11,5],[5,-7],[-9,1],[-6,-1],[-4,1],[-5,-2],[-3,4]],[[5649,7892],[-9,-13],[-2,-6],[1,-12],[-6,-3],[4,-4],[4,10],[15,3],[2,5]],[[5658,7872],[9,-1],[21,4],[1,6],[13,3],[0,4],[5,6],[-6,10],[1,5]],[[5702,7909],[-4,3],[-12,-2],[2,7]],[[5688,7917],[-5,0],[0,6],[-4,4],[-4,-4],[-6,2],[-3,7],[-9,12]],[[5657,7944],[20,3],[6,2],[4,5],[-7,8],[-6,-9],[-1,11],[3,5],[8,-3],[6,-6],[4,1],[5,6],[1,-8],[5,0],[3,-4],[-13,0],[4,-7],[1,-12],[5,5],[5,-1],[2,6],[3,2],[16,-22],[1,-5],[6,-6],[10,-1],[-3,11],[-4,9],[-3,2],[-1,14],[-5,-1],[-7,7],[-4,-1],[-1,6],[-4,5],[-5,1],[0,4],[-6,-1],[-2,5],[4,4],[1,16],[-2,6],[-21,0],[-5,9],[-4,3],[-14,-2],[-2,6],[-7,0],[0,6],[-5,-2],[-9,0],[-2,7],[-7,-5],[-5,4],[0,7],[-13,-2],[-6,0],[2,-6]],[[5608,8026],[-11,-2],[0,-2],[-8,-2]],[[5589,8020],[4,-6],[-4,-11],[-15,-4],[-5,-4]],[[5514,8002],[1,-4]],[[5515,7998],[-1,4]],[[5514,8002],[15,2],[-1,4],[-6,2],[-9,-4],[1,-4]],[[5505,7992],[3,5],[-1,9],[-4,-1],[-2,-9],[4,-4]],[[4935,7934],[0,-4],[11,0],[-4,5],[-2,7],[-8,-3],[3,-5]],[[4909,7927],[-2,4],[-5,-4],[1,-6],[5,1],[1,5]],[[4838,7908],[-1,-16],[11,4],[-1,15],[-7,8],[-2,-11]],[[4967,7916],[-5,6]],[[4962,7922],[0,-4],[5,-2]],[[4925,7908],[-5,5],[-1,8],[-4,-1],[-1,-11],[3,-14],[3,-3],[2,-12],[6,-1],[6,4],[5,8],[3,10],[-1,7],[-9,1],[-7,-1]],[[5403,7972],[5,-5],[1,13],[-8,-4],[2,-4]],[[5194,7950],[-8,-3],[-5,2],[-1,-7],[13,2],[1,6]],[[5701,8009],[-10,2],[0,-4],[10,2]],[[4950,7872],[3,13],[-6,-2],[3,-11]],[[5053,7875],[0,-6],[-6,-1],[-19,3],[0,10],[-10,7],[-7,-4],[-4,4],[-7,4],[-9,-4],[-4,-6],[-5,3],[-2,-13],[-18,-4],[-1,-4],[1,-8],[-4,-8],[1,-8],[4,-3],[-3,-8],[2,-4],[9,4],[6,-5],[5,4],[4,-5],[3,-9],[6,1],[3,-6],[-4,-6],[5,-15],[5,1],[2,-4],[8,1],[6,5],[6,-1],[8,2],[1,-4],[17,-7],[3,-13],[14,-8],[9,0],[4,-6],[4,-2],[2,-11],[13,-4],[2,-9],[4,-7],[6,3],[10,3],[1,-4],[5,0],[6,8],[0,7],[2,6],[-5,1],[-4,6],[0,11],[-3,6],[1,6],[4,-3],[14,3],[4,-11],[5,-3],[1,-8],[5,0],[1,-7],[-2,-5],[-5,-2],[2,-9],[7,1],[7,-5],[5,1],[3,-3],[-1,-8],[15,4],[-2,4],[0,7],[6,4],[-3,12],[8,3],[-1,6],[8,0],[0,7],[-4,3],[0,8],[-6,-1],[-15,2],[-3,5],[-1,8],[-6,7],[-3,7],[8,11],[-9,2],[-12,-1],[-1,-7],[-7,-4],[-2,5],[-6,1],[-3,8],[-7,6],[-4,-1],[-7,18],[-6,-5],[-5,4],[2,12],[-4,17],[-3,2],[-2,10],[-9,2],[-5,3],[-4,-3],[-9,0],[0,-8],[-6,-1],[-15,3]],[[5220,7880],[0,-5],[6,-5],[2,5],[-6,1],[-2,4]],[[5683,7939],[-2,2]],[[5681,7941],[-1,0]],[[5680,7941],[-4,4],[-13,-3],[-1,-3],[6,-3],[13,1],[2,2]],[[5200,7870],[-7,1],[1,-7],[6,6]],[[5291,7871],[6,3],[-3,12],[-6,-4],[0,-7],[3,-4]],[[5261,7860],[5,2],[2,5],[-7,5],[0,-12]],[[5250,7863],[8,-1],[0,4],[-8,-3]],[[5289,7857],[1,6],[-3,8],[-3,-5],[5,-9]],[[5189,7846],[10,-1],[-3,7],[-7,-6]],[[5128,7835],[6,-7],[2,7],[-8,0]],[[5274,7853],[11,-1],[0,4],[-11,-3]],[[5300,7843],[3,-8],[5,0],[6,7],[3,0],[0,9],[-2,3],[-5,-1],[-5,-8],[-5,-2]],[[5757,7906],[6,0],[-1,10],[-8,-2],[3,-8]],[[5151,7814],[-6,5],[1,-10],[5,5]],[[5715,7893],[-1,-6],[6,1],[3,4],[-2,7],[-6,-6]],[[5920,7799],[5,-2],[3,10],[-6,1],[-1,6],[-7,-12],[6,-3]],[[5918,7790],[-7,-2],[6,-9],[4,2],[1,6],[6,1],[2,-3]],[[5930,7785],[5,2],[2,-4],[16,3],[1,-3],[11,1],[7,4],[2,-5],[8,-2],[2,-4],[10,-2],[14,1]],[[6008,7776],[1,1]],[[6009,7777],[2,1]],[[6011,7778],[2,9],[-2,2],[-7,-1],[-3,3],[-12,-7],[-6,13],[-10,3],[-2,-7],[-10,0],[3,7],[9,2],[6,6],[3,-4],[10,-9],[-2,18],[-8,5],[-17,-5],[-3,-7],[-5,-1],[-5,-5],[-8,-3],[-2,3],[-14,0],[-1,-9],[-6,2],[-1,6]],[[5920,7799],[-4,0],[2,-9]],[[5904,7759],[4,2],[-5,6],[-4,-1],[0,-6],[5,-1]],[[5959,7762],[6,-4],[4,1],[-2,8],[-8,-5]],[[5996,7762],[-4,1],[-9,-3],[4,-8],[4,1],[14,2],[3,2],[2,7],[-10,1],[-4,-3]],[[6032,7743],[3,-5],[5,3],[-1,7],[-4,3],[-3,-8]],[[6254,7738],[-8,-1],[1,-4],[6,0],[1,5]],[[6040,7699],[-5,4],[-7,-8],[8,0],[4,4]],[[6049,7685],[-6,5],[-10,0],[3,-17],[4,-2],[2,8],[11,0],[0,7],[-4,-1]],[[6231,7717],[-5,-7],[3,-4],[6,3],[1,4],[-5,4]],[[6055,7669],[10,3],[8,5],[5,12],[-8,-3],[-5,4],[-6,-12],[-4,-1],[0,-8]],[[6032,7673],[1,-13],[8,1],[-3,8],[-6,4]],[[5238,7505],[-3,-4],[-9,-2],[0,-8],[5,0],[6,-6],[8,3],[-1,14],[-6,3]],[[5216,7481],[5,-4],[5,0],[-1,8],[-9,-4]],[[5519,8070],[5,0],[5,-4],[14,3],[8,10],[3,-2],[-12,-12],[-16,-1],[-7,6]],[[5517,8244],[-8,-1],[2,12],[5,-3],[1,-8]],[[5494,8342],[-4,0],[-1,6],[6,3],[-1,-9]],[[5420,8916],[0,1]],[[5420,8917],[2,5],[9,3],[5,0],[0,-7],[-10,2],[2,-6],[-5,-1],[-3,3]],[[6372,930],[-3,8],[11,4],[1,-7],[-2,-8],[-7,3]],[[6256,2639],[-3,-6],[-5,-1],[-2,2],[-6,3],[-1,7],[-7,8],[-1,6],[6,5],[-1,5],[-5,3],[-5,-1],[0,-5],[-4,-3],[-5,5],[-8,-1],[1,-9],[-6,-4],[-1,8],[-7,3],[-2,6],[-2,11],[-3,8],[-2,16],[2,3],[-5,7],[-3,1],[-2,10],[2,7],[3,2],[0,7],[4,2],[-8,7],[-5,8],[-1,-13],[-5,-4],[-4,1],[2,-10],[0,-10]],[[6167,2723],[-24,-3],[0,9],[-2,8]],[[6141,2737],[2,3]],[[6143,2740],[3,8],[9,3],[-4,-9],[2,-10],[8,0],[3,16],[4,6],[-1,9],[5,9],[3,-1],[7,-13],[12,-6],[-1,-10],[-7,-3],[1,-6],[-3,-6],[0,-6],[4,-2],[10,1],[2,-12],[-6,-5],[0,-5],[6,-6],[-2,-6],[1,-11],[11,-5],[7,0],[7,-5],[1,8],[7,0],[6,-5],[-1,-8],[-5,-3],[9,-14],[1,-5],[7,-4],[7,5]],[[5735,6330],[5,5],[2,-8],[-6,-1],[-1,4]],[[5744,6495],[4,-4]],[[5748,6491],[-4,4]],[[5745,6586],[3,4],[7,-12],[9,1],[0,-5],[-4,-9],[-3,4],[-4,10],[-8,7]],[[5723,6627],[7,-6],[5,1],[1,-8],[-13,8],[0,5]],[[5744,6621],[-8,0],[1,4],[7,-4]],[[5749,6773],[-8,9],[-1,7],[-6,5],[-2,5]],[[5732,6799],[0,10],[-5,6],[-4,0],[2,9],[8,2],[-3,-9],[2,-7],[4,-4],[2,-11],[4,-6],[1,-8],[6,-4],[0,-4]],[[5695,6834],[4,-2],[6,-6],[0,-10],[-8,5],[1,6],[-3,7]],[[5685,6988],[2,-9],[-10,2],[0,3],[-7,4],[11,4],[4,-4]],[[5685,6988],[0,5]],[[5685,6993],[0,-5]],[[5683,6996],[2,-3]],[[5685,6993],[-2,3]],[[5682,7185],[-3,6],[6,4],[0,-5],[-3,-5]],[[5651,7223],[-3,-2],[-3,12],[0,9],[4,0],[0,-12],[2,-7]],[[5659,7366],[-2,4],[-8,3],[0,9],[4,-1]],[[5653,7381],[5,-2],[3,-8],[-2,-5]],[[5655,7414],[2,-6],[-1,-10],[-4,-2],[1,17],[2,1]],[[5624,7458],[-2,3]],[[5622,7461],[2,-3]],[[5622,7714],[-8,2],[-1,9],[11,-2],[1,-5],[-3,-4]],[[5630,7728],[-6,-3],[0,5],[6,2],[0,-4]],[[5627,7739],[-13,0],[0,-11],[-4,-8],[-7,1],[-2,5],[-6,-1],[1,7],[6,1],[3,10],[18,3],[4,-7]],[[5592,7741],[-2,3],[0,8],[4,1],[5,-4],[0,-6],[-7,-2]],[[5585,7799],[1,7],[6,0],[-2,-7],[-5,0]],[[5627,7828],[0,5],[-6,-1],[-2,-15],[-6,0],[0,4],[3,7],[-1,4],[4,6],[5,0],[4,-5],[-1,-5]],[[5623,7955],[-5,2],[-7,-1],[-9,-20],[-8,-5],[-1,-8],[-14,-2],[-5,-2],[-2,-5],[-7,0],[-1,-6],[-6,-2],[-3,-12]],[[5555,7894],[2,13],[6,2],[-1,5],[9,3],[5,8],[4,-2],[12,2],[0,5],[3,6]],[[5595,7936],[5,8],[5,0],[2,10],[4,4],[12,0],[5,2],[4,7],[-1,8],[2,2]],[[5633,7977],[0,-11],[-4,-7],[-6,-4]],[[5588,7937],[7,-1]],[[5595,7936],[-7,1]],[[5589,7975],[-5,-10],[-11,-1],[0,3],[9,2],[4,6],[3,0]],[[5535,8370],[-2,4],[-6,0],[-3,-4],[-3,-13],[-9,-3],[1,-12],[-3,1],[0,14],[9,1],[-3,10],[11,14],[6,1],[2,-13]],[[5540,8412],[5,-7],[-3,-5],[-5,-1],[-4,3],[7,8],[0,2]],[[5541,8417],[-1,-5]],[[5540,8412],[1,5]],[[5541,8417],[0,7],[8,0],[1,-8],[-9,1]],[[5494,8717],[-1,9],[10,2],[10,-14],[2,-11],[-6,-5],[7,-2],[2,-8],[-3,-3],[1,-8],[3,-2],[0,-18],[-6,0],[-1,5],[-11,2],[-4,5],[-7,2],[-2,9],[2,5],[-6,4],[-1,8],[5,2],[3,7],[0,5],[3,6]],[[5479,8723],[-2,9],[6,1],[2,-5],[-6,-5]],[[5510,8815],[3,-2],[0,-9],[-6,-1],[-2,-9],[-8,0],[-7,-5],[-1,-4],[-6,-1],[-8,-12],[-12,-3],[5,-4],[-4,-5],[-7,7],[-9,0],[-2,7],[-15,13],[8,3],[1,-3],[8,-3],[13,2],[3,10],[-2,14],[3,3],[7,-3],[2,-6],[-5,-4],[-2,-13],[0,-6],[-4,-5],[1,-3],[13,4],[3,7],[8,3],[1,5],[5,0],[6,5],[6,10],[5,2],[-1,6]],[[5451,9009],[-2,0],[-3,24],[4,-3],[-1,-9],[2,-12]],[[5866,5722],[0,10],[6,-1],[-1,-10],[-5,1]],[[5794,6527],[4,2],[5,-7],[8,-2],[-2,-6],[-13,6],[-2,7]],[[5818,6528],[-3,0],[-1,9],[1,8],[-3,3],[-3,8],[-3,2],[-2,6],[5,0],[2,-9],[5,-8],[2,-19]],[[5794,6527],[-4,5],[-4,0],[-3,21],[-5,5],[-1,10],[7,-6],[3,-15],[4,-6],[3,-14]],[[5790,6587],[-2,-9],[-13,13],[-5,7],[-6,4],[-4,-1],[-3,6],[8,2],[4,-7],[5,1],[7,-5],[6,-10],[3,-1]],[[5798,6723],[3,-13],[5,-1]],[[5806,6709],[-6,0],[-2,14]],[[5798,6723],[-5,2]],[[5793,6725],[5,-2]],[[5747,7204],[-3,1]],[[5744,7205],[-4,5],[-1,11],[-5,6]],[[5734,7227],[7,-6],[0,-10],[4,-1],[2,-6]],[[5734,7227],[-6,-1],[-2,3],[-3,18],[3,-1],[0,-15],[8,-4]],[[5716,7252],[2,-1],[2,-9]],[[5720,7242],[-3,-1],[-1,11]],[[5701,7470],[4,1],[1,-12],[-5,0],[2,8],[-2,3]],[[5703,7483],[-5,1],[1,6],[4,0],[0,-7]],[[5691,7531],[-4,7],[6,1],[5,-3],[-1,-5],[-6,0]],[[5657,7571],[0,4],[6,2],[-1,-6],[8,0],[3,-3],[1,-8],[7,-7],[-1,-5],[-5,-3],[-8,11],[-6,-1],[-1,-8],[-4,-2],[-4,26],[5,0]],[[5657,7571],[3,-13],[4,4],[0,6],[-7,3]],[[5702,7623],[-4,6],[3,2]],[[5701,7631],[1,-8]],[[5672,7671],[8,4],[5,6],[3,-6],[-16,-4]],[[5671,7694],[-6,-2],[-6,8],[8,-2],[4,-4]],[[5681,7797],[-3,-2],[-7,5]],[[5671,7800],[6,0],[4,-3]],[[5653,7802],[-11,-2],[0,4],[11,1],[0,-3]],[[5560,8641],[-10,9],[9,5],[-2,-8],[3,-6]],[[5576,8685],[4,6],[-3,14]],[[5577,8705],[3,-1],[2,-11],[-6,-8]],[[5577,8705],[-4,-1],[-6,13],[-5,-2],[1,-12],[-6,7],[-2,12],[10,-2],[7,-4],[2,-9],[3,-2]],[[5585,9006],[0,-8],[5,-4],[-6,-4],[0,-9],[-12,-8],[0,-8],[-17,-2],[2,-4],[6,-2],[0,-5],[-2,-6],[-5,-6],[6,-7],[2,-11],[8,9],[4,-2],[-6,-8],[-1,-3],[-10,-9],[3,-5],[0,-9],[4,-8],[-8,-1],[-2,7],[-17,-13],[-6,0],[2,-5],[-7,-1],[1,-5],[10,-1],[10,-3]],[[5549,8865],[-4,-11],[7,-10],[-3,-3],[-4,4],[-5,0],[-4,4],[-5,-5],[-1,-11],[-3,-1],[-1,10],[4,5],[-1,7],[5,2],[-1,9],[-7,-8],[-3,-7],[-3,-1]],[[5520,8849],[-11,-8],[-1,-6],[3,-6],[1,-9],[-2,-5]],[[5510,8815],[-4,7],[-7,3],[-7,1],[-2,-8],[-16,3],[-1,10],[-7,7],[-7,11],[-1,6],[7,-1],[5,-3],[6,0],[8,2],[3,12],[-5,5],[-6,3],[1,5],[8,1],[3,3],[-1,8],[-3,4],[-5,-1],[-2,-8],[-7,-1],[-1,8],[-7,0],[-2,-7],[-5,-1],[-2,12],[-7,2],[1,7],[6,-4],[6,1],[2,8],[6,-1],[2,2],[-2,16],[0,11],[6,-1],[1,-11],[7,-5],[4,-5],[-2,-6],[9,4],[6,13],[-2,2],[-2,13],[-2,-1],[-10,9],[-1,7],[7,9],[0,10],[-10,12],[-6,2],[-4,3],[-2,0],[0,4],[-6,-5],[-5,0],[-5,-14],[-4,3],[0,8],[7,9],[-1,5],[8,1],[5,-3],[2,-7],[3,1],[2,-2],[15,2],[5,10],[2,8],[8,2],[0,-15],[4,-2],[3,-11],[5,-1],[1,4],[12,4],[4,5],[6,0],[2,-5],[-2,-9],[6,2],[7,-1],[5,-8],[6,-1],[4,17],[4,3],[-2,18],[-1,5],[-13,-1],[4,5],[8,2],[0,4],[4,5],[16,2],[1,-3],[7,3],[-1,13],[1,8],[-3,2],[-1,23],[3,1],[-1,7],[7,8],[-3,3],[-5,10],[0,5],[5,0],[2,-5],[6,-9],[2,9],[10,3],[1,-4],[-10,-1],[1,-8],[-3,-9],[0,-9],[-3,-2],[-7,-15],[12,-6],[-4,-5],[-1,-6],[-6,-14],[1,-7],[-3,-3],[-7,-3],[-9,7],[-5,-8],[2,-10],[10,0],[1,-6]],[[5598,9089],[-6,1],[1,-10],[5,9]],[[5579,8983],[2,10],[-7,-1],[-1,-8],[6,-1]],[[5520,8977],[-7,3],[-2,-3],[3,-10],[10,2],[3,8],[-7,0]],[[5522,8951],[2,7],[-8,-2],[1,-12],[5,1],[0,6]],[[5514,8940],[-4,5],[-5,1],[1,-7],[3,-2],[5,3]],[[5932,5687],[4,4]],[[5936,5691],[-4,-4]],[[5846,6409],[7,0],[-1,-8],[-5,3],[-1,5]],[[5836,6428],[7,-5],[3,-14]],[[5846,6409],[-6,15],[-4,4]],[[5876,6454],[-12,1],[3,7],[3,-6],[6,-2]],[[5864,6492],[-6,4],[-3,6],[1,7],[-2,5]],[[5854,6514],[4,-5],[2,-13],[4,-4]],[[5818,6528],[7,-3],[2,-6],[10,-8],[0,-8],[-3,-2]],[[5834,6501],[-1,6],[-10,12],[-3,1],[-2,8]],[[5806,6797],[-1,7]],[[5805,6804],[1,-7]],[[5793,7213],[-2,-8],[1,-3],[3,-23],[6,-5],[6,-16],[7,3],[1,-9],[3,-3],[3,-14]],[[5821,7135],[-8,12],[-5,-3],[-7,4],[-9,-1],[-2,9],[-5,8],[7,0],[-6,12],[7,4],[-5,7],[-2,6],[-4,5],[-2,11],[3,2]],[[5783,7211],[10,2]],[[5793,7213],[2,6],[3,4]],[[5798,7223],[1,-14],[-2,-4]],[[5797,7205],[-4,8]],[[5798,7223],[-6,9],[-1,11],[-6,7],[1,3]],[[5786,7253],[8,-10],[4,-20]],[[5781,7239],[-1,3]],[[5780,7242],[1,-3]],[[5786,7253],[0,25],[-2,14],[12,-3],[-2,-9],[-6,-10],[-1,-15],[-1,-2]],[[5729,7500],[6,-5],[3,-4],[1,-10],[-5,-10],[3,-20],[4,3],[-3,17],[1,6],[8,7],[-3,5],[3,4],[-1,10],[2,7],[-5,4],[0,6]],[[5743,7520],[10,1],[5,-5],[-3,-17],[-7,-3],[5,-15],[0,-12],[-7,-8],[3,-12],[-2,-1],[0,-10],[-3,-8],[-5,-2]],[[5739,7428],[-2,-1],[1,-12],[3,1]],[[5741,7416],[0,-6]],[[5741,7410],[0,-1]],[[5741,7409],[2,-4],[-2,-4],[-8,-5]],[[5733,7396],[2,-7],[-4,0],[-4,6],[-2,17],[7,1],[3,3],[-1,15],[-4,10],[3,6],[-5,5],[-2,9],[-5,5],[8,10],[-1,10],[7,4],[-2,6],[-4,4]],[[5741,7409],[0,1]],[[5741,7410],[0,6]],[[5741,7416],[0,-7]],[[5712,7532],[7,-1],[3,-16],[4,-4],[0,-8],[3,-3]],[[5729,7500],[-3,-1],[-2,7],[-4,-5],[-6,6],[0,10],[-2,15]],[[5743,7520],[-4,7],[-1,9],[-4,1]],[[5734,7537],[0,7]],[[5734,7544],[1,1]],[[5735,7545],[4,-8],[4,0],[1,-15],[-1,-2]],[[5735,7545],[-1,-1]],[[5734,7544],[-9,2],[-4,13],[9,1],[-2,-9],[7,-6]],[[5728,7588],[8,3],[1,-7],[-9,0],[0,4]],[[5737,7608],[-6,0]],[[5731,7608],[6,0]],[[5717,7612],[8,-4],[6,0]],[[5731,7608],[-7,-4],[-7,8]],[[5729,7804],[-1,5],[5,1],[1,-7],[-5,1]],[[5683,7939],[-3,2]],[[5680,7941],[1,0]],[[5681,7941],[2,-2]],[[5687,7981],[1,4]],[[5688,7985],[-1,-4]],[[5670,7977],[4,12],[8,-1],[0,-7],[-12,-4]],[[5683,8075],[2,-7],[-8,-2],[-1,-6]],[[5676,8060],[0,7],[7,3],[0,5]],[[5701,8079],[1,1]],[[5702,8080],[-1,-1]],[[5702,8080],[-1,0]],[[5701,8080],[-3,4]],[[5698,8084],[4,-4]],[[5685,8122],[3,7],[5,1],[-4,-10],[-4,2]],[[5678,8300],[2,-1]],[[5680,8299],[-2,1]],[[5607,8833],[-4,-3],[-4,-7],[-6,0],[-4,-5],[-2,8],[5,6],[6,-1],[9,2]],[[5585,8884],[2,-4],[9,1]],[[5596,8881],[2,-19],[-3,-1],[-4,7],[3,3],[-1,8],[-6,-1],[0,-10],[-3,-6],[3,-2],[-4,-6],[2,-4],[-2,-5],[-5,-1],[0,6],[-6,-4],[1,-6],[-4,-4],[-4,16],[-4,-5],[-3,-19],[1,-7],[-3,-2],[-1,-14],[6,5]],[[5561,8810],[0,-7],[-5,-5],[1,-8],[2,-4],[-8,-2],[-1,-9],[4,-3],[2,-6],[5,0],[-2,-8],[-4,-1],[-4,6],[-7,8],[-2,6],[1,10]],[[5543,8787],[6,6],[1,14],[-1,9],[5,0],[1,11],[-4,31],[2,4]],[[5553,8862],[-4,3]],[[5549,8865],[5,3],[1,5],[9,0],[1,6],[6,2],[2,5],[10,2],[4,13],[3,4],[7,-2],[3,-13],[-6,-3],[0,8],[-5,-1],[-5,-4],[1,-6]],[[5597,8930],[4,2]],[[5601,8932],[3,-15],[-5,1],[-7,6],[0,4],[5,2]],[[5598,8985],[-3,12],[3,3]],[[5598,9000],[2,-9],[-2,-6]],[[5602,9004],[-4,-4]],[[5598,9000],[4,4]],[[6578,693],[8,3],[0,-6],[-8,3]],[[6043,5489],[4,-1],[-2,-6]],[[6045,5482],[-2,7]],[[6034,5564],[2,-6]],[[6036,5558],[-2,6]],[[6026,5651],[-5,-7],[-2,5],[7,2]],[[5958,6288],[2,-10],[-5,-1],[-1,7],[4,4]],[[5941,6555],[0,-4],[-6,-1],[-4,-5]],[[5931,6545],[5,8],[5,2]],[[5908,6591],[-2,16],[0,8]],[[5906,6615],[3,-19],[-1,-5]],[[5897,6722],[4,2]],[[5901,6724],[-4,-2]],[[5908,6768],[-7,5],[-2,4],[-8,3],[0,-4],[6,-5],[0,-7],[-6,-1],[-2,14],[-3,6],[7,-1],[-1,16],[-4,4],[-5,1],[-3,6],[2,4],[9,-1],[6,-5],[1,-13],[-3,-3],[1,-9],[9,-3],[3,-5],[0,-6]],[[5850,7050],[-5,11]],[[5845,7061],[5,-11]],[[5781,7504],[-6,4],[0,6],[4,8],[3,-4],[2,-12],[-3,-2]],[[5763,7849],[-3,6],[7,9],[4,0],[-1,-9],[-3,-5],[-4,-1]],[[5736,7848],[-3,1],[2,8],[6,-3],[-5,-6]],[[5776,7966],[0,5]],[[5776,7971],[0,-5]],[[5758,7974],[9,-3],[-3,-5],[-6,4],[0,4]],[[5758,7974],[-4,4],[-7,1],[-4,-3],[0,7],[-4,6]],[[5739,7989],[6,-4],[1,-5],[6,1],[5,-4],[1,-3]],[[5723,7992],[-1,-5],[-5,-1],[-1,6],[7,0]],[[5730,7995],[2,-3]],[[5732,7992],[-2,3]],[[5698,8084],[-1,6],[10,0],[3,-3],[6,6],[0,-7],[-7,-1],[-3,4],[-7,-1],[-1,-4]],[[5770,8168],[3,-7],[3,1]],[[5776,8162],[-5,-7],[-5,-12],[0,-8],[-5,1],[7,15],[2,17]],[[5759,8163],[-4,-9],[-7,-1],[0,6],[4,6],[7,-2]],[[5735,8156],[-1,-3]],[[5734,8153],[-1,7]],[[5733,8160],[2,-4]],[[5726,8159],[0,1]],[[5726,8160],[1,4]],[[5727,8164],[4,2],[8,-2]],[[5739,8164],[-6,-4]],[[5733,8160],[-7,-1]],[[5716,8167],[1,-1]],[[5717,8166],[0,-1]],[[5717,8165],[-1,2]],[[5718,8166],[-1,0]],[[5717,8166],[-1,1]],[[5716,8167],[2,-1]],[[5767,8267],[0,-7],[-11,0],[-1,-4],[-9,-1],[-3,3],[-10,3],[-7,9],[-2,-2],[-7,-1],[0,3],[11,3],[3,-7],[4,-1],[4,-6],[6,-2],[8,1],[3,4],[10,1],[1,4]],[[5680,8299],[-2,1]],[[5678,8300],[2,-1]],[[5607,9001],[2,7],[-4,4],[5,10],[7,3],[3,-6],[-2,-5],[1,-10],[-8,-7],[-4,4]],[[6097,5466],[1,6]],[[6098,5472],[-1,-6]],[[6090,5480],[8,-8]],[[6098,5472],[-3,1],[-5,7]],[[5956,6503],[-1,5]],[[5955,6508],[1,-5]],[[5947,6522],[8,-14]],[[5955,6508],[-4,3],[-4,11]],[[5988,6625],[1,3]],[[5989,6628],[2,-1]],[[5991,6627],[-3,-2]],[[5918,6759],[8,1],[3,-5],[-7,-1],[-4,5]],[[5895,7020],[-4,2],[3,7],[4,-5],[-3,-4]],[[5915,7436],[-3,5],[-6,3],[-3,12]],[[5903,7456],[3,-10],[8,-5],[1,-5]],[[5855,7539],[-3,-1],[-3,3],[-1,11],[5,2],[-1,-14],[3,-1]],[[5854,7935],[-2,0]],[[5852,7935],[2,0]],[[5853,7963],[-1,-1]],[[5852,7962],[-7,8],[-2,-3],[-7,-4],[-4,2],[0,4],[-11,7],[-14,-3],[-7,2],[-8,-1],[1,7],[-2,3],[-17,-2],[-4,1],[-2,11],[-7,-4],[1,12],[5,5],[8,-10],[4,4],[6,-5],[3,-4],[5,-2],[5,-8],[6,-3],[7,0],[9,6],[7,14],[8,-2],[0,-8],[-3,-7],[-1,-7],[2,-7],[4,3],[14,3],[-1,-4],[3,-7]],[[5823,7977],[9,9],[-9,0],[0,-9]],[[5844,7996],[-5,-3],[-2,6],[-4,4],[6,5],[1,-6],[4,-6]],[[5780,8026],[5,0]],[[5785,8026],[5,1]],[[5790,8027],[1,0]],[[5791,8027],[0,-6],[-6,-1],[-5,6]],[[5785,8026],[-5,0]],[[5780,8026],[5,0]],[[5791,8027],[-1,0]],[[5790,8027],[4,3],[11,3],[1,7],[6,8]],[[5812,8048],[-2,-9],[3,-7],[-4,-1],[-2,-5],[-10,2],[-6,-1]],[[5774,8068],[-2,0],[0,13],[3,6],[4,0],[0,-6],[-6,-7],[1,-6]],[[5776,8162],[1,11],[6,5],[-1,7],[5,10],[3,-7],[-8,-13],[2,-5],[-7,-2],[-1,-6]],[[5770,8191],[-3,-6]],[[5767,8185],[3,6]],[[5807,8210],[2,12]],[[5809,8222],[4,-7],[-6,-5]],[[5845,8347],[2,-3]],[[5847,8344],[-5,-4],[3,-7],[-1,-6],[14,1],[0,2],[10,2],[5,-2],[2,8],[7,6],[6,0],[1,-3]],[[5889,8341],[-6,-6],[-2,-6],[-20,-4],[-7,-5],[-4,-5],[1,-19],[-2,-4],[-7,1],[0,-4],[-3,-7],[3,-6],[13,3],[3,5],[9,7],[0,5],[6,0]],[[5873,8296],[-5,-4],[-1,-4],[-7,-6],[-4,-8],[-12,-2],[1,-8],[-11,-2],[-9,-11]],[[5825,8251],[2,12],[8,4],[-2,7],[-7,1],[-4,5],[-8,-1],[-3,-8],[-7,-1],[-2,-8],[7,-3],[2,-7],[-5,-1],[-1,-4]],[[5805,8247],[-1,-6]],[[5804,8241],[-10,-4],[-4,2],[-6,-3],[-2,-5],[4,-4],[-9,-13],[-1,-5],[-12,-3],[-1,-13],[-1,-1],[1,-10],[-8,-5],[-3,-5],[-6,-2]],[[5746,8170],[9,11],[-1,5],[-4,10],[8,6],[4,13],[4,10],[7,0],[-3,5],[0,10],[10,0],[0,8],[4,5],[15,5],[-3,7],[1,9],[4,0],[5,7],[2,7],[8,-1],[3,4],[5,1],[0,4],[5,5],[-1,6],[10,9]],[[5838,8316],[5,4],[-1,8],[-1,21],[4,-2]],[[5805,8252],[0,-5]],[[5805,8247],[0,5]],[[5832,8285],[2,6]],[[5834,8291],[2,2],[-2,10],[6,2],[2,8]],[[5842,8313],[-4,3]],[[5838,8316],[-4,-7],[-5,-3],[1,-10],[-5,-1],[-1,-6],[4,-6],[4,2]],[[5777,8284],[-8,-9],[-2,-8]],[[5767,8267],[1,7],[2,6],[7,4]],[[5787,8299],[-1,-7],[-4,-5],[-5,-3]],[[5777,8284],[4,2],[3,10],[3,3]],[[5795,8379],[2,7]],[[5797,8386],[-2,-7]],[[5740,8912],[5,9]],[[5745,8921],[-5,-9]],[[6550,2139],[-2,10],[3,4],[-4,6],[-2,10],[1,6],[-3,5]],[[6543,2180],[5,-1]],[[6548,2179],[5,-3],[-2,-6],[-1,-11],[4,-7],[-4,-2],[0,-11]],[[6540,2200],[0,-6],[7,2],[2,12]],[[6549,2208],[2,-7],[-3,-22]],[[6548,2179],[-5,1]],[[6543,2180],[-1,12],[-5,2],[3,6]],[[6540,2200],[0,10],[2,2]],[[6542,2212],[2,-1]],[[6544,2211],[1,-13],[-5,2]],[[6549,2208],[2,7]],[[6551,2215],[-2,-7]],[[6544,2211],[-2,1]],[[6542,2212],[2,4]],[[6544,2216],[0,-5]],[[6544,2216],[0,5]],[[6544,2221],[0,-5]],[[6551,2221],[-7,0]],[[6544,2221],[7,0]],[[6431,3878],[1,-10],[8,-7],[1,-6],[5,-1],[3,-8],[7,-11],[1,-8]],[[6457,3827],[-3,3],[-3,9],[-4,1],[-6,5],[4,4],[-8,3],[0,8],[-3,1],[-12,-3],[0,-5],[-8,-1],[-1,-9],[-3,-3],[0,-7],[-7,0],[-5,5],[-1,7],[-7,-1],[-5,11],[-4,-5],[-2,-15],[-9,3],[-13,-6],[1,-7],[-2,-5],[-6,-2],[-8,5],[-1,7],[-5,-3],[-13,2],[-6,-2],[2,-10],[-2,-3],[2,-12],[-6,-3],[-4,-17],[-2,-5],[8,-2],[1,15],[2,6],[8,5],[-5,7],[-1,8],[2,11],[13,-5],[8,-1],[-2,-15],[5,3],[3,7],[9,3],[4,-2],[-3,-14],[-12,-5],[5,-4],[7,1],[-9,-13],[0,-8],[-3,-6],[5,-3],[11,4],[5,-3],[0,-6],[7,3],[5,-2],[2,-9],[3,-3],[8,3],[6,-1],[1,-7]],[[6400,3744],[-3,3],[-7,-1],[-7,-4],[-5,-6],[4,-12],[-5,-7],[-9,-1],[0,-6],[-5,-3],[0,12],[14,2],[-2,15],[4,11],[-2,6],[-5,0],[-7,3],[-4,-5],[-8,-2],[-2,4],[-6,1],[-1,7],[-7,7],[1,9],[4,3],[-3,6],[-5,31],[-4,-2]],[[6330,3815],[0,-16],[-8,-5],[-3,-6],[-1,-7],[1,-8],[-2,-5],[3,-6],[2,-13],[-4,1],[-3,-5],[-5,2],[-3,25],[-5,1],[-1,-8],[-5,-2],[0,11],[2,6],[4,2],[4,11],[6,3],[2,15],[-1,15],[1,15],[6,1],[2,4],[4,-12],[4,-5],[10,2],[2,7],[5,-2],[0,-9],[6,0],[-2,11],[11,15],[2,-6],[14,-1],[-1,8],[1,5],[5,3],[5,6],[9,-7],[-2,-3],[5,-11],[9,0],[0,5],[8,4],[-1,5],[6,5],[7,-3],[-1,7],[3,8]],[[6330,3815],[0,5],[-5,4],[-3,-2],[1,-9],[7,2]],[[6346,4269],[-4,-4],[-1,-6],[-8,-3],[-2,5],[-6,0],[1,8],[4,4],[0,18],[8,2],[0,6],[8,2],[2,9],[5,1],[0,-10],[-3,-4],[-3,-10],[1,-4],[6,0],[-3,-7],[-8,-1],[3,-6]],[[6166,5421],[2,4]],[[6168,5425],[-2,-4]],[[6168,5425],[2,4]],[[6170,5429],[-2,-4]],[[6143,5963],[-2,1],[-1,10],[2,5],[6,1],[4,-4],[0,-5],[-4,-8],[-5,0]],[[6002,7050],[-5,0]],[[5997,7050],[5,0]],[[5893,7706],[1,-1]],[[5894,7705],[-1,1]],[[5877,7854],[2,2]],[[5879,7856],[2,-2]],[[5881,7854],[-4,0]],[[5943,7862],[-2,0]],[[5941,7862],[2,0]],[[5947,7950],[-8,-2],[-2,-3],[-1,-9],[-14,1],[-11,4],[-6,0],[-9,-2],[0,-6],[-7,-1],[1,-5],[5,2],[2,-7],[9,-10]],[[5906,7912],[-12,-2],[-3,9],[-5,3],[-2,4],[-5,-1],[-5,7],[-9,3],[-5,-4],[-2,-6],[-4,-1],[-2,11]],[[5852,7935],[2,0]],[[5854,7935],[6,-3],[-2,9],[-4,2],[0,10],[-2,9]],[[5852,7962],[1,1]],[[5853,7963],[3,-2],[6,3],[-1,-8],[2,-11],[6,-5],[9,0],[5,-1],[12,2],[9,4],[4,-2],[8,2],[1,-4],[5,-3],[10,5],[1,5],[5,1],[9,1]],[[5874,7950],[1,-1]],[[5875,7949],[-2,1]],[[5873,7950],[1,0]],[[5873,7950],[2,-1]],[[5875,7949],[-1,1]],[[5874,7950],[-1,0]],[[5897,7993],[4,-4],[-2,-11],[-7,9],[0,8],[5,-2]],[[5864,7988],[-5,1],[-1,8],[1,4],[6,1],[4,-4],[-5,-10]],[[5878,8004],[2,7],[3,0],[2,-8],[-7,1]],[[5901,8018],[4,1],[0,7],[5,0],[-1,-8],[-3,-3],[-5,3]],[[5960,8000],[-9,-5],[-5,2],[-4,13],[-6,2],[-1,9],[-5,-2],[-14,12],[0,3]],[[5916,8034],[-3,-1],[-1,12],[-7,-1],[-8,1],[-5,4],[-10,0],[-3,8],[-6,-1],[-5,2],[-3,-8],[-5,0],[-3,6],[-10,-2],[-10,-7],[-7,-2],[-11,6],[-7,-3]],[[5812,8048],[0,4],[9,3],[3,7],[15,1],[2,-2],[9,3],[4,-1],[5,-5],[8,4],[9,-5],[4,1],[8,-7],[14,-3],[9,1],[-1,6],[4,9],[4,3],[6,-10],[5,0],[5,-31],[4,-9],[6,-4],[2,-10],[5,2],[9,-5]],[[5916,8034],[4,0],[2,-6],[5,2],[2,10],[-1,8],[-4,-1],[-1,10],[-4,0],[-3,-5],[-1,-10],[1,-8]],[[5931,8108],[-11,-3],[-8,3],[-10,-2],[-3,3]],[[5899,8109],[11,2],[9,-3],[7,3],[5,-3]],[[5895,8119],[4,-10]],[[5899,8109],[-4,2],[0,8]],[[5887,8121],[7,3],[1,-5]],[[5895,8119],[-8,2]],[[5887,8121],[-2,8]],[[5885,8129],[2,-8]],[[5848,8124],[3,4],[14,4],[1,4],[13,2]],[[5879,8138],[6,-9]],[[5885,8129],[-5,2],[-2,4],[-6,-3],[-5,0],[-2,-6],[-6,1],[-4,-8],[-13,-3],[-11,1],[-1,-6],[-8,-11],[-10,0],[-1,-5],[-5,1]],[[5806,8096],[4,0],[1,7],[4,-2],[5,2],[5,14],[6,5],[-1,8],[-5,4],[3,7],[5,-14],[1,-10],[9,3],[4,-1],[1,5]],[[5840,8141],[-8,0],[5,10],[7,3],[2,-3]],[[5846,8151],[-5,1],[-1,-11]],[[5846,8151],[0,4],[7,1],[5,7],[4,2],[4,-4]],[[5866,8161],[-2,-4],[-17,-3],[-1,-3]],[[5844,8208],[-4,-1],[-8,6],[5,6],[8,-4],[-1,-7]],[[5913,8230],[-4,-8],[-5,-1],[-1,-3],[-5,-1],[0,-5],[-9,1],[-4,11],[-4,5],[-7,1],[2,6],[12,-11],[4,-10],[3,5],[7,0],[1,2],[5,2],[5,6]],[[5881,8256],[-9,-9],[-5,4],[0,4],[9,13],[6,-5],[-1,-7]],[[5878,8294],[2,-3],[9,5],[2,6],[4,-3]],[[5895,8299],[-7,-5],[-6,-5],[-4,0],[0,5]],[[5873,8296],[5,-2]],[[5878,8294],[-5,2]],[[5898,8307],[1,-4],[-4,-4]],[[5895,8299],[3,8]],[[5847,8344],[-2,3]],[[5845,8347],[5,-3],[9,3]],[[5859,8347],[-10,-4],[-2,1]],[[5880,8354],[-4,-1]],[[5876,8353],[4,1]],[[5859,8347],[0,4],[5,6],[5,-2],[6,2],[1,-4]],[[5876,8353],[-9,0],[-8,-6]],[[5835,8362],[3,4],[6,-4],[-9,-5],[0,5]],[[5863,8476],[3,10],[4,-6],[-7,-4]],[[5870,8511],[1,1]],[[5871,8512],[-1,-1]],[[5871,8512],[-1,-1]],[[5870,8511],[1,1]],[[5876,8542],[2,-6],[-5,-2],[-3,4],[6,4]],[[5767,8954],[7,5]],[[5774,8959],[-7,-5]],[[5774,8959],[6,3],[-1,7],[8,2]],[[5787,8971],[-5,-4],[0,-5],[-2,-3],[-6,0]],[[5787,8971],[1,8],[7,5],[-2,5]],[[5793,8989],[4,-5],[-7,-8],[-3,-5]],[[6280,5312],[11,-2]],[[6291,5310],[-7,-1],[-4,3]],[[6274,5315],[6,-3]],[[6280,5312],[-6,3]],[[6275,5335],[2,-6],[-3,-3],[0,-11]],[[6274,5315],[-1,6],[2,14]],[[6269,5340],[4,0],[2,-5]],[[6275,5335],[-6,5]],[[6043,7322],[2,-6],[-2,-3],[-8,0],[-6,13],[7,1],[7,-5]],[[6014,7346],[3,4],[6,0],[6,-5],[3,-12],[-6,1],[-5,9],[-7,3]],[[6011,7423],[-4,7],[1,6],[5,-2],[-2,-11]],[[6012,7483],[1,-12],[-4,-1],[-1,9],[2,2],[-1,12],[4,-1],[-1,-9]],[[6022,7630],[6,3],[5,-7],[-6,-1],[-1,6],[-4,-1]],[[6022,7630],[-10,6],[5,5],[5,-11]],[[5971,7668],[-1,11],[1,6],[4,1],[2,-6],[-2,-7],[-4,-5]],[[6008,7780],[1,-1]],[[6009,7779],[0,-2]],[[6009,7777],[-1,-1]],[[6008,7776],[0,4]],[[6011,7778],[-2,1]],[[6009,7779],[-1,1]],[[6008,7780],[3,-2]],[[6031,7817],[-1,-1]],[[6030,7816],[1,1]],[[6029,7832],[-4,1]],[[6025,7833],[4,-1]],[[6025,7833],[-4,5],[-1,9]],[[6020,7847],[2,1]],[[6022,7848],[1,2]],[[6023,7850],[0,-6],[2,-11]],[[5971,7837],[0,-8],[-5,-2],[-2,8],[7,2]],[[6023,7850],[-1,-2]],[[6022,7848],[-2,-1]],[[6020,7847],[3,3]],[[5943,7862],[10,0],[-1,-3],[-9,0],[0,3]],[[5989,7945],[3,-11],[8,-2],[12,1],[4,-2],[0,-12],[4,-2],[-4,-6],[10,-4],[0,-8],[6,4],[2,-6],[5,3],[3,6],[4,-8],[-3,-6]],[[6043,7892],[-9,1],[-11,5],[0,8],[-10,0],[3,-9],[-4,0],[-1,7],[3,7],[0,10],[-2,8],[-12,-4],[-1,3],[-6,0],[-6,2],[-6,6],[-1,5],[6,5],[-2,6],[-14,-1],[-6,5],[0,-9],[-13,-5],[-4,8]],[[5947,7950],[7,-4],[9,12],[9,-1],[0,-5],[9,5],[6,-1],[2,-11]],[[5989,7945],[-1,10],[7,-7],[5,8]],[[6000,7956],[8,-1]],[[6008,7955],[0,-7],[-3,-5]],[[6005,7943],[0,-1]],[[6005,7942],[-5,5],[-5,-8],[-3,8],[-3,-2]],[[6004,7963],[1,1]],[[6005,7964],[-1,-1]],[[6005,7964],[-1,-1]],[[6004,7963],[1,1]],[[5960,8000],[12,-4],[6,1]],[[5978,7997],[-13,-5],[-5,8]],[[5992,8114],[7,-2]],[[5999,8112],[-6,-1],[-1,3]],[[5992,8114],[-4,1]],[[5988,8115],[4,-1]],[[5957,8118],[-5,-3]],[[5952,8115],[5,3]],[[5913,8230],[7,2],[1,6],[5,4],[12,-1],[8,-7],[-4,-6],[-8,5],[2,7],[-8,0],[-6,-7],[-1,-4],[-8,1]],[[5974,8249],[-6,-1],[-1,6],[5,0],[2,-5]],[[5957,8262],[3,3],[16,2],[6,-3],[2,-4],[-8,0],[-3,4],[-16,-2]],[[5957,8262],[-7,3],[-6,-1],[-4,-9],[-4,2],[-1,12],[4,2],[5,-4],[9,1],[4,-6]],[[5898,8307],[0,9],[-2,15],[5,8],[8,4],[-2,6],[3,3],[1,7],[6,-1]],[[5917,8358],[-5,-3],[-1,-16],[-7,-1],[-6,-10],[2,-20],[-2,-1]],[[5979,8384],[-10,-3],[-11,-9],[-2,3],[-6,-1]],[[5950,8374],[6,4],[6,-2],[8,7],[9,1]],[[5938,8386],[5,-9],[7,-3]],[[5950,8374],[-6,1],[-4,4],[-3,-4],[-9,-1],[0,-6],[-9,-5],[-2,-5]],[[5917,8358],[-1,3],[5,5],[4,9],[-2,6]],[[5923,8381],[5,-4],[3,7],[7,2]],[[5914,8403],[6,-1],[-1,-7],[-6,-7]],[[5913,8388],[-5,-7],[-10,-8],[-10,0],[10,7],[1,9],[8,4],[-2,5],[-5,1],[-2,6],[11,1],[1,9],[6,-1],[-2,-11]],[[5948,8408],[3,-6]],[[5951,8402],[-3,6]],[[5948,8408],[1,3]],[[5949,8411],[-1,-3]],[[5929,8407],[-4,-6],[-3,4],[-8,-2]],[[5914,8403],[7,4],[2,5],[1,8],[11,2]],[[5935,8422],[-6,-15]],[[5948,8419],[1,-8]],[[5949,8411],[-1,8]],[[5948,8419],[5,6]],[[5953,8425],[-5,-6]],[[5935,8422],[5,6],[3,3],[4,0]],[[5947,8431],[-7,-4],[-5,-5]],[[5916,8421],[-5,1],[0,7],[5,1],[0,-9]],[[5961,8442],[0,-2],[10,0]],[[5971,8440],[-22,-4],[-2,-5]],[[5947,8431],[0,7],[8,1],[6,3]],[[5935,8438],[0,13],[6,1],[3,-9],[-7,-1],[-2,-4]],[[5965,8484],[0,-4],[-7,-4],[-3,-4],[-2,14],[10,-5],[2,3]],[[5802,9007],[5,6],[2,9],[-3,26],[4,13],[6,1],[2,4]],[[5818,9066],[1,-3],[-10,-11],[3,-6],[6,6],[11,3],[0,5],[5,5],[5,-1]],[[5839,9064],[-3,0],[-3,-9],[-10,-10],[-5,0],[-9,-8],[3,-14],[-3,-5],[-1,-9],[-6,-2]],[[5845,9066],[-6,-2]],[[5839,9064],[6,2]],[[5818,9066],[1,8],[6,3],[2,5]],[[5827,9082],[0,-5],[-8,-5],[-1,-6]],[[5845,9066],[2,5],[3,1],[0,-4],[7,1],[8,-4],[6,5],[1,8],[3,2],[-2,18],[6,0],[2,4]],[[5881,9102],[1,-7],[-5,-4],[0,-9],[-5,-15],[-6,-4],[-3,-1],[-3,3],[-8,3],[-1,-2],[-2,3],[-4,-3]],[[6908,1079],[-3,10],[4,2],[-1,-12]],[[6686,2438],[-10,-2],[-8,7],[8,1],[2,3],[8,-1],[0,-8]],[[6693,2465],[4,10],[4,-13],[-8,3]],[[6712,2555],[-3,-14],[-4,-5],[1,-7],[-3,-5],[-3,-19],[-16,-24],[-1,-6],[-3,-8],[-5,-8],[-5,-2],[-3,3],[-9,-4],[-4,6],[-4,14],[-1,16],[-2,7],[-2,14],[1,6],[-4,4],[-2,15],[-4,3],[0,10],[-4,32],[1,6],[-1,14],[2,9],[-1,5],[2,28],[3,8],[1,12],[6,14],[-1,15],[6,-4],[8,1],[4,-7],[1,-21],[6,-3],[1,-9],[-1,-13],[5,2],[4,-3],[6,3],[9,2],[9,-7],[3,-10],[6,2],[3,-9],[7,0],[1,-7],[-5,-16],[-4,-3],[-3,-10],[-5,-7],[4,-7],[-3,-4],[7,-3],[-1,-6]],[[6478,4093],[1,7]],[[6479,4100],[-1,-7]],[[6492,4102],[1,6]],[[6493,4108],[-1,-6]],[[6484,4168],[4,0],[5,9],[8,1],[2,8],[5,5],[-1,5],[8,0],[-14,-26],[-7,-1],[-3,-4],[-6,-1],[-4,-6],[-2,7],[5,3]],[[6432,4461],[0,2]],[[6432,4463],[0,-2]],[[6432,4463],[0,-2]],[[6432,4461],[-5,6],[-5,11],[6,-1],[4,-14]],[[6095,7636],[9,-1],[4,-7],[-1,-7],[-8,2],[-9,-1],[-2,16],[3,4],[4,-6]],[[6080,7721],[3,-3]],[[6083,7718],[-5,-6]],[[6078,7712],[2,9]],[[6085,7722],[-2,-4]],[[6083,7718],[2,4]],[[6085,7722],[-5,-1]],[[6080,7721],[5,1]],[[6094,7823],[1,2]],[[6095,7825],[1,1]],[[6096,7826],[-2,-3]],[[6096,7826],[-1,-1]],[[6095,7825],[-1,-2]],[[6094,7823],[-8,-8],[-2,7],[7,1],[6,12],[2,-3],[-3,-6]],[[6030,7816],[1,1]],[[6031,7817],[-1,-1]],[[6060,7822],[-6,0]],[[6054,7822],[6,0]],[[6029,7832],[5,1],[13,-9],[-4,-4],[-8,11],[-6,1]],[[6059,7838],[-5,-4],[-7,0],[-2,3],[-1,11],[7,-5],[4,0],[4,-5]],[[6041,7857],[4,2],[3,-4],[-6,-6],[-1,8]],[[6041,7871],[-7,-2],[-6,-6],[0,12],[13,-4]],[[6018,7945],[2,1]],[[6020,7946],[-2,-3]],[[6018,7943],[0,1]],[[6018,7944],[0,1]],[[6020,7946],[-2,-1]],[[6018,7945],[0,-1]],[[6018,7944],[0,-1]],[[6018,7943],[-5,-3],[-8,2]],[[6005,7942],[0,1]],[[6005,7943],[5,3],[-2,9]],[[6008,7955],[3,-6],[12,2],[-2,9],[6,-3],[9,1],[6,6],[-3,-12],[-5,-1],[-4,3],[-5,-3],[-5,-5]],[[6023,8067],[-10,0],[-2,13],[6,1],[2,-6],[0,-6],[4,-2]],[[6029,8114],[-1,1]],[[6028,8115],[1,-1]],[[6014,8110],[-10,2]],[[6004,8112],[6,1],[4,-3]],[[5999,8112],[5,0]],[[6004,8112],[-5,0]],[[6028,8115],[1,-1]],[[6029,8114],[-1,1]],[[6028,8234],[11,3],[2,4]],[[6041,8241],[-1,-6],[-3,-3],[-4,3],[-5,-1]],[[6028,8234],[-1,-5],[-7,-1],[-1,-3],[-10,-1],[0,10],[-11,5]],[[5998,8239],[-6,-4],[-3,8],[-6,-2]],[[5983,8241],[-1,-1]],[[5982,8240],[-6,4],[7,4],[16,2],[0,-6],[7,-6],[4,4],[0,-15],[7,8],[11,-1]],[[5982,8240],[1,1]],[[5983,8241],[-1,-1]],[[5997,8285],[-4,2],[-1,4],[6,2],[-1,-8]],[[5981,8289],[2,6],[-3,10],[6,3],[3,-9],[7,1],[0,-3],[-8,-3],[-7,-5]],[[6000,8370],[4,5]],[[6004,8375],[-4,-5]],[[5979,8384],[3,3],[1,4],[2,-1],[8,2],[-3,10],[6,6]],[[5996,8408],[-5,-9],[3,-3],[1,-6],[-4,-1],[-3,0],[-5,0],[0,-4],[-4,-1]],[[6005,8414],[-3,-5],[-6,-1]],[[5996,8408],[4,2],[-1,5],[6,-1]],[[6005,8414],[13,4]],[[6018,8418],[-7,-5],[-6,1]],[[5978,8457],[8,-3]],[[5986,8454],[-5,-1],[-3,4]],[[6012,8480],[-2,-3]],[[6010,8477],[2,-4],[-10,-2],[-2,-6],[-10,-5],[-4,-6]],[[5986,8454],[3,10],[5,-1],[3,9],[9,2],[0,7],[6,-1]],[[6016,8482],[2,-1]],[[6018,8481],[-6,-1]],[[6012,8480],[3,1]],[[6015,8481],[1,1]],[[5995,8520],[1,-10],[-5,-2],[1,-9],[-4,-1],[-5,4],[-3,-6],[-6,9],[5,8],[4,-4],[9,3],[0,6],[-4,6],[2,5],[5,-9]],[[5996,8557],[-3,-7],[-5,-1],[0,-4],[-6,-1],[5,9],[9,4]],[[5942,8779],[6,2],[2,-6],[6,1]],[[5956,8776],[3,-2],[-3,-6],[-10,6],[-4,5]],[[5979,8894],[-6,5],[2,3],[4,-8]],[[5931,9053],[3,-4],[-10,-2],[0,5],[7,1]],[[7072,255],[1,-2]],[[7073,253],[-1,2]],[[7073,253],[-1,2]],[[7072,255],[1,-2]],[[7037,384],[-6,8],[9,4],[5,8],[-3,9],[10,-5],[3,-4]],[[7055,404],[-11,-5],[-6,-7],[-6,-1],[5,-7]],[[7072,406],[-1,-3]],[[7071,403],[1,3]],[[7062,472],[1,-1]],[[7063,471],[-1,1]],[[7036,578],[-7,2],[0,5],[9,2],[1,-7],[-3,-2]],[[6981,826],[-2,-10]],[[6979,816],[2,10]],[[6985,841],[0,-2],[-8,-6],[4,-7]],[[6981,826],[-4,2],[-1,6],[9,7]],[[6777,2609],[-3,5],[4,3],[6,-7],[-7,-1]],[[6740,2783],[6,4],[1,-7],[-3,-6],[-6,7],[2,2]],[[6761,2840],[-1,-5],[-5,0],[-3,14],[6,15],[7,-1],[-1,-10],[-3,-13]],[[6691,2878],[0,4],[3,5],[6,1],[2,-8],[-4,-8],[-4,0],[-3,6]],[[6752,2883],[-3,-1],[-3,13],[3,4],[-5,5],[3,6],[6,-3],[2,-18],[-3,-6]],[[6694,2900],[-2,5],[8,2],[-2,-8],[-4,1]],[[6742,2910],[7,13],[8,-1],[0,-5],[-8,0],[2,-6],[-9,-1]],[[6542,5302],[2,-11],[6,-10],[-2,-6],[-12,-2],[1,-18],[-6,-7],[-7,5],[-1,-5],[6,-3],[8,1],[5,-6],[0,-7],[5,-6],[12,3],[6,13],[-4,4],[-1,8],[3,0],[2,-8],[10,-3],[1,-7],[-9,-6],[-4,0],[-7,-11],[-2,2],[-7,-1],[-9,4],[-3,-10],[-18,-2],[-5,-5],[-12,-1],[-3,2],[-3,19],[-2,19],[-4,-6],[-20,-2],[-1,-7],[-2,-6],[-11,-16],[0,-16],[-2,-9]],[[6452,5185],[6,-2],[-1,-5],[3,-7],[7,-2],[1,-6],[4,1],[1,-12],[4,0],[3,-6],[-1,-5],[7,-7],[0,-6],[4,-9],[-2,-5],[-10,6],[1,-9],[-7,-6],[0,-13],[-4,-6],[3,-14],[6,-7],[4,7],[8,-3],[9,-7],[7,0],[8,4],[2,-10],[4,-7],[5,1],[5,-3],[-5,-12],[3,-15],[4,-4],[0,-4],[-11,-3],[-7,2],[-7,-3],[5,-8],[-6,-3],[-2,12],[7,5],[8,-2],[10,3],[-6,13],[-1,10],[2,8],[-13,0],[-3,2],[-2,9],[-12,-2],[-3,9],[-9,-1],[1,-3],[-8,-1],[-2,6],[-15,1],[8,7],[-1,15],[5,14],[0,15],[4,7],[-1,6],[-7,0],[-3,8],[-7,2],[-1,4],[-6,2],[0,-9],[-10,-12],[-8,0],[2,5],[2,13],[-2,4],[-7,-4],[-2,19],[-12,1],[-1,-7],[2,-5],[-7,0],[-1,7],[3,14],[7,-2],[3,6],[8,2],[2,7],[3,7],[-1,7],[3,6],[6,5],[8,3],[5,8],[-4,4],[0,5],[5,3],[4,14],[13,4],[8,-3],[8,8],[13,-5],[0,-8],[2,-3],[-1,-7],[5,-20],[7,0],[9,10],[7,1],[8,9],[-4,8],[-6,0],[-4,-4],[-4,4],[-1,7],[2,7],[6,2],[9,-3],[2,1],[-3,19],[13,3],[1,5],[-3,7],[-2,12],[1,1]],[[6438,5195],[5,5],[-2,5],[-4,1],[-3,-10],[-3,-2],[-3,-13],[2,-13],[-9,4],[-4,-3],[12,-9],[0,-4],[6,2],[5,5],[3,-11],[7,0],[15,8],[-10,3],[-5,-8],[-3,8],[-2,16],[-2,7],[-10,8],[5,1]],[[6438,5195],[3,-5],[6,0],[0,3],[-5,4],[-4,-2]],[[6172,7565],[3,-2],[0,-9],[-5,3],[2,8]],[[6172,7565],[-3,13],[6,8],[0,-9],[3,-7],[-6,1],[0,-6]],[[6171,7663],[1,-5],[5,-1]],[[6177,7657],[-7,-4],[-5,0],[1,10],[5,0]],[[6168,7693],[1,1]],[[6169,7694],[5,-1]],[[6174,7693],[-7,-1]],[[6167,7692],[1,1]],[[6167,7692],[-5,-2],[-4,4]],[[6158,7694],[9,2],[2,-2]],[[6169,7694],[-1,-1]],[[6168,7693],[-1,-1]],[[6174,7693],[3,6]],[[6177,7699],[-3,-6]],[[6164,7808],[3,-3],[1,-6],[-4,-6],[-2,11],[2,4]],[[6169,7816],[-5,-8]],[[6164,7808],[1,8],[4,0]],[[6154,7808],[-8,6],[-11,-3],[-2,6],[14,-1],[1,-3],[8,0],[-2,-5]],[[6125,7813],[-5,1],[-5,-5],[1,-7],[-6,-6],[-2,11],[4,1],[2,6],[-2,9],[2,2],[5,-1],[1,-8],[5,-3]],[[6145,7852],[11,3],[-1,-5],[-5,-1],[-5,3]],[[6096,8006],[-1,6],[4,1],[3,-9],[-6,2]],[[6120,8099],[-6,0],[0,7],[4,0],[2,-7]],[[6104,8119],[9,4],[1,-7],[-10,3]],[[6086,8262],[-5,-2],[1,-7],[-6,1],[3,9],[7,-1]],[[6057,8349],[-5,-4],[-9,3],[-6,7],[-3,0]],[[6034,8355],[1,2],[5,-4],[3,1],[3,-6],[11,1]],[[6087,8359],[-1,-1]],[[6086,8358],[1,1]],[[6057,8349],[0,3],[6,3],[10,2],[-1,3],[6,4],[8,-2],[1,-3]],[[6087,8359],[-1,-1]],[[6086,8358],[-10,-1],[-7,-7],[-12,-1]],[[6075,8406],[6,-4]],[[6081,8402],[-6,4]],[[6018,8481],[-2,1]],[[6016,8482],[-1,-1]],[[6015,8481],[2,8],[7,5],[5,7],[4,-6],[6,3],[-1,7],[8,2]],[[6046,8507],[1,-7],[5,-4]],[[6052,8496],[-11,0],[-4,-4],[-17,-5],[-2,-6]],[[6046,8507],[0,8],[4,9],[6,0],[-2,-8],[-7,-1],[2,-5],[-3,-3]],[[6089,8653],[11,1],[8,12],[-1,2]],[[6107,8668],[4,-5],[-5,-7],[-3,0],[-3,-7],[-4,-15],[-6,-7],[-2,-7],[7,1],[1,10],[8,1]],[[6104,8632],[-7,-4],[0,-5],[-3,-4],[1,-6],[-6,-5],[-2,-7],[6,-6],[9,10],[6,1],[5,10]],[[6113,8616],[-1,-6]],[[6112,8610],[4,-11],[-2,-4]],[[6114,8595],[5,-17]],[[6119,8578],[-1,0]],[[6118,8578],[-10,22],[-10,-4],[0,-7],[-8,-3],[1,-6],[-7,-2],[1,-5],[7,0],[5,-3],[1,-5],[5,-2]],[[6103,8563],[1,-5]],[[6104,8558],[0,-2]],[[6104,8556],[0,-2]],[[6104,8554],[-5,-2],[-16,-2],[-3,-9],[-7,5],[-7,-5],[-2,5],[-5,4]],[[6059,8550],[-2,-3],[2,-9],[-8,-5],[-11,-11],[-6,-1],[-2,6]],[[6032,8527],[-9,-5],[-1,6],[5,4],[7,-4],[6,0],[6,7],[-1,8],[12,-3],[-4,8],[-6,-1],[0,5],[8,10],[-1,5],[4,4],[2,-12],[3,2],[-2,6],[5,10],[8,3],[1,-7],[5,0],[1,7],[5,6],[-1,9],[-2,2],[-2,9],[3,5],[2,9]],[[6086,8620],[0,8],[2,0],[1,4]],[[6089,8632],[3,4],[0,4],[3,4],[-2,8],[-4,1]],[[6086,8570],[-1,-4],[-9,1],[-4,-4],[-1,-7],[6,-6],[5,8],[4,-1],[8,4],[1,3],[-6,6],[-3,0]],[[6076,8623],[2,-9],[-1,-6],[-6,-2],[-5,5],[2,7],[8,5]],[[6032,8966],[-3,9]],[[6029,8975],[1,1]],[[6030,8976],[2,-10]],[[6029,8991],[1,-15]],[[6030,8976],[-1,-1]],[[6029,8975],[-1,8],[1,8]],[[6033,8996],[-4,-5]],[[6029,8991],[4,5]],[[7063,471],[-1,1]],[[7062,472],[1,-1]],[[7059,815],[6,-1],[1,-7],[5,-5],[0,-5],[-9,-1],[-3,3],[-9,0],[-3,4],[-6,0],[-1,9],[1,6],[10,-2],[1,-4],[7,3]],[[6791,2590],[0,8],[6,-2],[1,-11],[-5,0],[-2,5]],[[6534,4921],[7,3],[3,5],[4,0],[4,-6]],[[6552,4923],[-5,5],[-7,-7],[-6,0]],[[6235,7577],[1,4]],[[6236,7581],[-1,-4]],[[6236,7581],[-1,-4]],[[6235,7577],[1,4]],[[6203,7676],[5,-2],[0,-5],[8,1],[15,-2],[2,5]],[[6233,7673],[5,-2]],[[6238,7671],[2,-1]],[[6240,7670],[-3,-3],[-6,-1],[-3,-8],[-11,-1],[-20,-1],[-2,2],[-7,-2],[-1,3],[-9,-5],[-1,3]],[[6177,7657],[6,1],[2,5],[9,2],[-5,5],[-6,1],[-5,6],[-6,-1],[-2,-5],[-7,-1],[-5,-3],[-3,6],[7,-1],[2,9],[-7,5],[-1,5]],[[6156,7691],[4,-5],[9,1],[2,-3],[11,-6],[0,4],[13,4]],[[6195,7686],[6,-8]],[[6201,7678],[1,-1]],[[6202,7677],[1,-1]],[[6203,7676],[-1,1]],[[6202,7677],[-1,1]],[[6201,7678],[2,-2]],[[6177,7699],[5,2],[1,-4]],[[6183,7697],[-6,2]],[[6185,7710],[6,-1]],[[6191,7709],[-6,-2]],[[6185,7707],[0,3]],[[6185,7710],[0,-3]],[[6185,7707],[0,3]],[[6186,7803],[2,-6],[5,0],[4,-4],[-2,-5],[-5,2],[-4,13]],[[6169,7816],[8,3],[2,4],[10,3],[5,3],[1,4],[8,3],[3,-3],[6,0],[-2,-9],[7,-3],[0,-15],[-8,2],[-2,9],[-6,1],[-8,3],[-9,-4],[-7,-1],[-3,-4],[-5,4]],[[6176,7842],[-9,-3],[-1,9],[2,3],[9,-2],[-1,-7]],[[6181,7888],[-9,-1],[-10,4],[-9,-1]],[[6153,7890],[1,3],[11,3],[1,-5],[7,1]],[[6173,7892],[2,0]],[[6175,7892],[6,-4]],[[6175,7892],[-9,1],[2,5],[7,1],[0,-7]],[[6173,7907],[-4,1],[0,6],[4,1],[0,-8]],[[6190,7968],[-1,4],[7,8],[1,-10],[-7,-2]],[[6160,8057],[-3,-5],[-4,3],[1,11],[7,5],[1,-10],[-2,-4]],[[6133,8084],[0,13],[8,-1],[1,-11],[-4,-3],[0,-6],[-5,-1],[0,9]],[[6139,8134],[17,3]],[[6156,8137],[-8,-3],[-6,-4],[-3,4]],[[6168,8215],[-4,-1]],[[6164,8214],[3,2]],[[6167,8216],[1,-1]],[[6164,8214],[2,-6],[-10,7],[-9,-1],[1,4],[8,4],[8,-8]],[[6168,8215],[-1,1]],[[6167,8216],[1,-1]],[[6136,8258],[3,6],[14,-3],[12,2],[-2,-4],[-12,-1],[0,-4],[-15,4]],[[6136,8258],[-6,-2],[-5,3]],[[6125,8259],[7,1],[4,-2]],[[6157,8290],[5,-2],[-2,-5],[-6,-1],[3,8]],[[6129,8394],[-11,-2]],[[6118,8392],[4,3],[7,-1]],[[6147,8397],[-5,1]],[[6142,8398],[5,-1]],[[6126,8475],[-1,5],[-6,-4],[0,6],[8,-1],[-1,-6]],[[6110,8489],[1,1]],[[6111,8490],[-1,-1]],[[6111,8490],[-1,-1]],[[6110,8489],[1,1]],[[6104,8556],[5,0]],[[6109,8556],[-5,-2]],[[6104,8554],[0,2]],[[6105,8560],[-1,-2]],[[6104,8558],[1,2]],[[6103,8563],[2,-3]],[[6105,8560],[-2,3]],[[6120,8567],[1,-2],[-6,-1],[0,2],[-7,0],[5,6],[1,3],[2,-10],[4,2]],[[6118,8578],[1,0]],[[6119,8578],[-1,0]],[[6089,8632],[-2,-3],[-5,-3],[-3,0],[-3,-3]],[[6076,8623],[2,5],[9,5],[-2,5],[-5,-1],[1,11],[8,-7],[0,-9]],[[6104,8632],[2,7],[6,2],[1,6],[12,12],[-2,10],[5,-2]],[[6128,8667],[-1,-9],[-4,-5],[2,-3],[-9,-4],[-6,-12],[-1,-6]],[[6109,8628],[-5,4]],[[6081,8669],[3,-4],[5,-2],[-1,-6]],[[6088,8657],[-1,5],[-4,1],[-2,6]],[[6107,8668],[1,7]],[[6108,8675],[1,0]],[[6109,8675],[-2,-7]],[[6087,8703],[1,0]],[[6088,8703],[2,3]],[[6090,8706],[5,1],[1,-6],[4,-3]],[[6100,8698],[4,-2],[2,-14],[3,-7]],[[6109,8675],[-1,0]],[[6108,8675],[-5,10],[-1,4],[-5,3],[-9,0],[-4,3],[3,8]],[[6088,8703],[-1,0]],[[6087,8703],[2,9],[4,4],[0,13]],[[6093,8729],[6,0]],[[6099,8729],[-2,-4],[2,-12]],[[6099,8713],[-9,-3],[0,-4]],[[6090,8706],[-2,-3]],[[6073,8823],[3,8]],[[6076,8831],[2,-4],[-5,-4]],[[6077,8837],[1,1]],[[6078,8838],[1,0]],[[6079,8838],[-3,-7]],[[6076,8831],[1,6]],[[6079,8838],[-1,0]],[[6078,8838],[-1,-1]],[[6077,8837],[-2,4],[0,12],[4,0],[2,-13],[-2,-2]],[[6063,8858],[6,-1],[1,-7],[-8,5],[1,3]],[[6063,8858],[-8,0],[-1,7],[-4,4],[1,4]],[[6051,8873],[4,-2],[2,-10],[5,2],[1,-5]],[[6083,9069],[0,-1]],[[6083,9068],[-5,-1],[-4,7],[-6,-2],[-7,-10],[-2,4],[5,5],[2,6],[4,0],[3,8],[-1,10]],[[6072,9095],[4,-7],[1,-15],[4,1],[2,-5]],[[7083,820],[2,9],[9,1],[-11,-10]],[[7110,841],[-2,2]],[[7108,843],[1,7],[3,1],[2,-8],[-4,-2]],[[7109,869],[0,5],[13,4],[-8,-13],[-5,4]],[[6898,2623],[-2,-10],[-8,-16],[-10,-1],[-3,8],[-4,2],[-6,6],[-4,8],[3,5],[7,1],[4,11],[16,1],[4,7],[4,-3],[1,-11],[-2,-8]],[[6801,3127],[-1,-7],[-5,1],[5,13],[-1,9],[3,1],[1,-10],[-2,-7]],[[6542,5302],[2,7]],[[6544,5309],[-2,-7]],[[6544,5309],[3,-3]],[[6547,5306],[-3,3]],[[6290,7665],[2,2]],[[6292,7667],[-2,-2]],[[6292,7667],[-2,-2]],[[6290,7665],[-2,0]],[[6288,7665],[3,4]],[[6291,7669],[1,-2]],[[6238,7671],[5,-1]],[[6243,7670],[-3,0]],[[6240,7670],[-2,1]],[[6275,7680],[1,1]],[[6276,7681],[-1,-1]],[[6237,7772],[-6,-2],[-4,5],[7,2],[3,-5]],[[6227,7802],[1,-2]],[[6228,7800],[-1,2]],[[6227,7802],[1,-2]],[[6228,7800],[-1,2]],[[6234,7910],[-9,-2],[-7,3]],[[6218,7911],[9,1],[7,-2]],[[6260,7919],[5,-1],[0,-5],[-8,-2],[-4,6],[-1,7],[4,6],[1,-10],[3,-1]],[[6244,7924],[-4,6],[7,2],[3,-5],[-2,-5],[-4,2]],[[6245,8032],[3,-8],[-7,2],[4,6]],[[6217,8120],[11,-3]],[[6228,8117],[-9,0],[-2,3]],[[6217,8120],[-3,2],[-8,-1],[-1,4]],[[6205,8125],[2,-2],[7,2],[3,-5]],[[6203,8131],[2,-6]],[[6205,8125],[-2,6]],[[6187,8190],[-6,1],[-6,-2],[2,10],[4,-4],[5,-1],[1,-4]],[[6248,8229],[-1,-8],[-29,-12],[-4,5],[-8,-1],[1,4],[-9,7],[5,3],[7,-4],[4,-5],[25,4],[4,2],[5,5]],[[6201,8251],[8,-9],[-3,-5],[-3,2],[-2,12]],[[6174,8260],[2,-8],[-9,3],[1,4],[6,1]],[[6198,8255],[-12,-1],[1,8],[-6,1]],[[6181,8263],[2,6],[7,3],[2,-6],[4,1],[3,-4],[5,-1],[3,8],[4,-5],[-13,-10]],[[6195,8298],[2,-2],[1,-8],[-6,1],[0,7],[3,2]],[[6172,8303],[-4,-5],[0,14],[7,-3],[-3,-6]],[[6160,8346],[2,-5],[-9,-7],[-1,7],[5,0],[3,5]],[[6147,8397],[11,1],[4,-2]],[[6162,8396],[-10,-2],[-5,3]],[[6203,8487],[-12,0],[-5,-6],[-2,7],[14,2],[0,9],[6,-3],[-1,-9]],[[6145,8549],[-5,2]],[[6140,8551],[5,-2]],[[6150,8624],[-2,-7],[-3,-6],[-4,0],[-8,7],[-2,5],[2,5],[-1,7],[3,7],[16,-2],[-1,-16]],[[6135,8668],[0,1]],[[6135,8669],[0,-1]],[[6135,8669],[0,-1]],[[6135,8668],[-7,-1]],[[6128,8667],[6,3],[-1,4]],[[6133,8674],[9,-2]],[[6142,8672],[1,-1]],[[6143,8671],[-8,-2]],[[6133,8691],[1,7]],[[6134,8698],[-1,-7]],[[6143,8671],[-1,1]],[[6142,8672],[-1,7],[3,5],[-3,6],[9,0],[2,2],[-7,38],[4,5]],[[6149,8735],[-3,-5],[1,-7],[4,-3],[0,-9],[3,-17],[-6,-9],[-1,-13],[-4,-1]],[[6132,8708],[2,-10]],[[6134,8698],[-2,10]],[[6132,8708],[-2,5]],[[6130,8713],[2,-5]],[[6151,8747],[-2,-3],[0,-9]],[[6149,8735],[-1,10],[3,2]],[[6130,8713],[-10,4],[-2,8],[0,7],[-2,8],[4,5],[-1,7],[3,7],[1,5],[4,1]],[[6127,8765],[1,-1]],[[6128,8764],[1,-1]],[[6129,8763],[-3,-7],[-5,-5],[-1,-8],[2,-14],[-1,-11],[8,-1],[1,-4]],[[6151,8784],[3,5],[-6,8]],[[6148,8797],[7,-6],[-1,-7],[-3,0]],[[6147,8805],[1,-8]],[[6148,8797],[-1,8]],[[6159,8837],[1,-5],[-5,-2],[0,-11]],[[6155,8819],[-1,12],[5,6]],[[6146,8843],[-1,6]],[[6145,8849],[5,-2]],[[6150,8847],[-4,-4]],[[6159,8854],[-4,-6],[-5,-1]],[[6150,8847],[4,7],[5,0]],[[6177,8992],[-7,-6],[2,-17],[6,2],[-1,8],[4,1],[2,-6],[-3,-13],[-3,0],[2,-12],[4,-3],[4,-26],[7,6],[-1,6],[9,18],[11,1],[9,6],[4,1]],[[6226,8958],[0,-1]],[[6226,8957],[4,0]],[[6230,8957],[-2,-8],[-5,-1],[-11,-6],[-9,-2],[-6,-7],[2,-4],[-10,-11],[-9,0],[1,-8],[-4,1],[-3,6],[-9,-2],[-7,-5],[-2,-9],[-4,-2],[1,-7],[-5,-2],[0,-6]],[[6148,8884],[-1,-1]],[[6147,8883],[-2,-2]],[[6145,8881],[0,-1]],[[6145,8880],[-1,-5],[6,-2]],[[6150,8873],[-9,-6],[6,-6],[-6,-6],[-5,0],[1,-13]],[[6137,8842],[9,1]],[[6146,8843],[0,-9],[-7,1],[-5,-9],[-5,-14],[-5,-7],[8,0],[-2,-10],[-4,-2]],[[6126,8793],[1,-15],[2,-15]],[[6129,8763],[-1,1]],[[6128,8764],[-1,1]],[[6127,8765],[-5,13],[-1,8],[-5,3],[-1,-10],[2,-3]],[[6117,8776],[-9,-6],[-1,-6]],[[6107,8764],[4,-10],[-1,-9]],[[6110,8745],[0,8],[-4,0],[-2,-9]],[[6104,8744],[-3,3],[-3,-7],[1,-11]],[[6099,8729],[-6,0]],[[6093,8729],[-1,5],[-3,4],[2,9],[5,8],[-2,12],[3,5],[9,0],[-1,11],[-8,5],[-8,11],[-5,-2],[-7,9],[-4,0],[-8,11],[0,8],[5,4],[3,-6]],[[6073,8823],[0,-6]],[[6073,8817],[3,-6],[6,1],[1,-10],[10,0],[2,-5],[5,-2],[0,-5],[8,-2],[1,8],[-4,0],[0,11],[7,2],[-1,12],[9,1],[3,3],[0,10],[2,11],[-2,8],[2,15],[-1,6],[9,-5],[2,9],[-4,5],[9,13],[8,5],[-3,3],[1,17],[5,0]],[[6151,8922],[6,3],[5,-4],[2,5],[8,4],[7,-1],[-1,6],[-5,5],[-1,25],[-3,0],[-4,11],[0,8],[3,13],[5,1],[4,-6]],[[6073,8817],[-3,9],[-4,-2],[1,-7],[6,0]],[[6178,8927],[-10,-1],[4,-5],[6,6]],[[6128,8817],[-8,2],[-1,-9],[5,-3],[4,10]],[[6102,8752],[1,6],[-4,4],[-1,-7],[4,-3]],[[6147,8883],[1,1]],[[6148,8884],[0,-3],[-3,-1]],[[6145,8880],[0,1]],[[6145,8881],[2,2]],[[6134,8984],[7,-10],[4,-1],[3,-15],[-4,-1],[-1,11],[-4,1],[-8,-4],[-4,4],[-9,3],[-9,-2],[-3,3],[4,10],[11,5],[7,-5],[6,1]],[[6112,8960],[-3,1],[1,7],[5,3],[1,-9],[-4,-2]],[[6094,9083],[-4,-18],[-7,3]],[[6083,9068],[0,1]],[[6083,9069],[5,1],[-1,7],[4,0],[3,6]],[[6094,9083],[2,9],[8,0],[2,4],[0,9],[8,2],[-3,-6],[-3,-2],[-1,-7],[-13,-9]],[[6080,9103],[-8,-8]],[[6072,9095],[-1,8],[7,2]],[[6078,9105],[2,-2]],[[6080,9103],[0,1]],[[6080,9104],[0,-1]],[[6080,9104],[-2,1]],[[6078,9105],[2,-1]],[[7139,931],[1,0]],[[7140,931],[-1,0]],[[7140,931],[-1,0]],[[7139,931],[1,0]],[[7171,1031],[0,3]],[[7171,1034],[0,-4]],[[7171,1030],[0,1]],[[7171,1034],[0,-3]],[[7171,1031],[0,-1]],[[7171,1030],[-8,-5],[-3,2],[-2,7],[13,0]],[[7158,1149],[0,-1]],[[7158,1148],[0,1]],[[6918,2632],[3,-13],[-4,-11],[-5,2],[-4,6],[0,11],[-3,10],[1,9],[3,4],[11,0],[0,-8],[-2,-10]],[[6931,2635],[2,-8],[-4,0],[-1,8],[3,0]],[[6870,2986],[2,6],[4,0],[2,8],[6,-3],[-7,-4],[-7,-7]],[[6358,7650],[-6,-2],[1,7],[5,-5]],[[6306,7651],[-2,8],[-1,13],[5,0],[4,-7],[8,0],[-1,-7],[-9,0],[-4,-7]],[[6320,7684],[-7,-5]],[[6313,7679],[-4,0],[-5,4],[4,8],[4,-4],[7,0],[1,-3]],[[6296,7693],[4,-2],[0,-6],[-7,2],[3,6]],[[6345,7746],[-7,-2]],[[6338,7744],[7,2]],[[6326,7761],[6,7],[13,2],[-3,-8],[-7,-3],[-1,4],[-8,-2]],[[6276,7772],[13,-11]],[[6289,7761],[-9,5],[-4,6]],[[6329,7779],[6,2],[0,-4],[7,0]],[[6342,7777],[-4,-3],[-9,5]],[[6329,7844],[-4,2],[-7,-8],[-1,10],[10,2],[2,-6]],[[6311,7898],[-8,-2],[-3,9],[5,3],[3,-9],[3,-1]],[[6277,7971],[-3,3],[-6,-4],[2,9],[7,-1],[0,-7]],[[6276,8063],[4,1],[2,-12],[4,-3],[1,-7],[-3,-2],[-3,16],[-5,7]],[[6306,8141],[1,-1]],[[6307,8140],[-2,-5],[-5,-2],[-5,9],[10,2],[1,-3]],[[6282,8151],[-4,2]],[[6278,8153],[4,-2]],[[6245,8171],[-12,-8],[-3,6],[8,1],[4,3],[3,-2]],[[6245,8171],[1,13],[5,1],[9,-10],[-3,-15],[-6,4],[0,4],[-6,3]],[[6265,8189],[8,-4],[-4,-3],[-4,7]],[[6298,8201],[1,-7],[-8,-3],[0,5],[7,5]],[[6233,8198],[9,0],[-2,-5],[-7,5]],[[6276,8211],[-1,-4],[-8,-4],[-6,9],[2,5],[7,1],[6,-7]],[[6278,8216],[-1,7],[4,1],[3,-5],[-6,-3]],[[6270,8227],[-1,9],[10,3],[0,-7],[-9,-5]],[[6262,8387],[0,-5]],[[6262,8382],[0,5]],[[6264,8387],[-2,0]],[[6262,8387],[2,0]],[[6227,8386],[0,-8],[-6,3],[2,20],[6,-3],[-2,-12]],[[6251,8399],[4,-3],[-1,-11],[-3,-8],[-13,-2],[0,5],[2,21],[-5,0],[1,13],[4,1],[7,-15],[4,-1]],[[6217,8450],[5,-4],[0,-14],[-5,-8],[-5,1],[-1,8],[-4,5],[1,3],[5,1],[4,8]],[[6223,8507],[0,4]],[[6223,8511],[5,2],[11,-2],[9,-7],[2,-6],[-4,-15],[0,-10],[-4,2],[2,10],[-1,9],[-4,2],[-8,-2],[-5,1],[-4,8],[1,4]],[[6223,8511],[0,-4]],[[6223,8507],[0,4]],[[6183,8572],[5,8],[10,1],[-1,-13],[-5,0],[-9,4]],[[6250,8624],[-8,-12],[-13,-11],[-6,-2],[-12,-2],[-13,0],[0,16],[2,7],[15,-2],[0,-10],[14,-2],[4,0],[0,8],[9,2],[2,16],[9,2],[1,12],[2,0],[1,-13],[-1,-6],[-6,-3]],[[6255,8697],[-8,0],[-9,-3],[7,8],[6,3],[3,-1],[1,-7]],[[6196,8793],[1,-1]],[[6197,8792],[4,-4],[-2,-7],[-12,-2],[-5,-5],[-5,2],[6,8],[0,9],[13,-8],[0,8]],[[6197,8792],[-1,1]],[[6196,8793],[1,-1]],[[6175,8828],[5,9],[11,1],[-1,7],[3,5],[4,4],[9,-5],[-13,-10],[-4,-4],[-4,-2],[-6,-8],[-4,3]],[[6166,8844],[-1,-5],[-6,-2]],[[6159,8837],[7,7]],[[6197,8882],[1,1]],[[6198,8883],[-1,-1]],[[6198,8888],[0,-5]],[[6198,8883],[-1,-1]],[[6197,8882],[1,6]],[[6198,8888],[8,15]],[[6206,8903],[1,-7],[-5,-2],[-4,-6]],[[6207,8922],[0,-4]],[[6207,8918],[0,4]],[[7174,1148],[-4,-4]],[[7170,1144],[4,4]],[[7158,1148],[0,1]],[[7158,1149],[8,-6],[4,1]],[[7170,1144],[2,-4],[-2,-4],[-10,6],[-2,6]],[[7175,1166],[1,6],[5,1],[-2,-11],[-4,4]],[[7161,1181],[2,0]],[[7163,1181],[1,1]],[[7164,1182],[-3,-1]],[[7164,1182],[-1,-1]],[[7163,1181],[-2,0]],[[7161,1181],[3,11],[4,-4],[-4,-6]],[[7185,1206],[1,0]],[[7186,1206],[6,0],[-4,-8],[-3,8]],[[7185,1211],[1,-1]],[[7186,1210],[-1,-4]],[[7185,1206],[-2,1]],[[7183,1207],[2,4]],[[7186,1210],[-1,1]],[[7185,1211],[1,-5]],[[7186,1206],[0,4]],[[7130,1470],[0,-12],[-3,0]],[[7127,1458],[2,1],[-1,9],[2,2]],[[7157,1513],[-6,8]],[[7151,1521],[6,-8]],[[7157,1513],[-1,14],[2,0],[2,-14],[-3,0]],[[7144,1513],[-1,8]],[[7143,1521],[1,-8]],[[7151,1521],[-8,0]],[[7143,1521],[8,0]],[[7151,1533],[-7,4],[6,5],[1,-9]],[[6403,7669],[0,8],[6,-3],[0,-5],[-6,0]],[[6392,7732],[2,-1]],[[6394,7731],[-2,1]],[[6369,7767],[5,-6],[1,-8],[-10,-4],[-3,6],[-5,4],[12,8]],[[6355,7797],[6,-5],[-3,-5],[-5,1],[2,9]],[[6342,7777],[3,1],[0,7],[7,12]],[[6352,7797],[-2,-10],[-4,-9],[-4,-1]],[[6373,7799],[4,2],[2,-8],[-9,1],[3,5]],[[6355,7797],[-3,0]],[[6352,7797],[3,2]],[[6355,7799],[0,-2]],[[6366,7806],[-3,-5]],[[6363,7801],[-8,-2]],[[6355,7799],[11,7]],[[6344,7794],[-3,11],[6,5],[12,2],[-1,9],[5,-1],[3,-8],[-9,-3],[-3,-9],[-4,0],[-6,-6]],[[6357,7875],[-7,-2],[1,-6],[-6,-3],[0,7],[3,5],[3,-1],[0,13],[8,-1],[1,-10],[-3,-2]],[[6340,7909],[0,-6],[-6,-4],[-4,9],[10,1]],[[6356,8025],[8,0],[3,-8],[-11,-1],[0,9]],[[6346,8050],[1,6],[8,0],[-1,-7],[-8,1]],[[6335,8100],[-6,3],[-2,9],[10,-3],[1,-9],[-4,-6],[-5,0],[-1,5],[7,1]],[[6310,8128],[4,-7],[2,-9],[-4,-4],[-9,5],[4,5],[-1,11],[4,-1]],[[6339,8121],[-1,13],[4,6],[7,-1],[1,-5],[4,1],[4,-5],[0,-5],[10,-5],[-2,-2],[-12,-1],[-7,6],[-6,-1],[-1,-11],[-5,0],[4,10]],[[6307,8140],[-1,1]],[[6306,8141],[1,-1]],[[6308,8171],[-7,5],[7,5],[0,-10]],[[6317,8179],[0,3]],[[6317,8182],[0,-3]],[[6317,8182],[4,3],[2,-7],[-6,1]],[[6317,8179],[0,3]],[[6342,8200],[2,-4],[9,-1],[1,-5],[-7,-7],[-5,3],[0,14]],[[6313,8208],[5,13],[0,4],[8,2],[7,-3],[2,8],[3,3],[8,2],[3,-5],[7,-2],[1,-8],[-7,-5],[-10,0],[-4,3],[-9,-3],[-1,-7],[5,1],[5,-4],[-11,-3],[-5,5],[-3,-5],[-4,4]],[[6305,8213],[-11,-5],[-1,3],[-6,-2],[0,6],[5,0],[5,7],[5,1],[3,-7],[0,-3]],[[6339,8246],[-7,-1],[0,3],[7,1],[0,-3]],[[6293,8263],[-2,4],[9,2],[0,-5],[-7,-1]],[[6262,8382],[2,5]],[[6264,8387],[10,2],[-1,6],[3,10],[-1,8],[-10,-2],[-17,2],[-2,5],[2,18],[5,0],[17,-9],[1,14],[1,3],[6,-1],[1,-8],[-2,-6],[2,-9]],[[6279,8420],[0,-11],[3,0],[14,2]],[[6296,8411],[5,-3],[3,9],[18,1]],[[6322,8418],[-12,-4],[-9,-12],[-1,-10],[-12,0],[-2,-9],[2,-5],[10,-1],[0,-3],[-6,-6],[-2,5],[-8,0],[-3,2],[-4,-5],[10,-1],[0,-5],[-17,1],[0,-4],[-6,-3],[-12,3],[1,10],[6,0],[3,-4],[8,2],[0,7],[-5,1],[-1,5]],[[6322,8418],[4,0]],[[6326,8418],[-4,0]],[[6296,8411],[-5,2],[0,6],[5,2]],[[6296,8421],[2,-3],[-2,-7]],[[6312,8485],[5,0],[8,-6],[-15,0],[2,6]],[[6297,8482],[-2,-1]],[[6295,8481],[2,1]],[[6259,8668],[-1,-4],[4,-7],[0,-6],[-6,-1],[-9,3],[2,27],[5,-1],[0,-6],[5,-5]],[[6278,8675],[-8,-9],[-3,5],[7,5],[4,-1]],[[6255,8697],[8,2],[2,-4],[5,1],[0,6],[11,3],[-7,-8],[-4,-7],[-6,1],[-7,-1],[-2,7]],[[6256,8894],[0,-5]],[[6256,8889],[0,5]],[[6236,8953],[1,2]],[[6237,8955],[1,1]],[[6238,8956],[1,1]],[[6239,8957],[3,3]],[[6242,8960],[16,-1],[-2,-5],[-12,-1],[-2,4],[-6,-4]],[[6199,9036],[7,3]],[[6206,9039],[-1,-3],[-6,0]],[[6257,9105],[12,3],[5,3],[11,2],[2,2],[17,2],[5,8],[3,-7],[-9,-18],[-10,-1],[2,-6],[-4,-5],[4,-4],[-10,-1],[-1,5],[-7,-3],[-4,3],[-6,-5],[-3,1]],[[6264,9084],[-3,-3],[3,-7],[6,1],[11,-7],[3,6],[6,5],[1,-13],[-9,-6],[-6,0],[-5,5],[-5,-1]],[[6266,9064],[-4,3],[-1,6],[-4,1],[-4,-8]],[[6253,9066],[-8,-6],[-4,5]],[[6241,9065],[-13,-2],[-1,-2]],[[6227,9061],[0,-5]],[[6227,9056],[-5,-3],[-5,2],[3,-14],[-5,1],[-9,-3]],[[6206,9039],[-7,-3]],[[6199,9036],[-8,-6],[-1,-9],[8,1],[-2,-6],[-11,-2],[1,-28],[-7,-2],[-2,8]],[[6177,8992],[4,4],[-2,5],[2,6],[5,12],[0,9],[3,2],[7,9],[2,11],[4,12],[3,5]],[[6205,9067],[-4,-12],[0,-8],[14,2],[-1,15],[3,0],[0,8]],[[6217,9072],[7,-3],[11,8],[2,7],[-6,3],[-7,-1]],[[6224,9086],[-2,-2]],[[6222,9084],[-6,0],[-3,3]],[[6213,9087],[-1,-3]],[[6212,9084],[-1,-3],[-7,-2],[-8,-5]],[[6196,9074],[-6,2],[-3,8],[1,8],[4,1],[-1,6]],[[6191,9099],[4,-1],[8,7],[2,6],[3,-1]],[[6208,9110],[-4,-3],[0,-9],[-4,1],[-3,-11]],[[6197,9088],[3,-2],[7,3],[0,16]],[[6207,9105],[3,-3],[4,8],[9,1],[4,3],[2,-10],[3,2],[-2,8],[2,2],[21,1],[1,-7],[3,-5]],[[6257,9105],[-19,-1],[0,-4],[6,-9],[11,8],[2,6]],[[6264,9084],[-7,5],[-2,-7],[-8,-3],[2,-3],[10,3],[0,4],[5,1]],[[6241,9065],[5,1],[5,6],[-4,5],[-5,-6],[-1,-6]],[[6226,9106],[-4,-3],[-2,-5],[9,0],[-3,8]],[[6287,9104],[1,5]],[[6288,9109],[-4,1],[-13,-2],[-3,-4],[6,-3],[3,-8],[4,-2],[6,13]],[[6227,9061],[0,-5]],[[6227,9056],[0,5]],[[6205,9067],[-4,7],[16,-2]],[[6217,9072],[-4,-3],[-7,3],[-1,-5]],[[6222,9084],[2,2]],[[6224,9086],[-2,-2]],[[6207,9105],[1,5]],[[6208,9110],[-1,-5]],[[6191,9099],[-4,1],[-2,10]],[[6185,9110],[8,1],[1,4],[6,-3],[-12,-4],[0,-7],[3,-2]],[[7203,1225],[5,9],[7,10],[2,0]],[[7217,1244],[-14,-19]],[[7217,1244],[-2,7],[0,13]],[[7215,1264],[1,-7],[4,-1],[-3,-12]],[[7233,1295],[-4,-7],[-4,4],[8,3]],[[7223,1543],[-2,-6],[-12,-11]],[[7209,1526],[-2,4]],[[7207,1530],[2,6],[-1,6]],[[7208,1542],[-4,4]],[[7204,1546],[11,4],[8,-7]],[[7202,1541],[0,-4]],[[7202,1537],[0,4]],[[7188,1540],[4,3],[11,2],[5,-3]],[[7208,1542],[-6,-1]],[[7202,1541],[-9,1],[-5,-2]],[[6958,3386],[-8,11],[9,1],[2,-8],[-3,-4]],[[6858,4195],[5,-3],[1,-5],[-6,-1],[8,-8],[-5,-4],[-5,1],[0,6],[-4,15],[3,0]],[[6855,4196],[3,-1]],[[6858,4195],[-3,1]],[[6855,4196],[3,-1]],[[6422,7762],[9,3]],[[6431,7765],[-5,-4],[-4,1]],[[6407,7778],[-3,1],[0,10],[8,-2],[1,-8],[-6,-1]],[[6393,7882],[4,-3],[-1,-7],[-4,0],[1,10]],[[6405,7891],[0,1],[7,-6],[6,4],[2,-6],[-3,-2],[-8,2],[0,5],[-4,2]],[[6420,7948],[-1,-9],[-7,3],[1,12],[9,5],[-2,-11]],[[6408,7971],[2,16],[8,-2],[0,-10],[-7,-4],[-3,0]],[[6404,8025],[-1,3],[-20,-2],[1,4],[5,1],[2,7],[10,-3],[4,-4],[-1,-6]],[[6383,8042],[-6,-2],[-1,9],[30,4],[-7,-8],[-16,-3]],[[6372,8147],[-5,-1],[0,7],[5,-2],[0,-4]],[[6396,8168],[4,-4],[-8,-3],[-1,11],[-4,-1],[0,3],[-7,-1],[-1,7],[9,0],[1,-8],[5,0],[2,-4]],[[6400,8191],[-6,-3],[-1,8],[6,2],[1,-7]],[[6378,8192],[4,0],[3,5],[3,-6],[-8,-3],[-2,4]],[[6346,8364],[-3,11],[4,1],[0,-11],[-1,-1]],[[6360,8396],[1,-1]],[[6361,8395],[2,0]],[[6363,8395],[0,-3],[10,1],[-3,-7],[3,-1],[1,-7],[-3,-4],[-5,-1],[-11,6],[2,17],[3,0]],[[6363,8395],[-2,0]],[[6361,8395],[-1,1]],[[6360,8396],[3,-1]],[[6354,8412],[5,-4]],[[6359,8408],[-5,4]],[[6334,8417],[8,2],[-1,-12],[-7,3],[0,7]],[[6352,8430],[1,0]],[[6353,8430],[2,4],[9,2],[-4,-12],[-5,-1],[-3,7]],[[6353,8430],[-1,0]],[[6352,8430],[1,0]],[[6333,8491],[7,-1],[0,-6],[-5,-2],[-5,7],[3,2]],[[6337,8562],[-8,2],[1,5],[5,1],[2,-8]],[[6341,8584],[-4,0],[-3,7],[7,2],[0,-9]],[[6306,8695],[-3,-7],[-5,-2],[0,8],[8,1]],[[6313,8699],[-7,-4]],[[6306,8695],[7,4]],[[6293,8720],[0,-1]],[[6293,8719],[0,1]],[[6272,8946],[-3,4]],[[6269,8950],[3,-4]],[[6293,8990],[1,7],[11,5],[0,-14],[-12,2]],[[6281,9003],[-10,-2],[-7,-11]],[[6264,8990],[-7,-3],[-3,-17],[-5,-2],[-7,-8]],[[6242,8960],[-3,-3]],[[6239,8957],[-1,-1]],[[6238,8956],[-1,-1]],[[6237,8955],[-1,-2]],[[6236,8953],[-6,4]],[[6230,8957],[-4,1]],[[6226,8958],[5,0],[4,4],[6,3],[4,13],[4,1],[2,8],[7,2],[4,8],[6,0],[-1,6],[16,9],[4,6],[11,2],[5,6],[5,1],[12,-1],[0,3],[8,1],[4,3],[1,-7],[-11,-1],[-12,-9],[-12,-2],[-10,-3],[0,-3],[-7,-5]],[[6261,9051],[8,-2],[2,-8],[-5,-3],[-5,6],[0,7]],[[7223,1543],[4,-2]],[[7227,1541],[-4,2]],[[7210,1590],[1,4],[6,1],[1,-9],[-5,-2],[-3,6]],[[7241,1692],[-5,-1]],[[7236,1691],[4,1]],[[7240,1692],[1,0]],[[7217,1690],[2,11],[5,-4],[-7,-7]],[[7241,1692],[-1,0]],[[7240,1692],[7,10],[3,-11],[-2,-3],[-7,4]],[[7226,1743],[5,1]],[[7231,1744],[2,-1]],[[7233,1743],[-7,0]],[[7233,1743],[-2,1]],[[7231,1744],[2,-1]],[[7239,1890],[-5,-5],[-1,10],[6,-5]],[[7232,1923],[-6,-2],[-3,4],[-12,-1],[0,5],[6,-1],[11,3],[4,-8]],[[7227,1943],[1,-1]],[[7228,1942],[-1,1]],[[7228,1942],[-1,1]],[[7227,1943],[1,-1]],[[7060,2969],[0,-10]],[[7060,2959],[0,10]],[[6422,7762],[4,-10],[7,-3],[7,-6],[8,-2],[7,1],[3,-2],[11,1],[8,-2],[0,5],[8,-1],[2,15],[4,-4],[7,2],[0,3],[-7,4]],[[6491,7763],[2,2],[7,1],[11,4],[3,0]],[[6514,7770],[-13,-4],[3,-8]],[[6504,7758],[-5,-8],[1,-10],[14,-4],[10,3],[11,-2],[13,2],[8,0],[17,9],[6,-1],[10,5],[5,1],[4,7],[7,4],[9,-2],[11,2],[-2,8],[10,13],[4,1]],[[6637,7786],[4,6]],[[6641,7792],[3,-8],[-1,-12],[7,0],[7,6],[1,-3],[-7,-7],[2,-5],[-9,-2],[7,-9],[8,-1]],[[6659,7751],[-2,-2]],[[6657,7749],[-6,0],[-3,5],[-9,-7],[-3,-3],[-6,-1],[1,-5],[-10,-1],[-4,5],[-11,-3],[-5,-7],[-4,-3],[-8,-1],[-5,-4],[-1,-5],[-5,-3],[-22,-4],[-7,-3],[-9,-1],[-4,-7],[-10,-3],[-2,-2],[-8,1],[-1,8],[-9,2],[-16,-4],[-5,8],[0,5],[-6,-1],[-3,-2],[-5,2],[-12,-2],[0,-3],[-8,-1],[-3,3],[-12,-2],[-12,-4],[-2,-5],[-5,5],[-13,-3],[-2,-4],[-14,-5],[5,-2],[0,-6]],[[6393,7686],[-5,5],[-3,-6],[-15,-4],[-4,-5],[-8,0],[0,-4],[-8,0],[-10,-9],[-8,-2],[-4,3],[-5,-1],[-2,4],[0,9],[-8,3]],[[6313,7679],[7,5]],[[6320,7684],[1,-3],[7,3],[0,-8],[12,-1],[4,8],[-3,3],[3,5],[6,-8],[16,3],[9,4],[1,11],[4,0],[4,9]],[[6384,7710],[14,1],[12,12],[-8,0],[-5,8],[-3,0]],[[6394,7731],[-5,4],[-1,17],[-11,0],[3,6],[10,0],[3,4],[10,-6],[8,-4],[4,1],[1,8],[6,1]],[[6392,7756],[1,-3],[7,-1],[-2,7],[-6,-3]],[[6401,7730],[12,1],[3,9],[-5,3],[-6,-2],[-4,-11]],[[6591,7747],[-8,-4],[-10,-1],[2,-3],[11,1],[3,-2],[10,2],[3,3],[7,1],[7,3],[1,9],[6,-1],[0,6],[-8,-1],[-10,1],[-14,-14]],[[6550,7731],[0,-5],[6,-1],[-1,8],[-5,-2]],[[6580,7725],[4,1],[3,5],[-2,6],[-5,-1],[-10,-6],[4,-4],[6,-1]],[[6522,7714],[1,5],[-3,4],[-7,-1],[-1,-6],[10,-2]],[[6518,7712],[4,0]],[[6522,7712],[0,2]],[[6522,7714],[-4,-2]],[[6522,7712],[-1,-9],[13,4],[-1,11],[-5,-4],[-6,-2]],[[6462,7759],[7,2]],[[6469,7761],[1,-12],[-7,-1],[-1,11]],[[6488,7766],[3,-3]],[[6491,7763],[-3,3]],[[6488,7766],[-6,-1],[-1,-4],[-12,0]],[[6469,7761],[7,10],[5,-5],[7,0]],[[6433,7806],[-7,2],[-5,-1],[-2,6],[14,-4],[2,-4],[8,0],[4,-3],[5,1],[2,13],[5,1],[0,-8],[-1,-12],[14,2],[2,3],[14,1],[4,-10],[-6,1],[2,6],[-14,-2],[-2,-16],[-5,13],[-11,0],[-4,-5],[-2,8],[-7,0],[-10,8]],[[6467,7849],[0,-9],[-4,3],[4,6]],[[6455,7889],[-1,-5],[1,-6],[-5,-2],[-6,2],[0,10],[11,1]],[[6492,7918],[-11,1],[0,8],[16,-2],[0,-7],[-5,0]],[[6432,7927],[3,2],[3,-8],[-6,-1],[0,7]],[[6457,7939],[5,1],[0,-7],[-5,-1],[0,7]],[[6456,7953],[-1,5],[11,-1],[0,-8],[-9,2],[-1,2]],[[6430,7965],[-5,9],[13,2],[-2,-12],[-6,1]],[[6474,7973],[0,-5],[6,-1],[0,-4],[-8,-2],[-4,2],[0,11],[4,23],[3,1],[1,-8],[-2,-12],[0,-5]],[[6436,7997],[-5,-4],[-2,7],[7,0],[0,-3]],[[6432,8021],[-1,3]],[[6431,8024],[0,1]],[[6431,8025],[3,-2],[3,-9],[5,-2]],[[6442,8012],[-2,-6],[-5,5],[-11,3],[8,7]],[[6462,8021],[-10,0],[1,7],[7,-1],[2,-6]],[[6431,8025],[0,-1]],[[6431,8024],[1,-3]],[[6432,8021],[-1,4]],[[6425,8056],[8,0],[-1,-6],[-7,6]],[[6430,8190],[5,5],[1,-6],[-6,1]],[[6420,8229],[-10,-1],[-6,-9],[0,-6],[-10,0],[2,6],[8,3],[9,11],[9,1],[-2,-5]],[[6449,8262],[-6,0]],[[6443,8262],[6,0]],[[6423,8325],[4,-4],[-4,-4],[-5,-1],[1,13],[4,-4]],[[6384,8319],[-3,2],[0,13],[8,-1],[0,-13],[-5,-1]],[[6425,8367],[-1,5],[1,7],[4,-4],[-4,-8]],[[6419,8402],[0,-1]],[[6419,8401],[1,-13],[-2,-5],[-3,0],[-4,-5],[-2,19],[9,1],[1,4]],[[6393,8382],[-4,5],[1,8],[7,1],[5,-1],[-1,-14],[-8,1]],[[6425,8401],[-6,0]],[[6419,8401],[0,1]],[[6419,8402],[6,-1]],[[6378,8412],[-6,-2],[-3,6],[3,3],[0,5],[5,2],[7,-5],[3,-5],[-7,-1],[-2,-3]],[[6373,8430],[5,3],[10,1],[-1,-3],[-14,-1]],[[6395,8601],[-2,-6],[-6,2],[-1,7],[3,5],[6,-8]],[[6378,8604],[-11,1],[-2,8],[15,-1],[-2,-8]],[[6370,8638],[-4,0],[1,8],[6,-9],[0,-9],[-3,0],[0,10]],[[6441,8708],[-2,-8],[-4,7],[-1,6],[-8,-9],[-12,3],[-5,5],[-5,-1],[-6,9],[-14,5],[-3,5],[5,3],[0,8]],[[6386,8741],[-1,4],[-10,-1],[4,-10],[-4,-4],[-6,10],[-9,-3],[-5,-9],[-5,-4],[-2,-7],[-8,-3],[0,-3],[-9,-3],[-1,-3],[-5,-3],[-7,0],[-2,6],[10,2],[0,12],[-5,-1],[0,7],[-14,-1],[-1,-6],[-9,0],[-4,-2]],[[6293,8719],[0,1]],[[6293,8720],[-3,2],[-13,2],[-2,2],[3,9],[6,6],[6,0],[6,12],[6,1],[3,5],[6,3],[-1,7],[5,4],[15,1],[-1,8],[6,6],[-3,11]],[[6332,8799],[4,1],[1,-7],[9,5],[-6,6],[4,5],[10,2],[1,-8],[-5,-12],[-8,-3],[-6,-6],[-2,-7],[-5,-7],[-10,-2],[-3,-3],[-6,-9],[-3,-1],[-9,-11],[-4,-10],[4,-2],[4,3],[11,4],[1,2],[-1,11],[8,-6],[-3,-4],[1,-6],[8,-4],[5,1],[3,5],[5,4],[9,4],[8,0],[1,7],[-5,6],[3,5],[4,-2],[13,2],[9,3],[5,8],[11,3],[2,-7],[17,1],[12,-9],[5,1],[8,4],[-2,7],[18,2],[-1,9],[5,-1],[0,-11],[7,2],[2,-3],[0,-8],[-2,-10],[-5,4],[-16,-4],[3,-14],[-2,-6],[0,-9],[-4,0],[-4,-16]],[[6390,8762],[-2,4],[-6,-2],[-6,-9],[-5,0],[1,-9],[11,2],[0,4],[7,10]],[[6407,8765],[-5,-1],[-1,-5],[2,-15],[-2,-7],[1,-9],[18,4],[6,14],[-5,5],[-4,11],[-10,3]],[[6429,8735],[-5,-5],[7,-2],[2,6],[-4,1]],[[6420,8727],[-1,-6]],[[6419,8721],[1,0]],[[6420,8721],[1,1]],[[6421,8722],[-1,5]],[[6336,8846],[7,2],[8,-1],[1,8],[8,-2],[3,-17],[-7,-1],[-4,4],[-6,-4],[-3,-10],[-8,-4],[-7,-5],[-5,2],[1,-7],[-6,1],[-2,4],[-9,1],[11,11],[0,4],[8,1],[5,-2],[0,7],[5,8]],[[6339,8830],[4,-1],[1,8],[-8,2],[3,-9]],[[6326,8982],[1,-3],[-10,-3],[0,-3],[-8,-1],[-1,-5]],[[6308,8967],[-2,5],[7,3],[4,5],[8,0],[1,2]],[[6335,8979],[1,-1]],[[6336,8978],[-10,4]],[[6326,8982],[8,2],[1,-5]],[[6346,8991],[-4,-4],[-5,-1],[2,12],[0,6],[8,3],[-2,-7],[1,-9]],[[6320,9009],[1,-8],[-8,0],[7,8]],[[6333,9052],[-4,-9],[-6,2]],[[6323,9045],[7,1],[3,6]],[[6339,9052],[-6,0]],[[6333,9052],[5,3]],[[6338,9055],[1,-3]],[[6364,9066],[1,-1]],[[6365,9065],[-10,-3],[0,10],[9,-6]],[[6337,9076],[2,-6],[-5,-2],[-2,7],[5,1]],[[6307,9071],[2,7],[9,-9],[-9,-1],[-2,3]],[[6357,9095],[-1,-5]],[[6356,9090],[1,5]],[[6311,9083],[-4,5],[7,6],[-3,-11]],[[6339,9092],[-5,1],[1,7],[11,-2],[-1,-6],[-6,0]],[[6321,9139],[3,3]],[[6324,9142],[-3,-3]],[[6324,9142],[5,3]],[[6329,9145],[-5,-3]],[[6329,9145],[5,1]],[[6334,9146],[-5,-1]],[[7249,1811],[-2,-5],[1,-8],[15,4],[5,-5],[2,-9],[6,-3],[0,-12],[-5,-2],[-4,15],[-1,9],[-7,0],[-6,3],[-6,-4],[-2,17],[4,0]],[[7266,1904],[-9,1],[1,6],[6,6],[2,-13]],[[7256,1912],[-3,-4],[-4,4],[-3,9],[7,1],[3,-10]],[[7295,1929],[0,-5],[-7,-2],[-1,10],[6,10],[3,-5],[-1,-8]],[[7259,1928],[10,4],[1,-6],[-11,2]],[[7234,1952],[-4,0]],[[7230,1952],[1,2]],[[7231,1954],[3,-2]],[[7231,1954],[-1,-2]],[[7230,1952],[1,2]],[[7249,2007],[1,0]],[[7250,2007],[-2,-3]],[[7248,2004],[1,3]],[[7242,2006],[6,-2]],[[7248,2004],[-6,2]],[[7250,2007],[-1,0]],[[7249,2007],[-2,5]],[[7247,2012],[3,-5]],[[7247,2012],[-4,8],[7,-1],[3,5],[-8,3],[0,5],[12,2],[-6,6]],[[7251,2040],[7,-3],[-4,-12],[0,-7],[-6,-1],[-1,-5]],[[7251,2040],[0,5],[6,1]],[[7257,2046],[-6,-6]],[[7257,2046],[7,8],[-1,3],[8,3],[-1,11],[7,5],[-9,5]],[[7268,2081],[5,-2],[4,0],[1,-4],[-7,-5],[2,-10],[-8,-5],[-1,-5],[-7,-4]],[[7268,2081],[-1,4],[8,9],[5,0]],[[7280,2094],[-7,-4],[-5,-9]],[[7125,3031],[1,1]],[[7126,3032],[-1,-1]],[[7126,3032],[-1,-1]],[[7125,3031],[1,1]],[[7018,4045],[-6,2],[-5,-1],[-1,-5]],[[7006,4041],[8,1]],[[7014,4042],[-20,-5],[1,-22]],[[6995,4015],[-3,9],[-4,7],[2,6],[-3,3],[-1,8],[6,2],[7,-7],[8,6],[6,1],[5,-5]],[[7018,4045],[4,-1],[0,-7],[-6,-3],[-2,8]],[[7014,4042],[4,3]],[[6572,7703],[4,1],[2,-7],[-7,-1],[1,7]],[[6554,7743],[-5,-2],[1,11],[4,1],[0,-10]],[[6524,7749],[-7,4],[0,5],[10,-1],[1,-6],[-4,-2]],[[6577,7790],[-1,-6],[-4,-1],[-5,4],[10,3]],[[6540,7790],[0,-5],[-6,-1],[-8,5],[5,6],[7,3],[2,-8]],[[6520,7791],[2,1]],[[6522,7792],[-2,-1]],[[6522,7792],[-2,-1]],[[6520,7791],[2,1]],[[6560,7801],[5,1],[0,-8],[-5,-1],[-5,6],[-2,12],[-6,0],[-2,5],[6,1],[3,-7],[5,0],[2,-3],[-1,-6]],[[6519,7809],[1,9],[8,0],[0,-3],[-9,-6]],[[6576,7864],[-8,-10],[-3,8],[11,2]],[[6550,7872],[-11,-2],[2,6],[9,-4]],[[6508,7900],[0,6],[7,-1],[0,-4],[-7,-1]],[[6562,7915],[-2,-5]],[[6560,7910],[-8,-2],[-1,10],[6,0],[5,-3]],[[6548,7933],[1,-8],[-4,-2],[-2,10],[5,0]],[[6523,7983],[0,-4],[-6,-2],[5,-5],[-5,-6],[-3,5],[-2,12],[-2,3],[0,8],[13,-5],[0,-6]],[[6493,7995],[2,-9],[3,-2],[-1,-12],[-5,10],[1,13]],[[6528,8007],[6,1],[1,-5],[-7,-1],[0,5]],[[6489,8007],[4,-3],[0,-9]],[[6493,7995],[-4,12]],[[6489,8007],[-7,-3],[-4,6],[7,1],[4,-4]],[[6522,8047],[1,6],[7,-1],[-1,-6],[-7,1]],[[6488,8230],[-5,7],[10,3],[0,-6],[-5,-4]],[[6500,8262],[3,0],[3,8]],[[6506,8270],[-2,-9],[-4,1]],[[6500,8262],[-2,2],[-11,-2],[-1,4]],[[6486,8266],[2,-3],[10,2],[2,-3]],[[6513,8312],[-5,1],[1,11],[7,-1],[1,-9],[-4,-2]],[[6497,8384],[-7,3],[0,5],[9,-4],[-2,-4]],[[6459,8401],[1,-1]],[[6460,8400],[-3,-1],[-6,-10],[-7,8],[2,2],[7,0],[6,2]],[[6485,8397],[-1,8],[5,3],[2,-4],[-6,-7]],[[6462,8409],[-2,-9]],[[6460,8400],[-1,1]],[[6459,8401],[3,8]],[[6432,8525],[-9,5],[6,4],[3,-9]],[[6427,8573],[-2,4]],[[6425,8577],[2,-4]],[[6476,8584],[4,6],[5,1],[-2,-10],[-4,-1],[-3,4]],[[6472,8668],[-6,0],[-6,-2],[3,8],[9,-6]],[[6409,8668],[2,4],[6,1],[2,-4],[4,0],[5,-3],[0,-6],[-9,-3],[-1,11],[-9,0]],[[6438,8680],[7,1],[0,-8],[-11,-1],[0,7],[4,1]],[[6431,8687],[-4,2],[-6,-2],[-2,8],[3,2],[9,-1],[0,-9]],[[6441,8708],[4,2]],[[6445,8710],[-4,-2]],[[6421,8722],[-1,-1]],[[6420,8721],[-1,0]],[[6419,8721],[2,1]],[[6375,8807],[2,5],[15,0],[5,-2],[0,11],[9,0],[5,2],[10,6],[6,10],[3,1],[2,-7],[-6,-5],[-3,-10],[-7,-7],[-3,-6],[6,-5],[-4,-4],[-10,-2],[-7,2],[-2,12],[-9,-4],[-7,-7],[-3,0],[-4,-10],[-4,-1],[-3,4],[-6,0],[0,13],[8,2],[3,-9],[3,1],[1,10]],[[6433,8824],[3,-1],[1,-8],[-3,0]],[[6434,8815],[-1,9]],[[6436,8828],[-3,-4]],[[6433,8824],[3,4]],[[6436,8828],[5,8],[0,7],[4,-2],[-6,-13],[-3,0]],[[6401,9043],[5,2],[3,-7],[-4,-2],[-4,7]],[[6365,9065],[-1,1]],[[6364,9066],[4,7],[4,4],[1,-8],[-8,-4]],[[6418,9093],[-6,0],[1,10],[7,-7],[-2,-3]],[[6400,9126],[4,-3]],[[6404,9123],[1,-1]],[[6405,9122],[-7,-3],[1,-6],[7,-3]],[[6406,9110],[0,-1]],[[6406,9109],[-2,-8],[-5,-7],[-5,-5],[-8,-2],[-3,3],[-6,0],[-14,-2],[-4,-9],[-5,-1],[-7,-8],[-1,-10],[-8,-5]],[[6338,9055],[2,8],[4,1],[0,11],[4,5],[11,1],[-3,9]],[[6356,9090],[7,-1],[10,4]],[[6373,9093],[3,3],[9,-2],[12,3],[-2,12],[-8,13],[0,6],[5,4],[2,-6],[6,0]],[[6406,9109],[0,1]],[[6406,9110],[0,-1]],[[6376,9148],[-7,-4],[-4,3],[0,10],[4,0],[7,-9]],[[6397,9156],[-8,-3],[1,-5],[-6,-1],[1,8],[9,4],[3,-3]],[[6375,9156],[-2,10],[4,-2],[-2,-8]],[[6349,9161],[15,6]],[[6364,9167],[-3,-5],[-9,-5],[-3,4]],[[6388,9176],[1,-5]],[[6389,9171],[-1,5]],[[6392,9181],[-4,-5]],[[6388,9176],[4,5]],[[6383,9193],[-2,-2],[2,-10]],[[6383,9181],[-4,2],[-9,-1],[-6,-15]],[[6364,9167],[0,10],[8,11],[7,1],[1,3],[3,1]],[[6406,9198],[-4,1],[7,12],[3,-3],[-6,-10]],[[6410,9234],[-1,-3]],[[6409,9231],[-6,-2]],[[6403,9229],[-2,-3],[-3,-9],[-7,-10],[-1,3],[10,22],[10,2]],[[7362,1971],[4,10],[0,6],[5,-1],[-9,-15]],[[7356,1979],[2,3]],[[7358,1982],[-2,-3]],[[7358,1982],[-2,-3]],[[7356,1979],[-3,8]],[[7353,1987],[5,-5]],[[7280,2094],[8,0]],[[7288,2094],[-8,0]],[[6952,5098],[2,-8],[-4,-11],[7,-3],[5,-9],[7,-8],[5,4],[3,-5],[1,-6],[4,-1],[3,-6],[4,1],[5,-4],[-3,-4]],[[6991,5038],[-1,0]],[[6990,5038],[-6,2],[-1,6],[-8,2],[-5,6],[-5,0],[1,6],[-7,2],[-2,4],[-5,-3],[-2,8],[-7,1],[9,22],[0,4]],[[6962,5087],[4,-5],[1,-7],[5,1],[1,-6],[-6,-4],[-4,7],[-4,3],[0,7],[3,4]],[[6941,5109],[5,-7],[6,-4]],[[6952,5098],[-7,0],[-4,11]],[[6606,7777],[12,9]],[[6618,7786],[-2,-8],[1,-6],[-7,0],[-4,5]],[[6647,7794],[-6,-2]],[[6641,7792],[6,2]],[[6656,7800],[-3,-4],[-6,-2]],[[6647,7794],[-1,4],[10,2]],[[6618,7786],[8,14],[7,3],[2,-12],[-14,-2],[-3,-3]],[[6579,7818],[-1,0]],[[6578,7818],[3,0]],[[6581,7818],[-2,0]],[[6578,7818],[1,0]],[[6579,7818],[2,0]],[[6581,7818],[5,6],[4,12],[4,-4],[-6,-11],[-4,-1],[0,-6],[-6,4]],[[6633,7834],[3,10],[6,-8],[-9,-2]],[[6619,7853],[1,1]],[[6620,7854],[1,-3]],[[6621,7851],[-2,2]],[[6621,7851],[-1,3]],[[6620,7854],[0,3]],[[6620,7857],[1,-6]],[[6619,7853],[1,4]],[[6620,7857],[-1,-4]],[[6604,7874],[-9,-2],[1,-6],[-6,-1],[1,7],[6,3],[7,-1]],[[6624,7879],[-2,2]],[[6622,7881],[3,-1]],[[6625,7880],[-1,-1]],[[6622,7881],[2,-2]],[[6624,7879],[1,1]],[[6625,7880],[-3,1]],[[6574,7882],[2,-1]],[[6576,7881],[-2,1]],[[6576,7881],[-2,1]],[[6574,7882],[2,-1]],[[6597,7898],[-3,-1],[-9,6],[-3,5]],[[6582,7908],[14,1],[-3,-5],[4,-6]],[[6562,7915],[-2,-5]],[[6560,7910],[2,5]],[[6577,7972],[10,2]],[[6587,7974],[-10,-2]],[[6560,7967],[-7,0],[-2,8],[4,1],[6,-5],[-1,-4]],[[6587,7974],[-9,8],[7,0],[2,-8]],[[6559,8019],[2,14],[4,1],[1,-8],[-1,-7],[-6,0]],[[6606,8147],[1,1]],[[6607,8148],[2,-10],[-15,-2],[-1,5],[-9,-3],[-1,10],[6,4],[8,0],[5,-8],[4,3]],[[6607,8148],[-1,-1]],[[6606,8147],[1,1]],[[6576,8185],[-3,-1],[-2,10],[5,-3],[0,-6]],[[6603,8230],[-10,0]],[[6593,8230],[8,2],[2,-2]],[[6534,8230],[4,5],[-6,1],[-3,12],[5,0],[5,-8],[3,0],[1,-9],[-6,-3],[-3,2]],[[6573,8289],[2,-6],[-4,-1],[-5,13],[4,0],[3,-6]],[[6582,8314],[-6,2]],[[6576,8316],[6,4],[6,-2],[2,-11],[-4,2],[-4,5]],[[6561,8322],[-5,-1],[1,10],[5,1],[-1,-10]],[[6523,8369],[7,1],[-3,-8],[-4,7]],[[6509,8407],[1,-5],[-5,-3],[0,7],[4,1]],[[6561,8497],[6,3],[-1,-9],[-4,2],[-1,4]],[[6500,8577],[4,8],[3,-2],[-1,-7],[-6,1]],[[6536,8621],[-10,-2],[-4,-4],[-7,-1],[-3,10],[16,3],[1,-6],[7,0]],[[6502,8648],[2,0]],[[6504,8648],[-2,0]],[[6535,8706],[-1,-11],[9,0]],[[6543,8695],[2,3],[10,-6],[9,0]],[[6564,8692],[8,-2]],[[6572,8690],[-2,6],[2,5],[10,0],[1,5]],[[6583,8706],[2,6],[-9,7]],[[6576,8719],[-1,2]],[[6575,8721],[2,3]],[[6577,8724],[13,-2],[12,2],[-1,-4]],[[6601,8720],[4,-2],[5,2],[-4,7],[-1,9],[-2,3],[5,8],[2,-3],[-1,-8],[10,0],[1,-4],[13,-6],[2,4],[25,10]],[[6660,8740],[8,3],[13,2],[-4,-7],[-17,-2],[-4,-5],[-2,-7],[6,-1],[8,1],[4,-1],[-1,-9],[-7,0],[-17,3],[-2,3],[-10,-3]],[[6635,8717],[-2,-1]],[[6633,8716],[-18,-4],[-3,-4],[-1,-8],[-8,-3],[-2,-5],[-8,-5],[-5,1],[-1,-7],[-4,2],[-3,-4],[-5,6],[-10,0],[-4,-3],[-1,-7],[-3,-2],[-1,-8],[3,-11],[-1,-16],[-7,0],[-1,-8],[-6,0],[1,16],[9,1],[0,12],[-7,-1],[-1,9],[-21,-4],[-9,-2],[0,-12],[-7,-2],[-5,1]],[[6504,8648],[-2,0]],[[6502,8648],[-4,-2],[-15,-2],[-3,2],[-1,6],[2,10],[13,-2],[1,4],[6,1],[4,6],[5,-3],[12,3],[1,5],[13,2],[3,-3],[4,1],[10,-5],[-1,5],[5,2],[0,4],[-13,-2],[-5,-3],[-1,9],[-10,10],[-2,8],[-4,0],[-7,5],[1,9],[-8,-5],[-9,3],[-8,6],[-14,-1],[-2,2],[-14,-2],[-1,5],[6,5],[10,0],[1,2]],[[6477,8733],[2,6],[7,2]],[[6486,8741],[-2,4]],[[6484,8745],[5,-3],[10,0],[-6,-6],[-3,2],[-5,-4],[2,-6]],[[6487,8728],[9,0],[1,4],[9,1],[4,-1],[10,2],[2,-4],[4,1],[4,-7],[5,1],[5,-6],[-7,-1],[-2,-11],[4,-1]],[[6542,8693],[1,2]],[[6543,8695],[-1,-2]],[[6591,8695],[-7,0],[1,-6],[6,6]],[[6543,8783],[6,1],[-2,-8],[-8,1],[-2,-10],[4,-5],[0,-6],[-4,-1],[-1,-10],[-8,0],[-5,3],[-6,-2],[-7,0],[-6,3],[0,7],[-6,3],[-2,9],[8,0],[5,-9],[7,1],[11,0],[2,3],[-4,11],[-9,7],[-13,-3],[-1,6],[7,1],[10,-1],[6,2],[8,-5],[10,2]],[[6490,8774],[-2,5],[7,1],[-1,-6],[-4,0]],[[6503,8816],[-2,5],[7,3],[5,-7],[-4,-7],[3,-7],[-7,-7],[-2,8],[2,2],[0,7],[-2,3]],[[6473,8843],[-1,5],[6,3],[-2,-12],[-3,4]],[[6502,8867],[-2,-4]],[[6500,8863],[2,4]],[[6482,8867],[2,6],[6,3],[0,-8],[-8,-1]],[[6516,9084],[-1,-1]],[[6515,9083],[-3,3],[-6,-4],[-7,-1],[-15,-7],[-6,-4],[-1,-4],[-17,-3],[-8,2],[-2,-6],[6,-8],[-4,-4],[-1,-7]],[[6451,9040],[2,-4],[-6,-6],[-5,0],[-1,-8],[-5,-7],[-6,-1],[-6,-14],[-5,-3],[-8,0],[-5,-9],[-18,1],[1,-4]],[[6389,8985],[11,-11],[2,-4],[-4,-3],[0,-12],[21,4],[8,-5],[-1,6],[-5,1],[-4,5],[-6,-2],[-5,3],[1,6],[9,5],[4,-4],[-2,-4],[13,-5],[9,2],[4,-4],[5,5],[-7,1],[-1,5],[7,2],[6,-5],[8,2],[6,-5]],[[6468,8968],[8,0],[5,-7],[5,5],[6,1],[4,6],[3,-5],[7,0],[2,2],[22,1],[5,4],[0,-7],[5,-14],[-9,1],[-2,6],[-10,1],[-1,3],[-24,-4],[5,-5],[2,-6],[7,3],[10,1],[4,3],[5,-2],[1,-5],[8,2],[4,-5],[5,1],[3,-7]],[[6548,8941],[6,3],[-1,11],[-3,1],[-5,6],[-2,10],[12,1],[-4,-6],[1,-5],[10,-2],[4,-6],[3,5],[7,1],[-1,-11],[7,1],[5,-2],[5,2],[-2,5],[12,1],[2,-8],[-11,0],[3,-8]],[[6596,8940],[9,2],[4,-6],[4,8],[-2,10],[5,8],[8,0],[14,-8],[-6,-5],[0,-3],[-8,-1],[-1,-3],[-9,0],[1,-13],[4,-3]],[[6619,8926],[3,-7],[13,4],[0,9],[7,4],[3,11],[6,0],[5,-5],[-1,-11]],[[6655,8931],[-1,-4],[-7,-1],[0,-8],[4,-3],[1,6],[4,0],[1,-8],[5,-4]],[[6662,8909],[7,-4],[0,-3],[11,0],[1,-2],[9,1],[3,4],[10,-10],[7,-10],[11,2],[2,5],[9,1],[3,6],[4,-1],[1,-11],[8,4],[4,-8],[12,0],[0,7],[6,1],[5,-7]],[[6775,8884],[-3,-3],[-15,-6],[-10,1],[-7,7],[-13,-7],[-2,4],[-14,-1],[-6,3],[-3,7],[-7,5],[-8,-1],[-6,4],[-7,-1],[-3,2],[-7,-1],[-6,1],[-4,-5],[2,-7],[9,0],[3,-7],[11,4],[5,4],[10,-7],[5,-5],[-11,0],[3,-9],[5,1],[7,-6],[2,-14],[5,-2]],[[6710,8845],[7,-13],[-13,7],[-4,13],[1,6],[-6,4],[-6,1],[0,5],[-8,1],[-2,9],[-4,-2],[-3,-7],[-5,-1],[1,-7],[-4,-3],[0,-4],[7,-3],[1,-5],[5,0],[5,-5],[-5,-4],[-4,4]],[[6673,8841],[-5,2],[-1,8],[-10,-7],[-5,4],[-14,-2],[7,-6],[5,0],[0,-12],[3,-3],[3,12],[4,2],[7,-7],[1,-6],[10,-6],[8,1],[1,4],[6,2],[7,0],[1,3]],[[6701,8830],[6,1]],[[6707,8831],[3,-5],[7,1],[1,3],[16,1],[-1,-6],[2,-15],[-2,-3],[6,-3],[1,-3],[7,-5],[10,-3],[11,-1],[6,-7],[4,1],[10,-5],[0,-4],[12,-1],[8,-10],[4,1],[4,-6],[8,1],[2,-5],[6,0],[5,6],[1,13],[8,-8],[-2,-4],[0,-9],[3,-3],[0,-9],[4,0],[3,-7],[7,2],[3,-7],[9,2],[1,-8],[7,-7],[1,-8],[5,1],[2,5],[12,0],[7,13],[-10,8],[-9,10],[0,2]],[[6889,8749],[-8,7],[-4,0],[-6,6],[10,0],[6,-1],[1,7],[6,-2],[-3,-7],[4,-6]],[[6895,8753],[5,-8],[6,1],[4,-6],[2,-23],[10,-6],[3,-5],[-4,-6],[5,-2],[4,-6],[1,-4],[4,-4]],[[6935,8684],[-6,5],[-6,-6],[6,-4]],[[6929,8679],[-1,-3]],[[6928,8676],[-6,1],[-6,6],[-1,4],[-4,3],[-1,-8],[-8,2],[-2,-3],[-13,0],[-3,3],[-7,-2],[3,7],[5,-2],[6,2],[1,7],[-6,9],[-4,0],[-2,9],[-5,-2],[-3,10],[-10,0],[1,-5],[-5,-5],[1,-4],[-8,0]],[[6851,8708],[-6,10]],[[6845,8718],[-1,1]],[[6844,8719],[-2,-2]],[[6842,8717],[-4,3],[-3,-13],[-4,-1],[-1,8],[-4,2],[-8,10],[-5,1],[-17,-3],[-6,1],[-5,-5],[-11,0],[3,4]],[[6777,8724],[5,5],[17,1],[11,8],[2,8]],[[6812,8746],[4,1],[4,-9],[11,-5],[3,0],[0,11]],[[6834,8744],[-1,8],[-7,-4]],[[6826,8748],[-5,1],[1,9],[-8,-4],[-2,1],[-8,-2],[-3,5],[4,4],[-4,4],[-11,1],[-5,4],[-9,-3],[-3,8],[-7,3],[0,-11],[9,-8],[0,-7],[-6,-2],[-4,2],[-1,5],[-6,3],[-9,-2],[-9,5]],[[6740,8764],[1,2]],[[6741,8766],[1,1]],[[6742,8767],[-1,2]],[[6741,8769],[-4,3]],[[6737,8772],[0,-8]],[[6737,8764],[-7,10],[5,9],[-8,11],[-6,-2],[-3,2],[-8,0],[-5,-5]],[[6705,8789],[-11,10],[-10,-3],[1,-6],[-12,-3],[-2,10],[1,9],[8,0],[-1,5],[-7,3],[-1,-13],[-5,1],[-9,-3],[-3,5],[-9,1],[-7,6],[-3,7],[-12,-3],[-1,-4]],[[6622,8811],[-3,-5],[-4,5],[-12,6],[0,-4],[-3,-6],[-3,1],[-1,8],[-5,5],[-18,8],[0,5]],[[6573,8834],[6,1],[0,-5],[7,-5],[11,0],[5,5]],[[6602,8830],[5,-3],[0,-6],[8,-10],[5,7],[-8,8],[3,8]],[[6615,8834],[-1,4],[-6,5],[0,6],[-7,-2],[-5,10],[-7,-12],[-3,7],[-7,1],[-3,-3],[-4,3]],[[6572,8853],[-1,2]],[[6571,8855],[-1,1]],[[6570,8856],[0,1]],[[6570,8857],[2,1]],[[6572,8858],[1,-1]],[[6573,8857],[13,-2],[4,4],[12,1],[-5,11],[-7,2],[-5,-4]],[[6585,8869],[-3,2],[-3,13]],[[6579,8884],[0,11],[-5,2],[-3,10],[-8,2],[-5,7],[3,-27],[6,-2],[0,-8],[-6,-1],[0,6],[-5,-1],[0,14],[1,7],[-3,4],[-8,-1],[-2,10],[-6,0],[-7,-3],[-3,-7],[-6,-2],[-9,2],[-4,5],[-6,3],[-8,-4],[5,-7],[5,-5]],[[6505,8899],[3,-4],[6,-3],[6,1],[7,-2],[5,5],[10,2],[3,-2],[-1,-8],[1,-6]],[[6545,8882],[-1,0]],[[6544,8882],[-2,6],[-13,-1],[-5,-8],[-17,-2],[-10,1],[-3,8],[-9,-4],[-2,-6],[-4,-4],[-2,-6],[-9,-2],[-4,-6],[-8,-4],[-2,-7],[-7,-1],[-2,3],[-11,-2],[-6,2],[-8,-2],[-6,8],[-1,4],[8,1],[4,4],[5,0],[2,4],[15,-2],[10,7],[0,5],[-9,-3],[-1,5]],[[6447,8880],[-7,2],[-6,5],[-13,3],[-8,-10],[1,-8],[-12,-1],[-4,-1],[-3,-7],[-8,-2],[-2,-6],[-8,-1],[2,-7],[-6,-1],[-5,-4],[0,-6],[-4,-1],[-3,23],[8,1],[0,8],[2,9],[8,-1],[1,9],[6,3],[-4,4],[-3,8],[-6,-1],[-1,-7],[-8,-6],[-4,0],[-4,4],[-11,-3],[2,-12],[-10,-6],[-2,-5],[-6,-1],[-4,3],[-2,8]],[[6323,8873],[1,4],[11,-1],[0,5],[-9,-1],[-4,7],[6,2],[-1,4],[-11,-1],[-5,-17],[-6,-4],[-4,-5],[0,-6],[5,0],[1,-7],[6,-1],[7,1],[6,-3],[0,-7],[-7,-2]],[[6319,8841],[-2,-5],[-5,-7],[-9,0],[-1,9],[-2,2],[-3,20],[-2,1],[-1,16],[7,11]],[[6301,8888],[6,3],[-2,5],[-8,2],[-6,-6],[-3,6],[-7,-6],[1,-9],[-3,-1]],[[6279,8882],[1,-6],[7,-16],[-3,-5]],[[6284,8855],[-2,-5],[-6,1],[-6,-10],[-11,1],[0,7],[-8,2],[1,-6],[-5,-8],[5,-9],[-3,-4],[-2,-9],[-7,-5],[-2,-8],[6,-4],[5,7],[7,0],[1,-4],[7,1],[4,7],[0,7],[4,3],[4,-4]],[[6276,8815],[4,-9],[-8,-2],[-3,-10],[-1,-15],[-5,4],[-2,-2],[-5,4],[-6,1],[-17,-1],[-7,7],[-7,0],[-4,10],[-3,-1],[-4,5]],[[6208,8806],[7,-1],[2,9],[6,5],[8,1],[2,4],[9,2],[-2,11],[-2,4],[-12,4],[-3,10],[-8,1],[2,4],[7,0],[5,3],[10,-7],[4,2],[-1,7],[4,3],[0,7],[9,-1],[3,5],[6,0],[3,10],[-2,4],[-6,-4],[-3,0]],[[6256,8889],[0,5]],[[6256,8894],[-1,4],[8,6],[2,-5],[15,1],[2,3],[7,1],[2,3],[10,3],[3,3],[2,8],[7,5],[1,7],[13,2],[3,-3],[11,2],[-2,11],[11,3],[2,-9],[8,0],[-1,9],[16,3],[8,-6],[5,0],[9,3],[-1,6],[-8,8],[-5,-5],[-11,4]],[[6372,8961],[-13,-2],[-1,9],[-11,-1],[1,10],[-12,1]],[[6336,8978],[-1,1]],[[6335,8979],[12,3],[3,-3],[7,4],[4,7],[6,3]],[[6367,8993],[0,19],[5,-5],[2,-4],[6,1]],[[6380,9004],[3,-6],[3,8],[0,4],[10,2],[-4,7],[-6,8],[-1,4],[7,3],[2,-4],[7,4],[3,-6],[4,1],[2,5],[7,1],[8,8],[1,-12],[6,0],[2,5]],[[6434,9036],[7,11],[0,5],[5,1],[2,4],[-1,6],[6,5],[6,0],[1,-3],[13,2],[1,8],[16,4],[11,5],[-1,9],[6,1],[2,-5],[6,1],[2,-6]],[[6446,9045],[5,-5]],[[6451,9040],[-5,5]],[[6446,9049],[0,-4]],[[6446,9045],[0,4]],[[6468,8968],[-6,-3],[7,-8],[5,1],[-1,8],[-5,2]],[[6652,8934],[3,-3]],[[6655,8931],[-3,3]],[[6837,8737],[-3,7]],[[6834,8744],[3,-7]],[[6837,8737],[2,-7],[4,-4],[5,7],[-11,4]],[[6627,8821],[0,2],[10,5]],[[6637,8828],[-2,8],[-3,3],[-5,-1],[-3,-5],[-5,-2],[-4,3]],[[6615,8834],[-1,-8],[6,2],[7,-7]],[[6638,8829],[-1,-1]],[[6637,8828],[4,-7],[3,5],[-6,3]],[[6374,8973],[-2,-4],[0,-8]],[[6372,8961],[8,0],[-6,12]],[[6370,8976],[4,-3]],[[6374,8973],[-4,3]],[[6367,8993],[-3,-2],[1,-7],[10,0],[-1,6],[-3,5],[-4,-2]],[[6406,8937],[15,3],[4,7],[-13,-1],[-6,-9]],[[6395,8921],[3,2]],[[6398,8923],[-3,-2]],[[6531,8943],[-11,-3],[-10,-6],[-2,-8],[1,-8],[7,-4],[10,0],[2,10],[6,3],[10,3],[-5,13],[-8,0]],[[6442,8912],[-1,-4],[15,0],[9,-1],[-1,4],[3,13],[-7,1],[0,-4],[-6,-1],[-5,-5],[-7,-3]],[[6603,8874],[3,4],[5,-3],[2,-5],[8,0],[3,3],[2,10],[5,5],[11,2],[-4,13],[-6,1]],[[6632,8904],[4,7],[-1,4],[-10,0],[-3,-7],[-6,3],[-5,5],[-1,-7],[-11,1],[-6,7],[-9,-2],[1,-8],[-7,1],[0,7],[-4,9],[-1,7],[-8,2],[-9,5],[-6,-11],[1,-6],[11,-1],[6,1],[0,-6],[6,0],[1,-8],[10,-12],[-1,-5],[9,-7],[6,-8],[4,-1]],[[6584,8922],[2,9],[-6,-3],[4,-6]],[[6455,8891],[8,2],[-1,4],[-5,-1],[-2,-5]],[[6372,8853],[1,5],[5,3],[2,7],[-6,-1],[-4,-6],[2,-8]],[[6507,8890],[2,-4],[6,-2],[5,-3],[2,9],[-9,2],[-6,-2]],[[6643,8868],[0,7],[-8,-2],[1,-5],[7,0]],[[6637,8859],[-5,-2],[5,-8],[7,1],[2,5],[6,-6],[8,0],[1,11],[-21,-3],[-3,2]],[[6693,8813],[6,2],[3,-3],[5,1],[9,6],[-13,3],[-10,-3],[0,-6]],[[6731,8817],[-6,-1],[-1,-5],[7,-4],[0,10]],[[6698,8807],[-8,0],[0,-5],[7,0],[1,5]],[[6914,8697],[0,7],[-5,3],[-11,-4],[-4,-10],[4,-3],[12,2],[4,5]],[[6501,8975],[0,-1]],[[6501,8974],[0,1]],[[6501,8974],[0,1]],[[6501,8975],[0,-1]],[[6461,9037],[-1,1]],[[6460,9038],[1,-1]],[[6460,9038],[1,-1]],[[6461,9037],[-1,1]],[[6433,9079],[4,-6],[10,-1],[4,5],[8,1],[-1,-6],[-8,-2],[-4,-3],[-1,-10],[-7,-4],[-5,9],[11,2],[0,4],[-8,-2],[-15,-3],[-2,6],[1,6],[13,4]],[[6489,9123],[-2,-10],[4,-6],[-8,-5],[-5,-8],[-12,-5],[-1,7],[-8,3],[-6,0],[-2,5],[-9,-3],[-4,-9],[-8,-13],[-10,-5],[-2,5],[10,3],[1,5],[5,1],[0,10],[4,2],[-1,6],[5,3]],[[6440,9109],[7,4],[6,1],[6,-4],[3,3]],[[6462,9113],[0,5],[15,2],[-2,-10],[8,5],[0,6],[6,2]],[[6478,9146],[-6,4],[7,1],[5,3],[1,9]],[[6485,9163],[0,-6],[6,3]],[[6491,9160],[-7,-9],[-6,-1],[0,-4]],[[6440,9201],[8,1]],[[6448,9202],[-1,-1]],[[6447,9201],[1,-1]],[[6448,9200],[-5,-8]],[[6443,9192],[-4,-1],[-4,-10],[-1,-7],[-4,-6],[-1,-8],[-6,-8],[-10,-22],[-3,0],[-5,-8]],[[6405,9122],[-1,1]],[[6404,9123],[-4,3]],[[6400,9126],[3,6],[3,3],[0,8],[-2,6],[2,4],[0,5],[6,5],[3,-4],[13,8],[0,16],[5,7],[4,3],[0,6],[3,2]],[[6418,9152],[-10,-5],[1,-7],[5,1],[4,11]],[[6452,9184],[2,2]],[[6454,9186],[-2,-2]],[[6454,9186],[-2,-2]],[[6452,9184],[-5,-2],[-1,6],[8,-2]],[[6448,9200],[-1,1]],[[6447,9201],[1,1]],[[6448,9202],[6,3],[4,-1],[19,0],[-4,-5],[-7,1],[-17,-2],[-1,2]],[[6437,9223],[1,-3]],[[6438,9220],[6,3]],[[6444,9223],[0,-1]],[[6444,9222],[-3,-7],[-3,-1],[-2,-7],[4,-2],[0,-4]],[[6440,9201],[-6,5],[-1,16],[4,1]],[[6444,9222],[0,1]],[[6444,9223],[2,15],[-2,3]],[[6444,9241],[4,-1],[2,-5],[8,9],[1,-7],[-5,0],[-5,-9],[0,-6],[-5,0]],[[6468,9250],[5,2]],[[6473,9252],[-5,-2]],[[6476,9253],[-3,-1]],[[6473,9252],[6,4]],[[6479,9256],[-3,-3]],[[6412,9240],[-2,2],[5,8],[4,-2],[-7,-8]],[[6407,9254],[5,9],[6,-1]],[[6418,9262],[-11,-8]],[[6436,9261],[-3,-1]],[[6433,9260],[3,1]],[[6458,9308],[-3,-3],[1,-9],[-6,-3],[1,-8]],[[6451,9285],[-1,-5],[-4,-4],[1,-6],[5,-4],[1,-11],[-4,-11]],[[6449,9244],[-5,-3]],[[6444,9241],[-1,11],[9,5],[-4,8],[-4,0],[1,12],[-6,1],[1,-8],[-5,2],[-4,-5],[2,-7]],[[6433,9260],[-4,-2],[-11,4]],[[6418,9262],[0,10],[7,5],[11,2],[4,13],[8,10],[7,0],[-3,10],[-4,6],[-1,4],[9,-2],[2,-12]],[[6400,9277],[0,-5],[5,-4],[-2,-6],[-4,1],[-1,8],[1,14],[9,7],[-3,-17],[-5,2]],[[6451,9285],[3,2]],[[6454,9287],[-3,-2]],[[7126,4351],[-5,4],[1,5],[11,1],[2,-6],[-9,-4]],[[7037,5017],[-7,8],[-4,-6],[-9,-4],[-6,5],[-2,-4],[-9,0],[-1,6],[-5,-2],[-16,8],[9,2],[-2,7],[5,1]],[[6990,5038],[0,-1]],[[6990,5037],[1,1]],[[6991,5038],[6,3],[-2,-13],[8,-2],[1,-6],[8,6],[3,-6],[3,-1],[-1,11],[4,1],[4,-6],[6,2],[4,13],[7,-2],[-7,-5],[2,-16]],[[6936,5596],[-1,7],[7,0],[-1,-5],[-5,-2]],[[6659,7747],[2,2]],[[6661,7749],[-2,-2]],[[6659,7747],[-2,2]],[[6657,7749],[2,2]],[[6659,7751],[2,-2]],[[6661,7749],[-2,-2]],[[6693,7759],[-5,-1],[-4,21],[8,5],[3,-7],[-6,-1],[1,-15],[3,-2]],[[6670,7791],[1,3]],[[6671,7794],[3,0]],[[6674,7794],[-1,-3]],[[6673,7791],[-3,0]],[[6656,7795],[1,-7],[-4,0],[3,7]],[[6656,7800],[12,-1],[-1,6],[6,8]],[[6673,7813],[6,-4],[-3,-8],[-6,-1],[1,-6]],[[6671,7794],[-9,2],[-6,-1]],[[6656,7795],[0,5]],[[6677,7823],[2,-8],[-6,-2]],[[6673,7813],[2,5]],[[6675,7818],[2,5]],[[6677,7823],[2,2]],[[6679,7825],[2,-1]],[[6681,7824],[-4,-1]],[[6714,7831],[0,-3]],[[6714,7828],[0,3]],[[6684,7832],[3,-4],[-6,-4]],[[6681,7824],[-2,1]],[[6679,7825],[5,7]],[[6714,7831],[-4,1],[-2,-2],[-1,6],[-2,0],[0,2],[-3,4],[-3,-4]],[[6699,7838],[-5,1],[-8,-3],[-2,-4]],[[6684,7832],[0,7],[20,5],[1,-2],[1,-5],[2,1],[3,1],[4,-4],[-1,-4]],[[6671,7835],[1,9],[5,0],[-2,-7],[-4,-2]],[[6645,7917],[1,5],[9,1],[1,-8],[-5,-1],[-6,3]],[[6652,7992],[3,6],[8,0],[1,-7],[-11,-2],[-1,3]],[[6646,8105],[6,0],[0,-7],[-7,0],[1,7]],[[6675,8193],[-1,-7],[6,-4],[-6,-3]],[[6674,8179],[-3,-4],[1,-16],[2,-3]],[[6674,8156],[-6,7],[-5,-1],[4,11],[5,8],[-2,8],[5,4]],[[6636,8264],[1,0]],[[6637,8264],[0,-5],[14,1],[-1,10],[11,3],[8,15],[6,5],[14,-3],[2,5],[7,1],[1,10],[5,21],[4,1],[8,-8],[-1,-8]],[[6715,8312],[0,-1]],[[6715,8311],[-4,-4],[1,-12],[-2,0],[-3,-10],[-9,1],[-2,7],[-10,-4],[1,-6],[-6,-9],[0,-3],[-6,-3]],[[6675,8268],[-8,0]],[[6667,8268],[-2,5],[-5,-1],[2,-14],[3,-12],[10,0],[-4,-6],[1,-7],[8,5],[3,-10]],[[6683,8228],[-5,4],[-5,-2],[1,-6],[-5,-2],[3,-7],[5,4],[1,-11],[15,2],[2,-6],[4,1],[-2,-13],[3,-1],[1,-8],[-3,0],[6,-15],[1,-9]],[[6705,8159],[4,-2],[7,0],[5,-9],[3,-10],[-1,-4],[6,-3],[-1,-6],[5,-6],[3,-10],[4,3],[3,-6],[1,-8]],[[6744,8098],[-15,14]],[[6729,8112],[-7,15],[-5,-1],[-4,8],[-1,8],[-8,-1],[-8,4],[-2,14],[-9,-5],[1,-10],[5,-2]],[[6691,8142],[-3,-6],[0,-8],[4,0],[4,-4],[0,-9],[5,-5],[4,-1]],[[6705,8109],[-2,-3],[1,-11],[3,-1],[-1,-9],[6,-6],[-4,-14],[6,1],[1,-5]],[[6715,8061],[-6,0],[-4,3],[-3,6],[-2,14],[-6,-2],[-5,3],[-2,8]],[[6687,8093],[2,6],[-9,0],[-3,7]],[[6677,8106],[-13,9],[-5,-1],[-3,7],[-6,3],[-2,14],[-8,0],[-5,2]],[[6635,8140],[-1,15],[-5,-2],[-6,17],[-12,6],[1,5],[-9,-2],[-10,2],[-1,12],[-2,4],[2,5],[5,2],[5,-2],[3,-5],[7,-8],[7,-4],[2,-10],[4,1],[7,-14],[5,-5],[1,-14],[6,-1],[6,1],[-4,11],[10,1],[2,-8],[-1,-6],[10,1],[3,-4],[1,-9],[6,9],[-5,2],[-3,4],[5,6],[0,6]],[[6674,8156],[1,-8],[6,-1],[3,6],[0,5],[-5,9],[-3,-1]],[[6676,8166],[-4,7],[7,1],[4,6],[4,-1]],[[6687,8179],[4,-4]],[[6691,8175],[-2,-7],[0,-6],[7,-2],[0,5],[-2,16],[-2,9],[-5,0],[-8,-2],[-4,5]],[[6675,8193],[-3,10],[-21,-1],[-5,4],[-10,-1],[-6,8],[-2,11],[-12,-2],[-1,2]],[[6615,8224],[12,3],[1,11],[3,5],[-7,15],[-15,0],[1,11],[3,-1],[3,7],[4,1],[1,-9],[-6,-3],[8,-5],[4,1],[1,4],[8,0]],[[6705,8159],[-6,1],[0,-15],[10,1],[7,-2],[-1,7],[-5,1],[-5,7]],[[6677,8106],[6,2],[2,-3],[9,-1],[1,9],[-11,-1],[1,6],[-8,-1],[0,-11]],[[6669,8117],[-3,7],[-6,-1],[4,-6],[5,0]],[[6658,8237],[-11,-2],[-8,-6],[-6,0],[-1,-3],[0,-10],[3,-4],[11,0],[12,-4],[9,0],[-5,23],[4,1],[-2,8],[-6,-3]],[[6664,8196],[2,0],[2,-11],[-2,-1],[-2,12]],[[6603,8230],[9,2],[3,-8]],[[6615,8224],[-4,6],[-8,0]],[[6639,8267],[-2,-3]],[[6637,8264],[-1,0]],[[6636,8264],[3,3]],[[6639,8321],[4,0],[1,-8],[8,5],[1,-8],[4,-18],[-5,-2],[-7,-10],[-1,8],[3,18],[-9,1],[-3,5],[4,9]],[[6644,8331],[-11,-1],[-2,8],[15,-1],[-2,-6]],[[6604,8378],[-4,3],[-9,-1],[-5,4],[-1,5],[7,-1],[2,-5],[12,3],[-2,-8]],[[6580,8408],[1,6],[9,-1],[-5,-6],[-5,1]],[[6598,8429],[2,2]],[[6600,8431],[-2,-2]],[[6596,8432],[4,-1]],[[6600,8431],[-2,-2]],[[6598,8429],[-2,3]],[[6584,8440],[6,3],[-1,-10],[-4,0],[-1,7]],[[6630,8475],[13,4],[7,-1],[2,-6],[-12,-4],[-16,-2],[-8,2],[-4,11],[4,4],[4,-10],[5,-6],[6,2],[-1,6]],[[6605,8681],[7,3],[0,-7],[-7,0],[0,4]],[[6575,8721],[1,-2]],[[6576,8719],[-1,2]],[[6583,8726],[-7,3],[3,4],[4,-7]],[[6546,8740],[0,2],[12,2],[-2,-6],[-10,2]],[[6573,8754],[2,2]],[[6575,8756],[-2,-2]],[[6575,8756],[-2,-2]],[[6573,8754],[2,2]],[[6544,8749],[-1,7],[4,2],[0,6],[10,2],[0,-9],[-8,-4],[0,-9],[-5,5]],[[6575,8791],[-4,-1],[-8,3],[14,4],[-2,-6]],[[6573,8834],[-9,8],[-1,7],[-6,1],[-4,5],[6,4],[3,-7],[7,-8],[4,-10]],[[6554,8872],[0,-15],[-6,1],[1,6],[4,1],[1,7]],[[6573,8857],[-1,1]],[[6572,8858],[-2,-1]],[[6570,8857],[0,-1]],[[6570,8856],[1,-1]],[[6571,8855],[1,-2]],[[6572,8853],[-8,2],[-2,14],[-8,3]],[[6554,8872],[-10,7],[0,3]],[[6544,8882],[1,0]],[[6545,8882],[12,-4],[3,-7],[5,2],[4,-3],[0,-7],[5,1],[-1,-7]],[[6519,8987],[4,3],[-2,7],[10,-1],[2,-3],[6,0],[1,-7],[-5,0],[-1,5],[-6,-4],[-9,0]],[[6564,9043],[4,-2],[-1,-6],[-8,1],[0,6],[5,1]],[[6562,9047],[-3,16],[5,3],[7,1],[-2,-18],[-7,-2]],[[6533,9066],[-5,-2],[0,-5],[-7,3],[0,4],[12,2],[0,-2]],[[6519,9082],[-4,1]],[[6515,9083],[1,1]],[[6516,9084],[4,-1]],[[6520,9083],[-1,-1]],[[6558,9088],[0,3]],[[6558,9091],[0,-3]],[[6527,9146],[1,1]],[[6528,9147],[9,-5]],[[6537,9142],[-9,-4],[-1,8]],[[6509,9199],[-3,3],[2,6],[3,1],[4,6],[2,-7],[-3,-4],[-6,2],[1,-7]],[[6519,9235],[1,-1]],[[6520,9234],[1,-1]],[[6521,9233],[-15,-17],[-6,-2],[-12,0],[-1,7],[9,1],[2,-4],[9,5],[4,9],[8,3]],[[6548,9225],[-2,2],[-8,0],[0,4],[18,5],[-3,-9],[-5,-2]],[[6521,9233],[0,1]],[[6521,9234],[0,-1]],[[6521,9234],[-1,0]],[[6520,9234],[-1,1]],[[6519,9235],[2,-1]],[[6540,9269],[2,0]],[[6542,9269],[-2,-3],[0,-9],[-4,-2],[-1,7],[5,7]],[[6488,9254],[0,-5],[-8,-1],[-4,5]],[[6476,9253],[4,-3],[8,4]],[[6527,9293],[1,-10],[-5,-2],[-5,-4],[2,-7],[-3,-1],[1,-7],[-16,-5],[7,-12],[-13,-6],[-2,-8]],[[6494,9231],[0,8],[-2,7],[1,6],[-5,2]],[[6488,9254],[1,4],[16,2],[10,2],[0,6],[-4,2]],[[6511,9270],[7,1],[-2,10],[6,6],[5,-1],[0,7]],[[6542,9269],[-2,0]],[[6540,9269],[-2,1],[-1,10],[1,5],[6,-1]],[[6544,9284],[-6,-10],[4,-5]],[[6527,9293],[2,3],[-2,14],[5,2]],[[6532,9312],[3,-2],[-5,-8],[1,-6],[-4,-3]],[[6532,9312],[-2,3],[-14,-3],[3,4],[10,2],[2,-2],[4,13],[4,-2],[-7,-15]],[[6482,9333],[1,3],[-1,9],[2,9],[9,8],[6,0],[1,-6],[7,-1],[0,-3]],[[6507,9352],[0,-3],[-11,-3],[-8,-7],[0,-9],[6,1],[5,-5],[-3,-3],[-8,1],[-4,-7],[0,-13],[5,1],[5,-4],[-1,-7],[-4,-1],[-7,7],[2,-19],[-6,0]],[[6478,9281],[3,9],[-1,10],[2,5],[-5,5],[1,-13],[-3,0],[-4,-7],[-7,-1],[-4,-4],[4,-5],[-2,-6]],[[6462,9274],[-3,4],[-5,-2],[0,11]],[[6454,9287],[4,5],[4,0],[0,13],[4,3],[3,11],[3,6],[6,5]],[[6478,9330],[1,0]],[[6479,9330],[3,1]],[[6482,9331],[0,2]],[[6478,9315],[4,5],[-6,1],[2,-6]],[[6504,9313],[-2,9],[1,7],[7,-1],[1,-12],[-7,-3]],[[6482,9333],[0,-2]],[[6482,9331],[-3,-1]],[[6479,9330],[-1,0]],[[6478,9330],[4,3]],[[6520,9343],[-8,12],[-5,-3]],[[6507,9352],[2,6],[8,1],[2,7],[4,1],[-3,-10],[-5,-3],[5,-11]],[[6529,9377],[-1,-6]],[[6528,9371],[1,6]],[[7433,2132],[-8,-3]],[[7425,2129],[8,3]],[[7186,4270],[4,-8]],[[7190,4262],[-3,4],[-8,0],[2,5]],[[7181,4271],[1,0]],[[7182,4271],[4,-1]],[[7186,4270],[-4,1]],[[7182,4271],[-1,0]],[[7181,4271],[-4,3],[4,10]],[[7181,4284],[-1,-11],[6,-3]],[[7181,4284],[-1,6]],[[7180,4290],[1,-6]],[[7173,4431],[1,0]],[[7174,4431],[-1,0]],[[6752,7640],[-5,-1],[-1,7],[7,3],[-1,-9]],[[6747,7722],[-2,6],[5,3],[3,-7],[-6,-2]],[[6799,7797],[-6,-1],[-2,7],[-7,1],[-2,10],[-14,6],[-5,-3],[-3,9],[-14,-1],[-6,-4],[-5,2],[-4,-9],[7,1],[-2,-6],[1,-12]],[[6737,7797],[-1,6],[-4,2],[-11,-2],[1,-8],[10,2],[-1,-4],[-8,-1],[-1,2],[-10,-1],[-2,-6],[-5,2],[-8,-2],[-8,7],[-6,-2],[-10,-1]],[[6673,7791],[1,3]],[[6674,7794],[9,-1],[5,6],[10,2],[2,4]],[[6700,7805],[6,5],[2,4],[8,4],[-2,10]],[[6714,7828],[6,-6],[3,5],[5,2]],[[6728,7829],[6,8],[-1,6],[15,3],[5,-4],[5,8],[11,0],[4,-2],[1,-7],[-8,-8],[6,-9],[8,4],[4,-4],[10,-1],[5,-4],[-7,-4],[-1,-5],[9,1],[2,-5],[-8,-1],[5,-8]],[[6703,7797],[5,-2],[12,13],[7,2]],[[6727,7810],[-24,-4],[-3,-1]],[[6700,7805],[0,-4],[-5,-2],[3,-4],[5,2]],[[6728,7829],[-1,-7],[13,3],[-3,3],[-7,-1],[-2,2]],[[6736,7835],[6,-3],[10,2],[-1,8],[-6,2],[0,-5],[-8,-2],[-1,-2]],[[6754,7834],[7,-1],[-2,5],[-5,-4]],[[6748,7916],[-1,-9],[-4,1],[0,8],[5,0]],[[6728,8027],[-6,-1]],[[6722,8026],[-2,2]],[[6720,8028],[2,3]],[[6722,8031],[6,-4]],[[6722,8031],[-2,-3]],[[6720,8028],[2,-2]],[[6722,8026],[-6,-3],[0,9],[6,-1]],[[6725,8043],[0,1]],[[6725,8044],[0,-1]],[[6725,8044],[0,-1]],[[6725,8043],[0,1]],[[6705,8109],[0,4],[7,1],[2,-4],[-9,-1]],[[6691,8175],[-4,4]],[[6687,8179],[4,-4]],[[6660,8317],[9,1],[5,5],[8,-8],[-3,-7],[-6,5],[-3,-5],[-4,1],[-6,8]],[[6692,8324],[-4,3],[1,5],[9,-1],[0,-9],[-6,2]],[[6669,8396],[-3,4],[1,7],[4,1],[4,-7],[-1,-6],[-5,1]],[[6633,8716],[2,1]],[[6635,8717],[-2,-10],[-5,-2],[1,8],[4,3]],[[6630,8739],[5,-6],[-4,-2],[-1,8]],[[6630,8785],[-7,-2],[-6,-4],[-2,4],[13,15],[2,-13]],[[6622,8811],[4,-3],[9,4],[3,-3]],[[6638,8809],[-4,-5],[-5,-1],[-7,8]],[[6632,8904],[-2,-1]],[[6630,8903],[2,1]],[[6615,9021],[6,2],[1,-11],[-7,1],[0,8]],[[6586,9029],[-2,9],[8,0],[1,-10],[-7,1]],[[6612,9070],[1,0]],[[6613,9070],[-1,0]],[[6612,9070],[-4,4]],[[6608,9074],[8,3],[2,6]],[[6618,9083],[-2,-9],[-3,-2]],[[6613,9072],[-1,-2]],[[6608,9074],[-5,-2],[-2,9],[-8,6],[-6,-1],[-2,4]],[[6585,9090],[10,1],[8,-6],[1,-8],[4,-3]],[[6571,9118],[-1,-5]],[[6570,9113],[0,3]],[[6570,9116],[1,2]],[[6571,9118],[-1,-2]],[[6570,9116],[1,2]],[[6650,9181],[2,2],[13,-2],[1,-7]],[[6666,9174],[-2,-3]],[[6664,9171],[-3,-9],[1,-10],[-7,-5],[-5,-1],[-4,-11],[-10,-5],[6,-9],[10,2],[3,5]],[[6655,9128],[-4,-7],[-11,-1],[-3,4],[-9,1],[-3,3],[-7,0],[0,-9],[-8,-7],[-11,1],[-1,-6],[-4,-2],[-7,-2],[-4,-11],[2,-2]],[[6585,9090],[-19,-2],[-4,2],[-4,-6],[-7,-1]],[[6551,9083],[-12,0],[-11,-3],[-4,-3],[-5,5]],[[6519,9082],[1,1]],[[6520,9083],[3,-2],[6,3],[7,0],[8,5],[10,-4],[4,3]],[[6558,9088],[0,3]],[[6558,9091],[8,0],[11,3],[2,3],[7,6],[10,7],[-1,8],[11,0],[9,5],[2,11],[17,-5],[1,4],[9,3],[2,9],[9,4],[4,5],[-5,5],[5,12],[-7,2],[0,-8],[-8,-4],[-4,-7],[-9,-9],[-4,0],[-2,-8],[-4,1],[3,10]],[[6624,9148],[-6,-6],[-3,-1],[-9,-7],[-2,5],[-1,11],[10,9],[2,-11]],[[6615,9148],[0,4],[6,1],[3,10],[4,4],[-1,5],[3,6],[5,-14],[-6,-1],[-2,-4],[4,-5],[8,2],[0,11],[10,2],[-1,6],[2,6]],[[6573,9194],[-2,1]],[[6571,9195],[-2,3],[4,9],[4,4],[1,8],[4,3]],[[6582,9222],[0,-5]],[[6582,9217],[-3,1],[-1,-12],[-4,-4],[-1,-8]],[[6587,9222],[4,-2]],[[6591,9220],[-4,2]],[[6590,9248],[-11,-2],[10,9],[1,-7]],[[6544,9284],[4,8],[11,-1],[0,-5],[-15,-2]],[[6576,9312],[-11,-4],[7,9],[4,-5]],[[6535,9360],[-2,6],[6,0],[-4,-6]],[[6529,9377],[-6,-1]],[[6523,9376],[-3,8],[5,1],[5,5],[7,5]],[[6537,9395],[2,-4],[-4,-5],[-1,-7],[-5,-2]],[[6562,9396],[-5,4],[1,7],[4,2],[1,6],[3,5],[5,2],[1,-5],[-6,-3],[1,-9],[-3,-1],[-2,-8]],[[7477,2294],[0,-5],[-5,-2],[-7,8],[8,3],[4,-4]],[[7502,2344],[-3,3],[-8,-1],[-5,15],[7,-3],[1,-6],[9,-2],[-1,-6]],[[7484,2422],[-2,8]],[[7482,2430],[4,-2],[-2,-6]],[[7217,4403],[-9,-4],[2,8],[7,0],[0,-4]],[[6814,7715],[1,-8]],[[6815,7707],[-1,8]],[[6814,7715],[-4,13]],[[6810,7728],[4,-13]],[[6790,7769],[3,-4],[12,2],[1,-7],[-4,-2],[-10,3],[-2,8]],[[6827,7794],[-1,-3]],[[6826,7791],[-1,-1]],[[6825,7790],[1,-1]],[[6826,7789],[-4,-7],[-4,15],[-2,12]],[[6816,7809],[3,-2],[1,-10],[7,-3]],[[6799,7797],[7,-2],[2,-6],[-2,-2],[-7,0],[0,10]],[[6806,7903],[-4,3],[4,14],[5,-2],[-1,-11],[-4,-4]],[[6803,7946],[5,2],[2,-17],[-3,1],[-4,14]],[[6795,7931],[-4,1],[0,9],[4,7],[4,-14],[-4,-3]],[[6758,7936],[-6,-1],[-1,5],[8,-1],[-1,-3]],[[6766,8002],[-2,-17],[-5,1],[-2,4],[1,7],[-12,1],[0,7],[10,-2],[6,3],[4,-4]],[[6747,8029],[1,12],[7,-2],[1,10],[2,6],[-4,4],[-2,10],[1,8],[4,-1],[3,-9],[5,5],[3,-2]],[[6768,8070],[8,0],[2,-3],[-13,-2],[3,-5],[-2,-7],[4,-20],[-3,-3]],[[6767,8030],[5,-2],[-1,-5],[7,-6],[4,-7],[1,-8],[3,-8],[9,-1],[5,-9]],[[6800,7984],[1,-3]],[[6801,7981],[-4,-4],[-3,5],[-7,-1],[0,5],[-13,20],[-1,7],[-4,1],[-4,9],[-3,3],[-6,0],[-9,3]],[[6764,8042],[-5,3],[1,-9],[4,-2],[0,8]],[[6772,8089],[-9,-3],[-6,7]],[[6757,8093],[6,4],[2,-7],[7,-1]],[[6759,8125],[1,1]],[[6760,8126],[3,1],[3,6],[6,1],[1,-4],[-6,-4],[-8,-1]],[[6759,8125],[1,1]],[[6760,8126],[-1,-1]],[[6762,8137],[-3,3],[-22,-3],[5,7],[7,1],[11,-3],[2,-5]],[[6764,8252],[5,0],[2,-6],[-8,-1],[1,7]],[[6753,8311],[1,-2]],[[6754,8309],[-1,2]],[[6758,8349],[0,-7],[-2,-5],[-11,-4],[-6,1],[0,-7],[5,0],[3,-4]],[[6747,8323],[2,-2]],[[6749,8321],[1,-4],[6,1],[-2,-9]],[[6754,8309],[-1,2]],[[6753,8311],[-7,-5],[-1,-7],[-3,0],[-3,-9],[-4,4],[4,11],[5,7],[0,4],[-19,5],[7,7],[2,7],[9,1],[13,8],[2,5]],[[6715,8311],[0,1]],[[6715,8312],[0,-1]],[[6749,8321],[-2,2]],[[6747,8323],[2,-2]],[[6767,8331],[-9,-2],[1,5],[8,-3]],[[6728,8375],[1,6],[5,6],[3,-3],[-1,-5],[-8,-4]],[[6730,8499],[1,-7],[-6,0],[1,7],[4,0]],[[6694,8506],[10,4],[-1,-10],[-7,0],[-2,6]],[[6712,8541],[-6,1],[0,7],[7,-1],[6,1],[0,-9],[-7,1]],[[6729,8603],[-9,3],[-6,0],[-1,7],[9,3],[0,7],[4,0],[2,-9],[6,3],[-1,-9],[-4,-5]],[[6721,8665],[0,12],[4,2],[3,-11],[-1,-6],[-6,3]],[[6688,8694],[1,9],[3,0],[4,-9],[-8,0]],[[6679,8771],[-11,2],[2,6],[5,1],[2,-6],[7,-1],[3,-3],[1,-7],[11,1],[-4,-8],[-7,-1],[2,-9],[-3,0],[-1,10],[-7,-2],[1,8],[-1,9]],[[6666,8765],[4,-1],[0,-6],[-4,0],[0,7]],[[6699,8786],[16,-9],[-9,-6],[-2,5]],[[6704,8776],[-6,5],[1,5]],[[6702,8787],[3,2]],[[6705,8789],[-3,-2]],[[6702,8787],[-3,-1]],[[6699,8786],[3,1]],[[6658,8789],[-1,3]],[[6657,8792],[1,-3]],[[6701,8830],[-8,0],[-3,8]],[[6690,8838],[4,2],[3,-8],[4,-2]],[[6686,8934],[7,1],[-1,-6],[-6,1],[0,4]],[[6690,8961],[1,-1]],[[6691,8960],[-1,1]],[[6639,8984],[-12,-9],[-4,4],[3,18],[7,-1],[-1,-7],[8,0],[-1,-5]],[[6664,9019],[3,-1],[1,-6],[-5,-3],[1,10]],[[6628,9016],[7,0],[1,-6],[-9,-1],[1,7]],[[6647,9028],[-1,1]],[[6646,9029],[1,-1]],[[6647,9028],[-1,1]],[[6646,9029],[1,-1]],[[6685,9051],[-8,-2],[-8,5],[-1,6],[-6,-5],[-9,2],[-2,-5],[-6,-4],[-3,4],[-11,-1],[0,3]],[[6631,9054],[14,-1],[-1,10],[5,2],[4,-2],[4,-6],[5,3],[8,1],[2,-8],[13,-2]],[[6629,9059],[-6,-4],[4,-7]],[[6627,9048],[-5,2],[0,4],[3,6],[4,-1]],[[6631,9054],[-2,5]],[[6629,9059],[2,-5]],[[6613,9070],[0,2]],[[6613,9072],[6,2],[1,5],[13,-1],[0,-4],[-8,-2],[-3,2],[-9,-4]],[[6648,9088],[4,0],[2,-8],[-6,2],[0,6]],[[6668,9092],[0,6],[5,-1],[1,-9],[-6,4]],[[6618,9083],[-3,5],[2,7],[6,0],[-5,-12]],[[6658,9102],[-5,7],[-6,2]],[[6647,9111],[13,-1],[-2,-8]],[[6637,9108],[3,5],[7,1],[0,-3]],[[6647,9111],[-10,-3]],[[6655,9128],[4,5],[8,2],[1,2]],[[6668,9137],[4,-1]],[[6672,9136],[-5,-5],[-12,-3]],[[6620,9188],[-1,-5]],[[6619,9183],[1,5]],[[6620,9188],[-1,4]],[[6619,9192],[1,-4]],[[6602,9274],[1,1]],[[6603,9275],[-1,-1]],[[6603,9275],[-1,-1]],[[6602,9274],[1,1]],[[6612,9310],[-1,-1]],[[6611,9309],[-7,-1],[-6,1],[-4,3],[-3,-10],[-4,0],[-11,10]],[[6576,9312],[14,-4],[2,7]],[[6592,9315],[6,-1],[1,-5],[13,1]],[[6611,9318],[-1,-1]],[[6610,9317],[1,1]],[[6645,9382],[1,-6],[-5,0],[-9,-2],[5,-5],[11,3],[1,-4],[-13,-2],[-2,-5],[-9,2],[-4,-4],[-3,-7],[-4,0],[-3,9],[6,9],[12,7],[16,2],[0,3]],[[6627,9395],[-7,-5],[-1,-4],[-4,-1]],[[6615,9385],[7,9],[5,1]],[[6609,9436],[3,7],[5,-6],[-8,-1]],[[7554,2567],[-4,1]],[[7550,2568],[4,-1]],[[7472,2818],[1,4],[7,3],[1,-8],[-9,1]],[[7447,3069],[-5,0]],[[7442,3069],[5,0]],[[7414,3213],[1,1]],[[7415,3214],[-1,-1]],[[7415,3214],[-1,-1]],[[7414,3213],[-9,1]],[[7405,3214],[10,0]],[[6891,7756],[8,-8]],[[6899,7748],[-8,-2],[0,10]],[[6868,7751],[1,-10],[-5,3],[4,7]],[[6850,7739],[-8,-7],[0,16],[7,0],[3,-6],[-2,-3]],[[6841,7762],[2,-5],[-5,-3],[0,7],[3,1]],[[6881,7782],[0,-5],[-5,0]],[[6876,7777],[-1,4]],[[6875,7781],[6,1]],[[6882,7791],[2,-7],[-3,-2]],[[6881,7782],[1,9]],[[6856,7797],[9,-1],[3,-9],[-4,0],[-5,4],[-3,6]],[[6849,7796],[-1,-6],[-9,-3],[-3,2],[-2,5]],[[6834,7794],[2,-4],[10,3],[3,3]],[[6856,7797],[-7,-1]],[[6849,7796],[7,1]],[[6834,7794],[-8,-5]],[[6826,7789],[-1,1]],[[6825,7790],[1,1]],[[6826,7791],[1,3]],[[6827,7794],[7,0]],[[6885,7825],[4,2],[1,-8],[-9,0],[4,6]],[[6866,7825],[-1,7],[7,0],[0,-7],[-6,0]],[[6840,7895],[1,-8],[6,0],[1,-10],[-10,0],[0,11],[2,7]],[[6840,7895],[-2,4],[-7,0],[-5,2],[-8,1],[2,10],[7,0],[0,-5],[6,-6],[7,1],[0,-7]],[[6801,7981],[5,4],[8,-1],[3,-5],[-8,-5],[-6,3],[-2,4]],[[6818,8137],[1,14],[3,0],[8,-9],[0,-7],[-12,2]],[[6797,8140],[-5,4],[4,6],[1,-10]],[[6767,8331],[5,-1],[6,-8],[-6,-2],[-5,11]],[[6813,8394],[-7,-3],[0,6],[5,1],[2,-4]],[[6760,8393],[5,4],[2,-7],[-3,-2],[-4,5]],[[6800,8414],[-4,-4],[-3,-9],[-8,7],[-4,8],[10,2],[6,-1],[3,-3]],[[6751,8478],[7,2],[0,-9],[-8,-2],[1,9]],[[6795,8487],[-4,3],[3,6],[8,0],[-2,-8],[-5,-1]],[[6809,8510],[10,-7],[-9,-7],[-6,6],[-11,9],[3,5],[13,-6]],[[6754,8564],[3,-8],[8,-2],[2,-15],[-4,-3],[-2,11],[-6,-3],[0,5],[-6,3],[-2,6],[-8,-2],[-3,7],[3,8],[6,1],[9,-8]],[[6796,8560],[-3,-4],[-4,4],[2,4],[0,9],[8,2],[0,-8],[-3,-7]],[[6728,8638],[-4,6],[9,0],[-2,-7],[-3,1]],[[6769,8729],[-5,-2],[-1,-5],[-8,-2],[0,4],[6,6],[0,6],[8,-3],[0,-4]],[[6769,8744],[1,0]],[[6770,8744],[-1,0]],[[6729,8754],[-7,-4],[0,7],[7,-3]],[[6737,8764],[3,0]],[[6740,8764],[-3,0]],[[6741,8769],[1,-2]],[[6742,8767],[-1,-1]],[[6741,8766],[0,3]],[[6773,8833],[-10,4],[-3,5],[-13,-1],[-9,6]],[[6738,8847],[7,-4],[13,4],[5,-7],[10,-7]],[[6738,8847],[-2,3],[-5,-1]],[[6731,8849],[6,2],[1,-4]],[[6753,8925],[5,-1],[0,-6],[-4,-1],[-1,8]],[[6751,8943],[5,6],[0,-12],[-7,1],[2,5]],[[6754,8962],[-5,-3],[-4,11],[5,2],[4,-3],[0,-7]],[[6717,8968],[-4,0],[1,9],[5,-1],[-2,-8]],[[6691,8960],[-1,1]],[[6690,8961],[4,6],[-1,7],[8,8],[-2,-10],[6,-3],[0,-10],[-8,3],[-6,-2]],[[6729,9004],[-2,-2],[-10,3],[1,4],[9,-2],[2,-3]],[[6696,8999],[0,6],[5,0],[1,-6],[-6,0]],[[6721,9028],[-1,7],[9,-2],[-3,-4],[-5,-1]],[[6685,9051],[7,-6]],[[6692,9045],[-5,1],[-2,5]],[[6728,9092],[-5,-5],[-2,6],[7,-1]],[[6672,9136],[13,-5],[2,7],[6,2],[3,-4],[-7,-2],[-3,-6],[-5,0],[-2,3],[-7,1],[0,4]],[[6693,9152],[0,7],[4,-2],[1,-8],[-5,3]],[[6728,9155],[-1,-4],[-15,-2],[3,5],[10,-1],[2,13],[5,0],[-4,-11]],[[6695,9191],[-2,-2]],[[6693,9189],[2,2]],[[6610,9317],[1,1]],[[6611,9318],[10,3],[4,0],[11,6],[13,1],[5,9],[2,-10],[3,0],[2,-9],[7,4],[9,-5],[8,3],[-1,5],[4,3],[1,-8],[6,1],[2,-6],[7,2],[3,-7],[-8,-2],[-4,-5],[-2,-13]],[[6693,9290],[-1,-5],[-5,-1],[-1,-9],[11,1],[2,-3],[6,0],[1,5],[15,3],[0,-4],[6,0],[1,3],[5,2]],[[6733,9282],[-11,0],[3,6],[16,5],[2,5],[4,0],[-1,-14],[10,5],[6,1],[4,7],[5,-3],[9,1],[3,4],[0,7],[2,7],[0,9],[4,3],[7,-1]],[[6796,9324],[8,4],[1,6],[7,1],[4,-5],[5,-2],[2,5],[-11,9],[8,12],[3,-4]],[[6823,9350],[3,0],[3,-6],[7,6],[11,-11],[3,-9]],[[6850,9330],[-4,5],[-4,-2],[-5,2],[-2,-6],[9,-7],[-6,-9],[1,-6],[-5,0],[-3,-4],[2,-11],[-6,-1],[-4,-4],[-3,3],[-9,-2],[0,-6],[-7,-2],[-2,-10],[-5,-1],[-1,-7],[10,5],[-1,-7],[-6,0],[-5,-11],[-6,-3],[1,-5],[-5,-2],[1,-4],[-9,2],[-12,-11],[-6,1],[-3,-5],[5,-5],[1,-5],[-16,-4],[-7,-13],[-5,-1],[-4,-5],[-3,2],[-6,-5],[-13,6],[-3,-6],[0,-13],[-5,1],[-5,-13],[-7,-2],[1,-10],[-5,-1],[1,6],[-7,-1],[-2,-8],[-8,-4],[1,-4]],[[6668,9137],[-2,6],[6,3],[7,14],[-3,4],[-12,1],[0,6]],[[6664,9171],[2,3]],[[6666,9174],[2,-2],[7,1],[7,-1],[-1,4],[-7,4],[-2,5],[7,0],[2,-4],[12,8]],[[6693,9189],[2,2]],[[6695,9191],[-3,2],[-8,0],[1,4],[8,3]],[[6693,9200],[6,5],[8,1],[-1,8],[4,1],[0,5],[5,6],[6,1],[0,10],[-8,2],[-1,-3],[-9,1]],[[6703,9237],[-9,2],[-19,-1],[-4,-2],[-1,-6],[4,-4],[8,5],[0,-7],[-2,-5],[-12,2],[0,-7],[-14,5],[-4,3],[-1,-9],[-5,-3],[-11,1],[-6,-4],[-4,-7],[0,-5]],[[6623,9195],[-4,9],[-10,8],[-7,-5],[-3,-10],[3,-4],[5,2],[5,-4],[-12,-15],[-8,-5]],[[6592,9171],[4,8],[-7,0]],[[6589,9179],[-5,-9],[-3,0],[-3,-7],[-11,-1],[0,-7],[-18,-1],[3,5],[-1,6],[-4,2],[-10,-2],[-3,3],[-5,-3],[1,-10],[-2,-8]],[[6528,9147],[-1,-1]],[[6527,9146],[-2,-1],[-10,12]],[[6515,9157],[-4,-11],[-4,-2],[2,-15],[7,1],[1,5]],[[6517,9135],[6,-1],[10,0],[-1,-7],[-11,-2],[-2,2],[-10,0],[-1,-7],[-4,0],[-1,7],[2,5],[-3,8],[-9,-2],[-5,4],[-9,-1],[-1,5]],[[6478,9146],[3,-3],[9,4],[8,-1],[5,9],[4,1],[8,7],[-5,4],[-2,-7],[-13,-2],[-4,2]],[[6491,9160],[16,3],[-1,3]],[[6506,9166],[-6,6],[-6,-4],[-6,7],[-3,-2],[2,-8],[-2,-2]],[[6485,9163],[-1,8],[-3,0],[3,9],[6,-4],[9,-1],[5,7],[6,1]],[[6510,9183],[-3,11],[2,5]],[[6509,9199],[3,-11],[12,5],[13,-1],[2,-3],[14,0],[7,1],[0,3],[11,2]],[[6571,9195],[2,-1]],[[6573,9194],[0,-1]],[[6573,9193],[5,-1]],[[6578,9192],[6,-2]],[[6584,9190],[3,3],[-2,11]],[[6585,9204],[-1,3]],[[6584,9207],[8,4],[-10,6]],[[6582,9217],[6,0],[3,3]],[[6591,9220],[9,1],[-3,8],[-8,-4],[-2,-3]],[[6587,9222],[-5,0]],[[6582,9222],[13,9],[-2,7],[5,4],[1,9],[8,2],[2,9],[7,3],[7,14],[6,0],[1,4],[10,-1],[6,6],[12,0],[0,8],[-11,-3],[-4,10],[-9,4],[-10,-3],[-9,2],[-4,3]],[[6611,9309],[1,1]],[[6612,9310],[-2,7]],[[6734,9275],[-1,7]],[[6733,9282],[1,-7]],[[6556,9165],[6,3],[5,-2],[3,3],[0,6],[5,3],[7,-1],[-1,5],[-9,-4],[1,15]],[[6573,9193],[-10,-2],[-6,-4],[-17,-4],[-11,-6],[-5,2],[-8,-11],[4,-6],[5,-1],[1,7],[3,3],[7,1],[4,5],[12,-1],[-2,-9],[6,-2]],[[6679,9308],[2,4]],[[6681,9312],[-12,4],[-12,-2],[-1,-8],[2,-3],[5,9],[7,-3],[2,-4],[7,3]],[[6693,9309],[2,4],[-4,5],[-5,0],[0,-6],[7,2],[0,-5]],[[6683,9301],[5,2],[3,5],[-13,-3],[5,-4]],[[6683,9301],[-5,-1],[0,-5],[5,-1],[0,7]],[[6825,9303],[-11,5],[1,-10],[7,-1],[3,6]],[[6609,9253],[5,0],[4,4],[1,6],[18,4],[5,4],[-8,7],[-9,-2],[-2,-7],[-5,-3],[-1,-4],[-6,-2],[-2,-7]],[[6602,9236],[6,-2],[8,3],[0,10],[-7,6]],[[6609,9253],[-3,-5],[-6,-3],[-3,-7],[5,-2]],[[6624,9243],[2,-5],[8,5]],[[6634,9243],[11,-6],[9,1],[0,-5],[14,1],[1,7],[11,0],[-1,4]],[[6679,9245],[2,10],[3,5]],[[6684,9260],[-3,2],[-8,-2],[0,7],[6,-1],[0,6],[-15,-2],[-5,6],[-5,-2],[-4,-6],[2,-5],[-3,-7],[-5,7],[-2,-4],[-7,2],[0,-8],[-4,-5],[-5,1],[-9,-4],[2,-9],[5,7]],[[6690,9261],[6,2]],[[6696,9263],[-2,-4],[18,1],[3,-2],[2,-6],[3,-1],[6,8],[-1,16],[-8,-2],[0,-4],[-26,-3]],[[6691,9266],[-7,-6]],[[6684,9260],[6,1]],[[6690,9261],[-5,-3],[1,-7],[4,1],[3,5],[-3,4]],[[6775,9282],[8,1],[4,-5],[12,5],[-2,8],[-11,-5],[-4,4],[-8,-1],[1,-7]],[[6751,9241],[-3,-2]],[[6748,9239],[-5,-7],[2,-6],[7,-2],[1,6],[7,1],[5,3],[8,1],[1,6],[8,1],[4,5],[-3,5],[-13,-2],[0,-4],[-11,-4],[-3,-3],[-5,2]],[[6744,9221],[-9,-6],[-7,-14],[-10,2],[-3,-5],[1,-8],[11,4],[4,7],[3,-2],[5,8],[14,5],[0,8],[-9,1]],[[6533,9185],[-7,-1],[1,-4],[6,1],[0,4]],[[6691,9266],[5,-3]],[[6696,9263],[-5,3]],[[6679,9308],[2,4]],[[6681,9312],[-2,-4]],[[6642,9389],[3,-4]],[[6645,9385],[0,-3]],[[6645,9382],[-5,-1],[-1,5],[3,3]],[[6647,9450],[3,1]],[[6650,9451],[-4,-11],[2,-13],[4,1]],[[6652,9428],[-4,-6],[5,-3],[2,5],[11,3],[1,-8],[-8,-4],[1,-5],[-8,-3],[2,-4],[5,-1],[4,-11],[-10,-2],[-3,-7],[-5,3]],[[6645,9385],[-3,4]],[[6642,9389],[5,-1],[-2,8],[-9,-2],[-2,10],[6,0],[2,5],[-2,6],[2,6],[4,3],[-2,21],[3,5]],[[6652,9428],[-1,3],[6,4]],[[6657,9435],[-5,-7]],[[6670,9445],[5,3]],[[6675,9448],[-5,-3]],[[6650,9451],[-3,-1]],[[6647,9450],[3,1]],[[6667,9478],[0,1]],[[6667,9479],[5,-4],[-11,-6],[4,-9],[-9,-2],[-1,4],[4,9],[8,7]],[[6667,9479],[0,-1]],[[6667,9478],[0,1]],[[7571,2459],[3,1]],[[7574,2460],[-3,-1]],[[7574,2460],[-3,-1]],[[7571,2459],[3,1]],[[7604,2500],[-8,-4],[-5,9],[8,4],[-1,-7],[6,-2]],[[7563,2556],[7,6],[6,0],[-1,-5],[-12,-1]],[[7554,2567],[5,-1],[4,-10]],[[7563,2556],[-3,6],[-6,5]],[[7526,3138],[-1,-4],[3,-5],[-9,-1],[0,9]],[[7519,3137],[5,-5],[0,5],[2,1]],[[7526,3138],[1,6],[-6,-2],[-2,-5]],[[7519,3137],[-2,12]],[[7517,3149],[8,5],[9,-7],[1,-8],[-9,-1]],[[7418,3616],[13,8],[6,16],[6,1],[-10,-13],[-3,-9],[-4,-1],[-2,-5],[-11,-7],[-8,-13],[0,-4],[-6,-1],[-3,-4],[-6,-1],[-4,-10],[3,-14],[-6,-6],[-4,30],[15,22],[-4,2],[0,9],[7,-5],[3,4],[5,1],[6,-3],[7,3]],[[7432,3644],[-1,-3],[-17,-7],[-4,2],[5,6],[7,-1],[10,3]],[[7432,3644],[6,3]],[[7438,3647],[-6,-3]],[[7438,3792],[1,0]],[[7439,3792],[-1,0]],[[7439,3792],[-1,0]],[[7438,3792],[0,14],[3,5]],[[7441,3811],[-2,-19]],[[7419,3827],[2,2]],[[7421,3829],[-2,-2]],[[7435,3824],[-3,0],[-2,7],[-6,6],[7,5],[0,-13],[4,-5]],[[7410,3838],[0,1]],[[7410,3839],[0,1]],[[7410,3840],[1,2]],[[7411,3842],[1,-1]],[[7412,3841],[2,-5],[7,-7]],[[7421,3829],[-2,-2]],[[7419,3827],[-6,-1],[0,7],[-3,5]],[[7410,3840],[0,-1]],[[7410,3839],[0,-1]],[[7410,3838],[-12,-8],[-5,0],[3,8],[4,-3],[4,4],[6,1]],[[7422,3846],[-3,1],[3,15],[3,-9],[-3,-7]],[[7412,3841],[-1,1]],[[7411,3842],[-5,2],[10,16],[1,-6],[-5,-13]],[[7389,3884],[1,0]],[[7390,3884],[5,-11]],[[7395,3873],[-5,1],[-1,10]],[[6933,7710],[-4,-1],[1,9],[-4,0],[-1,14],[-7,-2],[-3,9],[-7,3],[-7,0],[-2,6]],[[6899,7748],[10,-6],[5,0],[4,-9],[6,1],[3,-4],[0,-9],[5,-1],[1,-10]],[[6945,7735],[-2,2],[0,8],[6,-5],[1,-6],[-5,1]],[[6850,8416],[7,2],[0,-6],[-6,1],[-1,3]],[[6817,8443],[-6,-2],[8,17],[6,-3],[-8,-12]],[[6851,8448],[-4,3],[-2,9],[2,11],[4,-4],[2,-11],[-2,-8]],[[6854,8511],[5,1],[2,-10],[-6,1],[-1,8]],[[6833,8535],[-8,-3],[-2,8],[6,1],[4,-6]],[[6813,8598],[1,11],[9,-4],[0,-8],[-10,1]],[[6805,8674],[-2,8],[7,1],[3,-2],[-2,-10],[-6,3]],[[6787,8678],[4,-1],[1,-6],[-6,0],[1,7]],[[6770,8744],[-1,0]],[[6769,8744],[-2,0],[-1,5],[3,0],[4,-6],[8,2],[2,6],[5,2],[4,-4]],[[6792,8749],[1,-4],[-9,-1],[-1,-3],[-9,-1],[-2,4],[-2,0]],[[6807,8820],[1,-1]],[[6808,8819],[7,-14],[-7,-3],[-1,14],[-6,1],[-6,8],[-4,-1],[-6,7],[-9,1]],[[6776,8832],[-1,1]],[[6775,8833],[14,2]],[[6789,8835],[0,-4],[9,-2],[4,-7],[5,-2]],[[6808,8819],[-1,1]],[[6807,8820],[1,-1]],[[6773,8833],[2,0]],[[6775,8833],[1,-1]],[[6776,8832],[-3,1]],[[6789,8835],[4,2],[-1,6],[-5,0]],[[6787,8843],[4,4],[8,-4],[6,2],[1,-7],[-7,-1],[-3,-3],[-7,1]],[[6806,8878],[1,4]],[[6807,8882],[-1,-4]],[[6807,8882],[7,6],[5,-8],[-4,-3],[-8,5]],[[6775,8884],[7,2],[4,-1],[-2,-13],[-4,-5],[-3,4],[-2,13]],[[6798,8889],[-4,4],[-3,-6],[-2,10],[1,8],[3,2],[7,-12],[-2,-6]],[[6761,8905],[6,1],[-1,-6],[-6,-1],[1,6]],[[6788,8917],[1,-5],[-10,1],[-2,3],[0,8],[9,0],[2,14],[3,-3],[0,-12],[-3,-6]],[[6792,8954],[9,4],[0,-6],[-6,-3],[-3,5]],[[6770,8998],[4,1],[0,-10],[-6,0],[2,9]],[[6781,9013],[-9,3],[-4,11]],[[6768,9027],[4,-6],[6,-3],[3,-5]],[[6768,9027],[-4,2],[-14,-3],[-10,1],[-1,3],[9,5],[3,-5],[13,2],[4,-5]],[[6788,9125],[-6,10],[7,1],[-1,-11]],[[6748,9239],[3,2]],[[6751,9241],[-3,-2]],[[6740,9327],[1,-1]],[[6741,9326],[-1,1]],[[6745,9328],[-4,-2]],[[6741,9326],[-1,1]],[[6740,9327],[5,1]],[[6710,9399],[-6,-10],[-4,7],[6,4],[-3,5],[3,5],[4,-11]],[[6723,9507],[0,4]],[[6723,9511],[-1,1]],[[6722,9512],[-1,2]],[[6721,9514],[6,-1],[3,-8],[-7,2]],[[6717,9510],[-5,0]],[[6712,9510],[5,0]],[[6694,9509],[0,1]],[[6694,9510],[0,-1]],[[6802,9573],[-8,-7],[-3,4],[-9,-2],[4,-5],[0,-16],[-5,-2],[-1,-6],[-3,-5],[-3,5],[-5,2],[-1,9],[-11,3],[-1,4],[6,2]],[[6762,9559],[-4,5],[-13,-3],[2,-6],[-13,-2],[-2,-2],[0,-9],[-7,-1],[0,7],[-8,-3],[-12,-2],[-7,-9],[-3,-2],[1,-10],[3,-4],[7,-1],[7,1],[-1,-5],[-5,-1],[-5,5],[-8,-7]],[[6694,9510],[0,-1]],[[6694,9509],[8,-8],[10,9]],[[6712,9510],[5,0]],[[6717,9510],[5,2]],[[6722,9512],[1,-1]],[[6723,9511],[0,-4]],[[6723,9507],[-3,-1],[-1,-8],[-6,-1],[-7,3],[-7,-1],[-3,2],[-11,-3],[-4,-6],[3,-7],[1,-11],[-8,3],[2,6],[-1,14],[6,2],[-1,9],[-6,1],[1,7],[7,7],[0,11],[7,6],[5,10],[15,3],[3,6],[4,3],[8,0],[1,7],[10,3],[8,-6],[5,1],[7,4],[7,2],[7,-5],[8,1],[1,3],[8,3],[13,-2]],[[7657,2644],[1,0]],[[7658,2644],[1,-1]],[[7659,2643],[-2,1]],[[7641,2666],[7,3],[4,-3],[6,1],[2,-15],[0,-9]],[[7660,2643],[-1,0]],[[7659,2643],[-1,1]],[[7658,2644],[-1,0]],[[7657,2644],[-5,4],[3,4],[0,11],[-9,-2],[-5,5]],[[7638,2666],[3,0]],[[7641,2666],[-3,0]],[[7652,2763],[-3,-4],[1,-7],[-5,-6],[-5,4],[-1,7],[4,3],[-1,5],[-8,5],[1,17],[5,-4],[6,0],[7,-14],[-1,-6]],[[7619,2819],[0,2]],[[7619,2821],[0,-2]],[[7623,2828],[-4,-7]],[[7619,2821],[0,-2]],[[7619,2819],[-4,4],[3,4],[5,1]],[[7642,2869],[0,-7],[-4,-2],[4,-8],[1,-5],[-7,0],[-5,5],[2,12],[9,5]],[[7140,6663],[3,1],[12,1]],[[7155,6665],[-12,-3],[-3,1]],[[7089,6842],[2,2],[8,-1],[-7,-11],[0,-10],[-4,1],[1,12],[-11,-1],[-2,5],[5,2],[5,-2],[3,3]],[[7081,6876],[-4,1],[0,8],[5,1],[2,-5],[-3,-5]],[[7034,7605],[0,-1]],[[7034,7604],[0,1]],[[6962,7736],[0,-3],[-8,0],[1,4],[7,-1]],[[6879,8451],[3,-1],[0,-10],[-3,-1],[0,12]],[[6892,8478],[0,7],[9,-1],[2,-4],[-5,-4],[-6,2]],[[6861,8493],[9,2],[0,-6],[-9,4]],[[6855,8650],[1,8],[6,-1],[-2,-13],[-4,-1],[-1,7]],[[6842,8717],[2,2]],[[6844,8719],[1,-1]],[[6845,8718],[-3,-1]],[[6882,8725],[2,7],[6,-7],[-5,-3],[-3,3]],[[6854,8777],[5,3],[1,-9],[-6,2],[0,4]],[[6855,8833],[6,3],[1,-7],[-8,-1],[1,5]],[[6864,8858],[-3,-3],[-9,0],[-3,-12],[-5,1],[-2,7],[8,2],[10,10],[4,-5]],[[6831,8860],[-1,4],[12,9],[0,-13],[-9,-3],[-2,3]],[[6875,8883],[-12,-2],[-6,7],[-2,14],[5,3],[0,-19],[7,2],[5,-1],[3,-4]],[[6853,8943],[9,-2],[-1,-11],[-8,0],[0,13]],[[6833,8936],[-3,0],[-7,7],[2,4],[7,0],[4,-3],[1,-8],[-4,0]],[[6811,8970],[-10,8],[5,5],[7,-5],[-2,-8]],[[6820,9008],[-1,8],[2,4]],[[6821,9020],[5,-1],[-1,-7],[-5,-4]],[[6804,9114],[-2,6],[4,1]],[[6806,9121],[-2,-7]],[[6835,9130],[-5,0]],[[6830,9130],[5,0]],[[6806,9121],[0,6]],[[6806,9127],[-1,7],[7,2],[3,-19],[-3,-2],[-6,6]],[[6793,9121],[-1,5],[4,3],[2,-7],[-5,-1]],[[6835,9130],[-5,0]],[[6830,9130],[5,0]],[[6837,9145],[7,-5],[2,-10],[-5,0],[1,10],[-5,5]],[[6838,9148],[-1,-3]],[[6837,9145],[-2,3]],[[6835,9148],[3,0]],[[6827,9147],[5,6],[3,-5]],[[6835,9148],[-8,-1]],[[6787,9176],[5,4],[1,-8],[-6,4]],[[6774,9216],[6,5],[2,4],[10,1],[0,-5],[-7,0],[-4,-3],[-2,-5],[-5,3]],[[6811,9231],[-4,-4],[-6,5],[0,4],[7,0],[3,-5]],[[6776,9495],[5,-2],[1,-6],[-5,-12],[-5,1],[-1,13],[5,6]],[[7666,2743],[-1,6],[7,1],[1,-6],[-7,-1]],[[7670,2800],[-2,2],[-2,9],[6,-2],[3,-10],[-5,1]],[[7658,2804],[-8,1],[-2,-7],[-5,0],[-9,4],[1,5],[6,1],[2,5],[5,1],[8,-4],[2,-6]],[[7697,2820],[4,-1],[-2,-12],[-7,1],[-2,9],[1,5],[6,-2]],[[7653,2852],[0,1]],[[7653,2853],[0,-1]],[[7653,2853],[0,-1]],[[7653,2852],[-4,7]],[[7649,2859],[1,1]],[[7650,2860],[3,-7]],[[7665,2866],[-1,-6],[-4,-3],[-2,7],[7,2]],[[7648,2862],[2,-2]],[[7650,2860],[-1,-1]],[[7649,2859],[-1,3]],[[7665,2866],[0,4],[6,2]],[[7671,2872],[-6,-6]],[[7681,2876],[8,-2],[-1,-7],[-8,2],[-4,4],[5,3]],[[7648,2862],[-4,1],[-2,6]],[[7642,2869],[2,8],[5,1],[6,-7],[-9,-3],[2,-6]],[[7185,6664],[-2,1]],[[7183,6665],[2,-1]],[[7093,7108],[3,3],[-3,8],[-1,15],[4,3],[-1,6],[8,5],[0,-14],[-2,-5],[2,-5],[-6,-9],[1,-6],[-5,-1]],[[7100,7162],[7,3],[9,0],[2,-5],[-8,1],[-9,-1],[-1,2]],[[7089,7410],[2,7],[-1,8],[6,0],[-2,10],[4,-1],[1,-8],[-4,-3],[1,-5],[-7,-8]],[[7105,7420],[-8,-2],[0,5],[8,-3]],[[7081,7538],[0,2]],[[7081,7540],[4,-6]],[[7085,7534],[-4,4]],[[7079,7545],[2,-5]],[[7081,7540],[0,-2]],[[7081,7538],[-1,-4]],[[7080,7534],[-2,7],[1,4]],[[7058,7610],[2,3]],[[7060,7613],[4,3],[5,-5],[-1,-6],[1,-14],[9,-1],[5,-12],[-7,-1],[-2,4],[3,7],[-8,0],[-1,6],[-5,7],[-3,-2],[-2,11]],[[7034,7604],[0,1]],[[7034,7605],[0,-1]],[[7056,7604],[2,6]],[[7058,7610],[-2,-6]],[[7060,7613],[-5,6]],[[7055,7619],[4,-2],[1,-4]],[[6948,8462],[4,5],[4,1],[3,-5],[-11,-1]],[[6960,8647],[-5,5],[-1,8],[-6,1],[5,6],[7,-2],[-1,-9],[1,-9]],[[6920,8660],[6,-1],[-2,-7],[-4,0],[0,8]],[[6928,8676],[1,3]],[[6929,8679],[5,2],[1,-9],[-7,4]],[[6939,8733],[-3,-3],[-7,-1],[-2,3],[-1,8],[13,-7]],[[6912,8743],[1,9],[5,1],[5,-3],[2,-9],[-13,2]],[[6939,8785],[2,-6],[-9,1],[0,6],[7,-1]],[[6912,8783],[5,1],[1,-9],[-2,0],[-6,6],[2,2]],[[6916,8848],[-2,-8],[-10,-4],[-1,8],[2,7],[1,7],[10,-1],[0,-9]],[[6892,8846],[-7,-3],[0,7],[7,-4]],[[6905,8866],[-3,-1],[-3,12],[8,-1],[-2,-10]],[[6888,8864],[-9,0],[-4,19]],[[6875,8883],[4,3],[8,-5],[2,-11],[-1,-6]],[[6866,9051],[5,5],[7,-6],[-3,-2],[0,-5],[-6,-1],[-5,3],[2,6]],[[6945,9058],[-8,3],[-10,7],[-4,-1],[-15,4],[-8,0],[0,4],[-14,4],[-18,-2],[-4,-8],[-6,2],[-4,-4],[-3,3],[1,15],[4,6],[-3,9],[-14,-4],[-1,-3],[-5,-1],[-3,7],[-8,-1],[-2,-7],[-3,0]],[[6817,9091],[0,-4],[-7,-1],[-6,5],[-4,9],[9,-1],[8,6]],[[6817,9105],[-4,4],[2,7],[9,2],[4,7],[10,-1],[0,-5],[7,-1],[7,1],[0,-7],[-3,-1],[4,-10],[5,0],[4,-10],[6,-3],[12,-1],[8,-4],[10,0],[10,-6],[8,-2],[11,0],[2,-5],[9,-5],[4,-1],[3,-6]],[[6833,9107],[4,7],[-4,3],[-5,-8],[5,-2]],[[6883,9134],[5,5],[4,-3],[8,1],[8,4],[0,-5],[-14,-2],[-11,0]],[[6880,9190],[-1,-1]],[[6879,9189],[1,1]],[[6986,9247],[-6,1],[-1,7],[-6,-1],[-1,-6],[-4,-1],[-9,3],[0,-10],[5,-4],[-1,-11],[-9,0],[-7,6],[0,8],[-11,-2],[-2,6],[-6,-1],[-3,-7],[-10,2],[-4,-4],[1,-10],[-10,-4],[0,6],[6,2],[0,8],[2,6],[-18,-4],[1,-8],[-4,-4],[1,-16],[-4,-5],[1,-11],[-1,-4],[6,-2],[1,-4],[-14,-4],[-1,-7],[-12,-4],[-10,-10],[-10,-6],[0,-4],[-8,0]],[[6838,9148],[6,4],[-1,8],[7,3],[0,8],[-9,0],[-1,-4],[-15,-5],[-2,-9],[-11,-3],[-4,-13],[-9,11],[6,5],[-2,7],[-12,-2],[-9,5]],[[6782,9163],[-12,-1],[-2,-6],[-4,-3],[0,-5],[-11,-1],[-2,-6],[-5,-4],[-4,4],[4,5]],[[6746,9146],[5,2],[3,5],[6,0],[2,4],[2,11],[-3,5]],[[6761,9173],[1,4],[6,3],[4,-4],[1,-7],[15,0],[5,-7],[7,2],[11,-8],[3,2],[7,1],[1,9],[9,5]],[[6831,9173],[1,8],[9,0],[17,4],[8,0],[3,7],[-1,5]],[[6868,9197],[6,0],[-1,7],[4,4],[1,9],[9,2],[-2,7],[1,8],[6,5],[2,8],[12,-1],[6,5],[0,7],[8,-3],[8,-5],[5,2],[8,-2],[10,-6],[4,3],[-1,10],[5,-1],[5,-5],[8,5],[8,0],[2,-7],[4,-2]],[[6868,9180],[7,2],[4,7]],[[6879,9189],[1,1]],[[6880,9190],[1,4]],[[6881,9194],[-2,7],[6,5],[-4,4],[-3,-5],[-2,-10],[-8,-8],[0,-7]],[[6851,9323],[1,1]],[[6852,9324],[1,2]],[[6853,9326],[7,-5]],[[6860,9321],[-9,2]],[[6853,9326],[-1,-2]],[[6852,9324],[-1,-1]],[[6851,9323],[-1,7]],[[6850,9330],[3,-4]],[[6959,9532],[13,0]],[[6972,9532],[-3,-11],[-5,0],[-1,-7],[-3,-2],[3,-7],[7,2],[4,-4],[7,2],[3,-7],[6,3],[0,4],[10,5],[3,4],[8,-1]],[[7011,9513],[-5,-1],[-5,-9],[-10,-3],[-4,-4],[-7,-1],[0,-6],[8,-1]],[[6988,9488],[-3,-2]],[[6985,9486],[-8,-1],[-1,-6],[-7,0],[1,8],[6,-1],[1,6],[-4,8],[-11,1],[-4,-10],[-4,0],[-4,5],[-7,-1],[-1,-7],[-5,0],[-1,4],[-7,-2],[0,-8],[-4,2],[-8,-2],[2,-6],[-6,-2],[-2,3],[-6,-7],[-5,-1],[-4,-5],[0,-8],[12,-2],[5,-7],[0,-5],[4,-1],[5,6],[2,-9],[-3,-4]],[[6921,9434],[0,6],[-9,-1],[-1,6],[-3,1]],[[6908,9446],[0,6],[-8,3],[-11,-1],[-3,1],[-3,9],[-8,1],[-1,-12],[-6,-2],[-1,4],[-10,-1],[-3,4],[-5,-1],[1,-6],[15,2],[0,-9],[-12,-1],[-6,1],[-2,-3]],[[6845,9441],[-10,6],[-6,1],[-11,-1],[-2,-8],[-7,-2],[0,-3],[-12,-12],[-6,3],[-11,-7],[0,-7],[-6,5],[-14,-2],[1,5],[-12,-3],[0,7],[-6,0],[-2,-6],[-7,-8],[-3,-1],[-5,5],[-2,5],[-6,2],[-7,-1],[-4,-4]],[[6707,9415],[-5,4],[1,13],[-6,7],[-6,-1],[-1,-7],[-8,3],[-5,8],[6,12]],[[6683,9454],[3,-2],[1,-8],[7,7],[10,1],[4,-6],[10,3]],[[6718,9449],[-1,-4],[6,-3],[10,-1],[8,-3],[3,8],[6,4],[2,7],[9,-1]],[[6761,9456],[4,-1],[2,5],[6,1],[2,-4],[7,1],[0,5],[8,3],[-1,7],[9,-6],[14,-2],[-5,-6]],[[6807,9459],[2,-3],[12,2],[3,2],[-2,9]],[[6822,9469],[2,-4],[5,1],[9,-10],[4,7],[6,-3],[3,5],[6,1],[-2,10],[-7,9],[-4,-1],[-6,-8],[-3,7]],[[6835,9483],[5,4],[-1,7],[5,3],[10,3],[0,-6],[7,-2]],[[6861,9492],[5,9],[16,4],[10,-1],[-1,6],[6,5],[-1,13],[12,4],[2,-8],[6,1],[4,-8],[12,2],[3,2],[2,-10],[7,-2],[2,20],[13,3]],[[6803,9460],[4,-1]],[[6807,9459],[-4,1]],[[6800,9455],[3,5]],[[6803,9460],[-3,-5]],[[6880,9481],[-2,-6],[11,1],[0,7],[9,1],[1,-3],[6,1],[7,3],[4,9],[-1,7],[-5,-1],[-1,-6],[-4,-1],[-2,6],[-9,-2],[-8,-9],[-5,-2],[-1,-5]],[[6927,9497],[-8,4],[-2,-3],[2,-7],[5,1],[3,5]],[[6873,9469],[-3,-2],[-7,-2],[-2,-3],[-7,-1],[2,-5],[5,2],[5,-1],[8,1],[-1,11]],[[6761,9444],[-1,9],[-5,-5],[6,-4]],[[6710,9421],[-2,7],[-4,-1],[0,-8],[6,2]],[[6718,9422],[-2,4],[-6,-5]],[[6710,9421],[8,1]],[[6792,9428],[6,3],[0,3],[7,1],[-3,6],[-7,-2],[-8,-3],[0,-5],[5,-3]],[[6733,9420],[-7,-3],[5,-6],[4,0],[-2,9]],[[6774,9426],[-1,-6],[7,0],[0,4],[-6,2]],[[6815,9494],[-2,5],[0,11],[7,0],[0,-16],[-5,0]],[[6838,9510],[-8,-8],[-5,2],[0,13],[4,6],[6,-2],[3,-11]],[[6834,9536],[-6,2],[1,7],[13,3],[4,-8],[-2,-6],[-10,2]],[[6814,9550],[1,-10],[-6,1],[-1,13],[6,-4]],[[6816,9550],[-2,0]],[[6814,9550],[2,0]],[[7751,2681],[-5,-5]],[[7746,2676],[-14,7],[-1,10],[8,2],[4,-7],[8,-7]],[[7751,2681],[-4,9],[-1,8]],[[7746,2698],[4,-10],[1,-7]],[[7719,2714],[0,1]],[[7719,2715],[0,-1]],[[7719,2715],[0,-1]],[[7719,2714],[0,1]],[[7743,2730],[-2,-2]],[[7741,2728],[2,2]],[[7743,2730],[-2,-2]],[[7741,2728],[-3,9],[6,1],[-1,-8]],[[7720,2756],[-10,-5],[-3,6],[12,3],[1,-4]],[[7696,2792],[8,5],[9,12],[4,0],[0,-6],[-4,-7],[0,-4],[5,-8],[-1,-7],[-6,0],[-6,5],[3,9],[-17,-3],[-4,9],[9,-5]],[[7714,2817],[2,9],[5,-3],[-7,-6]],[[7721,2888],[-5,0],[3,8],[8,-3],[-6,-5]],[[7738,2906],[-6,0],[-1,7],[5,5],[6,2],[2,-4],[-6,-10]],[[7675,3270],[3,1],[10,1],[-1,-4],[-10,0],[-2,2]],[[7675,3270],[-4,4],[-3,-6]],[[7668,3268],[-2,5],[7,2],[2,-5]],[[7659,3329],[2,3],[7,0],[-5,-16],[2,-22],[7,-9],[1,-5],[-6,0],[-3,4],[-3,23],[-3,5],[2,7],[-5,2],[4,8]],[[7226,6724],[-5,4],[2,5],[6,-2],[-3,-7]],[[7200,6722],[-3,6],[3,3],[5,-1],[-2,-7],[-3,-1]],[[7194,7157],[-5,3]],[[7189,7160],[-2,-9]],[[7187,7151],[-2,12],[3,10],[6,0],[-3,-8],[3,-8]],[[7162,7171],[-4,-7],[-4,9],[-1,12],[11,13],[-1,8],[4,-1],[1,-10],[-5,-2],[4,-17],[-5,-5]],[[7184,7181],[-4,3],[0,7],[5,0],[4,-5],[-5,-5]],[[7179,7207],[-2,-5]],[[7177,7202],[2,5]],[[7179,7207],[-2,-5]],[[7177,7202],[-5,2],[0,9],[7,-6]],[[7176,7228],[2,-1]],[[7178,7227],[-2,1]],[[7176,7233],[2,-6]],[[7178,7227],[-2,1]],[[7176,7228],[0,5]],[[7145,7232],[-7,2],[2,9],[8,1],[-3,-12]],[[7178,7269],[-3,4],[1,8],[5,-6],[-3,-6]],[[7155,7266],[3,6],[7,8],[3,1],[0,9]],[[7168,7290],[2,5]],[[7170,7295],[2,-16],[-4,1],[-13,-14]],[[7169,7331],[-7,-1],[0,8],[-5,13],[5,0],[3,-15],[4,-2]],[[7169,7334],[0,-3]],[[7136,7434],[0,2],[-10,5],[-2,14],[-5,10]],[[7119,7465],[9,-1],[-2,-13],[7,-3],[11,0],[1,-4],[-8,-7],[5,-2],[0,-10]],[[7142,7425],[10,-9],[15,1],[2,-14],[-3,-3],[-2,-12],[3,-12],[-4,-11],[1,-8],[2,-2],[1,-17],[4,0],[5,-4],[3,-7],[0,-11],[5,-8],[7,-4],[0,8],[-5,3]],[[7186,7315],[1,1]],[[7187,7316],[6,-3],[-2,-11],[-9,0],[-1,-9],[-8,0],[-3,2]],[[7170,7295],[-1,9],[7,7],[-1,5],[-6,15]],[[7169,7331],[0,3]],[[7169,7334],[-4,6],[0,12],[-3,5],[-4,-1],[-2,8],[1,6],[-1,13],[0,12],[5,3],[1,6],[-2,8],[-11,-2],[-4,5],[-6,-2],[-5,11],[2,10]],[[7161,7381],[-2,-8],[5,-1],[-3,9]],[[7115,7484],[5,3],[1,-6],[-4,-3],[-2,6]],[[7115,7484],[-3,1]],[[7112,7485],[3,-1]],[[7014,8518],[0,8],[4,2],[0,-10],[-4,0]],[[6953,8788],[10,-1],[0,-14],[-7,0],[-4,5],[1,10]],[[6977,8840],[-6,3],[1,6],[13,-3],[1,-3],[-9,-3]],[[6962,8851],[-1,1]],[[6961,8852],[1,-1]],[[6962,8851],[-1,1]],[[6961,8852],[1,-1]],[[6928,8933],[5,1]],[[6933,8934],[-5,-1]],[[6922,9009],[0,-1]],[[6922,9008],[0,1]],[[6922,9009],[0,-1]],[[6922,9008],[0,1]],[[6958,9059],[2,1],[13,2],[1,-2]],[[6974,9060],[-2,1],[-14,-2]],[[6945,9058],[7,1]],[[6952,9059],[-7,-1]],[[6958,9059],[-6,0]],[[6952,9059],[6,0]],[[6867,9419],[8,0],[-2,-8],[-3,0],[-3,8]],[[6921,9434],[1,-8],[-6,1],[-2,6],[7,1]],[[6905,9429],[-6,-3],[-1,7],[7,-4]],[[6879,9445],[4,-13],[-5,-1],[-3,11],[4,3]],[[6897,9450],[2,-6],[-8,-1],[-1,6],[7,1]],[[7670,3839],[-4,-1],[-1,7],[8,1],[-3,-7]],[[7303,6459],[-2,-3]],[[7301,6456],[2,3]],[[7298,6656],[4,-5],[14,10],[7,14],[9,-7],[8,-7],[1,-13],[12,3],[8,4],[0,-6],[10,4],[11,2],[4,4],[8,1],[11,18],[5,1],[1,-9],[6,-2],[0,11],[15,-2],[-1,-10],[4,-1]],[[7435,6666],[-3,-2],[1,-8],[-5,-3],[1,-10],[-5,-1],[-2,5],[-6,3]],[[7416,6650],[-13,7],[-6,-5],[-4,-10],[-12,2],[-2,3],[-10,-2],[0,-3],[-9,-1],[-4,-7],[-5,0],[-14,-3],[-8,0],[1,-11],[-5,2],[-1,7],[-7,-6],[-1,7],[-5,2],[-5,-4],[-17,1],[-8,7],[-5,0],[-5,7],[-6,2],[-2,7],[4,8],[-2,2],[-5,-8],[-7,0],[-14,-2],[-7,11],[-2,-1],[-8,7],[-8,-1],[-4,12],[7,12],[1,7],[5,0],[1,9],[4,7],[8,3],[5,-2],[16,4],[1,3],[11,1],[1,-8],[6,1],[8,-2],[3,-6],[3,4],[8,0],[5,2],[4,5],[4,1],[3,-8],[4,0],[2,-14],[-2,-4],[0,-6],[-3,-7],[-7,-7],[1,-16],[-11,-3]],[[7298,6656],[5,12],[-5,2],[-3,-3],[-2,-14],[5,3]],[[7260,6696],[9,-8],[3,2],[0,10],[-4,2],[-8,-6]],[[7293,6677],[5,8],[-1,4],[-5,4],[-5,-5],[1,-8],[5,-3]],[[7343,6643],[2,-7],[7,3],[1,7],[-10,-3]],[[7234,7170],[-6,1],[-2,7],[1,7],[7,1],[1,-7],[-4,-3],[3,-6]],[[7225,7227],[-4,7],[2,4],[6,-2],[-4,-9]],[[7204,7236],[2,-2]],[[7206,7234],[-2,2]],[[7187,7316],[-1,-1]],[[7186,7315],[-3,3],[-1,8],[5,1],[2,-9],[-2,-2]],[[7181,7346],[2,-5],[7,2],[3,-4]],[[7193,7339],[-9,0],[-4,3],[1,4]],[[7043,8670],[4,1],[9,-4],[6,7]],[[7062,8674],[-7,-9],[-6,0],[-6,5]],[[7047,8709],[6,1],[-2,-7],[-4,6]],[[7038,8713],[3,0],[1,-7],[-5,-2],[1,9]],[[7015,8766],[9,1],[2,-5],[-10,1],[-1,3]],[[7063,8821],[-5,-1],[-2,-4],[-5,-2],[-3,-6],[-8,-2],[0,18],[-8,4],[-6,-1],[-1,5],[-12,1],[0,6],[4,14],[6,1],[7,-3],[1,-10],[9,-4],[11,-10],[14,3],[0,-6],[-2,-3]],[[6978,8932],[2,2],[6,-8],[4,1],[3,-5],[-6,-4],[3,-4],[12,2],[3,2],[2,-10],[5,1],[9,-7],[7,1],[4,-3],[11,-1],[20,-22],[7,-2],[5,-6],[0,-8],[10,0],[9,-3],[5,-4]],[[7099,8854],[-6,3],[-11,-2],[-9,6],[0,7],[-12,0],[1,5],[-10,3],[-2,4],[-14,-1],[-3,12],[-5,2],[-7,-3],[-3,9],[-3,2],[-5,-3],[2,-8],[-5,-2],[-13,11],[-9,-1],[-9,7],[-6,-1],[0,10],[12,3],[1,9],[-5,6]],[[6984,8910],[1,-6],[11,1],[-2,4],[-10,1]],[[6976,9014],[12,0],[1,-5],[-10,-5],[-4,3],[-4,-3],[-4,5],[10,1],[-1,4]],[[7031,9027],[-10,-2],[1,-6],[-10,-4],[-6,-5],[-7,2],[2,5],[9,1],[7,4],[8,15],[4,-5],[2,-5]],[[6974,9060],[4,2],[4,-5],[15,1],[0,-2],[-11,-2],[-5,1],[-7,5]],[[6990,9335],[1,-6],[-3,-2],[-3,5],[5,3]],[[6961,9346],[0,-1]],[[6961,9345],[-2,-2]],[[6959,9343],[2,3]],[[6959,9343],[2,2]],[[6961,9345],[11,1],[1,-4],[-13,-5],[-1,6]],[[6956,9374],[-5,-8],[-1,9],[6,-1]],[[6939,9425],[-6,1],[5,8],[1,-9]],[[6958,9433],[-1,7],[5,2],[1,-5],[-5,-4]],[[7800,3066],[-2,-1],[-3,13],[5,9],[2,-7],[-1,-4],[1,-8],[-2,-2]],[[7790,3098],[1,-8],[-5,-1],[0,8],[4,1]],[[7756,3313],[-9,0],[-3,14],[6,-3],[1,-7],[5,-4]],[[7750,3335],[8,1],[-2,-6],[-6,5]],[[7739,3351],[6,-2],[5,4],[7,-3],[-16,-3],[-2,4]],[[7773,3433],[7,-5],[-6,-3],[3,-4],[3,-15],[4,-3],[0,-11],[7,-6],[1,-11],[-5,3],[3,8],[-8,3],[0,9],[-4,2],[-2,10],[-2,2],[-2,14],[1,6]],[[7773,3432],[0,1]],[[7771,3434],[1,-1]],[[7772,3433],[1,-1]],[[7773,3432],[-4,2],[-3,-3],[-2,3],[2,2],[5,-2]],[[7773,3433],[-1,0]],[[7772,3433],[-1,1]],[[7771,3434],[2,-1]],[[7774,3460],[9,-7]],[[7783,3453],[-11,1],[2,6]],[[7774,3460],[-3,-4],[-8,5]],[[7763,3461],[8,1],[3,-2]],[[7715,3759],[7,2],[-1,-6],[-6,4]],[[7735,3901],[-4,4],[5,8],[2,-14],[-3,2]],[[7665,4032],[-7,0],[0,7],[13,-2],[-6,-5]],[[7677,4042],[-4,-4],[-6,4],[-12,0],[-5,4],[8,4],[12,-8],[7,0]],[[7661,4070],[5,0],[8,-5]],[[7674,4065],[1,-7],[-6,-4],[-1,-4],[-12,2],[-4,-3],[-1,11],[2,7],[8,3]],[[7661,4070],[-7,0],[4,6],[-1,7],[4,1],[3,-12],[-3,-2]],[[7662,4088],[-11,-4],[-1,8],[11,5],[1,-9]],[[7689,4138],[3,7]],[[7692,4145],[3,-3],[-6,-4]],[[7359,6590],[-5,-5],[-5,-1],[-3,12],[5,1],[8,-3],[0,-4]],[[7278,7075],[-2,-2]],[[7276,7073],[2,2]],[[7303,7110],[2,-14],[-7,5],[-1,5],[6,4]],[[7113,8706],[8,2],[-3,-8],[-5,6]],[[7061,8761],[0,9],[7,0],[2,-4],[-5,-5],[-4,0]],[[7064,8808],[-7,-3],[-2,5],[4,3],[5,-5]],[[6986,9247],[4,-3],[9,1],[5,6],[24,4],[6,-10],[6,1],[3,4],[8,2],[0,-5],[-5,-3],[-6,-1],[-5,-3],[-8,5],[-1,4],[-7,0],[-3,-5],[-6,2],[-22,-4],[-2,5]],[[7026,9348],[7,3],[2,-5],[-7,-2],[-2,4]],[[7036,9352],[-1,0]],[[7035,9352],[1,0]],[[7036,9352],[-1,0]],[[7035,9352],[1,0]],[[7030,9421],[-6,-8]],[[7024,9413],[2,11],[4,-3]],[[7007,9438],[11,5],[1,-6],[-6,-3],[-6,4]],[[7023,9462],[-1,-8],[-4,0],[0,8],[5,0]],[[6999,9478],[6,5],[1,-6],[-3,-4],[-4,5]],[[7017,9522],[4,-5],[-5,-2],[1,7]],[[6986,9523],[-6,-4]],[[6980,9519],[0,4],[7,7],[1,5],[5,-1],[0,-4],[-7,-7]],[[7840,3255],[-1,-6]],[[7839,3249],[1,6]],[[7830,3259],[3,-2]],[[7833,3257],[-3,2]],[[7810,3443],[3,-3],[8,0],[1,-3],[-14,2],[-6,7],[-10,0],[4,6],[6,-1],[4,-8],[4,0]],[[7756,4200],[-11,8],[-11,4],[1,2],[11,-6],[10,-8]],[[7784,4217],[-9,-7],[-3,2],[4,7],[8,-2]],[[7494,6410],[-5,-1],[0,-11],[-3,-5],[-2,12],[2,7],[8,-2]],[[7425,6528],[0,3]],[[7425,6531],[0,-3]],[[7414,6533],[-3,4],[10,4],[-1,-7],[-6,-1]],[[7427,6576],[-3,-2],[-6,5],[-3,10],[-5,-1],[-5,3],[0,5],[3,5],[4,-2],[1,-8],[4,0],[4,-9],[6,-6]],[[7386,6604],[0,5],[5,2],[3,-6],[-8,-1]],[[7413,6641],[2,5],[5,0],[1,-7],[-8,2]],[[7446,6767],[1,-6],[-9,0],[1,4],[7,2]],[[7394,6812],[6,-2],[1,-6],[-10,2],[3,6]],[[7409,6844],[6,8],[3,-7],[-9,-1]],[[7394,6844],[-7,0],[-1,-5],[2,-22],[6,-5]],[[7394,6812],[-8,5],[-1,13],[-4,2],[-1,12],[-5,6],[-7,1],[-12,-2],[-4,-9],[1,-6],[4,-5],[1,-9],[-7,6],[-2,18],[-2,1],[-2,13],[3,3],[9,1],[0,8],[5,5],[0,5],[4,6],[4,0],[2,9],[6,-3],[5,-16],[-5,-6],[-4,5],[-3,-4],[-1,-8],[-4,-1],[-1,-10],[13,2],[4,-6],[8,-1],[4,-3]],[[7397,6916],[2,1]],[[7399,6917],[-2,-1]],[[7405,6916],[-6,1]],[[7399,6917],[6,-1]],[[7381,6918],[5,2],[1,-5],[-7,-3],[1,6]],[[7367,6947],[1,-1]],[[7368,6946],[-1,1]],[[7368,6946],[-1,1]],[[7367,6947],[1,-1]],[[7397,7051],[-1,1]],[[7396,7052],[1,-1]],[[7397,7051],[-1,1]],[[7396,7052],[1,-1]],[[7340,7113],[2,6],[6,0],[2,-5],[-10,-1]],[[7193,8573],[-9,-3],[-1,3],[10,0]],[[7175,8576],[-7,-5],[0,7],[7,-2]],[[7190,8604],[0,5]],[[7190,8609],[0,-5]],[[7191,8614],[-1,-5]],[[7190,8609],[1,5]],[[7191,8614],[-1,10],[4,2],[-3,-12]],[[7223,8628],[-7,-3],[-7,4],[0,6],[3,2],[6,-4],[7,1],[-2,-6]],[[7175,8650],[4,0],[0,-6],[-7,1],[3,5]],[[7191,8657],[3,-8],[-4,0],[-2,5],[3,3]],[[7052,9241],[6,6],[5,2],[2,-3],[-8,-6],[-5,1]],[[7097,9347],[4,2]],[[7101,9349],[0,-6],[-16,1],[0,6],[9,1],[3,-4]],[[7099,9351],[-2,-4]],[[7097,9347],[2,4]],[[7079,9351],[-3,5],[7,2],[0,-7],[-4,0]],[[7056,9367],[0,1]],[[7056,9368],[0,-1]],[[7128,9380],[-6,3],[-2,10]],[[7120,9393],[3,-8],[5,-5]],[[7077,9431],[1,6],[7,-2],[6,-5]],[[7091,9430],[-6,1],[-8,0]],[[7116,9432],[-2,5],[-6,-1],[0,7],[7,-5],[1,-6]],[[7056,9462],[2,3],[10,-2],[1,-7],[-6,0],[-1,-3],[-14,-1],[-3,11],[10,1],[1,-2]],[[7071,9466],[1,6],[3,0],[2,-5],[-6,-1]],[[7082,9472],[8,1],[1,-5],[-9,1],[0,3]],[[7099,9503],[-3,6],[2,11],[2,1],[3,-13],[-4,-5]],[[7091,9513],[0,-5],[5,-8],[-6,-1],[-9,7],[-1,18],[5,-2],[6,0],[0,-9]],[[7039,9508],[1,-4],[-7,-3],[-3,3],[-8,0],[0,7],[8,3],[9,-6]],[[7066,9515],[8,4],[1,-7],[-8,0],[-1,3]],[[7076,9532],[0,-3]],[[7076,9529],[-5,4]],[[7071,9533],[5,-1]],[[7056,9531],[-1,-6],[7,-4],[-16,-5],[-1,7],[-9,0],[-4,3],[-1,8],[8,-8],[14,0],[3,5]],[[7071,9533],[-6,2]],[[7065,9535],[6,-2]],[[7056,9531],[-1,3],[10,1]],[[7065,9535],[-9,-4]],[[7873,3610],[5,-2],[2,-4],[-1,-14],[-6,2],[4,6],[0,6],[-4,6]],[[7863,3625],[2,-4]],[[7865,3621],[-2,4]],[[7863,3625],[0,-10]],[[7863,3615],[-5,4],[5,6]],[[7900,3831],[-6,14],[5,1],[1,-15]],[[7811,4274],[4,-1],[3,-6],[-1,-8],[-7,3],[-4,7],[-6,-1],[-3,3],[14,3]],[[7676,5413],[-1,5]],[[7675,5418],[1,-5]],[[7645,5426],[-4,6]],[[7641,5432],[4,-6]],[[7620,5460],[10,7],[3,-3],[5,-18],[3,-14]],[[7641,5432],[-2,2],[-2,11],[-2,4],[-1,9],[-3,6],[-11,-4]],[[7532,6344],[-9,1],[2,5],[4,1],[3,-7]],[[7494,6410],[4,-1],[2,-11],[-5,1],[1,7],[-2,4]],[[7474,6878],[1,0]],[[7475,6878],[-1,0]],[[7454,6882],[4,-1],[0,-7],[-5,-1],[-2,7],[3,2]],[[7475,6878],[-1,0]],[[7474,6878],[-3,5],[5,2],[-5,9],[5,0],[2,-3],[0,-8],[-3,-5]],[[7440,6887],[4,-4],[-1,-4],[-4,0],[1,8]],[[7497,6898],[-4,-4],[-14,-2],[0,8],[14,-3],[4,1]],[[7430,6942],[-1,-1]],[[7429,6941],[1,1]],[[7469,7064],[7,1],[-1,-7],[-6,-1],[0,7]],[[7411,7301],[6,2],[0,-7],[-6,5]],[[7260,8537],[1,2]],[[7261,8539],[5,-5],[-2,-5],[-4,8]],[[7261,8539],[-1,-2]],[[7260,8537],[1,2]],[[7230,8559],[1,1]],[[7231,8560],[-1,-1]],[[7231,8560],[-1,-1]],[[7230,8559],[1,1]],[[7140,9356],[0,-3]],[[7140,9353],[0,3]],[[7131,9352],[-3,7],[6,-1],[-3,-6]],[[7264,9398],[-7,0],[-2,-4],[-19,-2],[-2,5],[-9,-2],[0,-7],[-7,-7],[-2,-5],[-8,-2],[0,-4],[15,3],[0,-11],[6,2],[15,3],[1,-10],[3,-3],[2,8],[5,1],[2,-6],[4,-7],[4,1],[2,6],[5,0],[3,-10],[-1,-19],[-3,2],[-8,-3],[-3,4],[-3,8],[-6,2],[-1,-8],[3,-3],[1,-9],[-5,-2]],[[7249,9319],[-5,-8]],[[7244,9311],[-1,1]],[[7243,9312],[3,5],[-3,9],[5,6],[-1,10],[-11,-6],[-6,-1],[-5,4],[-5,0],[-1,8],[-6,-3],[-2,8],[-4,-1],[-3,5],[-6,0],[-4,4],[-8,-2],[-6,-3],[-8,-1],[-1,-7],[10,-6],[1,-9]],[[7182,9332],[-8,-1],[-1,4],[-11,-3],[-2,6],[-4,-1],[-4,9],[-5,1],[0,-12]],[[7147,9335],[2,-10],[-4,-5],[6,-7],[-7,-1],[-3,9],[0,7],[-6,1],[-3,9],[7,1],[-1,8],[2,6]],[[7140,9353],[0,3]],[[7140,9356],[9,4],[6,0],[5,-3],[1,6],[5,5],[-6,1],[-6,-3],[-14,-2],[-7,0],[-9,-4],[-3,4],[-4,-5],[-5,10],[-1,-11],[8,-3],[-2,-7],[-6,-4],[-2,4],[-8,1]],[[7101,9349],[-2,2]],[[7099,9351],[-4,2],[0,9],[-2,5],[-7,-1],[0,7],[-9,-6]],[[7077,9367],[4,-5],[-11,-3],[-6,-7],[-5,8],[-3,7]],[[7056,9367],[9,-2],[-1,8],[-5,5],[-4,-1]],[[7055,9377],[1,-9]],[[7056,9368],[-11,-2],[-5,8],[-12,-1],[-4,3],[-6,-7]],[[7018,9369],[1,-3],[-7,-3],[-7,-4],[-2,10],[-5,4],[3,7],[13,1],[-2,11],[-4,-4],[-3,6],[9,2],[0,3],[-11,-2],[0,4]],[[7003,9401],[7,3],[6,5],[4,-1],[4,5]],[[7024,9413],[16,-3],[5,1],[10,5],[2,-2],[8,2],[7,-1],[5,-3],[6,6],[6,-4],[5,-7],[5,7],[4,3],[10,2],[3,13]],[[7116,9432],[5,-3],[2,7],[12,3],[4,-7],[-2,-9],[1,-9],[8,2],[3,-13],[7,-5],[9,5],[2,-6],[-4,-3],[-12,-4],[-2,5],[-5,-1],[-5,7],[-7,-3],[1,-7],[4,-6],[13,-7],[7,-1],[16,3],[4,1],[3,7],[8,2],[-5,7],[-8,6],[0,5],[10,5],[2,2],[8,2],[21,-4],[2,-4],[11,0],[3,-3],[8,-1],[-2,-11],[9,1],[1,4],[7,0],[9,3],[0,-4]],[[7077,9367],[-8,1],[-2,-5],[9,0],[1,4]],[[7035,9388],[3,-10],[10,-5],[7,4]],[[7055,9377],[-2,13],[-6,0],[-4,5],[-8,-7]],[[7128,9380],[3,-3],[8,0],[1,3],[-4,6],[-4,1],[-4,10],[-1,9],[-3,-2],[-2,12],[-7,-1],[1,-12],[4,-10]],[[7120,9393],[-6,-1],[-1,-10],[15,-2]],[[7065,9403],[3,-5],[3,2],[-2,6],[-4,-3]],[[7062,9389],[-5,10],[-3,-4],[3,-7],[5,1]],[[7216,9398],[-4,3],[-11,3],[-5,-7],[3,-7],[-19,-5],[-1,-7],[4,0],[13,2],[1,5],[8,-5],[3,-4],[7,2],[5,12],[4,2],[0,4],[-4,3]],[[7220,9399],[-4,-1]],[[7204,9373],[0,7],[-6,2],[-3,-9],[9,0]],[[7181,9367],[11,1],[2,8],[-22,-2],[2,-7],[7,0]],[[7229,9344],[3,5]],[[7232,9349],[-3,-5]],[[7153,9426],[-7,5],[1,8],[5,-5],[1,-8]],[[7182,9474],[-1,0]],[[7181,9474],[-5,-1],[-7,2],[-2,5],[-8,-1],[-7,-2],[-3,-4],[-10,-4],[-6,7]],[[7133,9476],[5,-4],[9,2],[1,4],[6,2],[17,2],[2,-4],[9,-4]],[[7133,9476],[-4,9],[-9,6],[-7,2]],[[7113,9493],[11,1],[2,-5],[4,-1],[3,-12]],[[7112,9518],[3,4],[9,6],[1,-6],[-3,-6],[-10,2]],[[7117,9536],[-1,-6],[-8,0],[0,4],[9,2]],[[7145,9558],[8,-3],[9,1],[0,-7],[-3,-5],[-8,-2],[-1,12],[-5,4]],[[7145,9558],[4,-8],[-1,-6],[-11,0],[-1,9],[9,5]],[[7873,4241],[6,-2],[0,-5],[-8,3],[-1,-4],[-6,0],[-1,7],[6,-1],[4,2]],[[7745,5411],[-2,6]],[[7743,5417],[2,-6]],[[7679,5566],[-2,8],[4,0],[1,-7],[-3,-1]],[[7519,6773],[3,1]],[[7522,6774],[-3,-1]],[[7525,7120],[3,1],[3,-7],[12,-6],[0,-13],[-6,2],[1,-18],[-2,-4],[-11,9],[-1,6],[-6,7]],[[7518,7097],[4,-4],[9,-2],[1,6],[0,10],[-11,0],[5,9],[-1,4]],[[7519,7099],[-1,-2]],[[7518,7097],[1,2]],[[7525,7120],[-2,-6],[-9,-4],[9,-8],[-4,-3]],[[7519,7099],[-5,6],[-4,17],[-2,10],[2,12],[5,-1],[4,5],[6,-1],[0,14],[7,2],[-3,15],[8,14],[6,5],[8,1],[2,-16],[6,-5],[6,0],[1,7],[-6,-1],[-6,2],[2,9],[-1,7],[6,8],[10,3],[7,-5],[3,-5],[-11,1],[-5,-6],[1,-6],[7,-1],[2,-3],[2,-11],[-3,-6],[-3,-3],[-16,-1],[-10,-9],[-5,-1],[-3,-9],[7,1],[2,-3],[8,-4],[8,2],[-1,-6],[0,-14],[-5,3],[-7,2],[-4,-5],[-4,5],[-13,-3],[-3,-5]],[[7454,7286],[-1,3],[8,3],[0,-4],[-7,-2]],[[7313,8543],[-9,-1],[-3,2]],[[7301,8544],[5,1],[7,-2]],[[7243,9312],[1,-1]],[[7244,9311],[-1,1]],[[7253,9374],[1,-2]],[[7254,9372],[-1,2]],[[7244,9375],[9,-1]],[[7253,9374],[-4,-2],[-5,3]],[[7244,9375],[-7,0],[-5,7]],[[7232,9382],[5,-3],[5,0],[2,-4]],[[7216,9398],[4,1]],[[7220,9399],[-4,-1]],[[7201,9399],[5,3],[0,-7],[-5,4]],[[7248,9425],[-2,6],[6,0],[2,-4],[-6,-2]],[[7181,9474],[1,0]],[[7182,9474],[9,-8]],[[7191,9466],[-4,-1],[-6,9]],[[7199,9478],[-5,-2],[0,9],[4,-1],[1,-6]],[[7240,9504],[0,3]],[[7240,9507],[0,-3]],[[7199,9513],[-3,-1]],[[7196,9512],[3,1]],[[7211,9515],[-6,2],[-6,-1],[1,6],[15,-1],[1,-5],[-5,-1]],[[7180,9530],[6,-7],[-1,-8],[3,-3],[8,0]],[[7196,9512],[-8,-3],[-4,3],[-2,12]],[[7182,9524],[-2,1]],[[7180,9525],[-3,1]],[[7177,9526],[-1,1]],[[7176,9527],[-4,6],[-4,0]],[[7168,9533],[9,0],[3,-3]],[[7176,9527],[1,-1]],[[7177,9526],[3,-1]],[[7180,9525],[2,-1]],[[7182,9524],[-5,-6],[-6,-1],[-1,6],[6,4]],[[7220,9546],[1,9],[4,0],[2,-10],[-7,1]],[[7207,9552],[8,5],[3,4]],[[7218,9561],[0,-4],[-4,-1],[1,-6],[-8,2]],[[7218,9561],[5,3],[-1,8],[-8,2],[-5,0],[-5,-9],[-5,-1],[0,-8],[2,-5],[6,1]],[[7207,9552],[-7,-2],[-3,-5],[-6,1],[0,9],[-11,1],[1,7],[12,-4],[2,8],[7,2],[-3,12],[7,1],[2,-5],[7,-1],[1,5],[11,2],[4,-1],[7,1],[1,4],[7,2],[5,-3],[7,6],[4,-6],[3,2],[2,-9],[-2,-5],[-1,-12],[12,3],[1,11],[5,4],[1,-11],[3,-2],[11,10],[6,1],[15,-5],[0,6],[8,1],[0,-4],[-3,-4],[-14,-4],[-12,-4],[-9,-9],[-2,-11],[-5,-6],[-1,4],[2,12],[0,9],[-10,-5],[-2,-9],[-10,-2],[-2,-7],[-3,3],[-5,-2],[-3,6],[-1,15],[-5,3],[-8,-2],[-14,-3],[-1,1]],[[7254,9575],[-2,5],[-8,-3],[-1,-4],[11,2]],[[8077,3714],[2,-5],[-9,-2],[-3,3],[2,9],[8,-5]],[[8038,3704],[1,4],[6,8],[1,-8],[-8,-4]],[[8048,3720],[-3,-2],[-6,5],[5,3],[4,-6]],[[8063,3795],[0,9],[3,1],[6,-9],[-9,-1]],[[8084,3878],[-3,3],[1,11],[4,3],[2,-8],[-4,-2],[0,-7]],[[8012,4270],[-3,-9]],[[8009,4261],[-2,4],[5,5]],[[7847,5412],[3,4],[1,8],[-2,8]],[[7849,5432],[7,0],[-1,-6],[9,-9],[-11,-5],[-6,0]],[[7850,5437],[1,-1]],[[7851,5436],[-4,-2],[-1,-6],[-6,-7]],[[7840,5421],[3,10],[-1,12],[6,-2],[2,-4]],[[7849,5432],[2,4]],[[7851,5436],[-1,1]],[[7850,5437],[0,4],[3,3],[1,-7],[-2,-4],[-3,-1]],[[7840,5532],[-6,-3],[-1,7],[7,-4]],[[7808,5535],[12,-12],[-1,-4],[-14,8],[-1,7],[4,1]],[[7791,5553],[7,-1],[4,-3],[1,-13],[-7,0],[1,5],[-5,6],[-1,6]],[[7365,9377],[-7,2],[-2,7],[7,-1],[2,-8]],[[7282,9369],[-4,5],[-6,3],[3,5],[3,-6],[4,4],[2,-6],[6,-2],[-4,-6],[-4,3]],[[7294,9375],[0,6],[5,1],[3,-4],[-8,-3]],[[7356,9476],[1,2]],[[7357,9478],[2,1]],[[7359,9479],[-3,-3]],[[7357,9478],[-1,-2]],[[7356,9476],[1,2]],[[7343,9538],[3,5],[5,-1],[2,-5],[-10,1]],[[7335,9552],[-4,2],[-1,5],[9,3],[1,-3],[-5,-7]],[[7323,9551],[-7,0],[-3,7],[10,6],[0,-13]],[[7312,9580],[1,0]],[[7313,9580],[-1,0]],[[8020,4639],[0,-8],[6,4]],[[8026,4635],[1,-1]],[[8027,4634],[3,-6],[-9,-2],[-4,-7],[5,-9]],[[8022,4610],[-4,5],[-6,1]],[[8012,4616],[3,9],[3,1],[-2,14],[4,-1]],[[8026,4635],[1,-1]],[[8027,4634],[-1,1]],[[7975,5259],[-4,-1],[-3,6],[6,1],[1,-6]],[[7915,5281],[2,-2]],[[7917,5279],[-2,2]],[[7917,5279],[-2,2]],[[7915,5281],[2,-2]],[[7923,5328],[0,-1]],[[7923,5327],[0,1]],[[7916,5338],[7,2],[3,-5]],[[7926,5335],[-3,-8]],[[7923,5327],[0,1]],[[7923,5328],[-2,6],[-5,4]],[[7905,5352],[3,6],[4,-1],[0,-7],[-8,-3],[1,5]],[[7883,5455],[3,13],[10,0],[1,-9],[-14,-4]],[[7945,5464],[-6,2],[-2,8],[6,2],[2,-12]],[[7879,5497],[-6,-7],[-1,10],[-8,4],[-1,12],[4,-3],[0,-5],[10,3],[4,-1],[6,-7],[-3,-5],[-5,-1]],[[7905,5801],[1,-1]],[[7906,5800],[-1,-2],[1,-9],[-5,-1],[-2,10],[6,3]],[[7905,5801],[0,2]],[[7905,5803],[1,-3]],[[7906,5800],[-1,1]],[[7900,5808],[5,-5]],[[7905,5803],[-5,5]],[[7896,5824],[4,-16]],[[7900,5808],[-3,6],[-1,10]],[[7896,5824],[-1,8],[9,3],[-2,-9],[-6,-2]],[[7683,7490],[2,7],[5,9],[-2,9],[-8,2],[3,6],[-2,14],[1,8],[5,0],[0,-7],[-2,-6],[12,-10],[-3,-3],[2,-13],[-2,-17],[-5,-1],[3,-20],[-4,4],[-9,-4],[-2,-7],[7,-19],[0,-6],[4,-5],[3,-13],[-4,-2],[-7,3],[-5,20],[-7,-5],[-4,7],[3,6],[-1,7],[-5,0],[-7,-5],[-3,9],[-1,9],[4,1],[-1,8],[5,4],[3,-6],[4,-1],[7,1],[6,-3],[1,7],[4,1],[0,11]],[[7662,7462],[4,-2],[2,-9],[9,-11],[1,7],[-10,10],[-2,6],[-4,-1]],[[7444,9332],[-1,6],[-4,3]],[[7439,9341],[6,-2],[-1,-7]],[[7440,9381],[-7,7],[-8,0],[0,7],[2,5],[7,0],[0,-9],[5,1],[3,-3],[10,1],[2,-9],[-14,8],[-4,-1],[4,-7]],[[7433,9410],[10,0],[1,-6],[-6,0],[-5,6]],[[7413,9406],[0,-4],[-14,-1],[-4,-3]],[[7395,9398],[0,4],[-4,4],[3,4]],[[7394,9410],[-1,8],[8,-4],[1,-8],[11,0]],[[7419,9471],[7,4],[0,-13],[-6,1],[-1,8]],[[7367,9498],[6,8],[10,3],[6,-2]],[[7389,9507],[-16,-4],[-6,-5]],[[7383,9523],[2,6],[6,-2],[0,-8],[-6,-1],[-2,5]],[[7388,9548],[-6,0],[0,7],[6,0],[0,-7]],[[7351,9574],[1,7],[6,-5],[-7,-2]],[[8130,4242],[2,-12],[-6,2],[1,6],[3,4]],[[8164,4910],[-6,-2],[-6,3],[-5,-1],[-2,6],[4,4],[8,-10],[7,0]],[[8008,5154],[4,-3],[0,-8],[-6,2],[-1,7],[3,2]],[[7986,5171],[4,1],[4,-7]],[[7994,5165],[5,-1],[2,-8],[-4,-1],[-3,8],[-5,-1],[-3,9]],[[8000,5191],[-5,5],[-1,7],[4,4],[2,-16]],[[7995,5219],[-10,2],[1,9],[9,-11]],[[8145,5249],[-2,-2],[-7,-1],[-4,5],[0,12],[-7,4]],[[8125,5267],[8,-3],[0,-12],[4,-5],[8,2]],[[8125,5267],[0,-8]],[[8125,5259],[-4,3],[4,5]],[[8084,5267],[8,-6]],[[8092,5261],[-4,1],[-4,5]],[[8084,5267],[-3,4],[-2,12]],[[8079,5283],[3,-11],[2,-5]],[[7987,5261],[-1,-5],[-4,1],[0,5],[5,-1]],[[7987,5295],[3,-7]],[[7990,5288],[-3,7]],[[7983,5301],[4,-6]],[[7987,5295],[-4,6]],[[7973,5299],[5,0]],[[7978,5299],[-5,0]],[[7983,5301],[-5,-2]],[[7978,5299],[5,2]],[[7985,5442],[5,5],[1,-8],[-5,-2],[-1,5]],[[8015,5458],[-5,2],[-1,6],[3,3],[3,-11]],[[7925,5799],[4,-8],[5,-4],[-6,-13],[1,-5],[-7,1],[0,3],[6,5],[-1,16],[-2,5]],[[7934,5836],[-9,-2],[-7,-13],[-5,1],[-2,-9],[-5,6],[3,8],[8,-1],[4,9],[6,3],[15,4],[1,5],[7,2],[-1,-8],[-15,-5]],[[7923,5848],[3,4],[6,2],[5,-3],[3,6],[2,-10],[-11,-2],[-1,5],[-7,-2]],[[7948,5854],[-2,6],[6,6],[19,0],[4,6],[6,-4],[11,-4],[0,-4],[-10,-4],[-3,0],[-11,-5],[0,-5],[-6,3],[-3,4],[-7,-2],[-4,3]],[[7619,9175],[-8,1],[-1,4],[8,-1],[1,-4]],[[7601,9208],[4,-1],[2,-6],[-5,-3],[-1,10]],[[7622,9357],[-7,2],[-12,-1],[-1,3],[-5,5],[-1,8],[-8,-5],[-3,-6],[6,-4],[1,-6],[-6,-3],[-1,7],[-5,6],[-3,9],[-5,-1],[-6,3],[-1,10],[9,-2],[-1,9],[7,4],[4,-9],[-1,-7],[6,2],[3,-4],[6,1],[1,-4],[8,-7],[11,-4],[4,-6]],[[7523,9396],[-4,-4],[-2,-7],[-8,1],[0,8],[7,-1],[1,14],[16,-4],[0,-9],[13,-3],[0,-8],[-4,-6],[-9,-2],[-7,6],[-3,15]],[[7482,9403],[-7,-3],[-1,7],[5,2],[3,-6]],[[7449,9424],[4,1],[3,-5],[-6,-1],[-1,5]],[[7488,9431],[6,11],[2,-7],[-3,-4],[-5,0]],[[8345,4632],[-1,-9],[-4,-2],[-4,-7],[-3,5],[-11,-2],[-6,2],[-1,3],[5,4],[9,2],[0,7],[10,4],[6,-7]],[[8336,4651],[2,-1]],[[8338,4650],[-2,1]],[[8335,4653],[3,-3]],[[8338,4650],[-2,1]],[[8336,4651],[-1,2]],[[8337,4730],[-3,-6]],[[8334,4724],[3,6]],[[8337,4730],[3,1]],[[8340,4731],[-3,-1]],[[8303,4730],[1,0]],[[8304,4730],[-1,0]],[[8305,4732],[-1,-2]],[[8304,4730],[-1,0]],[[8303,4730],[2,2]],[[8313,4731],[-6,4]],[[8307,4735],[6,-4]],[[8305,4732],[2,3]],[[8307,4735],[-2,-3]],[[8315,4742],[2,3]],[[8317,4745],[-2,-3]],[[8356,4762],[-9,-4],[-6,4],[-1,8],[13,1],[3,-9]],[[8312,5067],[8,-1],[1,-4],[-7,-6],[-4,3],[2,8]],[[8319,5075],[0,-2]],[[8319,5073],[-2,-4],[-5,-2]],[[8312,5067],[-3,0]],[[8309,5067],[8,3],[2,5]],[[8319,5073],[0,2]],[[8319,5075],[-1,10],[-10,-2],[-4,3],[4,6],[10,-2],[9,3],[3,7],[8,7],[6,1],[1,-7],[-6,-6],[-1,-7],[-9,-3],[1,-5],[-11,-7]],[[8257,5151],[5,2]],[[8262,5153],[-5,-2]],[[8261,5158],[1,-5]],[[8262,5153],[-3,3]],[[8259,5156],[2,2]],[[8211,5245],[-4,3]],[[8207,5248],[4,-3]],[[8179,5254],[-2,2],[-17,-3]],[[8160,5253],[15,5],[4,-4]],[[8122,5504],[-4,0],[0,7]],[[8118,5511],[4,-7]],[[8139,5503],[0,8],[4,3],[7,-1],[-1,7],[2,8],[-3,8],[4,5]],[[8152,5541],[2,1]],[[8154,5542],[6,-7],[-6,-3],[-1,-13],[0,-10],[-4,-5],[-10,-1]],[[8143,5551],[1,-1]],[[8144,5550],[-2,-6],[2,-13],[-5,-5]],[[8139,5526],[2,4],[-1,11],[-3,15],[6,-5]],[[8154,5542],[-2,-1]],[[8152,5541],[-5,-1],[-3,10]],[[8144,5550],[-1,1]],[[8143,5551],[1,4],[9,6],[-1,7],[7,2],[-5,-18],[0,-10]],[[8131,5550],[-4,0],[-2,5],[-5,4],[1,6],[6,2],[0,-10],[4,-7]],[[8022,6586],[9,-9],[0,-10],[-7,-6],[3,-7],[-7,0],[-1,3],[5,15],[-7,3],[-5,0],[-3,6],[8,3],[1,-7],[4,-2],[0,11]],[[7905,8055],[-4,-1],[1,-8]],[[7902,8046],[-3,8],[6,1]],[[7858,8153],[0,2]],[[7858,8155],[6,-1],[-1,10],[5,-3],[2,-9],[8,0],[-3,11],[7,6],[0,-8],[5,2],[14,2],[4,-5],[11,2],[2,-10],[5,3],[4,8],[4,0],[3,-10],[6,1],[1,-6],[-5,-2],[-1,-10],[-2,-6],[4,-2],[-1,-8],[-6,1],[-1,-7],[-7,0],[-3,-4],[1,-10],[-4,-6],[1,-4],[-8,-1],[-3,-7],[2,-6],[3,-1],[1,-8],[-3,-5],[1,-6],[-5,-1]],[[7905,8055],[4,3],[-1,6],[-7,8],[-3,16],[5,1],[-6,10],[-8,-1],[0,5],[5,3],[-2,7],[14,8],[-1,3],[-8,-2],[-10,1],[-4,3],[-9,0],[-3,2],[6,7],[-3,3],[-5,0],[-7,5]],[[7862,8143],[14,1],[1,-2],[27,5],[-1,-12],[4,-4],[4,1],[6,-12],[4,8]],[[7921,8128],[-3,5],[-11,3],[4,4],[8,1],[1,4],[7,0]],[[7927,8145],[-8,5],[-1,-5],[-7,-1],[-4,9],[-7,-4],[-10,5],[-1,-4],[-8,0],[-7,-2],[-3,3],[-13,2]],[[7858,8155],[0,-2]],[[7858,8153],[4,-10]],[[7862,8143],[-8,9],[4,3]],[[7760,9157],[3,0],[1,-8],[-4,0],[0,8]],[[7741,9248],[3,-25],[-1,0],[-3,25],[1,0]],[[7680,9331],[-3,0],[-10,-3]],[[7667,9328],[11,7],[3,7],[4,-3],[0,-5],[-5,-3]],[[7622,9357],[6,3],[5,-19],[-3,-2],[-1,12],[-7,6]],[[7625,9372],[2,8],[8,-1],[1,-6],[-6,-3],[-5,2]],[[7652,9398],[-2,-1]],[[7650,9397],[2,1]],[[7702,9466],[-5,3],[3,5],[3,1],[3,-8],[-4,-1]],[[7707,9480],[-5,-2],[-5,6]],[[7697,9484],[10,-4]],[[8411,4607],[-3,-3]],[[8408,4604],[3,3]],[[8396,4873],[-7,0],[0,5],[5,1],[2,-6]],[[8406,4885],[2,-2]],[[8408,4883],[-6,-1]],[[8402,4882],[4,3]],[[8406,4885],[2,-2]],[[8408,4883],[-2,2]],[[8498,4981],[1,0]],[[8499,4981],[-1,0]],[[8499,4981],[0,1]],[[8499,4982],[0,-1]],[[8474,4976],[-1,4]],[[8473,4980],[1,-4]],[[8499,4982],[-1,-1]],[[8498,4981],[1,1]],[[8463,4983],[9,0],[1,-3]],[[8473,4980],[-10,3]],[[8417,4980],[-5,-2],[-6,-5],[-1,5],[12,2]],[[8417,4980],[2,4],[8,3],[2,4],[9,1],[-8,9],[4,7],[-1,4],[4,3],[7,2],[6,-2],[-2,-9],[5,1],[1,-11],[2,-3]],[[8456,4993],[6,-3],[1,-7]],[[8463,4983],[0,-10],[5,-1],[3,-7],[-8,-3],[-3,-7],[-11,-2],[-3,4],[-2,8],[-4,0],[-6,3],[-10,-5],[0,7],[-3,12],[-4,-2]],[[8456,4993],[-4,-4],[4,-6],[-3,-5],[-13,-3],[9,-9],[7,3],[2,5],[-2,19]],[[8456,5038],[2,-8],[-15,-2],[1,5],[5,4],[3,-5],[4,6]],[[8440,5043],[-5,-1],[0,7],[7,0],[-2,-6]],[[8456,5069],[-1,-10],[2,-12],[-5,-1],[-2,4],[-4,0],[-4,12],[4,1],[3,5],[7,1]],[[8365,5048],[4,6],[4,1],[2,-6],[-4,-4],[-6,3]],[[8337,5055],[4,11],[5,9],[2,-4],[-4,-5],[2,-3],[1,-11],[-7,-2],[1,-6],[-3,-7],[-7,-11],[-1,8],[2,9],[5,12]],[[8366,5070],[-6,2],[-2,4],[3,6],[4,-4],[1,-8]],[[8409,5085],[-1,4],[5,12],[5,1],[1,4],[15,-2],[-13,-6],[-1,-5],[-11,-8]],[[8376,5106],[5,-1]],[[8381,5105],[-5,1]],[[8386,5113],[2,-5],[-7,-3]],[[8381,5105],[5,3],[0,5]],[[8362,5107],[8,3],[6,-4]],[[8376,5106],[-4,2],[-10,-1]],[[8386,5113],[0,6]],[[8386,5119],[0,-6]],[[8392,5122],[-6,-3]],[[8386,5119],[6,3]],[[8394,5122],[2,2]],[[8396,5124],[-2,-2]],[[8394,5122],[-2,0]],[[8392,5122],[4,3]],[[8396,5125],[0,-1]],[[8396,5124],[-2,-2]],[[8460,5127],[-7,2],[-1,6],[3,6],[-2,13],[7,-1],[2,-14],[-3,-3],[1,-9]],[[8420,5182],[-2,5],[3,1],[1,-8],[-5,-4],[1,-8],[-5,3],[-9,0],[0,7],[16,1],[0,3]],[[7983,8001],[7,2],[0,-7],[-3,-2],[-4,7]],[[8513,4953],[-7,2],[-1,10],[8,0],[17,-11],[-8,-2],[-2,-5],[-7,6]],[[8596,4999],[-10,7],[4,6],[6,2],[-2,-8],[2,-7]],[[8517,4997],[3,5],[0,5],[4,3],[5,-2],[-1,-8],[-8,-6],[-3,3]],[[8668,5063],[0,-1]],[[8668,5062],[0,-1]],[[8668,5061],[-4,-4]],[[8664,5057],[4,6]],[[8668,5061],[0,1]],[[8668,5062],[0,1]],[[8668,5063],[5,5],[10,1],[6,5]],[[8689,5074],[-5,-6],[-9,-1],[-2,-6],[-5,0]],[[8696,5071],[6,5],[7,1],[2,4],[7,0]],[[8718,5081],[-1,-7],[-5,-3],[-8,-1],[-8,1]],[[8689,5074],[0,2],[14,5],[6,3]],[[8709,5084],[-9,-6],[-11,-4]],[[8630,5080],[-5,-3],[-1,9],[5,3],[6,-2],[-5,-7]],[[8584,5110],[-4,1]],[[8580,5111],[4,-1]],[[8648,5128],[1,-5],[8,3],[0,-6],[6,-2],[5,11],[11,2],[4,7],[7,-1],[-3,-9],[-18,-3],[-3,-6],[1,-8],[-6,-7],[0,-5],[-15,-5],[-5,16],[4,7],[-5,12],[8,-1]],[[8517,5103],[-4,6],[18,2],[0,-9],[-6,-2],[-2,-4],[-9,1],[3,6]],[[8557,5114],[-1,1]],[[8556,5115],[1,-1]],[[8584,5110],[-4,10]],[[8580,5120],[7,6],[1,-9],[-4,-7]],[[8554,5115],[2,0]],[[8556,5115],[1,-1]],[[8557,5114],[-3,1]],[[8486,5103],[8,2]],[[8494,5105],[-5,-3],[-3,1]],[[8561,5120],[2,6]],[[8563,5126],[-2,-6]],[[8678,5140],[-2,0],[-1,10],[9,0],[-6,-10]],[[8561,5120],[-2,7]],[[8559,5127],[2,-7]],[[8512,5120],[-1,0]],[[8511,5120],[1,0]],[[8554,5115],[-6,2],[-1,8],[6,3],[0,5],[5,1],[1,-7]],[[8559,5127],[-5,2],[-4,-5],[1,-7],[3,-2]],[[8512,5120],[-1,0]],[[8511,5120],[1,0]],[[8569,5137],[-7,4],[3,8],[6,1],[2,-11],[-4,-2]],[[8497,5133],[-8,13],[6,6],[1,-11],[7,-5],[-1,-11],[-4,2],[-1,6]],[[8684,5178],[-6,-6],[-2,12],[5,-1],[3,-5]],[[8666,5182],[1,-5],[4,-1],[3,-11],[-4,-3],[-8,-1],[-6,10],[-4,1],[5,7],[-4,12],[13,-9]],[[8706,5188],[-9,-5],[-6,3],[6,5],[4,8],[5,-11]],[[8522,5181],[3,3],[11,3],[2,-4],[-6,-7],[-9,-19],[-3,20],[2,4]],[[8684,5213],[-2,8],[8,-1],[0,-8],[3,-1],[-4,-13],[-4,6],[-1,9]],[[8680,5210],[-5,3],[-2,12],[7,-1],[1,-9],[-1,-5]],[[8493,5204],[1,-2]],[[8494,5202],[-1,2]],[[8494,5202],[-1,2]],[[8493,5204],[1,-2]],[[8647,5228],[5,6],[5,13],[9,-6],[-2,-5],[0,-4],[-1,-7],[-8,3],[-5,-5],[-3,5]],[[8663,5230],[-1,6],[-5,4],[-4,-4],[6,-5],[4,-1]],[[8477,6746],[2,7],[5,-4],[0,-5],[-7,2]],[[8141,8693],[1,-1]],[[8142,8692],[6,-3],[2,9],[7,0],[-6,-13],[-9,1],[-1,7]],[[8136,8702],[-2,-2],[-8,1],[1,-12],[-6,7],[-6,4]],[[8115,8700],[0,2],[11,3],[2,-3],[8,0]],[[8115,8700],[-5,3],[-1,7],[5,5],[10,3],[8,0],[1,-6],[12,-2],[0,-7],[-3,-11]],[[8142,8692],[-1,1]],[[8141,8693],[-5,9]],[[8136,8702],[2,0]],[[8138,8702],[-7,7],[-3,-5],[-8,8],[-1,-5],[-5,-2],[1,-5]],[[8742,5079],[3,7],[10,3],[-1,-6],[4,-9],[-16,5]],[[8742,5079],[-3,-3],[-7,3],[-2,6],[1,7]],[[8731,5092],[7,-11],[4,-2]],[[8731,5092],[-5,-1]],[[8726,5091],[5,1]],[[8751,5102],[-6,6],[5,4],[1,-10]],[[8827,5168],[4,-2]],[[8831,5166],[-4,2]],[[8827,5169],[0,-1]],[[8827,5168],[-5,-7],[-4,5],[-5,-3],[-1,7],[5,0],[7,7],[9,2],[3,-2],[0,-7],[-9,-1]],[[8842,5189],[1,-3]],[[8843,5186],[4,-4],[-2,-7],[-9,7],[0,6],[6,1]],[[8843,5186],[-1,3]],[[8842,5189],[1,-3]],[[8808,5192],[5,6],[2,-7],[-7,1]],[[8856,5223],[-3,-4],[2,-9],[-7,0],[6,12],[2,1]],[[8856,5223],[2,2],[6,-8],[-5,-1],[-3,7]],[[8750,5203],[9,-1],[-3,10],[7,3],[4,-1],[3,-5],[-9,-7],[0,-7],[-11,2],[0,6]],[[8866,5232],[6,3],[1,6],[10,2],[3,3]],[[8886,5246],[-4,-6],[-8,0],[-1,-8],[-7,0]],[[8898,5262],[-1,2],[19,4],[0,-3],[-8,0],[-10,-3]],[[8902,5363],[2,-3]],[[8904,5360],[-2,3]],[[8902,5363],[-5,1],[-1,6]],[[8896,5370],[6,-7]],[[8893,5385],[1,5],[-1,8],[-2,2],[-1,10],[4,1],[6,-10],[-5,-4],[2,-9],[-4,-3]],[[8875,5421],[-4,7],[7,0],[-3,-7]],[[8661,5599],[-8,0],[0,5],[6,0],[2,-5]],[[8683,5759],[7,2],[1,-4],[-7,-1],[-1,3]],[[8846,6017],[8,-5],[0,-4]],[[8854,6008],[-8,9]],[[8834,6023],[9,-1],[3,-5]],[[8846,6017],[-4,4],[-8,2]],[[8445,7780],[-4,-1],[-8,5],[-1,8],[4,0],[12,13],[1,-11],[-4,-14]],[[8535,7947],[-1,8],[6,1],[4,-3],[-1,-10],[-4,0],[-4,4]],[[8532,7968],[-6,-5],[-3,7],[-6,4],[-4,-1],[-2,7],[8,1],[4,5],[-2,8],[4,2],[4,-4],[3,-20],[0,-4]],[[8454,8458],[2,0],[2,-8],[-5,-3],[-2,6],[3,5]],[[9069,5663],[4,7],[5,1],[2,-5],[-7,-4],[-4,1]],[[9115,5682],[0,-1]],[[9115,5681],[-5,1],[-8,-1],[0,6],[9,3],[4,-8]],[[9014,5671],[-9,7],[7,1],[2,-8]],[[9096,5698],[11,0],[-4,-9],[-7,5],[0,4]],[[9020,5692],[3,-1]],[[9023,5691],[-3,1]],[[9023,5691],[-3,1]],[[9020,5692],[3,-1]],[[9084,5729],[-2,4]],[[9082,5733],[2,-4]],[[9087,5771],[1,0]],[[9088,5771],[-1,0]],[[9088,5771],[-1,0]],[[9087,5771],[2,7]],[[9089,5778],[-1,-7]],[[9028,6012],[0,5]],[[9028,6017],[0,-5]],[[9120,5658],[4,0],[3,-5],[-7,-4],[-4,6],[4,3]],[[9123,5666],[1,1]],[[9124,5667],[-1,-1]],[[9115,5681],[0,1]],[[9115,5682],[7,-7],[2,-8]],[[9124,5667],[-1,-1]],[[9123,5666],[-3,9],[-5,6]],[[9113,5697],[2,1]],[[9115,5698],[1,2]],[[9116,5700],[-3,-3]],[[9116,5700],[-1,-2]],[[9115,5698],[-2,-1]],[[9113,5697],[3,3]],[[9159,5885],[-6,-1]],[[9153,5884],[1,1]],[[9154,5885],[5,0]],[[9154,5885],[-1,-1]],[[9153,5884],[1,1]],[[9194,5954],[-2,-7],[-7,-14],[-2,9],[2,7],[-1,8],[6,1],[4,-4]],[[9240,6006],[1,4],[7,7],[2,6]],[[9250,6023],[5,7],[8,1],[1,-4],[-10,-7],[-2,-5],[-12,-9]],[[9125,6027],[0,6],[7,2],[1,-3],[-8,-5]],[[9179,6059],[-4,-2],[-4,5],[7,2],[1,-5]],[[9194,6067],[-1,-1]],[[9193,6066],[1,1]],[[9170,6066],[-2,2]],[[9168,6068],[2,-2]],[[9168,6068],[2,-2]],[[9170,6066],[-7,1],[0,8],[6,-3],[-1,-4]],[[9276,6095],[5,1],[3,-5],[-1,-5],[-7,0],[0,9]],[[9229,6094],[9,4],[2,10],[-2,8],[8,6],[4,15],[2,3],[5,-3],[6,0],[1,-6],[-4,-6],[-6,-3],[1,-6],[-5,-2],[1,-12],[-4,-6],[-5,0],[-6,-8],[-5,-2],[-2,8]],[[9309,6224],[-2,-2]],[[9307,6222],[2,2]],[[9293,6260],[-14,-1]],[[9279,6259],[14,1]],[[9277,6264],[2,-5]],[[9279,6259],[-2,5]],[[9348,6282],[1,1]],[[9349,6283],[-2,-4]],[[9347,6279],[1,3]],[[9342,6287],[6,0],[1,-4]],[[9349,6283],[-1,-1]],[[9348,6282],[-1,-3]],[[9347,6279],[0,6],[-5,2]],[[9342,6287],[-2,6]],[[9340,6293],[2,-6]],[[9340,6293],[0,2]],[[9340,6295],[0,-2]],[[9387,6387],[1,-1]],[[9388,6386],[-1,-3],[-6,-9],[0,-4],[-8,-2],[-2,10],[11,1],[5,8]],[[9388,6386],[-1,1]],[[9387,6387],[1,6]],[[9388,6393],[1,-1]],[[9389,6392],[-1,-6]],[[9389,6392],[-1,1]],[[9388,6393],[5,10],[-10,2],[-7,7],[-2,11],[2,5],[0,14],[3,2],[0,7],[8,10],[8,2],[4,-21],[-3,-6],[-1,-10],[4,-4],[-1,-7],[-3,-4],[1,-10],[-3,-8],[-4,-1]],[[9385,6431],[-2,0],[1,-14],[7,4],[0,-9],[4,1],[-2,16],[2,17],[-4,7],[-5,-1],[-4,-6],[3,-15]],[[9416,6447],[5,4],[4,-7],[-1,-5],[-5,-4],[-1,-5],[-9,1],[-1,7],[8,4],[0,5]],[[9314,6476],[-5,0],[3,11],[3,-2],[-1,-9]],[[9412,6512],[-1,3]],[[9411,6515],[11,6],[2,6],[5,-4],[-2,-3],[0,-10],[-4,-2],[-10,1],[-1,3]],[[9406,6523],[5,1]],[[9411,6524],[-5,-1]],[[9420,6553],[-10,3],[0,5],[10,-1],[0,-7]],[[9381,6563],[0,3]],[[9381,6566],[0,-3]],[[9380,6566],[1,-3]],[[9381,6563],[-1,3]],[[9381,6566],[-1,0]],[[9380,6566],[1,0]],[[9361,6572],[-3,5],[6,4],[3,0],[-3,-10],[-3,1]],[[9359,6606],[0,7],[6,-5],[5,1],[1,-7],[-12,4]],[[9387,6618],[-3,1],[5,10],[6,0],[-8,-11]],[[9391,6636],[4,6],[2,-7],[-6,1]],[[9387,6665],[3,7]],[[9390,6672],[-3,-7]],[[9390,6672],[0,9]],[[9390,6681],[0,-9]],[[9381,6680],[5,4],[3,-6],[-4,-2],[-4,4]],[[9409,6684],[-3,0]],[[9406,6684],[3,0]],[[9400,6720],[-2,1],[0,9],[6,-4],[-4,-6]],[[9302,6875],[0,-5],[-5,-1],[-3,3]],[[9294,6872],[7,0],[1,3]],[[9294,6872],[-5,3]],[[9289,6875],[5,-3]],[[9379,6933],[8,1],[2,-8],[-6,2],[-2,4],[-4,-1],[2,-8],[-6,-3],[0,-8],[-4,-2],[-6,1],[-5,12],[11,5],[-2,7],[6,8],[2,-8],[4,-2]],[[9265,6914],[5,9],[7,2],[6,-3]],[[9283,6922],[-4,1],[-8,-1],[-6,-8]],[[9174,7080],[2,5]],[[9176,7085],[-2,-5]],[[9179,7088],[-3,-3]],[[9176,7085],[3,3]],[[9152,8299],[4,4],[4,1]],[[9160,8304],[-8,-5]],[[9143,8440],[-4,-12]],[[9139,8428],[3,11],[1,1]],[[9146,8451],[-3,-11]],[[9143,8440],[0,6],[3,5]],[[9098,8681],[-1,8],[4,-1],[5,-42],[1,-11],[-6,-5]],[[9101,8630],[3,7],[1,7],[-4,27],[0,10],[-3,0]],[[9452,6577],[3,5]],[[9455,6582],[-3,-5]],[[9463,6616],[-5,-6],[-7,0],[-3,6],[6,4],[3,7],[6,-11]],[[9440,6716],[0,-6]],[[9440,6710],[0,6]],[[9437,6722],[3,-6]],[[9440,6716],[-3,6]],[[9472,6724],[-1,6]],[[9471,6730],[1,-6]],[[9473,6735],[-2,-5]],[[9471,6730],[2,5]],[[9463,6758],[-4,-4],[1,-5],[-9,0],[4,6],[8,3]],[[9470,6781],[-3,3],[6,4],[2,-4],[-5,-3]],[[9438,6831],[3,3],[-1,8],[-4,2],[6,6],[1,13],[3,3],[-2,7],[-3,5],[7,8],[6,3],[11,-1],[-6,7],[6,2],[3,-5],[1,-8],[5,-1],[11,-8],[4,-2],[0,-6],[-4,-2],[2,-9],[2,-2],[-1,-7],[-11,-2],[-3,-6],[4,-2],[9,4],[7,13],[-4,8],[6,13],[-4,13],[-7,3],[-1,4],[-7,3],[-1,10],[3,7],[6,10],[3,7],[-11,1],[-3,9],[5,8],[7,8],[6,-3],[5,-26],[9,-5],[-2,10],[-2,1],[0,17],[6,-4],[5,-2],[4,-11],[-8,-3],[2,-11],[-4,0],[-1,-12],[-5,-14],[-3,-3],[4,-17],[-5,-13],[2,-8],[-3,-6],[-2,-14],[-6,-4],[-8,-3],[-10,6],[-9,4],[0,-9],[-10,-7],[-4,2],[0,9],[-9,-1]],[[9454,6850],[0,1]],[[9454,6851],[-3,10],[-6,0],[1,-11],[6,-6],[2,6]],[[9462,6857],[7,4],[-5,6],[-6,-3],[0,-6],[4,-1]],[[9481,6903],[7,6],[-1,8],[10,0],[-1,7],[-11,-2],[-4,-19]],[[9454,6851],[0,-1]],[[9454,6850],[0,1]],[[9385,6870],[-4,6],[9,3],[2,-8],[-7,-1]],[[9426,6904],[11,6],[5,-4],[7,1],[2,-5],[-10,3],[-12,-4],[0,-6],[-9,-1],[1,7],[5,3]],[[9468,6907],[-4,6],[7,4],[1,-4],[-4,-6]],[[9439,6919],[-7,-2],[-6,-13]],[[9426,6904],[-5,5],[-1,10],[8,0],[-1,5],[9,3],[3,-8]],[[9505,6954],[-1,8],[5,-2],[-4,-6]],[[9472,6999],[4,-5],[-7,-3],[-1,9],[4,-1]],[[9408,6995],[-4,1]],[[9404,6996],[4,-1]],[[9457,7014],[-4,-2],[-1,8],[9,2],[-4,-8]],[[9476,7033],[7,1]],[[9483,7034],[-7,-1]],[[9483,7034],[6,2]],[[9489,7036],[-6,-2]],[[9436,7045],[-1,0]],[[9435,7045],[-2,-7],[8,0],[-1,15],[12,2],[2,-3],[1,-16],[2,-6],[-10,0],[0,-6],[-8,-2],[-1,-5],[-6,-2],[-5,-9],[-6,-1],[-4,-8],[-3,2],[-6,-4]],[[9408,6995],[-4,1]],[[9404,6996],[-14,-6],[-6,0],[-6,-6],[-1,15],[10,3],[10,8],[13,2],[2,2],[-1,9],[-10,8],[4,4],[11,4],[2,-5],[6,16],[-3,11],[15,-2],[0,-14]],[[9435,7045],[1,0]],[[9436,7045],[-1,0]],[[9282,8116],[2,-5]],[[9284,8111],[-2,5]],[[9211,8642],[0,1]],[[9211,8643],[0,-1]],[[9211,8643],[0,-1]],[[9211,8642],[0,1]],[[9132,8779],[4,10],[2,-4],[-6,-6]],[[9134,8796],[-7,21],[3,0],[6,-17],[-2,-4]],[[9126,8820],[3,5]],[[9129,8825],[-3,-5]],[[9131,8838],[-2,-13]],[[9129,8825],[-1,7],[3,6]],[[9163,8888],[-1,-2]],[[9162,8886],[-5,-2],[-7,-7],[-4,-8],[-9,-5],[-4,-10],[0,-12],[-2,-4]],[[9131,8838],[-2,6],[2,13],[6,9],[8,5],[7,11],[11,6]],[[9162,8886],[1,2]],[[9163,8888],[-1,-2]],[[9156,9116],[-3,1],[1,10]],[[9154,9127],[0,-8],[2,-3]],[[9526,7001],[-4,-5],[-4,-1],[-3,-5],[-2,-9],[-5,-1],[2,9],[-2,10],[1,9],[-7,4],[10,2],[3,3],[6,-3],[0,-5],[5,-8]],[[9530,7014],[-4,4],[-1,9],[4,-1],[3,-8],[-2,-4]],[[9496,7022],[1,5],[7,9],[1,-8],[-2,-4],[-7,-2]],[[9502,7041],[-2,-3]],[[9500,7038],[2,3]],[[9504,7048],[-4,-10]],[[9500,7038],[2,3]],[[9502,7041],[2,7]],[[9535,7063],[3,-12],[-3,-5]],[[9535,7046],[1,7],[-1,10]],[[9498,7057],[0,4]],[[9498,7061],[1,-1]],[[9499,7060],[-1,-3]],[[9523,7063],[-6,-3],[-6,5],[2,9],[6,-10],[4,-1]],[[9505,7064],[-4,-7],[3,-9]],[[9504,7048],[-2,0],[-3,12]],[[9499,7060],[-1,1]],[[9498,7061],[-3,4],[-4,14],[-4,1],[-5,9],[0,12],[-6,2],[0,4],[6,4],[4,-8],[5,-2],[3,-16],[7,-6],[-2,13],[13,-8],[-2,-6],[-4,-1],[-3,-6],[2,-7]],[[9528,7093],[-12,-2],[4,7],[6,-2],[2,-3]],[[9502,7098],[5,-6],[7,2],[1,-7],[-8,1],[-5,3],[0,7]],[[9520,7102],[2,1]],[[9522,7103],[-2,-1]],[[9522,7103],[-2,-1]],[[9520,7102],[-3,0],[-2,8],[-5,3],[-4,-1],[-1,-6]],[[9505,7106],[-2,10],[6,1],[5,-5],[5,0],[3,-9]],[[9504,7127],[-1,8]],[[9503,7135],[1,-8]],[[9502,7145],[1,-10]],[[9503,7135],[-3,2],[2,8]],[[9500,7148],[2,-3]],[[9502,7145],[-2,3]],[[9500,7151],[0,-3]],[[9500,7148],[0,3]],[[9493,7235],[-5,-1]],[[9488,7234],[1,2]],[[9489,7236],[4,-1]],[[9480,7239],[5,1]],[[9485,7240],[-5,-1]],[[9489,7236],[-1,-2]],[[9488,7234],[-3,6]],[[9485,7240],[4,-4]],[[9470,7275],[-1,1]],[[9469,7276],[1,-1]],[[9470,7275],[-1,1]],[[9469,7276],[1,-1]],[[9510,7346],[1,0]],[[9511,7346],[2,-4],[-13,-5],[3,6]],[[9503,7343],[7,3]],[[9510,7346],[1,0]],[[9511,7346],[-1,0]],[[9514,7401],[-3,-8]],[[9511,7393],[-1,3],[4,5]],[[9521,7497],[1,11]],[[9522,7508],[-1,-11]],[[9501,7494],[5,11]],[[9506,7505],[-2,-11],[-3,0]],[[9495,7503],[5,2]],[[9500,7505],[-5,-2]],[[9467,7502],[1,-4]],[[9468,7498],[-1,4]],[[9525,7511],[1,3]],[[9526,7514],[2,3]],[[9528,7517],[-3,-6]],[[9525,7519],[1,-5]],[[9526,7514],[-1,-3]],[[9525,7511],[-3,-3]],[[9522,7508],[2,11]],[[9524,7519],[1,0]],[[9528,7517],[1,5]],[[9529,7522],[-1,-5]],[[9525,7519],[-1,0]],[[9524,7519],[1,0]],[[9520,7519],[-3,10],[4,1],[-1,-11]],[[9554,7626],[4,-1]],[[9558,7625],[-4,1]],[[9558,7625],[-4,1]],[[9554,7626],[4,-1]],[[9578,7679],[7,4]],[[9585,7683],[-2,-4],[-5,0]],[[9339,8222],[-8,-6],[-9,-2],[0,5],[7,3],[1,6],[9,-6]],[[9493,8373],[-3,1],[-2,10],[7,1],[-3,-8],[1,-4]],[[9480,8425],[-3,-13],[-5,0],[2,10],[-3,7],[14,3],[-5,-7]],[[9453,8422],[2,4]],[[9455,8426],[-2,-4]],[[9488,8451],[-3,-4]],[[9485,8447],[3,4]],[[9320,8479],[0,-1]],[[9320,8478],[0,1]],[[9320,8479],[0,-1]],[[9320,8478],[0,1]],[[9607,7715],[3,9],[4,1]],[[9614,7725],[-7,-10]],[[9626,7828],[3,0],[3,-14],[-4,0],[-2,14]],[[9629,7830],[-3,-2]],[[9626,7828],[3,2]],[[9684,8068],[7,-1],[-3,-5],[-5,-2],[-3,5],[4,3]],[[9669,8052],[0,5]],[[9669,8057],[-3,-1],[-6,5],[1,4],[8,0],[1,6],[6,0],[3,-7],[-5,-9],[-5,-3]],[[9704,8093],[-6,2],[1,11]],[[9699,8106],[5,-8],[0,-5]],[[9714,8187],[6,21],[2,-2],[-7,-20],[1,-24],[-5,5],[2,5],[1,15]],[[9714,8187],[-1,4],[-7,2],[-1,7],[5,-1],[4,-12]],[[9685,8210],[-1,-2]],[[9684,8208],[1,2]],[[9704,8214],[-1,-4],[-12,0],[-7,-2]],[[9684,8208],[1,2]],[[9685,8210],[-1,11]],[[9684,8221],[2,-5],[18,-2]],[[9715,8311],[-3,-10],[-5,1],[-2,10],[2,2],[-1,14],[5,1],[6,5],[3,-5],[-4,-8],[-1,-10]],[[9543,8400],[-1,4]],[[9542,8404],[5,-5],[9,-18],[-2,-15],[7,-2],[1,5],[-1,7],[4,2],[-1,7]],[[9564,8385],[-2,-1],[-6,7],[-4,1],[3,18],[6,3],[1,-8],[7,-7],[13,2],[6,-4],[2,-9],[3,-2],[2,-18],[-7,-17],[-5,-5],[-2,-5],[4,-7],[-6,-1],[-1,-7],[-3,-6],[-8,-2],[-1,-4],[-6,2],[3,5],[-2,16],[3,10],[-1,6],[3,4],[-3,5],[-7,-2],[-7,6],[-5,-1],[-2,-18],[1,-9],[-7,0],[2,-7],[-2,-6],[-14,-5],[-1,6],[11,3],[-4,4],[2,3],[-2,10],[1,21],[3,1],[-1,7],[7,16],[-8,-2],[-4,-4],[-8,-1],[-3,-6],[-10,10],[3,5],[1,12],[6,3],[8,2],[7,-4],[6,5],[4,-8],[3,-2]],[[9564,8385],[4,1],[-1,2],[3,4],[-6,4],[1,-9],[-1,-2]],[[9580,8364],[1,4],[-4,7],[-4,-4],[7,-7]],[[9590,8412],[5,4],[7,-6],[1,-8],[1,-7],[-2,-1],[-1,-8]],[[9601,8386],[-2,11],[-3,6],[2,7],[-8,2]],[[9602,8421],[2,8],[3,1],[3,-9],[-8,0]],[[9529,8414],[-3,-2]],[[9526,8412],[3,2]],[[9526,8412],[-11,0],[-1,7],[9,0],[3,-7]],[[9576,8426],[-5,-5],[-10,-1],[-2,7],[12,5],[3,6],[9,2],[1,-8],[-8,-6]],[[9606,8442],[-2,-8],[-5,-2],[-1,9],[8,1]],[[9592,8472],[8,-2],[0,-8],[-10,6],[-4,-7],[-5,2],[5,9],[6,0]],[[9597,8475],[-5,-3]],[[9592,8472],[5,3]],[[9597,8479],[0,-4]],[[9597,8475],[0,4]],[[9518,8453],[6,14],[2,-2],[-6,-11],[-2,-1]],[[9552,8474],[-3,-5],[-7,-1],[0,6],[5,-2],[5,2]],[[9563,8479],[-3,-8]],[[9560,8471],[-1,3],[4,5]],[[9597,8479],[1,8],[-7,-1]],[[9591,8486],[4,5]],[[9595,8491],[0,2]],[[9595,8493],[1,1]],[[9596,8494],[5,0],[4,-12],[-8,-3]],[[9555,8480],[1,2]],[[9556,8482],[1,2]],[[9557,8484],[5,6],[2,-7],[-6,-6],[-4,2]],[[9554,8479],[1,1]],[[9552,8474],[-3,3],[-4,7],[7,8],[7,2],[-2,-10]],[[9557,8484],[-1,-2]],[[9556,8482],[-1,-2]],[[9555,8480],[-1,-1]],[[9554,8479],[-2,-5]],[[9596,8494],[-1,-1]],[[9595,8493],[0,-2]],[[9595,8491],[1,3]],[[9642,8505],[-3,7],[8,0],[1,-5],[-6,-2]],[[9653,8514],[0,3]],[[9653,8517],[1,6]],[[9654,8523],[1,0]],[[9655,8523],[1,-6],[-3,-3]],[[9652,8526],[2,-3]],[[9654,8523],[-1,-6]],[[9653,8517],[0,-3]],[[9653,8514],[-8,0],[1,5],[4,1],[2,6]],[[9664,8551],[3,8],[9,3],[2,-4],[-4,-6],[1,-9],[-8,-3],[1,-10],[-4,-8],[-9,1]],[[9655,8523],[-3,3]],[[9652,8526],[3,4]],[[9655,8530],[-1,14],[7,0],[-1,4],[4,3]],[[9642,8551],[-1,5],[6,5],[0,-8],[-5,-2]],[[9572,8578],[4,-4],[1,-8],[-5,-8],[2,-8],[-4,-3],[-5,5],[-7,-1],[-2,-3],[1,-9],[11,7],[1,-7],[-4,-6],[1,-4],[-6,-6],[-5,5],[-14,-6],[-5,-1],[-2,11],[9,4],[0,7],[-4,13],[-5,-5],[-9,0],[-1,6],[5,3],[0,5],[3,3],[0,4],[-7,1],[3,7]],[[9528,8580],[1,0]],[[9529,8580],[4,1],[7,7],[1,17],[10,5],[4,-26],[3,4],[-1,8],[6,2],[1,13],[5,-5],[1,-11],[6,-12],[-11,-1],[-2,-5],[9,1]],[[9572,8578],[4,2]],[[9576,8580],[-4,-2]],[[9674,8609],[-2,-7],[3,-10],[-9,-2],[3,8],[-2,6],[2,4],[-1,6],[6,1],[0,-6]],[[9623,8597],[-5,-10],[-4,5],[4,4],[-1,5],[4,7],[5,0],[4,3],[3,-4],[-4,-5],[-6,-1],[0,-4]],[[9528,8580],[1,0]],[[9529,8580],[-1,0]],[[9590,8598],[-2,7],[7,3],[1,-7],[-6,-3]],[[9613,8618],[2,10],[7,1],[-2,-7],[-7,-4]],[[9583,8658],[1,-16],[7,-9],[5,-3]],[[9596,8630],[-10,-1],[-13,13],[2,13],[8,3]],[[9583,8658],[-7,5],[-1,4],[13,3],[-5,-6],[0,-6]],[[9546,8969],[0,9],[4,2],[4,-6],[-8,-5]],[[9572,8988],[-4,-7],[-3,4],[3,5],[4,-2]],[[9528,9321],[1,-1]],[[9529,9320],[-1,1]],[[9529,9320],[-1,1]],[[9528,9321],[1,-1]],[[9736,8377],[4,5],[10,2],[1,-5],[-10,-3],[-5,1]],[[9766,8476],[3,-7],[-4,-11],[-6,-2],[7,20]],[[9775,8529],[-1,-6],[-4,-1],[-2,9],[8,3],[-1,-5]],[[9730,8535],[-5,4],[8,5],[1,9],[4,1],[3,-4],[7,1],[-2,-6],[-7,1],[-2,-6],[-7,-5]],[[9710,8570],[-4,7],[-1,6],[4,3],[3,-3],[3,5],[9,2],[-3,-9],[3,-17],[4,-6],[-6,-12],[-1,-8],[-7,3],[-6,6],[-2,16],[6,1],[-2,6]],[[9752,8604],[3,-1]],[[9755,8603],[-7,-4],[-12,-2],[1,8],[8,-2],[7,1]],[[9738,8653],[5,2]],[[9743,8655],[0,-1]],[[9743,8654],[0,-1]],[[9743,8653],[-1,-6],[3,-8],[-4,-6],[2,-7],[9,3],[5,-4],[4,-5]],[[9761,8620],[2,-5],[-7,-5],[-1,-7]],[[9755,8603],[-3,1]],[[9752,8604],[-7,9],[-8,5],[-3,6],[7,3],[-3,5]],[[9738,8632],[-6,-2],[-4,-6],[-5,9],[13,0],[-1,13],[3,7]],[[9738,8632],[5,7],[-4,4],[-1,-11]],[[9784,8652],[-9,0],[-1,8]],[[9774,8660],[10,-8]],[[9753,8657],[1,-1]],[[9754,8656],[-1,1]],[[9743,8653],[0,1]],[[9743,8654],[0,1]],[[9743,8655],[0,-2]],[[9785,8665],[3,-3]],[[9788,8662],[-3,3]],[[9688,8648],[0,-8],[-4,1],[4,7]],[[9774,8660],[-5,3]],[[9769,8663],[-1,1]],[[9768,8664],[0,1]],[[9768,8665],[6,-1],[0,-4]],[[9754,8656],[-1,1]],[[9753,8657],[1,-1]],[[9738,8653],[-4,5]],[[9734,8658],[4,-5]],[[9762,8668],[6,-3]],[[9768,8665],[0,-1]],[[9768,8664],[1,-1]],[[9769,8663],[-4,-1],[-3,6]],[[9751,8669],[1,-5]],[[9752,8664],[-1,5]],[[9752,8664],[-1,5]],[[9751,8669],[-4,5]],[[9747,8674],[1,1]],[[9748,8675],[0,8],[11,-8],[-7,-11]],[[9748,8675],[-1,-1]],[[9747,8674],[1,1]],[[9774,8696],[-2,10],[5,0],[-3,-10]],[[9729,8703],[2,2],[6,-2],[-5,-6],[-3,6]],[[9673,8694],[1,-1]],[[9674,8693],[-4,1]],[[9670,8694],[3,0]],[[9755,8715],[2,-2],[8,0]],[[9765,8713],[1,-2]],[[9766,8711],[-7,-4],[-4,8]],[[9673,8694],[1,-1]],[[9674,8693],[-1,1]],[[9766,8717],[3,-3]],[[9769,8714],[-3,-3]],[[9766,8711],[-1,2]],[[9765,8713],[1,4]],[[9769,8714],[-3,3]],[[9766,8717],[3,-3]],[[9755,8715],[-3,3],[3,5],[-4,3]],[[9751,8726],[7,-1],[2,-5],[-5,-5]],[[9753,8730],[-2,-4]],[[9751,8726],[2,4]],[[9774,8791],[-1,-17],[4,-32],[-2,5],[-3,20],[-1,16],[3,8]],[[9765,8784],[1,12],[3,-3],[-4,-9]],[[9716,8833],[3,5],[6,-2],[-3,-10],[1,-6],[-5,-1],[0,-7],[-2,-4],[-5,2],[-2,9],[7,3],[0,11]],[[9794,8845],[6,14]],[[9800,8859],[0,1]],[[9800,8860],[-6,-15]],[[9800,8860],[0,-1]],[[9800,8859],[0,1]],[[9772,8873],[8,11],[5,1],[3,-3],[4,-15],[-3,-6],[-13,-3],[1,7],[-5,8]],[[9742,8867],[-6,6],[6,4],[0,-10]],[[9742,8972],[-10,-1],[-6,13],[8,3],[-4,5],[-1,10],[6,3],[7,5],[-2,17],[7,-1],[9,4],[3,-6],[-3,-5],[-6,-2],[3,-9],[7,0],[2,-12],[-1,-11],[-3,-2],[-7,4],[-4,-7],[1,-4],[-6,-4]],[[9677,8995],[-1,6],[5,1],[3,-5],[-6,-6],[-1,4]],[[9728,9040],[4,0],[3,-5],[-1,-5],[2,-11],[-3,-8],[-5,2],[-3,10],[1,5],[-2,12],[4,0]],[[9713,9060],[4,-5],[-7,-12],[1,-7],[-6,0],[-7,-14],[-5,-5],[-1,15],[-4,10],[5,3],[3,-5],[7,0],[0,5],[5,1],[0,8],[5,6]],[[9705,9056],[-2,-3]],[[9703,9053],[2,3]],[[9722,9065],[8,2],[2,-4],[-4,-7],[-6,9]],[[9703,9059],[2,-3]],[[9705,9056],[-2,-3]],[[9703,9053],[-1,-5],[-8,-1],[-2,9],[-5,2],[-3,4],[9,1],[4,-5],[6,1]],[[9655,9041],[-11,4],[-4,-1],[0,7],[7,2],[0,7],[4,-1],[4,-18]],[[9658,9070],[2,1]],[[9660,9071],[-2,-1]],[[9753,9080],[-4,-8],[-7,-2],[-5,5],[1,7],[-1,11],[8,3],[1,9],[3,2],[5,-1],[1,-8],[-3,-11],[1,-7]],[[9711,9092],[-18,-2],[-2,-3],[1,-7],[10,4]],[[9702,9084],[-2,-5],[-5,-1],[0,-8],[-7,-2],[-7,6],[-5,-2],[-3,7],[-6,-10],[-1,10],[5,7],[5,-3],[8,3],[-4,15],[-6,0],[-2,6],[-5,-1],[-5,-7],[-3,15],[-5,1],[-6,-5],[-4,0],[-7,6],[13,2],[-1,11],[5,3],[4,-4],[7,4],[14,2],[16,-7],[5,2],[0,-7],[-3,-6],[0,-7],[8,0],[2,-7],[5,-1],[-1,-9]],[[9688,9118],[-4,2],[-4,-10],[6,-2],[7,1],[0,5],[-5,4]],[[9712,9133],[-3,-7]],[[9709,9126],[3,7]],[[9717,9147],[1,-1]],[[9718,9146],[-1,1]],[[9718,9146],[-1,1]],[[9717,9147],[1,-1]],[[9677,9149],[-5,6],[6,2],[-1,-8]],[[9729,9162],[-2,7],[5,0],[1,-8],[-4,1]],[[9713,9172],[0,-6]],[[9713,9166],[0,6]],[[9632,9206],[1,-1]],[[9633,9205],[-1,1]],[[9700,9211],[-1,14],[3,-1],[1,-8],[-3,-5]],[[9633,9205],[-1,1]],[[9632,9206],[1,-1]],[[9846,8987],[1,-1]],[[9847,8986],[-2,-2]],[[9845,8984],[1,3]],[[9847,8986],[-1,1]],[[9846,8987],[1,5]],[[9847,8992],[0,-6]],[[9847,8992],[1,3]],[[9848,8995],[-1,-3]],[[9810,9012],[2,2]],[[9812,9014],[-2,-2]],[[9780,9016],[1,-4],[9,2],[4,-3],[18,3]],[[9812,9014],[-2,-2]],[[9810,9012],[-6,-2],[-9,-1],[-6,4],[-7,-3],[-2,6]],[[9790,9066],[-6,-1],[2,10],[4,-3],[0,-6]],[[9793,9095],[-4,-3],[-8,4],[-1,9],[3,6],[7,1],[6,-7],[7,-3],[0,-4],[-10,-3]],[[9896,9146],[1,1]],[[9897,9147],[1,1]],[[9898,9148],[1,2]],[[9899,9150],[-3,-4]],[[9899,9150],[-1,-2]],[[9898,9148],[-1,-1]],[[9897,9147],[-1,-1]],[[9896,9146],[3,4]],[[9822,9142],[-5,0],[-10,8]],[[9807,9150],[4,2]],[[9811,9152],[11,-10]],[[9811,9152],[-4,-2]],[[9807,9150],[4,2]],[[9807,9184],[-1,-4]],[[9806,9180],[1,4]],[[9825,9182],[-8,-3],[-8,2],[-2,3]],[[9807,9184],[-7,-6],[1,13],[-7,2],[-5,-2],[0,-8],[-7,-6],[3,-9],[4,-4],[2,-8],[9,-4],[-5,-3],[-3,3],[-5,-1],[-5,3]],[[9782,9154],[-7,3],[-1,11],[-8,0]],[[9766,9168],[0,17],[14,4],[2,6],[-1,7],[2,5],[0,8],[7,-4],[0,-6],[7,-1],[8,5],[4,0],[0,-12],[3,-6],[4,1],[4,9],[7,2],[3,-13],[-5,-8]],[[9915,9244],[0,2]],[[9915,9246],[0,-2]],[[9915,9244],[0,2]],[[9915,9246],[0,-2]],[[9904,9256],[5,3]],[[9909,9259],[-5,-3]],[[9909,9259],[7,4],[3,-4],[-10,-3],[0,3]],[[9912,9269],[-10,3],[1,4],[12,-2],[-3,-5]],[[9992,9460],[-2,9],[6,5],[-4,-14]],[[9780,9503],[5,4]],[[9785,9507],[-5,-4]],[[9776,9510],[5,-3],[-1,-4]],[[9780,9503],[-4,7]],[[9930,9536],[-2,5],[7,1],[1,-7],[-6,1]],[[9778,9514],[-2,-4]],[[9776,9510],[2,4]],[[9943,9612],[2,-6],[5,-38],[-1,0],[-6,44]],[[9941,9670],[-1,-20],[1,-7],[-3,-6],[2,-9],[5,-15],[-2,-1]],[[9943,9612],[-1,-7],[-3,-6],[4,-5],[-1,-4]],[[9942,9590],[-6,12],[3,6],[0,8]],[[9939,9616],[-2,6],[-2,22],[5,0],[-1,8],[2,18]],[[9941,9670],[-1,16],[1,13],[3,11]],[[9944,9710],[-3,-40]],[[9743,9685],[1,2]],[[9744,9687],[-1,-2]],[[9746,9692],[-2,-5]],[[9744,9687],[-1,-2]],[[9743,9685],[-3,4]],[[9740,9689],[-3,8],[-3,4],[7,3],[3,-10],[2,-2]],[[9949,9759],[0,2]],[[9949,9761],[2,2]],[[9951,9763],[1,-1]],[[9952,9762],[-3,-7],[0,-16],[-4,0],[3,8],[1,12]],[[9949,9761],[0,-2]],[[9949,9759],[0,2]],[[9952,9762],[-1,1]],[[9951,9763],[0,10],[4,-1],[-3,-10]],[[9927,9794],[-2,8],[5,0],[7,-11],[-5,-1],[-5,4]],[[9922,9828],[-6,-4],[-7,14],[0,9],[5,-1],[7,1],[3,-1],[4,-8],[-2,-8],[-4,-2]]],"transform":{"scale":[0.0012628601239204902,0.0009311541359808935],"translate":[140.9986593936456,-37.48842776581627]},"objects":{"NSW-water_observed":{"type":"GeometryCollection","geometries":[{"arcs":[[[0,1,2]],[[3,4,5,6]],[[7]],[[10,11,12]],[[13]],[[14,15,16,17,18,19,20,21,22],[23],[24],[25,26],[27,28],[29]],[[30,31,32,33]],[[34,35]],[[36,37,38,39,40,41]],[[42]],[[43]],[[44,45,46]],[[47]],[[48]],[[51]],[[52]],[[53]],[[54]],[[55]],[[56]],[[57]],[[58]],[[59]],[[60]],[[61]],[[62]],[[63]],[[64]],[[65]],[[66]],[[67]],[[68]],[[69]],[[70,71,72,73],[74]],[[79]],[[80]],[[81]],[[82]],[[83]],[[84]],[[85]],[[86]],[[87]],[[88]],[[89]],[[90]],[[91]],[[94]],[[95]],[[96]],[[97]],[[98]],[[99]],[[100]],[[101,102,103]],[[104]],[[105]],[[106]],[[111]],[[112,113,114,115,116],[119],[120],[121]],[[125,126,127,128]],[[129]],[[130]],[[135]],[[136]],[[137]],[[138]],[[139]],[[140]],[[141]],[[142]],[[143]],[[144]],[[145]],[[146]],[[147]],[[148]],[[149,150,151]],[[152]],[[153]],[[154]],[[155]],[[156]],[[157]],[[158]],[[159]],[[160]],[[161]],[[162]],[[167]],[[168]],[[169]],[[170]],[[171]],[[172]],[[175]],[[176]],[[177]],[[178]],[[179]],[[180]],[[181]],[[182]],[[183]],[[188,189,190,191]],[[192]],[[193,194,195,196],[197]],[[200,201]],[[204,205]],[[206,207]],[[210]],[[211,212]],[[213,214,215,216],[217]],[[220,221]],[[224,225]],[[226,227]],[[228,229,230,231]],[[232,233,234,235]],[[238,239]],[[240,241,242,243,244]],[[249,250]],[[251,252]],[[253,254]],[[255,256]],[[259,260,261]],[[264,265,266,267,268]],[[271]],[[272,273]],[[274]],[[277]],[[278]],[[279]],[[280,281,282,283]],[[284,285,286,287]],[[288]],[[289,290,291,292]],[[293,294,295,296,297,298,299],[300,301],[302,303,304,305],[306]],[[307]],[[308,309,310]],[[311,312,313]],[[318,319]],[[320]],[[321]],[[322]],[[323]],[[324]],[[325]],[[326]],[[329]],[[330]],[[331]],[[332]],[[333]],[[334]],[[335]],[[336]],[[337]],[[338]],[[339]],[[340]],[[341]],[[342]],[[343]],[[344]],[[345]],[[346]],[[347]],[[348]],[[349]],[[350]],[[351]],[[352,353]],[[354]],[[355,356,357,358,359]],[[364,365]],[[366]],[[367]],[[368]],[[369]],[[370]],[[373]],[[374,375,376]],[[377,378,379,380]],[[383,384]],[[385,386]],[[389,390,391]],[[392,393,394]],[[395,396,397,398]],[[399]],[[400,401]],[[402]],[[403]],[[404]],[[405]],[[406,407,408]],[[411,412]],[[413]],[[414,415,416,417,418,419],[420]],[[421]],[[422]],[[423]],[[424]],[[425]],[[426]],[[427]],[[428]],[[429]],[[430]],[[431]],[[432]],[[437,438,439]],[[440,441]],[[442]],[[443]],[[444,445]],[[446,447]],[[448]],[[449]],[[450]],[[451,452]],[[455]],[[456,457,458]],[[459,460,461]],[[464,465]],[[466,467,468]],[[469]],[[470,471,472,473,474],[475],[476]],[[477]],[[478]],[[479,480,481,482,483]],[[484,485,486]],[[487,488,489]],[[490]],[[491]],[[492,493,494,495,496,497],[498],[499]],[[500]],[[501]],[[506,507,508]],[[509,510,511]],[[512]],[[513,514]],[[515]],[[516]],[[517]],[[518]],[[519]],[[520]],[[521]],[[522]],[[523]],[[524]],[[525]],[[526]],[[527,528,529]],[[534]],[[535]],[[536]],[[537]],[[538]],[[539,540,541,542,543]],[[544,545,546,547,548,549,550,551,552],[553]],[[554]],[[555]],[[556]],[[557]],[[558]],[[559]],[[560]],[[561]],[[562]],[[563,564,565,566,567]],[[568,569]],[[570,571]],[[577,578]],[[579]],[[584]],[[585]],[[586]],[[587]],[[588]],[[589]],[[590]],[[593]],[[594]],[[595]],[[596]],[[597]],[[598]],[[599]],[[600]],[[601]],[[602]],[[603]],[[606]],[[607,608,609]],[[610,611]],[[612]],[[613]],[[614]],[[615]],[[616]],[[617]],[[618]],[[619]],[[620]],[[621]],[[622,623,624,625,626]],[[629]],[[630]],[[631]],[[632]],[[633,634]],[[635,636]],[[639,640,641]],[[642,643,644,645,646,647,648,649,650,651,652,653],[654,655,656,657],[658]],[[659,660,661,662,663]],[[664,665,666,667]],[[668]],[[669,670,671]],[[674]],[[675]],[[676,677,678]],[[679,680]],[[681]],[[682,683]],[[684,685]],[[690,691,692,693,694,695]],[[696,697]],[[703,704,705,706,707,708,709]],[[710,711,712]],[[713,714,715]],[[716,717,718]],[[719,720,721]],[[722]],[[725,726,727]],[[732,733]],[[734]],[[735]],[[736,737,738,739],[740],[741]],[[742,743,744,745,746,747,748,749,750,751,752,753,754,755,756,757,758,759,760,761,762],[763],[764],[765],[766],[767],[768]],[[769,770,771]],[[772,773,774]],[[775,776,777,778]],[[781]],[[782]],[[783]],[[784]],[[785]],[[786]],[[787]],[[788]],[[789]],[[790,791,792,793,794,795,796,797,798,799,800,801,802,803,804,805,806,807,808,809,810,811,812,813,814,815,816,817,818],[823],[824],[825],[826],[827],[828],[829],[830],[831],[832],[833],[834],[835],[836]],[[839,840]],[[841]],[[842]],[[843]],[[844]],[[845]],[[846]],[[847]],[[848]],[[849]],[[850]],[[851]],[[852]],[[853]],[[854]],[[855]],[[856]],[[857]],[[858]],[[859]],[[860]],[[861]],[[862]],[[863]],[[864]],[[865]],[[866]],[[869,870]],[[871]],[[872]],[[873]],[[874,875,876]],[[877,878]],[[879]],[[882,883]],[[884]],[[885,886,887,888]],[[889]],[[890]],[[893],[894]],[[895]],[[896]],[[897]],[[901,902,903,904,905]],[[906,907,908]],[[909,910,911,912],[913]],[[914,915,916,917,918,919,920]],[[921,922,923]],[[924,925,926]],[[927]],[[928,929,930,931,932,933],[934,935],[936]],[[937,938,939,940,941]],[[942]],[[943,944,945]],[[946,947,948,949]],[[950]],[[955]],[[956]],[[957]],[[958,959,960]],[[963,964]],[[965]],[[966,967,968,969],[970]],[[973]],[[974,975,976,977,978,979,980,981,982,983,984,985,986,987,988,989,990,991,992],[993],[994],[995],[996],[997]],[[1000]],[[1001]],[[1002]],[[1003]],[[1004]],[[1005]],[[1006]],[[1007]],[[1008]],[[1009]],[[1010]],[[1011]],[[1012,1013]],[[1014,1015]],[[1016,1017]],[[1018]],[[1019]],[[1020,1021]],[[1022,1023,1024]],[[1025,1026,1027,1028]],[[1029]],[[1030,1031,1032,1033,1034]],[[1035,1036,1037,1038,1039,1040,1041],[1042,1043,1044,1045,1046]],[[1049,1050]],[[1053,1054]],[[1057]],[[1058]],[[1059,1060,1061,1062,1063,1064]],[[1065,1066,1067,1068,1069,1070,1071,1072,1073,1074,1075,1076],[1079,1080]],[[1081,1082,1083,1084]],[[1085]],[[1086]],[[1091]],[[1092,1093,1094]],[[1095]],[[1096]],[[1100]],[[1101,1102]],[[1103]],[[1108]],[[1109]],[[1112,1113,1114,1115]],[[1116]],[[1117]],[[1118]],[[1119]],[[1120]],[[1121]],[[1122]],[[1123,1124,1125,1126],[1127]],[[1128]],[[1129,1130]],[[1135,1136,1137]],[[1138,1139,1140,1141,1142,1143,1144,1145,1146,1147,1148,1149,1150,1151,1152],[1153],[1154],[1155]],[[1156,1157]],[[1158]],[[1159]],[[1164]],[[1165]],[[1166,1167,1168,1169]],[[1170,1171,1172,1173]],[[1174,1175,1176]],[[1177,1178]],[[1179,1180]],[[1183,1184,1185]],[[1186,1187]],[[1188]],[[1189,1190,1191,1192,1193,1194,1195,1196,1197,1198,1199,1200,1201,1202,1203,1204,1205,1206,1207,1208,1209,1210,1211,1212,1213],[1214],[1215],[1216],[1217],[1218],[1219],[1220]],[[1221]],[[1222]],[[1223]],[[1224]],[[1225]],[[1226]],[[1227]],[[1228,1229]],[[1230]],[[1231]],[[1232]],[[1233]],[[1234]],[[1235]],[[1236,1237,1238,1239,1240]],[[1241]],[[1242]],[[1243]],[[1244]],[[1245]],[[1246,1247,1248]],[[1251,1252,1253]],[[1258,1259]],[[1260,1261,1262]],[[1263,1264]],[[1267,1268,1269,1270,1271,1272]],[[1273]],[[1274]],[[1275]],[[1276]],[[1277,1278,1279]],[[1282]],[[1283]],[[1284]],[[1285]],[[1286]],[[1287]],[[1288]],[[1289]],[[1290]],[[1291]],[[1292]],[[1293]],[[1294]],[[1298,1299,1300],[1295,1296,1297]],[[1301]],[[1302]],[[1303,1304,1305,1306]],[[1309,1310,1311]],[[1312,1313,1314,1315]],[[1316]],[[1317]],[[1318,1319]],[[1320,1321,1322]],[[1323,1324,1325]],[[1326]],[[1327,1328,1329]],[[1330]],[[1331]],[[1332]],[[1333]],[[1336,1337,1338,1339]],[[1340,1341,1342]],[[1343,1344,1345]],[[1348,1349,1350]],[[1351,1352,1353]],[[1354]],[[1355]],[[1356]],[[1357]],[[1358]],[[1363]],[[1364,1365]],[[1366]],[[1367]],[[1368]],[[1369]],[[1370]],[[1371]],[[1376]],[[1379,1380,1381]],[[1382,1383]],[[1386,1387]],[[1393,1394,1395,1396]],[[1397]],[[1398]],[[1399,1400]],[[1401]],[[1402]],[[1403]],[[1404,1405,1406]],[[1407,1408,1409,1410]],[[1413,1414]],[[1415]],[[1418]],[[1419]],[[1420]],[[1421,1422,1423,1424,1425]],[[1426,1427,1428]],[[1431,1432]],[[1433]],[[1438,1439,1440,1441]],[[1442,1443]],[[1446,1447,1448]],[[1453]],[[1454]],[[1455]],[[1456]],[[1457]],[[1458,1459]],[[1460,1461,1462]],[[1463]],[[1466,1467]],[[1470]],[[1473]],[[1476,1477]],[[1478]],[[1479,1480,1481]],[[1485,1486,1487,1488,1489,1490,1491,1492,1493,1494,1495,1496,1497,1498,1499,1500,1501,1502,1503,1504,1505,1506,1507,1508,1509,1510,1511,1512,1513,1514,1515,1516,1517,1518,1519],[1522],[1523],[1524]],[[1525,1526,1527,1528,1529,1530]],[[1533,1534]],[[1539]],[[1540]],[[1541]],[[1542,1543,1544]],[[1547]],[[1548]],[[1549],[1550]],[[1551,1552]],[[1553]],[[1560,1561,1562]],[[1563,1564,1565,1566]],[[1567]],[[1568]],[[1569]],[[1570]],[[1571,1572]],[[1575,1576,1577]],[[1578]],[[1579,1580]],[[1583,1584,1585,1586,1587,1588]],[[1589,1590,1591,1592,1593,1594,1595,1596,1597,1598],[1599]],[[1602,1603,1604,1605]],[[1606,1607,1608]],[[1609]],[[1612,1613,1614,1615,1616,1617,1618,1619,1620,1621,1622,1623,1624,1625,1626,1627,1628,1629,1630,1631,1632,1633,1634,1635,1636,1637,1638,1639,1640,1641,1642,1643,1644,1645,1646],[1649],[1650,1651],[1652],[1659,1660,1661]],[[1653,1654,1655,1656]],[[1664]],[[1665]],[[1666]],[[1667,1668,1669,1670,1671]],[[1680]],[[1681,1682]],[[1683,1684,1685,1686,1687,1688,1689,1690,1691,1692,1693,1694,1695,1696,1697,1698,1699,1700,1701,1702,1703,1704,1705,1706,1707,1708,1709,1710,1711,1712,1713,1714,1715,1716,1717,1718,1719,1720,1721,1722,1723,1724],[1725,1726,1727],[1728,1729],[1730],[1731],[1732,1733,1734,1735,1736],[1737],[1738],[1739,1740,1741,1742,1743,1744,1745,1746,1747,1748,1749,1750,1751,1752,1753,1754,1755,1756,1757,1758,1759,1760,1761,1762,1763,1764,1765],[1768,1769],[1770],[1771],[1772]],[[1773]],[[1774,1775]],[[1780,1781,1782]],[[1783,1784]],[[1787]],[[1788]],[[1789,1790]],[[1791,1792,1793]],[[1794,1795,1796]],[[1797,1798]],[[1801]],[[1802]],[[1805]],[[1806]],[[1807,1808,1809]],[[1810],[1811]],[[1812]],[[1813]],[[1814]],[[1815]],[[1816]],[[1817]],[[1818,1819,1820]],[[1825,1826,1827,1828,1829,1830,1831,1832]],[[1833]],[[1834,1835,1836]],[[1837,1838,1839,1840]],[[1841,1842]],[[1843]],[[1846]],[[1847,1848,1849,1850,1851,1852]],[[1853,1854,1855,1856]],[[1861]],[[1862]],[[1865,1866,1867]],[[1868,1869,1870,1871,1872]],[[1875]],[[1876]],[[1877,1878,1879,1880]],[[1881,1882,1883]],[[1886,1887,1888]],[[1889,1890,1891]],[[1892,1893,1894,1895]],[[1896]],[[1897,1898,1899,1900]],[[1901,1902,1903,1904]],[[1905]],[[1906]],[[1907]],[[1908,1909]],[[1910,1911,1912,1913],[1914],[1915]],[[1916]],[[1917,1918]],[[1919,1920,1921,1922,1923,1924,1925,1926,1927,1928,1929,1930,1931,1932,1933,1934,1935,1936,1937,1938],[1939,1940],[1941],[1942],[1943,1944,1945],[1946],[1947],[1948],[1949],[1950],[1951],[1952]],[[1955,1956]],[[1960,1961,1962,1963],[1957,1958,1959]],[[1964,1965,1966]],[[1969]],[[1976]],[[1981]],[[1985,1986,1987]],[[1988]],[[1989]],[[1990]],[[1991]],[[1992]],[[1993]],[[1994]],[[1995,1996,1997,1998]],[[1999]],[[2000]],[[2004,2005,2006]],[[2007]],[[2008]],[[2009,2010,2011,2012,2013]],[[2016,2017,2018,2019,2020]],[[2021,2022,2023,2024]],[[2025,2026,2027]],[[2028]],[[2029,2030,2031]],[[2032]],[[2033]],[[2034]],[[2035]],[[2036]],[[2037]],[[2038]],[[2039]],[[2044]],[[2045]],[[2046]],[[2047]],[[2048]],[[2049]],[[2050]],[[2051,2052,2053,2054,2055]],[[2056]],[[2057]],[[2058]],[[2061]],[[2062,2063,2064]],[[2065,2066,2067]],[[2068]],[[2069]],[[2072]],[[2073]],[[2074]],[[2075]],[[2080]],[[2081]],[[2082]],[[2083]],[[2084]],[[2087]],[[2092]],[[2093,2094,2095,2096]],[[2097]],[[2098]],[[2099]],[[2100]],[[2101]],[[2102,2103]],[[2106]],[[2111,2112,2113,2114]],[[2115,2116,2117,2118]],[[2119,2120]],[[2121]],[[2122]],[[2123]],[[2124]],[[2125]],[[2126]],[[2127]],[[2128]],[[2129]],[[2130]],[[2131]],[[2132]],[[2133]],[[2134]],[[2135]],[[2136]],[[2137]],[[2138,2139]],[[2140,2141,2142]],[[2143,2144,2145,2146,2147,2148]],[[2153]],[[2154]],[[2155]],[[2156,2157,2158]],[[2159,2160,2161]],[[2162,2163,2164]],[[2170]],[[2171]],[[2172]],[[2173,2174]],[[2175]],[[2178,2179,2180,2181,2182,2183,2184,2185,2186,2187,2188,2189,2190],[2197]],[[2204]],[[2205]],[[2206]],[[2207]],[[2208]],[[2209]],[[2210]],[[2211]],[[2212]],[[2217]],[[2218,2219,2220,2221,2222,2223,2224,2225,2226,2227],[2228],[2229],[2230]],[[2231]],[[2232]],[[2235,2236]],[[2237,2238]],[[2241,2242,2243]],[[2244]],[[2245]],[[2246]],[[2247]],[[2248]],[[2249]],[[2250]],[[2251,2252,2253,2254]],[[2255]],[[2256,2257]],[[2258]],[[2259]],[[2260]],[[2261,2262,2263,2264]],[[2265]],[[2266,2267,2268,2269]],[[2270,2271,2272]],[[2273,2274,2275,2276]],[[2277]],[[2278]],[[2279]],[[2280]],[[2281]],[[2282]],[[2283]],[[2284]],[[2285,2286]],[[2287,2288]],[[2289]],[[2290,2291]],[[2292]],[[2293]],[[2294]],[[2295]],[[2296,2297],[2298],[2299]],[[2300,2301,2302]],[[2303]],[[2304,2305]],[[2306]],[[2307,2308]],[[2309,2310,2311]],[[2312,2313]],[[2314]],[[2315]],[[2316]],[[2317]],[[2318]],[[2319]],[[2320]],[[2321]],[[2322]],[[2323]],[[2324]],[[2325]],[[2326]],[[2327]],[[2328]],[[2329]],[[2330]],[[2331]],[[2332]],[[2333,2334]],[[2335]],[[2336]],[[2337]],[[2338]],[[2339,2340,2341]],[[2350,2351,2352]],[[2353]],[[2354]],[[2355]],[[2356]],[[2357]],[[2358]],[[2359]],[[2360]],[[2361]],[[2362]],[[2363]],[[2364,2365]],[[2366]],[[2367,2368]],[[2369]],[[2370]],[[2371]],[[2372]],[[2373]],[[2374,2375,2376,2377]],[[2378]],[[2379,2380,2381]],[[2382,2383,2384]],[[2385,2386,2387]],[[2388,2389,2390]],[[2391]],[[2392,2393,2394,2395,2396,2397,2398,2399,2400,2401],[2402]],[[2403]],[[2404]],[[2405]],[[2406]],[[2407]],[[2408]],[[2409]],[[2410]],[[2411]],[[2416]],[[2417]],[[2418]],[[2419]],[[2420]],[[2421]],[[2422]],[[2423,2424]],[[2425,2426,2427]],[[2430,2431]],[[2432,2433,2434]],[[2435,2436]],[[2437]],[[2438,2439]],[[2442]],[[2443,2444]],[[2445,2446]],[[2447,2448,2449,2450,2451]],[[2456,2457,2458,2459]],[[2460,2461,2462]],[[2463,2464,2465,2466,2467]],[[2470]],[[2471,2472,2473]],[[2474]],[[2475]],[[2476]],[[2477]],[[2478]],[[2479]],[[2480]],[[2481]],[[2482]],[[2483]],[[2484]],[[2487]],[[2488,2489]],[[2490,2491]],[[2492]],[[2493]],[[2494]],[[2495]],[[2496,2497,2498]],[[2501,2502,2503]],[[2504,2505]],[[2506,2507,2508,2509]],[[2510]],[[2511,2512,2513]],[[2516,2517,2518]],[[2521]],[[2522]],[[2523,2524],[2525]],[[2526]],[[2527]],[[2528]],[[2529,2530]],[[2531]],[[2536,2537,2538,2539,2540]],[[2541]],[[2542]],[[2543]],[[2544]],[[2545,2546,2547,2548,2549,2550],[2551]],[[2552,2553,2554]],[[2557]],[[2558]],[[2559]],[[2562,2563,2564]],[[2567,2568,2569,2570]],[[2571,2572,2573]],[[2574,2575]],[[2576]],[[2577]],[[2578]],[[2581]],[[2582,2583]],[[2588,2589,2590,2591,2592,2593]],[[2594,2595,2596,2597]],[[2598,2599,2600,2601,2602,2603,2604,2605,2606],[2607],[2612],[2613],[2614],[2615]],[[2616,2617,2618]],[[2623]],[[2624]],[[2625]],[[2626]],[[2627]],[[2628,2629,2630,2631]],[[2634,2635,2636]],[[2637,2638,2639,2640,2641]],[[2644,2645,2646,2647]],[[2648,2649,2650]],[[2651]],[[2654,2655,2656]],[[2657]],[[2658]],[[2659,2660,2661]],[[2662,2663,2664]],[[2667,2668,2669]],[[2670,2671],[2672]],[[2673]],[[2674,2675,2676]],[[2677]],[[2678,2679,2680,2681]],[[2682]],[[2683]],[[2684]],[[2688,2689,2690]],[[2691]],[[2692]],[[2693]],[[2694]],[[2695]],[[2696]],[[2697]],[[2702]],[[2703]],[[2704]],[[2705]],[[2706]],[[2707]],[[2712,2713,2714]],[[2715,2716,2717]],[[2718,2719,2720]],[[2721,2722]],[[2727,2728,2729]],[[2730,2731,2732]],[[2733,2734,2735,2736]],[[2737]],[[2738]],[[2739]],[[2740]],[[2741,2742,2743,2744]],[[2747]],[[2748]],[[2751,2752,2753]],[[2754,2755,2756]],[[2757]],[[2758,2759,2760,2761]],[[2762,2763,2764]],[[2767]],[[2768,2769]],[[2770,2771]],[[2772]],[[2773]],[[2774]],[[2775]],[[2776]],[[2777,2778]],[[2781]],[[2782]],[[2783]],[[2784]],[[2785,2786,2787,2788,2789]],[[2792]],[[2793]],[[2794]],[[2795,2796,2797]],[[2798]],[[2799]],[[2800]],[[2801]],[[2802]],[[2803,2804,2805,2806,2807]],[[2808,2809]],[[2810]],[[2813,2814,2815,2816,2817]],[[2820]],[[2821,2822,2823,2824]],[[2825]],[[2826,2827]],[[2828,2829,2830]],[[2831,2832]],[[2833,2834,2835]],[[2838]],[[2839]],[[2840]],[[2841]],[[2842,2843]],[[2844]],[[2845]],[[2846]],[[2847]],[[2848]],[[2849]],[[2850]],[[2851]],[[2852]],[[2855,2856]],[[2857]],[[2858]],[[2859]],[[2860]],[[2861]],[[2862]],[[2863,2864,2865]],[[2868]],[[2869]],[[2870]],[[2871,2872,2873]],[[2874]],[[2877]],[[2878,2879]],[[2880],[2881]],[[2882,2883,2884]],[[2885,2886,2887]],[[2888,2889]],[[2890]],[[2891,2892]],[[2893,2894,2895]],[[2899]],[[2900,2901]],[[2904]],[[2905]],[[2906]],[[2907]],[[2908,2909,2910]],[[2914,2915,2916]],[[2917]],[[2918,2919,2920,2921]],[[2922,2923]],[[2924]],[[2925,2926,2927,2928,2929,2930,2931,2932,2933,2934],[2935,2936,2937]],[[2940]],[[2941,2942,2943]],[[2944]],[[2947]],[[2948]],[[2953]],[[2954]],[[2955]],[[2956]],[[2961]],[[2962,2963]],[[2964,2965,2966,2967,2968]],[[2971,2972,2973,2974,2975]],[[2980]],[[2981]],[[2984]],[[2985,2986]],[[2987]],[[2988]],[[2989,2990]],[[2991]],[[2992]],[[2993]],[[2994]],[[2995]],[[2996]],[[2999]],[[3000]],[[3001]],[[3002]],[[3003]],[[3004]],[[3005,3006]],[[3007]],[[3010,3011,3012]],[[3013,3014]],[[3019,3020,3021]],[[3022,3023,3024]],[[3025,3026,3027]],[[3028]],[[3029]],[[3030]],[[3031]],[[3032,3033,3034,3035,3036,3037]],[[3038,3039,3040]],[[3041,3042,3043,3044]],[[3045]],[[3046]],[[3049,3050,3051,3052,3053,3054,3055,3056,3057,3058,3059,3060,3061,3062,3063,3064,3065,3066,3067,3068,3069,3070,3071,3072,3073,3074,3075,3076,3077,3078,3079,3080,3081,3082,3083,3084,3085,3086,3087,3088,3089,3090,3091,3092,3093,3094,3095,3096],[3097],[3100],[3101],[3104],[3105],[3106],[3107],[3108]],[[3109]],[[3110]],[[3111]],[[3112]],[[3113]],[[3116,3117,3118,3119,3120,3121,3122]],[[3123]],[[3124]],[[3125,3126]],[[3127]],[[3128]],[[3129]],[[3130,3131,3132],[3133,3134,3135]],[[3136]],[[3137]],[[3138,3139,3140]],[[3143]],[[3148,3149,3150,3151,3152,3153,3154,3155,3156,3157,3158,3159,3160,3161,3162,3163,3164,3165,3166,3167,3168,3169,3170,3171,3172,3173,3174,3175,3176,3177,3178,3179,3180,3181,3182,3183,3184,3185,3186,3187,3188,3189,3190,3191,3192,3193,3194,3195,3196,3197,3198,3199,3200],[3201,3202,3203,3204,3205,3206],[3207],[3210],[3211],[3212],[3215,3216,3217,3218,3219],[3220],[3221,3222,3223,3224,3225,3226,3227],[3228],[3229],[3230],[3231],[3232,3233,3234],[3235],[3236,3237,3238,3239,3240,3241,3242,3243,3244,3245,3246,3247,3248,3249,3250,3251,3252,3253,3254,3255,3256,3257,3258,3259],[3260,3261],[3262,3263,3264],[3265],[3266],[3267],[3268],[3269],[3270],[3271],[3272],[3273],[3274],[3275,3276],[3277,3278],[3279],[3280],[3281],[3282],[3283],[3284,3285,3286,3287],[3288],[3289],[3290],[3291],[3292],[3293],[3294],[3295,3296,3297],[3298]],[[3299]],[[3300]],[[3301,3302,3303]],[[3304,3305,3306]],[[3307]],[[3308]],[[3309]],[[3310]],[[3311]],[[3312]],[[3313]],[[3314]],[[3315]],[[3316]],[[3317]],[[3318]],[[3319]],[[3320]],[[3323,3324,3325]],[[3326,3327,3328,3329,3330],[3331],[3332,3333],[3334],[3335],[3336]],[[3337]],[[3338]],[[3339]],[[3340]],[[3341]],[[3342]],[[3347]],[[3348]],[[3349]],[[3350]],[[3351,3352,3353,3354]],[[3355,3356,3357,3358,3359,3360,3361,3362,3363,3364]],[[3365]],[[3366,3367,3368,3369,3370]],[[3371,3372,3373,3374]],[[3375]],[[3376,3377,3378]],[[3379]],[[3380]],[[3381]],[[3382,3383]],[[3384]],[[3385]],[[3386]],[[3387]],[[3388,3389,3390,3391]],[[3392,3393]],[[3394]],[[3400]],[[3401,3402]],[[3403]],[[3404,3405,3406,3407,3408,3409]],[[3412,3413,3414]],[[3415]],[[3416,3417,3418]],[[3421,3422,3423]],[[3426,3427,3428,3429]],[[3430,3431,3432,3433]],[[3436,3437,3438]],[[3439]],[[3440]],[[3441,3442,3443]],[[3446,3447]],[[3448]],[[3449]],[[3456,3457,3458,3459]],[[3460]],[[3461,3462]],[[3465,3466,3467]],[[3470,3471]],[[3472]],[[3473]],[[3474]],[[3475]],[[3476]],[[3481]],[[3482]],[[3483]],[[3484,3485,3486]],[[3487]],[[3488]],[[3489]],[[3490]],[[3491]],[[3492]],[[3493]],[[3494]],[[3495]],[[3496]],[[3497]],[[3498]],[[3499]],[[3500,3501]],[[3502]],[[3503,3504,3505]],[[3506,3507,3508,3509]],[[3510,3511]],[[3512]],[[3515]],[[3516]],[[3517]],[[3518]],[[3519]],[[3520]],[[3521,3522,3523,3524,3525,3526,3527]],[[3528,3529,3530]],[[3531,3532,3533,3534]],[[3535,3536]],[[3537]],[[3538]],[[3539]],[[3540]],[[3541]],[[3542]],[[3543,3544,3545,3546]],[[3547,3548,3549]],[[3550,3551,3552,3553,3554]],[[3555]],[[3556]],[[3557]],[[3558]],[[3559,3560]],[[3563,3564]],[[3565]],[[3566,3567,3568]],[[3569]],[[3570]],[[3573]],[[3574]],[[3575]],[[3576,3577,3578]],[[3585,3586,3587,3588,3589]],[[3592]],[[3593]],[[3594]],[[3595]],[[3596]],[[3597]],[[3598]],[[3599]],[[3604]],[[3605]],[[3606,3607]],[[3608,3609,3610]],[[3611,3612,3613]],[[3614,3615,3616]],[[3617,3618]],[[3619,3620]],[[3623,3624]],[[3627]],[[3632]],[[3633]],[[3634]],[[3635]],[[3636]],[[3637]],[[3638]],[[3639]],[[3642,3643]],[[3646]],[[3647]],[[3648]],[[3649]],[[3650]],[[3651]],[[3652]],[[3653]],[[3654]],[[3655]],[[3656]],[[3657,3658,3659]],[[3660]],[[3661]],[[3662]],[[3667,3668,3669,3670,3671,3672,3673]],[[3676]],[[3677,3678]],[[3679,3680,3681,3682,3683,3684]],[[3689,3690,3691,3692,3693]],[[3694,3695,3696]],[[3701,3702,3703,3704,3705,3706,3707]],[[3708,3709]],[[3710,3711,3712]],[[3713,3714,3715,3716,3717]],[[3718]],[[3719]],[[3720]],[[3721]],[[3722,3723,3724]],[[3725]],[[3726]],[[3727]],[[3728]],[[3729]],[[3730,3731]],[[3732]],[[3733]],[[3734,3735]],[[3736,3737]],[[3738]],[[3739]],[[3742,3743,3744,3745]],[[3746]],[[3747]],[[3748]],[[3749]],[[3750]],[[3751]],[[3752,3753]],[[3754,3755,3756,3757,3758]],[[3759]],[[3760,3761]],[[3764]],[[3767]],[[3770]],[[3771,3772,3773]],[[3774,3775,3776]],[[3777]],[[3778]],[[3779]],[[3780]],[[3781]],[[3782]],[[3783]],[[3784]],[[3785]],[[3786]],[[3787]],[[3788]],[[3789]],[[3790,3791,3792,3793,3794,3795,3796],[3797]],[[3798]],[[3799]],[[3800]],[[3801]],[[3802]],[[3803]],[[3804]],[[3805]],[[3806]],[[3807]],[[3808,3809,3810]],[[3811,3812,3813,3814]],[[3815]],[[3816]],[[3817]],[[3824,3825]],[[3830,3831]],[[3834]],[[3835,3836,3837,3838]],[[3839]],[[3840,3841,3842,3843,3844]],[[3845,3846,3847]],[[3850,3851,3852]],[[3857,3858,3859]],[[3860,3861,3862]],[[3863,3864,3865,3866]],[[3867,3868,3869,3870,3871,3872,3873,3874,3875]],[[3876,3877,3878,3879,3880,3881,3882,3883]],[[3886]],[[3891,3892,3893,3894]],[[3895]],[[3896,3897,3898,3899,3900,3901,3902,3903,3904,3905,3906,3907,3908,3909,3910,3911,3912,3913,3914,3915,3916],[3917],[3920]],[[3921,3922]],[[3923,3924,3925,3926]],[[3927]],[[3928,3929,3930]],[[3931,3932,3933]],[[3934,3935]],[[3936]],[[3937]],[[3938,3939,3940,3941,3942,3943,3944,3945,3946,3947,3948],[3951,3952],[3953]],[[3954]],[[3955]],[[3956,3957]],[[3960]],[[3961]],[[3962]],[[3963,3964]],[[3965]],[[3966]],[[3967,3968,3969]],[[3970]],[[3971]],[[3972]],[[3973]],[[3974,3975,3976]],[[3977,3978,3979]],[[3980]],[[3981]],[[3982]],[[3983]],[[3984]],[[3985]],[[3986]],[[3987]],[[3988]],[[3989,3990]],[[3993,3994]],[[3995]],[[3996]],[[3997,3998,3999,4000,4001,4002,4003,4004,4005,4006,4007,4008,4009,4010,4011,4012,4013,4014,4015,4016,4017,4018,4019,4020,4021,4022,4023,4024,4025,4026,4027,4028,4029,4030,4031,4032,4033,4034,4035,4036,4037,4038,4039,4040,4041,4042,4043,4044,4045,4046,4047,4048,4049,4050,4051,4052,4053,4054,4055,4056,4057,4058,4059,4060,4061,4062,4063,4064,4065,4066,4067,4068,4069,4070,4071,4072,4073,4074,4075,4076,4077,4078,4079,4080,4081,4082,4083,4084,4085,4086,4087,4088,4089,4090,4091,4092,4093,4094,4095,4096,4097,4098,4099,4100,4101,4102,4103,4104,4105,4106,4107,4108,4109,4110,4111,4112,4113,4114,4115,4116,4117,4118,4119,4120,4121,4122,4123,4124,4125,4126,4127,4128,4129,4130,4131,4132,4133,4134,4135,4136,4137,4138,4139,4140,4141,4142,4143,4144,4145,4146,4147,4148,4149,4150,4151,4152,4153,4154,4155,4156,4157,4158,4159,4160,4161,4162,4163,4164,4165,4166,4167,4168,4169,4170,4171,4172,4173,4174,4175,4176,4177,4178,4179,4180,4181,4182,4183,4184,4185,4186,4187,4188,4189,4190,4191,4192,4193,4194,4195,4196,4197,4198,4199,4200,4201,4202,4203,4204,4205,4206,4207,4208,4209,4210,4211,4212,4213,4214,4215,4216,4217,4218,4219,4220,4221,4222,4223,4224,4225,4226,4227,4228,4229,4230,4231,4232,4233,4234,4235,4236,4237,4238,4239,4240,4241,4242,4243,4244,4245,4246,4247,4248,4249,4250,4251,4252,4253,4254,4255,4256,4257,4258,4259,4260,4261,4262,4263,4264,4265,4266,4267,4268,4269,4270,4271,4272,4273,4274,4275,4276,4277,4278,4279,4280,4281,4282,4283,4284,4285,4286,4287,4288,4289,4290,4291,4292,4293,4294,4295,4296,4297,4298,4299,4300,4301,4302,4303,4304,4305,4306,4307],[4308],[4313],[4314,4315],[4316,4317],[4318,4319],[4320],[4321],[4322,4323],[4324,4325],[4326],[4327],[4328],[4329],[4332],[4333],[4334],[4335],[4336],[4337],[4338,4339,4340,4341,4342],[4343],[4344],[4345],[4346],[4347],[4348],[4349],[4350],[4351],[4352,4353],[4354],[4355],[4356],[4357,4358],[4359],[4360],[4361],[4362],[4363,4364],[4365],[4366],[4367],[4370,4371,4372,4373],[4374,4375,4376],[4377],[4378],[4379,4380,4381],[4382],[4383],[4384],[4385],[4386],[4389],[4390],[4391],[4392],[4393],[4394],[4395],[4396],[4397],[4398],[4399],[4400],[4401],[4402],[4403],[4404],[4405],[4408],[4409],[4410],[4411],[4412],[4413],[4414],[4415],[4416],[4417,4418,4419,4420,4421],[4422],[4423],[4424],[4425],[4426],[4427],[4428],[4429],[4430],[4431],[4432],[4433],[4434],[4435],[4436],[4437],[4438],[4439],[4440],[4441],[4442,4443],[4446],[4447],[4448],[4449],[4450],[4451],[4452],[4453],[4456],[4457,4458],[4459],[4460],[4461],[4462],[4463],[4464],[4465],[4466],[4467],[4468],[4469],[4470],[4471],[4472],[4473],[4474],[4475],[4476],[4477],[4478],[4479,4480,4481,4482,4483],[4484],[4485,4486],[4487],[4488],[4489],[4490],[4491],[4492],[4493],[4494],[4495,4496],[4497],[4498,4499],[4500,4501,4502],[4503],[4504],[4505],[4506],[4507],[4508,4509,4510,4511,4512],[4513],[4514],[4515,4516],[4517],[4518],[4519],[4520],[4521],[4522],[4523],[4524],[4525],[4526],[4527],[4528],[4529],[4530],[4531],[4532],[4533],[4534],[4535],[4536],[4537],[4538,4539,4540,4541,4542,4543,4544,4545,4546],[4547],[4548],[4549],[4550],[4551],[4552,4553,4554,4555,4556,4557],[4558,4559],[4560],[4561],[4562],[4563],[4564,4565],[4566],[4567],[4568,4569,4570,4571,4572],[4573],[4574],[4575,4576,4577],[4578],[4579],[4580],[4581],[4582,4583],[4584,4585,4586],[4587],[4588],[4589,4590,4591,4592],[4593],[4596],[4597],[4598],[4603,4604,4605,4606,4607],[4608],[4609],[4610],[4611,4612],[4613],[4614],[4615],[4616],[4619,4620,4621,4622,4623,4624,4625,4626,4627,4628,4629,4630,4631,4632,4633,4634,4635,4636,4637,4638,4639,4640,4641,4642,4643,4644,4645,4646,4647,4648,4649,4650,4651],[4652],[4653,4654],[4655],[4656],[4657],[4658],[4659,4660,4661],[4662],[4663],[4664],[4665],[4666],[4667],[4668,4669,4670,4671,4672],[4673],[4674,4675],[4676,4677],[4678],[4681],[4682],[4683],[4684,4685],[4686],[4687],[4688],[4689,4690,4691,4692,4693,4694,4695],[4696,4697],[4698],[4699,4700,4701],[4702],[4703],[4704],[4705,4706,4707,4708,4709,4710],[4711,4712],[4713],[4714],[4715],[4718,4719],[4720],[4721],[4722],[4723],[4724,4725,4726],[4727],[4728],[4729],[4730],[4731],[4732],[4733],[4734],[4735],[4736],[4737],[4738],[4739],[4740],[4741],[4742],[4743],[4744],[4745],[4746],[4747,4748],[4749],[4750],[4751],[4752],[4753],[4754],[4755],[4756],[4757],[4758],[4759],[4760],[4761],[4762],[4763],[4764],[4765],[4766,4767,4768,4769],[4770],[4771,4772],[4773],[4774],[4775],[4776],[4777],[4778],[4779],[4780,4781,4782,4783,4784,4785,4786],[4787],[4788,4789,4790],[4791],[4794,4795],[4796],[4797,4798],[4799,4800],[4801],[4802],[4803],[4804],[4805],[4806],[4807],[4808],[4809],[4810],[4811],[4812],[4813],[4814],[4815],[4816],[4817],[4818],[4819],[4820],[4821],[4822],[4823],[4824],[4825],[4826,4827],[4828],[4829],[4830],[4831],[4832],[4833],[4834],[4835,4836],[4837],[4838],[4839],[4840],[4841],[4842],[4843],[4844],[4845],[4846],[4847],[4848],[4849],[4850],[4851],[4852],[4853],[4854],[4855],[4856],[4857],[4858],[4859],[4860],[4861],[4862,4863,4864,4865,4866,4867,4868,4869,4870,4871,4872,4873,4874,4875,4876,4877],[4878],[4879],[4880],[4881],[4882,4883,4884],[4885],[4886],[4887],[4888],[4889],[4890],[4891],[4892],[4893],[4894],[4895],[4896],[4897],[4898],[4899],[4900],[4901],[4902],[4903,4904],[4905,4906],[4907],[4908],[4909],[4910],[4911],[4912],[4913],[4914],[4915],[4916],[4917],[4918],[4919],[4920],[4921],[4922,4923],[4924],[4925],[4926],[4927],[4928,4929],[4930],[4931],[4932,4933,4934,4935],[4936,4937,4938],[4939],[4940],[4941,4942],[4943],[4944,4945,4946,4947],[4948],[4949],[4950],[4951],[4952],[4953,4954],[4955],[4956],[4957],[4958],[4959],[4960],[4961],[4962],[4963],[4964],[4965],[4966],[4967],[4968],[4969],[4970],[4971,4972,4973,4974],[4975,4976,4977],[4978],[4979],[4980],[4981,4982],[4983],[4984],[4985],[4986],[4987],[4988],[4989],[4990],[4991],[4992],[4993],[4994],[4995],[4996,4997],[4998],[4999],[5000],[5001],[5002],[5003],[5004,5005],[5006],[5007,5008,5009],[5010],[5011]],[[5012]],[[5013]],[[5014]],[[5015]],[[5016]],[[5017]],[[5018]],[[5019]],[[5022,5023,5024]],[[5025,5026,5027]],[[5030]],[[5031,5032,5033,5034]],[[5035]],[[5036]],[[5037]],[[5038]],[[5039]],[[5040]],[[5041]],[[5042]],[[5043]],[[5044,5045,5046]],[[5047,5048]],[[5051,5052,5053]],[[5054,5055,5056,5057,5058,5059,5060]],[[5061]],[[5062]],[[5063]],[[5064]],[[5067,5068,5069]],[[5070,5071,5072]],[[5073]],[[5074,5075]],[[5076]],[[5077]],[[5078]],[[5079]],[[5080]],[[5081,5082,5083]],[[5084,5085,5086]],[[5087,5088,5089]],[[5090]],[[5091,5092,5093]],[[5094,5095,5096,5097]],[[5100,5101]],[[5102]],[[5103,5104]],[[5107]],[[5108]],[[5109]],[[5112,5113]],[[5114]],[[5115]],[[5116]],[[5117]],[[5118]],[[5119,5120]],[[5123,5124,5125]],[[5126,5127,5128,5129,5130,5131,5132,5133,5134]],[[5137]],[[5138,5139,5140,5141]],[[5142]],[[5143]],[[5144,5145,5146]],[[5149]],[[5150]],[[5151,5152,5153,5154,5155]],[[5160]],[[5161]],[[5162]],[[5163]],[[5164,5165]],[[5166]],[[5167]],[[5168]],[[5171]],[[5172]],[[5173]],[[5174]],[[5175]],[[5178,5179]],[[5180]],[[5181]],[[5185,5186,5187],[5182,5183,5184]],[[5188]],[[5189]],[[5190]],[[5191]],[[5192]],[[5193,5194,5195,5196],[5197,5198]],[[5199,5200]],[[5203]],[[5204]],[[5205]],[[5206]],[[5207]],[[5210]],[[5211]],[[5212]],[[5213]],[[5214]],[[5215,5216]],[[5217]],[[5218]],[[5219]],[[5220]],[[5221]],[[5222]],[[5223]],[[5230,5231,5232,5233]],[[5234,5235,5236]],[[5237,5238,5239,5240,5241,5242,5243,5244,5245,5246,5247,5248,5249,5250,5251,5252,5253,5254],[5255]],[[5258,5259,5260,5261]],[[5262,5263,5264,5265]],[[5266]],[[5269]],[[5270]],[[5271]],[[5272]],[[5273]],[[5274]],[[5275]],[[5278]],[[5279]],[[5280]],[[5281]],[[5282]],[[5283]],[[5290]],[[5291]],[[5292]],[[5293]],[[5294]],[[5295]],[[5298]],[[5299]],[[5300]],[[5301]],[[5302]],[[5303]],[[5304,5305]],[[5306]],[[5307,5308]],[[5309]],[[5310]],[[5311]],[[5312]],[[5313,5314]],[[5315]],[[5316]],[[5317]],[[5318]],[[5319]],[[5320]],[[5321]],[[5324]],[[5327]],[[5328,5329,5330,5331]],[[5332]],[[5333,5334,5335,5336,5337]],[[5338,5339,5340]],[[5341,5342,5343,5344]],[[5345]],[[5346]],[[5349,5350,5351]],[[5354,5355,5356,5357,5358,5359,5360,5361,5362,5363],[5364,5365]],[[5366]],[[5367]],[[5368]],[[5369]],[[5370]],[[5371]],[[5372]],[[5373]],[[5374]],[[5375]],[[5376]],[[5377,5378]],[[5379]],[[5382,5383,5384]],[[5385]],[[5386]],[[5387]],[[5388]],[[5389]],[[5390]],[[5391]],[[5394]],[[5395]],[[5396]],[[5397]],[[5398]],[[5399]],[[5400]],[[5403]],[[5404]],[[5411]],[[5416]],[[5423]],[[5424]],[[5425,5426,5427,5428]],[[5429]],[[5430]],[[5431]],[[5432]],[[5433]],[[5434]],[[5435]],[[5436]],[[5437]],[[5438,5439,5440,5441]],[[5445]],[[5446]],[[5447]],[[5448]],[[5449]],[[5450]],[[5451]],[[5452]],[[5453,5454]],[[5455,5456]],[[5457]],[[5462]],[[5463,5464]],[[5465]],[[5466,5467]],[[5470]],[[5471,5472,5473]],[[5476]],[[5477,5478,5479]],[[5480]],[[5481,5482]],[[5483]],[[5484,5485,5486]],[[5487,5488,5489]],[[5490]],[[5491]],[[5494]],[[5495]],[[5496]],[[5497,5498,5499,5500,5501]],[[5506,5507,5508]],[[5509,5510,5511]],[[5512,5513]],[[5518]],[[5519]],[[5520]],[[5521]],[[5522]],[[5525]],[[5526,5527]],[[5528]],[[5529]],[[5530]],[[5531]],[[5534,5535]],[[5536]],[[5537]],[[5538]],[[5539]],[[5540,5541,5542]],[[5545,5546]],[[5553]],[[5556,5557]],[[5558]],[[5559]],[[5560,5561,5562,5563]],[[5564,5565,5566,5567]],[[5568]],[[5569]],[[5570]],[[5571]],[[5572]],[[5573]],[[5574]],[[5575]],[[5576]],[[5577,5578,5579,5580,5581,5582],[5583]],[[5584,5585]],[[5586]],[[5587]],[[5588]],[[5589]],[[5590]],[[5591]],[[5592]],[[5593]],[[5594]],[[5595]],[[5596]],[[5599]],[[5600]],[[5601,5602,5603]],[[5604]],[[5605,5606,5607,5608]],[[5609]],[[5610]],[[5613,5614,5615,5616]],[[5617]],[[5618]],[[5619]],[[5620]],[[5621,5622]],[[5623,5624,5625]],[[5626,5627]],[[5628]],[[5629]],[[5630]],[[5631]],[[5632]],[[5635,5636]],[[5641,5642,5643,5644,5645,5646,5647]],[[5650]],[[5655]],[[5656]],[[5657]],[[5658,5659]],[[5660,5661,5662,5663]],[[5664,5665]],[[5666]],[[5667]],[[5668]],[[5669]],[[5670]],[[5671]],[[5672]],[[5673]],[[5674]],[[5675]],[[5678]],[[5681]],[[5682]],[[5683]],[[5686]],[[5691,5692,5693]],[[5694]],[[5695]],[[5696]],[[5697]],[[5698,5699]],[[5700,5701]],[[5702]],[[5703]],[[5704]],[[5705]],[[5706,5707]],[[5708,5709,5710]],[[5711,5712,5713,5714,5715]],[[5716,5717,5718]],[[5727,5728,5729,5730,5731,5732,5733,5734]],[[5735]],[[5740]],[[5741]],[[5742]],[[5743]],[[5744]],[[5745]],[[5746,5747,5748]],[[5749]],[[5752]],[[5753]],[[5754]],[[5757,5758]],[[5759]],[[5760,5761]],[[5762,5763]],[[5764]],[[5769]],[[5770]],[[5771]],[[5772]],[[5773]],[[5774]],[[5779,5780,5781]],[[5782,5783,5784]],[[5787]],[[5788]],[[5789,5790,5791]],[[5792]],[[5793,5794]],[[5795]],[[5796]],[[5797]],[[5798]],[[5803]],[[5804]],[[5805]],[[5806]],[[5807]],[[5808,5809]],[[5810,5811]],[[5812]],[[5813]],[[5814,5815,5816,5817]],[[5822]],[[5823,5824,5825,5826]],[[5827]],[[5828,5829,5830]],[[5831]],[[5832]],[[5833]],[[5834]],[[5835]],[[5836]],[[5837]],[[5838,5839]],[[5840]],[[5843]],[[5846]],[[5847]],[[5848]],[[5849]],[[5850]],[[5851]],[[5852]],[[5853,5854,5855]],[[5862]],[[5863]],[[5864]],[[5865]],[[5866,5867,5868,5869]],[[5870]],[[5871,5872,5873,5874]],[[5875]],[[5876]],[[5877]],[[5878]],[[5883,5884,5885,5886,5887,5888],[5889,5890]],[[5891]],[[5892,5893,5894,5895]],[[5896]],[[5897,5898]],[[5899],[5900]],[[5901]],[[5902]],[[5903]],[[5904]],[[5905,5906]],[[5909,5910]],[[5911]],[[5912]],[[5913]],[[5914]],[[5915]],[[5916]],[[5917,5918]],[[5919]],[[5920]],[[5921]],[[5925,5926,5927],[5922,5923,5924]],[[5928]],[[5931,5932,5933]],[[5936]],[[5937]],[[5938]],[[5939]],[[5940,5941]],[[5942]],[[5943,5944,5945]],[[5948]],[[5949]],[[5952,5953]],[[5956,5957]],[[5958,5959,5960,5961,5962,5963,5964,5965,5966,5967,5968,5969,5970,5971,5972,5973,5974,5975,5976,5977,5978,5979],[5982,5983],[5984,5985],[5986],[5987],[5988],[5989]],[[5990]],[[5991]],[[5994,5995,5996],[5997]],[[5998]],[[5999,6000]],[[6003,6004,6005,6006],[6007],[6008]],[[6009]],[[6010]],[[6011,6012]],[[6013]],[[6014]],[[6015]],[[6016]],[[6017]],[[6018]],[[6019,6020]],[[6021]],[[6022]],[[6023,6024]],[[6029]],[[6030,6031,6032,6033]],[[6038,6039,6040,6041,6042,6043,6044,6045,6046,6047],[6196,6197,6198]],[[6048,6049,6050]],[[6051,6052]],[[6053,6054,6055,6056]],[[6057]],[[6058]],[[6063,6064,6065]],[[6066,6067,6068]],[[6069]],[[6070]],[[6071,6072,6073]],[[6074,6075,6076]],[[6077,6078]],[[6079]],[[6080,6081,6082]],[[6085]],[[6086]],[[6089]],[[6090]],[[6091]],[[6092,6093]],[[6094,6095]],[[6096,6097,6098,6099,6100,6101],[6102]],[[6103,6104,6105,6106,6107]],[[6108,6109]],[[6110,6111]],[[6112]],[[6113,6114,6115]],[[6116,6117]],[[6118,6119,6120]],[[6121]],[[6134,6135,6136]],[[6137]],[[6138,6139]],[[6140]],[[6141]],[[6146]],[[6147]],[[6148,6149,6150]],[[6153,6154]],[[6155]],[[6156]],[[6157]],[[6160,6161,6162,6163]],[[6166,6167]],[[6168]],[[6169]],[[6170]],[[6171]],[[6172]],[[6173]],[[6174]],[[6175,6176]],[[6177]],[[6178]],[[6179,6180]],[[6181]],[[6182,6183]],[[6184]],[[6185]],[[6186]],[[6187]],[[6190]],[[6193]],[[6199]],[[6202,6203,6204,6205,6206,6207,6208]],[[6209]],[[6210]],[[6211]],[[6212]],[[6213,6214]],[[6215]],[[6216]],[[6217,6218,6219,6220,6221]],[[6222,6223]],[[6224]],[[6225]],[[6226]],[[6227]],[[6228]],[[6229]],[[6230]],[[6231]],[[6232]],[[6233]],[[6234]],[[6235]],[[6236]],[[6237]],[[6238]],[[6239]],[[6240]],[[6241,6242,6243,6244]],[[6245,6246,6247,6248]],[[6249]],[[6250,6251]],[[6252]],[[6253]],[[6254,6255]],[[6256]],[[6257]],[[6262]],[[6263]],[[6264]],[[6265]],[[6268,6269,6270,6271]],[[6272]],[[6275]],[[6276]],[[6287,6288]],[[6291]],[[6292]],[[6293]],[[6294,6295,6296]],[[6297,6298,6299]],[[6302]],[[6303]],[[6304]],[[6305]],[[6306]],[[6307,6308,6309,6310]],[[6311]],[[6312]],[[6313]],[[6316,6317,6318]],[[6321]],[[6322]],[[6323]],[[6324]],[[6325]],[[6326]],[[6327]],[[6328]],[[6329]],[[6330]],[[6331]],[[6332]],[[6335,6336,6337,6338]],[[6339]],[[6340,6341]],[[6344]],[[6345]],[[6346]],[[6347]],[[6348]],[[6349]],[[6354,6355]],[[6360]],[[6361]],[[6362]],[[6363,6364,6365,6366,6367]],[[6368,6369,6370,6371]],[[6372]],[[6373,6374]],[[6375]],[[6376,6377]],[[6380,6381,6382]],[[6383]],[[6384]],[[6387,6388]],[[6389,6390,6391]],[[6396]],[[6397]],[[6398]],[[6399]],[[6400,6401]],[[6402]],[[6403]],[[6410]],[[6411]],[[6412]],[[6413]],[[6414,6415,6416]],[[6417,6418,6419,6420]],[[6421,6422,6423,6424]],[[6425]],[[6426]],[[6427,6428]],[[6429]],[[6430]],[[6433,6434]],[[6435,6436,6437,6438,6439,6440]],[[6441]],[[6442]],[[6443,6444,6445,6446]],[[6447,6448,6449]],[[6450,6451]],[[6452]],[[6453]],[[6454]],[[6455]],[[6456,6457,6458]],[[6459,6460,6461]],[[6462]],[[6463]],[[6464]],[[6465]],[[6466]],[[6471]],[[6474,6475,6476]],[[6477,6478]],[[6479]],[[6480]],[[6481]],[[6484,6485]],[[6486]],[[6487]],[[6488]],[[6489,6490]],[[6491,6492]],[[6493]],[[6494]],[[6495]],[[6496,6497],[6498]],[[6499]],[[6500,6501,6502]],[[6503]],[[6504]],[[6505]],[[6506]],[[6507]],[[6508]],[[6509]],[[6510]],[[6511]],[[6512,6513,6514,6515]],[[6516]],[[6517,6518]],[[6519,6520,6521]],[[6522]],[[6526]],[[6533,6534]],[[6535]],[[6536,6537]],[[6538,6539,6540]],[[6541,6542,6543]],[[6544,6545,6546,6547,6548,6549,6550]],[[6551]],[[6552]],[[6553]],[[6554]],[[6555,6556,6557]],[[6558,6559,6560]],[[6564,6565,6566,6567]],[[6568]],[[6569]],[[6572]],[[6573]],[[6574]],[[6575]],[[6580,6581]],[[6584,6585,6586]],[[6587]],[[6588,6589,6590]],[[6591]],[[6592]],[[6593,6594]],[[6595,6596,6597]],[[6598]],[[6599]],[[6600]],[[6601]],[[6602]],[[6605]],[[6608,6609]],[[6610]],[[6611]],[[6612]],[[6613]],[[6614]],[[6615]],[[6616]],[[6617,6618]],[[6619,6620]],[[6623,6624]],[[6625,6626,6627]],[[6628,6629]],[[6630,6631]],[[6632,6633]],[[6634]],[[6635]],[[6636]],[[6637]],[[6638]],[[6639]],[[6640]],[[6643]],[[6644,6645]],[[6646,6647,6648]],[[6649]],[[6650]],[[6651]],[[6652]],[[6653]],[[6654,6655,6656]],[[6659]],[[6660]],[[6661]],[[6662]],[[6665,6666,6667]],[[6668]],[[6669]],[[6670,6671]],[[6672,6673]],[[6674]],[[6675]],[[6676]],[[6677,6678,6679]],[[6680,6681]],[[6682]],[[6683]],[[6684]],[[6685]],[[6686]],[[6687]],[[6688]],[[6689]],[[6692,6693]],[[6694]],[[6697,6698,6699]],[[6700]],[[6701,6702]],[[6705]],[[6706]],[[6707]],[[6708]],[[6709,6710]],[[6713,6714,6715]],[[6718,6719,6720]],[[6721]],[[6724,6725]],[[6726,6727]],[[6728]],[[6729]],[[6730,6731]],[[6732,6733]],[[6734,6735,6736]],[[6737,6738,6739]],[[6740,6741,6742]],[[6745]],[[6746]],[[6747]],[[6748]],[[6749]],[[6750]],[[6751]],[[6752,6753]],[[6756]],[[6759]],[[6760]],[[6761]],[[6762,6763,6764],[6765]],[[6766,6767,6768]],[[6771]],[[6772]],[[6773]],[[6774]],[[6777,6778]],[[6779]],[[6780]],[[6785]],[[6786]],[[6787]],[[6788]],[[6791]],[[6792,6793]],[[6794]],[[6795]],[[6796]],[[6797]],[[6798]],[[6799]],[[6800]],[[6801]],[[6802]],[[6803]],[[6804]],[[6805]],[[6806]],[[6807]],[[6810,6811]],[[6814]],[[6815]],[[6816]],[[6817]],[[6818]],[[6819,6820]],[[6821]],[[6830,6831]],[[6832]],[[6833,6834,6835,6836,6837]],[[6838]],[[6839,6840]],[[6841]],[[6842,6843]],[[6844]],[[6845]],[[6846]],[[6847]],[[6848,6849,6850,6851,6852]],[[6855,6856,6857,6858,6859,6860,6861,6862,6863,6864,6865,6866,6867,6868,6869,6870,6871,6872,6873,6874,6875,6876],[6877],[6878,6879],[6880]],[[6881]],[[6882,6883]],[[6886]],[[6887]],[[6888]],[[6889]],[[6890]],[[6896]],[[6897]],[[6898]],[[6899]],[[6900,6901]],[[6902,6903]],[[6904]],[[6905]],[[6906]],[[6907]],[[6908]],[[6909,6910]],[[6911]],[[6912]],[[6913]],[[6914]],[[6915]],[[6916]],[[6917]],[[6918]],[[6919]],[[6920]],[[6921,6922,6923,6924,6925],[6926]],[[6927]],[[6928]],[[6929]],[[6932,6933,6934,6935,6936],[6937]],[[6938]],[[6939]],[[6940]],[[6941]],[[6942]],[[6943]],[[6944]],[[6947]],[[6948]],[[6949]],[[6950]],[[6953,6954,6955,6956,6957,6958,6959,6960,6961,6962,6963,6964,6965,6966],[6967,6968],[6969],[6970],[6971],[6974],[6975],[6976]],[[6977,6978]],[[6979,6980,6981]],[[6982,6983,6984,6985,6986]],[[6987,6988]],[[6991,6992]],[[6993,6994,6995]],[[6996]],[[6997]],[[6998,6999,7000]],[[7003,7004,7005,7006]],[[7007]],[[7008]],[[7009]],[[7010]],[[7011]],[[7012]],[[7013]],[[7014]],[[7015]],[[7016,7017,7018]],[[7019,7020,7021,7022]],[[7023,7024,7025]],[[7028,7029]],[[7030,7031]],[[7034]],[[7039,7040,7041]],[[7042]],[[7043]],[[7044]],[[7045]],[[7046]],[[7049,7050,7051,7052]],[[7053,7054]],[[7055,7056]],[[7059]],[[7060]],[[7061]],[[7062]],[[7063]],[[7064]],[[7065]],[[7066]],[[7067,7068,7069]],[[7070,7071]],[[7072]],[[7073,7074,7075]],[[7076,7077]],[[7078,7079]],[[7080]],[[7081]],[[7082]],[[7083,7084]],[[7085]],[[7086]],[[7087]],[[7088]],[[7089]],[[7090]],[[7091]],[[7094,7095]],[[7096]],[[7097]],[[7098]],[[7099]],[[7100]],[[7101,7102,7103]],[[7104,7105,7106]],[[7107]],[[7108]],[[7115]],[[7118]],[[7119,7120]],[[7121]],[[7122]],[[7123,7124,7125]],[[7128]],[[7129,7130,7131]],[[7132,7133]],[[7136,7137]],[[7138]],[[7139]],[[7140]],[[7141]],[[7142]],[[7143]],[[7144]],[[7145]],[[7146]],[[7147,7148,7149]],[[7150]],[[7151]],[[7152]],[[7153,7154]],[[7155,7156]],[[7157]],[[7158]],[[7159]],[[7160]],[[7163,7164]],[[7165]],[[7166]],[[7167,7168,7169,7170]],[[7171]],[[7172]],[[7173]],[[7174]],[[7175]],[[7176,7177,7178]],[[7183]],[[7184,7185],[7186]],[[7187]],[[7188]],[[7189]],[[7190,7191,7192,7193,7194,7195]],[[7196]],[[7197]],[[7198]],[[7199]],[[7200]],[[7201]],[[7202]],[[7203]],[[7204]],[[7205]],[[7206]],[[7207]],[[7208]],[[7209,7210]],[[7211]],[[7212]],[[7215,7216,7217]],[[7220,7221,7222]],[[7227]],[[7230,7231,7232,7233,7234,7235,7236,7237],[7238]],[[7241]],[[7246,7247]],[[7250]],[[7253,7254,7255]],[[7256]],[[7257,7258]],[[7259,7260]],[[7261]],[[7264,7265]],[[7266,7267]],[[7268]],[[7273,7274,7275,7276]],[[7277,7278,7279]],[[7282,7283,7284]],[[7285]],[[7286]],[[7287]],[[7288]],[[7289]],[[7290]],[[7291]],[[7292]],[[7293]],[[7294,7295,7296]],[[7297]],[[7298]],[[7299]],[[7300,7301]],[[7302]],[[7303,7304,7305]],[[7306,7307,7308]],[[7309]],[[7310,7311,7312,7313,7314]],[[7315]],[[7316]],[[7317]],[[7318]],[[7319]],[[7320,7321,7322,7323,7324]],[[7325]],[[7326]],[[7327]],[[7328]],[[7329]],[[7330]],[[7331]],[[7332]],[[7333]],[[7334]],[[7335]],[[7336,7337]],[[7338]],[[7339]],[[7340]],[[7341]],[[7342]],[[7343]],[[7344]],[[7345]],[[7346,7347,7348]],[[7349,7350,7351]],[[7352,7353,7354,7355,7356,7357,7358,7359,7360,7361]],[[7362]],[[7363,7364]],[[7365,7366]],[[7369,7370]],[[7371]],[[7372]],[[7373]],[[7374]],[[7375,7376,7377,7378]],[[7379]],[[7380,7381]],[[7382,7383]],[[7384]],[[7385]],[[7386]],[[7387]],[[7388]],[[7389]],[[7390]],[[7391]],[[7392]],[[7393]],[[7394]],[[7395]],[[7396]],[[7397]],[[7398]],[[7399]],[[7400]],[[7401]],[[7402,7403,7404]],[[7405]],[[7406,7407]],[[7408]],[[7409]],[[7410]],[[7411,7412,7413]],[[7418,7419,7420,7421]],[[7422,7423]],[[7424,7425,7426,7427,7428]],[[7431,7432]],[[7433]],[[7434,7435]],[[7436]],[[7437]],[[7440]],[[7441]],[[7442]],[[7443]],[[7444]],[[7445]],[[7446,7447]],[[7448]],[[7449]],[[7450,7451]],[[7454,7455]],[[7456,7457]],[[7458,7459,7460]],[[7461]],[[7462,7463]],[[7464]],[[7465,7466,7467]],[[7468]],[[7469]],[[7470,7471]],[[7472,7473,7474]],[[7479]],[[7482,7483,7484,7485]],[[7486]],[[7489,7490,7491]],[[7492]],[[7493]],[[7494,7495]],[[7496]],[[7497]],[[7498,7499]],[[7500]],[[7501]],[[7502,7503,7504]],[[7505]],[[7506]],[[7507]],[[7508]],[[7511,7512,7513]],[[7514]],[[7515]],[[7516]],[[7517]],[[7518]],[[7519]],[[7520,7521]],[[7522]],[[7523]],[[7526,7527,7528,7529]],[[7530,7531,7532]],[[7535,7536,7537]],[[7538]],[[7539]],[[7540]],[[7541]],[[7542]],[[7543]],[[7544,7545,7546,7547,7548]],[[7551,7552,7553,7554,7555,7556,7557]],[[7558,7559,7560,7561]],[[7562,7563]],[[7564,7565,7566]],[[7569,7570,7571,7572]],[[7573,7574]],[[7575]],[[7576]],[[7577,7578]],[[7579,7580,7581]],[[7584]],[[7585]],[[7586,7587]],[[7588,7589,7590]],[[7593]],[[7596]],[[7597]],[[7602]],[[7603,7604,7605]],[[7606,7607,7608,7609,7610,7611,7612]],[[7615]],[[7616,7617,7618,7619]],[[7620,7621,7622,7623]],[[7624,7625,7626,7627]],[[7628,7629,7630]],[[7631]],[[7632]],[[7635,7636,7637]],[[7638]],[[7639]],[[7640]],[[7641]],[[7642]],[[7643]],[[7644,7645]],[[7646,7647]],[[7648]],[[7649]],[[7650]],[[7651]],[[7652]],[[7653]],[[7654]],[[7657]],[[7658,7659]],[[7660,7661,7662,7663]],[[7664,7665,7666,7667]],[[7670,7671,7672,7673,7674]],[[7677]],[[7680,7681]],[[7682]],[[7683]],[[7684]],[[7691]],[[7692]],[[7693],[7694,7695]],[[7696]],[[7697,7698]],[[7699]],[[7700]],[[7701,7702]],[[7703]],[[7704]],[[7705]],[[7706]],[[7707]],[[7708]],[[7709,7710]],[[7711]],[[7712]],[[7713]],[[7714]],[[7715]],[[7716]],[[7717,7718]],[[7721]],[[7722]],[[7723]],[[7724,7725,7726]],[[7727,7728,7729]],[[7734,7735,7736]],[[7737,7738]],[[7739]],[[7740]],[[7741,7742]],[[7743]],[[7744]],[[7745]],[[7746]],[[7747]],[[7748,7749,7750,7751,7752,7753,7754]],[[7755,7756,7757]],[[7760,7761,7762,7763]],[[7764,7765,7766,7767]],[[7768,7769,7770]],[[7773]],[[7776]],[[7779]],[[7780]],[[7781,7782]],[[7783]],[[7784]],[[7785]],[[7788,7789]],[[7790]],[[7791]],[[7792]],[[7793]],[[7794]],[[7795]],[[7796]],[[7797,7798,7799,7800]],[[7803,7804]],[[7805]],[[7806]],[[7807,7808,7809,7810,7811]],[[7814,7815]],[[7816,7817]],[[7818,7819,7820]],[[7821]],[[7822]],[[7823]],[[7824]],[[7827]],[[7828,7829,7830,7831]],[[7832,7833,7834]],[[7839]],[[7848,7849,7850,7851,7852,7853]],[[7854,7855]],[[7856,7857,7858,7859]],[[7860,7861,7862,7863,7864,7865,7866,7867],[7868]],[[7869]],[[7870]],[[7873,7874,7875,7876]],[[7877]],[[7878]],[[7879]],[[7880]],[[7881]],[[7882]],[[7883]],[[7884]],[[7885]],[[7886]],[[7887]],[[7888]],[[7889]],[[7890,7891]],[[7892]],[[7893]],[[7894]],[[7895]],[[7896]],[[7897]],[[7898]],[[7899,7900]],[[7901]],[[7902]],[[7903]],[[7904]],[[7905]],[[7906]],[[7907]],[[7908,7909,7910]],[[7911,7912]],[[7915]],[[7916,7917],[7918]],[[7919]],[[7920,7921,7922,7923,7924]],[[7925,7926,7927,7928]],[[7931,7932]],[[7935,7936,7937]],[[7942]],[[7943]],[[7944]],[[7945]],[[7946]],[[7947]],[[7948]],[[7949]],[[7950]],[[7955]],[[7956]],[[7959]],[[7968]],[[7969,7970]],[[7971]],[[7972]],[[7977,7978,7979]],[[7984,7985]],[[7986]],[[7987]],[[7988]],[[7989,7990]],[[7993]],[[7994]],[[7995]],[[7998,7999]],[[8000,8001]],[[8002]],[[8003]],[[8004]],[[8005]],[[8012,8013,8014]],[[8015,8016]],[[8019,8020,8021]],[[8022,8023]],[[8024,8025,8026,8027,8028,8029]],[[8030,8031,8032,8033]],[[8034]],[[8035,8036,8037]],[[8038]],[[8039]],[[8040,8041]],[[8042]],[[8043]],[[8044]],[[8045]],[[8046]],[[8047]],[[8048]],[[8049,8050]],[[8053]],[[8054,8055]],[[8056,8057,8058,8059,8060,8061,8062],[8063]],[[8064]],[[8065]],[[8066]],[[8069,8070,8071,8072]],[[8073]],[[8074,8075,8076]],[[8079]],[[8080,8081,8082]],[[8083]],[[8084,8085,8086]],[[8087]],[[8088]],[[8089]],[[8090]],[[8091]],[[8092,8093,8094]],[[8095,8096,8097]],[[8098]],[[8099]],[[8100,8101]],[[8104,8105]],[[8110]],[[8111]],[[8112,8113,8114,8115,8116,8117,8118,8119,8120,8121,8122,8123,8124],[8125],[8126]],[[8127,8128]],[[8129]],[[8130]],[[8131]],[[8132,8133]],[[8134]],[[8135]],[[8136]],[[8140,8141,8142,8143],[8137,8138,8139]],[[8146,8147,8148,8149,8150,8151,8152,8153,8154,8155,8156,8157,8158,8159],[8160],[8161,8162],[8163],[8164]],[[8169,8170,8171,8172]],[[8173]],[[8174]],[[8175]],[[8176]],[[8177]],[[8178]],[[8179]],[[8180]],[[8181]],[[8182]],[[8183]],[[8184,8185]],[[8186]],[[8189,8190,8191]],[[8192]],[[8193]],[[8194,8195]],[[8196,8197,8198,8199,8200,8201,8202,8203,8204,8205,8206,8207,8208,8209,8210,8211],[8212]],[[8213,8214,8215]],[[8216]],[[8217,8218,8219]],[[8222]],[[8223]],[[8224]],[[8225]],[[8226]],[[8227]],[[8228,8229,8230]],[[8231,8232]],[[8233,8234]],[[8235,8236]],[[8237]],[[8238]],[[8239]],[[8240]],[[8241]],[[8242,8243,8244,8245,8246]],[[8247]],[[8248,8249,8250]],[[8251,8252,8253]],[[8256]],[[8257]],[[8258]],[[8259,8260,8261]],[[8264]],[[8265]],[[8266]],[[8267,8268]],[[8271,8272,8273,8274]],[[8275]],[[8276]],[[8277]],[[8282,8283]],[[8286],[8287]],[[8288]],[[8289]],[[8290]],[[8291]],[[8292]],[[8293]],[[8294,8295]],[[8300,8301,8302,8303]],[[8308]],[[8309]],[[8316]],[[8317]],[[8320]],[[8321]],[[8322]],[[8323]],[[8324]],[[8325]],[[8326]],[[8327]],[[8328]],[[8329]],[[8330]],[[8331,8332,8333,8334,8335,8336]],[[8337,8338,8339,8340]],[[8343,8344,8345]],[[8346,8347]],[[8348,8349,8350]],[[8351,8352]],[[8353,8354,8355]],[[8356]],[[8357]],[[8358]],[[8359]],[[8360]],[[8361]],[[8362]],[[8363]],[[8364]],[[8365]],[[8366]],[[8367]],[[8370,8371,8372,8373,8374,8375]],[[8376]],[[8379]],[[8380]],[[8381]],[[8382]],[[8383]],[[8384]],[[8385]],[[8386]],[[8387]],[[8388]],[[8389]],[[8394,8395]],[[8396,8397]],[[8398]],[[8399]],[[8400,8401]],[[8402,8403]],[[8404]],[[8405]],[[8406]],[[8407]],[[8408]],[[8409]],[[8410]],[[8411]],[[8412]],[[8413]],[[8414]],[[8415]],[[8418]],[[8419]],[[8420]],[[8421,8422,8423]],[[8426,8427,8428,8429]],[[8430]],[[8431,8432,8433,8434,8435],[8436]],[[8437,8438]],[[8439,8440,8441]],[[8442,8443,8444]],[[8445,8446]],[[8447,8448,8449]],[[8450,8451,8452]],[[8453,8454]],[[8455,8456,8457]],[[8458]],[[8459,8460]],[[8461]],[[8462,8463,8464]],[[8465,8466,8467]],[[8468,8469,8470,8471,8472,8473]],[[8474]],[[8475]],[[8476]],[[8477]],[[8478]],[[8479]],[[8480]],[[8481]],[[8482]],[[8483]],[[8484]],[[8487,8488]],[[8489,8490,8491,8492]],[[8493,8494,8495,8496,8497,8498,8499,8500]],[[8505,8506,8507]],[[8508,8509,8510,8511]],[[8512,8513]],[[8514,8515,8516]],[[8517,8518]],[[8519,8520,8521,8522,8523,8524]],[[8525,8526,8527,8528,8529]],[[8530]],[[8531]],[[8532]],[[8533]],[[8534]],[[8537]],[[8538]],[[8539]],[[8540]],[[8541,8542]],[[8543,8544]],[[8545]],[[8548,8549]],[[8550,8551,8552]],[[8553,8554,8555]],[[8556]],[[8557]],[[8562,8563,8564,8565,8566,8567,8568]],[[8571,8572,8573,8574,8575]],[[8576]],[[8577]],[[8578]],[[8579]],[[8580]],[[8581]],[[8582]],[[8583]],[[8584]],[[8585]],[[8586]],[[8589,8590,8591,8592]],[[8593]],[[8594]],[[8595]],[[8596,8597]],[[8600]],[[8603]],[[8604]],[[8607]],[[8608]],[[8609]],[[8610]],[[8611]],[[8612]],[[8613]],[[8614]],[[8615]],[[8616]],[[8617]],[[8618]],[[8619]],[[8620]],[[8621]],[[8622]],[[8623]],[[8624]],[[8625]],[[8626]],[[8627]],[[8628]],[[8629]],[[8630]],[[8631]],[[8632]],[[8641]],[[8642,8643]],[[8644]],[[8645,8646]],[[8651]],[[8652,8653]],[[8654,8655,8656]],[[8657]],[[8658]],[[8659]],[[8660,8661,8662,8663,8664,8665,8666,8667,8668]],[[8671,8672,8673,8674,8675]],[[8678,8679,8680,8681,8682,8683,8684,8685]],[[8686,8687]],[[8688]],[[8689]],[[8690]],[[8691]],[[8692]],[[8693]],[[8694]],[[8695]],[[8696]],[[8697]],[[8698]],[[8699]],[[8702,8703,8704,8705]],[[8706]],[[8709]],[[8710]],[[8711,8712,8713,8714]],[[8717,8718]],[[8719,8720]],[[8721]],[[8724]],[[8725]],[[8726]],[[8727]],[[8728]],[[8729]],[[8730]],[[8731]],[[8732]],[[8733]],[[8734]],[[8735]],[[8736]],[[8737]],[[8738]],[[8739]],[[8740]],[[8741]],[[8742]],[[8743]],[[8744,8745,8746,8747,8748],[8749],[8750],[8751],[8752]],[[8753,8754,8755]],[[8756,8757]],[[8758,8759]],[[8762,8763]],[[8768,8769]],[[8770]],[[8771]],[[8772]],[[8773]],[[8774]],[[8775]],[[8776]],[[8777]],[[8778]],[[8779]],[[8780]],[[8781,8782],[8783]],[[8784]],[[8787]],[[8788]],[[8789]],[[8790]],[[8791,8792]],[[8793,8794,8795,8796,8797,8798,8799]],[[8800,8801,8802,8803]],[[8806,8807]],[[8814]],[[8817,8818]],[[8821,8822]],[[8823]],[[8824]],[[8825]],[[8826]],[[8827]],[[8830]],[[8833]],[[8838]],[[8839,8840]],[[8841,8842]],[[8847,8848,8849,8850]],[[8851,8852,8853]],[[8854,8855]],[[8856,8857]],[[8860,8861,8862,8863]],[[8864,8865,8866]],[[8867,8868,8869,8870,8871,8872]],[[8877,8878,8879,8880,8881,8882]],[[8885]],[[8886]],[[8887]],[[8890,8891]],[[8892]],[[8893,8894,8895,8896]],[[8899,8900,8901]],[[8902]],[[8903,8904,8905,8906,8907,8908]],[[8909,8910,8911]],[[8912]],[[8913,8914]],[[8915,8916]],[[8917]],[[8918,8919,8920,8921]],[[8924]],[[8925]],[[8928]],[[8929]],[[8930]],[[8931,8932,8933]],[[8934,8935]],[[8936]],[[8937]],[[8938]],[[8939]],[[8940]],[[8941]],[[8942]],[[8943]],[[8944]],[[8945]],[[8946]],[[8947]],[[8952,8953,8954]],[[8957]],[[8964]],[[8965]],[[8966,8967,8968]],[[8971]],[[8972]],[[8973]],[[8974]],[[8975]],[[8976]],[[8977]],[[8978]],[[8979]],[[8980]],[[8981]],[[8982]],[[8983]],[[8984]],[[8985]],[[8986,8987]],[[8988,8989,8990,8991,8992],[8993]],[[8994,8995,8996]],[[8997,8998]],[[8999]],[[9006,9007,9008]],[[9009]],[[9010]],[[9011,9012]],[[9013,9014,9015,9016,9017,9018,9019,9020,9021],[9022],[9023]],[[9024,9025,9026]],[[9027]],[[9028]],[[9029]],[[9030,9031]],[[9032]],[[9033,9034]],[[9035]],[[9036]],[[9037]],[[9040,9041,9042]],[[9043,9044]],[[9045]],[[9046,9047]],[[9050,9051,9052]],[[9053]],[[9054]],[[9055]],[[9056]],[[9057]],[[9058]],[[9059,9060]],[[9061]],[[9062]],[[9065]],[[9066]],[[9067]],[[9068]],[[9069]],[[9070]],[[9071,9072,9073,9074,9075,9076]],[[9077,9078,9079]],[[9080,9081,9082,9083,9084,9085,9086]],[[9087,9088,9089]],[[9094,9095,9096,9097,9098,9099]],[[9104,9105]],[[9106]],[[9107]],[[9108]],[[9109]],[[9110,9111,9112]],[[9113]],[[9114]],[[9115]],[[9116,9117]],[[9118]],[[9119]],[[9120,9121]],[[9122]],[[9123]],[[9124]],[[9125]],[[9126]],[[9127]],[[9128]],[[9133]],[[9134]],[[9135]],[[9136]],[[9137]],[[9138]],[[9139]],[[9140]],[[9141]],[[9142]],[[9143]],[[9146,9147]],[[9150]],[[9151]],[[9152]],[[9153,9154,9155,9156,9157,9158,9159]],[[9164,9165,9166,9167,9168,9169],[9170]],[[9171]],[[9172]],[[9173]],[[9176]],[[9177]],[[9180,9181,9182,9183,9184]],[[9185,9186,9187]],[[9188,9189,9190]],[[9191,9192,9193,9194]],[[9197]],[[9198]],[[9199]],[[9200]],[[9201]],[[9202,9203,9204,9205,9206,9207,9208,9209],[9210],[9211,9212],[9213],[9214],[9215,9216],[9217],[9218]],[[9219]],[[9220,9221,9222,9223,9224,9225,9226,9227,9228,9229,9230,9231,9232,9233,9234,9235,9236,9237,9238,9239,9240,9241,9242,9243,9244,9245,9246,9247,9248,9249],[9250,9251],[9252],[9253,9254,9255],[9256],[9257],[9258],[9259,9260,9261,9262,9263,9264],[9267],[9270],[9271],[9272],[9273],[9274],[9277],[9278],[9279]],[[9280]],[[9281]],[[9282,9283]],[[9286,9287]],[[9288]],[[9291,9292,9293,9294,9295]],[[9296]],[[9297]],[[9298]],[[9299,9300,9301,9302]],[[9303]],[[9306,9307,9308]],[[9309]],[[9310,9311,9312]],[[9313,9314,9315]],[[9316,9317,9318,9319]],[[9320,9321,9322]],[[9323]],[[9326,9327,9328]],[[9329,9330]],[[9331]],[[9336,9337]],[[9338]],[[9339]],[[9340]],[[9341]],[[9342]],[[9345]],[[9346]],[[9347]],[[9348]],[[9349]],[[9350,9351,9352]],[[9353,9354,9355,9356,9357,9358,9359,9360,9361,9362,9363,9364,9365,9366,9367,9368,9369,9370,9371,9372,9373,9374,9375,9376,9377],[9378,9379],[9380],[9381,9382],[9383],[9384],[9385,9386],[9387],[9388],[9389],[9390],[9391,9392,9393,9394,9395],[9396],[9399,9400],[9401],[9402],[9403],[9404],[9405],[9406]],[[9407]],[[9408]],[[9409]],[[9410]],[[9411,9412,9413,9414,9415]],[[9416]],[[9417]],[[9418]],[[9419]],[[9420]],[[9421]],[[9422,9423]],[[9424]],[[9425]],[[9426]],[[9427]],[[9428]],[[9429]],[[9430]],[[9431]],[[9432]],[[9433]],[[9434,9435]],[[9436]],[[9437]],[[9438]],[[9439]],[[9440]],[[9441]],[[9442,9443]],[[9444]],[[9445]],[[9446]],[[9447]],[[9448]],[[9449]],[[9450]],[[9453]],[[9456,9457]],[[9460,9461]],[[9466,9467,9468,9469,9470]],[[9471,9472]],[[9481,9482,9483]],[[9484]],[[9485]],[[9486]],[[9487]],[[9488]],[[9489]],[[9490]],[[9491,9492,9493,9494,9495]],[[9496,9497,9498]],[[9499]],[[9500,9501,9502]],[[9503,9504,9505,9506,9507]],[[9508,9509,9510,9511]],[[9514]],[[9515]],[[9516]],[[9517]],[[9518]],[[9519]],[[9520]],[[9521]],[[9522]],[[9523,9524,9525,9526]],[[9527,9528]],[[9529,9530,9531]],[[9532,9533,9534,9535,9536,9537]],[[9538,9539,9540]],[[9541,9542,9543,9544,9545]],[[9546]],[[9547]],[[9550]],[[9551]],[[9552,9553]],[[9554]],[[9557,9558,9559]],[[9560,9561,9562,9563]],[[9566,9567]],[[9568,9569,9570,9571]],[[9572,9573,9574]],[[9575,9576,9577]],[[9578,9579]],[[9580,9581]],[[9582]],[[9583,9584,9585]],[[9586,9587,9588,9589]],[[9594]],[[9595]],[[9596]],[[9597]],[[9598]],[[9599,9600,9601,9602,9603]],[[9606]],[[9607]],[[9608]],[[9609]],[[9610]],[[9611,9612,9613]],[[9614]],[[9615]],[[9618,9619]],[[9620]],[[9621]],[[9622]],[[9623]],[[9624]],[[9625]],[[9626]],[[9627]],[[9628]],[[9629]],[[9630,9631,9632]],[[9633]],[[9636]],[[9637]],[[9638]],[[9639]],[[9640,9641]],[[9642,9643,9644,9645]],[[9646,9647,9648,9649,9650,9651,9652,9653,9654,9655,9656,9657,9658,9659,9660,9661,9662],[9663],[9664,9665],[9666],[9667],[9668]],[[9669]],[[9670]],[[9671]],[[9672]],[[9673]],[[9674]],[[9679]],[[9680]],[[9681]],[[9682]],[[9683]],[[9684]],[[9685]],[[9686]],[[9687]],[[9688,9689,9690,9691,9692]],[[9697,9698,9699,9700,9701,9702,9703,9704,9705]],[[9706,9707,9708,9709,9710,9711,9712,9713,9714,9715],[9716],[9717],[9718],[9719]],[[9720]],[[9721]],[[9722]],[[9723]],[[9724,9725,9726,9727,9728,9729,9730],[9731]],[[9732,9733,9734,9735]],[[9736]],[[9739,9740]],[[9741]],[[9742]],[[9743]],[[9744]],[[9745]],[[9748,9749,9750]],[[9751,9752,9753]],[[9754]],[[9757]],[[9758]],[[9759]],[[9760]],[[9761]],[[9762,9763]],[[9764]],[[9765]],[[9766,9767]],[[9768,9769]],[[9770]],[[9771,9772,9773,9774,9775,9776]],[[9777]],[[9778]],[[9779]],[[9780]],[[9781]],[[9782]],[[9783]],[[9784]],[[9785]],[[9786]],[[9787]],[[9788]],[[9789]],[[9790]],[[9791]],[[9792]],[[9793]],[[9794]],[[9795]],[[9796]],[[9797]],[[9798]],[[9799]],[[9804]],[[9805]],[[9806]],[[9807]],[[9808]],[[9809]],[[9814]],[[9815]],[[9816]],[[9817]],[[9818,9819]],[[9820,9821]],[[9822]],[[9823]],[[9824,9825]],[[9826,9827]],[[9828]],[[9829,9830,9831]],[[9832]],[[9833,9834,9835]],[[9836,9837,9838,9839,9840,9841,9842,9843]],[[9848]],[[9849]],[[9850]],[[9851]],[[9852,9853,9854]],[[9855,9856,9857,9858]],[[9859,9860,9861,9862],[9863]],[[9866]],[[9867]],[[9868]],[[9869]],[[9870]],[[9871]],[[9872,9873]],[[9874,9875,9876]],[[9877,9878,9879,9880,9881,9882,9883,9884]],[[9885,9886,9887,9888,9889]],[[9890]],[[9893]],[[9894]],[[9895]],[[9896,9897,9898]],[[9901]],[[9902]],[[9903,9904]],[[9907,9908]],[[9909,9910]],[[9911]],[[9916,9917,9918]],[[9924,9925,9926,9927]],[[9928]],[[9929]],[[9930]],[[9935,9936]],[[9939]],[[9940,9941]],[[9942,9943]],[[9946]],[[9947]],[[9948]],[[9949]],[[9950]],[[9955,9956]],[[9957]],[[9958,9959]],[[9962,9963]],[[9966,9967]],[[9968]],[[9969]],[[9970]],[[9971]],[[9972]],[[9973]],[[9974]],[[9975]],[[9976]],[[9977]],[[9978,9979]],[[9980]],[[9981]],[[9982]],[[9987]],[[9988]],[[9989]],[[9992,9993,9994]],[[9997]],[[9998]],[[10003]],[[10004]],[[10005]],[[10006],[10007]],[[10010,10011,10012]],[[10013,10014]],[[10015]],[[10016]],[[10019]],[[10020]],[[10021]],[[10022,10023]],[[10024]],[[10025,10026]],[[10027,10028,10029,10030]],[[10033,10034,10035]],[[10036]],[[10037,10038]],[[10039,10040,10041,10042,10043,10044]],[[10047,10048]],[[10049,10050,10051]],[[10052,10053]],[[10054]],[[10055]],[[10056,10057,10058]],[[10065]],[[10066]],[[10067]],[[10068,10069,10070]],[[10073]],[[10074,10075]],[[10076]],[[10077,10078]],[[10079]],[[10080]],[[10081]],[[10084]],[[10085]],[[10088]],[[10091,10092,10093]],[[10096]],[[10097]],[[10100,10101]],[[10102,10103]],[[10104]],[[10105]],[[10106]],[[10107]],[[10108]],[[10109]],[[10110]],[[10111]],[[10112]],[[10113]],[[10114,10115]],[[10116]],[[10117]],[[10118,10119,10120]],[[10125]],[[10132,10133]],[[10136]],[[10137]],[[10138]],[[10139]],[[10142]],[[10143]],[[10144,10145,10146]],[[10147]],[[10148]],[[10149]],[[10150,10151,10152,10153,10154,10155,10156,10157]],[[10158,10159]],[[10160,10161]],[[10162]],[[10163]],[[10164,10165]],[[10166,10167,10168,10169,10170,10171,10172,10173,10174,10175,10176,10177,10178,10179],[10180,10181,10182],[10183,10184],[10187,10188,10189],[10192],[10193],[10194,10195],[10196],[10197],[10198],[10199],[10200],[10201],[10202],[10203,10204,10205,10206],[10207],[10208],[10211],[10212],[10213],[10214],[10215]],[[10216]],[[10217,10218,10219,10220,10221,10222,10223,10224,10225,10226,10227],[10228]],[[10229,10230,10231,10232,10233,10234,10235,10236,10237,10238]],[[10239]],[[10240,10241]],[[10242,10243]],[[10244]],[[10245,10246,10247]],[[10250]],[[10251]],[[10252]],[[10253]],[[10254]],[[10255]],[[10256]],[[10261,10262,10263]],[[10264,10265,10266,10267]],[[10270,10271,10272,10273,10274,10275,10276,10277,10278]],[[10281,10282]],[[10283,10284,10285]],[[10288,10289,10290]],[[10293]],[[10294]],[[10295]],[[10296]],[[10297,10298]],[[10299]],[[10300]],[[10301,10302]],[[10303]],[[10304]],[[10305]],[[10306]],[[10307]],[[10308]],[[10309]],[[10310]],[[10311]],[[10312]],[[10313]],[[10314]],[[10315]],[[10316,10317,10318]],[[10321,10322]],[[10323]],[[10324]],[[10325]],[[10326]],[[10331,10332]],[[10335]],[[10336]],[[10337]],[[10338,10339,10340]],[[10341]],[[10342,10343]],[[10346]],[[10347]],[[10348]],[[10349]],[[10350]],[[10351]],[[10352]],[[10353,10354,10355]],[[10356,10357]],[[10360,10361]],[[10362,10363,10364,10365,10366]],[[10369,10370]],[[10371,10372]],[[10375,10376,10377]],[[10378]],[[10379,10380]],[[10381,10382,10383,10384,10385,10386,10387,10388,10389]],[[10392]],[[10393]],[[10394]],[[10395]],[[10396]],[[10397,10398,10399,10400,10401,10402,10403]],[[10404]],[[10405]],[[10406]],[[10407,10408,10409,10410,10411]],[[10412,10413,10414,10415]],[[10416]],[[10417]],[[10418]],[[10419]],[[10420],[10421]],[[10422,10423,10424]],[[10425,10426,10427]],[[10428]],[[10429]],[[10432,10433,10434]],[[10435,10436,10437]],[[10440,10441]],[[10442]],[[10443]],[[10444]],[[10445]],[[10446]],[[10447]],[[10448,10449]],[[10450]],[[10451]],[[10452,10453]],[[10454]],[[10455]],[[10456]],[[10457]],[[10458]],[[10459]],[[10460]],[[10461]],[[10462]],[[10463]],[[10464]],[[10465]],[[10466]],[[10467]],[[10470]],[[10473]],[[10474]],[[10481]],[[10482,10483]],[[10486]],[[10487,10488,10489]],[[10490]],[[10491]],[[10492,10493,10494,10495,10496,10497]],[[10498]],[[10499]],[[10502,10503]],[[10506,10507,10508,10509]],[[10512]],[[10513]],[[10514]],[[10515]],[[10516,10517,10518]],[[10519]],[[10520]],[[10521]],[[10524,10525,10526]],[[10529]],[[10530]],[[10531,10532,10533]],[[10534,10535]],[[10536,10537,10538]],[[10539]],[[10540,10541,10542]],[[10545,10546,10547,10548,10549]],[[10550,10551,10552]],[[10553]],[[10554]],[[10555,10556]],[[10559]],[[10560,10561,10562]],[[10563]],[[10564]],[[10565]],[[10566]],[[10567]],[[10568]],[[10569]],[[10570]],[[10571]],[[10572]],[[10573]],[[10574]],[[10575]],[[10576,10577]],[[10578,10579]],[[10580,10581,10582]],[[10585]],[[10586,10587]],[[10590,10591]],[[10594,10595,10596]],[[10597]],[[10598]],[[10599,10600]],[[10601,10602]],[[10603]],[[10604]],[[10605,10606]],[[10609]],[[10610]],[[10611]],[[10612,10613,10614,10615],[10616,10617],[10618]],[[10625,10626]],[[10627,10628,10629]],[[10630,10631]],[[10632]],[[10633]],[[10634]],[[10635,10636,10637]],[[10640]],[[10641]],[[10642]],[[10643]],[[10644]],[[10645]],[[10646]],[[10647]],[[10656]],[[10657]],[[10658]],[[10659]],[[10660]],[[10661]],[[10664]],[[10665]],[[10666]],[[10667,10668]],[[10669]],[[10670,10671]],[[10672,10673]],[[10674,10675,10676]],[[10677,10678]],[[10679,10680,10681,10682]],[[10683,10684]],[[10685,10686,10687,10688,10689,10690,10691]],[[10692,10693,10694]],[[10695,10696,10697,10698,10699,10700,10701]],[[10704]],[[10705]],[[10706,10707,10708,10709]],[[10710,10711]],[[10714,10715]],[[10716,10717,10718]],[[10719,10720,10721,10722,10723]],[[10724]],[[10729,10730]],[[10731]],[[10732,10733,10734,10735,10736,10737]],[[10738,10739]],[[10740]],[[10741,10742,10743]],[[10746,10747,10748]],[[10749]],[[10750]],[[10751]],[[10752]],[[10753]],[[10754]],[[10755]],[[10756]],[[10757,10758,10759]],[[10762]],[[10763]],[[10764]],[[10765]],[[10766,10767]],[[10770]],[[10771]],[[10772]],[[10773]],[[10774,10775]],[[10776]],[[10777]],[[10778]],[[10779]],[[10780]],[[10781]],[[10782]],[[10783]],[[10784]],[[10785]],[[10788]],[[10789,10790]],[[10791]],[[10792]],[[10793,10794]],[[10795,10796,10797,10798,10799]],[[10800]],[[10803],[10804]],[[10805]],[[10806]],[[10809,10810,10811]],[[10812]],[[10813,10814]],[[10815]],[[10816]],[[10817]],[[10818]],[[10819,10820]],[[10821,10822]],[[10823],[10824]],[[10825]],[[10826,10827]],[[10828,10829]],[[10830]],[[10831]],[[10832,10833,10834]],[[10835]],[[10852,10853]],[[10854]],[[10855]],[[10856]],[[10857,10858]],[[10859,10860]],[[10861,10862]],[[10865,10866,10867,10868,10869,10870,10871,10872,10873,10874,10875,10876,10877,10878,10879,10880,10881,10882,10883,10884,10885,10886,10887,10888,10889,10890,10891],[10892],[10893],[10896],[10897],[10898],[10899]],[[10902],[10903]],[[10904,10905,10906]],[[10907]],[[10908]],[[10909]],[[10910]],[[10911]],[[10912]],[[10913]],[[10914,10915,10916,10917]],[[10918,10919,10920,10921]],[[10925,10926,10927]],[[10928]],[[10929]],[[10930,10931,10932]],[[10933]],[[10934]],[[10935]],[[10936,10937,10938,10939,10940,10941,10942,10943,10944,10945],[10946],[10947,10948]],[[10949,10950]],[[10951]],[[10954]],[[10957]],[[10958,10959]],[[10962,10963]],[[10964]],[[10965]],[[10966]],[[10975]],[[10976]],[[10981]],[[10982]],[[10983]],[[10984]],[[10985]],[[10986]],[[10987]],[[10988]],[[10991,10992,10993,10994]],[[10995]],[[10998,10999]],[[11002,11003]],[[11004]],[[11005,11006]],[[11011]],[[11014]],[[11015,11016,11017,11018]],[[11019]],[[11020]],[[11023]],[[11024]],[[11025,11026,11027]],[[11030]],[[11031]],[[11032]],[[11033]],[[11034]],[[11035]],[[11036]],[[11037,11038,11039,11040,11041,11042,11043,11044,11045]],[[11048,11049,11050]],[[11051]],[[11054,11055]],[[11056]],[[11057,11058],[11059]],[[11060]],[[11061]],[[11062]],[[11065,11066]],[[11069,11070,11071]],[[11072,11073]],[[11074]],[[11075]],[[11076]],[[11077]],[[11078]],[[11079]],[[11080,11081,11082]],[[11083,11084,11085,11086,11087]],[[11090,11091,11092,11093,11094]],[[11095]],[[11096,11097,11098]],[[11101,11102,11103,11104]],[[11105,11106]],[[11107,11108]],[[11109,11110]],[[11113,11114,11115,11116]],[[11123,11124]],[[11129]],[[11130]],[[11131]],[[11132]],[[11133]],[[11134,11135,11136]],[[11137]],[[11138]],[[11139]],[[11144]],[[11145,11146,11147,11148,11149,11150,11151,11152,11153,11154,11155,11156,11157,11158,11159,11160,11161,11162,11163,11164,11165,11166,11167,11168],[11169],[11170],[11171],[11172]],[[11173]],[[11174]],[[11175,11176]],[[11177]],[[11178]],[[11179]],[[11180]],[[11181,11182]],[[11183,11184]],[[11185,11186]],[[11187]],[[11188]],[[11189]],[[11190,11191]],[[11192]],[[11193,11194]],[[11195]],[[11196,11197]],[[11198,11199,11200,11201]],[[11202,11203,11204]],[[11205,11206,11207,11208]],[[11209,11210,11211,11212,11213,11214]],[[11217]],[[11220]],[[11221,11222]],[[11223,11224,11225,11226,11227,11228,11229,11230,11231,11232,11233],[11234]],[[11235]],[[11236]],[[11237,11238,11239,11240,11241,11242]],[[11243,11244,11245,11246,11247]],[[11250]],[[11251]],[[11252]],[[11253,11254]],[[11255]],[[11256]],[[11257,11258,11259]],[[11260,11261,11262]],[[11265,11266]],[[11267]],[[11268]],[[11269,11270]],[[11271]],[[11272]],[[11273]],[[11274]],[[11275]],[[11280,11281]],[[11282]],[[11283]],[[11284,11285,11286,11287,11288,11289]],[[11290]],[[11291]],[[11295,11296,11297,11298]],[[11299,11300,11301,11302]],[[11303]],[[11304]],[[11305],[11306]],[[11311,11312,11313,11314]],[[11315]],[[11316]],[[11317]],[[11318]],[[11319]],[[11320]],[[11321,11322]],[[11325,11326]],[[11327]],[[11328,11329,11330]],[[11333]],[[11334]],[[11335]],[[11340,11341,11342]],[[11347,11348,11349,11350,11351,11352,11353],[11354,11355]],[[11358,11359,11360]],[[11363]],[[11378]],[[11381,11382,11383]],[[11384]],[[11385]],[[11386]],[[11387,11388]],[[11389]],[[11390,11391,11392]],[[11393]],[[11394]],[[11395]],[[11414]],[[11415]],[[11416,11417]],[[11418,11419,11420]],[[11421]],[[11422]],[[11423,11424,11425,11426,11427,11428,11429,11430,11431,11432,11433,11434,11435,11436,11437,11438,11439,11440,11441],[11442],[11445],[11446],[11447],[11448],[11449,11450,11451],[11452,11453],[11454],[11455],[11456],[11457],[11458,11459,11460],[11461],[11462]],[[11465]],[[11466]],[[11467,11468,11469,11470]],[[11473]],[[11474]],[[11475]],[[11476]],[[11477]],[[11478]],[[11479,11480]],[[11483]],[[11484]],[[11485]],[[11486]],[[11487,11488]],[[11489,11490]],[[11491,11492,11493]],[[11494]],[[11495,11496]],[[11497]],[[11498]],[[11499,11500,11501,11502]],[[11503,11504,11505]],[[11506,11507]],[[11510,11511]],[[11512,11513]],[[11514]],[[11515,11516]],[[11517,11518]],[[11519]],[[11520,11521,11522]],[[11527,11528]],[[11529,11530,11531,11532,11533,11534,11535]],[[11540]],[[11541]],[[11542,11543]],[[11544,11545]],[[11546]],[[11547]],[[11548,11549]],[[11550,11551]],[[11552,11553]],[[11554,11555]],[[11556]],[[11557,11558]],[[11561]],[[11562]],[[11563]],[[11564]],[[11568,11569,11570]],[[11571]],[[11572]],[[11573,11574,11575]],[[11576,11577]],[[11578]],[[11579]],[[11580,11581]],[[11582]],[[11583]],[[11586]],[[11593]],[[11598]],[[11599,11600]],[[11605,11606,11607,11608,11609,11610,11611,11612,11613,11614,11615],[11618]],[[11619]],[[11620,11621,11622]],[[11623]],[[11624,11625,11626,11627]],[[11628,11629]],[[11632,11633,11634]],[[11637,11638,11639,11640,11641]],[[11648]],[[11649,11650]],[[11651,11652]],[[11653,11654]],[[11659]],[[11660]],[[11661,11662]],[[11663,11664,11665,11666,11667],[11668]],[[11669,11670,11671]],[[11674,11675]],[[11676,11677]],[[11678]],[[11679]],[[11680]],[[11681,11682,11683,11684],[11685,11686,11687,11688,11689],[11690]],[[11693]],[[11694,11695]],[[11696,11697]],[[11698,11699]],[[11700]],[[11707,11708]],[[11709,11710]],[[11713]],[[11714]],[[11715]],[[11716,11717,11718]],[[11719,11720,11721]],[[11722,11723]],[[11724,11725,11726]],[[11731,11732,11733]],[[11734]],[[11735,11736,11737,11738]],[[11739,11740]],[[11741,11742,11743,11744,11745]],[[11748,11749]],[[11752]],[[11753]],[[11754,11755]],[[11756]],[[11757]],[[11758,11759,11760]],[[11765,11766]],[[11767,11768]],[[11769,11770,11771,11772,11773,11774]],[[11775]],[[11776]],[[11777,11778,11779]],[[11780,11781,11782]],[[11783,11784]],[[11785]],[[11788,11789,11790,11791,11792,11793]],[[11794]],[[11795,11796,11797,11798]],[[11799,11800,11801]],[[11802]],[[11803,11804]],[[11805,11806]],[[11811,11812]],[[11813,11814]],[[11817,11818,11819,11820,11821]],[[11822,11823,11824,11825,11826]],[[11827]],[[11828,11829,11830,11831,11832,11833,11834]],[[11837,11838]],[[11839,11840,11841,11842]],[[11843]],[[11846]],[[11847]],[[11848]],[[11851,11852,11853,11854,11855]],[[11856,11857]],[[11860]],[[11863,11864,11865]],[[11866]],[[11867]],[[11868]],[[11869,11870]],[[11873,11874,11875]],[[11879]],[[11880]],[[11881]],[[11882]],[[11883]],[[11884]],[[11885]],[[11886]],[[11887]],[[11892]],[[11893,11894,11895,11896]],[[11897,11898,11899,11900]],[[11903]],[[11904]],[[11905]],[[11908,11909,11910]],[[11911]],[[11912]],[[11913]],[[11914]],[[11915,11916,11917,11918,11919,11920,11921,11922,11923,11924,11925,11926,11927,11928,11929,11930,11931,11932,11933,11934,11935,11936,11937,11938,11939,11940,11941],[11942,11943,11944],[11945],[11946,11947,11948,11949,11950],[11951],[11952],[11953],[11954],[11955],[11956,11957],[11958,11959,11960,11961,11962,11963,11964],[11965]],[[11966,11967,11968,11969,11970]],[[11971]],[[11976]],[[11977,11978,11979],[11980]],[[11989,11990,11991,11992,11993,11994,11995]],[[11996]],[[11997,11998]],[[11999]],[[12002]],[[12003]],[[12004,12005,12006]],[[12007]],[[12008]],[[12009,12010]],[[12011,12012]],[[12013,12014]],[[12015,12016,12017]],[[12018]],[[12023]],[[12024,12025]],[[12030]],[[12033,12034]],[[12035,12036]],[[12041,12042,12043,12044,12045]],[[12046,12047,12048]],[[12049,12050,12051]],[[12055]],[[12060]],[[12061]],[[12062,12063,12064,12065,12066,12067,12068,12069,12070,12071,12072,12073,12074,12075,12076,12077,12078],[12079],[12080],[12081],[12082],[12083],[12084],[12085,12086,12087,12088],[12089]],[[12090]],[[12091]],[[12092,12093]],[[12094]],[[12095]],[[12102,12103,12104]],[[12105,12106]],[[12109,12110]],[[12111]],[[12112]],[[12115]],[[12116]],[[12117]],[[12124,12125]],[[12126]],[[12127,12128]],[[12129,12130],[12133]],[[12134,12135]],[[12136,12137]],[[12138]],[[12141]],[[12142]],[[12143]],[[12144]],[[12145]],[[12146]],[[12147]],[[12148,12149]],[[12150,12151]],[[12152,12153,12154,12155]],[[12158,12159,12160]],[[12167]],[[12168]],[[12169,12170]],[[12171,12172]],[[12175]],[[12176]],[[12177]],[[12178]],[[12179]],[[12180]],[[12181]],[[12182]],[[12185]],[[12188]],[[12189,12190,12191,12192]],[[12195]],[[12196,12197]],[[12198]],[[12201]],[[12202,12203]],[[12204]],[[12205,12206]],[[12209]],[[12214]],[[12215,12216,12217,12218]],[[12219,12220,12221]],[[12222]],[[12227]],[[12228]],[[12229]],[[12230,12231]],[[12234,12235,12236,12237,12238,12239,12240,12241,12242,12243,12244,12245,12246,12247,12248],[12249]],[[12250,12251]],[[12252,12253,12254,12255,12256,12257,12258,12259,12260,12261],[12262,12263,12264],[12265],[12266],[12267,12268],[12269,12270]],[[12271]],[[12272,12273,12274]],[[12277,12278]],[[12279]],[[12282,12283]],[[12284]],[[12285]],[[12286]],[[12289,12290,12291,12292]],[[12293]],[[12294,12295,12296]],[[12297,12298]],[[12299]],[[12300,12301]],[[12304,12305]],[[12306]],[[12307]],[[12314,12315,12316]],[[12321,12322,12323,12324]],[[12325,12326]],[[12333,12334,12335,12336]],[[12340,12341,12342,12343]],[[12344,12345,12346,12347]],[[12348]],[[12349,12350,12351]],[[12354,12355,12356]],[[12357,12358]],[[12359]],[[12360,12361]],[[12362,12363]],[[12364,12365]],[[12366]],[[12369]],[[12370]],[[12371]],[[12372]],[[12376]],[[12381,12382]],[[12385,12386,12387,12388,12389,12390,12391,12392,12393,12394,12395,12396,12397,12398,12399,12400,12401,12402,12403,12404,12405,12406,12407,12408,12409,12410,12411,12412,12413,12414],[12415,12416],[12419,12420],[12421],[12422,12423,12424,12425,12426,12427],[12428,12429,12430,12431,12432],[12433],[12434],[12435],[12436],[12437],[12438],[12439],[12440],[12441],[12442],[12443]],[[12446,12447]],[[12448,12449,12450,12451,12452,12453,12454,12455]],[[12456]],[[12457,12458]],[[12459]],[[12460]],[[12463]],[[12464]],[[12468,12469,12470,12471,12472,12473,12474,12475,12476,12477],[12478]],[[12481]],[[12484,12485,12486]],[[12487,12488]],[[12489,12490,12491,12492,12493]],[[12494,12495,12496,12497]],[[12498]],[[12501,12502,12503]],[[12504]],[[12507]],[[12508]],[[12511,12512]],[[12513]],[[12514,12515]],[[12516]],[[12519]],[[12520,12521,12522,12523,12524,12525,12526,12527,12528,12529,12530,12531,12532,12533,12534,12535],[12536,12537],[12538]],[[12539]],[[12540]],[[12543]],[[12549,12550,12551,12552,12553]],[[12556]],[[12557]],[[12560,12561,12562]],[[12563,12564]],[[12567]],[[12568]],[[12569,12570,12571]],[[12578]],[[12579,12580,12581]],[[12586]],[[12591]],[[12592,12593,12594,12595,12596,12597]],[[12598,12599,12600]],[[12601]],[[12602]],[[12607,12608,12609,12610,12611]],[[12612]],[[12613,12614,12615]],[[12616,12617,12618]],[[12619]],[[12620,12621]],[[12622]],[[12627,12628]],[[12629,12630]],[[12631,12632]],[[12635]],[[12636]],[[12639,12640,12641]],[[12642,12643,12644]],[[12651]],[[12657,12658,12659]],[[12662,12663,12664,12665]],[[12666,12667,12668,12669]],[[12676,12677]],[[12678,12679,12680]],[[12683]],[[12684]],[[12685]],[[12686]],[[12691]],[[12692,12693,12694]],[[12699,12700]],[[12701]],[[12702]],[[12703]],[[12704]],[[12707]],[[12708]],[[12711,12712,12713,12714]],[[12715]],[[12716]],[[12717]],[[12720,12721,12722]],[[12723,12724,12725,12726]],[[12727,12728,12729]],[[12732]],[[12733]],[[12734,12735]],[[12736,12737]],[[12740]],[[12741]],[[12742]],[[12743,12744]],[[12747,12748]],[[12749]],[[12750]],[[12751]],[[12752,12753]],[[12754,12755,12756]],[[12761]],[[12762]],[[12763,12764]],[[12765,12766]],[[12767,12768]],[[12771]],[[12772]],[[12773]],[[12774,12775,12776,12777,12778,12779,12780,12781,12782,12783,12784,12785,12786,12787,12788,12789,12790,12791],[12792],[12793],[12794],[12795],[12796],[12797],[12798],[12799],[12800],[12801],[12802],[12803],[12804],[12805]],[[12806,12807]],[[12812,12813,12814]],[[12815]],[[12816,12817]],[[12820,12821,12822]],[[12823,12824]],[[12825]],[[12826]],[[12827,12828]],[[12829]],[[12832]],[[12833]],[[12834,12835,12836]],[[12837,12838,12839,12840]],[[12841]],[[12848]],[[12849,12850,12851,12852,12853,12854,12855]],[[12856]],[[12857,12858,12859]],[[12860]],[[12861,12862,12863]],[[12868]],[[12873]],[[12874]],[[12875]],[[12876]],[[12877]],[[12878]],[[12879]],[[12882,12883,12884]],[[12885]],[[12886,12887]],[[12888,12889]],[[12890]],[[12891,12892]],[[12893,12894,12895]],[[12896,12897,12898,12899,12900]],[[12901,12902,12903,12904,12905,12906],[12907]],[[12911,12912,12913]],[[12914]],[[12915,12916,12917,12918,12919],[12920,12921,12922,12923]],[[12924,12925]],[[12926,12927,12928]],[[12929,12930,12931]],[[12932,12933,12934]],[[12935,12936,12937]],[[12938,12939,12940]],[[12945,12946,12947]],[[12948]],[[12949]],[[12950,12951]],[[12954,12955,12956]],[[12957,12958,12959]],[[12960,12961,12962]],[[12965]],[[12966]],[[12967]],[[12968]],[[12971]],[[12974]],[[12975,12976,12977,12978,12979,12980]],[[12985]],[[12986,12987]],[[12988]],[[12993]],[[13002]],[[13003]],[[13004]],[[13005]],[[13006,13007]],[[13008,13009,13010]],[[13011,13012]],[[13013,13014,13015]],[[13016,13017]],[[13018]],[[13019,13020,13021,13022,13023,13024],[13025]],[[13026]],[[13027,13028]],[[13031]],[[13034]],[[13035]],[[13036]],[[13037,13038,13039]],[[13042,13043,13044]],[[13049,13050,13051,13052]],[[13053]],[[13054]],[[13055]],[[13056]],[[13061]],[[13062,13063]],[[13064]],[[13065]],[[13066]],[[13069,13070]],[[13071]],[[13072]],[[13073]],[[13074]],[[13075,13076,13077]],[[13078]],[[13079]],[[13084]],[[13089,13090,13091,13092]],[[13093,13094,13095]],[[13096]],[[13097]],[[13098]],[[13099,13100]],[[13101]],[[13102,13103,13104]],[[13109,13110]],[[13111,13112]],[[13115]],[[13116]],[[13117,13118]],[[13119,13120]],[[13121,13122,13123]],[[13124,13125]],[[13126,13127]],[[13130]],[[13131]],[[13134]],[[13135,13136,13137]],[[13140]],[[13141]],[[13144]],[[13145,13146]],[[13147]],[[13150]],[[13151]],[[13154]],[[13155]],[[13156,13157,13158,13159]],[[13160,13161]],[[13162]],[[13163]],[[13164]],[[13165]],[[13166]],[[13171]],[[13172]],[[13173,13174,13175,13176]],[[13177,13178,13179,13180]],[[13181]],[[13182]],[[13183]],[[13188]],[[13189]],[[13192,13193,13194]],[[13197]],[[13198]],[[13199]],[[13205,13206,13207]],[[13210,13211]],[[13212,13213]],[[13214,13215,13216]],[[13217]],[[13218]],[[13219]],[[13220,13221]],[[13222,13223]],[[13224,13225]],[[13238]],[[13239]],[[13240,13241]],[[13242,13243]],[[13244]],[[13245]],[[13246]],[[13249]],[[13250]],[[13251]],[[13252]],[[13253,13254]],[[13255]],[[13256]],[[13259]],[[13260]],[[13261]],[[13262,13263]],[[13264]],[[13265]],[[13268]],[[13269,13270,13271]],[[13272,13273,13274,13275]],[[13276]],[[13277]],[[13280]],[[13281,13282,13283,13284,13285,13286,13287,13288,13289,13290,13291,13292,13293,13294,13295,13296,13297,13298,13299,13300,13301,13302,13303,13304,13305,13306,13307,13308,13309,13310,13311,13312,13313,13314,13315,13316,13317,13318,13319,13320,13321,13322,13323,13324,13325,13326,13327,13328,13329,13330,13331,13332,13333,13334,13335,13336,13337],[13338],[13339,13340],[13347],[13348],[13349],[13350],[13351,13352,13353],[13354],[13355],[13356],[13357,13358,13359,13360,13361],[13362],[13363],[13364],[13365],[13366],[13367],[13368],[13369],[13370,13371,13372,13373],[13374,13375,13376],[13377],[13378]],[[13379,13380,13381]],[[13386,13387,13388,13389,13390]],[[13391]],[[13392]],[[13393]],[[13394,13395,13396,13397,13398]],[[13401,13402]],[[13405,13406]],[[13407]],[[13414,13415,13416,13417]],[[13421,13422]],[[13423,13424]],[[13431]],[[13432]],[[13433]],[[13434,13435]],[[13436,13437,13438]],[[13441,13442,13443,13444]],[[13445,13446,13447,13448]],[[13449,13450,13451,13452]],[[13453,13454,13455,13456,13457]],[[13458]],[[13459]],[[13460]],[[13461]],[[13462]],[[13463]],[[13464]],[[13469,13470]],[[13471,13472]],[[13473]],[[13474]],[[13475]],[[13476]],[[13477]],[[13478,13479]],[[13482]],[[13483,13484]],[[13485]],[[13486]],[[13487]],[[13492]],[[13493]],[[13496]],[[13497]],[[13498]],[[13499]],[[13500]],[[13501]],[[13502]],[[13503]],[[13504]],[[13505]],[[13506,13507,13508]],[[13511,13512,13513]],[[13514,13515,13516,13517,13518]],[[13519]],[[13520]],[[13521]],[[13522]],[[13523,13524]],[[13525,13526]],[[13527]],[[13532,13533]],[[13534,13535,13536,13537]],[[13540,13541]],[[13544,13545,13546]],[[13547]],[[13550]],[[13551]],[[13552]],[[13553]],[[13554]],[[13555]],[[13558]],[[13559]],[[13560]],[[13561,13562,13563,13564,13565,13566],[13567]],[[13568]],[[13569,13570,13571]],[[13574]],[[13575,13576]],[[13581]],[[13582,13583,13584,13585,13586]],[[13587]],[[13588]],[[13589,13590,13591]],[[13592]],[[13593,13594]],[[13595,13596,13597,13598]],[[13599,13600,13601]],[[13602]],[[13605]],[[13606]],[[13607]],[[13608]],[[13609]],[[13610]],[[13611]],[[13612]],[[13615,13616]],[[13617],[13618]],[[13619]],[[13620]],[[13621]],[[13622]],[[13623,13624,13625]],[[13626]],[[13627,13628]],[[13631,13632]],[[13633,13634,13635,13636]],[[13637,13638]],[[13643,13644]],[[13649,13650,13651]],[[13654]],[[13655]],[[13656]],[[13657]],[[13662]],[[13663]],[[13664]],[[13665]],[[13666]],[[13667]],[[13668]],[[13669]],[[13670]],[[13671]],[[13672,13673,13674]],[[13677,13678,13679]],[[13680,13681,13682,13683]],[[13686]],[[13687,13688,13689,13690,13691,13692,13693]],[[13694]],[[13695,13696,13697,13698,13699]],[[13700,13701,13702,13703]],[[13704]],[[13705],[13708]],[[13709,13710]],[[13711,13712,13713]],[[13716]],[[13717,13718]],[[13719]],[[13720],[13721]],[[13722,13723]],[[13724,13725]],[[13726,13727]],[[13728,13729]],[[13732,13733,13734]],[[13735,13736,13737]],[[13738,13739,13740,13741]],[[13742,13743,13744,13745,13746,13747]],[[13748,13749,13750,13751,13752,13753,13754,13755]],[[13756,13757]],[[13758,13759,13760]],[[13761]],[[13762,13763,13764]],[[13765,13766]],[[13767]],[[13768]],[[13771]],[[13772,13773,13774]],[[13777,13778,13779,13780]],[[13783,13784,13785,13786]],[[13787,13788,13789]],[[13790]],[[13791]],[[13792]],[[13793]],[[13794]],[[13795]],[[13796,13797]],[[13798,13799,13800,13801]],[[13802,13803,13804]],[[13805,13806,13807,13808,13809,13810,13811]],[[13812,13813,13814]],[[13815,13816,13817,13818,13819]],[[13820,13821,13822,13823,13824,13825]],[[13826,13827,13828]],[[13829]],[[13830]],[[13831]],[[13832]],[[13833]],[[13840,13841,13842]],[[13843,13844,13845]],[[13846]],[[13853]],[[13854]],[[13855,13856]],[[13865]],[[13866]],[[13867]],[[13868]],[[13869,13870]],[[13871]],[[13872,13873,13874]],[[13875,13876,13877],[13878],[13879]],[[13880,13881]],[[13882]],[[13883]],[[13884]],[[13885]],[[13888,13889]],[[13890,13891]],[[13892]],[[13897]],[[13898,13899]],[[13902,13903]],[[13904,13905,13906,13907,13908,13909,13910]],[[13911]],[[13912]],[[13917]],[[13918]],[[13919]],[[13920]],[[13921,13922]],[[13923,13924]],[[13925]],[[13930]],[[13933]],[[13934]],[[13935]],[[13936]],[[13937]],[[13938]],[[13941]],[[13942]],[[13949,13950]],[[13951,13952]],[[13959]],[[13960]],[[13961]],[[13962,13963]],[[13964]],[[13965]],[[13966]],[[13967]],[[13968,13969]],[[13970]],[[13971,13972]],[[13973,13974]],[[13979,13980]],[[13981,13982]],[[13983,13984]],[[13985,13986]],[[13987]],[[13992]],[[13993,13994]],[[13995,13996]],[[13997]],[[13998]],[[14003]],[[14004]],[[14005,14006]],[[14007]],[[14008]],[[14009]],[[14010]],[[14011]],[[14012,14013]],[[14016]],[[14017]],[[14018]],[[14025]],[[14026]],[[14027]],[[14030,14031]],[[14034,14035,14036]],[[14037]],[[14038]],[[14039]],[[14040]],[[14041,14042]],[[14043]],[[14046]],[[14047]],[[14048,14049]],[[14050]],[[14051]],[[14052]],[[14053]],[[14054,14055,14056]],[[14057,14058,14059]],[[14060,14061,14062,14063]],[[14064]],[[14065,14066]],[[14067]],[[14068]],[[14069]],[[14070]],[[14079]],[[14080]],[[14081,14082]],[[14083,14084,14085]],[[14086,14087]],[[14088]],[[14089]],[[14090]],[[14091]],[[14096]],[[14097,14098]],[[14099,14100]],[[14101,14102]],[[14103,14104]],[[14105]],[[14106]],[[14107,14108,14109]],[[14110,14111,14112,14113]],[[14114,14115,14116]],[[14123]],[[14124]],[[14127,14128,14129]],[[14130,14131,14132,14133,14134,14135,14136,14137,14138,14139,14140],[14141,14142,14143]],[[14144,14145]],[[14146]],[[14147]],[[14148]],[[14151,14152]],[[14153,14154,14155,14156]],[[14160]],[[14161]],[[14162]],[[14167]],[[14168]],[[14169,14170]],[[14171,14172]],[[14173]],[[14178]],[[14179]],[[14180]],[[14181]],[[14182]],[[14187]],[[14188]],[[14189]],[[14192,14193,14194]],[[14195]],[[14198,14199,14200,14201,14202,14203,14204,14205,14206,14207,14208,14209,14210],[14211],[14213],[14214],[14215],[14216],[14217,14218,14219]],[[14222]],[[14223]],[[14226,14227]],[[14228]],[[14229,14230,14231,14232]],[[14233,14234,14235],[14236]],[[14237]],[[14238]],[[14239,14240,14241,14242,14243,14244,14245,14246,14247,14248,14249,14250,14251,14252,14253,14254,14255,14256,14257,14258,14259,14260,14261,14262,14263,14264,14265,14266,14267,14268,14269,14270,14271,14272,14273,14274,14275,14276,14277,14278,14279,14280,14281,14282,14283,14284,14285,14286,14287,14288,14289,14290,14291,14292,14293,14294,14295,14296,14297,14298,14299,14300,14301,14302,14303,14304,14305,14306,14307,14308,14309,14310,14311,14312,14313,14314,14315,14316,14317,14318,14319,14320,14321,14322,14323,14324,14325,14326,14327],[14328,14329],[14330],[14331,14332,14333,14334,14335,14336,14337,14338,14339],[14340,14341],[14342,14343,14344,14345,14346,14347],[14350,14351],[14352],[14353],[14356],[14357,14358,14359],[14360,14361,14362],[14363],[14364],[14367],[14368],[14369],[14372,14373,14374],[14375],[14378],[14379],[14380],[14381],[14382],[14383],[14384],[14385],[14386],[14387],[14388],[14389],[14390],[14391,14392],[14393,14394],[14395,14396,14397,14398,14399,14400,14401,14402,14403,14404,14405,14406,14407,14408,14409,14410],[14413],[14414],[14415],[14416],[14417],[14418,14419],[14420],[14421],[14422],[14423],[14424],[14425],[14426],[14427,14428,14429],[14430],[14431],[14432],[14433],[14434],[14435],[14436],[14437],[14438],[14439],[14440],[14441],[14442],[14443,14444,14445,14446,14447,14448],[14449],[14450],[14451],[14452],[14453],[14454],[14455],[14456],[14457],[14458],[14459],[14460]],[[14461]],[[14462]],[[14463]],[[14464,14465]],[[14466]],[[14467,14468,14469,14470]],[[14471]],[[14474]],[[14475]],[[14476]],[[14477,14478]],[[14479]],[[14480]],[[14485]],[[14486]],[[14487,14488]],[[14489]],[[14492]],[[14493]],[[14494]],[[14495]],[[14496]],[[14497]],[[14498,14499,14500,14501]],[[14504]],[[14505]],[[14506]],[[14509]],[[14510]],[[14511]],[[14512]],[[14513]],[[14514]],[[14515]],[[14516]],[[14517]],[[14518]],[[14519,14520]],[[14523,14524,14525]],[[14526]],[[14527,14528]],[[14529]],[[14530]],[[14531]],[[14532],[14533]],[[14534,14535]],[[14536]],[[14537]],[[14538,14539]],[[14540]],[[14541]],[[14542,14543]],[[14544]],[[14545,14546,14547,14548],[14549],[14550],[14551],[14552],[14553]],[[14556]],[[14557,14558]],[[14559]],[[14560,14561]],[[14562,14563]],[[14566,14567,14568]],[[14569,14570,14571]],[[14572,14573]],[[14576]],[[14577,14578,14579,14580,14581,14582,14583]],[[14587,14588]],[[14589,14590,14591,14592]],[[14593,14594]],[[14595]],[[14598,14599]],[[14600]],[[14601,14602,14603]],[[14606]],[[14607,14608]],[[14611,14612,14613]],[[14614]],[[14617]],[[14618,14619,14620,14621,14622,14623]],[[14624,14625]],[[14626,14627]],[[14630]],[[14631,14632]],[[14635]],[[14636]],[[14637,14638]],[[14639,14640]],[[14643]],[[14646]],[[14647]],[[14648]],[[14651]],[[14652,14653]],[[14654]],[[14657]],[[14658,14659]],[[14660]],[[14661,14662,14663]],[[14664,14665,14666,14667,14668]],[[14669,14670,14671]],[[14672,14673,14674]],[[14675]],[[14678]],[[14681,14682]],[[14685,14686]],[[14687,14688,14689]],[[14690]],[[14691]],[[14692,14693]],[[14694]],[[14697,14698],[14699]],[[14700]],[[14701,14702,14703,14704]],[[14707,14708,14709]],[[14710]],[[14711]],[[14714,14715]],[[14716,14717,14718,14719,14720,14721,14722,14723,14724],[14727,14728,14729,14730]],[[14731,14732]],[[14733,14734]],[[14739,14740,14741]],[[14742,14743,14744,14745]],[[14746,14747,14748]],[[14751,14752,14753]],[[14758,14759,14760,14761],[14762]],[[14763]],[[14768]],[[14773,14774,14775]],[[14778,14779,14780,14781,14782,14783]],[[14784,14785,14786]],[[14790]],[[14791]],[[14792]],[[14793]],[[14794,14795,14796],[14797]],[[14798,14799]],[[14800,14801]],[[14802,14803]],[[14806,14807,14808,14809]],[[14810,14811]],[[14812,14813]],[[14814]],[[14815]],[[14816]],[[14817,14818]],[[14821,14822]],[[14823,14824,14825]],[[14828,14829]],[[14830]],[[14831]],[[14836]],[[14839,14840]],[[14841,14842]],[[14843,14844]],[[14847,14848]],[[14849,14850]],[[14851]],[[14852]],[[14853]],[[14854]],[[14855]],[[14856]],[[14857]],[[14858,14859,14860,14861]],[[14862,14863,14864]],[[14869,14870,14871,14872]],[[14873]],[[14874,14875,14876]],[[14877]],[[14878,14879,14880]],[[14881,14882,14883,14884,14885]],[[14890,14891]],[[14892,14893]],[[14898]],[[14899]],[[14900]],[[14901]],[[14902,14903]],[[14904,14905]],[[14906,14907,14908,14909]],[[14910,14911]],[[14916,14917,14918]],[[14923,14924]],[[14925]],[[14926,14927,14928]],[[14929]],[[14930]],[[14931,14932,14933]],[[14936,14937]],[[14938,14939]],[[14940]],[[14941]],[[14942]],[[14943]],[[14948]],[[14951,14952]],[[14953]],[[14954,14955,14956]],[[14961,14962,14963]],[[14964,14965,14966]],[[14971]],[[14972]],[[14973]],[[14974]],[[14975,14976,14977,14978]],[[14979,14980,14981,14982,14983,14984,14985]],[[14986]],[[14989,14990]],[[14995,14996]],[[14997,14998,14999,15000]],[[15003]],[[15004]],[[15007,15008]],[[15009,15010]],[[15011,15012]],[[15013,15014]],[[15015,15016,15017]],[[15018,15019,15020,15021]],[[15022]],[[15023]],[[15024,15025]],[[15026]],[[15027]],[[15032,15033]],[[15038]],[[15041,15042]],[[15043]],[[15044]],[[15045]],[[15046]],[[15047]],[[15048]],[[15049]],[[15050,15051],[15052],[15053]],[[15054]],[[15055]],[[15056,15057]],[[15058,15059,15060,15061]],[[15062,15063,15064,15065]],[[15068]],[[15069,15070]],[[15071]],[[15072]],[[15073]],[[15074]],[[15075]],[[15076]],[[15077]],[[15078,15079]],[[15082,15083,15084]],[[15087,15088,15089,15090,15091]],[[15092]],[[15093,15094,15095,15096,15097,15098,15099,15100,15101,15102,15103,15104,15105,15106,15107,15108],[15109]],[[15110]],[[15111,15112,15113]],[[15114,15115,15116]],[[15121]],[[15122]],[[15123,15124]],[[15129,15130,15131,15132,15133,15134,15135,15136,15137]],[[15141,15142]],[[15143,15144,15145]],[[15148]],[[15149]],[[15150]],[[15151,15152,15153,15154]],[[15155]],[[15156]],[[15157]],[[15158]],[[15159]],[[15160,15161]],[[15162,15163,15164]],[[15165]],[[15168]],[[15169,15170]],[[15171]],[[15172,15173]],[[15176]],[[15181,15182,15183]],[[15188]],[[15191,15192]],[[15193,15194,15195]],[[15196,15197]],[[15198,15199,15200]],[[15201,15202,15203,15204,15205,15206]],[[15207,15208,15209,15210,15211,15212]],[[15213,15214]],[[15215,15216,15217,15218]],[[15219,15220,15221]],[[15222]],[[15223,15224]],[[15225,15226,15227]],[[15228]],[[15229,15230]],[[15231]],[[15232]],[[15233]],[[15240,15241,15242,15243]],[[15244,15245,15246]],[[15249]],[[15254,15255]],[[15256]],[[15257]],[[15258]],[[15259,15260]],[[15261,15262]],[[15265]],[[15266]],[[15267]],[[15268]],[[15269,15270]],[[15271]],[[15272]],[[15273]],[[15274,15275]],[[15276]],[[15279]],[[15282,15283,15284,15285,15286,15287]],[[15290,15291,15292]],[[15297,15298]],[[15299,15300,15301,15302]],[[15303,15304]],[[15307,15308]],[[15309,15310,15311]],[[15312,15313]],[[15314,15315,15316,15317,15318,15319,15320,15321,15322,15323,15324,15325,15326,15327,15328,15329,15330,15331,15332,15333,15334,15335,15336,15337],[15338],[15339],[15340],[15341]],[[15342,15343,15344,15345]],[[15346]],[[15347]],[[15348,15349,15350]],[[15351]],[[15352,15353,15354]],[[15366,15367,15368]],[[15371]],[[15372]],[[15373]],[[15374]],[[15375]],[[15376,15377]],[[15378]],[[15381]],[[15382,15383]],[[15384,15385]],[[15386]],[[15387]],[[15388]],[[15389]],[[15390,15391]],[[15394]],[[15395]],[[15396]],[[15397]],[[15398]],[[15399]],[[15400]],[[15401]],[[15406]],[[15407]],[[15408]],[[15409,15410]],[[15413]],[[15414]],[[15415]],[[15416,15417]],[[15420]],[[15421,15422]],[[15425,15426,15427]],[[15428,15429]],[[15434,15435,15436]],[[15437]],[[15441,15442,15443],[15438,15439,15440]],[[15444,15445]],[[15446,15447,15448,15449]],[[15453,15454]],[[15457]],[[15462]],[[15463]],[[15466]],[[15467]],[[15468,15469]],[[15470]],[[15471,15472,15473]],[[15474,15475,15476]],[[15477]],[[15478]],[[15479]],[[15480]],[[15481]],[[15482]],[[15483]],[[15484]],[[15487]],[[15490,15491]],[[15492]],[[15493]],[[15494]],[[15495]],[[15496]],[[15497,15498,15499,15500,15501]],[[15504,15505]],[[15506]],[[15509]],[[15510]],[[15511]],[[15514,15515,15516,15517,15518]],[[15519,15520]],[[15521,15522,15523,15524,15525,15526,15527,15528,15529,15530,15531,15532,15533,15534,15535,15536,15537,15538,15539,15540,15541],[15542],[15543],[15544],[15545],[15546,15547]],[[15550,15551]],[[15556,15557]],[[15558,15559]],[[15560,15561]],[[15562]],[[15563,15564,15565,15566,15567]],[[15570,15571,15572]],[[15573]],[[15574,15575]],[[15578,15579]],[[15580]],[[15581]],[[15582]],[[15583]],[[15584]],[[15585]],[[15586]],[[15587]],[[15588]],[[15589]],[[15590]],[[15591]],[[15592,15593,15594]],[[15595,15596,15597]],[[15600]],[[15601,15602]],[[15605]],[[15606]],[[15607]],[[15608]],[[15615]],[[15616,15617,15618,15619,15620,15621,15622,15623,15624]],[[15625]],[[15628]],[[15629,15630,15631]],[[15632]],[[15633,15634]],[[15635,15636,15637]],[[15640]],[[15641]],[[15648,15649,15650,15651,15652,15653,15654,15655,15656,15657,15658,15659,15660],[15661],[15662],[15663],[15664],[15665],[15666],[15667,15668,15669],[15670]],[[15671,15672]],[[15675,15676]],[[15677]],[[15678]],[[15679]],[[15680]],[[15681]],[[15682]],[[15683]],[[15684]],[[15685]],[[15686]],[[15687,15688,15689,15690],[15692,15693,15694]],[[15691]],[[15695]],[[15696]],[[15697]],[[15700]],[[15701]],[[15702]],[[15703,15704]],[[15705]],[[15706,15707,15708]],[[15709]],[[15710]],[[15711]],[[15712]],[[15713]],[[15714,15715,15716,15717,15718],[15719],[15720],[15721],[15722,15723,15724,15725]],[[15726],[15727]],[[15728,15729]],[[15730,15731,15732]],[[15733]],[[15734]],[[15735,15736]],[[15737,15738,15739]],[[15740,15741]],[[15742]],[[15743]],[[15746]],[[15747]],[[15754]],[[15755]],[[15756]],[[15757]],[[15758]],[[15759,15760,15761]],[[15764,15765,15766]],[[15769,15770,15771]],[[15772,15773]],[[15774,15775]],[[15776,15777]],[[15778,15779]],[[15784,15785,15786,15787]],[[15788,15789]],[[15790]],[[15791]],[[15792]],[[15793]],[[15794]],[[15799]],[[15800]],[[15801]],[[15802]],[[15803]],[[15804,15805]],[[15806]],[[15807]],[[15808]],[[15809]],[[15810,15811]],[[15812]],[[15813]],[[15814]],[[15815,15816]],[[15817,15818]],[[15819]],[[15820]],[[15821,15822]],[[15823]],[[15824,15825,15826]],[[15827]],[[15830]],[[15831]],[[15832]],[[15833]],[[15834]],[[15837,15838,15839]],[[15840]],[[15841,15842]],[[15845]],[[15846]],[[15847,15848]],[[15849]],[[15850,15851,15852,15853,15854,15855,15856,15857]],[[15860]],[[15861]],[[15862]],[[15863,15864]],[[15869,15870,15871]],[[15872]],[[15873,15874,15875]],[[15876]],[[15879,15880,15881]],[[15884,15885,15886]],[[15887]],[[15888,15889]],[[15890,15891]],[[15894,15895]],[[15896]],[[15900,15901,15902]],[[15903]],[[15904,15905,15906]],[[15907,15908,15909]],[[15912]],[[15913,15914,15915]],[[15923,15924]],[[15929]],[[15930]],[[15931]],[[15932,15933]],[[15936]],[[15937,15938]],[[15939]],[[15940]],[[15941,15942]],[[15943]],[[15944]],[[15945]],[[15946]],[[15947]],[[15948]],[[15951,15952,15953,15954,15955,15956,15957,15958,15959,15960,15961,15962,15963,15964,15965,15966,15967,15968],[15971]],[[15972]],[[15973]],[[15974]],[[15975]],[[15978]],[[15979,15980,15981,15982,15983,15984,15985,15986,15987,15988,15989,15990,15991,15992,15993,15994,15995,15996,15997,15998,15999,16000,16001,16002,16003,16004,16005,16006,16007,16008,16009,16010,16011,16012,16013,16014,16015,16016,16017,16018,16019,16020,16021,16022,16023,16024,16025,16026,16027,16028,16029,16030,16031,16032,16033,16034,16035,16036,16037,16038,16039,16040,16041,16042,16043,16044],[16049],[16054],[16055,16056,16057],[16058,16059],[16060,16061],[16064],[16065],[16068],[16069],[16070,16071],[16072],[16073],[16074],[16075],[16076],[16077],[16078],[16079],[16080],[16081]],[[16090]],[[16091,16092,16093]],[[16094,16095,16096]],[[16097,16098,16099,16100,16101,16102,16103,16104],[16105]],[[16108,16109]],[[16110,16111,16112]],[[16113,16114,16115,16116,16117]],[[16118,16119,16120]],[[16123,16124,16125]],[[16126]],[[16127,16128]],[[16131,16132,16133,16134,16135,16136]],[[16137]],[[16140]],[[16141,16142,16143,16144]],[[16145]],[[16148,16149,16150,16151]],[[16152]],[[16153,16154,16155,16156]],[[16157]],[[16158,16159,16160,16161]],[[16162,16163,16164]],[[16165,16166,16167]],[[16170,16171,16172]],[[16173,16174,16175]],[[16176]],[[16177]],[[16178]],[[16179]],[[16180,16181,16182]],[[16183,16184,16185,16186,16187,16188,16189,16190,16191,16192,16193,16194,16195,16196,16197,16198,16199,16200,16201,16202,16203,16204],[16205],[16206],[16207],[16208]],[[16209]],[[16210,16211]],[[16212,16213,16214]],[[16215]],[[16216]],[[16217]],[[16218]],[[16221,16222,16223]],[[16224]],[[16225]],[[16226]],[[16229]],[[16230]],[[16235]],[[16236]],[[16237]],[[16238]],[[16239,16240,16241,16242,16243,16244,16245,16246,16247]],[[16248]],[[16249]],[[16250]],[[16251]],[[16252,16253,16254,16255]],[[16258,16259,16260]],[[16261]],[[16262,16263,16264]],[[16265]],[[16268,16269,16270]],[[16271,16272]],[[16273,16274]],[[16275,16276,16277,16278]],[[16279,16280,16281]],[[16282,16283]],[[16284]],[[16285,16286,16287,16288,16289,16290,16291,16292],[16293]],[[16294]],[[16295,16296,16297,16298]],[[16299,16300]],[[16305,16306,16307,16308]],[[16309,16310,16311,16312]],[[16317]],[[16318]],[[16319,16320,16321,16322,16323,16324,16325],[16326,16327,16328],[16329],[16330],[16331]],[[16332]],[[16333,16334,16335,16336]],[[16337,16338,16339]],[[16344]],[[16347]],[[16348]],[[16349]],[[16350,16351]],[[16352]],[[16353]],[[16354,16355]],[[16358]],[[16359]],[[16362,16363,16364,16365]],[[16366,16367]],[[16368,16369,16370]],[[16373,16374,16375,16376,16377,16378,16379,16380,16381,16382,16383,16384]],[[16385,16386,16387,16388]],[[16391]],[[16392]],[[16393]],[[16394]],[[16395,16396,16397]],[[16398]],[[16399]],[[16400]],[[16401,16402]],[[16403]],[[16408]],[[16409,16410,16411,16412,16413]],[[16414]],[[16415]],[[16416]],[[16417]],[[16418]],[[16419]],[[16420,16421,16422,16423,16424],[16425]],[[16426,16427]],[[16428,16429]],[[16432]],[[16433]],[[16436,16437,16438,16439,16440]],[[16445]],[[16446]],[[16447]],[[16448]],[[16449]],[[16450]],[[16451]],[[16452]],[[16453]],[[16454]],[[16455,16456]],[[16463,16464]],[[16465]],[[16468]],[[16469]],[[16470]],[[16475,16476]],[[16477,16478]],[[16481,16482]],[[16483]],[[16484]],[[16485]],[[16486,16487]],[[16488,16489]],[[16490,16491,16492]],[[16501,16502,16503,16504]],[[16507]],[[16508,16509]],[[16510]],[[16513]],[[16518,16519,16520]],[[16521,16522]],[[16523]],[[16524]],[[16525]],[[16526,16527,16528]],[[16529,16530]],[[16531]],[[16532,16533]],[[16536,16537,16538,16539,16540]],[[16541]],[[16542]],[[16543]],[[16544]],[[16545]],[[16546]],[[16547]],[[16548]],[[16549]],[[16550]],[[16551]],[[16552]],[[16553]],[[16554]],[[16555]],[[16556]],[[16557]],[[16558]],[[16561]],[[16564,16565,16566]],[[16567,16568]],[[16569,16570]],[[16571]],[[16572]],[[16573]],[[16574]],[[16575,16576]],[[16577]],[[16578]],[[16579]],[[16580,16581]],[[16582]],[[16583]],[[16584]],[[16585]],[[16588,16589,16590,16591,16592,16593,16594,16595,16596,16597,16598,16599,16600,16601,16602,16603,16604,16605,16606,16607,16608,16609,16610,16611,16612,16613,16614,16615,16616,16617,16618,16619,16620,16621,16622,16623,16624,16625,16626,16627],[16630,16631],[16632,16633],[16634],[16635],[16636],[16637],[16638],[16639,16640],[16641,16642,16643,16644],[16645,16646,16647,16648],[16649],[16650],[16651,16652],[16653],[16654]],[[16659,16660,16661]],[[16662,16663,16664,16665,16666]],[[16667,16668]],[[16673,16674]],[[16681]],[[16682]],[[16683,16684]],[[16685,16686]],[[16687,16688,16689]],[[16690]],[[16691]],[[16696,16697,16698]],[[16701]],[[16702,16703,16704,16705,16706,16707,16708]],[[16709,16710,16711]],[[16712]],[[16713,16714]],[[16715,16716,16717]],[[16718,16719]],[[16720]],[[16721]],[[16722]],[[16723]],[[16724]],[[16725]],[[16726]],[[16727]],[[16728]],[[16729,16730,16731]],[[16732,16733,16734,16735,16736]],[[16739,16740,16741]],[[16742,16743]],[[16746]],[[16747]],[[16748]],[[16749]],[[16750]],[[16751]],[[16752]],[[16753,16754]],[[16755]],[[16756]],[[16761,16762,16763]],[[16764]],[[16765,16766,16767,16768]],[[16773,16774,16775,16776,16777,16778,16779,16780,16781]],[[16782,16783,16784]],[[16785,16786,16787,16788,16789]],[[16792]],[[16795,16796,16797]],[[16798]],[[16799,16800]],[[16801]],[[16802]],[[16805]],[[16806]],[[16807]],[[16808]],[[16809]],[[16810,16811,16812]],[[16813]],[[16814]],[[16815]],[[16816]],[[16817]],[[16818]],[[16819]],[[16820]],[[16821]],[[16822,16823]],[[16824,16825]],[[16828,16829]],[[16830]],[[16833]],[[16834,16835,16836]],[[16837,16838]],[[16839]],[[16840]],[[16841]],[[16842]],[[16843]],[[16844]],[[16845]],[[16846]],[[16849,16850,16851,16852]],[[16853]],[[16854,16855,16856]],[[16857,16858]],[[16859]],[[16860,16861]],[[16864]],[[16865]],[[16866]],[[16867]],[[16868,16869,16870]],[[16871,16872,16873,16874]],[[16875,16876]],[[16881,16882]],[[16883]],[[16884]],[[16885]],[[16886,16887]],[[16888]],[[16889]],[[16890]],[[16891]],[[16892]],[[16893]],[[16894]],[[16895,16896]],[[16897]],[[16898,16899,16900],[16901]],[[16902]],[[16905,16906,16907,16908,16909,16910,16911],[16912,16913,16914,16915]],[[16916,16917,16918,16919]],[[16920,16921,16922,16923]],[[16924,16925,16926,16927,16928,16929,16930,16931,16932,16933,16934,16935,16936,16937,16938,16939],[16944],[16945],[16946],[16947],[16948],[16949,16950],[16951],[16952],[16953]],[[16954]],[[16955]],[[16956]],[[16957]],[[16960,16961]],[[16962,16963]],[[16970,16971]],[[16972]],[[16973]],[[16974]],[[16975]],[[16976]],[[16977]],[[16978,16979]],[[16980]],[[16981]],[[16982]],[[16983,16984,16985]],[[16986]],[[16987]],[[16990,16991]],[[16994,16995,16996]],[[16997]],[[16998]],[[16999,17000,17001]],[[17002,17003]],[[17004,17005,17006,17007,17008,17009,17010,17011],[17012]],[[17013]],[[17016]],[[17017]],[[17018]],[[17029,17030]],[[17035]],[[17036]],[[17037]],[[17038]],[[17039]],[[17040]],[[17043,17044,17045],[17046],[17047],[17048],[17049]],[[17050]],[[17051]],[[17054,17055]],[[17056,17057]],[[17058,17059]],[[17060]],[[17061]],[[17062]],[[17063]],[[17064,17065],[17066]],[[17067]],[[17068]],[[17069]],[[17070]],[[17071,17072,17073]],[[17074,17075]],[[17076]],[[17077]],[[17078]],[[17079]],[[17080]],[[17081]],[[17082]],[[17083]],[[17084,17085]],[[17086,17087,17088]],[[17089,17090,17091]],[[17092,17093]],[[17094,17095]],[[17096]],[[17097]],[[17098]],[[17099]],[[17100,17101]],[[17102]],[[17103]],[[17104,17105]],[[17106]],[[17109]],[[17110]],[[17111]],[[17112]],[[17113]],[[17114]],[[17119,17120]],[[17121]],[[17122]],[[17123]],[[17124]],[[17125,17126]],[[17131]],[[17132]],[[17133]],[[17134]],[[17137]],[[17138]],[[17139]],[[17140]],[[17141]],[[17142]],[[17143]],[[17144,17145]],[[17150]],[[17159]],[[17160]],[[17161]],[[17166]],[[17167]],[[17168]],[[17169]],[[17170]],[[17171,17172]],[[17175]],[[17178,17179]],[[17180,17181]],[[17182]],[[17183]],[[17184]],[[17185]],[[17186]],[[17187]],[[17188]],[[17189]],[[17190,17191,17192]],[[17193]],[[17196,17197]],[[17198]],[[17201,17202]],[[17203]],[[17204]],[[17209,17210]],[[17211]],[[17212]],[[17215]],[[17216,17217]],[[17218]],[[17219]],[[17222]],[[17223]],[[17224,17225]],[[17234]],[[17235,17236,17237,17238,17239,17240,17241,17242,17243,17244,17245,17246,17247,17248,17249,17250,17251,17252],[17253],[17254,17255],[17256,17257],[17258],[17259],[17260,17261],[17262],[17263]],[[17266]],[[17267,17268,17269]],[[17270,17271]],[[17272]],[[17273]],[[17274]],[[17275]],[[17276]],[[17279]],[[17282,17283]],[[17286,17287]],[[17288]],[[17289,17290]],[[17295,17296]],[[17297,17298]],[[17301]],[[17302]],[[17303,17304,17305]],[[17306]],[[17311]],[[17312,17313,17314,17315,17316,17317,17318]],[[17319,17320,17321,17322]],[[17323]],[[17324,17325]],[[17326,17327],[17328]],[[17329]],[[17330]],[[17331]],[[17332]],[[17333]],[[17334,17335]],[[17336,17337]],[[17338,17339,17340]],[[17341,17342,17343]],[[17344]],[[17345]],[[17346]],[[17347]],[[17348]],[[17349]],[[17350,17351,17352]],[[17355]],[[17356]],[[17357]],[[17360,17361,17362,17363,17364]],[[17367]],[[17374,17375,17376,17377]],[[17378]],[[17379]],[[17380]],[[17381]],[[17382,17383]],[[17384,17385,17386]],[[17389,17390]],[[17391]],[[17392],[17393]],[[17394,17395]],[[17396]],[[17397]],[[17398,17399,17400]],[[17401]],[[17402,17403]],[[17404]],[[17405]],[[17406]],[[17407]],[[17408]],[[17409]],[[17410,17411]],[[17412]],[[17413]],[[17414,17415]],[[17416,17417]],[[17418,17419]],[[17420,17421]],[[17422]],[[17431]],[[17432]],[[17433]],[[17434]],[[17435]],[[17436]],[[17437]],[[17438]],[[17439]],[[17440]],[[17441]],[[17442]],[[17443]],[[17444]],[[17447,17448,17449]],[[17456,17457,17458]],[[17465]],[[17466]],[[17467,17468,17469,17470]],[[17471,17472]],[[17475,17476,17477]],[[17480,17481]],[[17482,17483]],[[17484,17485,17486]],[[17487,17488,17489]],[[17490,17491,17492,17493]],[[17494]],[[17495]],[[17496,17497]],[[17498,17499,17500,17501,17502,17503]],[[17504,17505,17506]],[[17507]],[[17508]],[[17509,17510]],[[17511]],[[17512]],[[17515]],[[17516,17517]],[[17520]],[[17521,17522,17523]],[[17534,17535]],[[17536]],[[17537,17538,17539],[17540]],[[17541]],[[17542]],[[17543]],[[17544]],[[17545]],[[17546]],[[17547]],[[17550,17551]],[[17552,17553]],[[17560,17561,17562,17563]],[[17564]],[[17565]],[[17566]],[[17567]],[[17568]],[[17569]],[[17570,17571,17572,17573]],[[17574,17575,17576,17577]],[[17578,17579]],[[17580,17581]],[[17582]],[[17585]],[[17586]],[[17589,17590]],[[17591,17592,17593]],[[17594,17595]],[[17598]],[[17603,17604]],[[17607]],[[17608]],[[17609]],[[17610]],[[17611]],[[17612]],[[17613]],[[17614]],[[17619],[17620]],[[17621]],[[17622,17623]],[[17624,17625]],[[17626,17627,17628,17629,17630]],[[17631]],[[17632,17633]],[[17636]],[[17639,17640]],[[17641,17642]],[[17645]],[[17646]],[[17647]],[[17648]],[[17649,17650]],[[17651]],[[17654,17655]],[[17656]],[[17657]],[[17658]],[[17659]],[[17660,17661]],[[17662,17663]],[[17664]],[[17665]],[[17666]],[[17667]],[[17668]],[[17669,17670]],[[17671]],[[17672]],[[17681,17682,17683]],[[17686]],[[17689,17690,17691,17692]],[[17696,17697,17698]],[[17699,17700,17701]],[[17704]],[[17705,17706]],[[17707]],[[17708]],[[17713,17714]],[[17715]],[[17716]],[[17723,17724,17725]],[[17726,17727,17728,17729]],[[17734,17735]],[[17736,17737,17738,17739]],[[17740,17741],[17742]],[[17743]],[[17744]],[[17745,17746]],[[17749]],[[17756]],[[17757]],[[17758]],[[17759]],[[17764]],[[17767]],[[17768,17769]],[[17772]],[[17773,17774]],[[17779,17780]],[[17781,17782]],[[17783,17784]],[[17785,17786]],[[17789]],[[17798]],[[17799]],[[17800],[17801,17802],[17803],[17804]],[[17807]],[[17808]],[[17809]],[[17810,17811]],[[17812]],[[17813]],[[17816]],[[17821,17822,17823,17824]],[[17833]],[[17834]],[[17837,17838]],[[17839,17840,17841]],[[17844,17845]],[[17846]],[[17847]],[[17848]],[[17854,17855]],[[17856,17857,17858]],[[17859]],[[17860,17861,17862,17863]],[[17864]],[[17865]],[[17868,17869,17870]],[[17873,17874]],[[17879,17880,17881]],[[17884,17885,17886]],[[17891,17892,17893]],[[17896,17897]],[[17900,17901]],[[17906,17907,17908]],[[17909,17910,17911,17912,17913]],[[17918]],[[17923,17924]],[[17925]],[[17926]],[[17927]],[[17936,17937]],[[17938]],[[17941]],[[17942,17943]],[[17944,17945]],[[17946]],[[17947]],[[17950,17951,17952,17953]],[[17954]],[[17955,17956,17957],[17958],[17959]],[[17960,17961]],[[17962]],[[17965]],[[17966]],[[17967]],[[17968]],[[17973]],[[17974]],[[17975,17976]],[[17977,17978,17979,17980,17981],[17991,17992,17993]],[[17982,17983,17984,17985]],[[17986,17987,17988,17989,17990]],[[17994]],[[17995,17996,17997,17998]],[[17999,18000,18001,18002]],[[18003,18004,18005,18006]],[[18007]],[[18008,18009,18010]],[[18013]],[[18014]],[[18017]],[[18018]],[[18019,18020]],[[18021]],[[18022]],[[18023]],[[18028]],[[18029]],[[18030]],[[18031]],[[18032]],[[18033,18034]],[[18035,18036,18037,18038,18039,18040,18041,18042],[18043]],[[18044,18045]],[[18053]],[[18054,18055,18056,18057]],[[18062,18063,18064,18065]],[[18068,18069,18070,18071]],[[18074]],[[18075]],[[18076,18077,18078]],[[18079,18080,18081]],[[18084,18085,18086,18087]],[[18090,18091]],[[18094]],[[18095]],[[18096]],[[18102]],[[18103]],[[18104]],[[18105]],[[18106]],[[18107]],[[18110]],[[18111,18112,18113]],[[18114]],[[18117]],[[18118,18119],[18120]],[[18127]],[[18128]],[[18133]],[[18136,18137,18138]],[[18139,18140,18141]],[[18146,18147,18148]],[[18149]],[[18150]],[[18155,18156,18157,18158]],[[18159,18160,18161]],[[18166,18167,18168,18169]],[[18176]],[[18177]],[[18178]],[[18181,18182]],[[18183]],[[18186]],[[18187,18188,18189,18190]],[[18191,18192]],[[18195,18196,18197,18198]],[[18199,18200,18201,18202]],[[18205,18206]],[[18207]],[[18208]]],"type":"MultiPolygon","properties":{"layer":"water_observed"}}]}},"properties":{"layer":"water_observed","state":"NSW","source":"DEA Water Observations Statistics 1987– (Geoscience Australia)","licence":"CC-BY-4.0","asOf":"2026-09-08","simplify":"6%"}}