{"type":"Topology","arcs":[[[826,1382],[-8,8],[4,2],[10,-2],[0,-8],[-6,0]],[[936,1566],[10,7],[5,6],[22,6],[1,-4],[-8,-1],[-5,-4],[-4,2],[-5,-4],[-16,-8]],[[900,1564],[0,5],[11,15],[-1,-11],[16,3],[-8,-7],[-6,1],[-1,-4],[-11,-2]],[[1041,1591],[-26,0],[3,2],[11,0],[19,2],[1,4],[-11,-1],[-15,1],[5,8],[-4,3],[0,6],[-10,0],[-1,4],[11,7],[7,1],[5,5],[-4,3],[-1,10],[6,3],[6,7],[2,7],[0,7],[-3,13],[-5,8],[-6,7],[-4,0],[-11,13],[-14,7],[-1,4],[-11,6],[-6,2],[-4,11],[2,2],[-9,15],[-7,1],[-8,7],[-8,2],[-5,7],[-5,4],[-11,0],[-6,6],[-5,-3],[-16,14],[-4,5],[-6,4],[-4,6],[-7,4],[-4,6],[-8,6],[-3,0],[-8,8],[-5,2],[-7,7],[-9,6],[-14,-1],[-14,21],[-7,6],[-11,-13],[-11,1],[-9,-8],[-4,3],[-21,-10],[-6,-2],[-10,3],[-3,5],[-7,3],[-11,13],[-3,0],[-10,15],[-11,-1],[-2,5],[-9,9],[-1,5],[-9,6],[-10,4],[2,5],[6,-2],[9,1],[7,-3],[8,-12],[5,-1],[10,-12],[3,-10],[3,-3],[7,1],[-4,7],[3,2],[3,-8],[7,-6],[3,3],[7,-13],[9,-5],[8,1],[4,4],[5,-3],[4,8],[4,0],[6,5],[3,-4],[12,2],[5,7],[13,4],[4,-6],[7,4],[-2,-11],[6,-2],[6,-7],[3,0],[14,-5],[17,-11],[11,-13],[4,-1],[9,22],[6,4],[3,9],[4,18],[8,8],[0,-7],[-7,-13],[-1,-9],[-7,-9],[-4,-2],[-7,-22],[3,-8],[6,-4],[5,-7],[19,-15],[15,-3],[4,-4],[10,0],[7,-7],[15,-6],[3,1],[6,-4],[16,-4],[4,-5],[8,-4],[6,1],[7,6],[-5,30],[9,-10],[6,-3],[10,8],[6,-4],[10,8],[4,4],[-4,9],[3,17],[4,0],[5,9],[-1,8],[2,3],[-4,8],[-4,12],[-1,9],[-11,9],[3,6],[-2,9],[3,5],[9,6],[-2,13],[5,-2],[7,1],[2,8],[6,8],[4,0],[1,6],[-8,7],[-7,2],[-8,5],[-8,1],[0,7],[8,1],[2,3],[6,-6],[9,-4],[4,0],[6,-5],[2,4],[-2,10],[11,-3],[3,-4],[2,-7],[10,-4],[6,4],[5,0],[2,7],[-3,13],[-8,7],[7,3],[4,8],[-5,7],[-2,7],[-4,6],[-6,2],[4,9],[-5,4],[-4,12],[6,-1],[12,1],[-4,7],[5,4],[0,11],[12,1],[-4,-18],[-13,-23],[-1,-11],[6,-7],[-1,-5],[6,-9],[2,-6],[4,-3],[-1,-9],[19,-35],[-11,-2],[-6,3],[1,4],[-7,1],[-3,7],[-4,-2],[-5,1],[-3,-3],[-7,5],[-6,1],[-4,11],[-6,2],[-2,-5],[5,-5],[1,-9],[-6,-5],[-5,3],[-2,-7],[-4,1],[-6,-8],[1,-7],[-3,-3],[-5,0],[-4,-11],[-6,-4],[-4,-8],[1,-6],[-1,-5],[10,-11],[-1,-6],[4,-3],[1,-10],[6,-6],[0,-8],[-3,-6],[-2,-10],[-5,-3],[-5,-12],[4,-13],[-1,-6],[-6,0],[1,-7],[8,-6],[6,2],[1,-6],[-12,0],[-7,-9],[-6,-3],[-2,-6],[0,-10],[5,-16],[6,-3],[4,-20],[6,-13],[-3,-4],[2,-9],[0,-9],[-4,-9],[-5,-4],[9,-7],[4,2],[7,-9],[1,-9],[14,2],[1,-14],[7,-6],[0,-9],[8,-7],[-4,-4],[-5,3],[-3,5],[2,7],[-3,8],[-5,6],[-2,-5],[-7,-2],[-5,-8],[8,-4],[-8,-5],[6,-4],[7,-2],[4,4],[6,-3],[6,-7],[0,6],[4,1],[0,-9],[3,-4],[18,2],[13,-7],[14,1],[12,-5],[5,1],[4,-3],[8,-1],[1,-4],[-8,1],[-4,3],[-4,-2],[-15,1],[-12,5],[-16,1],[-10,3],[-18,1],[-18,4],[-25,5],[-8,0]],[[1040,1601],[5,3],[0,9],[-8,-4],[3,-8]],[[1050,1613],[2,0],[-1,-12],[6,0],[-4,8],[4,8],[5,-10],[6,2],[0,11],[7,6],[-2,5],[-8,8],[-7,4],[0,8],[-3,2],[-10,2],[-4,-2],[-4,-6],[4,-4],[-2,-9],[4,-12],[8,1],[-1,-10]],[[1040,1690],[-6,8],[4,2],[6,-5],[5,6],[-7,5],[2,8],[-4,5],[-11,3],[-3,12],[3,4],[-6,11],[0,7],[4,19],[4,-10],[-7,-10],[2,-8],[5,-2],[0,-7],[-4,-3],[5,-4],[-3,-5],[0,-3],[12,-2],[5,-8],[-2,-6],[5,-4],[0,-11],[-3,-2],[-1,-5],[5,-4],[0,-17],[4,0],[1,9],[-3,1],[-1,7],[-4,8],[3,2],[3,8],[-7,10],[2,5],[-7,8],[-10,2],[0,4],[2,4],[-1,0],[-2,4],[2,0],[-1,5],[4,8],[-3,11],[4,5],[-4,7],[8,7],[-3,6],[-8,1],[0,-5],[-6,-1],[-10,8],[2,-11],[3,-10],[-2,-15],[4,-5],[-3,-5],[-13,-4],[-4,1],[-5,9],[-5,5],[-1,-11],[7,-8],[5,-10],[10,-10],[5,0],[11,-9],[13,-15]],[[675,1909],[-5,6],[-5,-3],[7,-5],[3,2]],[[693,1894],[-10,6],[-1,-4],[3,-6],[8,4]],[[1114,2334],[-2,-9],[7,-6],[3,-7],[-3,-10],[-8,1],[1,10],[-5,10],[1,6],[-5,9],[7,-1],[10,7],[4,-6],[-7,0],[-3,-4]],[[1033,2367],[1,-5],[5,0],[11,16],[8,3],[8,12],[5,2],[4,-4],[-11,-12],[-6,-5],[-5,1],[-7,-5],[-1,-9],[-14,0],[2,6]],[[1074,2417],[2,8],[4,3],[-1,-13],[1,-9],[-5,-3],[-4,15],[3,-1]],[[1385,2582],[-1,-5],[-11,1],[-9,11],[3,5],[7,-12],[11,0]],[[1353,2615],[6,5],[2,8],[6,7],[3,1],[4,-1],[3,7],[9,-4],[0,-7],[-8,-1],[-4,4],[-5,1],[-4,-3],[-5,-13],[-7,-4]],[[334,2466],[-3,2],[0,12],[-4,8],[1,8],[7,8],[-1,10],[4,9],[-2,6],[-7,7],[-2,8],[3,12],[-1,10],[1,12],[7,8],[3,-1],[5,-8],[4,0],[2,5],[-2,13],[2,6],[8,0],[6,8],[0,3],[-6,5],[-9,16],[-4,13],[-1,20],[2,17],[2,3],[9,3],[1,8],[-3,13],[-2,9],[7,7],[-1,9],[6,3],[3,-2],[0,-17],[5,-9],[4,-10],[-2,-8],[-7,-9],[-10,-6],[-2,-5],[0,-11],[6,-10],[0,-20],[5,-3],[9,-11],[3,-9],[-14,-16],[-6,-2],[-9,0],[3,-15],[-5,-4],[1,-8],[6,-8],[-1,-7],[-5,-6],[1,-8],[-5,-7],[1,-13],[-2,-9],[-5,-6],[0,-12],[3,-3],[13,-1],[9,-16],[10,-8],[1,-8],[-4,-9],[-9,1],[-1,5],[3,7],[-10,7],[-5,8],[-4,1],[-12,-5]],[[616,2671],[-8,-1],[-13,-8],[3,-6],[13,9],[4,0],[9,-12],[4,-2],[8,1],[3,-5],[-3,-8],[1,-4],[4,-8],[-1,-6],[-8,-10],[-1,-9],[1,-9],[-6,-12],[-8,-6],[-14,-2],[-10,3],[-14,12],[-8,1],[-12,-5],[-8,3],[-1,4],[-3,22],[-13,58],[-3,20],[2,12],[3,10],[9,10],[4,3],[13,0],[19,8],[8,2],[12,0],[15,-8],[10,0],[1,-3],[-5,-11],[1,-9],[6,-8],[0,-15],[4,-10],[0,-8],[-6,-2],[-12,9]],[[520,2715],[-8,0],[-3,3],[1,6],[10,-1],[0,-8]],[[747,2860],[6,7],[4,-7],[4,3],[-2,5],[2,7],[8,0],[1,-7],[8,-7],[4,2],[5,-4],[3,3],[5,-2],[-1,-4],[9,-4],[10,-1],[12,5],[11,-15],[-12,-9],[-2,-14],[-8,-12],[5,-11],[4,2],[1,6],[7,-1],[2,5],[8,-2],[6,4],[7,-4],[12,-10],[8,3],[10,-8],[2,-5],[6,-5],[0,-10],[8,-2],[8,5],[2,-7],[-2,-9],[3,-5],[9,-1],[-8,-6],[3,-17],[11,5],[7,-5],[6,6],[5,-10],[-5,-10],[6,-9],[4,-9],[11,-3],[-1,-5],[9,-11],[7,-13],[6,-1],[9,3],[12,-6],[6,-12],[15,-7],[8,0],[5,-9],[7,0],[6,-3],[8,0],[6,6],[10,-4],[7,5],[9,-2],[2,4],[5,2],[5,7],[8,4],[1,-8],[-9,-4],[-5,-4],[-2,-5],[-14,0],[-5,-3],[-7,2],[-2,-9],[-10,-4],[-5,4],[-9,-3],[-5,1],[-7,14],[-13,-4],[-8,10],[-7,3],[0,7],[-7,4],[-8,-3],[-9,5],[-2,6],[-11,13],[-5,0],[-5,9],[-4,0],[-4,-5],[-4,5],[1,8],[-3,2],[4,6],[-1,7],[-6,6],[0,5],[-3,7],[-9,9],[-13,-5],[-1,12],[-3,11],[-4,4],[-11,5],[2,6],[-5,4],[0,8],[-3,3],[-5,9],[-4,4],[-8,0],[-2,-4],[-10,-4],[-3,4],[0,11],[-4,3],[-6,-7],[-5,1],[-2,-5],[-13,8],[-1,-12],[-8,2],[-9,1],[-3,6],[-1,10],[6,7],[-2,5],[-6,1],[-5,7],[-5,2],[-49,9],[-11,14],[-9,4],[-5,-2],[-10,-14],[0,-7],[5,-12],[-3,-11],[4,-7],[2,-14],[7,-15],[4,-6],[6,-5],[1,-8],[-4,-2],[-7,3],[-9,11],[-8,6],[-8,-2],[-7,-9],[-4,-2],[-7,1],[-8,5],[-8,2],[-4,7],[-16,11],[-9,12],[-5,13],[6,8],[1,7],[-15,19],[-4,16],[0,6],[-5,9],[-12,6],[29,-4],[-2,-7],[2,-6],[-1,-8],[7,-11],[8,-6],[2,-6],[1,-12],[4,-3],[8,-12],[6,-5],[7,-11],[10,-4],[8,-7],[4,8],[-1,9],[3,5],[4,-3],[3,7],[1,12],[-2,8],[-7,10],[-1,14],[-3,18],[1,5],[8,-4],[6,-1],[25,10],[8,-4],[8,-14]],[[555,2752],[10,19],[5,-1],[9,6],[3,-7],[-1,-16],[-4,-4],[-11,-6],[-12,-5],[-15,-11],[-9,1],[-3,8],[3,9],[4,2],[16,2],[5,3]],[[600,2843],[5,-3],[-2,-7],[-5,-14],[-1,-21],[-2,-16],[-3,-2],[-6,6],[0,8],[4,11],[-4,12],[0,5],[6,15],[7,0],[1,6]],[[960,2880],[-3,-4],[-6,-2],[-3,7],[-6,1],[-5,-5],[-9,-2],[-4,2],[-6,7],[-5,-1],[-8,2],[1,10],[9,-2],[4,-3],[9,9],[4,7],[3,-4],[-4,-4],[-9,-14],[15,-1],[8,8],[9,-5],[2,9],[6,3],[5,-5],[8,4],[7,-6],[6,1],[3,6],[9,-2],[2,-6],[-10,1],[-4,-2],[-16,0],[-6,-1],[-6,-8]],[[660,3080],[-11,-12],[-8,-6],[-15,-4],[-8,-4],[0,-8],[10,-6],[4,-11],[-6,-4],[-4,7],[-6,5],[-6,16],[-9,10],[2,5],[6,5],[4,-1],[6,-10],[10,4],[10,2],[7,5],[13,17],[8,0],[0,-6],[-7,-4]],[[592,3153],[8,15],[1,9],[5,-6],[-4,-11],[2,-12],[5,-9],[-1,-9],[-4,-7],[-1,-7],[3,-17],[0,-7],[-6,-5],[-4,1],[-4,8],[1,13],[-6,17],[2,17],[3,10]],[[570,2902],[1,8],[-6,-3],[-12,1],[-8,7],[-10,-2],[-2,7],[-4,2],[-4,8],[1,7],[-1,16],[2,9],[5,4],[8,17],[0,14],[8,6],[2,9],[-8,13],[1,11],[3,10],[0,6],[-7,12],[-7,19],[-9,10],[-5,0],[-11,-1],[2,10],[-7,8],[-10,4],[7,4],[0,5],[-6,8],[-11,10],[-11,14],[-15,9],[-9,7],[-12,5],[-17,4],[-14,0],[-14,14],[-10,21],[-5,6],[2,12],[7,8],[6,-4],[-1,10],[4,5],[0,13],[-1,5],[2,7],[5,7],[-6,6],[0,13],[-7,4],[-8,10],[-12,6],[-8,2],[-3,5],[-6,3],[-6,-5],[-7,9],[-6,2],[-14,7],[-1,15],[5,13],[5,6],[-1,7],[11,16],[0,-14],[-4,-8],[1,-11],[-2,-7],[2,-9],[6,-6],[15,-2],[13,-7],[7,-8],[8,-4],[6,-11],[12,-8],[3,-13],[6,-7],[0,-9],[-4,-9],[-2,-7],[0,-20],[-3,-8],[-6,-9],[-1,-8],[3,-11],[7,-11],[10,-8],[12,-3],[7,0],[6,-3],[11,2],[17,-9],[6,8],[5,-2],[-2,-12],[10,-13],[6,-10],[4,-5],[11,-7],[8,-21],[7,-7],[5,0],[8,2],[4,-2],[0,-13],[5,-10],[1,-10],[6,-9],[5,-9],[6,-2],[10,3],[6,5],[9,19],[6,2],[4,-4],[1,-7],[-3,-9],[-4,-6],[-8,-5],[-7,-3],[-10,-1],[-3,-3],[-2,-11],[5,-18],[-6,-27],[-3,-7],[-8,-9],[-1,-12],[-4,-5],[0,-10],[-7,-6],[0,-7],[4,-5],[13,5],[4,0],[8,-6],[9,-2],[3,-5],[1,-11],[-5,-2],[4,-9],[-6,-5],[0,-12],[-4,-10],[8,-3],[5,6],[3,11],[1,6],[5,5],[12,7],[6,-6],[9,-4],[-46,-28],[-1,-8],[-6,7],[-1,7],[-5,0],[4,15],[-3,4],[1,5],[6,7],[6,1]],[[338,3447],[5,7],[6,3],[2,-5],[-7,-5],[0,-9],[5,-7],[-1,-10],[-5,2],[-2,6],[0,8],[-3,4],[0,6]],[[381,3494],[7,3],[4,11],[6,2],[7,14],[5,2],[-9,-18],[-4,-2],[-2,-9],[-14,-11],[-2,-8],[-6,-3],[0,10],[8,9]],[[1160,3549],[-6,1],[-3,5],[-9,2],[-6,9],[9,6],[1,5],[-5,2],[2,25],[7,-5],[7,-3],[5,4],[1,-8],[-4,-5],[-14,13],[-1,-7],[4,-8],[2,-13],[-6,-4],[3,-11],[5,0],[8,-8]],[[601,3632],[6,0],[5,4],[2,-5],[9,-2],[2,6],[8,1],[16,-3],[13,4],[1,-5],[4,-5],[-11,-5],[-18,6],[-6,-1],[-6,-9],[-7,0],[-5,4],[-12,2],[-12,-2],[-3,-3],[-11,-25],[0,-8],[-7,-3],[2,15],[4,6],[2,8],[6,15],[-1,3],[-12,-2],[3,7],[10,2],[6,-3],[2,-6],[7,-2],[3,6]],[[1138,3747],[-4,-2],[-4,3],[1,10],[10,11],[3,7],[4,2],[7,-3],[35,7],[7,10],[7,6],[21,7],[-5,5],[-2,7],[3,15],[8,1],[-5,-7],[3,-9],[3,-4],[3,-9],[-3,-7],[-6,-1],[-4,2],[-3,-6],[-5,2],[-9,-7],[-1,-7],[-16,-7],[-1,2],[-15,-5],[-5,-4],[-4,3],[-8,-6],[-13,-1],[-7,-9],[1,-5],[4,-1]],[[1251,3785],[-2,6],[2,11],[-2,23],[-9,6],[-1,7],[4,5],[5,-9],[4,-13],[0,-8],[2,-9],[0,-10],[-2,-9],[6,-5],[1,-4],[-2,-10],[-4,-10],[-3,12],[5,12],[-4,5]],[[1111,3812],[-4,9],[2,6],[7,9],[5,-1],[7,-10],[1,-6],[-4,-8],[-9,-2],[-5,3]],[[1200,3833],[3,7],[4,-3],[-2,-4],[-5,0]],[[1080,3830],[7,5],[3,-5],[0,-6],[-7,1],[-3,5]],[[1128,3849],[-5,-8],[-3,4],[1,6],[7,-2]],[[1258,3870],[-4,-14],[-6,-6],[-3,2],[8,19],[-2,15],[6,-9],[1,-7]],[[1135,3863],[-6,-3],[0,7],[6,-4]],[[1094,3860],[-4,9],[4,4],[7,2],[5,-3],[2,-5],[-1,-6],[-9,0],[-4,-1]],[[1154,3866],[-12,-1],[-7,4],[-6,17],[4,7],[0,7],[6,9],[9,1],[6,-3],[7,-11],[1,-10],[-1,-5],[-4,-6],[-3,-9]],[[1092,3886],[-2,-8],[-6,-3],[-4,2],[0,5],[10,7],[0,8],[5,3],[-2,8],[5,0],[7,-8],[-1,-7],[4,-6],[-1,-4],[-8,4],[-7,-1]],[[1213,3918],[6,3],[1,-6],[-7,3]],[[1268,3939],[-2,7],[7,2],[-1,-8],[-4,-1]],[[1201,3930],[1,-8],[-4,-4],[-3,5],[3,14],[5,1],[0,17],[6,4],[6,-3],[3,-6],[-1,-6],[-7,-4],[-5,-10],[-4,0]],[[1127,3952],[1,-7],[-3,-1],[-2,7],[4,1]],[[1104,3971],[0,7],[6,-1],[1,-7],[-7,1]],[[1148,3984],[8,0],[-2,-6],[-6,0],[0,6]],[[1188,3986],[-4,-7],[-5,6],[4,6],[5,-5]],[[1196,3989],[-6,4],[1,6],[6,-3],[-1,-7]],[[1229,4010],[-5,-11],[-6,2],[2,5],[0,10],[3,2],[5,11],[5,0],[5,-3],[3,-7],[0,-7],[-5,-5],[-7,3]],[[1183,4023],[4,15],[6,2],[5,-4],[2,-5],[-1,-8],[-5,-4],[-7,0],[-4,4]],[[1133,4029],[4,-1],[0,-10],[-8,4],[-1,8],[5,-1]],[[1127,4041],[11,-3],[2,-7],[-9,2],[-4,8]],[[1241,4071],[1,-8],[-5,-3],[-5,2],[-2,7],[3,6],[8,-4]],[[1176,4068],[0,8],[8,3],[5,-9],[-3,-9],[-6,-2],[-4,9]],[[1191,4088],[-5,-2],[-8,7],[0,4],[3,5],[2,1],[6,-5],[-1,-9],[3,-1]],[[1090,4087],[-7,-4],[-2,7],[8,9],[4,-9],[-3,-3]],[[1290,4116],[5,-4],[-4,-5],[-1,9]],[[1187,4101],[-2,2],[-4,0],[1,6],[4,-1],[1,-7]],[[1074,4133],[6,-3],[-1,-6],[2,-9],[-3,-5],[-13,0],[-11,9],[0,2],[10,9],[-6,6],[1,3],[8,0],[7,-6]],[[1176,4153],[1,-7],[-7,-4],[-7,11],[1,6],[6,0],[6,-6]],[[1240,4167],[4,-9],[-7,0],[-1,6],[4,3]],[[1241,4175],[-10,-7],[1,6],[-2,7],[2,5],[8,-3],[1,-8]],[[941,4158],[-6,0],[-2,9],[8,0],[4,-6],[-4,-3]],[[1142,4193],[-6,-7],[-4,12],[9,4],[1,-9]],[[1183,4203],[1,-8],[-4,-7],[-4,-1],[-8,5],[0,20],[9,0],[6,-9]],[[966,4182],[-11,0],[-7,11],[4,0],[11,-4],[3,-7]],[[973,4190],[-8,1],[2,5],[6,-6]],[[1096,4235],[7,0],[6,-6],[1,-13],[-2,-6],[-7,-4],[-7,4],[-2,4],[1,13],[3,8]],[[1133,4223],[-9,8],[1,4],[8,0],[1,-8],[-1,-4]],[[1225,4238],[-3,8],[1,16],[8,-15],[0,-8],[-6,-1]],[[1133,4249],[-5,8],[5,2],[3,-7],[-3,-3]],[[987,4239],[-5,3],[6,6],[7,0],[2,-8],[-2,-6],[-5,-2],[-3,7]],[[949,4241],[-7,1],[-9,-2],[0,5],[8,1],[8,-5]],[[1178,4267],[-8,-4],[-2,4],[2,11],[6,-2],[2,-9]],[[975,4254],[5,2],[5,-1],[-2,-6],[-8,5]],[[1127,4290],[2,-5],[-1,-9],[-3,-5],[-8,0],[-3,5],[0,7],[4,13],[9,-6]],[[970,4291],[-5,-4],[0,8],[2,13],[6,-3],[3,-6],[-1,-5],[-5,-3]],[[1034,4303],[-6,3],[3,5],[3,-2],[0,-6]],[[1159,4326],[-2,6],[0,9],[9,0],[5,-7],[0,-5],[-2,-6],[-5,-2],[-5,5]],[[1193,4335],[-4,-4],[-7,6],[-1,5],[5,3],[7,-10]],[[1186,4378],[2,-10],[-5,-9],[-4,0],[-5,3],[-3,12],[2,9],[7,0],[6,-5]],[[1249,4417],[-4,3],[0,-20],[-4,6],[1,12],[-10,-5],[11,15],[-4,3],[0,8],[-9,2],[6,4],[-2,25],[2,8],[-14,6],[0,10],[-3,4],[0,7],[3,2],[-6,7],[0,12],[5,6],[1,-8],[-2,-6],[1,-7],[3,-1],[8,6],[1,7],[4,5],[6,3],[1,11],[3,9],[0,8],[-17,-10],[8,10],[4,-2],[3,6],[3,2],[2,-15],[-3,-11],[0,-3],[-5,-12],[-6,-2],[0,-8],[-5,-2],[-10,-9],[0,-5],[5,-6],[1,-6],[12,-7],[1,-5],[12,-9],[14,-1],[1,-4],[7,-8],[3,-11],[5,-8],[5,2],[9,-3],[9,-10],[3,-9],[0,-9],[4,-11],[-1,-5],[7,-12],[3,-14],[-1,-4],[3,-7],[-3,-5],[5,-12],[-2,-7],[1,-8],[4,-3],[1,-6],[-5,-1],[0,11],[-2,18],[-4,18],[1,5],[-3,14],[-6,10],[1,8],[-4,10],[-1,12],[-4,8],[-15,5],[-2,-10],[6,-10],[5,-11],[2,-13],[0,-10],[2,-11],[0,-4],[5,-10],[-1,-8],[-6,16],[-2,25],[-1,12],[-11,19],[-4,14],[-7,7],[-3,13],[-4,4],[-3,6],[-16,4],[-3,3],[-5,-4],[-2,-13],[4,-15],[6,-3],[3,-10],[5,-8],[6,-3],[4,-5],[3,-20],[3,-14],[3,-7],[6,-21],[0,-8],[-2,-4],[2,-10],[5,-5],[0,-9],[2,-3],[-1,-8],[2,-13],[-2,-9],[4,-2],[4,-6],[-1,-9],[-4,-2],[3,-6],[-1,-14],[-7,-3],[-11,3],[-2,3],[3,6],[10,-3],[6,4],[-2,8],[4,7],[0,6],[-12,10],[5,18],[-4,10],[-4,-7],[-6,-1],[-6,5],[5,11],[9,5],[-3,14],[0,12],[-10,-6],[-3,5],[7,6],[2,5],[0,11],[-3,4],[-1,9],[-5,13],[-7,0],[0,5],[8,6],[-4,8],[-5,2],[-6,8]],[[1275,4310],[-7,-9],[2,-6],[7,2],[3,6],[0,6],[-5,1]],[[1127,4400],[4,-13],[-5,-1],[-3,7],[3,9],[-6,1],[-6,4],[1,6],[-4,8],[0,4],[8,0],[3,-2],[4,-8],[1,-15]],[[1144,4432],[5,3],[3,-8],[-2,-3],[-6,4],[0,4]],[[1100,4443],[-6,7],[4,9],[7,-5],[1,-5],[-2,-6],[-4,0]],[[1082,4482],[-2,-3],[-6,5],[5,4],[3,-6]],[[1042,4512],[-1,-8],[-4,-9],[-7,9],[3,5],[-6,6],[1,5],[4,3],[7,-3],[3,-8]],[[1062,4539],[-4,10],[6,0],[2,-9],[-4,-1]],[[1254,4553],[9,18],[0,6],[6,4],[3,-2],[3,9],[4,5],[-2,-18],[-10,1],[-1,-9],[-8,-11],[-4,-3]],[[1264,4582],[-6,10],[5,7],[5,-7],[-4,-10]],[[1048,4588],[3,-7],[-3,-13],[-4,-2],[-9,7],[8,11],[-4,14],[4,2],[3,-4],[2,-8]],[[1076,4614],[-4,-3],[-6,2],[3,9],[4,1],[3,-9]],[[1142,4656],[3,-8],[2,-13],[-2,-12],[-5,-13],[-3,-4],[-11,5],[-23,18],[-3,1],[-7,-7],[-15,5],[1,5],[6,0],[1,-7],[7,-1],[8,7],[-1,9],[2,6],[4,5],[2,6],[6,0],[5,8],[5,1],[6,-3],[6,-1],[6,-7]],[[1049,4637],[-1,-5],[-4,0],[-1,5],[-4,5],[2,5],[7,-4],[1,-6]],[[1278,4614],[-9,8],[1,3],[-8,5],[-3,7],[6,20],[-13,18],[-2,8],[-8,8],[-2,7],[-6,2],[-4,5],[-15,3],[-10,7],[-2,4],[5,8],[5,21],[4,8],[7,0],[7,-7],[4,-1],[4,-6],[4,-12],[-3,-21],[-4,-5],[7,-2],[0,-6],[8,-10],[1,-6],[13,0],[5,-2],[5,-9],[2,-10],[0,-16],[4,-5],[-9,-12],[14,-11],[4,-8],[-5,-3],[-7,10]],[[1051,4662],[-5,0],[-1,6],[7,0],[-1,-6]],[[1187,4673],[-4,7],[10,9],[6,-7],[-1,-7],[-3,-5],[-8,3]],[[1069,4693],[7,-6],[3,-7],[1,-13],[-1,-7],[-5,-4],[-7,-1],[-3,6],[1,8],[-2,7],[2,5],[-4,4],[-3,11],[11,-3]],[[1112,4675],[3,-1],[-2,-7],[-5,-2],[-2,7],[6,3]],[[1144,4715],[10,-5],[-4,-7],[-3,6],[-8,-4],[5,10]],[[885,5363],[-1,9],[5,4],[9,-2],[3,-6],[9,-7],[3,-7],[-1,-19],[-5,-9],[-7,-2],[-5,5],[-4,12],[-2,9],[-6,8],[2,5]],[[305,9615],[-7,-9],[3,-13],[-7,-2],[-5,2],[-5,7],[-7,3],[-3,-7],[-4,6],[-10,5],[-1,4],[7,7],[2,5],[-5,7],[-8,4],[-5,-2],[-5,-12],[-6,-6],[-11,-6],[-7,2],[-2,8],[-8,3],[-1,24],[2,13],[-1,6],[2,4],[7,1],[4,-5],[10,-5],[4,-12],[12,23],[-3,16],[-8,2],[-13,20],[-11,12],[-6,-1],[-6,1],[-10,-2],[-16,14],[-2,10],[3,6],[7,1],[-9,7],[-6,13],[-9,11],[-16,15],[-4,-6],[-10,2],[-8,7],[-1,9],[-5,5],[-5,-2],[-8,2],[-8,-2],[-11,0],[-9,6],[-7,0],[-6,8],[-10,7],[-3,13],[-4,3],[-5,13],[-9,10],[-7,16],[-7,10],[-1,13],[1,6],[0,13],[-6,9],[-4,8],[0,7],[-3,4],[-1,9],[3,9],[11,2],[1,-4],[-7,-4],[0,-9],[6,-5],[-1,-12],[6,-11],[4,0],[4,6],[0,12],[4,6],[14,-11],[-5,-1],[-3,-6],[1,-6],[-2,-11],[1,-6],[8,-8],[8,-3],[4,-4],[1,-15],[6,-8],[6,6],[-6,8],[2,6],[6,2],[4,4],[-1,11],[2,10],[5,-1],[6,-6],[3,-10],[-6,-13],[2,-15],[2,-4],[7,-1],[8,9],[12,5],[5,8],[2,-17],[5,-8],[6,-1],[5,4],[6,-2],[1,-7],[-4,-9],[4,-8],[8,-3],[7,6],[1,9],[-3,15],[-4,6],[-7,3],[2,5],[6,6],[6,2],[5,-4],[3,-11],[3,-6],[19,-9],[10,3],[9,7],[7,-7],[4,1],[0,9],[3,5],[9,2],[-2,-9],[2,-10],[-10,-3],[1,-7],[7,3],[3,-3],[-1,-24],[7,-5],[8,0],[7,6],[1,10],[3,6],[4,-1],[-1,-15],[4,-7],[-2,-5],[-16,-6],[2,-11],[-3,-16],[3,-4],[10,2],[-1,11],[6,2],[3,-3],[11,6],[10,4],[-4,8],[3,6],[-3,10],[-4,3],[4,6],[1,7],[9,5],[3,14],[6,7],[4,1],[7,-9],[6,7],[3,-1],[-1,-9],[1,-5],[7,-8],[5,1],[7,6],[0,10],[3,6],[4,1],[3,-5],[1,-10],[3,-8],[-8,-20],[2,-8],[4,-2],[5,5],[3,14],[5,3],[7,-4],[10,-25],[9,-12],[6,-2],[6,-10],[18,-6],[0,-9],[3,-4],[5,0],[12,4],[5,-2],[1,-7],[-6,-17],[6,-5],[6,3],[4,-3],[-1,-8],[-2,-3],[0,-9],[6,-2],[5,5],[0,9],[11,5],[9,9],[1,8],[-1,10],[3,7],[11,2],[6,-4],[3,-17],[5,-12],[5,4],[-3,8],[4,3],[13,-6],[3,-8],[0,-10],[4,-6],[5,1],[15,14],[7,-3],[1,-7],[-5,-19],[3,-11],[5,-5],[9,-1],[17,10],[4,-2],[-3,-11],[0,-13],[3,-7],[6,-3],[7,-8],[7,3],[-2,7],[3,4],[17,-10],[7,3],[2,9],[3,1],[9,-7],[4,-1],[4,4],[0,8],[2,5],[10,0],[9,-12],[5,-20],[7,-14],[10,-6],[-2,-6],[-8,-3],[-5,-9],[-1,-6],[11,-10],[5,-9],[-2,-7],[-7,-4],[-4,10],[0,4],[-7,3],[-3,-4],[-10,-1],[-7,2],[6,19],[6,-6],[10,5],[-4,5],[1,6],[-3,4],[-10,-1],[-8,2],[-4,-2],[-19,9],[-3,12],[3,11],[-8,-3],[-8,0],[-3,4],[-10,-5],[-11,-1],[-7,2],[-9,-4],[-5,-9],[0,-4],[3,-11],[-11,-1],[-4,3],[-4,-3],[-6,7],[-12,0],[-12,-5],[-6,3],[-4,6],[3,6],[-5,3],[-2,-13],[-6,7],[0,6],[-3,2],[0,18],[6,1],[9,-1],[9,3],[14,-4],[6,3],[-1,-8],[5,0],[2,7],[0,9],[-4,6],[-12,8],[-6,2],[-3,-2],[-9,-9],[-11,3],[-5,4],[-13,-12],[-11,8],[-8,13],[-5,5],[0,15],[-3,-1],[-7,-6],[-8,4],[-7,-2],[-10,4],[-4,-3],[-26,2],[-1,3],[9,4],[6,4],[-12,4],[-5,6],[-7,-5],[-4,-9],[2,-17],[-1,-4],[-11,-11],[2,-2],[4,-16],[-6,-12],[-10,-4],[-7,6],[-16,3],[-3,2],[0,11],[-3,8],[-5,2],[-7,-1],[1,-11],[-2,-11],[-6,-4],[-4,3],[-7,2],[-19,11],[-6,2],[-6,-6],[5,-8],[7,-15],[2,-8],[-1,-15],[-5,-15]],[[240,9786],[-6,5],[1,9],[-8,1],[-7,-2],[0,-4],[6,-9],[4,-7],[8,-2],[12,5],[-1,5],[-9,-1]],[[334,9743],[-4,-15],[-4,-5],[6,-4],[0,-6],[6,-6],[6,5],[3,-9],[11,4],[10,-6],[5,-7],[5,0],[-7,14],[1,7],[-17,4],[0,6],[-11,3],[-3,9],[0,7],[-7,-1]],[[11,9996],[1,-10],[-7,-5],[-5,17],[7,1],[4,-3]],[[1393,2598],[5,14],[6,7],[8,2],[7,-4],[3,4],[8,-1],[-11,-8],[-5,4],[-8,0],[-6,-14],[-7,-4]],[[1317,4030],[8,16],[4,-6],[1,-7],[-8,-7],[-5,4]],[[1375,4124],[-2,4],[3,8],[5,0],[5,-6],[-2,-7],[-9,1]],[[1347,4137],[6,1],[4,-7],[-6,-7],[-5,3],[1,10]],[[1312,4135],[1,-13],[-3,-6],[-9,0],[-8,11],[-1,8],[4,11],[7,1],[7,-6],[2,-6]],[[1323,4156],[-1,4],[5,5],[6,-5],[-2,-4],[-8,0]],[[1353,4183],[9,0],[-5,-11],[-4,11]],[[1380,4217],[2,6],[4,1],[0,-10],[-6,3]],[[1361,4247],[2,-1],[4,14],[5,-9],[-3,-7],[-8,3]],[[1333,4305],[1,-9],[-2,-12],[-8,2],[2,9],[3,-1],[1,10],[3,1]],[[1310,4315],[1,-4],[1,-12],[-2,-12],[-3,2],[3,9],[-4,5],[-1,6],[5,6]],[[1280,4552],[3,-7],[7,0],[4,-2],[5,-10],[-1,-5],[1,-11],[-5,-14],[5,-11],[5,-5],[3,-8],[5,-1],[3,-11],[-12,14],[0,5],[-6,5],[-2,7],[-3,1],[6,16],[-1,21],[-7,7],[-10,1],[-5,7],[-1,-8],[-5,-12],[0,-7],[-5,1],[4,8],[-1,10],[4,9],[9,0]],[[1255,4820],[0,-6],[6,-15],[10,-17],[2,-14],[-1,-7],[-5,-5],[-5,0],[-11,4],[-4,3],[1,9],[8,6],[3,8],[-10,8],[-4,5],[0,9],[8,4],[2,8]],[[1267,4846],[-5,-2],[-3,9],[6,0],[2,-7]],[[1295,5218],[-2,10],[-6,4],[-3,13],[3,3],[8,-2],[3,-13],[-4,-5],[1,-10]],[[1314,5632],[-4,-8],[-15,0],[-8,7],[2,4],[8,9],[6,4],[4,0],[6,-7],[1,-9]],[[1307,5701],[-6,-7],[-9,-1],[-2,3],[5,9],[-2,3],[4,5],[5,-1],[5,-7],[0,-4]],[[1254,5703],[4,2],[4,-6],[-3,-5],[-5,9]],[[1308,5192],[2,17],[4,16],[-1,16],[-3,7],[-4,2],[0,6],[-3,10],[4,1],[1,26],[2,7],[-1,16],[11,11],[9,25],[3,15],[0,11],[-8,15],[-2,16],[3,15],[3,4],[31,23],[7,12],[2,31],[3,7],[5,18],[-1,15],[-8,13],[-5,15],[3,6],[2,10],[7,0],[3,12],[4,4],[-6,5],[-2,8],[-10,16],[-11,1],[-5,3],[-4,7],[-11,6],[-6,9],[3,13],[3,10],[-1,9],[3,29],[7,11],[-3,10],[1,8],[-7,4],[-7,-7],[-6,-1],[-2,-5],[-7,3],[-1,5],[5,9],[-1,4],[-6,4],[3,7],[0,7],[-8,-4],[1,8],[-7,6],[-8,3],[-2,6],[0,8],[-8,-8],[-9,-7],[-14,-5],[-6,-5],[-7,-1],[-6,3],[-2,6],[-4,17],[-6,5],[-5,0],[-26,8],[-5,4],[-4,8],[2,23],[-1,6],[-5,6],[-9,4],[-8,8],[-6,13],[-9,44],[-2,13],[0,15],[7,12],[0,5],[-2,13],[-3,8],[-1,28],[-7,31],[-2,38],[6,31],[-1,15],[6,9],[3,3],[13,5],[6,8],[4,11],[1,11],[-4,20],[4,5],[2,9],[-4,16],[1,4],[8,8],[11,7],[12,16],[9,10],[0,5],[-4,7],[3,13],[-1,6],[-7,-3],[-9,9],[-1,4],[11,11],[5,-3],[9,-8],[6,2],[4,6],[-2,12],[2,8],[4,9],[6,4],[1,7],[-12,-1],[-7,10],[2,5],[9,21],[5,7],[0,7],[-7,9],[-4,9],[-4,21],[1,9],[4,1],[4,-11],[9,-6],[-1,-9],[4,-5],[-1,-9],[11,4],[6,-3],[10,5],[1,4],[-8,21],[-3,16],[3,12],[4,12],[-1,5],[-7,13],[-2,8],[-2,12],[6,30],[9,22],[2,7],[-3,8],[-6,5],[-1,8],[-6,11],[-9,8],[-2,12],[9,6],[15,3],[11,7],[4,10],[-4,17],[2,4],[20,-13],[6,1],[-1,6],[11,2],[4,-10],[4,-5],[1,-7],[-5,-4],[-9,0],[-3,4],[-12,-14],[5,-4],[19,-4],[8,-6],[9,-9],[6,-10],[0,-4],[-6,0],[8,-10],[8,-20],[7,-28],[0,-46],[-3,-16],[1,-5],[-6,-30],[-6,-17],[0,-19],[-4,-1],[-1,-18],[-6,-11],[-3,-19],[-8,-16],[-13,-10],[-5,-11],[-2,-9],[11,-6],[6,-15],[9,-10],[2,-10],[0,-12],[-2,-8],[-11,-28],[-8,-12],[-11,-10],[-10,-4],[7,11],[9,26],[2,-4],[-7,-20],[0,-5],[10,15],[8,30],[2,9],[-3,9],[3,4],[-1,4],[-14,11],[-13,5],[-6,0],[-16,-2],[-2,4],[11,18],[4,9],[1,11],[-4,5],[7,11],[4,2],[16,-7],[5,4],[9,24],[0,20],[-1,13],[-7,3],[-16,-1],[-10,-6],[-2,-3],[-2,-14],[2,-18],[-10,-1],[-10,-6],[-5,1],[-10,11],[-3,-3],[7,-13],[0,-6],[-6,-14],[0,-7],[2,-18],[-3,-7],[-17,-16],[-3,-4],[4,-4],[10,6],[6,-8],[0,-3],[-8,-5],[-11,-1],[-1,-4],[3,-9],[-2,-8],[-10,-3],[-12,-16],[-7,-4],[-2,-5],[1,-12],[-2,-17],[0,-13],[-9,-14],[-4,-14],[0,-9],[9,-1],[6,3],[8,2],[3,-2],[5,-9],[6,-4],[2,3],[0,9],[3,5],[7,3],[9,0],[3,3],[4,11],[5,6],[20,13],[7,9],[8,-7],[-6,-4],[0,-6],[7,-7],[2,-12],[-4,-1],[-7,6],[-12,-1],[-4,-8],[-1,-16],[-8,-4],[-3,-9],[-7,0],[-2,8],[-5,5],[-8,-8],[-7,-5],[-9,4],[-13,10],[-2,-7],[13,-7],[4,-5],[9,-16],[6,-18],[2,-7],[4,-11],[20,-27],[22,-25],[14,-20],[14,-27],[-5,0],[15,-37],[2,-13],[5,-9],[4,-22],[2,-21],[-1,-17],[-2,-12],[-4,-13],[-8,-11],[-12,-11],[-13,-22],[0,-6],[10,-2],[0,-7],[3,-7],[12,3],[5,-4],[4,-9],[0,-10],[9,5],[4,16],[3,3],[3,10],[-11,12],[0,8],[5,9],[9,7],[5,-10],[-1,-20],[3,-16],[-1,-5],[3,-8],[-2,-4],[1,-10],[-5,-1],[-5,-14],[6,-12],[-4,-9],[-2,-26],[-1,-5],[4,-10],[-2,-15],[1,-10],[6,-2],[7,-4],[9,4],[9,0],[4,-18],[-2,-7],[7,-20],[-4,-39],[1,-7],[5,-20],[4,-9],[0,-13],[-6,-14],[-9,-30],[-19,-40],[-1,-20],[5,-13],[2,-7],[-2,-17],[1,-9],[11,-29],[-1,-10],[-9,-10],[-1,-6],[0,-13],[2,-24],[6,0],[-1,-12],[-27,0],[0,-6],[-9,-5],[-10,-10],[3,-6],[4,-1],[-1,-8],[3,-7],[11,-7],[0,-3],[12,0],[0,-8],[4,-9],[-1,-5],[9,-7],[1,-7],[-9,-1],[3,-5],[0,-10],[8,-2],[6,1],[4,-10],[0,-3],[16,-15],[3,-7],[10,-7],[0,-7],[3,-6],[-11,-13],[-4,10],[-4,-2],[-2,-6],[-7,-5],[-9,-1],[-4,-3],[1,-9],[-3,-5],[4,-13],[8,-3],[1,-8],[4,-3],[2,-6],[4,-4],[1,-8],[-2,-3],[-1,-10],[2,-4],[-3,-7],[0,-13],[-3,-7],[-7,-4],[3,-5],[-6,-6],[-3,-6],[-10,-7],[-5,-9],[-7,-5],[-1,-10],[-13,0],[2,14],[10,6],[3,9],[0,10],[3,6],[-2,7],[4,10],[-1,6],[1,10],[7,12],[4,3],[4,8],[-7,21],[3,3],[-2,7],[0,11],[3,10],[4,8],[8,4],[7,0],[0,10],[5,2],[8,-2],[2,5],[-5,7],[-4,1],[-5,9],[-3,-6],[-4,4],[1,7],[-4,2],[-13,0],[-3,-3],[-6,5],[-7,1],[-6,5],[-9,14],[1,7],[-12,2],[-5,4],[-4,-3],[-2,12],[-1,13],[2,9],[-11,2]],[[1317,5221],[2,-7],[-2,-14],[4,2],[4,7],[-4,2],[0,5],[-4,5]],[[1329,5192],[-1,-9],[2,-19],[3,0],[6,12],[-2,8],[-8,8]],[[1322,5256],[3,2],[3,10],[1,13],[7,7],[8,12],[8,18],[9,11],[3,9],[-9,30],[4,20],[-4,16],[-6,7],[-16,0],[-1,-4],[-1,-13],[3,-2],[9,2],[4,-2],[-1,-11],[-4,-11],[3,-10],[1,-6],[-4,-10],[0,-7],[5,-12],[-4,-12],[-11,-4],[-9,4],[-6,-3],[-2,-6],[0,-15],[3,-28],[4,-5]],[[1377,5640],[-4,1],[-4,-3],[-7,-3],[-8,7],[-6,0],[-1,13],[4,14],[-6,9],[2,9],[0,11],[-6,-1],[-1,-12],[-3,-7],[5,-8],[-3,-6],[-5,-3],[-4,-8],[3,-9],[7,-2],[4,1],[5,-5],[6,-4],[6,-1],[7,-8],[13,0],[1,9],[-5,6]],[[833,9466],[-2,-13],[-6,-4],[-7,1],[-1,2],[-9,4],[-8,13],[8,11],[4,-1],[2,8],[-6,3],[7,11],[7,-1],[6,9],[5,0],[0,7],[-4,2],[-3,5],[-4,-5],[0,-11],[-7,-1],[1,12],[-3,6],[-7,-9],[2,-7],[-13,1],[7,6],[-2,4],[-9,-3],[-3,4],[-12,4],[-12,-11],[-1,10],[4,24],[7,14],[8,-9],[4,4],[-1,4],[-6,2],[-6,16],[-8,4],[-11,1],[-6,6],[-8,-7],[-3,-8],[-8,-8],[-4,0],[-8,6],[15,1],[6,3],[3,7],[0,9],[-7,15],[1,6],[6,3],[12,-18],[6,0],[9,7],[2,10],[3,2],[8,0],[9,-10],[14,-5],[6,6],[0,14],[2,3],[7,-10],[10,2],[4,6],[-2,8],[-5,4],[-8,0],[-6,4],[0,9],[3,4],[14,9],[1,9],[-4,13],[-7,5],[-5,-4],[-5,-1],[-4,4],[-1,5],[4,5],[11,-8],[3,1],[5,7],[4,3],[4,-2],[5,-13],[6,-1],[6,6],[1,7],[-3,8],[-9,13],[3,3],[4,-9],[4,-4],[6,-3],[6,5],[3,8],[-3,17],[1,11],[2,7],[4,4],[9,1],[17,6],[12,12],[15,17],[3,2],[14,-2],[6,6],[16,7],[6,-5],[2,-22],[3,-8],[3,-3],[5,0],[5,4],[8,14],[0,5],[-5,10],[0,8],[2,5],[6,1],[5,-4],[10,-17],[4,-4],[8,1],[7,12],[5,-1],[0,-6],[-10,-7],[-2,-9],[6,-7],[7,2],[5,7],[11,9],[5,2],[1,-4],[-5,-13],[0,-10],[7,-1],[5,8],[4,0],[7,-7],[9,1],[3,-1],[6,-9],[11,-2],[14,-13],[9,-5],[14,-4],[3,3],[3,9],[6,2],[-1,-9],[6,-3],[8,5],[7,1],[8,-10],[1,-5],[4,-2],[4,11],[8,8],[3,10],[-5,10],[0,5],[11,1],[8,5],[5,1],[6,-6],[9,-3],[9,3],[6,-16],[5,-6],[-6,-14],[1,-9],[-8,9],[-5,14],[-2,11],[-8,-11],[-4,0],[-4,-9],[-11,-3],[-4,-8],[0,-13],[5,-4],[4,4],[10,-12],[4,2],[2,5],[7,-3],[3,4],[11,2],[3,-4],[4,5],[6,3],[2,-4],[8,6],[-12,0],[4,7],[2,6],[-1,14],[2,9],[4,4],[6,0],[8,-18],[10,-11],[1,-3],[7,-2],[5,3],[2,6],[-5,14],[1,11],[4,8],[8,6],[6,1],[6,-8],[2,-16],[8,-15],[3,-21],[7,1],[4,-7],[-2,-6],[-14,7],[-7,10],[-10,0],[-11,-8],[-10,-1],[-4,-4],[1,-5],[6,2],[0,-6],[-8,-20],[-5,-20],[0,-21],[-3,-9],[-8,-12],[-7,-8],[-10,-8],[-3,3],[-5,-2],[-5,4],[0,8],[-5,-4],[-2,-11],[-3,-8],[-6,-5],[-2,-5],[-5,-1],[-11,-4],[-8,2],[-5,-5],[-7,-2],[-15,-8],[-11,-7],[-7,2],[-2,3],[-5,-4],[-5,1],[-8,-3],[-10,8],[0,4],[-4,9],[-9,3],[-9,-2],[-2,-6],[-8,-11],[-6,-6],[-4,-9],[-10,-4],[-8,-16],[-6,-7],[-6,6],[-11,6],[-4,6],[-17,6],[-4,3],[-16,-1],[-10,2],[-5,-15],[-10,-9],[-11,-4],[-7,-7],[-15,-5],[-3,4],[-9,2],[6,11],[1,10],[-8,4],[-5,9],[-8,-4],[-2,-6],[2,-7],[-1,-4],[-10,-2],[-7,-4],[-9,-7],[-4,3],[1,7],[-5,-1],[-5,-7],[-9,11],[-10,3],[-4,-12],[-5,-4],[0,-10],[-1,-6],[-4,-4],[-8,1],[-5,4],[2,5],[-11,1],[-7,-4],[-2,-16],[1,-5],[-2,-9],[-5,-6],[5,-2],[2,6],[6,7],[2,-5]],[[879,9608],[1,-5],[6,-5],[2,-10],[5,-2],[10,6],[0,6],[8,7],[5,-1],[4,8],[-13,-5],[-2,5],[-9,-12],[-4,3],[-5,-3],[0,10],[-7,3],[-1,-5]],[[999,9584],[3,-15],[6,-1],[-1,-10],[-2,-4],[3,-7],[5,0],[12,14],[0,10],[-11,8],[-6,3],[3,10],[-9,-4],[-3,-4]],[[1192,9624],[-4,5],[-11,4],[-12,-2],[-1,-3],[11,-7],[0,-3],[-11,-2],[-8,-15],[-9,4],[-4,-1],[0,-11],[-8,-11],[4,-5],[9,4],[1,4],[17,7],[8,1],[1,-8],[6,-7],[3,6],[7,-1],[-1,10],[6,7],[-4,24]],[[1130,9648],[-3,-1],[-11,7],[-8,2],[-4,-1],[-2,-7],[6,-6],[5,0],[3,-10],[6,-3],[2,-5],[-1,-7],[3,-8],[6,-5],[5,-1],[2,6],[8,7],[4,-4],[3,9],[-5,4],[-8,-1],[-5,1],[-6,11],[2,3],[-2,9]],[[1077,9642],[-5,-13],[8,-12],[7,-24],[2,-12],[-1,-9],[-2,-12],[-3,-4],[-2,-10],[10,0],[9,16],[10,8],[-2,7],[4,6],[9,6],[-3,8],[7,4],[-9,7],[1,9],[-4,10],[0,4],[-4,8],[-6,0],[-5,-6],[-5,3],[-2,9],[-3,5],[-7,-8],[-4,0]],[[1077,9662],[-9,-7],[-4,-16],[2,-6],[6,4],[3,8],[9,10],[1,10],[-8,-3]],[[1253,9689],[-8,-5],[-2,-4],[-13,-4],[0,9],[-2,7],[-10,-11],[-3,-6],[-6,1],[-3,7],[-7,-12],[1,-14],[5,-9],[4,-2],[7,6],[1,3],[11,9],[7,-3],[4,-10],[3,0],[7,12],[-8,-2],[-4,4],[-1,5],[7,0],[15,4],[-4,6],[-1,9]],[[1420,4079],[-5,-4],[-4,5],[2,4],[7,-5]],[[1411,4096],[-4,-10],[-5,-1],[-8,8],[-2,4],[1,9],[5,5],[6,0],[6,-8],[1,-7]],[[1403,4132],[4,5],[7,-8],[-1,-7],[-3,-4],[-5,2],[-4,5],[2,7]],[[1369,4779],[4,0],[4,-9],[-5,-4],[-5,5],[2,8]],[[1317,5710],[2,-10],[-3,-4],[-4,4],[5,10]],[[1412,4151],[5,6],[6,-4],[-2,-11],[-5,-1],[-4,10]],[[1325,5718],[-3,-1],[-7,4],[5,6],[5,-9]],[[1420,4178],[5,4],[6,-7],[-1,-7],[-5,-4],[-9,3],[-1,8],[5,3]],[[1427,4134],[0,10],[2,4],[5,1],[5,-9],[-1,-5],[-3,-4],[-8,3]],[[1390,4721],[-2,4],[4,8],[7,1],[1,-11],[-4,-6],[-6,4]],[[1333,5723],[-6,-6],[-1,8],[7,-2]],[[1454,4130],[-9,7],[-1,7],[5,7],[5,0],[6,-7],[1,-9],[-7,-5]],[[1464,4203],[-4,-9],[-4,-4],[-4,-15],[-4,-4],[-7,7],[-4,11],[8,6],[2,5],[10,5],[-1,8],[9,-2],[-1,-8]],[[1428,4674],[-1,-6],[-4,0],[-1,6],[6,0]],[[1355,5832],[-6,0],[-6,5],[9,4],[3,-9]],[[1478,4148],[4,9],[8,-2],[3,-15],[-3,-4],[-5,0],[-5,5],[-2,7]],[[1440,4761],[4,-5],[2,-9],[-9,-4],[-5,3],[0,5],[8,10]],[[2008,1349],[-7,1],[-1,7],[8,-3],[0,-5]],[[1998,1381],[-3,-11],[3,-4],[-6,0],[-10,9],[-5,-3],[-5,4],[-1,7],[-3,5],[-1,8],[-4,-2],[-13,7],[-5,7],[-7,5],[-8,-1],[-3,2],[-5,-8],[5,-5],[-5,-14],[5,-13],[-3,-4],[5,-17],[17,-20],[-5,0],[-5,4],[-9,2],[2,6],[-5,5],[-4,0],[-6,11],[-7,1],[4,12],[10,-4],[3,6],[0,7],[-4,9],[5,6],[-4,8],[6,11],[8,-4],[5,1],[3,-2],[7,-9],[13,-8],[6,1],[0,-8],[2,-3],[2,-9],[9,0],[8,-7],[5,0],[-2,7],[5,5]],[[1628,1321],[8,-3],[2,-5],[4,1],[0,7],[4,3],[5,-6],[6,5],[7,0],[1,11],[-8,0],[-4,7],[-12,-3],[-6,0],[-1,-7],[-11,-4],[-2,4],[2,7],[7,-3],[7,5],[0,15],[3,7],[-4,9],[7,10],[0,8],[6,2],[14,-1],[2,-9],[-14,-13],[-8,-18],[4,-4],[4,15],[10,14],[17,12],[-11,-2],[2,8],[-4,5],[1,3],[12,5],[12,-2],[0,-5],[-6,-8],[19,1],[6,-1],[9,5],[7,-2],[5,-7],[-4,-2],[-4,4],[-4,-3],[2,-8],[-8,-1],[-18,-7],[-16,-12],[-6,-9],[-4,-14],[1,-15],[4,-5],[-9,-6],[-2,6],[-4,2],[-11,-1],[-3,-3],[-6,0],[-5,3],[-13,-2],[0,2],[8,5]],[[2079,3761],[9,10],[2,6],[4,-1],[-5,-8],[1,-4],[-11,-3]],[[2673,4343],[-3,-6],[-1,-6],[2,-18],[-2,-14],[-2,-7],[1,-5],[8,-1],[0,5],[11,14],[7,5]],[[2694,4310],[-5,-4],[-5,-14],[4,-7],[-2,-7],[0,-11],[-6,-6],[0,-10],[-3,-14],[8,7],[-3,7],[11,15],[-1,5],[7,7],[-1,6],[5,7],[2,-2],[3,-9],[6,-1],[8,4],[0,4],[9,2],[-10,-13],[-2,-1],[-7,-10],[0,-9],[-7,-6],[-1,-8],[12,4],[9,-3],[11,7],[6,-2],[-1,7],[5,6],[4,-8],[9,-4],[10,5],[4,6],[6,1],[3,-2],[11,-1],[9,16],[13,-2],[7,3],[2,-6],[0,-7],[-8,-11],[-14,3],[-2,-9],[-3,-28],[-13,-8],[-1,-4],[12,-2],[-1,-9],[-14,-4],[-4,3],[0,10],[-8,1],[-1,-5],[2,-15],[8,-2],[1,-11],[11,-4],[-3,-12],[3,-4],[-1,-13],[-8,1],[4,-13],[4,0],[10,-9],[2,-11],[-14,3],[-1,6],[-5,13],[-1,9],[-6,-1],[-11,9],[-5,-1],[-10,4],[-3,-3],[-1,-8],[-7,5],[-3,-11],[-2,4],[0,7],[-6,14],[-10,10],[-3,9],[-8,10],[-4,1],[-3,6],[-5,2],[-4,5],[-3,-2],[-7,2],[-5,-2],[-10,3],[-3,-7],[7,-2],[-8,-7],[-2,5],[-7,-4],[-3,-7],[-3,14],[-8,0],[-4,4],[-9,16],[-5,5],[-7,0],[-9,-6],[-2,-8],[-6,-5],[-1,-8],[7,-2],[4,6],[6,2],[9,-2],[-7,-6],[-5,3],[-7,-4],[-5,2],[-5,-6],[-3,2],[-5,-5],[1,-5],[5,-2],[7,4],[22,-2],[8,-7],[11,-3],[11,-13],[7,-3],[5,-10],[-5,-7],[3,-4],[1,-7],[-3,-3],[-5,19],[-10,4],[-1,5],[-5,6],[-7,-2],[-7,4],[-2,10],[-6,3],[-6,-5],[-7,2],[-6,-2],[-6,8],[-8,-1],[-4,4],[-9,-1],[-4,3],[-7,-4],[8,-12],[9,-5],[2,-2],[-4,-7],[13,-7],[10,1],[4,5],[4,-1],[7,-7],[1,-11],[-2,-4],[3,-18],[5,-12],[6,-10],[0,-4],[3,-6],[0,-4],[5,-6],[2,-7],[6,-7],[8,6],[2,-6],[9,9],[10,-1],[4,-2],[8,2],[5,11],[11,1],[1,-10],[-7,-8],[-4,-3],[5,-6],[8,0],[15,4],[-1,9],[3,4],[13,-7],[11,2],[3,7],[4,-6],[5,2],[5,-6],[7,-1]],[[2762,4048],[-10,-1],[-4,4],[-8,0],[-10,-9],[-13,-2],[-9,-5],[-1,-4],[-8,-7],[11,-6],[10,2],[3,4],[5,0],[4,4],[1,6],[-8,-1]],[[2725,4033],[5,4],[8,-2],[-1,-7],[-7,-4],[3,-5],[-3,-6],[-7,1],[-2,-5],[-5,-4],[4,-5],[10,-3],[2,-6],[-8,1],[1,-8],[7,-8],[18,-1],[-5,-5],[8,-5],[-3,-6],[-6,-3],[-1,-4],[-6,3],[-6,6],[-7,1],[-1,10],[-3,0],[-3,7],[0,16],[-7,0],[-3,6],[-9,4],[-5,6],[-4,-3],[-1,-8],[3,-6],[7,4],[5,-2],[3,-8],[9,-9],[5,-12],[1,-7],[5,-8],[-4,-9],[7,-12],[0,-14],[9,-1],[-2,-6],[4,-3],[4,2],[10,9],[1,4],[13,3],[5,6],[0,3],[7,3],[3,4],[5,-8],[-7,-2],[-3,-4],[-3,5],[-6,-9],[-6,-2],[-6,1],[-5,-7],[0,-8],[-12,-2],[-8,3],[-1,-10],[4,-19],[7,-3],[0,-8],[-5,-16],[7,-3],[2,-6],[-3,-10],[1,-9],[3,-1],[7,-8],[1,-4],[5,-4],[1,-8],[4,-12],[3,-2],[6,-12],[12,6],[3,-4],[-3,-4],[-8,2],[-5,-2],[-7,11],[-3,3],[-3,11],[-7,7],[-2,-3],[9,-15],[3,-2],[-11,-10],[2,12],[-4,15],[-4,2],[-6,0],[2,9],[-7,5],[0,9],[2,14],[-6,2],[0,5],[5,16],[1,3],[-7,12],[-3,20],[1,7],[-6,0],[0,-8],[-7,4],[10,6],[-3,15],[2,5],[-3,6],[-3,14],[0,11],[-3,3],[-4,13],[-4,7],[-4,3],[-1,5],[-13,2],[-3,7],[-2,9],[-5,7],[-9,1],[-5,12],[-6,9],[-7,7],[-3,-6],[-9,6],[-3,-2],[-5,-10],[-1,-6],[4,-11],[4,-5],[11,-7],[8,0],[4,-3],[4,-8],[-1,-6],[5,-9],[3,-14],[1,-12],[2,-9],[0,-9],[2,-10],[6,-14],[-9,6],[1,-11],[-5,-10],[-2,4],[3,9],[-8,8],[-3,-3],[-2,-8],[0,-13],[2,-2],[0,-11],[-3,-2],[-5,-13],[0,-8],[6,-13],[-6,3],[-5,9],[-8,-4],[-6,-11],[-1,-9],[8,-9],[1,-4],[0,-3],[0,-8],[-3,-4],[-9,-21],[-5,-12],[-1,9],[4,4],[10,22],[4,2],[0,3],[-2,11],[-8,11],[1,14],[8,6],[1,11],[3,2],[7,13],[0,9],[1,6],[-2,11],[4,4],[2,18],[3,2],[-3,11],[5,9],[1,14],[-1,18],[-4,7],[-5,1],[1,-19],[-2,-8],[1,-4],[-7,-11],[-2,7],[2,4],[0,16],[3,9],[-2,10],[-3,10],[-5,1],[-4,9],[-5,-1],[-1,9],[-5,4],[-1,13],[1,5],[-2,7],[-11,13],[-4,10],[-9,7],[-1,6],[-5,7],[-6,4],[-5,7],[-3,8],[-8,5],[-3,-3],[-4,11],[-6,1],[-5,5],[-4,-2],[4,-9],[8,-7],[5,-9],[2,-9],[-1,-10],[8,-14],[1,-9],[-3,-3],[1,-8],[7,-11],[-2,-15],[1,-8],[-5,-17],[9,-10],[-4,-3],[-6,8],[-3,-8],[1,-14],[5,-5],[4,-13],[6,-10],[5,-2],[-2,-9],[-2,-3],[-4,19],[-8,5],[-1,8],[-3,6],[-4,-9],[-2,-9],[2,-15],[-3,-9],[0,-4],[-2,-4],[0,-6],[-3,-3],[0,-9],[-4,-8],[2,-3]],[[2557,3886],[-2,1],[0,6],[3,3],[0,11],[3,3],[1,5],[1,4],[-1,7],[2,5],[-3,12],[-5,4],[6,5],[0,14],[4,9],[0,17],[3,9],[2,9],[-1,6],[2,8],[-3,10],[2,4],[-3,11],[-6,2],[-2,14],[-2,5],[-7,-3],[1,11],[-2,9],[-5,12],[-1,8],[-3,6],[-3,-1],[-7,10],[-5,11],[-10,3],[-2,-3],[5,-5],[9,-16],[2,-8],[-2,-4],[-6,9],[2,6],[-6,9],[-9,5],[-4,7],[-8,2],[-6,5],[-3,-4],[-6,2],[-3,-7],[11,-2],[-2,-6],[2,-9],[5,-6],[1,-9],[-1,-8],[5,-1],[9,-15],[-6,1],[-11,9],[-2,5],[-8,4],[-9,17],[-1,7],[-6,-1],[-12,3],[-2,6],[-7,1],[-9,-2],[-4,4],[-9,-18],[-1,-25],[-3,-3],[1,-10],[2,-6],[6,-5],[4,-1],[7,-9],[4,-18],[-9,-7],[-4,-8],[1,-7],[12,-16],[2,-9],[-2,-22],[10,-4],[6,2],[7,-6],[-7,-8],[-4,2],[-8,-2],[3,-15],[9,-10],[0,-8],[4,-2],[1,-6],[9,-8],[14,-7],[7,-9],[-3,-3],[-3,4],[-10,5],[-4,-2],[-14,11],[-2,-9],[2,-16],[15,-22],[-1,-5],[13,-10],[15,-7],[15,0],[-3,-6],[-8,-2],[-9,8],[-10,-2],[-12,3],[-8,15],[-5,16],[-4,-1],[-1,-13],[1,-16],[-2,-8],[-5,-11],[-1,-16],[2,-10],[-1,-5],[5,-5],[4,4],[11,-6],[6,-6],[5,-14],[0,-5],[6,-7],[-6,-4],[3,-10],[16,-4],[7,-7],[3,-13],[-5,1],[-1,5],[-5,12],[-4,-3],[1,-10],[-4,-6],[-1,14],[-4,7],[-7,5],[-2,10],[-3,8],[1,4],[-5,5],[1,7],[-5,7],[-8,7],[-6,-5],[-7,17],[1,6],[-2,10],[2,4],[-1,9],[3,2],[2,19],[3,4],[-1,11],[2,4],[-4,8],[-6,3],[-4,-7],[-2,11],[9,2],[-1,8],[3,6],[-1,18],[-3,6],[0,9],[2,6],[-5,3],[1,6],[-11,12],[5,13],[-3,4],[1,7],[-3,5],[-1,10],[-3,2],[-2,9],[-4,3],[2,12],[1,17],[-5,11],[-8,6],[-1,7],[-5,4],[-1,9],[-4,16],[-3,2],[-6,-6],[-7,-18],[1,-6],[-4,-2],[0,-7],[4,-8],[3,-1],[4,-6],[1,-10],[5,-15],[-4,-2],[-3,4],[0,6],[-4,15],[-6,7],[-4,12],[-3,14],[6,11],[-1,6],[5,9],[-2,11],[4,3],[3,13],[5,11],[-1,5],[4,11],[-1,10],[2,6],[-9,4],[-3,18],[-6,0],[-4,-7],[-5,-4],[1,-7],[-5,-16],[-4,-1],[-5,-8],[0,-3],[-7,-9],[-12,14],[1,4],[11,3],[14,11],[0,7],[-6,4],[-6,8],[-5,1],[1,5],[-7,11],[-11,-5],[-3,0],[-3,-7],[-6,-6],[-22,-2],[-6,-8],[-7,-4],[-2,-7],[-4,-2],[-1,-12],[-4,-8],[-4,-3],[-3,-6],[-9,-13],[-4,2],[4,9],[6,8],[12,19],[3,11],[-2,8],[-2,15],[-7,0],[-6,4],[-2,10],[-5,-2],[-6,-7],[-6,3],[-5,6],[-6,-7],[-2,-20],[-2,-2],[-6,7],[-2,5],[-5,-4],[-12,-24],[-3,-8],[-1,-14],[-5,1],[0,8],[-7,1],[-2,4],[9,6],[4,6],[0,7],[5,5],[0,15],[3,2],[4,12],[-7,0],[-13,-5],[-11,-11],[-2,7],[9,6],[11,13],[7,3],[7,1],[2,7],[5,4],[1,5],[-5,7],[-8,-2],[-6,0],[-6,5],[-8,1],[1,9],[-4,4],[0,10],[-4,3],[-9,1],[-8,-6],[-8,-3],[-8,3],[-7,-2],[-6,1],[-14,-4],[-9,3],[-7,0],[-5,-3],[-2,-14],[4,-9],[-2,-10],[4,-3],[3,-12],[3,-4],[12,2],[10,7],[4,6],[8,0],[4,4],[11,-1],[1,-11],[-12,4],[-1,-5],[1,-11],[-5,-9],[-5,2],[-2,8],[-11,-1],[-6,-4],[-9,-3],[6,-9],[12,-4],[-1,5],[1,7],[4,-1],[-1,-8],[-3,-3],[-5,-4],[-7,2],[-7,8],[-5,-1],[1,-6],[6,-3],[-2,-9],[2,-5],[8,-6],[10,-11],[3,-9],[0,-7],[7,-9],[1,-9],[-4,0],[0,8],[-9,9],[-1,12],[-11,11],[0,-8],[-6,4],[-2,10],[-4,10],[-3,4],[-4,10],[-3,3],[1,6],[-2,4],[-9,2],[-8,10],[1,6],[-10,6],[-3,-5],[0,-7],[-2,-2],[0,-4],[0,-5],[-1,0],[-1,-5],[-4,-18],[4,-9],[5,4],[3,-13],[11,-12],[6,-3],[5,-15],[-9,8],[-8,5],[-3,-5],[-16,7],[1,4],[-6,7],[-1,18],[6,7],[3,7],[-2,5],[6,11],[1,6],[1,5],[-1,3],[2,3],[-13,-7],[1,-5],[-3,-4],[2,-6],[-1,-8],[-3,-6],[-7,-8],[-3,-11],[-6,-3],[0,-22],[4,-1],[3,-9],[9,0],[9,-5],[8,-6],[4,-10],[6,1],[0,-16],[4,-10],[-2,-16],[5,-11],[2,-12],[0,-9],[11,-8],[7,3],[13,-9],[2,-9],[3,-2],[6,5],[5,0],[2,6],[6,8],[-1,8],[-4,6],[3,7],[6,1],[3,-3],[6,-1],[7,3],[5,-3],[8,3],[3,-4],[8,-1],[9,-5],[2,-4],[16,8],[11,-9],[5,-3],[1,-5],[-8,-3],[-1,-5],[4,-7],[10,-2],[6,-4],[11,-4],[10,2],[2,3],[7,1],[11,-4],[12,4],[8,1],[5,10],[4,-5],[-6,-9],[-20,-8],[-8,0],[-8,3],[-8,-2],[-6,-7],[-11,2],[-6,-4],[2,-5],[-3,-4],[-1,-12],[6,-10],[11,-3],[4,-3],[7,1],[6,10],[10,10],[10,7],[5,2],[5,6],[11,1],[-1,-12],[3,-9],[6,-4],[15,-3],[7,-7],[3,-6],[5,0],[4,-10],[-10,0],[-8,10],[0,-13],[-3,-3],[-3,18],[-8,-4],[-1,4],[-6,2],[-9,7],[-10,2],[-1,-3],[-9,-1],[-5,-5],[-8,0],[-1,-10],[-5,-4],[-7,-3],[-6,-5],[-8,6],[-3,-9],[-3,-5],[5,-9],[2,-7],[6,-2],[1,-8],[6,-3],[1,-7],[-10,5],[-6,0],[-4,5],[-6,2],[-3,5],[-3,-1],[0,-11],[-4,-6],[-5,-18],[3,-9],[6,-6],[10,-7],[2,-6],[-17,2],[2,-5],[-3,-9],[9,-8],[-9,-1],[-2,-7],[6,-11],[-5,-7],[-3,-9],[-1,-9],[5,-13],[6,-4],[8,5],[1,5],[8,-1],[2,-9],[-8,2],[-5,-3],[-44,0],[-13,1],[-2,6],[-7,1],[-4,-6],[-2,5],[5,7],[-8,13],[-7,0],[-2,-7],[-4,-9],[-3,0],[-6,8],[-4,4],[-4,-12],[-6,1],[-9,-5],[-2,5],[5,6],[-6,3],[1,6],[5,5],[7,3],[-2,7],[-7,0],[-9,8],[-5,-2],[-4,-8],[-5,-4],[-3,2],[1,9],[-2,5],[-9,4],[-2,3],[-7,-1],[0,-8],[-9,8],[-3,-4],[-7,-1],[-10,7],[-1,-9],[3,-16],[3,-6],[7,-29],[6,-5],[0,-4],[3,-9],[7,-10],[-4,-3],[-2,8],[-5,4],[-3,8],[-7,-2],[3,8],[1,10],[-3,4],[-8,4],[0,6],[5,3],[-3,10],[-3,-2],[-4,6],[5,7],[-2,12],[2,6],[6,-2],[17,19],[0,4],[6,8],[8,17],[7,9],[-2,8],[12,12],[0,16],[6,6],[4,10],[3,0],[2,9],[4,0],[3,2],[4,-1],[6,2],[3,5],[1,7],[-1,9],[0,10],[-4,-2],[-3,9],[0,10],[-5,2],[-7,8],[-10,3],[-5,-2],[-3,7],[-7,5],[-9,3],[3,10],[-1,6],[-7,5],[-5,-12],[-12,-1],[-5,1],[-9,-12],[0,-8],[3,-1],[3,-5],[2,-18],[6,-8],[6,-4],[-2,-6],[4,-6],[7,-1],[3,2],[5,-7],[9,-5],[-3,-3],[-2,-7],[3,-2],[-6,-17],[-8,-8],[-3,10],[7,6],[1,9],[3,8],[-3,7],[-6,4],[-7,-3],[-5,3],[2,5],[-2,7],[-10,15],[-1,9],[0,8],[-2,6],[-7,1],[1,9],[-1,4],[-1,11],[10,1],[4,4],[1,10],[-13,10],[-8,9],[-7,3],[4,10],[-1,7],[-4,6],[-4,16],[0,11],[-5,10],[1,12],[3,5],[1,9],[3,7],[-2,9],[3,1],[-3,10],[0,8],[-9,-3],[-2,-5],[-5,-1],[-10,-7],[-7,-10],[-1,-5],[-7,1],[-9,-6],[-11,6],[8,4],[3,6],[7,2],[2,9],[4,6],[12,2],[17,12],[3,7],[-5,9],[-6,13],[-8,3],[-3,-5],[-8,2],[-4,-4],[1,-18],[-4,0],[0,-10],[-4,-2],[-1,-8],[-6,1],[2,7],[-2,9],[-6,-9],[-2,-14],[-7,-7],[-3,3],[5,7],[0,16],[-7,-5],[-6,1],[-4,11],[16,-3],[5,4],[8,3],[6,9],[-1,5],[10,10],[8,18],[2,13],[-5,6],[-1,7],[-6,8],[-5,12],[-6,-3],[-3,2],[-12,-8],[-5,0],[-6,-9],[-1,-10],[2,-9],[-4,-3],[-1,7],[2,4],[0,14],[-3,4],[1,13],[1,4],[-3,12],[3,12],[-14,17],[-2,8],[1,8],[-9,3],[-2,-6],[-10,12],[4,11],[7,12],[1,6],[7,6],[8,10],[4,7],[1,11],[6,9],[1,11],[3,3],[4,10],[-2,6],[4,7],[7,26],[1,17],[4,12],[-2,6],[4,2],[-1,14],[2,6],[-10,16],[1,7],[-9,4],[-7,1],[-5,3],[-13,4],[-9,5],[-4,6],[-9,5],[-16,-9],[3,-3],[-1,-9],[-6,-1],[-7,-10],[-5,-3],[-14,-1],[-8,5],[-13,3],[-18,8],[-15,-1],[-10,-6],[-8,2],[-20,-4],[-3,3],[-4,11],[-5,2],[-10,0],[-4,-5],[-9,-1],[-4,4],[-8,-1],[5,-6],[0,-12],[-6,-5],[-7,11],[0,13],[-5,-2],[-3,5],[-8,0],[-5,-6],[6,-4],[7,-15],[-1,-17],[-4,-6],[-10,-6],[-4,-10],[-2,-1],[-1,-9],[1,-6],[-5,-18],[0,-23],[-5,-15],[4,-23],[-1,-8],[2,-5],[6,-6],[10,-4],[6,-8],[12,-21],[0,-11],[-2,-13],[1,-11],[4,-1],[1,-19],[-11,18],[-4,-11],[-1,-12],[-2,-4],[-12,-6],[-8,1],[-4,-8],[-7,-5],[1,-18],[4,-6],[-1,-7],[6,-8],[2,-10],[7,-7],[4,1],[4,-8],[9,3],[5,-2],[2,4],[-3,5],[-3,13],[8,1],[5,-7],[3,-9],[7,-5],[2,-14],[3,-12],[5,0],[16,-8],[9,-7],[4,-6],[-13,-9],[-11,-3],[-19,0],[-4,1],[-4,-4],[0,-8],[6,-8],[10,0],[4,-6],[-7,-1],[-5,-12],[-5,-4],[-1,-13],[-5,-13],[6,-4],[2,-5],[7,-5],[6,-2],[5,3],[7,10],[5,2],[6,-1],[6,-11],[10,-14],[7,-6],[4,-1],[4,-11],[-2,-18],[4,-3],[1,-8],[4,-8],[2,-12],[-1,-11],[4,-13],[12,8],[6,-4],[7,1],[13,-3],[11,7],[3,-3],[-5,-8],[-9,-7],[1,-4],[8,-5],[9,4],[7,-5],[2,1],[6,-9],[-8,1],[-7,4],[-8,-5],[2,-19],[-3,-1],[-7,2],[-6,4],[-4,14],[-6,0],[-3,8],[-3,0],[-4,11],[-8,3],[-6,-7],[-10,8],[-4,11],[0,13],[-7,10],[-2,14],[2,24],[-3,11],[-6,-2],[-4,5],[-6,-2],[3,-5],[-11,-13],[2,11],[-2,4],[-6,2],[-8,9],[-15,-6],[-11,1],[-1,4],[-6,3],[-1,8],[-13,12],[4,11],[-3,4],[-3,17],[-4,17],[-9,11],[-6,-3],[-6,5],[-3,11],[-7,7],[1,14],[5,18],[-15,6],[0,-7],[-5,-7],[5,-7],[1,-7],[-3,-7],[-4,-13],[-4,2],[5,9],[0,11],[-3,10],[5,13],[-1,20],[-5,0],[-8,4],[-4,0],[-1,8],[2,9],[-7,5],[0,12],[-12,21],[-3,0],[-6,5],[1,14],[-4,5],[-1,10],[6,11],[-1,5],[-8,9],[-4,-3],[-5,5],[0,7],[3,6],[-4,5],[-2,9],[1,12],[4,4],[1,12],[4,1],[6,12],[-2,2],[0,10],[2,15],[-2,3],[3,10],[-2,6],[1,9],[-3,8],[2,4],[-4,9],[1,5],[-3,7],[-4,6],[-7,0],[-1,4],[-9,8],[0,8],[-5,5],[-3,9],[-5,5],[-4,1],[-6,-4],[1,-4],[-10,-6],[-7,4],[-7,-2],[1,-4],[-13,-9],[-4,1],[-2,-7],[-6,-11],[-2,-8],[2,-6],[6,2],[8,0],[7,-7],[7,2],[3,-14],[15,-6],[3,-8],[1,-27],[-6,-17],[0,-8],[4,-12],[-3,-11],[1,-9],[5,-3],[0,-9],[-6,1],[-1,-13],[3,-6],[-2,-6],[-4,-4],[-4,-10],[1,-7],[4,-3],[-6,-8],[-5,-4],[1,-7],[7,-12],[1,-11],[0,-11],[-3,-7],[-1,-16],[-9,-13],[0,-7],[6,-7],[2,-6],[5,-3],[-5,-13],[-5,-4],[1,-8],[6,-2],[3,-5],[8,-2],[1,-8],[-2,-3],[6,-7],[-3,-3],[3,-13],[10,-6],[0,5],[4,3],[2,7],[7,2],[5,-7],[8,-16],[2,-1],[12,-13],[0,-6],[8,-8],[3,-29],[-4,-3],[-1,-19],[-2,-5],[3,-9],[-8,-1],[0,-8],[-5,-6],[0,-7],[-4,-10],[-5,-3],[-2,3],[7,15],[1,12],[5,5],[4,1],[4,15],[-2,11],[3,6],[0,6],[3,6],[-2,19],[-8,8],[-2,9],[-6,4],[-7,9],[-4,10],[-5,8],[-6,-1],[-3,-7],[-3,0],[-2,-9],[-7,3],[-5,5],[-6,16],[-5,1],[-4,-10],[-2,2],[5,9],[4,1],[3,9],[-1,6],[-7,1],[-7,9],[-3,5],[1,6],[9,14],[-6,5],[-1,3],[-7,4],[-1,5],[3,10],[6,10],[-1,4],[1,17],[4,5],[-1,9],[-5,3],[-3,16],[-3,4],[0,6],[4,14],[-1,6],[6,19],[-2,12],[1,8],[4,4],[-3,8],[-1,13],[-2,6],[2,12],[-1,6],[4,15],[4,20],[-5,11],[-5,-1],[-8,15],[0,5],[-10,0],[-12,3],[-5,-3],[-8,0],[-11,-5],[-3,5],[-5,-1],[-6,3],[-13,-8],[-4,-4],[-1,-9],[4,-18],[-1,-13],[4,-21],[7,-14],[-3,-1],[-8,18],[-3,20],[1,8],[-4,8],[-2,13],[-4,14],[-8,1],[-8,7],[-3,7],[-5,-3],[-5,1],[-4,-5],[-6,-1],[0,-8],[-3,-7],[-6,-7],[6,-14],[-2,-3],[1,-8],[-1,-6],[7,-5],[2,-19],[-2,-3],[3,-14],[-3,-21],[1,-7],[-5,-15],[-3,-4],[-6,-16],[-4,0],[8,14],[7,16],[1,5],[-1,12],[3,4],[1,9],[-2,8],[-2,31],[-7,5],[2,7],[-1,7],[2,3],[-7,14],[8,9],[1,15],[-3,28],[-11,8],[1,7],[-2,10],[-6,-4],[2,15],[-3,8],[-1,11],[-9,-2],[-3,4],[0,6],[2,6],[-11,12],[-5,8],[3,7],[-5,12],[-11,4],[0,7],[-9,3],[-5,5],[4,4],[2,9],[3,2],[1,7],[-3,5],[-1,7],[-3,2],[0,7],[-5,0],[1,8],[10,12],[1,5],[4,4],[-4,7],[-6,4],[0,9],[2,1],[6,9],[-8,6],[3,9],[-1,14],[2,8],[-5,2],[-2,5],[4,5],[5,0],[0,11],[-4,-1],[-2,6],[10,10],[7,12],[2,8],[-2,7],[4,9],[6,2],[-3,5],[9,10],[-4,8],[3,6],[-1,8],[3,1],[0,18],[20,-1],[-6,-7],[-1,-16],[-7,-10],[13,-1],[1,-7],[8,1],[3,-6],[-1,-4],[5,-9],[-2,-9],[-5,0],[-6,-5],[-5,-1],[-4,-9],[4,-3],[0,-8],[3,-5],[-2,-10],[-6,-2],[-8,5],[-4,-2],[-4,3],[-9,-2],[0,-12],[-4,-6],[4,-4],[0,-7],[-3,-4],[-2,-7],[-6,-3],[5,-6],[0,-10],[4,-5],[-4,-4],[5,-14],[4,-4],[-5,-18],[-1,-8],[-5,-4],[-3,-9],[1,-7],[7,-4],[-3,-4],[6,-8],[-4,-11],[1,-5],[11,-10],[3,1],[5,-15],[2,7],[5,0],[4,-5],[-1,-9],[2,-5],[6,3],[4,-4],[-2,-11],[-4,-1],[0,-6],[-3,-6],[4,-6],[16,-21],[5,-4],[-12,-13],[2,-4],[5,7],[4,-3],[-1,-6],[5,-1],[1,-7],[-2,-4],[0,-8],[2,-1],[6,6],[6,-4],[0,-5],[19,-4],[0,5],[11,-5],[10,-2],[5,8],[4,-1],[7,7],[7,-3],[4,3],[11,-3],[1,6],[8,2],[3,8],[10,10],[-2,4],[9,1],[9,9],[-5,2],[1,5],[7,-2],[5,3],[1,11],[4,5],[4,-2],[7,3],[2,4],[6,-1],[3,-4],[6,11],[8,5],[3,-2],[12,3],[2,2],[15,7],[7,0],[1,6],[6,8],[7,1],[11,12],[2,9],[4,8],[10,11],[-6,1],[7,8],[10,-6],[2,5],[14,16],[0,13],[6,28],[6,4],[12,-5],[4,-6],[3,-16],[3,-5],[0,-7],[8,-5],[-1,-6],[5,-5],[2,-7],[5,-1],[1,-9],[8,-15],[5,-4],[4,-10],[6,0],[-2,7],[2,4],[8,7],[0,5],[5,15],[4,1],[-3,8],[-8,7],[-1,6],[4,9],[-6,6],[6,8],[0,10],[3,3],[6,8],[3,10],[5,-5],[12,3],[4,10],[0,12],[3,4],[13,4],[8,11],[8,5],[5,0],[2,6],[9,11],[-2,-14],[3,-10],[-3,-10],[1,-8],[3,-8],[8,-3],[5,-11],[0,-10],[4,-8],[-1,-6],[-3,-6],[5,-8],[7,0],[4,-11],[6,-8],[4,-7],[-4,-10],[3,-3],[-2,-6],[10,-2],[0,-5],[6,-8],[11,0],[0,-11],[10,-12],[5,-1],[1,-5],[10,-10],[5,-1],[4,-4],[6,-2],[14,-10],[2,-10],[6,-12],[1,-5],[10,-16],[-2,-4],[-7,-4],[4,-4],[0,-7],[4,-3],[4,4],[6,-9],[1,-6],[-3,-11],[2,-14],[3,-1],[1,-8],[9,-4],[5,-5],[1,-13],[5,-1],[2,-9],[8,-2],[5,-22],[6,-11],[-1,-16],[4,-2],[6,-11],[7,-2],[9,4],[3,-9],[1,-7],[6,-3],[3,-5],[0,-6],[6,-3],[0,-12],[5,-5],[10,1],[29,1],[11,-2],[0,6],[23,0],[6,-3],[2,-5],[6,-9],[6,-5],[10,-3],[3,-6],[-1,-9],[5,-2],[7,2],[3,-2],[4,4],[-7,6],[-6,-2],[-1,12],[-4,1],[-1,5],[-6,11],[-1,6],[8,0],[0,-6],[6,-2],[4,-9],[6,1],[5,-7],[12,-3],[6,-4],[4,-9],[6,-2],[4,-9],[10,-7],[6,-1],[7,-13],[-3,-6],[9,-3],[5,6],[4,0],[2,-5],[11,-4],[14,-7],[12,-4],[3,-3],[8,1],[3,-7],[4,0],[3,-5],[5,-4],[12,-3],[1,4],[12,-2],[11,10],[2,-5],[7,-4],[5,2],[2,-10],[6,1],[6,-6],[6,-1],[3,-9],[11,-5],[4,10],[5,-8],[3,1],[7,-3],[1,-7],[-8,1],[2,-8],[4,-1],[2,-6],[8,-10],[11,-7],[9,-1],[1,-6],[7,1],[4,12],[0,13],[-3,6],[5,5],[6,-2],[4,3],[4,12],[11,1],[6,-2],[6,-6],[6,2],[1,-6],[14,-13],[4,6],[6,3],[3,8],[4,-7],[0,-7],[-8,-3],[-1,-6],[11,5],[5,-5],[7,2],[0,7],[4,5],[5,1],[4,7],[-3,10],[4,5],[-3,9],[-3,2],[0,7],[10,-12],[8,8],[-1,11],[10,-6],[4,1],[2,7],[-1,6],[-9,5],[-4,8],[15,-7],[1,6],[4,8],[-3,7],[0,6],[8,-16],[8,3],[4,-9],[2,-10],[-2,-14],[9,0],[9,7],[4,7],[2,9],[-5,5],[3,10],[5,-9],[3,5],[0,10],[-4,11],[-6,10],[-11,9],[4,4],[2,7],[4,-4],[1,-10],[6,-1],[2,16],[-1,9],[2,9],[4,6]],[[2053,4354],[5,-3],[3,-4],[5,7],[-2,7],[-6,5],[-4,15],[-8,-3],[4,-9],[6,-2],[3,-11],[-6,-2]],[[2108,4290],[1,-4],[-9,-2],[1,-4],[5,0],[6,11],[-4,-1]],[[2126,4285],[0,-9],[3,-4],[11,-4],[7,1],[-2,6],[1,9],[-6,2],[-14,-1]],[[1330,4828],[9,10],[-3,1],[-5,-5],[-1,-6]],[[1421,4491],[4,3],[-1,7],[-6,-9],[3,-1]],[[1427,4488],[3,-5],[8,6],[-4,5],[-7,-6]],[[2085,4246],[4,7],[-3,7],[-7,2],[0,-11],[6,-5]],[[2074,4251],[-5,1],[-1,-6],[-8,-11],[-3,-14],[10,5],[7,16],[0,9]],[[1915,4387],[1,-10],[5,-6],[0,-12],[1,-7],[7,-8],[15,-8],[2,-9],[6,-2],[2,-10],[10,-4],[0,-9],[6,-10],[6,-3],[5,7],[-9,10],[3,18],[-7,6],[-1,7],[3,9],[-4,2],[1,9],[7,9],[0,11],[-4,3],[-4,9],[-12,0],[-16,-2],[-4,-5],[-11,-4],[-3,9],[-5,0]],[[1846,4677],[-5,1],[1,-16],[10,-2],[2,-6],[16,-6],[-2,9],[-7,4],[-6,-1],[-1,6],[3,7],[-2,5],[-4,3],[-5,-4]],[[1448,4496],[7,-4],[7,2],[11,5],[-1,8],[-3,3],[-5,-2],[-5,-6],[-9,-2],[-2,-4]],[[1581,4038],[-1,-12],[8,9],[-2,8],[-5,-5]],[[1446,4505],[8,1],[2,4],[-7,2],[-3,-7]],[[1528,4560],[-8,-3],[-3,-5],[4,-4],[8,5],[-1,7]],[[1699,4371],[0,8],[-4,4],[-2,5],[-9,16],[-5,5],[-7,3],[-5,5],[-3,6],[-7,-10],[-8,-7],[-4,-7],[0,-10],[-2,-5],[3,-8],[1,-11],[8,-10],[2,-6],[4,2],[3,-5],[1,-13],[3,-7],[10,9],[8,0],[4,10],[5,4],[3,9],[1,13]],[[1701,4131],[-1,6],[6,7],[4,11],[-6,8],[-4,-11],[0,-7],[-4,-8],[5,-6]],[[1592,4335],[7,-13],[6,-1],[0,-10],[-2,-6],[2,-10],[5,1],[2,16],[3,9],[-1,9],[2,10],[-8,9],[1,6],[-3,4],[5,4],[3,-6],[2,-11],[6,5],[6,2],[1,7],[6,1],[-1,6],[3,8],[0,9],[-5,3],[-11,5],[-5,15],[2,13],[4,11],[-1,11],[1,9],[-5,10],[0,12],[-6,6],[-8,3],[-1,11],[2,7],[-4,5],[-13,4],[-2,-8],[1,-21],[0,-6],[3,-19],[-2,-5],[2,-5],[-4,-3],[1,-12],[3,-22],[-4,-7],[0,-7],[1,-6],[6,0],[2,-5],[-4,-8],[2,-7],[0,-10],[1,-2],[1,-16],[-2,-5]],[[1623,4430],[-5,-22],[4,-13],[8,-5],[5,0],[6,-3],[1,8],[3,10],[11,9],[6,9],[2,7],[-2,9],[2,8],[-3,8],[5,10],[2,15],[-2,15],[2,17],[-1,9],[5,8],[-2,12],[-7,7],[-1,17],[2,4],[-3,10],[-14,12],[-8,1],[-8,5],[-1,8],[-2,8],[-10,-5],[-3,3],[-12,-7],[-7,-1],[-13,-13],[-6,2],[-8,-2],[-4,-3],[1,-6],[-1,-11],[-4,-2],[-2,-14],[-4,9],[-6,-2],[8,-15],[1,-10],[7,-5],[3,-5],[7,-2],[6,-13],[9,0],[9,-4],[6,-5],[-1,-17],[15,-10],[0,-12],[5,-9],[-2,-10],[1,-14]],[[1652,4313],[9,16],[0,15],[-7,4],[-4,5],[-9,5],[-11,-5],[-4,-7],[-4,-4],[0,-8],[5,-8],[11,-1],[2,-3],[7,1],[5,-10]],[[1641,4378],[-1,-11],[4,-2],[-1,11],[-2,2]],[[1656,4176],[3,3],[-4,5],[-5,-1],[3,-8],[3,1]],[[1678,4331],[-1,-12],[10,2],[-1,11],[-8,-1]],[[1725,4195],[6,10],[-7,6],[-5,1],[-2,-12],[4,-6],[4,1]],[[1644,4313],[-5,-1],[-5,8],[-9,-2],[-7,3],[1,-7],[-5,-10],[-1,-12],[1,-8],[5,-11],[2,-13],[-4,-4],[-1,-8],[7,-6],[8,-1],[4,-6],[2,-10],[9,0],[3,9],[0,9],[2,3],[1,12],[-6,5],[3,8],[-2,12],[0,13],[5,13],[-8,4]],[[1662,4248],[-3,-1],[-1,-9],[2,-5],[-2,-11],[2,-6],[9,-3],[3,-12],[-1,-8],[4,-2],[1,-6],[9,-12],[2,4],[6,-3],[1,-9],[-5,-9],[4,-2],[6,11],[-1,10],[3,5],[0,6],[11,13],[0,17],[6,8],[-1,10],[-6,5],[-8,-3],[-2,-11],[-6,-2],[1,8],[-4,4],[-8,-3],[-5,6],[-3,1],[-10,10],[-4,-1]],[[1590,4306],[4,-7],[3,3],[-5,10],[-2,-6]],[[1583,4368],[-2,-8],[4,-3],[4,10],[-6,1]],[[1572,4394],[-1,-11],[4,-9],[2,-7],[5,3],[0,8],[2,7],[-7,8],[-5,1]],[[1642,4607],[3,-7],[6,0],[4,-3],[3,5],[-5,6],[-11,-1]],[[1559,4582],[-4,-8],[4,-5],[0,13]],[[1771,4590],[5,-2],[9,6],[2,4],[2,18],[-12,-4],[-4,-8],[-4,6],[-6,-3],[5,-9],[-3,-3],[3,-5],[3,0]],[[1680,4553],[3,0],[1,7],[-5,0],[1,-7]],[[1731,4079],[4,-1],[3,-6],[3,0],[5,-5],[7,10],[-4,5],[-10,-1],[-4,3],[-4,-5]],[[1839,4684],[-4,8],[-4,-6],[8,-2]],[[2035,4378],[0,-6],[10,0],[-3,8],[-7,-2]],[[1865,4667],[-7,4],[-2,-6],[3,-3],[6,5]],[[1848,4689],[-2,5],[-9,-3],[7,-7],[12,-1],[-4,5],[-4,1]],[[1843,4725],[2,-6],[4,1],[1,7],[-5,8],[-4,-4],[2,-6]],[[1810,4685],[-2,1],[-14,-1],[-16,0],[-8,5],[-4,-1],[0,-7],[6,-4],[3,3],[8,-1],[7,4],[11,0],[6,-2],[3,3]],[[1843,4724],[-4,8],[-1,6],[-4,7],[-13,5],[2,-12],[-2,-5],[6,-6],[13,-10],[3,7]],[[1830,4717],[7,-7],[-1,9],[-6,-2]],[[1767,4634],[12,9],[5,6],[8,-1],[4,3],[8,1],[5,-6],[9,6],[2,6],[-6,2],[-8,-7],[-2,8],[-3,3],[-7,-2],[-4,-5],[-17,10],[-4,-8],[-2,-15],[-4,-4],[4,-6]],[[1951,4443],[-5,2],[-7,-8],[8,0],[4,6]],[[1960,4469],[-5,5],[-7,-7],[0,-15],[6,0],[0,8],[6,9]],[[1940,4397],[8,3],[8,-1],[-6,10],[-9,4],[4,4],[-1,8],[-9,-8],[2,-6],[-2,-4],[5,-10]],[[1833,4700],[4,3],[-5,7],[-6,14],[-12,6],[-8,-1],[-12,4],[-4,-2],[-2,-7],[6,-3],[-3,-20],[13,3],[8,-5],[9,2],[4,-4],[4,3],[4,0]],[[1999,4403],[4,-1],[-1,-7],[6,-13],[6,-2],[6,-5],[2,4],[-5,2],[0,8],[-5,4],[-1,7],[-10,12],[-2,-9]],[[1982,4404],[-6,2],[-4,-6],[6,-9],[3,0],[4,-6],[15,1],[0,12],[-4,3],[-1,20],[-9,9],[-14,6],[-2,-16],[0,-11],[9,1],[3,-6]],[[2031,4369],[-7,2],[-3,-2],[5,-13],[4,0],[3,-9],[1,-13],[-6,-8],[5,-4],[4,0],[4,5],[4,14],[-7,10],[3,4],[-1,8],[-5,1],[-4,5]],[[2011,4371],[0,4],[-6,4],[-4,6],[-8,0],[-4,-6],[5,-7],[14,-5],[3,4]],[[2052,4304],[7,4],[0,5],[-9,3],[-3,5],[-11,-6],[-3,-6],[2,-16],[7,8],[10,3]],[[1700,4611],[-8,-4],[-11,3],[-5,-1],[-6,-5],[2,-6],[7,-2],[4,3],[9,-5],[5,7],[4,1],[-1,9]],[[1759,4602],[-8,-2],[3,-4],[8,0],[-3,6]],[[1688,4621],[-4,6],[-4,-2],[1,-7],[5,-1],[4,-4],[3,5],[-5,3]],[[1696,4630],[1,-4],[5,-2],[3,-6],[9,5],[-14,3],[-4,4]],[[1664,4622],[1,-13],[12,6],[-4,7],[-9,0]],[[1685,4652],[-6,-1],[-5,3],[-3,-4],[-6,-2],[2,-6],[-2,-6],[5,-5],[9,3],[3,6],[18,0],[-1,4],[-10,4],[-4,4]],[[1730,4631],[-7,-4],[-1,-5],[-5,-2],[-6,-6],[7,-2],[4,-8],[7,-2],[6,3],[4,5],[0,9],[-9,12]],[[1827,3956],[1,7],[-2,13],[-6,-2],[7,-18]],[[1811,3987],[-3,-10],[8,-2],[-1,11],[-4,1]],[[1761,4656],[1,-7],[5,4],[-1,4],[-5,-1]],[[1788,4664],[14,6],[-1,3],[-7,0],[-6,-9]],[[1782,4703],[1,-12],[11,0],[2,6],[-6,2],[-5,6],[-3,-2]],[[1927,4596],[-7,-1],[1,-5],[7,0],[-1,6]],[[1879,4619],[-9,-1],[3,-10],[5,3],[1,8]],[[1820,4597],[23,11],[2,4],[-4,7],[-6,4],[-11,1],[-5,-3],[-16,-6],[-3,-4],[3,-7],[9,-5],[5,2],[3,-4]],[[1871,4659],[-7,6],[-1,-4],[8,-2]],[[1861,4642],[-1,5],[-7,1],[-1,-4],[9,-2]],[[2012,4195],[-3,-7],[-7,-4],[-2,-5],[-12,-4],[-4,-7],[-2,-2],[-3,0],[-3,-4],[6,-3],[7,5],[-1,5],[15,4],[10,11],[-1,11]],[[1976,4170],[6,-3],[3,6],[-3,1],[-6,-4]],[[1955,4197],[-2,-9],[3,-2],[3,11],[-4,0]],[[1998,4275],[1,-10],[4,2],[0,6],[-5,2]],[[1957,4293],[7,3],[-4,8],[-4,-2],[1,-9]],[[2016,4230],[-5,-9],[8,2],[-3,7]],[[1989,4241],[-7,-16],[9,5],[3,5],[-5,6]],[[2117,3931],[-4,1],[-5,-2],[-2,-17],[1,-6],[6,2],[1,0],[2,-1],[1,5],[5,-2],[6,4],[-2,4],[0,4],[9,14],[-3,7],[2,2],[-1,8],[2,6],[-6,2],[-1,-7],[0,-7],[-2,-8],[-4,-7],[-5,-2]],[[2118,3911],[-2,-3],[-3,1],[-3,-4],[-4,0],[-5,-6],[-4,2],[-7,-12],[-11,-10],[1,-7],[0,-3],[-7,-9],[-2,-4],[12,-3],[3,-5],[6,10],[11,11],[13,20],[8,11],[7,6],[0,3],[-3,0],[0,-3],[-3,2],[-3,-2],[-4,5]],[[2113,3882],[5,2],[5,8],[1,8],[-11,-18]],[[2126,3874],[9,4],[7,9],[-4,9],[-8,-7],[-1,-7],[-5,-5],[2,-3]],[[2113,3846],[-11,-14],[-8,-3],[1,-6],[6,0],[5,6],[5,1],[4,7],[13,0],[3,7],[15,0],[0,14],[-7,-1],[-6,-4],[-5,3],[-2,-5],[-13,-5]],[[2135,3862],[6,0],[-2,7],[-4,-7]],[[2138,3832],[-4,0],[-4,-4],[-7,-3],[-5,-7],[-20,1],[-1,-7],[4,-7],[6,-5],[10,12],[4,0],[6,4],[4,7],[7,-1],[2,2],[-2,8]],[[2140,3809],[-2,-6],[-7,-6],[-3,-6],[1,-4],[6,-7],[2,6],[4,2],[-1,14],[0,7]],[[2060,3826],[-5,-1],[-5,-12],[14,2],[7,-1],[5,1],[4,-6],[7,-1],[7,8],[-12,6],[7,4],[2,7],[-4,6],[-5,-6],[-1,11],[-7,-2],[-1,-3],[-6,-6],[-5,-1],[-2,-6]],[[2112,3784],[2,-17],[4,3],[5,10],[-4,9],[-7,-5]],[[2099,3913],[-2,-8],[5,0],[-3,8]],[[2053,4035],[2,-5],[6,-3],[8,7],[-5,5],[-6,4],[-16,4],[-1,-4],[8,-8],[4,0]],[[2037,4062],[4,1],[0,11],[-8,9],[-2,-8],[4,-3],[-2,-5],[4,-5]],[[2053,4082],[4,-3],[2,-10],[5,0],[-2,10],[-6,2],[3,6],[-4,2],[-2,-7]],[[2066,4244],[-11,-4],[3,-6],[8,10]],[[2083,4226],[-1,-6],[3,-2],[8,3],[3,9],[-11,1],[-2,-5]],[[2024,4179],[5,-1],[0,8],[3,4],[-3,4],[-7,-9],[2,-6]],[[2042,4251],[1,5],[-1,21],[-10,-1],[-6,-2],[-7,-8],[9,-8],[-3,-8],[5,-5],[0,-12],[7,9],[-3,5],[8,4]],[[2048,4278],[9,3],[-1,5],[4,5],[3,14],[-12,-12],[-3,-15]],[[2037,4214],[-5,0],[-5,-4],[0,-7],[6,0],[7,8],[-3,3]],[[2069,4287],[-5,-4],[-6,-8],[4,-5],[5,9],[5,1],[-3,7]],[[2083,4283],[4,-4],[6,3],[5,9],[1,6],[-5,2],[-6,-2],[-1,-7],[-4,-7]],[[2087,4309],[-4,6],[-3,-6],[3,-5],[4,5]],[[2192,3773],[2,5],[-1,4],[4,15],[-5,8],[-6,-1],[-2,-6],[-2,-15],[3,-10],[7,0]],[[2148,3797],[9,9],[2,8],[12,0],[13,-2],[4,-5],[6,1],[1,7],[-4,7],[-1,8],[-1,22],[-4,10],[-8,1],[-7,10],[-5,-7],[-9,-7],[-1,-8],[-3,-3],[2,-7],[3,-2],[1,-9],[-2,-3],[-8,3],[-2,-9],[4,-8],[-6,-3],[-1,-4],[5,-9]],[[2185,3875],[7,-4],[10,-2],[5,2],[6,11],[0,7],[4,6],[-1,12],[3,8],[-3,5],[5,7],[-15,8],[0,7],[4,8],[0,8],[-11,7],[3,4],[0,5],[-7,2],[-4,-3],[-6,0],[2,12],[-5,6],[-4,12],[-7,0],[-2,-14],[3,-2],[-3,-11],[-6,-1],[-2,-9],[-8,1],[0,-6],[10,-4],[3,-5],[6,-2],[5,-8],[9,-8],[2,-13],[-3,-4],[-4,6],[2,5],[-8,3],[-3,-7],[3,-14],[-2,-8],[7,-8],[-8,-7],[-6,1],[-2,-9],[8,0],[7,-7],[6,3]],[[2193,3851],[-3,-12],[6,-5],[3,8],[-1,11],[-5,-2]],[[2137,3897],[7,0],[2,7],[-5,-1],[-4,-6]],[[2142,3887],[11,1],[1,8],[-3,1],[-9,-10]],[[2144,3906],[5,5],[7,13],[-6,5],[-4,1],[-7,-18],[-4,0],[-3,-9],[13,0],[-1,3]],[[2132,3913],[-4,3],[-1,-3],[0,1],[-5,-6],[2,0],[1,1],[1,-2],[2,0],[1,3],[2,0],[1,3]],[[2288,3974],[-4,-6],[12,-8],[3,5],[-5,4],[-1,7],[-5,-2]],[[2144,3926],[2,5],[5,-1],[0,8],[-7,8],[-4,-5],[0,-7],[-4,-1],[-3,-16],[2,-5],[4,0],[5,14]],[[2138,3946],[-5,-1],[2,-5],[5,1],[-2,5]],[[1960,4429],[-1,-5],[-5,-2],[-3,-7],[3,-9],[5,-3],[5,2],[4,6],[-1,5],[2,6],[-1,6],[-8,1]],[[2022,4283],[7,7],[-3,6],[-1,11],[-5,-10],[3,-7],[-1,-7]],[[2022,4310],[-5,-1],[-2,8],[7,3],[-4,12],[-4,-1],[-1,-7],[-12,-11],[-5,-15],[0,-5],[9,-14],[6,-3],[5,13],[1,13],[5,3],[0,5]],[[2003,4278],[-1,5],[-7,2],[2,-7],[6,0]],[[2009,4342],[-2,-7],[-5,-4],[0,-9],[9,16],[-2,4]],[[1996,4315],[0,8],[3,7],[0,7],[-7,1],[-2,-14],[6,-9]],[[2256,4241],[5,-6],[3,8],[-4,1],[-3,-3],[-1,0]],[[2239,4255],[4,2],[11,-7],[2,-4],[-2,-2],[3,-2],[3,3],[7,-2],[-1,4],[-3,2],[-3,4],[-4,1],[-6,6],[-17,5],[-4,5],[-6,-2],[-7,3],[2,7],[0,6],[-7,6],[1,6],[-8,-2],[-8,4],[-5,-1],[-2,-8],[1,-8],[5,0],[6,-8],[3,-1],[0,-8],[3,-6],[7,-2],[7,-7],[7,2],[7,-2],[4,6]],[[2254,4268],[-4,11],[-5,1],[-4,-7],[5,-1],[3,-7],[5,3]],[[2240,4276],[-2,11],[-3,2],[0,9],[-6,-2],[-5,7],[-5,-12],[9,-8],[1,-9],[11,2]],[[2146,4331],[9,-7],[1,10],[-7,3],[-14,-4],[11,-2]],[[2456,3884],[1,13],[-3,9],[2,12],[-1,11],[-4,-5],[2,-12],[-1,-4],[3,-14],[-4,-5],[-1,-7],[6,2]],[[2670,4264],[-4,-7],[-2,-14],[5,-2],[4,7],[0,7],[-3,9]],[[2703,4238],[-8,-3],[-3,1],[-9,-4],[-6,-6],[-6,3],[-4,-3],[-6,3],[-2,-3],[-6,3],[-1,-7],[4,-5],[6,3],[4,-5],[7,-5],[4,4],[12,-1],[5,4],[8,0],[5,7],[23,9],[4,4],[-3,4],[-6,-2],[-10,4],[-12,-5]],[[2711,4216],[-3,-3],[-13,1],[-4,-3],[4,-5],[9,0],[9,-1],[4,7],[-6,4]],[[2751,4209],[5,-5],[11,10],[5,3],[-2,5],[-5,-1],[-3,-6],[-6,-2],[-5,-4]],[[2746,4191],[3,0],[4,8],[-11,0],[-6,-1],[1,-6],[9,-1]],[[2736,4189],[-4,-2],[-8,4],[-3,-3],[7,-7],[11,-2],[1,5],[-4,5]],[[2694,4202],[4,-4],[4,-10],[7,3],[-4,7],[-11,4]],[[2732,3963],[2,-5],[6,-1],[7,7],[-7,2],[-8,-3]],[[2415,4124],[3,8],[-5,0],[2,-8]],[[2435,4134],[7,-2],[9,3],[2,-3],[10,2],[5,-4],[2,7],[-12,7],[-6,1],[-4,-2],[-19,9],[-7,1],[-2,-7],[13,-1],[7,-8],[-5,-3]],[[2306,4190],[16,-3],[2,4],[-17,0],[-1,-1]],[[2426,4193],[-6,0],[-10,21],[-10,2],[-2,-6],[9,-8],[1,-7],[5,-6],[13,4]],[[2354,4223],[2,-3],[6,2],[-2,4],[-6,-3]],[[2408,4189],[-3,6],[-6,4],[-1,-5],[10,-5]],[[2350,4191],[4,-6],[11,-2],[6,5],[-2,6],[-10,-1],[-5,2],[-7,8],[-5,4],[-9,-2],[-8,11],[-10,3],[-9,-2],[-11,5],[-3,-5],[-6,3],[-7,-5],[-1,-5],[7,-3],[6,-6],[8,0],[6,7],[6,-4],[12,4],[8,-6],[9,2],[8,-7],[2,-6]],[[2283,4237],[3,2],[-1,12],[-7,7],[-6,2],[-10,-3],[1,-7],[2,0],[2,-4],[4,-1],[7,-10],[5,2]],[[2664,4035],[8,-11],[4,1],[-6,8],[-6,2]],[[2521,4180],[12,1],[3,-3],[4,2],[-6,10],[-6,5],[-7,-8],[0,-7]],[[2474,4116],[7,-8],[5,2],[-5,11],[-5,2],[-2,-7]],[[2471,4156],[-3,4],[-10,3],[-8,7],[-2,-4],[4,-5],[10,-4],[9,-1]],[[2653,4192],[-7,13],[-6,0],[4,-8],[4,0],[5,-5]],[[2635,4205],[-2,-4],[2,-6],[6,3],[-6,7]],[[2628,4256],[-5,6],[-2,-9],[3,-5],[5,3],[-1,5]],[[2674,4255],[4,8],[-6,1],[2,-9]],[[2731,4155],[4,-4],[6,3],[-2,8],[-10,9],[-5,-1],[1,-7],[6,-8]],[[2761,4156],[-9,14],[-6,4],[-3,-7],[4,-7],[4,3],[8,-9],[2,2]],[[2754,4239],[5,7],[-7,4],[-11,-9],[10,-4],[3,2]],[[1877,4529],[-2,4],[0,11],[7,2],[3,-4],[-2,-12],[-6,-1]],[[1884,4570],[-3,-3],[-2,-9],[-4,-7],[-4,0],[3,15],[7,5],[2,10],[8,14],[0,-10],[-2,-7],[-4,-3],[-1,-5]],[[1755,4715],[-4,-4],[-4,2],[8,8],[0,-6]],[[1794,4773],[-8,-4],[0,8],[8,-4]],[[1453,4736],[-5,4],[1,6],[6,-3],[-2,-7]],[[1816,4795],[0,8],[11,2],[-2,-4],[-9,-6]],[[1676,4884],[4,9],[9,6],[2,-7],[-3,-5],[-8,-5],[-4,2]],[[1839,4815],[-2,12],[3,14],[5,-1],[0,9],[8,7],[-1,2],[-7,1],[-3,3],[9,11],[-4,9],[11,5],[-2,6],[-7,7],[1,13],[2,13],[4,7],[2,25],[5,8],[-2,5],[0,12],[3,3],[-1,6],[4,6],[-5,11],[5,12],[-4,12],[5,10],[1,6],[4,3],[-4,8],[2,5],[-2,9],[7,15],[-5,-1],[-5,10],[4,11],[0,8],[5,4],[-5,9],[3,2],[4,-13],[-4,-4],[-1,-6],[3,-7],[-3,-9],[6,-4],[-4,-4],[0,-8],[4,-19],[-5,-3],[1,-4],[-4,-2],[-1,-9],[1,-7],[-3,-18],[-3,-4],[3,-11],[5,-2],[-3,-22],[-7,-16],[1,-6],[-5,-11],[-1,-11],[-2,-6],[-4,-18],[8,-10],[0,-12],[-3,-5],[2,-8],[-1,-15],[-11,-10],[0,-8],[-8,-8],[2,-8],[-1,-9]],[[1852,4873],[-4,-9],[0,-4],[8,1],[2,13],[-6,-1]],[[1853,5531],[0,3],[5,14],[1,8],[-1,14],[6,-3],[8,-11],[13,-27],[-12,-2],[-6,2],[-1,3],[5,14],[-4,-1],[-7,-14],[2,-9],[7,-4],[4,-14],[-6,-1],[-15,0],[-1,9],[2,6],[-1,11],[1,2]],[[1663,9382],[0,4],[14,1],[6,3],[17,21],[3,-1],[3,-16],[7,1],[10,12],[2,2],[6,-9],[11,-9],[-4,-4],[-5,3],[-7,-2],[-4,-8],[-5,-11],[0,-10],[5,-10],[7,0],[7,6],[9,-11],[8,-1],[8,0],[6,-3],[1,-6],[3,-5],[8,-4],[7,-1],[19,4],[8,9],[6,3],[4,4],[6,4],[5,0],[6,-9],[7,2],[9,-6],[9,-2],[5,-6],[2,-9],[-2,-4],[-11,3],[-3,-3],[-2,-11],[3,-10],[6,-10],[-2,-6],[-8,0],[-6,7],[-9,3],[-11,-6],[4,-8],[7,5],[6,0],[2,-6],[-2,-4],[-11,-4],[2,-8],[1,-17],[4,-10],[-8,4],[-7,-2],[-2,-6],[-11,-10],[-1,-9],[6,-3],[-5,-8],[1,-9],[8,-2],[0,-7],[-9,-11],[-1,-5],[7,-4],[8,4],[2,-2],[-1,-9],[-5,-8],[10,-9],[-6,-3],[-3,-10],[5,-6],[0,-7],[-3,-11],[-2,-10],[-3,-5],[-6,-4],[-1,-7],[2,-7],[5,-1],[7,5],[10,-5],[4,1],[5,9],[2,-1],[6,-21],[-8,3],[-5,-1],[-3,-7],[-7,-4],[-8,-10],[-2,-11],[0,-12],[12,-9],[4,2],[1,14],[5,7],[9,2],[12,-2],[2,-6],[-6,-4],[-3,-6],[-4,-13],[-6,-7],[-6,4],[-10,2],[-4,4],[-2,7],[-5,4],[-3,6],[4,12],[-3,3],[6,11],[0,7],[-10,16],[-5,1],[2,8],[-7,1],[4,5],[-12,3],[6,6],[3,-3],[6,7],[-8,7],[-3,7],[-6,5],[-2,5],[-10,-2],[-4,4],[6,4],[1,5],[-2,15],[2,19],[-3,3],[-6,-3],[-4,1],[-5,9],[2,6],[4,4],[4,0],[5,-6],[1,-10],[7,0],[2,6],[-2,8],[-4,11],[-6,2],[-3,-4],[-10,4],[-3,-2],[-10,1],[-10,-3],[-18,0],[5,10],[10,2],[9,4],[0,7],[-9,-3],[-13,1],[-6,2],[-8,20],[-4,15],[1,9],[-2,10],[-3,0],[-2,-6],[-7,-2],[-7,-7],[-6,7],[-3,5],[2,4],[0,11],[-6,2],[3,9],[5,3],[8,-1],[4,4],[9,1],[6,-3],[10,2],[-4,7],[-6,0],[0,-5],[-14,2],[14,11],[5,0],[2,7],[5,3],[1,6],[-3,7],[-5,-2],[-4,-5],[-6,5],[-6,0],[-10,-3],[-11,7],[-10,0],[-11,8],[-3,6],[4,12],[5,5],[3,11],[-2,5],[-3,3]],[[1735,9286],[-14,0],[0,-3],[14,3]],[[1718,9275],[-3,3],[-6,1],[-1,-3],[6,-7],[2,-7],[6,4],[-5,7],[1,2]],[[1764,9310],[0,-13],[-1,-9],[-8,4],[0,-5],[5,-10],[5,-15],[1,-13],[0,-14],[-3,-17],[7,1],[5,-5],[4,5],[2,13],[-1,13],[-4,5],[5,4],[7,-1],[2,5],[-6,2],[-1,5],[-6,4],[1,9],[3,6],[-4,9],[-7,-2],[-1,7],[2,7],[-7,5]],[[1770,9211],[-5,-6],[4,-2],[3,4],[-2,4]],[[1792,9233],[-8,2],[-1,-6],[7,1],[2,3]],[[1791,9275],[-8,-5],[6,-3],[5,4],[-3,4]],[[1816,9314],[-6,-10],[8,-2],[3,5],[-7,3],[2,4]],[[1559,9655],[9,-2],[-4,-6],[0,-6],[4,-7],[13,-4],[5,6],[2,9],[2,2],[13,-12],[8,-3],[15,1],[8,4],[5,-1],[5,-12],[1,-6],[-6,0],[-5,-14],[-7,-1],[9,-17],[3,-7],[4,7],[6,8],[2,-10],[3,-2],[9,5],[7,-7],[0,-13],[-5,-3],[-6,-9],[1,-7],[5,-3],[5,-9],[1,-15],[-2,-13],[-2,-3],[-8,-2],[-2,-3],[-3,-12],[4,-2],[10,-2],[6,-7],[3,-10],[-5,-13],[0,-11],[4,-8],[0,-7],[-8,-12],[-10,6],[-8,8],[-11,-4],[-5,2],[-7,9],[-2,8],[2,13],[5,8],[1,11],[-1,14],[4,6],[0,13],[4,19],[0,8],[-7,11],[-2,13],[6,13],[-3,9],[-14,20],[-4,2],[-14,2],[-3,4],[25,-7],[-14,18],[7,9],[-7,0],[-6,2],[-12,10],[-2,-1],[-4,-10],[-4,-2],[-6,0],[-3,-4],[-5,6],[-3,6],[0,-1],[-1,9],[-4,4],[-1,5]],[[1482,9582],[-5,2],[-7,17],[-3,4],[-4,11],[3,7],[3,-10],[16,2],[5,-3],[4,-10],[-5,-14],[-7,-6]],[[1461,9632],[-4,11],[1,6],[9,5],[5,1],[7,-4],[7,-7],[5,0],[3,3],[8,3],[7,0],[0,8],[-4,17],[3,10],[6,0],[10,-8],[7,1],[3,4],[3,13],[5,5],[7,-1],[9,-4],[7,0],[3,-5],[0,-4],[-9,-20],[-13,1],[-4,-2],[-7,0],[-6,6],[0,4],[-6,2],[-12,-16],[0,-8],[2,-6],[4,7],[3,-1],[6,4],[5,-4],[0,-11],[5,-12],[0,-8],[-3,-3],[-6,1],[-2,7],[8,3],[-3,7],[-7,-3],[-1,15],[-6,-7],[2,-12],[-1,-11],[5,-1],[1,-6],[-5,-2],[-5,1],[0,5],[-11,-4],[-9,-1],[-17,10],[-2,5],[-4,1],[-4,-4],[-4,2],[-1,7]],[[1480,9648],[-8,-7],[5,-5],[8,-1],[9,3],[2,7],[-8,-2],[-3,1],[-2,3],[-3,1]],[[1396,9715],[-1,11],[-7,11],[-3,12],[-4,0],[0,7],[-9,8],[-2,6],[0,8],[-3,8],[5,2],[7,-4],[6,0],[6,3],[4,9],[4,2],[6,-8],[0,-5],[-10,-10],[-8,-18],[1,-11],[6,-7],[10,0],[8,7],[20,0],[14,-8],[3,-3],[3,-8],[-1,-7],[-6,-7],[-8,-4],[-2,-5],[2,-11],[4,-4],[6,-1],[5,-6],[4,-13],[-7,4],[-6,-5],[-8,9],[-11,1],[-10,5],[-2,8],[0,9],[-4,5],[-7,4],[-5,6]],[[1364,9749],[-6,3],[-14,0],[-3,3],[7,5],[9,-7],[7,-4]],[[3001,731],[-3,5],[-6,4],[4,6],[2,4],[3,-1],[9,6],[-4,5],[0,7],[12,5],[0,9],[7,7],[1,16],[-3,3],[-9,0],[-2,5],[4,4],[-10,10],[5,13],[-1,7],[8,-3],[-4,-9],[-4,-4],[1,-8],[6,-6],[-2,-5],[12,-6],[6,2],[-1,-9],[-6,-13],[0,-9],[-18,-10],[-1,-5],[5,-5],[-7,-8],[-5,0],[-4,-6],[10,-15],[-7,3],[-11,-6],[-2,3],[15,4]],[[3058,837],[7,-4],[7,6],[1,5],[9,9],[4,-1],[7,-17],[-11,15],[-3,-9],[-10,-10],[-1,-13],[2,-11],[3,-11],[-3,-1],[-1,9],[-4,6],[1,12],[-2,9],[-3,-1],[-6,3],[-9,2],[-6,-2],[-2,5],[20,-1]],[[2501,911],[3,-7],[6,-1],[-1,-8],[-8,-2],[-3,1],[1,15],[2,2]],[[2853,1646],[-2,4],[5,6],[0,-9],[-3,-1]],[[2292,2667],[-5,1],[3,7],[-4,12],[7,5],[0,4],[-4,10],[7,-1],[5,-10],[8,1],[3,11],[10,8],[2,-3],[-8,-5],[-3,-4],[0,-10],[-7,-1],[-4,-5],[-3,4],[-9,-5],[4,-7],[-2,-12]],[[2253,3803],[-6,-4],[-1,4],[7,0]],[[2284,3904],[0,-10],[3,-9],[-4,1],[-1,10],[2,8]],[[2293,3929],[5,-4],[0,-13],[-5,2],[-3,9],[3,6]],[[2349,3980],[-7,4],[-10,3],[-17,-4],[-7,0],[-4,9],[7,-2],[-1,-4],[8,-1],[4,6],[10,2],[6,-5],[3,1],[8,-9]],[[2667,4114],[7,-5],[3,-7],[-2,-3],[-8,15]],[[2272,4281],[-1,-6],[-4,2],[-4,-10],[-2,14],[11,0]],[[2666,4755],[-7,18],[-6,4],[-10,1],[0,-13],[8,-15],[-25,-31],[-8,14],[-12,7],[-14,13],[-9,11],[-3,2],[-8,-2],[0,42],[-10,8],[2,8],[-3,3],[-1,16],[-5,2],[-3,6],[1,11],[-37,0],[-3,5],[-14,3],[-4,3],[-1,5],[15,-2],[5,4],[8,15],[3,3],[8,3],[10,-1],[6,-4],[6,-10],[2,-17],[7,-6],[9,-6],[7,-13],[10,-8],[-4,-14],[1,-6],[13,-2],[5,-4],[12,1],[-1,9],[5,1],[16,-17],[3,-6],[20,-19],[8,-15],[6,-4],[5,1],[4,7],[3,10],[7,1],[-13,-20],[2,-11],[-3,-10],[-5,3],[-4,8],[-6,-5],[-1,9],[3,4]],[[2675,4741],[4,0],[1,8],[-6,5],[1,-13]],[[2453,4866],[8,-6],[-21,0],[-3,5],[7,3],[9,-2]],[[2448,4897],[7,-1],[7,-5],[0,-5],[-6,-5],[-15,2],[-2,7],[9,7]],[[2729,4937],[-2,-1],[-12,11],[-6,3],[-3,-1],[-6,-8],[-3,-8],[-4,-4],[-4,14],[5,8],[3,0],[16,2],[4,-3],[6,-8],[6,-5]],[[2587,5076],[3,-1],[15,10],[5,-7],[-12,-5],[-1,-8],[-4,-6],[-19,-4],[-5,9],[-1,12],[-9,-2],[15,20],[1,-15],[2,-5],[6,5],[4,-3]],[[2595,5071],[-11,1],[-1,-9],[8,1],[4,7]],[[2740,5129],[-5,-5],[2,-8],[-6,0],[3,23],[6,-10]],[[2696,5127],[4,-2],[-2,-6],[-6,-5],[4,13]],[[2709,5399],[3,0],[2,-7],[-6,-2],[1,9]],[[2610,5099],[-48,8],[1,6],[4,5],[4,10],[-1,9],[4,2],[-2,7],[5,13],[6,6],[12,3],[8,-4],[6,3],[2,5],[11,6],[3,8],[5,1],[6,8],[1,9],[8,10],[5,15],[-6,0],[-3,11],[-1,16],[-2,4],[3,18],[-2,17],[-6,6],[0,5],[-2,9],[3,3],[1,9],[3,4],[-4,9],[4,8],[0,10],[-2,3],[4,13],[-1,4],[-9,4],[-3,5],[-8,0],[-6,8],[-5,3],[-4,9],[1,9],[-8,16],[-2,-6],[0,-9],[2,-13],[-2,-4],[-5,1],[-4,7],[-2,10],[-4,10],[-7,10],[5,0],[3,6],[-4,10],[-1,18],[-3,6],[0,13],[1,12],[-4,15],[-1,6],[-4,7],[-2,10],[2,11],[4,14],[0,7],[-4,5],[-5,11],[-5,8],[1,18],[-4,10],[4,11],[0,6],[-6,8],[0,13],[-4,14],[-2,14],[0,6],[3,10],[0,13],[4,10],[10,0],[24,-2],[24,-5],[17,-7],[12,-8],[24,-20],[7,-16],[12,-14],[9,-14],[2,-6],[6,-28],[-6,1],[-3,3],[-5,18],[-5,10],[-12,16],[-6,10],[-14,13],[-2,14],[-6,9],[-15,10],[-4,-4],[-5,6],[-5,-3],[-1,-10],[11,2],[10,-3],[8,-14],[6,-7],[15,-15],[7,-13],[4,-10],[5,-10],[10,-29],[1,-8],[3,-9],[3,-16],[3,-9],[2,-16],[7,-22],[0,-15],[3,-8],[2,-14],[0,-10],[-2,-10],[-8,-12],[-2,-1],[-4,13],[-1,19],[-8,17],[-4,13],[-8,16],[-5,16],[0,9],[-3,-1],[-7,2],[-5,9],[0,13],[1,8],[-11,-2],[-2,-6],[2,-16],[8,-53],[0,-22],[-2,-21],[0,-21],[-1,-10],[-4,-9],[7,-4],[-2,-7],[-5,1],[-16,-9],[-13,0],[-1,-6],[13,1],[15,-8],[-1,-8],[8,-10],[0,-8],[-2,-9],[2,-5],[-8,-12],[8,-6],[-2,-7],[3,-6],[-7,-3],[-5,-9],[3,-10],[7,-7],[-1,-12],[1,-10],[3,-5],[-2,-7],[3,-9],[0,-6],[6,1],[0,-7],[7,-15],[10,-9],[-1,-13],[-7,-9],[3,-4],[-1,-16],[1,-27],[12,-5],[7,4],[16,4],[5,-7],[3,-22],[-2,-10],[-7,-3],[1,12],[-1,7],[-6,5],[-1,11],[-3,2],[-13,-7],[2,-11],[-4,-5],[-2,-7],[-4,-2],[-4,6],[1,5],[-8,13],[5,12],[0,24],[1,16],[-2,6],[3,9],[0,8],[-2,5],[-7,1],[-6,-3],[-3,-10],[-5,-7],[1,-5],[-9,-6],[-1,-5],[-7,-4],[-5,-8],[-12,-23],[5,-8],[6,-3],[-7,-10],[-9,-22],[3,-6]],[[2367,5629],[5,-3],[-1,-7],[-4,2],[0,8]],[[2662,6034],[-1,18],[7,-4],[-6,-14]],[[2663,6059],[-2,-4],[-8,-1],[3,14],[7,-6],[0,-3]],[[2460,6841],[1,10],[4,-1],[0,-10],[-5,1]],[[2601,7469],[3,6],[0,8],[7,13],[-1,8],[1,10],[8,12],[9,-6],[-3,-3],[2,-20],[6,-3],[3,-4],[-1,-9],[-5,-8],[0,-11],[3,-7],[2,-15],[6,-7],[3,-11],[3,1],[-4,-17],[-1,-13],[4,-6],[5,-2],[7,4],[11,25],[6,4],[0,-7],[-5,-10],[-2,-8],[3,-4],[-3,-5],[4,-17],[2,-42],[-5,2],[-5,8],[-4,-4],[-9,3],[-3,5],[0,6],[-3,11],[-7,8],[1,2],[-5,10],[-1,12],[-7,8],[-6,5],[-5,7],[0,3],[-11,8],[-7,9],[-1,7],[9,9],[5,9],[-4,8],[-8,4],[3,4]],[[2026,8465],[4,13],[0,10],[-13,22],[-12,14],[-19,14],[-4,15],[-3,2],[-3,26],[1,9],[5,10],[6,4],[1,6],[5,0],[8,6],[6,-13],[4,0],[6,5],[8,2],[5,-3],[0,-4],[-13,-20],[4,-9],[1,-9],[-9,-12],[-6,-7],[-2,-9],[1,-7],[10,0],[5,-4],[-6,-8],[1,-6],[8,-6],[6,-6],[8,-8],[5,3],[7,10],[6,-18],[11,1],[4,-2],[-1,-8],[2,-7],[7,-9],[7,5],[1,6],[4,5],[4,0],[4,-5],[8,-3],[10,2],[12,-4],[4,-4],[10,-11],[10,-8],[5,-3],[8,-1],[13,3],[8,7],[7,11],[2,8],[1,14],[-4,11],[-8,2],[-12,-6],[-5,1],[-4,4],[-3,7],[1,17],[-4,17],[0,13],[4,6],[4,1],[11,-12],[7,-3],[7,6],[14,5],[8,9],[2,5],[4,-1],[1,-15],[2,-7],[7,-7],[11,-4],[10,8],[-3,6],[-7,3],[-4,8],[2,8],[7,1],[8,-8],[6,-1],[7,4],[-2,8],[-11,6],[-6,7],[3,12],[5,8],[-2,11],[-9,15],[-3,10],[-1,11],[2,15],[8,4],[18,-14],[9,-4],[4,6],[1,18],[-3,11],[-5,3],[-8,3],[-5,-2],[-8,17],[5,7],[6,14],[-3,10],[6,12],[1,9],[4,4],[6,-1],[-1,10],[-7,-2],[-16,2],[2,6],[9,-1],[7,3],[1,4],[-6,21],[1,7],[4,2],[13,-6],[6,3],[5,12],[3,1],[9,-13],[10,-7],[-5,-9],[-5,-4],[-8,-9],[7,-21],[-1,-10],[-7,-2],[-5,3],[-6,-1],[-6,5],[-7,-3],[-3,-11],[0,-9],[8,-13],[9,-9],[-1,-4],[-9,3],[-10,-1],[1,-11],[8,-10],[2,-5],[2,-4],[1,-8],[-1,-12],[-4,-11],[6,-13],[-2,-13],[-4,-7],[-9,-4],[-2,-8],[5,-8],[5,-12],[8,-2],[1,-3],[-2,-16],[-4,-11],[3,-13],[0,-11],[-4,-12],[-9,-6],[-8,-2],[-5,1],[-11,5],[-10,12],[-5,1],[-7,5],[-17,6],[-8,-6],[8,-2],[2,-9],[11,-5],[5,-7],[-1,-14],[-9,-20],[-6,-6],[-7,0],[-4,-3],[-3,-6],[-6,-10],[-14,-9],[-4,-8],[-9,-11],[-2,7],[-10,-2],[-13,-5],[-6,1],[-14,12],[-22,-8],[-7,0],[-5,7],[-1,17],[-7,-2],[-12,2],[-3,5],[0,5],[-7,2],[-7,-9],[-4,-2],[-13,4],[-4,10]],[[2015,8616],[3,17],[-9,7],[-3,6],[8,2],[4,-11],[5,-8],[-2,-9],[-6,-4]],[[2004,8649],[-2,8],[-4,6],[3,9],[-2,5],[-8,-1],[-2,8],[4,1],[7,-4],[8,2],[5,13],[8,-3],[6,-11],[-8,-5],[-8,-1],[-8,-11],[-1,-8],[2,-8]],[[2346,8809],[5,6],[1,11],[-7,6],[-12,-1],[-4,4],[-1,7],[4,13],[13,-6],[9,-1],[-3,-8],[2,-14],[0,-12],[-7,-5]],[[1953,8716],[-1,5],[-6,10],[-6,1],[-2,7],[2,16],[-3,3],[-8,1],[-7,-3],[0,-5],[7,3],[2,-9],[-7,6],[-5,-11],[0,-12],[-7,4],[0,4],[-5,0],[-11,6],[-5,5],[2,12],[-2,16],[1,7],[3,13],[3,5],[-2,5],[6,3],[-2,12],[3,4],[3,10],[-4,14],[-15,5],[-2,5],[1,12],[4,-1],[8,4],[7,9],[5,0],[3,-6],[-1,-13],[2,-4],[9,-3],[9,2],[4,-5],[6,-14],[5,0],[4,4],[-1,9],[-8,11],[-4,23],[4,6],[4,1],[8,-6],[6,-2],[3,-5],[7,-22],[-1,-5],[-8,-10],[-10,-7],[4,-7],[8,1],[5,-8],[-3,-7],[-1,-11],[-6,-2],[-3,-7],[8,-13],[-7,-2],[-5,-5],[0,-5],[6,-7],[1,-5],[-2,-6],[-11,-3],[-2,-7],[6,-5],[11,4],[3,-8],[4,-3],[6,1],[7,7],[4,-5],[-10,-9],[-5,-13],[-1,-16],[-4,-2],[-5,4],[-3,7],[-3,12]],[[1843,8931],[1,-6],[7,-4],[11,-12],[12,4],[5,10],[3,0],[2,-11],[5,-11],[-2,-7],[-3,0],[-5,16],[-5,-1],[-7,-4],[-6,-2],[-1,-5],[-9,5],[-3,-9],[-20,2],[-5,3],[-1,22],[10,4],[-4,16],[4,5],[5,-8],[3,0],[6,4],[-3,-11]],[[1872,8965],[0,-6],[-19,0],[-6,-2],[2,10],[5,1],[6,6],[6,1],[6,-10]],[[3290,579],[11,4],[4,-4],[5,3],[10,-10],[10,-5],[-13,-4],[-14,2],[-4,-8],[3,-4],[14,-12],[-5,-3],[-5,10],[-5,-5],[-17,0],[2,-7],[8,-4],[1,-8],[-3,-9],[2,-7],[-6,-10],[-5,1],[-2,-5],[-10,0],[9,8],[8,0],[0,7],[-3,13],[-6,6],[-8,3],[-29,6],[-8,4],[-7,6],[2,10],[4,-6],[8,-1],[2,4],[9,1],[3,3],[15,7],[10,8],[6,17],[6,-5],[-2,-6]],[[3532,562],[-1,6],[-6,-3],[-4,1],[-7,-4],[-8,8],[-6,-2],[-2,8],[7,1],[7,-7],[10,1],[2,4],[-5,5],[0,7],[9,4],[4,-7],[9,-4],[-9,-18]],[[3180,595],[4,-4],[-3,-10],[-6,-3],[-3,-6],[-6,4],[13,5],[2,5],[-10,1],[-10,-5],[-5,8],[12,4],[12,1]],[[3337,1062],[12,4],[2,6],[6,10],[11,0],[-2,-5],[5,-6],[-2,-4],[5,-4],[8,-12],[1,-13],[6,-6],[3,-1],[8,4],[0,11],[2,4],[-3,5],[3,10],[15,4],[3,-1],[7,4],[2,-7],[13,2],[6,-3],[7,-10],[8,-4],[2,-10],[-5,-9],[-1,11],[-6,10],[-7,6],[-8,4],[-9,-5],[-6,7],[-7,-1],[-5,2],[-4,-2],[1,-5],[-4,-6],[2,-6],[-5,-13],[-6,-3],[-5,0],[-4,3],[-8,-2],[-1,10],[1,3],[-1,12],[-4,0],[-4,8],[-7,-8],[-1,-13],[-6,-11],[-4,-3],[-1,10],[6,15],[6,6],[2,8],[-2,9],[-4,-4],[-9,-13],[-4,-4],[-6,4],[-6,-6],[-1,-5],[-8,1],[-2,-5],[-6,3],[-4,-2],[-9,3],[-4,-2],[-8,8],[4,8],[-2,6],[-5,4],[-8,2],[-5,4],[-10,-2],[-4,5],[-6,-6],[-4,3],[-6,0],[-6,1],[-5,3],[-7,-4],[1,-4],[-1,-3],[-6,-2],[-5,4],[-3,-5],[-7,0],[-6,9],[-5,-8],[-2,-9],[-4,-2],[-5,-9],[-7,-4],[1,-6],[-3,-10],[-3,-13],[-8,-9],[1,-6],[10,0],[0,-6],[5,0],[6,-9],[9,-3],[3,-4],[-3,-5],[5,-8],[-6,-5],[6,-8],[0,-3],[-3,-6],[-1,-11],[-6,4],[-3,15],[3,14],[-1,7],[-7,12],[-5,4],[-8,-1],[-3,2],[-10,-6],[-5,1],[0,-8],[-5,-9],[-4,5],[-5,-3],[-1,-4],[-7,-8],[-5,0],[-7,-3],[-3,-8],[-10,0],[-2,-11],[-9,-6],[2,-10],[-5,-5],[-8,3],[-1,-9],[-2,-3],[5,-9],[1,-8],[-6,-11],[-5,-3],[-5,0],[-11,6],[-5,-2],[-8,-7],[1,14],[5,-5],[6,6],[1,-5],[8,-5],[6,0],[1,6],[4,4],[-1,7],[2,11],[2,3],[1,10],[11,9],[1,3],[2,2],[0,6],[6,5],[2,5],[6,0],[5,5],[0,4],[8,7],[7,-3],[5,8],[-1,6],[4,9],[7,-3],[4,13],[2,16],[8,7],[2,9],[-1,8],[4,3],[0,5],[4,7],[1,7],[4,-1],[3,7],[11,8],[5,11],[8,4],[5,-2],[4,3],[3,-6],[-3,-7],[5,-3],[1,6],[7,-5],[6,2],[-2,8],[2,-2],[6,3],[5,1],[7,-1],[6,5],[1,-8],[6,1],[-1,7],[9,-9],[7,4],[8,-7],[15,-3],[1,-11],[-4,-8],[7,-2],[10,-4],[6,3],[4,-1],[1,7],[13,2],[3,3]],[[3437,1329],[0,13],[1,2],[1,1],[6,3],[2,7],[-3,11],[-5,-2],[-6,9],[0,7],[7,9],[1,13],[1,2],[0,2],[1,4],[4,-1],[0,-4],[7,-3],[6,0],[5,-3],[1,-4],[9,-3],[3,-5],[6,-1],[8,5],[11,0],[0,-5],[-7,3],[-11,-5],[-7,2],[-2,4],[-10,4],[-1,5],[-9,1],[1,-5],[-2,-8],[1,-9],[-4,-3],[-8,18],[-3,-24],[3,-3],[4,-11],[-2,-6],[-1,-2],[-1,-1],[-6,-2],[-1,-15]],[[3442,1401],[8,-8],[4,0],[1,6],[-5,0],[-4,5],[0,4],[-3,0],[-1,-2],[1,-3],[-1,-2]],[[3043,1286],[14,11],[4,9],[-11,25],[-5,6],[5,6],[0,9],[6,-2],[5,9],[1,6],[9,-7],[10,1],[7,-9],[7,-3],[4,6],[6,2],[11,12],[-5,9],[-3,16],[-5,6],[9,5],[8,9],[12,2],[8,-4],[4,-7],[10,-8],[20,-9],[5,1],[2,-4],[5,-1],[5,4],[4,0],[2,-2],[12,5],[5,0],[8,7],[-1,11],[-4,4],[7,8],[6,11],[2,5],[2,29],[-8,4],[3,11],[12,2],[9,4],[7,7],[4,12],[3,-10],[-4,0],[-5,-13],[-11,0],[-3,-5],[-4,4],[-4,-3],[3,-9],[-1,-18],[3,-12],[-1,-7],[-5,-9],[-4,-3],[1,-8],[-6,-5],[2,-6],[-2,-8],[6,-7],[5,-22],[-2,1],[-7,22],[-3,6],[-9,-4],[-4,0],[-12,-5],[-3,2],[-3,-2],[-5,-2],[-1,1],[-6,1],[-2,2],[-8,1],[-12,7],[-4,1],[-10,9],[-4,6],[-7,4],[-11,-2],[-5,-11],[-1,-11],[6,-10],[5,-2],[7,3],[7,-1],[3,-4],[1,-11],[-3,-3],[-6,0],[-8,10],[-2,-4],[1,-10],[4,-9],[6,-8],[7,-2],[18,-3],[9,-6],[5,-8],[9,7],[8,0],[6,-7],[6,-20],[0,-13],[-2,-6],[-5,-4],[-9,-2],[-8,3],[-5,-7],[-13,-6],[-4,1],[-3,-6],[-6,23],[-4,4],[-7,12],[-6,17],[-5,3],[-3,-3],[-2,-24],[5,-7],[13,-13],[2,-5],[-4,-9],[-9,0],[-6,6],[-1,11],[-11,0],[-10,9],[-1,8],[-4,6],[1,8],[6,12],[3,3],[10,2],[13,9],[0,3],[-14,12],[-9,3],[-18,-20],[-7,-19],[-5,0],[-4,5],[3,16],[6,7],[-1,9],[-6,4],[-5,-2],[-3,-10],[-10,-4],[1,-10],[10,-21],[-2,-8],[1,-5],[7,-6],[1,-4],[-8,-3],[-5,8],[-4,1],[-10,-15],[-1,-13],[-4,1],[-3,5],[4,19]],[[3175,1318],[1,-11],[-3,-11],[3,-1],[3,8],[7,-15],[1,9],[-5,14],[-7,7]],[[3262,1439],[-2,-6],[-7,7],[2,5],[5,-2],[2,-4]],[[3246,1451],[3,3],[5,-3],[-5,-6],[-3,6]],[[3303,1440],[-15,4],[-3,9],[4,7],[0,12],[5,5],[11,-1],[4,-10],[0,-8],[-3,-3],[0,-9],[-3,-6]],[[3452,1596],[3,-8],[-11,-7],[0,-6],[-7,-6],[-1,12],[-3,11],[15,1],[4,3]],[[3327,1568],[-5,-3],[-15,-1],[2,9],[6,5],[6,1],[6,-11]],[[3310,1575],[-9,4],[4,5],[5,-3],[0,-6]],[[3290,1586],[-8,4],[-7,-12],[-3,5],[0,8],[-11,5],[8,5],[4,-4],[10,6],[2,-4],[6,-2],[5,-5],[-6,-6]],[[3318,1582],[-5,5],[4,6],[3,-4],[-2,-7]],[[3341,1589],[-6,3],[4,9],[7,-5],[-5,-7]],[[3239,1594],[8,2],[6,-6],[-4,-4],[-10,3],[0,5]],[[3201,1604],[2,4],[11,-6],[7,-2],[-6,-9],[-6,1],[1,7],[-9,1],[0,4]],[[3250,1620],[-3,2],[-3,-7],[-7,5],[-2,-7],[-6,11],[3,9],[-2,3],[1,11],[6,0],[11,-18],[4,-3],[-2,-6]],[[3438,1649],[-1,8],[7,-1],[1,10],[9,-7],[0,-6],[-6,-6],[-10,2]],[[3473,1703],[17,1],[5,-2],[3,-7],[0,-9],[-4,-10],[-5,-15],[-2,-4],[-13,-4],[-4,3],[-7,2],[-7,10],[0,7],[2,19],[8,12],[7,-3]],[[3221,1660],[5,-2],[-2,-8],[-5,5],[2,5]],[[3268,1713],[0,-8],[-4,-7],[-7,-2],[-5,-5],[-2,-7],[-5,-4],[-5,-9],[4,-7],[6,8],[1,-10],[8,-6],[-2,-9],[-6,0],[-1,6],[-7,5],[-4,-1],[-6,9],[0,8],[-5,5],[-3,-3],[-9,6],[2,5],[5,6],[5,0],[6,7],[5,-1],[1,7],[-3,1],[-4,-5],[-6,-4],[-8,-7],[-7,4],[0,-2],[-4,-3],[-1,0],[-1,2],[-2,-1],[-2,0],[-2,-2],[7,-6],[1,-8],[3,-2],[0,-4],[-2,-3],[-2,-1],[4,-9],[2,-7],[7,-12],[6,-3],[-2,-6],[-4,5],[-9,3],[3,7],[-5,11],[-1,5],[-3,3],[1,5],[3,0],[1,5],[-3,2],[0,8],[-8,7],[2,4],[3,0],[2,-1],[1,-1],[3,2],[1,2],[5,2],[1,5],[10,0],[7,7],[1,7],[11,-10],[8,-9],[5,1],[5,3],[-1,9],[5,3]],[[3449,1717],[-6,7],[10,-1],[-4,-6]],[[3479,1723],[-6,0],[3,7],[5,-1],[-2,-6]],[[3458,1731],[4,9],[6,0],[1,-9],[-5,-7],[-7,0],[1,7]],[[3472,1755],[6,11],[3,-4],[-1,-5],[-8,-2]],[[3514,1779],[-2,-8],[-9,-10],[-1,5],[2,9],[7,6],[3,-2]],[[3369,1760],[-7,5],[6,5],[1,-10]],[[3386,1778],[7,-13],[-6,-2],[-2,2],[1,13]],[[3454,1756],[-5,1],[2,9],[0,9],[13,5],[-6,10],[1,8],[-4,8],[-12,1],[-1,-8],[-5,-6],[-6,-2],[-2,3],[0,7],[4,1],[3,8],[6,-2],[7,6],[2,-5],[6,4],[9,-5],[12,-2],[3,-9],[-3,-16],[0,-7],[-2,-6],[-8,-11],[-11,2],[-3,-3]],[[3283,1739],[3,23],[-1,14],[-10,16],[-1,15],[0,13],[3,4],[4,-5],[-3,-8],[2,-8],[-3,-5],[0,-7],[4,-6],[7,-1],[3,-8],[-1,-12],[1,-14],[-4,-5],[1,-7],[-3,-9],[-6,1],[4,9]],[[3385,1799],[-10,-5],[1,15],[8,-4],[1,-6]],[[3479,1808],[-5,0],[2,8],[5,-4],[-2,-4]],[[3383,1815],[4,2],[6,-3],[-2,-7],[-6,3],[-11,4],[8,5],[1,-4]],[[3361,1834],[3,-4],[-1,-5],[-5,0],[-1,7],[4,2]],[[3329,1831],[0,-8],[-6,4],[0,5],[6,-1]],[[3277,1848],[7,1],[1,-6],[-1,-7],[-7,1],[0,11]],[[3357,1846],[5,3],[5,11],[5,15],[3,0],[1,2],[3,6],[4,0],[4,4],[3,-2],[-7,-6],[-4,3],[-3,-6],[-2,-1],[-2,0],[-5,-16],[-5,-11],[-5,-2]],[[3487,2042],[2,-6],[4,-4],[-9,-15],[-9,-10],[1,-2],[-3,-13],[4,-8],[5,-2],[5,-13],[2,-13],[3,-12],[3,-6],[3,-21],[-1,-12],[-4,-17],[-1,-12],[-5,-16],[-8,-11],[3,-4],[-2,-6],[-5,-2],[-25,8],[-11,-1],[-2,7],[6,3],[-10,5],[-2,5],[-9,0],[-8,6],[-5,9],[-9,-1],[-3,5],[-9,4],[9,4],[4,-2],[13,0],[0,-8],[5,-5],[22,-2],[7,3],[2,10],[5,5],[-2,6],[4,6],[7,-3],[14,0],[9,5],[2,4],[5,1],[2,5],[0,13],[-1,7],[-4,0],[-3,11],[-5,3],[-5,11],[-7,6],[-1,8],[3,7],[-6,-1],[-2,7],[1,8],[2,2],[1,9],[-4,4],[0,8],[5,5],[3,-3],[-1,-6],[6,2],[-1,7],[8,5],[3,4],[-1,9]],[[3122,2697],[8,3],[3,6],[8,3],[-10,-13],[-8,-5],[-4,2],[-3,-5],[-7,0],[0,4],[5,2],[1,5],[7,-2]],[[3188,3222],[-8,5],[-1,-18],[-5,9],[-6,-7],[-4,6],[-5,1],[-5,6],[1,6],[-3,9],[6,2],[-1,-13],[5,-7],[9,3],[4,5],[9,2],[15,7],[2,-5],[-11,-1],[-2,-10]],[[3235,4262],[8,1],[4,4],[7,-2],[3,2],[-1,9],[5,6],[3,-2],[9,5],[9,-2],[-2,-12],[-10,-8],[-10,-2],[-11,2],[-10,-5],[-10,-12],[-2,7],[7,6],[1,3]],[[3029,4659],[4,4],[2,-8],[-15,-9],[-7,0],[-5,2],[8,8],[13,3]],[[3235,4838],[8,-12],[-7,-7],[-12,4],[-9,-3],[-4,-9],[-5,-3],[-8,-13],[1,-9],[3,-17],[6,-2],[7,-9],[8,-7],[-1,-6],[11,-5],[-5,-8],[-8,8],[-5,8],[-7,14],[-6,2],[-4,-1],[-3,-14],[-4,3],[-3,16],[-4,2],[-5,-8],[-7,-7],[-2,-7],[1,-17],[4,-11],[2,-19],[3,-2],[-2,-7],[-4,3],[-2,23],[-3,8],[-3,25],[2,15],[-4,2],[-5,-1],[3,-12],[-2,-6],[-7,-3],[-6,-20],[-5,0],[-7,-8],[3,-12],[5,-12],[4,-7],[-4,-2],[-7,16],[-4,15],[-2,1],[-14,-11],[4,-8],[-1,-14],[-5,-6],[1,-17],[2,-12],[4,-6],[3,-12],[-3,-14],[-5,-13],[-2,-7],[-7,-9],[-1,-10],[-3,-1],[-9,-15],[-2,-7],[-6,-1],[-1,11],[8,3],[2,7],[17,28],[-1,17],[6,4],[1,10],[-1,6],[-5,4],[2,8],[-2,14],[-2,4],[1,9],[4,7],[1,14],[-4,6],[15,10],[-2,6],[-9,-1],[-9,-8],[-4,-2],[-5,-8],[-7,-3],[-6,-6],[-1,-8],[-6,-5],[-5,-6],[0,12],[6,2],[8,14],[5,1],[13,14],[6,2],[8,6],[7,-1],[7,-4],[4,2],[7,9],[5,15],[3,4],[6,0],[0,9],[-5,2],[7,11],[5,0],[2,4],[5,-1],[2,9],[7,5],[12,8],[5,16],[14,18],[14,2],[1,13],[-7,3],[2,9],[-1,7],[2,7],[-12,14],[-1,4],[6,5],[-1,9],[6,6],[6,-4],[-3,-7],[3,-9],[5,-3],[7,-17],[-4,-4],[4,-5],[-6,-14],[2,-10]],[[2878,4703],[-4,-9],[-7,1],[-3,13],[0,9],[-6,3],[-6,10],[0,5],[-4,10],[-5,3],[-5,-1],[2,-5],[1,-18],[12,-22],[-2,-1],[-12,19],[-2,9],[-1,13],[-6,-2],[-18,30],[-13,3],[-8,6],[-5,5],[-8,2],[-6,-4],[-4,-1],[-5,-4],[-6,-12],[-8,-6],[-2,-6],[4,-4],[-8,-6],[-2,22],[12,4],[4,14],[11,5],[4,6],[8,-3],[6,2],[2,-5],[5,-6],[8,-2],[4,-3],[9,-3],[8,-4],[6,1],[5,5],[15,6],[8,1],[5,-4],[6,3],[8,0],[-2,-4],[-5,1],[-6,-3],[-9,2],[-9,-3],[-3,-4],[-2,-15],[5,-2],[3,-6],[5,1],[9,-5],[-1,-4],[8,-5],[10,9],[6,7],[7,4],[7,6],[8,1],[14,7],[9,-3],[10,-16],[-4,-2],[-8,15],[-4,2],[-13,-7],[-11,0],[1,-5],[-13,-3],[-7,-9],[-14,-11],[1,-6],[11,-21]],[[2958,4947],[2,-1],[6,-14],[-2,-1],[-6,16]],[[3109,5012],[-1,-7],[2,-5],[1,-14],[-4,-2],[1,14],[-6,-3],[-10,-12],[-8,-14],[-1,-8],[3,-4],[2,-7],[-6,-1],[-3,8],[0,12],[-13,-4],[-3,-9],[2,-9],[-4,-6],[-2,6],[2,4],[0,11],[1,3],[7,5],[6,6],[8,0],[6,9],[8,8],[7,10],[-2,4],[3,6],[-1,6],[3,2],[2,-9]],[[3132,4991],[0,8],[-3,6],[12,-5],[9,-9],[2,-4],[5,-1],[2,-9],[10,3],[-1,-8],[-4,-5],[-12,6],[-7,5],[-2,-10],[-4,1],[2,8],[-6,5],[-3,9]],[[2824,5007],[3,-8],[3,13],[5,-6],[-1,-17],[-4,-4],[4,-14],[6,-16],[7,-12],[-2,-15],[1,-15],[7,-15],[1,-8],[-2,-6],[-4,21],[-4,2],[-5,-12],[-3,-18],[-4,4],[4,11],[7,22],[-1,13],[4,13],[-2,4],[-11,17],[-7,13],[-9,15],[-1,9],[5,2],[-11,33],[0,20],[-8,18],[2,5],[-4,5],[-1,9],[7,9],[-2,11],[1,17],[0,7],[5,15],[1,8],[5,-1],[-5,-9],[-1,-11],[3,-6],[2,-8],[-4,-10],[-2,-14],[4,-8],[1,-7],[7,-15],[9,0],[10,-3],[2,13],[4,-15],[14,-5],[7,-12],[9,-6],[4,-10],[11,-9],[19,-1],[11,2],[1,-4],[-13,-2],[-15,0],[-6,3],[-4,5],[-4,-2],[-10,17],[-4,4],[-7,13],[-14,3],[-11,5],[-11,-2],[-7,7],[-4,9],[-4,2],[-1,-8],[3,-17],[10,-8],[6,-2],[8,-7],[3,-4],[3,-19],[-4,1],[-1,17],[-8,9],[-14,5],[-1,-13],[7,-20],[6,-3],[-1,-4]],[[3016,5062],[-11,3],[-6,7],[-6,0],[-3,-6],[3,-12],[-5,-1],[-15,-22],[-1,-12],[1,-9],[10,-23],[-3,2],[-9,16],[-3,5],[1,11],[3,11],[-2,2],[18,24],[-1,15],[3,25],[-3,10],[-2,16],[-5,12],[-8,7],[-3,5],[-6,5],[-2,4],[1,16],[-6,4],[-4,11],[-8,11],[-6,3],[0,6],[-6,2],[-7,-1],[-10,-8],[-6,0],[-3,3],[-2,12],[-5,10],[3,4],[5,-9],[5,-5],[6,1],[11,-1],[5,3],[12,-1],[8,9],[8,2],[4,-8],[-4,-4],[-5,1],[-6,-2],[1,-13],[3,-2],[6,4],[2,-7],[7,-4],[8,0],[-2,-10],[-4,-4],[4,-7],[8,-3],[-4,-5],[-2,-6],[5,-11],[0,-9],[4,-8],[3,-3],[-2,-8],[6,-29],[4,-11],[6,-3],[2,-8],[8,-4],[2,-3]],[[2929,5503],[3,5],[1,8],[-2,8],[5,0],[-1,-6],[1,-7],[-7,-8]],[[2923,5516],[-6,1],[0,7],[7,-4],[-1,-4]],[[3172,6033],[5,0],[5,-13],[-2,-6],[-8,0],[-3,10],[3,9]],[[3160,6086],[2,-2],[-3,-15],[-10,0],[2,5],[8,5],[1,7]],[[3181,6123],[-9,-7],[-1,5],[4,6],[9,1],[-3,-5]],[[3162,6164],[3,3],[-7,9],[1,10],[5,1],[8,-13],[-3,-23],[-5,3],[-7,8],[-2,8],[5,0],[2,-6]],[[3166,6233],[3,-9],[-7,-6],[-4,8],[1,5],[7,2]],[[3168,6256],[3,-1],[6,-10],[-1,-8],[-3,-6],[-3,7],[-5,5],[0,10],[3,3]],[[3151,6208],[-1,11],[-5,13],[0,11],[3,12],[-1,7],[-4,15],[-2,3],[-1,14],[-6,10],[-1,8],[7,11],[0,11],[-5,14],[-1,10],[15,-3],[14,-9],[3,-7],[-7,-60],[25,-5],[3,-9],[6,-10],[0,-4],[-8,-7],[-4,8],[-4,0],[-6,8],[-9,10],[-11,-97],[-7,0],[0,9],[-3,14],[9,9],[1,3]],[[2428,7553],[16,0],[5,3],[10,2],[7,0],[6,-8],[1,-4],[5,-3],[6,-21],[-2,-8],[0,-28],[-7,-18],[-5,-2],[-7,-11],[-14,-13],[-2,2],[-1,20],[0,7],[-5,6],[1,10],[3,2],[1,9],[-8,-6],[-3,-7],[-2,-11],[-5,-3],[2,-6],[0,-8],[2,-25],[6,-14],[3,-4],[6,-2],[8,-8],[8,2],[0,-15],[10,-14],[4,-1],[14,-12],[20,-27],[7,-18],[2,-9],[-4,-3],[-11,10],[-4,-7],[6,-14],[-5,-8],[0,-14],[6,0],[1,-8],[10,1],[3,-3],[4,1],[1,-8],[6,-8],[0,-10],[-2,-10],[-10,-28],[-7,-17],[-5,-4],[-1,-6],[-9,-10],[-2,1],[-8,-10],[-1,-7],[-4,-4],[2,-8],[0,-14],[2,-8],[-8,-12],[0,-5],[9,-4],[2,-7],[5,0],[3,-4],[10,-4],[6,3],[0,6],[8,9],[12,3],[10,7],[7,1],[14,-2],[11,-5],[5,-6],[8,-14],[10,-20],[7,-30],[20,-1],[10,-1],[10,2],[13,-7],[5,-2],[4,-16],[-1,-4],[2,-8],[-2,-7],[2,-10],[3,-13],[0,-13],[5,-6],[2,-10],[15,-2],[13,-20],[10,-2],[5,2],[3,-7],[0,-6],[2,-13],[5,-15],[8,1],[3,-1],[3,-8],[11,-18],[3,-10],[-4,-4],[3,-4],[-2,-7],[1,-8],[3,-5],[-1,-4],[2,-14],[7,-1],[8,-15],[0,-10],[-5,-17],[1,-13],[-2,-8],[0,-10],[-3,-4],[0,-13],[-4,-6],[7,-5],[3,-11],[-4,-3],[0,-7],[2,-7],[-3,-6],[2,-10],[-3,-5],[3,-4],[6,-3],[-5,-9],[9,-3],[3,-3],[7,1],[5,-5],[0,-5],[4,-7],[4,-4],[5,-18],[5,-8],[-1,-20],[4,-1],[-2,-8],[3,-6],[0,-10],[3,-10],[0,-6],[5,-9],[-3,-19],[9,-4],[8,9],[3,-2],[5,5],[6,-4],[3,2],[6,0],[3,2],[4,-6],[6,-4],[0,-6],[7,-4],[1,6],[13,4],[4,-1],[10,-9],[3,1],[5,8],[1,13],[-1,14],[5,0],[0,-7],[3,-10],[7,-6],[-2,-8],[-8,-8],[-3,-9],[1,-6],[5,-1],[2,-5],[0,-13],[11,-10],[8,-24],[-1,-6],[11,-3],[7,2],[2,-6],[4,-3],[4,-12],[4,-2],[-1,-7],[-3,-4],[2,-5],[-5,-10],[2,-13],[-6,-5],[-1,-7],[-2,-4],[-3,-13],[3,-6],[6,-6],[0,-21],[3,-3],[-4,-17],[-5,-13],[-1,-9],[4,-6],[4,-4],[0,-6],[2,-11],[-6,-11],[0,-4],[18,-10],[1,-10],[4,-8],[-2,-5],[4,-10],[3,-14],[7,-2],[-1,-9],[5,-4],[-3,-8],[6,-16],[5,0],[8,-9],[1,-13],[3,-8],[3,-5],[-3,-6],[-1,-8],[8,-6],[3,-9],[3,-23],[-4,0],[-3,-12],[3,-10],[6,-9],[0,-22],[-1,-4],[-1,-16],[1,-9],[-5,-9],[2,-6],[-1,-8],[1,-10],[4,-4],[11,-5],[10,1],[12,7],[4,10],[-4,3],[-3,7],[2,8],[-5,8],[3,4],[7,15],[1,9],[4,4],[2,17],[9,0],[7,3],[5,4],[5,27],[-1,8],[7,4],[2,5],[-1,6],[-8,4],[-3,4],[-1,6],[4,3],[12,3],[6,19],[6,8],[4,1],[1,-17],[2,-5],[-3,-13],[1,-5],[7,-15],[6,-26],[2,10],[6,-7],[0,-4],[-4,-6],[0,-5],[4,-3],[5,3],[5,-1],[1,7],[7,3],[-2,5],[3,15],[8,3],[2,-5],[6,0],[0,10],[6,0],[4,8],[2,0],[1,8],[6,7],[8,14],[-1,3],[6,6],[1,11],[56,0],[0,15],[49,0],[13,8],[1,5],[4,7],[-1,13],[5,2],[0,-24],[8,0],[-4,-7],[-7,-5],[-7,-9],[-4,-10],[-10,-10],[-8,1],[-1,-6],[-8,-2],[0,-6],[-5,-12],[-5,-6],[-7,-3],[-4,-11],[-13,-14],[-14,0],[-4,-9],[-6,-4],[-4,-5],[-6,5],[-7,-8],[0,-11],[-7,-8],[-8,0],[-4,-13],[-4,-6],[-4,-17],[0,-10],[-6,-9],[-6,-6],[-7,-11],[11,0],[-1,-6],[-7,-3],[-12,-3],[-5,-6],[-1,-4],[12,-1],[5,-4],[0,-10],[4,-14],[1,-11],[-5,-17],[-8,-4],[-6,2],[1,-9],[3,-3],[-2,-13],[-5,-6],[-2,-8],[7,0],[6,9],[5,0],[18,12],[13,12],[7,3],[5,9],[6,4],[4,9],[-1,7],[10,31],[4,-1],[6,-7],[11,1],[13,5],[-1,6],[5,3],[0,9],[-3,9],[1,15],[5,-7],[0,-9],[17,0],[1,7],[-2,5],[3,9],[5,-5],[8,8],[14,6],[9,22],[10,9],[2,-3],[-8,-7],[-8,-19],[-5,-7],[-8,-2],[-11,-10],[-6,-7],[-1,-5],[1,-20],[7,-6],[1,-10],[-2,-6],[8,-8],[3,2],[5,23],[25,11],[5,5],[0,6],[3,3],[70,1],[1,2],[-2,13],[6,7],[-3,16],[3,6],[-1,9],[8,4],[1,-17],[-2,-6],[1,-6],[-3,-3],[1,-7],[4,-2],[0,-7],[-3,-2],[-4,-19],[8,-18],[-6,-57],[-30,-18],[-14,-3],[-5,-4],[-10,-1],[-13,-5],[-1,4],[-26,12],[-16,-6],[-5,-7],[3,-8],[4,-15],[-2,-9],[2,-12],[6,-11],[4,-6],[2,-14],[-5,-20],[-5,-8],[-9,-5],[-30,0],[-7,-7],[-37,-19],[-3,-5],[1,-76],[5,-12],[4,-5],[-4,-12],[-2,-9],[1,-26],[-5,-27],[0,-28],[5,-13],[5,-4],[-1,-6],[6,-5],[4,-1],[7,4],[8,17],[2,1],[-6,-56],[13,-9],[-3,-23],[-1,0],[-6,-49],[-13,2],[-5,17],[-1,21],[-2,14],[-9,4],[-15,2],[-8,-5],[-11,2],[-3,4],[-2,39],[-3,16],[1,22],[1,6],[-4,12],[4,20],[1,22],[-1,32],[-8,1],[-2,10],[0,21],[-3,5],[-4,1],[0,67],[2,4],[0,15],[2,4],[0,12],[10,2],[1,28],[35,1],[0,28],[13,1],[5,8],[0,76],[10,0],[0,28],[-14,-5],[-3,-6],[-11,-3],[-2,-6],[1,-9],[-2,-9],[-4,5],[-4,-4],[-4,0],[-1,-15],[-7,-8],[-4,-14],[-7,-5],[0,-20],[-1,-3],[-20,-3],[0,-11],[2,-7],[-11,-1],[-5,-7],[-2,-5],[-5,-4],[-1,-4],[2,-16],[-5,-18],[-3,-4],[-1,-8],[-4,-8],[-2,-8],[2,-7],[6,-12],[-4,-24],[5,-1],[6,3],[1,-13],[3,-2],[-3,-8],[-6,-1],[-1,-10],[-5,-2],[-1,-7],[6,-4],[1,-14],[5,-12],[7,0],[4,-6],[-4,-5],[6,-2],[-6,-7],[-3,-10],[-6,-7],[-2,-8],[-8,-10],[-1,-5],[-7,-13],[-5,-3],[-3,-6],[0,-14],[-2,-13],[2,-10],[-7,-7],[-6,1],[-11,-5],[-6,-6],[0,-14],[4,-11],[-1,-7],[3,-6],[-4,-5],[-6,8],[-2,-5],[6,-5],[0,-5],[-9,2],[-3,12],[-4,4],[0,6],[-3,9],[-6,-1],[-5,-4],[-3,-8],[-2,-21],[-18,-17],[-4,-4],[-3,-9],[1,-6],[-5,-2],[-7,-11],[-5,-1],[-3,-4],[6,-3],[-2,-12],[2,-6],[13,-5],[0,-8],[-2,-5],[4,-14],[-2,-4],[2,-6],[-8,-27],[1,-7],[8,-13],[-1,-9],[0,-8],[4,-7],[4,-3],[1,-13],[10,3],[6,-2],[-1,-6],[-8,1],[-2,-14],[5,-11],[0,-10],[4,-8],[7,-4],[3,-13],[-7,1],[-3,6],[-1,8],[-6,8],[1,6],[-4,5],[-1,6],[-5,6],[1,12],[-2,8],[-1,10],[-6,9],[0,11],[-7,10],[-2,9],[-8,11],[-1,9],[3,7],[-5,2],[0,5],[4,1],[-3,15],[-5,8],[-21,-1],[-11,16],[5,4],[5,7],[-4,7],[1,11],[4,6],[-6,8],[1,14],[6,6],[2,9],[7,6],[4,12],[-2,5],[2,6],[7,6],[5,15],[4,7],[1,7],[6,1],[-3,8],[4,4],[-1,12],[2,8],[-2,6],[8,6],[1,8],[4,7],[-1,10],[2,12],[11,15],[-1,4],[6,2],[5,4],[2,6],[11,12],[12,8],[10,-4],[3,6],[0,6],[-3,6],[5,13],[7,6],[6,14],[1,9],[-2,5],[-8,-4],[-3,4],[0,8],[4,14],[-4,8],[-6,2],[-7,-6],[-5,2],[-2,10],[-4,5],[-1,27],[3,1],[-19,35],[-3,2],[-8,0],[-9,14],[-11,8],[-8,-3],[-4,-10],[-6,1],[-12,6],[-6,8],[-7,2],[-7,-3],[-5,1],[1,6],[-10,9],[1,12],[-7,8],[1,7],[-7,-2],[-3,3],[-5,-1],[-6,-4],[-2,2],[-1,11],[2,7],[-4,7],[3,9],[0,16],[-5,1],[-10,-9],[-4,6],[-9,6],[-8,1],[-4,6],[-5,-2],[-2,7],[-9,3],[-1,6],[-4,4],[4,15],[5,3],[-4,19],[2,9],[7,5],[5,11],[2,7],[-4,24],[1,5],[-5,11],[0,10],[-9,13],[1,9],[10,5],[8,13],[1,6],[6,1],[1,11],[-4,16],[3,8],[-1,9],[5,5],[-3,11],[-1,9],[2,17],[7,13],[-1,6],[-4,5],[1,8],[-3,27],[-3,8],[-7,3],[-2,4],[5,6],[7,5],[4,10],[-2,5],[7,8],[4,11],[12,17],[1,12],[6,9],[1,10],[3,9],[-4,5],[1,20],[-9,12],[0,7],[6,12],[2,7],[3,5],[-2,22],[2,18],[-1,7],[-4,0],[-8,8],[-7,-6],[-4,7],[-6,1],[-1,5],[-5,-1],[-5,8],[-20,7],[-11,5],[-4,10],[1,12],[2,6],[9,17],[-21,2],[-11,-2],[-12,0],[-17,11],[-5,3],[-14,-1],[-5,1],[-4,12],[-14,95],[-2,11],[-8,12],[-19,15],[-14,20],[3,13],[2,13],[3,2],[1,7],[-5,6],[-1,6],[-6,1],[5,13],[1,8],[-10,12],[-5,5],[5,3],[4,9],[8,1],[0,12],[-4,5],[3,5],[-1,13],[-8,21],[-7,13],[5,6],[-8,41],[-2,5],[-8,10],[-7,4],[-8,14],[-1,10],[3,4],[0,8],[-16,1],[-6,6],[-10,15],[-6,5],[-6,0],[-4,13],[-5,-3],[-3,6],[3,9],[-5,18],[-1,15],[-8,12],[-8,0],[3,7],[-6,2],[-7,8],[-7,3],[-8,0],[-15,-5],[-9,4],[-8,17],[-3,-1],[-6,9],[3,8],[-3,7],[-10,15],[2,12],[-7,9],[-7,3],[-12,0],[-6,-3],[-3,-5],[-9,-9],[-9,7],[-4,-5],[1,-9],[-8,-8],[-4,3],[-9,9],[-8,3],[-1,8],[-10,-5],[3,7],[-7,7],[1,-9],[-6,-2],[0,6],[5,13],[-2,7],[4,8],[6,3],[3,11],[-3,5],[6,13],[-3,3],[-3,-11],[-7,-4],[-5,4],[-2,-8],[-18,-1],[-19,9],[1,7],[-8,0],[0,-6],[-9,2],[-1,6],[-12,12],[-5,9],[-2,10],[5,4],[-8,12],[-2,12],[-5,0],[-3,7],[-1,6],[-3,2],[-4,10],[-3,4],[-1,9],[3,21],[4,6],[-5,11],[3,11],[2,26],[8,26],[5,3],[-2,11],[-5,14],[-7,-2],[-1,8],[6,12],[3,1],[0,-10],[5,5],[-1,7],[-5,7],[-7,-2],[-13,4],[2,8],[-3,11],[-2,18],[9,13],[5,13],[3,5],[-4,9],[0,11],[3,10],[5,5],[1,6],[5,2],[10,9],[11,9],[10,5],[4,7],[6,0]],[[3037,5919],[-1,11],[1,8],[-1,8],[1,23],[-4,4],[-2,15],[1,6],[-3,5],[6,3],[0,11],[-3,4],[-1,11],[-5,6],[-13,2],[-2,10],[1,5],[5,3],[-4,5],[-11,13],[1,12],[-1,9],[3,3],[-1,14],[-7,4],[-8,17],[-1,9],[-4,3],[-9,25],[-5,7],[-3,-7],[-1,-13],[2,-9],[-4,-8],[3,-23],[-1,-19],[-2,-8],[6,-4],[1,-11],[11,-2],[2,-26],[9,-1],[-3,-10],[-4,-1],[-5,-11],[1,-10],[5,-14],[-5,-7],[3,-8],[-3,-5],[-2,-15],[-2,-5],[5,-5],[-6,-5],[4,-6],[-7,-20],[0,12],[-5,9],[-9,1],[-5,-6],[4,-8],[0,-6],[-6,2],[-8,-3],[1,-11],[-1,-14],[-2,-5],[2,-4],[4,-13],[-10,-4],[-9,18],[-6,0],[-7,-13],[0,-16],[4,-4],[2,-7],[4,-2],[6,2],[7,-1],[2,-8],[5,-3],[4,2],[7,-6],[4,-12],[4,-7],[6,-5],[9,-3],[3,-6],[2,-11],[6,-7],[-3,-5],[-1,-13],[7,-11],[11,-3],[8,3],[4,3],[-1,17],[6,6],[6,4],[4,8],[-1,8],[2,3],[-2,6],[7,14],[-5,12],[0,12],[-6,0],[-3,12],[3,9],[7,3],[0,12],[-3,7],[1,13],[-1,10],[5,6]],[[2933,5916],[-3,-16],[5,-4],[7,2],[2,11],[-3,15],[2,4],[4,0],[6,4],[-5,8],[1,5],[4,-1],[-1,13],[10,6],[6,2],[8,-1],[3,7],[-1,13],[-4,-3],[-1,13],[8,0],[3,7],[-5,11],[0,10],[4,12],[-3,33],[-14,3],[-1,5],[2,7],[-5,6],[2,7],[0,20],[-2,20],[3,13],[-2,16],[2,10],[-4,8],[1,8],[4,5],[-3,6],[-6,0],[-14,-14],[-1,-14],[-5,-6],[-8,-5],[1,-4],[5,-3],[3,-5],[4,-26],[0,-9],[4,-9],[0,-11],[-3,-9],[-2,-15],[6,-24],[0,-11],[3,-14],[-3,-9],[4,-9],[-4,-5],[2,-7],[-6,0],[-3,-7],[-6,4],[-5,-3],[-1,-14],[1,-9],[-5,-4],[-1,-8],[4,-4],[-2,-18],[6,-6],[2,-7]],[[3145,5420],[-6,5],[-2,-9],[4,-5],[5,2],[-1,7]],[[3139,6554],[-7,5],[-10,29],[-4,17],[-1,6],[-10,11],[-2,17],[5,13],[7,7],[-5,3],[7,6],[8,1],[3,-2],[2,-8],[-5,-10],[-11,-14],[-5,-9],[1,-7],[7,-4],[4,3],[2,13],[5,0],[3,-4],[0,-9],[-4,-16],[0,-15],[2,-16],[8,-17]],[[3139,6554],[6,-11],[3,-10],[2,-3],[0,-11],[-6,-11],[2,-5],[-5,-6],[2,-9],[-6,-7],[-2,-7],[-3,1],[-2,-9],[-5,-7],[0,-5],[-3,-6],[3,-7],[0,-17],[4,-4],[2,-7],[-5,-6],[2,-5],[-1,-9],[3,-5],[0,-10],[-12,16],[-4,11],[-1,5],[4,14],[4,11],[-1,14],[2,16],[5,10],[4,21],[6,21],[-1,12],[-5,0],[-3,-5],[-2,-11],[-10,-9],[-6,6],[-4,0],[-7,-7],[-4,5],[4,10],[1,6],[7,8],[4,6],[-3,6],[0,8],[-3,3],[-10,1],[-7,8],[-3,7],[-18,5],[-1,7],[10,3],[6,4],[8,3],[0,7],[-10,3],[-1,8],[6,4],[3,7],[-3,11],[2,8],[-5,8],[-7,-8],[0,-6],[-9,1],[-9,9],[-6,9],[1,14],[-2,6],[-4,2],[-4,-4],[-2,-16],[-6,4],[-1,6],[2,11],[-2,11],[-10,6],[-11,-2],[-10,8],[-7,-7],[-4,-8],[-5,-17],[-6,-13],[-12,-8],[-10,-2],[-3,2],[-11,12],[-12,0],[-3,-4],[-13,-12],[-17,-6],[-12,0],[-11,8],[-8,10],[-9,3],[-8,0],[-26,16],[-7,51],[1,9],[-4,17],[1,21],[-5,15],[2,0],[5,-14],[-2,-21],[5,-18],[-1,-9],[7,-49],[17,-11],[16,2],[6,-1],[15,-1],[8,2],[8,5],[6,4],[4,7],[3,19],[5,7],[4,18],[-1,24],[-4,21],[-2,19],[-7,30],[6,6],[1,11],[-3,16],[2,8],[8,6],[2,10],[-3,4],[3,5],[4,17],[-1,9],[-4,6],[0,9],[-9,0],[-8,10],[-7,0],[1,-19],[-6,-1],[-1,9],[-3,6],[-13,3],[-5,4],[-10,0],[-5,-2],[-10,-1],[-17,-7],[-8,14],[5,6],[-1,6],[-4,5],[-7,0],[1,12],[3,2],[5,-5],[3,3],[-2,18],[0,7],[3,12],[0,8],[-5,5],[1,12],[-5,13],[-7,0],[-7,7],[-6,-7],[-28,0],[-3,10],[3,14],[-7,-5],[1,-7],[-9,1],[1,-13],[-14,0],[-2,16],[1,9],[-3,1],[-5,-7],[1,-11],[-2,-8],[-4,26],[-6,1],[-18,22],[2,4],[14,-13],[7,-2],[2,2],[1,11],[6,-3],[1,-10],[6,1],[5,-2],[2,6],[-5,14],[1,14],[-3,11],[2,8],[-4,12],[-2,16],[6,6],[2,10],[-3,17],[1,6],[3,3],[11,-1],[-8,9],[3,8],[-3,4],[-1,5],[2,16],[3,9],[3,18],[-1,6],[-4,2],[-10,-2],[-11,2],[-10,11],[-8,3],[-2,6],[1,10],[8,11],[0,6],[-4,6],[-13,15],[-2,5],[-4,16],[1,27],[-1,18],[4,14],[8,11],[1,4],[-3,10],[2,6],[8,1],[7,-4],[18,-24],[8,-15],[0,-5],[-4,-17],[3,-34],[-1,-37],[-4,-12],[-11,-17],[0,-10],[4,-3],[7,1],[13,10],[1,-5],[5,-2],[4,-12],[0,-23],[-7,4],[-2,-3],[2,-17],[-1,-20],[8,6],[-1,7],[9,3],[4,-3],[0,-9],[-6,-1],[-1,-7],[2,-2],[-2,-9],[5,-7],[-9,-7],[-5,-13],[-7,-7],[-1,-5],[-5,-7],[1,-5],[4,-4],[10,13],[4,1],[7,-6],[11,-1],[-2,5],[0,9],[3,2],[6,-3],[0,-10],[-6,-4],[-8,0],[-3,-4],[1,-13],[9,-15],[4,-9],[5,-10],[3,1],[4,13],[1,10],[8,-2],[4,-8],[5,-1],[6,3],[6,-3],[5,-7],[2,-9],[1,-21],[3,-9],[-2,-9],[4,2],[3,6],[-3,9],[5,1],[5,-12],[-2,-15],[-4,-2],[0,-9],[-6,2],[-5,-10],[1,-16],[7,-24],[9,-11],[19,-14],[8,-10],[13,-10],[7,-8],[3,-1],[17,-12],[0,-5],[4,-16],[0,-17],[-2,-3],[6,-6],[1,-9],[-7,-5],[-6,-8],[-4,-14],[0,-9],[2,-4],[6,-3],[10,-16],[4,-10],[-1,-7],[4,-7],[1,-9],[7,-11],[1,-11],[7,-18],[-7,0],[-2,11],[-6,9],[0,11],[-7,14],[-5,22],[0,7],[-5,5],[-3,9],[-5,-1],[-5,-10],[1,-15],[5,-9],[4,-2],[-1,-8],[4,-7],[1,-16],[-2,-16],[3,-20],[6,0],[3,-6],[4,-1],[5,4],[7,0],[1,3],[89,0],[5,-11],[5,-2],[24,12],[1,2],[9,-4],[-7,15],[0,11],[3,5],[9,0],[4,-4],[-1,-16],[5,-9],[-10,-2],[-5,-9],[-3,-8],[0,-9],[4,-6],[12,-11],[17,-8],[1,-6],[-9,-13],[-2,-12],[1,-5],[0,-15],[3,-10],[4,-5],[9,-7],[1,-16],[6,-7],[1,-10],[7,-9],[5,-1]],[[2745,7173],[4,-3],[3,10],[-6,-1],[-1,-6]],[[2806,7109],[-1,-6],[8,1],[1,4],[-6,6],[-2,-5]],[[2836,6993],[4,7],[-5,6],[-4,-3],[1,-7],[4,-3]],[[2741,7151],[-1,5],[4,9],[-5,0],[0,-9],[6,-18],[1,-10],[8,2],[-9,17],[-4,4]],[[2780,7106],[-4,2],[-3,-5],[-2,-19],[2,-5],[4,0],[5,12],[-3,7],[1,8]],[[2818,7101],[-12,-3],[5,-8],[3,-10],[5,-3],[6,7],[-2,13],[-5,4]],[[2761,7119],[-2,6],[-10,-1],[0,-7],[4,-3],[1,-7],[10,1],[5,-3],[4,4],[-5,7],[-7,3]],[[2856,8593],[6,5],[5,13],[7,4],[4,-3],[2,-7],[0,-9],[-4,-15],[2,-5],[7,-5],[6,3],[2,12],[5,6],[2,-4],[-5,-6],[3,-6],[6,6],[11,4],[9,-8],[-4,-6],[1,-18],[5,-9],[2,-2],[6,1],[5,5],[10,4],[5,-6],[-10,-6],[-1,-6],[9,-10],[-3,-18],[2,-5],[6,-7],[6,3],[-3,13],[3,6],[10,0],[5,4],[3,-6],[1,-12],[7,-6],[4,1],[5,7],[8,4],[4,6],[5,-3],[1,-5],[-4,-5],[6,-8],[-12,-11],[-5,0],[-6,-4],[-3,-12],[6,-10],[12,1],[-3,-5],[3,-8],[7,2],[5,0],[-1,-12],[3,-5],[10,-7],[5,1],[-4,17],[5,1],[5,-10],[4,1],[4,10],[9,8],[8,2],[3,-4],[0,-7],[2,-8],[8,-5],[7,10],[6,-1],[1,-8],[5,-4],[13,6],[5,-4],[3,-6],[-5,-15],[0,-8],[6,-7],[7,-3],[2,-10],[-5,-3],[-5,-9],[4,-13],[-6,-10],[1,-7],[-12,-13],[1,8],[-1,11],[1,9],[-3,15],[0,7],[4,11],[1,8],[4,16],[-1,4],[-8,2],[-7,-1],[-5,-8],[-4,-1],[-7,-7],[-5,-8],[-5,-3],[-5,-9],[1,-16],[-7,-4],[-7,1],[-4,-3],[-8,-11],[-8,-1],[-10,2],[-15,14],[-4,12],[7,11],[-9,5],[-7,18],[2,9],[-8,2],[-5,11],[0,19],[-2,9],[6,21],[5,8],[-2,6],[-3,2],[-12,0],[-9,-5],[-17,7],[-6,1],[-5,-2],[-8,-8],[-6,1],[-17,15],[-5,8],[-2,15],[4,15],[-5,7],[-13,-3],[-4,2],[-1,10],[11,0],[12,7],[-3,9],[-9,-3],[-7,0],[-11,4],[-3,5],[0,12],[-2,4],[-7,-2],[-5,-9],[-5,-1],[-1,11]],[[3028,8362],[-4,-1],[1,-5],[9,-4],[5,1],[5,4],[-4,13],[-9,-2],[-3,-6]],[[2374,8863],[-5,-2],[-7,5],[0,10],[7,-3],[4,1],[4,11],[6,4],[2,9],[-1,7],[3,9],[6,-10],[8,-1],[6,-3],[4,-16],[-8,-6],[-8,-14],[0,-4],[5,-4],[0,-7],[-12,-3],[-7,-5],[3,-14],[9,-12],[5,-2],[3,4],[1,12],[4,3],[7,-2],[-1,-10],[-9,-14],[0,-10],[4,-5],[17,-7],[2,5],[-2,15],[5,4],[4,-3],[-2,-8],[1,-6],[4,-3],[7,0],[6,-5],[3,-8],[-1,-14],[7,-5],[3,5],[0,6],[5,4],[7,-4],[7,-15],[7,3],[-6,-13],[-6,-4],[-3,-6],[1,-8],[6,-3],[0,9],[4,0],[1,-8],[6,-6],[4,-10],[-6,-14],[-8,-6],[1,-9],[5,0],[6,6],[2,-2],[1,-11],[2,-7],[3,-3],[9,6],[5,-2],[-3,-8],[3,-5],[6,0],[3,6],[-4,5],[2,5],[5,-3],[5,3],[-1,5],[-6,4],[-1,5],[7,2],[2,5],[-1,7],[2,6],[12,7],[18,3],[-5,-11],[2,-4],[9,3],[5,0],[1,-8],[6,-4],[7,-2],[2,-7],[5,-7],[6,2],[4,7],[3,-1],[-1,-11],[7,-10],[1,-10],[4,-15],[0,-6],[6,-6],[3,0],[6,8],[0,4],[3,7],[2,12],[-3,6],[-6,7],[1,5],[9,2],[6,5],[7,-12],[4,-3],[4,8],[2,1],[16,-3],[4,-2],[2,-7],[-13,-20],[0,-10],[4,-6],[6,-2],[9,4],[1,15],[5,7],[8,-2],[-4,-9],[-1,-6],[2,-6],[10,-17],[7,2],[1,5],[-7,8],[-2,12],[4,5],[4,-1],[0,-11],[5,-10],[5,-4],[10,4],[8,14],[2,7],[1,13],[6,0],[0,-18],[6,-14],[4,-4],[15,-7],[5,2],[3,7],[9,5],[6,10],[4,16],[3,-1],[3,-8],[-6,-2],[-1,-9],[-5,-16],[4,-4],[4,5],[11,9],[6,4],[1,-5],[-10,-5],[-2,-5],[1,-6],[4,-1],[4,4],[8,2],[4,-1],[1,-13],[15,-14],[-16,4],[-11,-2],[-2,-7],[1,-11],[-2,-9],[-5,-3],[-9,-3],[-15,0],[-11,5],[-8,8],[-9,6],[-3,7],[3,10],[-2,8],[-5,3],[-18,-2],[-27,5],[-32,-2],[-10,-5],[-7,-14],[-4,-4],[-15,7],[-15,-7],[-8,-2],[-12,2],[-10,10],[-4,2],[-9,-1],[-39,2],[-17,-16],[-3,-20],[-5,-4],[-5,0],[-14,12],[-7,8],[-3,6],[-4,15],[-2,13],[4,13],[-1,13],[-3,7],[-19,26],[-20,9],[-6,8],[0,7],[5,9],[4,0],[8,-4],[8,2],[5,10],[9,0],[4,5],[-1,7],[-4,3],[-9,4],[-6,15],[0,9],[-3,4],[-17,7],[-17,-3],[-6,3],[-6,6],[-9,13],[-8,24],[-13,6],[-5,13],[-5,4],[3,5],[-4,4],[-1,5],[4,4],[-2,15],[-4,7]],[[3821,834],[8,1],[-1,-5],[-5,-1],[-2,5]],[[4098,1169],[3,6],[-2,17],[-2,7],[-4,3],[-7,0],[-3,-3],[-6,1],[-3,7],[6,3],[10,-4],[5,3],[8,0],[-4,-10],[2,-5],[5,-5],[2,-11],[-5,-7],[-5,-2]],[[3798,1265],[-7,9],[-7,17],[2,15],[5,-12],[0,-4],[6,-14],[2,-7],[-1,-4]],[[4224,1271],[-3,1],[-3,8],[1,3],[-6,13],[3,5],[-6,6],[-17,-2],[-7,2],[-2,4],[-7,1],[-8,-9],[-3,1],[-7,-6],[-4,0],[-11,7],[-7,2],[-16,1],[-8,-5],[-1,4],[7,4],[13,-1],[9,2],[5,-1],[10,-10],[19,14],[3,4],[7,-5],[14,2],[5,3],[1,8],[-9,12],[-3,15],[5,8],[1,7],[-9,12],[-4,-2],[-4,6],[-7,2],[-9,7],[-2,6],[4,5],[-8,4],[-11,-3],[-9,4],[-6,5],[-6,0],[0,5],[16,-10],[3,-1],[8,4],[5,7],[3,-3],[6,0],[1,-7],[5,-7],[0,-6],[3,-4],[11,-6],[5,1],[7,-10],[3,-19],[8,-5],[4,2],[6,-3],[-10,-4],[-6,6],[-4,-1],[-3,-9],[3,-4],[4,-10],[3,-5],[1,-9],[6,-6],[8,-6],[-3,-6],[-3,-8],[9,-8],[-3,-12]],[[3831,1303],[-6,6],[-3,-4],[-4,6],[-5,-2],[-5,3],[-6,0],[-9,3],[-2,-7],[-4,3],[2,15],[10,0],[5,-8],[2,2],[11,-5],[5,-3],[7,4],[2,-13]],[[3798,1442],[0,7],[7,6],[-3,-17],[-4,4]],[[4108,1497],[6,1],[11,7],[9,2],[4,3],[5,0],[4,2],[4,-1],[4,3],[10,3],[3,6],[2,2],[-2,11],[0,8],[-3,11],[4,4],[-1,4],[0,5],[-6,1],[-6,-2],[-4,-11],[-8,1],[-3,14],[8,-5],[7,3],[-3,4],[-6,-4],[0,8],[8,-2],[4,-5],[5,0],[4,-2],[0,-5],[6,1],[1,-4],[9,3],[6,7],[4,-5],[12,-3],[5,4],[8,-3],[2,10],[8,11],[-4,14],[6,10],[-6,7],[-11,2],[-9,10],[5,0],[3,-7],[11,-3],[0,9],[4,22],[5,0],[-1,-12],[-3,-10],[5,-7],[-3,-14],[-4,-8],[3,-13],[-4,-4],[2,-7],[12,4],[7,6],[4,0],[-1,-8],[4,-6],[12,3],[7,-1],[8,-5],[10,5],[3,-2],[5,2],[3,-6],[10,0],[6,-5],[8,-1],[8,-6],[8,3],[5,-1],[12,5],[11,-10],[2,-7],[-1,-4],[7,-1],[7,8],[7,1],[7,5],[6,5],[5,0],[14,5],[7,-3],[6,-8],[7,1],[3,-2],[11,5],[4,-4],[6,7],[3,-5],[4,-1],[-1,-7],[10,-6],[8,2],[2,-7],[6,-6],[-2,-15],[-7,-6],[-4,0],[-4,-4],[-10,-4],[-3,-4],[-8,-1],[4,-7],[-3,-6],[-6,-4],[-10,0],[-3,8],[5,7],[7,5],[7,14],[1,8],[11,12],[1,13],[-3,0],[0,5],[-9,2],[-7,-2],[-2,-5],[-11,7],[-9,0],[-6,3],[0,4],[-5,2],[-7,-1],[-6,-5],[-1,-5],[-16,-5],[-8,-2],[-1,-5],[-7,-6],[-9,7],[-5,11],[-6,2],[-7,0],[-17,-14],[-4,-8],[-4,-3],[-2,-8],[-8,-5],[-3,-7],[-12,2],[-7,-5],[-11,0],[-10,5],[-7,6],[-4,1],[-3,-1],[-4,2],[-1,-4],[-14,4],[-8,7],[-1,6],[-5,2],[6,8],[5,14],[4,2],[8,10],[10,-5],[5,4],[4,-1],[8,3],[-6,5],[-17,-3],[-4,6],[-9,1],[-8,-3],[-11,-2],[2,-5],[-4,-4],[-9,-2],[-9,4],[-7,1],[-4,5],[-7,-8],[-9,-2],[-4,-6],[-1,-15],[3,-9],[0,-5],[-3,-1],[-2,-6],[-5,-4],[-8,0],[-3,-3],[-4,1],[-13,-7],[-10,-1],[-11,-7],[-5,1]],[[4338,1550],[-5,-1],[-3,5],[-9,0],[-1,5],[-5,1],[-2,3],[-12,0],[-3,4],[-13,-1],[-8,0],[-4,-3],[-4,-1],[-5,1],[-3,-4],[-4,1],[-8,4],[-13,-15],[-2,-7],[2,-9],[16,-15],[6,-3],[3,2],[7,-5],[5,-3],[13,-5],[6,2],[3,-2],[7,5],[11,0],[3,5],[6,5],[2,6],[5,5],[4,8],[-10,0],[-3,4],[9,3],[6,-1],[3,6]],[[3394,1328],[-6,6],[0,5],[6,11],[-3,15],[2,5],[-2,10],[-1,25],[-14,-10],[-3,-5],[-8,-4],[-2,-11],[2,-17],[-10,5],[-1,-6],[-4,-3],[-6,5],[-2,8],[8,18],[2,8],[5,-5],[11,3],[7,6],[-4,7],[5,1],[8,-3],[7,7],[2,5],[-2,11],[2,9],[-2,11],[-4,3],[-1,6],[-3,3],[6,14],[-7,1],[1,7],[6,3],[3,5],[8,-1],[2,6],[4,-4],[5,5],[2,8],[0,9],[-5,2],[-12,-1],[2,11],[-4,8],[-7,-5],[-1,6],[6,2],[5,17],[4,-8],[-3,-2],[0,-7],[6,3],[6,-1],[2,-6],[-2,-10],[-7,-1],[3,-5],[8,9],[2,6],[0,7],[10,-1],[-1,-6],[5,-13],[6,4],[3,4],[-3,5],[1,8],[-5,10],[3,2],[8,0],[-1,7],[2,11],[8,9],[8,-14],[9,-8],[7,-11],[3,9],[-6,5],[5,3],[2,9],[-1,11],[2,7],[4,5],[-1,6],[5,16],[5,4],[1,-12],[-2,-8],[-5,-6],[0,-16],[-3,-19],[0,-4],[7,-8],[2,9],[9,25],[3,14],[11,28],[-5,5],[3,20],[8,22],[7,13],[-1,8],[7,7],[8,4],[6,5],[4,-2],[5,13],[-2,7],[-9,12],[-2,18],[1,6],[-1,26],[2,14],[4,7],[0,10],[-3,6],[2,4],[-7,7],[-2,9],[-1,14],[3,8],[3,-1],[4,4],[9,-3],[5,2],[10,-5],[2,16],[10,-4],[3,3],[11,-1],[-11,12],[3,10],[-1,7],[-13,7],[-12,-10],[-4,-6],[-6,-4],[-7,3],[-7,-2],[-4,4],[-9,26],[-9,3],[-4,10],[9,-5],[-6,13],[0,9],[4,7],[7,-8],[8,3],[13,-9],[7,8],[8,1],[8,-8],[8,4],[4,-4],[7,0],[8,1],[11,-5],[-6,-4],[-6,4],[-4,-1],[-3,-8],[-11,-11],[-2,-4],[-7,-7],[-5,0],[-2,-5],[-7,-8],[-5,2],[-3,5],[-3,-9],[8,-4],[5,3],[5,7],[12,10],[13,-7],[2,-7],[-3,-10],[12,-12],[3,-18],[8,0],[4,3],[3,-4],[10,-2],[11,2],[0,-3],[-6,-13],[2,-8],[10,-2],[3,-15],[9,-5],[-5,23],[11,0],[6,-9],[0,-4],[-5,-2],[0,-9],[-9,-9],[0,-10],[9,-9],[10,-7],[15,-6],[6,-8],[7,-3],[5,0],[5,12],[4,3],[13,1],[9,-4],[10,-22],[9,-13],[-2,-1],[-9,11],[-7,19],[-6,5],[-7,2],[-6,-1],[-11,-14],[-8,-2],[-8,4],[-5,6],[-10,7],[-9,2],[-11,8],[-8,3],[0,-6],[4,-5],[-1,-5],[-6,-3],[1,-7],[-10,3],[-4,-5],[-1,-5],[6,-10],[-2,-10],[-6,2],[-2,4],[5,5],[-4,7],[0,11],[2,5],[6,2],[-6,11],[5,5],[3,8],[-5,11],[1,3],[-2,13],[-6,13],[-6,7],[-1,-12],[3,-3],[1,-11],[2,-9],[1,-12],[-4,-2],[-5,-14],[-6,-6],[2,-4],[7,0],[-6,-12],[4,-8],[-5,-6],[-6,-1],[-2,3],[-7,-3],[-3,2],[-8,10],[-3,9],[-5,-6],[0,-3],[-7,-10],[3,-6],[8,-6],[6,-12],[8,1],[4,12],[5,4],[4,-9],[6,-2],[-3,-8],[-5,-1],[-6,-9],[1,-3],[12,-4],[7,3],[8,-2],[-5,-7],[-10,1],[-6,4],[-12,2],[-2,13],[-9,2],[-5,13],[-4,-1],[-4,-13],[-5,-13],[8,1],[1,-7],[-8,-5],[-2,-3],[-7,2],[-5,6],[-5,-5],[-3,0],[-9,-13],[-6,-7],[-1,-10],[7,-10],[4,7],[-1,6],[2,7],[3,-2],[7,1],[3,-6],[0,-6],[-4,-1],[-10,-21],[6,0],[2,-8],[0,-10],[-6,-12],[6,-4],[4,6],[13,-2],[4,-5],[-1,-5],[6,-3],[4,-14],[9,-16],[2,-18],[5,-13],[-2,-7],[-7,-9],[-5,-3],[3,-8],[-3,-12],[11,0],[0,-6],[9,-4],[4,3],[6,-2],[10,6],[-3,9],[10,7],[0,5],[10,7],[3,-9],[5,3],[1,6],[7,-3],[13,-1],[1,-7],[2,-8],[-4,-7],[-4,-15],[-3,-6],[12,3],[10,10],[4,7],[20,3],[3,-3],[8,5],[-3,4],[9,6],[6,-3],[7,0],[7,6],[4,-3],[13,14],[12,-9],[3,-10],[5,-7],[9,-5],[6,1],[6,-2],[6,3],[5,0],[4,-6],[17,-10],[7,-1],[3,11],[11,5],[0,7],[5,1],[-5,11],[-9,0],[3,10],[6,-4],[5,0],[2,-12],[5,0],[-3,11],[-3,3],[3,8],[6,-9],[-3,-7],[5,-5],[9,-1],[2,-6],[6,6],[2,9],[5,-1],[3,-6],[9,5],[1,12],[7,12],[3,-3],[-1,-7],[4,-3],[2,8],[10,4],[2,7],[5,4],[3,-1],[4,9],[4,3],[-1,5],[3,5],[-2,8],[-3,1],[-1,6],[7,5],[-2,-16],[3,-2],[-4,-7],[4,-2],[-1,-6],[7,0],[1,-5],[-7,1],[-3,5],[-4,-3],[-1,-6],[10,-1],[0,-12],[-4,-12],[-4,2],[-1,6],[-5,4],[-7,0],[-10,-4],[1,-8],[-10,-2],[-5,3],[-3,-4],[0,-9],[-20,-10],[-2,-3],[-8,-1],[3,-6],[-5,-6],[-6,-9],[-4,-1],[-1,-5],[-13,-5],[-7,-7],[2,-8],[-3,-4],[-4,16],[-5,3],[-2,-7],[-6,3],[-2,-2],[-14,8],[-12,-11],[1,-22],[-5,-5],[-8,2],[7,8],[2,7],[3,17],[5,1],[0,8],[-9,6],[-6,-1],[-7,5],[-3,-6],[-5,-1],[-1,-4],[-6,-2],[-1,-6],[-5,-2],[-4,-17],[-12,5],[-4,-5],[-4,2],[-2,-6],[-1,-14],[4,-7],[-8,-8],[-7,-3],[-2,8],[-4,4],[-5,-3],[-3,-11],[-7,-15],[1,-16],[-2,-8],[-4,-9],[-4,3],[-1,11],[-3,1],[-4,-7],[-2,-11],[-2,0],[-11,-15],[-1,-6],[4,-7],[-2,-6],[-6,-9],[1,-12],[-2,-4],[3,-9],[-2,-16],[-9,-11],[-3,4],[6,11],[-3,2],[-8,-11],[-1,-10],[-9,-15],[-1,-9],[6,-13],[3,-13],[7,-10],[5,-5],[-4,-7],[-4,9],[-9,14],[-4,3],[-5,-4],[-2,-13],[4,-9],[-1,-6],[2,-7],[-2,-3],[2,-7],[-1,-6],[4,-4],[3,-7],[6,-6],[1,-8],[4,-7],[-7,0],[-1,6],[-4,7],[-5,2],[-2,-11],[3,-8],[-3,-4],[-3,11],[-11,-17],[-1,-6],[0,-39],[-5,2],[0,11],[2,9],[-1,12],[-3,7],[17,22],[4,10],[-3,4],[-2,10],[0,10],[2,5],[-3,12],[0,12],[-2,3],[2,10],[-1,14],[4,5],[0,11],[-6,-2],[-4,4],[-7,1],[-13,-10],[-3,-10],[-4,0],[-5,-8],[-4,-2],[0,-9],[-5,-9],[0,-10],[-6,-14],[-6,-5],[-6,-14],[0,-7],[-2,-7],[1,-8],[8,-9],[-2,-2],[5,-8],[-2,-9],[-5,-3],[-1,-6],[12,-4],[4,1],[4,10],[7,2],[12,3],[5,-10],[0,-18],[-5,-13],[-3,21],[2,4],[-2,7],[-5,0],[-3,4],[-4,-5],[-11,-8],[-6,3],[-3,-4],[-5,1],[-1,12],[5,8],[-4,10],[-9,9],[-2,11],[4,8],[0,13],[4,7],[-5,4],[5,9],[0,5],[8,5],[5,8],[2,12],[-7,-6],[-4,4],[9,3],[2,5],[4,3],[2,10],[10,6],[1,4],[11,12],[5,6],[8,8],[-2,4],[-11,-2],[-4,6],[12,-2],[9,7],[4,0],[12,9],[9,8],[5,8],[0,12],[4,4],[7,26],[-1,5],[-8,2],[10,9],[4,12],[4,4],[1,7],[3,1],[3,8],[6,7],[6,10],[4,2],[-2,11],[4,9],[0,13],[6,27],[8,7],[2,-2],[7,8],[-3,6],[11,4],[6,-2],[2,5],[2,12],[-8,6],[-6,-1],[1,-7],[-3,-6],[-11,-2],[-4,1],[-5,-2],[-5,1],[-2,-5],[-8,-3],[-7,-6],[-3,-5],[-11,-4],[-5,3],[-3,11],[9,14],[0,16],[-8,0],[-5,2],[-1,-7],[-9,1],[-2,6],[-5,-4],[-1,-14],[-9,-4],[-14,-10],[-7,3],[-5,0],[-8,5],[-8,3],[-8,5],[-3,5],[2,8],[7,6],[-2,7],[3,10],[-4,4],[-10,6],[-8,-1],[-6,15],[-2,10],[6,18],[10,12],[1,6],[-3,4],[-10,1],[-3,-5],[-10,3],[3,14],[-6,2],[0,7],[3,4],[-5,6],[-3,7],[1,7],[-3,5],[-6,-19],[1,-8],[3,-1],[0,-12],[-5,-4],[-1,-20],[2,-9],[-1,-16],[-5,-16],[-5,-9],[1,-6],[-6,-8],[-10,-7],[-4,6],[-6,19],[-7,-1],[-4,-13],[-3,-4],[2,-17],[-2,-19],[-3,-15],[-5,-14],[-6,-6],[-8,-11],[-17,-9],[0,3],[-10,-5],[-9,-1],[-6,2],[-4,9],[-4,-2],[-14,2],[1,-12],[1,-4],[1,-11],[4,-5],[9,-2],[2,-6],[0,-15],[1,-8],[-3,-13],[-5,5],[-9,5],[-6,-9],[3,-15],[-5,-13],[5,-9]],[[3402,1395],[-1,-15],[3,-7],[5,-1],[2,14],[-1,14],[-7,1],[-1,-6]],[[3354,1373],[7,6],[4,9],[-10,-3],[-3,-3],[2,-9]],[[3581,1554],[-2,28],[-2,0],[2,-14],[-2,-17],[4,3]],[[3578,1813],[-2,-7],[-6,-8],[-8,-8],[2,-5],[10,7],[1,-10],[6,10],[4,1],[6,-2],[6,2],[4,-4],[7,-4],[6,3],[1,10],[-2,4],[-8,5],[-9,-4],[-1,-10],[-8,12],[-2,7],[-7,1]],[[3625,1505],[-6,-5],[-5,3],[-1,5],[6,9],[5,0],[1,-12]],[[3636,1514],[-3,8],[5,0],[-2,-8]],[[4063,1578],[-6,-5],[-6,3],[-1,4],[3,8],[10,11],[3,-9],[-3,-12]],[[4319,1698],[-11,0],[-9,2],[-7,7],[-6,3],[-8,-4],[-7,1],[-5,-4],[-8,-2],[-2,-5],[-7,3],[9,6],[9,3],[4,4],[6,-4],[12,6],[5,-4],[7,-9],[7,-3],[10,2],[1,-2]],[[3902,1707],[-2,4],[2,4],[5,1],[2,-5],[1,-8],[-7,-7],[-3,7],[2,4]],[[3926,1714],[-5,-8],[-5,6],[-3,1],[-8,11],[7,-1],[5,4],[1,-11],[5,2],[3,-4]],[[3909,1753],[2,4],[5,0],[4,2],[1,-7],[-7,-4],[-5,5]],[[3833,1693],[-10,-9],[-4,2],[-3,8],[0,4],[-8,9],[-11,-1],[-1,16],[-17,2],[2,9],[9,2],[1,6],[8,3],[3,-9],[6,-2],[7,4],[-3,5],[-4,2],[3,8],[6,3],[0,15],[6,14],[0,7],[4,1],[8,-3],[12,12],[0,-9],[5,0],[11,3],[3,4],[-3,13],[-8,1],[-1,5],[5,4],[4,-4],[3,-9],[6,-1],[2,-9],[-2,-7],[-4,4],[-5,-2],[-2,-5],[3,-9],[-4,-7],[10,-4],[3,-3],[2,-11],[-1,-15],[-1,-7],[-8,-19],[-7,-10],[-5,-3],[-8,-1],[-1,-4],[-9,0],[-2,-3]],[[3517,1697],[4,-6],[-8,-3],[-1,13],[-4,9],[3,7],[1,6],[10,8],[-6,11],[1,4],[8,-10],[5,3],[1,-7],[-4,-9],[-1,-9],[-4,-8],[-6,-3],[1,-6]],[[3891,1767],[3,0],[4,-8],[-6,-1],[-1,9]],[[3679,1745],[-7,-4],[-7,-1],[-3,8],[0,7],[4,6],[6,-2],[0,-8],[7,-6]],[[3914,1796],[11,5],[2,-8],[-9,-1],[-4,4]],[[3912,1803],[-5,4],[2,4],[5,0],[-2,-8]],[[3914,1813],[-8,-1],[-3,3],[4,6],[9,2],[-2,-10]],[[3524,1794],[-3,-6],[-3,-1],[-3,9],[-5,11],[0,6],[8,12],[8,-3],[-1,-6],[-4,-5],[-2,-12],[5,-5]],[[3850,1858],[1,-7],[4,-1],[1,-11],[-2,-9],[-8,3],[4,25]],[[3743,1898],[0,2]],[[3743,1900],[4,-2],[9,0],[8,3],[6,-3],[2,-6],[-2,-5],[7,-1],[4,-5],[5,1],[7,9],[11,2],[2,-5],[-2,-5],[4,-4],[3,-14],[12,-2],[8,-10],[-2,-8],[2,-6],[-10,-21],[-1,4],[9,17],[-2,6],[3,6],[-7,6],[-3,5],[-9,1],[-4,15],[-4,5],[0,9],[-7,-1],[-9,-10],[-6,-2],[-4,7],[-10,-2],[3,10],[-2,4],[-14,-2],[-11,2]],[[3658,1875],[3,-4],[0,-12],[-8,-7],[-5,5],[4,13],[6,5]],[[4252,1952],[4,10],[8,-6],[-2,-9],[3,-6],[-3,-4],[-8,6],[-2,9]],[[3617,1886],[7,-4],[0,-3],[-7,-5],[0,12]],[[3723,1923],[4,-4],[-8,-4],[0,7],[4,1]],[[3606,1908],[-12,3],[3,10],[11,0],[5,-11],[-7,-2]],[[3517,1905],[-6,4],[6,10],[0,-14]],[[3675,1978],[10,-5],[4,-6],[0,-8],[-2,-10],[2,-8],[20,-13],[2,-14],[-1,-10],[-3,-6],[-7,-3],[-5,-5],[-4,4],[-10,2],[-5,13],[-5,-2],[-6,5],[5,15],[9,0],[4,4],[2,7],[-1,6],[4,16],[-6,-2],[-9,10],[-6,20],[-1,0],[-9,-10],[0,5],[5,3],[2,5],[5,0],[6,-13]],[[3511,1919],[-2,9],[4,4],[2,-8],[-4,-5]],[[3743,1900],[0,-2]],[[3743,1898],[0,2]],[[3533,2001],[9,-4],[2,-12],[-3,-7],[-6,2],[-2,8],[-3,4],[0,8],[3,1]],[[3508,1988],[-4,3],[2,6],[8,-5],[5,6],[4,-3],[-9,-7],[-6,0]],[[3651,2005],[-8,-4],[-2,4],[-3,10],[1,5],[5,6],[6,1],[4,-5],[-3,-17]],[[3661,2034],[0,-9],[-7,-1],[-2,9],[6,5],[3,-4]],[[3517,2018],[-4,11],[6,3],[5,-9],[-3,-4],[-4,-1]],[[3956,1619],[-4,9],[0,14],[-1,7],[-3,2],[2,8],[2,3],[4,13],[2,8],[-5,1],[-6,-3],[-6,7],[-5,1],[-3,2],[-6,-4],[-3,5],[-5,-3],[-2,-10],[-4,-2],[-1,8],[-7,7],[12,2],[15,-1],[6,-4],[3,0],[3,-4],[7,-2],[5,4],[-3,4],[-1,12],[-5,9],[0,3],[-8,2],[-2,9],[2,8],[5,2],[0,5],[10,0],[5,-4],[6,18],[-3,15],[-9,9],[1,8],[7,3],[2,6],[4,3],[6,15],[0,13],[9,6],[3,8],[3,13],[-8,-2],[-3,3],[-6,-1],[-5,-13],[-9,-9],[-3,4],[-8,-6],[-4,6],[-3,-4],[-4,4],[-2,6],[-10,2],[-4,-1],[-8,13],[-9,4],[-4,-1],[-24,0],[-5,3],[-6,9],[-9,1],[-4,-13],[0,0],[-4,-26],[-3,-2],[5,-3],[1,-5],[-4,0],[-4,6],[2,4],[0,7],[4,8],[-4,7],[5,1],[0,12],[4,7],[-5,5],[-4,-2],[-5,2],[-3,8],[-12,-6],[-8,2],[-4,12],[-11,17],[2,12],[-3,4],[1,11],[2,8],[0,6],[3,10],[-2,1],[-3,3],[0,15],[-10,10],[-6,3],[-8,-6],[6,-9],[-5,-2],[-2,-7],[4,-2],[2,-6],[-3,-6],[0,-7],[-7,-4],[-2,9],[-3,2],[7,19],[5,6],[-5,7],[-10,-2],[-4,8],[-5,2],[-1,6],[6,7],[7,14],[-3,16],[-1,26],[1,6],[-2,8],[4,8],[-2,8],[2,6],[5,6],[4,-1],[0,-7],[-8,-2],[-1,-3],[2,-8],[-3,-8],[3,-14],[-1,-23],[2,-16],[-3,-9],[0,-7],[-3,-5],[0,-12],[5,-3],[9,1],[8,5],[7,-3],[10,-8],[8,2],[-1,9],[5,1],[-2,-12],[-7,-3],[-4,-5],[1,-8],[3,0],[-1,-5],[4,0],[9,6],[2,13],[3,2],[8,15],[11,4],[4,4],[-2,7],[11,6],[2,6],[-6,7],[-4,7],[-1,7],[-4,7],[-1,8],[3,7],[5,-17],[0,-7],[5,-12],[5,-9],[-3,-7],[-9,-5],[2,-7],[-4,-4],[-6,-2],[-4,-7],[-7,-2],[-3,-9],[-1,-8],[-8,-11],[-2,-7],[-6,0],[-3,-4],[0,-7],[-2,-5],[0,-12],[2,-4],[-1,-10],[8,-16],[5,-6],[6,-3],[11,5],[10,-14],[4,8],[9,-2],[1,-14],[7,0],[8,-8],[4,-2],[15,3],[6,0],[3,3],[0,11],[6,-7],[-1,-10],[6,-1],[8,-16],[5,6],[6,-1],[2,-6],[17,-12],[2,3],[10,2],[7,6],[-1,8],[6,8],[7,1],[11,-3],[3,-7],[12,6],[9,11],[11,-4],[7,5],[3,4],[8,3],[10,-1],[0,9],[-6,-2],[-4,7],[-10,-7],[1,6],[-8,2],[-7,-3],[-11,2],[6,10],[1,7],[-7,1],[-1,6],[-12,5],[-7,10],[-6,-2],[-1,4],[-6,1],[2,15],[-8,5],[-1,11],[-4,15],[-6,14],[-11,7],[1,3],[-4,10],[5,6],[-4,10],[3,7],[-3,4],[1,8],[-3,7],[0,11],[-4,7],[0,12],[-6,8],[-3,14],[-4,3],[-1,11],[-3,6],[0,7],[9,0],[2,5],[-10,25],[4,1],[3,-13],[4,-2],[3,6],[-1,6],[3,15],[1,12],[4,9],[2,9],[-10,5],[-7,13],[-4,3],[-2,-1],[-1,6],[-7,-5],[-3,7],[-1,12],[-5,11],[0,10],[4,2],[-2,5],[-7,10],[-4,-1],[-5,7],[-3,5],[1,11],[-5,18],[7,13],[-3,6],[3,5],[-1,8],[-4,6],[-4,1],[3,8],[-8,7],[3,4],[-2,10],[-7,8],[3,5],[-2,17],[-5,0],[-6,10],[0,10],[-3,5],[2,8],[4,3],[1,8],[3,1],[-1,10],[-8,6],[4,8],[-4,3],[-4,7],[-4,3],[-1,4],[-9,5],[0,-8],[3,-3],[-3,-3],[-9,10],[-3,11],[-7,5],[-3,5],[1,6],[5,3],[9,0],[5,10],[-3,3],[1,7],[2,5],[-2,2],[1,2],[-1,10],[3,6],[-1,6],[-4,4],[2,3],[-2,5],[1,3],[-2,4],[1,6],[-4,1],[0,11],[-6,3],[-9,-8],[-7,-2],[-8,9],[-8,-8],[-4,-2],[-9,-8],[-2,-10],[-4,-1],[-5,-8],[-11,-4],[-4,-5],[0,-7],[-7,-2],[2,11],[3,0],[10,8],[3,0],[8,8],[3,0],[1,10],[-1,6],[-7,-1],[-4,10],[6,-2],[-1,-5],[12,-2],[8,6],[10,9],[8,0],[1,-9],[8,2],[3,11],[11,-3],[2,4],[-2,8],[-4,5],[-8,1],[-5,7],[-3,8],[-4,-2],[-4,10],[1,6],[-6,1],[-2,-4],[-17,-12],[-7,-13],[-1,-10],[-6,1],[11,20],[6,9],[13,6],[3,5],[6,-1],[0,-7],[3,-5],[9,-6],[-1,-5],[4,-5],[9,-1],[1,-5],[3,-3],[1,-4],[5,-4],[-6,-4],[0,-16],[4,0],[-1,-9],[2,-3],[-2,-4],[4,-4],[2,-7],[5,-7],[-2,-6],[-7,1],[2,-9],[-1,-4],[4,-1],[-3,-2],[-2,-10],[5,-1],[-3,-3],[-1,-5],[-5,-9],[-7,4],[-6,-2],[1,-9],[8,-6],[3,-11],[9,-10],[-1,12],[4,3],[1,-4],[6,-2],[0,-3],[6,-6],[2,-4],[5,-1],[-1,-5],[-3,-6],[7,-6],[2,-7],[0,-5],[-3,-1],[0,-9],[-5,-4],[-2,-5],[4,-3],[-1,-12],[10,-5],[6,-9],[-3,-5],[3,-19],[4,-8],[-2,-10],[6,-3],[-2,-9],[6,-3],[3,-15],[-1,-10],[-7,-11],[5,-18],[-1,-11],[6,-4],[-3,-3],[4,-5],[5,1],[1,-3],[9,-6],[-1,-7],[-4,-3],[1,-10],[4,-10],[2,-11],[3,-3],[6,3],[1,-6],[3,-1],[3,-3],[7,-13],[11,-7],[-2,-8],[3,-2],[-8,-8],[0,-13],[-2,-10],[4,-5],[7,-6],[-4,-12],[-3,3],[-4,-4],[2,-5],[-3,-8],[-12,0],[6,-8],[-2,-5],[4,-7],[4,-15],[14,-2],[0,-9],[-2,-5],[6,-10],[3,-1],[1,-15],[-2,-9],[2,-11],[-4,-8],[3,-7],[-1,-7],[2,-4],[7,-3],[2,-5],[10,-9],[-2,-8],[4,-2],[1,-9],[6,-12],[-3,-7],[2,-7],[11,-11],[1,-6],[9,0],[5,-9],[5,0],[4,-12],[4,-2],[6,1],[5,-8],[14,3],[5,6],[5,-3],[1,-13],[12,-8],[1,-8],[15,1],[9,6],[4,10],[7,10],[-1,10],[-7,8],[-4,9],[-3,9],[-9,-2],[-14,15],[-2,11],[-6,3],[-6,6],[8,23],[-12,5],[5,3],[0,4],[-9,0],[0,7],[-7,0],[0,10],[-1,6],[-6,8],[1,4],[5,5],[6,3],[-1,8],[7,-3],[3,-9],[-7,1],[-10,-10],[5,-8],[0,-9],[10,-5],[2,-6],[4,0],[1,-8],[5,-5],[-2,-10],[5,-8],[-3,-9],[6,-7],[1,-11],[7,8],[-3,21],[5,1],[-2,-11],[3,-9],[-2,-7],[3,-12],[2,11],[8,-7],[6,-1],[-1,-6],[3,-8],[10,-6],[2,-4],[-2,-11],[3,-6],[-2,-14],[-4,-8],[-5,-17],[0,-4],[7,-7],[1,-6],[4,-1],[9,7],[-1,9],[5,10],[7,-10],[5,10],[2,2],[4,-8],[1,-9],[7,2],[-2,11],[11,5],[2,4],[4,1],[5,-3],[1,11],[-7,3],[-4,-6],[-8,-4],[3,12],[12,2],[5,-3],[3,-11],[-3,-6],[2,-6],[8,-2],[6,7],[-5,12],[0,9],[-4,23],[4,-6],[-1,-8],[3,-21],[5,-7],[-3,-7],[-7,-5],[-6,0],[-4,-8],[5,-7],[2,-5],[5,2],[4,-10],[7,-4],[2,-5],[7,2],[6,-5],[7,1],[3,-7],[3,-2],[-1,-8],[6,-4],[5,5],[10,3],[1,7],[7,3],[7,-1],[6,-16],[4,6],[9,7],[2,5],[7,3],[7,-11],[12,5],[7,0],[5,-2],[4,3],[8,-1],[7,-13],[8,-2],[5,-3],[-1,-5],[4,-4],[11,1],[0,6],[11,0],[-2,6],[6,19],[-5,3],[4,18],[-1,6],[2,7],[5,0],[0,12],[-5,11],[-7,8],[-9,-6],[-8,1],[-3,6],[-6,4],[-9,4],[-5,8],[-1,13],[7,3],[0,10],[5,7],[-4,3],[0,5],[-4,2],[-7,1],[-6,-4],[-7,5],[0,8],[11,-2],[3,4],[5,-5],[0,-2],[0,-1],[3,-1],[0,-4],[2,-1],[2,-1],[-2,0],[1,-2],[8,-3],[3,-6],[-5,-2],[3,-5],[-1,-8],[-3,-6],[-5,-5],[3,-14],[8,-1],[2,-7],[9,-3],[8,6],[5,-2],[5,-6],[5,-12],[2,-7],[-2,-6],[-7,-9],[2,-7],[-4,-4],[1,-6],[6,-5],[-5,-9],[7,-10],[8,2],[2,-8],[3,-4],[-6,-11],[4,-13],[8,1],[4,3],[9,-3],[3,-3],[8,-3],[6,1],[11,-4],[8,-11],[-5,-5],[-2,-7],[4,-7],[2,-12],[3,-4],[9,-1],[7,4],[9,-2],[0,-5],[-4,-12],[7,-5],[4,-7],[9,-3],[10,11],[10,5],[2,5],[9,3],[6,9],[7,-3],[2,-6],[8,-16],[2,-7],[-6,-21],[-4,-7],[-9,-5],[-4,-10],[-1,-14],[5,-3],[3,5],[5,1],[-1,7],[3,5],[6,3],[7,-4],[9,12],[4,15],[3,4],[11,2],[11,-4],[11,-10],[13,-2],[-3,-6],[-10,-13],[1,-10],[-4,-9],[5,-10],[8,-1],[4,-5],[4,-1],[10,-8],[-2,-19],[7,-5],[10,-10],[1,-3],[-4,-7],[-15,-12],[-5,-12],[-6,4],[4,15],[3,9],[-2,5],[-8,5],[-8,7],[-4,0],[-20,-6],[-5,3],[-6,1],[-9,-4],[-4,1],[-2,-5],[-11,1],[-4,5],[-5,3],[-2,1],[1,7],[10,21],[-3,-1],[-6,5],[-3,14],[-6,-3],[-3,3],[-5,-21],[-4,0],[-7,-5],[-3,0],[-2,-9],[-6,-4],[-7,1],[2,14],[6,4],[4,9],[-3,4],[-1,8],[-5,-3],[-9,6],[-6,-2],[-11,0],[-2,9],[3,4],[8,5],[-5,5],[-10,2],[-5,12],[1,7],[8,10],[6,17],[-1,10],[-6,2],[-12,-4],[-1,-5],[-10,11],[-5,7],[-4,16],[1,8],[-3,6],[-1,9],[-6,9],[-7,-6],[-3,0],[-5,6],[-4,-5],[-5,-1],[-8,15],[-3,12],[5,7],[-5,4],[0,5],[-5,2],[-10,-12],[-10,5],[1,-6],[-7,0],[-2,-9],[-7,-3],[-2,17],[-9,1],[-16,-5],[-8,1],[-5,19],[-3,2],[-14,-2],[-5,-2],[-6,5],[-5,-7],[-5,1],[-8,-7],[-8,7],[4,3],[-5,6],[-5,-8],[-13,-5],[-7,-5],[-7,6],[-6,-6],[-1,10],[7,2],[-5,10],[-7,0],[-4,4],[-8,-3],[-3,5],[-8,4],[-3,11],[-5,-2],[-5,9],[-10,3],[-7,11],[-2,-2],[1,-8],[-5,2],[-7,-3],[-2,11],[-5,1],[-5,-8],[-6,7],[-2,-15],[-11,-5],[-6,0],[0,6],[-8,11],[6,23],[-9,-6],[-10,-5],[-17,-1],[-5,-9],[-12,-6],[-11,3],[-7,-4],[-3,3],[-10,-5],[-4,-10],[-6,-1],[-5,2],[-2,-7],[-5,-3],[-2,-6],[-8,-2],[0,-9],[-5,-7],[-1,-7],[-4,-3],[-7,6],[-5,0],[-3,-8],[-7,-4],[0,-3],[-5,-3],[3,-10],[4,4],[4,-6],[-4,-5],[4,-13],[-3,-15],[-4,-10],[5,-4],[9,4],[5,-5],[-2,-6],[4,-4],[6,0],[5,3],[8,-4],[1,-4],[7,-7],[8,-5],[4,1],[6,6],[7,3],[5,-5],[4,8],[8,3],[1,6],[11,8],[-9,-14],[-7,-5],[-8,-9],[-6,-4],[-7,0],[-5,-5],[-6,-1],[-7,3],[-6,5],[1,9],[-8,3],[-6,-2],[-2,6],[-4,-1],[-1,-9],[-6,-1],[-6,-9],[2,-5],[7,-1],[-3,-12],[4,-11],[4,-1],[-1,-6],[7,-8],[10,-1],[2,-4],[9,1],[2,6],[8,3],[-2,9],[-5,2],[8,10],[2,-7],[-1,-11],[8,-7],[2,-8],[9,-2],[8,-7],[12,2],[0,7],[2,4],[9,2],[8,6],[12,-2],[2,-8],[12,-9],[-2,-4],[8,-6],[11,5],[10,-2],[7,0],[2,-9],[-3,-12],[-6,-5],[-4,-10],[0,-11],[-2,-6],[-5,-7],[-4,0],[-6,-16],[-10,-2],[2,-6],[-2,-8],[1,-7],[-6,-9],[0,-7],[-11,-8],[-8,-1],[-5,3],[-4,-2],[-5,-6],[-6,0],[-5,7],[9,10],[8,0],[11,3],[0,6],[-4,1],[-19,-2],[-5,-3],[-3,4],[8,4],[10,-2],[9,1],[16,-8],[5,6],[1,9],[3,11],[-5,11],[9,11],[10,6],[-14,9],[-3,13],[3,14],[1,5],[4,9],[-11,9],[-4,8],[-7,0],[-12,-4],[-7,3],[-5,-10],[-7,3],[-4,-2],[-13,9],[-6,-2],[-7,9],[-9,3],[-3,-6],[-10,-2],[-4,4],[-7,0],[-3,-4],[-4,2],[1,6],[-4,7],[-2,7],[-5,-4],[-3,-4],[-2,0],[-5,-4],[0,-3],[-7,-6],[4,-6],[-1,-6],[-6,-4],[2,-10]],[[3971,1658],[-1,9],[-4,-2],[3,-6],[2,-1]],[[3743,2059],[-3,5],[6,4],[4,-1],[3,-9],[-6,-7],[-4,8]],[[3622,2043],[8,9],[5,7],[5,0],[4,-6],[-8,-12],[-6,-3],[-8,5]],[[3609,2064],[4,4],[6,-5],[4,11],[6,-4],[-1,-13],[-3,0],[-2,-8],[-5,-3],[-4,6],[-6,4],[1,8]],[[3575,2060],[4,-6],[-4,-5],[-5,6],[5,5]],[[3524,2072],[-1,-8],[-10,-4],[-17,0],[-6,-6],[-3,-12]],[[3487,2042],[3,11],[-3,2],[6,8],[6,2],[13,-1],[3,-2],[7,3],[2,7]],[[3813,2087],[-8,8],[8,0],[0,-8]],[[3541,2063],[-5,6],[4,6],[5,-3],[-4,-9]],[[3586,2067],[-4,-3],[-6,3],[-1,12],[4,6],[5,2],[3,-15],[-1,-5]],[[3640,2089],[9,-3],[2,-5],[-6,-3],[-7,6],[2,5]],[[3687,2112],[-1,-4],[-9,2],[2,12],[4,-9],[4,-1]],[[3775,2136],[-3,-9],[-6,9],[-1,8],[3,6],[5,-5],[-1,-3],[3,-6]],[[4312,1969],[-15,0],[-5,2],[-6,-5],[-6,16],[-1,10],[3,6],[-2,3],[-8,5],[-8,-6],[-7,1],[-4,8],[1,9],[-3,6],[3,8],[-9,6],[-3,5],[-7,4],[-8,-9],[-7,3],[0,7],[-13,14],[-9,11],[-4,-3],[-5,6],[3,4],[-7,20],[-1,11],[-3,12],[5,4],[3,9],[-7,-3],[-5,8],[6,5],[-3,2],[-2,-1],[-1,1],[0,2],[3,7],[-1,4],[1,3],[-1,3],[1,1],[-7,3],[-1,7],[4,5],[12,4],[-9,9],[-1,6],[4,7],[-7,-1],[-2,7],[-8,5],[-1,6],[-3,4],[-7,-6],[-8,7],[0,11],[-6,1],[4,14],[-9,9],[5,10],[1,7],[-8,9],[-4,-1],[-4,7],[8,4],[2,-4],[6,-2],[0,8],[3,4],[-2,15],[-1,4],[2,5],[0,8],[-2,6],[5,22],[-3,0],[-1,9],[3,7],[5,2],[-3,4],[4,3],[2,6],[-1,5],[-10,9],[-7,-2],[0,7],[-13,4],[-3,4],[-5,-1],[0,7],[4,13],[-2,6],[11,10],[2,5],[5,-4],[-3,-4],[-13,-8],[1,-7],[-2,-10],[7,-10],[3,4],[7,-7],[4,3],[8,-5],[1,-6],[7,-6],[1,-7],[-2,-8],[-4,-1],[2,-6],[-2,-2],[-1,-9],[4,-3],[-8,-17],[4,-5],[-5,-4],[3,-3],[-3,-3],[1,-20],[1,-10],[-4,-5],[2,-8],[-5,-1],[-5,6],[-6,-3],[13,-6],[4,-12],[-4,-1],[-2,-11],[7,-10],[-4,-12],[5,-1],[2,-7],[-1,-5],[8,-6],[3,7],[12,-6],[9,-11],[3,-7],[-1,-9],[6,-8],[3,-10],[-6,2],[-7,-4],[2,-4],[-1,-5],[7,-1],[-1,-3],[-4,0],[0,-3],[0,-3],[1,-4],[-1,-4],[-3,-4],[4,-1],[2,-1],[-1,-6],[9,-3],[2,-5],[-3,-5],[1,-6],[-6,-3],[6,-7],[4,-2],[-4,-10],[-4,-3],[5,-7],[3,1],[3,-15],[5,-2],[7,1],[3,-5],[7,-5],[1,-12],[4,-3],[6,1],[8,-2],[5,-7],[6,-1],[2,-5],[5,-5],[2,-8],[-1,-11],[2,-5],[9,4],[5,6],[5,1],[0,-10],[8,-1],[-2,-16],[5,-6],[5,-2],[2,-5],[8,-1],[6,-5],[3,3],[2,18],[-2,7],[-4,4],[-10,24],[0,12],[1,9],[-3,2],[-3,12],[-5,7],[3,17],[-1,4],[-5,-1],[-8,4],[-3,10],[-6,8],[-2,1],[-1,4],[-4,3],[-5,1],[-5,6],[-1,6],[-7,-5],[-5,1],[1,7],[-7,2],[-2,7],[-6,2],[-3,6],[-4,4],[-1,13],[-8,12],[0,12],[-4,14],[2,6],[-2,3],[1,5],[-10,14],[-1,14],[4,6],[1,8],[-3,13],[-7,12],[-2,10],[3,27],[5,0],[8,6],[1,4],[5,-1],[3,-5],[6,1],[1,5],[2,1],[0,9],[5,8],[0,8],[4,9],[5,1],[5,-4],[16,-7],[2,-3],[-23,11],[-8,-7],[0,-9],[-5,-10],[0,-6],[-2,-2],[-3,-8],[-7,3],[-3,5],[-9,-7],[0,-4],[-7,1],[-2,-7],[-1,-19],[2,-10],[7,-12],[3,-13],[-3,-18],[1,-11],[8,-7],[4,8],[5,4],[4,8],[-3,7],[10,26],[5,9],[10,3],[0,-3],[-9,-2],[-4,-5],[-3,-8],[-7,-16],[2,-10],[-5,-13],[-3,0],[-6,-9],[0,-9],[2,-5],[1,-14],[2,-4],[-1,-11],[6,-9],[4,-12],[-1,-5],[7,-10],[3,1],[5,-4],[1,-4],[5,-5],[1,-5],[9,3],[2,-6],[4,-5],[6,-2],[4,-4],[0,-3],[5,-3],[5,0],[3,-8],[-1,-7],[10,-5],[3,2],[0,-7],[0,-7],[-3,-8],[6,-6],[2,-13],[6,-6],[-3,-4],[3,-16],[3,-5],[6,-3],[3,-17],[8,-4],[-3,-12],[3,-4],[-2,-7],[5,-6],[-2,-13],[-7,1],[-7,6],[1,7]],[[3864,2200],[6,-21],[3,-4],[-5,-4],[-13,-3],[-5,4],[3,6],[7,-1],[0,4],[5,6],[-1,13]],[[3665,2257],[-6,-4],[0,6],[10,6],[1,-5],[-5,-3]],[[4238,2435],[8,1],[2,-6],[-2,-11],[-9,0],[-4,10],[1,5],[-2,5],[-5,-3],[-7,1],[1,10],[9,4],[3,-8],[5,-8]],[[3524,2072],[-2,4],[-6,0],[4,7],[0,6],[-4,4],[-1,8],[-5,3],[2,7],[-6,3],[-3,4],[-9,-2],[-6,9],[-7,-2],[-1,12],[-2,4],[0,4],[-4,10],[-11,18],[-5,-2],[-7,8],[-2,7],[-6,1],[-7,13],[2,7],[-3,5],[-5,1],[1,7],[-5,9],[-13,12],[-9,2],[-12,7],[-3,13],[-4,2],[-6,9],[-5,2],[-1,8],[-8,15],[-7,2],[-10,-4],[-2,5],[3,6],[-7,11],[1,8],[-1,14],[1,8],[3,3],[7,9],[-5,6],[-4,0],[-4,10],[-1,10],[-2,3],[3,9],[-4,8],[-10,16],[-7,-2],[-9,5],[-3,4],[-1,7],[7,20],[-8,3],[-6,15],[-5,9],[-2,7],[6,6],[-1,7],[-3,4],[2,8],[-4,14],[7,1],[0,14],[-5,8],[6,5],[1,6],[7,2],[-4,6],[-4,-1],[-1,7],[4,7],[1,18],[-10,4],[3,10],[-4,8],[-5,13],[0,5],[-5,9],[1,11],[-5,8],[-1,7],[3,2],[-5,18],[2,2],[5,-20],[-2,-9],[5,-7],[-1,-12],[4,-8],[0,-5],[5,-13],[8,-13],[-4,-4],[5,-4],[9,4],[4,0],[14,5],[5,14],[1,-1],[-5,-14],[-9,-5],[-10,0],[-7,-7],[2,-8],[-1,-5],[-6,-10],[10,-12],[-3,-4],[-5,0],[-1,-6],[-6,-3],[5,-7],[0,-15],[-6,-2],[3,-7],[-2,-14],[4,-4],[-1,-2],[1,-7],[-5,-6],[2,-5],[6,-2],[3,-6],[2,-10],[5,1],[4,-3],[-3,-19],[-3,-6],[-1,-9],[10,-7],[3,3],[5,0],[2,-7],[8,-3],[1,-7],[6,-7],[1,-8],[-1,-9],[3,-8],[10,-15],[-1,-7],[-6,-5],[-2,-5],[-2,-13],[3,-16],[6,-4],[3,-5],[10,0],[11,-16],[1,-8],[5,-4],[2,-5],[9,-7],[2,-10],[8,-3],[3,-5],[7,0],[14,-7],[9,-26],[5,-8],[-3,-6],[2,-5],[11,-7],[6,-1],[3,5],[-3,10],[2,3],[-2,7],[2,7],[-2,5],[-7,7],[-2,7],[-5,4],[-3,9],[2,1],[5,9],[-1,8],[-3,5],[-5,1],[-3,7],[-12,8],[3,15],[-3,5],[1,13],[-4,4],[-6,20],[4,1],[7,6],[-4,5],[5,6],[-3,10],[1,7],[3,3],[-4,8],[2,10],[2,4],[-2,7],[2,4],[-4,8],[2,6],[-4,2],[-1,10],[6,11],[-3,4],[2,10],[-2,3],[1,10],[-2,7],[-5,4],[3,2],[3,-3],[0,8],[4,5],[-3,3],[2,1],[-3,6],[1,6],[-6,7],[1,6],[-3,6],[4,2],[-7,11],[3,6],[-1,7],[2,5],[-1,6],[8,5],[7,-1],[2,-3],[7,-2],[14,8],[12,10],[0,10],[3,1],[0,5],[-3,0],[2,5],[1,10],[-3,1],[1,5],[-5,2],[1,2],[-1,4],[0,2],[-2,3],[-5,2],[-1,6],[-3,-1],[0,5],[-3,2],[0,2],[-1,4],[-2,1],[0,3],[-7,6],[-8,10],[-5,3],[-4,-1],[-2,3],[-12,2],[-1,3],[-5,7],[-7,-3],[-3,9],[3,-1],[0,-5],[7,2],[4,-2],[5,-10],[9,-1],[2,-4],[4,1],[5,-3],[17,-18],[1,-4],[0,-2],[0,-2],[3,-1],[4,-5],[0,-6],[5,-2],[2,-3],[0,-2],[4,-2],[-4,-4],[6,-1],[-2,-6],[3,-1],[0,-12],[3,1],[3,-3],[1,13],[-2,5],[6,8],[-1,6],[6,6],[7,2],[7,-1],[0,12],[-5,15],[5,10],[1,6],[5,3],[4,11],[-1,12],[-4,6],[-2,10],[1,10],[3,10],[8,1],[6,12],[7,0],[1,5],[5,5],[2,8],[9,4],[4,-3],[1,10],[5,4],[4,9],[5,1],[7,11],[2,10],[6,2],[3,11],[4,0],[1,6],[6,4],[-1,6],[2,9],[-3,2],[5,9],[1,7],[-6,8],[-9,1],[-2,5],[4,2],[2,-5],[13,-8],[-1,12],[-7,5],[-3,7],[-7,2],[1,8],[6,0],[-1,6],[-8,12],[-5,-13],[-5,-5],[-1,7],[-7,-5],[-4,3],[-11,-1],[-3,3],[-11,-5],[-3,5],[4,4],[6,1],[5,-4],[11,-3],[19,5],[0,9],[4,3],[-2,4],[3,8],[4,3],[8,-8],[-4,-7],[-5,-2],[9,-15],[0,-10],[4,-2],[1,-13],[4,-3],[1,-8],[-5,-10],[0,-11],[2,-8],[-4,-15],[-5,-2],[-6,-8],[2,-5],[-12,-17],[-4,-7],[-8,-4],[-9,-15],[0,-6],[-3,-4],[-5,1],[-12,-11],[-2,-5],[-14,-11],[-4,-6],[-5,-15],[3,-11],[3,-6],[0,-11],[-2,-6],[2,-7],[-8,-4],[1,-6],[-7,-5],[7,-26],[-9,-9],[-4,3],[-11,-13],[-6,-5],[5,-7],[-3,-4],[-2,-7],[-3,2],[-3,-1],[1,-6],[-1,-2],[-3,-1],[0,-9],[-12,-11],[-14,-8],[-5,0],[-12,6],[-6,-4],[1,-6],[-2,-8],[4,-21],[-3,-2],[3,-6],[1,-9],[6,-3],[0,-6],[-2,-4],[2,-3],[-2,-1],[2,-4],[-3,-8],[0,-4],[-4,2],[-2,-1],[11,-9],[2,-6],[-5,-8],[-1,-8],[4,-5],[-8,-14],[1,-9],[8,0],[-5,-6],[3,-6],[1,-12],[-2,-11],[0,-8],[3,-6],[-4,-5],[5,-16],[-4,-4],[1,-9],[-8,-8],[2,-8],[3,-2],[5,-9],[-2,-4],[-1,-21],[1,-5],[10,-7],[2,-7],[7,-1],[6,-10],[0,-10],[-4,-3],[0,-8],[6,-2],[-1,-4],[6,-4],[4,-9],[-1,-10],[3,-5],[-2,-15],[5,-2],[2,14],[2,2],[7,17],[5,3],[6,-2],[5,5],[1,10],[3,3],[-1,4],[3,3],[-2,4],[7,8],[-5,9],[0,9],[1,7],[7,6],[-1,5],[5,3],[5,7],[2,9],[-1,6],[2,12],[4,5],[2,6],[-2,4],[1,8],[-9,6],[-6,6],[-8,2],[-3,6],[-6,5],[-3,14],[1,12],[9,6],[2,9],[-8,5],[-3,6],[2,7],[-3,7],[-3,3],[-2,14],[-10,6],[-3,6],[-5,20],[0,7],[11,13],[7,-5],[4,1],[-8,22],[1,5],[-4,11],[3,4],[-1,6],[1,11],[3,0],[-3,-20],[3,-11],[-1,-5],[7,-19],[-2,-8],[-8,4],[-6,-4],[-5,-9],[1,-9],[5,-10],[2,-8],[4,1],[6,-10],[1,-12],[4,-1],[4,-10],[1,-12],[8,-6],[-2,-11],[-4,-4],[-7,-3],[0,-8],[4,-14],[9,-7],[6,-2],[6,-7],[5,-1],[5,-7],[5,15],[2,11],[9,6],[4,14],[4,7],[5,-1],[3,11],[4,7],[-3,2],[0,3],[-2,3],[-1,5],[-3,2],[2,4],[0,6],[4,8],[2,-9],[-5,-9],[1,-5],[4,-1],[1,-5],[1,-3],[-1,-3],[0,-5],[-4,-1],[-3,-13],[-4,-5],[-5,-3],[-2,-10],[-5,-2],[-2,-5],[-4,0],[-1,-10],[-3,-12],[0,-6],[-5,-2],[3,-21],[-7,-5],[0,-14],[-1,-8],[-5,-10],[-4,1],[-2,-8],[-7,-4],[0,-14],[4,-9],[-3,-4],[-4,-12],[1,-3],[-3,-3],[-2,-6],[1,-5],[-6,-7],[-15,-8],[-5,-12],[0,-12],[-7,-6],[1,-8],[7,-5],[3,-6],[0,-8],[3,-20],[-2,-5],[1,-5],[0,-5],[8,-2],[3,-4],[8,2],[2,8],[5,0],[-6,-9],[11,-10],[2,-7],[8,-2],[8,10],[3,9],[4,-4],[3,12],[11,-2],[10,4],[6,1],[4,11],[11,8],[0,11],[-5,5],[-1,7],[-7,5],[2,9],[-6,8],[2,8],[-5,11],[6,18],[2,-17],[5,-4],[3,6],[3,15],[3,-12],[-1,-4],[-7,-11],[-1,-12],[4,-7],[-1,-9],[5,-9],[6,0],[6,4],[4,15],[5,0],[5,10],[4,-4],[4,2],[4,-5],[-12,-4],[-9,-6],[-2,-11],[-3,0],[-2,-9],[-4,0],[-3,-16],[7,-3],[-5,-5],[-9,5],[-4,-1],[-4,-9],[7,-3],[1,7],[6,-9],[-13,-9],[-6,4],[-4,-9],[-10,6],[-9,2],[-1,-6],[-8,0],[-4,-11],[0,-5],[-4,-4],[-8,3],[-1,-7],[3,-3],[0,-7],[-1,-3],[4,-6],[1,-2]],[[3799,2694],[-5,7],[-12,-8],[1,10],[-6,6],[4,7],[-6,4],[1,5],[-4,8],[-7,2],[-4,5],[-3,8],[-5,1],[-6,-5],[-4,-12],[-3,-2],[0,-6],[-4,-3],[-4,3],[-3,-9],[5,-16],[-2,-3],[-6,-2],[-1,-7],[-5,-3],[-2,-5],[3,-6],[-1,-8],[3,-7],[5,-5],[12,5],[2,-5],[-11,1],[-2,-4],[-11,11],[-1,10],[-3,-2],[-5,-8],[0,-14],[-6,-1],[1,7],[4,15],[-7,10],[-8,-1],[-8,1],[-9,-5],[-2,3],[12,6],[8,-2],[9,1],[4,-5],[14,14],[2,8],[6,0],[2,6],[-6,16],[-5,-1],[-10,-6],[-5,4],[-13,-5],[-10,-9],[-7,-5],[-1,7],[8,0],[6,7],[8,5],[1,4],[6,-3],[11,-1],[13,9],[9,3],[-1,7],[7,3],[2,6],[7,7],[6,0],[8,-16],[4,4],[4,-1],[2,-7],[7,-8],[0,-7],[-4,-8],[7,-4],[3,-5],[8,1],[3,-7]],[[3828,3022],[-9,2],[-3,7],[-8,-6],[-17,10],[-4,1],[-12,0],[-3,0],[-1,18],[12,20],[0,5],[6,4],[3,-6],[-7,-4],[1,-8],[7,-8],[6,0],[-2,-11],[-6,-2],[-10,4],[-3,7],[-4,-8],[2,-11],[7,2],[10,0],[4,-3],[10,2],[-3,-7],[5,-2],[8,5],[3,-6],[8,-5]],[[3678,3047],[4,-6],[1,-11],[-4,0],[-3,10],[-5,3],[2,5],[5,-1]],[[3533,3024],[-7,-7],[-4,-1],[12,20],[1,-9],[4,-10],[8,3],[3,12],[6,5],[1,9],[6,1],[0,13],[-5,1],[4,14],[4,4],[5,8],[11,4],[5,-7],[-1,-7],[10,-8],[6,-12],[-1,-6],[3,-2],[5,3],[13,-3],[5,5],[9,0],[3,8],[7,-14],[6,-13],[-6,-2],[-8,18],[-6,0],[-4,2],[-7,-9],[-3,4],[-6,2],[-7,-4],[-6,5],[2,6],[-5,11],[-5,3],[-6,8],[0,5],[-4,5],[-11,-4],[-10,-21],[8,-4],[2,-13],[4,0],[2,5],[5,2],[1,-7],[-5,-3],[-10,2],[-7,-6],[6,-2],[3,-7],[6,4],[4,1],[4,-4],[-1,-4],[-9,-1],[-3,3],[-6,0],[-4,2],[0,7],[-9,-9],[-4,-11],[-5,-4],[-8,2],[-1,7]],[[3721,3059],[4,3],[7,3],[-8,12],[2,5],[-2,6],[-5,2],[3,6],[-7,2],[-7,11],[-5,3],[-5,-2],[-1,-5],[-8,5],[-13,-2],[0,14],[3,4],[-5,8],[-8,5],[-2,-4],[-9,-4],[-4,-5],[-10,-1],[-5,4],[-5,10],[-9,1],[-5,5],[0,-20],[-2,-7],[9,-7],[18,-3],[5,-25],[-4,5],[-3,8],[-2,11],[-8,-1],[-1,-6],[-7,1],[-6,-5],[-6,0],[-8,11],[1,9],[-8,2],[5,7],[8,0],[3,8],[-6,13],[6,6],[-2,8],[6,5],[8,3],[5,-3],[3,7],[-7,9],[-1,8],[-5,2],[-4,5],[-1,6],[6,2],[6,-13],[6,4],[1,-9],[-3,-2],[3,-8],[6,0],[3,7],[8,5],[-3,-9],[4,-6],[-4,-3],[-1,-9],[-4,-2],[-6,2],[0,-8],[7,2],[12,-9],[5,-8],[3,0],[4,15],[11,15],[1,6],[-3,5],[2,13],[4,5],[0,6],[3,5],[-1,6],[4,9],[-8,5],[-2,6],[3,7],[4,-7],[4,-5],[9,3],[12,-5],[-1,-10],[-9,0],[-1,12],[-5,0],[-6,-11],[-2,-2],[1,-12],[6,-1],[5,2],[9,-1],[-4,-5],[-4,2],[-13,-3],[-5,-10],[-3,-9],[2,-15],[-7,-4],[-1,-6],[5,0],[8,-6],[4,1],[5,-5],[11,0],[0,-8],[5,-4],[2,-7],[11,2],[4,-6],[-2,-7],[-5,-1],[-2,-9],[10,-1],[3,6],[3,-2],[7,0],[4,2],[2,13],[8,4],[7,7],[2,10],[3,-4],[-1,-6],[8,0],[-3,-6],[4,-5],[6,-13],[6,0],[1,-5],[10,0],[-2,-5],[-14,7],[-6,-6],[-7,4],[0,10],[2,3],[-1,14],[-3,0],[-8,-6],[-6,-1],[-5,-3],[-3,-13],[-7,-5],[-6,0],[-5,-6],[4,-16],[2,-2],[-1,-9],[3,-7],[-6,-1],[-4,-8],[-3,5]],[[3709,3124],[0,-5],[5,-15],[5,17],[-10,3]],[[3690,3127],[8,-9],[9,2],[1,7],[-4,1],[-3,5],[-8,9],[-14,3],[-2,5],[-6,2],[-2,-5],[14,-21],[7,1]],[[3848,3211],[-4,1],[-3,7],[-4,3],[1,8],[-6,-2],[-1,8],[-4,2],[3,8],[10,-12],[-1,-11],[4,-6],[5,-6]],[[3659,3224],[-5,7],[-3,0],[-8,5],[0,6],[14,0],[4,-4],[2,-12],[-4,-2]],[[4158,3296],[2,-6],[-4,-6],[-3,7],[1,19],[-1,12],[3,3],[4,-9],[-2,-20]],[[3693,3468],[6,-9],[5,-15],[5,-5],[-1,-4],[4,-11],[-3,-9],[1,-8],[16,-3],[0,-6],[-9,3],[-7,-5],[-5,16],[0,5],[3,4],[0,6],[-7,8],[0,7],[-5,12],[-3,14]],[[3518,3457],[4,-22],[2,-5],[-5,-2],[0,8],[-5,9],[4,12]],[[3697,3480],[-7,6],[-5,14],[0,4],[-4,7],[-8,-12],[2,-21],[3,-11],[-3,-9],[-5,-6],[-5,-1],[-5,-4],[-1,-15],[-4,-4],[1,-6],[-11,-5],[13,19],[-1,7],[7,10],[5,0],[6,6],[2,9],[-4,10],[-2,20],[5,8],[3,8],[0,7],[7,2],[-4,16],[5,2],[1,6],[7,2],[4,4],[4,-2],[17,15],[2,5],[2,10],[6,-1],[6,2],[3,12],[4,4],[3,7],[4,1],[0,6],[8,4],[2,-11],[-1,-7],[1,-13],[-4,2],[-2,20],[-5,-14],[-5,1],[-1,-6],[1,-26],[-2,2],[-1,18],[-4,-5],[-11,-5],[0,-4],[-6,-8],[0,-4],[-6,-3],[-6,0],[-1,-10],[-4,-4],[-10,5],[1,-9],[-5,-5],[3,-5],[0,-5],[-7,-1],[-1,-9],[5,-7],[-1,-5],[2,-9],[7,0],[0,-9]],[[3532,3535],[10,7],[7,21],[6,9],[8,4],[15,14],[4,9],[2,10],[7,2],[1,-6],[-4,-5],[0,-8],[-5,-6],[3,-11],[5,-20],[8,-7],[16,-15],[7,-13],[-5,-5],[-1,-16],[-7,4],[6,14],[6,2],[-10,12],[-6,2],[-6,7],[-11,1],[-6,-4],[-5,-11],[-8,-10],[-2,-8],[-5,2],[9,12],[4,3],[6,13],[6,6],[-5,26],[-6,9],[-8,-7],[-15,-9],[-4,-6],[-4,-14],[-11,-9],[-2,1]],[[3724,3619],[1,-7],[-2,-4],[-10,-1],[-9,6],[-6,3],[-1,16],[10,-2],[14,-7],[3,-4]],[[4085,3761],[4,-7],[5,-4],[-2,-15],[4,-10],[-3,-3],[1,-7],[-5,-11],[0,-4],[7,-4],[0,-7],[-3,-8],[2,-18],[3,-10],[-3,-15],[-4,-1],[2,23],[-1,16],[-2,10],[3,10],[-6,1],[0,7],[3,10],[-1,19],[3,14],[-5,2],[-6,8],[-6,15],[10,-1],[0,-10]],[[3869,3714],[-3,-6],[-5,2],[1,7],[7,-3]],[[3860,3728],[4,8],[5,-4],[-4,-5],[-5,1]],[[3876,3734],[-4,7],[5,1],[-1,-8]],[[3863,3739],[-7,-1],[3,8],[4,-7]],[[3879,3752],[1,4],[5,-1],[8,-15],[-4,-3],[-6,2],[-4,5],[0,8]],[[3875,3776],[-2,-8],[-5,8],[7,0]],[[3880,3772],[4,15],[4,-15],[-5,-5],[-3,5]],[[3937,3884],[-2,-2],[0,-8],[-4,-7],[-5,-15],[1,-6],[-3,-10],[1,-4],[-2,-11],[2,-11],[-6,-17],[-2,-7],[5,-8],[3,-8],[-1,-12],[2,-5],[-1,-11],[-5,-8],[3,-4],[-3,-5],[5,-8],[-3,-13],[-4,-1],[-3,-10],[-3,3],[9,16],[-3,18],[5,25],[-2,16],[-6,13],[-1,6],[5,10],[2,13],[0,10],[3,15],[1,12],[3,19],[3,6],[1,6],[-7,-1],[-7,-4],[-15,0],[-3,-2],[-3,-10],[-6,-5],[-4,-7],[-1,-12],[-8,-7],[-3,-19],[-8,-10],[-7,-18],[-14,-5],[1,-8],[5,-17],[0,-7],[-3,-6],[-7,-21],[-7,-8],[-9,-20],[1,11],[6,14],[6,5],[5,18],[5,12],[-4,9],[-3,18],[3,5],[12,3],[7,17],[7,12],[-1,12],[5,8],[7,4],[1,12],[4,10],[8,6],[6,10],[16,1],[21,8],[-1,-5]],[[3811,3802],[-10,-24],[-2,-2],[-7,2],[-5,-2],[-5,-16],[-8,-15],[-15,-1],[-5,-8],[2,-8],[8,-3],[4,-13],[1,-15],[4,-5],[-4,-10],[-4,2],[2,10],[-4,4],[1,15],[-3,8],[-6,0],[-6,12],[0,8],[7,11],[-4,1],[-9,-5],[-7,-6],[-2,-3],[-13,-11],[-5,-20],[-9,-11],[-11,-8],[-3,-6],[-13,-14],[-2,3],[17,22],[12,8],[8,14],[3,15],[4,6],[9,3],[9,12],[9,5],[7,1],[5,-5],[7,-3],[6,3],[4,8],[3,12],[-1,5],[6,11],[0,8],[5,12],[3,-8],[5,-5],[1,9],[1,5],[1,13],[-3,2],[-6,-3],[-8,3],[6,7],[-3,3],[-1,10],[-2,5],[3,10],[-1,5],[-7,6],[-1,9],[6,5],[10,-3],[9,0],[5,-19],[-4,-9],[0,-16],[7,-16],[-1,-20]],[[3884,3811],[8,-1],[-2,-7],[-5,0],[-1,8]],[[3831,3813],[7,-1],[-1,-10],[-6,2],[0,9]],[[3848,3830],[2,-12],[-7,-2],[1,11],[4,3]],[[3840,3849],[-5,-6],[0,10],[5,-4]],[[3854,3900],[-5,5],[6,2],[-1,-7]],[[3866,3924],[7,2],[-1,-10],[-4,3],[-2,5]],[[3955,3953],[0,15],[-11,6],[3,8],[-1,10],[-5,3],[-5,10],[5,1],[2,-7],[6,-7],[3,-11],[8,-11],[4,-13],[9,-5],[4,0],[11,-3],[6,-13],[-4,-13],[-15,22],[-9,2],[-11,6]],[[3717,3965],[6,-4],[-5,-8],[0,-9],[-8,-6],[-9,7],[7,4],[5,6],[-1,6],[5,4]],[[3734,3806],[5,-11],[-3,-2],[-6,7],[-4,19],[6,16],[1,8],[-3,27],[-4,19],[-8,-9],[-4,-6],[-5,-5],[-5,-8],[-7,-8],[-7,-5],[-1,-22],[-4,-7],[-7,-8],[-5,-12],[1,-8],[-2,-7],[-4,9],[-1,-18],[-6,-20],[-4,-1],[-3,12],[-6,-8],[-6,-17],[1,-15],[-2,-10],[-3,-12],[-5,-9],[-1,-10],[2,-12],[-3,-10],[-4,12],[-1,7],[3,15],[6,14],[3,9],[-1,16],[4,21],[7,18],[12,14],[6,17],[8,13],[-1,11],[-13,-15],[-9,-21],[-20,-22],[-4,-8],[-11,-3],[-4,1],[-9,-4],[-12,-6],[-8,-12],[-3,-12],[-9,-16],[-1,-10],[7,-5],[6,-19],[-8,-21],[-2,3],[5,6],[2,14],[-5,13],[-3,3],[-7,1],[0,-8],[-3,-16],[-6,-1],[1,17],[-2,7],[-9,-4],[-14,-3],[-12,-8],[-14,-14],[-3,-13],[-7,0],[1,7],[-3,2],[8,9],[4,8],[8,6],[17,9],[14,4],[16,8],[6,6],[6,8],[2,6],[7,14],[1,5],[-3,5],[-15,-7],[-8,3],[0,-12],[-2,-4],[-5,-3],[-10,-14],[-4,3],[5,11],[4,12],[-7,1],[-5,-16],[-11,-8],[-11,-3],[-1,3],[13,12],[4,11],[13,12],[1,7],[-8,3],[-4,3],[-12,-6],[2,9],[-6,4],[-16,-7],[-14,-1],[-6,-2],[-9,4],[1,4],[10,2],[15,9],[2,7],[-2,8],[-13,2],[-7,-1],[0,5],[11,2],[6,8],[3,-11],[11,-12],[17,-7],[4,-6],[8,-1],[13,-8],[16,-17],[7,0],[8,4],[17,14],[22,5],[9,0],[7,8],[3,8],[13,12],[5,18],[6,10],[9,6],[7,8],[6,18],[9,8],[2,5],[12,8],[6,1],[2,11],[11,5],[-3,8],[1,11],[7,1],[0,14],[-6,-3],[-2,3],[-7,-9],[0,-7],[-6,3],[7,6],[3,9],[12,-2],[3,2],[-1,9],[-3,3],[3,15],[-13,3],[2,20],[4,4],[0,5],[-4,5],[-9,-4],[0,-3],[4,-10],[-1,-9],[-13,-12],[1,15],[-3,2],[3,11],[-4,9],[10,-1],[3,5],[6,-3],[6,2],[1,14],[8,6],[2,7],[6,8],[10,0],[-1,8],[1,14],[-3,6],[-9,-6],[1,7],[4,-1],[3,13],[-4,3],[4,15],[-8,7],[1,10],[3,3],[7,-7],[3,0],[3,9],[1,14],[3,11],[7,1],[2,4],[-4,6],[4,7],[3,-9],[4,-2],[9,12],[-12,23],[-2,6],[4,9],[-3,8],[10,12],[5,15],[5,-1],[0,7],[4,9],[1,11],[8,12],[2,-2],[-5,-9],[-1,-18],[-5,-12],[-14,-19],[-2,-13],[1,-9],[10,-24],[0,-5],[-6,-9],[-19,-23],[-6,-14],[0,-13],[4,-12],[-5,-9],[0,-11],[-5,0],[0,-15],[1,-12],[-1,-10],[-12,-14],[-5,-8],[-2,-9],[-7,-5],[1,-13],[3,-8],[6,-5],[9,2],[4,-14],[6,0],[6,-6],[2,-6],[15,-8],[4,1],[0,-10],[3,-2],[-1,-9],[3,-6],[-1,-5],[9,-1],[5,-7],[-5,-5],[-2,10],[-7,-2],[-3,5],[2,5],[-3,6],[1,6],[-4,11],[-17,8],[-6,1],[3,7],[-4,5],[-7,1],[-4,6],[-7,2],[-1,-10],[2,-4],[-3,-6],[1,-5],[-3,-5],[-2,-10],[2,-7],[-9,-8],[1,-18],[3,-13],[6,-16],[1,-10],[3,-9],[3,-12],[-11,-7],[-2,-9],[4,-11]],[[3913,3993],[-6,1],[-1,9],[4,1],[3,-11]],[[3823,3995],[6,1],[0,-5],[-6,-3],[0,7]],[[3902,4013],[-6,-16],[-4,-1],[5,18],[5,-1]],[[3841,4010],[0,7],[5,0],[-1,-8],[-4,1]],[[3825,4036],[-3,-5],[-1,-9],[-6,1],[1,15],[7,1],[2,-3]],[[3808,4045],[-3,-7],[-5,0],[1,11],[6,0],[1,-4]],[[3790,4049],[-3,-3],[-9,2],[-3,8],[9,1],[6,-8]],[[3657,4085],[3,9],[-12,-5],[-2,3],[10,7],[0,13],[6,-3],[5,-6],[3,9],[-17,10],[12,5],[5,5],[1,7],[-7,-4],[0,7],[7,4],[-2,15],[-5,-2],[-3,-17],[-6,8],[-2,-8],[-4,1],[3,11],[13,15],[5,11],[-2,6],[9,0],[6,6],[1,5],[7,8],[6,13],[3,-3],[-7,-16],[13,5],[10,2],[9,11],[5,-1],[-6,-11],[-9,-6],[-8,-4],[4,-7],[2,-13],[2,-5],[-10,1],[1,14],[-5,8],[-3,-1],[-6,-6],[0,-14],[1,-8],[7,-5],[6,-10],[-3,-3],[-8,5],[0,-6],[-4,-4],[1,-8],[8,-5],[6,3],[2,-7],[-8,-1],[-2,-4],[3,-4],[7,1],[6,-2],[-2,-7],[-11,3],[-2,-4],[5,-15],[-5,-4],[-3,10],[-6,1],[-1,-7],[-8,3],[-8,-13],[-3,-13],[-2,-15],[-3,-10],[-6,-7],[-3,-13],[0,-17],[-4,-5],[-5,-13],[-6,-1],[-2,-11],[-3,-28],[-4,-4],[0,22],[3,23],[7,18],[0,11],[5,3],[5,13],[-1,22],[7,17],[-1,12]],[[3833,4261],[2,-6],[4,-14],[3,-4],[2,-12],[-2,-12],[1,-17],[1,-4],[7,-2],[7,-6],[4,2],[3,7],[6,5],[4,-2],[-1,-15],[3,-4],[7,4],[14,3],[6,-1],[10,-4],[11,-1],[5,-3],[2,-12],[-2,-6],[-10,-6],[-3,-7],[-4,-3],[-1,-5],[3,-15],[11,-4],[4,-4],[2,-9],[1,-12],[-8,0],[-8,7],[-3,7],[-6,9],[-2,11],[-5,7],[0,4],[10,14],[7,7],[-7,10],[-4,2],[-12,-2],[-6,7],[-5,-1],[-5,-5],[-4,0],[-4,3],[-5,11],[-7,-11],[-4,-1],[-9,4],[-6,7],[-3,7],[-1,39],[-7,23],[-7,12],[-1,4],[4,14],[5,-4],[-3,-9],[6,-7]],[[3748,4182],[0,-10],[-4,1],[-5,13],[-3,-6],[2,-14],[3,-4],[-6,-3],[3,-18],[-4,1],[-9,-10],[-4,1],[8,8],[2,13],[-2,9],[-8,-5],[-2,5],[6,2],[4,11],[-2,3],[0,14],[5,16],[12,7],[10,-2],[4,-5],[-3,-6],[-5,7],[-5,-3],[0,-4],[3,-21]],[[3753,4305],[5,-2],[3,-18],[-1,-8],[4,-8],[0,-6],[-3,-11],[-7,-2],[-9,1],[-26,-11],[-19,-7],[-9,2],[-5,-5],[-16,-7],[-18,-6],[-7,-4],[-5,-7],[1,-4],[11,3],[5,-2],[-17,-11],[-3,-5],[2,-9],[19,7],[0,-9],[-5,-2],[-2,-8],[-15,-7],[0,-5],[-10,-3],[1,-5],[14,-1],[-1,-6],[1,-7],[-7,0],[3,-6],[-4,-8],[1,-6],[-3,-6],[3,-4],[7,-3],[-6,-6],[-4,1],[-7,11],[1,10],[-7,4],[-3,-1],[-10,-14],[2,-5],[9,1],[0,-4],[-7,-1],[-3,-3],[4,-5],[1,-11],[13,-1],[-2,-10],[-4,0],[-1,-8],[-6,-1],[-8,24],[-1,8],[-2,9],[-7,10],[-7,-5],[-4,-14],[-9,-18],[-5,-6],[-3,-14],[-9,-13],[-1,-14],[2,-16],[8,-6],[2,-5],[3,-26],[-2,-11],[4,-4],[2,-7],[-11,-1],[-2,-8],[-5,-13],[10,-39],[-14,-4],[-3,3],[1,10],[-11,-1],[-3,5],[11,0],[3,3],[-3,10],[-3,2],[1,12],[2,7],[2,13],[-8,3],[18,14],[8,13],[-2,14],[-5,7],[-4,9],[-4,-6],[-13,-12],[-2,5],[11,11],[3,6],[1,9],[-5,6],[-8,-13],[-12,-13],[-8,-14],[-3,0],[5,14],[15,25],[8,6],[6,8],[2,7],[5,9],[-1,10],[13,7],[5,7],[2,11],[5,10],[-6,1],[-9,8],[-6,-3],[-9,2],[-5,-2],[-10,-8],[-4,-16],[2,-9],[-3,-1],[-4,-11],[-4,1],[0,-11],[-9,1],[-2,-17],[-8,6],[-2,-5],[-4,-18],[-8,-15],[-5,-5],[1,12],[4,11],[-4,3],[-1,8],[10,10],[4,11],[4,5],[1,6],[-16,11],[-12,3],[-5,-6],[-6,-2],[3,-13],[-1,-14],[0,-15],[-5,-7],[-3,-8],[5,-10],[-3,-4],[4,-6],[-3,-5],[3,-3],[5,-16],[5,-4],[-5,-7],[-11,9],[-5,-13],[-3,-12],[6,-7],[9,-17],[10,-2],[13,-8],[-5,-3],[5,-10],[0,-8],[7,-15],[8,-3],[-9,-8],[-9,17],[-4,-15],[-4,-5],[-2,13],[2,7],[0,11],[-8,14],[-4,3],[-8,12],[-7,8],[-6,-2],[-2,10],[-10,-3],[-7,4],[-2,-2],[-3,-14],[-1,-10],[-5,-7],[0,-12],[-4,2],[0,8],[3,6],[3,9],[0,15],[1,6],[7,5],[13,3],[4,3],[4,8],[5,13],[-2,4],[-1,12],[2,9],[1,13],[9,37],[1,11],[-5,6],[2,9],[8,11],[3,9],[9,40],[1,25],[-2,24],[-4,13],[-22,7],[-6,-1],[4,10],[6,7],[10,18],[1,7],[-1,12],[12,-18],[9,0],[16,-15],[5,-14],[9,-20],[5,-4],[14,-2],[8,-12],[6,-3],[13,-2],[9,2],[7,-4],[7,3],[-3,11],[-8,12],[2,7],[5,-5],[12,-3],[14,3],[3,6],[0,7],[-7,6],[-21,8],[-6,7],[-13,13],[-6,12],[-8,3],[-11,-1],[9,7],[0,5],[-6,10],[-6,1],[-4,15],[-17,27],[-11,11],[2,6],[5,-7],[7,-4],[12,-24],[14,-22],[7,-8],[4,-9],[4,-1],[8,-17],[11,-8],[13,-6],[10,3],[4,-5],[7,4],[2,-9],[7,-3],[9,0],[5,2],[3,7],[9,8],[2,12],[7,-6],[4,-8],[8,1],[7,5],[6,2],[6,11],[10,2],[-6,7],[-7,4],[-2,6],[-6,4],[-4,7],[-12,10],[-1,5],[-7,5],[-5,9],[-5,2],[-3,6],[-8,5],[-8,-3],[-11,6],[-3,13],[-12,0],[-6,-6],[-2,7],[10,8],[11,0],[2,7],[-2,7],[-5,5],[-6,14],[-13,-3],[4,6],[9,-1],[-2,7],[-3,2],[-2,7],[-14,12],[-9,2],[-9,-1],[-13,-9],[5,12],[0,9],[-5,4],[-10,0],[-3,4],[-10,2],[8,5],[12,2],[1,3],[3,19],[-1,7],[-5,1],[-12,-2],[-9,-4],[2,9],[16,0],[6,2],[1,25],[-4,25],[-8,31],[14,-33],[7,-54],[-4,-30],[4,-10],[7,-5],[21,-8],[4,-9],[13,-12],[1,-5],[6,-4],[3,-6],[6,-5],[4,0],[2,9],[4,-1],[4,18],[-2,15],[3,0],[1,-25],[2,-3],[-10,-8],[-3,-5],[0,-12],[-9,-27],[2,-5],[6,-3],[2,-5],[6,0],[7,3],[4,-5],[6,-2],[14,-15],[33,-24],[7,-2],[7,0],[15,8],[10,3],[12,9],[4,6],[7,3]],[[3608,4364],[3,8],[-7,0],[4,-8]],[[4044,4307],[6,3],[7,0],[6,-5],[5,-9],[-6,0],[-5,8],[-7,1],[-7,-4],[-6,0],[-4,-4],[2,-18],[4,-2],[6,2],[8,6],[4,-20],[-1,-7],[-19,3],[-17,30],[-2,1],[2,14],[9,-3],[7,6],[8,-2]],[[4011,4290],[-10,12],[-6,-2],[2,-8],[7,-15],[5,-7],[-1,-3],[-9,1],[-6,6],[-5,10],[-2,6],[-9,14],[0,24],[4,1],[5,-5],[7,0],[14,-6],[13,-10],[-2,-17],[-7,-1]],[[4051,4360],[8,-1],[17,1],[12,11],[5,0],[-11,-11],[-10,-4],[0,-6],[-11,4],[-10,2],[0,4]],[[3325,4512],[-4,-6],[-7,-5],[2,-6],[7,-1],[7,2],[7,-1],[6,-9],[7,-4],[-2,-5],[14,7],[2,-6],[16,10],[4,6],[2,16],[7,15],[-4,7],[1,15],[7,9],[5,1],[-6,-11],[9,2],[13,-10],[1,-5],[-9,3],[-5,4],[-6,0],[-3,-4],[2,-13],[-1,-8],[31,-4],[12,-3],[2,-4],[-9,-1],[15,-12],[8,-10],[-2,-2],[-9,5],[-24,21],[-12,2],[-10,0],[-4,-2],[-6,-7],[-1,-12],[-19,-13],[-10,-5],[-8,-6],[-12,-17],[-3,-13],[-6,-5],[1,-9],[-6,-2],[-3,-15],[8,-10],[17,-4],[11,-2],[11,-8],[5,2],[5,5],[8,0],[7,7],[5,-1],[8,19],[11,12],[-3,-15],[10,4],[-3,-7],[-9,-6],[-11,-11],[-5,-9],[-25,-7],[-21,-10],[-2,-10],[2,-3],[10,0],[9,1],[25,7],[11,1],[12,3],[6,3],[13,11],[10,4],[-17,-16],[-3,-5],[0,-6],[-19,0],[-13,-2],[-5,-2],[4,-6],[6,0],[7,-14],[7,-1],[3,-4],[-5,-9],[-6,-4],[-13,12],[-8,-2],[-4,-24],[-2,10],[-7,20],[-4,7],[-6,1],[-9,-8],[-7,-14],[-1,-14],[1,-7],[13,-5],[1,-7],[-10,2],[-3,-2],[-2,-14],[4,-12],[6,-8],[10,-7],[10,-10],[14,-8],[14,-12],[-2,-5],[-11,6],[-20,4],[-16,-1],[-9,-4],[0,-8],[11,-3],[-2,-7],[-14,5],[-5,-2],[8,-7],[22,-4],[16,1],[5,-3],[3,-5],[-14,3],[-1,-11],[-47,8],[0,5],[-45,8],[-3,14],[-5,2],[3,10],[-2,17],[0,7],[2,5],[7,1],[3,4],[-1,5],[5,2],[7,9],[-4,10],[6,4],[5,9],[7,-5],[9,8],[4,12],[3,4],[0,10],[4,10],[-3,3],[-1,10],[5,7],[-2,10],[-3,4],[-3,13],[-7,0],[1,10],[-10,-6],[-6,2],[12,13],[3,0],[2,11],[-3,3],[-1,13],[7,8],[0,8],[5,2],[0,5],[-3,10],[-5,2],[0,10],[-5,8],[-3,-1],[-5,3],[-10,-4],[4,8],[-4,3],[-2,14],[-6,9],[-2,8],[4,6],[1,8],[-7,7],[-12,8],[-3,9],[20,0],[-2,-13],[8,-17],[4,-5],[9,-3],[11,4],[5,-2]],[[4052,4476],[3,-15],[2,-4],[11,-2],[3,-10],[2,1],[6,-8],[6,1],[-1,-7],[-7,-2],[-1,-12],[-8,14],[-2,7],[-4,3],[-4,-28],[-3,6],[2,18],[-2,11],[-9,12],[-3,7],[-6,6],[6,9],[5,-1],[4,-6]],[[3586,4429],[-3,-15],[-22,9],[18,-4],[7,10]],[[4037,4473],[-5,6],[5,8],[7,-2],[-7,-12]],[[4074,4485],[-12,-3],[-3,8],[10,8],[4,-1],[2,-5],[-1,-7]],[[3753,4305],[-11,2],[1,4],[9,-1],[6,3],[4,8],[7,4],[2,6],[-3,4],[3,5],[11,1],[-1,9],[8,11],[2,10],[-10,12],[0,3],[-11,4],[-10,7],[-3,8],[-14,15],[-10,4],[1,5],[7,-4],[13,-11],[12,-16],[10,-3],[11,4],[2,3],[-3,15],[1,18],[4,-10],[3,-2],[0,-8],[4,-10],[6,-7],[6,-4],[9,2],[12,-1],[1,6],[-6,6],[1,10],[4,6],[4,13],[7,3],[9,11],[-3,14],[3,10],[-6,2],[-3,19],[4,11],[-6,8],[-10,3],[3,10],[-3,19],[1,4],[5,8],[-1,7],[6,23],[0,6],[-4,6],[-2,9],[-1,26],[4,6],[1,10],[15,21],[5,12],[0,16],[-3,5],[-4,1],[-12,-8],[-13,-13],[2,18],[-2,8],[-9,3],[-5,-3],[-7,-10],[-3,-7],[-4,-18],[-12,-25],[-2,-7],[4,-8],[-9,1],[-7,-7],[-14,-23],[-10,-9],[0,-9],[2,-8],[-12,9],[-11,-1],[-7,-11],[-1,-17],[-6,7],[-7,1],[-7,-2],[-6,-6],[-3,-14],[2,-16],[-10,0],[-2,5],[1,15],[-6,2],[-7,-6],[-1,4],[12,9],[14,7],[23,20],[4,7],[-1,5],[-11,0],[-16,-12],[-20,-10],[-6,-6],[-7,-9],[-19,-14],[-12,0],[-2,6],[-7,0],[-11,-6],[3,8],[9,4],[18,-3],[7,2],[5,3],[10,10],[10,14],[8,6],[16,9],[-1,4],[-19,13],[3,5],[7,-9],[4,-3],[9,0],[13,4],[17,11],[12,-8],[3,0],[5,18],[-3,10],[1,11],[-3,11],[-3,1],[-27,-1],[-15,4],[-10,-1],[1,13],[23,-4],[15,3],[7,3],[3,9],[-13,12],[2,15],[9,-2],[0,-5],[12,-23],[5,-4],[10,-6],[3,-5],[6,5],[9,-1],[5,6],[0,6],[-6,11],[0,7],[8,18],[45,47],[1,12],[-2,12],[-16,13],[3,24],[10,21],[13,13],[0,22],[16,13],[18,7],[11,3],[25,14],[-2,9],[1,11],[-3,9],[2,6],[6,3],[3,16],[0,15],[6,8],[-3,6],[6,5],[6,-6],[6,1],[0,8],[7,12],[0,7],[10,8],[-14,-32],[-1,-8],[-4,-1],[-8,2],[-2,-6],[1,-10],[5,-10],[-11,-11],[-8,-12],[-1,-17],[2,-6],[-2,-13],[4,-11],[-1,-10],[-7,-13],[0,-8],[5,-7],[-2,-12],[-5,-5],[-4,1],[-4,-8],[2,-4],[-3,-10],[-7,1],[3,-8],[10,-14],[1,-13],[-5,-12],[-16,-18],[-5,-8],[-3,-11],[0,-7],[3,-8],[5,-7],[8,-5],[2,-5],[0,-9],[10,-10],[-4,-13],[4,-14],[-2,-14],[-8,-11],[-7,-6],[-5,-8],[3,-7],[9,-7],[8,2],[2,-5],[8,7],[6,-6],[6,0],[4,3],[1,6],[5,-3],[-4,-5],[11,-6],[4,5],[7,-1],[4,-5],[-5,-3],[-3,-7],[-6,3],[-6,8],[-5,2],[-13,1],[-6,-7],[3,-19],[4,-12],[-2,-6],[1,-10],[-4,-16],[0,-10],[5,-10],[8,-10],[2,-16],[-3,-3],[-3,16],[-14,23],[0,11],[-10,-15],[-9,0],[-6,-6],[-4,-8],[4,-18],[4,-8],[13,-14],[11,0],[-6,-12],[4,-10],[4,-3],[-3,-11],[0,-7],[-11,7],[-1,10],[-4,3],[9,12],[-6,7],[-2,7],[-9,11],[-3,7],[-5,17],[5,13],[0,6],[3,10],[-1,13],[-2,8],[1,10],[-9,7],[-3,-1],[-4,18],[1,25],[15,20],[1,13],[3,10],[6,8],[2,10],[3,6],[0,8],[-7,6],[-5,15],[-6,-7],[-4,-1],[-9,4],[-4,-1],[1,-16],[3,-6],[0,-11],[-4,-7],[0,-7],[4,-15],[-13,-39],[-3,-8],[0,-14],[5,-12],[-9,-11],[-2,-5],[-1,-18],[5,-14],[-1,-6],[-5,-7],[9,-3],[5,-11],[-2,-8],[6,-2],[7,-12],[5,-1],[4,-8],[-1,-7],[-4,-16],[3,-13],[3,-6],[4,-3],[1,-8],[-2,-11],[-2,-3],[-3,-11],[-5,-2],[-2,10],[-8,-1],[-3,-3],[-5,-16],[2,-10],[-2,-9],[-4,11],[3,5],[-1,12],[1,8],[4,6],[7,-1],[2,5],[4,-1],[9,7],[-4,17],[-4,3],[0,11],[-3,7],[4,9],[1,11],[-4,4],[0,-10],[-3,-5],[-6,-3],[-2,-6],[8,-2],[0,-7],[-9,-15],[-2,-14],[-6,-12],[-7,-3],[-6,-12],[1,-7],[-9,-4],[-4,-8],[-6,-3],[-15,-16],[-6,-12],[-1,-8],[-7,-16],[6,1],[6,-9],[-6,-8],[-35,-1],[-8,2]],[[3904,4864],[6,8],[0,5],[-2,5],[-7,-3],[-1,3],[0,13],[5,10],[6,5],[2,8],[-51,-24],[-6,-17],[-4,-60],[15,-78],[8,-6],[-2,12],[0,10],[4,14],[7,14],[16,9],[0,12],[-5,5],[1,11],[-1,4],[-7,5],[-2,10],[11,23],[0,7],[7,-5]],[[3906,4591],[0,10],[-9,4],[-7,7],[-2,9],[-9,9],[-7,-8],[1,-15],[0,-14],[3,-6],[6,-3],[5,-8],[-2,-8],[3,-7],[0,-14],[-3,-9],[1,-4],[8,4],[5,-1],[6,21],[7,5],[1,11],[-3,12],[-4,5]],[[3300,4804],[-11,-1],[-9,7],[7,6],[18,-4],[3,-3],[4,-8],[3,-15],[4,-7],[7,-3],[15,-1],[1,-7],[-16,-8],[-3,-4],[1,-10],[-3,-32],[0,-15],[-9,-39],[0,-11],[-24,-35],[0,-53],[7,-13],[-25,0],[1,5],[-2,9],[-4,7],[9,13],[-6,8],[2,11],[3,2],[3,7],[3,2],[-1,6],[6,4],[1,13],[6,3],[11,12],[-1,9],[7,22],[6,1],[-1,14],[4,10],[-12,0],[2,13],[-3,1],[-5,-6],[6,19],[-10,2],[2,13],[7,15],[-7,16],[-5,15],[6,0],[2,10]],[[3302,4744],[9,-3],[2,9],[-6,4],[-5,-7],[0,-3]],[[3968,4987],[-6,-12],[-2,2],[8,10]],[[3440,5713],[3,6],[-3,3],[1,11],[7,1],[3,-4],[2,-8],[-5,-5],[-4,-7],[-4,3]],[[3609,5804],[5,0],[1,5],[7,-3],[-5,-13],[-7,1],[-4,5],[3,5]],[[3200,6042],[9,17],[10,-3],[-3,-6],[1,-6],[-8,-9],[-1,-6],[-9,4],[1,9]],[[3259,6109],[-15,-5],[-2,-5],[3,-7],[1,-8],[-4,-9],[-6,0],[2,10],[-1,8],[5,14],[9,1],[4,3],[4,-2]],[[3319,6107],[-3,-8],[-6,-5],[-5,0],[0,6],[7,4],[1,4],[6,-1]],[[3362,6101],[0,14],[4,4],[-1,-18],[-3,0]],[[3224,6111],[8,13],[7,4],[5,-3],[2,-5],[-8,-3],[-2,-8],[-4,-3],[3,-7],[-7,-15],[-4,8],[-6,6],[4,6],[2,7]],[[3259,6109],[3,5],[-1,14],[7,-2],[-2,-11],[-7,-6]],[[3295,6168],[-1,-9],[-13,-6],[3,8],[11,7]],[[3200,6162],[3,-12],[-21,-1],[7,4],[6,8],[5,1]],[[3326,6207],[0,-6],[-4,0],[-7,-9],[-9,-11],[-1,-6],[4,-7],[-7,-13],[-3,6],[0,6],[-4,2],[4,8],[5,4],[-2,6],[8,4],[3,7],[13,9]],[[3353,6152],[6,22],[6,7],[8,4],[-2,9],[4,3],[1,28],[5,17],[0,-15],[1,-15],[-6,-12],[0,-17],[-1,-3],[-7,0],[-5,-9],[-2,-8],[0,-11],[-4,-9],[-5,3],[-6,-4],[-5,6],[12,4]],[[3813,6245],[1,12],[8,7],[6,10],[3,-5],[-7,-14],[-7,-21],[-5,-10],[-5,2],[1,16],[5,3]],[[3212,6183],[-3,18],[-1,11],[2,5],[10,3],[-1,-5],[-4,-7],[0,-10],[4,-4],[-1,-8],[4,-3],[5,7],[2,-17],[-9,-14],[-2,-6],[-5,-2],[3,22],[-4,10]],[[3881,6275],[0,-15],[-8,-1],[2,6],[-1,7],[7,3]],[[3385,6240],[-1,11],[4,5],[-1,-17],[-1,-14],[-1,-18],[-3,-13],[-2,-7],[3,-7],[-5,-2],[0,21],[4,0],[1,21],[-1,18],[3,2]],[[3829,6299],[1,-9],[-7,-13],[-10,-9],[-2,1],[1,10],[5,19],[1,10],[5,-1],[6,-8]],[[3196,6241],[2,1],[0,-22],[-3,0],[-4,10],[5,11]],[[3691,6263],[7,12],[8,3],[2,3],[-4,13],[5,13],[3,10],[-1,20],[-2,6],[5,4],[1,-9],[-3,-6],[3,-8],[0,-5],[5,-6],[-5,-12],[-6,-7],[4,-11],[4,-3],[-2,-7],[2,-12],[-7,2],[-9,1],[-4,-10],[3,-13],[7,-14],[-14,0],[-3,29],[1,7]],[[3942,6347],[-1,-9],[-5,-11],[-4,0],[-1,8],[-4,1],[0,-9],[-4,0],[-5,11],[-6,2],[-8,0],[0,3],[6,11],[5,0],[0,-6],[9,0],[5,2],[3,-8],[4,5],[0,13],[5,-6],[1,-7]],[[3375,6310],[-5,8],[1,5],[7,-4],[2,4],[-1,8],[8,-2],[0,-5],[-7,-7],[-1,-10],[4,-12],[-3,-5],[2,-11],[-6,-3],[-5,10],[2,5],[-1,10],[3,9]],[[3874,6356],[-5,1],[4,8],[7,-1],[-6,-8]],[[3755,6341],[-6,-26],[5,-12],[9,-8],[-8,-2],[2,-5],[-3,-4],[3,-4],[-4,-7],[0,-8],[-4,-7],[-6,-6],[-12,1],[-5,3],[-3,5],[7,6],[6,12],[2,10],[-4,9],[-3,6],[-12,4],[14,17],[6,-1],[2,6],[-4,12],[2,8],[-2,4],[-8,3],[-1,7],[-3,10],[1,9],[6,2],[4,-6],[1,-5],[-4,-8],[3,-2],[6,6],[0,7],[-4,11],[-6,1],[-4,7],[-4,-1],[-1,-14],[-3,-9],[-11,-1],[5,10],[5,21],[10,5],[3,10],[0,14],[9,4],[1,5],[6,4],[4,-7],[-1,-6],[5,-1],[3,-18],[-8,-4],[-2,-7],[3,-6],[-4,-4],[0,-12],[4,-1],[3,-15],[-6,-2],[1,-8],[-2,-6],[6,0],[1,-6]],[[3918,6388],[-1,-9],[-3,-5],[0,-7],[-5,-13],[-5,0],[4,10],[0,16],[3,9],[7,-1]],[[3268,6315],[-8,6],[-5,-4],[0,-14],[-6,2],[0,15],[3,6],[0,8],[3,3],[8,0],[4,-4],[15,0],[0,-24],[-3,4],[-5,-2],[-6,4]],[[3304,6328],[-3,5],[9,0],[1,-11],[-7,-2],[0,8]],[[3385,6350],[2,-12],[-7,-5],[1,13],[0,11],[4,-1],[0,-6]],[[3357,6367],[5,10],[10,13],[7,4],[3,-4],[-11,-13],[-8,-23],[-5,-5],[1,14],[-2,4]],[[3823,6398],[-2,6],[2,6],[9,8],[-2,12],[4,13],[4,5],[4,1],[11,13],[2,11],[3,8],[5,-3],[-1,-14],[-4,-6],[1,-8],[-2,-8],[-4,-1],[1,-13],[5,0],[2,-12],[-6,-5],[10,-3],[-11,-12],[-4,-9],[-16,0],[-6,-6],[-8,16],[3,1]],[[3898,6453],[11,-14],[-12,-3],[-7,1],[-3,7],[-14,-1],[2,9],[6,4],[9,1],[8,-4]],[[3359,6394],[0,6],[6,-4],[7,0],[-18,-25],[-2,10],[7,13]],[[3924,6471],[-8,-1],[-2,14],[6,-8],[7,3],[1,-15],[-1,-28],[-4,2],[2,30],[-1,3]],[[3396,6405],[-7,-11],[-1,5],[2,6],[6,0]],[[3290,6378],[22,21],[10,14],[9,10],[7,12],[6,0],[5,-10],[-5,-2],[10,-24],[-6,-3],[-4,-5],[-4,-3],[-19,-1],[-8,-9],[-9,-7],[-5,-1],[0,-10],[-7,0],[0,10],[-15,0],[13,8]],[[3825,6645],[4,-5],[4,-16],[6,3],[7,-4],[3,-6],[-6,-7],[-2,-7],[4,-7],[-7,-4],[0,-17],[-1,-3],[5,-4],[11,-3],[3,-2],[2,-18],[-3,-6],[-6,-8],[0,-12],[-2,-5],[4,-4],[-6,-9],[-5,-5],[-4,-1],[0,-6],[8,6],[6,3],[6,-5],[-10,-6],[4,-5],[-6,-10],[2,-12],[-4,-6],[-7,-7],[-6,-15],[1,-7],[-2,-6],[-8,-10],[0,-8],[-3,-8],[3,-5],[5,-1],[2,-7],[-5,-4],[3,-6],[-5,-9],[-2,-8],[5,-4],[-1,-22],[-10,0],[-2,7],[-8,6],[-3,4],[0,11],[-6,10],[-7,3],[-8,11],[-10,10],[-4,-3],[-1,-9],[4,-12],[2,-9],[1,-13],[-1,-16],[5,-4],[9,-3],[6,-5],[3,-7],[3,-13],[-1,-10],[-3,-8],[-4,-4],[-9,-2],[-3,-14],[-4,-2],[-4,4],[-1,13],[-6,0],[1,-5],[-6,-1],[4,14],[6,0],[3,9],[-1,12],[-9,3],[1,4],[-7,6],[4,5],[4,15],[0,14],[-1,26],[-4,12],[-1,7],[9,17],[-2,5],[-5,24],[6,-1],[2,-9],[6,-8],[-1,13],[-6,5],[-2,7],[-5,0],[-1,10],[6,15],[1,53],[8,-9],[5,2],[4,5],[-3,6],[12,16],[5,0],[2,20],[-12,0],[1,22],[10,1],[1,7],[3,3],[-1,10],[1,17],[-2,3],[0,15],[9,0],[3,6],[7,5],[10,-8]],[[3792,6503],[2,-3],[6,3],[-4,5],[-4,-5]],[[3797,6375],[3,-6],[4,7],[-4,5],[-3,-6]],[[3812,6357],[4,-7],[1,12],[-5,-5]],[[3802,6491],[1,-7],[0,-16],[4,-1],[0,13],[3,9],[-5,5],[-3,-3]],[[3776,6411],[1,-4],[7,-7],[3,-10],[-1,-8],[5,0],[1,6],[-2,11],[-6,9],[-8,3]],[[3802,6573],[5,-2],[5,2],[5,6],[0,4],[-7,5],[-6,-1],[-3,-7],[1,-7]],[[3815,6547],[9,2],[3,10],[-4,5],[-10,0],[-4,-6],[-1,-7],[3,-5],[4,1]],[[3807,6423],[0,4],[9,-2],[3,12],[-7,6],[-6,-6],[-4,2],[-8,-4],[-3,-9],[0,-16],[3,-4],[8,0],[3,5],[2,12]],[[3417,6434],[-8,-11],[-12,-5],[14,16],[4,8],[2,-8]],[[3357,6436],[-5,-10],[-4,6],[9,4]],[[3864,6498],[-11,11],[1,10],[8,-2],[2,-6],[0,-13]],[[3752,6495],[-2,4],[1,18],[7,2],[2,-5],[0,-28],[-3,0],[-5,9]],[[3502,6533],[-5,-22],[-5,-7],[-4,-10],[-5,7],[7,7],[3,10],[7,14],[2,1]],[[3919,6603],[3,-5],[-2,-10],[3,-6],[6,0],[7,-13],[-1,-12],[2,-8],[1,-16],[3,-19],[-4,-8],[-14,2],[-8,-1],[-5,6],[0,29],[-3,11],[9,3],[6,6],[1,12],[-3,10],[-5,5],[-5,2],[-15,-11],[-1,14],[0,17],[3,0],[3,-10],[5,-5],[6,0],[3,6],[5,1]],[[3933,6535],[-6,-2],[0,-7],[-11,4],[4,-13],[3,-5],[5,-2],[7,9],[1,7],[-3,9]],[[3494,6527],[-9,-11],[-1,8],[8,6],[2,-3]],[[3389,6519],[3,6],[14,21],[4,12],[6,7],[14,3],[-1,-4],[-10,-6],[-2,-9],[-5,-5],[-6,-1],[-5,-6],[-6,-12],[-1,-5],[3,-24],[-12,-5],[-7,-8],[-3,3],[7,13],[7,20]],[[3483,6540],[4,2],[7,-5],[-3,-4],[-6,-4],[1,8],[-3,3]],[[3521,6546],[8,0],[11,4],[-5,-8],[-5,-4],[-9,2],[0,6]],[[3400,6530],[8,9],[11,5],[2,10],[9,5],[4,5],[8,7],[5,2],[6,11],[9,1],[0,14],[3,7],[5,2],[-2,-11],[-7,-15],[-14,-14],[-18,-11],[-3,-10],[-5,-10],[-7,1],[-7,-5],[-5,-7],[-2,4]],[[3877,6616],[4,-8],[-8,-9],[-12,0],[0,-5],[-7,0],[-1,7],[2,5],[7,7],[0,9],[6,-4],[6,2],[3,-4]],[[3715,6809],[0,-6],[3,-4],[-1,-6],[6,-4],[6,-1],[13,-15],[5,-8],[5,-2],[5,-6],[3,-13],[10,-3],[17,-1],[7,-10],[11,-6],[1,-8],[-2,-8],[1,-8],[3,-5],[-2,-4],[-1,-8],[2,-13],[6,-9],[-5,-6],[-6,-3],[-8,-8],[-4,0],[-1,-15],[-7,-1],[-3,-19],[-5,2],[0,6],[-6,2],[-2,-33],[5,-10],[-1,-23],[-10,0],[1,-12],[-3,-7],[-8,-2],[-6,-8],[-1,-28],[5,-10],[5,-3],[0,-14],[-2,-9],[-4,-5],[-4,-13],[-5,-7],[-6,0],[-3,-4],[0,-12],[-1,-6],[-8,10],[-5,4],[0,22],[-1,19],[7,9],[-2,16],[-6,5],[4,3],[9,4],[3,6],[1,13],[6,16],[-1,9],[-6,1],[-7,14],[0,12],[-3,16],[2,31],[-3,24],[1,9],[3,10],[-1,9],[6,0],[0,-7],[-3,-8],[-1,-19],[2,-15],[-1,-13],[22,0],[0,13],[7,12],[-2,10],[-6,7],[-8,-2],[0,6],[4,12],[1,9],[5,8],[1,21],[-1,17],[6,13],[-1,13],[-3,8],[-4,-5],[-7,1],[-2,15],[-3,6],[-11,11],[-5,4],[-12,4],[-6,-4],[-4,6],[6,3],[5,-1],[6,11],[3,-2]],[[3730,6464],[-6,-2],[-3,-14],[1,-5],[5,-1],[10,8],[-5,9],[-2,5]],[[3770,6655],[2,-7],[-1,-10],[-2,-4],[-10,-10],[1,-7],[6,11],[13,9],[7,10],[0,8],[-3,4],[-13,-4]],[[3780,6719],[-10,0],[-7,-9],[4,-6],[-2,-7],[9,-6],[2,3],[2,10],[4,-3],[-2,-13],[7,10],[2,9],[-2,8],[-7,4]],[[3444,6618],[1,12],[3,1],[3,6],[4,-9],[-4,-8],[3,-6],[4,9],[5,-5],[0,-10],[-4,-9],[-1,-9],[-7,-2],[-6,-11],[5,24],[-1,5],[-5,12]],[[3842,6683],[12,-18],[4,-6],[-2,-22],[-3,-5],[-1,-7],[-8,1],[-7,7],[3,8],[2,27],[-6,-6],[-12,-5],[-6,4],[13,2],[3,9],[-1,10],[-5,4],[-4,0],[-7,6],[8,8],[6,2],[0,14],[3,2],[4,-13],[10,-1],[-1,-16],[-5,-1],[0,-4]],[[3847,6805],[-3,0],[-1,9],[-7,8],[6,6],[1,8],[6,2],[6,-5],[3,-12],[12,-13],[1,-3],[-1,-13],[3,-15],[5,-15],[5,-14],[5,2],[2,-9],[-5,-18],[3,-6],[9,-3],[8,-1],[5,-3],[2,-10],[0,-11],[9,-14],[2,-13],[0,-25],[3,-11],[-6,-3],[0,-6],[-3,-7],[-8,5],[-8,-4],[1,7],[-2,6],[1,7],[-3,3],[-6,-1],[-8,-6],[-4,6],[-5,-2],[-4,10],[1,11],[5,3],[2,5],[-4,12],[1,4],[-2,11],[0,12],[-3,3],[-6,-4],[-1,9],[-8,7],[4,10],[9,4],[1,13],[6,3],[-2,4],[-9,3],[2,8],[-3,6],[2,10],[-3,11],[1,18],[-8,7],[-4,9],[-4,0],[-2,-4],[1,-11]],[[3465,6688],[0,-7],[-3,-8],[1,-13],[-5,1],[0,9],[-3,3],[8,9],[2,6]],[[3890,6734],[7,-9],[4,-10],[-9,4],[-4,7],[2,8]],[[3878,6774],[-5,16],[1,24],[5,8],[2,-2],[-5,-10],[-1,-14],[2,-11],[3,-2],[4,6],[2,-13],[-3,-5],[-5,3]],[[3595,6779],[0,21],[3,-4],[6,1],[8,-8],[8,5],[1,7],[8,3],[-5,-10],[1,-7],[0,-13],[-6,-8],[-1,-7],[-7,-6],[-7,19],[-9,7]],[[3770,6764],[0,8],[12,11],[-1,8],[-7,6],[-2,6],[-4,3],[-11,-7],[0,6],[12,5],[22,15],[0,-17],[4,-5],[4,9],[-1,25],[-7,10],[-3,9],[-7,9],[-1,9],[-4,8],[-4,17],[0,9],[-2,9],[9,-2],[5,2],[4,-8],[6,-7],[2,-3],[1,-12],[2,-5],[1,-23],[3,-6],[-2,-5],[0,-10],[1,-11],[6,-1],[4,-11],[0,-33],[5,-4],[2,-11],[2,-6],[-1,-11],[-5,11],[-7,4],[-9,1],[-6,-3],[-3,-11],[2,-6],[-6,-3],[-7,5],[-7,10],[-2,6]],[[3792,6788],[-4,-7],[2,-9],[5,-7],[3,3],[-2,7],[1,8],[-5,5]],[[3720,6848],[1,-5],[0,-11],[-8,-4],[-10,3],[10,12],[7,5]],[[3825,6902],[5,1],[2,-5],[5,-7],[9,3],[4,-1],[2,-9],[8,-5],[0,-7],[4,-6],[1,-11],[-4,-4],[-1,-7],[3,-4],[1,-8],[7,1],[-4,-11],[-5,-1],[-3,5],[2,9],[-4,5],[-6,3],[-10,-3],[-6,3],[1,8],[3,5],[8,-1],[4,16],[-6,8],[-3,-2],[-8,12],[-5,4],[-4,9]],[[3854,6892],[-2,3],[-16,1],[-4,9],[0,5],[9,8],[0,-7],[13,-11],[5,-7],[5,-15],[6,-22],[-4,3],[1,7],[-4,6],[-1,10],[-7,5],[-1,5]],[[3764,6933],[1,-21],[-8,3],[-6,4],[7,11],[6,3]],[[3639,6934],[2,-13],[0,-33],[-6,-8],[-3,-9],[-10,-1],[-8,-2],[0,-8],[-2,-3],[-8,0],[-1,7],[-9,4],[-7,-4],[-4,-7],[-3,-1],[-6,-11],[0,-11],[4,-10],[-3,-8],[-5,5],[-6,-10],[-7,-1],[-5,9],[-3,0],[-3,-12],[4,-7],[-8,-2],[-4,4],[5,12],[6,12],[1,16],[0,16],[-3,11],[-7,4],[-3,7],[0,12],[0,9],[1,18],[0,14],[-9,25],[0,24],[-2,5],[-8,8],[3,10],[1,21],[15,0],[19,-31],[11,-23],[3,-1],[10,-18],[5,2],[3,4],[2,12],[27,0],[8,9],[14,-22],[-1,-3],[0,-21]],[[3428,7452],[-3,-3],[0,-9],[-3,-5],[4,-5],[-7,-3],[1,-8],[-4,0],[-5,4],[-2,-4],[4,-5],[-6,-6],[-2,-11],[-5,-8],[2,-8],[-3,-6],[3,-6],[-13,2],[-2,4],[-36,23],[1,16],[-6,5],[-2,8],[9,5],[0,7],[2,7],[4,4],[-1,10],[-5,16],[3,5],[-3,24],[-4,8],[0,8],[-8,2],[-8,4],[0,10],[-2,2],[0,14],[-13,2],[-2,7],[-5,0],[-5,-4],[0,10],[-5,1],[-5,-3],[-6,0],[-4,4],[-10,5],[-3,7],[1,12],[6,-9],[17,1],[13,-3],[9,4],[8,8],[15,5],[2,-2],[5,-13],[8,-1],[1,2],[12,4],[5,0],[7,6],[1,4],[-3,10],[9,1],[7,6],[6,0],[9,-8],[5,-9],[7,-5],[1,-13],[-6,-11],[0,-8],[-3,-9],[-6,0],[-7,-3],[3,-8],[-3,-6],[8,-6],[0,-9],[5,-11],[-3,-8],[-1,-10],[2,-7],[7,3],[8,-12],[5,3],[4,-3],[-8,-10],[8,-5],[-9,-10]],[[3266,7601],[1,-6],[-3,-9],[-8,-4],[-6,11],[2,6],[0,6],[-7,2],[-4,7],[-19,0],[-18,-6],[-5,-4],[-11,11],[-8,-2],[-1,11],[-9,7],[-4,6],[-1,11],[-4,11],[5,9],[-3,5],[0,1],[0,4],[-3,5],[-4,26],[-7,19],[-6,13],[-3,11],[-6,11],[-1,8],[-4,5],[-7,26],[-2,8],[10,7],[4,-14],[-1,-5],[4,-6],[0,-6],[5,-6],[4,1],[7,-6],[0,-4],[6,-13],[11,-12],[-1,-9],[4,-4],[2,-6],[-3,-6],[-6,-6],[-2,-8],[6,-5],[-7,-2],[4,-12],[-3,-6],[-1,-5],[1,-4],[10,6],[5,-11],[-5,-7],[-4,-3],[2,-8],[11,-13],[5,6],[4,-8],[7,-1],[4,2],[7,-3],[9,10],[3,0],[3,-9],[4,-1],[2,7],[7,4],[8,-2],[4,2],[4,-11],[6,-3],[3,-5],[1,-8],[6,1],[3,-11],[-7,-6]],[[3108,7822],[-4,7],[-9,9],[-6,-2],[-9,-7],[-4,1],[-3,5],[3,9],[4,2],[8,-1],[3,6],[-9,-2],[-9,1],[-3,2],[-1,8],[9,6],[8,0],[2,4],[-11,1],[-8,2],[-17,-2],[-2,6],[15,4],[1,5],[-9,9],[-5,13],[1,6],[-7,2],[-1,6],[9,2],[-1,7],[-10,1],[-4,3],[-1,7],[2,11],[-5,19],[1,5],[3,5],[7,1],[4,4],[-2,8],[-9,2],[-4,11],[0,22],[2,18],[3,20],[6,21],[3,5],[10,7],[1,3],[2,16],[6,2],[5,6],[-1,4],[-11,-9],[-3,0],[-3,6],[2,15],[4,10],[7,2],[4,-3],[4,3],[2,9],[-3,7],[1,7],[7,6],[0,7],[-8,5],[-5,8],[-1,17],[-4,19],[1,11],[5,10],[8,8],[4,0],[5,-5],[11,4],[3,11],[9,3],[6,9],[-1,5],[-7,7],[1,16],[3,-2],[7,1],[-5,-10],[0,-4],[9,-7],[-5,-6],[0,-7],[-7,-2],[-6,-9],[-1,-10],[4,1],[2,-13],[-4,0],[-9,-6],[-6,4],[-6,-4],[-2,-8],[1,-7],[7,-7],[-3,-4],[3,-7],[6,-7],[1,-12],[4,-6],[5,0],[3,-10],[-5,-14],[5,-14],[-1,-5],[-5,-3],[-1,-5],[5,-5],[-5,-5],[-3,6],[-8,3],[-12,-16],[2,-7],[-5,-4],[3,-3],[0,-26],[5,-3],[-3,-6],[4,-11],[-1,-6],[-6,-8],[0,-13],[5,-4],[5,3],[4,-5],[5,-12],[3,-3],[4,-15],[-5,-8],[-2,-6],[2,-4],[-4,-8],[3,-4],[2,-23],[-6,0],[-3,7],[-7,-3],[-1,-4],[7,-1],[-4,-8],[5,-8],[7,1],[-4,-16],[5,-1],[0,9],[3,2],[4,-10],[0,-6],[-5,-7],[4,-4],[12,-1],[-1,-6],[-9,3],[-2,-12],[6,-3],[2,-4],[-3,-10],[-7,-3],[7,-5],[-3,-11],[7,-9],[-2,-14],[-6,2]],[[4341,1944],[-1,5],[-3,3],[6,0],[0,1],[2,-1],[1,-8],[-5,0]],[[4352,2110],[8,0],[-1,-8],[-6,1],[-5,-4],[-4,0],[0,13],[8,-2]],[[4245,2449],[5,-1],[-4,-8],[-10,2],[1,6],[6,-2],[2,3]],[[4204,3050],[5,-3],[4,-4],[-1,-2],[5,-6],[2,-8],[8,-3],[-2,-4],[1,-15],[12,-6],[-2,-6],[-4,-3],[3,-9],[0,-6],[9,-11],[4,-12],[-1,-9],[-2,-12],[5,-2],[3,-10],[-6,-1],[-3,10],[-7,11],[3,12],[-4,7],[0,9],[-6,4],[4,9],[-4,9],[4,5],[-3,7],[-6,2],[-1,10],[0,10],[-6,3],[-6,10],[-2,5],[2,3],[-6,2],[-2,4]],[[4204,3381],[-4,-1],[-2,11],[2,14],[7,5],[4,-4],[-3,-6],[-1,-13],[-3,-6]],[[4168,3703],[-5,26],[0,17],[3,-1],[-1,-16],[2,-15],[1,-11]],[[4162,4137],[9,-4],[11,7],[2,-6],[-7,1],[-5,-5],[-2,-9],[5,-21],[-4,-15],[-3,-14],[0,-13],[-2,-13],[2,-9],[-4,-4],[-4,-13],[7,-13],[-2,-11],[1,-7],[0,-19],[-3,-13],[0,-11],[-4,-13],[-1,-8],[-6,1],[4,15],[-6,23],[8,-19],[0,23],[3,31],[-1,7],[-5,15],[2,12],[4,9],[2,20],[-1,16],[7,28],[-2,4],[-6,4],[2,10],[-3,6],[-6,5],[8,3]],[[4081,4998],[7,2],[8,0],[2,-4],[8,-19],[4,-3],[0,13],[3,8],[6,3],[1,9],[12,1],[2,-4],[-10,-4],[-1,-7],[-5,-3],[-3,-5],[-2,-13],[2,-10],[-1,-3],[2,-25],[-5,19],[1,5],[-5,11],[-9,1],[-4,-1],[-4,5],[-5,-7],[-1,-15],[-9,-4],[5,12],[2,8],[5,13],[8,-5],[5,5],[-3,11],[-3,2],[-8,-3],[-2,-4],[-18,-6],[-6,-12],[-12,-10],[-6,-12],[-1,-6],[0,-16],[8,-17],[-7,-2],[-4,11],[2,15],[0,12],[4,13],[10,11],[5,12],[8,5],[0,7],[7,9],[7,-3]],[[3966,6203],[1,10],[5,-7],[-6,-3]],[[3958,6217],[1,15],[3,-1],[-4,-14]],[[3975,6246],[6,5],[-3,-16],[-4,-8],[-8,-6],[-1,6],[1,9],[3,6],[6,4]],[[3955,6384],[0,14],[8,-2],[4,-11],[-4,0],[-6,7],[-2,-8]],[[4010,6488],[-2,-3],[-6,2],[-2,5],[5,10],[5,-5],[0,-9]],[[3950,6498],[1,22],[4,3],[4,-8],[8,-8],[2,-8],[8,0],[4,5],[4,-5],[3,4],[-1,5],[2,5],[7,2],[3,-10],[-6,-16],[-7,0],[-10,7],[-26,2]],[[3962,6517],[-2,6],[11,2],[5,-3],[4,0],[1,-7],[-6,-1],[-2,4],[-7,-4],[-4,3]],[[3954,6527],[-3,2],[3,8],[7,1],[3,-5],[-3,-5],[-7,-1]],[[3980,6526],[-8,3],[2,8],[5,2],[1,6],[8,-5],[4,1],[7,11],[3,9],[3,-1],[3,-8],[7,-1],[-4,-9],[-5,-9],[-3,-18],[-6,3],[-5,-1],[-5,11],[-7,-2]],[[3965,6550],[2,-6],[-3,-2],[-7,7],[8,1]],[[3981,6563],[1,-7],[-6,-13],[-7,-1],[7,21],[5,0]],[[3998,6562],[0,-3],[-8,-10],[-4,4],[5,6],[7,3]],[[3931,6589],[6,-2],[3,-8],[10,-7],[8,-9],[0,-3],[-5,-7],[-5,6],[0,10],[-9,1],[-4,9],[-4,4],[0,6]],[[3945,6591],[5,-9],[3,11],[5,2],[3,-11],[-7,-8],[-9,6],[0,9]],[[3987,6596],[5,1],[2,-11],[-4,-4],[-12,1],[7,8],[2,5]],[[3968,6618],[3,16],[3,3],[5,-1],[9,-20],[-2,-14],[-6,-9],[-8,-4],[-1,13],[-3,16]],[[3938,6624],[1,5],[-6,7],[3,3],[6,-3],[2,-5],[0,-10],[-3,-7],[-9,8],[2,7],[4,-5]],[[3984,6644],[3,6],[3,-5],[-1,-8],[6,-9],[-2,-7],[-6,7],[-1,13],[-2,3]],[[3959,6626],[-6,11],[-2,13],[1,15],[3,6],[2,-27],[3,-13],[5,-14],[2,-9],[-3,-1],[-3,7],[-2,12]],[[3959,6640],[-2,21],[4,6],[7,-18],[0,-18],[-3,-5],[-6,14]],[[3964,6670],[-10,12],[3,8],[5,-12],[6,-5],[-4,-3]],[[3970,6585],[-4,-5],[-4,12],[-1,14],[-9,1],[-2,4],[-4,2],[2,20],[0,7],[-8,6],[-4,0],[0,9],[-3,5],[0,10],[-2,4],[0,6],[-10,5],[-3,7],[-2,12],[-5,8],[-7,6],[-10,13],[0,5],[6,3],[-8,12],[-4,13],[1,8],[4,-2],[8,-9],[10,-32],[9,-14],[8,-7],[6,-1],[12,-7],[4,-5],[1,-10],[-4,-10],[2,-11],[0,-20],[1,-9],[6,-8],[2,-8],[-2,-5],[9,-15],[5,-6],[0,-8]],[[3946,6742],[10,-1],[4,-6],[-6,-8],[-2,-11],[-5,1],[-4,18],[3,7]],[[3926,6724],[-5,22],[-5,11],[-8,7],[-8,3],[-11,12],[-2,10],[3,10],[-1,8],[6,-1],[2,3],[4,-11],[0,-14],[5,1],[1,-11],[5,-7],[2,4],[7,1],[4,4],[0,-15],[2,-8],[6,-7],[6,-3],[1,-11],[2,-12],[6,-13],[-4,-1],[-7,7],[-10,1],[-1,10]],[[4308,2889],[4,10],[-3,6],[-5,2],[-3,5],[-1,8],[-7,3],[0,5],[9,-7],[0,-7],[3,-6],[5,-2],[2,-7],[-4,-10]],[[4272,3445],[4,-21],[0,-26],[-3,14],[0,12],[-3,8],[-1,10],[3,3]],[[4209,4321],[10,-7],[-1,-8],[-5,-1],[-3,-6],[-1,-9],[-5,1],[-1,14],[-6,16],[-4,-6],[3,-13],[0,-11],[1,-12],[-4,-10],[-5,15],[0,5],[-8,15],[-7,6],[-2,3],[6,3],[5,7],[-1,10],[4,9],[0,8],[4,0],[6,-11],[4,-17],[10,-1]],[[4167,4504],[-9,7],[1,4],[-3,10],[0,7],[2,4],[-9,10],[-1,9],[-2,11],[2,8],[1,8],[7,9],[-6,11],[-6,2],[-2,6],[-7,15],[6,0],[3,-11],[1,-8],[13,-7],[3,-3],[7,7],[5,2],[9,-1],[12,-13],[-5,-6],[-5,11],[-15,5],[-7,-6],[0,-6],[-12,-9],[-1,-7],[1,-10],[2,-5],[-1,-5],[0,-10],[5,1],[4,-7],[1,-9],[-2,-9],[3,-9],[4,-2],[1,-4]],[[4166,4663],[5,-8],[-3,-6],[-6,9],[-8,4],[-3,-12],[2,-5],[-3,-3],[-4,4],[-7,20],[0,13],[-6,7],[7,1],[14,-4],[-1,-10],[7,-2],[7,0],[-1,-8]],[[4013,6501],[-9,8],[4,12],[1,12],[5,4],[3,-4],[12,-1],[7,3],[8,-5],[-1,-9],[-12,6],[-1,-7],[2,-12],[-4,-8],[2,-7],[8,5],[0,-13],[4,-5],[0,-4],[-6,0],[-8,9],[-14,3],[-1,13]],[[4005,6621],[12,-3],[3,-5],[-4,-9],[-7,-13],[-3,-1],[-8,3],[-3,8],[2,14],[8,6]],[[3963,6712],[-1,6],[8,10],[0,-13],[3,-8],[8,-7],[-1,-6],[3,-7],[0,-8],[11,-18],[2,-20],[7,-12],[11,-8],[7,0],[3,8],[3,0],[9,-10],[8,-3],[1,6],[-4,7],[-11,6],[-2,9],[6,3],[5,-7],[5,5],[3,-4],[3,-15],[5,-8],[1,-7],[-4,-5],[-13,1],[-12,9],[-27,10],[-9,11],[2,12],[-2,8],[-11,21],[-4,13],[-8,8],[-2,8],[-3,5]],[[3995,6753],[-4,6],[-7,2],[-3,4],[-6,16],[2,3],[10,-7],[7,-11],[12,-1],[3,-5],[-1,-11],[4,-6],[8,-4],[1,-5],[-7,-2],[-13,3],[-2,5],[3,9],[-7,4]],[[4066,6347],[1,-8],[-2,-4],[-7,1],[-1,6],[5,7],[4,-2]],[[4047,6394],[3,-7],[20,-15],[-19,2],[-4,3],[-2,6],[2,11]],[[4027,6482],[8,-10],[13,-12],[6,-8],[-1,-10],[2,-9],[-2,-9],[-5,13],[-10,22],[-11,3],[-4,5],[4,4],[0,11]],[[4410,1847],[0,-9],[-6,5],[1,9],[5,-5]],[[4215,3849],[2,2],[1,11],[6,-5],[9,10],[6,21],[-1,6],[2,8],[-3,10],[2,9],[-1,8],[11,-5],[1,4],[3,0],[-2,9],[3,6],[-1,14],[4,-1],[-3,-17],[7,-10],[-10,-2],[-5,-6],[-5,0],[-2,-5],[4,-13],[-3,-6],[3,-7],[-1,-12],[-4,-2],[-2,-8],[-6,-10],[-4,-2],[-7,2],[0,-7],[-4,-2]],[[4196,4730],[-6,-1],[-7,-17],[3,-9],[8,-8],[0,-14],[2,-9],[-6,-8],[-1,-10],[-4,1],[-1,7],[5,19],[-6,-1],[0,6],[-4,18],[-1,10],[2,10],[10,15],[-2,6],[-7,-10],[-3,4],[8,9],[9,3],[2,-8],[5,4],[3,-5],[-3,-9],[-6,-3]],[[4079,6193],[-7,-1],[0,10],[7,-9]],[[4059,6220],[6,3],[5,9],[8,0],[-1,15],[-4,16],[-1,18],[1,17],[2,9],[12,35],[5,4],[0,-8],[-4,-6],[-8,-19],[-4,-13],[-2,-22],[1,-9],[6,-25],[0,-14],[2,-5],[-11,-1],[-13,-9],[0,5]],[[4036,6551],[-5,5],[-4,-2],[-5,-6],[-6,9],[-5,-2],[-1,6],[-4,5],[-8,2],[-6,-2],[-1,9],[8,-1],[9,4],[12,24],[5,13],[10,-11],[7,-5],[7,1],[8,-16],[3,-13],[8,-6],[4,-12],[5,-1],[5,-9],[-3,-12],[5,-2],[6,-13],[8,0],[2,-7],[-3,-10],[7,0],[7,11],[1,5],[0,-97],[-4,-5],[-4,-33],[12,0],[0,-29],[13,-2],[-1,-15],[-6,1],[0,-6],[4,-2],[0,-11],[6,-8],[9,-2],[-1,-9],[-11,-5],[2,-6],[-12,-6],[-11,-1],[-1,8],[5,3],[2,18],[-1,15],[-4,11],[-11,7],[1,4],[5,5],[-1,11],[-4,16],[-7,6],[-5,6],[-2,8],[-5,9],[-4,18],[0,10],[-6,1],[1,5],[-2,14],[4,14],[-3,7],[-1,6],[4,5],[-2,7],[-7,4],[-7,-2],[-3,-7],[0,-6],[-4,-2],[-9,8],[1,9],[-3,5],[-8,0],[8,15],[4,1],[3,5],[0,6],[-6,10],[-3,1],[-3,7],[2,4]],[[4124,6322],[-5,8],[-7,2],[6,-13],[6,3]],[[4040,6683],[5,-1],[6,-7],[-2,-4],[-4,2],[-7,-1],[2,11]],[[4034,6780],[2,5],[6,3],[3,-2],[2,-7],[-6,-10],[-7,-2],[2,7],[-2,6]],[[4613,1546],[6,-3],[-8,-4],[2,7]],[[4620,1562],[5,-5],[-3,-5],[-6,0],[1,8],[3,2]],[[4611,1562],[1,9],[6,-4],[-1,-7],[-6,2]],[[4550,1553],[-2,-9],[-7,0],[3,9],[-7,2],[-3,5],[9,12],[8,-7],[10,-2],[-4,-5],[-7,-5]],[[4583,1760],[-1,9],[14,-6],[-8,-6],[-5,3]],[[4530,1762],[-5,-3],[1,-6],[-4,-6],[-1,-7],[-14,-4],[-7,-9],[-24,5],[1,7],[4,8],[4,5],[10,-4],[-1,6],[9,-2],[5,-3],[2,10],[-5,9],[-9,3],[-1,-7],[-4,1],[-3,-14],[-5,2],[2,8],[-5,2],[1,16],[-1,5],[6,1],[6,6],[8,-6],[7,-3],[14,-1],[3,16],[0,12],[12,0],[5,3],[14,-19],[-7,-2],[-1,-8],[-3,0],[-8,-16],[-6,-5]],[[4572,1930],[-3,3],[2,7],[-2,5],[5,4],[5,-1],[1,-7],[5,5],[9,1],[8,-8],[-4,-6],[-5,-10],[-6,5],[-3,9],[-9,-2],[-3,-5]],[[4443,1916],[-6,-1],[-4,9],[-4,1],[2,19],[14,-2],[4,-2],[0,-7],[5,-5],[10,-4],[-2,-4],[-5,3],[-6,-3],[-3,-6],[-5,2]],[[4437,1941],[3,0],[-1,-5],[5,0],[0,5],[-7,2],[0,-2]],[[4430,1936],[9,-2],[0,7],[-2,-1],[0,3],[-5,1],[-2,-8]],[[4525,1924],[4,16],[11,22],[4,-1],[5,-7],[3,-11],[3,1],[9,-2],[2,-5],[-1,-15],[-10,-4],[-24,3],[-4,-2],[-2,5]],[[4476,1918],[-11,10],[0,6],[-4,4],[-3,13],[-7,6],[5,2],[7,-16],[3,-5],[3,-14],[7,-6]],[[4511,1961],[6,8],[-4,9],[0,6],[-4,14],[10,5],[-3,-8],[0,-8],[5,-4],[1,-14],[-11,-8]],[[4567,2039],[-2,-18],[-9,2],[1,16],[6,4],[4,-4]],[[4461,2018],[1,6],[-5,2],[1,8],[8,0],[0,7],[18,-4],[3,-4],[-1,-8],[-15,-1],[-2,-9],[-8,3]],[[4556,2048],[21,20],[-1,-9],[4,-2],[-22,-15],[-2,6]],[[4570,2067],[3,14],[5,12],[12,-1],[8,13],[-2,10],[-5,1],[-1,5],[3,6],[10,-6],[-1,-7],[-3,-2],[2,-7],[-4,-12],[-7,-9],[-3,1],[-5,-10],[-12,-8]],[[4480,2096],[-4,-5],[0,-7],[14,1],[3,-4],[0,-10],[-15,3],[-10,6],[-11,4],[-1,9],[8,5],[3,7],[-1,14],[5,-1],[3,-14],[6,-1],[0,-7]],[[4429,2108],[5,-4],[4,-10],[5,-9],[-5,-2],[-4,6],[-5,19]],[[4429,2118],[-1,-6],[1,-11],[-5,1],[0,13],[5,3]],[[4485,2308],[-18,4],[7,7],[3,-5],[9,-2],[-1,-4]],[[4464,2317],[-1,-5],[-7,4],[-5,-10],[-9,2],[0,6],[5,-1],[2,11],[9,-3],[6,-4]],[[4467,2459],[13,-2],[-1,-6],[-7,-12],[-12,1],[7,19]],[[4401,2510],[-2,-16],[2,-1],[0,-6],[4,-9],[6,-4],[0,-15],[4,-8],[-2,-14],[3,-5],[6,-1],[-1,7],[-3,21],[4,4],[-2,11],[4,0],[0,-17],[-2,-4],[2,-6],[-1,-8],[1,-6],[6,-10],[1,-7],[-6,3],[-7,6],[-7,4],[0,5],[-5,5],[3,6],[1,5],[-4,7],[2,15],[-5,7],[-3,8],[1,5],[-2,2],[2,16]],[[4508,2475],[-3,12],[3,0],[0,-12]],[[4509,2670],[2,10],[4,-6],[-6,-4]],[[4500,2642],[0,-3],[1,-1],[2,0],[2,-2],[1,-3],[9,3],[5,9],[11,1],[4,6],[12,0],[7,9],[2,-5],[-6,-1],[-6,-6],[-7,1],[-5,-4],[-12,-2],[-5,-8],[-6,-3],[-4,-5],[-3,-2],[-2,-7],[-7,-1],[-3,7],[-4,-2],[-8,1],[-1,5],[-8,8],[6,1],[5,-12],[10,1],[3,-7],[6,0],[3,6],[3,2],[1,5],[-1,3],[-4,1],[-2,2],[1,3]],[[4535,2751],[4,-6],[3,0],[1,-1],[3,-1],[3,0],[3,1],[2,6],[6,-5],[-1,-4],[1,-8],[11,0],[5,-1],[11,-8],[5,-10],[9,-3],[12,2],[4,7],[5,-1],[-1,-8],[-5,-11],[2,-6],[-3,-5],[-7,3],[-8,1],[-2,-2],[-10,-4],[-11,2],[-5,-5],[-7,3],[5,13],[-6,6],[-7,-2],[-7,4],[-7,-1],[-3,10],[-9,5],[-8,-3],[-7,1],[-2,-5],[-11,7],[13,3],[8,-5],[5,4],[10,-5],[5,4],[2,7],[16,-4],[7,0],[10,-14],[1,-10],[10,-2],[3,5],[-1,8],[-6,2],[-1,4],[-9,-1],[-3,7],[-2,1],[0,6],[-12,1],[0,7],[-5,6],[-3,-3],[-5,-1],[-3,1],[-1,1],[-4,0],[1,1],[-4,6]],[[4549,2718],[7,4],[-6,4],[-3,-1],[-6,-6],[8,-1]],[[4470,3707],[7,-8],[-1,-14],[1,-8],[0,-12],[-6,-12],[5,-11],[-6,2],[-1,7],[-5,-1],[-2,-14],[-7,-14],[2,-4],[11,4],[5,-3],[-3,-11],[-10,-21],[4,-8],[5,3],[7,-2],[0,-6],[-3,-7],[4,-3],[8,-2],[2,8],[3,-1],[0,-8],[3,-3],[4,-12],[-1,-6],[-6,-8],[2,-15],[1,-3],[-6,-5],[-1,8],[1,5],[-3,5],[3,16],[4,4],[-3,12],[-9,0],[-7,-9],[-19,-6],[4,7],[-2,5],[1,17],[3,4],[-2,9],[5,10],[4,11],[0,8],[-13,-2],[-3,7],[2,12],[-1,10],[-5,-1],[-3,6],[5,6],[10,3],[10,9],[-2,9],[1,11],[5,2],[-2,20]],[[4471,3578],[-12,-4],[-1,-5],[4,-11],[5,1],[0,5],[5,3],[1,8],[-2,3]],[[4284,4432],[3,-4],[-2,-13],[-4,7],[2,8],[0,12],[6,12],[2,16],[-5,3],[-1,6],[6,1],[5,13],[1,6],[8,14],[6,5],[2,-2],[6,5],[3,-1],[3,7],[8,10],[6,3],[5,8],[5,13],[8,9],[2,-2],[-5,-9],[1,-10],[-5,1],[-8,-9],[-4,-5],[-12,-11],[-2,-4],[-6,-1],[-6,-6],[-4,1],[-3,-5],[-7,-14],[-3,-15],[-2,-6],[2,-5],[-4,-20],[-6,-10],[-1,-8]],[[4254,4478],[-1,11],[-2,4],[-1,4],[2,8],[-2,2],[-2,19],[-4,7],[-6,4],[0,9],[-2,5],[2,17],[-3,8],[0,8],[-4,19],[-6,3],[7,7],[-1,7],[4,18],[-3,2],[-7,-11],[-3,3],[3,7],[-6,0],[-7,-6],[-5,4],[6,6],[7,3],[10,1],[2,2],[-1,8],[-3,2],[-13,-9],[-2,5],[15,8],[5,5],[-3,7],[-13,-7],[-2,4],[10,4],[3,5],[-10,2],[9,8],[14,0],[2,-15],[-2,-10],[4,-8],[10,-10],[9,-4],[-1,-5],[-7,6],[-17,6],[5,-19],[5,-9],[-5,-5],[-5,-1],[-1,-9],[2,-4],[-2,-8],[6,-17],[-4,-2],[0,-9],[-1,-10],[1,-14],[4,-5],[6,-18],[1,-14],[1,-2],[-1,-11],[2,-5],[1,-11]],[[4285,4582],[-7,0],[-3,6],[0,2],[-1,3],[-2,1],[-4,6],[-9,5],[-1,5],[10,-10],[6,-7],[1,-2],[0,-3],[5,-6],[5,0]],[[4276,4740],[-5,7],[-20,7],[6,2],[17,-7],[2,-9]],[[4264,4867],[-2,-8],[7,-7],[3,-12],[-2,-12],[-3,-2],[-4,12],[-1,11],[-11,19],[4,0],[5,5],[4,-6]],[[4330,4874],[5,-1],[0,-5],[-7,2],[-1,-5],[3,-13],[8,-21],[-5,0],[-2,11],[-10,30],[-6,1],[-2,-7],[-4,20],[6,-7],[7,0],[8,-5]],[[4243,4925],[-10,-12],[2,-6],[-11,1],[10,14],[4,4],[5,-1]],[[4276,4948],[1,-4],[-6,-5],[-10,2],[15,7]],[[4319,5015],[-5,10],[-3,11],[5,-2],[-1,-6],[4,-13]],[[4208,5179],[-4,-1],[-7,7],[4,8],[0,5],[6,5],[1,-7],[-5,-7],[6,-7],[-1,-3]],[[4233,6008],[12,0],[0,-12],[-12,0],[0,12]],[[3632,7041],[-4,-8],[-3,4],[-6,-4],[-21,8],[-6,0],[19,-30],[15,-31],[-8,-8],[-28,0],[2,5],[11,15],[-1,5],[-7,9],[-4,11],[-1,12],[-11,1],[-3,7],[1,7],[-3,3],[-2,13],[-8,1],[-6,11],[-6,5],[-9,0],[-11,6],[-2,12],[-6,8],[13,0],[2,5],[8,-1],[9,4],[0,8],[-3,12],[7,2],[3,-8],[-3,-14],[-5,-3],[2,-15],[8,3],[8,13],[1,20],[-10,7],[-6,-2],[-6,8],[-5,3],[-5,6],[-9,4],[-6,6],[-5,1],[-1,6],[-10,-5],[-13,3],[-7,-5],[-3,-8],[3,-3],[-4,-9],[-7,-4],[-9,6],[-3,4],[-17,40],[-12,9],[-5,4],[-19,37],[-5,12],[2,4],[1,11],[-2,6],[-5,-3],[-2,4],[9,12],[-2,7],[-5,2],[1,12],[-4,7],[0,7],[4,11],[-5,7],[2,4],[6,2],[2,9],[5,-7],[5,3],[3,-3],[4,-10],[6,-2],[2,-6],[7,0],[4,-4],[-2,-6],[7,-10],[0,-10],[7,-2],[3,-7],[4,4],[3,-2],[1,-7],[-4,-8],[8,-12],[0,-9],[4,-3],[-5,-10],[5,-2],[4,3],[1,8],[-3,12],[5,4],[2,-7],[4,2],[3,-6],[-5,-4],[-2,-7],[2,-7],[6,-3],[5,-7],[5,0],[5,3],[3,7],[6,2],[-1,7],[3,4],[3,8],[7,0],[7,-8],[4,4],[1,8],[-7,7],[0,6],[2,11],[11,-1],[3,-4],[6,0],[0,10],[6,-5],[1,-13],[5,-1],[0,-12],[6,0],[1,5],[8,4],[-4,-14],[6,-5],[5,10],[0,-17],[11,0],[12,5],[4,-1],[3,-7],[6,3],[3,-2],[10,10],[6,1],[0,-8],[3,0],[5,-5],[6,5],[3,-2],[-2,-15],[7,-1],[-1,-9],[2,-4],[-12,-8],[-1,-9],[7,2],[2,-4],[-5,-9],[4,-3],[6,3],[3,-4],[12,0],[11,3],[5,-14],[4,0],[5,-8],[4,-2],[7,3],[7,-4],[5,-5],[1,-5],[-8,-7],[1,-5],[12,-2],[-1,-4],[7,-11],[8,-2],[8,-6],[8,-8],[14,-3],[-3,-11],[9,-10],[-3,-8],[4,-2],[4,2],[7,-6],[3,3],[4,-4],[1,-6],[7,-3],[9,4],[8,-13],[6,-6],[7,-1],[2,-9],[10,1],[-1,6],[6,-1],[2,-8],[4,2],[3,-4],[11,0],[0,-8],[5,0],[1,6],[7,2],[8,1],[7,-6],[10,2],[-1,7],[4,1],[3,-5],[5,-3],[-1,-5],[4,-8],[-3,-1],[-6,4],[-4,-9],[3,-6],[9,-9],[0,-8],[5,-15],[4,-4],[19,0],[6,-4],[-2,-10],[5,-8],[-4,-7],[-9,-9],[6,-6],[4,1],[8,-9],[8,-5],[8,-1],[0,7],[-3,4],[3,6],[6,3],[5,-2],[14,-3],[5,5],[5,-5],[8,0],[-1,-14],[19,-12],[1,-16],[9,-6],[8,-2],[4,-6],[10,0],[8,-6],[6,1],[6,-4],[5,-8],[1,-6],[-2,-7],[6,-1],[2,-6],[4,-5],[-3,-5],[5,-6],[1,-5],[-3,-5],[2,-8],[6,-1],[-3,-10],[13,-12],[4,-7],[1,-10],[3,-3],[4,4],[3,-4],[3,-9],[8,-1],[8,2],[1,-4],[-3,-11],[12,-19],[3,-17],[5,1],[6,-2],[2,-4],[5,3],[5,-1],[8,5],[-1,-10],[4,-3],[-1,-6],[5,-2],[3,-8],[11,-4],[14,1],[2,-11],[6,-1],[-4,-8],[3,-5],[-4,-2],[-1,-10],[10,-9],[5,-2],[7,-10],[10,-6],[4,0],[8,-4],[-2,-7],[0,-8],[10,-11],[0,-9],[6,-5],[4,-8],[-1,-7],[8,-9],[4,0],[6,15],[5,5],[-1,6],[4,0],[7,7],[3,-3],[10,2],[6,-8],[-1,-5],[-7,-10],[-1,-6],[3,-5],[5,6],[6,-11],[5,2],[1,9],[6,2],[-1,-9],[5,-2],[2,8],[6,-2],[6,1],[2,-4],[-9,-5],[-1,-13],[-4,-5],[8,-5],[5,7],[6,-2],[2,-6],[4,-2],[3,12],[3,0],[-2,-13],[6,0],[5,7],[-1,-17],[7,-1],[-3,-18],[6,-7],[7,-6],[0,-6],[4,-2],[6,10],[8,0],[3,-7],[-5,-8],[3,-5],[-4,-8],[0,-5],[-7,-3],[1,-5],[-3,-7],[-1,-14],[3,-3],[11,0],[-4,-18],[1,-8],[3,-8],[8,-2],[3,-9],[-3,-11],[7,-5],[3,-9],[6,-3],[15,2],[0,-5],[3,-7],[-7,-3],[2,-6],[7,0],[1,-3],[-8,-3],[2,-6],[-2,-10],[9,-8],[3,-12],[4,-3],[-3,-6],[-5,-1],[-3,-10],[1,-5],[10,0],[2,7],[5,-3],[-6,-6],[-2,-7],[7,-3],[0,9],[4,-1],[-1,-10],[5,-5],[1,-10],[8,-2],[0,-6],[8,-5],[-1,-8],[4,-6],[3,1],[3,-6],[7,-3],[8,2],[1,-6],[4,1],[0,8],[6,2],[2,-4],[-6,-7],[1,-4],[9,3],[-6,-11],[3,-4],[4,2],[6,-4],[3,-10],[6,-3],[-2,-6],[2,-4],[7,4],[-2,-11],[6,-3],[3,-8],[7,2],[6,-7],[8,3],[0,-5],[5,-4],[5,9],[4,0],[1,-8],[-7,-10],[1,-14],[-5,-3],[3,-12],[3,-5],[12,4],[4,-1],[6,-8],[7,-5],[4,-1],[6,3],[-1,-9],[4,-1],[6,5],[2,-7],[1,-13],[7,0],[0,10],[5,-6],[-3,-11],[4,-4],[6,1],[0,-10],[3,-3],[7,7],[5,-3],[6,-9],[-7,-6],[3,-8],[0,-10],[7,1],[1,-7],[3,-2],[9,11],[7,-10],[7,3],[1,3],[-6,6],[7,7],[5,3],[0,-7],[5,-9],[-7,-6],[5,-6],[-8,-20],[-7,10],[-4,9],[-7,2],[-2,5],[-13,-8],[-6,-5],[0,-8],[3,-5],[-1,-7],[-16,-16],[-2,-4],[3,-4],[5,2],[3,-4],[-2,-8],[-5,-6],[1,-10],[3,-9],[10,-9],[3,-8],[8,-4],[1,-5],[7,-2],[5,-13],[3,-16],[0,-17],[4,-6],[-2,-9],[-5,-5],[-2,-6],[2,-11],[6,-21],[-2,-11],[6,-14],[6,-2],[5,-9],[1,-10],[9,-3],[1,-3],[-3,-8],[-1,-12],[2,-5],[-2,-7],[1,-8],[-3,-4],[2,-18],[-1,-8],[-4,-7],[1,-12],[-2,-3],[-12,-8],[-2,-3],[2,-12],[7,-11],[0,-4],[-11,-8],[-3,-9],[-4,-2],[1,-6],[5,2],[5,-1],[1,-6],[-2,-7],[5,-4],[5,-13],[6,-6],[0,-5],[-4,-8],[7,-11],[1,-11],[-5,-7],[4,-7],[0,-11],[3,-12],[-3,0],[-4,9],[2,10],[-5,10],[5,8],[0,7],[-3,6],[-4,3],[-1,10],[3,8],[-5,5],[-2,11],[-6,0],[-4,4],[-3,12],[-9,-1],[1,14],[8,0],[0,6],[8,7],[0,11],[-2,4],[-2,14],[4,8],[12,7],[0,5],[-2,6],[5,13],[1,7],[-2,11],[4,9],[-1,6],[2,8],[-2,4],[1,15],[2,4],[-12,7],[-8,3],[-8,-4],[1,-14],[-3,-14],[-3,-5],[0,-7],[-2,-5],[-3,-13],[1,-4],[-8,-5],[-5,-11],[0,-8],[-6,-5],[-9,-1],[6,-7],[0,-16],[-5,-6],[-4,-12],[1,-7],[3,-10],[1,-7],[8,-16],[8,-9],[-1,-11],[4,-6],[2,-13],[6,-9],[2,-11],[5,-5],[-6,-2],[-5,17],[-4,4],[-3,17],[-5,8],[2,10],[-6,5],[-10,19],[-4,18],[-1,9],[2,10],[8,11],[-1,7],[-8,4],[-3,8],[-14,13],[-2,4],[1,8],[-4,4],[-1,6],[-4,4],[7,5],[9,13],[6,2],[-3,9],[0,10],[7,7],[4,12],[7,7],[1,10],[5,2],[8,-4],[-3,-9],[10,1],[8,-3],[1,10],[-5,8],[5,3],[-5,12],[-4,0],[-5,6],[-2,8],[-2,12],[-8,8],[-1,-7],[-4,-8],[2,-8],[-1,-5],[5,-7],[-5,-2],[-2,8],[-7,2],[-4,5],[-6,13],[-6,-1],[-7,6],[-5,7],[-9,0],[0,11],[6,20],[-5,20],[-6,0],[-1,-7],[3,-13],[3,-3],[-1,-6],[-5,-2],[0,-7],[-3,-5],[-2,-13],[1,-9],[-5,-5],[3,-5],[2,-14],[5,-9],[-2,-7],[-4,-4],[-3,6],[-5,4],[-5,-2],[-6,6],[-4,-3],[2,-9],[7,-1],[-5,-13],[5,1],[-1,-22],[2,-11],[-2,-8],[3,-4],[6,-3],[5,-10],[-4,-4],[-11,5],[-7,-3],[-3,8],[2,13],[2,8],[5,6],[2,12],[-2,6],[-6,4],[3,12],[-4,4],[0,10],[5,5],[2,17],[-6,9],[-2,11],[-4,11],[1,10],[4,7],[1,8],[4,8],[-3,16],[-4,6],[-1,18],[-1,6],[-4,7],[-12,7],[-8,-7],[-7,2],[-3,3],[-5,13],[-16,13],[-2,15],[-4,6],[-11,0],[-4,4],[-3,19],[-3,30],[-3,5],[-5,2],[-8,7],[0,7],[-4,9],[-2,11],[4,9],[-5,6],[-8,2],[-2,6],[-1,13],[-11,3],[-3,9],[1,8],[-2,7],[6,8],[6,7],[-8,16],[2,3],[6,0],[-3,5],[-7,2],[-3,5],[-7,-4],[-5,-16],[2,-3],[-3,-8],[-4,5],[-4,1],[-5,11],[-2,9],[2,13],[-3,1],[-5,6],[-8,0],[-3,3],[-5,-4],[-2,-7],[-6,-2],[3,-12],[10,-8],[3,-8],[6,0],[1,-11],[-4,-6],[7,-7],[10,-5],[-2,-7],[-6,10],[-6,-5],[0,-6],[7,-4],[1,-6],[5,-10],[12,-1],[5,-5],[7,-12],[-6,-5],[-4,3],[-4,-5],[1,-8],[4,-5],[6,-3],[-3,-10],[6,-7],[-1,-13],[-3,-1],[-4,-11],[3,-5],[6,-2],[1,-22],[2,-3],[10,-3],[2,-5],[4,-3],[3,-9],[6,-2],[4,-11],[1,-11],[-1,-8],[-4,-5],[0,-9],[7,-5],[18,-29],[-4,-11],[4,-9],[17,-20],[4,-14],[0,-8],[5,1],[6,-7],[3,-16],[6,-3],[7,-10],[0,-9],[-3,-11],[8,-13],[-3,-12],[3,-8],[7,-1],[1,-15],[4,-4],[-3,-11],[6,-10],[7,-4],[4,-8],[12,-6],[8,-15],[0,-5],[3,-8],[2,-16],[-5,0],[-4,-10],[-6,-2],[-3,7],[-1,9],[-5,6],[4,5],[4,17],[-1,11],[-11,6],[-3,8],[-11,6],[-1,11],[2,8],[-4,2],[-8,16],[-2,-6],[2,-11],[-7,3],[3,5],[1,18],[2,12],[-7,13],[2,17],[-5,12],[-6,-13],[-1,3],[0,9],[-2,7],[-1,8],[-4,9],[-3,1],[-5,-12],[5,-7],[2,-8],[-3,-10],[-6,-3],[7,-17],[3,-8],[4,-4],[1,-10],[5,-8],[1,-9],[5,-5],[-1,-6],[-3,-5],[-1,-9],[-3,0],[2,13],[4,5],[-7,8],[-2,11],[-5,-2],[3,11],[-1,6],[-5,4],[-10,23],[2,6],[5,2],[1,7],[-1,5],[-5,7],[0,5],[2,12],[-3,19],[-15,19],[-8,15],[4,11],[-4,4],[-12,20],[-8,8],[-1,14],[5,8],[0,8],[-2,11],[-9,3],[-1,10],[-6,6],[-9,1],[-2,-14],[-3,6],[-13,5],[-6,-1],[-4,2],[-3,-7],[7,-7],[4,-22],[3,-4],[6,1],[5,-7],[1,-8],[-8,-4],[0,-3],[7,-3],[0,-6],[-5,2],[-2,-6],[5,-3],[-4,-5],[4,-12],[-5,-4],[-1,-9],[1,-11],[-2,-7],[3,-5],[7,-5],[2,-11],[3,0],[2,11],[-3,11],[5,0],[4,-12],[-5,-11],[-1,-8],[3,-7],[-3,-9],[6,-10],[0,-8],[3,-16],[3,-2],[-1,-11],[-2,-3],[2,-7],[8,-10],[8,-5],[4,-11],[7,-9],[6,-3],[-3,-5],[-6,3],[-12,23],[-6,3],[-2,5],[-8,7],[-3,9],[4,11],[-5,10],[-1,15],[-6,13],[2,8],[-3,6],[0,9],[-3,6],[0,7],[-6,5],[-5,-7],[-8,3],[-5,0],[0,-8],[-6,-9],[3,-6],[-3,-15],[-6,-2],[-1,-7],[7,-12],[-3,-8],[14,-4],[1,-5],[-3,-12],[-4,-11],[4,-5],[-2,-8],[8,-6],[2,-7],[0,-5],[7,-10],[-2,-13],[4,-3],[1,-7],[-4,-3],[2,-6],[7,-4],[2,-7],[-6,-12],[-2,4],[5,11],[-6,5],[-5,6],[5,7],[-1,6],[-5,3],[0,8],[3,5],[-6,6],[-1,11],[-2,5],[-8,6],[3,4],[-5,9],[5,14],[2,12],[-13,4],[0,-9],[-2,1],[-6,-12],[-2,-10],[10,-13],[6,-3],[-4,-6],[0,-15],[-3,-1],[-7,-6],[-1,-5],[-5,0],[3,-10],[-4,-1],[-2,-8],[5,-2],[6,-14],[5,-2],[1,-12],[-4,-11],[8,-3],[6,-6],[-5,-5],[3,-12],[1,-14],[2,-5],[-8,-5],[-3,-18],[7,-6],[3,-8],[-5,-5],[6,-5],[3,3],[5,-2],[0,-10],[0,-5],[3,-2],[-3,-3],[6,-11],[6,-16],[2,-19],[0,-28],[-5,-6],[-1,-8],[7,-2],[4,2],[4,-4],[-1,-6],[5,-5],[5,-9],[-2,-2],[-5,9],[-10,7],[0,-7],[10,-64],[40,-7],[7,-15],[7,-1],[8,-6],[6,-8],[-1,-11],[-51,0],[-8,2],[-11,18],[-21,-22],[-40,-1],[0,18],[-1,6],[-8,-2],[-5,5],[-1,18],[-18,0],[-1,-78],[-12,2],[-5,-6],[-6,6],[-5,0],[-5,-4],[2,-9],[-6,-4],[-1,-8],[8,2],[4,5],[8,-5],[1,-5],[-4,-5],[-5,4],[-5,-2],[1,-4],[-3,-6],[-2,-10],[-3,-6],[0,-7],[-6,-11],[-4,-3],[-13,-4],[-4,1],[-12,7],[-7,12],[-6,-12],[-4,-9],[-3,-3],[-8,-2],[-7,6],[-5,-2],[-5,-9],[-7,-5],[-12,-5],[-8,-1],[-14,0],[-8,-2],[-3,-4],[-4,-14],[-3,-28],[-4,-8],[-5,-1],[-5,4],[-27,-30],[-5,-12],[-5,6],[9,16],[23,26],[-1,3],[-10,15],[-7,-6],[-4,-9],[-5,-14],[-2,-4],[-8,-26],[-13,10],[4,13],[2,4],[3,15],[12,28],[1,5],[-4,2],[-2,-9],[-6,-7],[-8,17],[11,7],[8,12],[7,6],[10,4],[11,9],[6,27],[6,12],[5,3],[-2,21],[3,5],[3,17],[0,18],[4,6],[6,2],[13,-19],[7,-6],[9,3],[5,-6],[8,-1],[3,3],[13,16],[0,9],[-9,25],[-16,10],[-1,61],[-11,9],[-1,16],[-6,14],[1,11],[4,5],[1,11],[-3,2],[-7,-2],[-3,8],[0,8],[4,3],[5,9],[0,5],[-7,3],[-3,7],[-3,-1],[-1,-9],[2,-7],[-11,-8],[-5,0],[-1,-12],[-4,-7],[-8,1],[-1,9],[4,10],[2,10],[5,-1],[4,14],[3,3],[-2,7],[-5,-4],[-7,3],[-5,-7],[-8,-3],[-6,2],[-2,-4],[1,-8],[-5,-13],[0,-11],[-4,-11],[5,-8],[-2,-12],[7,-6],[0,-6],[7,-4],[-2,-8],[-1,-12],[3,-12],[9,0],[3,-2],[1,-7],[4,-10],[-10,0],[-2,10],[-4,2],[-7,1],[0,-9],[-8,-1],[0,-21],[-4,-7],[0,-23],[-4,-2],[2,16],[0,12],[6,6],[-1,6],[0,14],[7,2],[0,7],[7,3],[-2,7],[-4,3],[-1,10],[-2,3],[-2,13],[0,11],[-2,5],[-1,10],[-6,2],[-1,8],[-5,-7],[-1,-7],[-2,-8],[-1,-15],[-2,-7],[4,-4],[-3,-6],[4,-6],[7,2],[-1,-10],[2,-6],[-4,-17],[-8,-2],[-5,-6],[-5,-11],[-4,-5],[3,-3],[-6,-11],[-8,-10],[-3,2],[0,10],[6,3],[5,-2],[5,7],[-3,3],[2,6],[6,6],[1,5],[5,6],[8,2],[4,18],[-2,5],[0,9],[-6,-3],[-4,7],[-4,-4],[5,-10],[-10,-5],[-2,9],[7,2],[0,10],[5,21],[-3,8],[3,4],[2,15],[4,7],[5,4],[-5,7],[-3,-6],[-8,-2],[2,8],[8,4],[0,7],[9,3],[2,5],[1,7],[5,7],[0,13],[7,7],[-3,12],[3,9],[2,1],[12,17],[2,20],[-1,2],[-7,-1],[-2,-5],[-15,-5],[-4,-4],[-3,-17],[-4,-3],[-5,1],[-10,-10],[9,-5],[5,-10],[9,0],[-4,-7],[2,-8],[-2,-9],[-2,-5],[-11,-13],[-6,-5],[-3,-7],[-1,-26],[-2,-16],[0,-20],[-2,-7],[-11,-15],[-5,-12],[-2,-29],[-6,-21],[0,-12],[8,-1],[3,-9],[-4,-4],[-5,4],[-5,-4],[-3,-11],[-7,-2],[-4,-4],[-6,-18],[-11,-4],[-10,-8],[-6,-12],[1,-10],[5,-10],[0,-6],[-9,-13],[-7,-5],[-9,-39],[3,-16],[-4,-11],[-5,-10],[-1,-18],[-10,-7],[-3,-5],[-15,-1],[-5,-3],[0,-4],[-8,-8],[-3,-8],[-3,-2],[-5,-10],[1,-7],[3,-5],[-7,-5],[-3,-5],[1,-7],[4,-5],[-1,-5],[8,0],[0,-3],[-9,-7],[0,-5],[-3,-16],[-8,-5],[1,-3],[-1,-14],[5,-11],[1,-12],[2,-5],[6,-6],[7,-1],[4,-5],[-3,-6],[-4,8],[-7,0],[-10,16],[-5,25],[3,14],[8,7],[-5,2],[-3,5],[3,9],[-7,-1],[0,9],[6,13],[6,1],[0,11],[7,10],[-2,10],[6,12],[3,-1],[5,15],[3,1],[6,12],[15,-1],[8,11],[7,-1],[-1,18],[3,5],[2,9],[-6,17],[0,4],[9,36],[-8,0],[-7,5],[-2,4],[-8,2],[-3,-6],[-25,-24],[-41,-26],[-10,-9],[-11,-14],[-2,-9],[-17,-2],[-1,6],[-12,13],[-10,30],[-6,10],[-10,11],[-2,-8],[-15,2],[0,9],[-5,11],[-4,-1],[-39,60],[2,9],[-3,7],[-6,5],[-4,-2],[-8,8],[0,8],[-6,7],[-4,-1],[-9,11],[0,7],[-12,18],[-3,2],[-10,18],[4,7],[-2,41],[0,13],[-2,12],[-5,7],[-7,2],[-23,-5],[-12,-4],[-33,-17],[-34,79],[7,13],[7,15],[2,12],[0,30],[8,11],[29,26],[10,11],[11,-2],[9,3],[11,22],[15,-2],[5,1],[3,7],[0,8],[-3,7],[-6,6],[-44,9],[-16,8],[-6,6],[-8,13],[-4,10],[1,12],[-12,17],[-12,27],[-18,25],[-9,2],[-12,8],[-11,13],[-9,-2],[-1,-3],[1,-12],[5,-6],[0,-23],[-1,-9],[-7,-8],[-3,2],[-9,-2],[-2,7],[-9,3],[-4,8],[5,5],[6,14],[7,7],[8,3],[1,15],[11,4],[4,7],[-2,11],[-7,7],[0,8],[7,16],[-3,12],[6,15],[-2,7],[5,41],[0,10],[2,17],[2,5],[6,47],[3,4],[7,2],[4,5],[1,17],[-1,11],[3,19],[-3,12],[0,9],[3,5],[13,6],[4,5],[4,15],[0,15],[3,6],[5,6],[14,36],[4,16],[0,17],[0,17],[-4,18],[-4,16],[-2,18],[15,0],[3,0],[2,-3],[29,-6],[9,-1],[4,6],[-2,9],[4,2],[1,11],[-7,3],[-3,4],[8,7],[7,-6],[5,-14],[-1,-10],[7,-16],[9,-1],[8,4],[7,10],[-1,15],[2,6],[4,-3],[1,-10],[-2,-10],[4,-8],[-2,-2],[2,-13],[-3,-7],[3,-5],[-3,-4],[7,-6],[0,16],[4,22],[19,50],[0,16],[4,1],[1,6],[4,9],[-1,3],[-8,2],[3,8],[-5,17],[0,14],[6,7],[0,8],[8,8],[6,1],[7,-6],[0,-6],[-6,0],[2,-14],[3,0],[0,-12],[-7,-27],[-3,-4],[0,-10],[3,-10],[-5,-18],[0,-5],[5,-8],[-7,-13],[2,-19],[-2,-6],[-7,-6],[-2,-14],[3,-12],[-5,-12],[34,0],[0,23],[-8,2],[-6,18],[3,8],[1,8],[6,0],[8,2],[8,0],[5,-6],[7,1],[1,15],[-1,6],[11,0],[3,-16],[-9,-28],[-10,-1],[-10,-4],[-6,-11],[4,-11],[8,-5],[2,-8],[1,-10],[-8,-5],[-3,3],[-1,-11],[24,0],[8,5],[0,6],[-3,8],[-3,18],[-7,8],[-1,8],[7,3],[11,13],[8,13],[6,13],[1,11],[-2,5],[-5,-1],[-5,6],[-1,7],[-6,-5],[-5,0],[-2,10],[2,7],[-1,21],[-3,9],[-7,5],[8,2],[6,12],[5,-7],[3,-23],[7,-10],[8,2],[3,-3],[1,-46],[-10,-26],[-8,-16],[0,-17],[4,-14],[2,-19],[5,-6],[6,1],[5,6],[9,0],[-8,-15],[3,-7],[6,-2],[8,-4],[6,1],[4,-4],[0,-12],[7,-6],[-1,-8],[-10,-12],[3,-7],[5,-2],[3,5],[6,-1],[9,16],[-2,11],[6,14],[-11,-1],[0,3],[15,1],[2,5],[8,-4],[4,0],[3,-5],[-7,-8],[5,-2],[6,3],[7,15],[5,6],[0,9],[-3,5],[-7,5],[-8,0],[-5,-2],[-1,6],[2,8],[-8,5],[-3,11],[2,14],[7,13],[3,9],[3,16],[0,12],[-2,7],[-6,5],[-12,1],[-8,14],[1,11],[14,-19],[9,-4],[7,-10],[0,-12],[-4,-27],[-9,-17],[-2,-12],[4,-7],[10,5],[-3,-10],[10,1],[6,-17],[30,0],[1,-8],[4,-10],[9,-9],[2,-5],[-3,-23],[3,-16],[-5,-2],[9,-19],[4,1],[1,39],[4,-4],[4,2],[-1,6],[-8,4],[0,11],[1,11],[5,8],[-2,5],[-8,5],[0,4],[14,0],[-2,-6],[0,-9],[-2,-6],[5,-7],[-2,-6],[4,-9],[-2,-4],[3,-14],[-1,-7],[-8,2],[-4,-16],[4,-13],[2,-14],[3,-7],[5,-16],[-1,-5],[7,1],[3,-3],[-2,-9],[-5,-7],[3,-7],[-1,-10],[1,-10],[-2,-8],[-1,-27],[5,4],[-1,6],[0,11],[8,6],[1,5],[7,9],[-3,6],[0,5],[9,7],[0,5],[6,5],[0,9],[4,16],[17,43],[-2,13],[-1,18],[-10,8],[1,10],[9,5],[12,27],[27,0],[3,5],[32,0],[0,10],[2,3],[-1,11],[3,7],[-7,13],[2,5],[-1,9],[5,9],[0,10],[6,-10],[8,0],[10,-8],[7,0],[8,-4],[9,4],[3,-3],[5,-8],[6,5],[4,-1],[4,-8],[11,-11],[7,5],[7,0],[4,-8],[31,13],[11,-2],[8,-5],[1,-4],[8,-8],[9,-31],[13,2],[5,7],[7,-8],[1,-14],[13,-5],[6,-8],[2,-5],[7,-9],[4,0],[5,8],[-2,6],[4,4],[7,1],[8,14],[-5,1],[-6,-3],[1,7],[-2,4],[-5,-1],[4,12],[-1,6],[4,2],[0,12],[-5,4],[-7,-10],[-8,3],[-8,0],[-1,13],[5,8],[1,6],[4,3],[-1,9],[4,8],[-2,6],[-5,0],[0,7],[2,8],[-9,-3],[-2,12],[2,4],[6,-1],[1,7],[12,6],[3,3],[-7,7],[-1,5],[-4,1],[-4,-6],[-10,9],[1,3],[-8,4],[-5,1],[2,13],[5,-2],[4,7],[-3,9],[-7,5],[-7,-8],[-8,6],[0,9],[7,13],[-1,3],[-8,2],[-6,0],[-4,5],[-9,-6],[-4,-10],[4,-6],[-2,-5],[-5,-7],[-14,10],[-1,9],[3,4],[-2,6],[6,15],[-2,4],[7,4],[-4,9],[-5,3],[-5,-9],[0,-6],[-8,-3],[-2,-8],[-3,-1],[-4,7],[-3,15],[2,10],[-5,4],[0,7],[-9,4],[-3,8],[5,3],[2,8],[-9,7],[-4,5],[-8,-5],[-5,2],[-10,8],[-2,9],[-6,6],[-1,-8],[-3,-4],[-9,2],[1,3],[5,3],[-1,7],[4,5],[2,8],[3,4],[2,8],[0,10],[-7,2],[-2,-10],[-4,-2],[-10,7],[3,6],[-2,6],[-5,1],[-4,15],[-7,0],[-4,5],[-7,0],[-1,7],[-4,9],[-1,11],[3,5],[-1,4],[-8,0],[1,-5],[-4,-3],[-2,-7],[-5,0],[-1,7],[-5,2],[-5,8],[3,9],[-2,5],[-9,12],[0,3],[3,10],[7,4],[-2,9],[-7,4],[-12,2],[-4,9],[2,5],[14,16],[-2,9],[-5,8],[-9,4],[2,-11],[-8,-10],[-8,12],[-6,7],[-13,7],[-3,6],[5,12],[-5,12],[-4,0],[-1,9],[-3,7],[6,2],[0,26],[-5,0],[0,22],[-18,7],[2,7],[-8,2],[-4,5],[-6,-13],[-3,1],[-6,11],[-5,16],[5,4],[1,9],[-5,2],[-4,10],[-7,1],[-3,8],[-8,3],[-3,-7],[8,1],[0,-11],[-25,9],[-2,3],[-7,-4],[-1,10],[9,1],[0,9],[-6,6],[-6,-5],[-10,0],[-3,12],[3,6],[-3,9],[-7,0],[-5,-3],[-9,-1],[-4,2],[-2,7],[-5,-2],[-6,4],[-7,-1],[-2,-4],[2,-5],[-3,-5],[-9,7],[-14,32],[-50,61],[1,8],[-2,4],[-5,-3],[-6,2],[-16,-1],[3,-4],[10,-3],[2,-9],[4,-22],[6,-10],[8,-3],[5,-8],[-9,-8],[0,-6],[4,-6],[6,-15],[5,-7],[-3,-3],[-14,4],[-4,-12],[1,-13],[12,-10],[5,-13],[5,-5],[0,-12],[-2,-21],[4,-9],[10,-1],[4,5],[12,-6],[0,-5],[-9,0],[-4,-3],[0,-4],[6,1],[6,-5],[7,6],[3,-1],[1,-10],[17,-14],[-4,-3],[-26,18],[-1,-8],[-4,0],[-3,6],[-7,3],[1,12],[-7,5],[-8,1],[-3,9],[0,8],[-7,12],[-1,14],[-10,-1],[-4,12],[-11,10],[3,12],[5,-6],[5,2],[2,6],[0,17],[-3,5],[-6,6],[-1,12],[5,15],[-1,10],[-4,3],[-8,0],[-5,5],[-4,-6],[-4,-1],[-5,5],[-3,0],[-2,-7],[-5,8],[-6,5],[-2,6],[2,13],[-5,2],[-3,5],[-9,3],[-6,7],[-9,-2],[-9,-5],[-4,12],[2,9],[-5,13],[-7,-3],[-5,3],[0,14],[-5,7],[-14,10],[0,8],[-16,18],[-13,2],[-3,5],[-4,1],[-1,-9],[3,-12],[6,-5],[4,0],[6,9],[3,-1],[3,-8],[8,-9],[3,-13],[9,-1],[7,-5],[2,-14],[5,-6],[6,-1],[1,-4],[-5,-15],[-6,-10],[-11,-3],[-5,2],[-3,6],[-4,0],[-3,-6],[-6,4],[-4,-4],[6,-9],[4,-16],[-2,-8],[-3,-7],[-7,-5],[-1,-12],[-4,1],[-7,18],[4,22],[3,7],[-4,4],[-1,8],[-4,8],[1,10],[-4,4],[0,6],[-7,2],[-7,5],[-4,5],[-16,8],[-1,11],[-7,5],[-11,11],[-5,14],[3,9],[0,5],[4,6],[-5,8],[6,9],[-6,2],[-5,9],[-9,6],[-4,-1],[-1,-7],[-5,-3],[-2,-4],[5,-12],[7,2],[3,-18],[3,-4],[-4,-4],[5,-8],[-2,-8],[-7,4],[-10,1],[0,5],[-9,-7],[-1,-4]],[[4393,6122],[1,-19],[11,-1],[4,-2],[6,-9],[7,-4],[2,-8],[5,1],[13,-4],[0,-6],[-11,-10],[5,-12],[5,-7],[4,-1],[19,-2],[12,10],[3,5],[-2,10],[-4,-1],[-1,7],[7,10],[0,9],[-9,1],[1,5],[-10,8],[-4,9],[-5,-4],[-4,-10],[-9,1],[-7,14],[-6,8],[-6,1],[-7,5],[-3,6],[1,8],[-7,7],[-4,-7],[-7,-4],[-5,1],[5,-15]],[[4437,5475],[6,-9],[7,-3],[2,-6],[-2,-19],[6,-6],[-1,-10],[3,-2],[-1,-24],[14,-4],[9,-8],[11,-2],[5,-5],[6,2],[2,5],[5,-3],[3,6],[-2,19],[-2,4],[-9,-1],[-5,-3],[0,-10],[-11,0],[0,12],[-10,-1],[-8,7],[-2,8],[3,4],[-2,8],[2,11],[-3,3],[-1,8],[-6,8],[-7,14],[3,9],[8,-1],[1,3],[12,1],[4,6],[1,15],[8,14],[-2,11],[2,5],[-3,5],[0,13],[-10,5],[4,14],[-2,9],[-4,1],[-5,15],[-5,0],[-1,6],[1,8],[-3,5],[-6,0],[3,-10],[-5,-29],[9,-10],[-1,-14],[-2,-7],[3,-11],[1,-8],[-2,-9],[-7,-1],[-7,6],[-3,7],[-6,-1],[-6,4],[-1,4],[-4,2],[8,-28],[-1,-14],[-10,-4],[-2,-4],[4,-6],[6,-4],[8,-10]],[[4113,5936],[-2,-8],[0,-8],[-4,1],[-5,-6],[0,-7],[5,-1],[0,-5],[-4,-3],[-2,-8],[-7,-3],[-5,-8],[7,-3],[2,-4],[9,-1],[-2,-14],[7,-7],[0,-6],[-4,-5],[1,-6],[5,-1],[-1,-13],[5,-8],[-8,-14],[2,-5],[-6,-6],[4,-9],[-2,-6],[11,-7],[3,-9],[-2,-10],[4,-4],[0,-5],[6,-1],[6,-4],[6,-12],[-3,-5],[0,-19],[-3,-6],[-5,-1],[-1,-7],[5,-7],[-11,-24],[1,-11],[5,-8],[4,-1],[2,-14],[-9,2],[-3,-4],[2,-10],[-4,-5],[-1,-8],[2,-5],[-3,-10],[1,-7],[-4,-7],[4,-14],[11,-12],[10,0],[5,-5],[2,-8],[5,-8],[0,-14],[2,-17],[5,-5],[8,8],[1,17],[5,0],[1,-7],[3,-1],[8,5],[4,10],[-1,7],[-5,17],[-4,8],[-2,8],[2,10],[-3,19],[-8,10],[-6,-2],[1,19],[-11,19],[-3,6],[1,8],[2,8],[5,4],[1,4],[7,10],[-3,7],[2,12],[9,8],[0,10],[-8,8],[-5,10],[-6,1],[0,9],[-8,2],[0,9],[8,14],[-6,1],[-2,5],[1,6],[-2,12],[3,8],[-7,4],[-4,10],[-1,22],[1,8],[-7,1],[2,9],[-3,13],[-8,8],[-6,13],[-1,5],[5,5],[4,11],[0,9],[2,7],[-2,8],[7,1],[6,-4],[0,15],[-7,5],[-3,8],[-5,-3],[-2,-6],[-8,-2]],[[4156,5957],[1,7],[-17,0],[2,-27],[6,7],[1,8],[7,5]],[[4176,5789],[-3,-4],[-5,-1],[-4,-5],[3,-10],[1,-11],[12,-4],[3,-7],[0,-7],[8,-6],[-1,8],[2,5],[-4,4],[2,6],[-1,9],[-5,9],[1,9],[13,9],[1,11],[3,6],[5,3],[-3,8],[5,11],[-1,5],[-11,21],[-5,1],[-9,-24],[-3,-17],[-2,-16],[-2,-13]],[[3924,6001],[-7,0],[0,-12],[-6,-12],[-7,-3],[-10,4],[-5,-1],[0,-7],[10,0],[5,-2],[7,3],[3,-5],[7,-4],[3,5],[-6,7],[4,15],[3,6],[9,8],[5,7],[4,21],[8,17],[-2,11],[-4,8],[-9,-17],[0,-6],[3,-5],[-3,-19],[-4,-13],[-8,-6]],[[3641,5805],[6,-8],[3,-14],[0,-12],[4,-8],[6,6],[1,18],[-1,10],[-6,8],[-10,4],[-3,-4]],[[4287,5391],[4,-6],[3,4],[-3,4],[-4,-2]],[[4232,5313],[2,1],[-2,11],[-5,-2],[5,-10]],[[4287,5546],[-1,10],[-5,-5],[1,-12],[5,7]],[[4014,6055],[4,16],[-11,-12],[-1,-4],[5,-4],[3,4]],[[4161,5740],[2,6],[-8,0],[-1,-7],[9,-8],[-2,9]],[[4290,5528],[4,-6],[4,1],[-2,18],[-8,-6],[2,-7]],[[4286,5557],[2,-6],[10,0],[0,6],[-6,7],[-4,-1],[-2,-6]],[[4295,5520],[-2,-4],[5,-5],[0,-3],[6,-3],[-3,9],[2,6],[-3,3],[-5,-3]],[[4305,5557],[-4,-6],[-8,-3],[-5,0],[0,-6],[4,-2],[4,4],[7,-6],[3,5],[3,12],[-4,2]],[[3944,5230],[0,10],[-2,6],[-7,-2],[-2,-13],[3,-4],[3,-10],[6,10],[-1,3]],[[4014,6072],[-3,7],[-11,-6],[-2,-3],[0,-9],[3,-5],[12,12],[1,4]],[[4297,5510],[-4,4],[-4,9],[-7,-9],[-1,-7],[6,-2],[0,-5],[5,-4],[9,0],[2,7],[-6,5],[0,2]],[[4286,5359],[1,10],[-8,7],[-2,-9],[3,-5],[-2,-7],[2,-6],[-1,-5],[4,-5],[6,-1],[1,13],[-4,8]],[[4305,5566],[5,-1],[1,13],[1,15],[-1,3],[-9,-1],[-6,-10],[6,-14],[3,-5]],[[4248,5434],[-6,-3],[0,-5],[-7,-1],[0,-8],[-5,-10],[2,-6],[4,0],[4,4],[2,14],[7,1],[4,4],[-5,10]],[[4089,5844],[0,8],[6,6],[0,5],[-10,4],[-1,7],[-4,-1],[-6,-9],[3,-4],[6,-16],[6,0]],[[4029,6082],[4,-3],[3,11],[-2,14],[-2,9],[-5,-4],[-10,-13],[5,-8],[0,-5],[7,-1]],[[4086,5910],[0,12],[-4,-5],[-2,-8],[-1,-16],[-1,-7],[3,-8],[6,8],[2,8],[6,2],[2,9],[-3,7],[-8,-2]],[[4080,5687],[-4,3],[-8,0],[-8,-7],[-1,-6],[-3,-6],[-2,-12],[3,-3],[3,9],[11,2],[9,6],[0,14]],[[4300,5441],[-5,1],[0,-12],[-3,-8],[4,-7],[6,-3],[1,-5],[6,1],[3,10],[-2,3],[-1,8],[1,9],[-2,4],[-8,-1]],[[4300,5347],[0,18],[-5,2],[-4,6],[-2,13],[-5,0],[2,10],[-3,5],[-8,-12],[5,-6],[2,-9],[6,-4],[-1,-10],[4,-6],[0,-11],[2,-5],[5,4],[2,5]],[[4119,5961],[1,4],[5,13],[-5,4],[-8,-7],[2,-7],[-2,-7],[3,-7],[-5,-1],[-2,-9],[-7,0],[-2,-9],[1,-7],[7,3],[1,6],[7,3],[7,8],[-3,13]],[[4170,5606],[-3,6],[1,11],[5,6],[-3,9],[-3,12],[6,7],[-4,6],[-7,-6],[-1,-7],[-5,-1],[-1,-16],[3,-8],[7,-5],[-1,-7],[6,-7]],[[4098,5823],[5,-7],[-6,-2],[-3,-11],[5,-7],[8,5],[5,9],[1,5],[-4,7],[-2,9],[-7,2],[0,8],[6,9],[-7,2],[-5,-5],[-2,-12],[6,-12]],[[4314,5509],[-6,9],[-5,-4],[6,-5],[0,-9],[-5,-10],[-7,-1],[-5,-5],[-4,-12],[1,-8],[-5,-4],[4,-7],[-2,-7],[3,-11],[4,-2],[2,21],[-1,16],[4,6],[6,1],[4,4],[0,10],[6,8],[0,10]],[[4052,5833],[3,0],[3,6],[-1,16],[4,5],[-3,5],[1,10],[0,9],[-5,5],[-1,-9],[-4,-8],[-7,-6],[-2,-5],[1,-10],[5,-17],[6,-1]],[[4060,5719],[-5,10],[-8,-1],[-2,-4],[-6,-4],[11,-30],[2,-12],[4,0],[3,8],[8,9],[-7,11],[0,13]],[[4046,5959],[1,7],[5,-1],[5,3],[-1,17],[-3,5],[-8,1],[-3,6],[-8,6],[-3,-10],[1,-10],[6,-9],[-1,-11],[5,-10],[6,0],[-2,6]],[[4296,5452],[5,-11],[7,2],[3,-4],[-2,-7],[4,-6],[-2,-6],[2,-3],[-3,-9],[1,-7],[6,2],[1,10],[-2,15],[1,15],[-7,8],[-1,17],[3,10],[-4,2],[-4,-5],[-4,1],[-4,-9],[0,-15]],[[3909,5939],[11,12],[0,10],[-10,6],[-19,0],[-4,-2],[-1,-6],[1,-12],[13,-5],[4,-3],[5,0]],[[4182,5619],[-2,-5],[4,-4],[7,-14],[-10,-2],[-6,7],[0,4],[7,4],[-5,5],[4,8],[-1,8],[4,3],[-1,7],[-8,-1],[0,-11],[-4,-4],[-2,-9],[2,-7],[0,-6],[3,-8],[10,-16],[5,-6],[0,10],[4,9],[0,18],[4,17],[-7,7],[-4,-1],[5,-10],[-3,-3],[-6,0]],[[4313,5376],[4,13],[3,4],[0,6],[-10,1],[-3,3],[-2,3],[-3,1],[-1,4],[-12,8],[-6,-9],[1,-10],[3,-5],[5,-1],[3,-4],[0,-5],[-4,-2],[1,-8],[4,-7],[8,0],[3,5],[6,3]],[[4075,5903],[0,11],[5,13],[-1,7],[-5,4],[-4,-2],[-10,5],[-3,-6],[0,-8],[4,-6],[-2,-7],[4,-3],[-2,-7],[0,-11],[2,-6],[-2,-6],[3,-7],[-1,-10],[7,0],[4,8],[-1,14],[2,17]],[[3954,5837],[1,7],[-3,12],[-5,-9],[2,-9],[3,-1],[1,-20],[3,-9],[-5,-10],[2,-5],[8,-3],[2,-5],[-2,-6],[4,-2],[3,-10],[-1,-5],[4,-4],[3,8],[0,40],[-7,9],[-2,9],[-5,9],[-6,4]],[[4184,5647],[22,3],[9,14],[-1,16],[-14,1],[-4,-6],[-7,-2],[-4,7],[-8,-1],[-5,-3],[0,-8],[3,-10],[1,-9],[-5,-3],[2,-5],[9,0],[2,6]],[[4022,5505],[-4,-2],[-3,-13],[0,-15],[-4,-6],[0,-21],[-2,-3],[-7,-8],[-4,-8],[3,-8],[15,0],[5,-1],[5,17],[-2,16],[3,13],[1,11],[-1,23],[-5,5]],[[4194,5746],[11,1],[4,7],[0,21],[3,15],[7,12],[-2,21],[7,3],[2,5],[-2,5],[-13,9],[0,-5],[4,-6],[-5,-7],[-1,-9],[1,-7],[-9,-8],[0,-13],[-6,-3],[0,-7],[-9,-3],[6,-12],[2,-19]],[[4251,5502],[0,-13],[4,-2],[1,-14],[-10,-12],[2,-10],[0,-7],[-3,-4],[4,-4],[7,0],[0,6],[6,3],[9,11],[-2,11],[1,4],[4,4],[-5,16],[0,9],[-5,4],[0,8],[3,7],[-11,20],[-7,1],[-4,-9],[5,-4],[0,-14],[1,-11]],[[4079,5796],[-1,15],[-5,2],[-1,-8],[2,-11],[-10,-9],[-3,-25],[6,1],[5,-4],[-5,-12],[-7,-1],[5,-6],[2,-9],[-3,-9],[-1,-11],[8,-6],[-3,13],[3,5],[4,1],[8,11],[5,2],[1,5],[6,5],[0,6],[5,8],[-4,5],[-7,2],[2,14],[-7,-1],[-2,-3],[-7,3],[-3,5],[5,5],[2,7]],[[4217,5468],[3,-5],[-6,-6],[5,-7],[2,5],[5,4],[3,-7],[5,2],[6,-4],[4,4],[0,8],[8,8],[3,9],[-5,12],[-2,8],[3,4],[-4,12],[2,12],[-5,3],[1,6],[-5,3],[-4,-5],[0,-13],[-2,-20],[-12,-17],[-6,-7],[4,-3],[-3,-6]],[[4063,6000],[-3,-8],[3,-8],[6,-7],[-4,-10],[4,-12],[11,-4],[6,3],[-1,5],[4,6],[-3,7],[-6,1],[0,6],[7,12],[0,5],[-3,3],[4,7],[-4,14],[-3,-2],[-1,-12],[-6,7],[1,14],[-4,0],[-4,9],[2,5],[-2,6],[-10,-1],[-4,-9],[-6,-8],[-1,-5],[5,-11],[12,0],[0,-13]],[[4039,6087],[-4,-11],[0,-9],[-8,1],[-2,7],[-6,0],[1,-6],[-3,-11],[-2,-8],[5,-10],[0,-4],[1,-20],[4,-7],[5,3],[8,-1],[6,3],[-2,15],[6,9],[1,16],[5,5],[1,12],[6,2],[-13,15],[-5,4],[-3,10],[-4,0],[3,-15]],[[4286,5534],[-6,4],[-1,12],[9,14],[5,3],[3,9],[-2,14],[-7,-1],[-22,-23],[-1,-4],[3,-12],[-1,-8],[-5,5],[-4,-2],[4,-13],[8,-14],[-4,-8],[0,-5],[5,-3],[-1,-10],[5,-17],[0,-4],[-4,-2],[2,-13],[-7,-9],[-2,-6],[13,-9],[-5,-5],[3,-14],[7,-1],[6,3],[2,7],[-4,24],[1,6],[-4,5],[0,4],[5,3],[0,9],[4,8],[1,12],[-4,2],[-6,7],[-2,10],[5,9],[2,9],[-1,4]],[[4044,5870],[6,9],[4,13],[4,6],[3,9],[-5,5],[2,8],[-3,6],[-1,7],[2,14],[-7,-1],[0,-23],[-5,-10],[-2,6],[5,17],[-1,7],[-4,6],[-2,7],[-6,10],[-1,7],[-6,1],[-6,-3],[-3,-10],[0,-26],[-3,-12],[-1,-17],[-2,-10],[2,-6],[11,-2],[5,-10],[1,-13],[5,0],[1,4],[7,1]],[[3923,5799],[-10,13],[0,11],[3,3],[2,10],[-1,12],[-2,15],[-1,13],[-9,3],[-6,7],[-5,-12],[6,-14],[1,-4],[-4,-18],[-9,-8],[-1,-4],[0,-20],[-1,-8],[3,-6],[13,-3],[3,-5],[1,-21],[4,-16],[-1,-18],[3,-8],[9,-11],[1,-7],[5,2],[1,5],[-6,12],[0,14],[1,5],[6,8],[0,8],[-3,6],[1,18],[-4,18]],[[3994,6058],[0,9],[-2,3],[-5,1],[-5,-13],[1,-7],[-4,-6],[-4,-3],[-11,6],[-5,4],[-2,-7],[-8,-5],[-5,-11],[-2,-13],[-5,-12],[0,-5],[6,-20],[4,-8],[2,-10],[-1,-5],[-6,-10],[-8,-5],[-5,-1],[-4,-5],[-7,-16],[1,-12],[-2,-21],[-2,-6],[5,-1],[2,10],[12,8],[1,16],[5,4],[2,8],[10,19],[1,6],[7,5],[1,8],[-4,6],[0,5],[15,33],[9,27],[7,12],[5,1],[4,7],[-3,4]],[[3932,5678],[3,-5],[0,-7],[2,-4],[8,2],[-4,14],[2,8],[-1,7],[2,6],[6,3],[2,9],[-2,3],[2,16],[-5,21],[4,12],[5,1],[1,5],[-1,9],[-10,3],[4,8],[-2,11],[2,7],[0,15],[-4,12],[-2,13],[2,10],[-1,7],[4,6],[-3,9],[1,8],[6,10],[2,13],[-8,2],[-9,-17],[-13,-8],[-5,-12],[0,-12],[4,-30],[6,-6],[8,3],[5,-1],[2,-8],[-3,-10],[-6,-13],[-6,-15],[-1,-15],[3,-3],[3,-10],[8,-1],[-2,-7],[-5,3],[-2,-7],[-5,-4],[-2,-10],[1,-12],[6,-2],[3,-14],[-1,-7],[-4,-9],[0,-7]],[[4150,5772],[0,-11],[7,-1],[7,-11],[-1,-8],[3,-15],[-2,-3],[3,-9],[4,-3],[5,1],[3,8],[5,3],[1,11],[-5,5],[1,6],[-4,8],[-7,1],[-3,4],[-2,10],[-6,15],[2,3],[12,3],[5,29],[0,6],[3,5],[4,14],[-2,4],[-10,9],[-5,8],[-1,8],[-11,8],[-11,11],[-3,-3],[1,-7],[4,-12],[-4,-6],[-9,-4],[0,-6],[3,-8],[-3,-8],[6,-2],[0,-22],[5,-17],[5,-4],[1,-8],[-2,-4],[1,-8]],[[4041,5646],[11,22],[-4,9],[-1,11],[-4,5],[-3,7],[0,8],[-2,4],[0,12],[5,3],[2,4],[5,1],[0,5],[4,10],[9,1],[0,5],[-8,4],[0,6],[-3,7],[6,3],[0,7],[7,13],[3,9],[-4,7],[-6,0],[-1,11],[7,0],[6,-2],[-1,8],[-2,6],[-1,11],[-5,-8],[-6,-6],[-3,2],[-9,-3],[-1,-8],[-8,-3],[-5,-8],[1,-12],[3,-3],[1,-14],[0,-12],[-5,0],[3,15],[0,8],[-6,3],[-6,-2],[-3,-7],[-12,1],[-9,-2],[1,6],[4,8],[7,4],[4,12],[4,-5],[0,-8],[10,-1],[1,12],[5,7],[6,4],[2,14],[-2,6],[0,11],[-4,7],[-5,-1],[-3,6],[-9,3],[-6,18],[-7,-4],[-5,4],[1,15],[-8,10],[-5,0],[-2,9],[-5,6],[-4,3],[-4,10],[-3,-1],[0,-19],[-2,-7],[1,-6],[5,-5],[0,-7],[-8,-9],[-2,-7],[2,-6],[10,-3],[6,-6],[4,-7],[-9,-5],[3,-14],[5,-10],[5,-17],[1,-11],[-4,-19],[-1,-24],[4,-10],[5,-4],[11,-3],[3,-3],[0,-17],[4,-17],[1,-14],[8,-9],[4,-13],[6,-12],[3,-26],[4,-13],[8,-7],[3,-4],[3,-20],[1,-33],[3,-4],[6,6],[2,38],[-3,8],[-9,8],[0,4],[3,6],[-11,8],[0,8],[-5,5],[2,7]],[[3993,5711],[-4,17],[-6,6],[-8,-3],[-1,6],[6,2],[-3,7],[0,13],[-4,-2],[-1,-8],[-9,0],[-2,-5],[-5,2],[0,-8],[3,-8],[-5,-8],[2,-17],[5,-14],[-13,7],[-1,-4],[5,-14],[11,-9],[-3,-6],[2,-7],[0,-13],[2,-6],[-8,0],[-1,4],[-8,7],[-1,-8],[3,-10],[-2,-3],[4,-10],[9,-2],[4,-12],[9,-11],[1,-13],[-20,25],[-5,3],[-7,1],[-4,7],[3,16],[-1,8],[-3,6],[-1,10],[-5,7],[-2,19],[2,15],[-7,-8],[3,-14],[1,-19],[-4,-21],[0,-20],[3,-9],[-1,-12],[-3,-7],[-9,-12],[0,-3],[3,-13],[8,-18],[12,-55],[2,-4],[14,-15],[1,-14],[-1,-3],[-9,-3],[-1,-3],[0,-64],[0,-10],[5,-24],[-2,-16],[3,-11],[5,2],[-2,12],[1,5],[7,6],[1,7],[6,-1],[4,7],[2,22],[0,11],[2,9],[8,8],[1,27],[5,14],[2,17],[4,8],[0,17],[7,33],[2,6],[5,7],[16,11],[3,7],[-1,19],[-8,17],[1,7],[4,7],[-1,8],[-4,6],[-5,18],[-12,10],[-3,20],[-8,0],[-5,4],[-1,9],[2,5],[6,7],[0,19]],[[4110,5618],[2,9],[6,4],[1,5],[-1,8],[0,11],[6,3],[0,8],[2,11],[-5,5],[-2,11],[0,18],[7,8],[-2,9],[-7,3],[-1,11],[1,10],[-4,13],[-8,4],[-2,6],[0,15],[-6,1],[1,-9],[3,-5],[-2,-11],[6,-10],[-4,-7],[-3,-10],[-9,-16],[-2,-5],[1,-12],[-4,-7],[2,-9],[-4,-10],[2,-21],[-8,0],[-10,-4],[-2,2],[-7,-6],[1,-14],[7,-9],[6,-17],[9,-5],[4,-6],[0,-5],[-9,-14],[-3,-10],[2,-12],[-1,-13],[4,-14],[-2,-15],[4,-11],[-8,-16],[-4,-14],[-3,-14],[-17,-15],[-11,-12],[-4,-11],[1,-24],[-3,-34],[1,-19],[9,-29],[2,-15],[6,4],[7,-9],[-25,-25],[-7,-12],[-9,-36],[-5,-18],[-4,-13],[-8,-15],[-16,-20],[-6,-12],[-2,-10],[0,-10],[2,-6],[3,-3],[8,-2],[5,0],[14,5],[8,4],[19,16],[14,15],[12,17],[5,5],[8,3],[-2,7],[6,8],[6,20],[6,11],[8,5],[3,16],[7,11],[-1,5],[6,5],[3,13],[2,3],[-4,15],[-5,4],[-5,-3],[-4,9],[0,12],[-12,4],[0,5],[7,2],[2,18],[0,14],[-2,14],[0,5],[7,1],[6,3],[2,9],[10,9],[2,4],[0,10],[5,11],[4,4],[14,4],[10,12],[0,12],[-3,6],[0,7],[-2,5],[-1,31],[-4,8],[-3,-1],[-8,7],[-3,6],[-6,7],[-4,11],[-6,-3],[-4,2],[-8,-2],[1,7],[7,3],[0,8],[-3,3],[10,20],[-2,11],[6,2],[3,4],[-2,7],[-4,5],[3,5],[-1,5],[-8,-9]],[[4282,5632],[-9,1],[-3,-3],[8,-10],[6,0],[3,6],[-5,6]],[[4147,5910],[3,-5],[9,0],[7,5],[7,9],[-2,12],[-10,14],[-5,0],[-3,-9],[2,-12],[-7,-8],[-1,-6]],[[4373,5264],[18,0],[-3,9],[0,13],[-18,0],[0,-23],[3,1]],[[4350,6053],[-2,-8],[6,-5],[13,-4],[14,1],[11,6],[7,7],[6,11],[3,12],[-6,2],[-6,6],[-6,-19],[-7,-6],[-11,-2],[-17,3],[-5,-4]],[[4184,6050],[-4,-1],[0,-6],[6,2],[-2,5]],[[4326,5898],[-2,-15],[-4,-6],[2,-4],[6,10],[9,22],[9,7],[-1,8],[-5,10],[1,7],[3,7],[-2,10],[-9,4],[-4,-4],[-5,-1],[-5,-4],[2,-10],[-3,-5],[1,-20],[3,-9],[6,-2],[-2,-5]],[[4307,5920],[1,-4],[-6,-7],[-2,-8],[-6,-1],[0,7],[-3,7],[5,4],[1,12],[9,0],[1,18],[8,1],[-1,-14],[5,3],[-1,11],[4,6],[8,1],[4,17],[-4,10],[-8,10],[-2,15],[-6,5],[-6,18],[-6,6],[-10,5],[-1,6],[2,8],[-6,12],[-7,6],[-7,1],[-3,8],[-6,5],[-11,2],[-9,1],[-7,3],[-4,-2],[-2,-7],[-6,-1],[-10,5],[-6,-4],[1,-7],[-1,-14],[-3,-7],[-6,-7],[-9,-4],[-3,-5],[0,-6],[4,-9],[0,-10],[-8,-9],[-4,-6],[0,-15],[-5,-21],[2,-13],[4,-6],[-2,-14],[5,-15],[4,-3],[1,-7],[1,-13],[-3,-9],[1,-8],[18,-7],[3,-5],[5,-12],[12,-6],[18,5],[6,-5],[2,-10],[-1,-7],[-7,-7],[-12,-3],[1,-13],[-4,-4],[-1,-6],[-7,-14],[-1,-14],[-2,-12],[2,-9],[-2,-6],[3,-13],[6,-10],[4,0],[3,9],[4,-3],[-1,-8],[-3,-7],[0,-6],[10,-18],[6,-2],[2,-9],[4,-4],[2,-7],[8,-11],[8,-4],[12,0],[5,3],[13,15],[16,12],[6,10],[13,10],[4,13],[-1,13],[-4,14],[7,14],[0,7],[-9,39],[-4,7],[-8,2],[-4,6],[-1,9],[-1,14],[2,31],[-1,7],[3,10],[0,11],[-8,2],[1,7],[-3,5],[2,7],[-7,3]],[[4278,6177],[-3,-5],[2,-7],[-5,-2],[9,-12],[5,1],[6,4],[5,0],[-2,18],[-11,7],[-8,2],[-4,11],[-20,0],[3,-5],[4,3],[6,-1],[4,-9],[9,-5]],[[3485,7223],[6,3],[-6,4],[0,-7]],[[3543,7092],[-9,5],[-1,-6],[5,-2],[5,3]],[[3555,7250],[2,-10],[4,0],[5,9],[-11,1]],[[3551,7195],[0,-14],[6,7],[-3,7],[-3,0]],[[3517,7226],[9,-2],[3,6],[-4,4],[-8,0],[0,-8]],[[3467,7235],[7,-8],[0,-10],[6,0],[1,6],[-1,7],[-7,6],[-6,-1]],[[3480,7167],[-1,-10],[5,-2],[2,4],[-1,23],[-5,4],[-3,-1],[3,-18]],[[3591,7185],[-6,0],[-1,-7],[1,-3],[11,4],[6,0],[0,10],[-8,0],[-3,-4]],[[3673,7161],[6,-5],[-1,-8],[4,-4],[4,4],[4,-9],[3,1],[-1,9],[-4,3],[-2,6],[-10,5],[-3,-2]],[[3447,7263],[3,-1],[4,6],[-3,7],[-6,4],[-3,8],[-7,3],[0,-5],[7,-7],[0,-6],[5,-9]],[[3702,7082],[-1,8],[-5,-3],[-3,-12],[1,-18],[5,-2],[3,11],[3,4],[-1,9],[-2,3]],[[3652,7192],[-3,12],[-3,6],[1,6],[-2,5],[3,7],[-5,8],[-9,3],[-9,-2],[-5,-2],[-3,-10],[5,-15],[1,-9],[-2,-7],[-5,-11],[3,-10],[5,-1],[9,4],[5,4],[8,10],[6,2]],[[3737,6949],[-5,-22],[6,2],[0,9],[4,6],[-5,5]],[[4241,6579],[-4,7],[-3,-10],[7,3]],[[4371,6328],[-4,3],[-6,-7],[7,-1],[3,5]],[[4376,6355],[-3,3],[-5,-6],[4,-8],[4,11]],[[3782,7064],[5,-3],[1,8],[-2,13],[-3,6],[-3,-8],[2,-7],[0,-9]],[[3908,6835],[-9,6],[-2,-7],[7,0],[4,-6],[1,-13],[3,2],[-1,12],[-3,6]],[[3829,7045],[-12,8],[1,-9],[-3,-7],[5,0],[9,8]],[[4727,5607],[2,5],[-3,12],[10,5],[-2,-7],[-5,-4],[1,-7],[-2,-15],[5,1],[14,25],[4,5],[-2,17],[5,5],[5,8],[4,16],[0,10],[-3,9],[-10,3],[-9,1],[-3,12],[-3,-2],[-2,-8],[6,-9],[-2,-6],[-6,0],[-6,3],[-1,-7],[-8,-8],[0,-9],[5,-11],[-9,-2],[-7,-11],[-4,-5],[1,-8],[4,-6],[-2,-10],[19,-16],[3,2],[1,12]],[[4727,5687],[7,-2],[1,6],[-3,5],[-6,-5],[1,-4]],[[4753,5746],[-2,6],[-5,-4],[6,-14],[5,6],[-4,6]],[[4753,5769],[-3,-13],[5,3],[-2,10]],[[4657,5649],[0,10],[-3,4],[-4,-18],[3,-7],[6,3],[2,6],[-4,2]],[[4775,5703],[-3,-4],[-9,-7],[4,-3],[6,4],[8,-3],[2,7],[-4,6],[-7,3],[-5,12],[-1,7],[2,9],[-9,24],[1,11],[6,6],[0,6],[-3,4],[-8,-13],[1,-13],[0,-9],[6,-5],[0,-7],[-4,-5],[8,-19],[-2,-4],[5,-10],[6,3]],[[4721,5954],[-3,7],[-12,5],[-3,11],[-7,-5],[-10,1],[-5,-2],[-8,5],[-38,14],[-3,3],[0,18],[-31,30],[-7,-1],[-2,-3],[-3,-1],[-3,2],[-2,5],[-3,-1],[-1,0],[-4,8],[1,-8],[-2,-6],[1,-4],[8,-8],[6,0],[4,-5],[-1,-9],[-4,-5],[2,-7],[6,-7],[6,-3],[5,-7],[5,-20],[4,-4],[9,-2],[2,-6],[-6,-5],[-5,-9],[4,-7],[12,-7],[9,-1],[4,-6],[1,-13],[5,-6],[4,7],[-3,10],[3,4],[9,-4],[4,-7],[-1,-7],[-2,-4],[-6,2],[-2,-4],[8,-5],[7,2],[3,-2],[12,1],[2,-8],[-3,-6],[-5,0],[1,-7],[5,-5],[3,8],[7,7],[5,7],[10,-3],[8,11],[0,3],[-7,5],[-1,9],[8,13],[6,11],[1,10],[5,7],[-10,8],[-2,-4]],[[4659,5729],[2,-9],[4,0],[-2,9],[-4,0]],[[4432,5827],[6,-18],[3,5],[-3,8],[-6,5]],[[4639,6047],[-4,-10],[10,8],[-6,2]],[[4481,6032],[-3,5],[4,8],[-7,0],[1,-4],[-2,-2],[4,-8],[3,1]],[[4624,6074],[5,5],[-4,3],[-1,-8]],[[4632,6071],[-1,6],[-7,-8],[1,-8],[7,10]],[[4475,6041],[-1,4],[-7,-6],[-1,-4],[8,-2],[-1,5],[2,3]],[[4438,5701],[-5,-3],[-1,-5],[9,-1],[2,5],[-5,4]],[[4675,5872],[7,-16],[9,-6],[-2,7],[-14,15]],[[4507,5818],[-1,5],[-5,3],[-3,-5],[3,-6],[6,3]],[[4507,5966],[4,-5],[4,6],[-5,3],[0,9],[-6,-2],[3,-11]],[[4693,5999],[-3,-4],[10,-4],[3,3],[-1,8],[-8,4],[-1,-7]],[[4600,6093],[-4,-8],[12,-3],[6,4],[-1,5],[-7,-4],[-5,1],[-1,5]],[[4496,5808],[-1,6],[-4,2],[3,6],[-4,3],[-3,-8],[2,-8],[-2,-6],[6,-1],[3,6]],[[4504,5916],[-1,4],[-5,4],[-4,-1],[-3,-13],[3,-2],[7,1],[3,7]],[[4508,6121],[14,-12],[3,3],[-2,5],[-9,8],[-6,-4]],[[4478,5914],[-2,-14],[9,-3],[2,8],[-5,13],[-4,-4]],[[4430,5557],[-5,3],[-1,7],[-5,2],[0,-7],[4,-12],[7,-9],[7,-5],[3,7],[-5,1],[-5,7],[0,6]],[[4472,6018],[6,-11],[4,1],[2,6],[-4,3],[0,9],[-4,1],[-8,6],[-3,-9],[7,-6]],[[4506,6029],[-11,4],[-5,-4],[2,-5],[8,-2],[1,-11],[4,4],[5,-4],[3,6],[-2,6],[-5,6]],[[4442,5846],[6,9],[2,10],[-6,-2],[-4,0],[-2,-11],[-7,-7],[-3,-10],[10,-1],[3,4],[-1,8],[2,0]],[[4505,6110],[1,5],[-3,11],[-5,1],[-5,-4],[-3,-15],[1,-6],[5,-9],[4,4],[4,7],[1,6]],[[4667,5590],[0,6],[-8,11],[2,-18],[-5,-4],[-1,-11],[2,-4],[0,-9],[3,-4],[4,1],[7,12],[0,11],[-4,9]],[[4499,5991],[3,-2],[2,-7],[5,1],[2,7],[-4,3],[-5,-1],[0,12],[-5,8],[-4,9],[-5,5],[-6,0],[-1,-7],[6,-2],[-1,-8],[-3,-2],[3,-11],[5,2],[5,-7],[3,0]],[[4435,5877],[5,-13],[4,-1],[5,3],[-4,12],[2,2],[-3,12],[4,2],[2,10],[5,2],[4,7],[2,9],[-2,4],[-7,-11],[-13,-11],[-5,-13],[1,-14]],[[4534,6076],[4,10],[-10,0],[0,-6],[-6,-6],[-5,-9],[1,-6],[0,-7],[2,-8],[6,-3],[2,4],[9,-1],[2,2],[0,13],[-10,8],[6,7],[-1,2]],[[4468,5770],[5,-3],[3,8],[6,4],[1,7],[-3,13],[5,6],[1,17],[-8,-2],[-2,-11],[-11,-12],[-1,-14],[-1,-5],[5,-5],[0,-3]],[[4497,5451],[2,7],[-4,3],[1,10],[-7,0],[-7,5],[4,7],[-1,6],[-5,1],[-9,-4],[5,-7],[6,-13],[5,-6],[3,-14],[5,-3],[1,-7],[3,-4],[0,-12],[-2,-6],[4,-3],[8,2],[-1,12],[-5,21],[-6,5]],[[4653,5844],[0,-17],[4,-5],[0,-7],[6,-1],[14,8],[8,12],[-4,12],[-3,3],[-23,-1],[-2,-4]],[[4592,6062],[-2,5],[-21,2],[-4,-3],[-1,-10],[-2,-3],[-6,-4],[5,-8],[0,-8],[7,1],[1,-11],[3,-5],[5,-2],[7,2],[-1,6],[-8,8],[0,5],[1,6],[-1,8],[3,-3],[1,-4],[2,-2],[2,2],[2,-1],[1,-4],[6,-2],[3,4],[5,1],[-7,9],[-1,11]],[[4515,6126],[-3,10],[-6,1],[-4,12],[-7,3],[-4,9],[2,12],[-4,6],[-11,-4],[-2,-10],[7,-8],[-9,-14],[-6,-4],[4,-5],[2,-4],[7,1],[10,-6],[5,6],[8,-3],[2,-8],[4,6],[5,0]],[[4512,5858],[-5,9],[-5,0],[-5,5],[0,7],[-3,2],[0,7],[-3,8],[-4,-1],[-11,3],[1,-4],[-5,-5],[-2,-13],[8,-9],[1,-3],[-3,-6],[4,-4],[12,-17],[-1,-9],[6,2],[7,-3],[2,3],[-3,9],[3,4],[-3,6],[3,6],[6,3]],[[4527,6106],[2,-4],[-1,-4],[-5,-2],[4,-9],[10,0],[6,2],[0,-7],[4,0],[9,-5],[3,-6],[32,-3],[-1,14],[5,9],[-4,8],[-7,6],[-11,-4],[-5,-6],[-9,-3],[-12,4],[-5,5],[-15,5]],[[4470,5764],[-4,-5],[5,-4],[1,-8],[-4,-8],[-6,-5],[2,-4],[-2,-5],[2,-14],[0,-10],[-5,-8],[6,-7],[5,2],[5,11],[4,2],[-2,8],[3,7],[-6,5],[-1,5],[2,13],[6,6],[1,5],[-4,2],[-1,6],[5,0],[3,5],[2,12],[6,2],[7,-3],[4,2],[-3,7],[3,10],[-3,11],[0,8],[-5,8],[-3,-4],[3,-2],[1,-4],[-2,-8],[-8,-4],[-3,-6],[3,-5],[-3,-10],[-5,-3],[-3,-8],[-6,-2]],[[4429,5566],[-2,-5],[5,-3],[-1,-5],[11,-10],[0,-6],[2,-5],[7,-8],[7,1],[0,16],[-3,11],[1,18],[-7,10],[1,12],[-4,8],[3,2],[-2,14],[-3,4],[-5,-1],[-5,-8],[-2,-10],[4,-28],[-2,-5],[-5,-2]],[[4495,5435],[-11,1],[1,8],[2,11],[-9,16],[-3,2],[-2,8],[-8,2],[-7,-2],[-2,-8],[5,-8],[0,-4],[6,-14],[-1,-11],[1,-8],[-1,-13],[6,0],[10,2],[5,-12],[0,-6],[5,-2],[0,8],[5,6],[-2,3],[3,5],[0,12],[-3,4]],[[4472,5636],[7,4],[1,10],[2,6],[-7,2],[-3,8],[-3,1],[-7,11],[1,6],[-7,6],[-11,-10],[-7,0],[-5,5],[2,-12],[0,-16],[3,-11],[8,-6],[5,-11],[11,-6],[6,7],[-2,5],[6,1]],[[4486,5911],[3,0],[4,13],[3,2],[8,-3],[2,10],[-1,8],[3,2],[-3,12],[3,5],[-6,14],[-4,5],[-1,7],[-6,8],[-6,1],[-2,9],[-6,1],[-9,5],[0,-9],[-3,-8],[-1,-22],[2,-16],[5,-2],[6,-19],[-5,-6],[2,-6],[7,3],[4,-3],[3,-8],[-2,-3]],[[4471,5871],[-8,-5],[2,-9],[4,-9],[-7,-3],[-5,-12],[-3,0],[5,-11],[0,-10],[-5,-12],[-4,-2],[0,-12],[6,-6],[0,-12],[-4,-9],[8,-4],[-7,-13],[-1,-10],[-6,-4],[-7,0],[-2,-2],[3,-14],[2,-3],[-2,-8],[5,-7],[-1,-5],[4,-3],[5,3],[8,10],[2,8],[-2,7],[2,4],[-6,7],[6,5],[-2,5],[10,12],[-1,6],[-6,-1],[2,20],[-4,6],[1,4],[0,16],[12,11],[2,12],[11,5],[1,12],[-7,9],[-8,6],[0,3],[3,6],[-1,6],[-5,3]],[[4519,6143],[2,11],[-2,4],[-5,-4],[-5,8],[1,6],[-3,8],[-3,-3],[-6,2],[0,11],[-5,7],[-5,-1],[-3,4],[-6,-8],[-4,8],[-4,4],[-12,0],[-2,3],[0,10],[-2,7],[-5,2],[-4,-2],[-6,-8],[3,-8],[-7,-6],[-2,-7],[-6,-8],[1,-7],[7,3],[1,-8],[10,-2],[5,9],[5,-4],[1,-2],[-1,-11],[-3,-3],[1,-5],[0,-10],[3,-5],[10,-4],[-1,4],[2,3],[8,10],[4,6],[-8,5],[-1,4],[6,12],[13,4],[3,-6],[-1,-16],[3,-4],[7,-1],[3,-9],[6,-1],[5,-7],[2,5]],[[4450,5760],[5,12],[-2,9],[-4,3],[-1,14],[6,3],[4,10],[0,11],[-5,7],[-1,6],[5,3],[2,8],[5,5],[-2,15],[8,13],[0,10],[5,5],[-1,8],[4,15],[-5,4],[-4,7],[6,6],[-5,15],[-5,-1],[-5,-18],[2,-7],[-1,-14],[-12,-8],[0,-7],[-4,-4],[3,-10],[-2,-2],[5,-12],[-2,-12],[-8,-11],[1,-4],[3,-4],[-8,-8],[5,-13],[-3,-7],[3,-9],[-1,-7],[-6,-4],[-2,-12],[-7,-18],[0,-12],[8,-14],[4,3],[6,-2],[6,7],[0,5],[7,8],[-7,8]],[[4589,5991],[-5,14],[5,8],[0,5],[-13,-3],[-6,3],[-2,4],[-1,10],[-5,-1],[-2,1],[0,2],[0,8],[-5,5],[1,3],[7,6],[1,14],[-5,0],[-3,6],[-9,5],[-9,-1],[-2,-6],[-6,-7],[9,-6],[2,-3],[-1,-13],[-6,-10],[3,-10],[11,-2],[3,-10],[-3,-7],[3,-14],[5,-3],[-2,-8],[6,-7],[5,-1],[4,-5],[4,-44],[3,-8],[12,0],[4,-3],[2,-7],[2,-13],[16,-14],[4,-11],[6,-3],[7,5],[7,2],[7,-8],[8,-5],[2,-5],[20,1],[1,4],[-3,10],[-3,3],[-9,2],[-3,11],[-7,5],[-6,-1],[-3,-4],[0,17],[2,7],[-1,5],[-7,0],[-6,3],[-14,11],[-1,7],[2,9],[-1,7],[-4,6],[-5,17],[-3,6],[-7,4],[-6,7]],[[4693,5774],[8,3],[1,6],[-7,11],[-6,-16],[4,-4]],[[4696,5773],[1,-7],[3,-6],[7,-6],[7,1],[8,-16],[8,-2],[0,5],[-7,4],[3,9],[-4,2],[-4,5],[-7,0],[-4,3],[-5,8],[-6,0]],[[4663,5741],[3,-4],[1,-8],[7,0],[-1,10],[-4,6],[4,8],[2,19],[5,17],[-4,10],[-4,3],[2,8],[-2,3],[-9,-5],[-3,-9],[-4,-5],[-1,-9],[-4,-3],[-2,-8],[6,-10],[1,-11],[7,-12]],[[4728,5791],[7,-1],[-2,-11],[-7,11],[-2,-5],[3,-6],[5,-2],[3,-12],[10,-7],[2,7],[4,5],[1,8],[5,6],[-1,8],[6,2],[-1,14],[-2,10],[-5,0],[-2,10],[-8,13],[-4,0],[-2,-7],[-8,-6],[-1,-8],[1,-6],[-2,-5],[0,-18]],[[4718,5812],[5,10],[1,8],[5,9],[1,12],[-4,5],[-6,0],[-2,6],[2,7],[-3,11],[-6,-8],[-7,-3],[-6,0],[-3,-3],[-1,-7],[1,-15],[-3,-20],[3,-15],[7,-8],[0,-10],[5,-9],[0,-4],[-4,-4],[5,-8],[6,-2],[7,5],[4,-4],[-4,-4],[8,-5],[5,4],[-4,15],[-7,8],[-4,-8],[-5,-1],[-3,10],[1,4],[6,5],[-2,13],[2,6]],[[4227,6233],[-3,-2],[-3,5],[-1,17],[-4,7],[4,3],[-7,10],[-7,3],[-7,8],[-11,1],[-2,9],[13,4],[8,-3],[8,-11],[3,0],[5,-5],[6,-4],[3,-24],[10,-10],[-1,-14],[-6,8],[-4,-5],[-4,3]],[[4161,6288],[5,1],[2,-4],[-4,-3],[-3,6]],[[4159,6446],[7,-4],[0,-6],[-8,2],[1,8]],[[4119,6531],[1,-9],[-11,-2],[-1,14],[2,7],[4,0],[5,-10]],[[4092,6574],[-8,12],[-12,7],[-8,2],[-3,-4],[-4,1],[-2,7],[5,11],[8,7],[3,-9],[-3,-9],[4,-1],[14,-7],[6,-6],[5,-11],[3,-31],[-1,-16],[1,-9],[-5,1],[0,40],[-3,15]],[[4094,6626],[7,-4],[9,0],[-3,-11],[-2,5],[-10,3],[-1,7]],[[4096,6654],[-7,-4],[-4,-5],[-3,4],[2,7],[6,6],[3,-1],[3,-7]],[[4741,1535],[-6,3],[1,7],[7,0],[9,-5],[6,1],[8,6],[6,1],[-3,-8],[-7,1],[-15,-2],[-6,-4]],[[4767,1571],[-15,-6],[-5,5],[2,3],[18,-2]],[[4779,1576],[-2,3],[6,10],[9,8],[9,6],[7,11],[10,7],[10,19],[2,6],[11,16],[7,13],[7,4],[4,7],[10,12],[7,6],[13,3],[7,-1],[4,-4],[6,2],[0,-8],[-3,-12],[-2,-12],[-7,-17],[-8,2],[-1,3],[7,6],[3,10],[2,16],[-6,1],[-1,7],[-6,4],[-12,-8],[-4,-5],[-4,-2],[-6,-10],[-10,-6],[-5,-15],[-7,-10],[-5,-7],[-6,-10],[-5,-6],[0,-4],[-11,-12],[-8,-18],[-8,-10],[2,-2],[-7,-13],[-7,5],[-2,5]],[[4822,1862],[-4,0],[-9,5],[-4,-3],[-11,1],[9,10],[8,-1],[14,-8],[-3,-4]],[[4623,1921],[12,3],[6,-1],[0,6],[-9,0],[-2,15],[4,6],[9,-4],[2,-3],[0,-20],[-6,-15],[-6,7],[-5,1],[-5,5]],[[4623,2147],[2,-8],[7,-3],[6,4],[4,-2],[0,-7],[11,-5],[7,2],[0,7],[13,10],[5,-3],[5,3],[10,-5],[3,-6],[-2,-4],[8,-12],[8,0],[10,-7],[4,-17],[7,-9],[18,-5],[-15,-16],[-5,-16],[-10,-4],[-2,-7],[-5,-2],[-17,2],[-6,8],[-4,-4],[4,-7],[-1,-8],[6,-3],[6,2],[5,-1],[0,-6],[-7,2],[-3,-4],[-8,3],[0,5],[-7,16],[-2,-7],[1,-14],[-1,-6],[-4,-8],[-21,-4],[-1,3],[-13,1],[-5,-6],[5,-19],[-2,-8],[-9,2],[-9,27],[3,11],[-3,2],[-3,37],[3,11],[3,7],[-5,8],[-2,8],[4,4],[6,1],[8,8],[9,3],[0,12],[-5,5],[0,10],[-9,3],[-3,7],[-2,9]],[[4664,2034],[2,16],[-3,1],[-1,-10],[2,-7]],[[4714,2080],[-3,-3],[0,-7],[9,-2],[-1,8],[-5,4]],[[4663,2115],[-10,-9],[9,-1],[6,6],[-5,4]],[[4669,2022],[-8,15],[1,-13],[0,-10],[7,-2],[0,10]],[[4644,2048],[6,-7],[3,4],[1,7],[-2,13],[-5,2],[3,-12],[-5,-3],[-1,-4]],[[4627,2077],[8,-5],[2,4],[2,22],[-10,-8],[-5,-2],[-1,-9],[4,-2]],[[4642,2008],[3,2],[-2,12],[4,0],[4,12],[-3,9],[-13,5],[-1,-18],[-2,-11],[3,-5],[5,-1],[2,-5]],[[4660,2088],[-8,0],[0,-4],[6,-1],[-2,-12],[4,-17],[10,3],[8,-2],[0,-7],[5,-6],[4,3],[1,9],[-2,14],[-3,13],[-12,6],[-5,-1],[-6,2]],[[4584,2146],[-2,-7],[1,-9],[-1,-13],[-7,-1],[-1,6],[3,9],[2,9],[5,6]],[[4544,2792],[8,-6],[7,2],[4,-2],[2,-7],[0,-15],[-1,-5],[-6,-2],[-9,2],[1,5],[11,-3],[4,10],[-6,3],[2,9],[-15,4],[-2,5]],[[4689,3157],[1,4],[3,-2],[-3,-5],[2,0],[-1,-4],[4,-4],[5,4],[2,-5],[7,-3],[3,11],[7,-1],[7,-11],[-1,-7],[-9,-9],[-2,5],[-5,-3],[0,8],[-6,4],[-3,5],[-7,1],[-2,3],[-2,0],[2,4],[-3,2],[1,3]],[[4684,3358],[-7,-1],[-10,7],[-5,8],[7,-1],[5,-7],[1,-5],[9,-1]],[[4558,3396],[-3,16],[4,-4],[-1,-12]],[[4534,3463],[5,16],[4,6],[-1,8],[-8,11],[-3,3],[-3,10],[-7,3],[-3,-3],[-5,-16],[-9,-14],[-5,3],[-3,-5],[-2,-20],[-8,-11],[-4,0],[-5,-7],[-6,-8],[-6,8],[4,4],[3,-9],[3,17],[7,-4],[3,6],[0,11],[2,13],[-2,15],[8,4],[4,-13],[6,9],[4,2],[-2,7],[4,2],[1,8],[5,6],[5,3],[3,-3],[9,-1],[5,-16],[9,-14],[3,-7],[-4,-7],[-6,-16],[1,-13],[-5,-11],[4,-9],[-1,-6],[-5,-7],[0,-6],[-13,-1],[-12,-13],[-2,-7],[-7,3],[-9,-6],[1,7],[11,8],[18,10],[7,1],[4,5],[1,26],[-1,11],[3,7]],[[4705,3499],[-12,3],[5,3],[14,2],[5,2],[0,-10],[-9,-5],[-3,5]],[[4609,3502],[7,-1],[0,-4],[-5,-4],[-2,9]],[[4628,3464],[4,-5],[-2,-6],[-4,-3],[-2,-7],[-4,-6],[-8,-2],[1,-9],[-12,-20],[3,13],[7,8],[0,8],[5,5],[5,2],[4,10],[0,6],[-8,12],[5,8],[-1,12],[3,13],[-3,15],[-8,7],[-2,7],[-12,-4],[-5,-7],[-2,-1],[-2,3],[-2,17],[-8,12],[-8,8],[-4,-2],[-7,3],[-5,7],[-5,1],[3,6],[-2,11],[-4,11],[-5,1],[-5,4],[-6,-5],[-5,-2],[-4,11],[-1,9],[4,22],[-1,7],[3,10],[0,6],[-7,6],[-6,1],[-1,10],[7,-1],[3,-8],[14,-6],[1,8],[8,21],[-5,5],[11,10],[7,4],[3,9],[7,-11],[-7,1],[-1,-3],[-9,-2],[-6,-7],[3,-9],[-2,-4],[3,-8],[-6,-3],[-5,-7],[-1,-6],[-7,-15],[-6,-18],[0,-11],[3,-11],[6,-1],[9,5],[3,-3],[11,-3],[-4,-6],[0,-12],[3,-5],[-3,-9],[3,-1],[5,-7],[6,-4],[4,2],[6,-3],[5,-9],[7,-7],[2,-10],[-1,-7],[1,-3],[5,5],[0,4],[3,-1],[2,3],[4,1],[7,6],[1,-13],[3,-1],[4,5],[4,0],[4,-10],[11,2],[0,-6],[11,-12],[6,-3],[-1,-4],[-5,-1],[-10,17],[-6,1],[-9,-4],[1,-5],[5,-9],[0,-11],[-6,-4],[-3,-7],[-4,-3],[9,-8]],[[4533,3679],[1,-3],[-7,-6],[-2,8],[2,3],[6,-2]],[[4503,3672],[-7,-5],[-2,9],[6,3],[3,-7]],[[4391,4475],[8,10],[12,1],[3,-9],[7,-6],[7,-13],[6,0],[5,2],[4,-5],[10,-3],[-7,-8],[-7,-16],[-3,4],[6,10],[4,3],[-1,7],[-4,5],[-6,0],[-6,-5],[-3,7],[-5,6],[-1,5],[-7,6],[-2,6],[-12,2],[-8,-9]],[[4500,4506],[-2,2],[-20,-1],[-17,3],[-8,-2],[-1,4],[10,2],[21,-1],[1,-3],[11,2],[5,-6]],[[4311,4628],[6,10],[11,2],[17,11],[9,11],[7,3],[9,18],[5,26],[-3,9],[-9,2],[-1,6],[6,0],[7,3],[-1,12],[-5,6],[-11,6],[-16,0],[8,6],[15,-1],[8,-5],[6,-2],[7,5],[2,7],[5,4],[16,17],[3,10],[-6,6],[-10,4],[-4,6],[-9,4],[-17,-5],[8,9],[9,2],[10,-2],[14,-15],[9,-1],[9,-7],[13,2],[13,-5],[6,1],[8,4],[9,1],[5,-20],[-6,-2],[-7,1],[-4,-3],[-5,3],[-6,-2],[-6,3],[-8,-3],[-2,-12],[-11,0],[-4,-8],[-7,-8],[-1,-10],[-3,-1],[-6,-11],[3,-18],[-2,-3],[-1,-12],[4,-26],[-1,-14],[-4,-14],[6,-2],[11,-8],[-14,4],[-4,6],[0,5],[-5,3],[-2,-12],[0,-12],[6,-11],[1,-11],[-4,1],[2,9],[-8,15],[-4,3],[-3,-10],[-4,6],[2,12],[2,3],[-2,9],[-8,2],[7,5],[-7,6],[1,5],[-2,12],[-5,-1],[-8,-14],[-5,-2],[-8,-12],[-8,-6],[-15,-5],[-8,-5],[-5,-5]],[[4394,4674],[-1,-12],[0,-8],[6,-4],[3,9],[-3,1],[5,19],[-3,1],[-1,7],[-6,-6],[0,-7]],[[4366,5011],[9,-5],[8,-2],[0,-6],[-14,8],[-3,5]],[[4277,5951],[5,6],[4,-9],[-3,-4],[-6,7]],[[4254,6401],[-3,-4],[6,-11],[5,-6],[0,-15],[-6,0],[3,8],[-3,12],[-5,9],[-5,-2],[-7,6],[4,3],[2,7],[8,1],[1,-8]],[[4901,1780],[-1,10],[8,1],[6,-3],[-1,-28],[-5,6],[-9,5],[2,9]],[[4840,1843],[-2,7],[12,7],[1,8],[6,-4],[7,-1],[19,-10],[3,-4],[2,-9],[-9,7],[-8,6],[-1,-8],[-3,-2],[-14,4],[-3,-5],[-10,4]],[[4845,2678],[4,-5],[7,-1],[6,-11],[-3,-4],[-6,8],[-5,2],[-5,5],[2,6]],[[4840,2968],[2,9],[-1,6],[4,12],[-2,6],[-7,2],[-12,-3],[3,5],[7,-2],[5,1],[4,-2],[3,-6],[-5,-14],[2,-5],[-3,-9]],[[4741,3106],[-4,5],[11,1],[4,-2],[-2,-7],[-9,3]],[[4719,3752],[5,8],[-3,19],[-2,4],[-8,6],[5,4],[7,-11],[2,-6],[2,-37],[-1,-19],[-6,-3],[4,11],[1,22],[-6,2]],[[4758,3750],[-5,29],[4,3],[0,-9],[3,-14],[-1,-9],[5,-18],[-3,-5],[-3,23]],[[5131,1331],[0,-7],[-1,-12],[4,-8],[-5,-9],[-9,-11],[-1,17],[-4,2],[-4,8],[1,6],[-9,5],[1,12],[9,0],[1,10],[11,-1],[4,-4],[2,-8]],[[4977,2320],[-1,6],[1,7],[-2,5],[-8,-2],[-3,-4],[-5,1],[0,7],[13,-3],[4,2],[3,-7],[0,-9],[2,-4],[8,-3],[6,-12],[5,-5],[7,4],[0,7],[7,4],[1,4],[7,6],[4,-2],[8,3],[0,-7],[-9,0],[-2,-10],[-8,1],[-5,-1],[0,-6],[-11,-13],[-3,9],[-3,1],[-5,15],[-9,2],[-2,4]],[[5025,2333],[-5,2],[0,6],[-6,2],[-3,11],[2,5],[6,-4],[8,0],[4,-9],[-5,-6],[-1,-7]],[[4996,2361],[9,8],[6,2],[7,-2],[-22,-8]],[[4986,2368],[9,2],[-1,-4],[-8,2]],[[5072,2384],[5,2],[4,-10],[0,-6],[-10,8],[1,6]],[[5082,2375],[13,-1],[6,-4],[11,3],[0,-7],[-8,-3],[-6,-5],[-3,5],[-14,7],[1,5]],[[5049,2399],[0,-7],[5,-9],[2,-10],[3,-1],[5,5],[11,-4],[5,-6],[-4,-8],[-9,3],[-10,5],[-4,8],[1,6],[-6,11],[1,7]],[[5190,2415],[-3,-10],[-4,3],[0,9],[7,-2]],[[5067,2394],[6,-4],[4,5],[9,3],[2,-7],[-13,0],[-13,-5],[5,8]],[[5192,2442],[4,-1],[-1,-5],[-12,0],[-1,6],[-7,-4],[-1,2],[7,2],[11,0]],[[5188,2442],[-2,-4],[9,-2],[-1,5],[-6,1]],[[5168,2481],[2,6],[12,-2],[-12,-10],[-2,6]],[[5199,2471],[-1,12],[4,-3],[-3,-9]],[[5190,2484],[-16,4],[16,4],[0,-8]],[[5120,2497],[3,-7],[6,-2],[-1,-5],[-6,2],[-7,7],[5,5]],[[5051,2488],[2,-7],[6,4],[4,5],[4,-2],[-4,-4],[3,-3],[4,-11],[-3,6],[-19,-3],[-14,4],[-4,4],[-3,9],[-4,5],[-5,0],[1,15],[3,1],[3,-6],[-2,-9],[5,-5],[3,-8],[8,-6],[13,-2],[15,2],[-3,4],[-1,3],[-3,0],[-7,-4],[-2,8]],[[4973,2552],[3,-13],[-7,0],[-1,10],[5,3]],[[5051,2565],[-4,3],[3,7],[-9,6],[-9,1],[-7,9],[0,2],[11,-2],[-1,-8],[9,-2],[2,16],[7,-9],[1,-11],[-6,-8],[3,-4]],[[5030,2592],[0,-6],[5,-3],[1,8],[-6,1]],[[5065,2670],[-6,-1],[-5,11],[-15,2],[-3,5],[2,3],[11,6],[0,6],[-3,12],[-9,2],[-8,-3],[-2,3],[3,6],[-5,7],[5,3],[2,-14],[17,-1],[2,-3],[1,-17],[-8,-6],[-3,-4],[7,-3],[10,0],[3,-4],[-1,-7],[3,-1],[7,3],[5,-5],[0,-5],[4,-9],[-4,-8],[5,-3],[-2,-5],[0,-10],[5,-1],[4,-5],[0,-8],[-7,-1],[-2,8],[-6,2],[-6,5],[-3,-15],[9,-1],[1,-6],[-5,-6],[5,-3],[3,-10],[8,1],[5,-16],[-1,-10],[7,-5],[1,-5],[-4,-9],[2,-8],[9,-4],[3,5],[11,0],[4,7],[-5,4],[1,7],[10,10],[0,6],[10,-2],[-2,-8],[6,0],[7,-9],[6,6],[3,0],[2,-14],[-4,-7],[7,-8],[4,3],[9,-4],[0,-8],[-10,7],[-11,-2],[2,-6],[5,-7],[-2,-9],[6,1],[6,10],[9,-4],[3,-8],[-11,-10],[-12,3],[-6,3],[2,14],[-6,4],[-2,10],[1,8],[-4,15],[-6,8],[-5,3],[2,8],[-5,1],[-5,-6],[-7,-6],[-2,-8],[5,-5],[0,-5],[-5,-3],[-6,1],[-7,-8],[-4,0],[-7,6],[-3,11],[3,5],[-1,5],[-4,2],[-2,7],[1,9],[-4,12],[-6,-1],[-4,6],[0,6],[-6,4],[4,5],[0,5],[-7,0],[-3,4],[3,17],[10,-7],[5,-1],[1,-6],[6,-2],[-1,9],[-7,0],[-4,2],[3,17],[-4,3],[3,10],[-4,4],[-1,7],[-6,1]],[[5191,2642],[-5,-7],[1,-12],[-10,11],[-9,4],[-3,9],[-7,1],[0,4],[11,-7],[-1,-5],[6,-1],[3,-4],[6,-6],[1,5],[7,8]],[[5179,2634],[3,5],[-1,7],[-4,9],[5,1],[2,-13],[0,-6],[-5,-3]],[[5168,2695],[-6,-2],[-4,10],[0,13],[5,-1],[0,-12],[5,-8]],[[4938,2933],[6,-4],[2,5],[-4,5],[0,8],[6,2],[4,5],[-3,9],[-8,10],[0,9],[5,6],[1,6],[-3,4],[-6,1],[5,7],[1,-7],[4,-3],[-2,-10],[0,-9],[4,-8],[-2,-3],[5,-8],[-2,-12],[-5,-4],[4,-12],[-6,-5],[-5,-2],[-1,10]],[[4908,4213],[-9,19],[-5,4],[-5,1],[-3,5],[-2,8],[-6,14],[-9,15],[3,2],[6,0],[-2,-6],[2,-10],[9,-6],[2,-10],[-2,-4],[4,-8],[8,-1],[3,-8],[6,-10],[0,-5]],[[4851,4880],[1,4],[11,1],[-1,-7],[-11,2]],[[4906,5783],[0,-7],[-7,-7],[-4,6],[-6,2],[-2,23],[-5,6],[6,6],[1,-9],[7,0],[4,-3],[2,-7],[-1,-7],[5,-3]],[[4898,5832],[-2,1],[0,16],[-9,-3],[-16,7],[-3,13],[0,6],[2,13],[-6,6],[-13,6],[5,4],[2,6],[7,-2],[1,13],[11,2],[1,-13],[5,-2],[-1,-8],[-8,-4],[0,-9],[-5,-9],[4,-12],[-1,-11],[6,0],[5,9],[7,-5],[1,11],[3,0],[3,-6],[6,-3],[7,5],[3,8],[5,0],[0,-6],[3,-3],[5,0],[-3,-7],[2,-10],[-11,-2],[1,6],[-9,2],[-4,-2],[-4,-6],[0,-11]],[[5274,2228],[10,-11],[-4,-1],[-6,12]],[[5269,2291],[18,-17],[-11,4],[-2,4],[-7,4],[2,5]],[[5276,2319],[-2,-17],[-4,5],[2,8],[-3,5],[-11,3],[-2,11],[1,3],[9,-4],[5,-5],[5,5],[2,6],[-9,8],[-5,9],[15,-2],[8,-2],[-3,-15],[7,2],[-1,-8],[12,-3],[1,-5],[-12,3],[-4,5],[-10,1],[-5,-8],[4,-5]],[[5291,2375],[-2,-2],[-11,10],[-1,6],[8,1],[-1,-7],[4,-8],[3,0]],[[5238,2406],[-14,-17],[-1,7],[7,1],[8,9]],[[5240,2422],[-4,5],[-10,2],[3,5],[-6,3],[12,7],[9,-4],[2,-7],[-2,-15],[5,-4],[-4,-5],[-5,13]],[[5261,2422],[0,10],[6,-2],[-6,-8]],[[5203,2435],[-7,4],[2,9],[16,7],[1,-7],[-4,-5],[6,-5],[2,-6],[-16,3]],[[5229,2442],[9,5],[1,5],[-6,18],[1,6],[6,-2],[4,4],[2,-4],[0,-5],[4,-4],[-8,-6],[-2,-9],[4,-1],[-15,-7]],[[5237,2464],[1,-6],[6,2],[2,13],[-6,1],[0,-4],[-5,-3],[2,-3]],[[5215,2468],[-5,3],[-5,5],[-2,15],[8,12],[-2,-13],[1,-7],[-1,-10],[6,-5]],[[5205,2545],[14,-2],[9,3],[-2,-10],[5,1],[0,-8],[-10,2],[-2,3],[1,8],[-15,3]],[[5267,2540],[4,-1],[3,7],[8,0],[1,14],[3,0],[0,-13],[-6,-3],[-6,1],[0,-7],[-5,-4],[-2,6]],[[5225,2556],[-8,2],[1,6],[-2,5],[9,5],[4,10],[-1,10],[-3,7],[-16,6],[-4,10],[6,1],[4,-6],[1,15],[5,0],[-2,-20],[6,2],[9,-1],[-3,-7],[-5,-1],[4,-7],[-1,-9],[-2,-9],[-8,-7],[1,-7],[6,-2],[0,-3],[7,1],[3,-1],[0,5],[2,0],[1,11],[3,3],[7,-1],[0,4],[11,-2],[2,-18],[-3,-22],[-11,-8],[2,-6],[4,-4],[3,-20],[7,-1],[14,-7],[-1,-5],[-5,0],[-7,8],[-4,-1],[-7,3],[-2,5],[1,13],[-1,5],[-5,2],[0,5],[-4,9],[-8,1],[2,5],[8,-2],[0,5],[-5,1],[2,11],[2,0],[4,-1],[4,5],[-1,10],[-9,2],[-1,-11],[-4,1],[-1,-5],[-4,-6],[-7,6]],[[5259,2572],[-6,1],[0,-6],[4,-6],[4,2],[-2,9]],[[5242,2571],[10,-1],[0,3],[-10,1],[0,-3]],[[5245,2544],[5,3],[1,6],[-9,2],[0,-10],[3,-1]],[[5248,2595],[4,3],[-4,6],[4,5],[4,-3],[-3,-5],[0,-8],[-7,-2],[-9,-10],[0,19],[5,-2],[1,-6],[5,3]],[[5213,2642],[5,-1],[1,-7],[-7,2],[1,6]],[[5242,2630],[4,8],[2,1],[-1,11],[-2,2],[-2,15],[-5,1],[3,10],[4,6],[12,-2],[1,10],[-11,1],[1,3],[11,-4],[2,-5],[-1,-7],[3,-7],[-1,-7],[-5,-5],[4,-8],[-3,-10],[-12,-6],[-4,-7]],[[5246,2658],[2,9],[-2,10],[-5,-3],[5,-16]],[[5247,2656],[2,-14],[9,2],[3,8],[-4,1],[-1,8],[5,6],[-3,4],[-10,-1],[-1,-14]],[[5209,2631],[-1,-4],[-4,-2],[-1,-2],[-2,0],[-5,4],[4,6],[1,8],[-3,3],[-8,20],[-5,4],[2,2],[-1,5],[1,6],[7,2],[-2,-22],[7,-12],[4,3],[1,8],[-2,7],[-5,1],[0,11],[8,-2],[-1,-5],[6,0],[1,4],[8,-1],[-1,-13],[6,-2],[-1,-13],[-4,4],[-10,2],[-3,-14],[-4,-1],[-5,-11],[5,-3],[4,3],[3,4]],[[5187,2668],[5,-5],[1,10],[-1,7],[-2,0],[-1,-9],[-2,-3]],[[5255,2738],[2,-7],[-6,-5],[3,-5],[-3,-6],[-4,-1],[-8,7],[-3,8],[-6,3],[-3,7],[5,5],[-1,-12],[6,-3],[4,-9],[5,-3],[2,2],[3,6],[-1,1],[5,4],[0,8]],[[5196,3059],[0,-6],[5,-14],[-6,-10],[-9,-4],[-13,2],[0,9],[-2,5],[-1,10],[3,10],[9,0],[14,-2]],[[5137,3263],[0,8],[9,5],[0,-9],[-9,-4]],[[5045,5365],[-8,-12],[9,-5],[0,-5],[-9,0],[-21,4],[2,4],[13,-6],[8,11],[1,5],[5,4]],[[4996,5377],[0,4],[11,0],[7,-5],[8,3],[2,-3],[-2,-15],[-6,1],[7,12],[-1,3],[-9,-3],[-3,-3],[-5,3],[-5,-1],[-4,4]],[[5035,5372],[3,6],[4,1],[3,-5],[-4,-5],[-6,3]],[[5035,5398],[8,-4],[-4,-8],[-4,0],[-1,10],[1,2]],[[5008,5408],[7,-1],[8,-8],[-1,-4],[-9,12],[-8,1],[0,10],[-7,0],[-9,-2],[3,-18],[4,-7],[-3,-6],[-5,-2],[-2,-11],[-4,3],[5,10],[5,1],[3,6],[-4,4],[-3,13],[0,9],[18,2],[2,-12]],[[5020,5420],[3,3],[4,12],[10,7],[0,4],[8,-4],[0,-7],[-4,-7],[-9,-2],[-4,-6],[-1,-5],[-8,-6],[1,11]],[[5017,5563],[4,-2],[-4,-7],[2,-6],[-4,-9],[1,-12],[8,-3],[-2,-8],[-8,4],[-11,-15],[-11,-7],[2,8],[-1,11],[2,4],[-2,7],[3,10],[6,8],[3,9],[6,6],[6,2]],[[5329,2130],[4,-14],[-1,-7],[-7,6],[6,2],[-3,8],[1,5]],[[5355,2202],[6,-8],[-8,-4],[0,12],[-3,8],[-1,5],[-1,1],[-2,4],[-8,1],[2,4],[-5,13],[-5,1],[-8,10],[-5,2],[-4,9],[-2,8],[13,-6],[5,-4],[1,8],[4,6],[8,0],[-1,-4],[-7,-3],[2,-6],[-3,-9],[-9,11],[-9,5],[-3,-1],[5,-12],[16,-13],[6,-6],[2,-9],[5,-3],[3,-6],[1,-1],[2,-3],[3,0],[0,-10]],[[5347,2312],[3,-12],[5,1],[7,-2],[2,-6],[-4,-3],[-10,2],[-4,9],[1,11]],[[5316,2282],[-4,0],[-3,9],[7,10],[2,12],[3,-3],[1,-9],[-9,-8],[-1,-9],[4,-2]],[[5332,2349],[-1,4],[5,-2],[0,2],[3,0],[1,9],[5,7],[-3,10],[4,-2],[-1,-11],[-5,-5],[-1,-8],[-3,0],[0,-3],[2,-1],[-6,0]],[[5343,2389],[-4,5],[0,10],[-6,0],[-3,3],[-7,-1],[-3,2],[-7,15],[11,1],[-1,-8],[3,-4],[6,1],[5,-4],[2,-5],[0,-3],[4,-3],[0,-9]],[[5301,2411],[-11,2],[-1,10],[9,-2],[3,-10]],[[5296,2478],[1,-9],[-10,-1],[-2,5],[4,4],[7,1]],[[5312,2497],[-2,-7],[3,-2],[2,-10],[-8,-1],[-6,7],[-4,-3],[-9,2],[-3,5],[7,5],[6,-1],[10,-9],[0,6],[-4,5],[0,6],[8,-3]],[[5325,2623],[3,-7],[-4,-3],[-2,7],[3,3]],[[5317,2748],[3,-6],[9,-5],[-1,-4],[-12,4],[-2,4],[3,7]],[[5267,3219],[-4,-10],[-5,0],[0,6],[9,4]],[[5266,3214],[12,-2],[8,5],[4,5],[-4,10],[-11,19],[7,-4],[-1,-5],[9,-5],[3,5],[-6,-51],[-22,3],[6,5],[0,12],[-5,3]],[[5248,3214],[4,7],[6,2],[-1,-15],[-6,-1],[-3,7]],[[5095,5165],[-4,16],[3,0],[4,-8],[-3,-8]],[[5100,5173],[-2,3],[-5,17],[3,6],[4,-7],[2,-16],[-2,-3]],[[5096,5201],[-5,-10],[-3,-1],[-3,10],[2,14],[7,-5],[2,-8]],[[5080,5362],[1,12],[6,-2],[-1,8],[5,0],[1,-9],[-5,-3],[-2,-6],[-5,0]],[[5040,5588],[-2,-4],[1,-6],[-5,-8],[-2,-9],[-5,8],[0,4],[9,3],[-2,9],[4,13],[5,-5],[-3,-5]],[[5519,1340],[3,13],[-7,6],[-4,7],[12,-4],[6,-9],[-1,-6],[14,-3],[-3,-6],[-4,6],[-16,-4]],[[5551,1356],[-3,7],[-5,4],[-6,0],[-4,7],[-5,0],[-6,6],[1,4],[7,0],[7,-4],[6,-13],[8,-6],[0,-5]],[[5443,1799],[10,-4],[-4,9],[3,28],[0,3],[2,34],[4,-1],[7,-14],[7,-2],[-3,-7],[0,-5],[6,-5],[2,-7],[11,-14],[15,-16],[-5,-2],[-4,7],[-6,10],[-12,5],[-4,-3],[8,-6],[-3,-4],[-10,16],[-1,7],[-7,3],[-1,-7],[-3,-10],[0,-5],[11,-5],[4,-4],[0,-5],[-9,9],[-2,-5],[0,-7],[-2,-5],[-10,7],[-4,5]],[[5458,1873],[7,-1],[1,-7],[-2,-6],[-6,10],[0,4]],[[5475,1877],[0,-4],[4,-4],[8,0],[1,-6],[5,1],[-1,-1],[3,-1],[2,-1],[-1,-1],[1,-2],[4,0],[3,-9],[-3,-1],[-1,4],[-2,3],[-2,5],[-2,0],[-2,3],[-4,0],[-1,3],[-7,-1],[-7,2],[1,5],[-6,3],[-7,5],[2,12],[0,14],[10,16],[3,-6],[-1,-17],[-5,-9],[-1,-12],[6,-1]],[[5488,1955],[2,0],[17,-4],[-1,-4],[11,-2],[-1,-15],[-5,-4],[-2,-8],[-4,2],[-5,-4],[-12,-6],[-5,16],[2,25],[3,4]],[[5450,1944],[3,5],[6,5],[-2,6],[4,7],[-5,19],[-4,1],[-2,6],[-5,3],[10,5],[-5,12],[-8,0],[-5,7],[-7,3],[4,4],[-2,9],[3,1],[-20,29],[-9,1],[1,9],[5,6],[-8,10],[2,7],[5,-1],[-8,20],[-4,6],[-2,6],[2,9],[-8,11],[2,6],[7,-14],[2,-18],[3,-4],[2,-8],[6,-13],[2,-18],[2,-4],[6,2],[3,10],[-5,9],[0,7],[-4,7],[8,4],[8,-5],[-3,-15],[7,-5],[1,-12],[1,-3],[12,0],[5,-3],[8,-7],[-13,2],[4,-6],[4,-1],[6,-4],[3,-8],[-8,-12],[-9,14],[-28,12],[7,-17],[7,-4],[3,-8],[7,3],[8,-10],[4,-18],[-3,-2],[2,-11],[6,-6],[0,-5],[4,-9],[6,2],[5,-9],[-8,-10],[3,-2],[-6,-8],[-13,-8],[-5,3]],[[5428,2094],[2,-5],[-2,-15],[7,3],[2,14],[-9,3]],[[5439,2099],[1,13],[-2,9],[6,0],[-4,-10],[-1,-12]],[[5427,2155],[0,16],[4,-5],[0,-11],[2,-7],[0,-6],[-9,3],[3,10]],[[5393,2216],[3,-9],[-3,0],[0,9]],[[5442,2268],[-2,-9],[-1,-15],[6,-8],[-8,-5],[-1,11],[3,2],[0,14],[3,10]],[[5398,2259],[-2,-2],[-9,12],[-2,6],[-8,11],[4,3],[11,-4],[-2,-5],[-7,6],[-5,0],[8,-11],[2,-5],[10,-11]],[[5390,2332],[-6,1],[7,7],[10,3],[4,-5],[-15,-2],[0,-4]],[[5323,2509],[5,0],[10,8],[6,8],[8,10],[8,-9],[8,1],[2,-4],[-3,-8],[-2,-18],[-4,0],[-2,5],[-7,0],[-2,8],[-4,-3],[-3,-6],[-5,-1],[-13,0],[-3,3],[1,6]],[[5372,2521],[3,10],[-1,5],[5,5],[-3,5],[5,13],[-3,1],[0,11],[4,6],[8,1],[6,6],[4,8],[3,-6],[11,2],[5,9],[0,6],[7,5],[-1,11],[0,17],[5,3],[1,-8],[-6,-13],[5,-3],[0,-8],[-8,-15],[2,-7],[8,-2],[-1,-6],[6,0],[-1,6],[6,7],[10,-6],[-10,-9],[-6,-2],[-5,-5],[-9,7],[-3,-3],[-7,1],[-10,-4],[-4,3],[-6,-10],[2,-10],[-5,-5],[8,-5],[2,-5],[-6,-7],[0,-5],[-11,-3],[1,-3],[-7,-4],[-6,0],[2,6]],[[5372,2680],[-3,8],[-16,2],[5,6],[-8,16],[-8,-5],[-2,4],[-2,1],[3,4],[1,12],[3,8],[-6,4],[-4,-1],[-2,10],[1,10],[4,7],[4,12],[2,7],[5,1],[5,8],[3,-3],[14,2],[6,12],[9,-5],[0,-4],[-8,0],[-7,-4],[-13,-3],[-4,2],[-5,-6],[-4,-1],[-5,-13],[-2,-5],[-3,-5],[-1,-11],[4,-4],[-3,-5],[7,-2],[5,-4],[2,9],[4,-4],[-8,-7],[-3,-6],[0,-6],[-2,-7],[5,-4],[5,2],[5,-1],[0,-6],[4,-3],[2,-9],[11,-5],[0,-8]],[[5288,3191],[1,8],[6,-1],[1,24],[-3,12],[4,12],[5,2],[1,-6],[-4,-4],[-3,-10],[2,-6],[7,-4],[3,-6],[1,-14],[-6,-5],[2,-5],[-17,3]],[[5176,4926],[-6,7],[8,7],[2,-5],[-4,-4],[0,-5]],[[5179,4942],[-2,7],[3,7],[6,0],[0,-13],[-7,-1]],[[5178,5039],[-2,8],[3,4],[3,-12],[-4,0]],[[5152,5152],[-6,-3],[-4,1],[-2,6],[4,9],[10,-3],[-2,-10]],[[5218,5246],[4,-11],[-7,-3],[-3,6],[6,8]],[[5202,5244],[-1,4],[7,3],[0,-7],[-6,0]],[[5215,5258],[-6,-4],[-7,3],[4,5],[9,0],[0,-4]],[[5203,5266],[-3,-1],[-3,9],[7,7],[2,-8],[-3,-7]],[[5196,5465],[0,-13],[-5,3],[0,9],[5,1]],[[5169,5471],[-4,-5],[-3,5],[0,10],[4,9],[4,-1],[-2,-8],[-5,-3],[6,-7]],[[5156,5483],[-1,26],[9,0],[-2,-5],[2,-12],[-8,-9]],[[5627,1170],[-2,9],[1,16],[3,3],[18,-2],[20,2],[-1,-5],[-13,-7],[-8,-6],[4,-4],[6,8],[7,1],[1,-8],[-11,-6],[-6,-1],[-9,1],[-3,3],[-7,-4]],[[5587,1292],[-6,3],[-5,1],[-10,6],[-4,7],[-2,9],[-7,4],[6,12],[10,-4],[4,-10],[-1,-10],[6,-9],[8,-1],[1,-8]],[[5527,1462],[9,-1],[3,-5],[4,1],[-4,10],[1,5],[6,6],[-1,-13],[-2,-4],[3,-8],[-8,-13],[-9,5],[-1,6],[3,9],[-4,2]],[[5565,1487],[-8,1],[0,8],[-4,4],[-8,1],[-5,-6],[-7,4],[10,10],[-2,5],[4,4],[5,-3],[6,-15],[9,-13]],[[5592,1571],[5,-5],[-5,-5],[-10,-13],[-5,-15],[-4,2],[8,14],[0,8],[8,13],[3,1]],[[5597,1660],[1,-10],[-6,1],[-1,5],[6,4]],[[5573,1988],[-2,13],[6,-2],[9,-10],[-8,-9],[-1,-11],[-6,1],[2,18]],[[5561,2023],[-1,-7],[5,1],[0,12],[7,5],[-1,-14],[-3,-6],[-10,-3],[-3,-5],[-9,1],[-5,-2],[-20,2],[-10,-13],[-30,-23],[-2,5],[10,8],[24,19],[10,18],[-56,25],[5,10],[5,-11],[8,-4],[15,-5],[13,-1],[3,-6],[11,-2],[9,38],[1,-1],[-4,-22],[-2,-16],[7,-13],[5,2],[3,-3],[9,1],[4,3],[1,8],[-2,6],[-9,5],[8,6],[-2,6],[0,5],[4,6],[4,-9],[-6,-9],[4,-9],[0,-8]],[[5481,2231],[9,-11],[-6,1],[-2,-7],[-4,1],[3,16]],[[5533,2535],[-1,8],[-8,13],[1,9],[-3,4],[2,6],[-4,4],[-8,0],[0,9],[-8,2],[-5,11],[0,4],[-9,7],[-10,-7],[-16,-4],[3,5],[11,4],[7,0],[6,5],[5,-2],[6,1],[16,-2],[9,12],[5,-1],[4,-4],[4,-12],[5,-3],[1,11],[3,5],[8,1],[2,4],[11,-6],[-3,-8],[-11,-6],[2,-4],[13,6],[1,-3],[-11,-6],[-2,-8],[-8,12],[1,6],[14,6],[-1,5],[-9,-2],[-6,1],[-4,-19],[-8,4],[-1,13],[-12,5],[-3,-7],[2,-3],[-1,-6],[-5,-1],[-2,6],[-4,0],[-7,-4],[-2,-6],[6,-5],[6,-14],[5,1],[5,-5],[1,-10],[0,-11],[5,-4],[3,-9],[-1,-8]],[[5513,2678],[-9,-3],[-6,0],[-4,-3],[-8,4],[0,5],[-3,7],[4,14],[-4,14],[-3,1],[5,17],[2,4],[7,0],[6,-2],[3,8],[8,5],[4,0],[8,6],[-1,7],[3,6],[7,12],[-1,9],[2,4],[-2,7],[8,9],[3,-3],[-6,-10],[-1,-24],[-9,-14],[-3,-10],[-4,-3],[-13,-5],[-5,-5],[-7,2],[-4,-3],[-5,-9],[0,-5],[6,-9],[0,-7],[-6,-16],[4,-4],[-2,-4],[6,-7],[5,3],[6,0],[9,2]],[[5266,5198],[-6,-2],[-4,4],[3,6],[7,-8]],[[5318,5213],[6,0],[-3,-7],[-3,7]],[[5262,5226],[3,-8],[-3,-6],[-7,-1],[-4,-4],[0,-8],[-5,0],[-1,7],[6,11],[10,10],[1,-1]],[[5245,5222],[0,3],[10,0],[0,-2],[-10,-1]],[[5235,5256],[-7,4],[7,4],[4,-2],[-4,-6]],[[5226,5290],[-3,-6],[-5,1],[-5,6],[13,-1]],[[5260,5296],[-5,-3],[-2,-11],[-5,-3],[-3,3],[-1,10],[-8,12],[9,-2],[7,5],[7,-7],[1,-4]],[[5297,5448],[-2,-1],[5,-12],[-2,-6],[-12,-3],[-3,6],[3,7],[-9,4],[-2,3],[16,0],[3,4],[14,0],[9,-5],[-2,-8],[-13,6],[-5,5]],[[5273,5468],[-3,-6],[3,-6],[1,-6],[-5,-1],[-7,-10],[0,30],[4,11],[-6,3],[1,4],[7,-3],[5,-4],[0,-12]],[[5237,5457],[-8,0],[-2,8],[13,0],[-3,-8]],[[5250,5473],[-14,1],[-4,16],[7,5],[1,-8],[8,-2],[5,-5],[-3,-7]],[[5252,5500],[-7,11],[0,8],[9,-9],[3,-7],[-5,-3]],[[5202,5498],[-5,7],[0,4],[10,0],[-5,-11]],[[5240,5511],[-4,-8],[-6,-8],[0,14],[-5,1],[0,9],[6,-2],[2,-4],[7,-2]],[[5210,5539],[-3,-7],[1,-9],[10,-12],[4,-3],[2,-7],[-9,-1],[-1,-11],[-6,3],[-5,-3],[-6,5],[16,1],[-3,4],[-2,9],[-3,7],[-9,-2],[-4,1],[-1,11],[-3,0],[0,25],[11,2],[4,3],[7,-16]],[[5191,5585],[0,6],[6,5],[5,-3],[-8,-16],[-3,8]],[[5257,5835],[-7,12],[-5,7],[-1,8],[12,-4],[-6,-5],[8,-14],[-1,-4]],[[5203,5839],[-6,-3],[-1,8],[9,4],[4,-5],[-1,-5],[2,-9],[-2,-5],[-5,15]],[[5250,5868],[1,5],[-7,13],[6,3],[14,-5],[11,5],[11,-16],[-3,-4],[8,-8],[4,7],[5,-2],[4,4],[6,-5],[-9,-14],[0,-28],[-8,-1],[-4,14],[-3,1],[-9,-7],[-7,7],[-4,12],[-7,14],[-9,5]],[[5729,1080],[8,1],[-1,-6],[-7,5]],[[5705,1081],[-5,-6],[-4,6],[9,0]],[[5601,1572],[-1,6],[3,5],[1,8],[3,4],[5,16],[2,6],[-6,2],[0,16],[-4,5],[5,4],[2,12],[5,2],[-6,9],[1,5],[-5,7],[-2,9],[3,4],[-2,13],[2,5],[-4,5],[0,6],[10,-5],[0,-9],[-4,-11],[-1,-9],[8,-11],[-1,-7],[6,-11],[9,3],[3,-8],[7,0],[0,6],[5,1],[0,13],[7,-2],[6,10],[6,1],[5,-5],[7,3],[5,-3],[5,-9],[-9,-1],[-9,-5],[-3,-5],[-7,-4],[-3,-5],[-5,-3],[-6,3],[-6,-4],[-4,5],[-6,2],[-2,-8],[-7,0],[3,-14],[-5,-3],[4,-7],[5,-2],[3,-5],[-1,-5],[-13,-7],[-4,-11],[-10,-17]],[[5656,1665],[-2,-3],[-2,-10],[3,-2],[6,8],[-5,7]],[[5627,1890],[0,-10],[1,-7],[-8,-2],[-1,5],[2,13],[6,1]],[[5687,1901],[17,5],[1,13],[3,0],[4,5],[12,-4],[-7,-4],[-3,3],[-5,-5],[-3,-10],[-6,-7],[-9,1],[-5,-7],[-3,2],[4,8]],[[5632,1948],[6,-6],[0,-3],[5,-9],[-1,-3],[-8,1],[-2,6],[1,6],[-1,8]],[[5630,1958],[3,-4],[-6,-11],[-6,12],[9,3]],[[5617,2055],[17,-5],[20,-3],[5,4],[-1,14],[5,-3],[0,-15],[8,-5],[13,-13],[4,-8],[-2,-15],[5,-3],[16,-2],[4,14],[5,2],[8,-12],[-12,2],[-4,-7],[4,-8],[-4,-15],[1,-2],[16,-4],[-4,-5],[-3,-9],[5,-8],[6,-1],[6,-8],[5,-4],[8,-11],[1,-6],[-3,-8],[-9,5],[-4,-4],[-7,11],[8,7],[-4,9],[-3,1],[-3,6],[-5,1],[-5,7],[1,8],[-8,12],[-1,10],[-3,6],[1,7],[-5,-1],[-3,-5],[-6,6],[-7,4],[-6,13],[2,12],[-8,7],[-3,5],[-7,-1],[-4,-3],[-9,-2],[-3,6],[-8,6],[-7,2],[-5,-1],[3,-6],[6,-5],[3,-8],[8,-9],[6,-2],[-3,-5],[6,-17],[1,-14],[3,-4],[-2,-5],[-2,-12],[-4,4],[2,8],[-1,9],[2,12],[-4,7],[-3,13],[-7,9],[-3,8],[-7,8],[-4,9],[-6,3],[-10,-12],[-16,3],[-2,9],[4,8],[8,5],[14,-6]],[[5615,2037],[2,-9],[-6,2],[0,6],[4,1]],[[5715,2065],[-1,-4],[-7,-8],[-8,-4],[-2,-9],[-5,1],[10,12],[5,1],[8,11]],[[5700,2087],[0,-19],[-6,2],[5,9],[1,8]],[[5677,2082],[-12,-4],[-3,-14],[-4,2],[3,10],[3,4],[1,15],[5,3],[-4,-14],[11,-2]],[[5615,2112],[3,-8],[10,-7],[16,8],[2,8],[9,4],[9,-1],[3,6],[8,6],[4,7],[8,7],[8,1],[0,10],[5,3],[3,-3],[12,-2],[5,5],[10,-2],[8,1],[-3,-6],[-8,1],[-5,3],[-7,-4],[-8,2],[-10,-5],[-1,-4],[-9,-1],[-8,-7],[-4,-7],[-7,-8],[5,-4],[-2,-6],[-6,-1],[-8,2],[-8,-1],[-5,-9],[-9,-5],[-12,1],[-6,9],[-2,7]],[[5600,2118],[-5,-4],[-6,1],[1,10],[-5,10],[1,9],[-6,6],[4,18],[0,8],[3,4],[-9,12],[-5,3],[2,7],[-6,5],[-1,6],[-4,2],[-7,8],[-1,10],[-6,9],[3,10],[-2,10],[2,5],[-5,10],[3,3],[-1,8],[1,6],[-8,15],[-3,9],[-10,10],[-4,11],[-8,11],[5,4],[4,-10],[4,-3],[5,15],[6,7],[3,-1],[1,9],[10,5],[3,7],[4,15],[3,7],[5,3],[8,1],[12,-5],[9,3],[15,2],[8,4],[1,-8],[-8,1],[-14,-4],[-8,0],[-18,4],[-7,-5],[-2,-9],[-3,-7],[-1,-12],[-9,-6],[-1,-6],[-7,-5],[-5,-10],[-2,-21],[9,-15],[5,2],[6,6],[7,0],[4,6],[-1,8],[8,9],[12,1],[3,6],[5,4],[6,-1],[4,5],[5,3],[4,-8],[-5,-1],[-7,2],[-2,-3],[-5,1],[-7,-9],[-13,-3],[-7,-8],[2,-6],[-4,-8],[-4,0],[-6,-3],[1,-10],[4,-6],[-3,-8],[0,-8],[8,-2],[-3,-18],[4,-3],[8,1],[6,6],[3,8],[3,0],[8,6],[2,-5],[0,-9],[-6,-5],[-13,-4],[-3,-6],[-5,-2],[6,-11],[-7,2],[-3,-6],[5,-6],[2,-17],[5,-1],[3,-4],[10,-5],[1,-12],[-1,-7],[8,-18],[-4,-6],[1,-16],[5,-9],[-1,-5],[-9,0],[-2,-11],[4,-1],[5,3]],[[5645,2405],[4,-3],[5,-12],[-12,5],[3,10]],[[5511,4011],[18,-2],[11,-8],[12,5],[11,1],[3,-6],[7,-5],[5,0],[5,-3],[-9,-5],[-2,3],[-15,12],[-5,1],[-4,-3],[-9,-2],[-11,7],[-17,5]],[[5454,3992],[6,9],[2,-8],[-6,-4],[-2,3]],[[5478,4023],[0,-10],[-4,-1],[-4,5],[8,6]],[[5522,4029],[9,-3],[-2,-3],[-6,3],[-1,3]],[[5389,5035],[-8,5],[0,11],[9,24],[8,5],[14,-3],[0,-31],[-4,1],[-7,-4],[-8,-7],[-4,-1]],[[5358,5117],[9,-5],[9,0],[8,-4],[10,-4],[5,-10],[-7,-6],[-5,6],[3,7],[-10,2],[-3,-2],[-6,0],[-4,-7],[-5,-4],[-10,1],[-4,6],[-8,-4],[0,-9],[-15,-11],[-3,8],[-7,4],[-4,-1],[0,22],[6,13],[-3,11],[1,4],[8,9],[5,2],[5,-8],[2,-11],[-1,-9],[2,-3],[9,2],[3,7],[7,-1],[3,-5]],[[5355,5393],[-8,-4],[-8,1],[0,11],[2,4],[13,-1],[-2,-5],[3,-6]],[[5428,5412],[-5,7],[6,9],[4,-12],[-5,-4]],[[5342,5410],[-4,9],[4,7],[12,-8],[9,4],[4,-5],[-2,-8],[-9,3],[-11,-2],[-3,0]],[[5356,5430],[-3,8],[6,1],[4,-5],[-3,-4],[-4,0]],[[5332,5433],[-3,-3],[-5,5],[5,6],[3,-8]],[[5343,5496],[-8,3],[-6,-6],[0,16],[6,-4],[1,-5],[7,-4]],[[5382,5549],[1,-7],[-4,0],[-2,4],[5,3]],[[5346,5581],[-3,4],[3,7],[4,-1],[1,-5],[-5,-5]],[[5308,5594],[-14,2],[6,5],[2,5],[8,-8],[-2,-4]],[[5350,5786],[4,-2],[0,-8],[-4,-5],[-8,6],[3,12],[5,-3]],[[5317,5769],[0,5],[6,0],[2,7],[5,8],[0,7],[4,2],[4,-2],[-5,-18],[-6,-3],[-5,-7],[-5,1]],[[5292,5782],[1,3],[-5,9],[0,14],[9,4],[1,-13],[8,-4],[-7,-13],[-4,3],[-3,-3]],[[5345,5805],[-2,-7],[-4,6],[6,1]],[[5324,5811],[-2,-10],[-8,8],[4,5],[6,-3]],[[5308,5802],[-4,-3],[-4,7],[-1,13],[5,0],[5,-5],[-4,-7],[3,-5]],[[5357,5991],[14,-3],[-4,-3],[-1,-6],[-4,-5],[-4,0],[-1,17]],[[5866,1137],[8,-3],[3,2],[0,-6],[-3,1],[-3,-2],[-2,-4],[4,-6],[-5,-2],[0,-8],[-5,3],[-6,-3],[-4,20],[2,7],[-10,18],[8,4],[10,-2],[1,-8],[5,3],[1,-13],[-4,-1]],[[5772,1973],[-7,7],[-5,16],[8,-4],[-3,-5],[9,-10],[-2,-4]],[[5892,2019],[-10,13],[4,5],[2,-9],[6,-8],[0,-16],[5,-8],[0,-6],[-6,-5],[-7,3],[0,10],[6,3],[0,18]],[[5766,2006],[0,5],[6,12],[5,5],[4,10],[3,12],[-1,3],[7,7],[-2,4],[3,6],[3,-3],[-5,-12],[-2,-3],[-5,-18],[7,8],[3,-1],[5,8],[4,-5],[-7,-3],[-1,-6],[-9,-6],[-1,-3],[-9,-5],[-4,-8],[1,-9],[-5,2]],[[5740,2327],[4,-1],[3,-8],[1,-8],[3,-2],[3,-10],[2,-8],[-1,-6],[1,-8],[0,-4],[8,-3],[-2,-7],[3,-3],[-2,-6],[-7,1],[-2,-4],[1,-8],[-11,3],[-3,5],[-3,-2],[-5,0],[-4,-5],[-1,-5],[-12,-3],[-11,3],[-6,0],[-5,7],[-8,7],[-8,13],[-11,8],[-2,5],[-10,6],[2,7],[7,-7],[5,0],[10,-11],[4,-7],[10,-9],[0,-5],[5,-5],[6,-1],[4,-6],[14,-1],[9,7],[1,6],[3,-3],[6,2],[3,-5],[10,-2],[-1,7],[6,5],[3,12],[-6,3],[0,5],[-3,11],[1,6],[-3,15],[-3,2],[-4,15],[-4,2]],[[5703,2397],[-7,-8],[-2,10],[9,-2]],[[5697,2472],[4,-7],[6,1],[2,-5],[9,2],[-8,-11],[-18,5],[-1,5],[-8,4],[14,6]],[[5723,2520],[2,-8],[-5,0],[3,8]],[[5754,2555],[4,-6],[3,-7],[0,-18],[-3,6],[1,7],[-2,6],[-5,3],[-4,-4],[-3,4],[-1,7],[6,5],[4,-3]],[[5850,2682],[-2,-4],[-13,-14],[7,-3],[8,-23],[0,-25],[-3,1],[-1,13],[2,8],[-3,7],[-1,10],[-4,7],[-16,0],[-1,-13],[-6,8],[-1,8],[8,7],[3,-6],[10,4],[6,9],[5,2],[2,4]],[[5569,4651],[3,5],[3,-2],[-2,-7],[-4,4]],[[5587,4670],[5,-3],[-6,-9],[-6,0],[-4,-3],[-4,4],[4,9],[6,-5],[5,7]],[[5643,4696],[3,7],[3,-7],[-6,0]],[[5664,4806],[8,-1],[1,-7],[-3,-6],[-5,8],[-1,6]],[[5621,4828],[2,11],[3,-1],[-1,-8],[-4,-2]],[[5582,4875],[-3,8],[7,-1],[2,-6],[-6,-1]],[[5586,4989],[4,-6],[-6,-3],[-1,5],[3,4]],[[5482,5045],[0,-9],[-7,1],[1,6],[6,2]],[[5609,5130],[0,-6],[-4,-3],[0,-7],[-2,-2],[-2,-9],[6,-1],[-1,-6],[-7,4],[-13,0],[4,5],[7,-1],[2,4],[-2,11],[1,12],[-9,-6],[0,5],[9,5],[6,-1],[5,-4]],[[5596,5146],[-10,1],[-2,13],[-4,9],[10,10],[-1,-10],[3,-4],[0,-12],[4,-7]],[[5578,5181],[5,-2],[0,-4],[-7,1],[2,5]],[[5545,5398],[5,2],[1,-5],[8,-1],[1,-12],[7,-6],[4,-8],[9,-6],[4,0],[7,-12],[6,-2],[1,-12],[4,-2],[0,-10],[4,-17],[10,-10],[4,1],[2,7],[5,-5],[7,4],[9,0],[1,-2],[0,-14],[-1,-5],[6,-5],[3,3],[4,-4],[-6,-7],[-6,-11],[-3,-15],[1,-7],[5,-4],[-1,-6],[-17,-3],[-7,8],[8,3],[4,20],[-2,4],[-7,-6],[-2,8],[-12,4],[-9,-12],[0,-25],[13,2],[0,-14],[11,-1],[0,-6],[-7,4],[-4,-4],[-1,-7],[-11,-1],[-1,14],[-2,-1],[-10,-14],[-6,1],[2,32],[-2,13],[-1,12],[5,11],[-4,7],[6,1],[4,9],[-1,8],[-11,-7],[1,9],[8,3],[6,-1],[4,-8],[5,2],[3,-4],[-3,-5],[-4,-2],[-6,-13],[5,-14],[6,11],[9,6],[3,11],[6,3],[-2,6],[-9,3],[-10,10],[-4,12],[-8,7],[4,11],[0,12],[-6,2],[-8,-15],[-5,3],[1,10],[-6,-3],[-4,3],[-2,-6],[-7,-3],[4,-11],[6,0],[4,5],[3,-1],[-1,-8],[-8,-1],[-4,-9],[2,-8],[-10,1],[1,5],[5,5],[1,6],[-2,8],[-4,2],[2,6],[-3,12],[5,5],[7,-2],[9,7],[-9,8],[-7,-3],[-5,0],[-1,6],[8,7],[-8,16],[-5,0],[-4,5]],[[5630,5298],[-9,-3],[5,-5],[1,-8],[-5,-5],[17,-1],[-3,16],[-6,6]],[[5616,5391],[10,-6],[6,-7],[9,-4],[1,-5],[10,-16],[1,-12],[5,-18],[-8,9],[-7,-1],[-2,9],[-3,5],[-2,12],[5,8],[-3,7],[-6,-1],[-6,6],[-4,2],[-12,-9],[-8,-2],[-5,4],[-1,4],[6,5],[2,5],[12,5]],[[5507,5351],[-2,5],[-5,-2],[-12,6],[-5,-11],[-9,-1],[2,-14],[-8,1],[-3,13],[-7,1],[-6,-2],[-1,6],[7,7],[-1,3],[48,0],[4,0],[-2,-12]],[[5448,5363],[0,-23],[-2,1],[-2,16],[4,6]],[[5535,5706],[-2,-6],[-5,0],[-4,8],[-7,3],[-4,6],[-5,-2],[-4,9],[-7,5],[-2,3],[-6,-1],[-9,3],[-7,5],[-11,-3],[-4,-5],[2,-6],[-4,-1],[-1,-3],[3,-4],[6,-2],[-5,-9],[-3,-1],[-1,-7],[-3,-4],[-6,0],[-8,6],[-3,9],[-6,7],[-7,-3],[-3,6],[-7,0],[-3,3],[-4,9],[-7,-5],[-4,4],[-3,-3],[-4,4],[-6,-1],[-2,-7],[-4,-5],[-6,-2],[-8,7],[-3,-3],[-8,7],[-2,6],[-6,5],[-2,9],[5,3],[2,7],[4,-5],[7,0],[2,5],[-3,6],[11,-1],[-2,8],[7,-2],[3,-8],[6,2],[13,-2],[4,-3],[5,5],[-5,8],[-15,-4],[-7,4],[-5,9],[-8,0],[-4,9],[-3,3],[0,6],[-1,14],[6,-2],[5,6],[5,1],[1,-10],[4,-2],[9,0],[7,-4],[0,-8],[4,-11],[6,-1],[-3,-7],[1,-5],[4,0],[2,-4],[5,2],[6,-3],[4,5],[0,8],[4,2],[3,-8],[6,-2],[-7,-11],[3,-7],[5,1],[-1,8],[4,3],[1,-10],[4,0],[-1,8],[-6,9],[-2,7],[1,7],[-4,1],[1,7],[-6,1],[-4,-4],[-5,-1],[-1,-7],[-10,-7],[6,15],[-10,10],[2,6],[-1,7],[-6,2],[-5,-5],[-9,2],[-8,4],[-1,7],[3,9],[-4,10],[-9,0],[-5,-5],[-2,-9],[-4,-1],[-1,-16],[-3,0],[-5,7],[-2,7],[-15,14],[-5,15],[6,-5],[-1,13],[-7,0],[-6,5],[-4,1],[0,6],[8,4],[10,-2],[19,-8],[3,-6],[7,-4],[6,0],[10,-10],[14,0],[18,-10],[1,-8],[9,-2],[1,-6],[7,-1],[6,-8],[3,-12],[3,4],[8,4],[4,-2],[7,1],[3,-9],[10,-5],[2,9],[8,5],[9,-5],[11,0],[4,-5],[9,3],[7,-8],[-2,-4],[2,-5],[4,-2],[7,3],[7,-2],[2,-6],[7,-5],[4,-7],[12,-6],[13,1],[3,-8],[8,-7],[5,-11],[4,-5],[7,-4],[5,-8],[-3,-6],[4,-8],[8,-9],[9,-14],[-10,1],[-1,5],[-3,11],[-5,0],[-3,8],[-4,1],[-1,5],[3,4],[-1,4],[-2,2],[-6,-2],[-3,2],[1,7],[-3,4],[-8,-3],[-3,-3],[-3,-6],[-3,3],[-1,7],[-4,0],[-7,-10],[-2,6],[-5,3],[1,5],[-5,0],[-7,-5],[-1,-7],[-5,-5],[2,-9]],[[5573,5887],[0,14],[4,-5],[-4,-9]],[[5531,5930],[7,-5],[-1,-4],[-8,-1],[2,10]],[[5482,5942],[-1,-8],[-3,-5],[-6,1],[-1,13],[2,11],[4,7],[5,-19]],[[5585,5956],[3,-4],[0,-8],[6,-11],[-6,-2],[-6,6],[0,9],[-1,4],[-12,5],[-4,-4],[-4,2],[-3,7],[10,2],[9,-6],[8,0]],[[5464,5953],[-5,-1],[1,8],[9,4],[5,-5],[-4,-5],[-6,-1]],[[5452,5948],[-4,4],[1,6],[7,5],[-1,11],[3,1],[7,-6],[2,-5],[-8,-3],[-4,-10],[-3,-3]],[[5430,5986],[4,-13],[-4,-3],[-2,9],[2,7]],[[5549,5994],[4,3],[-5,12],[7,-2],[6,3],[10,-8],[2,7],[6,7],[9,-5],[-9,-10],[-2,-8],[-3,-2],[-9,2],[0,6],[-8,2],[-3,-5],[2,-5],[-2,-9],[-7,3],[5,4],[-3,5]],[[5268,6030],[3,-9],[5,-2],[3,-7],[8,-4],[8,1],[6,4],[2,9],[8,1],[2,-5],[-9,-15],[-1,-12],[8,-3],[5,-12],[4,-4],[4,2],[-2,6],[5,4],[2,-6],[0,-11],[12,-17],[8,8],[13,6],[7,7],[5,-8],[5,8],[3,2],[5,-13],[1,-9],[4,-7],[5,-1],[12,8],[8,-1],[6,2],[1,13],[9,-3],[3,-21],[2,-5],[7,-9],[8,-1],[4,4],[-3,15],[5,0],[4,6],[3,-1],[2,-5],[2,-16],[-2,-11],[-5,-6],[-17,-8],[-6,-5],[6,-5],[8,-3],[3,3],[5,-3],[3,4],[9,-4],[1,-4],[9,7],[4,6],[-8,1],[-6,-7],[-3,3],[-1,9],[-5,-7],[-6,-1],[0,6],[5,-1],[4,7],[5,-3],[-1,-8],[16,6],[13,-4],[5,-11],[3,3],[7,1],[-1,9],[9,4],[6,-4],[7,11],[-11,5],[11,1],[0,-2],[10,-5],[-3,-5],[-8,-3],[-4,-6],[9,-7],[8,1],[3,-14],[12,1],[9,6],[-1,-13],[-9,-3],[2,-5],[-2,-6],[-9,-4],[-22,17],[-6,10],[-9,3],[-6,4],[-6,-6],[5,-8],[-4,-11],[-5,-1],[-7,3],[-28,-2],[-3,1],[-19,14],[-15,6],[-1,-2],[-18,-1],[-5,1],[-10,9],[-3,8],[-5,4],[-5,1],[-2,4],[-5,-5],[-8,2],[-9,-1],[-7,7],[-18,1],[-7,-6],[-6,-1],[-4,4],[-8,4],[1,10],[-23,7],[-2,2],[-1,17],[-6,6],[-4,8],[-1,9],[-21,19],[-12,1],[0,12],[4,-1],[3,-8],[5,-2],[0,12],[-4,6],[4,13],[-10,0],[-4,5],[5,26],[0,7],[-8,33],[1,12],[10,-19],[10,-13],[1,-5],[8,-16],[-4,-7],[-2,-6],[5,-5],[6,-3],[-1,-4]],[[5433,5889],[7,-5],[-1,9],[-6,-4]],[[5523,5898],[2,6],[-5,1],[-2,-7],[5,0]],[[5541,5889],[-11,9],[3,-10],[8,1]],[[5468,5936],[-2,12],[-5,-2],[-2,-7],[7,-4],[2,1]],[[5382,5976],[-4,1],[-1,9],[6,6],[5,-6],[-6,-10]],[[5414,6167],[3,0],[5,13],[14,0],[5,5],[9,6],[6,-2],[2,15],[11,10],[14,-2],[0,-2],[9,0],[1,2],[9,5],[0,-10],[-2,-7],[3,-7],[-4,-10],[-10,3],[-4,-3],[-6,3],[-5,11],[-1,-7],[-7,0],[-1,-7],[-4,-1],[-11,8],[1,-15],[-5,-5],[-6,0],[-6,3],[0,-9],[2,-3],[-6,-11],[-9,-6],[-4,1],[-10,-8],[-8,1],[-5,2],[-14,1],[-10,9],[-4,7],[-2,-9],[5,-8],[-3,-7],[0,-12],[-6,-1],[-1,4],[4,5],[1,10],[-7,-2],[-5,-8],[0,-6],[-6,0],[2,7],[-6,6],[-4,-10],[3,-16],[11,-3],[-1,-9],[5,-5],[-2,-11],[9,7],[4,-5],[12,-5],[5,-13],[-10,8],[-11,3],[-7,-2],[-12,10],[-10,-10],[-1,-7],[-5,3],[-7,-16],[1,-6],[5,-7],[5,0],[5,5],[8,0],[4,-3],[14,-1],[-3,-4],[17,-3],[5,-7],[7,6],[3,-6],[5,-5],[12,-1],[5,-6],[13,6],[4,-6],[4,6],[9,4],[6,0],[1,-6],[3,-3],[8,-1],[4,3],[15,4],[3,-5],[-9,-1],[-12,-4],[-14,1],[-4,7],[-5,-1],[-4,-7],[4,-3],[4,-10],[7,-5],[4,-9],[-1,-9],[-3,-3],[3,-11],[-6,-4],[-2,-9],[4,-4],[-4,-4],[-10,2],[3,11],[3,0],[6,8],[-2,11],[0,7],[-6,4],[-3,8],[-10,3],[0,-7],[-9,-8],[-8,10],[-6,1],[0,5],[-8,6],[-8,-7],[-9,0],[-11,18],[-1,9],[-6,3],[-8,8],[-3,-4],[-2,-8],[-11,1],[-2,-3],[-6,0],[-6,6],[-5,12],[-7,3],[-3,-2],[0,-6],[-6,-2],[-6,1],[-9,-8],[-4,0],[-10,5],[-1,5],[-10,13],[4,7],[37,0],[0,39],[9,12],[-2,9],[0,23],[9,3],[3,5],[2,8],[13,16],[9,8],[2,0],[0,-18],[59,0],[7,7]],[[5419,6014],[-2,-6],[5,-19],[5,19],[-1,7],[-7,-1]],[[5364,6030],[5,-6],[0,-4],[4,-8],[5,3],[3,11],[-13,7],[-4,-3]],[[5397,6005],[13,-6],[4,2],[3,10],[-3,3],[-7,-5],[-3,6],[-5,-4],[-2,-6]],[[5349,6151],[-2,-7],[4,-10],[12,8],[0,8],[-14,1]],[[5489,6349],[15,1],[8,6],[4,-8],[-4,-7],[-1,-11],[-4,-1],[-23,0],[-1,14],[1,6],[5,0]],[[6278,1000],[-14,10],[-1,-3],[-9,-4],[4,-12],[-3,-3],[-5,9],[-6,-2],[-3,-10],[-1,-9],[-5,-9],[-2,9],[0,7],[-6,3],[-1,7],[4,3],[4,11],[-5,3],[-2,-10],[-7,0],[-2,-4],[1,-8],[-2,-7],[0,-6],[-9,2],[1,-8],[-4,-4],[-5,10],[-12,-4],[-4,-5],[2,-16],[-15,4],[-2,4],[-8,-1],[-4,-4],[-8,1],[-3,3],[-4,-3],[-10,-4],[-12,3],[-5,-2],[-3,-7],[-11,0],[-4,-4],[-6,1],[-10,-6],[-2,4],[1,13],[-13,12],[2,8],[-11,9],[-2,-5],[-12,-6],[-3,-4],[-5,2],[-8,-5],[3,-11],[4,-5],[-3,-6],[-3,9],[-4,0],[-6,-8],[2,-9],[-3,-7],[-13,-8],[-7,-2],[-6,6],[-6,0],[-6,10],[-2,7],[-4,4],[-10,0],[-3,-3],[-7,4],[-5,10],[1,5],[-15,20],[13,-7],[14,-3],[4,0],[4,-3],[4,4],[11,-2],[5,2],[9,-11],[9,1],[6,9],[8,1],[3,9],[6,0],[-2,-8],[7,5],[3,6],[6,-2],[4,11],[11,1],[4,3],[12,-9],[7,1],[4,6],[1,11],[6,12],[-2,7],[6,8],[14,2],[1,-4],[-17,-4],[1,-10],[-5,-11],[0,-8],[-8,-14],[0,-6],[10,-3],[4,-14],[6,9],[12,3],[2,4],[13,-3],[6,4],[10,1],[8,7],[0,9],[3,8],[0,5],[4,8],[4,17],[0,17],[6,8],[0,15],[6,6],[1,5],[-13,7],[2,9],[6,-8],[3,1],[4,-9],[-2,-6],[-4,-4],[1,-7],[-4,-13],[-5,-6],[0,-6],[2,-9],[-3,-6],[-1,-8],[6,-7],[-4,-5],[2,-18],[9,6],[16,0],[7,8],[8,1],[-1,6],[7,-1],[-7,-7],[6,-3],[4,9],[7,6],[-2,5],[-4,15],[2,14],[-4,12],[11,0],[-1,-12],[12,8],[2,7],[0,11],[6,-4],[2,-8],[-4,-7],[-5,-5],[3,-7],[-2,-4],[-10,-5],[-2,-10],[4,-5],[10,0],[-5,10],[3,5],[8,-5],[5,-9],[4,-1],[2,6],[8,-1],[2,4],[-4,12],[3,1],[1,7],[-4,9],[9,-2],[-4,9],[6,0],[4,4],[6,17],[4,6],[-1,5],[4,3],[3,-3],[9,2],[4,-7],[11,6],[21,-2],[8,-5],[12,2],[9,-5],[7,1],[4,-4],[12,-4],[-7,-4],[-3,-5],[-14,4],[-4,0],[-3,6],[-6,5],[-7,0],[-11,-3],[-4,5],[-5,-2],[2,-5],[-8,-3],[-1,6],[-19,2],[-1,7],[-6,0],[-5,-6],[-1,-13],[-4,-11],[11,-10],[6,-8],[5,2],[3,-14],[-13,12],[-4,6],[-7,3],[-5,-10],[1,-5],[-6,-2],[2,-9],[-5,-6],[-2,-10],[5,-10]],[[6362,1084],[4,-8],[4,4],[-5,5],[-3,-1]],[[5881,1118],[3,-5],[-1,-12],[2,-9],[-7,-6],[-1,-6],[-12,1],[-5,-3],[-7,0],[-3,-3],[-8,1],[6,14],[1,8],[3,8],[9,0],[8,3],[5,4],[-1,7],[-2,9],[3,2],[4,-2],[0,6],[5,-2],[7,-6],[4,3],[5,0],[7,6],[3,6],[2,11],[12,4],[5,4],[11,2],[7,6],[18,-3],[9,7],[10,15],[16,4],[3,8],[0,6],[7,13],[6,-2],[4,6],[6,1],[4,9],[5,0],[1,10],[7,2],[4,-2],[7,2],[10,-2],[8,10],[-4,7],[6,24],[3,-6],[6,-5],[4,0],[2,9],[7,3],[1,3],[8,3],[5,6],[0,4],[6,10],[1,8],[1,5],[5,5],[3,7],[4,-2],[6,7],[9,4],[6,11],[4,5],[5,7],[12,0],[4,4],[7,2],[4,6],[3,0],[2,-3],[4,1],[1,4],[2,-3],[7,0],[4,3],[14,-1],[6,3],[7,0],[3,-3],[7,0],[0,-5],[-10,6],[-9,1],[-4,-3],[-12,1],[-3,-6],[-3,2],[-9,2],[0,-2],[-3,-1],[-3,1],[-2,2],[-9,-9],[-3,1],[-6,-6],[-6,1],[-9,-5],[-1,-6],[-7,-5],[-1,-6],[-7,-3],[-10,-8],[-4,1],[-1,-6],[-8,-7],[2,-5],[-4,-7],[2,-8],[-4,-6],[-8,-8],[-3,-4],[2,-11],[-3,-3],[-13,-2],[-3,5],[-8,-5],[-3,-6],[-3,-13],[-11,-8],[-8,3],[-14,-3],[-1,-6],[-10,-12],[-4,1],[6,-15],[4,-4],[-2,-11],[1,-9],[1,-1],[2,1],[3,-1],[-1,3],[2,4],[11,8],[5,-5],[0,-4],[-11,-5],[-1,-2],[-2,2],[-3,-1],[-3,1],[-3,-1],[-3,7],[3,13],[-6,9],[-1,4],[-8,2],[-1,-3],[-9,-3],[-4,-20],[-4,-6],[-8,2],[-7,-1],[-4,-6],[-3,-6],[-9,-11],[-10,0],[-8,3],[-11,-7],[-4,0],[-9,-7],[-3,1],[-7,-5],[-1,-10],[-6,-4],[-2,-6],[-6,1],[-4,-3],[-1,-5],[-7,5],[-7,-9]],[[6110,1473],[4,-4],[9,-7],[7,-3],[1,-4],[-23,16],[2,2]],[[6072,1525],[1,-3],[-11,-2],[-13,3],[0,6],[20,-5],[3,1]],[[5689,1777],[9,-11],[4,5],[1,-15],[12,-5],[7,-1],[-5,8],[-7,8],[3,0],[1,5],[-3,14],[-10,8],[2,6],[5,0],[5,-8],[2,-8],[1,-14],[3,-4],[7,-1],[1,-6],[-4,-6],[1,-4],[6,-7],[13,-4],[2,7],[10,5],[3,22],[-2,4],[3,11],[-1,18],[-5,12],[8,6],[1,10],[24,-4],[10,-7],[3,3],[-10,16],[3,4],[8,1],[3,6],[-1,6],[-11,1],[-5,7],[2,8],[-3,7],[-3,1],[-5,12],[4,7],[-2,10],[-2,2],[1,14],[4,23],[7,2],[-1,-8],[-3,-4],[1,-17],[3,-3],[0,-9],[4,-6],[6,-2],[11,-15],[6,0],[1,6],[-3,4],[5,42],[5,27],[4,7],[-6,9],[0,3],[2,5],[8,-9],[-2,-4],[-3,-14],[-3,1],[-3,-14],[-7,-52],[4,-4],[-1,-7],[2,-6],[14,-15],[5,5],[3,27],[-10,31],[-2,14],[1,5],[7,6],[2,5],[-2,7],[6,14],[-1,12],[-4,2],[2,9],[6,-12],[-2,-7],[2,-4],[-1,-7],[12,6],[0,-3],[-7,-5],[-8,-9],[3,-6],[-2,-6],[-7,0],[-3,-4],[4,-22],[3,-7],[0,-8],[10,-15],[-4,-28],[8,6],[0,-8],[18,-3],[-4,10],[-1,6],[4,0],[3,8],[1,13],[4,8],[9,6],[4,-1],[-2,-15],[-6,-12],[4,-2],[4,2],[0,-15],[-3,-12],[8,-2],[3,23],[9,-2],[13,-2],[3,11],[19,-4],[-1,13],[4,5],[-2,4],[3,13],[4,-1],[-1,-11],[3,-9],[4,-6],[-1,-10],[6,-13],[1,14],[0,9],[7,24],[1,9],[-2,11],[-10,11],[-6,-6],[-4,-8],[0,-6],[-8,0],[-1,-6],[-8,2],[-9,7],[5,3],[2,5],[5,-7],[6,-3],[2,7],[8,9],[1,4],[11,1],[5,-3],[3,-6],[0,-8],[5,-4],[10,4],[0,7],[5,2],[3,-5],[0,-20],[-2,-11],[-1,-1],[-4,2],[-6,-4],[1,-19],[-2,-6],[-7,-12],[11,4],[3,4],[7,-1],[3,2],[1,10],[23,5],[1,9],[8,-7],[16,3],[1,16],[-2,11],[3,8],[4,-11],[-3,-23],[5,0],[17,3],[-10,25],[4,4],[4,-8],[5,7],[50,-5],[0,-12],[-6,1],[-2,-14],[7,-5],[8,-12],[0,-7],[-13,3],[11,-18],[5,4],[0,9],[5,-1],[6,2],[0,-6],[4,-1],[5,5],[7,0],[8,10],[-3,7],[-11,2],[-6,9],[-1,6],[8,1],[5,7],[17,-6],[0,2],[21,-9],[63,-7],[-3,1],[-19,2],[11,5],[12,14],[-1,8],[5,9],[5,1],[1,13],[-3,8],[-5,5],[-4,0],[-8,-6],[-5,-10],[-8,-9],[-14,2],[-14,-6],[0,-5],[-12,-4],[8,11],[19,8],[9,-3],[9,6],[7,11],[7,6],[-9,2],[-17,0],[-19,2],[-10,-2],[-5,2],[-12,-2],[-14,3],[-8,6],[-6,10],[-26,5],[-11,15],[0,6],[13,-19],[4,4],[8,-6],[13,-1],[3,-8],[4,-2],[6,-8],[12,-2],[15,1],[5,4],[12,2],[8,-1],[3,-3],[12,1],[9,-3],[8,-1],[-2,11],[1,11],[-4,6],[-7,6],[9,2],[8,-2],[13,0],[-1,24],[1,5],[-1,26],[-10,10],[-5,3],[-4,6],[2,5],[-13,13],[-6,1],[-6,5],[-6,1],[-13,7],[-17,11],[-7,0],[-11,5],[-10,-3],[-9,3],[-5,-2],[-6,1],[-10,-3],[-8,5],[-17,3],[-13,7],[-3,-4],[-5,2],[-10,-2],[-22,-7],[-9,26],[2,-1],[5,-17],[3,-3],[9,-1],[7,4],[12,2],[2,1],[4,-3],[6,4],[14,-7],[15,-2],[6,-4],[24,4],[4,-2],[13,2],[11,-5],[13,-1],[8,-5],[1,-3],[15,-7],[8,-6],[11,-3],[14,-15],[2,-11],[6,-1],[10,-12],[2,-6],[7,4],[1,4],[-1,19],[1,3],[-5,11],[0,8],[3,5],[0,8],[-10,13],[1,4],[-7,9],[-13,10],[-7,6],[-11,15],[-8,3],[-12,9],[-7,-3],[-9,8],[-17,10],[-17,1],[1,2],[19,-3],[14,-9],[8,-6],[7,2],[16,-11],[5,0],[4,9],[10,-18],[2,-5],[6,-9],[18,-14],[2,-13],[8,-10],[2,-11],[-3,-11],[3,-12],[0,-21],[-8,-14],[0,-7],[-3,-6],[2,-11],[-2,-4],[2,-8],[-1,-14],[0,-11],[1,-4],[7,9],[3,12],[7,6],[2,8],[1,14],[6,2],[1,10],[7,23],[4,-5],[-4,-5],[-5,-21],[-7,-6],[0,-10],[-4,-11],[-5,-4],[-4,-13],[-7,-10],[-6,-16],[0,-11],[4,-10],[13,11],[8,26],[2,-1],[-6,-21],[1,-11],[9,0],[6,4],[9,0],[7,5],[3,5],[18,20],[9,6],[8,3],[6,8],[6,20],[2,-1],[-7,-22],[-6,-7],[-7,-1],[-4,-6],[-6,-1],[-18,-21],[-6,-10],[17,-1],[3,-8],[11,-5],[4,-4],[14,4],[3,-4],[9,-4],[5,6],[8,-6],[10,1],[3,5],[0,7],[6,-1],[2,7],[7,1],[9,-4],[2,-6],[8,7],[6,-1],[4,9],[4,2],[6,6],[6,-7],[4,2],[6,-3],[3,5],[8,4],[11,22],[4,-5],[-4,-5],[-7,-6],[-5,-15],[-7,1],[-4,-5],[-4,3],[-6,-3],[-5,10],[-2,-5],[-7,-3],[-1,-12],[-9,0],[-9,-5],[-4,6],[-6,5],[-4,-8],[-7,-2],[-5,-12],[7,0],[18,-15],[-2,-19],[-2,-4],[0,-12],[-5,-11],[1,-6],[5,-8],[-5,-1],[-5,14],[3,3],[3,9],[1,11],[2,7],[1,17],[-4,5],[-6,3],[-5,5],[-5,-4],[-7,4],[-4,5],[-6,-2],[-4,4],[-6,-3],[-17,3],[-5,-3],[-8,6],[-9,2],[-3,4],[-9,0],[-5,1],[-11,7],[-8,2],[-7,-3],[-3,2],[-12,-11],[-10,-3],[-3,-4],[-8,-5],[-3,-6],[6,-4],[41,21],[5,-1],[8,2],[0,-4],[-7,-2],[-8,1],[-19,-10],[1,-13],[-9,-7],[-8,-9],[5,-4],[9,3],[-1,-8],[9,-7],[7,6],[2,-8],[5,-10],[-3,-22],[-18,4],[-2,-13],[-19,-23],[-2,-14],[13,7],[18,14],[7,1],[8,-4],[1,6],[9,2],[3,-4],[7,-2],[3,1],[11,-3],[5,-8],[7,-4],[0,-5],[-13,15],[-13,1],[-6,3],[-5,4],[-7,-2],[-1,-5],[-9,2],[-7,-3],[-5,-11],[-7,1],[-3,-5],[-17,-11],[-2,-11],[3,-1],[-3,-25],[-9,2],[-5,-34],[18,-2],[5,-3],[5,0],[6,-4],[9,0],[8,-9],[13,6],[5,11],[20,0],[6,-11],[6,-1],[15,6],[-1,-5],[-5,0],[-5,-3],[-9,1],[-7,7],[-10,3],[-10,0],[-7,-15],[-3,2],[-9,-3],[-7,9],[-11,0],[-11,4],[-3,3],[-15,-1],[-2,-20],[-27,-2],[5,-18],[-7,4],[-8,2],[-2,-6],[-6,4],[-11,2],[-4,-29],[5,0],[-2,-10],[6,-2],[2,-16],[6,-8],[0,-11],[7,2],[6,-5],[1,6],[9,3],[10,-3],[2,9],[14,3],[3,-4],[5,1],[2,8],[5,5],[-1,6],[13,2],[14,8],[6,0],[2,-5],[13,-2],[2,-6],[6,0],[2,-4],[16,6],[12,-3],[12,9],[8,1],[14,22],[3,-1],[-10,-13],[-5,-9],[5,-5],[5,1],[10,9],[4,0],[15,-5],[6,2],[11,0],[2,5],[-2,11],[3,1],[3,-8],[-6,-10],[-8,-4],[-5,2],[-6,-2],[-11,4],[-7,-1],[-1,-4],[-10,-2],[-13,2],[-11,-5],[-2,-4],[-14,1],[-6,3],[-4,-6],[-5,1],[0,-18],[-4,-10],[4,-7],[1,-9],[6,-7],[2,-6],[5,-2],[10,-7],[-4,-7],[3,-6],[7,-5],[19,-4],[14,-5],[-7,-3],[-8,4],[-15,4],[-5,-1],[3,-10],[0,-8],[7,-7],[5,-15],[0,-9],[-3,-11],[7,-11],[-6,-2],[-4,17],[3,8],[0,7],[-5,11],[-7,10],[-1,6],[-7,19],[0,3],[-4,14],[-9,7],[-6,-1],[-8,8],[-5,26],[-4,9],[1,16],[-6,7],[-12,5],[-10,-3],[-3,-5],[-8,-1],[-1,-7],[-4,-1],[-3,-7],[2,-7],[-3,-4],[4,-6],[3,-12],[7,-11],[0,-6],[-3,-9],[4,-4],[4,-12],[0,-5],[4,-3],[5,-19],[-10,14],[-4,3],[1,14],[-7,8],[0,10],[1,8],[-8,13],[0,12],[-4,-1],[2,-7],[1,-20],[-2,-7],[-5,-3],[3,17],[-2,6],[-2,21],[3,9],[-2,3],[-8,-3],[-1,-4],[-14,-5],[-6,0],[-8,-5],[-10,0],[-4,3],[-6,-2],[-3,4],[-5,19],[-7,1],[-7,4],[-19,-5],[-9,-1],[-10,-4],[-12,0],[-23,3],[-19,-1],[-12,7],[6,-13],[13,-12],[-1,-2],[-13,11],[-8,18],[-5,3],[-7,0],[-8,-13],[-12,-12],[-9,-7],[-2,-15],[6,-4],[8,1],[7,0],[8,-6],[24,13],[6,-6],[5,1],[13,-9],[19,8],[15,-2],[4,-2],[11,-18],[-2,-3],[-6,6],[-5,8],[-8,4],[-15,-4],[-9,1],[-10,-3],[-4,2],[-8,8],[-5,3],[-5,-3],[-8,0],[-13,-7],[0,-9],[4,-12],[6,-3],[7,1],[6,-7],[10,-3],[5,-7],[10,2],[11,5],[3,-4],[6,0],[1,-6],[-8,-2],[-8,5],[-1,-3],[-8,-2],[-10,4],[-4,6],[-8,3],[-5,6],[-8,-1],[-7,4],[-6,13],[-1,12],[-8,5],[-6,-1],[-4,-4],[-9,11],[-7,0],[-9,-17],[-8,-1],[0,-9],[7,4],[6,-1],[2,-4],[19,-16],[3,1],[1,-8],[7,-15],[2,-13],[7,-11],[6,-12],[-3,-4],[-7,16],[-7,11],[-2,12],[-5,13],[-11,12],[-5,4],[-5,7],[-5,1],[-2,-10],[-5,-2],[-14,18],[-3,-6],[-12,-16],[2,-7],[-2,-16],[-2,-10],[-7,-16],[-4,-1],[-7,-15],[2,-4],[-1,-14],[4,-2],[5,4],[10,-3],[12,5],[2,3],[9,-14],[7,-8],[4,-8],[2,-23],[-2,-4],[-1,-18],[-2,-17],[-9,-21],[-1,-6],[-9,-14],[-9,-19],[-8,-13],[0,-4],[-7,-12],[-9,-9],[-7,-8],[-6,-3],[1,-5],[-7,1],[-6,-6],[-4,1],[-14,10],[1,14],[3,7],[21,-6],[16,2],[7,4],[3,5],[8,10],[9,15],[6,14],[5,9],[4,18],[5,13],[0,7],[3,11],[2,13],[-1,12],[-2,6],[-7,14],[-8,7],[-12,4],[-8,-1],[-9,-7],[-2,3],[1,8],[0,14],[0,10],[-1,5],[8,26],[0,9],[-5,18],[-9,10],[-9,5],[-4,7],[-4,11],[-1,19],[-4,7],[0,9],[-5,11],[1,17],[-6,16],[-6,5],[-4,-1],[-4,4],[-16,3],[-8,6],[-1,5],[-4,3],[-2,6],[-13,0],[-2,4],[-6,0],[-8,3],[-10,-4],[-5,-7],[-3,-11],[-6,-3],[-18,4],[-14,7],[-4,3],[-8,-1],[0,6],[-5,11],[-4,-1],[-2,-8],[5,-9],[-4,-2],[-8,2],[-15,14],[-8,2],[-5,-2],[-4,-7],[-1,-9],[2,-7],[0,-7],[-11,-13],[-8,2],[-4,-14],[-6,13],[-4,16],[-4,-3],[-9,5],[1,7],[6,7],[0,-13],[8,7],[5,-2],[4,4],[7,-9],[4,-9],[7,8],[1,15],[7,11],[0,9],[4,2],[1,7],[7,-1],[-2,7],[-3,3],[2,13],[-1,6],[-4,4],[-6,-10],[3,-10],[-4,-11],[-7,-8],[-8,-5],[0,-5],[-15,-7],[-4,2],[0,11],[-5,10],[5,2],[8,-4],[4,-6],[2,9],[-7,7],[-2,7],[-12,1],[-7,13],[-4,9],[-7,10],[-4,8],[-1,4],[-3,3],[1,1],[2,-3],[2,-4],[3,-4],[6,-6],[5,-7],[5,-9],[4,0],[3,-13],[3,0],[1,11],[-7,8],[2,8],[-8,5],[1,10],[-5,5],[-5,8],[1,5],[-8,6],[-7,13],[-1,7],[9,-3],[6,-11],[6,-5],[2,-6],[-1,-4],[4,-5],[7,-4],[3,12],[-8,4],[-5,12]],[[5881,1881],[0,6],[8,10],[2,11],[-4,2],[-9,-7],[-2,-7],[1,-7],[4,-8]],[[5716,1761],[4,-8],[3,5],[-1,5],[-6,-2]],[[5713,1724],[3,3],[-1,7],[-6,2],[1,-14],[3,2]],[[5794,1737],[-3,-2],[-2,-7],[7,-2],[1,9],[-3,2]],[[5673,1740],[3,-9],[4,-5],[7,-12],[0,9],[-5,7],[-6,6],[-3,4]],[[5782,1715],[-5,-5],[7,-9],[1,-6],[4,-1],[0,11],[-4,8],[-3,2]],[[5687,1759],[1,4],[-3,6],[-11,8],[6,-13],[7,-5]],[[5783,1696],[-12,0],[-1,-2],[7,-9],[9,1],[-3,10]],[[5752,1675],[-1,-11],[5,-6],[14,-7],[-2,10],[-7,1],[-5,5],[-4,8]],[[5820,1675],[0,-8],[-4,-9],[-8,-7],[7,-5],[6,3],[2,10],[5,-1],[1,11],[-4,6],[-5,0]],[[5710,1718],[-2,19],[-8,5],[-4,7],[-7,7],[-3,-8],[2,-1],[5,-5],[0,-8],[11,-11],[1,-13],[4,-1],[1,9]],[[5703,1743],[12,-7],[3,-13],[4,-9],[0,-9],[7,0],[5,8],[1,10],[-11,17],[-3,-3],[-6,8],[-2,5],[-9,3],[-2,-2],[1,-8]],[[5868,1876],[0,-4],[5,-7],[2,6],[-7,5]],[[6011,1561],[4,1],[2,10],[-5,5],[-5,-2],[-4,-13],[8,-1]],[[5828,1974],[3,6],[-7,9],[-1,-5],[5,-10]],[[5802,1719],[5,-7],[6,0],[2,7],[-7,-4],[-6,4]],[[6075,1921],[-4,-7],[0,-8],[5,-9],[3,2],[-2,9],[-2,13]],[[5827,1813],[13,-4],[0,-9],[-4,-12],[8,6],[-3,9],[2,6],[-11,7],[-5,-3]],[[5972,1890],[-3,-7],[-4,-5],[-2,-12],[9,-3],[8,11],[2,14],[-2,11],[5,6],[7,-3],[2,11],[0,14],[-21,-4],[2,-10],[-2,-14],[2,-6],[-3,-3]],[[6252,2153],[-5,11],[-5,5],[-2,-5],[5,-8],[7,-3]],[[6274,1960],[-1,5],[3,5],[-2,5],[3,8],[-1,8],[-21,0],[4,-8],[-1,-6],[1,-19],[11,-1],[4,3]],[[5967,1962],[2,6],[-2,4],[3,13],[5,-7],[-3,-5],[-2,-13],[-3,2]],[[6003,2048],[3,-2],[-3,-21],[4,-4],[2,-9],[5,-2],[8,-7],[11,0],[5,-6],[0,-11],[3,-5],[2,-12],[3,-6],[7,-1],[9,-21],[4,-1],[4,-10],[18,-8],[-50,6],[4,2],[13,0],[6,6],[-6,14],[-5,4],[1,5],[-9,5],[-1,10],[-5,12],[1,10],[-6,5],[-10,0],[-8,7],[-7,3],[-1,11],[-3,3],[2,13],[-1,10]],[[5670,2618],[-4,-7],[0,-6],[6,-24],[0,-8],[-4,1],[1,8],[-3,9],[1,8],[-5,7],[3,14],[-3,23],[-3,-1],[-4,10],[-5,-4],[-7,1],[4,11],[-5,10],[-4,-6],[-15,-4],[0,-8],[-8,-13],[-8,-1],[1,-6],[-5,-13],[4,-6],[-7,-3],[-2,6],[-10,0],[2,-9],[-3,-3],[-3,12],[6,4],[11,-2],[0,6],[-5,3],[-3,12],[5,3],[7,-7],[0,8],[2,5],[4,-1],[9,3],[2,13],[6,4],[0,7],[10,3],[6,-2],[2,-10],[6,-9],[5,-2],[2,3],[-2,8],[5,10],[9,1],[-2,-9],[1,-9],[6,-2],[13,13],[4,2],[7,7],[0,7],[3,3],[1,6],[-3,3],[16,8],[4,3],[5,9],[3,10],[10,7],[9,-2],[9,7],[-1,5],[3,6],[7,9],[5,-6],[6,7],[2,8],[8,2],[-1,4],[10,5],[2,-7],[-2,-8],[8,-7],[6,-15],[5,-4],[6,-2],[2,11],[4,0],[5,10],[1,11],[11,3],[-2,-7],[7,1],[10,-2],[2,-4],[6,-5],[6,-9],[3,5],[8,2],[5,5],[1,7],[6,-5],[10,-13],[1,5],[5,3],[4,-3],[13,6],[3,6],[-1,7],[4,9],[6,0],[4,-4],[4,3],[2,-3],[8,2],[4,5],[4,21],[7,4],[9,-7],[5,1],[10,-8],[-11,0],[-4,4],[-9,-4],[-2,-2],[-2,-11],[5,-6],[-2,-3],[-8,4],[-7,-4],[-9,-1],[1,-7],[-9,0],[-2,-10],[4,-9],[2,-15],[-1,-6],[6,-2],[-5,-10],[6,-6],[11,-19],[5,-4],[-4,-18],[0,-11],[3,-9],[-8,-19],[3,-10],[2,-15],[3,-6],[9,-11],[1,-11],[7,-7],[1,-15],[10,13],[7,2],[3,-2],[8,2],[7,-5],[2,-5],[5,4],[13,-9],[4,-1],[13,4],[10,-7],[12,-3],[9,4],[6,-6],[1,11],[3,5],[12,4],[14,1],[10,19],[6,2],[12,-6],[6,7],[13,-3],[1,-8],[3,-2],[6,4],[6,-1],[12,7],[5,-1],[3,2],[2,-5],[7,0],[5,8],[6,4],[6,-6],[9,-4],[3,7],[3,19],[4,3],[3,4],[1,9],[3,-2],[0,10],[5,4],[13,7],[3,9],[12,-4],[4,-6],[3,6],[6,-2],[4,-4],[8,-2],[6,3],[3,13],[8,-1],[5,9],[12,0],[-1,-4],[10,0],[2,-2],[3,11],[-5,1],[-4,7],[8,-1],[10,5],[-1,8],[7,2],[-3,5],[0,6],[7,-1],[2,7],[10,7],[0,9],[4,6],[2,9],[4,-6],[-8,-14],[0,-7],[-13,-12],[-4,-2],[0,-10],[-5,-11],[-12,-3],[1,-3],[4,-2],[-4,-2],[-2,-11],[-4,2],[-9,-1],[-7,5],[-6,-8],[-6,0],[-4,-4],[-4,-10],[-6,-2],[-10,0],[-7,8],[-4,-7],[-5,6],[-7,2],[-4,-2],[1,-8],[-6,1],[-4,-7],[-8,-2],[2,-7],[-5,-3],[-4,-7],[-2,-6],[-7,-12],[2,-11],[-8,-8],[-11,6],[-4,4],[-5,0],[-5,-10],[-6,-1],[-4,8],[-26,-7],[-4,-2],[-4,1],[-3,7],[-8,5],[-7,-8],[-7,2],[-5,4],[-5,-1],[-11,-18],[-9,-7],[-1,-4],[-13,-3],[2,-20],[8,-10],[8,-12],[9,-12],[5,-2],[5,-14],[4,-7],[-1,-16],[4,-16],[8,-3],[10,-9],[9,-4],[0,-5],[7,-7],[4,-8],[5,-5],[3,-9],[21,-8],[20,-2],[0,-3],[-9,0],[-10,2],[-7,4],[-4,-1],[-13,7],[-1,6],[-5,5],[-6,11],[-4,5],[-3,8],[-4,3],[-7,1],[-8,7],[-8,4],[-4,20],[1,8],[-2,9],[-6,10],[-10,9],[-17,24],[-4,3],[-8,0],[-2,3],[-6,-1],[-2,4],[-15,5],[-7,-3],[-8,2],[-5,6],[-2,-3],[-8,2],[-2,-3],[-12,3],[-7,5],[-10,11],[-5,-1],[-4,-7],[-9,-6],[-3,-5],[-13,2],[-6,7],[-2,8],[-5,4],[-1,-12],[2,-3],[-5,-13],[1,-7],[5,-11],[3,2],[4,-9],[2,-9],[-7,-11],[1,-7],[-5,1],[1,10],[4,13],[-11,9],[-2,9],[-3,10],[3,6],[4,16],[-3,3],[0,13],[-1,9],[-7,0],[-5,-4],[-4,2],[-3,-2],[-4,2],[-4,5],[-3,0],[-7,-10],[-4,1],[-13,-3],[0,2],[11,1],[7,4],[1,-2],[5,7],[3,1],[3,-1],[5,-6],[6,2],[5,9],[-3,5],[1,12],[-6,-1],[0,12],[7,34],[5,8],[3,15],[-3,5],[-1,6],[-7,4],[-3,6],[-1,8],[-5,6],[1,7],[-5,13],[-1,9],[4,4],[-1,4],[-19,8],[0,-9],[-2,-10],[-3,-4],[-6,0],[-6,8],[-6,3],[-14,-12],[-5,-2],[-13,4],[-5,8],[0,4],[-6,2],[-1,-10],[-7,-6],[-1,-8],[-8,1],[-16,-9],[-7,2],[-7,6],[0,7],[-7,10],[0,7],[-3,2],[-3,-18],[2,-11],[7,-8],[4,3],[10,-5],[1,-5],[7,-6],[3,-8],[5,-1],[0,-12],[-8,-2],[-3,-9],[-4,-4],[-2,-10],[-3,1],[0,11],[5,9],[1,9],[-11,17],[-6,-3],[-4,4],[-4,-3],[-3,6],[-7,8],[1,-12],[-3,-15],[1,-10],[3,-4],[-10,-4],[0,-7],[3,-8],[8,-10],[-3,-5],[-4,8],[-4,2],[-4,9],[-2,-8],[2,-7],[0,-6],[2,-5],[0,-7],[-4,-2],[0,-8],[-6,-2],[-3,-15],[-6,-9],[-3,3],[2,12],[3,9],[4,1],[3,7],[1,7],[-4,3],[3,15],[-7,1],[7,7],[3,9],[0,8],[-2,13],[3,11],[-2,10],[-8,2],[-1,3],[-8,0],[-2,-3],[1,-20],[-2,-2],[-8,7],[-4,4],[-8,5],[-2,10],[-10,-3],[3,-13],[3,0],[5,-6],[7,-3],[8,-15],[5,-5],[-3,-7],[-5,-1],[-1,8],[-4,5],[-6,-1],[-6,3],[-1,-5],[-12,0],[0,-7],[-9,-8],[-4,5],[-15,-4],[1,11],[-6,10],[4,11],[-7,-2],[-4,-8],[6,-13],[-2,-5],[9,-12],[-1,-17]],[[5888,3566],[3,4],[-6,8],[-3,7],[-7,7],[-5,9],[-6,14],[-2,7],[-3,6],[-2,8],[8,6],[3,-8],[0,-7],[8,-11],[3,-16],[10,1],[0,-7],[6,-4],[0,-14],[2,-5],[-1,-9],[5,-13],[-1,-13],[4,-1],[3,-15],[8,-5],[6,-9],[10,-17],[8,-13],[0,-11],[4,-15],[-4,0],[-3,6],[1,7],[-2,12],[-4,3],[-4,10],[-6,5],[-7,10],[-4,-5],[-1,-13],[-7,-13],[5,-9],[-3,-11],[-1,-15],[4,-17],[-1,-5],[4,-10],[2,-3],[0,-9],[7,-14],[-2,-8],[-7,-12],[0,-9],[10,-12],[2,-12],[-5,-10],[-6,-7],[-13,-4],[-1,-7],[3,-4],[-2,-10],[-9,8],[-3,5],[-14,-12],[-5,-16],[-6,-11],[-5,-6],[-13,-11],[-5,-2],[1,-14],[-6,-11],[1,-15],[-4,-6],[0,-8],[-3,-4],[5,-10],[-6,1],[-1,7],[3,6],[2,22],[0,9],[7,11],[-2,11],[7,5],[10,10],[7,14],[4,0],[3,14],[7,14],[9,1],[4,4],[4,-7],[7,2],[-1,13],[4,-1],[10,3],[8,11],[-1,10],[-10,13],[-3,8],[0,15],[6,5],[2,6],[-5,12],[0,11],[-3,5],[-1,18],[-2,7],[-3,18],[4,15],[-7,0],[2,9],[5,11],[-1,7],[-9,26],[0,7],[-5,14],[-1,20],[2,8]],[[4677,4678],[2,-8],[-7,-4],[1,-8],[-3,-2],[-2,-8],[2,-9],[-7,-8],[-3,-8],[3,-10],[6,4],[1,-8],[-16,-1],[2,6],[-1,6],[2,6],[-1,9],[7,9],[2,10],[-5,17],[5,8],[6,-3],[5,5],[-4,5],[-3,13],[2,14],[-4,3],[1,9],[-5,6],[1,6],[7,2],[8,7],[3,12],[8,5],[0,13],[4,15],[10,9],[5,2],[-1,5],[6,7],[-5,8],[1,4],[6,1],[6,5],[2,8],[5,3],[5,7],[-2,7],[5,5],[6,-3],[5,7],[-8,20],[2,3],[5,-2],[8,10],[4,9],[-2,9],[-3,6],[-9,9],[0,9],[13,3],[6,3],[5,0],[4,-5],[3,8],[-6,13],[6,5],[5,2],[3,10],[-1,7],[-9,4],[-1,7],[13,3],[7,-2],[3,7],[-11,10],[-7,-2],[-3,8],[1,7],[9,9],[3,-1],[4,9],[-2,5],[-12,1],[-1,8],[11,9],[4,-3],[4,5],[-6,14],[3,12],[8,1],[5,-5],[7,13],[5,4],[7,0],[1,-4],[7,3],[-2,14],[5,5],[3,-1],[3,9],[4,-3],[8,4],[2,7],[-5,8],[7,7],[-2,8],[-17,6],[3,14],[4,1],[3,8],[-1,3],[5,6],[6,-3],[-3,13],[-5,12],[-3,4],[3,8],[-1,10],[2,8],[4,5],[0,4],[-5,2],[-2,10],[6,10],[2,17],[-3,5],[-6,3],[-11,10],[1,2],[21,-19],[-2,-8],[0,-9],[-6,-11],[1,-10],[8,-3],[-7,-12],[-1,-5],[3,-5],[9,6],[5,2],[8,5],[3,11],[8,18],[4,18],[-5,2],[4,6],[-6,14],[2,8],[-3,7],[-7,8],[-3,5],[2,15],[-1,8],[-8,9],[-3,10],[-9,-1],[-4,4],[2,23],[-2,5],[0,14],[-5,15],[1,20],[-5,2],[-16,0],[0,2],[20,2],[6,13],[1,9],[-4,3],[-24,0],[0,4],[29,-1],[3,7],[0,11],[-3,7],[2,6],[0,8],[-2,5],[-17,21],[-6,-1],[1,-10],[-7,-12],[-2,3],[6,10],[0,10],[8,4],[1,12],[8,9],[2,5],[-2,11],[-5,10],[-5,22],[-1,2],[2,12],[-1,12],[-1,6],[-5,1],[-10,-8],[-3,-11],[-6,-2],[-5,-10],[4,-15],[0,-10],[6,-8],[3,-8],[0,-12],[3,-13],[-1,-6],[0,-14],[-1,-6],[-7,-9],[-2,-11],[-3,8],[6,9],[5,5],[0,17],[2,7],[-3,12],[0,12],[-9,4],[3,6],[-4,5],[-2,9],[1,10],[-2,7],[4,14],[5,0],[5,10],[4,5],[-2,4],[2,8],[-3,8],[4,14],[1,9],[6,12],[4,5],[-4,22],[7,8],[4,11],[8,10],[5,3],[1,8],[3,5],[-5,17],[-1,22],[1,5],[5,7],[-2,22],[-3,7],[-4,3],[-12,-6],[0,-10],[6,-4],[-4,-4],[3,-8],[3,-18],[3,-6],[-1,-12],[-7,-7],[-4,-16],[-8,2],[0,3],[6,11],[7,6],[3,11],[-3,7],[-1,15],[-3,5],[-2,9],[-3,0],[-8,-12],[-8,-7],[-3,-9],[2,-12],[-1,-15],[-3,-11],[5,-6],[2,-7],[-6,-5],[1,-8],[5,-2],[2,-4],[-4,-6],[-4,0],[0,8],[-7,9],[2,6],[-1,4],[4,6],[-4,4],[0,8],[4,8],[-2,28],[4,8],[9,7],[9,11],[1,17],[-2,13],[-7,-4],[0,24],[1,4],[-5,7],[-8,0],[-10,-17],[-5,6],[-8,0],[-2,6],[11,-1],[-3,18],[6,2],[4,5],[6,1],[5,-16],[8,0],[-1,9],[4,1],[6,-6],[0,-11],[-2,-7],[2,-8],[-1,-13],[4,-3],[5,5],[2,-7],[6,-1],[11,-8],[2,-23],[2,-5],[-6,-12],[2,-11],[-1,-15],[6,-15],[-3,-8],[5,-4],[5,-11],[-1,-7],[3,-3],[1,-7],[6,-14],[-8,-20],[-8,-10],[-5,-9],[-16,-18],[-2,-17],[2,-25],[6,-10],[10,10],[2,7],[7,4],[2,9],[6,6],[7,-1],[7,4],[13,3],[10,-5],[11,-3],[7,10],[5,3],[1,13],[-7,3],[-7,1],[-1,7],[2,4],[13,2],[2,-2],[0,-12],[7,2],[1,5],[-4,16],[1,4],[10,0],[-2,6],[3,5],[-7,7],[-3,-2],[-3,0],[-3,-5],[-10,1],[-1,-3],[-11,-7],[-5,2],[14,13],[4,-3],[8,-2],[3,3],[-3,12],[6,6],[-2,17],[-2,3],[4,6],[6,-5],[-2,10],[3,5],[-1,6],[-23,-5],[0,-11],[-5,0],[-2,-8],[-4,-7],[-2,-13],[2,-9],[-1,-3],[-10,1],[-4,-4],[-5,2],[-3,-4],[-8,-4],[0,5],[9,5],[6,0],[10,7],[1,18],[9,23],[-2,6],[9,-3],[0,9],[10,2],[2,3],[-5,7],[12,9],[4,-3],[1,-14],[-5,0],[-6,-3],[11,-4],[5,-9],[0,-4],[-3,-8],[-4,-4],[-6,5],[2,-16],[3,-3],[-3,-6],[-4,-5],[0,-7],[3,-3],[3,3],[2,5],[9,-5],[2,-9],[-1,-12],[12,0],[4,-5],[4,11],[6,1],[5,-4],[0,-8],[7,0],[6,-7],[2,-10],[3,-3],[4,-7],[3,3],[0,16],[-2,2],[6,7],[-1,5],[-8,5],[-4,7],[-4,1],[-8,10],[-3,8],[-6,4],[-1,11],[-5,3],[-4,10],[4,5],[3,-1],[0,-12],[4,-5],[0,-6],[8,-11],[0,28],[4,3],[9,1],[1,12],[6,-2],[1,6],[5,11],[4,-4],[-6,-3],[3,-6],[6,0],[5,-7],[4,3],[2,10],[3,4],[0,6],[-8,-2],[1,12],[7,-6],[5,1],[-8,12],[1,3],[7,-5],[2,-6],[7,10],[15,0],[8,3],[2,-10],[5,-6],[4,14],[9,-2],[2,3],[-1,6],[-10,-1],[6,12],[-2,6],[7,0],[8,2],[4,-6],[3,0],[0,7],[7,-3],[-1,-7],[4,0],[6,9],[3,-6],[6,-3],[9,2],[3,14],[-2,6],[5,5],[6,4],[1,-12],[6,1],[6,-9],[5,0],[2,-12],[8,-3],[-2,-6],[5,-3],[-2,-9],[5,1],[3,-2],[-2,-8],[6,1],[5,-10],[4,8],[9,-7],[6,1],[3,9],[4,3],[4,-11],[1,-8],[4,-1],[3,-7],[8,2],[-3,-9],[2,-4],[10,5],[11,18],[3,1],[4,-15],[6,-14],[5,0],[-4,-19],[6,1],[8,-3],[-3,-5],[5,-8],[-7,-1],[-1,-9],[10,-1],[-4,-7],[4,-11],[2,10],[9,4],[6,-1],[0,10],[3,1],[2,-8],[7,1],[-1,-7],[7,-6],[6,5],[1,-11],[8,-2],[3,-4],[8,1],[3,-8],[5,-3],[4,8],[6,3],[9,-3],[2,6],[4,1],[4,8],[3,1],[4,-14],[6,1],[3,-6],[6,-4],[8,5],[3,-8],[-2,-4],[2,-7],[5,0],[3,-6],[4,0],[6,-7],[5,5],[-4,6],[0,5],[12,6],[-3,7],[4,4],[-3,5],[-6,0],[-1,6],[4,1],[-2,4],[5,2],[7,-3],[3,7],[4,-8],[6,-3],[5,5],[11,-4],[3,-3],[0,-11],[9,-1],[-1,-16],[5,-8],[6,-4],[1,7],[8,0],[2,-4],[6,2],[3,9],[-7,-2],[-3,2],[4,7],[-3,12],[11,-2],[0,5],[-6,0],[2,9],[7,4],[1,-7],[6,-13],[10,17],[0,-6],[5,-8],[3,2],[3,8],[6,4],[6,-2],[-11,-5],[3,-6],[-2,-6],[3,-5],[6,12],[11,0],[0,-3],[-4,0],[-3,-3],[4,-4],[-1,-12],[5,8],[3,-1],[0,-13],[4,5],[7,-9],[-1,-11],[5,-3],[-1,-8],[12,-15],[70,1],[-10,11],[5,6],[11,-7],[7,0],[-1,-15],[7,-6],[-1,-7],[6,-8],[6,-3],[3,-18],[5,-9],[0,-5],[5,-3],[2,-10],[-3,-14],[3,-5],[0,-14],[7,0],[0,-5],[7,-10],[-3,-6],[2,-13],[-10,-6],[-7,-7],[6,-7],[12,0],[16,-7],[3,-12],[5,5],[2,9],[14,17],[-3,17],[0,31],[-12,29],[1,9],[10,0],[0,5],[-7,0],[-2,7],[6,7],[-2,10],[1,17],[4,0],[0,14],[-4,15],[4,-3],[3,-9],[35,0],[2,8],[-1,8],[6,-1],[2,-4],[0,-11],[4,0],[-1,17],[9,-10],[1,-7],[50,0],[3,3],[0,8],[-6,3],[-5,-10],[-7,5],[-5,5],[0,8],[5,0],[2,4],[7,2],[5,-7],[13,-8],[3,-6],[-3,-3],[-6,3],[-1,-6],[2,-6],[-9,0],[2,-23],[9,-21],[-6,6],[-4,-7],[-7,5],[0,5],[5,7],[-2,5],[-2,15],[-11,7],[-7,-2],[2,-22],[4,-11],[-4,-8],[-3,1],[1,13],[-4,6],[0,10],[-3,-1],[0,-7],[-7,-7],[-2,-6],[11,-3],[2,-7],[3,-12],[9,-6],[-1,-4],[4,-5],[1,-4],[9,-6],[11,-13],[10,-8],[6,0],[5,-5],[-2,18],[2,9],[-1,7],[5,0],[2,-4],[-3,-11],[1,-8],[10,0],[-1,-5],[-6,-6],[2,-5],[4,-4],[9,1],[6,-2],[-1,13],[-1,4],[-6,6],[-7,2],[0,20],[-9,0],[0,8],[-4,1],[-4,7],[3,8],[-7,8],[0,5],[9,8],[1,7],[-4,11],[1,15],[5,0],[3,6],[9,-6],[6,-12],[11,-3],[19,0],[0,-3],[-17,1],[-6,-2],[-6,1],[-6,6],[-3,9],[-3,1],[-3,-6],[2,-11],[0,-18],[2,-5],[11,0],[1,-21],[4,-5],[1,-9],[8,-1],[0,-7],[5,-5],[9,-2],[8,-4],[-3,-12],[2,-3],[-5,-7],[-1,-8],[6,-6],[11,0],[4,-13],[14,-21],[13,-5],[6,-6],[7,-1],[2,-4],[16,-5],[4,3],[9,3],[4,5],[4,12],[5,0],[-2,7],[5,1],[5,14],[1,11],[12,2],[2,3],[-4,5],[2,12],[-3,7],[3,7],[5,-1],[0,-11],[-2,-2],[0,-13],[2,-8],[-13,-4],[-4,-16],[5,-9],[8,-1],[4,2],[0,-23],[-11,-9],[-7,-2],[4,-6],[8,-3],[5,4],[7,-5],[3,4],[0,12],[4,5],[4,1],[3,-11],[4,0],[1,6],[10,2],[5,15],[6,2],[0,6],[-7,9],[0,5],[7,3],[3,-6],[-1,-5],[9,1],[-3,-7],[12,0],[3,2],[8,-2],[-1,-17],[-10,-2],[-1,6],[-8,-4],[-7,0],[-5,4],[-2,-7],[-6,-9],[-12,-15],[-6,-2],[-9,-1],[-9,-3],[-1,8],[-6,-2],[-5,0],[-7,8],[-5,1],[-3,-6],[23,-22],[9,-7],[2,-5],[-6,-4],[1,-9],[-3,-2],[-1,14],[-4,6],[-8,6],[-10,10],[-7,4],[-2,-8],[8,-1],[5,-2],[13,-14],[2,-7],[-12,-1],[-3,-3],[4,-8],[15,-7],[3,-18],[-8,3],[-3,-4],[5,-4],[0,-9],[18,-8],[3,-5],[-3,-5],[-14,1],[-4,-5],[4,-6],[13,-3],[-9,-3],[-12,7],[-5,-5],[5,-5],[1,-12],[-6,-1],[-2,-10],[12,-1],[5,-9],[1,-6],[5,-12],[5,-1],[7,-7],[-3,-4],[-5,8],[-8,-2],[-4,2],[3,-11],[5,-1],[3,-8],[6,-7],[14,5],[12,-7],[4,-6],[2,-8],[3,-6],[11,-2],[2,3],[7,-2],[4,-3],[3,-10],[5,-1],[2,-6],[4,6],[14,11],[3,15],[-2,2],[0,9],[-3,3],[0,9],[8,7],[9,4],[6,7],[2,10],[-3,17],[2,9],[7,5],[7,-2],[1,-8],[-2,-19],[5,12],[0,14],[11,0],[8,8],[5,0],[5,-6],[1,-10],[8,-2],[7,-8],[5,-13],[7,-7],[-13,-99],[1,-5],[8,-7],[6,4],[7,-5],[2,-13],[8,-7],[6,6],[8,1],[7,-3],[3,3],[5,-1],[2,-22],[-7,-4],[-4,4],[1,9],[-1,5],[-7,1],[-8,-10],[-1,-7],[-4,0],[-7,5],[-3,-4],[-6,4],[-8,15],[-20,2],[-14,5],[8,-12],[0,-10],[-4,-5],[-1,-11],[-5,1],[4,17],[2,3],[-6,6],[-5,0],[-7,11],[-9,4],[-2,-5],[-6,0],[3,10],[-2,12],[-2,3],[0,11],[4,3],[-1,11],[2,5],[-6,3],[-7,-15],[-6,-1],[-3,-5],[-6,0],[-1,-21],[-1,-8],[-2,-4],[-6,3],[-1,19],[-3,5],[-5,3],[-5,-1],[0,12],[-6,-4],[-1,-9],[-4,-1],[-9,2],[-3,-8],[2,-14],[-3,-3],[-7,2],[6,-14],[8,-7],[4,2],[-1,-10],[-4,1],[-13,13],[-13,5],[-12,1],[-11,-6],[-11,-1],[-3,-8],[6,0],[0,-10],[-8,1],[-5,-6],[-4,1],[-7,-5],[4,-4],[6,-3],[5,3],[1,9],[6,-4],[-6,-11],[1,-6],[-6,0],[-6,9],[-7,5],[-6,-1],[-4,3],[-3,-7],[-3,-1],[-2,-9],[-8,-7],[1,-6],[18,1],[6,-6],[4,-8],[1,-19],[-25,2],[-5,2],[-4,6],[1,11],[-6,-4],[-5,1],[-3,-9],[-4,0],[-1,-14],[1,-8],[0,-15],[7,-14],[3,-16],[7,-6],[6,-9],[3,-9],[-2,-15],[9,-10],[1,-12],[3,-5],[0,-20],[-3,-3],[2,-13],[5,-6],[13,-1],[6,-4],[20,0],[2,3],[1,8],[7,10],[9,4],[7,6],[11,0],[11,8],[10,3],[14,1],[11,-5],[3,0],[12,11],[7,0],[5,-4],[5,-9],[9,-6],[9,-15],[3,-1],[5,9],[-1,17],[-5,18],[1,11],[6,6],[10,-8],[6,0],[3,7],[-5,13],[10,13],[6,13],[6,3],[12,-1],[7,3],[11,-1],[8,-7],[6,-13],[13,-12],[-4,-33],[20,-4],[15,-8],[11,-2],[-6,-42],[-74,-39],[-55,-28],[-6,9],[-4,2],[2,-17],[-4,0],[-1,10],[-8,12],[-15,2],[-11,13],[-7,1],[11,-13],[3,-5],[-5,-5],[-4,4],[-8,14],[-5,-4],[-5,10],[-4,-2],[8,-16],[10,-9],[-3,-13],[6,-5],[13,-6],[3,-5],[5,-3],[-12,-8],[-3,7],[-7,-4],[-4,9],[3,5],[-3,5],[-14,16],[-5,2],[-8,-4],[-5,0],[-16,24],[-15,9],[-7,7],[-13,18],[-8,2],[-18,-4],[-5,4],[-11,-1],[-10,-5],[-3,-4],[-2,-9],[0,-10],[1,-18],[3,-12],[6,-12],[6,-3],[18,1],[8,-4],[18,-3],[9,8],[6,3],[14,1],[16,3],[10,-2],[9,-17],[-13,3],[-4,-2],[-7,-8],[-2,-5],[2,-6],[6,-3],[2,-6],[-22,17],[-5,2],[-9,0],[-13,6],[-17,1],[-8,3],[-10,-2],[6,-7],[8,2],[6,-2],[10,-10],[24,-11],[11,-7],[5,-6],[8,-1],[7,-9],[-27,-46],[-6,5],[-3,10],[0,8],[-5,7],[-9,4],[-6,11],[-2,12],[-6,10],[-7,7],[-7,11],[-11,7],[-6,-1],[-3,-6],[-7,-9],[-3,-6],[-1,-23],[3,-11],[4,-6],[14,-11],[10,-14],[14,-11],[7,-14],[-4,-6],[-3,-11],[-6,-1],[-2,-14],[-3,-7],[1,-5],[-7,-4],[-6,1],[-8,-9],[-5,1],[-6,-7],[-2,2],[-7,-6],[-2,-5],[-6,-3],[-3,-20],[-7,-10],[-10,9],[6,9],[-17,3],[5,-14],[-5,-8],[4,-8],[7,-3],[1,-7],[7,-8],[0,-7],[-10,3],[-4,-7],[-6,10],[-11,7],[1,8],[-6,8],[-3,-6],[1,-9],[-5,-1],[-15,7],[3,3],[-6,9],[-7,-1],[0,14],[-5,15],[-10,11],[-11,4],[-14,0],[-5,-13],[-5,-4],[2,16],[-6,11],[-9,10],[-25,23],[-5,3],[5,-31],[7,-24],[8,-16],[-1,-5],[-11,26],[-5,22],[-5,28],[-5,6],[-8,18],[-3,5],[-17,13],[-21,13],[-9,4],[-5,4],[-6,9],[-3,23],[-6,9],[-6,2],[-6,-2],[-5,-4],[-5,-9],[-4,-1],[-6,2],[-13,10],[-10,5],[-13,8],[-10,1],[-1,-5],[3,-5],[15,-10],[8,-8],[21,-9],[18,-3],[6,-6],[8,-13],[20,-14],[15,-5],[5,-16],[9,-7],[-3,-5],[-1,-8],[1,-5],[17,-17],[12,-14],[7,-16],[14,-41],[9,-23],[5,-7],[11,-11],[5,1],[2,-5],[-5,-4],[9,-17],[-6,-6],[-2,7],[-7,5],[-4,12],[-11,4],[-6,-2],[8,-10],[3,-12],[3,-6],[8,-8],[-8,-7],[-9,2],[-8,1],[-5,4],[-6,7],[-13,13],[-2,9],[0,9],[-4,1],[-12,11],[-8,-3],[5,-7],[0,-8],[-5,-6],[1,-6],[27,-18],[4,-5],[2,-9],[6,-6],[7,-2],[3,-3],[-8,-8],[-6,4],[-1,-9],[-5,8],[-4,-11],[-5,2],[-2,7],[1,8],[-6,13],[-7,6],[-12,3],[-4,-6],[0,-12],[-6,-2],[2,-10],[-1,-9],[-3,-5],[0,-8],[3,-6],[6,-6],[-11,-4],[-4,12],[-4,-1],[-2,-14],[-4,-2],[-1,12],[6,12],[9,12],[2,10],[-2,11],[-8,21],[-7,3],[0,-10],[2,-3],[-3,-6],[5,-14],[-12,-3],[-3,14],[5,10],[2,16],[-2,4],[-12,12],[-14,4],[-8,-8],[-7,9],[-8,3],[-3,-6],[-10,5],[-8,-1],[-1,-4],[5,-12],[0,-7],[8,-5],[-7,-5],[0,-6],[4,-6],[6,-2],[11,1],[10,-3],[5,-7],[4,-12],[-19,-5],[4,-10],[-7,-1],[-6,8],[-15,-2],[-4,7],[2,7],[-5,16],[2,8],[-4,10],[-1,11],[-3,7],[-7,12],[-17,11],[-6,6],[-7,11],[-6,4],[-7,0],[-4,-2],[0,-5],[4,-6],[-4,-4],[-5,11],[-4,17],[-7,6],[-6,9],[-5,2],[-4,-2],[-5,-17],[2,-13],[-2,-24],[1,-12],[3,-7],[8,0],[9,-6],[8,-7],[7,1],[4,-2],[15,-26],[7,-8],[4,-3],[12,-2],[6,-3],[8,-14],[2,-7],[5,-7],[-5,-6],[-6,10],[-5,10],[-10,7],[-7,-1],[1,-9],[9,-8],[3,-6],[0,-10],[4,-6],[-2,-5],[1,-7],[8,-18],[-5,-3],[-3,5],[-7,19],[-6,10],[-10,18],[-2,14],[-9,14],[-9,6],[-4,8],[-11,8],[-8,0],[3,-6],[6,-4],[10,-11],[-8,-4],[0,8],[-13,9],[1,-7],[6,-12],[-4,-10],[3,-13],[8,-6],[-1,-8],[12,-12],[20,-4],[4,-2],[7,-11],[2,-9],[0,-7],[-4,-2],[-1,7],[-4,7],[-16,11],[-10,3],[-3,-8],[16,-4],[-29,-22],[-2,8],[5,21],[-1,9],[-18,26],[-7,4],[-17,14],[-13,18],[-4,4],[-2,6],[3,15],[-1,7],[-7,8],[-10,-1],[-4,-14],[10,-15],[-4,-3],[-2,8],[-6,6],[-2,6],[6,12],[-2,4],[1,12],[-2,2],[-11,-5],[0,7],[7,2],[9,-1],[3,3],[6,13],[1,16],[3,10],[7,5],[0,7],[3,5],[-1,9],[5,5],[4,9],[11,4],[8,7],[5,11],[6,9],[2,9],[4,10],[-1,7],[4,4],[5,-4],[4,5],[-1,7],[5,2],[0,6],[-8,2],[-5,-7],[-1,-6],[-5,2],[1,5],[-5,3],[0,3],[-3,0],[-3,-2],[1,3],[-2,1],[-7,-8],[2,-10],[6,-7],[-1,-5],[-3,2],[-2,0],[0,-9],[-11,-1],[-3,5],[-4,0],[-1,-10],[-9,6],[-3,-6],[-4,-4],[-4,-12],[8,-3],[1,-9],[-4,-5],[-5,0],[-1,5],[6,8],[-7,4],[-2,-5],[-11,0],[-1,-11],[-3,-4],[-6,-2],[-4,8],[-4,-2],[-2,-8],[6,-1],[1,-5],[-7,0],[-2,8],[1,4],[-4,4],[-9,0],[-3,4],[0,7],[4,1],[5,-3],[6,-10],[5,5],[5,-4],[2,-6],[6,1],[3,10],[0,6],[6,-1],[6,1],[1,5],[5,5],[2,7],[3,1],[0,8],[13,-3],[-3,14],[-11,1],[-4,-9],[-5,2],[1,16],[6,3],[9,0],[-1,-6],[5,-3],[7,0],[1,-9],[4,3],[3,11],[-4,5],[3,10],[9,-1],[4,4],[3,-3],[3,1],[1,-4],[10,4],[1,5],[6,-4],[5,4],[-4,6],[-1,15],[5,-1],[-1,-11],[10,-3],[1,18],[5,14],[-4,7],[1,6],[-9,-1],[0,17],[-2,6],[1,15],[-1,3],[-10,9],[-9,11],[-7,6],[4,18],[-5,13],[-4,-1],[2,-7],[-1,-11],[-4,-5],[5,-23],[-3,0],[-2,14],[-3,3],[2,11],[3,7],[1,10],[-3,7],[6,4],[1,13],[-2,10],[-3,7],[-6,-2],[-31,-1],[-8,-3],[-2,-7],[-1,-20],[1,-3],[7,-5],[-1,-15],[9,4],[2,-5],[-2,-7],[5,-3],[2,13],[7,7],[4,-7],[-3,-6],[-5,6],[-3,-11],[-2,-5],[-5,1],[-2,5],[2,8],[-4,1],[-1,-14],[-5,2],[1,8],[-3,1],[-14,-21],[-2,-8],[0,-8],[5,-5],[-1,-20],[6,-2],[0,-6],[-5,-5],[-8,-3],[6,-5],[1,-10],[2,-3],[-4,-12],[4,-10],[-25,-7],[-4,4],[-8,2],[-12,-1],[-3,-3],[-3,-10],[2,-3],[-4,-9],[0,-9],[-10,-14],[-5,-12],[2,-8],[10,6],[2,9],[4,-3],[5,-10],[0,-5],[-3,-9],[1,-7],[-2,-4],[-12,-6],[-4,-6],[-5,2],[-7,-4],[-2,3],[-15,6],[-10,-17],[-7,-6],[0,-6],[10,-5],[5,-6],[-5,-7],[0,-7],[-7,-10],[4,-14],[7,-3],[2,-8],[5,-3],[-1,-5],[-9,0],[-3,-2],[-18,-6],[-23,-4],[-4,-5],[-5,0],[-13,3],[-5,0],[-6,-11],[0,-6],[4,-1],[3,-5],[-3,-6],[-11,4],[3,-19],[3,-8],[-4,-7],[5,-7],[1,12],[13,11],[7,-2],[4,-5],[6,-20],[-2,-9],[0,-8],[-3,-5],[2,-4],[-3,-22],[-2,-7],[1,-11],[3,-9],[-2,-11],[9,-2],[-1,-4],[-7,3],[-5,-8],[2,-6],[17,-7],[6,9],[-1,7],[5,0],[8,-7],[10,-1],[8,2],[2,-4],[7,2],[9,0],[13,1],[5,-7],[7,4],[0,7],[5,2],[6,-5],[10,1],[9,2],[6,-9],[7,-6],[2,-6],[6,-9],[2,-7],[8,-3],[6,-6],[6,-18],[3,1],[2,-10],[3,-1],[4,-16],[3,-1],[3,-9],[6,-4],[5,1],[11,-16],[5,-17],[8,-1],[12,-8],[7,6],[9,3],[3,-9],[0,-9],[-4,-11],[-10,-10],[2,-8],[-3,-21],[-3,5],[1,17],[-2,9],[2,5],[7,6],[2,6],[0,9],[-18,-2],[-7,6],[-11,4],[-4,8],[-4,16],[-7,6],[-5,7],[-4,-1],[-4,7],[-7,9],[0,7],[-4,6],[-1,11],[-4,7],[-7,3],[-2,7],[-7,2],[-3,10],[-3,4],[-7,14],[-4,2],[-5,7],[-4,3],[-9,-2],[-12,2],[-5,-7],[-6,-3],[-6,2],[-3,4],[-10,-3],[-5,3],[-13,-2],[-2,3],[-23,0],[0,-9],[4,-9],[-5,-6],[0,-8],[5,-8],[3,3],[9,-4],[1,-6],[-1,-6],[1,-10],[-6,-3],[1,-10],[-7,-1],[-3,-3],[3,-7],[5,4],[3,-1],[0,-7],[-5,-7],[0,-7],[-5,-1],[2,-6],[-1,-8],[1,-6],[5,-7],[7,-14],[-2,-9],[-9,-9],[1,-8],[-2,-7],[0,-10],[-3,-10],[2,-4],[14,-2],[2,-12],[-9,0],[-5,3],[-1,-6],[6,-2],[1,-7],[-2,-6],[0,-8],[4,2],[3,0],[1,-5],[-1,-4],[-2,-2],[1,-7],[-5,-2],[-5,4],[-1,-10],[-7,-6],[-7,4],[-8,-6],[10,-2],[10,6],[6,5],[12,5],[2,7],[5,-4],[-7,-4],[-6,-7],[-3,-14],[-7,-6],[5,-3],[3,-8],[-2,-4],[6,-7],[0,-7],[-3,-7],[10,4],[3,-1],[0,-15],[1,-7],[-4,-12],[-3,-12],[-1,-11],[-5,-14],[1,-5],[4,-9],[7,0],[5,11],[8,3],[4,5],[5,11],[9,2],[7,-2],[5,3],[3,-8],[7,-2],[3,-12],[14,-15],[12,-4],[11,-12],[8,-16],[5,-3],[5,-10],[5,-21],[7,-9],[1,-17],[8,-4],[11,7],[7,0],[9,-4],[4,-5],[5,-2],[4,-5],[11,4],[5,-12],[7,2],[8,-13],[3,15],[8,5],[4,-3],[4,-8],[7,-1],[0,-7],[3,-20],[-1,-7],[7,-1],[7,10],[8,7],[5,-2],[3,-4],[-2,-15],[6,-2],[-2,-7],[-4,-4],[2,-6],[8,-5],[4,4],[2,9],[5,8],[5,-2],[4,-7],[7,-6],[3,1],[4,9],[0,13],[8,12],[10,0],[6,-3],[3,5],[8,7],[6,8],[15,-4],[3,2],[10,1],[5,-2],[8,5],[8,2],[3,-6],[11,1],[3,5],[5,0],[5,-3],[5,-8],[3,2],[8,-3],[11,1],[1,-5],[4,-2],[5,1],[4,5],[19,5],[6,4],[4,-4],[11,-2],[4,-6],[9,7],[14,1],[6,0],[5,-8],[0,-8],[6,2],[6,11],[9,2],[7,14],[6,7],[1,20],[5,1],[5,7],[3,10],[3,5],[0,10],[3,4],[0,9],[6,6],[6,3],[-2,6],[4,8],[-2,11],[8,-9],[-7,-9],[0,-9],[-7,-4],[-2,-4],[0,-8],[-3,-7],[0,-7],[-5,-6],[-2,-9],[-10,-14],[-1,-15],[-6,-5],[-3,-9],[1,-4],[7,4],[15,-1],[2,4],[6,3],[6,9],[12,5],[5,4],[13,-2],[4,-3],[7,1],[2,-6],[14,-6],[6,-7],[2,8],[9,4],[10,6],[5,6],[5,10],[5,2],[0,8],[4,2],[6,8],[4,0],[-9,-12],[-1,-5],[-7,-5],[-4,-9],[-6,-7],[-15,-9],[-5,-7],[-5,-2],[-2,4],[-8,1],[-12,12],[-7,1],[-4,4],[-3,-3],[-8,2],[-9,-4],[-8,-4],[-4,-9],[-8,-2],[-3,-5],[1,-6],[-2,-8],[5,-10],[6,-9],[5,-5],[4,-6],[-2,-8],[0,-16],[-2,-9],[6,2],[4,-2],[1,-6],[5,-1],[9,-11],[17,10],[4,-2],[2,-9],[7,-3],[4,9],[6,6],[4,0],[7,-4],[4,4],[2,6],[6,-1],[6,7],[1,7],[17,16],[10,7],[2,-4],[-12,-7],[-12,-11],[-3,-10],[-5,-3],[3,-9],[5,1],[2,-11],[9,-12],[1,-11],[2,-5],[5,-7],[6,-14],[12,-11],[3,2],[3,-5],[8,9],[12,7],[3,11],[4,3],[13,-7],[7,-6],[6,-1],[5,-8],[7,-4],[4,-7],[4,-2],[6,-9],[9,4],[7,-6],[6,1],[8,-6],[6,2],[4,-9],[8,0],[12,-6],[3,-5],[6,4],[10,-4],[4,0],[6,-3],[4,-6],[6,-1],[1,8],[2,5],[8,3],[8,11],[7,-8],[3,3],[8,2],[4,-4],[-10,-7],[-6,0],[-5,-6],[-4,5],[-3,-6],[6,-2],[9,2],[18,12],[4,5],[10,5],[15,15],[13,9],[3,5],[8,1],[3,7],[-9,7],[-1,11],[-6,4],[-12,2],[-6,-3],[-2,4],[3,5],[-3,5],[10,3],[-3,6],[-7,5],[-5,7],[-3,2],[-2,-12],[-5,1],[-7,5],[-4,-1],[1,-6],[-3,-10],[-5,4],[-1,8],[1,8],[-3,12],[-9,-15],[-2,6],[-10,5],[4,7],[10,5],[2,3],[-2,7],[1,7],[-4,6],[-5,-5],[-9,0],[0,-4],[-8,3],[-7,0],[-1,4],[-7,1],[2,9],[4,-3],[8,-1],[1,5],[6,-2],[2,3],[9,-3],[6,8],[-4,4],[0,6],[3,7],[0,8],[-4,3],[-8,3],[1,3],[-6,9],[3,4],[6,2],[-5,6],[4,3],[8,-10],[0,-5],[6,-10],[5,2],[8,-7],[11,13],[-5,12],[2,3],[-3,8],[1,9],[4,3],[-2,9],[0,5],[-8,13],[6,2],[0,9],[-3,1],[1,18],[4,0],[2,6],[0,7],[7,3],[5,7],[-5,6],[-6,-3],[-6,11],[-6,4],[0,-8],[-12,7],[-9,0],[-5,2],[-7,-2],[-3,11],[-3,4],[8,8],[-2,8],[2,7],[7,9],[7,5],[0,7],[4,6],[2,12],[3,4],[-3,8],[-4,5],[1,7],[-5,2],[-3,9],[-6,2],[-4,-3],[-12,-3],[-15,5],[-6,-1],[-6,-8],[-5,-4],[-9,7],[-5,1],[-7,10],[-14,11],[-6,2],[-5,7],[-9,3],[-8,-7],[-14,1],[-7,-3],[-4,3],[-12,20],[-2,12],[-5,7],[-4,1],[-2,7],[-8,4],[-3,7],[-9,5],[-4,10],[-11,2],[7,4],[6,-3],[10,-14],[7,-2],[3,-11],[12,-10],[3,-5],[2,-10],[7,-8],[7,-16],[5,6],[6,2],[2,-6],[5,5],[8,1],[6,3],[4,-6],[3,2],[10,-6],[1,8],[-5,18],[4,10],[0,11],[-2,5],[-6,5],[-2,7],[-6,15],[2,14],[4,2],[-3,-15],[5,-13],[10,-14],[2,-9],[-2,-2],[1,-9],[5,-22],[0,-9],[4,-9],[0,-5],[6,-3],[7,-11],[7,0],[5,-4],[4,6],[7,10],[4,-2],[7,2],[10,-8],[13,9],[7,2],[6,-1],[3,-10],[4,1],[8,17],[4,-6],[8,-3],[1,7],[6,7],[6,1],[3,-2],[6,3],[7,-9],[1,-5],[15,-11],[5,1],[3,-10],[3,0],[4,4],[13,-5],[9,11],[5,3],[9,2],[5,4],[7,13],[2,7],[4,4],[9,4],[16,-4],[1,-7],[-17,-1],[-1,-7],[-3,-5],[-24,-14],[-7,-2],[-15,-8],[-12,4],[-6,-5],[-4,2],[-2,4],[-10,7],[-7,-1],[-7,9],[-2,10],[-4,3],[-5,-1],[-6,-5],[-5,-13],[-8,0],[-3,-2],[-6,-13],[0,-5],[5,-3],[6,-6],[1,-4],[0,-11],[-4,-8],[-5,1],[-3,-8],[3,-13],[0,-6],[-9,-14],[3,-6],[8,3],[11,8],[1,4],[11,-5],[-2,-3],[3,-9],[4,-4],[4,-1],[-2,-8],[5,-4],[8,4],[0,-5],[-7,-7],[7,-2],[0,-8],[7,4],[-1,-9],[6,2],[2,5],[9,2],[-1,-8],[-15,-9],[-15,-3],[0,-7],[6,1],[3,4],[8,-4],[2,-10],[5,4],[8,-8],[0,8],[8,0],[2,-4],[6,-3],[2,-5],[6,-4],[-1,12],[6,10],[-4,5],[5,8],[6,8],[8,3],[11,11],[2,7],[11,-4],[5,4],[1,11],[8,5],[2,9],[9,10],[3,6],[11,8],[7,8],[8,-7],[21,-3],[-2,6],[5,17],[3,1],[9,11],[5,0],[10,3],[5,-4],[7,1],[-2,-11],[-3,1],[-5,7],[-8,-2],[-8,1],[-2,-7],[-9,-4],[0,-15],[-4,-8],[-5,4],[-9,1],[-5,-7],[-10,-1],[-1,-3],[-11,-5],[-3,-6],[-3,-9],[-5,-1],[5,-12],[-2,-10],[-10,1],[-5,-5],[-1,-6],[-8,0],[3,-6],[-7,-2],[-5,2],[-6,-10],[-6,-4],[1,-6],[-9,2],[5,-7],[-5,-10],[-3,-9],[3,-4],[18,-6],[13,9],[9,-4],[4,16],[15,16],[3,-9],[-7,-5],[-2,-4],[-1,-8],[3,-5],[-2,-4],[-9,-3],[-9,-11],[-9,2],[2,-10],[6,-7],[4,-12],[8,-7],[9,-1],[3,5],[4,-2],[-6,-9],[-7,-4],[-6,-11],[-2,-14],[6,-10],[0,-14],[9,-10],[3,-7],[4,4],[5,0],[11,15],[7,7],[9,2],[7,0],[3,4],[8,0],[5,-8],[5,-2],[11,7],[6,7],[4,-1],[8,4],[5,-2],[6,4],[11,-5],[14,6],[8,0],[4,7],[12,11],[1,5],[8,11],[4,-5],[4,-1],[7,5],[4,-2],[4,5],[6,2],[2,3],[8,-1],[10,-5],[6,10],[11,1],[2,5],[4,1],[2,-5],[5,4],[-1,6],[4,3],[6,-3],[6,2],[-1,5],[6,3],[4,-14],[12,0],[8,3],[1,-2],[5,0],[-1,3],[1,3],[-2,3],[2,4],[-2,3],[0,5],[3,4],[3,7],[5,5],[7,2],[7,10],[5,4],[12,-4],[7,-7],[5,0],[7,-6],[5,2],[7,0],[10,4],[10,1],[4,4],[16,4],[-1,-5],[-16,-2],[-5,-5],[-7,2],[-6,-3],[-13,-1],[-3,-1],[-8,5],[-5,-3],[-8,10],[-11,2],[-12,-13],[-6,0],[-9,-15],[-3,-6],[3,-3],[-2,-4],[2,-3],[-1,-2],[1,-4],[-1,-1],[-5,0],[-1,3],[-9,-5],[-15,1],[-16,-1],[-3,-8],[-6,2],[-5,-3],[-14,-6],[2,-7],[-20,-3],[-6,5],[-11,-10],[0,-5],[-10,5],[-11,-2],[-3,5],[-3,-15],[-4,-1],[-3,-6],[-8,-4],[-4,-6],[-8,1],[-4,2],[-5,-4],[-9,-4],[-11,4],[-7,1],[-15,-9],[-7,-10],[-8,-3],[-8,4],[-1,4],[-6,5],[-5,-6],[-8,2],[-10,-7],[-8,-5],[-2,-5],[-7,-10],[-5,-1],[-10,3],[-11,21],[-2,15],[-6,16],[0,9],[-5,12],[0,6],[-5,3],[-5,9],[-4,14],[-8,-7],[-4,8],[-4,3],[-8,3],[-6,-2],[-7,7],[-3,-12],[-8,3],[4,9],[-3,5],[-6,1],[0,-6],[-3,-3],[-6,2],[-19,10],[-2,5],[-4,0],[-5,-6],[8,-14],[-4,-2],[-1,-8],[-7,2],[-5,-4],[-3,-10],[0,-9],[5,-10],[8,-3],[4,4],[6,-4],[2,5],[5,2],[-3,-10],[-6,-6],[-13,0],[-5,-4],[4,-9],[4,-1],[3,-5],[0,-5],[-12,3],[-6,9],[-5,0],[-2,-6],[-5,-4],[7,-7],[-5,-3],[0,-9],[1,-6],[7,-8],[1,-15],[9,6],[5,-2],[2,-9],[5,-2],[1,-6],[7,0],[2,-5],[7,-5],[3,-12],[5,-3],[6,3],[4,-10],[13,-5],[6,-8],[8,5],[0,-8],[5,-4],[2,-6],[9,-7],[4,1],[1,-9],[6,-8],[7,0],[4,10],[2,-3],[6,2],[1,5],[-4,7],[4,8],[3,-10],[5,6],[16,1],[4,-5],[3,-8],[5,-2],[5,8],[0,12],[3,14],[8,9],[9,-3],[4,5],[5,3],[6,11],[7,6],[6,-2],[9,5],[3,3],[2,12],[-3,9],[16,-8],[-2,-5],[9,-10],[2,-7],[7,-5],[2,-6],[11,5],[0,-10],[-6,0],[-1,-8],[4,-8],[-4,-3],[3,-10],[-3,-10],[4,-3],[10,4],[2,7],[11,-6],[5,2],[8,9],[7,-1],[6,5],[9,-4],[2,-3],[5,3],[12,-1],[11,-4],[13,0],[8,5],[3,-4],[-12,-4],[-10,-1],[-8,-3],[-7,2],[-3,3],[-17,-5],[-8,5],[-5,-1],[-13,-7],[-2,-8],[-5,1],[-10,-8],[5,-14],[-4,1],[-7,14],[-2,-9],[-8,-2],[-5,1],[-4,-8],[0,-9],[5,6],[2,6],[7,-2],[2,-14],[-2,-9],[4,-5],[3,4],[8,1],[7,-7],[0,-7],[4,-6],[4,0],[6,4],[8,-2],[7,6],[5,-3],[7,-25],[0,-6],[-3,-4],[-8,0],[-5,3],[0,-9],[5,-3],[1,-5],[-5,-8],[-7,-1],[-2,-4],[7,-6],[1,-19],[-4,2],[0,18],[-6,4],[2,7],[10,5],[-5,6],[-1,14],[4,5],[7,-3],[3,2],[-2,10],[-10,-1],[-8,7],[-7,-5],[-4,2],[-8,-1],[-4,2],[-2,7],[-1,11],[-9,-2],[-5,4],[-3,8],[1,8],[-10,-4],[-5,9],[2,12],[-2,9],[3,5],[-3,16],[-8,7],[-3,11],[0,9],[-3,3],[-7,11],[-3,2],[-9,-2],[-3,3],[-6,-15],[-12,-1],[-3,-8],[-9,-7],[-5,-13],[5,-2],[-9,-7],[2,-4],[-4,-11],[4,-4],[-2,-8],[2,-3],[2,-9],[3,-7],[-4,-20],[-5,-6],[0,-12],[4,-3],[4,-9],[2,-9],[6,-6],[0,-7],[4,-4],[2,-6],[1,-15],[2,-14],[5,-8],[3,2],[4,-3],[4,-8],[0,-5],[-6,-7],[8,-4],[2,-8],[-8,2],[-4,7],[-2,13],[1,4],[-5,5],[-6,10],[-7,8],[2,20],[-8,1],[0,9],[-3,3],[-6,13],[-3,1],[-8,9],[1,13],[-2,4],[3,12],[8,9],[-2,13],[-11,17],[-8,3],[-6,1],[-9,-4],[-8,5],[-7,2],[-13,-11],[-4,-6],[6,-15],[-2,-5],[-6,-1],[0,-8],[-3,-6],[-5,10],[2,6],[-5,8],[-4,13],[7,1],[8,12],[-6,5],[-4,9],[-9,2],[-7,6],[-4,5],[-17,11],[1,-7],[-13,-11],[-4,-2],[-5,-9],[-11,-5],[-12,-17],[-7,3],[-29,-22],[4,-2],[9,9],[4,-7],[-13,-4],[-5,3],[-11,-1],[-6,-5],[1,-5],[-5,-10],[-8,-2],[-9,3],[-4,3],[-5,0],[-8,-6],[-6,-8],[-10,-1],[-6,5],[1,7],[-7,2],[-8,-2],[-8,-8],[2,-15],[4,-3],[5,-9],[8,-1],[5,-5],[8,0],[21,-18],[7,-3],[2,-6],[-11,6],[-9,3],[-21,15],[-8,1],[-16,13],[-4,6],[-7,20],[1,8],[-2,6],[-9,4],[-6,9],[-5,2],[-6,-4],[-6,10],[-9,5],[-5,-2],[-3,16],[-8,1],[-5,-4],[-5,7],[-8,0],[-2,-4],[3,-11],[-1,-8],[-6,-6],[-4,-1],[1,-13],[-4,-22],[-3,-3],[-1,-14],[3,-8],[7,-9],[1,-14],[-5,-13],[-4,-20],[0,-7],[-8,-12],[4,-6],[-5,-3],[-5,-17],[-1,-15],[4,-10],[-3,-12],[-1,-10],[-3,-17],[-1,-20],[1,-5],[6,-3],[1,-4],[-4,-10],[-2,-9],[1,-9],[-9,-14],[-1,-20],[7,-5],[5,-7],[0,-12],[7,-7],[5,-17],[0,-8],[4,-7],[3,-1],[1,-10],[6,-11],[-1,-5],[6,-5],[12,-4],[0,-4],[10,-12],[0,-7],[-8,17],[-7,6],[-4,0],[-10,7],[-1,10],[-5,7],[0,7],[-5,3],[-9,12],[-2,20],[-4,3],[-5,11],[-1,9],[-3,5],[-5,-6],[2,-8],[-4,-12],[2,-5],[-1,-10],[1,-10],[-1,-8],[-6,-19],[0,-8],[-10,-16],[-2,-10],[-3,-19],[-6,-15],[0,-7],[-4,-14],[-2,-15],[1,-5],[11,-4],[3,-7],[6,-3],[5,-13],[4,-5],[-1,-4],[3,-7],[-3,-3],[-6,14],[-2,10],[-9,7],[-4,7],[-6,0],[-4,-6],[-3,10],[-3,7],[2,13],[6,20],[2,10],[6,9],[-3,15],[2,17],[5,1],[7,7],[3,24],[4,8],[2,9],[0,25],[4,14],[-1,6],[6,10],[-3,10],[1,9],[2,6],[7,7],[-2,19],[6,9],[-5,6],[-3,10],[1,8],[-1,16],[3,6],[1,24],[-4,8],[-2,25],[7,5],[3,15],[5,2],[4,12],[-3,8],[5,24],[-7,5],[-3,-5],[-6,2],[4,6],[-5,7],[0,18],[2,7],[7,11],[2,12],[4,5],[2,15],[-2,3],[-8,-1],[-4,10],[3,13],[-10,10],[-5,-2],[-5,2],[-4,6],[-3,12],[1,10],[-10,4],[-6,0],[2,12],[-3,5],[-3,10],[-5,-2],[-5,4],[-3,-10],[-9,-9],[-8,2],[-10,0],[-6,-7],[-8,-1],[-5,6],[-6,1],[-4,8],[-11,12],[-5,3],[-5,9],[5,3],[-5,6],[-9,-1],[-1,7],[-8,6],[3,13],[-6,5],[0,7],[-5,4],[1,6],[9,5],[-1,4],[-5,2],[-12,-8],[-5,-5],[-11,-3],[-6,1],[-2,5],[1,5],[-7,1],[-13,11],[-7,-9],[-9,0],[-9,9],[-5,2],[-9,-4],[-6,-7],[-14,-2],[-2,2],[-3,14],[-4,-9],[-6,2],[-10,-4],[-16,3],[-2,3],[0,9],[-14,6],[-11,-8],[-2,-8],[-6,-2],[-14,8],[-7,-3],[0,-7],[-7,-10],[-6,0],[-8,-8],[-5,1],[-5,-2],[-13,5],[-1,-6],[4,-10],[-6,-12],[3,-4],[7,-1],[8,-22],[7,-6],[-2,-7],[-13,7],[-6,10],[-2,9],[-9,5],[-4,7],[-10,-3],[-5,6],[-10,-9],[-4,-10],[-5,-2],[-10,1],[-7,5],[-3,8],[-6,0],[-2,5],[2,14],[-4,0],[2,13],[-6,5],[-3,-10],[-11,-1],[-3,8],[2,6],[-6,5],[1,14],[-4,8],[-1,-19],[-4,-5],[-8,2],[-5,-11],[-2,7],[2,11],[-5,5],[1,9],[-4,8],[-7,4],[-4,6],[-7,-2],[-2,6],[-10,-1],[-4,-5],[-3,-9],[0,-6],[-5,-3],[-3,-13],[-5,-9],[2,-6],[-5,-14],[1,-15],[-4,-7],[-3,-9],[-4,-19],[-4,-1],[-11,-11],[-3,-13],[0,-8],[2,-4],[1,-11],[-3,-7],[5,-11],[7,-1],[2,-4],[6,-5],[7,-1],[5,-21],[-1,-6],[4,-8],[3,3],[5,-1],[5,-5],[3,-8],[8,1],[12,-10],[3,-7],[9,1],[-3,-7],[-2,-10],[2,-10],[7,-4],[-4,-7],[2,-8],[1,-9],[-4,-11],[-2,-12],[-5,-13],[-3,1],[3,14],[2,17],[5,15],[-6,18],[-2,17],[-6,5],[-2,9],[-3,4],[-7,3],[-9,0],[-7,11],[-2,-2],[-8,3],[-2,15],[-5,12],[-4,1],[-8,14],[-11,7],[-4,13],[-4,-6],[-6,-3],[-4,-9],[-1,-8],[2,-5],[-1,-8],[2,-4],[1,-17],[-4,-7],[2,-7],[-4,-10],[-3,-17],[-3,2],[3,9],[2,14],[5,18],[-4,34],[1,7],[6,12],[11,8],[2,11],[-6,6],[0,11],[2,5],[12,12],[6,9],[3,15],[7,14],[1,12],[5,9],[3,26],[8,17],[0,13],[9,9],[3,7],[-8,4],[-9,-6],[-6,0],[-6,-3],[-14,9],[-5,7],[-2,14],[-7,5],[-3,13],[-7,1],[-10,14],[1,14],[-1,17],[-6,7],[-10,-2],[-9,8],[-11,17],[-5,6],[-8,-3],[-8,0],[-11,-6],[-14,-15],[-8,-6],[-8,-3],[-14,2],[-15,-6],[-7,-5],[-5,-10],[-6,-6],[-3,-11],[-1,-14],[2,-10],[-2,-6],[-7,2],[0,7],[2,4],[0,22],[2,9],[8,13],[3,8],[5,3],[13,-1],[9,6],[11,0],[5,4],[0,11],[-8,20],[5,9],[-2,18],[4,10],[-3,7],[-6,2],[0,10],[11,0],[4,11],[0,4],[-6,5],[3,6],[-3,5],[-5,-2],[-1,-6],[-5,-2],[4,14],[0,8],[-13,5],[-4,-2],[-11,-11],[-3,3],[-8,-4],[-1,-11],[-5,-10],[-7,-2],[-8,-9],[-3,-14],[-8,-10],[-1,-12],[4,-9],[-5,-4],[-6,-2],[1,-7],[4,-8],[-2,-5],[1,-18],[-14,-5],[-3,-6],[-1,-6],[-5,-3],[0,-6],[-4,-12],[3,-5],[-1,-8],[2,-10],[-4,-6],[3,-5],[-4,-9],[6,-4],[4,-6],[0,-6],[-6,-8],[6,-10],[-1,-7],[3,-7],[-3,-8],[5,-10],[4,-13],[1,-32],[2,-5],[-1,-6],[3,-6],[-20,-9],[-2,-16],[4,-4],[-3,-6],[3,-5],[-2,-6],[1,-10],[-7,-15],[-1,-16],[-2,-7],[3,-10],[5,-6],[1,-11],[3,-4],[-3,-10],[3,-16],[-2,-3],[8,-7],[1,-15],[3,-9],[-2,-8],[3,-8],[3,-3],[-2,-3],[9,-10],[0,-8],[6,-2],[-3,-6],[-5,7],[0,8],[-9,10],[1,4],[-4,4],[-4,9],[2,6],[-1,6],[1,12],[-10,13],[0,8],[-2,5],[5,15],[-5,4],[0,12],[-4,3],[-3,13],[3,7],[-1,7],[5,19],[3,20],[-1,2],[0,28],[-6,5],[-4,-3],[-6,2],[-4,-4],[-1,-7],[-9,-8],[-2,-9],[3,-12],[-4,-9],[1,31],[9,9],[2,9],[6,3],[6,-3],[5,5],[3,-5],[6,0],[3,3],[9,3],[0,13],[-3,7],[-3,3],[2,7],[-2,7],[-1,21],[-6,7],[0,9],[3,5],[0,16],[-6,12],[5,5],[-2,11],[-6,5],[2,8],[-2,9],[3,9],[-3,4],[4,8],[-2,6],[2,12],[0,6],[6,5],[1,7],[5,6],[9,2],[2,3],[0,22],[-2,7],[-4,4],[4,7],[8,2],[-2,9],[0,13],[7,10],[1,11],[6,4],[2,11],[-3,6],[-9,-6],[-11,3],[-2,-4],[-1,-12],[-7,0],[-6,-11],[4,-7],[3,-9],[-2,-5],[-5,1],[-4,-4],[1,-6],[-13,-19],[-3,7],[-4,-9],[-8,2],[1,-15],[2,-4],[-5,-8],[-8,0],[-2,-6],[10,-8],[-1,-9],[3,-8],[-5,-4],[2,-7],[-2,-6],[-7,3],[-2,-4],[1,-7],[-3,-4],[-4,2],[-6,-5],[2,-10],[-1,-9],[-8,-8],[-2,2],[9,8],[0,6],[-2,10],[1,4],[6,4],[6,-1],[0,10],[4,4],[9,13],[-2,8],[1,6],[-11,10],[-2,6],[4,3],[8,-1],[5,7],[-3,18],[2,4],[7,-3],[-2,8],[4,6],[6,-12],[10,16],[-3,8],[5,4],[4,-1],[4,3],[-6,14],[5,19],[7,-4],[8,22],[4,-7],[9,-1],[4,5],[4,0],[4,-4],[8,3],[-1,10],[12,6],[0,4],[5,7],[9,2],[4,5],[9,1],[5,-2],[3,8],[-3,6],[2,11],[-5,4],[-5,0],[-6,6],[1,8],[-5,15],[2,17],[2,5],[-5,10],[1,9],[-1,7],[-5,3],[2,9],[5,3],[4,10],[6,4],[2,5],[-6,4],[-2,6],[-6,-6],[-1,6],[-4,6],[-4,13],[1,8],[6,9],[5,0],[3,4],[-5,10],[2,13],[-7,2],[-3,5],[4,6],[2,13],[-2,13],[-5,3],[5,6],[-14,7],[4,18],[2,13],[-1,6],[-4,8],[-2,19],[-5,2],[1,-13],[-4,-7],[-9,-1],[-11,5],[-3,-3],[2,-7],[-3,-10],[-7,3],[4,5],[-1,7],[-6,0],[-5,5],[4,27],[11,4],[5,6],[-2,10],[3,17],[5,12],[-8,25],[7,9],[1,5],[7,15],[5,1],[6,-2],[10,2],[6,-2],[3,4],[15,2],[4,7],[2,9],[-4,12],[-2,3],[-13,2],[-3,17],[1,5],[5,5],[6,2],[6,7],[-2,3],[5,15],[-1,5],[-13,3],[-1,6],[-5,-1],[-2,14],[-6,-6],[-12,0],[-5,3],[-7,17],[-1,10],[-6,3],[-7,-3],[-1,-12],[-6,3],[-5,7],[-11,2],[2,8],[-10,13],[-1,8],[3,3],[-1,11],[-7,2],[-1,9],[6,0],[4,-7],[6,0],[1,6],[7,-6],[16,-7],[8,-2],[5,-7],[18,-5],[12,-7],[6,-4],[9,-19],[-4,-10],[-6,-7],[-5,-3],[1,-14],[5,1],[1,-6],[9,-1],[5,3],[2,-5],[6,-1],[5,-4],[4,2],[2,8],[5,5],[2,8],[13,-5],[9,3],[2,4],[-5,4],[4,8],[4,0],[1,6],[-6,2],[-10,14],[3,10],[4,4],[1,13],[7,17],[6,-4],[9,4],[4,13],[5,2],[11,-2],[9,1],[15,-1],[11,-2],[0,9],[-6,7],[-6,1],[-8,19],[-2,14],[-1,13],[8,11],[6,5],[1,9],[8,11],[1,6],[3,9],[-3,22],[-8,7],[1,8],[2,10],[8,9],[5,10],[4,6],[2,12],[-1,5],[-4,6],[-1,5],[-6,-2],[0,-4],[-6,-5],[-3,-9],[-4,-5],[4,-7],[-7,-4],[-2,10],[-5,0],[-4,-6],[-1,-7],[4,-7],[6,0],[-2,-16],[-4,-6],[-7,-1],[1,-5],[9,-4],[1,-22],[-24,24],[-4,9],[0,10],[8,2],[4,4],[5,9],[1,10],[-2,5],[-5,-8],[-5,-4],[-3,5],[2,10],[8,12],[15,11],[13,3],[6,-2],[7,3],[0,9],[-5,3],[-3,5],[0,9],[7,1],[5,5],[5,12],[1,14],[6,8],[-3,9],[-4,1],[0,9],[-4,1],[-5,11],[4,1],[-1,21],[-9,0],[-1,-9],[-6,-4],[1,-35],[-2,-16],[-6,-15],[-6,3],[-12,-17],[-3,-6],[-8,5],[0,6],[5,11],[4,19],[-1,6],[3,11],[1,13],[7,14],[5,4],[2,21],[-4,3],[-6,-2],[-1,8],[6,8],[-7,3],[-6,8],[-1,8],[-6,-2],[-7,1],[-3,-4],[-3,-9],[-8,-5],[-3,-5],[-5,9],[-5,-1],[-7,12],[-9,5],[1,9],[-2,18],[6,9],[7,-2],[-1,9],[-9,1],[-7,10],[-4,-4],[-2,4],[2,4],[-12,6],[-1,7],[4,5],[-10,3],[-7,0],[-6,-4],[-10,-4],[-4,4],[2,10],[8,-1],[2,4],[-4,29],[2,14],[-1,7],[-6,2],[1,5],[-4,8],[0,7],[4,7],[1,7],[8,10],[-2,12],[-6,3],[-2,9],[-6,2],[1,22],[-1,8],[-6,7],[1,6],[-6,1],[-3,4],[-12,2],[1,6],[-10,2],[-3,-2],[-3,5],[-10,8],[-7,0],[4,-11],[-1,-15],[1,-4],[9,-5],[4,-8],[5,-6],[2,-7],[-3,-10],[2,-6],[5,-1],[0,-16],[-1,-4],[-5,-3],[-9,1],[-1,9],[-8,4],[-5,6],[-6,-4],[3,-12],[5,-12],[7,-5],[-2,-6],[-4,-2],[2,-9],[-2,-9],[4,-7],[4,0],[4,-12],[7,-4],[8,6],[7,1],[10,-7],[0,-13],[7,-6],[1,-8],[-5,-6],[-1,-5],[-14,5],[-14,0],[-4,5],[-1,8],[2,17],[-7,5],[-2,8],[-6,3],[-5,-2],[-6,-8],[-5,-2],[8,-11],[-4,-3],[-6,9],[-16,-3],[-5,-6],[7,-9],[2,-7],[10,5],[2,4],[5,0],[5,-11],[5,-15],[6,-1],[0,-6],[8,0],[7,4],[6,-4],[2,-13],[3,-3],[7,-3],[2,-10],[5,0],[5,6],[6,-1],[4,2],[-3,16],[4,2],[9,-1],[1,-3],[0,-13],[6,0],[1,-17],[10,1],[4,-16],[-5,5],[-1,6],[-8,-2],[-4,-6],[9,-2],[1,-6],[-15,-2],[-2,5],[4,4],[4,11],[0,8],[-4,8],[-5,0],[-5,-8],[-9,2],[-3,-3],[1,-7],[5,5],[7,-3],[0,-6],[-4,-2],[0,-8],[7,-4],[2,-3],[-3,-7],[11,0],[8,-7],[3,-9],[-9,5],[-4,-4],[-7,2],[2,-10],[-6,-4],[2,-8],[4,1],[12,-6],[8,-2],[0,11],[9,-9],[11,-8],[4,-9],[1,-12],[-4,-7],[-7,-2],[3,-11],[9,-1],[1,-3],[-2,-9],[-1,-24],[-5,-7],[-5,-1],[-6,-13],[-5,6],[-7,-1],[-5,-12],[2,-16],[3,-11],[-9,-5],[-2,-4],[-5,2],[-2,12],[-5,0],[-3,17],[-5,-8],[2,-10],[0,-10],[3,-2],[-6,-15],[-5,4],[-2,-14],[-7,-2],[-2,10],[-2,2],[-5,-7],[-1,-4],[-5,-5],[-2,-6],[-8,3],[3,15],[3,10],[-3,6],[-6,-4],[-3,-4],[-10,-2],[-8,8],[17,14],[3,6],[5,4],[0,8],[-4,1],[-9,-10],[-5,5],[-6,3],[5,4],[4,7],[-4,6],[-6,-8],[-9,4],[3,10],[-4,7],[-8,-5],[-3,3],[0,7],[2,4],[-2,12],[1,5],[9,-5],[8,-1],[2,10],[-5,6],[7,4],[3,4],[8,-1],[8,9],[0,10],[8,-1],[1,5],[10,6],[2,23],[9,4],[4,7],[5,14],[-3,17],[-10,30],[-1,10],[-12,13],[-4,1],[-6,-3],[-7,4],[-4,5],[-5,-5],[-7,7],[-4,-2],[-5,2],[-4,9],[6,11],[-4,1],[-6,-3],[-6,10],[-2,-8],[-5,-4],[-8,-3],[-6,16],[-2,-10],[5,-3],[-2,-9],[-5,0],[-5,7],[-8,6],[0,-14],[6,0],[1,-3],[-4,-6],[-5,2],[-4,-7],[-9,-1],[-3,-6],[1,-8],[6,-2],[-1,9],[7,2],[3,-4],[-10,-10],[-8,5],[-3,-6],[-9,13],[-2,10],[2,4],[6,6],[-9,7],[-4,0],[-6,-9],[0,-8],[-5,2],[-2,13],[8,6],[0,3],[-10,-2],[-7,-10],[-1,-5],[-5,1],[-4,5],[0,5],[4,6],[-4,5],[-3,-1],[-2,-7],[3,-8],[-3,-9],[-10,5],[-1,12],[-6,-8],[7,-9],[1,-6],[-12,-4],[-8,7],[-4,12],[6,3],[0,11],[-2,3],[-5,-6],[-6,0],[0,-11],[-13,2],[-1,6],[4,14],[6,6],[-6,2],[-3,6],[-3,-9],[1,-8],[-6,-2],[-8,8],[2,5],[-6,5],[-6,-4],[-4,15],[2,17],[-5,6],[-3,-5],[4,-10],[1,-6],[-5,-5],[6,-6],[3,-7],[-5,-3],[0,-16],[-7,4],[-6,1],[-4,-2],[-2,-7],[5,-2],[7,-12],[10,6],[19,1],[8,-3],[3,-10],[7,3],[1,-6],[5,2],[5,-8],[5,-3],[4,-7],[6,-1],[4,-6],[-3,-8],[2,-9],[6,2],[2,-6],[0,-8],[11,1],[0,7],[8,0],[14,4],[5,-4],[3,3],[1,8],[8,2],[5,-2],[-1,-12],[-3,-2],[-7,1],[-4,-5],[6,-3],[-2,-4],[-8,1],[-6,-6],[-4,-1],[-14,9],[0,-8],[3,-7],[4,-1],[2,-5],[7,0],[2,-14],[5,5],[1,8],[4,4],[7,0],[1,9],[5,3],[0,-7],[8,-1],[2,-4],[5,2],[1,8],[5,3],[4,-5],[-6,-7],[0,-6],[-4,-3],[-6,1],[-3,-4],[-2,-10],[7,-1],[8,-6],[-1,-8],[-4,1],[-3,8],[-10,0],[0,-9],[7,-3],[0,-7],[-13,-3],[-11,-5],[-3,7],[-3,-6],[-6,1],[0,12],[-6,-6],[-2,-12],[-5,-1],[-5,-3],[-5,-9],[-1,-6],[-4,-5],[2,-7],[9,11],[2,11],[4,-1],[2,-7],[-1,-4],[-7,-8],[-7,-12],[-5,-5],[-3,-7],[13,-8],[-9,0],[-12,6],[-1,9],[3,5],[-6,3],[1,9],[8,0],[8,13],[-1,11],[-5,3],[-2,-6],[-7,0],[-5,5],[4,5],[0,6],[3,3],[7,0],[-1,6],[-7,1],[-4,-4],[0,-6],[-5,-4],[-5,3],[2,7],[-9,9],[1,11],[9,4],[4,8],[-6,8],[0,10],[8,5],[-1,7],[-6,-4],[-2,4],[3,9],[4,1],[7,-2],[2,6],[-25,-2],[-1,11],[9,11],[-10,10],[-3,10],[-10,4],[5,-13],[-6,-14],[-7,-6],[-5,0],[-3,-7],[7,-1],[6,6],[9,1],[5,-10],[-4,-6],[1,-6],[-11,5],[1,-9],[-1,-7],[11,2],[4,-9],[-3,-11],[-4,-6],[-10,-5],[7,-4],[3,-9],[2,-10],[3,-11],[8,0],[4,-7],[-2,-7],[-5,-2],[-1,-6],[6,0],[1,-5],[-8,-2],[-6,3],[-2,-4],[5,-7],[-1,-9],[-4,-3],[-8,1],[-4,-3],[-1,-8],[-7,-2],[1,-5],[5,-7],[2,-14],[2,-9],[5,-9],[8,-4],[9,1],[6,-2],[5,-5],[9,-4],[9,0],[5,-4],[9,-11],[-3,-1],[-6,6],[-6,4],[-14,0],[-8,3],[-4,7],[-5,0],[-8,-2],[-2,-5],[-8,-3],[-10,3],[-1,-10],[-7,-11],[-1,-11],[4,-11],[11,-7],[4,-14],[7,-4],[-9,-5],[-4,6],[-1,12],[-10,3],[-3,-7],[0,-12],[-2,-1],[-1,12],[2,12],[-2,7],[-5,6],[-5,-9],[1,-15],[-6,-2],[-3,-4],[4,-10],[-2,-3],[0,-11],[3,-9],[-7,-3],[-7,-9],[-5,-13],[-3,2],[5,9],[5,6],[9,14],[-6,2],[4,18],[-6,5],[2,6],[-6,4],[5,6],[6,2],[2,8],[6,9],[8,20],[8,5],[0,9],[6,7],[5,15],[-4,22],[-6,11],[-2,-8],[4,-1],[0,-8],[2,-3],[-2,-11],[-5,0],[0,17],[-6,-6],[-3,1],[6,9],[1,8],[-4,1],[-7,-8],[-4,-2],[0,-8],[4,-1],[-1,-11],[-2,-4],[3,-9],[3,-6],[0,-5],[-8,4],[2,6],[-2,9],[1,11],[-5,1],[-7,-6],[-3,6],[-8,2],[1,14],[10,19],[2,10],[8,6],[6,10],[3,8],[7,7],[-7,5],[-1,11],[4,6],[-2,4],[-6,-1],[-4,9],[4,6],[6,1],[3,4],[9,9],[-13,2],[-4,-1],[-3,5],[-4,-3],[1,-9],[-6,-2],[-7,2],[2,-8],[-4,-17],[9,6],[6,-2],[-3,-9],[-11,-6],[-6,1],[-6,-7],[-5,3],[-1,19],[-7,1],[2,8],[-4,6],[-1,9],[-6,2],[-3,-2],[-1,-11],[5,-8],[7,-18],[3,-12],[-1,-10],[2,-6],[0,-19],[-9,-5],[9,-5],[1,-10],[5,-4],[4,-8],[0,-6],[-3,-4],[-6,9],[-8,-12],[0,-5],[-6,-5],[0,-12],[-2,-10],[-3,-6],[4,-5],[-1,-10],[6,-9],[4,-3],[-2,-16],[2,-6],[-1,-15],[-3,2],[-3,12],[-4,2],[5,12],[-1,10],[-6,12],[-2,6],[-6,8],[-1,-12],[-3,-7],[3,-9],[-6,-16],[1,-4],[-5,-18],[-4,0],[4,14],[2,3],[0,11],[5,9],[-7,7],[1,7],[5,4],[-3,5],[2,6],[-1,8],[15,20],[0,6],[4,15],[7,17],[-1,3],[-7,6],[-1,5],[3,8],[1,11],[5,17],[-6,-1],[-5,3],[-8,13],[-10,-11],[-1,-3],[6,-5],[0,-21],[-1,-4],[-7,-5],[2,-4],[-5,-11],[0,-8],[-3,-7],[2,-4],[-4,-12],[-7,-14],[3,-5],[0,-8],[3,-7],[-7,-16],[0,-3],[6,-11],[-4,-11],[-1,-9],[4,-21],[-1,-10],[1,-4],[1,-10],[6,-17],[-2,-7],[4,-4],[-2,-4],[5,-15],[-3,-2],[0,-8],[-2,-5],[3,-6],[-1,-4],[4,-9],[-1,-19],[-4,-1],[-3,-8],[3,-8],[2,-15],[-3,1],[-2,16],[-2,7],[3,5],[0,4],[5,1],[-1,14],[2,2],[-4,9],[-3,10],[4,17],[-3,4],[2,6],[-2,3],[1,5],[-4,3],[2,8],[-5,5],[3,5],[-3,6],[0,6],[-4,1],[3,5],[-2,4],[2,2],[-4,12],[-7,5],[6,15],[-2,9],[5,4],[-3,4],[-7,-5],[-2,10],[5,12],[0,10],[2,4],[-1,8],[-5,21],[1,7],[0,14],[-3,8],[0,6],[5,6],[6,11],[6,3],[7,-1],[6,6],[-1,11],[-8,2],[-1,4],[1,10],[-5,0],[2,10],[-2,4],[-6,0],[-5,10],[-1,9],[-4,3],[-2,14],[6,17],[-2,6],[-5,8],[-3,10],[3,16],[-3,10],[0,10],[2,10],[6,8],[3,1],[19,-3],[-5,6],[-3,7],[6,5],[1,6],[-7,1],[-2,7],[1,4],[7,6],[1,19],[8,12],[0,11],[3,4],[-1,10],[2,4],[4,15],[4,8],[-3,10],[-4,6],[-2,11],[12,1],[1,6],[-2,14],[7,7],[11,0],[1,4],[9,3],[-1,-15],[-5,0],[-2,-9],[6,-11],[5,6],[5,-7],[9,5],[-5,7],[-5,0],[-5,11],[17,19],[-5,1],[-7,5],[7,4],[3,7],[-4,10],[-4,3],[-3,-9],[-4,8],[2,12],[6,5],[2,6],[5,1],[5,-2],[2,9],[6,11],[-2,2],[-9,-6],[-1,6],[-12,6],[-3,-10],[0,-7],[-5,-2],[-8,-14],[-10,-2],[-5,3],[-2,8],[-6,-3],[-3,6],[6,1],[1,3],[-7,7],[-5,1],[-4,7],[-6,0],[-3,8],[-11,-10],[3,-5],[0,-10],[3,-1],[-1,-11],[-4,-4],[3,-4],[-6,-9],[-8,-4],[-7,-9],[-6,-4],[-8,-2],[-2,-5],[-9,-4],[-9,3],[-3,-10],[-8,-2],[-4,2],[-9,-5],[-9,2],[-8,-5],[-4,-5],[-5,-18],[-6,-7],[-5,-8],[-4,-3],[4,-14],[-9,-14],[-5,-4],[-7,-14],[-9,-1],[-4,-15],[-3,-4],[-17,-13],[1,-10],[8,-14],[-6,-23],[6,-5],[0,-6],[-4,-2],[0,-18],[-4,-3],[-12,5],[-7,-3],[-8,-19],[-5,-15],[-3,-7],[-10,-2],[-8,-11],[-9,-8],[-2,-14],[-9,-17],[10,-11],[2,-9],[-5,-8],[-4,-15],[-4,-3],[2,-5],[-9,-9],[-2,-6],[3,-10],[-3,-6],[-5,-4],[-9,3],[-7,-1],[-6,-7],[6,-5],[5,-12],[0,-12],[-4,-12],[-11,-8],[5,-14],[-2,-10],[-7,-11],[-2,-7],[-5,4],[-11,-16],[-8,-5],[4,-7],[-7,-9],[-7,-16],[-9,-5],[-4,-15],[1,-14],[7,-14],[4,-14],[1,-6],[6,-12],[0,-6],[-6,-2],[-2,8],[-6,14],[-1,13],[-8,14],[-8,-12],[2,-10],[-8,-13],[-2,-29],[6,-8],[-2,-2]],[[6086,5481],[-3,-3],[-1,-7],[3,-5],[6,1],[6,-8],[7,4],[-2,13],[4,10],[-11,2],[-4,-5],[-5,-2]],[[6063,5387],[-5,7],[-8,-4],[-1,-11],[4,-2],[1,9],[9,1]],[[6056,4929],[-13,17],[-8,5],[-4,-1],[-11,2],[-3,7],[-8,7],[-6,17],[-1,11],[-5,11],[-3,0],[-5,7],[-2,19],[2,15],[-3,3],[-10,5],[3,-18],[-2,1],[-4,17],[-7,3],[-10,7],[-1,-3],[13,-6],[5,-11],[-3,-10],[-8,9],[-10,1],[-3,-5],[-4,-13],[-7,-3],[-3,-7],[-7,12],[-7,3],[-14,-3],[-5,-9],[1,-10],[13,-11],[7,-18],[1,-11],[2,-8],[11,-6],[3,-5],[1,-8],[-4,0],[-3,7],[-7,3],[-6,7],[-4,1],[-6,-3],[-3,-15],[-27,0],[1,-8],[5,-11],[1,-9],[11,-12],[6,-11],[8,-16],[5,-18],[-3,-4],[3,-11],[-1,-13],[1,-6],[-2,-10],[11,4],[14,-2],[20,9],[9,3],[12,-4],[11,-1],[8,4],[5,10],[-1,7],[-5,4],[-6,0],[-6,-5],[-1,8],[-12,8],[-8,12],[-8,-5],[-5,-15],[-2,3],[3,12],[-1,12],[-1,7],[-8,17],[-1,14],[-8,17],[1,10],[2,0],[2,-12],[14,-25],[4,-3],[12,-5],[2,-5],[-9,-1],[-2,-2],[6,-8],[5,-12],[7,-7],[6,-3],[3,-5],[12,-3],[7,-8],[1,-13],[4,-4],[3,8],[-1,13],[1,8],[8,3],[13,-3],[9,3],[7,13],[6,2],[9,-8],[5,0],[3,8],[-2,21],[-11,18],[-2,11],[0,8],[-5,-2]],[[5282,5712],[6,-3],[12,-12],[-2,-7],[7,-6],[0,-6],[4,-5],[11,1],[5,4],[5,0],[4,-9],[7,2],[-1,-7],[-12,4],[-8,-2],[-4,-3],[2,-9],[8,-3],[2,-4],[12,0],[4,-6],[7,2],[5,-8],[6,11],[0,6],[7,4],[0,7],[-5,-2],[-2,6],[-6,1],[-2,4],[-1,9],[-9,3],[-5,-2],[-2,5],[3,6],[-4,9],[-4,-1],[0,11],[-6,2],[0,-11],[-6,-11],[-7,-4],[-4,9],[-6,2],[-10,13],[-11,0]],[[5346,5615],[7,-6],[5,-12],[6,-2],[7,-9],[11,-6],[15,-3],[8,-7],[5,-9],[6,-1],[-1,-10],[4,-7],[-3,-5],[-3,7],[-1,10],[-6,4],[-2,9],[-10,7],[-20,6],[-4,-2],[1,-9],[14,-7],[9,-7],[1,-16],[11,-4],[6,-6],[4,-6],[6,-2],[1,-13],[4,0],[10,-10],[-1,-6],[7,0],[0,-5],[16,-2],[1,-42],[8,0],[2,-13],[2,-10],[4,0],[-2,-8],[0,-20],[-4,-17],[-2,4],[2,14],[0,21],[1,6],[-3,8],[-2,12],[-7,3],[-2,40],[-13,2],[-4,4],[-6,-1],[-3,-13],[-5,5],[1,5],[5,8],[0,9],[-5,5],[-5,1],[0,12],[-7,1],[-10,11],[-7,-2],[-2,-15],[-5,1],[3,7],[-2,8],[-5,4],[5,7],[0,12],[-4,1],[-7,6],[-8,2],[-2,-2],[-3,21],[-13,12],[-2,10],[-6,6],[-10,3],[-2,5],[0,9],[-3,4],[-9,5],[-4,-4],[1,-9],[4,-9],[1,-8],[16,-18],[5,-23],[-3,-5],[2,-4],[8,1],[3,-5],[-6,-5],[-4,0],[-2,-10],[3,-1],[7,3],[2,-6],[-5,-6],[2,-6],[9,13],[1,-2],[-10,-14],[-6,14],[-5,5],[2,10],[-3,13],[3,5],[-3,16],[-3,7],[-4,1],[-2,6],[-9,10],[-3,11],[-3,16],[5,7],[-6,5],[-5,11],[-4,7],[-1,5],[-8,10],[-3,7],[-6,1],[-5,-12],[4,-4],[3,-10],[-3,-7],[-3,0],[-4,6],[-12,6],[-8,-2],[-1,9],[-7,3],[-4,-3],[-9,-1],[-6,3],[-2,-4],[2,-7],[-1,-8],[7,0],[5,-3],[3,-7],[6,-1],[0,-11],[-7,0],[-3,-6],[6,-2],[12,1],[0,32],[6,-9],[-2,-4],[3,-13],[8,-6],[9,-1],[-2,-7],[2,-7],[-1,-7],[4,-7],[1,-13],[8,0],[0,-11],[3,-4],[9,-1],[3,4],[-2,8],[2,4],[6,7],[8,-3],[0,-7],[-5,-12],[6,-2],[-5,-6],[0,-7],[-2,-13],[7,-3],[0,-29],[-4,15],[-6,8],[0,18],[-3,7],[-4,-9],[-5,2],[-13,1],[-3,-2],[2,-20],[4,-1],[2,6],[7,1],[3,-6],[-7,-5],[7,-9],[-1,-6],[3,-1],[8,11],[4,-2],[2,-14],[-6,-6],[-2,7],[-10,1],[-1,10],[-7,6],[-4,0],[0,-11],[4,-7],[6,-2],[1,-6],[9,-2],[-1,-7],[-2,-3],[-6,-2],[-4,4],[-10,-2],[-2,10],[11,2],[-7,14],[-1,13],[-7,5],[-6,1],[-6,10],[-11,1],[0,7],[6,3],[8,1],[5,3],[0,5],[-11,8],[9,1],[2,4],[-3,9],[-1,13],[4,4],[-1,13],[-7,-8],[-4,-10],[-6,-1],[-2,17],[-6,-4],[-4,-15],[0,-13],[10,0],[-3,-8],[7,-1],[-2,-11],[-13,1],[-4,10],[-4,5],[4,7],[-5,18],[0,10],[6,1],[-3,6],[6,1],[-14,11],[-6,8],[5,6],[4,8],[-13,0],[-5,25],[-6,5],[-2,4],[-2,18],[-9,-4],[-3,-8],[-5,-7],[-3,-9],[3,-13],[2,-10],[18,-1],[3,-7],[-2,-6],[-1,-8],[4,-2],[0,-6],[-8,0],[-7,3],[-3,-5],[0,-5],[7,-2],[27,1],[0,-15],[-2,-5],[-7,-2],[-5,2],[-5,-1],[-8,1],[2,12],[-7,1],[-1,5],[-5,-3],[-4,9],[-3,2],[1,8],[14,0],[-1,17],[-5,3],[-4,-2],[-1,-7],[-6,2],[-1,6],[-4,1],[-5,-5],[-3,4],[5,4],[7,0],[1,10],[-5,8],[-8,-8],[-8,3],[5,-12],[-9,-11],[4,-14],[2,0],[1,7],[5,1],[1,-12],[4,5],[6,0],[0,-5],[-5,-1],[-1,-4],[7,-2],[0,-4],[-6,-1],[-7,-7],[-2,8],[-10,1],[3,-12],[0,-5],[4,-13],[10,7],[3,-3],[0,-7],[4,-5],[0,-5],[4,-8],[5,0],[0,7],[2,7],[4,0],[5,4],[6,-3],[8,-15],[6,7],[5,-2],[5,-6],[1,-11],[3,-3],[-7,-8],[3,-3],[6,7],[8,1],[4,-3],[0,-16],[8,-2],[8,2],[5,-4],[-8,-19],[1,-9],[10,0],[6,8],[3,-7],[-4,-9],[5,-2],[-1,-7],[-6,-8],[3,-7],[6,5],[4,5],[7,-3],[2,-7],[14,-5],[3,15],[5,8],[4,-1],[1,9],[7,10],[15,0],[1,-25],[5,-4],[-7,-5],[-8,3],[0,6],[-3,5],[-7,3],[-4,-5],[-6,0],[-7,-22],[-8,5],[-6,1],[-5,10],[-5,-6],[-11,-4],[-2,7],[2,7],[5,6],[-7,11],[-4,2],[-5,-3],[-4,5],[0,9],[6,19],[-11,-2],[-3,4],[-5,-1],[-1,18],[-8,1],[-8,-9],[-6,3],[3,7],[5,4],[-3,4],[-1,10],[-5,6],[-3,0],[-7,-8],[-5,3],[1,5],[-2,7],[-6,4],[-5,-4],[-4,1],[-2,-7],[1,-7],[-8,0],[-5,9],[1,4],[-4,5],[0,7],[-5,1],[-6,-6],[-5,8],[-5,5],[4,3],[-2,10],[-1,6],[3,2],[6,-3],[10,4],[-2,5],[-9,4],[-2,0],[-3,5],[-2,10],[-9,-7],[-2,5],[6,5],[-12,3],[-4,10],[-9,-1],[7,8],[-2,9],[5,6],[-10,1],[-2,-2],[-11,8],[-8,-2],[-5,3],[-2,-8],[8,-4],[-2,-8],[-4,-3],[12,-12],[-5,-5],[2,-11],[7,-3],[4,-4],[-7,-4],[6,-6],[6,4],[8,1],[0,-9],[-4,0],[-2,-7],[8,-2],[-2,-12],[7,-8],[-2,-13],[-3,-5],[4,-6],[2,-12],[6,-2],[2,10],[7,-2],[2,-3],[7,1],[7,6],[6,-5],[2,-9],[-6,-2],[7,-7],[1,-6],[-2,-4],[2,-9],[-6,1],[1,-8],[10,1],[4,-9],[-4,-4],[-8,-2],[2,-6],[10,2],[1,-8],[-6,-7],[6,-4],[10,3],[10,-4],[7,-4],[3,-9],[-2,-4],[9,-5],[3,-5],[35,-11],[-4,-7],[7,-2],[-2,-7],[-11,-1],[-1,8],[-4,-1],[-4,5],[-8,4],[-1,6],[-10,4],[-2,5],[-7,-2],[1,-9],[5,-4],[3,-6],[3,5],[7,-3],[9,-9],[0,-8],[4,-12],[6,4],[0,8],[6,2],[12,-3],[4,-4],[-2,-7],[29,0],[-5,-7],[1,-9],[-9,-13],[-5,-4],[-6,1],[-2,3],[1,15],[-1,7],[-6,-10],[-8,3],[-5,-1],[-4,-4],[4,-4],[5,6],[7,-6],[-1,-5],[-5,-7],[7,-13],[9,-7],[5,0],[2,8],[5,7],[12,0],[1,-13],[3,4],[0,9],[4,6],[7,-6],[1,8],[5,5],[-1,10],[-5,6],[2,4],[6,-11],[2,-12],[9,-9],[-4,-5],[0,-4],[6,-2],[4,12],[7,-1],[3,-7],[5,-2],[0,7],[4,1],[4,-7],[3,9],[4,2],[3,-4],[-2,-7],[11,-3],[5,4],[4,7],[5,0],[4,-4],[0,-5],[-5,-3],[5,-7],[3,5],[3,0],[7,-8],[4,-14],[2,13],[9,1],[3,-5],[-2,-6],[0,-8],[11,-4],[-5,13],[6,-3],[6,0],[0,5],[11,1],[3,-3],[9,2],[4,-2],[3,6],[6,7],[6,-6],[6,7],[11,1],[0,21],[15,0],[-2,4],[2,6],[1,7],[-6,9],[1,23],[-12,7],[-11,13],[5,4],[6,-9],[1,-4],[11,-1],[1,13],[-1,14],[-3,7],[-3,12],[-8,8],[0,8],[-8,1],[-2,8],[1,10],[-3,9],[2,7],[0,5],[-8,2],[-4,-2],[-3,-5],[-9,0],[-3,-7],[-3,-12],[2,-4],[5,1],[4,-3],[1,-5],[-2,-11],[6,-1],[-6,-6],[3,-8],[8,0],[-1,-5],[-13,4],[0,25],[-6,-2],[-7,6],[2,13],[-7,3],[-3,5],[6,6],[8,0],[4,7],[7,1],[1,6],[-5,8],[0,7],[-2,11],[-11,3],[-4,10],[-7,2],[0,6],[5,4],[9,-12],[10,-3],[3,-13],[1,-12],[3,-3],[6,0],[-1,8],[-3,-2],[-2,8],[5,4],[-3,10],[-32,27],[-6,-7],[-5,11],[1,6],[-26,20],[-6,7],[-2,5],[-13,8],[-15,6],[-12,11],[-6,3],[8,5],[1,3],[-6,15],[1,4],[-6,3],[-17,-1],[-1,-8],[6,0],[2,7],[6,-2],[-1,-8],[-7,-3],[0,-7],[4,-4],[4,5],[4,0],[2,-17],[-4,-4],[5,-12],[-7,0],[-4,-4],[3,-4],[9,9],[1,6],[18,0],[40,-30],[3,-8],[5,-6],[1,-10],[11,-21],[-4,-3],[-18,17],[-6,18],[-6,10],[-7,4],[-7,8],[9,0],[-3,5],[-11,5],[-6,-11],[-8,-8],[-8,-1],[-1,17],[-7,0],[-1,-6],[-8,-1],[1,-15],[4,4],[5,0],[6,-14],[4,2],[6,-10],[5,0],[4,13],[2,2],[4,-14],[3,-1],[3,8],[4,1],[2,-4],[-5,-7],[2,-4],[8,-1],[3,-13],[3,-3],[9,1],[0,-9],[10,3],[4,0],[-3,-6],[-4,-5],[6,-5],[8,-2],[2,-8],[-8,-5],[-8,-7],[6,-6],[4,3],[2,-8],[-9,4],[-5,0],[-1,5],[7,11],[-8,0],[1,6],[7,1],[7,-6],[3,5],[-2,4],[-6,1],[-8,7],[7,9],[-8,-2],[-7,0],[-4,6],[-6,-1],[-1,7],[-3,4],[-3,-8],[-3,0],[0,9],[6,8],[-8,0],[-1,3],[5,10],[-4,0],[-4,-8],[-5,4],[-1,7],[-3,0],[-3,-10],[-2,-2],[-5,3],[-5,8],[-4,-1],[-1,-7],[-4,2],[1,8],[-5,1],[-7,6],[-1,16],[-3,8],[-5,6],[-9,-2],[-7,6],[-3,-6],[7,-9],[0,-12],[8,-2]],[[5267,5703],[-2,13],[-7,-2],[0,-8],[-4,0],[-7,4],[-13,14],[-3,-5],[-7,-3],[0,-4],[-6,-5],[-3,-7],[1,-7],[16,-5],[6,-9],[8,-3],[8,3],[4,3],[3,11],[3,1],[2,-8],[4,-4],[0,-6],[-5,-3],[7,-8],[9,-2],[6,-3],[-1,7],[-3,5],[0,22],[-2,8],[-7,-4],[0,7],[-7,-2]],[[5330,5363],[4,-7],[8,1],[-4,6],[-8,0]],[[5327,5348],[-3,-8],[-5,8],[-3,-9],[-4,3],[-8,12],[-7,-7],[0,-6],[11,2],[6,-7],[-7,-9],[-1,5],[-4,2],[-3,-7],[-7,1],[6,-15],[7,-3],[0,14],[5,-2],[2,-6],[-4,-9],[2,-11],[15,0],[-2,-4],[-13,0],[-10,9],[-5,7],[0,-12],[10,-14],[5,0],[5,-7],[2,-17],[6,-3],[-12,-5],[-6,3],[-23,1],[2,8],[-3,4],[0,29],[-6,1],[-4,-6],[-4,4],[5,5],[3,6],[-3,6],[-5,2],[-6,-6],[-4,4],[4,5],[0,16],[-8,-1],[-5,2],[-7,-6],[-6,-4],[-3,-19],[-4,11],[-5,4],[7,9],[4,11],[-4,11],[0,5],[-4,6],[-4,-2],[-8,1],[-12,-3],[-11,4],[-5,-1],[-1,-9],[-3,-2],[1,-11],[-3,-6],[2,-7],[11,0],[0,-9],[-5,5],[-11,-3],[3,-6],[-2,-9],[-4,-1],[0,-11],[-6,-6],[-3,-8],[-6,-1],[-2,-6],[8,-3],[3,2],[7,-5],[-4,-5],[-2,-11],[14,-10],[6,-10],[10,2],[3,-2],[13,-13],[9,-14],[-3,-4],[3,-5],[-13,2],[-10,-4],[-8,9],[2,7],[-3,4],[-4,-8],[-9,-6],[-5,2],[-18,13],[-1,9],[-4,6],[4,2],[1,6],[-7,0],[-3,-5],[-6,0],[-3,-3],[2,-11],[15,-5],[3,-4],[-5,-7],[-6,-2],[-4,-9],[9,2],[5,-4],[2,7],[5,4],[9,-3],[0,-7],[-3,-1],[5,-12],[7,-1],[3,-6],[-2,-5],[-6,0],[-3,-7],[0,-8],[9,-2],[-1,6],[2,4],[5,0],[7,7],[6,-3],[4,-5],[0,-4],[-12,-10],[2,-8],[8,-7],[9,4],[-8,8],[-1,6],[8,9],[5,-3],[-1,-10],[8,-3],[2,4],[-5,11],[6,11],[4,0],[4,-9],[-2,-7],[4,-5],[8,12],[6,4],[7,-4],[-1,-6],[9,3],[3,-5],[6,-3],[3,-6],[-7,-3],[-2,-5],[1,-8],[4,-5],[4,2],[-2,7],[6,1],[-1,6],[1,7],[8,-1],[2,-5],[5,4],[5,-3],[3,6],[-12,-3],[-6,5],[9,15],[5,0],[8,-5],[3,1],[2,15],[5,5],[5,-4],[3,11],[5,1],[10,9],[7,2],[5,-3],[3,8],[7,5],[6,9],[-1,5],[5,5],[-4,9],[-2,20],[-5,12],[-1,6],[4,2],[1,5],[-6,6],[3,6],[-5,2],[-17,-4],[-4,-4],[-2,-5],[2,-6],[-7,-10],[6,-8],[22,-5],[-3,-8],[-1,-6],[4,-5],[6,0],[0,-11],[-6,-7],[-12,2],[-1,10],[6,3],[3,4],[-6,11],[-8,1],[-8,-13],[-4,1],[1,77],[7,0],[7,-12],[3,-2],[29,-1],[0,-12],[10,-2],[2,3],[-1,13],[-8,20],[-8,0],[-5,-7],[-7,4],[-1,24],[-2,6],[-17,9],[-6,1],[1,-11],[-4,-4],[-2,14]],[[5278,5342],[-1,12],[-5,-6],[-9,9],[0,6],[3,8],[-4,1],[-1,5],[2,5],[9,6],[-4,11],[4,1],[3,7],[-11,0],[3,-7],[-6,-9],[-8,4],[-7,-1],[2,6],[-4,10],[-9,-16],[1,-5],[7,-2],[-4,-14],[-2,-1],[-9,6],[-2,-3],[2,-9],[5,-8],[-1,-4],[4,-14],[-1,-9],[5,0],[9,5],[7,1],[5,11],[10,-4],[-3,-9],[0,-18],[13,-2],[2,11],[-3,2],[-2,14]],[[5248,5417],[-6,2],[-1,7],[-8,-10],[8,0],[7,-7],[0,8]],[[5224,5455],[-1,7],[-5,4],[-5,1],[-2,-10],[-4,1],[-3,7],[-4,-4],[-3,7],[-7,4],[5,12],[-1,3],[-7,-1],[-3,-9],[-7,3],[3,10],[7,9],[7,0],[-2,7],[-9,-1],[-3,-3],[-4,5],[4,9],[2,1],[1,8],[3,2],[-1,7],[-6,2],[-5,-5],[-1,7],[9,6],[-4,4],[-2,7],[-7,-8],[-5,-1],[-4,-6],[2,-6],[0,-14],[-5,7],[1,10],[4,9],[-6,3],[-2,-8],[-4,-2],[-8,10],[-4,-2],[4,-9],[2,0],[2,-8],[4,-6],[-8,-15],[8,0],[5,-4],[0,-5],[-6,-6],[3,-4],[3,-10],[5,-5],[1,-19],[-2,-5],[8,0],[7,-8],[22,1],[-1,-29],[-4,-2],[0,-20],[6,4],[17,0],[-6,10],[-4,20],[-7,-1],[0,17],[18,0],[6,5],[3,7]],[[5066,5674],[-6,0],[-8,7],[-3,-8],[5,-7],[11,4],[1,4]],[[5058,5666],[-3,-14],[-6,0],[-2,-4],[4,-8],[10,8],[5,7],[6,-4],[3,7],[-4,11],[-13,-3]],[[5046,5648],[5,13],[-11,2],[-6,-3],[-4,-7],[0,-9],[6,0],[3,-6],[-4,-8],[0,-5],[-3,-5],[-9,-5],[-2,-7],[-6,-6],[6,-7],[2,-11],[-9,-17],[-5,0],[-8,8],[0,14],[5,1],[3,6],[2,12],[-8,3],[-4,-3],[1,-8],[-2,-6],[1,-15],[-10,-9],[2,-7],[-7,-13],[-2,-5],[0,-13],[4,-18],[-4,-9],[-6,-4],[-6,5],[-9,-10],[-1,-15],[-4,-3],[1,-8],[-5,-6],[0,-6],[4,-8],[-8,-4],[-5,-8],[-7,-6],[-5,-8],[-1,-5],[7,0],[6,5],[4,14],[16,12],[21,11],[0,8],[7,2],[4,7],[0,6],[6,-1],[3,21],[11,7],[6,1],[2,-8],[10,12],[6,18],[5,-3],[4,0],[7,-1],[7,5],[4,-7],[3,9],[5,8],[8,-1],[4,1],[0,10],[-4,1],[-10,11],[3,5],[-6,7],[-8,-2],[-1,2],[7,6],[-2,7],[-5,-1],[-1,-9],[-5,7],[0,8],[6,-4],[8,-1],[5,6],[6,0],[6,5],[2,5],[4,3],[-4,7],[-4,-3],[-10,5],[-1,7],[3,3],[9,2],[0,15],[-2,11],[-4,5],[-5,-12],[-8,-7],[1,-8],[-5,-5],[1,-11],[5,1],[3,-7],[-1,-11],[-7,5],[1,8],[-4,9],[-6,7],[-7,-1],[-2,7],[3,5],[-1,5]],[[5078,5596],[-7,-2],[-4,-5],[0,-5],[3,-5],[7,-1],[3,5],[-2,13]],[[5080,5580],[0,-8],[6,0],[0,6],[-6,2]],[[5089,5561],[4,-11],[0,-9],[5,-3],[-1,-10],[1,-3],[0,-12],[-5,-4],[-5,1],[-2,6],[3,6],[-11,1],[-2,-4],[-5,5],[17,0],[-5,8],[-14,-2],[-4,-5],[-6,5],[-5,-9],[-10,2],[-5,-4],[0,-10],[-2,-8],[-5,-5],[-3,-8],[-5,-5],[-4,0],[-4,-8],[6,-1],[1,-10],[-6,-4],[-5,11],[-2,-3],[-4,1],[-12,6],[-3,-7],[1,-8],[-5,-1],[-13,-18],[-5,-2],[1,-11],[-3,-2],[-4,6],[-8,-4],[-6,-5],[0,-5],[3,-13],[-1,-11],[0,-14],[-3,-3],[-8,-2],[-7,-8],[-5,-2],[-1,-8],[-6,-2],[1,-6],[-4,-7],[-4,-3],[-1,-8],[-6,-12],[2,-8],[6,6],[4,-1],[1,6],[5,5],[3,1],[7,-5],[4,5],[12,-5],[0,4],[9,4],[3,-4],[6,0],[4,7],[7,-1],[7,5],[2,-5],[6,9],[6,0],[2,7],[6,-3],[6,9],[8,4],[4,8],[-2,3],[3,7],[-2,9],[1,9],[-3,7],[3,5],[9,5],[5,-7],[11,-6],[7,-5],[5,-10],[20,1],[-4,11],[8,-3],[6,15],[-5,2],[1,8],[-5,1],[-4,-3],[-4,5],[7,14],[6,3],[5,7],[1,6],[-5,3],[-1,10],[-7,-7],[-5,1],[-5,-5],[-1,-2],[-2,0],[-2,-13],[-10,-5],[-5,0],[12,15],[-2,2],[-5,-6],[-11,-1],[5,6],[4,-2],[6,5],[5,1],[5,-1],[6,7],[4,0],[8,6],[0,32],[4,7],[2,-3],[7,0],[2,5],[6,-2],[1,5],[-5,5],[2,11],[-3,23],[-6,-8],[3,-10],[-3,-1],[-1,12],[5,10],[-4,7],[-1,9],[-9,2],[8,6],[-2,7],[-8,-10],[1,-11]],[[4925,5597],[-3,4],[-6,2],[0,5],[-7,16],[-11,1],[-3,-2],[0,-12],[-2,-11],[3,-24],[-2,-11],[-7,-12],[-6,-18],[-1,-6],[1,-18],[4,-12],[14,9],[31,80],[-2,6],[-3,3]],[[5017,5715],[4,-5],[3,5],[-4,5],[-3,-5]],[[5021,5697],[-8,-7],[-4,-11],[4,-15],[-2,-4],[10,-4],[4,2],[5,-3],[4,6],[3,3],[6,1],[0,10],[-6,8],[0,10],[-2,4],[-5,-1],[-8,12],[-4,2],[0,-10],[3,-3]],[[4901,5331],[-1,-4],[1,-8],[4,0],[-1,14],[-3,-2]],[[4999,5655],[-8,-2],[4,-5],[4,7]],[[4996,5612],[8,8],[-4,4],[-3,-8],[-4,6],[-4,-1],[-4,-5],[3,-7],[4,5],[4,-2]],[[4918,5350],[-3,7],[5,1],[6,9],[5,2],[2,6],[-10,0],[-10,-12],[0,-19],[5,6]],[[4934,5397],[4,-9],[1,-8],[8,0],[1,3],[-3,14],[2,7],[-2,4],[-11,-11]],[[5020,5615],[5,3],[-7,7],[-5,2],[-7,9],[-7,-2],[-1,-8],[8,-4],[4,-4],[1,-6],[9,3]],[[4923,5379],[7,-1],[7,2],[-1,7],[-4,12],[-6,0],[-7,-4],[0,-14],[4,-2]],[[5013,5491],[-3,-8],[-3,2],[-11,-8],[3,-4],[3,0],[4,-3],[4,0],[8,13],[7,2],[6,13],[5,4],[3,19],[4,3],[10,-2],[0,6],[-4,3],[-6,-1],[-4,3],[-5,-17],[-10,-12],[-2,-6],[-6,-3],[-3,-4]],[[4857,5602],[1,-21],[-1,-22],[7,-14],[3,-2],[7,5],[14,19],[-1,8],[-4,12],[3,33],[3,15],[3,9],[-1,3],[-7,2],[-18,-1],[-8,-3],[-8,-8],[0,-15],[2,-11],[5,-9]],[[4974,5696],[-8,3],[-16,-1],[5,-6],[0,-5],[7,-1],[3,-5],[3,3],[0,5],[6,7]],[[4873,5739],[1,11],[-4,12],[-4,1],[-2,7],[5,9],[-5,8],[-4,-4],[2,-7],[-4,-10],[1,-4],[7,-10],[-2,-8],[0,-9],[-2,-8],[3,-3],[7,10],[1,5]],[[4848,5727],[-4,3],[-7,1],[-5,-2],[-5,-12],[-1,-9],[-4,-13],[3,-5],[-2,-11],[8,3],[1,10],[2,7],[12,5],[5,6],[6,10],[2,6],[2,20],[-2,13],[-6,0],[-9,-15],[-1,-6],[5,-11]],[[4971,5679],[-5,2],[1,-15],[4,4],[0,9]],[[4838,5809],[-7,-10],[4,-2],[3,12]],[[4809,5777],[8,8],[-4,5],[-3,-4],[-1,-9]],[[5025,4931],[0,-12],[-3,-5],[2,-6],[-1,-7],[4,-7],[8,18],[4,27],[-7,6],[-1,-6],[-6,-8]],[[5110,5414],[-3,8],[-5,-1],[-1,-11],[5,-7],[4,11]],[[5099,5431],[-2,4],[-8,-3],[-5,2],[-3,-6],[4,-7],[10,3],[4,7]],[[5138,5562],[-7,-9],[-2,-5],[2,-6],[1,-10],[-2,-6],[0,-6],[6,-2],[2,17],[-7,13],[5,4],[2,10]],[[5131,5563],[-6,-6],[4,-3],[8,8],[-6,1]],[[5132,5581],[-3,3],[-2,8],[6,0],[5,4],[0,4],[-7,1],[-7,9],[-8,-9],[4,-11],[-3,-6],[-7,-9],[-3,-1],[-2,-8],[8,1],[1,6],[6,1],[7,6],[5,1]],[[5114,5618],[1,-8],[-7,-9],[3,-17],[3,16],[7,11],[-5,9],[-2,-2]],[[5153,5272],[4,7],[5,1],[5,12],[-5,5],[4,6],[10,7],[-3,4],[3,6],[-5,2],[-4,10],[6,12],[1,6],[4,4],[-1,8],[3,3],[1,8],[6,5],[-9,4],[-5,-4],[-3,4],[0,7],[6,2],[3,-2],[2,9],[-10,-1],[0,12],[-2,5],[0,9],[-5,-1],[3,-11],[-6,-8],[6,-10],[-3,-10],[1,-5],[-1,-11],[-5,-2],[4,-8],[4,0],[1,-19],[-7,-6],[-9,3],[1,-6],[5,-9],[-5,-3],[1,-4],[6,-3],[-2,-19],[-4,-5],[-2,5],[-5,-6],[5,-5],[-3,-5],[-7,0],[3,-11],[-3,-7],[9,-4],[4,7],[-2,12]],[[5121,5413],[6,-1],[2,-4],[-1,-6],[-6,-8],[0,-4],[8,-3],[5,1],[2,7],[-1,9],[4,7],[-6,3],[2,8],[-9,2],[-6,-11]],[[5127,5372],[-7,1],[-1,-5],[3,-7],[-3,-7],[5,-6],[5,3],[7,3],[-1,11],[0,12],[-5,5],[-3,-10]],[[5125,4950],[-4,-4],[-2,-7],[-8,-2],[1,-5],[-7,-4],[-3,-10],[8,3],[-2,-8],[3,-3],[9,4],[0,14],[7,0],[5,7],[5,10],[-1,14],[-2,7],[-5,1],[-1,-6],[1,-10],[-4,-1]],[[5028,5115],[11,-11],[4,-6],[8,-18],[4,-15],[-1,-13],[-4,-13],[-6,-11],[5,-1],[6,16],[5,-2],[7,11],[4,-3],[3,6],[-3,3],[0,13],[6,4],[-12,9],[-1,12],[-7,6],[-6,11],[-7,-3],[-16,16],[-2,-6],[2,-5]],[[5069,5122],[12,13],[-3,3],[-5,-7],[-4,1],[1,8],[-3,6],[-2,7],[-4,5],[-8,2],[7,-16],[0,-14],[-3,-9],[2,-3],[10,4]],[[5079,5260],[11,-5],[15,-21],[4,-11],[2,-14],[1,-18],[-4,-2],[-5,17],[-4,5],[-22,14],[-10,4],[0,-5],[7,-4],[5,-8],[2,-23],[8,-15],[4,-15],[0,-7],[-4,-8],[8,2],[7,6],[3,8],[6,24],[4,7],[-1,20],[-3,9],[-5,28],[-7,6],[-13,8],[-9,2],[0,-4]],[[5082,5290],[-2,6],[2,14],[-11,1],[7,-11],[-1,-7],[-6,-1],[4,-9],[-4,-10],[3,-5],[5,2],[4,15],[-1,5]],[[5065,5271],[-3,7],[-3,-1],[2,-12],[4,6]],[[5091,5591],[2,9],[-5,4],[3,-13]],[[5103,5647],[-3,-7],[3,-4],[4,6],[-4,5]],[[5269,5374],[1,-6],[7,2],[-3,7],[-5,-3]],[[5158,5165],[7,-3],[-2,10],[-4,1],[-1,-8]],[[5095,5113],[-2,8],[-5,-1],[2,-8],[5,1]],[[5114,5245],[5,-7],[1,10],[3,5],[-6,1],[-3,-9]],[[5159,5174],[6,11],[-2,8],[-7,-9],[-2,-8],[5,-2]],[[5097,5062],[2,7],[0,9],[-2,8],[-6,-1],[0,-5],[5,-9],[-2,-8],[-4,0],[0,-7],[7,6]],[[5072,5373],[7,0],[5,11],[-17,-1],[0,-11],[5,1]],[[5094,5620],[1,-10],[3,-6],[4,4],[-5,5],[0,5],[5,5],[-4,8],[-4,-1],[-3,-9],[3,-1]],[[5266,5012],[1,20],[-7,3],[-4,-5],[0,-7],[10,-11]],[[5167,5235],[-3,-11],[2,-8],[20,0],[-1,10],[-8,-5],[1,9],[-3,4],[1,5],[-9,4],[0,-8]],[[5090,5637],[13,15],[-6,8],[5,7],[-4,5],[-4,-4],[-2,-6],[-7,-9],[3,-7],[-1,-6],[3,-3]],[[5243,5803],[-10,9],[-16,1],[-6,-1],[-7,5],[-5,-3],[-1,-5],[-15,-11],[3,-3],[21,14],[12,2],[11,-2],[10,-7],[3,-7],[4,-2],[1,10],[-5,0]],[[5059,5684],[3,2],[2,8],[-7,3],[-2,-8],[4,-5]],[[5047,5692],[-5,-8],[3,-10],[4,0],[2,8],[1,8],[-5,2]],[[5072,5685],[7,-10],[6,13],[-11,6],[-5,-1],[-1,-7],[4,-1]],[[5141,5395],[5,9],[-2,5],[-6,-6],[3,-8]],[[5134,5329],[2,6],[-1,7],[-7,5],[-5,-14],[7,-1],[4,-3]],[[5163,5410],[-3,7],[1,4],[-11,6],[-4,-2],[3,-11],[-2,-8],[-5,-13],[13,0],[2,-6],[5,3],[0,8],[-5,7],[6,5]],[[5122,5559],[6,5],[0,3],[-7,0],[1,-8]],[[5047,5695],[-8,-2],[2,-4],[6,6]],[[5029,5705],[2,4],[-8,1],[2,-7],[4,2]],[[4994,5670],[0,4],[-10,2],[-2,8],[-8,5],[1,-11],[5,-4],[4,-7],[4,4],[6,-1]],[[4972,5717],[-4,4],[-6,-5],[1,-10],[7,-2],[4,-5],[6,12],[-1,10],[-7,-4]],[[5006,5668],[0,12],[4,11],[-5,4],[-16,-16],[11,-6],[6,-5]],[[4976,5699],[7,-11],[3,-8],[2,0],[5,9],[12,8],[-3,6],[-1,10],[-3,6],[-6,-2],[-5,2],[-4,-11],[-7,-9]],[[5435,4023],[-5,1],[-5,-6],[4,-7],[6,12]],[[5469,4057],[-3,0],[-5,-5],[-7,8],[0,4],[7,2],[-4,6],[0,7],[-2,6],[-4,2],[-8,-1],[-3,-8],[2,-7],[-2,-6],[6,-6],[5,1],[6,-6],[0,-7],[3,-4],[4,4],[5,1],[2,7],[-2,2]],[[5508,4623],[3,7],[-1,7],[5,1],[5,11],[1,13],[-10,5],[-4,-9],[-2,3],[-6,-7],[0,-12],[-4,-4],[-2,-10],[10,-13],[4,-1],[1,9]],[[5406,4451],[-3,5],[-4,-4],[2,-5],[5,4]],[[5573,4740],[3,-10],[4,3],[-6,13],[-1,-6]],[[5389,4355],[1,-4],[13,-7],[7,4],[1,4],[-1,11],[-10,2],[-11,-10]],[[5403,5170],[6,4],[7,-1],[0,5],[-10,15],[-8,-3],[-5,-9],[-2,-18],[9,-1],[3,8]],[[5436,5050],[-10,5],[-5,0],[1,-8],[13,-2],[1,5]],[[5446,4937],[-3,8],[-5,-3],[4,-8],[3,-1],[4,-5],[3,6],[-6,3]],[[5428,5066],[-2,20],[-4,-2],[-1,8],[-7,2],[3,-9],[0,-9],[3,-19],[7,2],[1,7]],[[5329,5243],[-1,-11],[4,1],[0,7],[-3,3]],[[5518,5058],[3,0],[10,14],[-2,10],[4,5],[8,-7],[3,2],[8,13],[-2,7],[-1,9],[8,11],[0,6],[3,5],[-1,6],[3,4],[0,5],[2,8],[0,10],[-4,6],[-14,6],[-5,-1],[0,-19],[-2,-3],[0,-12],[-2,-7],[-1,-7],[-6,-3],[-8,1],[-5,-3],[-3,5],[-3,9],[-4,10],[-1,14],[6,6],[-1,4],[-7,-3],[-3,5],[-3,14],[-3,-8],[-10,5],[-2,7],[-6,2],[7,-12],[-1,-8],[-13,0],[1,-5],[6,1],[4,-7],[-8,-7],[8,-9],[2,-10],[-4,-15],[6,4],[4,-3],[1,-8],[4,0],[6,-4],[1,-11],[-8,0],[-2,-4],[7,-3],[-8,-7],[-1,-10],[-1,-6],[10,-7],[4,-9],[4,0],[1,8],[9,2],[2,-6]],[[5466,5160],[4,6],[-4,7],[1,4],[6,3],[4,6],[-14,8],[-3,10],[-6,1],[-7,7],[-6,0],[3,-8],[1,-10],[-2,-16],[3,-24],[3,-3],[10,0],[6,-2],[1,11]],[[5474,5210],[8,4],[-5,10],[-7,4],[-10,17],[0,28],[-9,-1],[-4,-4],[1,-16],[3,-1],[3,-12],[1,-15],[4,-1],[0,-9],[-5,5],[-4,-4],[7,-7],[3,-1],[4,-8],[7,-6],[4,6],[-4,7],[3,4]],[[5500,5189],[3,-11],[8,7],[1,12],[3,5],[2,10],[-2,9],[-2,3],[-12,-1],[-2,13],[-4,1],[-2,-14],[-5,-1],[-2,5],[-6,-1],[4,-12],[5,-3],[-5,-8],[1,-5],[8,-4],[7,-5]],[[5491,5235],[-1,7],[-6,-3],[0,8],[8,0],[2,7],[-7,-2],[-2,14],[-6,1],[-5,-18],[-6,-8],[3,-9],[3,-5],[4,3],[12,1],[1,4]],[[5445,5247],[-4,-4],[-1,-9],[-4,-6],[16,-4],[-2,23],[-5,0]],[[5499,5246],[0,-5],[4,-5],[2,-10],[10,2],[5,2],[7,-6],[-2,-6],[-5,-7],[0,-9],[-6,-11],[2,-14],[8,3],[1,-6],[-5,-7],[-6,-4],[1,-6],[5,-1],[5,-14],[6,7],[0,17],[5,4],[5,14],[3,5],[-7,8],[3,3],[-1,12],[-5,8],[0,14],[4,4],[2,8],[-2,5],[6,6],[-4,4],[-3,11],[-7,-7],[-5,6],[1,13],[-3,8],[6,4],[2,5],[6,-4],[5,9],[-7,0],[-6,-7],[-4,0],[-5,16],[-6,2],[-3,7],[-3,-13],[-8,-7],[-12,7],[0,-13],[11,1],[4,-4],[9,-2],[0,-3],[-9,2],[-6,4],[-8,-2],[-8,4],[-12,-4],[-3,4],[1,4],[-12,5],[-11,-2],[-12,2],[1,-4],[8,-2],[-8,-7],[1,-11],[5,-4],[6,-7],[15,5],[0,6],[8,-1],[4,9],[13,-16],[2,-6],[5,-5],[-4,-6],[2,-3],[7,1],[-2,-5],[4,-5]],[[5666,4783],[6,-3],[5,11],[10,6],[-5,24],[-4,-1],[-3,-6],[-4,5],[0,12],[-5,2],[8,11],[5,11],[9,3],[2,9],[-7,-5],[-5,6],[-1,4],[-9,-3],[-2,-6],[-4,1],[-5,7],[5,3],[-1,6],[-5,-3],[-5,-7],[-12,-10],[-1,-2],[6,-11],[-2,-9],[3,-2],[3,-9],[-3,-7],[1,-9],[5,-4],[-2,-10],[-4,-6],[3,-5],[11,-5],[7,2]],[[5697,4823],[4,1],[5,12],[-9,13],[7,5],[-5,5],[-4,-6],[-1,-6],[-7,2],[-5,-10],[6,-5],[0,-6],[7,0],[2,-5]],[[5713,4864],[-3,6],[-10,7],[-4,-8],[6,-9],[2,6],[9,-2]],[[5731,4895],[8,14],[-1,3],[1,13],[-2,10],[2,16],[-1,6],[6,10],[-4,8],[4,4],[-2,6],[7,13],[-2,7],[7,7],[5,7],[-2,6],[-7,-1],[-11,2],[-9,-9],[1,-6],[-5,-4],[1,-9],[7,-1],[2,-3],[1,-13],[-2,-12],[-2,-4],[-2,-15],[-2,-4],[-7,-4],[3,-10],[-7,-4],[-6,-19],[-4,-5],[-16,-13],[0,-11],[-9,-13],[11,3],[4,10],[9,-6],[6,-3],[1,-10],[-3,-3],[-4,6],[-3,-4],[2,-7],[-4,-7],[5,-6],[0,-7],[-7,-12],[-7,-2],[-3,-5],[15,0],[1,11],[2,7],[8,12],[9,10],[1,3],[19,16],[-1,11],[-9,10],[-4,1]],[[5741,4912],[0,-22],[5,-6],[3,-10],[6,12],[18,22],[1,6],[13,22],[-4,6],[37,0],[-13,-13],[-1,-8],[17,-20],[8,-12],[7,-7],[14,-20],[9,-10],[5,-19],[10,-14],[0,-7],[-3,-2],[-4,6],[-8,7],[-3,6],[-5,20],[-12,5],[-7,-2],[-3,4],[1,9],[-1,9],[-10,9],[-8,4],[-6,8],[-1,10],[-5,9],[-7,3],[-4,-1],[-8,-8],[-8,-12],[-1,-13],[2,-6],[14,-23],[9,-6],[5,-7],[11,0],[4,-7],[10,-12],[5,-3],[8,-3],[5,-11],[15,-8],[5,-7],[13,-11],[3,-7],[5,-6],[5,-1],[12,-13],[12,-24],[10,-9],[7,-1],[0,6],[7,-1],[4,-10],[5,1],[-7,15],[-6,10],[-15,30],[-8,9],[-1,10],[-4,11],[4,35],[-5,14],[2,15],[-1,6],[-5,7],[-5,15],[-10,7],[-11,12],[-14,11],[-10,15],[-18,1],[-11,7],[-4,-2],[-29,0],[1,2],[33,16],[-9,13],[-5,3],[-11,1],[-6,-7],[-9,-8],[-4,-6],[2,-14],[-6,4],[-5,-4],[-7,0],[-7,6],[1,6],[-7,11],[-6,-2],[-5,-10],[1,-8],[-3,-5],[0,-6],[13,-6],[4,8],[9,6],[7,0],[-3,-7],[-8,0],[-5,-7],[-4,-2],[-7,3],[-5,-7],[2,-6],[-1,-4]],[[5722,4838],[-15,-25],[-8,-7],[1,-4],[8,-3],[13,1],[5,-3],[6,-8],[7,-1],[10,4],[6,0],[4,-5],[0,-14],[8,-9],[5,-4],[7,4],[5,10],[-3,14],[-7,6],[-10,4],[-3,4],[-7,31],[-1,11],[-5,14],[-9,1],[-8,-3],[-9,-18]],[[5890,4532],[-2,-3],[2,-7],[6,3],[-2,7],[-4,0]],[[5710,4774],[9,-2],[3,4],[-4,5],[-9,3],[-4,-5],[5,-5]],[[5628,4642],[-7,-7],[2,-5],[4,4],[5,-3],[-1,6],[1,3],[3,0],[-3,9],[-2,12],[-6,-1],[7,-11],[-3,-7]],[[5590,4496],[7,-2],[4,10],[5,5],[0,6],[-4,2],[-9,-5],[1,-12],[-11,1],[2,-9],[5,4]],[[5851,4543],[5,1],[-7,9],[-4,2],[-3,8],[-10,12],[-4,1],[-1,-11],[16,-11],[8,-11]],[[5753,4535],[14,-7],[-14,16],[-7,3],[-6,5],[-8,2],[-11,0],[6,-6],[17,-7],[9,-6]],[[5610,4504],[0,-3],[8,-7],[7,-8],[4,7],[-2,11],[-8,4],[-3,11],[-7,1],[3,-6],[-2,-10]],[[5625,4544],[5,13],[-2,12],[13,13],[1,7],[-19,-11],[-3,-6],[1,-8],[-3,-5],[2,-15],[5,0]],[[5734,4644],[-4,-5],[-7,4],[-8,11],[-7,4],[-4,-2],[5,-9],[15,-12],[14,-5],[7,1],[-1,4],[-12,21],[-8,8],[-5,2],[-2,-5],[17,-17]],[[5672,4558],[12,-6],[10,-9],[5,4],[-3,6],[-19,25],[-11,4],[-8,9],[-6,-3],[2,-6],[15,-16],[3,-8]],[[5609,4460],[-2,-6],[7,-11],[3,-9],[9,-5],[20,-16],[-12,20],[0,10],[-3,21],[-10,5],[-3,6],[-7,0],[-3,-9],[1,-6]],[[5706,4746],[-6,-8],[2,-14],[-1,-14],[6,-1],[11,4],[10,-3],[6,-7],[-3,-12],[13,-3],[14,-12],[7,-3],[12,-4],[16,0],[12,-8],[12,-14],[12,-8],[8,-11],[11,-8],[4,3],[0,11],[-7,8],[-3,11],[2,14],[-2,4],[-6,4],[-18,5],[-9,5],[-9,6],[-15,15],[-10,9],[-32,10],[-12,7],[-11,9],[-9,5],[-5,0]],[[6023,4576],[-10,7],[-2,-2],[6,-10],[6,-1],[0,6]],[[5879,4705],[5,-1],[2,9],[-3,5],[-7,4],[-16,3],[-13,12],[1,-7],[8,-13],[8,-3],[15,-9]],[[5816,4828],[-5,0],[-5,5],[-8,-1],[0,-7],[7,-5],[5,-9],[14,-9],[3,-13],[7,-7],[7,2],[2,3],[-1,10],[-3,9],[0,6],[-11,3],[-9,11],[-3,2]],[[5761,4869],[-2,-3],[-1,-9],[2,-13],[6,-14],[5,-21],[9,-2],[8,-5],[4,1],[2,4],[-4,10],[-4,16],[-9,11],[-4,13],[-3,7],[-9,5]],[[5879,4752],[-12,-2],[-4,-3],[1,-6],[5,-7],[5,-4],[18,-5],[14,-8],[13,-10],[14,-18],[6,-2],[0,7],[-7,12],[-10,8],[-3,8],[-7,2],[-6,9],[-4,11],[0,8],[-11,11],[-5,1],[-6,7],[-2,7],[-13,10],[-5,9],[-5,3],[-10,3],[0,-4],[4,-11],[6,-12],[8,-5],[16,-18],[0,-1]],[[5679,4851],[1,-7],[-8,-7],[8,0],[7,14],[10,10],[-4,6],[-3,-6],[0,-6],[-9,0],[-2,-4]],[[5672,4828],[1,-8],[7,8],[5,-10],[8,9],[-7,0],[-7,8],[-7,-7]],[[5595,4868],[9,5],[7,0],[7,6],[-2,6],[3,4],[10,-1],[2,4],[-9,11],[-1,-6],[-5,-3],[-2,4],[0,6],[4,3],[8,4],[-9,6],[1,-8],[-6,-6],[-7,-3],[-4,-8],[-6,1],[5,-17],[-8,0],[-2,-4],[5,-4]],[[5563,4881],[7,0],[3,8],[-2,2],[-8,-10]],[[5659,4899],[10,1],[6,2],[1,7],[6,-2],[0,8],[2,7],[-7,6],[-6,-1],[-3,6],[-7,4],[-8,0],[-2,-13],[-7,-2],[-1,-8],[9,1],[0,-13],[-3,-8],[10,5]],[[5612,4905],[-3,9],[3,6],[1,8],[8,12],[2,7],[-4,5],[8,4],[8,-5],[4,2],[2,7],[-3,3],[5,14],[-1,12],[-2,7],[7,14],[-1,9],[5,7],[-1,11],[-6,10],[-14,9],[-3,-4],[-5,0],[-5,3],[-5,-6],[-3,-8],[2,-5],[7,-6],[7,-2],[-4,-6],[-3,-9],[-3,-3],[-1,-11],[-9,-2],[5,-8],[-7,-4],[-6,-1],[6,-17],[-6,-7],[-1,-15],[-6,-15],[0,-5],[-4,-9],[1,-4],[-1,-8],[9,-6],[4,4],[4,-2],[9,5]],[[5619,4896],[3,9],[8,-8],[2,-5],[-2,-4],[-7,0],[-6,-4],[1,-5],[10,8],[7,1],[4,4],[8,0],[2,10],[-8,6],[-2,7],[-7,3],[-5,-3],[1,-5],[-8,-4],[-5,-7],[4,-3]],[[5686,4926],[2,-11],[4,4],[7,2],[2,7],[-4,6],[5,7],[-7,4],[-2,-11],[3,-8],[-4,-3],[-6,3]],[[5646,4935],[-6,-1],[-7,-7],[5,-4],[4,1],[5,8],[-1,3]],[[5626,4937],[-4,1],[-1,-13],[9,7],[-4,5]],[[5635,4932],[7,7],[4,0],[1,8],[4,2],[-1,13],[5,1],[3,8],[-6,4],[-1,8],[2,4],[-8,13],[-1,-12],[1,-12],[4,-2],[3,-8],[-7,-6],[-4,-8],[-7,-10],[2,-2],[-1,-8]],[[5655,4947],[-5,-4],[5,-4],[11,-3],[8,1],[5,-3],[5,2],[-3,10],[-6,-2],[-5,6],[0,11],[3,5],[-5,7],[-8,-3],[-5,-8],[-4,-1],[4,-14]],[[5689,4954],[0,7],[-5,2],[0,7],[9,5],[-7,3],[-3,8],[3,7],[0,8],[6,21],[-12,9],[1,9],[-2,5],[1,8],[-6,0],[-1,-7],[-3,-9],[0,-7],[5,-6],[1,-7],[-2,-5],[-5,1],[-7,-2],[1,-11],[7,-2],[-2,-11],[-4,0],[-5,-5],[4,-8],[6,1],[5,-7],[-3,-9],[0,-8],[7,3],[5,-2],[6,2]],[[5693,4958],[5,-3],[2,6],[6,-3],[0,7],[-13,8],[-8,-6],[8,-9]],[[5655,4985],[-1,-9],[4,0],[-3,9]],[[5597,5008],[4,4],[-4,8],[-6,4],[0,-23],[5,-3],[1,10]],[[5613,5159],[4,0],[4,-6],[5,-3],[5,4],[-2,6],[8,6],[4,0],[2,-3],[-5,-2],[-1,-15],[7,-4],[1,8],[7,0],[9,-6],[-3,-12],[3,-3],[4,5],[2,10],[4,4],[4,1],[1,-8],[-2,-7],[5,-2],[3,7],[4,-2],[8,-11],[-2,-12],[4,-12],[6,6],[-5,7],[6,9],[-1,8],[-2,3],[-2,13],[0,16],[-3,3],[-2,8],[-6,1],[1,6],[6,0],[8,4],[7,-3],[4,3],[0,5],[3,5],[-5,7],[-1,6],[-8,3],[-9,-1],[-4,14],[0,5],[-5,1],[-2,14],[3,14],[-2,6],[4,3],[11,10],[4,8],[11,-4],[-2,17],[-7,4],[0,8],[2,5],[-2,15],[-9,3],[-13,-4],[-9,7],[-1,6],[-3,8],[5,11],[-3,12],[0,8],[2,8],[3,5],[-2,6],[-6,7],[0,11],[-7,5],[-3,-9],[-10,5],[-3,-1],[-2,-5],[-5,-1],[-5,-7],[-5,1],[-2,8],[0,15],[-7,2],[-2,-4],[-5,9],[-5,3],[-4,-9],[-9,-1],[3,-7],[0,-7],[5,-2],[1,-6],[-9,-3],[-8,2],[1,8],[2,6],[-2,7],[2,5],[-6,4],[-1,5],[5,8],[-7,15],[-1,18],[2,12],[1,10],[-12,3],[3,9],[-10,-1],[-6,5],[-5,-2],[-3,6],[8,7],[4,8],[0,16],[1,24],[-2,8],[-7,0],[-5,-5],[-12,-5],[-5,-4],[-1,12],[-4,2],[-7,-8],[-1,-8],[4,-12],[-4,-3],[-1,-7],[3,-4],[12,-1],[3,-4],[-10,-12],[-13,0],[-2,-1],[0,-17],[2,-9],[-3,-10],[2,-2],[14,-1],[10,-13],[-2,-5],[6,-3],[11,2],[7,-1],[3,-3],[-7,-19],[-8,-6],[-5,0],[-3,10],[4,4],[-3,8],[-7,-2],[3,-21],[-1,-18],[22,-1],[-11,-8],[-6,4],[-6,-5],[-1,-21],[7,-11],[0,-6],[-2,-7],[2,-7],[-1,-12],[6,-14],[0,-16],[-2,-5],[6,-16],[-9,-3],[-5,4],[-2,-5],[-6,-4],[7,-7],[-2,-5],[11,2],[-1,-6],[3,-9],[5,-3],[-1,9],[4,4],[1,6],[-9,5],[5,6],[5,-3],[6,0],[0,-8],[-9,-11],[2,-4],[-1,-12],[4,-5],[12,-1],[-2,-9],[8,0],[8,-6],[-3,-2],[-7,1],[0,-6],[6,-3],[0,-20],[-9,-12],[-8,3],[0,-8],[7,-15],[2,-9],[-4,-14],[0,-5],[-4,-16],[13,-5],[1,-3],[11,-6],[-6,-16],[-1,-12],[1,-12],[3,-6],[4,-1],[4,-6],[-4,-7],[4,-3],[1,-11],[-1,-6],[10,-15],[4,-10],[0,-5],[7,1],[1,8],[9,15],[-9,2],[-5,8],[-1,7],[3,7],[-1,5],[5,1],[-2,11],[1,16],[7,-4],[-1,8],[3,9],[4,8],[-4,4],[-4,19],[-3,5],[-3,13],[4,6],[-3,8]],[[5653,5023],[-1,-10],[-3,-4],[2,-7],[7,-8],[3,5],[1,10],[-4,7],[5,2],[3,-5],[5,4],[2,7],[-6,8],[-5,-3],[-4,6],[7,4],[7,10],[1,6],[9,-1],[-1,-8],[3,-1],[2,9],[7,1],[0,-7],[6,1],[7,-3],[7,8],[-2,4],[-1,8],[-6,2],[-1,5],[-9,5],[-5,9],[-3,-3],[-11,1],[2,20],[-3,2],[1,6],[7,9],[-2,4],[-6,-3],[-6,-4],[-3,0],[-12,8],[-6,-6],[0,-7],[16,0],[-1,-10],[3,-4],[-1,-16],[4,0],[0,-6],[-10,-10],[-7,-1],[-1,-12],[-5,0],[-4,7],[-2,6],[-5,-5],[6,-11],[8,-7],[3,-8],[2,-14]],[[5736,5061],[7,-1],[4,3],[-9,13],[-3,-2],[1,-13]],[[5722,5060],[11,-1],[1,15],[4,5],[-2,6],[-7,-3],[-9,5],[-3,-12],[-3,-12],[2,-8],[-3,-9],[11,2],[-2,12]],[[5561,5046],[7,-3],[6,10],[-1,3],[-6,7],[6,8],[5,0],[0,42],[-8,-12],[2,-6],[-4,-5],[-11,-2],[-3,-13],[-7,-7],[0,-8],[7,-7],[3,0],[4,-7]],[[5577,5054],[-5,-15],[1,-6],[5,-1],[1,21],[-2,1]],[[5703,5077],[3,-8],[7,-1],[4,19],[7,0],[7,-2],[3,5],[6,4],[-2,6],[3,9],[4,4],[-1,4],[-11,-2],[-4,4],[0,14],[5,4],[49,1],[2,-16],[5,-6],[3,-12],[-1,-9],[-2,-2],[-5,-14],[-8,-9],[0,-7],[-6,-15],[-7,-15],[-1,-5],[3,-6],[0,-17],[-10,3],[-3,-12],[-3,1],[-5,-11],[2,-7],[-3,-5],[4,-7],[10,-3],[2,-13],[7,1],[4,8],[4,2],[19,37],[-3,0],[-1,10],[-3,5],[1,7],[-7,4],[0,13],[3,6],[-2,10],[4,15],[5,8],[3,7],[3,1],[1,16],[-4,6],[2,7],[0,7],[-9,1],[1,8],[-7,15],[-2,18],[-7,2],[-1,8],[3,7],[-1,14],[3,2],[0,-16],[6,-1],[2,-4],[-3,-16],[5,-2],[1,-4],[4,-8],[11,-3],[7,-4],[2,4],[-16,7],[-3,11],[-4,4],[2,9],[5,0],[-9,13],[1,11],[-1,6],[3,10],[2,13],[3,9],[5,5],[4,-2],[2,-11],[8,-3],[5,-5],[-5,-9],[4,-2],[1,-6],[4,0],[9,-6],[9,0],[8,5],[-1,5],[-15,5],[-2,6],[0,12],[7,0],[0,-9],[7,-1],[6,2],[3,5],[-4,3],[23,4],[17,0],[12,-15],[-1,-4],[13,0],[10,3],[11,0],[6,4],[5,1],[1,41],[5,8],[0,24],[5,11],[-1,14],[-9,1],[0,-5],[-7,-7],[0,19],[-6,5],[2,8],[-8,6],[-9,-4],[-8,3],[-1,3],[-1,27],[-15,-2],[-1,31],[-5,4],[5,4],[0,23],[-6,5],[0,9],[-3,3],[-3,7],[-10,-2],[-10,-18],[0,-6],[-7,-5],[-3,8],[-11,13],[-11,0],[-4,18],[-4,10],[-8,5],[-7,-1],[1,-8],[4,-2],[-2,-9],[9,-16],[2,-5],[-8,0],[-4,-4],[3,-8],[4,-4],[-4,-5],[-7,-2],[3,-6],[4,-2],[0,-7],[18,-3],[8,13],[7,-7],[-17,-12],[1,7],[-7,0],[-4,-6],[-5,-2],[-1,-6],[3,-10],[-2,-17],[-10,-6],[-22,-1],[-1,-8],[2,-16],[-3,-6],[-4,3],[0,14],[4,6],[1,8],[-7,2],[-5,-3],[-25,0],[-1,-6],[-3,-5],[-4,-22],[4,-8],[-8,-7],[-4,3],[0,10],[-10,5],[-3,-12],[8,0],[0,-5],[4,-6],[-4,-15],[7,-6],[1,-1],[0,-5],[-9,-9],[-1,-5],[-4,-6],[2,-5],[-9,-12],[-2,0],[-1,-9],[-8,0],[-2,-4],[6,-10],[11,-5],[0,-5],[6,-9],[-2,-6],[6,-8],[7,1],[0,-8],[3,-7],[-3,-7],[-4,0],[0,-7],[-4,-10],[-5,-5],[-2,6],[-9,-12],[4,-7],[-5,-5],[-1,-6],[3,-7],[4,-1],[4,-17],[-2,-6],[-5,4],[-4,6],[-3,-4],[4,-12]],[[5634,5088],[-1,4],[7,7],[2,5],[-10,9],[13,1],[0,9],[-8,9],[-15,0],[-2,-8],[5,-1],[1,-7],[-3,-6],[5,-6],[-1,-15],[5,-6],[2,5]],[[5638,5075],[-10,-4],[6,-6],[5,6],[-1,4]],[[5641,5092],[-6,-2],[-2,-10],[10,3],[-2,9]],[[5568,5108],[5,2],[0,5],[-6,6],[-6,0],[-7,-10],[-1,-9],[3,-5],[-2,-6],[7,-1],[6,3],[2,5],[-1,10]],[[5689,5107],[3,6],[1,13],[-7,5],[-5,-4],[2,-4],[-3,-6],[2,-4],[5,0],[2,-6]],[[5680,5112],[-2,-9],[7,1],[-5,8]],[[5668,5126],[-6,3],[-5,-1],[0,10],[-5,8],[-3,-3],[2,-14],[12,-8],[5,5]],[[5676,5129],[-3,3],[2,11],[-2,5],[-5,-5],[-1,-14],[4,-3],[5,3]],[[5636,5156],[2,10],[-7,-5],[2,-7],[-6,-13],[5,-2],[4,4],[0,13]],[[5569,5208],[-4,-9],[5,0],[-1,9]],[[5555,5187],[3,1],[1,8],[9,12],[7,0],[0,11],[-9,4],[-5,4],[1,11],[-11,10],[0,-7],[-6,-3],[4,-11],[5,9],[5,-6],[-1,-7],[4,-4],[-12,-9],[1,-10],[-3,-7],[7,-6]],[[5536,5218],[5,-4],[5,11],[-7,-2],[-3,-5]],[[5713,5252],[-3,8],[-8,3],[-4,12],[-11,-10],[-1,-10],[4,-4],[7,0],[1,-7],[3,-2],[3,8],[9,2]],[[5721,5180],[-7,5],[-1,-6],[8,1]],[[5722,5284],[0,-15],[3,5],[3,5],[-6,5]],[[5716,5149],[5,21],[-1,6],[-13,0],[1,-15],[-2,-7],[-3,-2],[5,-8],[8,5]],[[5534,5345],[1,13],[-5,0],[-3,-12],[-6,-13],[6,-9],[-3,-9],[4,-1],[2,6],[9,-1],[1,10],[-6,16]],[[5516,5338],[-9,-4],[2,-5],[-8,-2],[3,-9],[7,11],[8,5],[-3,4]],[[5689,5416],[8,-13],[4,0],[9,8],[-12,9],[-10,1],[1,-5]],[[5690,5342],[-5,0],[0,41],[-2,6],[3,11],[-3,10],[3,8],[-1,8],[5,5],[-1,7],[-6,6],[-6,2],[-1,6],[-5,2],[2,8],[-6,1],[-4,-4],[-2,-9],[4,-8],[0,-8],[4,0],[3,-5],[-1,-15],[8,-18],[-3,-10],[0,-14],[4,-9],[-3,-7],[1,-10],[5,-6],[7,2]],[[5583,5485],[0,-11],[6,-15],[2,-11],[4,-10],[8,1],[0,11],[11,-5],[5,4],[1,5],[6,9],[-4,13],[4,4],[-15,0],[0,11],[-8,0],[-1,10],[-5,-1],[0,8],[-3,0],[0,30],[-11,0],[-3,2],[-2,-11],[1,-6],[7,-15],[-3,-23]],[[5656,5430],[13,-8],[2,5],[-2,5],[-5,0],[0,9],[-6,9],[2,5],[-2,11],[-5,-1],[-9,-10],[5,-5],[3,-7],[-1,-6],[5,-7]],[[5626,5496],[3,-4],[1,-7],[7,5],[-1,6],[-11,9],[1,-9]],[[5504,5538],[9,0],[2,3],[-5,11],[-7,6],[-4,-5],[1,-6],[4,-9]],[[5975,5059],[-6,8],[-1,-7],[7,-1]],[[5819,4990],[5,-8],[-5,-7],[2,-4],[7,0],[3,3],[-7,18],[-5,-2]],[[5901,5070],[-12,0],[-16,-3],[-19,2],[-2,8],[-6,-16],[6,-6],[10,-1],[7,-11],[-2,-12],[-3,-5],[3,-6],[12,8],[14,26],[10,0],[3,5],[11,1],[11,14],[-11,0],[-4,-6],[-11,5],[-1,-3]],[[5842,5035],[12,-14],[2,14],[-8,8],[-2,6],[-12,2],[8,-16]],[[5820,5056],[-5,10],[-3,-3],[3,-9],[5,2]],[[5854,5139],[3,-10],[16,-7],[10,-1],[13,-3],[7,9],[6,-2],[3,-9],[4,-3],[8,-1],[6,-3],[0,5],[4,9],[-14,2],[-10,8],[-3,3],[-9,1],[-8,-1],[-6,6],[-4,-2],[1,-10],[-5,3],[-13,2],[-2,5],[-7,-1]],[[5921,5107],[-2,4],[-5,-3],[-3,-5],[-9,6],[0,-10],[8,-4],[20,3],[0,6],[-9,3]],[[5886,5111],[-6,-2],[8,-7],[4,6],[-6,3]],[[5918,5142],[9,-7],[9,-2],[-2,7],[2,5],[-8,1],[-5,6],[-6,2],[-13,0],[-7,2],[1,-10],[5,-1],[4,-4],[6,-2],[5,3]],[[5927,5155],[13,0],[4,7],[-10,2],[-4,-3],[-9,6],[-4,8],[-2,-5],[-10,-5],[-10,3],[0,-6],[28,-5],[4,-2]],[[5884,5154],[-10,-2],[1,-8],[4,-3],[10,8],[3,8],[-8,-3]],[[5822,5177],[-1,9],[-6,6],[-2,-7],[3,-8],[6,0]],[[5878,5162],[-10,-3],[-6,-5],[1,11],[-12,1],[-4,-6],[6,-7],[2,-11],[3,4],[5,0],[4,8],[11,2],[0,6]],[[5862,5181],[-13,5],[-13,0],[3,-6],[7,-8],[8,2],[7,-7],[4,-1],[-1,-6],[13,3],[-7,17],[-6,3],[-2,-2]],[[6150,5169],[5,-6],[2,6],[-7,0]],[[6130,5146],[-2,-7],[3,-2],[10,7],[10,-1],[10,2],[-6,7],[-5,-3],[-2,11],[-18,-14]],[[6119,5155],[8,-1],[0,12],[-8,2],[0,-13]],[[6245,5235],[-4,-4],[3,-4],[6,5],[-5,3]],[[5634,4948],[-7,6],[-1,-7],[8,1]],[[5694,5029],[-3,5],[-5,-2],[2,-6],[6,3]],[[5615,4918],[-5,-4],[6,-3],[-1,7]],[[5691,4948],[-8,-1],[2,-6],[6,7]],[[6086,5463],[-3,-8],[4,-1],[4,6],[-5,3]],[[5983,5098],[4,-14],[5,-2],[4,5],[-6,9],[-7,2]],[[5771,5428],[-3,-10],[-4,-7],[2,-8],[12,0],[1,14],[-5,12],[-3,-1]],[[5971,5083],[3,-5],[7,1],[-2,6],[-8,-2]],[[6011,5126],[-2,2],[-8,-2],[2,-7],[9,0],[-1,7]],[[6045,5180],[10,-1],[0,10],[-8,2],[-2,-11]],[[6246,5227],[-4,-5],[0,-6],[5,-13],[7,5],[-1,9],[1,7],[-1,6],[-7,-3]],[[5722,5383],[-11,0],[1,-12],[15,-14],[2,5],[0,19],[-7,2]],[[6063,5238],[5,7],[-5,1],[0,-8]],[[6077,5261],[-9,3],[3,-8],[5,-1],[1,6]],[[5963,5314],[19,7],[-21,-1],[2,-6]],[[5711,5414],[3,-2],[2,9],[-4,0],[-1,-7]],[[6043,5385],[-8,3],[-3,-1],[-7,-9],[-1,-5],[7,-11],[-8,-1],[5,-18],[10,-3],[6,8],[-2,7],[3,10],[-2,7],[0,13]],[[5877,5557],[6,-20],[3,-1],[7,-10],[1,-12],[7,8],[-4,6],[2,11],[-16,16],[-1,16],[-9,13],[-9,2],[-1,-4],[6,-5],[1,-8],[7,-12]],[[6039,4989],[5,11],[-1,6],[-11,10],[-7,3],[-11,22],[-8,9],[-4,-3],[4,-8],[9,-3],[4,-11],[-1,-8],[6,-11],[1,-11],[-5,-21],[0,-4],[7,-1],[7,-9],[3,1],[3,10],[2,13],[-3,5]],[[5990,5126],[6,4],[-3,6],[-6,0],[-3,-2],[-1,-14],[-5,-6],[-2,4],[-2,9],[-10,5],[-3,5],[-7,-11],[2,-8],[-9,-4],[0,-8],[11,-10],[9,-2],[12,5],[4,9],[9,7],[2,4],[-4,7]],[[6011,5129],[2,7],[-2,14],[-3,-4],[-11,0],[0,-5],[6,-3],[2,-9],[6,0]],[[5973,5442],[10,-5],[1,47],[-15,1],[-3,12],[-3,5],[-10,5],[-6,-1],[-7,-9],[3,-7],[10,-2],[3,-9],[-3,-6],[2,-16],[4,-5],[10,-2],[4,-8]],[[5987,5478],[4,-9],[5,-3],[2,9],[-3,13],[-7,0],[0,12],[-4,2],[1,-14],[2,-10]],[[6023,5113],[-1,-5],[-8,-4],[-5,2],[-2,5],[-8,-2],[-3,-7],[-5,-4],[6,-7],[5,0],[7,3],[6,-6],[3,6],[6,3],[6,-2],[1,8],[4,5],[-6,5],[11,5],[9,1],[7,-9],[0,10],[5,0],[6,-4],[8,0],[5,-5],[7,2],[-2,4],[-14,9],[-15,2],[-7,-1],[-8,-4],[-8,4],[-11,-7],[-5,-1],[0,-5],[6,-1]],[[6084,5106],[1,4],[-17,-2],[0,-15],[4,-5],[6,6],[3,8],[3,4]],[[6101,5117],[1,7],[3,4],[9,1],[1,8],[-6,0],[0,-6],[-5,-2],[-4,-5],[1,-7]],[[5942,5482],[-2,-9],[3,-11],[-5,-1],[-7,-7],[-6,4],[-7,14],[1,7],[-6,5],[-8,-4],[-8,3],[3,8],[-1,7],[-7,-1],[-6,7],[-6,5],[0,5],[8,13],[-8,12],[-3,11],[-7,12],[1,-13],[-1,-10],[-3,-6],[-13,-6],[2,-5],[-3,-6],[3,-2],[16,-1],[3,-6],[-3,-8],[1,-4],[13,-1],[2,-21],[14,-2],[2,-8],[14,-10],[8,-12],[8,1],[9,-4],[-1,-6],[9,-13],[6,-3],[6,2],[-3,8],[-9,-2],[-2,5],[3,5],[0,11],[-7,8],[-1,22],[-2,7]],[[5852,5587],[-3,-8],[-4,3],[3,6],[-7,4],[-4,-5],[-9,-4],[-6,9],[-5,-4],[5,-14],[16,1],[1,-14],[7,0],[2,-2],[-1,-14],[14,0],[-7,15],[6,3],[-1,-8],[5,-10],[4,6],[0,16],[-2,8],[-6,7],[-5,0],[-3,5]],[[5731,5336],[-3,-4],[4,-11],[2,11],[-3,4]],[[5720,5437],[-4,-4],[5,-6],[1,5],[-2,5]],[[5841,5475],[5,-4],[1,-4],[5,2],[0,10],[-11,-4]],[[5823,5502],[7,-2],[0,-4],[8,0],[-3,12],[-6,-2],[-6,-4]],[[5810,5625],[-5,2],[-2,-6],[4,-7],[8,0],[-5,11]],[[6007,4722],[-4,-6],[0,-5],[4,-12],[4,2],[-4,21]],[[5972,4806],[-6,3],[-2,-5],[9,-6],[-1,8]],[[6046,4643],[0,-5],[-3,-8],[0,-13],[4,-11],[7,0],[6,8],[4,13],[-1,8],[-4,11],[2,18],[-7,28],[-6,16],[-10,16],[-6,22],[-2,13],[-5,10],[-10,6],[-11,3],[-12,10],[-9,3],[-6,-1],[2,-8],[-3,-10],[2,-4],[11,-5],[16,-15],[7,-15],[11,-6],[6,-20],[10,-12],[6,-5],[-2,-14],[-9,1],[-2,-4],[0,-18],[1,-4],[10,-4],[3,-4]],[[5980,4697],[-4,13],[-7,10],[-4,-4],[-1,-5],[7,-25],[6,-8],[3,-8],[6,1],[-5,7],[-2,10],[1,9]],[[5924,4796],[4,-15],[3,-9],[10,-15],[8,-9],[3,2],[0,7],[-5,17],[-7,16],[-5,6],[-7,4],[-4,-4]],[[5963,4767],[0,-4],[9,-14],[3,3],[-5,5],[-7,10]],[[5989,4745],[-5,3],[-3,-3],[8,-18],[6,-7],[3,0],[4,7],[-8,8],[-5,10]],[[5986,4722],[-8,13],[-15,19],[-5,-2],[0,-6],[3,-6],[30,-36],[8,-13],[-1,18],[-12,13]],[[6177,4830],[8,-14],[4,-2],[5,6],[-1,4],[-11,6],[-5,0]],[[6038,4747],[5,-6],[11,0],[-3,8],[1,7],[-6,5],[-4,-1],[-4,-13]],[[6151,4854],[4,-8],[8,-4],[14,-4],[10,-7],[4,4],[2,8],[-7,10],[-19,18],[-24,10],[-5,-7],[6,-5],[12,-15],[-5,0]],[[6061,4769],[5,-25],[0,-16],[4,-1],[-1,15],[2,25],[5,18],[0,5],[-4,13],[-18,3],[-18,1],[-17,0],[-7,-5],[11,-9],[15,-9],[6,-5],[13,-4],[4,-6]],[[6041,4955],[5,6],[-1,5],[-5,-4],[1,-7]],[[6020,5072],[-4,0],[-7,-4],[1,-4],[8,-10],[4,-14],[5,-8],[8,-9],[6,1],[-1,12],[3,14],[-1,7],[-5,1],[-6,-9],[-4,2],[-3,17],[-4,4]],[[6166,5143],[2,4],[-2,7],[-3,2],[-6,-2],[4,-7],[5,-4]],[[6080,5161],[1,-6],[10,3],[0,3],[-11,0]],[[6006,5177],[4,0],[5,12],[-9,-7],[-18,-7],[3,-4],[15,6]],[[6158,5223],[-5,-6],[6,-2],[-1,8]],[[5998,5281],[-6,0],[1,-11],[9,-3],[11,2],[8,-2],[0,6],[-9,0],[-9,9],[-5,11],[-5,-5],[5,-7]],[[5228,5397],[3,-8],[3,15],[-2,1],[-4,-8]],[[5167,5654],[-7,-1],[-4,-10],[8,0],[3,11]],[[5286,5591],[-2,-11],[2,-5],[-1,-7],[7,-1],[-5,16],[-1,8]],[[5291,5562],[8,-5],[6,0],[6,9],[-11,-3],[-9,-1]],[[5149,5662],[-3,0],[-5,4],[-3,-11],[3,-2],[3,-9],[10,-2],[3,14],[8,6],[-3,3],[-5,1],[-8,-4]],[[6247,4842],[4,-6],[10,-7],[7,-4],[3,5],[-5,8],[-7,9],[-4,0],[-8,-5]],[[6165,4883],[34,-18],[14,-4],[11,0],[7,-2],[1,5],[-8,11],[-7,12],[-7,8],[-11,5],[-9,0],[-13,3],[-14,-12],[2,-8]],[[6108,5379],[1,6],[-6,4],[-1,-14],[6,4]],[[6076,5349],[-2,-9],[9,0],[5,3],[-1,5],[-10,-3],[-1,4]],[[6050,5373],[6,-7],[6,-15],[10,-4],[2,7],[-1,9],[-6,5],[-17,5]],[[6074,5305],[6,-3],[4,-11],[7,-5],[5,1],[9,-2],[7,1],[-3,6],[-12,1],[1,13],[-18,10],[-7,-7],[1,-4]],[[6116,5342],[7,0],[-13,11],[-2,9],[-11,6],[2,8],[-1,12],[-5,-5],[-9,4],[-4,7],[-4,3],[-4,6],[-3,-16],[0,-7],[8,-9],[4,-8],[-1,-7],[2,-4],[6,0],[3,-5],[6,0],[12,-8],[7,3]],[[5937,5366],[4,-7],[6,-1],[0,7],[-8,0],[0,9],[-3,1],[-6,-5],[7,-4]],[[5921,5400],[-5,-5],[1,-8],[5,0],[2,-10],[5,1],[2,10],[0,15],[-9,3],[-5,4],[-5,10],[-4,1],[-2,6],[-4,-3],[0,-17],[6,-1],[7,-8],[6,2]],[[6005,5424],[-3,7],[-1,8],[-4,-2],[1,-11],[7,-2]],[[6039,5460],[-13,6],[-3,-4],[7,-3],[8,-7],[6,3],[-5,5]],[[5961,5431],[4,-5],[6,3],[-2,6],[-8,-4]],[[5980,5407],[2,18],[-7,1],[-7,-7],[5,-13],[7,1]],[[5969,5392],[4,-10],[7,-5],[1,-7],[3,-4],[-1,26],[-3,8],[-7,2],[-4,-10]],[[5918,5509],[-7,6],[3,-12],[8,-12],[12,7],[-10,12],[-6,-1]],[[6272,4857],[-4,-4],[1,-6],[3,-5],[14,-12],[6,1],[1,5],[-3,8],[-3,5],[-12,10],[-4,8],[-4,-4],[5,-6]],[[6312,4941],[-4,7],[-5,-6],[0,-7],[8,-8],[1,14]],[[6337,4944],[6,-8],[6,4],[7,18],[-9,6],[-3,-1],[-5,-11],[-2,-8]],[[6279,5291],[-6,-11],[9,0],[4,3],[-1,9],[-6,-1]],[[6300,5277],[-5,-3],[-2,-5],[1,-8],[5,-3],[4,9],[0,5],[-3,5]],[[5731,4895],[-7,2],[-3,-10],[-3,0],[6,16],[7,-8]],[[5757,5155],[5,5],[4,-6],[-8,-2],[-1,3]],[[5738,5201],[5,-2],[-1,-8],[-5,3],[1,7]],[[5847,5201],[-11,-3],[-10,1],[-11,12],[5,7],[7,-2],[6,-5],[14,-10]],[[5736,5205],[-8,-4],[-6,2],[0,10],[8,8],[-11,0],[-4,2],[-4,-6],[-8,1],[0,6],[6,13],[8,6],[4,10],[5,3],[6,0],[-3,-9],[4,-7],[1,-6],[3,-5],[6,7],[2,-3],[-1,-7],[2,-5],[-2,-6],[-7,-2],[-1,-8]],[[5840,5259],[10,0],[-5,-6],[-6,0],[1,6]],[[5839,5244],[-3,-1],[1,-13],[-12,2],[-8,7],[-5,0],[-9,5],[-6,6],[-4,1],[-2,5],[14,9],[3,6],[0,8],[6,-2],[6,4],[2,-3],[-3,-9],[4,-12],[-2,-10],[13,-10],[0,12],[6,-3],[9,2],[3,-7],[0,-5],[-8,1],[0,6],[-5,1]],[[5746,5259],[1,-9],[-11,-7],[-3,1],[-1,9],[2,6],[-6,4],[-1,5],[4,6],[-3,9],[4,3],[3,-12],[11,7],[2,-6],[-6,-5],[-1,-12],[5,1]],[[5748,5237],[-7,2],[7,11],[-2,11],[-3,1],[1,9],[5,4],[2,5],[-8,12],[4,0],[10,-3],[9,-11],[-1,-5],[2,-8],[-6,-6],[-3,-7],[-4,1],[-6,-8],[4,-3],[-4,-5]],[[5759,5288],[5,3],[6,-2],[-4,-7],[-7,6]],[[5803,5302],[-1,9],[-4,11],[-7,-4],[-1,12],[-4,4],[5,6],[0,5],[7,0],[3,-8],[4,4],[5,-1],[-1,11],[5,3],[0,-11],[8,-9],[1,-5],[-8,-5],[-7,1],[-1,-19],[-4,-4]],[[5783,5319],[-3,3],[3,8],[-2,13],[3,4],[4,-4],[-3,-9],[4,-8],[-6,-7]],[[5811,5659],[-8,-7],[-1,7],[6,6],[3,-6]],[[5816,5690],[-8,-1],[0,6],[7,0],[1,-5]],[[5794,5717],[8,-7],[-2,-3],[-6,5],[0,5]],[[5746,5750],[6,-7],[-3,-5],[-6,-1],[-1,7],[-4,6],[-1,7],[6,0],[3,-7]],[[5775,5760],[1,9],[12,10],[1,-5],[12,-5],[-6,-4],[-5,3],[-5,-3],[-8,0],[-2,-5]],[[5740,5785],[7,-1],[0,-6],[-8,0],[1,7]],[[5735,5792],[1,-6],[-3,-5],[-5,2],[4,8],[3,1]],[[5780,5799],[8,2],[0,-6],[-6,-1],[-2,5]],[[5590,5879],[4,-9],[7,-4],[1,-5],[4,-4],[1,-9],[7,-1],[0,-11],[17,-2],[8,1],[7,-8],[4,-8],[-2,-5],[6,-10],[5,-4],[9,4],[7,-2],[4,-16],[-3,-4],[0,-11],[2,-12],[5,-6],[12,-3],[-2,-12],[3,-8],[-3,-4],[10,-5],[-3,-8],[-5,-4],[-1,-8],[3,-5],[0,-11],[4,-13],[0,-6],[-7,1],[-5,-2],[-5,2],[-2,11],[-4,8],[-15,9],[-3,14],[-4,3],[-8,0],[-7,9],[-2,6],[-10,14],[0,12],[-14,0],[0,20],[-7,0],[-6,3],[-10,9],[-10,46],[-2,15],[3,4],[1,8],[-5,21],[11,0]],[[5806,5810],[3,-8],[-7,-2],[-1,10],[5,0]],[[5755,5822],[-4,-1],[0,9],[5,0],[-1,-8]],[[5688,5823],[-14,6],[15,0],[-1,-6]],[[5794,5848],[5,3],[4,-1],[-5,-10],[-4,8]],[[5742,5867],[3,-4],[8,-1],[3,-9],[-8,-7],[5,-5],[5,-8],[-9,1],[-10,-5],[-2,5],[12,8],[-4,2],[-9,-4],[-3,5],[6,2],[8,8],[-1,7],[-4,5]],[[5677,5850],[6,5],[7,1],[7,-2],[1,-8],[-10,2],[-7,-2],[-4,4]],[[5706,5863],[8,-14],[0,-4],[-11,0],[-1,7],[-5,3],[9,8]],[[5635,5861],[3,3],[-2,10],[6,-2],[-3,-11],[-4,0]],[[5657,5887],[0,-10],[-4,-2],[-1,6],[5,6]],[[5660,5893],[9,-1],[8,1],[8,7],[9,2],[3,7],[-2,4],[-13,-8],[0,11],[6,-2],[6,4],[5,1],[3,-4],[-3,-9],[3,-9],[5,1],[7,8],[7,-7],[5,-1],[11,2],[-2,-6],[2,-6],[4,-2],[-2,-9],[-1,-15],[-9,0],[-3,3],[2,6],[8,7],[-3,7],[-5,-4],[-5,4],[4,4],[-9,4],[0,6],[-4,4],[-4,-3],[-2,-13],[-4,-1],[-5,-4],[-2,10],[-3,3],[-8,0],[-12,-5],[-3,-2],[-7,1],[-4,4]],[[5610,5951],[6,-5],[0,-10],[-4,2],[-2,13]],[[5578,6042],[4,-4],[6,-1],[-5,-7],[-5,12]],[[5508,6209],[3,-7],[5,1],[0,12],[4,4],[7,-5],[2,4],[-6,18],[2,6],[6,3],[8,-6],[7,1],[3,-2],[7,8],[5,-5],[3,6],[6,-3],[3,-7],[3,-3],[4,-13],[5,2],[4,-4],[8,1],[8,-5],[11,1],[8,8],[8,2],[5,-11],[5,-1],[7,-5],[1,5],[5,1],[0,-7],[2,-8],[-4,-9],[-5,-1],[-4,-7],[-18,2],[-7,10],[-4,1],[-8,8],[-12,3],[-6,-6],[-1,-10],[-6,-7],[-8,0],[-13,8],[-8,4],[-6,-3],[4,-5],[8,1],[-4,-8],[-11,0],[-9,-4],[-10,3],[-8,-6],[-10,-4],[0,11],[-2,0],[-1,19],[-2,6],[6,3]],[[5530,6197],[2,8],[-7,-2],[5,-6]],[[5534,6198],[2,-4],[-6,-4],[2,-6],[5,9],[5,6],[-5,1],[-3,-2]],[[5700,6259],[3,3],[5,-6],[0,-11],[11,-2],[3,-5],[-1,-9],[-6,-3],[1,-18],[-6,-3],[-14,7],[-7,-2],[-6,2],[-6,-4],[-12,12],[5,-12],[9,-9],[5,1],[8,-11],[-2,-5],[-5,13],[-7,1],[-8,8],[-3,5],[-6,4],[-1,5],[-10,3],[-2,-10],[-11,5],[-1,8],[-5,2],[-9,0],[-6,-8],[-13,-2],[-5,5],[-7,-2],[-4,12],[-5,-3],[-8,9],[-3,10],[-7,1],[-7,-2],[-8,-7],[-4,3],[-6,-2],[-13,6],[-4,-3],[-3,2],[16,9],[10,7],[7,2],[11,4],[8,1],[14,-3],[16,-8],[5,-1],[11,2],[7,-5],[5,-8],[16,-12],[-9,13],[-8,4],[-4,11],[17,-12],[-1,-5],[7,-3],[5,3],[3,4],[12,-2],[2,-4],[-1,-10],[5,-5],[2,8],[10,-1],[10,2],[-2,8],[-8,10],[11,-1],[4,4]],[[5609,6232],[-3,0],[0,-10],[7,-2],[-4,12]],[[6279,856],[-4,-15],[4,-1],[-2,-10],[21,7],[10,5],[6,-3],[5,1],[13,-8],[4,6],[7,5],[5,0],[4,5],[11,-1],[8,-5],[8,0],[9,-3],[12,-16],[0,-11],[-4,-8],[-2,-12],[7,-12],[0,-10],[-6,-5],[-6,-14],[-5,-8],[1,-5],[5,-5],[5,1],[7,5],[5,7],[10,-3],[5,1],[5,-4],[9,-3],[5,-10],[5,-3],[10,1],[0,10],[4,-1],[5,-12],[1,-11],[-2,-8],[3,-9],[4,-6],[6,0],[5,5],[-1,6],[2,6],[4,3],[-1,8],[3,6],[3,13],[5,16],[4,-4],[4,3],[0,9],[6,-3],[3,3],[-4,8],[6,4],[7,3],[1,4],[4,3],[-1,6],[5,0],[11,9],[9,0],[4,11],[0,18],[-2,2],[1,13],[6,-1],[4,-5],[5,7],[-2,5],[0,10],[8,3],[-3,11],[3,17],[-4,2],[6,10],[9,-1],[-1,10],[4,7],[0,12],[-4,7],[1,6],[-4,6],[2,9],[-7,-1],[-2,6],[-5,2],[0,7],[-9,4],[-6,-1],[-11,5],[-7,-1],[0,11],[8,11],[-8,5],[-1,11],[6,7],[-3,12],[-5,15],[-6,5],[-9,19],[0,7],[4,3],[-3,5],[2,6],[-6,11],[3,4],[4,-12],[-2,-8],[4,-7],[-2,-7],[6,-14],[3,-6],[6,-4],[3,4],[-5,4],[4,9],[-3,6],[-4,3],[5,8],[6,4],[2,17],[6,3],[5,11],[-5,11],[3,12],[6,3],[-4,6],[3,7],[-3,9],[-6,7],[0,3],[-7,6],[-4,5],[-5,17],[-7,8],[-4,-2],[-4,4],[12,9],[10,-17],[0,-8],[8,-8],[4,-7],[2,-7],[5,1],[2,6],[0,9],[-7,8],[0,12],[-6,12],[-7,4],[7,4],[9,-18],[0,-5],[6,-3],[7,-27],[2,-3],[-1,-10],[0,-13],[-4,-18],[-8,-7],[2,-10],[7,-1],[1,8],[8,4],[1,4],[6,7],[-3,20],[4,8],[6,2],[-2,11],[9,12],[-1,10],[4,6],[-4,8],[2,7],[-12,15],[-6,9],[-6,13],[0,6],[2,8],[5,-4],[-2,-4],[5,-4],[5,9],[-3,8],[2,3],[5,-8],[-2,-18],[5,-20],[5,-8],[7,1],[0,-12],[5,-3],[8,-1],[6,5],[-1,5],[6,2],[1,13],[3,10],[4,5],[-2,17],[6,2],[4,14],[11,7],[5,-1],[3,7],[10,1],[5,7],[10,6],[3,6],[6,-1],[5,-3],[1,6],[7,6],[0,15],[-2,4],[6,9],[0,-20],[-1,-10],[-8,-7],[-2,-6],[-6,1],[-13,-8],[1,-12],[9,-6],[0,-5],[-11,3],[-12,8],[-9,-6],[-8,0],[-3,-3],[0,-7],[-3,-10],[-9,-12],[2,-9],[-6,-16],[2,-11],[-12,0],[1,-12],[-5,0],[-5,3],[-7,0],[0,-8],[-8,-8],[2,-7],[-10,-21],[-9,-17],[4,-3],[-6,-6],[6,-8],[-8,-3],[3,-11],[-10,4],[-5,-11],[-9,1],[-2,-9],[-9,-6],[-1,-10],[-7,-14],[-4,-3],[-2,-14],[8,-8],[-5,-6],[-1,-13],[2,-5],[6,-1],[2,-4],[-5,-4],[-6,-3],[-3,-3],[6,-4],[3,-7],[-6,-9],[-1,-9],[11,-8],[4,5],[5,-4],[7,-2],[5,1],[4,-11],[10,0],[4,-7],[9,3],[-2,11],[8,9],[5,-2],[2,6],[5,0],[2,5],[10,3],[6,9],[5,4],[17,1],[5,6],[7,1],[2,-4],[7,14],[3,-7],[9,-3],[-3,-6],[-4,1],[-4,-6],[-9,-2],[-4,4],[-13,1],[-7,-5],[-11,-1],[-6,-10],[-9,-2],[-1,-5],[-7,-5],[-2,-9],[-6,3],[-2,-7],[1,-9],[3,-3],[-3,-14],[-6,0],[-7,3],[-3,-4],[2,-7],[5,-3],[-2,-17],[-5,-7],[2,-6],[-3,-7],[-4,-4],[-5,1],[1,-11],[-3,-5],[6,-9],[3,-1],[1,14],[5,9],[4,0],[4,12],[5,0],[6,6],[3,-2],[5,4],[4,-3],[7,-1],[8,-5],[4,7],[9,2],[3,6],[16,6],[12,5],[3,-3],[6,6],[4,-1],[-7,-10],[-10,1],[-11,-8],[-6,-2],[-4,-5],[-5,-3],[-13,-4],[-15,5],[-4,-3],[-4,4],[-6,0],[-9,-6],[1,-5],[-9,-9],[-3,-17],[-9,-8],[-8,-15],[0,-8],[-8,-11],[-1,-8],[4,-7],[7,-7],[5,1],[3,-7],[-11,-5],[-3,-13],[-7,-4],[-6,2],[1,6],[3,4],[-10,8],[-4,-2],[-7,1],[-7,-13],[-4,-2],[0,-12],[8,-6],[6,-3],[-2,-7],[14,7],[0,7],[9,0],[0,5],[4,4],[6,-6],[-3,-4],[-10,-5],[-5,-6],[-3,1],[-8,-3],[-8,-1],[-3,4],[-5,-4],[0,-5],[9,-9],[4,0],[4,-4],[16,13],[5,-2],[10,0],[1,-5],[5,-6],[3,2],[20,-3],[6,3],[3,-3],[7,-4],[5,-7],[7,0],[-2,-7],[2,-7],[14,5],[3,-7],[4,3],[9,-2],[1,4],[8,-2],[9,7],[5,-2],[8,12],[5,0],[-9,-11],[-7,-1],[-7,-9],[-3,-1],[-8,5],[-2,-6],[-9,3],[-5,-4],[-3,9],[-4,-4],[-11,-2],[0,6],[-4,6],[-10,10],[-10,1],[-9,-2],[-22,6],[-11,8],[-9,-2],[-7,-8],[-8,-4],[-3,-7],[-9,-4],[-9,-7],[-3,-7],[0,-8],[-6,-2],[1,-9],[8,-4],[3,5],[9,-1],[6,-7],[-6,-3],[3,-6],[9,2],[-5,-9],[-17,1],[-9,11],[-10,6],[-8,-2],[-5,2],[-6,-4],[-8,3],[-6,-4],[5,-5],[9,-4],[1,-6],[-8,-1],[-5,4],[-5,0],[-6,8],[-3,7],[-4,2],[-2,10],[6,1],[0,7],[-7,-1],[-9,3],[-17,16],[-4,-10],[-6,-9],[1,-9],[-3,-3],[2,-9],[-4,-3],[-4,4],[-5,-10],[-15,-2],[1,4],[-8,12],[-4,1],[-6,5],[3,4],[-7,5],[0,4],[9,2],[5,4],[7,3],[-10,10],[-11,2],[-24,13],[-5,4],[-8,14],[5,15],[-9,7],[-8,4],[0,5],[4,3],[-3,5],[-11,2],[1,4],[-12,4],[-10,7],[-8,-1],[1,5],[-12,6],[-5,5],[3,5],[93,-8],[-1,4],[-12,1],[-11,8],[-18,7],[-10,3],[-6,3],[-6,1],[-15,-5],[-1,-5],[-7,-1],[-12,8],[-7,1],[12,8],[9,1],[6,14]],[[6499,710],[4,-9],[9,2],[-4,7],[-9,0]],[[6502,696],[-6,-9],[2,-5],[10,3],[3,6],[-2,4],[-7,1]],[[6510,745],[5,-4],[-2,-4],[11,2],[1,9],[-3,5],[-4,-4],[-8,-4]],[[6506,742],[2,-4],[-7,-14],[8,-2],[3,16],[-3,7],[-3,-3]],[[6273,1519],[-1,-6],[-5,-8],[-3,3],[6,12],[0,12],[-4,11],[5,-1],[1,-8],[4,-5],[0,-7],[-3,-3]],[[6100,4367],[-1,11],[2,6],[-2,3],[1,9],[-4,7],[-2,8],[0,15],[9,10],[1,12],[-4,7],[-4,0],[-3,8],[1,4],[-1,8],[-8,2],[0,12],[-8,6],[-1,3],[-16,4],[-4,8],[-9,3],[5,7],[5,13],[5,-9],[8,-8],[6,-10],[21,-15],[2,4],[4,-3],[-2,-5],[15,-23],[-3,-17],[-4,-5],[-2,-10],[-8,-15],[4,-5],[0,-12],[-2,-12],[3,-4],[-3,-6],[-1,-11]],[[6043,4483],[-1,-16],[-4,-15],[2,-15],[-1,-6],[0,-19],[2,-23],[3,-2],[3,-19],[-1,-10],[4,-13],[0,-7],[8,-6],[3,-9],[-14,12],[-11,41],[1,8],[-7,24],[5,42],[-1,7],[0,23],[-3,14],[0,10],[10,-15],[2,-6]],[[6033,4518],[-6,-2],[-4,10],[-1,10],[4,0],[7,-18]],[[6040,4559],[5,7],[7,-10],[-2,-5],[-10,5],[0,3]],[[5895,5231],[2,7],[8,-8],[-4,-6],[-6,7]],[[5863,5259],[0,-6],[-4,-6],[-6,6],[0,15],[10,-9]],[[5890,5270],[2,-7],[-3,-3],[-5,6],[-5,-3],[1,-9],[5,-1],[1,-7],[-6,2],[-4,6],[0,10],[-2,6],[1,19],[-6,-2],[-4,2],[-21,-1],[0,8],[5,1],[4,-2],[7,1],[10,-1],[9,-4],[7,3],[12,-15],[-2,-5],[-6,-4]],[[5886,5336],[1,13],[-2,10],[-6,7],[-5,-4],[-5,2],[-8,-1],[-7,2],[-1,3],[36,1],[3,-2],[1,-6],[-3,-22],[6,-2],[-3,-6],[-7,5]],[[6000,5528],[-5,-6],[-1,9],[3,7],[3,-10]],[[6055,5554],[1,4],[6,0],[-2,-8],[-5,4]],[[6053,5562],[1,6],[8,-1],[-2,-6],[-7,1]],[[5979,5647],[4,0],[1,-10],[-7,0],[-2,5],[4,5]],[[6030,5649],[-1,8],[4,1],[3,-8],[-6,-1]],[[5884,5657],[4,-5],[5,0],[2,-4],[-17,0],[1,4],[5,5]],[[5867,5661],[4,4],[5,0],[1,-17],[-9,0],[-1,13]],[[5875,5653],[-2,8],[-4,-2],[6,-6]],[[5863,5664],[3,-6],[-1,-6],[-5,-4],[-4,3],[-3,13],[7,4],[3,-4]],[[5921,5676],[7,0],[3,-6],[-6,-6],[-1,10],[-3,2]],[[5955,5674],[13,6],[-1,-6],[-7,1],[-5,-1]],[[5922,5679],[-8,-7],[-6,6],[12,8],[2,-7]],[[5866,5674],[-6,-4],[-7,1],[7,7],[6,-4]],[[5852,5682],[8,-3],[-6,-5],[-6,1],[-4,-4],[-11,12],[2,6],[3,1],[9,-3],[5,-5]],[[5832,5687],[-1,-8],[-6,5],[7,3]],[[5879,5691],[-13,-3],[4,9],[7,1],[4,-3],[-2,-4]],[[5851,5691],[9,0],[-3,-7],[-4,-1],[-9,7],[2,7],[5,-6]],[[5860,5695],[-7,-2],[-2,3],[7,3],[2,-4]],[[5835,5692],[-11,2],[7,5],[4,-7]],[[5915,5693],[-5,-1],[-6,6],[-8,15],[6,1],[2,-7],[8,0],[3,-14]],[[6031,5726],[-4,6],[4,4],[4,-8],[-4,-2]],[[5962,5725],[-3,-7],[-4,0],[0,6],[7,1]],[[5862,5718],[2,-5],[-2,-7],[-4,-4],[-4,4],[0,11],[8,1]],[[5845,5726],[-3,3],[4,3],[2,8],[3,-1],[4,-6],[1,-7],[-8,-1],[-3,1]],[[5852,5729],[0,6],[-8,-6],[4,-3],[4,3]],[[5899,5742],[6,-3],[-3,-4],[-3,7]],[[5830,5740],[5,-1],[0,-7],[-8,-1],[-5,5],[2,5],[6,-1]],[[5887,5746],[-2,-7],[-7,5],[-5,-3],[-5,5],[2,6],[6,5],[4,-7],[7,-4]],[[5853,5759],[3,-11],[-5,-6],[-10,1],[0,10],[5,4],[7,-2],[0,4]],[[5833,5748],[-9,1],[3,6],[6,-7]],[[5900,5796],[6,-3],[13,4],[8,-7],[13,-2],[4,-7],[-1,-7],[-5,-1],[-4,9],[-13,6],[-5,-1],[-5,-4],[-2,3],[-9,-3],[-2,7],[2,6]],[[5853,5759],[-8,2],[-8,12],[-8,-3],[-3,3],[3,12],[-1,8],[7,-1],[0,-10],[8,0],[10,-6],[-1,-4],[-5,-2],[6,-11]],[[5880,5800],[1,6],[5,-2],[-3,-11],[-3,7]],[[5921,5814],[-5,-5],[-15,-2],[2,5],[4,-2],[8,0],[-1,6],[7,6],[7,1],[10,4],[-2,-7],[-8,-1],[-1,-6],[-6,1]],[[6015,5828],[-4,-4],[0,18],[9,-10],[-5,-4]],[[5891,5816],[-9,2],[-5,-5],[-2,5],[3,7],[8,3],[6,-6],[-1,-6]],[[6061,5841],[-9,0],[-3,4],[-5,2],[-2,4],[0,7],[12,-9],[7,-2],[0,-6]],[[5911,5820],[-5,8],[-5,4],[10,10],[13,-6],[11,4],[2,-5],[-7,-2],[-3,-6],[-6,2],[-10,-9]],[[5959,5844],[9,0],[-1,-7],[-10,0],[2,7]],[[6036,5854],[-6,-7],[-16,9],[3,4],[5,-6],[6,3],[4,-5],[3,3],[-7,10],[10,1],[0,-7],[-2,-5]],[[6076,5874],[8,-1],[3,-4],[-5,-4],[0,-4],[8,-4],[-4,-3],[-2,-12],[-3,-1],[-6,9],[5,3],[-5,15],[-5,4],[1,8],[5,-6]],[[5850,5837],[-9,-13],[0,14],[9,-1]],[[5810,5838],[5,-8],[2,-6],[-5,-4],[-14,0],[5,5],[7,13]],[[5910,5850],[-5,-3],[-1,-8],[-7,-5],[-13,-1],[-3,-5],[-3,6],[6,4],[7,-2],[-1,8],[9,7],[7,1],[4,-2]],[[5968,5848],[0,-2],[-16,-1],[1,3],[7,-1],[2,8],[6,-1],[0,-6]],[[5948,5858],[-3,-7],[-7,-3],[1,7],[9,3]],[[5874,5854],[8,-2],[-2,-5],[-5,-6],[-13,2],[4,6],[1,4],[7,1]],[[5991,5867],[5,0],[0,-7],[-6,0],[1,7]],[[5949,5872],[1,-6],[-10,-3],[-6,-9],[-2,5],[7,7],[10,6]],[[6035,5872],[-7,1],[4,6],[3,-7]],[[6094,5886],[-5,2],[-2,-7],[-11,3],[-5,7],[4,8],[5,0],[5,-5],[5,3],[6,-2],[-2,-9]],[[6081,5896],[-4,-6],[4,-3],[3,6],[-3,3]],[[5869,5859],[-12,-8],[-4,0],[-4,6],[1,6],[-5,2],[-3,-3],[-12,-3],[-2,-17],[-11,5],[1,10],[7,2],[3,5],[0,7],[6,1],[2,-5],[5,-2],[10,1],[4,-1],[3,-10],[11,4]],[[5974,5867],[-17,-1],[-4,6],[-8,2],[2,7],[13,10],[4,1],[9,-2],[5,2],[11,0],[4,3],[3,-5],[-4,-3],[-5,-17],[-13,-3]],[[5945,5893],[-3,-4],[1,-11],[-2,0],[-4,6],[0,13],[14,1],[-1,-9],[-5,4]],[[6004,5903],[2,-6],[-5,-3],[0,8],[3,1]],[[5919,5917],[4,0],[2,-6],[-10,-11],[6,-1],[5,8],[4,-6],[-4,-4],[-1,-13],[6,-4],[-2,-6],[-4,-4],[-4,-11],[-7,13],[2,3],[4,20],[-6,0],[-2,7],[7,6],[0,9]],[[5858,5879],[-5,3],[7,9],[5,-3],[-7,-5],[0,-4]],[[6041,5903],[-7,1],[-8,6],[1,8],[12,-1],[2,-5],[0,-9]],[[6014,5917],[0,-10],[-5,-5],[-4,5],[1,7],[8,3]],[[5901,5925],[-3,-6],[-3,-16],[-5,-7],[3,-5],[-1,-16],[-3,-4],[0,19],[-2,5],[8,15],[-2,7],[8,8]],[[5983,5905],[-6,-2],[-1,6],[3,8],[7,0],[13,-13],[-14,-1],[-2,2]],[[5960,5909],[-9,4],[-10,7],[1,5],[5,-2],[6,-7],[7,-1],[0,-6]],[[5867,5912],[-1,-7],[-3,0],[-2,6],[6,1]],[[5999,5925],[1,7],[6,0],[1,-6],[-8,-1]],[[5977,5936],[2,9],[5,-2],[-4,-5],[-1,-10],[-5,-5],[-5,0],[-4,4],[-9,-7],[-2,13],[3,6],[9,-1],[9,2],[2,-4]],[[6045,5941],[-1,12],[5,-3],[1,-8],[-5,-1]],[[5991,5945],[7,8],[5,3],[3,7],[4,0],[3,-10],[-7,-2],[-7,-8],[-8,2]],[[5954,5950],[-8,4],[4,5],[6,-6],[-2,-3]],[[5973,5974],[3,-5],[-9,-1],[-4,6],[10,0]],[[5929,5961],[-7,8],[13,8],[8,-1],[4,7],[4,3],[2,-10],[-9,-1],[-7,-4],[-3,4],[-9,-5],[-1,-3],[5,-6]],[[5991,5975],[-7,0],[0,7],[7,-3],[0,-4]],[[6045,6017],[16,4],[-4,-6],[0,-7],[-9,-10],[-2,16],[-4,-5],[-2,9],[5,-1]],[[5990,6028],[2,6],[4,0],[-2,-9],[-4,3]],[[5766,6253],[0,-8],[10,3],[16,0],[3,7],[11,7],[5,-5],[6,0],[5,4],[2,4],[-1,9],[-4,-1],[0,-9],[-5,6],[2,12],[7,3],[11,-14],[2,5],[6,3],[6,0],[1,-14],[-8,-14],[-9,-6],[-4,-7],[-6,-6],[-7,0],[-7,2],[-6,5],[-18,-3],[-7,2],[-15,2],[-1,9],[-4,11],[-3,-9],[-8,-5],[9,14],[7,7],[0,-9],[4,-5]],[[5875,6287],[3,-1],[1,-9],[7,-3],[4,-8],[-8,2],[-3,-3],[-7,0],[-1,8],[4,5],[0,9]],[[5907,6268],[8,14],[7,1],[8,13],[4,0],[0,-9],[-3,-3],[-7,-1],[-2,-3],[-5,-1],[-6,-11],[-4,0]],[[5768,6254],[7,1],[1,15],[3,9],[5,-1],[-4,-8],[-4,-17],[-8,1]],[[5816,6315],[-6,-8],[2,-11],[-1,-4],[-5,-7],[-4,1],[-2,-6],[-5,3],[-10,-3],[-3,3],[-6,0],[-2,7],[13,5],[4,4],[4,-2],[0,-6],[3,-3],[6,5],[1,7],[-4,4],[-2,8],[10,8],[7,-5]],[[5980,6329],[-7,4],[-3,5],[7,1],[8,-3],[-5,-7]],[[5910,6394],[10,7],[2,5],[6,1],[-5,-11],[-11,-6],[-14,0],[2,4],[6,2],[4,-2]],[[6739,491],[3,2],[4,15],[9,3],[-1,6],[2,5],[10,8],[9,1],[2,-4],[8,-2],[2,-4],[9,8],[2,-13],[3,-5],[10,-3],[3,4],[6,1],[1,-9],[-5,0],[3,-21],[4,-12],[0,-20],[-2,-11],[1,-4],[6,-1],[5,-5],[1,-11],[18,-14],[-3,-5],[-18,11],[-7,-1],[-6,5],[-5,9],[2,6],[4,6],[-1,11],[4,13],[0,8],[-4,6],[-9,7],[-5,0],[-7,10],[1,8],[-5,14],[-8,4],[-5,-6],[-5,6],[1,5],[-3,3],[-12,-1],[-1,-10],[8,4],[4,0],[0,-8],[7,-7],[5,1],[2,6],[6,-3],[-1,-12],[-8,-4],[-2,9],[-6,2],[-4,-2],[-7,-15],[6,2],[8,10],[3,-8],[4,-3],[3,2],[5,-3],[6,-15],[-1,-12],[5,-5],[4,-3],[-3,-13],[4,-2],[-8,-7],[5,-15],[4,-6],[11,-6],[14,-1],[5,-3],[9,-13],[5,-19],[-9,0],[-48,47],[8,3],[-10,12],[1,6],[-8,9],[-13,4],[-16,11],[-13,1],[-7,5],[-29,13],[-12,5],[-25,5],[-20,-1],[9,6],[16,1],[22,-5],[2,0],[27,-10],[4,-3],[5,4],[-2,10],[4,3]],[[6760,469],[0,-5],[3,-4],[5,1],[0,6],[-8,2]],[[6828,398],[11,-12],[-3,11],[-8,1]],[[6807,460],[7,-4],[0,-12],[-6,-6],[-2,3],[2,7],[-1,3],[-4,2],[-1,3],[5,4]],[[6867,571],[-3,8],[-4,4],[-1,8],[-4,5],[-4,-6],[-4,0],[3,-10],[1,-11],[-2,-9],[-4,-7],[-6,-6],[0,-3],[-8,-3],[-2,8],[-8,2],[-5,-7],[-3,12],[3,5],[-2,14],[-3,2],[6,10],[-3,8],[2,7],[7,9],[19,8],[9,-4],[5,-10],[1,-8],[5,-4],[1,-9],[4,-13]],[[6561,1756],[-4,-4],[-6,6],[-8,-1],[1,7],[10,-2],[7,-6]],[[6513,1749],[4,8],[8,0],[4,-4],[-7,-3],[-9,-1]],[[6474,2220],[-2,-12],[-1,-12],[2,-9],[5,-1],[6,-9],[9,-3],[4,-6],[5,1],[6,-6],[3,5],[3,-9],[-11,3],[-2,4],[-6,1],[-2,4],[-7,2],[-4,6],[-7,6],[-5,-2],[-1,5],[-13,1],[-4,7],[-5,0],[-6,3],[-3,8],[-7,-3],[-8,2],[-3,-5],[-9,-3],[-5,5],[-10,-2],[-9,-1],[-23,4],[-3,3],[-8,-4],[-1,3],[7,4],[12,-6],[16,0],[11,-1],[6,3],[8,-5],[8,4],[-3,8],[-14,5],[1,2],[13,-5],[7,-7],[13,2],[6,-8],[4,-4],[7,0],[8,-8],[8,0],[1,12],[-1,5],[4,13]],[[6326,5400],[4,4],[0,15],[-5,12],[-1,16],[10,-13],[0,-47],[-6,-46],[-2,10],[1,12],[4,12],[1,10],[-6,15]],[[6231,5424],[-2,-8],[-6,-1],[-5,-7],[-6,-3],[6,-15],[-5,-6],[-1,11],[-3,5],[-5,0],[-3,5],[1,8],[3,6],[0,10],[4,7],[-3,14],[2,0],[3,-11],[1,-19],[8,1],[4,6],[1,8],[-3,9],[9,10],[0,7],[-3,7],[11,-3],[6,-3],[5,-6],[13,-6],[11,0],[0,-5],[-4,-6],[1,-18],[-3,-2],[-8,-1],[-4,4],[-9,1],[-3,4],[-2,10],[4,7],[0,16],[-5,-3],[-2,-7],[-12,-4],[-2,-7],[1,-6],[5,-9]],[[6389,5476],[2,-12],[0,-7],[-8,5],[4,15],[2,-1]],[[6189,5450],[3,12],[6,-7],[0,-5],[-7,-7],[-2,7]],[[6210,5484],[1,-5],[4,-6],[-9,-8],[-6,-6],[-1,11],[-6,5],[0,7],[3,3],[9,3],[5,-4]],[[6334,5526],[6,-1],[-9,-10],[1,-14],[9,-8],[3,-7],[8,-2],[1,-5],[-2,-6],[-4,1],[0,8],[-4,2],[-3,8],[-7,6],[-4,0],[1,10],[-1,9],[5,9]],[[6226,5487],[8,1],[0,-3],[-6,-4],[-2,6]],[[6231,5496],[4,-5],[5,-1],[7,-8],[-4,-3],[-5,3],[-7,14]],[[6227,5530],[6,0],[6,-13],[-4,-10],[3,-3],[6,-6],[10,-20],[4,-3],[6,4],[6,-7],[5,3],[1,-6],[-3,-8],[-8,3],[2,8],[-7,-1],[0,-12],[-4,-3],[-5,1],[-5,4],[-1,14],[5,3],[-3,9],[-3,7],[-5,10],[-4,1],[-1,9],[-11,11],[-2,7],[6,-2]],[[6187,5497],[6,-1],[2,7],[4,-5],[-4,-5],[-7,-2],[-1,6]],[[6145,5492],[0,-9],[-6,-1],[-3,2],[-1,8],[-5,3],[7,6],[3,-9],[5,0]],[[6177,5503],[-6,0],[1,7],[6,-5],[6,1],[-3,-8],[-4,5]],[[6141,5496],[7,9],[5,-5],[-1,-5],[-7,-1],[-4,2]],[[6281,5514],[-2,-5],[3,-6],[7,-4],[-6,-11],[-2,1],[-1,14],[-4,1],[-2,6],[-5,-1],[-5,16],[-5,4],[-5,8],[0,4],[10,-4],[5,-7],[4,-15],[8,-1]],[[6184,5520],[7,3],[0,-10],[-7,7]],[[6188,5537],[6,1],[2,6],[-8,9],[2,5],[5,-3],[6,0],[7,-15],[0,-6],[9,0],[2,-4],[0,-18],[-9,6],[-3,5],[-10,1],[-7,5],[-4,1],[2,7]],[[6256,5523],[-10,3],[1,6],[5,3],[6,-4],[-2,-8]],[[6160,5524],[5,-5],[10,12],[1,-7],[-8,-6],[-10,-4],[2,10]],[[6381,5559],[-6,-8],[-2,-7],[-4,0],[2,12],[3,-1],[4,5],[3,-1]],[[6237,5555],[9,-10],[-9,-7],[-9,0],[-5,4],[-7,0],[-2,4],[-5,0],[-2,5],[5,4],[7,1],[14,-2],[4,1]],[[6130,5534],[-10,10],[11,0],[-1,-10]],[[6247,5552],[-1,11],[12,1],[0,-12],[-11,0]],[[6171,5560],[5,-4],[-1,-17],[-5,0],[-6,5],[1,8],[7,2],[-1,6]],[[6356,5589],[5,-2],[4,-7],[-5,-5],[-7,2],[-5,12],[8,0]],[[6192,5565],[-10,-3],[-1,5],[11,-2]],[[6382,5587],[3,-8],[-5,-1],[-1,5],[3,4]],[[6163,5563],[-6,3],[-4,7],[6,0],[6,-8],[-2,-2]],[[6234,5577],[-4,12],[2,4],[8,-13],[-6,-3]],[[6139,5578],[5,-8],[-2,-4],[-7,1],[-6,4],[10,7]],[[6363,5609],[4,-2],[1,-7],[-7,-7],[-5,3],[-2,5],[4,12],[5,-4]],[[6214,5589],[1,8],[7,-2],[10,-17],[0,-4],[4,-13],[-9,0],[0,8],[-9,0],[-12,10],[-6,10],[5,0],[0,12],[-9,2],[3,7],[10,-10],[-2,-4],[3,-6],[4,-1]],[[6378,5606],[-1,-12],[-5,-6],[-1,15],[-3,4],[7,5],[3,7],[2,12],[5,-1],[-3,-11],[1,-5],[-5,-8]],[[6171,5583],[1,11],[2,4],[8,6],[9,2],[1,-17],[7,-5],[2,-5],[-3,-4],[-7,5],[-6,-10],[-7,-1],[-4,3],[-3,11]],[[6158,5607],[2,4],[6,-6],[2,-6],[-6,-4],[-4,6],[0,6]],[[6174,5620],[5,-7],[7,3],[1,-5],[-9,-5],[-8,-2],[0,10],[4,6]],[[6379,5647],[3,-12],[-6,-2],[-1,9],[4,5]],[[6186,5618],[-6,-1],[-4,7],[3,2],[7,-8]],[[6198,5641],[3,-4],[7,-3],[4,-8],[-5,-5],[-5,0],[-8,15],[4,5]],[[6319,5648],[3,-4],[-4,-6],[-4,2],[5,8]],[[6221,5641],[2,-11],[-9,-2],[-7,8],[-7,3],[-1,6],[5,2],[4,5],[5,-4],[-1,-9],[5,-6],[0,9],[4,-1]],[[6279,5678],[15,0],[0,-17],[4,-11],[8,-13],[-4,-4],[-4,8],[-3,16],[-6,3],[-10,18]],[[6190,5662],[7,2],[4,-5],[1,-11],[-4,1],[-1,7],[-7,6]],[[6157,5658],[0,-9],[-4,0],[0,7],[4,2]],[[6187,5663],[-2,-9],[-5,7],[7,2]],[[6236,5667],[-3,3],[4,5],[5,-6],[-6,-2]],[[6368,5689],[2,5],[5,1],[1,-11],[-5,0],[-3,5]],[[6212,5706],[0,-7],[-5,-2],[-4,10],[2,2],[7,-3]],[[6257,5704],[-5,-1],[-3,8],[1,9],[4,10],[0,6],[14,-33],[-11,1]],[[6382,5732],[-12,0],[3,5],[-2,6],[7,5],[0,-11],[4,-5]],[[6238,5732],[9,1],[4,5],[-4,8],[-1,8],[7,0],[4,-4],[-5,-12],[0,-8],[-4,-12],[-2,-10],[-5,6],[-4,1],[1,6],[-2,7],[2,4]],[[6257,5743],[1,7],[-2,6],[5,6],[6,-10],[4,2],[3,-4],[7,4],[6,1],[0,-12],[10,-1],[2,-3],[-4,-8],[-6,-4],[-2,5],[-20,-12],[-4,8],[9,3],[1,7],[-9,8],[-7,-3]],[[6186,5732],[-2,-5],[4,-9],[-5,0],[-3,14],[6,0]],[[6125,5722],[1,-6],[-3,-3],[-6,0],[8,9]],[[6191,5752],[2,-6],[-10,-10],[-8,-6],[-1,7],[-4,7],[1,4],[6,1],[9,8],[5,-5]],[[6210,5734],[-8,12],[-2,15],[4,1],[5,-7],[-2,-2],[0,-12],[3,-7]],[[6294,5761],[-1,6],[4,1],[2,-6],[-5,-1]],[[6263,5767],[7,0],[0,-8],[-7,3],[0,5]],[[6346,5780],[-11,2],[-7,13],[7,-3],[1,-8],[9,-1],[1,-3]],[[6257,5768],[-5,1],[-5,4],[0,10],[4,1],[4,-6],[2,-10]],[[6315,5785],[-3,-5],[-4,0],[-2,11],[3,1],[6,-7]],[[6284,5780],[-3,6],[1,4],[8,1],[0,-5],[2,-10],[-6,-1],[-2,5]],[[6228,5797],[5,-9],[-3,-3],[-6,2],[-11,-1],[0,-12],[-5,2],[-2,-9],[-4,3],[-1,8],[-5,2],[-6,8],[5,5],[-2,7],[0,8],[6,-5],[5,-1],[12,6],[9,-1],[3,-10]],[[6152,5791],[3,4],[7,-5],[4,-10],[-1,-9],[-9,9],[-4,11]],[[6184,5787],[5,-6],[-6,-1],[-5,9],[6,-2]],[[6139,5797],[6,3],[6,-18],[6,-7],[-10,-1],[-3,8],[-5,5],[0,10]],[[6230,5809],[6,-1],[7,3],[8,-10],[2,-8],[-22,13],[-1,3]],[[6157,5805],[5,1],[7,-4],[-4,-11],[-4,1],[-4,13]],[[6267,5817],[5,2],[13,-2],[1,-12],[-15,0],[-7,9],[3,3]],[[6306,5806],[-3,-2],[-10,6],[-4,4],[-2,8],[11,1],[5,8],[3,0],[1,-11],[-1,-14]],[[6354,5815],[-1,-8],[-5,-3],[-8,10],[-2,7],[2,13],[-3,4],[0,8],[-5,5],[0,5],[6,2],[8,-7],[6,-3],[3,-4],[10,-5],[2,-6],[2,-12],[6,-6],[-3,-5],[2,-8],[-11,0],[-1,9],[-5,6],[-3,-2]],[[6321,5828],[0,-7],[-10,-1],[-2,2],[1,11],[5,-1],[6,-4]],[[6265,5828],[2,3],[9,0],[2,-6],[-12,-4],[-1,7]],[[6279,5834],[5,-7],[-4,-3],[-1,10]],[[6333,5830],[-9,12],[10,1],[-1,-13]],[[6248,5844],[7,0],[0,-16],[-5,-11],[-5,12],[-2,1],[-4,14],[9,0]],[[6134,5829],[-3,-7],[-4,8],[7,-1]],[[6125,5822],[-8,2],[0,7],[8,-5],[0,-4]],[[6366,5848],[-9,8],[-8,11],[-6,4],[-1,9],[-5,-2],[-1,8],[3,6],[6,2],[9,-7],[2,-13],[15,-9],[5,-12],[4,-2],[5,2],[2,-4],[-3,-6],[2,-15],[-5,-2],[-7,2],[-3,13],[-5,7]],[[6205,5847],[6,4],[-1,-9],[-6,-3],[1,8]],[[6215,5848],[1,8],[9,-1],[0,-9],[-10,2]],[[6325,5870],[2,-10],[-10,1],[-5,4],[-1,5],[7,3],[7,-3]],[[6229,5864],[3,4],[9,-9],[1,-8],[-7,-5],[-5,3],[0,11],[-1,4]],[[6202,5859],[4,3],[10,-2],[-4,-6],[-8,0],[-2,5]],[[6254,5864],[-5,4],[6,7],[2,-5],[-3,-6]],[[6315,5894],[7,-3],[0,-11],[-8,1],[-10,-6],[-6,3],[-2,6],[-8,0],[-10,4],[6,3],[4,-4],[7,-1],[8,1],[12,7]],[[6235,5883],[7,-7],[0,-6],[-11,4],[-7,-6],[-3,4],[5,6],[2,6],[7,-1]],[[6238,5885],[5,3],[3,-2],[2,-12],[-4,0],[-6,11]],[[6097,5865],[6,2],[3,-7],[-4,-4],[-5,3],[0,6]],[[6120,5864],[-6,5],[7,7],[3,-3],[-4,-9]],[[6123,5886],[4,-9],[-5,1],[-5,-5],[0,12],[6,1]],[[6288,5912],[3,6],[4,-8],[-1,-5],[-7,0],[1,7]],[[6341,5925],[2,-5],[-10,-2],[2,7],[6,0]],[[6251,5911],[-3,0],[0,9],[6,-4],[-3,-5]],[[6119,5914],[1,-13],[6,7],[8,-3],[9,2],[4,5],[10,-3],[5,9],[5,-4],[1,-10],[-7,-1],[-4,3],[-5,-2],[-4,4],[-7,-7],[-13,0],[-5,-3],[-12,0],[5,8],[0,8],[3,0]],[[6266,5939],[-1,11],[12,-1],[0,-4],[-11,-6]],[[6071,5947],[9,-1],[1,-11],[4,-2],[7,-6],[3,7],[6,3],[4,-5],[4,6],[5,1],[7,-4],[9,7],[12,1],[3,10],[-2,12],[10,5],[7,-3],[7,3],[3,9],[4,1],[7,-8],[-2,-4],[-5,8],[-3,0],[-2,-7],[-6,-5],[-5,-1],[-9,2],[-4,-21],[9,3],[3,-4],[3,10],[7,7],[6,5],[6,-4],[3,2],[6,-1],[8,5],[5,-2],[5,-6],[13,1],[4,-3],[3,4],[-1,5],[3,3],[12,-1],[-6,-7],[1,-6],[-4,-4],[-6,-1],[8,-12],[-3,-1],[4,-10],[-3,-12],[-4,-11],[-6,-3],[-7,2],[-3,-3],[-3,-9],[2,-9],[-5,-1],[0,11],[-9,0],[4,6],[6,-1],[0,5],[10,5],[7,-2],[1,20],[5,10],[-8,12],[-2,10],[-5,-7],[-2,-9],[-4,1],[-1,8],[-7,8],[-11,-8],[-14,8],[-12,-5],[-5,-12],[-7,2],[-5,-8],[-5,0],[-6,6],[-10,-4],[-4,-5],[-10,5],[-5,-7],[-6,4],[-4,-2],[-2,-7],[-4,0],[-5,6],[-6,-3],[0,-6],[-6,2],[5,8],[-1,5],[1,9],[-7,1]],[[6337,5957],[-9,-4],[-6,1],[-3,-6],[3,-15],[5,-3],[-3,-15],[-5,1],[2,11],[-8,5],[-11,1],[-3,19],[6,15],[-5,6],[-8,0],[-1,6],[5,4],[4,6],[6,2],[7,-7],[2,-6],[10,-11],[-1,-7],[6,-4],[7,1]],[[6091,5963],[11,-3],[-2,-3],[-8,3],[-1,3]],[[6121,5978],[-6,-4],[1,17],[4,0],[1,-13]],[[6224,6002],[-1,9],[6,4],[2,-6],[5,2],[0,7],[7,1],[1,6],[7,3],[2,5],[4,-2],[9,1],[4,3],[3,-5],[6,-1],[2,8],[6,2],[3,-4],[6,-1],[7,5],[3,-1],[2,-9],[3,-2],[6,3],[3,-5],[3,5],[8,-2],[6,1],[7,9],[6,-2],[9,3],[1,5],[5,0],[-8,-13],[-3,3],[-7,0],[-8,-8],[-6,0],[-3,-4],[-7,2],[4,-9],[-6,-2],[2,7],[-8,8],[-3,-4],[-6,2],[-3,9],[-12,-1],[-5,-4],[1,-8],[-7,5],[-9,1],[-8,3],[-4,-2],[-5,1],[-8,-7],[0,-6],[-7,-3],[-2,-7],[-6,0],[-5,2],[-2,-7]],[[6110,6028],[-5,-7],[-1,7],[6,0]],[[5965,6294],[1,7],[13,-1],[5,-8],[0,-6],[10,-5],[0,-5],[11,0],[0,-5],[12,0],[3,4],[20,-13],[-4,7],[5,3],[3,-12],[8,0],[4,5],[4,0],[4,-7],[9,-4],[0,-14],[15,-9],[16,-1],[3,4],[8,0],[0,9],[8,0],[8,-12],[-15,0],[0,-58],[55,0],[6,-11],[2,-3],[6,-12],[1,-12],[6,-6],[11,1],[0,5],[-6,5],[9,5],[1,-7],[3,-7],[12,5],[7,-11],[3,-1],[4,-8],[3,-3],[9,7],[5,-5],[2,-8],[5,-11],[4,0],[4,3],[5,-1],[3,-8],[0,-8],[-4,-2],[-7,1],[-21,13],[-1,-1],[-18,0],[3,-7],[-3,-9],[11,-3],[4,6],[4,-4],[-2,-8],[-3,-6],[-10,0],[-8,-6],[-8,-3],[-6,-9],[2,-2],[0,-9],[-18,-1],[-2,12],[-12,0],[-2,11],[-12,0],[-2,3],[-18,1],[-2,2],[-7,0],[-4,-4],[-13,0],[-12,27],[-14,0],[-1,4],[-7,0],[0,11],[-5,6],[-10,0],[-9,3],[-4,5],[-11,0],[-1,16],[-11,0],[0,8],[-5,4],[-7,0],[0,17],[-9,1],[0,9],[-7,6],[-5,0],[0,20],[-7,7],[0,13],[-8,13],[0,18],[-11,0],[-8,3],[-5,-3],[-13,2],[-3,9],[-9,0],[0,29],[9,-2],[24,1],[0,6],[-3,4]],[[6197,6053],[3,10],[-4,1],[1,-11]],[[6152,6069],[3,-4],[4,3],[-4,5],[-3,-4]],[[6062,6248],[5,7],[-14,0],[9,-7]],[[6212,6072],[2,-6],[5,1],[4,11],[-6,1],[-5,-7]],[[6220,6115],[-1,-8],[6,3],[9,-3],[1,5],[-5,4],[-2,8],[-5,-8],[-3,-1]],[[6127,6085],[3,-9],[5,2],[-3,10],[-1,11],[-8,-5],[4,-9]],[[7045,68],[-6,-5],[-8,-10],[-11,-1],[3,6],[7,1],[10,12],[5,-3]],[[6951,393],[-2,3],[-9,2],[-3,19],[-4,16],[1,9],[8,13],[3,-2],[3,-15],[5,-39],[-2,-6]],[[6899,439],[-9,-3],[-7,-9],[7,-4],[-3,-5],[-7,2],[-6,5],[-17,2],[0,4],[11,4],[7,6],[-4,13],[2,7],[5,6],[7,5],[4,-3],[2,-14],[7,-12],[1,-4]],[[6951,474],[-3,8],[1,8],[3,1],[-2,-14],[1,-3]],[[7115,671],[5,2],[3,5],[14,11],[5,8],[9,10],[4,2],[0,13],[7,5],[8,-3],[13,7],[10,4],[11,0],[12,5],[4,-5],[7,4],[5,-2],[6,5],[-4,4],[0,7],[5,11],[13,7],[8,-1],[8,-6],[7,-2],[12,-1],[-1,-9],[-6,-4],[-7,3],[-1,-12],[10,0],[10,3],[1,-2],[14,1],[0,-9],[-6,-5],[-3,4],[-5,1],[-10,-6],[-4,-3],[9,-4],[-7,-4],[-8,1],[-15,5],[4,10],[-2,8],[-7,-9],[-3,2],[-1,9],[-5,-6],[2,-7],[-1,-6],[1,-11],[-7,1],[-1,-4],[-8,1],[-13,-2],[-6,-6],[-6,4],[-7,1],[-9,-2],[-1,11],[-4,-2],[-11,2],[2,-5],[-1,-5],[-9,-4],[-15,-8],[-3,0],[-20,-30],[-10,2],[-2,6]],[[7173,708],[-8,0],[-6,-6],[-8,0],[-1,-3],[16,4],[7,5]],[[7200,718],[-4,0],[3,-7],[5,3],[-4,4]],[[7122,705],[10,11],[3,10],[11,10],[1,-8],[-4,-1],[-6,-6],[0,-6],[-4,-3],[-1,-7],[-10,0]],[[6842,620],[4,25],[2,12],[4,7],[3,0],[6,21],[11,10],[5,13],[-3,1],[3,9],[4,2],[6,13],[8,6],[7,3],[10,0],[4,3],[6,-1],[11,-9],[12,-4],[10,6],[1,-4],[9,0],[3,4],[-1,9],[-7,0],[2,6],[-10,10],[4,7],[-2,6],[7,4],[0,10],[5,1],[9,11],[7,2],[5,-3],[3,8],[5,-10],[-9,2],[-4,2],[-4,-5],[-8,-2],[-4,-8],[-4,-2],[0,-6],[-7,-13],[9,-6],[0,-7],[7,5],[5,-7],[-3,-12],[0,-10],[7,-4],[14,1],[5,-2],[4,15],[3,8],[8,5],[10,1],[7,3],[5,6],[6,1],[4,5],[6,-1],[11,-6],[5,1],[9,-4],[5,-13],[7,6],[7,0],[10,8],[-7,11],[-3,2],[-3,14],[1,5],[-10,5],[0,5],[-5,1],[0,8],[2,6],[6,3],[1,4],[-6,4],[0,4],[-3,5],[3,1],[2,-4],[2,2],[4,-1],[5,-4],[1,12],[7,3],[1,8],[-1,21],[4,2],[4,-2],[-2,-9],[-4,-1],[2,-8],[-2,-8],[-3,-10],[-6,-4],[2,-5],[-7,1],[-3,4],[-3,-1],[-1,-2],[-2,3],[0,-6],[7,-4],[-2,-5],[-6,-3],[-2,-6],[1,-6],[4,-3],[0,-5],[7,-4],[3,-1],[0,-4],[4,-6],[4,1],[1,-7],[6,-6],[4,-7],[0,-14],[-8,-3],[-6,-13],[-1,-15],[8,-17],[-6,-3],[3,-6],[3,-12],[-3,-3],[-1,13],[-5,10],[-1,26],[2,7],[-8,10],[-9,-5],[-22,22],[-8,-8],[-7,5],[-3,-1],[2,-11],[-9,-2],[-2,-13],[-14,-1],[-13,-8],[-8,0],[-16,-6],[-8,2],[-5,5],[-19,7],[-1,-6],[-7,0],[-5,-2],[-4,4],[-3,-10],[1,-5],[-11,4],[-1,7],[3,3],[-4,5],[4,9],[-7,-2],[-2,-8],[-5,1],[-9,-5],[0,-7],[-12,-7],[8,-2],[3,2],[1,-8],[-3,-8],[-6,-2],[-4,-6],[-13,-2],[-5,-9],[8,0],[-4,-9],[-4,0],[-5,7],[-5,-3],[-2,-9],[-4,-7],[2,-6],[-5,-3],[-6,-24]],[[7106,1487],[-8,2],[-2,3],[-5,-1],[-22,4],[1,7],[4,9],[18,21],[15,10],[6,0],[3,2],[8,-9],[-5,-6],[-7,1],[-6,-12],[1,-3],[-5,-15],[5,-2],[2,-6],[-3,-5]],[[6942,1818],[-3,12],[-3,5],[0,13],[3,14],[-4,3],[-2,17],[8,3],[0,11],[-6,6],[-1,4],[-8,-3],[-9,-15],[-1,12],[-4,4],[0,7],[-5,5],[-2,13],[-10,-3],[4,8],[8,-4],[2,-10],[11,-4],[-3,-9],[3,-8],[7,11],[1,8],[10,-6],[-1,-7],[4,-5],[4,-9],[9,2],[12,-1],[-2,-3],[-17,-1],[-3,-6],[0,-6],[4,-3],[5,-18],[-2,-4],[5,-6],[-5,-10],[6,-6],[-5,-5],[0,-10],[-5,-2],[-5,6]],[[6935,1802],[0,-5],[-5,-4],[-18,12],[-9,9],[-4,2],[-6,10],[-10,11],[-3,6],[-4,1],[-5,5],[-8,5],[-1,9],[-8,1],[-3,4],[-5,1],[1,6],[-5,4],[0,10],[-16,3],[-5,7],[-9,3],[-6,0],[1,12],[-4,8],[-6,6],[-6,8],[7,8],[3,-11],[6,-7],[4,-2],[1,-11],[6,2],[6,-3],[2,-5],[11,-5],[1,-6],[6,-1],[3,-13],[9,-7],[5,0],[0,-6],[6,-5],[3,-5],[9,-5],[8,2],[6,4],[9,-5],[11,-15],[0,-4],[5,-10],[-1,-3],[5,-10],[13,-11]],[[7078,2468],[-5,12],[1,17],[-6,-3],[3,9],[1,20],[-4,8],[-5,5],[-13,-10],[5,11],[4,5],[-3,6],[-7,5],[-9,9],[8,0],[9,-5],[2,10],[-6,4],[6,4],[6,9],[-3,6],[-6,6],[-3,9],[4,8],[-10,1],[3,4],[-6,8],[0,5],[-11,19],[-9,16],[-6,3],[-4,-5],[-3,3],[-13,7],[3,4],[6,-6],[7,-2],[3,4],[4,-3],[0,13],[2,7],[-2,3],[2,12],[3,-1],[0,-12],[-2,-7],[2,-3],[1,-8],[4,-2],[2,-7],[6,-10],[3,0],[1,-9],[11,-17],[5,-3],[5,-8],[1,-14],[9,-12],[-1,-5],[5,-13],[-4,-6],[3,-16],[0,-4],[4,-5],[1,-8],[3,-4],[-1,-7],[1,-8],[2,-5],[-4,-5],[4,-4],[0,-8],[6,-6],[9,0],[-3,-10],[7,-6],[-4,-5],[3,-3],[2,-9],[1,-16],[-4,2],[2,-14],[3,5],[9,-4],[0,-9],[-4,-6],[9,-3],[4,-4],[-7,-11],[-6,-6],[-8,-4],[-1,6],[-6,4],[6,6],[-3,6],[-6,1],[-4,10],[2,9],[-6,9],[-4,3],[4,6],[-5,7],[1,5],[-5,4],[-1,6]],[[6753,3927],[-9,4],[-4,8],[11,-4],[2,4],[5,0],[7,4],[5,-1],[4,10],[14,10],[9,-2],[14,11],[0,-6],[-7,-4],[0,-8],[7,-10],[7,-6],[8,-4],[3,-7],[-12,5],[-13,13],[-11,7],[-7,3],[-4,0],[-11,-14],[-7,-3],[-6,-1],[-3,-5],[4,-15],[-2,0],[-4,11]],[[6711,3971],[-6,7],[4,3],[2,-10]],[[6664,4090],[-5,13],[-7,-3],[-6,6],[-5,-1],[-4,-7],[-11,13],[-1,7],[-4,4],[-4,12],[-4,5],[1,6],[-5,10],[-3,9],[-8,4],[0,7],[6,1],[0,13],[-3,7],[0,8],[3,9],[7,5],[-2,7],[-7,5],[-3,11],[0,9],[-4,1],[2,17],[-2,10],[2,7],[-3,15],[1,4],[-3,10],[4,7],[-1,9],[5,6],[1,8],[4,1],[5,6],[5,-6],[-3,-9],[-4,-4],[-3,-8],[2,-4],[-2,-10],[-2,-3],[1,-17],[4,-8],[-5,-4],[3,-10],[3,-9],[-3,-4],[4,-13],[-3,-7],[7,-3],[2,-10],[-1,-9],[-3,-6],[-4,1],[0,-12],[-2,-2],[4,-19],[-8,-5],[4,-4],[10,-14],[5,-12],[7,-7],[2,-5],[-5,-3],[4,-13],[7,-10],[9,9],[5,-6],[10,3],[4,-2],[20,16],[4,7],[7,-4],[6,-12],[1,-4],[11,2],[7,4],[12,2],[12,-4],[12,-1],[5,2],[4,-4],[2,-8],[10,-2],[7,-6],[7,-1],[12,2],[17,-11],[13,-11],[-5,-2],[-10,7],[-20,4],[-7,6],[-5,2],[-11,-2],[-6,7],[-5,8],[-9,-2],[-5,2],[-8,8],[-5,-1],[-4,-5],[-13,-1],[-4,-3],[-12,-5],[-7,6],[-4,15],[-18,-8],[-7,-4],[0,-6],[-4,-5],[0,-4]],[[6573,4943],[-5,2],[-1,3],[-9,-3],[-3,6],[11,7],[3,-12],[4,-3]],[[6596,4988],[9,-1],[1,-5],[-16,-10],[-5,7],[-3,-8],[7,0],[14,7],[4,-6],[0,-4],[-8,1],[-9,-3],[-3,-4],[-2,-10],[7,-12],[3,14],[3,6],[3,-4],[6,2],[3,-5],[-11,-8],[-2,-13],[-7,-1],[-5,3],[-1,9],[-3,5],[-4,-1],[-6,6],[-1,4],[3,17],[-4,5],[-4,-3],[3,21],[27,-5],[1,-4]],[[6562,4958],[-6,-5],[-2,4],[1,13],[9,-2],[2,-8],[-4,-2]],[[6548,4988],[6,-19],[-1,-9],[-8,2],[0,8],[-4,5],[6,4],[-4,5],[5,4]],[[6526,5462],[-2,-11],[-7,-1],[-1,9],[9,5],[1,-2]],[[6579,5472],[-7,4],[-4,9],[7,1],[1,-8],[3,-6]],[[6399,5503],[1,-6],[4,-2],[2,-6],[-9,4],[2,10]],[[6424,5515],[-8,3],[0,4],[8,3],[6,-1],[9,-4],[1,-7],[-4,-4],[-4,6],[-8,0]],[[6457,5545],[2,-8],[-6,-1],[0,11],[4,-2]],[[6439,5550],[2,-4],[-5,-5],[-2,9],[5,0]],[[6414,5574],[10,-1],[-3,-5],[-7,6]],[[6435,5564],[-3,13],[1,9],[5,-3],[0,-14],[-3,-5]],[[6446,5625],[5,-8],[-1,-6],[8,-13],[-1,-5],[-8,12],[-1,6],[-5,11],[3,3]],[[6406,5630],[3,-8],[-1,-6],[-5,0],[-1,5],[4,9]],[[6408,5651],[4,-3],[0,-6],[-4,-5],[-4,0],[0,7],[4,7]],[[6477,5680],[10,-3],[-4,-8],[-7,5],[1,6]],[[6448,5685],[-4,-7],[-3,4],[0,8],[7,-5]],[[6490,5691],[-3,-7],[-6,6],[2,2],[7,-1]],[[6435,5700],[6,8],[1,-7],[-7,-1]],[[6384,5711],[1,-4],[8,3],[-4,-21],[3,-6],[-8,-3],[-2,8],[-4,4],[0,18],[6,1]],[[6449,5710],[-10,2],[-7,5],[5,3],[7,-8],[5,-2]],[[6410,5733],[8,-10],[-7,-2],[-4,4],[3,8]],[[6385,5795],[10,-16],[-2,-3],[-7,8],[-3,5],[2,6]],[[6388,5805],[1,6],[5,2],[4,-12],[-3,-6],[-5,-1],[-2,11]],[[6667,5839],[2,6],[6,1],[-5,-8],[-3,1]],[[6379,5812],[2,7],[4,-8],[-6,1]],[[6648,5869],[3,-1],[4,-8],[8,-1],[-5,-10],[-7,3],[1,9],[-6,5],[2,3]],[[6634,5855],[2,5],[-2,5],[6,2],[0,-16],[-6,4]],[[6625,5871],[4,-7],[-2,-2],[-1,-8],[-3,-2],[-5,7],[7,12]],[[6461,5858],[10,0],[13,-5],[5,-7],[-4,-3],[-9,10],[-5,2],[-5,-7],[-5,10]],[[6437,5849],[-7,-4],[-4,2],[-5,-4],[-7,-10],[-9,-1],[-6,-4],[-6,1],[1,11],[5,0],[0,5],[-3,8],[6,0],[6,-5],[6,3],[0,8],[11,-7],[12,-3]],[[6644,5869],[-10,1],[-5,2],[-3,8],[0,7],[4,1],[5,-6],[5,-3],[4,-10]],[[6662,5889],[4,2],[9,-10],[2,-6],[-6,-6],[-7,1],[-12,13],[-8,-3],[-6,13],[5,-2],[6,3],[2,-5],[5,-4],[3,5],[3,-1]],[[6461,5858],[-9,0],[-4,9],[6,3],[9,-3],[6,1],[0,-8],[-8,-2]],[[6404,5866],[6,-2],[-4,-6],[-2,8]],[[6484,5873],[18,15],[1,-8],[-9,-10],[-9,-1],[-1,4]],[[6614,5898],[-3,-4],[-5,4],[3,3],[5,-3]],[[6689,5915],[0,-6],[-7,-2],[-1,9],[4,2],[4,-3]],[[6639,5897],[-11,10],[0,8],[12,-5],[3,7],[3,1],[5,-12],[-5,-7],[-7,-2]],[[6482,5902],[12,2],[9,9],[4,0],[3,-4],[5,6],[3,-3],[6,2],[5,9],[6,3],[4,-5],[-4,-9],[-10,-14],[-4,3],[-7,-3],[-6,6],[-3,-9],[-4,-3],[-11,0],[-5,2],[-9,-8],[-4,0],[-1,6],[1,6],[5,5],[5,-1]],[[6516,5901],[6,3],[-4,5],[-4,-3],[2,-5]],[[6502,5912],[-7,-12],[-5,1],[-8,-1],[-6,0],[-4,-6],[2,-7],[7,7],[6,2],[14,-2],[6,17],[-5,1]],[[6677,5929],[-1,10],[6,0],[0,-7],[-5,-3]],[[6553,5911],[4,9],[3,3],[9,-1],[0,-3],[-12,-3],[-4,-5]],[[6539,5930],[7,4],[9,-2],[-5,-5],[-10,-4],[-1,7]],[[6553,5943],[4,-6],[-4,-2],[-8,3],[0,6],[8,-1]],[[6548,5960],[4,2],[13,-8],[11,-9],[-7,0],[-4,6],[-8,5],[-10,-2],[1,6]],[[6476,5953],[10,-1],[7,-6],[4,-9],[-4,-5],[-6,-1],[-8,1],[-7,10],[0,6],[4,5]],[[6643,5977],[5,-3],[-1,-5],[-7,-7],[-8,-2],[-4,-7],[-4,6],[6,7],[7,2],[5,3],[1,6]],[[6516,5962],[5,-7],[7,4],[6,-2],[-1,-6],[-6,-2],[-7,4],[-2,-2],[-2,-10],[-4,3],[3,8],[-5,2],[6,8]],[[6668,5984],[6,-1],[1,-7],[-6,-3],[-3,9],[2,2]],[[6614,5988],[10,1],[4,-3],[-16,-7],[-7,-9],[-11,1],[2,4],[7,-3],[6,7],[5,9]],[[6464,5974],[6,2],[11,-3],[9,-1],[0,-5],[6,-1],[3,-9],[-5,-3],[-18,4],[-8,-4],[-1,9],[-4,1],[-2,5],[3,5]],[[6618,6012],[9,2],[-2,-7],[-7,5]],[[6645,6013],[-2,-10],[-7,3],[0,11],[4,4],[5,-8]],[[6448,6001],[-11,-21],[-6,9],[-5,-7],[-3,6],[4,12],[-1,10],[6,-1],[4,-4],[5,2],[2,-8],[5,2]],[[6543,6013],[-2,2],[-4,13],[7,-2],[7,-10],[-8,-3]],[[6406,6027],[9,-11],[-8,-1],[-7,-6],[-2,-11],[0,-13],[-4,-1],[-7,13],[0,6],[3,8],[-12,0],[-1,6],[9,2],[15,11],[5,-3]],[[6466,6022],[-3,-3],[-1,9],[3,6],[4,1],[3,-6],[-5,-3],[-1,-4]],[[6445,6016],[-6,9],[-1,6],[6,-1],[5,-11],[-4,-3]],[[6381,6024],[5,3],[12,13],[-1,-11],[-12,-7],[-4,2]],[[6521,6061],[2,5],[5,4],[5,-2],[6,-33],[-6,2],[-5,10],[-4,0],[-2,6],[-1,8]],[[6506,6063],[-2,5],[10,10],[9,1],[3,-2],[-5,-10],[-3,2],[-1,-13],[-4,2],[-9,0],[2,5]],[[6490,6063],[13,-18],[9,-4],[0,-5],[-9,8],[-6,7],[-13,10],[-15,10],[-4,8],[-2,8],[-8,9],[5,12],[0,7],[6,-2],[4,-11],[7,-6],[8,-23],[9,-6],[-4,-4]],[[6461,6109],[-2,-11],[2,-1],[6,8],[-6,4]],[[7249,800],[-9,3],[-11,10],[9,7],[6,-10],[13,0],[6,-4],[4,-14],[-14,5],[-4,3]],[[6900,4889],[-4,14],[-1,22],[-6,16],[3,3],[0,10],[3,8],[1,8],[-1,11],[-4,1],[8,12],[4,10],[3,21],[5,8],[2,8],[4,15],[-3,10],[4,15],[-1,9],[2,19],[3,8],[5,7],[8,16],[3,16],[-1,6],[1,13],[4,18],[7,15],[5,16],[4,8],[10,7],[8,3],[11,-1],[0,-11],[3,-4],[5,8],[-2,7],[27,7],[4,-11],[6,-2],[-3,-7],[1,-5],[-3,-16],[10,2],[-6,-11],[-2,-7],[-6,-8],[2,-8],[-7,-40],[1,-3],[-3,-18],[-7,-5],[0,6],[2,10],[-5,-1],[-1,-18],[-4,-1],[-1,-17],[-4,-5],[-5,4],[-13,2],[-9,-5],[-11,-25],[-3,-4],[-4,0],[-3,-13],[2,-7],[-5,-11],[-2,-12],[-4,-4],[-13,-7],[-13,-11],[-1,-7],[0,-11],[-2,-10],[-3,-4],[-1,-23],[2,-7],[5,-13],[3,-22],[3,-12],[-12,-4],[-3,3],[-2,9]],[[7011,5245],[1,-13],[6,7],[-3,7],[-4,-1]],[[7022,5230],[-3,-2],[6,-10],[2,2],[-1,11],[-4,-1]],[[7021,5206],[-2,-6],[-1,-13],[2,-3],[5,16],[-4,6]],[[7482,771],[10,-1],[10,1],[-1,-12],[-12,4],[-7,-2],[-10,2],[10,8]],[[7777,896],[4,-4],[-2,-6],[1,-6],[-7,-2],[-10,1],[-1,12],[-5,1],[2,7],[6,1],[12,-4]],[[7445,812],[-7,12],[-4,1],[5,10],[-8,15],[10,5],[1,-6],[9,-7],[6,2],[2,15],[3,6],[-9,1],[-7,3],[-6,-3],[-11,9],[-8,1],[-6,3],[-3,11],[-8,11],[-6,6],[-7,11],[-4,3],[-13,2],[-7,-3],[-1,5],[-5,3],[0,9],[-2,3],[-10,-2],[-8,2],[-11,-1],[-9,4],[-8,-3],[-4,6],[-14,16],[-2,7],[-6,5],[6,4],[6,-12],[13,-8],[1,-5],[7,0],[4,-3],[8,0],[11,6],[11,-3],[7,-5],[15,-5],[3,3],[3,13],[-5,3],[-16,5],[-8,4],[-7,9],[-3,9],[-8,13],[-9,7],[-9,11],[-13,4],[-2,11],[8,-6],[8,1],[7,-12],[14,-12],[11,-5],[1,-10],[2,-7],[5,-8],[10,-4],[3,3],[9,-6],[6,-8],[3,-8],[4,-1],[2,-6],[-3,-8],[5,-2],[15,-22],[5,1],[-3,11],[4,4],[0,-13],[4,-3],[4,16],[1,20],[5,-9],[-2,-9],[-4,-8],[-2,-20],[3,-3],[1,-10],[12,-6],[5,-5],[9,0],[3,-4],[10,-1],[3,-5],[2,-10],[8,-1],[6,-14],[-4,-11],[-10,-7],[-2,-7],[-6,-10],[-4,-1],[-4,7],[-9,-6],[-2,2]],[[7513,766],[-5,-1],[-4,12],[7,10],[3,1],[10,8],[4,7],[1,15],[-6,15],[-5,-2],[0,14],[-6,9],[-8,9],[3,10],[5,3],[5,11],[8,7],[-5,6],[-1,6],[7,11],[12,10],[-2,7],[-7,-2],[-6,5],[0,5],[-5,3],[-3,8],[1,8],[-2,11],[-8,14],[-8,6],[-8,9],[-1,6],[-8,10],[1,10],[-1,9],[-7,23],[-7,1],[-5,15],[1,14],[6,-6],[15,-1],[-1,4],[-7,10],[-3,8],[1,7],[4,7],[-3,10],[-6,4],[-2,13],[-5,2],[-3,5],[-5,0],[-8,7],[4,4],[7,-6],[8,-3],[8,-9],[-1,-8],[4,-3],[6,-11],[-2,-15],[0,-5],[9,-9],[1,-7],[-3,-9],[4,-1],[2,6],[-1,5],[3,11],[9,9],[1,34],[9,12],[7,16],[-2,5],[-6,2],[3,5],[8,-2],[4,-3],[1,-6],[-4,-10],[-10,-17],[-2,-5],[-1,-12],[0,-15],[-1,-6],[-10,-8],[-2,-5],[-1,-25],[8,8],[6,8],[5,19],[1,10],[5,7],[1,10],[3,6],[0,7],[5,-2],[1,24],[-1,13],[1,9],[7,4],[-3,-10],[1,-9],[11,-4],[-7,-4],[-5,-7],[2,-8],[-4,-6],[0,-14],[-3,-8],[0,-14],[-11,-9],[0,-9],[8,8],[8,3],[3,-4],[-9,-13],[-11,-5],[-12,-14],[-16,-13],[-1,-26],[0,-5],[5,-8],[2,-11],[11,-2],[7,-8],[1,5],[9,-3],[-2,-4],[2,-14],[6,-12],[5,-2],[3,-7],[6,-2],[6,-6],[0,-9],[-4,-11],[-9,-8],[-5,-7],[4,-13],[-8,-5],[-6,-8],[-2,-11],[-5,-8],[1,-9],[3,-7],[6,6],[7,-12],[4,3],[5,-3],[-1,-8],[-5,-8],[9,-5],[6,-9],[5,7],[3,0],[-6,-15],[-5,-1],[-8,3],[-7,-1],[0,-11],[4,-15],[-6,-3],[-2,-9],[-5,5],[-12,-8]],[[7538,941],[-5,-6],[9,0],[-4,6]],[[7527,942],[-2,12],[-5,-4],[4,-6],[3,-2]],[[7962,1117],[0,-10],[-7,6],[-1,5],[-6,-1],[-7,-5],[-7,-13],[-9,-8],[-2,-14],[-4,-3],[-6,4],[1,10],[1,20],[-11,6],[0,7],[5,5],[8,-2],[2,9],[8,3],[4,-3],[10,6],[8,-1],[7,4],[7,-20],[-1,-5]],[[8111,1308],[0,-15],[-6,-8],[-8,2],[-2,7],[4,6],[12,8]],[[7459,1644],[-2,-10],[4,-7],[-2,-11],[-5,-5],[-8,-14],[-4,1],[-4,-8],[-6,-5],[-4,-8],[0,-11],[-4,-3],[-1,-7],[2,-4],[-6,-12],[-2,-10],[2,-4],[-1,-11],[-10,-15],[-2,6],[1,6],[6,7],[1,4],[9,38],[3,7],[0,9],[5,10],[9,11],[2,7],[14,15],[-7,0],[-2,9],[4,12],[5,5],[3,-2]],[[8548,1941],[6,-4],[-4,-7],[-7,11],[5,0]],[[8609,2092],[-9,-7],[13,-2],[15,3],[3,-14],[-2,-5],[1,-12],[-5,-13],[16,-5],[-2,12],[5,11],[8,4],[11,8],[14,4],[12,11],[-5,3],[3,9],[-6,0],[8,9],[12,9],[8,1],[3,4],[9,6],[7,6],[12,8],[3,0],[2,11],[8,8],[7,1],[3,5],[5,3],[2,12],[9,2],[4,-4],[12,-3],[2,5],[17,5],[1,8],[-3,1],[-10,-4],[1,8],[4,1],[9,6],[14,11],[12,-1],[4,17],[-8,6],[-5,6],[-7,1],[-14,-6],[-7,-7],[-13,-2],[0,7],[9,-1],[15,10],[3,5],[8,1],[15,-5],[4,-3],[14,-2],[4,7],[-4,2],[3,18],[8,0],[-3,9],[-6,-2],[-8,1],[-7,8],[-5,1],[-5,-2],[-17,-1],[-4,2],[-2,7],[-7,9],[1,12],[-4,4],[-4,-8],[-5,-7],[-7,3],[-20,0],[-7,9],[-5,3],[-5,16],[1,12],[-1,9],[-6,-3],[2,11],[4,-5],[-1,20],[-9,1],[-6,6],[-5,-3],[-14,-2],[5,7],[1,11],[6,14],[8,8],[10,8],[0,7],[-10,2],[-19,12],[-13,0],[-7,3],[-11,-4],[-2,-3],[2,-9],[7,-9],[2,-7],[-3,-6],[-5,-3],[-7,2],[-5,4],[-5,1],[-5,4],[-6,8],[-1,13],[-9,5],[-9,-1],[-8,1],[0,-5],[3,-3],[-2,-8],[-12,-2],[-15,5],[-6,-1],[-8,4],[-5,7],[-5,4],[-12,-2],[-12,3],[-11,15],[-16,11],[-7,9],[-7,2],[-7,-3],[-14,-3],[-13,5],[-1,4],[-6,3],[-3,-5],[-5,-3],[-10,-1],[-8,6],[-8,8],[-8,4],[-10,-1],[-18,4],[-5,-1],[-3,5],[-15,8],[-7,12],[-9,9],[0,6],[5,2],[2,11],[6,1],[2,6],[9,-1],[6,-2],[4,2],[-2,8],[-5,10],[0,4],[8,-1],[9,-15],[0,-4],[-8,-8],[3,-4],[5,0],[9,-6],[4,1],[3,-4],[6,-4],[6,2],[1,6],[5,4],[7,-1],[1,-3],[8,-1],[4,-9],[8,0],[5,-4],[4,3],[11,-13],[7,-2],[7,-4],[14,0],[12,-8],[3,7],[5,0],[7,-5],[-1,-7],[5,-3],[2,-6],[8,-7],[17,-3],[12,4],[3,-5],[12,-9],[2,-4],[-3,-17],[2,-3],[10,1],[0,5],[6,18],[2,4],[8,8],[4,-3],[-3,-6],[-2,-9],[2,-3],[9,-1],[4,-4],[8,-2],[13,-16],[1,-12],[7,-5],[3,3],[-5,16],[1,7],[5,6],[3,12],[10,8],[8,-5],[3,-11],[11,-2],[4,2],[9,-6],[4,-7],[6,-4],[15,2],[5,-11],[-4,-7],[2,-7],[10,0],[2,-7],[6,-8],[5,-17],[4,-10],[5,2],[3,-3],[-1,-9],[7,-12],[7,5],[-5,18],[-4,7],[5,6],[9,-5],[5,6],[4,-2],[2,-5],[9,0],[15,3],[6,7],[-5,7],[-2,10],[5,6],[2,6],[6,-1],[15,7],[3,9],[10,-1],[-3,-12],[1,-5],[9,1],[-5,-9],[3,-8],[-5,-4],[-5,4],[0,-15],[10,-13],[3,2],[5,-6],[15,-4],[5,4],[11,1],[16,6],[-7,5],[-5,0],[-4,8],[7,3],[2,5],[-1,7],[5,12],[7,2],[-7,-14],[1,-7],[-3,-10],[2,-6],[5,2],[8,-3],[5,6],[10,6],[0,8],[8,-4],[10,8],[10,14],[10,1],[4,-9],[14,10],[1,-12],[7,8],[7,-5],[-3,-12],[2,-10],[-6,1],[-5,-4],[-11,-2],[4,-4],[-4,-4],[-5,3],[-3,13],[-7,5],[3,3],[-3,13],[-4,-1],[-6,-10],[0,-6],[-9,-14],[1,-5],[8,4],[1,-4],[-4,-6],[-2,-7],[3,-8],[-5,0],[3,-18],[-1,-30],[4,-2],[11,-1],[16,4],[6,-6],[6,-14],[5,13],[4,3],[0,8],[14,6],[6,-2],[3,-10],[5,-9],[7,3],[8,11],[8,4],[14,-1],[8,1],[25,7],[14,-4],[0,10],[6,-10],[6,1],[9,-3],[7,-6],[8,7],[9,2],[6,11],[-1,9],[-10,10],[5,9],[-11,-2],[11,10],[2,-2],[3,-13],[-2,-3],[5,-8],[4,-9],[-1,-5],[7,0],[2,-4],[9,4],[0,-11],[-16,-6],[-19,-9],[-5,1],[-8,-5],[-18,-7],[-18,-9],[-3,2],[-7,-4],[-32,-10],[-6,-4],[-11,4],[-7,0],[-6,-15],[-10,3],[-11,-7],[-6,2],[-10,-6],[-10,-9],[-4,-1],[-14,-8],[-16,-11],[-6,-6],[-17,-8],[-2,-1],[-15,-8],[-4,2],[-8,-1],[-5,-4],[-8,3],[-3,-1],[3,-10],[11,1],[-6,-10],[4,-3],[11,9],[7,1],[4,4],[17,11],[6,5],[7,2],[9,7],[10,2],[28,18],[18,7],[30,17],[14,4],[-27,-17],[-18,-8],[-32,-18],[-25,-16],[-7,-2],[-9,-4],[-14,-12],[-7,-3],[-17,-12],[-8,-8],[-11,-7],[-5,-1],[-4,-5],[-7,-3],[-13,-13],[-8,-4],[-12,-8],[-3,-6],[-10,-6],[-7,-8],[-13,-11],[-6,-1],[-3,-6],[-6,-2],[-9,-8],[-12,-14],[-7,-4],[-2,-4],[-12,-11],[-6,-4],[-2,6],[-4,-13],[-4,-1],[-6,-7],[-8,-2],[-4,-8],[-7,-9],[-5,-2],[-3,2],[-5,-12],[-4,-1],[-6,-6],[-8,-5],[-4,-7],[-5,0],[-6,-10],[-5,-2],[-6,-9],[-1,-5],[-15,-16],[-7,-3],[-2,-6],[-4,-2],[-4,-5],[-6,-1],[-3,-10],[-9,-7],[-3,-5],[-6,-6],[-13,-15],[-12,-10],[-9,-10],[-3,-2],[-11,-15],[-20,-21],[-13,-16],[-9,-7],[-16,-22],[-12,-13],[-10,-12],[-5,-5],[-13,-16],[-3,1],[-2,-7],[-12,-15],[-4,0],[-3,-4],[-6,1],[-1,-9],[-4,-9],[-8,-7],[-12,5],[-4,-6],[-1,-9],[4,-7],[-9,-11],[-9,-9],[-9,-14],[-18,-23],[-14,-9],[-2,-10],[-5,-6],[-9,-10],[-6,-2],[-13,-18],[-10,-10],[-5,-2],[-2,-8],[-6,-11],[-8,0],[-3,-4],[-3,-11],[-5,-7],[-5,-4],[-2,-7],[-5,-5],[-5,-9],[-9,-11],[-11,-15],[-11,-6],[-6,-15],[-9,-10],[-10,-12],[-15,-8],[-3,-13],[-19,-23],[-7,-2],[-6,3],[0,5],[8,15],[3,12],[-6,-3],[-4,-6],[-7,-4],[1,-4],[-6,-3],[-2,-6],[6,-16],[0,-12],[-4,-6],[-2,10],[4,7],[-7,10],[-15,9],[0,5],[-6,6],[0,8],[-7,9],[0,4],[-7,5],[-5,7],[-7,-1],[-17,2],[-5,10],[-6,0],[-15,12],[-15,5],[-9,6],[-7,-2],[-3,8],[-6,3],[2,6],[-13,4],[-6,-2],[-13,4],[-6,15],[-2,15],[-9,5],[-4,-9],[-3,3],[3,6],[-11,6],[-16,-1],[-14,4],[-9,9],[-8,2],[-7,-3],[-4,9],[2,6],[-10,5],[1,9],[-3,4],[0,6],[-4,4],[-17,1],[-4,10],[-10,-3],[-3,5],[-6,-5],[-5,-21],[-6,2],[-2,3],[-6,-3],[-5,5],[-10,6],[-12,-3],[-11,0],[-11,3],[-6,4],[-17,-7],[-5,0],[-14,18],[-8,0],[-9,2],[-5,-2],[-10,14],[-5,2],[-5,-2],[-13,13],[-8,10],[-8,-2],[-6,1],[-2,8],[-9,-5],[-5,1],[-1,-4],[-6,-5],[-9,-3],[-4,3],[-4,-5],[-3,-9],[-7,-2],[-10,-9],[-18,-7],[-9,-2],[-6,-6],[-1,-4],[-9,-9],[-2,-6],[-8,-6],[-4,-10],[-10,-7],[-7,-12],[-7,-3],[-2,-7],[-6,1],[-11,-10],[-4,-12],[-8,-12],[-3,-12],[-5,0],[3,11],[5,10],[5,18],[6,7],[12,9],[5,6],[1,10],[8,-4],[13,14],[4,13],[10,7],[5,7],[12,8],[8,7],[9,3],[12,9],[14,4],[3,6],[0,4],[5,5],[8,-1],[2,4],[8,8],[11,6],[5,-3],[10,3],[10,-4],[6,-10],[8,-9],[0,-5],[11,3],[6,-1],[7,-8],[2,-12],[12,7],[10,-5],[7,-5],[13,-4],[7,3],[9,-4],[11,2],[8,-4],[12,-1],[4,-5],[14,-3],[7,-7],[7,6],[7,2],[4,11],[7,5],[11,-5],[7,-1],[1,-6],[10,3],[5,-4],[9,1],[3,-8],[-1,-11],[7,-5],[10,-12],[3,-5],[8,-4],[16,-5],[8,4],[13,-4],[2,-3],[15,-2],[11,-9],[2,-4],[-1,-9],[2,-7],[0,-9],[5,1],[1,-5],[7,2],[8,-5],[7,-2],[4,-5],[1,-6],[5,-4],[10,-4],[5,0],[4,-6],[6,3],[10,-5],[7,-10],[5,-2],[12,-2],[4,-4],[12,-7],[7,1],[3,-3],[9,-3],[2,-8],[9,-12],[-3,-10],[3,-11],[9,-5],[8,5],[11,14],[3,0],[14,19],[24,32],[3,2],[6,10],[8,9],[5,4],[7,13],[8,7],[4,7],[5,5],[19,25],[7,7],[12,14],[1,7],[7,1],[2,3],[8,10],[7,13],[11,11],[4,8],[11,13],[1,4],[15,17],[10,9],[8,3],[2,7],[-2,9],[3,1],[6,14],[6,7],[12,6],[15,14],[8,8],[-6,4],[4,6],[9,6],[3,9],[8,1],[0,3],[8,2],[4,4],[1,7],[9,11],[1,8],[4,10],[17,4],[4,10],[-4,5],[7,5],[5,6],[2,7],[6,5],[4,7],[11,5],[12,-1],[-5,8],[10,13],[19,20],[25,24],[25,28],[31,31],[0,2],[21,20],[6,7],[9,8],[3,5],[11,7],[2,4],[15,13],[9,4],[1,6],[4,4],[13,8],[14,4],[10,8],[4,18],[8,8],[10,6],[3,5],[13,8],[9,10],[11,7],[7,10],[16,8],[15,11],[5,5],[7,3],[0,4],[-3,11],[-4,5],[-3,-2],[-4,7],[-5,0],[-10,-7],[16,-1],[0,-4],[-10,-3],[-8,1],[-1,-5],[3,-4],[-13,-3],[-3,4],[-6,-1],[-8,-6],[3,-3],[-17,-4],[-7,-3],[-11,-15],[0,-15],[6,-2],[-11,-8],[-15,-8],[-2,-6],[-7,-9],[-4,0],[-6,-5],[-10,0],[-5,-10],[1,-14],[4,6],[12,5],[7,-6],[-6,-6],[-18,-3],[-6,-3],[-16,-16],[-8,-5],[-7,-12],[-10,-15],[-6,-5],[-7,-3],[-5,3],[-6,-1],[-7,1],[-12,-7],[-15,-1],[0,-4],[-11,-10],[1,12],[-3,7],[-15,-11],[-9,-21],[-3,-4],[-5,2],[-9,-1],[-5,6],[-12,-7],[-10,2],[-12,-10],[-6,-16],[7,-6],[-5,-6],[-5,-12],[-5,-4],[-4,-14],[-4,-1],[-1,-9],[-8,-11],[-2,-7],[-4,3],[-5,-13],[-7,-3],[-5,4],[1,8],[-8,6],[-6,-9],[0,-8],[-5,-6],[-9,-6],[-11,-18],[1,-3],[-4,-12],[3,-5],[-7,-17],[-1,-3],[-7,-17],[-5,-16],[-7,-6],[-8,-15],[-3,2],[-3,-2],[-4,0],[-8,-5],[-3,9],[-10,5],[-4,-9],[-6,-8],[-12,-1],[-15,4],[-2,6],[-8,0],[-9,8],[-16,6],[-4,7],[-10,0],[-12,4],[-13,7],[-6,5],[-12,0],[-5,5],[-11,2],[-21,10],[-4,4],[-4,-3],[-5,4],[-11,-1],[-12,5],[-9,-2],[-17,0],[-7,-3],[-3,7],[-13,6],[-5,8],[-9,-3],[-11,-1],[-17,-7],[-6,-6],[-7,2],[-6,6],[-8,-8],[-4,-2],[-9,3],[-3,4],[-6,-5],[-4,3],[-8,-3],[-15,-1],[-8,-6],[-5,4],[-9,-1],[-6,-5],[-8,2],[-4,5],[-8,0],[-6,8],[-17,-2],[-3,12],[-15,-2],[-6,1],[-2,-5],[-9,-6],[-11,-1],[-9,-8],[-19,0],[-4,-5],[-4,3],[-7,0],[-5,3],[-8,-1],[-7,5],[-6,1],[-3,10],[4,9],[-3,3],[-11,4],[-1,5],[-5,-1],[1,-8],[-6,-6],[-8,-6],[-3,3],[2,11],[-10,3],[-7,-8],[-5,-1],[-7,-8],[-5,-2],[-10,0],[-6,-2],[-13,2],[-5,-10],[-8,-3],[-5,-5],[-6,-1],[-6,3],[-6,-4],[-11,0],[-5,-1],[-4,4],[-8,-2],[-11,1],[-3,-2],[-6,5],[-8,-2],[-1,-7],[-6,1],[-4,5],[2,10],[-5,10],[-4,1],[-8,-6],[-7,-9],[-5,3],[8,10],[-1,5],[-7,0],[-5,4],[-7,-1],[-7,2],[-6,-6],[-14,-4],[-4,-24],[-5,2],[1,10],[-2,7],[-7,-4],[1,-7],[-3,-3],[-9,-2],[-8,1],[-5,3],[-8,-5],[-5,-6],[-7,-4],[-6,3],[-6,-3],[-6,3],[-11,2],[0,-8],[-8,4],[-3,-2],[-8,5],[-3,-6],[-6,0],[-6,3],[-9,-6],[-9,1],[-2,-2],[-11,-1],[-6,-2],[-6,1],[-5,-5],[-5,2],[-2,7],[-13,5],[-6,1],[-8,-5],[-6,-2],[-5,4],[-7,-7],[-7,-3],[4,-13],[-2,-8],[4,-3],[-1,-5],[2,-10],[5,-8],[-3,-4],[-2,-12],[1,-10],[-4,-9],[5,-5],[-8,-12],[1,-6],[-4,-12],[4,-10],[4,-3],[1,-7],[-3,-7],[2,-7],[-1,-16],[-1,-6],[3,-13],[2,-19],[-2,-10],[-11,0],[-1,-18],[-3,3],[2,16],[10,3],[-2,6],[0,19],[-6,6],[1,33],[-5,19],[2,9],[-2,11],[4,9],[-1,9],[5,4],[0,7],[-3,4],[3,10],[2,16],[2,11],[-4,4],[-3,6],[0,8],[-10,12],[-5,-1],[-18,8],[-12,1],[-11,-2],[-1,-12],[-4,-10],[-6,-2],[-8,-18],[-7,-1],[-10,-7],[-11,-4],[-4,-10],[-5,-16],[0,-18],[-3,-6],[9,-16],[-3,-3],[-6,13],[-2,8],[3,7],[-7,4],[2,9],[2,15],[-3,3],[-4,-7],[-9,-8],[-3,-8],[3,-2],[-4,-8],[-5,-2],[-4,-6],[-1,-14],[8,-6],[2,-8],[-2,-5],[8,-2],[5,-5],[1,-11],[3,-7],[5,-2],[7,-13],[-5,-3],[-8,10],[-3,13],[-10,7],[-5,6],[-4,-5],[2,-4],[-4,0],[-1,-13],[2,-9],[-7,1],[-8,6],[7,18],[2,16],[-2,4],[2,9],[4,2],[0,15],[7,14],[-1,6],[5,9],[3,25],[5,3],[8,-1],[14,1],[8,2],[6,6],[13,1],[10,13],[3,10],[-3,8],[-17,0],[-3,4],[-5,-2],[-10,0],[-6,11],[-8,2],[-5,-1],[-7,3],[-5,8],[-9,-3],[-2,2],[-7,-2],[-10,2],[-3,-5],[1,-6],[-6,-2],[-1,8],[-9,0],[-1,3],[-8,1],[-7,-4],[-13,2],[-3,-5],[-8,2],[-5,-9],[3,-12],[0,-15],[5,-17],[4,-3],[0,-5],[5,-4],[-2,-6],[-1,-19],[-4,-11],[-2,-2],[0,-11],[2,-6],[-4,-3],[-2,-5],[-10,-1],[-3,-6],[-18,-4],[-7,-7],[-7,-25],[2,-15],[-1,-9],[4,-10],[10,-7],[-2,-8],[1,-7],[-3,-5],[0,-7],[-5,-8],[-2,-7],[3,-4],[-1,-15],[-2,-10],[4,-5],[5,0],[7,-5],[0,-10],[4,0],[-1,-7],[-5,2],[-2,-5],[7,-12],[-1,-6],[3,-9],[5,2],[5,-6],[-2,-5],[2,-14],[-6,-17],[-3,14],[2,2],[-3,10],[-5,9],[-7,16],[-2,9],[1,13],[-3,7],[-5,3],[-6,-5],[2,15],[0,11],[-5,0],[1,-8],[-5,-12],[-6,-3],[-2,-6],[1,-6],[-6,-4],[-4,-8],[-7,3],[-4,-11],[-6,-8],[0,-12],[-6,-16],[-7,-16],[2,-12],[-7,-17],[0,-11],[-1,-9],[-3,-6],[-5,3],[5,14],[-6,7],[8,14],[-3,8],[-5,-9],[-4,-1],[-9,-16],[-1,6],[14,16],[4,10],[10,11],[-1,4],[6,12],[-1,14],[6,9],[4,1],[7,19],[9,1],[2,7],[4,7],[5,14],[5,7],[2,7],[5,4],[3,16],[-4,10],[6,19],[7,6],[-2,7],[-5,7],[-2,9],[0,8],[-2,11],[1,7],[8,25],[8,7],[14,3],[4,3],[-1,9],[5,5],[3,8],[-3,8],[1,7],[4,6],[6,0],[-1,11],[-3,12],[4,8],[-1,11],[-4,9],[0,15],[-3,9],[0,6],[-12,6],[-9,-5],[-14,-4],[-2,3],[6,4],[-1,7],[-7,-4],[-2,3],[1,6],[-16,3],[-6,4],[-5,1],[-5,5],[-6,0],[-2,3],[-17,-2],[0,5],[-6,3],[-12,1],[1,-8],[-5,-8],[3,-7],[1,-11],[-1,-9],[4,-17],[0,-15],[-1,-11],[-3,-7],[2,-7],[0,-9],[-5,-2],[-2,18],[4,9],[-1,7],[2,18],[-6,15],[1,8],[-1,7],[-7,9],[-3,8],[-6,-8],[-9,-7],[0,-4],[-8,-7],[-5,2],[-5,-5],[-10,0],[-11,-7],[-10,-3],[-11,-9],[-2,-7],[-9,-5],[-7,-12],[-20,0],[-9,-5],[-11,-2],[-13,2],[-32,9],[-21,-2],[-8,12],[-11,2],[-8,-6],[-15,2],[-10,-3],[-15,0],[-13,-10],[-3,-10],[-4,4],[-6,1],[-8,-15],[-5,-1],[0,6],[-6,-1],[-11,-15],[-2,4],[4,8],[10,7],[3,6],[-7,0],[-10,-9],[-4,4],[-4,-6],[1,-5],[-13,-2],[-4,-15],[-5,-11],[-4,-17],[-4,3],[2,6],[-6,6],[5,3],[6,7],[4,12],[-1,5],[-21,-15],[-6,-1],[-8,-6],[-1,4],[15,12],[2,2],[11,6],[4,6],[-3,3],[-8,-3],[5,11],[-4,8],[0,16],[3,16],[-3,6],[-6,3],[-10,7],[3,8],[7,5],[-3,17],[-9,6],[-2,5],[9,-1],[-5,22],[-4,11],[-7,4],[-5,0],[-4,10],[7,-3],[1,-5],[8,-4],[3,-4],[5,-14],[3,-11],[2,-15],[4,5],[0,17],[-2,13],[5,-4],[2,-30],[0,-11],[-3,-12],[3,-13],[9,9],[7,15],[5,-5],[-10,-12],[-5,-10],[-4,-25],[3,-3],[0,-17],[3,-7],[5,-6],[9,-1],[14,13],[2,9],[4,-5],[7,4],[6,2],[17,13],[6,6],[11,1],[8,5],[8,-1],[9,5],[7,2],[10,-1],[3,-5],[12,5],[-1,5],[-7,7],[-7,18],[7,0],[-1,7],[-10,24],[-1,11],[2,20],[-5,11],[-7,7],[-6,13],[-1,17],[-1,7],[-4,2],[-7,0],[-9,11],[-6,1],[-1,7],[3,4],[-12,10],[3,5],[6,-1],[3,-10],[8,0],[4,4],[1,6],[4,1],[-3,-12],[-8,-4],[0,-6],[4,-6],[6,2],[7,-4],[5,1],[0,-22],[4,-8],[0,-8],[6,-1],[6,-14],[1,-7],[5,-3],[5,2],[2,-10],[-1,-13],[5,-15],[0,-7],[4,-5],[4,4],[5,-6],[-9,-7],[1,-11],[6,-7],[4,-13],[14,-7],[8,0],[9,3],[1,3],[17,7],[2,-5],[24,5],[13,9],[11,-3],[9,8],[10,0],[4,-4],[9,-1],[5,-9],[11,-1],[8,7],[2,6],[10,10],[7,2],[8,5],[8,8],[7,2],[-4,5],[1,5],[7,-2],[5,-5],[15,8],[0,9],[11,0],[6,-4],[1,-6],[6,-1],[11,-6],[13,-5],[8,-12],[8,-2],[11,3],[5,-1],[3,-6],[-1,-10],[5,-1],[-6,-14],[12,5],[9,6],[7,-5],[6,2],[3,4],[5,3],[9,-1],[7,3],[2,6],[7,1],[4,-5],[8,0],[11,6],[6,7],[4,-4],[6,4],[7,0],[14,9],[3,-6],[4,4],[-1,5],[7,12],[7,3],[5,-6],[2,-11],[4,-4],[6,-9],[3,-10],[4,9],[10,-10],[6,-1],[2,4],[8,4],[1,-8],[5,-5],[3,6],[4,4],[0,13],[2,8],[7,2],[1,7],[6,4],[2,-9],[3,-2],[-5,-11],[4,-8],[8,4],[6,-2],[-5,10],[-4,17],[-3,7],[4,5],[5,-14],[0,-8],[9,-12],[17,13],[6,-2],[9,2],[4,5],[5,3],[7,-5],[10,3],[-2,10],[-3,6],[-1,6],[-9,8],[0,7],[-3,8],[-6,4],[-3,12],[-8,6],[3,3],[5,-7],[5,-2],[-1,-5],[6,-7],[7,0],[1,-20],[5,-9],[2,-8],[8,-3],[0,5],[7,-1],[-6,15],[4,4],[-4,5],[-3,15],[4,14],[5,2],[3,9],[-3,2],[-2,4],[-14,6],[-2,5],[-9,9],[1,3],[10,-1],[3,2],[7,-2],[3,-3],[8,0],[9,-5],[1,-10],[-6,-3],[-3,-11],[5,2],[0,-8],[-8,-2],[0,-8],[-4,-7],[-2,-10],[2,-9],[3,-2],[0,-8],[5,-9],[-2,-4],[-8,-1],[-6,-6],[4,-10],[5,4],[7,-1],[3,-3],[6,2],[3,-4],[6,1],[9,6],[1,-5],[8,-4],[8,25],[1,-11],[11,-3],[2,7],[7,4],[9,-2],[13,-9],[9,-1],[12,6],[12,-2],[13,10],[-5,5],[-5,13],[-11,13],[-4,8],[-6,29],[5,0],[2,-15],[5,-17],[11,-12],[6,-10],[5,-7],[3,-8],[6,1],[7,9],[11,4],[5,11],[4,5],[12,0],[5,6],[-1,5],[6,7],[3,7],[5,3],[2,14],[8,-11],[-4,-3],[1,-18],[-6,-15],[8,-3],[4,-11],[-3,-9],[3,-4],[10,-1],[11,5],[11,2],[3,-1],[6,2],[7,6],[6,-1],[1,-4],[9,-2],[9,7],[1,-3],[14,0],[10,8],[4,-4],[6,-1],[9,5],[7,-1],[9,4],[11,-2],[6,-9],[4,3],[5,8],[4,2],[-4,5],[12,8],[-1,6],[-2,9],[1,7],[6,2],[-2,-9],[5,-12],[1,-10],[4,-8],[4,-1],[6,2],[8,0],[8,-2],[6,0],[6,-7],[2,-11],[4,0],[4,8],[5,1],[1,-4],[5,-5],[7,3],[9,-2],[3,-7],[7,6],[8,3],[4,-3],[2,5],[10,5],[5,-1],[10,7],[7,-4],[5,6],[9,0],[12,-7],[6,1],[7,-4],[3,-6],[4,1],[8,-6],[3,10],[-9,1],[-6,8],[-6,2],[-9,7],[-8,10],[-3,13],[3,6],[8,2],[8,-9],[6,1],[7,-5],[7,8],[0,11],[2,4],[7,2],[6,-4],[-6,18],[-6,4],[-9,-1],[-13,7],[-9,-2],[-6,2],[2,16],[-3,12],[-7,-3],[-3,5],[-7,6],[-6,15],[-4,4],[2,5],[7,5],[-6,11],[0,7],[4,7],[-13,13],[-4,8],[-6,5],[-2,4],[-8,0],[-3,6],[-5,4],[-6,-1],[-5,8],[-5,3],[-13,0],[-7,-4],[-8,-1],[-3,-10],[-8,6],[-10,3],[0,5],[-9,4],[-2,6],[2,8],[-7,2],[-3,-3],[-11,-2],[-16,8],[-7,0],[-4,-6],[-11,-2],[-5,4],[2,6],[-7,3],[-11,0],[-3,-2],[-6,9],[-7,1],[-4,-1],[-5,7],[-5,-4],[-5,6],[-14,1],[-2,5],[-4,0],[-7,-4],[-5,5],[-8,2],[-1,-5],[-4,-4],[-5,1],[-6,-4],[-11,0],[-6,-6],[-7,-4],[-12,-2],[-2,-6],[-4,-2],[-17,6],[-11,-4],[-4,-3],[-12,6],[-5,-1],[-4,7],[-7,3],[-1,5],[-5,-1],[-9,-4],[-8,4],[-11,1],[-9,4],[-1,7],[-7,5],[0,5],[3,7],[8,3],[5,22],[-3,8],[9,3],[-1,-9],[3,0],[4,-8],[14,-2],[7,3],[7,-7],[4,-7],[13,1],[3,-11],[11,8],[5,-2],[4,6],[7,-1],[7,2],[3,-2],[4,6],[11,4],[10,3],[1,6],[16,-2],[3,4],[7,-3],[1,-7],[6,-12],[4,0],[2,-5],[9,-4],[3,5],[5,0],[6,4],[7,-5],[8,1],[4,-3],[6,0],[8,-5],[2,-5],[4,1],[14,-9],[4,0],[6,-10],[1,-5],[5,0],[9,12],[7,7],[3,6],[0,5],[17,-6],[12,-1],[4,3],[2,9],[-1,9],[-12,7],[-11,2],[-5,5],[-4,-16],[-5,6],[2,10],[-5,3],[1,8],[-9,1],[-5,-3],[-8,11],[-7,6],[6,6],[-4,21],[0,8],[6,-1],[1,10],[-5,15],[-4,6],[-6,1],[3,17],[-7,3],[-6,8],[1,10],[-5,6],[-1,8],[-9,3],[-2,7],[-14,-8],[-6,8],[-6,1],[-7,-5],[-1,-4],[-9,-6],[-1,-13],[-4,-5],[7,-6],[4,-8],[-5,0],[-3,-7],[6,-8],[-5,0],[-8,7],[-9,1],[-3,-6],[-7,-3],[-7,6],[-5,1],[-7,6],[-2,7],[2,7],[-2,8],[1,18],[3,7],[-1,10],[-4,6],[-6,5],[-3,-2],[2,-7],[-2,-10],[-8,3],[-4,6],[-5,2],[1,5],[-11,14],[0,7],[5,2],[2,-8],[3,-1],[-1,-8],[4,-9],[5,0],[5,7],[6,2],[5,4],[9,-2],[0,5],[-9,12],[-5,1],[-3,5],[-5,15],[-8,2],[-6,10],[6,6],[3,-10],[8,-8],[3,-7],[4,-2],[6,-6],[2,-6],[9,-11],[6,-9],[3,-1],[5,-9],[6,5],[5,-5],[11,-6],[2,-8],[9,1],[6,5],[9,-1],[2,-5],[5,-3],[6,6],[3,10],[9,5],[3,-3],[6,-8],[2,-8],[7,-4],[0,-15],[8,-7],[8,0],[4,3],[8,-9],[9,-1],[7,2],[8,-1],[10,5],[8,0],[4,-2],[5,3],[3,-3],[15,3],[7,-9],[8,4],[3,-8],[5,8],[4,-3],[4,2],[10,-2],[14,-13],[1,-8],[4,-4],[0,-6],[-3,-5],[11,-11],[2,-5],[-7,-3],[2,-6],[7,-5],[-5,-15],[13,-21],[5,-11],[5,-4],[-7,-9],[0,-5],[10,-6],[4,-9],[5,2],[5,-7],[-10,-6],[9,-3],[-2,-13],[-4,-11],[1,-7],[4,-4],[4,-18],[4,0],[3,-5],[-4,-7],[12,-2],[-1,-4],[4,-7],[0,-9],[3,-4],[-1,-6],[4,-2],[3,-17],[5,-5],[-4,-6],[1,-7],[6,0],[1,-7],[6,-1],[1,-6],[11,2],[3,-2],[6,-7],[-1,-9],[9,-6],[2,-7],[4,-2],[-3,-15],[-6,-2],[-4,-4],[12,-9],[-1,-6],[7,-1],[5,-9],[3,3],[-1,7],[12,1],[2,-4],[-5,-4],[3,-10],[11,1],[12,-8],[-1,-5],[19,-11],[6,-4],[6,12],[3,-1],[6,7],[8,1],[10,8],[5,0],[16,-7],[2,1],[9,16],[5,1],[4,-6],[2,15],[-1,13],[4,7],[0,6],[-5,9],[3,8],[-6,3],[-4,-2],[-4,7],[7,4],[13,-1],[0,4],[9,2],[-15,5],[-12,-2],[-1,3],[9,10],[1,7],[8,-6],[5,0],[0,6],[-11,10],[11,3],[-2,9],[5,5],[6,1],[7,-5],[8,0],[2,7],[5,3],[5,-1],[5,9],[-7,0],[2,-6],[-7,-1],[-4,10],[-13,3],[4,9],[-9,8],[-3,-4],[-9,4],[5,8],[5,0],[0,16],[-7,-9],[-6,-1],[-7,-6],[-8,-4],[-16,3],[-1,4],[6,3],[2,3],[-17,-3],[-7,-8],[-9,-1],[-6,7],[-9,1],[-3,6],[0,6],[-16,9],[-8,13],[-6,3],[-6,0],[-4,6],[3,4],[-5,7],[-4,-3],[-5,6],[2,4],[-12,2],[-3,4],[-11,7],[-9,-4],[-3,2],[-4,8],[-1,9],[4,3],[-1,7],[-4,1],[-5,9],[-13,10],[-2,14],[1,7],[-9,7],[-8,17],[-5,7],[-2,7],[2,7],[-6,15],[-9,10],[-6,12],[-5,7],[-3,17],[-7,12],[0,7],[-5,11],[1,9],[-3,4],[2,6],[4,3],[1,10],[-3,7],[-1,8],[-4,13],[-7,3],[-2,20],[6,22],[9,14],[0,13],[-4,-2],[-4,9],[-13,6],[-6,6],[-6,0],[-5,7],[-3,-1],[-11,-13],[6,14],[5,8],[8,6],[11,3],[5,-6],[10,-14],[8,10],[10,0],[5,3],[16,19],[-1,-6],[1,-6],[-7,-9],[1,-4],[-6,-9],[-7,-5],[1,-8],[-5,-6],[-5,2],[-1,-9],[5,-7],[-2,-3],[12,-13],[1,-8],[12,-16],[2,-13],[8,1],[1,-5],[5,1],[1,5],[5,0],[4,-4],[5,3],[0,6],[6,7],[7,3],[0,6],[-6,4],[0,6],[3,3],[4,11],[7,4],[7,-3],[6,5],[9,0],[17,17],[-6,-12],[-11,-11],[-7,2],[-7,-4],[-12,0],[-7,-13],[5,-7],[-1,-10],[-13,-10],[1,-4],[-3,-7],[-8,3],[-4,-9],[-16,-10],[-3,-5],[1,-19],[6,-11],[-2,-5],[4,-5],[-2,-2],[0,-11],[-9,-15],[5,-6],[6,-1],[1,-8],[9,-5],[-2,-5],[6,-3],[2,4],[15,-10],[-3,-12],[11,-6],[6,-5],[2,-6],[7,-9],[3,-12],[-3,-10],[13,1],[4,-8],[-2,-9],[4,-3],[7,7],[4,-8],[-4,-8],[2,-9],[8,-7],[6,-9],[7,-1],[6,-5],[-1,-7],[8,0],[8,-4],[-1,-7],[2,-8],[8,-6],[2,-7],[6,-2],[8,-17],[5,-6],[-1,-10],[7,3],[10,-2],[5,0],[6,6],[2,7],[7,-4],[3,1],[7,-4],[7,3],[6,-3],[15,4],[7,4],[7,-3],[5,5],[6,0],[12,-4],[5,-10],[8,-3],[2,-7],[5,5],[7,2],[6,-6],[7,-2],[2,-17],[14,2],[6,6],[1,4],[-10,12],[0,8],[10,7],[-2,-7],[7,-7],[0,-6],[3,-6],[2,-11],[-6,-1],[2,-8],[-3,-6],[1,-7],[4,-1],[11,2],[10,-3],[6,-5],[7,4],[5,6],[8,4],[11,3],[4,6],[7,-3],[5,3],[7,-3],[8,-1],[9,3],[1,-4],[8,5],[7,-2],[10,4],[6,1],[5,-14],[3,13],[4,3],[9,18],[5,6],[7,4],[3,6],[7,-6],[11,2],[10,-2],[6,5],[12,-7],[10,-4],[5,0],[0,8],[9,-6],[6,8],[-1,3],[-9,0],[-7,5],[-2,-4],[-13,0],[-6,9],[-6,-1],[-6,-5],[-5,1],[-14,9],[0,16],[4,7],[4,-5],[4,-9],[5,-3],[7,0],[8,5],[6,-4],[14,6],[7,-2],[14,-12],[5,2],[12,0],[2,-4],[-2,-8],[1,-10],[5,-11],[9,0],[12,16],[10,10],[18,9],[5,5],[8,0],[3,3],[8,5]],[[7144,1570],[8,-4],[0,12],[-5,4],[-3,-12]],[[7152,1603],[2,-16],[4,0],[1,12],[-6,11],[-1,-7]],[[7188,1795],[-2,-8],[-8,-7],[1,-8],[3,-3],[7,0],[7,4],[-8,7],[3,12],[-3,3]],[[7252,1772],[5,-3],[6,1],[-5,14],[-6,-12]],[[7350,1899],[-6,-7],[4,-10],[12,-3],[2,-6],[3,-2],[-2,-7],[4,-3],[2,17],[3,11],[-5,5],[-10,1],[-7,4]],[[7360,1858],[-3,-2],[-4,-10],[3,-5],[5,12],[-1,5]],[[7605,1783],[11,-2],[4,-3],[6,2],[4,6],[-1,7],[-9,3],[-6,-6],[-8,-1],[-1,-6]],[[7643,1791],[-1,-9],[10,0],[12,-4],[13,3],[11,0],[8,2],[8,7],[6,-1],[3,6],[3,-3],[13,5],[-19,7],[-3,-4],[-6,0],[-1,-5],[-10,6],[-3,-3],[-9,-1],[-5,-5],[-11,1],[-5,-6],[-9,1],[-5,3]],[[7868,2052],[-5,5],[1,4],[5,3],[2,9],[-4,8],[-8,3],[-4,5],[3,8],[1,7],[-9,11],[-7,-1],[0,10],[-2,6],[-5,1],[0,8],[4,5],[-3,7],[5,1],[0,14],[-7,2],[-5,7],[-2,7],[-6,6],[-7,-1],[-7,8],[-3,-6],[-7,-1],[-6,-4],[-1,-5],[5,-6],[-1,-7],[-4,-4],[-13,-2],[-5,-9],[1,-10],[7,-4],[-1,-5],[2,-6],[7,0],[1,-7],[13,5],[3,-6],[-4,-2],[2,-9],[-6,-9],[5,-5],[-1,-8],[2,-6],[8,-3],[1,-11],[6,-6],[-3,-12],[11,-4],[-1,9],[11,9],[4,-2],[0,-9],[7,2],[5,-6],[3,2],[8,-2],[4,6]],[[7788,2077],[6,1],[-2,10],[-4,-11]],[[7868,2150],[-3,4],[-5,-6],[6,-3],[2,5]],[[7768,2186],[-5,-2],[3,-7],[4,0],[-2,9]],[[7768,2156],[-4,-3],[-1,-10],[3,-2],[4,14],[-2,1]],[[7825,2190],[4,-6],[8,5],[0,10],[-5,6],[-3,-9],[1,-6],[-5,0]],[[8290,1530],[9,5],[-4,3],[-5,-8]],[[8438,1700],[-5,-2],[-3,-5],[5,-3],[3,2],[0,8]],[[8345,1598],[-5,-10],[-1,-5],[9,1],[2,8],[-5,6]],[[8382,1726],[-4,-6],[-4,-2],[-1,-7],[9,2],[4,4],[1,7],[-5,2]],[[7957,1852],[2,-14],[-4,-14],[-4,-8],[9,-2],[3,2],[14,-6],[2,-7],[13,6],[-1,7],[-4,0],[-10,8],[-10,2],[-5,2],[0,5],[5,7],[-4,10],[2,8],[-3,9],[-5,-2],[0,-13]],[[8131,1858],[-4,-4],[-2,-6],[-4,-1],[-1,-7],[8,0],[7,6],[0,6],[-6,0],[2,6]],[[8143,1845],[-4,-4],[5,-9],[6,5],[-7,8]],[[7919,1852],[1,-13],[5,-6],[15,-8],[3,3],[-11,12],[-6,10],[-7,2]],[[7976,1850],[-7,5],[0,-7],[3,-7],[4,9]],[[8203,1970],[9,-6],[3,4],[-5,4],[-7,-2]],[[7933,2237],[-7,-6],[1,-7],[7,3],[4,6],[-5,4]],[[7893,2394],[2,-9],[-1,-10],[4,-9],[7,-1],[2,7],[-8,4],[-4,21],[-2,-3]],[[7951,2241],[6,-3],[2,3],[-6,6],[-2,-6]],[[8185,2029],[-8,-11],[-7,-2],[-1,-7],[5,0],[5,4],[4,-5],[11,-4],[1,4],[5,2],[-3,10],[-7,2],[-5,7]],[[8250,2055],[2,-6],[4,-2],[2,7],[-8,1]],[[7954,2226],[-5,7],[-3,-6],[8,-1]],[[7615,2101],[-2,6],[-5,-12],[4,0],[3,6]],[[8005,2094],[5,5],[-7,5],[-2,-2],[4,-8]],[[7883,2410],[-4,-19],[3,1],[5,15],[-4,3]],[[7927,2314],[-4,-4],[1,-8],[3,-1],[3,5],[-3,5],[0,3]],[[7854,2470],[5,-5],[2,5],[-3,3],[-4,-3]],[[8718,1998],[-3,4],[-6,-5],[3,-6],[6,7]],[[8868,2269],[-5,0],[-2,-15],[6,3],[1,12]],[[8870,2426],[-9,-3],[3,-5],[-3,-15],[-3,-4],[9,-5],[5,9],[-3,9],[4,6],[-3,8]],[[8883,2157],[-6,-8],[-15,-11],[-5,-12],[-8,-3],[-6,-5],[1,-5],[5,3],[16,19],[4,-2],[7,5],[8,16],[-1,3]],[[8598,2054],[-7,0],[-6,5],[-7,-6],[0,-16],[11,6],[10,-1],[8,-4],[-9,13],[0,3]],[[8925,2285],[-6,1],[1,-20],[-5,1],[-1,12],[-9,3],[-5,-3],[-5,-10],[-14,6],[-6,-3],[-4,-7],[0,-8],[-5,-17],[6,-5],[11,11],[18,9],[7,6],[14,4],[1,11],[2,9]],[[8467,1999],[-6,2],[-2,13],[0,16],[-3,3],[-10,0],[4,-10],[3,-2],[2,-9],[4,-5],[-2,-8],[-10,0],[-2,9],[-10,2],[8,6],[-3,5],[-8,3],[-5,-5],[-4,-13],[4,-4],[8,-2],[5,-7],[9,2],[7,3],[3,-2],[-1,-14],[8,-3],[4,7],[-4,4],[1,9]],[[8463,2035],[5,-11],[8,-13],[5,6],[-7,2],[0,6],[-4,7],[-7,3]],[[8476,1991],[-5,-5],[5,-4],[-3,-10],[-8,-2],[-10,2],[7,-33],[2,-21],[-1,-12],[4,-3],[2,-9],[4,1],[-6,23],[2,13],[9,1],[1,9],[-6,3],[2,6],[-2,7],[6,1],[-3,16],[5,10],[4,-9],[13,5],[-2,8],[-8,2],[-4,-3],[-4,6],[-4,-2]],[[8609,2092],[0,7],[2,6],[9,-2],[0,-6],[-5,-1],[-6,-4]],[[7971,2045],[2,-13],[-4,3],[-4,15],[5,2],[1,-7]],[[7443,1954],[-5,8],[4,1],[1,-9]],[[7421,1951],[-7,4],[-5,8],[-2,9],[2,12],[7,-6],[3,-15],[7,-14],[-5,2]],[[8193,2105],[-14,2],[6,13],[2,8],[8,-6],[1,-11],[-3,-6]],[[9999,2479],[-68,0],[-6,2],[-15,0],[-3,3],[-10,-2],[-10,1],[-25,-1],[-12,1],[-4,4],[-6,-3],[-39,-3],[-12,1],[-4,-2],[-24,1],[0,9],[6,-4],[26,0],[7,-2],[4,4],[-30,0],[11,15],[3,-1],[9,7],[14,9],[16,-1],[13,6],[-14,5],[0,4],[15,0],[4,4],[4,-2],[8,5],[14,7],[10,2],[9,8],[19,8],[9,1],[-14,12],[-5,-2],[-5,4],[-18,1],[-5,4],[-5,-4],[-8,1],[12,8],[6,-3],[6,6],[-3,4],[-9,5],[-4,0],[-4,5],[-9,-2],[-12,-4],[-11,4],[-3,5],[-22,15],[-20,6],[-6,4],[-11,3],[-11,-8],[-2,3],[6,7],[-8,6],[-9,10],[-9,4],[-17,0],[-10,-8],[-5,-1],[-11,3],[-2,7],[1,10],[2,7],[10,10],[1,3],[9,16],[0,5],[5,9],[-1,6],[-10,6],[0,4],[-6,10],[4,1],[9,-8],[4,-1],[5,-5],[-2,-6],[8,-4],[2,1],[9,-5],[5,1],[5,-2],[1,-6],[13,-10],[7,4],[2,8],[12,11],[2,-5],[6,5],[15,-9],[2,-4],[-2,-7],[5,-5],[-6,-20],[6,-3],[2,-10],[3,-4],[3,-8],[6,6],[23,6],[5,6],[1,5],[22,-15],[7,4],[22,-6],[7,-5],[11,13],[2,9],[8,-10],[-1,-8],[7,-1],[8,11],[6,1],[3,10],[13,9],[-2,-11],[-6,-3],[-3,-13],[5,0],[4,-3],[-6,-7],[-1,-4],[12,-29],[-2,-13],[7,-22],[0,-11],[3,-8],[0,-30],[5,-5],[5,1],[6,-3],[1,-10],[-7,2],[-6,-8],[1,-4],[-7,-4],[4,13],[-5,1],[-4,4],[-1,8],[-7,-2],[-14,-6],[-11,-2],[-3,2],[-14,-6],[0,-4],[-7,-8],[-2,-9],[3,-8],[28,1],[6,-3],[13,1],[13,-1],[8,0],[6,-2],[6,1],[0,-6]],[[9754,2680],[-2,-7],[4,-4],[6,8],[-2,9],[-6,-6]],[[8759,4999],[-4,-4],[-4,-8],[0,-7],[-5,-7],[2,-7],[7,-13],[4,0],[4,-8],[5,-6],[4,8],[9,-2],[-8,-15],[-4,-2],[-7,6],[-7,4],[-7,10],[-12,6],[-1,4],[-7,-2],[-4,-8],[-23,-15],[4,-6],[-14,0],[-1,-7],[-10,-5],[1,-6],[9,-2],[3,-6],[13,-12],[7,-2],[6,1],[2,-16],[9,-2],[-2,-3],[-6,-1],[3,-10],[-10,3],[-5,-3],[2,-15],[6,-5],[5,2],[6,-10],[6,3],[4,-4],[0,-5],[5,0],[3,-8],[8,-14],[-11,6],[-3,-5],[-11,-10],[0,-7],[9,-6],[-6,-15],[-4,-3],[6,-9],[-12,7],[-8,3],[-3,-15],[2,-7],[-1,-9],[-6,-7],[-1,-3],[12,0],[5,-8],[-3,-7],[3,-6],[3,-1],[3,-5],[3,-13],[9,4],[4,-1],[8,6],[7,-1],[1,-6],[6,-8],[-2,-3],[-5,7],[0,-22],[6,-3],[-1,-6],[-8,7],[-2,19],[0,9],[-8,-5],[-5,-2],[-6,1],[-4,-3],[-4,4],[-5,15],[-5,4],[-2,-13],[7,-13],[2,-9],[0,-7],[-5,-4],[-1,13],[-11,20],[1,12],[-4,4],[-5,12],[1,7],[-3,3],[2,7],[9,7],[-4,10],[-7,9],[4,3],[1,7],[11,5],[7,1],[4,5],[-13,3],[-2,12],[-3,10],[2,14],[4,9],[-9,0],[1,10],[-6,19],[0,5],[4,13],[2,6],[-9,3],[-6,8],[-9,6],[-7,3],[-10,0],[-5,-4],[-15,3],[-3,-6],[1,-5],[-2,-5],[7,-6],[-7,-3],[-3,-13],[-3,3],[-4,16],[-4,-7],[-4,0],[2,-17],[-5,-3],[1,-8],[5,-10],[-1,-3],[-8,11],[-5,-2],[1,-5],[-9,-11],[0,16],[-5,4],[-4,7],[4,4],[3,7],[0,8],[-3,2],[10,7],[-6,13],[-8,3],[4,7],[-3,3],[2,7],[11,8],[0,6],[-11,9],[4,10],[2,2],[5,-8],[6,3],[8,-4],[5,-6],[4,0],[11,-6],[5,1],[8,5],[3,-3],[-2,-14],[4,2],[5,8],[6,0],[-4,8],[3,6],[3,10],[5,5],[3,7],[4,-5],[15,-4],[2,-2],[6,8],[-3,3],[1,7],[-8,8],[14,1],[0,5],[6,2],[0,-6],[-8,-12],[5,-2],[5,3],[4,-3],[11,11],[5,-1],[7,11],[4,12],[3,4],[5,1]],[[7474,4678],[5,3],[4,11],[10,9],[7,1],[4,5],[3,14],[11,14],[-8,-1],[-8,8],[3,11],[-3,8],[-6,6],[-1,7],[5,6],[0,9],[-10,12],[2,18],[-6,9],[0,7],[6,8],[1,6],[5,3],[1,10],[6,8],[5,1],[4,9],[-1,11],[-3,6],[-4,15],[-5,7],[4,2],[-1,10],[-6,10],[4,9],[6,1],[3,-5],[5,-2],[10,4],[4,-1],[1,-2],[3,4],[1,3],[2,-2],[2,1],[0,2],[3,-1],[6,6],[0,14],[3,4],[12,4],[3,-6],[7,-3],[6,4],[3,0],[8,7],[2,4],[5,-2],[0,13],[2,9],[8,8],[0,9],[4,9],[8,8],[9,6],[6,16],[8,5],[7,-8],[17,2],[3,3],[7,1],[6,4],[11,4],[7,8],[4,8],[2,-2],[-3,-8],[-10,-8],[-15,-8],[-18,-5],[-14,0],[-3,5],[-7,-1],[-2,-3],[-7,-16],[-10,-8],[-7,-11],[-3,-14],[-6,-7],[-3,-21],[-5,1],[-3,-4],[-16,-9],[-13,5],[-8,-1],[-3,-3],[-2,-14],[-7,-8],[-3,1],[-1,-1],[-1,1],[-1,-1],[1,-6],[10,-11],[5,-2],[7,-16],[7,0],[5,-7],[7,-1],[5,-6],[2,-11],[9,0],[8,-8],[7,4],[3,-1],[13,6],[5,-1],[7,1],[13,-1],[4,6],[16,-2],[1,5],[5,3],[3,8],[3,1],[7,8],[6,-3],[-1,-15],[-15,0],[-7,-9],[-11,2],[-8,-6],[-7,-2],[-16,0],[-10,0],[-13,-8],[-12,5],[15,-23],[9,-2],[3,-7],[6,-4],[24,-15],[7,-6],[5,-7],[11,-4],[6,-5],[8,0],[7,-5],[-14,-15],[-1,5],[-8,-2],[-6,4],[-3,7],[-7,3],[-10,0],[-7,5],[-7,13],[-7,-1],[-15,13],[-8,3],[-5,11],[-10,10],[-7,4],[-3,6],[-7,3],[-3,10],[-9,1],[-16,17],[-3,-4],[0,-13],[1,-4],[7,0],[15,-7],[5,-11],[10,-10],[5,-9],[0,-8],[4,-11],[5,-9],[-1,-7],[4,-3],[8,-15],[3,-12],[-3,-3],[-7,13],[-6,16],[-2,9],[-11,23],[-2,7],[-9,11],[-2,7],[-11,12],[-14,3],[-3,7],[0,7],[-2,11],[6,10],[-6,0],[-5,-4],[-6,0],[-4,6],[1,9],[-2,4],[-5,-2],[1,-14],[7,-7],[-5,-7],[2,-7],[-1,-11],[-7,-19],[-9,-9],[1,-8],[-7,-6],[1,-9],[-2,-4],[5,-6],[-2,-4],[5,-6],[-1,-9],[5,-14],[1,-6],[-5,-11],[4,-9],[1,-14],[5,-5],[10,-2],[-2,-8],[-8,-5],[-6,-18],[-5,-12],[-8,1],[-9,-8],[2,-6],[-7,-18],[1,-14],[-5,5],[-9,14],[9,10]],[[6960,5235],[-1,9],[-2,9],[-1,13],[4,12],[-6,1],[-3,4],[3,8],[-2,5],[5,3],[5,-10],[-3,-5],[1,-6],[9,19],[-2,13],[3,7],[-1,13],[2,5],[11,11],[0,14],[3,11],[6,0],[-2,13],[2,18],[-8,8],[-9,5],[-1,4],[-6,7],[0,4],[-8,8],[-1,14],[-5,3],[5,21],[-9,2],[-1,4],[-11,6],[3,10],[-5,9],[1,6],[-1,14],[-5,5],[-5,13],[2,10],[-4,4],[4,19],[-2,15],[3,11],[-1,12],[-5,3],[3,9],[-5,3],[-4,8],[-4,0],[-4,8],[2,10],[-3,7],[5,18],[9,7],[-1,7],[-3,9],[-9,-2],[-6,1],[-2,8],[7,3],[2,8],[-1,15],[4,3],[-3,6],[3,19],[4,-3],[0,13],[-6,11],[-9,0],[-3,-6],[-12,8],[-6,0],[-11,3],[-1,4],[2,10],[-1,11],[10,-1],[2,6],[-4,8],[-3,1],[-4,7],[5,1],[-1,12],[9,-1],[-4,18],[-6,1],[-8,5],[5,8],[4,4],[5,0],[7,-6],[1,-7],[4,-9],[-3,-5],[2,-9],[2,-23],[-2,-9],[-4,-7],[-1,-8],[1,-11],[10,8],[9,-10],[5,-3],[7,-7],[6,-9],[0,-6],[-2,-18],[2,-7],[5,-7],[1,-14],[-7,-16],[7,3],[5,-4],[1,-21],[-4,-8],[-1,-11],[16,-13],[-1,-12],[3,-13],[8,-5],[-1,-12],[1,-7],[-3,-6],[6,-10],[-4,-18],[-3,-5],[5,-2],[10,-10],[2,-15],[5,-3],[3,-6],[1,-8],[-2,-10],[4,-3],[2,-5],[6,-5],[1,-7],[-2,-7],[3,-11],[8,-4],[6,-8],[4,1],[7,-6],[1,-6],[5,-3],[4,-12],[13,-6],[6,-11],[-2,-9],[3,-7],[4,-2],[2,-8],[14,-8],[1,-5],[-7,-3],[5,-8],[6,-2],[5,-7],[1,-6],[4,-2],[2,8],[8,3],[7,0],[3,6],[8,5],[7,-3],[7,-2],[2,8],[-3,6],[5,10],[4,-2],[3,8],[7,3],[4,9],[5,-2],[5,6],[4,1],[4,-3],[11,-1],[7,2],[5,-4],[3,6],[6,0],[8,8],[10,-3],[4,2],[10,-10],[2,4],[8,-2],[6,6],[7,-1],[0,-7],[-7,2],[-2,-3],[-6,-4],[-10,2],[-10,7],[-11,0],[-3,-6],[-11,-5],[-17,-3],[-12,6],[-7,-2],[-7,-5],[-3,-5],[-5,-1],[-13,-14],[-2,-16],[-5,-1],[-14,1],[-7,-9],[-8,0],[-7,-9],[-6,-4],[0,-8],[-3,-3],[4,-12],[3,2],[-4,6],[12,7],[5,-1],[2,-6],[-4,-7],[-9,3],[-4,-8],[3,-5],[-6,-5],[7,-11],[4,3],[5,-3],[3,-4],[4,0],[10,-2],[3,3],[8,0],[11,-6],[6,-5],[11,2],[7,-6],[-1,-8],[8,-5],[1,-4],[6,-3],[7,-1],[10,-3],[4,-4],[7,-2],[7,1],[3,-6],[1,-10],[2,-3],[6,2],[6,-7],[10,-1],[5,-5],[3,1],[7,-6],[7,1],[3,-6],[5,0],[6,-8],[4,3],[9,-2],[0,-4],[10,-13],[4,1],[8,-13],[5,-2],[5,-5],[0,-7],[4,-6],[4,-14],[8,0],[7,-11],[2,-15],[6,0],[5,-3],[5,2],[6,-7],[14,-6],[5,-7],[1,-10],[7,3],[3,-17],[5,-3],[1,-4],[-2,-8],[1,-7],[10,4],[4,-4],[8,-16],[11,-3],[4,-14],[4,-2],[8,-9],[6,7],[8,-5],[3,6],[0,8],[6,-7],[2,-8],[9,-14],[-20,-5],[-6,4],[-4,-4],[-9,2],[-7,8],[-4,-2],[-8,7],[-4,7],[-2,8],[-3,2],[-5,-4],[-8,3],[-9,-6],[9,-11],[15,-8],[1,-4],[-24,5],[-14,-8],[-3,2],[-6,9],[-3,17],[1,8],[0,9],[-4,3],[-10,-2],[-7,2],[2,-8],[-6,0],[1,7],[-7,3],[5,8],[-2,5],[-6,3],[-6,15],[-7,12],[-5,7],[-4,8],[1,6],[-6,7],[-2,11],[0,10],[-2,9],[-13,-4],[-8,11],[10,3],[0,8],[-9,-3],[-8,-7],[-6,0],[-5,-4],[-8,5],[-2,6],[-8,3],[-4,-3],[-12,1],[0,6],[-7,-2],[-5,6],[-4,8],[-8,-3],[-3,7],[-8,6],[-1,4],[-6,1],[-2,4],[-10,4],[-1,4],[-13,1],[-5,12],[-11,-4],[-10,5],[1,9],[-2,8],[-4,-7],[-7,-4],[-6,2],[-3,-10],[1,-5],[-3,-14],[-11,-9],[-1,-9],[-4,-3],[-3,-8],[5,-7],[0,-14],[-2,-6],[6,-9],[-2,-11],[5,3],[2,-10],[-4,-3],[0,-11],[-2,-5],[3,-5],[8,-5],[10,-11],[0,-3],[10,-5],[4,5],[6,-10],[7,2],[4,-5],[4,3],[2,-7],[12,-7],[5,-2],[9,3],[7,-5],[6,-6],[6,3],[7,-3],[4,-6],[4,0],[10,-10],[4,1],[6,-3],[5,12],[13,-8],[7,-6],[-1,-7],[-6,-5],[0,-6],[4,-3],[-1,-5],[6,-2],[3,-15],[8,-12],[-1,-7],[2,-5],[-1,-11],[5,-9],[0,-11],[-3,-12],[5,-9],[-1,-4],[4,-9],[1,-6],[4,0],[6,-8],[9,-7],[4,-9],[-4,-4],[1,-6],[5,-1],[1,-6],[3,-6],[0,-3],[10,-14],[-4,-10],[-1,-8],[2,-5],[8,-8],[-1,-8],[-11,16],[1,10],[4,14],[-6,2],[1,5],[-4,5],[0,4],[-5,10],[-4,1],[0,10],[-4,9],[-4,4],[-2,7],[-9,6],[-6,-2],[-2,10],[-3,3],[0,13],[-4,9],[1,9],[-3,15],[1,16],[-2,2],[-1,10],[-8,8],[-3,8],[-2,6],[1,8],[-5,2],[-4,10],[-6,0],[-4,6],[-11,3],[-6,4],[-6,0],[-6,10],[-4,3],[-3,-2],[-4,4],[-6,1],[-2,5],[-4,-2],[-5,4],[-9,-1],[-6,3],[-14,4],[-1,3],[-10,1],[-10,5],[-2,-8],[-7,7],[1,-13],[4,-4],[-1,-8],[-3,-5],[1,-11],[6,-10],[0,-5],[7,-9],[-1,-14],[-1,-2],[7,-11],[-3,-5],[4,-5],[-4,-4],[-1,-9],[2,-6],[6,-3],[8,1],[8,-4],[7,-8],[12,-4],[5,-8],[5,-1],[5,-16],[3,-17],[7,-11],[4,-3],[5,-9],[9,-8],[6,-23],[5,-6],[5,-11],[1,-10],[-1,-14],[2,-17],[4,-10],[-7,3],[1,13],[-3,15],[2,7],[-3,17],[-8,11],[-5,24],[-6,2],[-8,14],[-13,15],[-2,15],[1,3],[-7,13],[-4,4],[-19,8],[-4,0],[-9,2],[0,-8],[-9,-12],[0,-10],[2,-6],[-7,-18],[4,-12],[4,-8],[5,-17],[12,-12],[1,-7],[7,-9],[3,-8],[-1,-9],[4,-8],[-9,-6],[-1,-4],[4,-7],[9,-5],[7,-14],[7,-6],[2,-8],[1,-9],[2,-8],[7,-13],[8,-5],[-1,-5],[7,-14],[0,-5],[3,-8],[-2,-12],[3,-8],[-2,-3],[-4,15],[2,12],[-1,5],[-9,11],[-3,7],[-12,20],[-2,15],[-2,7],[-10,12],[-6,-1],[-1,-6],[-4,-2],[-5,-22],[5,-11],[2,-2],[4,-10],[1,-17],[-3,-12],[-5,-6],[-3,-11],[0,-10],[-5,-13],[-3,-13],[2,-9],[3,-3],[-3,-9],[2,-13],[-3,-24],[4,-10],[0,-13],[6,-8],[-3,-18],[3,-2],[-5,-19],[2,-5],[-3,-5],[-1,-10],[-5,-6],[-8,-17],[-10,-10],[-8,-5],[-6,-3],[-5,-26],[-5,-4],[-2,-11],[-4,-5],[-6,-26],[1,-15],[8,-6],[5,-12],[0,-12],[-8,-4],[10,-6],[0,-11],[-2,-5],[4,-6],[-1,-13],[-3,-6],[0,-22],[-4,-4],[-1,-7],[-5,6],[1,9],[3,9],[0,6],[2,9],[6,0],[2,13],[-4,5],[1,7],[0,10],[-10,6],[9,4],[-1,12],[-4,11],[-8,-3],[-5,7],[-5,18],[3,10],[6,11],[2,12],[0,11],[5,15],[3,1],[2,9],[6,8],[0,7],[4,-1],[6,6],[0,5],[7,12],[10,0],[0,10],[-2,9],[5,4],[2,5],[-2,8],[2,9],[3,4],[-2,24],[-5,7],[2,7],[-5,2],[2,11],[0,19],[-6,3],[1,7],[-4,14],[4,2],[0,8],[-4,4],[-6,1],[0,4],[5,6],[1,10],[3,1],[-2,17],[2,6],[6,2],[-2,7],[5,2],[1,7],[-1,5],[2,16],[5,6],[0,17],[-6,4],[3,4],[-2,6],[0,11],[-1,11],[2,14],[-6,15],[-1,7],[-4,5],[3,18],[-4,15],[-5,9],[-5,20],[-4,1],[-1,7],[-5,3],[-4,6],[-2,10],[0,7],[-7,0],[-3,-4],[-6,-1],[-5,-5],[-1,-4],[-4,-3],[-1,-6],[-4,-5],[-1,-10],[-4,-2],[-5,-8],[-4,0],[-10,-8],[-2,-11],[-5,-10],[0,-8],[-3,-5],[1,-7],[-3,-12],[-2,-5],[1,-13],[-4,-6],[-1,-7],[3,-4],[0,-6],[3,-9],[1,-13],[5,-11],[1,-10],[-5,-21],[0,-4],[-6,-25],[-7,-10],[-6,-13],[3,-8],[10,-9],[-2,-2],[-12,11],[-2,10],[5,7],[6,12],[3,3],[1,8],[3,13],[1,14],[4,11],[-2,8],[0,7],[-3,8],[-2,16],[-5,18],[4,14],[-1,10],[5,15],[0,9],[5,9],[-4,12],[5,11],[0,10],[5,8],[7,-1],[7,11],[-1,7],[8,14],[3,1],[7,14],[4,2],[-2,13],[6,6],[8,18],[5,2],[-9,10],[7,4],[1,7],[4,3],[-4,6],[-5,1],[0,12],[4,4],[-5,9],[4,6],[-9,2],[2,7],[5,0],[1,11],[-3,7],[2,8],[-4,5],[2,6],[0,10],[2,5],[-4,8],[-4,6],[-4,8],[-5,5],[0,7],[-3,5],[1,9],[-3,8],[1,10],[-2,3],[-6,-1],[-3,9],[3,3],[4,12],[0,7],[-6,0],[1,6],[-3,6],[0,10],[5,10],[-1,9],[5,6],[-3,10],[5,7],[7,2],[0,4],[-5,9],[-8,3],[-4,5],[-1,5],[-6,1],[-5,3],[-4,16],[1,7],[-6,2],[0,9],[-7,2],[-2,3],[-1,8],[-3,3],[-3,10],[-7,2],[-3,6],[0,6],[5,3],[-3,8],[0,8],[-3,3],[2,5],[4,-2],[3,6],[-4,6],[-10,3],[-6,28],[-19,10],[-1,-2],[2,-10],[0,-6],[-8,0],[-1,-13],[-4,-14],[-8,-7],[-1,-11],[1,-5],[-4,-6],[-1,-8],[1,-5],[5,-7],[-4,-4],[2,-6],[7,-5],[6,-20],[3,-4],[-1,-10],[-5,0],[0,5],[3,3],[-1,6],[-7,-3],[1,-12],[-15,-5],[-3,-3]],[[6957,5284],[4,5],[-3,7],[-5,-9],[4,-3]],[[6962,5282],[-1,-9],[4,-5],[4,4],[-1,8],[1,8],[-2,4],[-5,-10]],[[7038,5321],[3,2],[-2,10],[-6,0],[1,-8],[4,-4]],[[7035,5343],[7,3],[4,9],[-1,4],[-6,2],[-1,-6],[-7,-5],[4,-7]],[[7097,4869],[5,-2],[10,10],[2,6],[-3,6],[3,6],[-6,11],[-8,-18],[-5,-5],[1,-5],[-6,-9],[7,0]],[[7080,5157],[0,9],[3,3],[-1,8],[-3,5],[-4,-1],[5,-24]],[[7373,4985],[8,2],[2,5],[-5,11],[-9,-2],[0,-7],[4,-9]],[[7281,5134],[7,-8],[4,7],[-6,3],[-5,-2]],[[7009,5248],[-5,-1],[-5,9],[2,12],[5,4],[0,7],[8,7],[5,-4],[1,-17],[-6,-6],[-2,-7],[-3,-4]],[[7014,5260],[4,5],[1,12],[-2,6],[-4,1],[-6,-6],[-2,-8],[-2,-4],[0,-4],[-2,-6],[3,-7],[9,6],[1,5]],[[7959,5678],[-2,8],[2,10],[-4,11],[0,11],[-3,8],[2,3],[-15,22],[-5,1],[-5,6],[0,3],[-6,5],[3,10],[8,-7],[1,7],[-3,7],[8,7],[-3,3],[5,16],[-3,7],[1,5],[10,5],[3,-11],[11,7],[4,14],[7,0],[2,-8],[3,0],[4,15],[-7,3],[3,17],[7,0],[2,4],[-2,6],[7,5],[0,4],[-5,13],[2,15],[4,-4],[5,3],[-1,6],[9,0],[2,6],[4,3],[2,6],[6,-1],[0,9],[5,-2],[9,2],[0,5],[5,14],[1,13],[4,8],[-6,2],[-1,6],[2,5],[-2,6],[4,5],[5,2],[3,11],[4,2],[1,7],[-5,2],[1,6],[6,-7],[6,2],[-4,13],[4,4],[4,-4],[4,7],[3,-6],[-3,-7],[5,-3],[-2,-6],[4,-6],[-1,-13],[4,-4],[1,-9],[8,-8],[5,0],[4,-5],[-2,-9],[5,-3],[4,10],[7,-8],[8,10],[6,0],[4,-4],[20,-11],[4,-6],[5,-5],[6,1],[11,-12],[3,-1],[12,7],[11,-4],[4,2],[8,11],[7,-3],[5,10],[10,-5],[5,-1],[14,5],[5,-1],[16,-7],[4,6],[4,1],[2,-8],[4,2],[13,-5],[4,-13],[4,-4],[0,-7],[6,-8],[4,2],[2,5],[-6,7],[3,3],[6,-4],[-1,-11],[16,12],[5,16],[11,5],[3,3],[4,11],[8,10],[-2,6],[-7,9],[-1,11],[5,10],[6,-4],[0,-13],[4,-5],[1,-7],[-2,-9],[-6,-2],[-5,-12],[5,-4],[-1,-7],[7,-7],[4,0],[8,5],[5,1],[1,-8],[-7,3],[-4,-9],[-4,-1],[-19,13],[-4,-4],[-4,-14],[-4,-5],[0,-8],[-5,-4],[0,-11],[-5,-3],[-4,-10],[-5,-5],[-3,3],[-3,8],[2,5],[-2,7],[-5,0],[-1,8],[-10,9],[-7,13],[-4,6],[-8,1],[-2,5],[-12,6],[-11,-2],[-2,-2],[-5,7],[-5,-4],[-7,1],[-7,-4],[-8,2],[-1,-2],[-9,2],[-10,-6],[-2,-5],[-6,0],[-5,-4],[-9,-1],[0,-11],[-9,5],[-12,3],[-2,5],[3,6],[-4,5],[-4,-3],[-4,3],[-3,-4],[-4,10],[1,5],[-4,4],[-2,-7],[-8,-1],[-1,-5],[3,-11],[-2,-5],[-12,-10],[1,-8],[-7,-1],[-2,4],[-11,-11],[-4,10],[0,5],[-4,6],[-18,8],[-1,11],[-5,10],[-1,5],[-6,6],[-3,10],[6,6],[0,5],[6,2],[-3,6],[-5,-2],[0,-6],[-6,1],[1,6],[-10,1],[1,-7],[-4,-2],[-2,7],[-5,-1],[1,-6],[-2,-9],[11,-6],[-5,-5],[2,-8],[5,-4],[-2,-14],[-4,0],[-5,7],[-2,-9],[-3,-2],[1,-10],[-11,-7],[-3,2],[-7,-1],[-2,-3],[1,-11],[-6,-5],[-4,-1],[-6,-5],[2,-10],[-4,-8],[-4,-21],[-5,-3],[-1,-11],[-5,-3],[3,-7],[-3,-3],[-1,-6],[-4,-6],[-1,-11],[5,-8],[-4,-6],[0,-4],[6,-16],[-1,-4],[4,-11],[6,-2],[1,-5],[9,6],[1,-19],[-4,-7],[11,-14],[2,-10],[7,-5],[2,-7],[7,0],[0,-10],[-3,-11],[1,-5],[8,-6],[12,11],[0,-12],[-6,-6],[0,-10],[7,-3],[0,-15],[-2,-9],[4,-5],[16,-1],[11,-4],[4,12],[7,2],[5,9],[6,1],[4,-5],[0,-4],[8,-2],[7,4],[-2,4],[0,12],[8,-5],[9,2],[11,-3],[3,-3],[9,-1],[8,5],[3,-1],[11,4],[6,-11],[6,1],[8,-3],[6,2],[3,-1],[7,1],[7,9],[9,0],[10,11],[8,1],[1,5],[15,7],[13,4],[9,-1],[19,1],[14,-4],[6,2],[15,3],[8,2],[0,-5],[-11,-8],[-1,-9],[-9,2],[-4,5],[-11,-2],[-9,5],[-10,-3],[-8,4],[-15,-10],[-16,-2],[-6,-5],[-1,-3],[-8,-7],[1,-11],[8,-8],[-2,-7],[-1,-15],[5,-16],[6,-9],[-11,-12],[-3,-10],[-3,-19],[-5,-7],[1,-4],[-5,-10],[0,-13],[5,-7],[-4,-5],[3,-5],[-4,-4],[2,-6],[-2,-3],[0,-8],[7,-7],[-6,-4],[4,-10],[7,-5],[7,-1],[5,-5],[5,-4],[1,-5],[-4,-6],[19,-9],[6,-6],[-1,-19],[4,-4],[6,-10],[-5,-12],[-2,-8],[4,-3],[1,-8],[4,-3],[4,1],[1,-6],[-4,-5],[5,-8],[-1,-9],[-3,-6],[-7,-4],[-4,-5],[-5,-2],[-1,-7],[-5,-2],[-4,-10],[-5,-5],[-7,-10],[0,-5],[-2,-6],[-6,-1],[-7,-9],[-8,-2],[-8,5],[-1,6],[-3,3],[-7,-6],[4,-11],[-4,-17],[-6,-1],[-14,-8],[-13,-18],[2,-8],[8,-10],[7,2],[12,-12],[6,-8],[3,5],[6,-2],[3,-7],[6,-1],[2,8],[5,3],[8,-3],[12,-1],[8,-4],[11,3],[4,-5],[-2,-10],[6,0],[5,-6],[6,3],[5,15],[18,-2],[6,-5],[8,4],[3,-4],[1,-8],[8,0],[1,-6],[-4,-7],[2,-6],[13,-13],[3,-8],[-2,-9],[2,-5],[10,-5],[1,-7],[6,1],[6,-4],[1,-6],[-4,-5],[2,-3],[-2,-3],[-3,-9],[6,-3],[5,-5],[7,-19],[0,-10],[-10,1],[2,-8],[8,-6],[6,10],[5,0],[2,-1],[1,-3],[4,0],[2,7],[-10,17],[-5,4],[-3,7],[4,6],[5,-2],[6,1],[6,6],[5,14],[12,5],[8,-4],[4,-16],[-1,-7],[5,-10],[6,-3],[11,-2],[6,4],[4,12],[15,1],[3,-4],[1,-8],[-1,-5],[-4,-2],[-4,-7],[3,-7],[16,-4],[13,-6],[6,3],[6,10],[5,1],[-8,-14],[-7,-7],[-6,4],[-6,2],[-4,6],[-15,5],[-4,7],[5,7],[4,4],[0,11],[-3,3],[-14,-1],[-5,-12],[-6,-4],[-12,3],[-5,3],[-6,9],[1,7],[-2,11],[-3,6],[-5,3],[-13,-5],[-5,-13],[-6,-7],[-7,-1],[-4,2],[-3,-5],[2,-6],[5,-4],[5,-8],[6,-7],[0,-4],[-4,-7],[-4,0],[-2,5],[-4,-1],[-3,-5],[-2,-7],[-7,0],[-6,10],[0,6],[1,3],[9,0],[0,6],[-7,20],[-4,4],[-5,0],[-3,4],[5,12],[0,6],[3,5],[-6,6],[-7,0],[-3,8],[-4,-2],[-5,9],[1,12],[-1,5],[-5,3],[-4,7],[-7,5],[-1,5],[0,12],[-5,2],[-1,6],[-4,4],[-6,-3],[-9,4],[-11,2],[-7,-14],[-3,-10],[-9,12],[-5,-1],[-5,4],[1,8],[-16,3],[-3,3],[-8,0],[-11,4],[-5,-3],[-2,-6],[8,-6],[-2,-5],[-7,7],[-7,-2],[-4,-5],[-8,-3],[-8,6],[-2,7],[-8,13],[-16,4],[-9,22],[0,7],[8,0],[10,13],[3,10],[11,10],[3,5],[-3,6],[-5,6],[0,15],[2,4],[4,-8],[3,13],[12,2],[4,-4],[17,-5],[0,7],[-5,1],[-3,3],[9,9],[9,3],[2,3],[7,6],[8,8],[3,8],[6,2],[1,8],[-5,0],[-7,5],[-2,7],[2,5],[-5,10],[-4,2],[-4,8],[1,5],[-7,3],[3,5],[0,11],[-3,-1],[-9,4],[-3,-1],[-5,8],[1,4],[-10,11],[-1,15],[-4,8],[-1,6],[-4,7],[4,3],[3,12],[-7,12],[9,5],[-5,12],[1,5],[4,7],[-1,7],[1,15],[-4,8],[3,4],[0,5],[2,7],[9,8],[3,11],[-1,7],[2,9],[-3,5],[1,6],[6,1],[-6,7],[-8,23],[5,5],[-2,3],[-9,-3],[-7,6],[-7,-7],[-14,2],[-4,-2],[-7,3],[-1,5],[-6,3],[-19,-5],[-7,2],[-4,3],[-6,-2],[-6,-7],[-3,1],[-4,-8],[-9,-1],[-2,-3],[-12,-2],[-8,3],[1,9],[-7,1],[-3,-13],[-5,-4],[-7,5],[-15,4],[-7,-2],[-2,-5],[-4,1],[-5,-12],[-5,-6],[0,-5],[-4,-13],[0,-20],[2,-12],[-2,-13],[-7,4],[-2,6],[0,10],[-3,22],[-2,6],[5,6],[-6,10],[-1,8],[-14,13],[-13,8],[0,13],[-7,11],[2,4],[-2,8],[-5,-4],[-7,3],[1,7],[-4,5],[-2,9],[-4,-1],[-1,8]],[[8039,5613],[-3,9],[-3,-2],[-6,6],[-3,-7],[6,-2],[4,2],[5,-6]],[[7985,5225],[-8,-1],[0,-25],[-3,6],[-1,12],[-6,4],[-5,-4],[-2,5],[2,4],[-2,5],[1,15],[3,9],[-2,6],[2,9],[3,2],[3,7],[6,7],[1,6],[-3,9],[-3,1],[-1,9],[-8,8],[-1,10],[2,13],[-5,6],[-3,10],[-4,18],[-3,5],[0,8],[6,18],[3,1],[4,15],[-3,5],[4,12],[-2,4],[5,15],[0,14],[-3,13],[4,7],[-5,1],[-7,6],[-1,4],[-7,8],[-2,7],[-11,10],[-3,-2],[-5,5],[-1,7],[-4,7],[-2,8],[-6,16],[1,12],[-6,6],[-2,15],[-8,-2],[-4,0],[3,13],[-1,8],[3,6],[-3,3],[2,5],[-7,10],[3,5],[-5,18],[-6,16],[3,6],[-4,3],[1,7],[-8,1],[-8,10],[-2,15],[-6,6],[-1,8],[-10,1],[-4,-4],[-4,1],[-9,-8],[-1,-7],[-6,-6],[-11,-6],[0,-11],[-16,-18],[-5,-2],[-6,-8],[-2,5],[12,16],[7,0],[2,7],[5,5],[-2,7],[7,1],[8,11],[5,-1],[1,8],[6,5],[0,4],[6,2],[2,-4],[5,5],[6,2],[-3,5],[0,6],[-5,1],[5,8],[9,7],[15,-2],[2,-14],[9,-4],[-5,-5],[-1,-8],[7,-2],[1,-14],[8,-7],[7,-3],[-2,-7],[5,-7],[0,-8],[2,-3],[-5,-8],[3,-5],[4,0],[5,-10],[1,-6],[0,-17],[-3,-9],[2,-6],[5,-2],[3,-8],[-2,-10],[5,-7],[2,-6],[4,0],[4,-8],[9,-6],[-6,-7],[3,-7],[0,-9],[4,-10],[-7,-10],[4,-4],[7,4],[6,-1],[4,-6],[1,-8],[4,-1],[6,-10],[4,-1],[6,-6],[6,-9],[1,-12],[-4,-10],[-4,-2],[1,-6],[-1,-6],[6,-5],[2,-6],[0,-15],[3,-5],[-5,-14],[-2,-2],[-4,-15],[-4,-2],[7,-11],[-1,-13],[3,-16],[6,0],[-1,-13],[-2,-7],[8,-5],[2,-7],[-1,-6],[3,-5],[-2,-5],[-5,-2],[6,-8],[-2,-15],[-3,-13],[1,-3],[-3,-8],[0,-9],[-1,-17],[-5,-8]],[[7676,5390],[2,6],[8,6],[4,14],[18,6],[4,0],[0,-7],[10,-4],[11,1],[0,4],[3,3],[4,7],[4,-4],[6,-2],[11,1],[2,7],[4,6],[14,3],[7,2],[-13,15],[11,0],[-4,7],[5,13],[4,2],[-2,8],[2,6],[-6,1],[-2,11],[4,3],[0,10],[7,8],[8,2],[3,13],[14,10],[3,5],[10,3],[4,9],[-3,9],[9,15],[10,4],[5,9],[5,2],[9,9],[3,4],[8,1],[6,-6],[-2,-6],[-8,0],[-9,-8],[-7,-5],[-5,-7],[-7,-2],[-2,-7],[-6,-4],[-2,-9],[2,-3],[-6,-6],[-3,-6],[-9,-6],[-7,0],[-1,-8],[-4,-2],[1,-6],[-6,-3],[-1,-7],[-9,-4],[-1,-9],[2,-5],[-8,-4],[4,-8],[3,-1],[0,-7],[-6,-10],[-4,-3],[1,-10],[-5,-6],[2,-6],[5,-2],[-4,-8],[-6,0],[-9,-4],[-4,-4],[2,-4],[-5,-4],[-14,0],[-3,2],[-9,-1],[-5,-4],[-1,-5],[-4,0],[-2,-6],[-16,11],[-8,3],[-7,-2],[-4,-4],[0,-5],[-7,-11],[-8,-6]],[[9215,5812],[-4,-10],[1,-4],[7,-3],[8,-12],[0,-4],[-4,-8],[3,-7],[7,-1],[9,6],[5,-3],[2,-5],[7,3],[8,-4],[5,2],[0,-11],[-3,-7],[-5,-6],[-7,0],[1,-11],[3,-5],[6,1],[4,-6],[-6,-2],[-1,-7],[-4,1],[-3,-6],[-3,-11],[2,-10],[2,-3],[1,-11],[5,2],[1,-6],[6,-4],[-1,-5],[3,-5],[6,-17],[-5,-5],[0,-9],[-10,-18],[-3,-6],[6,-7],[0,-7],[5,-2],[-2,-9],[-6,-11],[0,-6],[6,-6],[3,-5],[-2,-6],[5,-5],[1,-6],[-8,-9],[0,-5],[3,-9],[-3,-5],[3,-8],[-1,-7],[7,-9],[-6,-8],[3,-8],[4,-7],[3,-10],[-6,-2],[-4,-11],[4,-6],[7,1],[8,-12],[7,5],[5,-4],[-1,-7],[-11,-2],[-2,4],[-5,1],[-12,10],[-1,11],[2,10],[3,5],[-1,12],[-6,4],[-1,10],[-5,9],[-7,28],[3,9],[4,1],[5,7],[-1,9],[-4,5],[1,9],[-2,13],[7,10],[0,4],[-4,12],[-6,9],[-3,18],[-4,6],[11,6],[0,6],[-3,21],[-6,16],[-1,12],[1,9],[-5,1],[-3,12],[-7,3],[-6,9],[-2,7],[3,9],[4,6],[8,6],[-1,7],[-14,3],[-7,10],[-2,9],[2,13],[0,7],[-6,5],[-5,1],[-6,-4],[-9,-10],[-3,-8],[0,-5],[-9,-1],[-2,-6],[6,-11],[-4,-5],[-9,0],[-11,-11],[-17,-13],[4,-9],[-2,-8],[-4,-7],[1,-17],[-5,-31],[5,-14],[2,-17],[-1,-15],[2,-25],[3,-13],[0,-7],[-6,-13],[-6,-4],[-10,-3],[-8,-10],[-5,-9],[-1,-7],[-9,-29],[-5,-2],[-6,0],[-6,-5],[-7,-2],[-2,-6],[6,-5],[3,-12],[-1,-7],[-7,14],[-6,5],[1,16],[3,3],[10,1],[5,6],[6,-2],[3,8],[0,11],[7,15],[7,10],[4,12],[5,3],[12,1],[4,5],[-1,14],[-8,46],[-1,21],[1,21],[-1,14],[-2,6],[-6,10],[-9,7],[-7,1],[-24,-3],[-29,-13],[-10,-9],[-8,-10],[-7,-6],[-21,-10],[1,-6],[11,-2],[4,-3],[2,-11],[-2,-17],[-5,-8],[-4,-11],[-6,-22],[-2,-14],[-2,-5],[5,-8],[0,-19],[13,-8],[7,-11],[0,-7],[-7,-42],[-7,-13],[-3,-11],[-11,-5],[-1,-6],[-5,-2],[-4,-7],[-10,-6],[-8,-8],[-6,-3],[2,-8],[-1,-6],[11,-3],[0,-12],[5,-3],[3,-20],[8,-26],[-2,-45],[1,-6],[0,-13],[8,-9],[-2,-4],[-8,0],[-4,7],[-2,17],[-3,9],[1,15],[1,10],[-2,18],[-5,8],[-2,19],[-5,19],[-4,5],[-6,11],[-3,10],[-2,13],[12,17],[12,10],[8,-2],[6,9],[8,2],[2,8],[4,8],[-1,4],[2,14],[3,2],[0,9],[4,11],[-12,16],[-5,10],[-4,1],[-1,12],[-5,4],[-1,15],[3,4],[2,16],[6,14],[-4,17],[-4,38],[3,13],[-2,15],[5,4],[3,6],[7,6],[4,9],[10,0],[4,6],[-4,6],[8,1],[7,-6],[4,5],[12,5],[4,-3],[6,-1],[5,8],[11,6],[14,10],[12,13],[5,1],[8,8],[14,5],[5,7],[6,9],[10,1],[15,14],[10,18],[2,10],[0,6],[4,10],[0,11],[5,4],[-2,7],[6,5],[2,8],[0,20],[-4,8],[3,5],[-6,8],[7,6],[0,4],[-5,3],[-8,0],[-9,-5],[-4,1],[-7,10],[-9,6],[-9,11],[-1,8],[-6,0],[-6,7],[-14,0],[-4,-2],[-4,-7],[-16,-17],[-6,-8],[-5,-6],[-15,-10],[-7,-9],[-5,-14],[-5,-18],[-6,-7],[-8,-15],[-3,-8],[-2,-13],[-4,-5],[-12,0],[-10,-7],[-4,-10],[-1,-12],[-2,-6],[-11,-19],[-4,-7],[-12,-15],[0,-7],[-18,-16],[-2,-6],[-1,-9],[-15,-16],[-10,-7],[-6,-3],[-2,6],[13,11],[6,19],[26,30],[7,24],[5,11],[25,38],[9,8],[13,-2],[3,6],[-7,10],[0,9],[8,19],[7,9],[9,2],[1,20],[1,4],[15,12],[6,7],[7,6],[5,17],[2,6],[7,5],[6,10],[9,4],[6,8],[1,6],[-5,13],[0,8],[1,7],[-1,7],[1,11],[1,9],[-5,-1],[-14,1],[-11,5],[-6,-2],[-7,3],[-3,4],[-7,1],[-5,8],[-16,7],[-10,1],[-15,9],[-10,2],[-11,8],[-6,6],[-4,7],[-7,3],[-34,6],[-20,10],[-11,-1],[-11,2],[-16,1],[-9,7],[-2,15],[-16,13],[-1,7],[-7,17],[-3,5],[-5,-2],[-6,-8],[-7,-4],[-5,-8],[-8,-6],[-5,2],[-11,-3],[-20,-8],[-6,-6],[-5,-2],[-15,-21],[-8,-4],[-6,-6],[-4,-8],[-4,-4],[-23,-6],[-10,7],[-7,1],[-16,-1],[-9,1],[-4,-3],[17,0],[7,-4],[2,-12],[-8,-10],[-22,-21],[-10,-7],[-7,-1],[-3,2],[-3,6],[-7,-8],[-8,7],[-12,21],[-12,15],[-3,8],[-1,7],[4,12],[1,7],[-3,5],[-4,1],[-7,9],[-8,9],[-2,5],[-10,7],[1,6],[3,2],[6,-5],[1,-7],[9,-9],[2,-8],[5,-8],[6,7],[9,-5],[3,-6],[-5,-3],[-2,-10],[-4,-4],[-2,-9],[6,-4],[-1,-7],[4,-9],[8,1],[3,-6],[9,-8],[11,-6],[3,-12],[5,-1],[5,1],[14,16],[3,7],[14,6],[7,8],[-5,13],[-17,0],[-3,-1],[-5,9],[-4,2],[-15,-11],[1,8],[5,7],[-5,4],[1,9],[6,-6],[16,-5],[6,1],[4,-2],[-1,-5],[3,-5],[5,2],[1,9],[3,4],[7,-3],[10,-1],[4,-6],[-1,-7],[6,-5],[20,16],[5,6],[14,7],[9,5],[5,17],[1,7],[6,7],[17,5],[6,0],[9,2],[5,-5],[6,1],[9,12],[12,7],[10,9],[7,3],[2,-1],[4,-10],[6,-9],[-1,-11],[5,-5],[10,-1],[16,-18],[9,-2],[12,6],[14,-13],[0,-8],[7,1],[5,-8],[7,6],[8,-3],[11,7],[7,-3],[6,0],[6,-4],[2,-7],[4,-3],[-3,-7],[5,-7],[6,1],[14,-2],[2,1],[9,-10],[7,6],[4,-9],[-1,-6],[8,-1],[6,4],[3,-9],[5,4],[11,-3],[7,-8],[5,-12],[5,2],[2,6],[14,-2],[-1,8],[5,4],[6,-6],[8,0],[1,-5],[-7,-6],[5,-3],[3,2],[3,-7],[-4,-6],[5,-5],[-5,-11],[0,-5],[-3,-5],[5,-2],[-4,-9],[8,-1],[12,-7],[5,-10],[-7,2],[-3,-13],[10,-6],[5,-6],[7,8],[4,-1],[2,-4],[7,0],[12,10],[2,-9],[8,-1],[0,5],[10,1],[0,-7],[13,2],[4,-3],[-2,-7],[9,-2],[5,3],[2,-14],[-2,-8],[-7,-5],[-2,-12],[4,-8],[-5,-2],[-3,-9],[-7,1],[3,-9],[-4,-5],[1,-4],[7,-8],[6,-4],[4,-12],[4,-1],[-4,-9],[2,-7],[-6,-4],[4,-10]],[[7743,5774],[0,7],[8,-4],[-8,-3]],[[7389,5733],[-9,3],[0,-18],[-5,6],[-3,12],[-5,6],[2,7],[9,-11],[7,1],[7,3],[4,7],[8,-3],[6,8],[0,-10],[-8,0],[0,-7],[-7,3],[-4,-2],[-2,-5]],[[7133,5707],[17,1],[2,-4],[-19,3]],[[7068,5672],[-6,-6],[-2,-6],[-7,-3],[-3,7],[-4,1],[0,10],[-10,14],[-6,1],[1,6],[-4,3],[-3,6],[-9,9],[-8,6],[-2,-4],[-6,6],[5,4],[0,7],[4,8],[13,10],[12,-2],[3,-14],[-7,-8],[7,-7],[5,3],[6,-3],[5,-11],[1,-10],[6,-2],[10,2],[10,1],[8,2],[11,-1],[21,-9],[12,-14],[-4,-7],[-52,10],[-7,-9]],[[7067,5673],[7,10],[-1,9],[7,2],[3,-4],[14,-1],[2,5],[-16,4],[-21,-2],[0,-7],[-14,-3],[-1,-6],[4,-13],[3,-7],[4,3],[1,9],[8,1]],[[7849,5767],[-6,8],[0,4],[5,6],[-5,10],[2,6],[-1,6],[-15,5],[-12,5],[-1,-4],[-12,0],[-9,-6],[-5,7],[-5,1],[-4,6],[10,20],[4,-6],[0,-4],[-7,-1],[2,-8],[8,-3],[5,9],[5,-2],[8,6],[9,-11],[12,-9],[11,10],[0,6],[-4,4],[0,9],[4,6],[-2,8],[2,4],[5,-1],[3,4],[-4,5],[4,5],[2,9],[12,-5],[4,3],[6,-6],[1,-11],[5,-8],[4,2],[5,12],[5,4],[10,-3],[6,6],[6,-2],[-3,-5],[4,-4],[7,2],[2,-4],[-3,-5],[-1,-7],[3,-6],[-3,-7],[3,-6],[4,4],[2,10],[5,-3],[7,-14],[-9,-3],[-3,4],[-9,0],[-3,4],[-4,-3],[-4,3],[-3,7],[5,9],[-3,5],[-5,-3],[-9,-13],[0,-9],[3,-8],[-12,-6],[4,-7],[-6,-3],[-2,-7],[-5,-4],[-5,0],[-3,-10],[-3,-7],[0,-6],[-13,3],[-11,-7]],[[7769,5821],[-6,-10],[-7,4],[-4,-3],[-2,5],[10,4],[9,0]],[[7814,5849],[4,-2],[-2,-7],[-4,-3],[-4,6],[6,6]],[[7745,5829],[-6,13],[-5,-2],[-1,-4],[-6,-3],[-8,7],[-6,-3],[-2,-6],[-16,4],[-6,-1],[-6,4],[-2,20],[-4,0],[-2,7],[-13,-6],[-7,8],[-2,12],[-8,0],[-7,7],[-5,-4],[-6,1],[-3,6],[-8,2],[-8,-1],[-2,14],[-4,-3],[-3,2],[-5,9],[-2,8],[-5,9],[7,3],[-2,8],[8,-4],[-5,-5],[1,-5],[5,-3],[10,3],[7,-3],[4,-9],[4,4],[-1,5],[7,1],[-1,-10],[6,2],[4,-3],[5,1],[0,5],[-5,0],[2,9],[10,-2],[4,-6],[10,-5],[-2,-6],[3,-5],[-1,-6],[3,-4],[9,10],[3,-6],[-3,-4],[5,-7],[-8,-13],[6,-8],[4,4],[7,1],[3,8],[6,-5],[4,1],[6,-5],[4,5],[7,-2],[6,7],[-1,8],[6,-2],[0,11],[10,-2],[4,-11],[1,-7],[6,-8],[12,-2],[6,5],[10,-2],[4,-7],[0,-4],[-4,-11],[8,-5],[-9,-14],[-14,-6],[-9,0],[-14,6]],[[7023,5753],[0,7],[-3,6],[5,5],[0,4],[-8,2],[-5,-5],[0,-8],[-5,-1],[-5,5],[-4,8],[2,3],[3,13],[5,4],[3,12],[-2,9],[0,12],[-2,6],[4,13],[-3,4],[1,9],[4,2],[2,18],[7,8],[5,9],[-5,1],[-4,-6],[-3,2],[-12,5],[-5,8],[2,10],[3,3],[-2,10],[6,6],[-3,4],[-6,-5],[-7,1],[-9,13],[-6,-1],[-4,10],[4,4],[4,-2],[2,-9],[9,-5],[-2,17],[3,3],[3,-9],[5,0],[4,5],[3,-9],[5,-2],[0,12],[3,0],[2,-10],[-8,-20],[-7,-3],[3,-11],[-3,-2],[-3,-9],[4,-2],[2,-6],[6,3],[1,-4],[5,-4],[7,10],[5,-4],[0,-6],[-5,-9],[-7,-6],[2,-5],[-3,-6],[1,-12],[3,-5],[9,-3],[5,4],[16,-2],[8,-12],[13,-7],[7,0],[10,-3],[4,3],[5,-2],[6,1],[15,-1],[5,-2],[-3,-26],[-4,3],[-4,0],[-19,3],[-13,1],[-9,-6],[-15,-4],[-4,-5],[9,-3],[8,1],[7,-7],[11,-2],[5,-11],[-10,-1],[-8,3],[-13,-4],[-13,11],[-12,6],[-11,-3],[13,-10],[-4,-5],[-1,-21],[-10,4]],[[7521,5958],[-8,6],[-5,0],[-5,-4],[-2,0],[-2,0],[-4,1],[-5,4],[-3,7],[-6,5],[-6,0],[-5,2],[-9,-1],[-7,3],[-10,7],[-3,-1],[-7,3],[-2,8],[-5,1],[-25,15],[-2,8],[-9,11],[-5,3],[-5,14],[-10,-4],[-8,5],[-5,1],[-1,4],[-11,1],[-10,-6],[-18,0],[-7,6],[-7,3],[-5,13],[6,-1],[15,-16],[8,6],[-3,9],[1,6],[-3,6],[7,0],[4,7],[-2,9],[5,4],[4,-4],[-5,-4],[0,-8],[6,4],[4,-9],[8,2],[6,-8],[5,-2],[4,4],[-4,12],[7,3],[9,0],[8,-3],[3,4],[4,-3],[6,4],[7,-5],[-8,-5],[-1,-5],[6,-4],[-8,-4],[-2,-8],[6,-4],[0,-8],[5,-4],[2,5],[6,-2],[-1,-9],[7,1],[6,-10],[7,-3],[5,-8],[6,4],[7,0],[-1,-12],[5,-2],[6,2],[1,-5],[-7,-1],[-4,-7],[5,-3],[3,-9],[7,0],[4,-5],[7,3],[6,11],[6,0],[2,-8],[-6,-3],[9,-23],[3,-3],[4,-1],[2,2],[0,3],[4,3],[4,12],[4,-6],[5,0],[3,-4],[6,4],[-2,7],[10,8],[8,-4],[6,3],[3,-1],[1,-7],[4,0],[1,-7],[-2,-7],[-2,-13],[7,-7],[5,6],[6,-5],[3,2],[5,10],[2,-7],[-2,-10],[-3,-5],[-1,-8],[-7,-3],[-3,2],[-5,-3],[-1,7],[-6,-4],[-4,3],[-5,11],[3,14],[-18,-2],[-6,3],[-6,1]],[[7126,5936],[-1,-6],[-8,-7],[-10,2],[-4,5],[-10,1],[-5,2],[-18,20],[-5,4],[3,4],[4,-4],[7,-14],[5,-2],[4,7],[8,4],[1,4],[-4,7],[1,3],[7,-3],[6,5],[-1,7],[-8,9],[-2,11],[1,13],[1,8],[5,7],[8,5],[1,-7],[-1,-13],[1,-15],[-4,-7],[9,-17],[1,-5],[4,-1],[9,-11],[0,-6],[-5,-10]],[[7039,5949],[-6,0],[-4,6],[4,16],[-6,0],[1,7],[5,11],[4,-2],[5,3],[10,-6],[2,-13],[-5,2],[-5,-1],[-6,-11],[3,-9],[-2,-3]],[[6874,5926],[-5,-11],[-7,0],[-6,6],[1,22],[5,5],[-3,6],[-6,0],[-2,-6],[-9,4],[-8,-11],[-6,19],[1,6],[9,-2],[7,-5],[10,19],[4,-2],[0,-8],[9,-4],[0,8],[10,12],[4,-7],[-7,-5],[12,-4],[2,3],[0,11],[8,2],[0,-8],[5,0],[5,11],[9,-3],[3,5],[-4,6],[9,-2],[6,13],[1,6],[4,3],[7,-6],[-2,-7],[3,-5],[6,3],[1,-8],[6,-3],[6,5],[1,4],[-4,4],[4,9],[5,-2],[5,4],[7,-11],[-7,-3],[-5,-5],[1,-6],[4,-1],[8,5],[1,-10],[-7,1],[-1,-7],[-6,3],[-1,-5],[-7,-1],[-8,9],[-9,0],[-5,9],[2,7],[-8,1],[-5,-9],[4,-4],[3,-12],[-1,-10],[-3,-7],[-9,-6],[-5,0],[-8,5],[-11,-7],[-3,-5],[-5,-6],[0,-6],[-8,-5],[-7,-1]],[[7118,6026],[5,3],[-2,14],[6,20],[17,10],[-4,6],[6,6],[4,1],[6,9],[-4,14],[5,4],[4,-3],[8,-2],[5,-5],[1,-11],[4,-4],[3,3],[4,20],[9,4],[2,-7],[7,2],[2,-3],[-1,-8],[9,-11],[-4,-7],[3,-9],[11,4],[3,-5],[9,1],[2,-3],[3,-12],[-12,1],[-4,3],[-2,8],[-8,2],[-8,-3],[-8,7],[-11,2],[-7,8],[-12,10],[-7,0],[-6,-6],[-4,-15],[-11,-4],[-3,-3],[-3,-13],[-4,-5],[1,-17],[-3,-9],[-9,-2],[-2,5]],[[7296,6076],[-16,9],[-13,-2],[-7,-10],[-3,2],[-5,-5],[-7,3],[8,6],[3,5],[-6,10],[2,6],[-1,5],[6,10],[-1,9],[8,-4],[6,-7],[6,1],[3,6],[4,-6],[-3,-6],[1,-7],[9,-1],[1,-5],[6,-6],[-1,-13]]],"transform":{"scale":[0.0007620858145386147,0.0005058986873422141],"translate":[140.97136895964118,-39.05634400171784]},"objects":{"VIC-flood_planning":{"type":"GeometryCollection","geometries":[{"arcs":[[[0]],[[1]],[[2]],[[3],[4],[5],[6],[7],[8]],[[9]],[[10]],[[11]],[[12]],[[13]],[[14]],[[15]],[[16]],[[17]],[[18]],[[19]],[[20]],[[21]],[[22]],[[23]],[[24]],[[25]],[[26]],[[27]],[[28]],[[29]],[[30]],[[31]],[[32]],[[33]],[[34]],[[35]],[[36]],[[37]],[[38]],[[39]],[[40]],[[41]],[[42]],[[43]],[[44]],[[45]],[[46]],[[47]],[[48]],[[49]],[[50]],[[51]],[[52]],[[53]],[[54]],[[55]],[[56]],[[57]],[[58]],[[59]],[[60]],[[61]],[[62]],[[63]],[[64]],[[65]],[[66]],[[67]],[[68]],[[69]],[[70]],[[71]],[[72]],[[73]],[[74]],[[75]],[[76]],[[77]],[[78]],[[79]],[[80],[81]],[[82]],[[83]],[[84]],[[85]],[[86]],[[87]],[[88]],[[89]],[[90]],[[91]],[[92]],[[93]],[[94]],[[95]],[[96]],[[97]],[[98]],[[99]],[[100]],[[101],[102],[103]],[[104]],[[105]],[[106]],[[107]],[[108]],[[109]],[[110]],[[111]],[[112]],[[113]],[[114]],[[115]],[[116]],[[117]],[[118]],[[119]],[[120]],[[121]],[[122]],[[123],[124],[125],[126],[127]],[[128],[129],[130],[131],[132],[133],[134],[135]],[[136]],[[137]],[[138]],[[139]],[[140]],[[141]],[[142]],[[143]],[[144]],[[145]],[[146]],[[147]],[[148]],[[149]],[[150]],[[151]],[[152]],[[153]],[[154]],[[155]],[[156]],[[157,158,159,160,161],[162],[163],[164],[165],[166],[167],[168],[169],[170],[171],[172],[173],[174],[175],[176],[177],[178],[179],[180],[181],[182],[183],[184],[185],[186],[187],[188],[189],[190],[191],[192],[193],[194],[195],[196],[197],[198],[199],[200],[201],[202],[203],[204],[205],[206],[207],[208],[209],[210],[211],[212],[213],[214],[215],[216],[217],[218],[219],[220],[221],[222],[223],[224],[225],[226],[227],[228],[229],[230],[231],[232],[233],[234],[235],[236],[237],[238],[239],[240],[241],[242],[243],[244],[245],[246],[247],[248],[249],[250],[251],[252],[253],[254],[255],[256],[257],[258],[259],[260],[261],[262],[263],[264],[265],[266],[267],[268],[269],[270],[271],[272],[273],[274],[275],[276],[277],[278],[279],[280],[281],[282],[283],[284],[285],[286],[287],[288],[289],[290],[291],[292],[293],[294],[295],[296],[297],[298],[299],[300],[301],[302],[303],[304],[305],[306],[307],[308],[309]],[[310]],[[311]],[[312]],[[313]],[[314]],[[315]],[[316]],[[317],[318]],[[319]],[[320],[321],[322],[323],[324],[325],[326],[327]],[[328]],[[329]],[[330],[331]],[[332]],[[333]],[[334]],[[335]],[[336]],[[337]],[[338]],[[339]],[[340]],[[341]],[[342]],[[343]],[[344]],[[345],[346]],[[347]],[[348]],[[349]],[[350],[351]],[[352]],[[353]],[[354]],[[355]],[[356]],[[357]],[[358]],[[359]],[[360]],[[361]],[[362]],[[363]],[[364]],[[365]],[[366]],[[367]],[[368]],[[369]],[[370]],[[371]],[[372],[373]],[[374],[375]],[[376]],[[377]],[[378]],[[379]],[[380]],[[381]],[[382]],[[383]],[[384]],[[385]],[[386]],[[387]],[[388]],[[389]],[[390]],[[391]],[[392]],[[393]],[[394]],[[395]],[[396]],[[397]],[[398]],[[399]],[[400]],[[401]],[[402]],[[403]],[[404]],[[405]],[[406]],[[407]],[[408]],[[409]],[[410]],[[411]],[[412]],[[413]],[[414]],[[415]],[[416]],[[417]],[[418]],[[419]],[[420]],[[421]],[[422]],[[423]],[[424]],[[425]],[[426]],[[427]],[[428]],[[429],[430],[431],[432]],[[433]],[[434],[435],[436],[437],[438],[439],[440],[441]],[[442],[443]],[[444]],[[445]],[[446]],[[447]],[[448]],[[449]],[[450]],[[451],[452]],[[453],[454],[455],[456],[457]],[[458]],[[459]],[[460]],[[461]],[[462]],[[463]],[[464]],[[465]],[[466]],[[467]],[[468]],[[469]],[[470]],[[471]],[[472]],[[473]],[[474,475]],[[476]],[[477]],[[478]],[[479]],[[480]],[[481]],[[482]],[[483]],[[486]],[[487]],[[488]],[[489]],[[490]],[[491],[492]],[[493]],[[494]],[[495]],[[496]],[[497,498]],[[499]],[[500]],[[501]],[[502]],[[503]],[[504]],[[505]],[[506]],[[507]],[[508]],[[509]],[[510]],[[511]],[[512]],[[513]],[[514],[515],[516]],[[517]],[[518]],[[519]],[[520]],[[521]],[[522]],[[523]],[[524]],[[525]],[[526]],[[527]],[[528]],[[529]],[[530]],[[531]],[[532]],[[533]],[[534]],[[535]],[[536]],[[537]],[[538]],[[539]],[[540]],[[541]],[[542]],[[543]],[[544]],[[545]],[[546]],[[547]],[[548]],[[549]],[[550]],[[551]],[[552]],[[553]],[[554],[555]],[[556]],[[557]],[[558]],[[559]],[[560]],[[561]],[[562]],[[563]],[[564],[565],[566]],[[567],[568]],[[569]],[[570]],[[571]],[[572]],[[573]],[[574]],[[575]],[[576]],[[577]],[[578]],[[579]],[[580]],[[581]],[[582]],[[583]],[[584]],[[585]],[[586]],[[587]],[[588]],[[589]],[[590]],[[591]],[[592]],[[593]],[[594]],[[595]],[[596]],[[597]],[[598]],[[599]],[[600]],[[601]],[[602]],[[603]],[[604],[605],[606],[607],[608],[609],[610],[611],[612]],[[613]],[[614]],[[615]],[[616]],[[617]],[[618],[619]],[[620]],[[621]],[[622]],[[623]],[[624]],[[625]],[[626],[627],[628],[629]],[[630]],[[631]],[[632]],[[633]],[[634]],[[635]],[[636]],[[637],[638]],[[639]],[[640]],[[641]],[[642]],[[643]],[[644]],[[645]],[[646]],[[647]],[[648]],[[649]],[[650]],[[651]],[[652]],[[653]],[[654]],[[655]],[[656]],[[657]],[[658]],[[659]],[[660]],[[661]],[[662]],[[663]],[[664]],[[665]],[[666]],[[667]],[[668]],[[669]],[[670]],[[671]],[[672]],[[673]],[[674]],[[675]],[[676]],[[677]],[[678]],[[679]],[[680]],[[681]],[[682]],[[683]],[[684]],[[685]],[[686]],[[687]],[[688]],[[689]],[[690]],[[691]],[[692]],[[693]],[[694]],[[695]],[[696],[697]],[[698]],[[699]],[[700]],[[701]],[[702]],[[703]],[[704]],[[705]],[[706]],[[707],[708],[709]],[[710]],[[711]],[[712]],[[713]],[[714]],[[715]],[[716]],[[717]],[[718]],[[719]],[[720]],[[721]],[[722]],[[723]],[[724]],[[725]],[[726]],[[727],[728]],[[729],[730]],[[731]],[[732]],[[733]],[[734]],[[735]],[[736]],[[737]],[[738]],[[739]],[[740]],[[741]],[[742],[743],[744],[745],[746],[747],[748],[749],[750],[751],[752],[753],[754],[755],[756],[757],[758],[759],[760],[761],[762],[763],[764],[765],[766],[767],[768],[769],[770],[771],[772],[773],[774],[775],[776],[777],[778],[779],[780],[781],[782],[783],[784],[785],[786],[787],[788],[789],[790],[791],[792],[793],[794],[795],[796],[797],[798],[799],[800],[801],[802],[803],[804],[805],[806],[807],[808],[809],[810],[811],[812],[813],[814],[815],[816],[817],[818],[819],[820],[821],[822],[823],[824],[825],[826],[827],[828],[829],[830],[831],[832],[833],[834],[835],[836],[837],[838],[839],[840],[841],[842],[843],[844],[845],[846],[847],[848],[849],[850],[851],[852],[853],[854],[855],[856],[857],[858],[859],[860],[861],[862],[863],[864],[865],[866],[867],[868],[869],[870],[871],[872],[873],[874],[875],[876],[877],[878],[879],[880],[881]],[[882]],[[883]],[[884]],[[885]],[[886]],[[887]],[[888]],[[889]],[[890]],[[891]],[[892]],[[893]],[[894],[895],[896],[897],[898],[899],[900],[901],[902]],[[903]],[[904]],[[905]],[[906]],[[907]],[[908]],[[909]],[[910]],[[911]],[[912]],[[913]],[[914]],[[915]],[[916],[917]],[[918]],[[919]],[[920]],[[921]],[[922]],[[923]],[[924]],[[925]],[[926]],[[927]],[[928]],[[929]],[[930]],[[931]],[[932]],[[933]],[[934]],[[935]],[[936]],[[937]],[[938],[939]],[[940]],[[941]],[[942]],[[943]],[[944]],[[945]],[[946],[947]],[[948]],[[949]],[[950]],[[951]],[[952]],[[953]],[[954]],[[955]],[[956]],[[957]],[[958]],[[959]],[[960]],[[961]],[[962]],[[963]],[[964]],[[965],[966]],[[967]],[[968]],[[969]],[[970],[971],[972],[973]],[[974]],[[975]],[[976],[977],[978]],[[979],[980]],[[981]],[[982]],[[983]],[[984]],[[985]],[[986]],[[987]],[[988]],[[989]],[[990]],[[991]],[[992]],[[993]],[[994]],[[995]],[[996]],[[997]],[[998]],[[999]],[[1000]],[[1001]],[[1002]],[[1003]],[[1004]],[[1005]],[[1006]],[[1007]],[[1008]],[[1009]],[[1010]],[[1011]],[[1012]],[[1013]],[[1014]],[[1015]],[[1016],[1017]],[[1018]],[[1019]],[[1020]],[[1021]],[[1022]],[[1023]],[[1024]],[[1025]],[[1026]],[[1027]],[[1028]],[[1029]],[[1030]],[[1031]],[[1032]],[[1033]],[[1034]],[[1035]],[[1036]],[[1037]],[[1038]],[[1039]],[[1040]],[[1041]],[[1042]],[[1043]],[[1044]],[[1045]],[[1046]],[[1047]],[[1048]],[[1049]],[[1050]],[[1051]],[[1052]],[[1053]],[[1054]],[[1055]],[[1056]],[[1057]],[[1058]],[[1059]],[[1060]],[[1061]],[[1062]],[[1063]],[[1064]],[[1065]],[[1066]],[[1067]],[[1068]],[[1069]],[[1070]],[[1071],[1072]],[[1073]],[[1074]],[[1075]],[[1076]],[[1077]],[[1078]],[[1079]],[[1080]],[[1081]],[[1082]],[[1083]],[[1084]],[[1085]],[[1086]],[[1087]],[[1088]],[[1089]],[[1090]],[[1091]],[[1092]],[[1093]],[[1094]],[[1095]],[[1096]],[[1097]],[[1098]],[[1099]],[[1100]],[[1101]],[[1102]],[[1103]],[[1104]],[[1105]],[[1106]],[[1107]],[[1108]],[[1109]],[[1110]],[[1111]],[[1112]],[[1113]],[[1114]],[[1115]],[[1116]],[[1117]],[[1118]],[[1119]],[[1120]],[[1121]],[[1122]],[[1123]],[[1124]],[[1125]],[[1126]],[[1127]],[[1128],[1129]],[[1130]],[[1131]],[[1132]],[[1133]],[[1134]],[[1135]],[[1136]],[[1137]],[[1138]],[[1139]],[[1140]],[[1141]],[[1142],[1143],[1144],[1145],[1146]],[[1147]],[[1148],[1149],[1150],[1151],[1152]],[[1153]],[[1154],[1155]],[[1156]],[[1157]],[[1158]],[[1159],[1160],[1161],[1162],[1163],[1164],[1165],[1166],[1167],[1168],[1169],[1170],[1171],[1172],[1173],[1174],[1175],[1176],[1177],[1178],[1179],[1180]],[[1181]],[[1182]],[[1183]],[[1184]],[[1185],[1186],[1187],[1188],[1189],[1190],[1191],[1192],[1193],[1194],[1195],[1196],[1197],[1198],[1199],[1200],[1201],[1202],[1203],[1204],[1205],[1206],[1207],[1208],[1209],[1210],[1211],[1212],[1213],[1214],[1215],[1216],[1217],[1218],[1219],[1220],[1221],[1222],[1223],[1224],[1225],[1226],[1227],[1228],[1229],[1230],[1231],[1232],[1233],[1234],[1235],[1236],[1237],[1238],[1239],[1240],[1241],[1242],[1243],[1244],[1245],[1246],[1247],[1248],[1249],[1250],[1251],[1252],[1253],[1254],[1255],[1256],[1257],[1258],[1259],[1260],[1261],[1262],[1263],[1264],[1265],[1266],[1267],[1268],[1269],[1270],[1271],[1272],[1273],[1274],[1275],[1276],[1277],[1278],[1279],[1280],[1281],[1282],[1283],[1284],[1285],[1286],[1287],[1288],[1289],[1290],[1291],[1292],[1293],[1294],[1295],[1296],[1297],[1298],[1299],[1300],[1301],[1302],[1303],[1304],[1305],[1306],[1307],[1308],[1309],[1310],[1311],[1312],[1313],[1314],[1315],[1316],[1317],[1318],[1319],[1320],[1321],[1322],[1323],[1324],[1325],[1326],[1327],[1328],[1329],[1330],[1331],[1332],[1333],[1334],[1335],[1336],[1337],[1338],[1339],[1340],[1341],[1342],[1343],[1344],[1345],[1346],[1347],[1348],[1349],[1350],[1351],[1352],[1353],[1354],[1355],[1356],[1357],[1358],[1359],[1360],[1361],[1362],[1363],[1364],[1365],[1366],[1367],[1368],[1369],[1370],[1371],[1372],[1373],[1374],[1375],[1376],[1377],[1378],[1379],[1380],[1381],[1382],[1383],[1384],[1385],[1386],[1387],[1388],[1389],[1390],[1391],[1392],[1393],[1394],[1395],[1396],[1397],[1398],[1399],[1400],[1401],[1402],[1403],[1404],[1405],[1406],[1407],[1408],[1409],[1410],[1411],[1412],[1413],[1414],[1415],[1416],[1417],[1418],[1419],[1420],[1421],[1422],[1423],[1424],[1425],[1426],[1427],[1428],[1429],[1430],[1431],[1432],[1433],[1434],[1435],[1436],[1437],[1438],[1439],[1440],[1441],[1442],[1443],[1444],[1445],[1446]],[[1447]],[[1448]],[[1449]],[[1450]],[[1451]],[[1452]],[[1453]],[[1454]],[[1455]],[[1456]],[[1457]],[[1458]],[[1459]],[[1460]],[[1461]],[[1462]],[[1463]],[[1464]],[[1465]],[[1466]],[[1467]],[[1468]],[[1469]],[[1470]],[[1471]],[[1472]],[[1473]],[[1474]],[[1475]],[[1476]],[[1477]],[[1478]],[[1479]],[[1480],[1481],[1482]],[[1483],[1484]],[[1485],[1486],[1487],[1488],[1489]],[[1490]],[[1491]],[[1492]],[[1493]],[[1494]],[[1495]],[[1496]],[[1497]],[[1498]],[[1499]],[[1500]],[[1501]],[[1502]],[[1503]],[[1504]],[[1505],[1506]],[[1507]],[[1508]],[[1509]],[[1510]],[[1511]],[[1512]],[[1513]],[[1514]],[[1515]],[[1516]],[[1517]],[[1518]],[[1519]],[[1520]],[[1521]],[[1522],[1523]],[[1524]],[[1525]],[[1526]],[[1527]],[[1528]],[[1529]],[[1530]],[[1531]],[[1532]],[[1533]],[[1534]],[[1535]],[[1536]],[[1537]],[[1538]],[[1539]],[[1540]],[[1541]],[[1542]],[[1543]],[[1544]],[[1545]],[[1546]],[[1547]],[[1548]],[[1549],[1550]],[[1551]],[[1552]],[[1553]],[[1554]],[[1555]],[[1556]],[[1557]],[[1558]],[[1559]],[[1560]],[[1561]],[[1562]],[[1563]],[[1564]],[[1565]],[[1566]],[[1567]],[[1568]],[[1569]],[[1570]],[[1571]],[[1572]],[[1573]],[[1574]],[[1575]],[[1576]],[[1577]],[[1578]],[[1579]],[[1580],[1581],[1582]],[[1583]],[[1584]],[[1585]],[[1586]],[[1587]],[[1588]],[[1589]],[[1590]],[[1591]],[[1592]],[[1593]],[[1594]],[[1595]],[[1596]],[[1597]],[[1598]],[[1599]],[[1600]],[[1601]],[[1602]],[[1603]],[[1604]],[[1605]],[[1606]],[[1607]],[[1608]],[[1609]],[[1610]],[[1611]],[[1612]],[[1613]],[[1614]],[[1615]],[[1616]],[[1617]],[[1618]],[[1619]],[[1620]],[[1621]],[[1622]],[[1623]],[[1624]],[[1625]],[[1626]],[[1627]],[[1628]],[[1629]],[[1630]],[[1631]],[[1632]],[[1633]],[[1634]],[[1635]],[[1636]],[[1637]],[[1638]],[[1639]],[[1640]],[[1641]],[[1642]],[[1643]],[[1644]],[[1645]],[[1646]],[[1647]],[[1648]],[[1649]],[[1650]],[[1651]],[[1652]],[[1653]],[[1654]],[[1655]],[[1656]],[[1657]],[[1658]],[[1659]],[[1660]],[[1661]],[[1662]],[[1663]],[[1664]],[[1665]],[[1666]],[[1667]],[[1668]],[[1669]],[[1670]],[[1671]],[[1672]],[[1673]],[[1674]],[[1675]],[[1676]],[[1677]],[[1678]],[[1679]],[[1680]],[[1681]],[[1682]],[[1683]],[[1684]],[[1685]],[[1686]],[[1687]],[[1688]],[[1689],[1690],[1691],[1692],[1693],[1694],[1695]],[[1696]],[[1697]],[[1698]],[[1699]],[[1700],[1701],[1702]],[[1703]],[[1704]],[[1705]],[[1706]],[[1707]],[[1708]],[[1709]],[[1710]],[[1711]],[[1712]],[[1713]],[[1714]],[[1715]],[[1716]],[[1717]],[[1718]],[[1719]],[[1720]],[[1721]],[[1722]],[[1723]],[[1724]],[[1725]],[[1726]],[[1727]],[[1728]],[[1729]],[[1730]],[[1731]],[[1732]],[[1733]],[[1734]],[[1735]],[[1736]],[[1737]],[[1738]],[[1739]],[[1740]],[[1741]],[[1742]],[[1743]],[[1744]],[[1745]],[[1746]],[[1747]],[[1748]],[[1749]],[[1750]],[[1751],[1752],[1753]],[[1754]],[[1755]],[[1756]],[[1757]],[[1758]],[[1759]],[[1760]],[[1761]],[[1762]],[[1763]],[[1764]],[[1765]],[[1766]],[[1767]],[[1768]],[[1769]],[[1770]],[[1771]],[[1772]],[[1773]],[[1774]],[[1775],[1776]],[[1777]],[[1778],[1779],[1780],[1781]],[[1782]],[[1783]],[[1784]],[[1785],[1786],[1787]],[[1788]],[[1789]],[[1790]],[[1791]],[[1792],[1793],[1794],[1795],[1796],[1797],[1798],[1799],[1800],[1801],[1802],[1803],[1804],[1805],[1806],[1807],[1808],[1809],[1810],[1811],[1812],[1813],[1814],[1815],[1816],[1817],[1818],[1819],[1820],[1821],[1822],[1823],[1824],[1825],[1826],[1827],[1828],[1829],[1830],[1831],[1832],[1833],[1834],[1835],[1836]],[[1837]],[[1838]],[[1839]],[[1840]],[[1841]],[[1842],[1843]],[[1844]],[[1845]],[[1846],[1847],[1848],[1849],[1850],[1851],[1852],[1853],[1854]],[[1855],[1856]],[[1857],[1858]],[[1859]],[[1860]],[[1861]],[[1862]],[[1863]],[[1864]],[[1865],[1866]],[[1867]],[[1868]],[[1869]],[[1870]],[[1871]],[[1872]],[[1873]],[[1874]],[[1875]],[[1876]],[[1877]]],"type":"MultiPolygon","properties":{"layer":"flood_planning"}}]}},"properties":{"layer":"flood_planning","state":"VIC","source":"Vicmap Planning overlays LSIO/FO/SBO (DTP Victoria)","licence":"CC-BY-4.0","asOf":"2026-09-08","simplify":"25%"}}