{"type":"Topology","arcs":[[[238,4099],[1,0]],[[239,4099],[2,-3]],[[241,4096],[-3,2],[0,1]],[[239,4099],[0,1]],[[239,4100],[0,1]],[[239,4101],[8,0],[0,-4],[-6,-1]],[[241,4096],[1,3],[-3,0]],[[239,4101],[0,-1]],[[239,4100],[-1,-1]],[[238,4099],[1,2]],[[267,4172],[-4,1],[1,2],[4,2],[3,0],[2,-3],[-2,-4],[-4,2]],[[284,4191],[-3,0],[-3,3],[2,3],[4,0],[2,-5],[-2,-1]],[[278,4204],[1,6],[-3,0],[-2,5],[2,5],[4,-1],[8,-7],[6,-4],[-2,-4],[-2,0],[-2,-4],[-5,-3],[-4,1],[-1,6]],[[328,4444],[-7,0],[-3,3],[1,1],[6,-1],[-2,-1],[5,-2]],[[320,4456],[2,6],[6,2],[-2,3],[6,-1],[-1,-3],[-4,-3],[-2,-3],[2,-2],[7,0],[3,2],[-1,7],[1,3],[-2,4],[3,0],[2,-4],[-2,-4],[2,-2],[-1,-4],[0,-3],[-1,-6],[-5,5],[-4,0],[-4,-2],[-5,5]],[[87,4662],[1,-1],[-2,-10],[-1,0],[2,11]],[[420,4800],[-5,0],[0,2],[5,-2]],[[418,4813],[1,3],[2,3]],[[421,4819],[1,0]],[[422,4819],[-4,-6]],[[431,4835],[-2,1],[-1,6],[4,-1],[-1,-6]],[[422,4819],[-1,0]],[[421,4819],[2,3],[2,12],[2,0],[0,-4],[5,-1],[0,-1],[-5,0],[-4,-9],[-1,0]],[[393,4890],[-6,3],[-2,3],[6,-2],[2,-4]],[[439,4880],[-8,-3],[-4,1],[-6,1],[-2,3],[0,4],[6,4],[1,-2],[-3,-2],[5,-2],[5,-3],[6,-1]],[[411,4916],[7,-8],[7,1],[-2,-5],[-2,3],[-5,1],[-5,8]],[[340,4962],[-5,1],[0,4],[5,0],[0,4],[10,4],[-1,-3],[-5,-1],[2,-2],[-1,-3],[-4,-1],[-1,-3]],[[452,4983],[-7,2],[-1,-3],[-6,-3],[-4,2],[-1,2],[4,6],[6,-1],[1,-2],[5,0],[3,-3]],[[524,5231],[4,-1],[0,-3],[9,1],[1,5],[9,-1],[6,1],[4,0],[5,-2],[4,2],[3,7],[4,1],[9,1],[10,-1],[-1,-1],[-8,1],[7,-4],[4,-4],[-8,3],[-2,2],[-5,2],[-8,-2],[-2,-2],[-2,-6],[2,-2],[6,0],[7,-3],[6,-4],[2,0],[8,-5],[4,5],[9,1]],[[611,5222],[-5,-2],[-3,0],[-3,-2],[0,-5],[3,-1],[0,-8],[6,-7]],[[609,5197],[3,-2],[2,-6],[3,-2],[7,-7],[4,-4],[-1,-3],[3,-4],[-7,0],[-5,1],[-4,-1],[-8,1],[-11,-3],[-4,-2],[-1,-5],[1,-4],[2,-1]],[[593,5155],[-3,0],[-1,-2],[-6,-5],[-9,-3],[-7,2],[-4,-2],[1,-2],[-2,-5],[2,-4],[3,0],[1,-2],[5,-3],[-6,-3],[-7,-1],[1,-4],[2,-2],[3,-1],[5,-4],[-6,0],[-3,2],[-4,2],[-3,3],[-4,0],[-4,-3],[0,-2],[5,-5],[3,-1],[-1,-7],[3,-1],[8,6],[5,-2],[0,-3]],[[570,5103],[-2,1],[-6,-5],[-7,1],[-3,4],[1,4],[-6,4],[-2,4],[1,4],[3,5],[1,4],[-6,7],[1,3],[-1,4],[4,4],[1,7],[-4,2],[-5,0],[-2,-7],[-3,-1],[-3,-6],[-9,-10],[-5,-4],[-2,-3],[-7,-5],[-4,-3],[-1,-3],[-4,-18],[-1,0],[-2,-11],[-4,-1],[-1,-4],[-3,0],[0,-5],[-2,-2],[-2,-8],[-2,-2]],[[483,5063],[0,-3]],[[483,5060],[-1,-3],[-9,-4],[-5,-4],[-7,-1],[-1,-3],[-4,2],[1,2],[-4,1],[-5,-2],[-4,1],[3,-7],[-5,0],[-1,-2],[2,-3],[-3,-1],[-4,-7],[-4,-1],[-8,-4],[-2,0],[-6,-2],[-6,-5]],[[410,5017],[3,-1]],[[413,5016],[-2,-5],[3,-7],[3,-3],[-1,-2],[3,-1],[5,-4],[-8,-1],[0,-4],[2,-1],[-1,-4],[-4,-1],[-2,-4],[-1,-1],[0,-4],[-1,-7],[-3,-7],[-2,-6],[-3,-3],[-5,-3],[8,-1],[5,-4],[3,-7],[-1,-4],[3,-2]],[[414,4930],[-2,-2],[-2,-7],[1,-5]],[[411,4916],[-2,2],[0,4],[1,7],[0,9],[-6,8],[-8,1],[-4,-2],[-1,-7],[-7,-2],[-4,-4],[0,-2],[-1,-6],[-4,-3],[-1,-5],[3,-6],[-3,-3],[-3,10],[1,8],[-2,0],[0,4],[-13,1],[1,3],[-5,1],[1,5],[3,-1],[2,3],[6,4],[4,0],[2,3],[-4,4],[-2,3],[-1,4],[-3,4],[2,3],[-2,2],[2,5],[-3,1],[-2,4],[0,3]],[[358,4981],[-3,4],[-1,4],[-3,3],[-4,-2],[-2,-4],[-2,-9],[-2,3],[1,4],[3,3],[1,6],[-2,1],[1,4],[-2,2],[-1,8],[2,4],[-2,2],[3,2],[0,3],[7,4],[0,3]],[[352,5026],[-1,4],[1,3],[2,9],[0,4],[2,3],[5,0],[2,2],[1,4],[-4,5],[1,4],[3,6],[3,13],[-2,4],[0,3],[4,3],[0,3],[-4,3],[-2,2],[2,4],[-5,1],[0,2],[4,0],[0,4],[-1,1]],[[363,5113],[3,1],[1,3],[-2,1]],[[365,5118],[-3,2],[2,3],[2,-1],[5,3],[3,5],[5,3],[-3,5],[2,4],[-2,3],[1,14],[3,10],[-1,3],[-3,2],[-3,4],[0,4],[0,4]],[[373,5186],[2,-1],[2,8],[0,4],[5,1],[6,-4],[5,5],[2,6],[7,9],[7,6],[3,3],[1,4],[6,6],[3,2],[3,0],[0,4],[2,2],[5,3],[2,4],[5,0],[2,4],[3,0],[4,3],[13,1],[10,-1],[0,-7]],[[471,5248],[3,-4],[-1,-2],[3,-6],[8,2],[5,0],[2,-2],[6,2],[4,4],[1,3],[5,2],[2,3],[5,4],[1,2],[-3,2],[5,5],[0,2],[-6,0],[0,2]],[[511,5267],[-4,-3],[-3,1],[-6,2],[-6,1],[-10,4],[-2,-4],[-2,-2],[-1,-5],[-7,-1],[-7,0],[-6,3],[-5,-1],[1,3],[4,0]],[[457,5265],[1,2]],[[458,5267],[3,5],[4,1],[-1,7],[2,6],[6,4],[4,4],[2,0],[6,3],[2,3],[9,5],[6,5]],[[501,5310],[3,1],[0,3],[5,2],[1,6],[5,4],[4,6],[5,2],[2,9],[2,0],[2,5],[2,7],[3,8],[2,0],[1,6],[2,2],[4,3],[3,4],[5,2],[3,5],[3,1],[5,1],[5,3],[9,3],[13,-2],[11,6],[1,-1],[-9,-5],[-2,-2],[3,-2],[1,-2],[0,-3],[-2,-6],[2,-1],[-4,-3],[-3,-9],[6,-1],[-2,-2],[-2,-9],[-2,-4],[-1,-2],[-2,-6],[-7,-3],[-1,-5],[-4,2],[-8,-4],[-6,-3],[-4,-3],[2,-4],[-3,-1],[-2,-4],[-3,0],[-1,-3],[-2,-1],[-2,-3],[-2,-2],[-4,-7],[-4,-18],[0,-8],[-3,-11],[1,-2],[-1,-7],[-1,-2],[0,-5],[-4,-1],[-8,1],[-2,-3],[-7,1],[-1,-5],[-4,-2],[-1,-5],[1,-1],[-2,-9],[3,-6],[16,1],[-7,4],[-6,0],[0,2],[7,0],[1,-3],[5,1],[-1,3],[3,1],[4,1],[0,2],[-4,2],[1,2]],[[464,5245],[1,-3],[4,0],[-5,3]],[[439,5238],[4,-4],[3,0],[6,4],[-11,1],[-2,-1]],[[423,5178],[5,2],[5,3],[-1,4],[2,3],[3,3],[-1,3],[-3,0],[0,3],[6,1],[6,4],[-9,0],[-3,2],[-4,1],[1,6],[2,4],[-1,3],[3,2],[2,5],[-2,2],[-5,-1],[0,-2],[-3,-1],[-1,-4],[-11,1],[-3,0],[-3,-4],[-2,-4],[-4,-1],[4,-3],[8,-2],[0,-2],[2,-2],[4,2],[-7,5],[4,1],[7,-1],[3,-5],[4,0],[0,-5],[-7,-1],[-8,1],[-8,1],[-4,-5],[-3,-6],[-6,-5],[-1,-4],[1,-5],[-5,-3],[-3,-7],[6,-1],[2,4],[4,0],[1,3],[5,4],[6,0],[6,-1],[6,2]],[[381,5185],[2,3],[-4,0],[2,-3]],[[506,5169],[-2,-1],[-1,-6],[1,-1],[5,0],[7,3],[0,3],[-3,2],[-3,-2],[-4,2]],[[590,5381],[4,2],[1,3],[-4,2],[-1,2],[-11,2],[-3,-1]],[[576,5391],[2,-2],[-1,-3],[2,-2],[8,-1],[3,-2]],[[576,5391],[-4,0],[-5,-3],[0,-2],[6,-1],[3,2],[0,4]],[[373,5186],[0,2]],[[373,5188],[0,-2]],[[380,5203],[0,-3],[-4,-2],[-2,3],[3,3],[0,4],[5,2],[-2,-7]],[[425,5212],[1,5],[2,0],[0,-6],[-3,1]],[[524,5612],[-2,-1],[3,-3],[-3,-2],[-3,2],[0,5],[3,2],[2,-3]],[[334,4022],[2,0],[0,-4],[-2,0],[0,4]],[[304,4038],[4,-1],[-2,-4],[-3,1],[-1,2],[2,2]],[[334,4040],[-5,-3],[-1,4],[6,-1]],[[289,4172],[2,1]],[[291,4173],[5,0],[0,-4],[-7,3]],[[291,4173],[-2,-1]],[[289,4172],[2,1]],[[394,4443],[-4,5],[2,1],[3,-2],[-1,-4]],[[450,4738],[-2,0]],[[448,4738],[-2,-3],[1,-4],[2,0],[-1,-4],[2,-5],[4,-4],[-1,-1],[5,-5],[4,0],[4,-8],[-1,-2],[4,-5],[3,-1],[4,-7],[-6,5],[-7,6],[0,3],[-2,1],[-2,5],[-9,9],[-5,11],[-1,3],[1,4],[-2,5],[0,11],[1,4],[4,6],[1,3],[4,2],[0,2],[5,1],[-4,2],[-4,5],[5,3],[2,-6],[4,1],[5,0],[3,-2],[2,-4],[1,-5],[-7,1],[-4,-3],[-1,-3],[-6,-3],[-2,-3],[-3,1],[0,-4],[-3,-6],[0,-5],[4,-1]],[[461,4735],[0,2],[5,0],[-2,-3],[-3,1]],[[486,4767],[2,-2],[-1,-4],[-6,1],[2,2],[-3,5],[5,1],[1,-3]],[[446,4788],[0,-2],[-2,0],[-8,-2],[3,4],[6,-1],[1,1]],[[495,4794],[-2,-2],[0,-6],[2,-2],[6,-2],[-1,-6],[3,0],[0,-4],[-6,-3],[-3,5],[-7,5],[-2,4],[-3,1],[-5,4],[-2,6],[2,5],[-1,4],[10,0],[4,-2],[4,-1],[6,-2],[-11,0],[2,-4],[4,0]],[[452,4804],[-6,-4],[-2,1],[8,3]],[[805,4853],[-6,3],[-6,0],[-10,-3],[-5,1],[-9,-5],[-13,-1]],[[756,4848],[-6,2],[-6,1],[-2,1],[-7,0],[-4,2],[-7,0],[-6,2],[-7,7],[-7,1],[-3,-1],[-4,-3],[-17,-2],[-6,-1],[-8,-3],[-1,-2],[-5,0],[-7,-1],[-4,-3],[-3,0],[-1,-2],[-7,-4],[0,-1],[-5,-3],[-3,0],[-4,-3],[-13,1],[-5,-2],[-10,1],[-7,-2],[-4,0],[-15,-6],[-8,1],[-6,-2],[-4,-2],[-11,1],[-4,0],[-13,-2],[-7,-1],[-4,-2],[-4,-1],[-2,-2],[-7,-3],[-3,0],[-3,-3],[-4,-2],[-3,0],[-10,-3],[-3,-1],[-6,1],[1,1],[6,1],[12,3],[3,-1],[8,6],[5,1],[14,7],[5,1],[6,-1],[4,2],[1,1],[11,1],[7,-1],[2,1],[6,0],[3,1],[9,0],[13,5],[8,2],[4,1],[9,-1],[6,1],[5,0],[3,1],[5,0],[4,2],[6,4],[13,7],[3,1],[5,2],[6,0],[10,3],[2,2],[17,2],[3,0],[5,3],[5,1],[7,0],[4,-2],[1,-4],[4,-2],[9,-2],[9,-3],[6,1],[6,-2],[8,0],[7,0],[9,3],[4,2],[7,1],[7,1],[8,-1],[4,-4]],[[449,4833],[1,0]],[[450,4833],[-1,0]],[[450,4833],[-1,0]],[[449,4833],[3,8],[0,5],[2,2],[3,-1],[0,-2],[3,-3],[-4,-1],[-2,-9],[-4,1]],[[464,4855],[0,-3],[-3,0],[-2,3],[-3,1],[0,2],[-3,3],[0,1],[5,0],[0,-3]],[[458,4859],[3,-4],[3,0]],[[480,4859],[0,4],[3,0],[1,-3],[-1,-5],[-3,0],[0,4]],[[481,4870],[7,1]],[[488,4871],[-1,-3],[4,-4],[-1,-3],[-4,-1],[2,5],[-4,2],[-3,3]],[[481,4870],[-3,3],[-1,5],[1,6],[6,-3],[2,-3],[-1,-1],[1,-5],[-5,1],[0,-3]],[[506,4898],[1,1]],[[507,4899],[-1,-1]],[[506,4898],[1,1]],[[507,4899],[-1,-1]],[[470,4907],[-1,2]],[[469,4909],[7,-1],[-4,3],[1,1],[7,-1],[-4,-5],[0,-2],[5,-2],[7,-1],[1,-1],[0,-3],[-9,1],[-7,2],[0,3],[-3,4]],[[469,4909],[1,-2]],[[470,4907],[-1,2]],[[461,4911],[-1,-2],[-6,1],[2,2],[5,-1]],[[455,4913],[-3,1],[3,3],[2,-2],[-2,-2]],[[469,4916],[3,0],[-1,-4],[-3,0],[-2,3],[3,1]],[[489,4918],[8,-1],[-5,-2],[-3,3]],[[472,4920],[-3,3],[4,2],[5,-5],[-2,-3],[-4,3]],[[457,4924],[-2,2],[1,3],[3,0],[1,-3],[-3,-2]],[[452,4939],[3,-3],[-4,-1],[1,4]],[[482,4938],[6,0],[1,-3],[-7,1],[0,2]],[[476,4938],[-4,2],[4,2],[0,-4]],[[483,4956],[2,0]],[[485,4956],[1,-2],[-4,-2],[0,3],[1,1]],[[485,4956],[-2,0]],[[483,4956],[2,0]],[[466,4951],[4,0],[-2,4],[1,5],[-2,10]],[[467,4970],[3,-3],[-1,-5],[1,-2],[-1,-4],[2,-2],[0,-4],[-5,1]],[[474,4995],[2,-5],[-1,-7],[-3,-1],[-2,1],[4,12]],[[523,5053],[-2,3],[-1,5],[5,0],[-2,-8]],[[483,5063],[0,-3]],[[483,5060],[0,3]],[[545,5087],[0,-3],[-3,0],[0,-3],[5,-4],[-6,0],[-1,-4],[1,-3],[8,-1],[2,-2],[-1,-2],[-4,3],[-1,-5],[-4,1],[-3,2],[-4,2],[-3,-1],[-3,1],[-4,-1],[-1,3],[-4,2],[2,6],[6,1],[0,2],[6,3],[4,-1],[4,0],[0,3],[4,1]],[[534,5076],[-3,-1],[0,-3],[3,0],[1,3],[-1,1]],[[541,5069],[-1,2],[-5,0],[2,-4],[4,2]],[[545,5087],[3,3],[7,3],[3,1],[2,-3],[-6,-1],[-3,-2],[-6,-1]],[[593,5264],[-4,1],[4,2],[4,-1],[-4,-2]],[[615,5280],[1,-3],[-2,-2],[-4,-1],[-2,2],[1,6],[5,7],[2,6],[3,3],[-2,-9],[0,-6],[-2,-3]],[[611,5318],[6,-5],[-2,-2],[-5,6],[1,1]],[[611,5318],[0,3]],[[611,5321],[0,-3]],[[729,5935],[1,-2],[3,-3],[-1,-3]],[[732,5927],[-3,4],[0,4]],[[729,5935],[-1,3],[1,4]],[[729,5942],[0,-7]],[[729,5942],[2,5],[-4,1],[4,4],[7,2],[0,-4]],[[738,5950],[-3,-2],[3,-2],[-1,-1],[-4,-1],[-4,-2]],[[736,5984],[-6,-2],[3,-3],[-2,-6],[-4,-1],[-2,5],[-2,5],[4,-2],[1,3],[5,2],[3,-1]],[[726,6011],[3,1],[0,-4],[-4,1],[1,2]],[[757,6214],[-2,-5],[-1,-3],[-3,0],[2,5],[-2,2],[1,3],[6,7],[4,0],[0,-2],[-3,-1],[-2,-3],[0,-3]],[[745,6221],[1,1],[6,-3],[-4,-2],[-3,4]],[[402,3990],[1,0]],[[403,3990],[-1,0]],[[403,3990],[-1,0]],[[402,3990],[1,0]],[[350,4032],[-3,3],[-1,2],[5,1],[-1,-6]],[[507,4724],[-5,2],[-1,2],[1,2],[3,0],[0,-5],[2,-1]],[[511,4732],[2,3],[3,-1],[-1,-2],[-4,0]],[[537,4744],[3,0],[1,2],[4,3],[3,-3],[-2,-3],[-9,1]],[[568,4765],[0,-3],[-4,-1],[-6,1],[0,5],[10,-2]],[[528,4865],[2,2]],[[530,4867],[-2,-2]],[[528,4868],[2,0]],[[530,4868],[0,-1]],[[530,4867],[-2,0]],[[528,4867],[0,1]],[[532,4870],[-2,-2]],[[530,4868],[-2,0]],[[528,4868],[0,-1]],[[528,4867],[-1,3],[5,0]],[[592,5153],[1,2]],[[593,5155],[-1,-2]],[[652,5195],[-1,3]],[[651,5198],[5,-2],[-1,-4],[-5,1],[2,2]],[[639,5203],[-3,2],[-5,0],[-1,2],[1,3],[3,-1],[3,-3],[2,-3]],[[640,5223],[4,-3],[0,-4],[-4,-1],[0,5]],[[640,5220],[0,3]],[[640,5223],[-4,0],[-1,2],[6,0],[0,2],[-7,2],[2,6],[3,2],[1,4],[-3,0],[2,7],[6,-1],[0,-3],[-2,-3],[-2,-6],[-2,-1],[0,-5],[5,-2],[1,-5],[-5,1]],[[656,5339],[4,1],[0,-3],[-4,2]],[[657,5343],[0,1],[6,-1],[1,-2],[-7,2]],[[650,5360],[-2,1],[0,4],[-1,2],[0,3],[-2,1],[1,6],[0,3],[1,2],[5,1],[11,-1],[3,4],[10,-2],[-3,-4],[-1,-3],[2,-2],[4,1],[3,0],[-1,-4],[2,-3],[-10,-2],[-6,1],[-4,3],[-5,0],[0,-3],[6,-1],[-4,-2],[-5,-6],[2,-2],[-5,0],[-1,3]],[[705,5401],[1,0]],[[706,5401],[-1,0]],[[706,5401],[-1,0]],[[705,5401],[1,0]],[[787,5895],[-3,0],[-4,-4],[-7,-1],[-4,-2],[-4,-1],[-12,-6],[-1,-2],[-7,-6],[-5,-10],[-4,1],[-7,0],[-3,-1],[2,10],[4,5],[1,5],[7,7],[2,6],[-2,2],[-4,-1],[-1,-4],[-5,-1],[-3,-2],[0,-3],[-7,0],[1,-3],[-2,-1],[-6,0],[3,5],[7,3],[4,5],[1,5],[-4,-3],[-1,1],[1,5],[-1,3],[2,2],[1,4],[2,6],[0,4],[2,1],[-1,-7],[1,-5],[3,-2],[5,-6],[1,-5],[3,-1],[7,-7],[14,-1],[9,2],[12,6],[5,4],[-1,5],[1,3],[3,2],[3,3],[5,0]],[[800,5915],[0,2],[6,0],[6,2],[-1,-4],[-3,-1],[-1,-2],[-4,-5],[-4,-2],[-1,-3],[-4,-4],[-7,-3]],[[803,5921],[7,3],[1,-3],[-8,0]],[[455,3939],[1,2],[4,0],[2,-2],[-7,0]],[[575,4242],[-1,-1]],[[574,4241],[1,1]],[[575,4242],[-1,-1]],[[574,4241],[1,1]],[[582,4249],[-2,-5],[-2,0],[4,5]],[[582,4249],[1,5],[2,0],[-3,-5]],[[482,4333],[6,-3],[-1,-3],[-3,1],[1,3],[-3,2]],[[569,4336],[4,-1],[5,-3],[-1,-2],[-5,1],[-5,4],[2,1]],[[567,4358],[4,-1],[-4,-6],[-3,0],[0,3],[3,0],[0,4]],[[637,4497],[0,2]],[[637,4499],[0,-2]],[[626,4508],[-7,6],[-5,0],[1,5],[4,-2],[4,0],[1,-4],[3,-1],[-1,-4]],[[620,4521],[-3,4],[6,-1],[0,-4],[-3,1]],[[603,4544],[5,-4],[-4,0],[-7,3],[-2,3],[2,4],[5,-1],[1,-5]],[[599,4555],[-9,4],[-4,4],[3,8],[-1,3],[4,1],[3,-4],[-2,-4],[-2,-1],[5,-5],[0,-4],[3,-2]],[[583,4587],[-4,2],[-7,5],[-1,4],[0,3],[-2,6],[-11,8],[0,6],[0,4],[-2,2],[0,2],[-4,7],[1,3],[-2,2],[-4,2],[-1,3],[-3,4],[-4,6],[0,2],[-4,2],[-1,4],[6,-2],[6,-8],[6,-6],[0,-2],[5,-10],[-1,-3],[6,-9],[-1,-3],[11,-10],[2,-4],[4,-6],[1,-5],[2,-6],[2,-3]],[[732,5302],[4,0]],[[736,5302],[-4,0]],[[939,6022],[2,-1]],[[941,6021],[1,-1]],[[942,6020],[-3,2]],[[404,3205],[2,0],[0,-3],[-9,4],[3,2],[4,-3]],[[531,3989],[2,0],[4,2],[1,4],[-2,2],[-1,4],[1,4],[3,1],[1,4],[3,0],[6,7],[6,0]],[[555,4017],[-6,-2],[-2,-7],[1,-3],[-10,0],[-1,-3],[1,-10],[-2,-3],[-2,-1],[-3,1]],[[624,4157],[-2,-8],[-2,0],[4,8]],[[626,4508],[0,-1],[9,-8],[2,0]],[[637,4499],[0,-2]],[[637,4497],[3,-3],[5,-1],[5,-3],[4,-4],[4,-8],[2,0],[8,-7]],[[668,4471],[-4,2],[-3,-1],[6,-6]],[[667,4466],[-1,-3],[6,-4],[2,-2],[-1,-3],[2,-1],[-1,-3],[-4,-4],[3,-2],[4,-1],[10,-10],[9,-5],[6,-4],[8,-3],[2,-1],[2,-2],[8,-3],[-3,-3],[-5,-1],[-4,3],[-4,2],[-1,2],[-4,2],[-5,0],[0,2],[-5,0],[-4,4],[-2,0],[-8,3],[2,2],[-4,6],[-2,1],[-2,4],[-4,3],[-3,0],[-6,5],[3,1],[-3,3],[-5,1],[2,4],[-6,1],[1,2],[-3,3],[-1,4],[0,5],[-4,1],[0,3],[3,1],[-5,4],[-2,6],[-3,3],[-6,11],[-5,4],[2,1]],[[911,5604],[-3,-3],[-2,4],[-2,1],[1,2],[6,-1],[0,5],[-6,2],[0,3],[5,2],[8,0],[1,6],[-5,5],[2,4],[8,1],[2,-4],[-1,-3],[3,-4],[2,-6],[-10,-6],[-9,-8]],[[997,5904],[2,2],[3,-1],[-1,-3],[-5,0],[1,2]],[[986,5933],[-2,-2],[-3,0],[1,3],[1,6],[4,0],[-1,-7]],[[1020,5966],[-2,-1]],[[1018,5965],[2,1]],[[1012,5979],[-1,-3]],[[1011,5976],[-6,1],[1,4],[-3,0]],[[1003,5981],[1,3]],[[1004,5984],[3,0],[1,-3],[4,-2]],[[1012,5981],[0,-2]],[[1012,5979],[0,2]],[[1004,5984],[-1,-3]],[[1003,5981],[-3,3]],[[1000,5984],[4,0]],[[1026,5989],[0,-3],[-3,-1],[1,6],[1,0],[2,6],[3,0],[-3,-7],[-1,-1]],[[1026,6014],[2,0],[1,-3],[-5,0],[2,3]],[[1151,6198],[-4,0],[-1,-2],[5,-1],[3,-4],[-2,-6],[8,-5],[5,0],[5,-4],[0,-4],[0,-4],[-1,-2],[0,-7],[-4,1],[-1,4],[1,5],[0,4],[-3,6],[-8,-2],[1,5],[-3,2],[-3,1],[2,5],[-2,1],[1,3],[-5,1],[-3,-3],[-2,-9],[-2,-1],[-2,-3],[2,-2],[6,-1],[-4,-3],[-2,-3],[-1,-9],[-3,0],[-2,-6],[-7,-7],[-6,-3],[-1,-7],[4,-5],[4,-1],[3,2],[6,-1],[0,-5],[-8,2],[-6,3],[-3,1],[-3,3],[-5,1],[-5,-2],[-1,-1]],[[1104,6135],[-1,-2],[-1,-7],[1,-4],[-2,-1],[0,-4],[-3,-4],[-5,5],[-8,-1],[-7,-6],[-1,-6],[4,-4],[-1,-5],[-1,0]],[[1079,6096],[-2,-2],[2,-4],[-4,0],[-6,-4],[-3,-5],[-1,-7],[-5,-3],[-2,-3],[-3,-3],[-2,-4],[-1,-4],[-2,0],[-1,-3],[-3,0],[-1,-4],[-3,1],[0,5],[-3,2],[-4,1],[-4,-3],[-2,-5],[-2,-6],[3,-6],[0,-4],[-5,-3],[-5,1],[-2,2],[-4,1],[-5,-3],[-2,-3],[-1,-4],[2,-3],[4,-2],[-2,-12],[1,-2],[-9,-1],[-4,0],[-1,-3],[-6,3],[-6,-4],[-3,-1],[-2,-2],[0,-7],[-2,-9],[0,-2],[-6,-5],[2,-4],[-3,-7],[4,1],[-1,-4],[-4,-17],[-1,-1],[-1,-4],[1,-3],[-7,1],[-11,5],[-2,-2],[-3,-6],[-1,-6],[-6,-1],[-1,-4],[1,-2]],[[939,5922],[2,0],[1,-4],[6,-2],[4,2],[2,-3],[-3,-5],[2,-4],[-6,-2],[-5,-3],[-4,-1],[-4,3],[-3,0],[-3,-3],[-1,-3],[2,-3],[-2,-2],[-1,-7],[-2,-2],[-2,-9],[-2,-5],[-4,-1],[-2,2],[-9,1],[-4,3],[-4,3],[-4,0],[-7,-4],[-2,-5],[-2,1],[1,4],[-2,0],[-15,-9],[-5,1],[-3,3],[-4,5],[2,7],[-3,2],[1,4],[-4,3],[2,7],[0,4],[-2,3],[2,4],[4,1],[4,-1],[1,-3],[4,0],[5,2],[3,-4],[6,1],[2,3],[4,0],[1,5],[4,0],[2,8],[11,-1],[0,1],[-7,1],[0,3],[-5,4],[-1,3],[12,-1],[0,2],[-7,0],[-2,4],[4,0],[1,3],[-2,5],[1,3],[1,1],[1,6],[5,-1],[-4,4],[1,7],[2,4],[3,0],[1,4],[9,0],[8,-4],[4,1],[-4,2],[-1,2],[-6,1],[-2,3],[-2,-1],[-4,5],[1,6],[4,5],[3,3],[7,0],[3,2],[4,-2],[6,3],[-10,3],[-3,3],[-3,3],[3,2],[2,3],[4,0],[4,-3],[4,0],[-5,5],[2,1],[-2,5],[7,0],[2,1]],[[942,6020],[-1,1]],[[941,6021],[-2,1]],[[939,6022],[-4,3],[-2,4],[2,3],[2,-1],[3,-3],[5,-1],[-2,4],[-4,3],[0,2],[5,0],[0,3],[8,0],[5,-6],[3,1],[0,2],[-3,2],[0,3],[-2,0],[-4,4],[-4,1],[2,2],[6,-1],[1,4],[-6,3],[1,3],[4,1],[-1,4],[7,-3],[4,-1],[2,1],[0,4],[7,1],[-1,2],[2,3],[0,3],[-3,1],[-2,-4],[-4,2],[0,4],[4,2],[9,-1],[-3,7],[0,3],[5,0],[-2,3],[5,7],[-5,1],[0,5],[9,1],[3,3],[-2,2],[3,4]],[[992,6112],[1,0]],[[993,6112],[4,1],[2,10],[4,1],[1,-2],[7,5],[1,2],[-2,4],[2,1]],[[1012,6134],[4,2],[5,-1],[3,2],[1,2],[5,2],[5,0],[2,5],[-2,4],[2,3],[0,5],[5,5],[1,3],[5,1],[4,-1]],[[1052,6166],[2,1],[6,-1],[-1,3],[-4,1],[-4,-1],[-3,1],[9,2],[-1,4],[3,0],[2,-2],[7,3],[2,4],[-4,1],[-3,-1],[-1,3],[-2,0],[0,6],[2,1],[1,7],[2,3],[3,1],[6,5],[0,2],[-5,0]],[[1069,6209],[-1,1],[7,0],[3,2],[4,0],[3,-3],[-1,-4],[-3,-2],[2,-3],[5,6],[0,4],[-6,4],[8,2],[4,-1]],[[1094,6215],[3,-3],[4,5],[4,2],[-1,-4],[4,-1],[4,3],[15,-1],[2,1],[4,1],[6,-1],[5,-5],[0,-2],[5,-4],[-1,-7],[3,-1]],[[1079,6096],[0,3],[-4,2],[0,-3],[1,-2],[3,0]],[[1133,6208],[-5,2],[-3,-4],[2,-3],[-1,-3],[5,-5],[8,2],[6,4],[0,2],[-3,2],[-10,1],[1,2]],[[1099,6208],[0,-4],[5,3],[-5,1]],[[1139,6189],[1,4],[-4,1],[-5,-1],[1,-2],[7,-2]],[[1131,6181],[4,-1],[2,7],[-2,3],[-6,1],[-2,-2],[0,-3],[5,-1],[-1,-4]],[[1121,6184],[2,0],[1,-4],[4,-1],[2,3],[-6,5],[-11,2],[-1,-6],[5,-1],[4,2]],[[1111,6186],[-4,0],[-1,-4],[4,-1],[1,5]],[[1126,6177],[-5,0],[-1,-5],[6,2],[0,3]],[[1116,6167],[-1,-3],[2,-5],[-1,-6],[0,-3],[4,0],[5,5],[3,0],[4,2],[0,5],[-3,10],[-6,0],[-6,-3],[-1,-2]],[[1095,6165],[2,4],[-4,0],[-1,-3],[3,-1]],[[1103,6152],[1,-3],[4,0],[3,3],[1,5],[-1,3],[-4,1],[-4,-3],[-2,-4],[2,-2]],[[1116,6149],[-4,0],[0,-3],[5,0],[-1,3]],[[1081,6150],[1,2],[-5,1],[-1,-3],[5,0]],[[1078,6131],[5,-1],[5,3],[0,3],[-3,5],[-7,0],[-2,-2],[-1,-5],[3,-3]],[[1051,6134],[-4,-1],[4,-3],[0,4]],[[1065,6113],[0,-3],[5,-2],[4,3],[2,5],[1,7],[-4,3],[-4,0],[-5,-5],[-1,-4],[2,-4]],[[1016,6123],[0,3],[-3,0],[-1,-3],[4,-3],[0,3]],[[1020,6119],[0,-2],[2,-3],[2,3],[-4,2]],[[1031,6113],[-1,-3],[4,0],[0,3],[-3,0]],[[1058,6105],[-1,-3],[5,1],[0,3],[-4,-1]],[[1064,6102],[-2,0],[-5,-6],[0,-7],[2,-2],[4,0],[6,1],[3,1],[1,6],[-2,4],[-4,3],[-3,0]],[[995,6093],[-2,1],[-1,-7],[3,1],[1,3],[-1,2]],[[1014,6083],[1,2],[1,4],[-5,0],[-1,-3],[4,-3]],[[1033,6085],[-2,0],[-1,-3],[3,-1],[2,3],[-2,1]],[[985,6076],[4,1]],[[989,6077],[2,5],[-4,0],[-2,-3],[0,-3]],[[985,6076],[-1,-3],[2,-1],[2,4],[-3,0]],[[993,6068],[2,4],[2,5],[2,1],[1,5],[-4,-1],[-5,-7],[-2,2]],[[989,6077],[-2,-6],[1,-3],[5,0]],[[993,6068],[-4,-1],[-3,3],[-1,-5],[-2,-1],[-1,-4],[2,-2],[13,0],[4,1],[1,2],[-8,7],[-1,0]],[[1029,6062],[2,0]],[[1031,6062],[3,3],[-4,1],[-8,-1],[0,-3],[7,0]],[[1012,6053],[2,5],[-3,2],[-3,-1],[-1,-4],[2,-3],[3,1]],[[1021,6052],[3,-2],[5,2],[1,6],[-9,1],[-2,-1],[-1,-4],[3,-2]],[[976,6035],[-2,4],[-3,0],[-2,-4],[2,-2],[5,2]],[[968,6013],[5,3],[0,7],[-4,1],[-4,-3],[-1,-5],[4,-3]],[[986,6014],[3,4],[-6,4],[-2,-2],[-1,-4],[3,-2],[3,0]],[[979,6001],[6,3],[0,6],[-2,1],[-5,1],[-2,-2],[-1,-4],[3,-5],[1,0]],[[942,5986],[2,3],[-4,2],[-2,-2],[4,-3]],[[932,5981],[-6,1],[1,-4],[5,-1],[0,4]],[[906,5931],[-5,3],[-1,-2],[6,-1]],[[927,5930],[-2,-1],[1,-3],[3,0],[1,2],[-3,2]],[[939,5902],[6,3],[2,4],[-6,6],[-3,0],[-4,-4],[-1,-6],[2,-2],[4,-1]],[[1031,6062],[-2,0]],[[1029,6062],[2,0]],[[993,6112],[-1,0]],[[992,6112],[-10,0],[0,3],[-3,0],[-5,4],[-1,5],[-3,1],[2,5],[5,0],[5,2],[4,-1],[3,-4],[-1,-3],[3,-2],[2,-10]],[[1012,6134],[-3,0],[-2,2],[2,4],[4,1]],[[1013,6141],[3,-2],[-1,-3],[-3,-2]],[[463,3131],[1,3],[4,-1],[-1,-2],[-4,0]],[[740,4376],[3,1],[-3,3],[-5,0],[-3,4],[-4,2],[0,4],[-4,2],[1,3],[3,-1],[0,3],[-4,6],[6,1],[-1,-4],[13,-9],[4,-3]],[[746,4388],[-2,-2],[11,-4],[0,-5],[2,-3],[-2,-4],[2,-2],[0,-3],[-2,-1],[-4,4],[-3,5],[-8,3]],[[806,4868],[1,0]],[[807,4868],[-1,0]],[[808,4869],[0,-1]],[[808,4868],[-1,0]],[[807,4868],[-1,0]],[[806,4868],[2,1]],[[873,4952],[-1,1],[-2,6],[2,0],[3,-4],[-2,-3]],[[879,4967],[-7,5],[4,1],[3,-3],[0,-3]],[[894,5093],[0,-4],[-7,4],[4,2],[3,-2]],[[1003,5638],[0,1]],[[1003,5639],[4,1],[0,-3],[-4,1]],[[1003,5639],[0,-1]],[[1003,5638],[0,1]],[[1039,5916],[1,4],[3,-1],[0,-3],[-4,0]],[[1036,5921],[-1,-1]],[[1035,5920],[1,1]],[[1035,5920],[1,1]],[[1036,5921],[-1,-1]],[[1061,5934],[0,1],[13,-2],[1,-2],[-13,1],[-1,2]],[[1045,5941],[8,-4],[4,-3],[-12,2],[-6,-1],[-1,2],[-4,1],[-5,3],[0,4],[5,-1],[-2,-2],[9,0],[-1,-3],[4,0],[1,2]],[[1023,5952],[3,0],[0,-3],[-4,2],[1,1]],[[1053,5969],[1,-5],[3,0],[2,-2]],[[1059,5962],[-3,1],[-3,-1],[-4,4],[1,4],[3,-1]],[[1053,5969],[2,5]],[[1055,5974],[3,1]],[[1058,5975],[-1,-3],[-4,-3]],[[1029,5979],[4,0],[2,-1],[0,-4],[1,-3],[-5,1],[-2,2],[0,5]],[[1045,5986],[5,0],[0,-4],[-5,2],[0,2]],[[1070,5987],[-3,-1]],[[1067,5986],[3,1]],[[1068,5988],[2,-1]],[[1070,5987],[-2,1]],[[1049,5992],[-1,0]],[[1048,5992],[1,0]],[[1049,5992],[-1,0]],[[1048,5992],[1,0]],[[1067,5992],[1,-4]],[[1068,5988],[-1,-2]],[[1067,5986],[-4,-1],[-1,4],[2,7],[3,3],[2,-3],[-2,-4]],[[1043,5996],[-7,2],[2,2],[6,0],[0,-3],[-1,-1]],[[1041,6008],[-2,-1]],[[1039,6007],[2,1]],[[1044,6004],[1,6],[3,-2],[-1,-3],[-3,-1]],[[1039,6009],[0,-2]],[[1039,6007],[-3,2]],[[1036,6009],[3,0]],[[1039,6009],[2,6],[4,-4],[-1,-3],[-3,0]],[[1041,6008],[-2,1]],[[1050,6027],[-2,-3],[-3,0],[1,4],[4,-1]],[[1064,6019],[-1,3],[0,5],[4,3],[-1,-8],[-2,-3]],[[1081,6035],[1,-6],[-2,1],[1,5]],[[1065,6031],[-1,0],[1,9],[5,-2],[-1,-7],[-4,0]],[[1094,6037],[0,-6],[-3,0],[2,8],[1,-2]],[[1086,6035],[3,-1],[1,8],[2,0],[-2,-7],[-1,-2],[-3,2]],[[1098,6049],[-2,0],[-1,-6],[-3,1],[2,8],[4,0],[0,-3]],[[1096,6073],[2,-1],[-3,-8]],[[1095,6064],[-1,0],[2,9]],[[1089,6071],[3,2],[-1,-6],[-3,-1],[1,5]],[[1096,6073],[4,3]],[[1100,6076],[-1,-3],[-3,0]],[[1102,6078],[-2,-2]],[[1100,6076],[2,2]],[[1089,6083],[1,1]],[[1090,6084],[-1,-1]],[[1090,6084],[-1,-1]],[[1089,6083],[1,1]],[[877,4832],[1,-2]],[[878,4830],[-1,2]],[[877,4832],[4,1]],[[881,4833],[0,-2],[-3,-1]],[[878,4830],[-1,2]],[[884,4832],[-3,1]],[[881,4833],[3,-1]],[[867,4841],[1,0]],[[868,4841],[-1,0]],[[895,4975],[5,-4],[-3,-1],[-2,5]],[[1006,5624],[-1,1],[1,7],[2,-1],[0,7],[0,3],[3,4],[-3,1],[-6,0],[2,4],[4,0],[1,-2],[4,0],[3,5],[3,3],[5,-1],[0,-6],[-5,0],[-2,-2],[6,-1],[-3,-3],[-4,-1],[0,-4],[5,-2],[10,-2],[5,3],[-5,4],[1,3],[6,0],[1,-1],[7,-1],[1,3],[9,0],[1,-2],[-3,-5],[-5,-2],[-5,0],[-3,-7],[-4,-1],[-1,-2],[3,-2],[-1,-2],[-7,-3],[-4,1],[-2,-3],[-1,-5],[-2,-1],[-1,-3],[-3,0],[-8,-3],[-5,-1],[-5,1],[2,4],[1,3],[4,-1],[0,6],[-2,1],[4,4],[0,2],[-3,0]],[[1099,5914],[4,2],[2,-1],[6,-1],[2,-1],[-3,-2],[-13,1],[-8,2],[-2,-3],[-7,2]],[[1080,5913],[-4,1],[-2,2],[-4,0],[1,4],[-9,2],[-5,0],[-5,-3],[-4,2],[-2,3],[1,4],[6,-3],[5,2],[8,2],[3,-2],[1,-3],[-1,-3],[6,-1],[2,-4],[4,-1],[18,-2],[0,1]],[[1089,5981],[2,2],[3,-1],[0,-2],[-5,1]],[[1101,6013],[1,-1]],[[1102,6012],[3,-2],[-2,-2],[-2,5]],[[1102,6012],[-1,1]],[[1101,6013],[-1,2],[2,3],[2,-1],[0,-4],[-2,-1]],[[1103,6022],[0,-3],[-4,1],[4,2]],[[1106,6025],[0,4],[3,2],[-1,-5],[-2,-1]],[[1103,6035],[3,0],[-1,-6],[-3,0],[1,6]],[[1094,6037],[3,2]],[[1097,6039],[-3,-2]],[[1097,6039],[3,6],[3,2],[1,-4],[-3,-1],[-2,-6],[-2,3]],[[1100,6055],[4,2],[3,-1],[0,-2],[-6,0],[-1,1]],[[1129,6067],[0,2]],[[1129,6069],[0,-2]],[[1129,6075],[0,1]],[[1129,6076],[0,-1]],[[1129,6076],[0,-1]],[[1129,6075],[0,1]],[[1102,6078],[0,9],[2,0],[3,-3],[0,-3],[-5,-3]],[[1139,6085],[2,1],[5,-4],[-2,-2],[-5,5]],[[1114,6097],[2,9],[4,-1],[0,-2],[-1,-6],[2,-2],[-1,-5],[-3,-1],[1,5],[-2,0],[-2,3]],[[1143,6098],[1,6],[4,1],[1,-5],[-2,-5],[-2,-2],[-1,-5],[-3,1],[2,9]],[[1135,6101],[2,-3],[-3,-1],[1,4]],[[1143,6098],[-4,-3]],[[1139,6095],[1,8],[-2,3]],[[1138,6106],[3,0],[1,3]],[[1142,6109],[3,2],[-1,-7],[-2,-4],[1,-2]],[[1127,6102],[0,1]],[[1127,6103],[1,1]],[[1128,6104],[1,0]],[[1129,6104],[-2,-2]],[[1136,6112],[2,-6]],[[1138,6106],[-3,-5]],[[1135,6101],[-1,4],[-2,1],[-3,-2]],[[1129,6104],[-1,0]],[[1128,6104],[-1,-1]],[[1127,6103],[-3,0],[1,6],[3,1],[4,-1],[2,3],[-2,2],[4,1],[0,-3]],[[1151,6115],[-1,-4]],[[1150,6111],[-1,-4],[-3,2],[0,2],[-6,5],[-2,4],[2,0],[6,-5],[1,3],[4,-1],[0,-2]],[[1151,6121],[2,1]],[[1153,6122],[0,-1]],[[1153,6121],[-1,0]],[[1152,6121],[-1,0]],[[1117,6123],[-5,0],[-1,3],[1,3],[2,0],[3,-6]],[[1161,6144],[0,-3],[-3,-3],[-5,-1],[-5,-2],[-2,1],[2,2],[-1,3],[2,4],[5,2],[-1,-4],[3,0],[5,1]],[[1142,6143],[-2,0],[-4,-2],[-6,0],[-2,4],[1,2],[5,0],[2,2],[3,3],[5,-4],[0,-4],[-2,-1]],[[1150,6153],[-4,2],[1,5],[-2,1],[0,2],[7,-1],[-1,-1],[-1,-8]],[[1146,6158],[-5,-1],[-1,2],[4,0],[2,-1]],[[1154,6166],[1,-2]],[[1155,6164],[-1,2]],[[1161,6161],[-4,6],[4,0],[0,-6]],[[1155,6164],[-1,2]],[[1154,6166],[1,0]],[[1155,6166],[0,-2]],[[1154,6227],[3,1],[-1,-4],[-2,0],[0,3]],[[801,4277],[-1,1],[-5,0],[-1,1],[7,0],[0,-2]],[[811,4349],[-2,-2],[5,-1],[-3,-3]],[[811,4343],[3,0]],[[814,4343],[-2,-3],[1,-2]],[[813,4338],[4,0],[6,2],[4,2]],[[827,4342],[-2,-5],[1,-2],[-2,-4],[-4,-4],[-8,2],[-9,0],[-8,5],[2,1],[-5,4],[-7,1],[-5,4],[-1,4],[-8,6],[1,1],[5,1],[9,-1],[3,-5],[2,-1],[6,0],[5,-2],[4,0],[1,2],[4,0]],[[813,4338],[1,5]],[[814,4343],[2,0],[-3,-5]],[[819,4351],[-3,1],[1,5],[3,-1],[-1,-5]],[[839,4397],[0,4]],[[839,4401],[0,-4]],[[1065,4757],[-6,2],[-5,2],[-6,8],[-8,14],[-5,4],[-2,4],[-3,2],[-3,5],[-12,10],[-7,2],[-9,-1],[-6,0],[-9,3],[-7,0],[-7,-2],[-4,1],[-8,2],[-3,2],[-3,3],[-4,0],[-5,3],[-7,1],[-6,3],[-2,3],[-3,1],[-6,4],[-5,6],[0,2],[-3,2],[-12,1],[-6,-1],[-10,1],[-4,-1],[-6,0],[-5,-2]],[[868,4841],[-1,0]],[[867,4841],[-3,-1],[-6,0],[-2,2],[-7,1],[-13,0],[-11,3],[-5,4],[-5,1],[-8,1],[-2,1]],[[805,4853],[11,-1],[7,-2],[5,-3],[4,-2],[14,-1],[6,0],[7,-3],[3,0],[3,2],[3,-1],[6,3],[5,-1],[6,2],[10,-1],[16,-1],[4,-1],[3,-7],[3,-1],[3,-4],[2,0],[6,-6],[16,-6],[7,-1],[2,-3],[6,-2],[5,-1],[2,1],[7,0],[11,-1],[3,-1],[6,-1],[9,2],[8,-1],[3,-2],[11,-10],[1,-3],[6,-5],[1,-3],[4,-3],[4,-5],[2,-5],[5,-8],[5,-5],[9,-5]],[[941,4937],[0,-4],[-4,0],[2,5],[2,-1]],[[1064,5650],[-4,4],[-1,2],[1,3],[3,1],[8,-1],[4,-2],[-1,-2],[1,-2],[-1,-6],[-3,-2],[-4,2],[-3,3]],[[1129,5987],[-1,5],[2,0],[-1,-5]],[[1149,6069],[-1,1],[1,4],[3,0],[-1,-5],[-2,0]],[[1149,6079],[-2,2],[0,3],[5,-3],[-3,-2]],[[1155,6092],[1,3],[4,0],[-2,-3],[-3,0]],[[1151,6098],[1,0]],[[1152,6098],[-1,0]],[[1152,6098],[-1,0]],[[1151,6098],[1,0]],[[1159,6104],[-1,-1]],[[1158,6103],[1,1]],[[1160,6103],[-2,0]],[[1158,6103],[1,1]],[[1159,6104],[1,-1]],[[1153,6102],[-1,4],[-3,0],[1,5]],[[1150,6111],[5,0],[-2,-6],[0,-3]],[[1151,6121],[1,0]],[[1152,6121],[2,0]],[[1154,6121],[2,0],[6,-2],[0,-2],[-5,-1],[-5,-2],[-1,1]],[[1151,6115],[1,4],[-1,2]],[[1153,6123],[1,0]],[[1154,6123],[0,-2]],[[1154,6121],[-1,0]],[[1153,6121],[0,1]],[[1153,6122],[0,1]],[[1185,6125],[-3,-5],[0,-4],[-6,0],[-5,1]],[[1171,6117],[-6,0],[1,3],[2,1],[5,4]],[[1173,6125],[3,0],[-2,-8],[5,1],[1,3],[5,4]],[[1153,6123],[1,0]],[[1154,6123],[-1,0]],[[1185,6142],[-1,-6]],[[1184,6136],[2,-6]],[[1186,6130],[-1,-2]],[[1185,6128],[-1,3],[-5,0],[-2,2],[1,4],[4,5],[3,0]],[[1187,6141],[1,2]],[[1188,6143],[0,2]],[[1188,6145],[3,-5]],[[1191,6140],[-1,0]],[[1190,6140],[-3,1]],[[1187,6141],[-2,1]],[[1185,6142],[3,1]],[[1188,6143],[-1,-2]],[[1196,6147],[-1,-2],[3,-3],[-1,-5]],[[1197,6137],[-7,0],[0,3]],[[1190,6140],[1,0]],[[1191,6140],[2,3],[1,4],[2,0]],[[1170,6149],[2,-1]],[[1172,6148],[1,-1]],[[1173,6147],[-3,2]],[[1164,6149],[-2,-2],[-3,2],[1,2],[4,-2]],[[1173,6147],[1,4],[4,0],[-2,-4],[-3,0]],[[1188,6145],[-1,5],[4,-1],[-1,-3],[-2,-1]],[[1173,6154],[1,0]],[[1174,6154],[-2,-6]],[[1172,6148],[-2,1]],[[1170,6149],[3,5]],[[1198,6151],[-1,0]],[[1197,6151],[1,0]],[[1174,6154],[-1,0]],[[1173,6154],[2,3]],[[1175,6157],[-1,5],[2,0],[3,-4],[3,-1],[0,-3],[-4,1],[-4,-1]],[[1181,6170],[2,-3],[-4,-3],[-3,2],[2,4],[3,0]],[[1200,6177],[2,-4],[-5,2],[3,2]],[[1185,6186],[-1,-2],[-6,1],[-2,-2],[7,-6],[0,-3],[4,1],[0,-3],[-3,0],[-6,7],[-3,5],[0,2],[8,-1],[2,1]],[[1200,6177],[3,1]],[[1203,6178],[-3,-1]],[[1181,6197],[2,-2],[-2,-2],[-5,2],[2,3],[3,-1]],[[1198,6202],[-2,3],[-4,0],[1,3],[6,-1],[1,-1],[-2,-4]],[[1186,6210],[2,2],[0,5]],[[1188,6217],[4,-1],[4,-2],[3,0],[2,4],[3,-1],[1,-3],[-2,-5],[-4,1],[-1,2],[-7,1],[-5,-3]],[[1209,6233],[-2,-1]],[[1207,6232],[2,1]],[[1218,6232],[-2,2],[-5,1],[-2,-2]],[[1209,6233],[-2,-1]],[[1207,6232],[-1,-2],[4,-3],[-5,0]],[[1205,6227],[0,2],[-6,1],[0,-7],[-4,4],[-6,0],[-4,1],[-1,-5],[5,-1],[-1,-5]],[[1188,6217],[-3,1],[-1,4],[-2,0],[-2,-7],[1,0]],[[1181,6215],[-3,-1],[0,4],[-2,11],[0,3],[-4,1],[6,3],[-2,4],[2,3],[6,3]],[[1184,6246],[8,0],[3,9],[5,-3]],[[1200,6252],[5,-1],[7,-4],[-1,-2],[-5,-3],[-4,0],[-7,-3],[-2,0],[-3,-7],[-2,-3],[5,-1],[7,2],[-1,7],[4,0],[4,2],[7,0],[1,4],[4,0],[8,-2],[0,-4],[-3,-1],[-8,2],[-1,-2],[7,-1],[2,-2]],[[1224,6233],[-3,-1]],[[1221,6232],[-3,0]],[[1211,6236],[-6,1],[-2,-2],[7,0],[1,1]],[[1180,6225],[4,6],[3,2],[0,2],[-3,1],[-4,-3],[-2,-7],[2,-1]],[[1217,6265],[-4,4],[6,1],[2,-1],[0,-3],[-4,-1]],[[796,4218],[0,-4],[-3,1],[-2,-6],[2,-2],[-2,-5],[2,-5],[11,-1],[0,3],[4,0],[5,2],[2,-4],[-11,-5],[-9,0],[-8,4],[-4,2],[3,4],[2,8],[1,1],[2,5],[5,2]],[[823,4278],[-8,1],[-1,3],[-3,3],[-1,3],[2,1],[6,-1],[1,-1],[6,-1],[0,-3],[-5,-4],[3,-1]],[[866,4449],[2,3],[5,0],[-2,-3],[-4,-2],[-1,2]],[[1004,4982],[-2,0]],[[1002,4982],[2,0]],[[1095,5431],[2,-2],[0,-5],[2,-2],[-3,-3],[-8,7],[3,5],[4,0]],[[1088,5585],[1,2],[5,0],[-1,-3],[-5,1]],[[1187,5934],[1,0]],[[1188,5934],[5,0]],[[1193,5934],[-6,-2],[0,2]],[[1188,5934],[-1,0]],[[1187,5934],[1,0]],[[1212,6063],[4,-1],[-1,-3],[-5,1],[2,3]],[[1211,6066],[-3,1],[1,4],[2,-1],[0,-4]],[[1221,6101],[-2,1],[0,3],[5,1],[-3,-5]],[[1199,6105],[0,4],[4,-2],[-4,-2]],[[1224,6116],[4,-2],[0,-4],[-5,3],[1,3]],[[1195,6130],[1,0]],[[1196,6130],[1,0]],[[1197,6130],[1,0]],[[1198,6130],[4,0],[4,-4],[-1,-5],[-3,-1],[2,-2]],[[1204,6118],[0,3],[6,0],[-1,-3],[-3,-3],[-5,3],[-3,1],[-2,-3],[-2,2],[0,3],[-5,1],[-4,-2],[0,5]],[[1185,6125],[0,3]],[[1185,6128],[2,2]],[[1187,6130],[-1,0]],[[1186,6130],[1,4],[6,-3],[2,-1]],[[1225,6122],[3,5],[3,0],[-6,-5]],[[1220,6129],[3,-4],[-1,-3],[-2,0],[-2,2],[2,5]],[[1217,6135],[2,0],[-2,-9],[-4,-2],[2,12],[2,-1]],[[1198,6130],[-1,0]],[[1197,6130],[-1,0]],[[1196,6130],[-1,0]],[[1195,6130],[2,5],[0,2]],[[1197,6137],[4,1]],[[1201,6138],[0,-5],[-3,-3]],[[1205,6144],[0,-1]],[[1205,6143],[-1,-5],[-3,0]],[[1201,6138],[1,1],[-1,5],[-5,3]],[[1196,6147],[2,1],[-1,3]],[[1197,6151],[1,0]],[[1198,6151],[3,0],[3,1],[3,-1],[-2,-7]],[[1205,6143],[0,1]],[[1205,6144],[0,-1]],[[1236,6176],[-1,-2],[4,-4],[-1,-2],[-5,-1],[2,7],[-1,4],[5,0],[0,-2],[-3,0]],[[1224,6180],[1,1]],[[1225,6181],[1,0]],[[1226,6181],[0,-1]],[[1226,6180],[-2,0]],[[1226,6180],[0,1]],[[1226,6181],[2,2],[1,4],[5,0],[0,-3],[-5,-1],[1,-2],[-1,-5],[-3,0],[0,4]],[[1225,6181],[-1,-1]],[[1224,6180],[1,1]],[[1221,6192],[0,-4],[-3,-1],[0,3],[3,2]],[[1217,6205],[0,-7]],[[1217,6198],[1,-5],[-2,-1],[-5,1],[-1,1],[3,2],[0,4],[-2,1]],[[1211,6201],[-1,-2],[-5,0],[-1,-6],[3,-2]],[[1207,6191],[-2,-1],[-5,1],[-3,3],[2,6],[8,0],[-1,2],[6,3],[3,-1],[2,1]],[[1233,6202],[1,0]],[[1234,6202],[-1,0]],[[1236,6205],[0,-1]],[[1236,6204],[-2,-1]],[[1234,6203],[0,-1]],[[1234,6202],[-1,0]],[[1233,6202],[-3,-3],[-1,-3],[-4,1],[5,6]],[[1230,6203],[2,4]],[[1232,6207],[4,-2]],[[1234,6203],[2,1]],[[1236,6204],[-2,-1]],[[1230,6203],[-3,1]],[[1227,6204],[3,-1]],[[1217,6207],[0,-2]],[[1217,6205],[0,2]],[[1217,6207],[0,2]],[[1217,6209],[0,-2]],[[1226,6210],[8,0],[-2,-3]],[[1232,6207],[-5,0],[-1,3]],[[1228,6214],[1,-2],[-3,-2]],[[1226,6210],[-2,4],[4,0]],[[1226,6218],[1,0]],[[1227,6218],[-1,-2]],[[1226,6216],[0,2]],[[1212,6217],[1,3],[-4,1],[2,2],[3,0],[2,-4],[-4,-2]],[[1224,6222],[1,0]],[[1225,6222],[5,1],[2,-2],[-2,-2],[2,-2],[-4,-3]],[[1228,6214],[-2,2]],[[1226,6216],[1,2]],[[1227,6218],[-1,0]],[[1226,6218],[-2,1],[0,3]],[[1225,6222],[-1,0]],[[1224,6222],[1,0]],[[1221,6232],[1,-3],[4,-1],[1,-4],[-4,0],[0,3],[-3,1],[1,4]],[[1240,6277],[-1,-3],[-3,-4],[-8,-2],[0,-4],[-3,1],[1,4],[3,3],[-4,1],[-1,5],[8,-2],[6,2],[2,-1]],[[1258,6275],[-2,-3]],[[1256,6272],[2,3]],[[1240,6277],[3,2],[7,2],[1,2],[10,3],[3,0],[2,-2],[4,0],[3,-2],[-12,-3],[-3,-2],[-5,0],[-1,-2],[-11,0],[-1,2]],[[872,4190],[8,-1],[-5,-5],[-4,0],[1,4],[-3,2],[1,5],[4,0],[-2,-5]],[[876,4201],[-3,-1],[1,7],[2,0],[1,-4],[-1,-2]],[[931,4362],[-1,-3],[2,-4],[6,-1],[0,-4],[-5,0],[4,3],[-6,1],[0,2],[-5,1],[-3,5],[3,2],[3,0],[0,3],[4,-1],[-2,-4]],[[920,4364],[1,5],[3,-2],[-1,-3],[-3,0]],[[946,4449],[-6,2],[0,4],[5,1],[3,-3],[-2,-4]],[[952,4464],[-1,-2],[-4,1],[0,1],[5,0]],[[1002,4982],[2,0]],[[1004,4982],[-2,0]],[[1010,4992],[6,-2],[1,-2],[-1,-4],[-5,1],[-2,3],[1,4]],[[1010,4998],[2,0]],[[1012,4998],[-2,0]],[[1012,4998],[-2,0]],[[1010,4998],[2,0]],[[1235,5912],[0,-2]],[[1235,5910],[0,2]],[[1211,5920],[4,5],[3,-1],[-3,-4],[0,-2],[-4,0],[0,2]],[[1236,5957],[0,5],[3,-3],[0,-2],[-3,0]],[[1211,5979],[5,5],[-1,-6],[-4,1]],[[1244,5998],[1,1]],[[1245,5999],[-1,-1]],[[1245,5999],[-1,-1]],[[1244,5998],[1,1]],[[1229,6053],[1,1]],[[1230,6054],[-1,-1]],[[1230,6054],[-1,-1]],[[1229,6053],[1,1]],[[1229,6057],[1,0]],[[1230,6057],[-1,0]],[[1241,6061],[-4,2],[0,2],[5,0],[-1,-4]],[[1229,6068],[0,-5],[-3,1],[1,4],[2,0]],[[1238,6072],[3,0],[0,-4],[-3,-1],[0,5]],[[1230,6073],[1,-3]],[[1231,6070],[-2,-2]],[[1229,6068],[-2,2],[1,5],[-3,1],[5,4],[0,-7]],[[1235,6082],[2,-4],[-3,-1],[1,5]],[[1236,6088],[0,-4],[-3,-4],[-2,1],[2,2],[0,8],[3,-3]],[[1276,6093],[1,0]],[[1277,6093],[-1,0]],[[1233,6099],[4,-1],[-1,-5],[-4,0],[1,6]],[[1277,6093],[-1,1]],[[1276,6094],[3,0]],[[1279,6094],[-2,-1]],[[1276,6094],[0,-1]],[[1276,6093],[0,1]],[[1278,6100],[4,-4],[-3,-2]],[[1279,6094],[-1,6]],[[1243,6102],[-1,2],[0,5],[3,0],[1,-3],[-1,-5],[-2,1]],[[1234,6119],[1,-2],[-5,0],[1,3],[3,-1]],[[1272,6198],[-10,0],[1,1],[9,-1]],[[1260,6216],[4,0]],[[1264,6216],[-4,0]],[[1265,6229],[0,3]],[[1265,6232],[0,-3]],[[1273,6247],[2,-1],[0,-4],[-3,0],[1,5]],[[1257,6246],[-1,4],[4,1],[3,0],[-1,-4],[-5,-1]],[[1271,6248],[1,0]],[[1272,6248],[-1,0]],[[1273,6247],[-1,1]],[[1272,6248],[-1,0]],[[1271,6248],[2,-1]],[[1270,6269],[-6,-1],[-1,-2],[-5,1],[2,2],[0,5],[13,0],[0,-3],[-3,-2]],[[781,3506],[2,0],[3,2],[2,1],[4,-1]],[[792,3508],[-3,1],[-4,-2],[-1,-1],[-3,0]],[[981,4427],[4,1]],[[985,4428],[-4,-1]],[[981,4427],[-3,2]],[[978,4429],[3,-2]],[[1251,5909],[0,-4]],[[1251,5905],[0,4]],[[1280,6050],[-2,1],[5,2],[2,-1],[0,-2],[-5,0]],[[1317,6057],[6,0],[-2,-4],[-3,1],[-1,3]],[[1307,6105],[1,-3]],[[1308,6102],[-1,3]],[[1331,6133],[1,0]],[[1332,6133],[1,-1]],[[1333,6132],[-2,1]],[[1333,6132],[-1,1]],[[1332,6133],[-1,0]],[[1331,6133],[4,2],[2,-3],[-4,0]],[[1334,6188],[1,-1]],[[1335,6187],[-1,-1]],[[1334,6186],[0,2]],[[1335,6187],[-1,1]],[[1334,6188],[1,-1]],[[1333,6192],[-2,-1]],[[1331,6191],[2,1]],[[1333,6192],[-2,4],[5,0],[2,-3],[-5,-1]],[[1333,6200],[-4,-2],[-1,-8],[-2,1],[2,4],[1,6],[4,-1]],[[1328,6209],[0,3],[2,1],[3,-2],[-1,-2],[-4,0]],[[1328,6209],[-4,1],[-4,-1],[1,4],[5,0],[2,-4]],[[1342,6204],[-4,6],[1,6],[2,-1],[-1,-5],[3,-3],[-1,-3]],[[1353,6226],[-3,1]],[[1350,6227],[3,-1]],[[1399,6261],[-3,-1],[-1,2],[-7,0],[-6,-2],[-2,-4],[-2,-1],[0,-5],[2,-3],[-4,0],[-2,4],[-2,0],[-4,-3],[-3,1],[-6,0],[-3,-2],[-12,2],[0,4],[-2,5],[-6,-1],[-1,-4],[-4,2],[-3,-2],[-2,-8],[-3,-3],[-1,-4]],[[1322,6238],[0,4],[1,1],[3,10],[-2,2],[-4,1],[-2,-3],[-5,5],[-4,0],[0,-3],[-5,-4],[-3,2],[-11,-1],[-9,3],[0,2],[-2,2],[-3,0],[2,-4],[-5,-3],[3,10],[-1,6],[1,4],[2,3],[4,2],[1,2],[4,-1],[7,2],[1,-3],[4,2],[6,-1],[5,0],[6,2],[2,-1],[-2,-4],[3,-1],[5,1],[5,-1],[2,3],[4,2],[5,0],[7,5],[1,8],[3,1],[2,4],[4,0],[3,-3],[8,0],[8,3],[5,0],[2,-2],[6,3],[-1,4],[-6,1],[1,6],[3,1],[1,-3],[4,-1],[7,5]],[[1398,6311],[0,2],[5,2],[3,-2],[4,1],[3,5],[9,6],[1,2],[5,4],[3,-2],[-1,-4]],[[1430,6325],[0,-3],[8,-1],[3,-3],[9,0],[0,-4],[-2,-2]],[[1448,6312],[-2,-2]],[[1446,6310],[-1,0],[-4,-5],[-1,-3],[-3,-1],[-2,-6],[2,-1],[-1,-3],[-4,-2],[0,-3],[-6,-4],[-3,-4],[-4,-2],[-6,-8],[-1,0],[-1,-4],[2,-1],[-2,-6],[-3,2],[-5,-2],[-1,3],[-3,1]],[[1399,6261],[4,1],[3,2],[-2,7],[-5,0],[-8,-3],[0,-2],[2,-3],[3,-2],[3,0]],[[1422,6285],[2,5],[2,1],[0,5],[-7,0],[-6,-6],[-1,-4],[-1,-1],[-4,-6],[3,-4],[4,2],[3,0],[4,2],[0,4],[1,2]],[[1422,6285],[1,-3],[7,5],[1,3],[3,1],[0,3],[-3,2],[-2,-2],[-1,-4],[-3,-1],[-1,-5],[-2,1]],[[1361,6282],[4,-4],[7,-1],[1,6],[-1,1],[-1,5],[-5,-3],[-5,-1],[0,-3]],[[1385,6279],[4,1],[-1,3],[-3,0],[0,-4]],[[1385,6279],[-4,3],[-3,-2],[-2,-6],[4,-1],[3,1],[2,3],[0,2]],[[1334,6274],[-1,2],[-4,-3],[3,-2],[2,3]],[[1354,6274],[0,-3],[2,-2],[4,3],[-1,2],[-5,0]],[[1363,6268],[3,4],[-2,0],[-5,-3],[4,-1]],[[1369,6266],[0,3],[-3,1],[-3,-2],[3,-3],[3,1]],[[1388,6268],[-3,-5],[5,0],[1,4],[-3,1]],[[1326,6271],[-4,1],[-1,-3],[4,-1],[1,3]],[[1328,6262],[4,-3],[4,-1],[6,1],[2,2],[1,5],[-3,1],[-8,1],[-5,2],[-4,-4],[0,-2],[3,-2]],[[1366,6260],[0,-3],[4,1],[3,6],[-3,1],[-2,-2],[-2,-3]],[[1280,6264],[2,-2],[4,2],[1,5],[-4,2],[-5,-2],[-1,-2],[3,-3]],[[1348,6260],[-3,-1],[2,-8],[6,0],[2,1],[5,0],[2,2],[1,8],[-3,2],[-6,-1],[-6,-3]],[[1374,6258],[3,-2],[2,2],[-3,1],[-2,-1]],[[1298,6265],[-3,-4],[3,-3],[7,-1],[3,0],[4,6],[-4,3],[-7,0],[-3,-1]],[[1434,6314],[6,-1],[0,5],[-7,0],[-2,-3],[3,-1]],[[1430,6302],[-2,-5],[5,1],[1,3],[-4,1]],[[1422,6298],[3,1],[1,2],[-5,-1],[1,-2]],[[1326,6289],[1,0]],[[1327,6289],[1,-1]],[[1328,6288],[-2,1]],[[1328,6288],[-1,1]],[[1327,6289],[-1,0]],[[1326,6289],[2,3],[6,3],[4,3],[2,-1],[-5,-3],[-4,-4],[-3,-2]],[[799,3267],[-9,8],[-1,3],[-5,2],[-1,4],[-7,2],[-7,5],[1,3],[4,1],[6,-4],[9,-1],[4,-3],[3,-5],[4,-4],[5,-1],[7,-7],[7,-3],[7,-7],[1,-2],[4,-3],[1,-3],[5,-4],[-4,-3],[-2,4],[-4,0],[-4,4],[-5,1],[-2,2],[-5,0],[0,2],[-6,0],[-5,6],[-1,3]],[[812,3264],[2,3],[-6,0],[-2,3],[-3,-2],[4,-1],[5,-3]],[[812,3264],[-2,-3],[2,-1],[3,0],[7,-3],[2,2],[-2,2],[-3,1],[-3,2],[-4,0]],[[770,3297],[-2,3],[4,0],[-2,-3]],[[862,3580],[-6,-2],[-4,-2],[-2,-5],[-2,-8],[-2,1],[2,7],[1,2],[4,5],[5,2],[4,0]],[[1056,4421],[0,-3],[-5,4],[-2,0],[0,4],[3,-1],[4,-4]],[[1040,4429],[-15,1]],[[1025,4430],[6,0],[9,-1]],[[1058,4433],[-2,-1],[-6,1],[-2,1]],[[1048,4434],[3,-1],[7,0]],[[1012,4448],[1,0]],[[1013,4448],[-1,0]],[[1004,4448],[6,2],[-1,-4],[-5,0],[0,2]],[[1013,4448],[-1,0]],[[1012,4448],[1,0]],[[1032,4451],[2,0]],[[1034,4451],[-2,0]],[[1058,4457],[-2,-2]],[[1056,4455],[-2,0]],[[1054,4455],[1,2],[3,0]],[[1110,4888],[-7,-1],[-1,3],[7,-1],[1,-1]],[[1254,5488],[-4,3],[-1,2],[5,2],[-1,-5],[1,-2]],[[1256,5524],[1,3],[3,0],[-1,-3],[-3,0]],[[1399,6157],[-3,-2],[-7,0],[-1,3],[2,3],[2,-1],[7,-3]],[[1357,6195],[3,-2],[-1,-2],[-4,0],[-7,7],[0,3],[4,-1],[2,-2],[3,-3]],[[1364,6196],[-3,2],[1,3],[3,0],[3,-3],[0,-2],[-4,0]],[[1357,6218],[4,-2],[-2,-1],[-2,3]],[[1353,6226],[6,2],[2,0],[8,6],[1,-4],[3,-2],[-3,-5],[-7,1],[-2,3],[-5,-3],[-3,2]],[[1403,6237],[3,-5],[-1,-3],[-5,0],[-6,4],[3,5],[4,1],[2,-2]],[[1007,4118],[4,-1],[-3,-2],[-1,3]],[[1126,4370],[3,-3],[7,-2],[-1,-2],[-3,-1],[-6,3],[-9,7],[-2,3],[2,4],[6,-1],[0,-3],[3,-5]],[[1137,4372],[6,-1],[0,-2],[-6,3]],[[1116,4381],[-1,1]],[[1115,4382],[1,-1]],[[1116,4381],[-1,1]],[[1115,4382],[1,-1]],[[1093,4393],[2,-3],[-1,-4],[5,-3],[-2,-1],[-10,9],[-3,4],[6,0],[0,2],[-4,4],[1,4],[3,-2],[3,-6],[0,-4]],[[1110,4413],[-1,4]],[[1109,4417],[2,-1],[-1,-3]],[[1109,4417],[-3,1]],[[1106,4418],[3,-1]],[[1094,4456],[1,-2]],[[1095,4454],[-1,2]],[[1095,4454],[2,0]],[[1097,4454],[-2,0]],[[1083,4460],[1,-1]],[[1084,4459],[-1,1]],[[1077,4459],[-4,2],[-1,2],[9,-1],[-1,-3],[-3,0]],[[1084,4462],[-1,-2]],[[1083,4460],[1,2]],[[1095,4461],[-3,-1],[-4,2],[1,2],[6,0],[0,-3]],[[1103,4465],[-2,-1],[-4,2],[0,3],[6,4],[0,3],[2,0],[0,-5],[2,-1],[-4,-5]],[[1107,4625],[9,2],[0,-2],[-4,-2],[-5,2]],[[1406,5880],[0,1]],[[1406,5881],[0,-1]],[[1406,5881],[0,-1]],[[1406,5880],[0,1]],[[1419,5952],[0,3],[1,7],[-4,4]],[[1416,5966],[5,-4],[-2,-10]],[[1394,6007],[-1,-3],[-2,-1],[-4,1],[-3,7]],[[1384,6011],[3,-3],[1,-4],[4,0],[2,3]],[[1398,6008],[-4,-1]],[[1394,6007],[4,1]],[[1451,6309],[-5,1]],[[1446,6310],[2,2]],[[1448,6312],[3,-3]],[[1476,6317],[1,-3],[-4,0],[0,3],[3,0]],[[1513,6317],[-4,0],[-4,3],[-4,1],[-3,1],[3,3],[1,2],[4,2],[7,-1],[-4,-6],[4,-5]],[[1496,6327],[2,-3],[-3,0],[-3,1],[4,2]],[[1496,6327],[4,3],[1,-4],[-5,1]],[[1514,6339],[3,1],[1,2],[8,0],[-5,-4],[-7,1]],[[1150,4354],[-7,2],[-5,1],[-2,2],[11,-1],[3,-4]],[[1212,4404],[-2,-3],[-5,1],[-1,3],[8,-1]],[[1152,4408],[-5,0],[1,3],[5,-1],[-1,-2]],[[1212,4404],[4,2],[8,1],[-3,-6],[-3,0],[-2,3],[-4,0]],[[1220,4415],[1,-5],[-2,0],[-3,4],[1,5],[3,-1],[0,-3]],[[1220,4415],[5,1],[0,-4],[-3,1],[-2,2]],[[1237,4414],[3,1]],[[1240,4415],[-3,-1]],[[1164,4427],[6,0],[4,-3],[-7,0],[-3,3]],[[1226,4436],[-2,1],[-4,5],[3,0],[1,-5],[2,-1]],[[1226,4532],[4,1],[0,-4],[-3,1],[-1,2]],[[1249,4540],[3,-1],[-2,-4],[-4,1],[3,4]],[[1239,4537],[-4,1],[-3,3],[2,2],[2,-2],[4,-1],[-1,-3]],[[1272,4655],[-1,-1],[-6,2],[3,3],[3,-1],[1,-3]],[[1275,4660],[-5,0],[-1,2],[6,-1],[0,-1]],[[1340,4675],[-2,3],[5,0],[-3,-3]],[[1243,4734],[2,0]],[[1245,4734],[3,-1]],[[1248,4733],[1,0]],[[1249,4733],[-6,1]],[[1437,4759],[-6,-6],[-16,-4],[-2,-2],[-6,-7],[-5,-3],[-3,-5],[-10,-3],[-11,-6],[3,-2],[13,-1],[19,-1],[3,1],[5,-1],[4,1],[7,-1],[6,1],[5,-2],[5,-1],[3,3],[9,1],[9,-1],[3,2],[6,-1],[4,-2],[6,0],[2,1],[5,0],[5,-4],[1,-1],[13,-2],[0,-2],[7,-2],[8,0],[5,-2],[5,0],[14,-1],[5,-1],[6,-3],[3,-6],[7,-6],[4,-4],[2,0],[2,-3]],[[1582,4683],[-1,-1]],[[1581,4682],[-8,7],[-2,3],[-5,3],[-3,5],[-5,4],[-3,1],[-9,1],[-4,1],[-5,-1],[-6,0],[-1,2],[-9,0],[-5,2],[-3,1],[-1,2],[-9,0],[-5,2],[-1,3],[-6,2],[-7,-2],[-12,3],[-7,-2],[-5,1],[-7,-1],[-2,-2],[-8,-1],[-5,3],[-12,0],[-2,-1],[-6,1],[-11,-2],[-6,0],[-2,2],[-6,0],[-5,0],[-8,0],[-13,1],[-4,-1],[-4,0],[-13,-1],[-9,-3],[-4,0],[-3,2],[-4,1]],[[1326,4718],[-8,0],[-7,-2],[-7,0],[-4,2],[-2,2],[-5,0],[-8,4],[-1,2],[-3,1],[-6,1],[-2,-1],[-10,1]],[[1263,4728],[-6,2],[-3,2],[-5,1]],[[1249,4733],[-1,0]],[[1248,4733],[-3,1]],[[1245,4734],[-2,0]],[[1243,4734],[-4,1],[-3,5],[-4,0],[-3,2],[-9,1],[-3,3],[-7,3],[-11,0],[-4,2],[-5,3],[-4,2],[-7,0],[-4,-1],[-6,1],[-6,2],[-25,2],[-6,-1],[-7,0],[-5,-3],[-11,-2],[-8,1],[-8,0],[-2,-1],[-7,2],[-9,1],[-3,-1],[-6,0],[-1,1]],[[1065,4757],[6,-1],[5,2],[6,0],[4,-2],[6,0],[7,1],[10,-1],[3,1],[6,0],[4,2],[6,1],[9,2],[11,-2],[4,1],[14,-2],[2,-1],[10,-1],[2,1],[10,-2],[5,-4],[6,0],[3,-2],[11,-1],[6,-4],[10,-3],[4,0],[5,-5],[4,-2],[6,-1],[6,-1],[1,-1],[21,-4],[9,-2],[4,-3],[7,-1],[4,-3],[12,-1],[4,0],[2,1],[13,2],[10,2],[9,-1],[5,3]],[[1357,4725],[7,1],[14,-2],[4,3],[12,6],[5,1],[1,4],[6,4],[3,4],[8,5],[6,1],[7,1],[7,6]],[[1326,4718],[5,-1],[6,-1],[5,2],[0,3],[-7,-1],[-6,0],[-3,-2]],[[1357,4725],[-5,-4],[9,-2],[3,2],[17,-1],[-2,2],[-5,1],[-2,1],[-9,1],[-6,0]],[[1472,5381],[-5,-1],[1,4],[4,-1],[0,-2]],[[1435,5867],[0,2],[6,0],[3,-3],[-9,1]],[[1482,5876],[5,0]],[[1487,5876],[-5,0]],[[1498,5875],[8,0]],[[1506,5875],[-2,-1],[-6,1]],[[1480,5879],[2,-3]],[[1482,5876],[-2,3]],[[1514,5875],[7,-1]],[[1521,5874],[-6,0],[-1,1]],[[1545,5873],[-5,-1],[-8,0],[-6,0],[-5,2]],[[1521,5874],[6,-2],[4,1],[8,-1],[6,1]],[[1468,5880],[7,-2]],[[1475,5878],[-5,0],[-2,2]],[[1514,5875],[-6,1],[-2,-1]],[[1506,5875],[3,2],[5,-2]],[[1480,5879],[-5,-1]],[[1475,5878],[5,1]],[[1548,5874],[-3,-1]],[[1545,5873],[3,1]],[[1555,5876],[-7,-2]],[[1548,5874],[1,2],[6,0]],[[1457,5884],[-3,2]],[[1454,5886],[3,-2]],[[1584,6353],[1,3]],[[1585,6356],[-1,-3]],[[1551,6355],[-1,-1]],[[1550,6354],[-1,2]],[[1549,6356],[-2,1],[8,5],[-1,-4],[-3,-3]],[[1543,6360],[4,4],[3,-1],[-5,-3],[-2,0]],[[1646,6387],[-2,3]],[[1644,6390],[1,1]],[[1645,6391],[1,-4]],[[1069,2959],[-4,1],[2,5],[6,-2],[1,-4],[-5,0]],[[1134,3428],[-5,-1],[-3,1]],[[1126,3428],[5,1],[3,-1]],[[1134,3428],[5,1]],[[1139,3429],[-5,-1]],[[1141,3432],[-2,-3]],[[1139,3429],[2,3]],[[1147,3433],[-4,1],[-2,-2]],[[1141,3432],[2,2],[4,-1]],[[1150,3445],[-3,2]],[[1147,3447],[3,-2]],[[1147,3447],[-2,0],[-3,3]],[[1142,3450],[5,-3]],[[1160,3460],[1,3]],[[1161,3463],[-1,-3]],[[1164,3467],[-3,-4]],[[1161,3463],[0,2],[3,2]],[[1220,3507],[2,2]],[[1222,3509],[-2,-2]],[[1401,4430],[2,2],[3,-1],[0,-3],[-4,-1],[-1,3]],[[1415,4441],[2,-1],[-1,-3],[-2,0],[-5,-3],[-8,0],[1,3],[7,1],[-5,3],[3,1],[8,-1]],[[1415,4544],[-3,0],[-4,-3],[-3,3],[5,1],[1,3],[3,-1],[1,-3]],[[1449,4841],[-1,-3],[-1,-7],[0,-4],[-1,-5],[1,-2],[0,-4],[1,-2],[-1,-6],[1,-2],[-1,-5],[1,-4],[0,-2],[2,-6],[-1,-4],[-2,-4],[-1,-3],[-3,-2],[-2,-9],[-2,-6],[-2,-2]],[[1437,4759],[2,8],[2,8],[3,3],[2,5],[2,8],[-1,2],[-3,8],[1,4]],[[1445,4805],[1,9],[-2,2],[1,5],[0,9],[2,10],[2,1]],[[1449,4841],[-1,3],[4,8],[0,4],[5,2],[6,4],[1,2],[5,2],[2,7],[4,7],[1,7],[-1,1],[1,5],[4,4],[3,6],[2,5],[3,1],[0,2],[3,3],[2,8],[4,2],[5,3],[3,4],[6,3]],[[1511,4934],[3,-1]],[[1514,4933],[-4,0],[-7,-7],[-8,-4],[-2,-3],[-1,-6],[-2,-1],[-3,-5],[-1,-1],[-3,-6],[-5,-7],[-1,-7],[0,-5],[-4,-6],[-2,-2],[-1,-7],[-3,-2],[-2,-2],[-11,-6],[-1,-5],[-2,-8],[-2,-2]],[[1511,4934],[3,1]],[[1514,4935],[-3,-1]],[[1653,5849],[-3,1]],[[1650,5850],[3,-1]],[[1650,5850],[-8,3],[-5,1],[-5,5],[-4,3],[-7,2],[-3,0],[-5,4],[-8,1],[-3,4]],[[1602,5873],[5,-3],[4,0],[6,-4],[7,-3],[6,-2],[5,-2],[2,-4],[10,-3],[3,-2]],[[1602,5873],[-3,1],[-6,1],[-5,1],[-1,3],[-2,3],[-6,-4],[-8,1],[-5,-2],[-7,0],[-4,-1]],[[1555,5876],[5,2],[7,-1],[6,2],[5,0],[3,1],[0,3],[4,0],[3,-3],[2,-4],[5,-1],[5,0],[2,-2]],[[1867,6557],[2,0],[-2,-8],[-6,0],[-4,-4],[-6,-4],[1,-5],[-3,-2]],[[1849,6534],[4,-5],[-5,0],[2,-6],[9,-2],[2,-1],[-9,0],[0,-2],[4,-4],[0,-4],[-5,-1],[-3,-6]],[[1848,6503],[-4,1],[0,-4],[-3,-3],[6,-2],[6,0],[3,-2],[-1,-2],[3,-1],[-1,-3],[-3,0],[0,-3],[-3,-2],[-5,0],[-3,-7],[-4,-3],[-3,-1],[-6,-3],[-4,5],[-3,-5],[3,0],[0,-3],[-1,-6],[-2,0],[0,4],[-6,1],[-3,0],[-2,-4],[-3,1],[-5,3],[-3,5],[-4,1],[-4,-1],[-3,4]],[[1790,6473],[-4,0],[2,-9],[-2,-1],[-4,2],[-4,-2],[1,5],[-5,1],[-5,-3],[-7,0],[-6,-2],[-3,0],[-3,-3],[-10,-3],[-2,-2],[-11,1],[-4,-3],[-4,3],[-6,0],[1,-5]],[[1714,6452],[-4,2],[-2,-5],[3,-2],[-3,-2],[-2,2],[-3,0],[0,-3]],[[1703,6444],[0,-4],[-7,-2],[-5,1],[-4,-1],[-1,-2],[5,-2],[-3,-1],[-7,-6],[-2,-6],[-1,-1],[-5,1],[-2,-1],[-2,-4],[-3,-1],[-3,-2],[-4,0],[-3,0],[-1,-7],[-6,-4],[-1,-2],[-3,-4],[0,-5]],[[1645,6391],[-1,-1]],[[1644,6390],[-1,2],[-4,-1],[-1,-3],[3,-1],[-5,-6],[-7,-1],[-7,-6]],[[1622,6374],[0,-3],[-5,-2],[0,4],[-3,0],[-2,-3]],[[1612,6370],[-4,-2],[-1,-2],[-3,-2],[-1,-4],[-5,-6],[-1,-11],[-3,-2],[0,-3],[-2,-3],[-3,1],[-3,-2]],[[1586,6334],[-1,-5],[-2,2],[-4,1],[-1,-2],[-4,0],[-1,3],[-5,-2],[-4,1],[-1,-4]],[[1563,6328],[-11,2],[-1,1],[-15,3],[-5,-3],[1,3],[2,1],[0,3],[-6,0],[-2,2],[3,5],[3,0],[6,3],[-4,1],[-1,1],[-5,1],[-4,-3],[-2,2],[4,3],[4,0],[2,2],[5,0],[1,-1],[10,-2],[2,2]],[[1550,6354],[1,1]],[[1551,6355],[3,2],[1,3],[7,1]],[[1562,6361],[1,-3],[-2,-4],[-2,-1]],[[1559,6353],[-2,1],[-3,-1],[-1,-2],[5,0],[6,-3],[0,5],[7,4],[2,-4],[-3,-1],[2,-3],[3,2],[7,-1],[3,2],[-6,1],[-5,3],[-1,2],[1,4],[3,0],[2,1],[6,-2],[-2,-2],[-1,-5],[2,-1]],[[1584,6353],[2,0]],[[1586,6353],[2,-2],[4,2],[2,7],[-3,1],[-6,-4],[0,-1]],[[1585,6356],[-1,3],[3,1],[2,3],[-4,4],[2,2],[-2,2],[3,3]],[[1588,6374],[3,0],[1,3],[5,-3],[4,0],[-3,-3],[-1,-4],[1,-3],[5,0],[1,2],[3,1],[2,6],[-4,2]],[[1605,6375],[-5,1],[0,2],[5,1],[-3,3],[-3,-2],[-1,-3],[-3,3]],[[1595,6380],[-2,2],[1,5],[3,0],[3,-2],[2,2],[-2,4],[5,4],[5,2],[5,0],[2,-2]],[[1617,6395],[5,-2],[-1,-4]],[[1621,6389],[3,2],[1,3],[2,2],[-2,2],[-5,2],[0,5],[2,1],[4,4],[3,1],[4,3],[7,5],[3,-1]],[[1643,6418],[0,-3],[4,2],[3,1],[1,3],[-1,3],[2,3],[4,2],[4,-1],[1,4],[4,2],[2,-2],[2,5],[-1,4],[5,3],[4,2],[4,-2],[5,0],[1,1],[5,3],[10,5],[1,2],[6,2],[2,8],[3,0],[2,2],[4,2]],[[1720,6469],[-3,-4],[4,-2],[2,3],[6,0],[3,2],[4,-1],[3,2],[3,0],[4,3],[2,0]],[[1748,6472],[0,3]],[[1748,6475],[5,-1],[4,2],[-3,4],[2,1],[8,0],[0,-3]],[[1764,6478],[2,-2],[7,1],[-6,5],[2,3],[8,0],[2,-4],[3,1],[7,1],[0,3],[3,1],[2,7],[4,1],[2,3],[2,0]],[[1802,6498],[-1,8]],[[1801,6506],[3,1],[4,10],[2,3],[6,5],[3,1],[-2,2],[4,6],[4,4],[0,6],[2,1],[3,1],[4,4],[3,2],[2,-4],[-1,-3]],[[1838,6545],[-4,-2],[2,-4],[3,2],[4,1],[1,2],[-3,1],[1,4],[1,1],[2,6],[1,2],[5,2],[7,0],[1,2],[6,0],[8,5],[2,4],[3,-1],[5,4],[7,4],[7,0],[2,2],[5,1],[3,1],[4,0],[4,2],[11,-2],[2,2]],[[1928,6584],[2,0]],[[1930,6584],[1,0]],[[1931,6584],[-1,-3],[-5,-1],[-6,-2],[-8,1],[-9,-1],[0,-2],[-4,-4],[-4,0],[-13,-7],[-4,-5],[-7,-1],[-3,-2]],[[1867,6557],[-3,0],[-1,-5],[4,1],[0,4]],[[1605,6375],[5,-1],[1,2],[0,3],[-3,0],[-3,-4]],[[1617,6395],[-2,0],[-2,-5],[-3,-3],[-1,-3],[3,-1],[4,3],[1,8],[0,1]],[[1818,6496],[-2,1]],[[1816,6497],[-2,0]],[[1814,6497],[-2,2],[-4,-1],[-6,0]],[[1802,6498],[-2,-3],[5,0],[0,-3],[6,3],[5,-2],[2,3]],[[1860,6552],[2,2],[-3,1],[-1,-3],[2,0]],[[1860,6552],[-5,0],[0,-3],[4,0],[1,3]],[[1851,6549],[-1,3],[-4,-1],[-2,-3],[2,-1],[5,2]],[[1830,6539],[1,6],[-5,-3],[-1,-3],[5,0]],[[1827,6535],[2,-3],[0,-3],[5,1],[-1,7],[-3,1],[-3,-3]],[[1828,6523],[-5,-3],[5,-1],[0,4]],[[1815,6517],[4,-1],[1,4]],[[1820,6520],[-2,4],[-3,-7]],[[1816,6512],[-1,5]],[[1815,6517],[-5,0],[-2,-4],[2,-1],[6,0]],[[1817,6510],[-1,2]],[[1816,6512],[1,-2]],[[1818,6508],[1,2]],[[1819,6510],[-2,0]],[[1817,6510],[1,-2]],[[1819,6510],[2,0],[3,-4],[1,4],[-6,0]],[[1842,6508],[-4,0],[0,-3],[4,0],[0,3]],[[1799,6491],[8,-1],[-1,1],[-7,0]],[[1800,6483],[5,-3],[4,3],[-5,1],[-4,-1]],[[1800,6475],[-2,-3],[3,-2],[1,4],[-2,1]],[[1628,6398],[4,3],[0,4],[-5,0],[-2,-6],[3,-1]],[[1594,6346],[-3,1]],[[1591,6347],[3,-1]],[[1555,6350],[-3,-3],[3,0],[0,3]],[[1746,6478],[2,-3]],[[1748,6475],[-4,-1],[2,4]],[[1187,2849],[-8,6],[1,2],[6,-4],[1,-4]],[[1212,2858],[1,3],[6,-5],[-7,2]],[[1189,2891],[3,-3],[4,-4],[-1,-4],[-5,0],[-5,7],[1,2],[3,2]],[[1251,3541],[3,3]],[[1254,3544],[-3,-3]],[[1256,3546],[1,-1]],[[1257,3545],[-3,-1]],[[1254,3544],[2,2]],[[1258,3547],[-1,-2]],[[1257,3545],[0,1]],[[1257,3546],[1,1]],[[1258,3547],[-1,-1]],[[1257,3546],[-1,0]],[[1256,3546],[2,1]],[[1271,3563],[0,-1]],[[1271,3562],[0,1]],[[1271,3562],[0,1]],[[1271,3563],[0,-1]],[[1376,3563],[2,-2]],[[1378,3561],[-2,2]],[[1340,3569],[-6,-1],[-4,1]],[[1330,3569],[4,-1],[1,2],[5,-1]],[[1340,3569],[1,3]],[[1341,3572],[-1,-3]],[[1437,4214],[-5,0],[1,3],[4,-1],[0,-2]],[[1437,4277],[-3,-4],[1,-2],[-1,-4],[-6,2],[-2,3],[1,8],[0,4],[5,3],[6,-1],[2,-5],[0,-2],[-3,-2]],[[1491,4461],[-1,2],[2,3],[3,1],[3,-3],[-7,-3]],[[1509,4664],[1,-1]],[[1510,4663],[2,-1]],[[1512,4662],[-3,2]],[[1512,4664],[0,-2]],[[1512,4662],[-2,1]],[[1510,4663],[-1,1]],[[1509,4664],[3,0]],[[1513,4667],[1,0]],[[1514,4667],[-2,-3]],[[1512,4664],[1,3]],[[1514,4667],[-1,0]],[[1513,4667],[1,0]],[[1514,4933],[0,2]],[[1514,4935],[1,5],[4,3],[4,3]],[[1523,4946],[-1,-2],[-4,-2],[-1,-2],[-1,-5],[-2,-2]],[[1523,4946],[2,5],[4,2],[1,4],[6,5],[7,2],[5,1]],[[1548,4965],[-9,-3],[-13,-12],[-3,-4]],[[1548,4965],[3,1]],[[1551,4966],[-3,-1]],[[1551,4966],[7,4],[6,5],[9,5],[2,2]],[[1575,4982],[-2,-3],[-2,-1],[-6,-3],[-6,-5],[-8,-4]],[[1580,4995],[-2,-3],[-1,-7],[-2,-3]],[[1575,4982],[2,9],[3,4]],[[1580,4995],[3,3],[2,4]],[[1585,5002],[0,-4],[-4,-4],[-1,1]],[[1604,5034],[1,-1]],[[1605,5033],[-1,0],[-2,-10],[-2,-1],[-1,-4],[-5,-5],[-1,-5],[-5,-2],[-3,-4]],[[1585,5002],[1,4],[4,1],[3,7],[4,3],[2,5],[3,1],[2,11],[0,0]],[[1605,5033],[-1,1]],[[1604,5034],[2,10],[-2,3],[1,6],[3,7]],[[1608,5060],[-2,-10],[-1,-2],[3,-5],[-3,-10]],[[1608,5060],[0,3]],[[1608,5063],[0,-3]],[[1607,5069],[3,11],[-1,2],[4,3]],[[1613,5085],[-2,-2],[-1,-9],[-2,0],[-1,-5]],[[1613,5085],[3,4],[1,4],[1,1],[1,5],[2,1]],[[1621,5100],[-4,-11],[-4,-4]],[[1627,5112],[-2,-9],[-4,-3]],[[1621,5100],[3,4],[1,7],[2,1]],[[1641,5123],[-6,-6],[-2,1],[5,4],[3,1]],[[1706,5825],[-4,-2],[-5,0],[-1,-1]],[[1696,5822],[-7,1],[-8,2],[-6,3],[0,2],[-7,6],[0,3]],[[1668,5839],[2,-3],[4,-5],[7,-5],[7,-2],[7,-1],[3,1],[5,0],[3,1]],[[1749,5838],[3,3],[3,-1],[0,-2]],[[1755,5838],[-3,2],[-3,-2]],[[1818,6496],[-4,1]],[[1814,6497],[2,0]],[[1816,6497],[2,-1]],[[1959,6569],[1,8],[1,0],[-2,-8]],[[1931,6584],[-1,0]],[[1930,6584],[-2,0]],[[1928,6584],[3,2],[4,-1],[2,3],[6,0],[3,-1],[4,0],[-1,-4],[-4,3],[-4,-4],[-4,2],[-6,0]],[[1275,2486],[0,-7],[-3,0],[1,6],[2,1]],[[1300,2647],[-2,1],[5,3],[4,-1],[-1,-3],[-6,0]],[[1451,3599],[1,-2],[-3,-2],[-4,0]],[[1445,3595],[6,2],[0,2]],[[1450,3630],[3,2],[1,4]],[[1454,3636],[3,-3],[-2,-1],[-5,-2]],[[1461,3666],[-2,1]],[[1459,3667],[2,-1]],[[1465,3669],[-4,-3]],[[1461,3666],[-2,1]],[[1459,3667],[6,2]],[[1488,3673],[2,-2],[10,-1],[1,-1]],[[1501,3669],[-11,2],[-2,2]],[[1482,3676],[-4,0],[-2,2],[-3,1],[-5,-6],[0,-3],[-3,-1]],[[1465,3669],[2,1],[1,4],[2,3],[5,3],[0,-1],[7,-3]],[[1459,3678],[1,0]],[[1460,3678],[-1,0]],[[1460,3678],[-1,0]],[[1459,3678],[1,0]],[[1528,3703],[1,-3],[-4,0],[0,2],[3,1]],[[1531,3705],[0,3],[4,0],[0,-2],[-4,-1]],[[1524,3710],[4,0],[-2,-3],[-2,3]],[[1540,3764],[0,-1]],[[1540,3763],[0,1]],[[1540,3764],[-1,5],[3,2],[1,3],[2,1],[3,-2],[1,-4],[2,-2],[0,-2],[-3,-1],[-8,0]],[[1548,3870],[-4,0],[1,3],[4,0],[3,-3],[-4,0]],[[1558,3901],[1,0]],[[1559,3901],[-1,0]],[[1594,4038],[-4,0],[-1,-3],[-5,0],[0,-5],[3,1],[4,-2],[-8,-4],[2,-2],[5,1],[2,-4],[-8,0],[-2,-2],[-6,-2],[0,-2],[3,-1],[5,1],[1,-2],[-4,-2],[3,-2],[-3,-5],[-5,1],[-2,3],[-4,1],[-2,-7],[4,-2],[5,-4],[-1,-4],[-4,-3],[6,-2]],[[1578,3986],[4,0],[0,-4],[3,-2],[-2,-2],[-4,-2],[-4,0],[-1,2],[-5,0],[1,-2],[4,-2]],[[1574,3974],[-1,-3],[3,-1],[5,-6],[-3,-10],[-7,-3],[-9,-2],[4,-2],[2,3],[6,1],[5,3],[1,3],[3,1],[1,-7],[-3,-1]],[[1581,3950],[-1,-6],[6,-2],[5,1],[2,-2],[-1,-7],[-3,0],[1,4],[-11,5],[-5,2],[3,-5],[8,-2],[4,-3],[-2,-6],[-5,-5],[3,-2],[1,5],[3,0],[0,-6],[-4,-1],[1,-4],[-4,-4],[-2,-5],[-2,-2],[4,-1],[-1,-3],[-3,-2],[-4,-2],[0,-1],[-6,-2],[-3,0],[-2,4],[6,0],[2,2],[4,0],[-3,4],[-7,-5],[-6,2]],[[1559,3901],[-1,0]],[[1558,3901],[-3,2],[4,2],[0,2],[10,-2],[-1,2],[-4,1],[-4,4],[1,7],[-3,0],[1,5],[2,2],[1,5],[-2,4]],[[1560,3935],[-2,0],[-2,5],[1,4],[-2,1],[-1,3],[2,9],[-1,1],[1,4],[3,-1],[2,5],[3,2],[6,3],[0,2],[-4,1],[-4,-1],[0,-3],[-3,-3],[-3,1],[1,3],[-3,0],[1,4],[5,0],[3,3],[-5,2],[-4,-1],[-3,3],[-1,3],[2,2],[6,0],[1,6],[3,3],[5,2],[-3,3],[-1,6],[-3,1],[-1,-3],[-3,-2],[-2,3],[4,3],[4,0],[7,2],[1,3],[2,1],[2,4],[-2,0],[-2,-3],[-6,-2],[-2,0],[7,8],[5,0],[4,1],[1,2],[-4,2],[-4,0],[1,4],[6,1],[-1,10],[2,5],[-3,4],[0,4],[1,3],[3,-1],[2,1],[3,-2],[-1,-3],[-3,-2],[2,-8],[2,-2],[-3,-3],[6,-2],[0,3],[6,-1]],[[1570,3915],[2,-1],[3,3],[3,-1],[-1,-3],[-5,-2],[3,-3],[6,5],[2,6],[-4,1],[-9,-5]],[[1855,4852],[-3,-5],[-5,-5],[-4,-2],[-1,-3],[-3,-2],[-9,-11],[0,-4],[1,-1],[-1,-4],[2,-10],[2,-3],[3,-3],[2,-4],[5,-6],[1,-4],[-1,-5],[-5,-5],[-1,-6],[-8,-6],[0,-3],[2,-3],[-4,-5],[-1,-4],[-4,-2],[-2,-8],[-2,-8],[-5,-3],[-2,-4],[-3,-2],[-2,-2],[-1,-7],[-3,-4],[-7,-3],[-1,-2],[-3,-1],[-6,-3],[-6,0],[-9,-5],[-2,-2],[-5,-2],[-4,-4],[-5,-2],[-2,-3],[-5,-2],[-3,-4],[-4,-2],[-5,-8],[-8,-3],[-1,-2],[-7,-3],[-7,-7],[-11,-6],[0,-3],[-4,-2],[-6,-4],[-2,0],[-10,-6],[-8,-2],[-20,1],[-8,-2],[-8,1],[-10,4],[-3,0],[-11,5],[-3,5],[-7,3],[-3,3],[-4,3],[-6,10],[-7,5],[-2,6],[3,7],[-2,4]],[[1581,4682],[1,1]],[[1582,4683],[2,-3],[-2,-7],[1,-5],[2,-3],[6,-3],[1,-3],[7,-9],[4,-1],[4,-6],[4,-2],[3,-3],[9,-6],[4,0],[9,-3],[7,-1],[13,2],[9,-1],[1,-1],[6,0],[6,2],[3,1],[14,8],[1,1],[5,3],[2,4],[2,0],[7,4],[4,4],[2,3],[6,3],[7,4],[1,2],[5,2],[0,3],[7,5],[7,5],[1,2],[9,5],[9,6],[10,5],[4,0],[11,4],[2,2],[5,3],[2,5],[1,5],[2,4],[3,0],[7,7],[3,8],[2,7],[4,4],[1,4],[3,3],[0,3],[-2,2],[1,3],[6,3],[3,6],[-1,1],[4,4],[2,7],[0,3],[-5,5],[-1,4],[-3,2],[-5,11],[0,8],[-1,2],[1,5],[3,2],[3,7],[4,2],[0,2],[6,4],[3,4],[7,6]],[[1724,5222],[6,2]],[[1730,5224],[-6,-2]],[[1739,5225],[-9,-1]],[[1730,5224],[4,1],[5,0]],[[1907,5835],[-2,2]],[[1905,5837],[2,-2]],[[2005,6424],[-1,2],[-5,0],[-5,2],[-1,2]],[[1993,6430],[5,-3],[7,-1],[0,-2]],[[2022,6432],[5,0]],[[2027,6432],[-5,0]],[[2032,6434],[-5,-2]],[[2027,6432],[2,3],[3,-1]],[[2032,6434],[3,3]],[[2035,6437],[-3,-3]],[[2035,6437],[4,4],[5,3],[2,0],[3,4],[9,0]],[[2058,6448],[-4,-1],[-5,-2],[-5,-4],[-4,-1],[-1,-2],[-4,-1]],[[1992,6450],[4,1]],[[1996,6451],[-4,-1]],[[1983,6470],[-4,3]],[[1979,6473],[4,-3]],[[1961,6498],[0,-5],[-1,-2],[2,-2],[7,-1],[2,-4],[7,-3],[2,-2],[-1,-6]],[[1979,6473],[-1,0],[0,5],[-2,4],[-6,2],[-1,3],[-8,1],[-2,3],[2,7]],[[1978,6586],[-2,-1],[-2,-4],[-1,-8],[-1,0]],[[1972,6573],[2,11],[4,2]],[[2019,6578],[-8,-2],[2,6],[9,2],[3,-2],[-3,-3],[-3,-1]],[[1984,6587],[-6,-1]],[[1978,6586],[1,2],[5,-1]],[[1984,6587],[2,2]],[[1986,6589],[-2,-2]],[[1982,6597],[5,1],[2,-4],[-7,1],[0,2]],[[2022,6620],[-1,-3],[0,-3],[-5,-4],[-4,-1],[0,-4],[-5,0],[-4,2],[0,4],[9,-1],[4,4],[1,4],[-2,4],[0,4],[6,4],[-1,-8],[2,-2]],[[2090,6653],[2,-1],[-2,-4],[-4,-1],[-1,-2],[-7,3],[-6,0],[-8,2],[-9,0],[-3,-2],[-7,1],[0,2],[-8,0],[-4,0],[-5,-2],[0,-4],[-7,0],[4,3],[4,4],[-1,5],[1,2],[3,0],[2,3],[2,0],[1,-8],[4,2],[1,6],[7,1],[-3,-3],[4,-2],[6,1],[4,2],[4,-2]],[[2064,6659],[2,2],[7,-4],[5,0],[3,-1],[5,0],[2,2],[10,1],[3,-5],[3,0],[5,3],[1,4],[3,3],[3,-4],[-3,-2],[-1,-3],[-3,-2],[-8,0],[-2,1],[-3,-1],[-6,0]],[[1290,2318],[-2,-3],[-6,0],[-1,4],[2,3],[-1,3],[2,1],[5,0],[-1,-6],[2,-2]],[[1297,2334],[0,-4],[3,-2],[4,0],[-1,-10],[1,-4],[4,-2],[0,-6],[-5,1],[-2,3],[0,4],[-8,6],[1,4],[1,9],[2,1]],[[1297,2335],[-3,0],[-2,2],[2,5],[4,-1],[-1,-6]],[[1301,2348],[2,-1],[-1,-5],[-4,1],[-1,4],[4,1]],[[1301,2348],[-7,1],[-4,2],[0,5],[1,4],[-2,1],[3,7],[2,0],[1,5],[-2,0],[-2,3],[2,1]],[[1293,2377],[5,-2],[-1,-4],[2,-4],[5,-2],[1,-2],[-1,-6],[1,-6],[-4,-3]],[[1287,2387],[2,-4],[-4,0],[2,6],[-3,2],[3,3],[4,-4],[-1,-3],[-3,0]],[[1277,2416],[-5,6],[1,3],[5,2],[-1,4],[-4,-1],[-3,2],[2,2],[0,6],[-3,4],[0,3],[5,4],[-3,4],[1,7],[2,3],[1,5],[2,1],[-1,7],[2,8],[-1,3],[5,1],[3,-1],[7,-4],[-1,-3],[-6,2],[-1,-6],[-3,-1],[0,-3],[2,-2],[-3,-10],[6,-1],[-2,-3],[-1,-8],[2,-6],[-1,-5],[3,-2],[-3,-3],[-1,-8],[2,-2],[-1,-5],[-4,-2],[2,-5],[-4,-1],[1,4],[-2,1]],[[1351,2446],[-1,3],[2,1],[6,0],[1,-4],[-2,-1],[-6,1]],[[1356,2481],[-2,2],[2,4],[3,1],[8,-1],[3,-4],[-1,-4],[-4,-2],[-1,-3],[2,-2],[0,-3],[-6,-2],[-1,4],[2,3],[-3,2],[1,3],[-3,2]],[[1352,2493],[2,3],[7,-1],[-4,-4],[-5,2]],[[1550,3423],[-2,1],[-3,4],[5,0],[1,-4],[-1,-1]],[[1544,3441],[1,0],[-2,-6],[-2,-3],[-2,0],[-1,8],[3,2],[-2,1],[2,2],[2,3],[4,0],[-5,-6],[2,-1]],[[1546,3456],[1,-2],[-6,-2],[-1,4],[1,4],[4,-3],[1,-1]],[[1547,3644],[4,-4]],[[1551,3640],[-6,2],[2,2]],[[1547,3644],[0,4]],[[1547,3648],[0,-4]],[[1547,3648],[0,4]],[[1547,3652],[0,-4]],[[1547,3652],[-2,1],[-3,0]],[[1542,3653],[4,1],[1,-2]],[[1534,3657],[0,-2],[4,-1],[4,-1]],[[1542,3653],[-4,0],[-3,1],[-2,2],[1,1]],[[1540,3763],[6,0],[-2,-4],[7,-4],[6,0],[7,-3],[0,-4],[1,-2],[-2,-4],[-7,-3],[-6,0],[-7,5],[-2,4],[6,7],[-6,-1],[2,5],[-6,4],[3,0]],[[1560,3766],[-6,1],[0,3],[3,0],[3,-4]],[[1563,3783],[2,-2],[-4,-2],[-5,-2],[4,6],[0,6],[5,-1],[-2,-5]],[[1595,3784],[1,-1],[-1,-4],[-2,0],[2,5]],[[1617,3837],[1,-3],[-6,1],[-3,2],[-2,4],[3,0],[3,-3],[4,-1]],[[1621,3867],[0,2]],[[1621,3869],[0,-2]],[[1667,4099],[4,0],[-1,-3],[-5,2],[2,1]],[[1670,4103],[0,2],[6,0],[-2,-2],[-4,0]],[[1709,4153],[-4,-1],[-3,-2],[-8,0],[-1,1],[4,2],[12,0]],[[1703,4335],[2,6],[4,-1],[0,-2],[-6,-3]],[[1712,4341],[5,1],[-1,-3],[-3,0],[-1,2]],[[1991,5775],[-1,2]],[[1990,5777],[1,-2]],[[2057,6241],[3,0]],[[2060,6241],[-3,0]],[[2060,6241],[-3,0]],[[2057,6241],[-4,-1],[2,5],[2,0],[3,-4]],[[2053,6244],[-3,0],[0,5],[4,-1],[0,-3],[-1,-1]],[[2046,6245],[-2,1],[2,4],[3,-3],[-3,-2]],[[2059,6257],[3,0],[-1,-5],[-2,1],[0,4]],[[2047,6256],[6,3],[0,-3],[-3,-1],[0,-3],[-3,-1],[-3,1],[1,3],[2,1]],[[2106,6434],[1,0],[9,1],[2,-2],[0,-7]],[[2118,6426],[-1,2],[0,5],[-6,1],[-5,0]],[[2101,6432],[-4,-2],[-5,0],[-4,4],[-1,3]],[[2087,6437],[6,-6],[4,-1],[4,2]],[[2106,6434],[-5,-2]],[[2101,6432],[5,2]],[[2070,6448],[-9,1],[-3,-1]],[[2058,6448],[4,2],[7,0],[1,-2]],[[2136,6671],[0,3],[9,1],[-3,-4],[-6,0]],[[2148,6674],[3,1],[11,0],[5,0],[0,-2],[-4,-1],[-14,2],[-1,0]],[[1360,2458],[3,1],[-1,-3],[-4,0],[2,2]],[[1412,2456],[-2,-6],[-5,0],[3,6],[2,9],[2,3],[-1,3],[4,1],[-2,-7],[4,-2],[-1,-6],[1,-1],[0,-3],[-5,3]],[[1371,2473],[0,5],[6,-1],[1,-1],[-1,-4],[-6,1]],[[1389,2534],[-1,-1],[-2,-7],[-5,-1],[-3,5],[1,5],[2,1],[8,-2]],[[1630,3578],[-2,2]],[[1628,3580],[2,-2]],[[1628,3580],[-3,1]],[[1625,3581],[3,-1]],[[1625,3581],[-8,0],[-1,2]],[[1616,3583],[9,-2]],[[1653,3837],[-4,-3],[-1,3],[5,0]],[[1683,3837],[-6,-5],[-3,2],[2,3],[7,0]],[[1715,3938],[5,-3],[-2,-2],[-3,1],[-1,2],[-5,2],[-3,3],[6,-1],[3,-2]],[[1703,3948],[0,-3],[-3,1],[0,3],[3,-1]],[[1697,3954],[2,2],[2,-1],[0,-3],[-5,0],[1,2]],[[1686,3958],[4,-1]],[[1690,3957],[1,-2],[-2,-3],[-3,1],[-2,1],[2,4]],[[1706,3966],[7,-1],[-1,-2],[-5,0],[-1,3]],[[1704,4034],[8,3],[7,-3],[4,-4],[-1,-3],[3,-1],[-2,-2],[5,-6],[-6,-1],[-3,2],[-2,-3],[4,-2],[0,-5],[-3,-2],[-7,3],[-8,1],[1,3],[-5,4],[2,3]],[[1701,4021],[-5,-2],[-7,5],[7,4],[1,3],[2,0],[1,4],[-3,5],[1,5],[10,0],[0,5],[4,2],[6,-3],[11,3],[3,-1],[4,0],[2,-2],[-3,-1],[-6,1],[-1,-1],[-2,-8],[0,-4],[-3,0],[-1,3],[-2,1],[2,4],[-2,4],[-8,0],[0,-3],[-4,-2],[-5,-2],[-1,-3],[2,-4]],[[1708,4035],[-2,-4],[-2,-2],[4,-1],[-1,3],[1,4]],[[1715,4080],[-1,-3],[-3,0],[2,3],[2,0]],[[1703,4107],[-5,0],[1,3],[-8,1],[-7,3],[6,0],[2,2],[3,1],[2,-3],[0,-2],[3,-1],[0,-2],[3,-2]],[[1706,4125],[-2,-2],[-5,1],[1,3],[-8,5],[4,0],[3,-2],[2,-3],[4,-1],[1,-1]],[[1726,4134],[3,0]],[[1729,4134],[-3,0]],[[1750,4136],[-7,0],[-1,3],[2,1],[3,-1],[3,-3]],[[1742,4161],[1,4],[-6,0],[1,3],[3,0],[4,-3],[0,-4],[-3,0]],[[1721,4175],[0,-4]],[[1721,4171],[-1,-2],[-5,0],[-4,-2]],[[1711,4167],[-1,-2],[5,-1],[-1,-2],[-4,0],[0,4],[-5,0]],[[1705,4166],[-5,0],[0,8],[16,0],[5,1]],[[1855,4852],[1,0],[2,10],[3,2],[0,4],[4,3],[3,4],[1,5],[3,2],[1,4],[12,6],[-1,-3],[-9,-3],[-2,-5],[-3,-2],[-2,-7],[-4,-3],[-2,-5],[-1,-1],[-3,-7],[-1,-5],[-2,1]],[[2175,6677],[3,0]],[[2178,6677],[-3,0]],[[2174,6679],[1,-2]],[[2175,6677],[-1,2]],[[2218,6695],[0,-3],[-5,-2],[1,-2],[-6,-2],[0,-3],[-7,-5],[-4,1],[-4,-2],[-3,2],[-1,-1],[-2,0],[1,2],[1,5],[2,0],[4,2],[5,2]],[[2200,6689],[0,-1]],[[2200,6688],[4,0],[1,-2],[5,2],[-3,5],[5,1],[5,2],[1,-1]],[[2200,6688],[-2,0],[-3,-2],[-6,-3],[0,-4],[3,1],[2,2],[5,-1],[1,1],[1,5],[-1,1]],[[2234,6698],[-5,1],[-1,-3],[-4,-1],[1,-3],[-3,-1],[1,5],[2,0],[1,5],[-4,0],[-1,2],[4,1],[4,-1],[1,-2],[4,-3]],[[1395,2042],[-1,8],[5,-2],[6,-7],[-2,-2],[5,-5],[-5,0],[0,3],[-6,2],[-2,3]],[[1400,2084],[2,-3],[-6,1],[4,2]],[[1367,2113],[6,0],[3,-2],[0,-4],[-6,1],[1,2]],[[1371,2110],[-3,-2],[-6,-1],[-1,4],[6,2]],[[1442,2455],[1,-2],[-1,-3],[-3,0],[3,5]],[[1460,2453],[1,-1]],[[1461,2452],[-1,1]],[[1461,2452],[-1,1]],[[1460,2453],[1,-1]],[[1456,2449],[-2,-1],[-10,1],[0,2],[1,6],[9,-1],[-1,-3],[3,-4]],[[1458,2467],[3,0],[1,5],[0,6],[1,6],[3,-1],[-1,-5],[2,-1],[-1,-12],[-8,2]],[[1468,2501],[-1,-3],[-5,-1],[1,4],[5,0]],[[1466,2509],[-4,2],[1,3],[3,0],[0,-5]],[[1465,2517],[-4,-1],[1,6],[3,0],[2,-3],[-2,-2]],[[1743,3893],[-6,-1],[-1,-2],[-4,0],[1,3],[10,0]],[[1736,3908],[0,5],[2,1],[5,0],[1,-5],[-4,-1],[-4,0]],[[1730,3950],[1,-1],[-2,-7],[-4,0],[-3,4],[-5,1],[1,5],[2,1],[6,0],[2,3],[4,0],[-4,-4],[2,-2]],[[1741,3965],[-3,2],[-9,2],[0,-2],[-2,-6],[-4,-1],[-6,0],[-3,3],[1,4],[7,3],[4,0],[-3,5],[-4,-1],[-1,-3],[-6,1],[-3,1],[3,3],[-3,1],[0,4],[7,4],[8,-1],[2,1],[5,0],[-3,-3],[0,-2],[5,-3],[3,-2],[7,1],[10,-2],[-9,-3],[-4,0]],[[1740,3971],[3,-5],[10,0],[0,-2],[-12,1]],[[1752,3985],[1,3],[3,0],[0,-3],[-4,0]],[[1778,4249],[-1,0]],[[1777,4249],[1,0]],[[1777,4249],[1,0]],[[1778,4249],[-1,0]],[[1831,4317],[-6,5],[5,-1],[1,-4]],[[1820,4328],[-3,-7],[-3,0],[6,10],[0,-3]],[[2086,5652],[7,-3]],[[2093,5649],[-3,1],[-4,2]],[[2089,5696],[3,-2],[-1,-4],[-2,-1]],[[2089,5689],[2,5],[-2,2]],[[2089,5696],[-3,1]],[[2086,5697],[3,-1]],[[2076,5702],[2,-2],[8,-3]],[[2086,5697],[-7,2],[-3,3]],[[2090,5904],[3,1]],[[2093,5905],[-3,-1]],[[2237,6406],[1,0]],[[2238,6406],[-1,0]],[[2238,6406],[-1,0]],[[2237,6406],[1,0]],[[2197,6414],[4,-2]],[[2201,6412],[-4,2]],[[2190,6418],[6,-2],[1,-2]],[[2197,6414],[-6,2],[-1,2]],[[2234,6698],[3,0],[3,-3]],[[2240,6695],[-5,1]],[[2235,6696],[-1,2]],[[2237,6708],[-2,-4]],[[2235,6704],[-1,3],[3,1]],[[2284,6720],[1,-2],[-2,-5],[8,-1],[4,0],[2,-3],[9,-1],[11,-1],[6,1],[2,2]],[[2325,6710],[-2,-3],[4,0],[2,1],[3,-2],[-1,-3],[-3,-2],[-1,-2],[-4,0],[-4,-1],[-1,3],[-3,0],[-2,2],[-11,1],[-3,4],[-5,1],[-3,-2],[-7,4],[-2,-4],[-6,1],[-1,-2],[-8,3],[-3,-2],[-2,4]],[[2262,6711],[-4,-9],[-10,1],[0,4],[-5,1],[2,4],[-7,1],[-3,2]],[[2235,6715],[6,1],[4,-1],[1,2],[4,1]],[[2250,6718],[4,1],[5,0],[2,-2]],[[2261,6717],[5,2],[5,-1],[1,3],[6,5],[4,3],[2,-4],[3,0],[3,2],[-2,1],[2,2],[3,4],[-1,-7],[-4,-6],[-4,-1]],[[2262,6711],[1,1],[-7,2],[-1,-4],[7,1]],[[2275,6728],[-4,2],[0,3],[3,2],[5,-3],[-1,-4],[-3,0]],[[2269,6738],[-3,-2]],[[2266,6736],[3,2]],[[1417,2027],[-6,3],[-2,-2],[-4,1],[4,4],[4,0],[4,-4],[0,-2]],[[1439,2032],[1,1]],[[1440,2033],[-1,-1]],[[1440,2033],[-9,2],[2,3],[12,0],[-2,-4],[-3,-1]],[[1445,2100],[1,0]],[[1446,2100],[-1,0]],[[1446,2100],[-1,0]],[[1445,2100],[-2,1]],[[1443,2101],[3,-1]],[[1472,2106],[3,1],[2,-3],[-4,0],[-1,2]],[[1428,2112],[-1,0],[1,4],[4,-2],[-4,-2]],[[1501,2135],[-2,2],[3,2],[4,-3],[-5,-1]],[[1517,2132],[5,-1],[-3,-3],[-5,0],[3,4]],[[1696,3450],[3,-5],[-4,0],[-1,1],[2,4]],[[1765,3563],[4,2]],[[1769,3565],[-4,-2]],[[1718,3573],[4,1],[5,-2]],[[1727,3572],[-9,1]],[[1769,3565],[0,5],[1,2],[5,3],[0,2],[4,3],[8,-2]],[[1787,3578],[-7,-4]],[[1780,3574],[-4,0],[-5,-3],[1,-3],[-1,-3],[-2,0]],[[1839,3985],[0,-2],[4,-1],[1,3],[4,1],[5,-1],[2,-3],[-3,-4]],[[1852,3978],[0,-4],[-9,1],[-7,-3],[-2,3],[2,5],[-2,1],[-6,2],[0,2],[-4,1],[0,3],[4,0],[1,5],[2,2],[5,1],[7,-1],[5,2],[1,-7],[-4,-1],[-3,0],[-2,-1],[-1,-4]],[[1836,4018],[-1,4],[4,4],[3,0],[0,-5],[-4,-4],[-2,1]],[[1853,4072],[0,3],[2,3],[4,1],[3,0],[4,-2],[0,-3],[2,-1],[1,-6],[-4,-1],[2,-2],[-1,-4],[-6,0],[-4,-2],[-2,3],[-6,2],[3,2],[9,4],[-2,2],[-5,1]],[[1851,4068],[-2,2],[4,2]],[[1853,4072],[1,-2],[-3,-2]],[[1900,4141],[3,-3],[1,-5],[3,-2],[1,-3],[-1,-4],[2,-3],[-1,-8],[-12,-6],[-14,1],[-4,-2],[-4,-1],[-5,0],[-3,5],[1,2],[-4,2],[-2,2],[2,3],[-2,2],[2,6],[-1,3],[2,2],[4,1],[5,6],[-1,3],[1,6],[4,1],[6,-1],[9,-3],[6,-1],[2,-3]],[[1872,4118],[-1,7],[6,4],[-5,3],[-2,-3],[-3,-2],[3,-2],[-1,-5],[3,-2]],[[1886,4115],[-4,-2],[-6,-1],[-4,3],[-2,-1],[4,-3],[6,0],[2,1],[4,1],[0,2]],[[1894,4200],[-2,2],[3,2],[3,0],[-4,-4]],[[1889,4211],[0,-1]],[[1889,4210],[0,1]],[[1894,4208],[0,2]],[[1894,4210],[0,-2]],[[1894,4210],[-5,0]],[[1889,4210],[0,1]],[[1889,4211],[0,3],[9,0],[4,0],[1,-3],[-8,1],[-1,-2]],[[2030,4882],[-6,0],[-4,3],[-2,3],[-4,1],[0,2]],[[2014,4891],[10,-8],[6,-1]],[[2014,4891],[-1,3]],[[2013,4894],[1,-3]],[[2013,4894],[-1,2],[-4,2],[-7,2],[-10,0],[-3,3]],[[1988,4903],[5,-2],[6,0],[6,-2],[8,-3],[0,-2]],[[1988,4903],[-6,3],[-5,5],[3,0],[1,-4],[7,-4]],[[2151,5600],[8,-1],[1,-1]],[[2160,5598],[-9,2]],[[2144,5633],[-2,-1],[-5,0],[-3,2],[2,4],[3,-1],[5,-4]],[[2145,5662],[1,-1],[3,-5],[2,-3],[4,-1],[-1,-3],[3,-3],[-6,-2],[-5,3],[2,7],[-3,0],[-4,2],[-1,5],[5,1]],[[2151,5686],[6,0],[-3,-3],[-3,3]],[[2167,5694],[1,1]],[[2168,5695],[5,-1],[1,-2],[-7,2]],[[2168,5695],[-1,-1]],[[2167,5694],[1,1]],[[2306,6375],[-4,-2],[-3,-3],[-3,0],[-6,1]],[[2290,6371],[6,0],[5,2],[3,2],[2,0]],[[2352,6742],[2,2],[5,0],[0,2],[15,-3],[3,1],[-2,4],[0,4],[5,3],[6,-1]],[[2386,6754],[1,2],[5,0],[-1,3],[3,0],[-1,-3],[3,-2],[2,-5],[5,-4],[3,-5],[3,0],[3,-3]],[[2412,6737],[10,-4],[9,-1],[-2,-3],[-4,1],[-3,-2],[-5,1],[-3,-1],[-3,0],[-9,4],[-5,0],[-2,-1]],[[2395,6731],[-2,2]],[[2393,6733],[1,2],[-5,4]],[[2389,6739],[-3,1],[-1,-2],[-8,0],[-4,-2],[-4,-2],[-2,-5],[-4,-2],[-1,-4],[-8,-5],[0,-3],[-3,-1],[-3,-3],[-4,2],[-5,3],[3,2],[0,2],[-6,4],[9,9],[6,-5],[3,1],[3,2],[6,5],[-7,5],[-4,1]],[[2390,6748],[-3,-1],[-1,-2],[3,-3],[6,0],[-2,3],[4,0],[3,-3],[4,1],[-4,2],[-5,6]],[[2395,6751],[-1,-2],[-4,-1]],[[1486,1946],[-1,2],[5,1],[3,-1],[3,-4],[-2,-5],[-4,1],[-1,2],[-4,1],[1,3]],[[1491,1943],[0,3],[-5,0]],[[1486,1946],[5,-3]],[[1563,2102],[-3,0]],[[1560,2102],[2,-1]],[[1562,2101],[1,1]],[[1563,2102],[-1,-1]],[[1562,2101],[-2,1]],[[1560,2102],[3,0]],[[1539,2104],[-4,3],[-3,0],[0,4],[11,4],[6,-2],[0,-2],[6,-3],[0,-4],[3,-1],[-4,-4],[-8,0],[0,1],[-7,4]],[[1525,2119],[-3,2],[5,0],[3,-2],[-5,0]],[[1826,3351],[-3,2],[6,1],[-1,-2],[-2,-1]],[[1861,3679],[2,-2],[-2,-2]],[[1861,3675],[-1,-2]],[[1860,3673],[-4,0],[1,-2],[-3,-2]],[[1854,3669],[1,-2],[-1,-5],[1,-2],[-2,-3],[-4,-2],[2,-4],[-2,0],[-1,-3],[2,-1],[0,-3]],[[1850,3644],[0,-1]],[[1850,3643],[-2,-3],[-10,-4],[0,-2],[-3,-2],[-1,-5],[-3,-2],[-5,1],[-2,-5],[-3,1],[-2,-4],[-3,1],[-3,-4]],[[1813,3615],[-3,-4],[-3,-1],[-1,-3],[-2,-1],[-1,-10],[-5,-4],[-1,-6]],[[1797,3586],[-2,3],[-5,0],[-1,-5],[3,1],[0,-4],[-5,-3]],[[1787,3578],[1,3],[-1,4],[1,4],[7,2],[3,3],[1,6],[-2,2],[0,3],[1,7],[3,2],[0,3],[10,5],[3,2],[12,5],[4,5],[1,3],[3,5],[3,3]],[[1837,3645],[0,3],[3,2],[-2,3],[2,3],[0,3],[3,1],[1,4],[4,2]],[[1848,3666],[2,2],[1,5],[3,-2],[1,5],[4,-2],[2,5]],[[1851,3664],[-3,2]],[[1848,3666],[-2,-2],[3,-4],[2,4]],[[1807,3619],[-5,-4],[5,0],[1,3],[-1,1]],[[1807,3613],[-5,0],[-3,-4],[3,0],[5,4]],[[1861,3627],[2,1],[3,-1],[-1,-3],[-4,3]],[[1850,3643],[0,1]],[[1850,3644],[0,-1]],[[1861,3675],[-1,-2]],[[1860,3673],[1,2]],[[1861,3694],[2,-2]],[[1863,3692],[3,-4],[-1,-6],[-3,0],[-1,-3]],[[1861,3679],[-2,0],[1,4],[3,1],[0,6],[-3,1],[1,3]],[[1867,3707],[1,-1]],[[1868,3706],[-1,1]],[[1866,3728],[4,-1],[-4,-5],[0,-7],[1,-4],[3,0],[3,-2],[0,-7],[0,-4],[-3,1],[1,-7],[-7,1],[-1,-1]],[[1863,3692],[-2,2]],[[1861,3694],[3,2],[1,6],[3,0],[3,4],[-3,0]],[[1868,3706],[-1,1]],[[1867,3707],[-5,4],[-2,3],[5,10],[3,1],[-2,3]],[[1859,3745],[2,-1],[-1,-3],[4,-1],[-1,-4],[3,-2],[-1,-4],[1,-2]],[[1866,3728],[-7,7],[1,4],[-4,1],[0,3],[-3,1],[1,3]],[[1854,3747],[2,-1]],[[1856,3746],[1,0]],[[1857,3746],[2,-1]],[[1850,3761],[3,-1],[3,3]],[[1856,3763],[3,-1]],[[1859,3762],[-3,-1],[-2,-3]],[[1854,3758],[-1,-4],[2,-2],[0,-2],[4,0],[0,-5]],[[1859,3745],[-2,1]],[[1857,3746],[-1,0]],[[1856,3746],[-2,1]],[[1854,3747],[-2,3],[0,3],[-4,3],[2,5]],[[1851,3778],[0,1]],[[1851,3779],[0,-1]],[[1872,3783],[0,1]],[[1872,3784],[0,-1]],[[1874,3807],[3,0],[2,2],[3,0],[0,5],[4,2],[1,3],[-2,1],[0,4],[9,0],[-2,-8],[-4,-1],[-1,-5],[4,-2],[-1,-2]],[[1890,3806],[-1,-3],[-5,-3],[8,0]],[[1892,3800],[1,2],[5,0],[-6,-7],[-8,-1],[-2,-3],[-1,-6],[-3,2],[-5,-1],[-1,-2]],[[1872,3784],[0,-1]],[[1872,3783],[-3,-3],[-4,1],[-4,-4],[1,-5],[-5,-2],[0,-2],[4,0],[-3,-4],[1,-2]],[[1859,3762],[-3,1]],[[1856,3763],[-2,3],[1,5],[-2,0]],[[1853,3771],[-3,-6],[0,-4]],[[1850,3761],[-2,1],[1,6],[-1,3],[-6,-4],[-2,5],[-4,4],[-1,4],[4,0],[2,4],[11,1],[2,4],[3,1],[0,3],[7,3],[6,3],[1,6],[3,2]],[[1851,3779],[-5,0],[-3,-2],[4,-2],[4,3]],[[1851,3778],[0,-3],[2,-4]],[[1853,3771],[4,0],[-1,3],[2,3],[1,6],[-8,0],[0,-4]],[[1869,3793],[-4,-1],[-2,-6],[4,0],[2,3],[0,4]],[[2061,4840],[-2,-2]],[[2059,4838],[2,2]],[[2066,4853],[0,-3],[-2,0],[-1,-5],[1,-1],[-1,-3],[-2,-1]],[[2061,4840],[2,3],[-1,3],[1,3],[2,2],[1,2]],[[2056,4865],[-1,1],[-6,0],[-2,2]],[[2047,4868],[3,-1],[6,-1],[0,-1]],[[2222,5594],[-4,1]],[[2218,5595],[4,-1]],[[2208,5600],[-5,1],[-3,-1]],[[2200,5600],[2,2],[6,-2]],[[2217,5609],[-4,-1],[-7,-1],[-5,-1],[0,5],[7,0],[6,2],[4,0],[2,-2],[6,-1],[0,-2],[-3,-1],[-5,1],[-1,1]],[[2258,5620],[0,-3],[-6,0],[1,3],[5,0]],[[2368,6373],[6,1]],[[2374,6374],[-6,-1]],[[2389,6739],[0,-2],[4,-4]],[[2393,6733],[-2,0],[-3,5],[1,1]],[[1575,1907],[-2,-2],[-5,3],[1,5],[6,0],[0,-6]],[[1573,1920],[-2,0],[1,4],[2,2],[6,-1],[2,-3],[0,-3],[-9,1]],[[1631,1999],[4,0],[0,-5],[-3,1],[-1,4]],[[1635,2008],[-4,-3],[-5,0],[-6,4],[1,5],[4,2],[7,-1],[3,-2],[0,-5]],[[1745,2559],[-5,2]],[[1740,2561],[4,2],[1,-4]],[[1737,2568],[1,0]],[[1738,2568],[-1,0]],[[1738,2568],[-1,0]],[[1737,2568],[-1,3],[6,2],[-2,-5],[-2,0]],[[1738,2586],[-5,2],[1,2],[3,0],[5,2],[5,-1],[0,-2]],[[1747,2589],[-9,-3]],[[1744,2611],[4,7],[7,1],[-1,-2],[-5,-2],[-2,-6],[-3,2]],[[1777,2670],[1,0]],[[1778,2670],[-1,0]],[[1736,2779],[0,-1]],[[1736,2778],[0,1]],[[1736,2779],[0,-1]],[[1736,2778],[0,1]],[[1871,3367],[-3,0]],[[1868,3367],[3,0]],[[1949,3617],[4,-4],[5,0]],[[1958,3613],[-1,-2],[-5,1],[-3,2],[0,3]],[[1979,3815],[-4,-5],[-5,2]],[[1970,3812],[5,-1],[4,4]],[[1966,3818],[4,-1],[0,-5]],[[1970,3812],[-1,1],[0,4],[-3,1]],[[1979,3815],[3,2],[6,0]],[[1988,3817],[-9,-2]],[[1988,3817],[4,0],[-1,-2],[-3,2]],[[2002,3829],[0,-4],[1,-1],[-2,-4]],[[2001,3820],[1,3],[-2,2],[2,4]],[[2216,5216],[-2,-1],[-5,2],[4,2],[3,-3]],[[2239,5215],[-4,-2],[-4,4],[-5,3],[1,4],[7,-1],[2,-2],[3,-6]],[[2319,5586],[4,-1]],[[2323,5585],[-4,1]],[[2318,5588],[1,-2]],[[2319,5586],[-1,2]],[[2312,5591],[6,-3]],[[2318,5588],[-4,0],[-2,3]],[[2282,5601],[4,-4],[4,0]],[[2290,5597],[-7,-1],[-1,5]],[[2289,5615],[-3,2]],[[2286,5617],[3,-2]],[[2277,5619],[-4,-1]],[[2273,5618],[4,1]],[[2289,5615],[3,2],[-6,0]],[[2286,5617],[-3,-1],[-6,0],[0,3]],[[2277,5619],[1,3],[11,-1],[2,-2],[4,-1],[2,-2],[0,-3],[-8,0],[0,2]],[[2324,5613],[-4,1],[-4,3],[8,0],[0,-4]],[[2273,5618],[-3,-1],[-4,0],[1,2],[-3,4],[-5,1],[2,3],[3,0],[3,-4],[4,-2],[2,-3]],[[2445,6281],[-4,-4],[-5,0],[-1,3],[5,4],[8,-1],[-3,-2]],[[2464,6718],[-5,1],[-2,1],[1,3],[5,-1],[5,-1],[-4,-3]],[[2491,6730],[2,-2]],[[2493,6728],[1,-2]],[[2494,6726],[3,0]],[[2497,6726],[1,-2],[6,-1],[1,-1],[6,0],[0,-2],[-3,-2],[-11,1],[-7,0],[-3,2]],[[2487,6721],[-3,1]],[[2484,6722],[-1,4],[-3,2],[-4,-2]],[[2476,6726],[-2,3],[-4,-2],[-1,-3],[-4,2]],[[2465,6726],[-6,1],[3,3],[6,0],[5,3],[3,0],[5,2]],[[2481,6735],[3,-5],[2,1],[5,-1]],[[2497,6726],[-1,2],[-3,0]],[[2493,6728],[-2,2]],[[2491,6730],[-1,3],[7,-2],[0,4],[3,1]],[[2500,6736],[3,0]],[[2503,6736],[1,-2],[-1,-7],[-6,-1]],[[2500,6738],[0,-2]],[[2500,6736],[-1,2],[-6,-2],[-4,1],[-6,-4],[-2,2]],[[2481,6735],[4,1],[5,3]],[[2490,6739],[-2,0],[1,4],[4,2],[0,-4],[3,-1],[4,-2]],[[2524,6748],[-8,-1],[-7,-6],[2,-2],[-3,-3],[-5,0]],[[2503,6736],[-3,2]],[[2500,6738],[-1,4],[7,2],[0,6],[7,4],[7,0],[4,-2],[0,-4]],[[1322,415],[-4,0],[-4,3],[1,2],[7,-5]],[[1411,709],[1,1],[11,-1],[0,-3],[-9,2],[-3,1]],[[1380,717],[4,1],[4,-2],[1,-2],[-9,2],[0,1]],[[1600,1483],[-5,-1],[0,3],[5,-2]],[[1625,1884],[-3,4],[4,0],[4,-3],[-1,-2],[-4,1]],[[1646,2019],[4,1],[2,-2],[-2,-3],[-3,1],[-1,3]],[[1783,2567],[2,-1]],[[1785,2566],[-2,1]],[[1796,2568],[-3,0],[0,3],[3,0],[0,-3]],[[1774,2571],[2,3],[3,0],[1,-5],[3,-2]],[[1783,2567],[-3,1],[0,2],[-6,1]],[[1815,2571],[-3,3],[2,3],[4,1],[4,-3],[-1,-4],[-6,0]],[[1793,2574],[-3,0],[-1,3],[4,0],[0,-3]],[[1774,2584],[4,-1],[-1,-5],[-3,2],[0,4]],[[1768,2582],[0,2]],[[1768,2584],[0,-2]],[[1780,2664],[-1,1]],[[1779,2665],[3,0]],[[1782,2665],[1,1]],[[1783,2666],[2,8]],[[1785,2674],[-1,-2],[4,-1],[0,8],[5,0],[6,3],[1,-4]],[[1800,2678],[-2,-1],[1,-3],[7,2],[5,6],[-1,1],[2,3],[3,-5],[3,1],[-1,7],[-6,1],[-3,4]],[[1808,2694],[-1,6],[6,-1]],[[1813,2699],[0,-2],[4,-1],[2,-6]],[[1819,2690],[1,-2]],[[1820,2688],[6,-3],[0,5],[-1,4]],[[1825,2694],[4,0],[2,6],[2,1],[4,4],[4,2],[4,5]],[[1845,2712],[2,-3],[-8,-9],[-6,-1],[0,-2]],[[1833,2697],[1,-3],[-5,-1]],[[1829,2693],[1,-2]],[[1830,2691],[-1,-5],[2,-6]],[[1831,2680],[1,-3]],[[1832,2677],[-1,-2],[-4,0],[0,4]],[[1827,2679],[-7,-4],[-6,-2],[-3,0]],[[1811,2673],[-3,0],[-2,-4],[-5,0],[0,-3],[-3,-1],[0,-4],[-7,0]],[[1791,2661],[-1,-8],[4,-1],[-1,-3],[6,-4],[-2,-1],[0,-5],[1,-5],[-1,-3],[-7,-3],[-4,-3],[6,-6],[9,-1],[2,-4],[5,2],[4,-2]],[[1812,2614],[-2,-2]],[[1810,2612],[-8,-3],[-6,0]],[[1796,2609],[-1,-1]],[[1795,2608],[1,-2]],[[1796,2606],[1,-1]],[[1797,2605],[1,0]],[[1798,2605],[3,-3],[-3,-3],[-6,1],[0,6],[-1,2],[-4,0]],[[1787,2608],[-1,3],[-6,-3]],[[1780,2608],[0,1]],[[1780,2609],[1,4],[-6,1],[-5,-3],[-2,0],[1,-6],[0,-4],[-3,0],[1,-4]],[[1767,2597],[-3,0]],[[1764,2597],[-2,-1]],[[1762,2596],[-1,-1]],[[1761,2595],[-1,0]],[[1760,2595],[-2,-1],[-8,1],[2,-4],[0,-5],[-2,-3],[-4,1],[-1,-3],[8,0],[0,2],[1,2],[2,6],[6,-1],[3,-6],[-1,-3],[6,-3],[3,-4],[1,-3]],[[1774,2571],[0,-3],[2,-3],[7,0],[13,-4],[4,-2],[8,-6],[3,-5],[3,-9],[-2,-7],[2,-3],[-1,-7],[-2,-3],[-5,-5],[-4,-2],[-11,2],[-3,2],[-5,1],[-9,5],[-8,7],[-3,3]],[[1763,2532],[-8,4],[1,4],[-2,2],[-4,1],[2,7],[-1,9],[0,3],[-6,2]],[[1745,2564],[-3,5],[1,4],[-1,1],[2,6],[-2,2],[8,7],[0,2],[-3,2],[2,2],[-5,1],[2,3],[3,0],[1,4],[-2,1],[2,8],[3,2],[16,-1],[10,3],[2,2]],[[1781,2618],[2,4],[-1,3],[2,2],[-3,2],[0,3],[-2,2]],[[1779,2634],[1,6],[2,2],[3,0],[2,3],[-5,5],[1,2],[-4,1],[2,2],[1,7],[-2,2]],[[1789,2615],[-8,3]],[[1781,2618],[0,-3],[8,0]],[[1789,2615],[7,-2],[-3,4],[-4,-2]],[[1791,2648],[-2,3],[-4,4],[-3,-1],[3,-4],[5,-2],[-1,-6],[2,1],[2,3],[-2,2]],[[1791,2640],[-2,-1]],[[1789,2639],[2,1]],[[1760,2595],[1,0]],[[1761,2595],[1,1]],[[1762,2596],[8,-3],[-2,-5],[-4,2],[-4,5]],[[1786,2586],[-4,1],[-4,3],[-3,-3],[-2,6],[-4,5],[1,2],[4,-2],[7,4],[4,-1]],[[1785,2601],[2,-3],[-2,-3],[-4,2],[-4,-2],[0,-3],[6,0],[3,-2],[0,-4]],[[1764,2597],[3,0]],[[1767,2597],[-3,0]],[[1785,2601],[0,1]],[[1785,2602],[0,-1]],[[1786,2603],[-1,-1]],[[1785,2602],[1,1]],[[1773,2602],[1,3],[3,1],[0,3],[3,0]],[[1780,2609],[0,-1]],[[1780,2608],[3,0],[4,0]],[[1787,2608],[-1,-2],[-6,-1],[-1,-4],[-6,1]],[[1796,2609],[2,-4]],[[1798,2605],[-1,0]],[[1797,2605],[-1,1]],[[1796,2606],[-1,2]],[[1795,2608],[1,1]],[[1810,2612],[2,2]],[[1812,2614],[4,0],[1,-2],[-7,0]],[[1820,2611],[0,3],[-4,1],[3,2],[2,-4],[-1,-2]],[[1766,2632],[4,-1],[1,3],[8,0]],[[1779,2634],[-3,-2],[-1,-3]],[[1775,2629],[-4,1],[-5,2]],[[1789,2639],[2,1]],[[1791,2640],[-2,-1]],[[1783,2666],[-1,-1]],[[1782,2665],[-3,0]],[[1779,2665],[2,4],[-3,1]],[[1778,2670],[-1,0]],[[1777,2670],[4,0],[2,-4]],[[1832,2677],[-1,3]],[[1831,2680],[0,3],[3,0],[0,-3],[-2,-3]],[[1820,2688],[1,3]],[[1821,2691],[-1,-3]],[[1821,2691],[-2,-1]],[[1819,2690],[2,1]],[[1829,2693],[1,-2]],[[1830,2691],[-1,2]],[[1825,2694],[-1,2]],[[1824,2696],[1,-2]],[[1850,2719],[-1,-4],[-4,-3]],[[1845,2712],[1,5],[4,2]],[[1849,2735],[1,4],[3,-1],[2,-4],[-6,1]],[[1958,3613],[3,2],[4,1],[-1,-3],[-6,0]],[[2029,3786],[0,-1],[-5,-2],[-1,-9],[3,-6],[-1,-8],[-2,-2],[0,-2],[7,-6],[4,0],[1,-2],[-7,0],[-2,-2],[8,-1],[0,-1],[-9,1],[-4,2],[-2,5],[-2,0],[-11,8],[-2,2],[1,4],[2,1],[-1,3],[-4,3],[2,3],[3,1],[3,3],[6,4],[6,2],[-2,4],[0,5],[5,3],[4,1],[3,5],[2,10],[3,3],[4,-4],[-2,-1],[-1,-4],[2,-2],[4,0],[-1,-4],[1,-4],[-5,-3],[-2,0],[-8,-9]],[[2002,3829],[4,0],[3,-1],[5,-1]],[[2014,3827],[-6,0],[-2,2],[-4,0]],[[2040,3843],[2,-1],[-2,-5],[1,0],[0,-5],[1,-1],[-1,-4],[-2,0],[1,8],[-1,3],[1,5]],[[2041,3849],[-1,-6]],[[2040,3843],[-1,0],[2,6]],[[2041,3849],[3,6],[4,1]],[[2048,3856],[-3,-2],[-2,-6]],[[2043,3848],[-2,1]],[[2048,3856],[2,2],[4,3]],[[2054,3861],[-4,-6],[-2,1]],[[2070,3899],[1,1]],[[2071,3900],[-1,-1]],[[2070,3899],[0,5],[-1,1]],[[2069,3905],[2,-1],[0,-4]],[[2071,3900],[-1,-1]],[[2071,3911],[-3,-1],[1,-5]],[[2069,3905],[-3,3],[2,3],[3,0]],[[2073,3914],[-2,-3]],[[2071,3911],[2,3]],[[2086,3926],[-7,-2],[-2,-4],[1,-1],[0,-5],[-5,0]],[[2073,3914],[5,5],[-3,1],[6,6],[5,0]],[[2281,5153],[-2,-2],[-4,0],[0,2],[-3,5],[1,1],[7,-3],[1,-3]],[[2263,5190],[-7,3],[-3,3],[1,2],[3,-1],[2,-4],[3,0],[1,-3]],[[2358,5558],[2,-1],[-2,-3],[4,-2]],[[2362,5552],[-4,2],[0,4]],[[2358,5558],[-3,2]],[[2355,5560],[3,-2]],[[2457,6291],[8,-1],[3,-1],[-7,-2],[-7,-3],[-7,1],[-2,2],[1,2],[6,2],[5,0]],[[2479,6293],[-6,2],[7,2],[-1,-4]],[[2546,6752],[-5,2],[-4,1],[2,4],[3,-2],[6,-1],[5,2],[0,-3],[-3,-2],[-4,-1]],[[2573,6764],[-5,0],[-5,-2],[4,-4],[-9,1],[0,4],[5,4],[5,0],[5,-3]],[[1417,412],[-6,0],[-2,3],[10,-1],[-2,-2]],[[1416,430],[-2,-1]],[[1414,429],[2,1]],[[1421,431],[-5,-1]],[[1416,430],[5,1]],[[1421,431],[2,3]],[[1423,434],[-2,-3]],[[1407,464],[-2,-2]],[[1405,462],[2,2]],[[1400,467],[5,-1],[2,0],[0,-2]],[[1407,464],[-1,1],[-6,2]],[[1443,706],[1,2],[12,-1],[2,-3],[-4,-1],[-9,1],[-2,2]],[[1608,1482],[1,2]],[[1609,1484],[-1,-2]],[[1609,1484],[-4,0]],[[1605,1484],[4,0]],[[1686,1873],[-2,-3],[-3,1],[1,3],[4,-1]],[[1819,2419],[3,2]],[[1822,2421],[-1,-2]],[[1821,2419],[-2,0]],[[1827,2431],[5,-1],[0,4]],[[1832,2434],[1,0]],[[1833,2434],[2,-2]],[[1835,2432],[-1,-7],[-4,4],[-2,0],[-1,-5],[3,0],[-1,-4],[-6,-2],[-2,-7],[-2,-2],[-3,3],[3,7]],[[1819,2419],[2,0]],[[1821,2419],[1,2]],[[1822,2421],[-1,2]],[[1821,2423],[0,1]],[[1821,2424],[-1,0]],[[1820,2424],[-1,1]],[[1819,2425],[5,2],[3,4]],[[1819,2425],[1,-1]],[[1820,2424],[1,0]],[[1821,2424],[0,-1]],[[1821,2423],[-2,2]],[[1833,2434],[-1,0]],[[1832,2434],[1,0]],[[1834,2456],[-4,3],[1,2],[8,4],[-5,-9]],[[1823,2508],[2,-3]],[[1825,2505],[-2,3]],[[1823,2508],[-2,2],[-3,5]],[[1818,2515],[1,1]],[[1819,2516],[0,4],[2,1]],[[1821,2521],[1,-4],[-2,-4],[2,-1],[1,-4]],[[1850,2725],[3,2]],[[1853,2727],[-3,-2]],[[1853,2727],[6,2],[2,2],[8,2],[1,3],[3,0]],[[1873,2736],[1,-2],[-4,0],[-4,-4],[-3,0],[-2,-3],[-8,0]],[[1876,2735],[-2,-2]],[[1874,2733],[2,3]],[[1876,2736],[0,-1]],[[1875,2738],[1,-2]],[[1876,2736],[-1,2]],[[1899,2742],[-3,1],[2,2],[3,-1]],[[1901,2744],[-2,-2]],[[1901,2744],[0,4],[6,-2]],[[1907,2746],[-3,0]],[[1904,2746],[-3,-2]],[[1911,2761],[1,0]],[[1912,2761],[2,0]],[[1914,2761],[-6,-3],[-4,-2]],[[1904,2756],[-2,0]],[[1902,2756],[-5,-2],[-2,-4],[3,-3],[-2,-3],[-5,-1],[-6,1],[-5,-5],[-4,1],[-1,-2]],[[1875,2738],[-2,-2]],[[1873,2736],[-4,1],[2,2],[4,0],[4,2],[-1,4],[5,1],[1,1],[11,-1],[-3,3],[1,2],[2,6],[3,-1],[2,2],[5,1],[2,3],[4,-1]],[[1902,2756],[2,0]],[[1904,2756],[-2,0]],[[2032,3433],[1,-1]],[[2033,3432],[-2,1]],[[2031,3433],[1,0]],[[2033,3432],[-1,1]],[[2032,3433],[-1,0]],[[2031,3433],[2,-1]],[[2084,3933],[0,-1]],[[2084,3932],[0,1]],[[2084,3933],[0,-1]],[[2084,3932],[-6,-1],[3,5],[1,5],[3,1],[0,2],[9,5],[1,7],[3,0],[4,3],[1,-2],[-2,-3],[-6,-6],[-5,-3],[-2,-2],[-5,-3],[1,-7]],[[2530,6302],[-4,0],[1,3],[-4,1],[1,3],[7,1],[4,-4],[0,-3],[-5,-1]],[[2578,6598],[7,-1],[1,2],[8,0],[7,-4],[4,-1],[3,-2],[1,-3],[-1,-5],[-2,-2],[-4,2],[-6,0],[-1,3],[-3,2],[-9,1],[-1,-2],[-4,1],[-1,3],[1,6]],[[2630,6722],[2,-2]],[[2632,6720],[-2,2]],[[2634,6732],[-2,3],[-5,1],[-3,4],[-3,6],[-2,0],[0,4],[8,1],[0,-3],[5,1],[1,-3],[3,0],[1,-4],[4,2],[2,-1],[-2,-4],[3,-4],[-1,-1],[-7,1],[-2,-3]],[[2630,6762],[-2,-2],[-3,0],[7,8],[0,-2],[-2,-4]],[[2638,6778],[-3,-3],[-4,-1],[-2,-2],[-3,-2],[-2,2],[4,7],[3,1],[3,-2],[4,0]],[[1439,444],[1,-7],[-5,0],[1,8],[-1,1],[0,3],[6,0],[-2,-5]],[[1520,704],[0,4],[5,-1],[-5,-3]],[[1530,726],[3,2]],[[1533,728],[-3,-2]],[[1536,719],[-2,-1],[-7,0],[1,-2],[-4,-2],[-6,-2],[-6,0],[-6,-2],[-4,2],[-5,-1],[-6,1],[2,2],[6,-1],[1,2],[9,0],[4,1],[2,3],[3,1],[0,3],[4,0],[8,3]],[[1530,726],[2,-1],[6,0],[6,4],[-3,0],[0,3],[-8,-4]],[[1533,728],[1,2],[8,2]],[[1542,732],[1,-3],[6,1],[0,5],[3,2],[1,3],[5,2],[1,4],[3,2],[5,1],[3,-2],[-5,-3],[-2,-1],[0,-3],[-4,-1],[-2,-6],[-8,-6],[-5,0],[1,-2],[-6,-2],[-3,-4]],[[1545,735],[-3,-3]],[[1542,732],[3,3]],[[1548,737],[-3,-2]],[[1545,735],[3,2]],[[1765,1833],[3,0],[2,-3],[-3,-1],[-3,2],[1,2]],[[1774,1840],[-4,2],[2,3],[6,-2],[-1,-3],[-3,0]],[[1750,1875],[4,1],[1,-1],[-2,-3],[-3,1],[0,2]],[[1867,2276],[-3,1],[1,2],[3,1],[-1,-4]],[[1856,2371],[2,-3],[-7,0],[3,3],[2,0]],[[1835,2376],[5,-1],[1,4],[3,2],[0,3],[7,0],[2,-2],[1,-8],[0,-3],[-4,-2],[-3,1],[-7,3],[-5,3]],[[1853,2385],[-4,2],[0,2],[7,2],[4,0],[-7,-6]],[[1885,2459],[-4,-3],[-3,0],[1,4],[6,-1]],[[1855,2491],[8,1],[-1,-2],[-7,1]],[[1902,2597],[-3,-1],[-5,1],[5,6],[4,-1],[-3,-2],[2,-3]],[[1913,2737],[-5,2],[2,4]],[[1910,2743],[3,-6]],[[1910,2744],[0,-1]],[[1910,2743],[-3,0]],[[1907,2743],[3,1]],[[1904,2746],[3,0]],[[1907,2746],[-3,0]],[[1914,2753],[-6,-5],[-1,5],[6,2],[1,-2]],[[1930,2761],[1,-1]],[[1931,2760],[-1,-3],[-4,2],[0,2],[4,0]],[[1931,2760],[-1,1]],[[1930,2761],[1,-1]],[[1910,2764],[1,0]],[[1911,2764],[-1,0]],[[1927,2769],[0,-2]],[[1927,2767],[1,-3]],[[1928,2764],[-8,1],[-3,-6]],[[1917,2759],[-3,2]],[[1914,2761],[-2,0]],[[1912,2761],[-1,0]],[[1911,2761],[0,3]],[[1911,2764],[-1,0]],[[1910,2764],[14,6],[3,-1]],[[1939,2777],[1,0]],[[1940,2777],[-1,0]],[[1941,2778],[4,0]],[[1945,2778],[-5,-1]],[[1940,2777],[1,1]],[[1953,2788],[0,-1]],[[1953,2787],[0,-1]],[[1953,2786],[-2,-2],[-6,0],[-1,-2],[-3,-2]],[[1941,2780],[0,-2]],[[1941,2778],[-3,1]],[[1938,2779],[1,-2]],[[1939,2777],[-1,0],[-3,-5]],[[1935,2772],[-1,-2],[-3,0],[0,-2]],[[1931,2768],[-4,-1]],[[1927,2767],[0,2]],[[1927,2769],[-1,3],[4,0],[0,4]],[[1930,2776],[3,2],[2,4],[3,2]],[[1938,2784],[2,3],[7,0],[4,3]],[[1951,2790],[2,-2]],[[1941,2780],[4,-2]],[[1945,2778],[-4,2]],[[1957,2783],[-2,-3]],[[1955,2780],[-5,1],[7,2]],[[1954,2778],[1,2]],[[1955,2780],[-1,-2]],[[1953,2786],[0,1]],[[1953,2787],[0,1]],[[1953,2788],[0,-2]],[[1981,2819],[1,-1]],[[1982,2818],[-1,-3],[-7,-4],[-6,1],[-3,-3],[3,-1]],[[1968,2808],[-4,0],[-1,-4],[4,-9],[-4,-3],[-4,1],[-2,-2],[-4,1]],[[1953,2792],[2,2],[8,4],[0,3],[-3,-1],[1,8],[-1,2],[4,2],[1,2],[5,-1],[5,1],[2,2],[1,3],[3,0]],[[1972,2805],[-4,3]],[[1968,2808],[3,0],[1,-3]],[[2011,3251],[-3,1],[2,3],[2,-1],[-1,-3]],[[2175,4029],[-2,0],[1,5],[1,0],[0,-5]],[[2403,5124],[-5,1]],[[2398,5125],[4,1],[1,-2]],[[2716,6705],[-9,2],[-4,4],[-5,-1],[-1,-7],[-1,0]],[[2696,6703],[0,8]],[[2696,6711],[-2,2],[-5,1],[-3,-3],[-4,-2],[0,-1],[-7,0],[-9,-1],[-6,0],[-2,-2],[-3,2]],[[2655,6707],[-8,7],[1,3],[-5,1],[-7,1],[-4,1]],[[2632,6720],[8,0],[0,4],[5,-1],[6,1]],[[2651,6724],[5,1],[3,1],[0,4],[3,1],[6,0],[-1,-2],[5,-2],[6,-1],[0,-1],[8,-4],[-3,-4],[4,-2],[2,2],[1,2],[4,0],[2,-2],[8,-1],[7,0],[1,2],[5,3],[3,-2],[-1,-4],[2,-3],[1,-3],[-2,-1],[-4,-3]],[[2655,6707],[9,0],[1,4],[-7,2],[-3,-2],[0,-4]],[[2651,6724],[-4,-2],[7,0],[2,2],[-5,0]],[[2641,6721],[8,-4],[0,2],[-8,2]],[[2647,6735],[3,1],[3,-2],[-1,-5],[-6,2],[1,4]],[[2679,6732],[-4,2],[-1,3],[5,-1],[0,-4]],[[2632,6754],[8,-1],[-5,-3],[-3,4]],[[1586,679],[1,0]],[[1587,679],[-1,0]],[[1587,679],[-1,0]],[[1586,679],[1,0]],[[1550,709],[1,-1],[-6,-3],[-3,0],[-1,3],[6,3],[3,-2]],[[1580,758],[-1,-3],[-4,0],[-1,2],[4,3],[2,-2]],[[1602,778],[4,-2],[0,-2],[-9,-5],[0,6],[5,3]],[[1604,778],[5,1],[1,3],[3,0],[-2,-5],[-7,1]],[[1671,1145],[2,-5],[-4,0],[-1,3],[3,2]],[[1685,1134],[-4,7],[-4,7],[-5,0],[-1,-3]],[[1671,1145],[0,4],[3,1],[4,-2],[4,-5],[3,-8],[0,-1]],[[1771,1592],[4,-3],[-4,-1],[0,4]],[[1784,1647],[3,-2],[3,-3],[-4,-2],[1,-4],[-6,2],[-4,6],[-1,6],[6,3],[0,-3],[2,-3]],[[1778,1662],[0,-4],[-9,3],[-1,5],[7,0],[3,-4]],[[1872,2119],[-3,1],[-3,3],[2,4],[5,-1],[2,-1],[0,-4],[-3,-2]],[[1882,2129],[-1,-4],[-4,2],[3,1],[-1,3],[1,2],[3,-1],[-1,-3]],[[1883,2204],[0,-1]],[[1883,2203],[0,1]],[[1892,2216],[-2,-2]],[[1890,2214],[0,-4],[4,-2],[2,-4],[-1,-6]],[[1895,2198],[7,4],[2,-9],[-4,-1]],[[1900,2192],[1,-5],[4,0],[1,-2],[-2,-2]],[[1904,2183],[-7,6],[-9,3],[-1,3],[-4,2],[-4,1],[4,5]],[[1883,2203],[0,1]],[[1883,2204],[-2,5]],[[1881,2209],[-2,2],[-3,0],[0,3],[6,0],[0,3],[3,1],[5,-1],[2,-1]],[[1893,2235],[5,-1],[0,-2],[-6,0],[1,3]],[[1973,2605],[-7,1],[-8,-2],[-3,0],[6,5],[5,-2],[7,-2]],[[1981,2607],[-3,-2],[-5,0]],[[1973,2605],[8,2]],[[1978,2810],[2,-2]],[[1980,2808],[-2,2]],[[1982,2818],[-1,1]],[[1981,2819],[3,1]],[[1984,2820],[1,0]],[[1985,2820],[-3,-2]],[[2224,4061],[-3,-2]],[[2221,4059],[3,2]],[[2224,4061],[6,6],[2,3],[3,3],[-5,5],[1,4],[-3,1],[-3,0],[1,4],[2,3],[5,2],[-2,-6],[6,2],[-3,-4],[0,-3],[4,-1],[-1,-3],[5,0],[3,2],[0,3],[-2,1],[1,6],[3,1],[6,4],[3,-1],[3,4],[3,0],[-7,-6],[0,-3],[-4,-3],[-3,-6],[-4,-3],[-3,-1],[-4,-3],[-1,-3],[-7,-4],[0,-1],[-5,-3]],[[2267,4134],[0,-7],[-2,-2],[-3,0],[-3,-4]],[[2259,4121],[1,2],[5,4],[2,7]],[[2281,4212],[-1,-4],[2,-8]],[[2282,4200],[-2,1],[-1,8],[2,3]],[[2281,4215],[0,-3]],[[2281,4212],[0,3]],[[2282,4217],[-1,-2]],[[2281,4215],[1,2]],[[2282,4217],[1,6],[0,3],[0,7],[3,2],[1,6],[2,-1],[-2,-11],[-2,-2],[0,-3],[-3,-7]],[[2433,5106],[-5,-4],[-5,3],[0,5],[7,1],[5,-1],[1,-2],[-3,-2]],[[2405,5123],[-2,1]],[[2403,5124],[2,-1]],[[2506,5500],[-3,-1]],[[2503,5499],[3,1]],[[2692,6701],[4,2]],[[2696,6703],[-4,-2]],[[1569,396],[0,1]],[[1569,397],[0,-1]],[[1577,411],[-2,-1],[-4,3],[0,3],[7,-1],[-1,-4]],[[1573,421],[-5,1],[4,3],[1,-4]],[[1606,748],[1,-1]],[[1607,747],[-1,1]],[[1607,747],[-1,1]],[[1606,748],[2,4],[3,-1],[-4,-4]],[[1643,784],[7,-2],[-1,-4],[-2,1],[-5,-4],[-4,2],[5,2],[-2,4],[2,1]],[[1626,800],[7,3],[0,-3],[-2,-1],[-5,1]],[[1705,1045],[-1,3]],[[1704,1048],[1,-3]],[[1702,1056],[0,-4],[2,-4]],[[1704,1048],[-3,3],[1,5]],[[1698,1051],[-3,4],[1,5],[-2,3]],[[1694,1063],[3,-3],[2,-5],[-1,-4]],[[1702,1056],[-3,1],[1,4],[-5,3],[1,3]],[[1696,1067],[1,-3],[2,0],[4,-5],[-1,-3]],[[1696,1067],[-2,4],[-2,-2],[2,-2],[0,-4]],[[1694,1063],[-5,8],[1,2],[-3,5],[1,5],[3,0],[2,-2],[3,-6],[-1,-4],[1,-4]],[[1700,1083],[3,0],[2,-6]],[[1705,1077],[-5,6]],[[1699,1087],[2,-2],[-1,-2]],[[1700,1083],[-1,4]],[[1699,1087],[-1,3]],[[1698,1090],[1,-3]],[[1697,1104],[3,-2],[1,-5],[5,-8],[4,-3],[1,-4],[2,-1],[3,-9],[2,-3],[-1,-5],[-5,3],[1,3],[-8,14],[-4,5],[0,3],[-3,2]],[[1698,1094],[-1,1]],[[1697,1095],[-2,4],[-9,0],[0,3],[5,1],[2,2],[4,-1]],[[1697,1095],[1,-1]],[[1698,1094],[0,-4]],[[1698,1090],[-4,4],[3,1]],[[1697,1104],[-3,4],[-5,12],[1,2],[-5,3],[3,3],[-3,6]],[[1685,1134],[1,-1],[3,-5],[0,-3],[2,-3],[0,-3],[2,-2],[0,-2],[3,-4],[-1,-3],[3,0],[-1,-4]],[[1723,1119],[4,-1],[3,-2],[-1,-2],[-8,2],[-2,3],[4,0]],[[1720,1150],[-2,2],[0,7],[4,0],[1,-4],[3,-2],[-1,-3],[-5,0]],[[1716,1167],[4,2],[2,-4],[-6,2]],[[1722,1175],[8,0],[-2,-3],[-3,0],[-2,2],[-7,1],[-2,1],[2,3],[6,-1],[0,-3]],[[1733,1220],[2,2]],[[1735,1222],[-2,-2]],[[1735,1222],[-2,-2]],[[1733,1220],[-6,-1],[0,3]],[[1727,1222],[-1,2]],[[1726,1224],[-1,0]],[[1725,1224],[7,0],[3,-2]],[[1725,1224],[1,0]],[[1726,1224],[1,-2]],[[1727,1222],[-2,2]],[[1763,1313],[-3,3],[0,2],[-4,6],[3,7],[5,-1],[3,-3],[-2,-11],[-2,-3]],[[1765,1321],[1,3],[-5,0],[0,-5],[2,-1],[2,3]],[[1770,1339],[-7,4],[-2,5],[2,2],[7,0],[3,-2],[0,-4],[-1,-6],[-2,1]],[[1782,1519],[0,-2],[-4,-2],[-4,0],[0,5],[2,1],[6,0],[0,-2]],[[1805,1600],[-2,-2],[-4,0],[-4,3],[2,7],[3,0],[3,-2],[2,-6]],[[1783,1608],[-2,3],[1,2],[5,0],[1,-2],[-3,-3],[-2,0]],[[1820,1797],[1,1]],[[1821,1798],[1,0]],[[1822,1798],[-2,-1]],[[1822,1798],[-1,0]],[[1821,1798],[-1,-1]],[[1820,1797],[2,1]],[[1885,2123],[1,0]],[[1886,2123],[0,-5],[-5,1],[0,2],[4,2]],[[1886,2123],[-1,0]],[[1885,2123],[-3,3],[4,0],[0,-3]],[[1890,2138],[-2,-2]],[[1888,2136],[2,2]],[[1907,2170],[3,0],[1,-2],[-1,-3],[-2,0],[1,5],[-2,0]],[[1907,2170],[-1,4],[-2,1],[2,7]],[[1906,2182],[1,-3],[-2,-3],[3,-3],[-1,-3]],[[1904,2183],[2,-1]],[[1906,2182],[-2,1]],[[1976,2431],[2,2]],[[1978,2433],[-2,-2]],[[1948,2437],[5,0],[6,-2],[9,-1]],[[1968,2434],[-12,0],[-3,1],[-7,0],[2,2]],[[1978,2433],[3,1],[2,2],[4,1],[3,0],[1,-3],[-9,0],[-1,-1],[-3,0]],[[2047,2825],[12,-3],[5,2],[4,-1],[-2,-3],[1,-5],[5,-2],[5,-1],[2,2],[4,-2],[24,-2],[6,-1]],[[2113,2809],[-1,0],[-33,3],[-8,0],[-4,3],[-5,0],[0,2],[-9,1],[-5,0],[0,2],[-5,1],[-5,-3],[-6,-2],[-7,1],[-4,5],[1,3],[-5,0],[-7,-3]],[[2010,2822],[-3,-2],[-3,0],[0,4],[-10,-1],[-1,-2],[-8,-1]],[[1985,2820],[-1,0]],[[1984,2820],[0,3],[4,-1],[6,3],[6,0],[11,0],[4,2],[6,-2],[6,0],[2,1],[8,-1],[10,0]],[[2047,2825],[0,1]],[[2047,2826],[0,-1]],[[2265,4105],[-3,0],[4,7],[2,-3],[-3,-4]],[[2267,4134],[-2,5]],[[2265,4139],[3,3],[1,6],[3,1],[1,2],[2,2],[4,-1],[4,2],[3,3],[4,0]],[[2290,4157],[-9,-5],[-5,-1],[-1,-3],[-3,-3],[-1,-3],[-4,-2],[0,-6]],[[2300,4166],[3,-1]],[[2303,4165],[-3,1]],[[2303,4164],[0,1]],[[2303,4165],[0,-1]],[[2296,4179],[2,5],[2,1],[2,8],[3,0],[1,7],[2,2],[3,0],[2,-3],[3,13],[2,1],[1,2],[4,5],[3,0],[-5,-23],[-2,-3],[1,-5],[4,-4],[-4,-3],[-3,-6],[2,-3],[-7,-2],[-6,1],[-2,1],[1,5],[4,2],[2,9],[-1,2],[-4,2],[-2,-5],[-2,-2],[0,-4],[-6,-3]],[[2329,4233],[-2,-9],[-2,2],[1,3],[-3,1],[0,4],[7,2],[-1,-3]],[[2323,4276],[-2,3],[6,0],[-1,-3],[-3,0]],[[2716,6705],[7,1],[4,-1],[1,-3],[2,0],[0,-3],[4,0],[3,-1],[7,0],[3,2],[0,6],[4,0],[0,-2],[4,-2],[-1,-7],[8,-1],[1,3],[4,0],[1,4],[-3,1],[1,3],[6,-3],[1,7],[6,0],[1,-3],[3,0],[-1,-2],[1,-2],[-2,-2],[2,-3],[-3,-1],[-1,-5],[1,-1]],[[2780,6690],[-5,1],[-2,-1],[-10,0],[-11,3],[-8,0],[0,-4],[2,-4],[-2,0],[-8,7],[-7,1],[0,2],[-2,3],[-7,3],[-2,-1],[-2,5]],[[2743,6706],[-1,4]],[[2742,6710],[2,-2],[-1,-2]],[[2750,6717],[-1,-2]],[[2749,6715],[-2,0],[-5,-5]],[[2742,6710],[0,3],[8,4]],[[2758,6718],[1,-2]],[[2759,6716],[-1,2]],[[2743,6717],[0,2],[-4,1]],[[2739,6720],[6,0],[-2,-3]],[[1569,396],[7,-1],[0,-1]],[[1576,394],[-1,0]],[[1575,394],[-4,0]],[[1571,394],[-2,2]],[[1569,397],[0,4],[-5,2],[1,4],[3,0],[3,-3],[8,-3],[4,-1],[2,-7],[-4,0],[-4,-5],[-7,1],[0,4]],[[1570,393],[1,1]],[[1571,394],[4,0]],[[1575,394],[1,0]],[[1576,394],[2,1]],[[1578,395],[0,5],[-7,0],[-2,-3]],[[1591,406],[4,-1],[-1,-7],[-4,0],[0,4],[-5,2],[-4,1],[-1,1],[11,0]],[[1669,722],[-5,-4],[-11,-4],[2,5],[3,2],[3,0],[4,2],[4,-1]],[[1670,806],[2,2]],[[1672,808],[-2,-2]],[[1682,828],[1,1]],[[1683,829],[3,0]],[[1686,829],[2,1],[3,-4],[-7,1],[-2,1]],[[1686,829],[-3,0]],[[1683,829],[-1,-1]],[[1682,828],[4,1]],[[1692,861],[3,2],[-7,1],[2,3],[4,0],[1,-3],[-3,-3]],[[1680,865],[1,2],[5,-1],[1,-2],[-7,1]],[[1675,872],[-2,-1]],[[1673,871],[2,1]],[[1673,871],[2,1]],[[1675,872],[-2,-1]],[[1699,883],[2,7]],[[1701,890],[-2,-7]],[[1712,932],[2,-2],[0,-2],[2,-1],[0,-3],[-5,0],[-2,3],[2,1],[1,4]],[[1704,1017],[1,-2],[-2,-7],[4,-8],[-1,-4],[1,-2],[7,-1],[2,2],[-3,6],[2,0],[4,-6],[-2,-7],[2,-1],[-1,-6],[1,-4],[-1,-3],[1,-5],[-8,1],[-2,9],[0,3],[-3,5],[3,5],[-4,2],[0,8],[-2,0],[-1,7],[2,8]],[[1709,983],[1,0],[0,-4],[4,-2],[3,0],[-2,5],[3,2],[-3,4],[1,4],[-5,0],[-1,-2],[-3,-3],[2,-4]],[[1704,1017],[-2,2]],[[1702,1019],[2,-2]],[[1761,1190],[-1,-1],[-5,1],[2,3],[5,-1],[-1,-2]],[[1752,1213],[-2,4],[2,1],[3,-5],[-3,0]],[[1766,1237],[-6,-1],[1,2],[5,-1]],[[1766,1237],[3,1]],[[1769,1238],[-3,-1]],[[1770,1238],[-1,0]],[[1769,1238],[1,0]],[[1772,1256],[-5,1],[0,3],[5,1],[2,2],[3,-2],[1,-5],[-3,-1],[-3,1]],[[1782,1276],[-2,-2],[-1,-6],[-4,2],[3,2],[2,5],[2,-1]],[[1789,1287],[-1,-5],[-6,0],[0,4],[2,2],[6,1],[0,3],[4,-1],[0,-2],[-5,-2]],[[1801,1343],[-5,-1],[2,3],[5,-1],[-2,-1]],[[1788,1393],[5,0],[1,-2],[-2,-1],[-4,3]],[[1789,1409],[-2,2],[1,4],[4,1],[5,-1],[0,-5],[-5,-1],[-3,0]],[[1791,1435],[-4,2],[2,6],[5,-4],[0,-3],[-3,-1]],[[1816,1579],[-1,4],[5,0],[0,-4],[-4,0]],[[1907,1875],[-6,1],[-1,5],[8,-4],[-1,-2]],[[2006,2444],[1,0]],[[2007,2444],[1,-3]],[[2008,2441],[-1,-2],[-4,-1],[-1,2],[2,4],[2,0]],[[2008,2447],[-1,-3]],[[2007,2444],[-1,0]],[[2006,2444],[2,3]],[[2015,2447],[3,6],[3,1],[-1,-5],[-5,-2]],[[2072,2816],[2,3],[4,0],[-1,-4],[-5,1]],[[2132,2937],[-7,1],[-6,-1],[0,-3],[-10,-1],[-5,1],[-1,2],[5,3],[6,-2],[3,3],[3,2],[1,7],[5,-1]],[[2126,2948],[-3,-2],[-1,-4],[1,-3],[5,1],[5,0],[-1,-3]],[[2103,2972],[0,-3]],[[2103,2969],[3,-2],[-2,-4],[2,-3],[-1,-4],[1,-3],[4,1],[1,4],[7,1]],[[2118,2959],[-5,-2],[0,-2],[11,-1],[3,-3],[-1,-3]],[[2126,2948],[-2,4],[-13,1],[-1,-2],[-8,1],[2,3],[-1,4],[-3,4],[-5,1],[-2,1],[1,4],[-1,3],[10,0]],[[2103,2968],[0,1]],[[2103,2969],[0,-1]],[[2121,2978],[4,0],[1,-2]],[[2126,2976],[-5,2]],[[2320,4139],[-2,-1],[-4,0]],[[2314,4138],[6,1]],[[2311,4164],[3,-1],[7,1],[1,-3],[-4,0],[-7,2],[0,1]],[[2316,4169],[5,3],[1,-3],[-6,0]],[[2380,4290],[-2,-2],[-8,0],[-7,-1],[-1,-2],[-9,0],[-2,-1],[-7,-1],[-8,-7],[-9,1],[6,3],[8,1],[2,3],[-10,0],[3,2],[5,-1],[12,1],[1,2],[5,1],[6,3],[6,-1],[2,-2],[7,1]],[[1613,391],[1,-4],[-3,1],[-2,2],[4,1]],[[1701,747],[-1,-1],[-9,-4],[-6,4],[1,2],[8,1],[3,2],[5,1],[-1,-5]],[[1721,799],[-2,-2],[-6,0],[2,2],[6,0]],[[1702,810],[-3,2],[0,3],[6,-2],[-3,-3]],[[1713,872],[-3,1],[-4,-1],[0,4],[7,-4]],[[1730,957],[1,-2],[2,-2],[0,-4],[-3,0],[-1,4],[1,4]],[[1738,993],[0,-6],[-2,0],[2,6]],[[1808,1347],[-3,4],[6,-1],[5,-3],[-1,-2],[-7,2]],[[1877,1702],[3,-1],[-1,-2],[-5,1],[3,2]],[[1930,1874],[3,0],[-1,-4],[-4,-1],[0,2],[2,3]],[[1925,1876],[1,-3],[-4,-1],[0,3],[3,1]],[[1919,1887],[1,0]],[[1920,1887],[-2,-1]],[[1918,1886],[1,1]],[[1920,1887],[-1,0]],[[1919,1887],[-1,-1]],[[1918,1886],[2,1]],[[1932,1893],[1,-2],[-3,-3],[-2,3],[0,9],[4,-1],[0,-6]],[[1925,1915],[-1,2],[4,1],[2,-3],[-1,-3],[-3,-1],[-1,4]],[[2016,2324],[-1,-1],[-8,0],[5,2],[4,-1]],[[2023,2358],[5,-2],[8,2],[3,-1],[-2,-4],[-1,-1],[-7,-1],[-6,4],[-7,4],[2,2],[5,0],[0,-3]],[[2016,2377],[0,-5],[2,-3]],[[2018,2369],[-3,1],[-1,5],[2,2]],[[2054,2477],[1,0]],[[2055,2477],[-1,0]],[[2054,2477],[-6,-1],[-4,-2],[-4,1],[-1,-3],[-4,-2],[2,7],[10,0],[4,2],[4,0],[0,-2]],[[2055,2477],[-1,0]],[[2059,2488],[8,1],[-1,-2]],[[2066,2487],[-5,-1],[-2,2]],[[2113,2809],[3,2]],[[2116,2811],[-3,-2]],[[2116,2868],[1,-4]],[[2117,2864],[-2,-9],[-5,-2],[-2,-5],[-2,4],[3,6],[-3,2],[-2,3],[6,0],[3,5],[3,0]],[[2141,2915],[3,1],[-1,3]],[[2143,2919],[2,0],[2,-3],[-6,-1]],[[2149,3016],[-1,-8],[-2,2],[2,3],[1,3]],[[2325,3890],[6,2],[-2,-5],[-4,0],[0,3]],[[2380,4290],[-7,1],[0,1],[14,0],[4,1],[2,-2],[12,-1],[4,0],[10,-1],[1,-4],[-4,-1],[-17,1],[-2,2],[-13,1],[-4,2]],[[2809,6718],[0,4],[4,0],[1,-4],[-2,-1],[-3,1]],[[1646,376],[1,0]],[[1647,376],[6,-1],[-4,-3],[-5,1],[2,3]],[[1647,376],[-1,0]],[[1646,376],[-3,1],[-1,2],[6,1],[-1,-4]],[[1639,388],[4,0],[0,-4],[-4,1],[0,3]],[[1668,386],[-1,1]],[[1667,387],[1,-1]],[[1667,387],[1,-1]],[[1668,386],[-1,1]],[[1647,400],[3,2],[1,-4],[-4,0],[0,2]],[[1769,953],[-3,0],[1,3],[3,2],[3,0],[-2,-6],[-2,1]],[[1857,1406],[-2,2],[2,4],[5,0],[3,-3],[-1,-4],[-2,0],[-5,1]],[[1919,1588],[2,6],[3,-1],[0,-3],[-5,-2]],[[2040,2300],[1,-1]],[[2041,2299],[-1,1]],[[2041,2299],[-1,1]],[[2040,2300],[1,-1]],[[2042,2359],[1,-1]],[[2043,2358],[-1,1]],[[2043,2358],[-1,1]],[[2042,2359],[1,-1]],[[2083,2371],[2,-5],[1,-7]],[[2086,2359],[-3,-1]],[[2083,2358],[-4,0]],[[2079,2358],[-3,0],[-2,-6],[7,-4],[5,1],[1,-3],[3,-1],[0,-5],[-13,3],[-7,0],[2,2],[0,5],[-5,1],[-2,1],[-6,0],[-1,6]],[[2058,2358],[-3,-4],[-7,-1],[-3,3],[2,5],[2,0],[10,0],[7,-2],[6,0],[6,1],[2,7]],[[2080,2367],[-4,4],[1,5],[5,1],[1,5],[-4,0],[0,2],[4,1],[3,-2],[0,-4],[-4,-2],[1,-6]],[[2086,2487],[-4,2],[-2,0],[-3,3],[6,-1],[3,-4]],[[2084,2505],[-2,-1],[-6,0],[-1,4],[1,4],[7,0],[2,-3],[-1,-4]],[[2084,2517],[2,0]],[[2086,2517],[-2,0]],[[2097,2524],[0,-2],[6,-1],[-2,-2],[-5,0],[-2,-3],[7,0],[1,3],[6,0],[2,-5],[0,-3],[-6,0],[-3,-1],[-3,3],[-12,2],[0,2]],[[2086,2517],[2,3],[9,4]],[[2100,2526],[1,-1]],[[2101,2525],[-4,-1]],[[2097,2524],[3,2]],[[2101,2525],[-1,1]],[[2100,2526],[1,-1]],[[2155,2885],[1,0]],[[2156,2885],[-1,0]],[[2154,2884],[2,1]],[[2156,2885],[-1,0]],[[2155,2885],[-1,-1]],[[2193,3042],[0,2],[4,1],[1,-3],[-2,-2],[-3,2]],[[2876,6720],[-8,-2],[-2,-3]],[[2866,6715],[-3,0],[-3,-9],[-3,0],[-3,-2],[-8,0],[-2,1],[-5,0],[-9,1],[-5,-2],[-3,-2],[-11,1],[-4,3],[-4,2],[-2,-2],[-5,0],[-3,-4],[-3,1],[0,3],[2,4],[5,0],[2,2],[3,-2],[7,-2]],[[2809,6708],[1,4]],[[2810,6712],[6,-1],[3,4],[5,2],[1,5],[10,-1],[1,6],[3,0],[-1,-3],[7,2],[4,-4],[12,-1],[1,-3],[10,2],[4,0]],[[1691,363],[-2,-2],[-4,3],[4,1],[2,-2]],[[1684,410],[6,0],[0,-2],[-6,2]],[[1783,851],[-1,-1],[-6,0],[-1,2],[8,-1]],[[1779,856],[4,1],[1,3],[4,0],[-1,-9],[-4,0]],[[1783,851],[-4,5]],[[1811,926],[0,-5],[-3,0],[1,3],[2,2]],[[1792,937],[2,3],[11,-1],[-2,-3],[-3,-1],[-4,0],[-4,2]],[[1803,945],[0,-1]],[[1803,944],[0,1]],[[1792,942],[-2,1],[3,4],[3,0],[-1,-4],[-3,-1]],[[1831,1062],[2,-7],[-8,0],[-2,3],[1,3],[7,1]],[[1819,1063],[3,-1],[-1,-5],[-6,2],[0,3],[4,1]],[[1831,1062],[-6,1],[0,2],[11,0],[-1,-2],[-4,-1]],[[1853,1183],[-5,0],[-1,4],[-4,2],[0,3],[4,-1],[3,4],[9,0],[4,-1],[1,-10],[-6,-2],[-5,1]],[[1868,1265],[-3,1]],[[1865,1266],[3,-1]],[[1868,1265],[-3,1]],[[1865,1266],[3,-1]],[[1956,1746],[-4,3],[4,1],[1,3],[3,-1],[-4,-6]],[[2083,2358],[3,1]],[[2086,2359],[-3,-1]],[[2121,2503],[3,2]],[[2124,2505],[-3,-2]],[[2121,2503],[3,2]],[[2124,2505],[-3,-2]],[[2111,2531],[1,0]],[[2112,2531],[1,0]],[[2113,2531],[-2,0]],[[2130,2534],[-2,-1],[-5,1],[-4,-1],[-4,-3],[-2,1]],[[2113,2531],[-1,0]],[[2112,2531],[0,1]],[[2112,2532],[-1,-1]],[[2111,2531],[-3,4],[11,0],[5,3]],[[2124,2538],[3,-3],[3,-1]],[[2141,2548],[1,0]],[[2142,2548],[1,-1]],[[2143,2547],[-2,1]],[[2149,2551],[-6,-4]],[[2143,2547],[-1,1]],[[2142,2548],[-1,0]],[[2141,2548],[2,3],[6,0]],[[2150,2669],[5,1],[-1,-2],[-4,1]],[[2159,2674],[-2,1],[-1,2]],[[2156,2677],[0,1]],[[2156,2678],[4,0]],[[2160,2678],[6,0]],[[2166,2678],[-1,-2],[-6,-2]],[[2156,2679],[0,-1]],[[2156,2678],[0,-1]],[[2156,2677],[-3,-3],[-4,0],[-4,5],[-1,2],[9,-1],[3,-1]],[[2160,2678],[0,1]],[[2160,2679],[0,-1]],[[2168,2679],[-2,-1]],[[2166,2678],[-2,2],[-4,-1]],[[2160,2679],[-4,0]],[[2156,2679],[0,3],[7,1],[5,-4]],[[2143,2685],[-1,-1]],[[2142,2684],[1,1]],[[2163,2688],[3,1],[7,0],[2,-1]],[[2175,2688],[2,-1]],[[2177,2687],[0,-3],[-3,0],[-10,-1],[-5,3],[4,2]],[[2146,2692],[-2,-2]],[[2144,2690],[-1,-2],[5,0],[-2,-3],[-6,2],[6,5]],[[2144,2690],[2,2]],[[2146,2692],[6,2],[0,-3],[3,-2],[-9,0],[-2,1]],[[2155,2694],[-2,1],[0,3],[4,-1]],[[2157,2697],[4,-1],[5,-5],[-6,0],[-2,4],[-3,-1]],[[2169,2702],[8,-1],[6,1],[11,0]],[[2194,2702],[-2,-3],[-4,2],[-4,1],[-5,-2],[-12,0],[-3,3],[-5,0],[0,-3],[4,0],[5,-2],[-1,-2],[-5,0],[-4,5],[1,6],[-1,3],[1,4]],[[2159,2714],[0,-4],[3,-1],[-3,-3],[1,-3],[9,-1]],[[2159,2714],[-2,2]],[[2157,2716],[2,-2]],[[2157,2716],[-2,2],[1,7],[2,0]],[[2158,2725],[-1,-9]],[[2161,2725],[-1,1]],[[2160,2726],[2,1]],[[2162,2727],[6,-3],[0,-1],[-5,0],[-2,2]],[[2183,2754],[0,-3],[1,-4],[-4,0],[0,3],[-1,3],[4,1]],[[2162,2727],[-2,-1]],[[2160,2726],[-2,-1]],[[2158,2725],[1,6],[-3,3],[2,5],[5,1],[2,2],[-3,5],[1,2],[0,4],[4,4],[1,4],[5,3],[0,3],[3,1],[1,4],[-2,2],[-2,5],[1,4],[3,1],[8,1],[0,4],[6,-1],[-1,-4],[2,-4],[-2,-6],[-4,-2],[-2,-13],[-3,-4],[-6,-2],[-8,2],[-2,-2],[0,-3],[3,-4],[-1,-4],[3,-3],[-1,-3],[-5,-3],[0,-5],[-2,-1]],[[2189,2756],[-1,1]],[[2188,2757],[0,2]],[[2188,2759],[1,-3]],[[2188,2759],[0,-2]],[[2188,2757],[1,-1]],[[2189,2756],[-1,3]],[[2166,2798],[-2,1]],[[2164,2799],[2,-1]],[[2506,4666],[-2,1]],[[2504,4667],[2,1]],[[2506,4668],[0,-2]],[[2732,5958],[-3,-1],[-2,3],[2,4],[3,-2],[0,-4]],[[2876,6720],[2,-2]],[[2878,6718],[-2,2]],[[2893,6720],[-6,-4],[-4,2],[-5,0]],[[2878,6718],[2,2],[6,-2],[1,5],[-2,2],[2,7]],[[2887,6732],[2,-2],[3,2],[4,0],[7,2]],[[2903,6734],[0,-1]],[[2903,6733],[-5,-1],[-3,-3],[-8,0],[0,-4],[1,-1],[0,-5],[5,1]],[[2876,6729],[0,3],[7,-1],[-1,-2],[-6,0]],[[2885,6740],[2,4],[4,0]],[[2891,6744],[-3,-1],[0,-5],[-3,2]],[[1863,979],[1,2]],[[1864,981],[-1,-2]],[[1874,979],[1,0]],[[1875,979],[1,1]],[[1876,980],[5,2],[10,-2],[-2,-3],[-5,2],[-11,-2],[1,2]],[[1876,980],[-1,-1]],[[1875,979],[-1,0]],[[1874,979],[-4,-1],[-1,3],[3,1],[4,-2]],[[1864,981],[-1,-2]],[[1863,979],[-8,2],[-1,2],[5,0],[-1,-2],[6,0]],[[1882,1017],[-7,0]],[[1875,1017],[9,2],[1,2],[4,0],[-3,-6],[-4,2]],[[1918,1239],[-4,3],[-1,-2],[-4,0],[-1,5],[10,0],[1,3],[3,0],[0,-5],[-4,0],[0,-4]],[[1941,1388],[7,-4],[-1,-4],[-7,1],[0,3],[5,2],[-4,2]],[[1951,1459],[-3,2],[-8,-1],[1,3],[8,-1],[2,-3]],[[2114,2326],[1,-1]],[[2115,2325],[0,-3],[-5,0],[-2,4],[6,0]],[[2155,2323],[-5,-1]],[[2150,2322],[5,1]],[[2115,2325],[-1,1]],[[2114,2326],[1,-1]],[[2160,2344],[0,-1]],[[2160,2343],[0,-8],[1,-1],[-4,-2],[-2,-5]],[[2155,2327],[-2,2],[-8,7],[0,3],[6,5],[5,1],[4,-1]],[[2177,2687],[2,1]],[[2179,2688],[-2,-1]],[[2179,2690],[1,0]],[[2180,2690],[-1,-2]],[[2179,2688],[0,2]],[[2180,2690],[-1,0]],[[2179,2690],[1,0]],[[2192,2686],[-2,2],[-5,2],[0,2],[3,2],[2,3],[6,-6],[-1,-3],[-3,-2]],[[2205,2700],[-2,-1]],[[2203,2699],[2,1]],[[2206,2701],[-5,3],[1,2],[5,-1],[2,-3],[-3,-1]],[[2210,2711],[-1,-1]],[[2209,2710],[1,1]],[[2201,2708],[-2,0],[-3,-5],[5,-1],[0,-1],[-7,1]],[[2194,2702],[2,2],[2,6],[4,2],[1,3],[0,3],[1,6],[5,0],[-4,-5],[8,0],[-2,-5],[7,-2]],[[2218,2712],[-2,-3],[-4,-1],[-2,3]],[[2210,2711],[0,1],[-6,2],[0,-2],[-5,-3],[2,-1]],[[2231,2723],[-5,-2],[-8,0],[0,2],[9,0],[4,0]],[[2527,4274],[5,1],[4,0],[-1,-2]],[[2535,4273],[-2,-2],[-7,-1],[3,-2]],[[2529,4268],[2,-3]],[[2531,4265],[-6,-1],[-1,-6],[-5,0],[-2,1],[-12,-1],[-2,-1],[-6,-1],[-2,-2],[-8,1],[-3,-2],[-5,3],[-3,4],[7,3],[1,3],[5,1],[13,-1],[1,3],[6,0],[2,-3],[4,1],[7,0],[3,1],[-5,3],[-6,1],[-3,-1],[-2,2],[-11,0]],[[2498,4273],[-1,0]],[[2497,4273],[-5,2],[2,2],[5,-2]],[[2499,4275],[15,-1],[-1,2],[-7,0],[-7,3],[2,2],[9,-1],[0,-2],[4,-1],[2,-3],[4,1],[7,-1]],[[2497,4273],[1,0]],[[2498,4273],[-1,0]],[[2478,4282],[3,1],[9,-1],[0,-2],[-5,-1],[-5,1],[-2,2]],[[2561,4666],[1,0]],[[2562,4666],[-1,0]],[[2562,4680],[5,3],[6,0],[7,2]],[[2580,4685],[-9,-3],[-3,0],[-6,-2]],[[2698,5518],[3,-2],[0,-2],[-8,2],[1,2],[-2,1],[0,4],[4,-1],[2,-4]],[[2900,6589],[1,-1],[-2,-12],[-1,0],[2,11],[0,2]],[[2895,6594],[5,-5]],[[2900,6589],[-4,2],[-1,3]],[[2894,6650],[1,1]],[[2895,6651],[-1,-1]],[[2922,6726],[-9,0],[1,3],[4,0],[1,-2],[3,-1]],[[1801,270],[-4,-1],[1,-3],[-3,0],[-4,2],[6,2],[4,0]],[[1861,695],[1,-1]],[[1862,694],[-1,1]],[[1862,694],[-1,1]],[[1861,695],[1,-1]],[[1904,822],[2,-2],[-2,-2],[3,-2],[0,-4],[-4,1],[-1,6],[-2,0],[1,4],[3,-1]],[[1904,822],[0,3],[-3,2],[8,4]],[[1909,831],[-3,-4],[-2,-5]],[[1896,835],[5,0],[0,-2],[-5,2]],[[1902,840],[2,0]],[[1904,840],[-2,0]],[[1907,852],[-4,1],[-4,-7]],[[1899,846],[-4,0],[-5,7],[5,0],[1,-2],[4,-1],[4,4],[3,-2]],[[1917,856],[-5,-2]],[[1912,854],[3,2]],[[1915,856],[2,0]],[[1917,856],[-2,0]],[[1915,856],[2,0]],[[1922,855],[5,5],[1,-2],[-6,-3]],[[1938,905],[1,-2],[5,0],[-2,-3],[-3,0],[-15,1],[1,4],[10,1],[3,-1]],[[1942,908],[0,-1]],[[1942,907],[-1,-1]],[[1941,906],[1,2]],[[1926,967],[0,-1]],[[1926,966],[2,-4],[-3,0],[-2,-3],[-3,-1],[1,4],[-2,3],[5,1],[2,1]],[[1926,966],[0,1]],[[1926,967],[-2,5],[6,0],[4,-2],[-5,-5],[-3,1]],[[2000,1164],[-1,-2],[-7,-1],[-6,0],[-1,2],[-7,2],[-11,0],[-1,2],[-3,0],[-2,1],[-10,2]],[[1951,1170],[1,2]],[[1952,1172],[-1,3]],[[1951,1175],[3,-2]],[[1954,1173],[4,-4],[11,-1],[0,-1],[12,-2],[2,-1],[8,0],[6,-1],[3,1]],[[1952,1172],[-1,-2]],[[1951,1170],[1,2]],[[1938,1171],[3,-2],[-6,-1],[3,3]],[[1949,1176],[2,-1]],[[1951,1175],[-12,0]],[[1939,1175],[4,2],[6,-1]],[[1949,1176],[-5,2]],[[1944,1178],[6,0],[2,2],[4,-2],[-2,-5]],[[1954,1173],[-1,3],[-4,0]],[[1944,1178],[-2,-1]],[[1942,1177],[2,1]],[[1974,1280],[3,1]],[[1977,1281],[7,-5],[2,1],[3,-3],[-4,-1],[0,2],[-5,0],[-1,3],[-5,2]],[[1974,1280],[3,1]],[[1977,1281],[-3,-1]],[[2003,1290],[-5,3]],[[1998,1293],[5,0],[0,-3]],[[1998,1293],[-9,2],[-3,-3],[-3,-1],[-6,0]],[[1977,1291],[5,1],[-4,2],[-1,1],[-6,1]],[[1971,1296],[4,1],[4,-1],[2,-3],[5,0],[1,4],[4,-2],[6,0],[1,-2]],[[1990,1407],[-5,0],[0,-4],[2,-1],[2,-6],[0,-4],[-3,1],[1,4],[-5,6],[1,7],[-4,1],[3,3],[3,0],[5,2],[-1,-5],[-2,-3],[3,-1]],[[2040,1481],[1,0]],[[2041,1481],[-1,0]],[[2041,1481],[-1,0]],[[2040,1481],[-6,3]],[[2034,1484],[-2,0],[-4,4],[0,2]],[[2028,1490],[2,-1]],[[2030,1489],[6,-3],[3,0],[2,-5]],[[2036,1485],[-2,-1]],[[2034,1484],[2,1]],[[2028,1490],[-9,3],[-1,4],[5,-2]],[[2023,1495],[-2,-2],[5,-1],[2,-2]],[[2155,2323],[3,0]],[[2158,2323],[-3,0]],[[2158,2323],[-3,4]],[[2155,2327],[5,0],[-2,-4]],[[2160,2343],[0,1]],[[2160,2344],[3,5],[1,3],[5,4],[3,-1]],[[2172,2355],[2,-1],[7,3],[6,3],[3,0],[1,-4],[-5,-1],[2,-3],[3,0],[3,-1],[5,-1],[-3,-2]],[[2196,2348],[-6,1],[-5,-1],[-4,1],[1,2]],[[2182,2351],[-4,-2],[-5,4],[-4,0],[-1,-5],[3,-2],[-1,-3],[-7,-2],[-3,2]],[[2197,2364],[-1,3],[4,-1],[0,-2],[-3,0]],[[2337,3172],[1,-2],[-1,-2],[-3,0],[-2,2],[-6,2],[4,2],[7,-2]],[[2337,3172],[0,3],[5,0],[0,-3],[4,-2],[4,0],[-2,-3],[-5,0],[0,3],[-2,2],[-4,0]],[[2615,4677],[3,0]],[[2618,4677],[1,-2],[-2,-4],[-17,-2],[-3,-2],[-4,-2],[-5,1],[-4,-4],[-6,-2],[-4,-4],[-9,1],[-5,0],[2,2],[5,1],[-1,3],[-7,0],[2,3]],[[2561,4666],[1,0]],[[2562,4666],[4,3],[4,1],[8,0],[8,1],[6,0],[7,5],[6,1],[8,-1],[2,1]],[[2615,4677],[0,2]],[[2615,4679],[0,-2]],[[2635,4739],[4,-1],[-4,-2],[0,3]],[[2779,5401],[-7,1]],[[2772,5402],[6,0],[1,-1]],[[2764,5403],[4,0]],[[2768,5403],[-4,0]],[[2772,5402],[-4,1]],[[2768,5403],[4,-1]],[[2764,5403],[-3,3]],[[2761,5406],[3,-3]],[[2747,5422],[-6,0],[1,3],[5,-1],[0,-2]],[[3010,6751],[-7,-5]],[[3003,6746],[-5,2]],[[2998,6748],[-1,3],[-4,1],[-5,-1],[-2,-3]],[[2986,6748],[5,1],[4,1],[0,-2]],[[2995,6748],[-3,-3],[3,-2],[-7,-1],[-1,-2]],[[2987,6740],[5,-1],[-2,-2],[-3,-1],[0,-4],[-3,-2],[-5,1],[0,-3],[-6,0],[0,-2],[-6,0],[-2,-2],[-9,-3],[-2,-2],[-8,1],[-5,-4],[-9,1],[-2,-2],[-3,0],[0,5],[-4,3],[-1,3]],[[2922,6726],[7,6],[-2,1],[-8,-2],[-2,3],[-2,1],[-10,-4],[-4,-2]],[[2901,6729],[3,2],[-1,2]],[[2903,6733],[0,1]],[[2903,6734],[2,9],[-7,0],[-1,-2]],[[2897,6741],[-3,0],[-3,3]],[[2891,6744],[1,2],[11,-1],[1,3],[5,2],[5,1],[8,-1],[0,-4]],[[2922,6746],[3,-3],[-1,-3],[-5,1],[1,-3],[4,-2],[6,1],[1,3],[1,6],[2,2],[7,-1],[4,7],[5,-2],[0,-3],[7,-5]],[[2957,6744],[8,1],[2,2],[9,1],[10,2],[4,2],[12,2],[0,-1],[8,-2]],[[2987,6740],[-2,1],[-3,-2],[5,-2],[0,3]],[[2922,6746],[-3,2],[-2,-1],[3,-3],[2,2]],[[2951,6737],[-5,-3]],[[2946,6734],[1,-2],[5,-2],[6,0],[2,10],[3,-1],[3,2],[-1,3],[-8,0]],[[2957,6744],[-2,-4],[-4,-3]],[[2908,6742],[-2,-4]],[[2906,6738],[1,-3],[4,1],[1,3],[3,2],[0,3],[-5,0],[-2,-2]],[[2931,6728],[-3,-3],[5,0],[4,2],[3,11],[-4,0],[-1,-3],[-3,-2],[-1,-5]],[[2998,6748],[-3,0]],[[2995,6748],[3,0]],[[1851,227],[-8,6],[-15,10],[3,0],[8,-7],[3,0],[5,-3],[5,-5],[-1,-1]],[[1940,607],[-6,0],[-3,3],[1,2],[9,0],[1,-3],[-2,-2]],[[1926,618],[5,0],[-1,-2],[-4,0],[0,2]],[[1960,784],[1,1]],[[1961,785],[-1,-1]],[[1960,784],[1,1]],[[1961,785],[-1,-1]],[[1944,857],[-5,1],[-6,-5],[-4,-1],[-7,3]],[[1922,855],[6,-1],[2,2],[5,1],[1,3],[8,-3]],[[1949,857],[-5,0]],[[1944,857],[4,2],[1,-2]],[[1942,907],[-1,-1]],[[1941,906],[1,1]],[[1942,914],[5,-1],[1,2],[5,-1],[0,-2],[-2,-4],[-6,2],[-3,-2]],[[1942,908],[-6,6],[2,2],[4,0],[0,-2]],[[1991,938],[2,-2],[-1,-4],[-3,-2],[-2,-5],[-3,-2],[2,-2],[6,-2],[-3,-1],[-2,-5],[7,-2],[-3,-6],[-3,-2],[-4,0],[1,-4],[-6,2],[-1,5],[5,0],[1,2],[-3,3],[4,1],[-1,4],[-2,1],[0,5],[-3,0],[6,4],[1,6],[5,6]],[[2000,1164],[3,3]],[[2003,1167],[-3,-3]],[[2227,2041],[-5,-1],[2,-3],[4,1],[6,-1],[4,-4],[-1,-2],[3,-3]],[[2240,2028],[-1,-1]],[[2239,2027],[-5,2],[0,6],[-8,2],[-5,-1],[-1,2],[-4,1],[-2,2],[-6,0],[-1,0],[-7,0],[1,2],[6,-1],[0,2],[13,-1],[5,0],[2,-2]],[[2317,2637],[1,-1]],[[2318,2636],[-1,1]],[[2328,2704],[1,0],[-1,-6],[-2,0],[4,-8],[2,-1],[-3,-6],[-4,-3],[2,-2],[-3,-2],[-9,5],[1,5],[5,3],[2,8],[3,2],[2,5]],[[2328,2704],[-3,4],[3,0],[0,-4]],[[2372,2793],[5,1],[1,-3],[-6,2]],[[2436,3143],[-2,-2]],[[2434,3141],[2,0]],[[2436,3141],[-1,-2],[-4,-1],[-1,-4]],[[2430,3134],[-2,-3],[-1,-5],[4,0],[8,1],[1,-3],[6,-3],[2,-3],[3,-1],[4,-10],[-1,-4],[2,-1],[0,7],[4,-7],[-1,-5],[5,0],[1,-3],[-4,-3],[2,-2],[5,0]],[[2468,3089],[-3,-2],[-5,1],[-2,4],[-3,-1],[-5,0],[-2,2],[7,2],[-1,5],[-9,0],[-1,2],[-4,2],[-4,4],[-4,6],[0,3],[3,3],[-3,2],[-2,-2],[-9,4],[0,5],[1,1],[-2,4],[0,3],[6,4],[0,3],[4,4],[6,-5]],[[2404,3140],[4,0],[0,-3],[-3,-1],[-1,4]],[[2436,3141],[0,2]],[[2436,3143],[0,-2]],[[2393,3156],[-6,-7],[-7,1],[0,4],[-4,0],[-2,-3],[-6,-3],[-5,1],[2,7],[-1,2]],[[2364,3158],[8,-2],[5,2],[2,0],[4,3],[5,2],[2,-2],[-3,-4],[-7,0],[2,-4],[8,4],[3,-1]],[[2393,3156],[-5,0],[-1,-3],[6,3]],[[2741,4978],[-5,0],[2,4],[3,-1],[0,-3]],[[2780,5037],[0,-1]],[[2780,5036],[1,0]],[[2781,5036],[-6,-1],[-6,1],[-4,-2],[3,-4],[-4,-3],[-10,1],[-2,-1],[-5,1],[-4,2],[-3,3],[0,4],[9,-7],[6,1],[1,-2],[8,0],[-6,7],[-5,3],[3,1],[7,-1],[1,-2],[7,0],[3,1],[5,0],[1,-1]],[[2834,5386],[-2,0],[-12,1],[-5,-1],[-11,1],[-14,3],[3,0],[2,-1],[8,0],[4,-2],[8,0],[7,0],[12,-1]],[[2962,6198],[6,0],[5,1],[7,-1],[0,-1],[-9,1],[-8,-1],[-1,1]],[[2962,6198],[-5,1]],[[2957,6199],[5,-1]],[[3016,6744],[-1,-1],[-4,-1],[-10,1],[2,3]],[[3003,6746],[1,1],[6,-1],[2,-2],[4,0]],[[3019,6745],[-3,-1]],[[3016,6744],[3,1]],[[3019,6745],[0,2]],[[3019,6747],[0,-2]],[[3016,6750],[0,-3],[3,0]],[[3019,6747],[-6,0],[3,3]],[[3007,6757],[0,1],[3,2],[6,0]],[[3016,6760],[-6,-2],[-3,-1]],[[3019,6757],[1,4],[4,1],[4,4],[4,-1],[-1,-2],[-6,-3],[0,-2],[-2,-1],[-3,-4],[-3,3],[2,1]],[[3060,6777],[7,2],[2,-2],[1,-4],[2,-1],[4,2]],[[3076,6774],[7,-1],[1,-2]],[[3084,6771],[-10,2],[-1,-1],[-4,0],[2,-3],[2,-1],[-11,-2],[0,-3],[5,-3],[1,-3],[0,-5],[-3,-2],[-3,-5],[-4,-2],[-4,0],[-9,-3],[-5,0],[-6,-1],[-4,3],[2,2],[-8,1],[4,2],[3,-1],[1,5],[-3,0],[-2,-1],[-3,2]],[[3024,6752],[4,0],[0,6],[2,0]],[[3030,6758],[3,1],[0,6],[2,6]],[[3035,6771],[2,-1],[5,-1]],[[3042,6769],[2,-3],[4,3],[-1,3]],[[3047,6772],[0,2],[5,2],[0,-2],[6,-3],[3,3],[-1,3]],[[3030,6758],[-1,-5],[3,0],[1,3],[-3,2]],[[3016,6760],[0,3],[5,1],[8,6],[6,1]],[[3035,6771],[-4,-1],[-4,-3],[-1,-2],[-7,-2],[-3,-3]],[[3047,6772],[-5,-3]],[[3042,6769],[5,3]],[[3068,6799],[-4,0],[0,4],[4,-4]],[[1911,165],[0,-3],[-4,0],[1,4],[3,-1]],[[1906,242],[4,-1],[-1,-2],[-6,1],[3,2]],[[2040,839],[2,0]],[[2042,839],[-2,0]],[[2042,839],[-2,0]],[[2040,839],[2,0]],[[2239,2027],[1,1]],[[2240,2028],[7,-1],[0,2],[7,1]],[[2254,2030],[4,-1]],[[2258,2029],[4,-7],[0,-4],[5,-2]],[[2267,2016],[5,-2],[4,-4],[0,-8],[1,0],[-1,-7],[-3,-2]],[[2273,1993],[-1,-2]],[[2272,1991],[-3,0]],[[2269,1991],[-1,0]],[[2268,1991],[-1,1]],[[2267,1992],[2,3],[1,4],[3,3],[1,4],[-2,1],[-8,2],[0,1]],[[2264,2010],[-2,3],[-6,2],[-2,9],[-8,1],[0,1],[-7,1]],[[2258,2029],[1,2]],[[2259,2031],[-1,-2]],[[2259,2039],[-3,0],[-5,3],[-8,1],[-8,7],[0,6],[4,3],[8,0],[3,-2],[7,0],[4,-3],[3,-5],[5,4],[1,4],[5,4],[5,2],[2,-3],[-4,-2],[-1,-5],[-6,-1],[-3,-3],[-3,0],[0,-5],[-3,-4],[-3,-1]],[[2295,2090],[-1,-2],[4,-3]],[[2298,2085],[-5,2],[-1,3],[-4,4],[-2,5],[4,0],[-1,-4],[6,-5]],[[2289,2107],[-4,0]],[[2285,2107],[4,0]],[[2287,2108],[-2,-1]],[[2285,2107],[2,1]],[[2292,2109],[-3,-2]],[[2289,2107],[1,2]],[[2290,2109],[-1,1]],[[2289,2110],[2,0]],[[2291,2110],[1,-1]],[[2289,2110],[1,-1]],[[2290,2109],[-1,-2]],[[2289,2107],[-2,1]],[[2287,2108],[2,2]],[[2302,2113],[-6,-3],[-4,-1]],[[2292,2109],[-1,1]],[[2291,2110],[-1,1],[6,3],[3,2],[0,4]],[[2299,2120],[1,-1],[2,-6]],[[2299,2138],[1,1]],[[2300,2139],[-1,-1]],[[2300,2139],[-1,-1]],[[2299,2138],[1,1]],[[2335,2564],[1,2]],[[2336,2566],[-1,-2]],[[2336,2566],[2,3],[2,2]],[[2340,2571],[1,-3],[-5,-2]],[[2376,2658],[4,-1],[3,-2],[-1,-4],[-6,1],[-4,3],[0,2],[4,1]],[[2393,2510],[5,-9],[3,-3],[4,-5],[7,-4],[10,0],[1,-4],[-7,-1],[-6,-3],[0,-1]],[[2410,2480],[-2,0],[-6,-5],[-7,-1]],[[2395,2474],[-1,6],[4,3],[2,7],[-1,3],[-5,-4],[1,-2]],[[2395,2487],[-1,-2],[-4,-1]],[[2390,2484],[-1,-1]],[[2389,2483],[-6,-3],[-5,1],[-2,2],[0,3],[-2,2],[1,4],[2,10],[3,1],[-2,2],[1,3],[7,4],[0,3],[-4,3],[-5,2],[-7,5],[1,7],[-3,3],[1,5],[-1,1],[0,7],[-3,2],[1,4],[-3,3],[0,2],[-5,3],[-9,7],[-1,0],[-5,5],[1,6],[1,1],[9,2],[1,5],[-8,7],[-4,4],[3,5],[7,2],[3,3],[0,2],[-6,8],[-8,5],[-9,4],[-4,5],[-5,0],[-6,3]],[[2318,2636],[-1,1]],[[2317,2637],[-2,2]],[[2315,2639],[-1,8],[-3,1],[-1,3],[1,8],[2,7],[6,3],[5,2],[3,-2],[5,-4],[2,-6],[7,0],[5,-2],[4,1],[1,4],[2,3],[5,3],[6,1],[10,-2],[7,2],[4,-1],[8,2],[5,3],[0,2],[13,7],[0,4],[5,2],[0,8],[5,2],[2,3],[3,-2],[-4,-2]],[[2422,2697],[-2,-2],[-1,-8],[-2,-1],[0,-5],[-2,-8],[-3,-4],[-4,-2],[-7,-1],[-10,1],[-5,-1],[3,-2],[8,-1],[-1,-3]],[[2396,2660],[-1,-1]],[[2395,2659],[-1,0]],[[2394,2659],[-5,-2],[-5,1],[-6,4],[1,5],[-6,-1],[-2,-6],[-6,-5],[-8,0],[-7,0],[-3,-2],[-2,-9],[-4,-4],[-1,-5],[2,-1],[-2,-7],[1,-2],[9,-3],[4,-1],[10,-3],[0,-3],[3,0],[-1,-4],[-3,-4],[-2,-10],[-2,-5],[2,-1],[-2,-7],[2,-1],[0,-9],[3,-8],[1,-3],[3,-3],[12,-5],[7,-5],[1,-4],[3,-3],[2,-5],[-2,-10],[1,-4],[2,-1],[1,-4],[-2,-9]],[[2394,2659],[1,0]],[[2395,2659],[1,1]],[[2396,2660],[-2,-1]],[[2445,3135],[-10,0],[2,2],[4,-1],[0,4],[3,0],[1,-5]],[[2781,5036],[-1,0]],[[2780,5036],[0,1]],[[2780,5037],[6,0],[4,-2],[-1,-5],[-8,6]],[[2873,5378],[5,-1],[4,2],[4,0],[2,-2]],[[2888,5377],[-6,2],[-3,-2],[-6,0],[0,1]],[[2873,5378],[-3,1],[-4,3],[-4,2],[-3,-1],[-7,1]],[[2852,5384],[11,0],[5,-2],[5,-4]],[[2852,5384],[-3,2]],[[2849,5386],[3,-2]],[[2844,5389],[5,-3]],[[2849,5386],[-5,3]],[[2906,5545],[6,0],[-1,-2],[-4,0],[-1,2]],[[2904,5547],[1,3],[4,0],[2,-3],[-7,0]],[[3082,6801],[3,-1],[-4,-2],[1,3]],[[3083,6803],[-1,-2]],[[3082,6801],[1,2]],[[3150,6824],[0,2],[-4,0],[-4,3],[-6,-2],[9,-1],[4,-4]],[[3149,6822],[-3,1],[-2,3],[-4,0],[-2,-4]],[[3138,6822],[0,-4],[6,0],[3,-3],[6,0]],[[3153,6815],[-4,-1],[-7,-3],[2,-4],[3,-2],[-1,-3],[-6,-4],[-3,-4],[-10,0],[-3,-2],[0,-2],[-12,-3],[-6,-2],[-4,1],[-5,2],[0,-3],[-5,0],[-2,-2],[-8,0],[-3,-3],[-2,1],[-1,-7]],[[3076,6774],[-1,3],[-4,6],[5,2],[0,2]],[[3076,6787],[-4,-1],[-5,0],[-1,2]],[[3066,6788],[-6,0],[1,-3],[3,0],[-2,-5],[-2,-3]],[[3060,6777],[-3,0]],[[3057,6777],[-4,3],[3,2]],[[3056,6782],[3,8],[4,4],[7,1],[-3,3],[1,1]],[[3068,6799],[3,2],[6,-2],[1,-5],[1,-1],[0,-5],[5,1],[3,2],[12,3],[2,4],[-4,3],[-4,1],[1,4],[3,0],[2,-5],[6,-5],[0,3],[3,1],[2,-3],[5,0],[6,1],[1,4],[5,-1],[2,3],[4,3],[-1,2],[1,4],[1,0],[1,8],[-2,6],[-4,0],[-5,6],[7,0],[2,3],[7,1],[4,-2]],[[3144,6835],[5,3],[3,0],[-3,-5],[-5,-2],[2,-4],[5,0],[-1,-3]],[[3066,6788],[4,-1],[1,2],[-3,3],[-4,-2],[2,-2]],[[3141,6833],[-4,1],[0,-3],[3,-1],[1,3]],[[3138,6814],[6,-1],[1,3],[-5,0],[-2,-2]],[[3136,6804],[-1,-2],[2,-3],[3,3],[-4,2]],[[3088,6786],[-5,1],[2,-3],[3,2]],[[3103,6812],[-2,0],[-5,-3],[-3,-1],[-1,2],[5,2],[2,1],[4,-1]],[[3111,6814],[6,2],[2,0],[0,-4],[-4,2],[-4,0]],[[3111,6826],[1,2]],[[3112,6828],[-1,-2]],[[3111,6828],[-4,-1]],[[3107,6827],[4,1]],[[3112,6828],[-1,0]],[[3111,6828],[1,0]],[[3113,6836],[1,1]],[[3114,6837],[-1,-1]],[[3114,6837],[-1,-1]],[[3113,6836],[-6,3],[3,4],[3,-1],[-2,-3],[3,-2]],[[1960,208],[1,1]],[[1961,209],[-1,-1]],[[1966,208],[-5,1]],[[1961,209],[-1,-1]],[[1960,208],[-3,1],[-1,5],[6,-2],[4,-4]],[[1998,487],[3,3],[3,-1],[-1,-4],[-3,0],[-2,-2],[-3,0],[3,4]],[[2042,799],[1,1],[-6,4],[7,1],[1,-2],[-3,-4]],[[2076,841],[12,0],[1,-2],[-8,0],[-5,2]],[[2058,848],[1,1]],[[2059,849],[4,-1]],[[2063,848],[-5,0]],[[2059,849],[-1,-1]],[[2058,848],[1,1]],[[2112,1111],[-6,-2],[-3,2],[0,5],[3,1],[7,-5],[-1,-1]],[[2120,1129],[-2,-1],[-7,1],[1,1],[8,-1]],[[2126,1131],[-6,0],[0,1],[4,1],[2,-2]],[[2132,1166],[-1,-3],[6,0],[0,-2],[6,-1],[-3,-3],[4,-5],[-2,-4],[-11,1],[0,3],[-9,1],[-4,0],[1,6],[-2,3],[5,2],[4,0],[0,2],[4,1],[2,-1]],[[2135,1155],[1,1],[-6,2],[0,-2],[5,-1]],[[2279,1969],[1,2],[-4,2],[-3,4],[-7,1],[-1,9],[-2,2]],[[2263,1989],[4,3]],[[2267,1992],[1,-1]],[[2268,1991],[1,0]],[[2269,1991],[3,0]],[[2272,1991],[1,2]],[[2273,1993],[2,-3],[-3,-4],[-3,0],[-1,-5],[11,-6],[3,-2],[5,0],[1,1],[7,-1],[6,2],[0,2],[5,3],[4,-1],[5,-1],[-1,-5],[-7,-4],[0,-4],[-3,-2],[-4,1],[-4,2],[0,4],[-6,-1],[-4,2],[-3,-2],[-4,0]],[[2289,2061],[1,2],[10,2],[4,1]],[[2304,2066],[1,-1]],[[2305,2065],[-3,-1],[-7,-2],[-3,1],[-3,-2]],[[2315,2069],[5,-1],[2,-3]],[[2322,2065],[4,1]],[[2326,2066],[1,0]],[[2327,2066],[11,-1],[1,-1]],[[2339,2064],[-2,-1],[-7,2],[-1,-3],[-3,-1],[-7,0],[-6,2],[-8,2]],[[2305,2065],[8,0],[1,1]],[[2314,2066],[1,3]],[[2327,2066],[-1,0]],[[2326,2066],[1,0]],[[2324,2070],[1,0]],[[2325,2070],[-1,0]],[[2315,2069],[-1,-3]],[[2314,2066],[-6,2],[0,2],[7,-1]],[[2328,2071],[-3,-1]],[[2325,2070],[-1,0]],[[2324,2070],[-1,4],[6,-1],[-1,-2]],[[2304,2084],[-1,-3]],[[2303,2081],[-2,2]],[[2301,2083],[3,1]],[[2301,2083],[-3,2]],[[2298,2085],[5,1],[1,-2]],[[2304,2084],[-3,-1]],[[2313,2150],[3,-1],[0,-3],[-6,-2],[-2,1],[-2,4],[3,2],[4,-1]],[[2331,2160],[1,-5],[-6,-3],[-7,1]],[[2319,2153],[2,2],[1,3],[3,1],[0,3],[6,-2]],[[2331,2160],[0,1]],[[2331,2161],[1,2]],[[2332,2163],[1,0]],[[2333,2163],[5,0],[-1,-3],[-6,0]],[[2342,2169],[0,1]],[[2342,2170],[0,-1]],[[2342,2170],[0,-1]],[[2342,2169],[-7,1],[0,-3],[-2,-4]],[[2333,2163],[-1,0]],[[2332,2163],[-1,-2]],[[2331,2161],[-3,2],[-2,3],[3,1],[1,5],[4,3],[3,1],[2,3],[4,4],[4,0],[2,-4],[-5,-6],[-2,-3]],[[2347,2197],[0,-1]],[[2347,2196],[-2,-2],[-4,-1],[0,-2],[3,-2],[-1,-6],[-7,2],[-1,1],[0,4],[2,2],[0,3],[8,5],[2,-3]],[[2395,2474],[-2,-1],[3,-4],[10,-3],[2,-2],[2,-5],[1,-5],[-2,-6],[-2,-2],[-4,-2],[-6,0],[-4,10],[-3,4],[1,2],[1,6],[2,3],[-2,3],[3,2]],[[2387,2471],[-1,0]],[[2386,2471],[1,0]],[[2387,2471],[-1,0]],[[2386,2471],[1,0]],[[2376,2478],[0,-3]],[[2376,2475],[0,3]],[[2376,2478],[1,2],[5,-2],[-3,-1],[-3,1]],[[2389,2483],[1,1]],[[2390,2484],[-1,-1]],[[2416,2665],[-3,-3],[-11,1],[3,1],[7,2],[4,-1]],[[2485,2992],[1,1]],[[2486,2993],[-1,-1]],[[2486,2993],[-1,-1]],[[2485,2992],[1,1]],[[2797,5022],[0,1],[-8,1],[1,2],[5,-2],[12,0],[1,-2],[6,0],[6,-1],[6,0],[9,-1],[16,-1],[1,1],[8,1],[12,-1],[-4,-2],[-7,0],[-7,-3],[-12,1],[-6,-1],[-13,1],[-6,3],[-11,1],[-5,0],[-4,-2],[-12,1],[-6,2],[-3,3],[6,-1],[4,-2],[9,-1],[2,2]],[[2890,5403],[1,-2],[-6,0],[2,3],[3,-1]],[[2893,5404],[-3,-1]],[[2890,5403],[3,1]],[[2914,5424],[2,-4],[-6,2],[4,2]],[[3112,6809],[3,1],[3,0],[2,-4],[-5,3],[-3,0]],[[3122,6813],[6,-1],[0,-3],[-5,0],[-1,4]],[[3157,6815],[-4,0]],[[3153,6815],[4,0]],[[3149,6822],[1,2]],[[3150,6824],[-1,-2]],[[3128,6822],[-2,2],[-3,0],[0,3],[4,0],[1,-5]],[[3129,6840],[2,3],[7,-1],[-4,-2],[-5,0]],[[1941,171],[5,2],[4,-2]],[[1950,171],[7,0],[8,-5],[4,2],[2,3],[6,-1],[0,-3],[-5,-4],[-3,1],[-5,-1],[-3,-2]],[[1961,161],[10,-1],[2,2],[5,0],[2,-2],[-8,-2],[-11,-1],[-12,1],[-1,4],[3,0],[1,3],[-4,1],[-1,4],[-6,1]],[[1985,170],[1,-2]],[[1986,168],[-3,-3],[-2,1],[4,4]],[[1988,166],[-2,2]],[[1986,168],[2,-2]],[[2003,170],[-4,0]],[[1999,170],[-3,-4]],[[1996,166],[-4,2],[0,4],[-6,1],[8,3],[6,-1],[-1,-3],[4,-2]],[[1975,189],[2,-1],[3,3],[4,0],[-2,-6],[-7,1],[0,3]],[[1974,195],[0,-2],[-4,-2],[-1,-4],[-10,-1],[-4,3],[1,3],[4,0],[1,-3],[4,-1],[2,1],[2,6],[5,0]],[[1993,192],[6,0],[1,5],[4,-2],[-1,-5],[5,0],[3,-4],[-7,1],[-12,3],[1,2]],[[1985,198],[-1,0]],[[1984,198],[1,0]],[[1985,198],[-1,0]],[[1984,198],[-2,7],[8,3],[9,-2],[0,-3],[-8,0],[0,-2],[2,-2],[0,-2],[-8,1]],[[2299,1764],[-4,0],[1,3],[3,0],[0,-3]],[[2336,1891],[3,-5],[-4,1],[1,4]],[[2339,2064],[-1,2],[10,-1],[0,1]],[[2348,2066],[6,-1],[6,-1],[1,1],[4,0],[0,-3],[2,-2],[-1,-3],[-6,3],[-9,2],[-9,0],[-3,2]],[[2348,2066],[-3,2]],[[2345,2068],[3,-2]],[[2370,2153],[1,-1]],[[2371,2152],[4,-2]],[[2375,2150],[-8,-3],[-5,-2],[-4,0]],[[2358,2145],[1,3]],[[2359,2148],[-3,1],[-2,2],[-3,1],[-4,0],[-7,1],[0,5],[5,3],[4,0],[4,-4],[4,-1],[0,-3],[4,0],[2,2],[3,0],[1,-4],[3,2]],[[2371,2152],[-1,1]],[[2370,2153],[1,-1]],[[2352,2176],[2,-2]],[[2354,2174],[-2,2]],[[2362,2181],[-5,1],[-1,-5],[-4,-1]],[[2352,2176],[-2,4],[2,2],[3,1],[2,3],[0,2],[5,0],[2,-2],[4,-1],[-1,-4],[-5,0]],[[2347,2196],[0,1]],[[2347,2197],[2,5],[-1,3],[7,1],[2,2]],[[2357,2208],[5,-2]],[[2362,2206],[5,-5],[-6,0],[-4,-3],[-1,-3],[-3,-1],[-6,2]],[[2370,2213],[0,-1]],[[2370,2212],[0,1]],[[2370,2212],[0,1]],[[2370,2213],[0,-1]],[[2416,2380],[-3,2],[1,2],[7,-1],[-5,-3]],[[2402,2407],[3,-1],[-2,-2],[-4,0],[3,3]],[[2406,2407],[-4,0]],[[2402,2407],[4,0]],[[2406,2407],[2,1]],[[2408,2408],[-2,-1]],[[2421,2423],[1,-1]],[[2422,2422],[-1,1]],[[2422,2422],[-1,1]],[[2421,2423],[1,-1]],[[2400,2427],[4,-2]],[[2404,2425],[-4,2]],[[2400,2427],[0,1]],[[2400,2428],[0,-1]],[[2427,2440],[1,-1],[-1,-4],[-2,0],[-2,3],[4,2]],[[2474,2675],[1,-3],[-1,-4],[-4,2],[-5,7],[3,2],[6,-4]],[[2560,3169],[8,0],[-4,-2],[-4,2]],[[2617,3396],[-4,-2],[-8,1],[-7,0],[0,3],[-13,1],[-4,1],[3,3],[5,-2],[1,4],[5,-1],[2,-1],[5,0],[6,0],[-3,-3],[2,-2],[6,-1],[2,3],[3,-1],[2,5],[4,2],[5,0],[6,2],[3,-1],[1,-4],[-6,-1],[-5,0],[-4,-1],[-3,-4],[-4,-1]],[[2609,3407],[4,-1],[0,-2],[-4,0],[0,3]],[[2763,4305],[-2,-3],[11,-1],[-4,-4],[-4,3],[-8,2],[0,2],[4,3],[3,-2]],[[2819,4712],[-3,0],[0,3],[7,0],[-1,-4],[-3,1]],[[2904,5021],[-5,-1],[1,5],[4,0],[0,-4]],[[3019,5798],[1,3],[2,1],[3,-3],[-1,-3],[-3,1],[-2,1]],[[3184,6864],[-3,-5],[-4,4],[2,4],[7,2],[0,-2],[-2,-3]],[[2044,149],[1,1]],[[2045,150],[-1,-1]],[[2017,152],[5,-1],[8,2],[0,-4],[-10,1],[-3,2]],[[2045,150],[-1,-1]],[[2044,149],[1,1]],[[2005,156],[0,-1]],[[2005,155],[0,1]],[[2005,155],[0,1]],[[2005,156],[0,-1]],[[1996,166],[3,0],[2,2]],[[2001,168],[2,-3],[-4,0],[-3,1]],[[2030,166],[-2,-1]],[[2028,165],[-3,1],[-4,-5],[-3,1],[1,4],[5,0],[1,2],[5,-2]],[[2028,165],[2,1]],[[2030,166],[8,0],[4,2],[9,-8],[-4,1],[-3,3],[-6,0],[-10,0],[0,1]],[[2003,170],[-2,-2]],[[2001,168],[-2,2]],[[1999,170],[4,0]],[[2368,1804],[3,2],[5,0],[-4,-3],[-4,1]],[[2351,1853],[0,-2]],[[2351,1851],[0,2]],[[2338,1865],[-1,3]],[[2337,1868],[1,-3]],[[2337,1868],[-3,2],[4,7],[-1,3],[4,0],[0,-4],[-6,-4],[2,-1],[0,-3]],[[2409,2074],[1,-3],[-7,2],[1,2],[5,-1]],[[2423,2084],[-1,-1]],[[2422,2083],[-7,-2],[-7,1],[-5,-2],[0,-2],[3,-2],[-4,-2],[-4,2],[-6,-3]],[[2392,2073],[-4,-1],[0,-3],[-3,-1],[-4,1],[1,4],[4,1],[3,4],[6,4],[2,3]],[[2397,2085],[1,-1]],[[2398,2084],[0,-1]],[[2398,2083],[8,1],[8,2]],[[2414,2086],[1,-1],[8,-1]],[[2398,2083],[0,1]],[[2398,2084],[-1,1]],[[2397,2085],[1,-2]],[[2422,2083],[1,1]],[[2423,2084],[-1,-1]],[[2462,2425],[-2,0],[-2,-6]],[[2458,2419],[-2,-2],[-2,-3],[-4,0]],[[2450,2414],[-3,0],[-1,2],[2,5],[-1,3],[-7,1],[1,6],[2,1],[2,-3],[3,0],[1,6],[4,4],[3,-2],[5,0],[2,-5],[-1,-7]],[[2482,2425],[4,3],[-1,-8],[-6,1],[3,4]],[[2475,2447],[3,-1],[-1,-4],[-4,1],[-1,3],[3,1]],[[2485,2636],[1,-3],[6,-1],[1,-3],[-5,0],[-6,4],[3,3]],[[2484,2653],[-1,-2],[6,-1],[-1,-4],[-4,-1],[-3,4],[3,4]],[[2498,2688],[-4,2],[-4,3],[-7,0],[-1,-5],[-4,-3],[-4,-1],[-8,2],[0,2],[-3,3],[-1,6],[-4,4],[9,-1],[0,3],[7,-1],[2,-2],[7,-4],[1,1],[7,-1],[2,-1],[7,0],[12,3],[5,0],[4,1],[8,1],[10,2],[6,2],[6,0],[-3,-2],[-5,0],[-5,-2],[-1,-3],[-14,-3],[-6,0],[-9,0],[-5,-3],[-5,-1],[0,-2]],[[2609,3146],[4,0],[0,-3],[-4,-1],[0,4]],[[2603,3143],[1,3],[-6,-1],[2,3],[7,-3],[-4,-2]],[[2607,3159],[-4,-2],[-3,0],[-3,5],[0,4],[3,3],[-1,4],[4,4],[5,-1],[-7,-5],[6,-2],[2,-3],[-1,-6],[-1,-1]],[[2647,3373],[-6,-1],[-2,-3],[-4,2],[-2,4],[0,8],[4,-1],[3,-2],[8,-1],[2,-3],[5,-1],[-4,-4],[-4,-1],[-6,0],[6,3]],[[2651,3400],[0,4],[3,1],[0,-5],[-3,0]],[[2786,4293],[-5,0],[3,4],[6,-1],[-2,-3],[-2,0]],[[2789,4298],[0,2],[-4,2],[1,2],[8,2],[11,-1],[-1,-5],[-6,-4],[-7,1],[-2,1]],[[2830,4312],[5,-3]],[[2835,4309],[-2,-1],[-3,0],[-3,4],[3,0]],[[2881,4717],[2,2],[3,1],[2,2],[4,-1],[5,0],[0,-2],[-10,1],[-1,-2],[-5,-1]],[[2998,5330],[1,-3]],[[2999,5327],[-1,3]],[[2995,5333],[3,-3]],[[2998,5330],[-3,3]],[[2995,5333],[-5,5],[0,1]],[[2990,5339],[3,-2],[2,-4]],[[2990,5339],[-4,3],[-4,4]],[[2982,5346],[1,0],[7,-7]],[[3231,6866],[2,-1],[0,-3],[4,-1]],[[3237,6861],[-5,1],[-1,4]],[[3220,6868],[5,-2],[6,0]],[[3231,6866],[-7,0],[-4,2]],[[3224,6877],[2,0]],[[3226,6877],[-2,-1]],[[3224,6876],[0,1]],[[3233,6883],[0,-1]],[[3233,6882],[0,1]],[[3248,6885],[-9,1],[-6,-3]],[[3233,6883],[0,-1]],[[3233,6882],[-3,-1],[2,-3],[-3,-2],[-3,1]],[[3226,6877],[-2,0]],[[3224,6877],[0,-1]],[[3224,6876],[-2,-4],[2,0]],[[3224,6872],[-4,-4]],[[3220,6868],[0,4],[-1,1],[1,6],[-5,-1],[-2,-2],[-4,2],[1,3],[12,-1],[8,4],[0,6],[9,3],[9,1],[-4,-3],[-7,0],[-6,-3],[1,-2],[6,2],[2,-1],[4,3],[3,0],[1,-5]],[[2122,133],[-1,2]],[[2121,135],[1,-1]],[[2122,134],[0,-1]],[[2108,136],[2,1],[8,-1],[-2,-3],[-6,1],[-2,2]],[[2109,138],[-1,-2]],[[2108,136],[1,2]],[[2114,144],[14,-3],[1,-2],[6,0],[2,-2]],[[2137,137],[-3,-3],[-5,1]],[[2129,135],[-7,-1]],[[2122,134],[-1,1]],[[2121,135],[3,2],[-15,1]],[[2109,138],[3,2],[2,4]],[[2114,144],[3,2]],[[2117,146],[-3,-2]],[[2117,146],[-1,0],[0,5],[3,-1],[-2,-4]],[[2094,156],[2,-3],[-7,1],[1,2],[4,0]],[[2152,436],[-1,-2],[-4,0],[0,2],[5,0]],[[2453,1875],[-2,-3],[-4,-4],[-4,-1],[-5,0],[-3,2],[-1,3],[2,9],[4,1],[10,-3],[3,-4]],[[2447,1909],[-3,-2],[-2,-4],[3,-1],[0,-5],[-4,4],[-1,5],[7,3]],[[2447,1909],[2,3]],[[2449,1912],[-2,-3]],[[2449,1912],[4,2]],[[2453,1914],[-4,-2]],[[2494,2389],[3,1]],[[2497,2390],[-3,-1]],[[2497,2390],[-3,3],[5,1],[2,-4],[-3,-1]],[[2498,2389],[-1,1]],[[2518,2398],[2,3],[-3,5],[-2,4],[-6,3]],[[2509,2413],[-5,2],[3,6],[0,3]],[[2507,2424],[0,3]],[[2507,2427],[-2,2]],[[2505,2429],[1,6],[7,-7],[2,-3],[-2,-2],[3,-4],[-1,-4]],[[2515,2415],[1,-2],[4,1],[2,3],[-5,0]],[[2517,2417],[2,4],[7,-1],[4,0]],[[2530,2420],[2,-1],[0,-5],[-4,-3],[-1,-3],[5,-1],[1,-4],[-2,-4],[4,-3],[-2,-2],[-5,4]],[[2528,2398],[4,-5],[0,-4],[1,-3],[4,-4],[0,-3],[5,-1],[5,0],[3,1],[6,-4],[0,-5],[-4,-3],[-2,0],[-3,-2],[0,-4],[5,1],[-1,-3],[-2,-4],[3,-2],[-2,-1],[-1,-6],[-5,1]],[[2544,2347],[-2,3],[2,3],[-1,4],[-7,7],[-4,2],[0,2],[-7,1],[-3,-4],[-4,1],[-4,3],[0,3],[-7,6],[-2,4],[2,9],[3,2],[3,0],[4,3],[1,2]],[[2511,2381],[3,1],[0,3],[-3,2],[2,4],[-2,0],[-2,-5],[2,-1],[0,-4]],[[2517,2417],[-2,-2]],[[2515,2415],[2,2]],[[2495,2418],[0,3],[3,2],[0,4],[5,1],[1,-3],[-3,-2],[-1,-4],[3,-1],[-1,-2],[-5,0],[-2,2]],[[2505,2429],[2,-2]],[[2507,2427],[-2,2]],[[2530,2420],[1,3],[-2,5],[-5,4],[11,-1],[0,-4],[-2,-1],[-1,-4],[-2,-2]],[[2496,2428],[0,4],[3,0],[1,-3],[-4,-1]],[[2500,2438],[1,0]],[[2501,2438],[-1,0]],[[2500,2438],[1,0]],[[2501,2438],[-1,0]],[[2582,2730],[-4,-3],[3,-5],[-5,-7],[-1,-3],[-2,-2],[-4,0],[-1,3],[2,2],[3,1],[2,3],[2,9],[5,2]],[[2582,2730],[0,2],[6,1]],[[2588,2733],[-6,-3]],[[2643,2888],[7,0],[0,-2],[-2,-1],[-4,0],[-1,3]],[[2649,2894],[1,-3],[-3,-2],[-6,2],[0,6],[1,2],[4,-1],[0,-3],[3,-1]],[[2649,3145],[5,-1],[0,-3],[-2,-2],[-4,1],[1,5]],[[2653,3152],[2,1],[4,-1],[0,-3],[-4,0],[-2,3]],[[2649,3145],[-4,1],[2,3],[1,7],[-3,1],[-1,3],[-4,-1],[1,-3],[-1,-4],[-3,-1],[-3,0],[-2,2],[1,7],[2,3],[3,-2],[6,0],[4,-4],[3,-2],[1,-3],[-3,-4],[0,-3]],[[2685,3418],[1,-2],[-3,-1],[-2,2],[4,1]],[[2768,3807],[5,1],[1,3],[5,-2],[-2,-3],[-9,1]],[[2784,3811],[-1,2],[4,1],[0,-3],[-3,0]],[[2821,4304],[1,0],[6,0],[3,-4],[8,-1],[3,-2],[-1,-2],[-4,-1],[-5,1],[-2,2],[0,3],[-3,3],[-6,1]],[[2877,4299],[-2,0]],[[2875,4299],[2,0]],[[2900,4296],[-21,1]],[[2879,4297],[-2,2]],[[2877,4299],[10,2],[2,-1]],[[2889,4300],[5,-1],[6,-3]],[[2828,4306],[3,0],[4,-1],[-1,-3],[-4,1],[-2,3]],[[2835,4309],[-1,2],[-4,1]],[[2830,4312],[2,2]],[[2832,4314],[6,0],[2,-2],[6,0],[3,-3],[4,-1],[6,-1],[5,-2],[6,-1],[2,-2]],[[2872,4302],[3,-3]],[[2875,4299],[4,-2]],[[2879,4297],[-1,-1],[-6,0],[-10,1],[-5,-1],[-1,1],[-7,1],[-2,1]],[[2847,4299],[4,2],[4,-1],[3,1],[-3,3],[-4,1],[-4,4],[-6,0],[-2,-1],[-4,1]],[[2933,4702],[-7,0],[-6,1],[4,3],[5,-3],[4,-1]],[[2928,4710],[0,-2],[-11,0],[2,4],[4,1],[7,1],[1,-3],[-3,-1]],[[2950,4712],[7,-3],[-12,1],[0,2],[5,0]],[[2950,4712],[-5,1],[-5,-1],[-1,2],[14,0],[18,-1],[10,-2],[3,1],[3,3],[6,-1]],[[2993,4714],[-8,-1],[-5,-3],[-1,1],[-10,0],[-5,2],[-9,0],[-5,-1]],[[2933,4719],[-1,-3],[-3,1],[-6,1],[-2,1],[-7,1],[0,2],[-9,3],[1,3],[7,-2],[1,-2],[7,-2],[3,-1],[7,-1],[2,-1]],[[2953,4925],[-1,-1],[-6,1],[-1,2],[8,-2]],[[2940,4957],[4,-1],[2,4],[12,-1],[2,-3],[9,3],[0,-5],[-3,0],[0,-5],[7,1],[0,-4],[-6,1],[-5,1],[-8,1],[-3,1],[-4,3],[-1,1],[-6,1],[-5,3],[-6,0],[-2,5],[9,-1],[0,-2],[4,-3]],[[2962,5031],[-3,-1],[-3,1],[0,3],[4,-1],[2,-2]],[[2956,5046],[5,1],[0,-2],[-5,1]],[[3052,5251],[7,-4]],[[3059,5247],[-7,3],[0,1]],[[3052,5251],[-2,2]],[[3050,5253],[2,-2]],[[3050,5253],[-1,1],[-1,4]],[[3048,5258],[2,-5]],[[3237,6861],[1,-3],[3,-3],[4,-2],[2,-2],[2,-4],[-3,-4],[5,-5],[-1,-5],[-3,-5],[-4,-2],[-1,-3],[4,-3],[0,-3],[6,0],[3,-3],[7,-1],[1,-3],[7,0],[4,-3],[3,0],[6,-4],[7,0],[3,-2],[0,-3],[9,1],[3,-3],[5,-6],[0,-4],[7,-7],[1,-7],[6,-8],[6,-7],[3,-4],[-2,-8]],[[3331,6745],[0,9],[-3,4],[-5,4],[-4,5],[-4,7],[1,3],[-2,3],[-6,5],[1,5],[-1,2],[-8,6],[-6,-1],[-4,5],[-7,0],[-4,1],[-1,2],[-4,0],[-5,3],[-4,1],[-5,3],[-7,0],[-2,1],[0,3],[-6,0],[-2,3],[0,2],[-3,3],[3,4],[3,2],[3,7],[-2,4],[-2,1],[2,8],[-3,4],[-3,0],[-4,3],[0,4]],[[3267,6878],[1,6],[2,-1],[0,-3],[-3,-2]],[[3290,6886],[1,-1]],[[3291,6885],[-1,-2],[2,-3],[-4,-1],[1,-5],[-5,1],[-2,-2],[-5,4],[0,3],[3,2],[0,3],[4,0],[6,3],[0,-2]],[[3269,6890],[-3,-1],[-1,-6],[-3,0],[-1,2],[-4,0],[3,4],[4,-1],[2,2],[3,0]],[[3291,6885],[-1,1]],[[3290,6886],[1,-1]],[[3296,6892],[-1,-3],[-5,-1],[1,3],[-8,2],[1,1],[10,-1],[2,-1]],[[3319,6894],[0,2]],[[3319,6896],[3,1]],[[3322,6897],[2,-2]],[[3324,6895],[-1,-3],[-4,2]],[[3319,6896],[0,-2]],[[3319,6894],[0,2]],[[2174,112],[0,-1],[-11,2],[0,1],[11,-2]],[[2135,114],[-3,3],[12,0],[-9,-3]],[[2151,119],[-1,0]],[[2150,119],[7,1]],[[2157,120],[-1,-2],[-5,1]],[[2151,119],[-1,0]],[[2150,119],[1,0]],[[2187,126],[-2,3],[-6,0],[-4,1],[-2,4],[-3,2],[-4,0],[-2,-2],[-6,0],[0,2],[6,0],[2,1],[2,4],[-10,7],[-7,-1],[-5,-3],[-4,0],[-9,0],[-2,-2],[-4,1],[-1,2]],[[2126,145],[2,1],[11,-1],[4,1],[0,2],[5,0],[4,1],[6,0],[3,-1],[4,-5],[3,0],[2,-3],[-1,-3],[7,-1],[3,-6],[5,1],[3,-5]],[[2502,1840],[3,1],[4,0],[-3,-4],[-6,1],[2,2]],[[2488,1852],[-5,-2],[0,5],[5,1],[2,-2],[-2,-2]],[[2468,1860],[-4,0],[-4,1],[0,3],[4,-1],[8,4],[3,0],[-1,-3],[-5,1],[-1,-5]],[[2482,1866],[-4,-3],[0,4],[4,-1]],[[2523,1905],[0,-3],[-6,1],[-3,1],[0,2],[-3,3],[3,1],[5,0],[4,-3],[0,-2]],[[2590,2272],[-5,11],[-4,4],[-7,8],[0,5],[-5,2],[-2,2],[2,5],[3,1],[8,0],[2,-1],[8,-2],[8,-5],[1,-4],[-5,-5],[-3,0],[-1,-3],[7,2],[3,-2],[-1,-4],[-2,-4],[2,-3],[3,-3],[-1,-2],[-3,-1],[-3,-3],[-5,2]],[[2595,2297],[-4,2],[-1,-3],[5,1]],[[2556,2300],[1,0]],[[2557,2300],[-1,0]],[[2553,2303],[4,-3]],[[2557,2300],[-1,0]],[[2556,2300],[-4,-1],[1,4]],[[2556,2306],[0,-3],[-3,0]],[[2553,2303],[1,3]],[[2554,2306],[2,0]],[[2556,2308],[0,-2]],[[2556,2306],[-2,0]],[[2554,2306],[2,2]],[[2556,2308],[2,1],[4,-1],[-1,-2],[-5,2]],[[2559,2315],[-4,1]],[[2555,2316],[4,-1]],[[2543,2324],[-1,4],[6,0],[7,-3],[0,-7],[-9,2],[-3,4]],[[2547,2340],[2,-1],[0,-4],[7,-3],[-2,-4],[-6,1],[0,3],[-3,5],[2,3]],[[2564,2337],[-6,-4],[-4,0],[-2,4],[6,1],[-5,2],[2,2],[8,-1],[1,-4]],[[2581,2343],[0,-1]],[[2581,2342],[-1,-1]],[[2580,2341],[1,2]],[[2581,2342],[0,1]],[[2581,2343],[0,-1]],[[2561,2353],[0,3],[5,-1],[5,-3],[-2,-4],[0,-5],[-6,1],[-4,-1],[-3,1],[3,4],[4,3],[-2,2]],[[2586,2373],[-5,-1],[-5,6],[7,-1],[3,-4]],[[2574,2375],[-1,-1],[-8,1],[-4,2],[0,2],[6,0],[4,-1],[3,-3]],[[2644,2725],[-1,-1],[-3,6],[-2,1],[1,7],[5,0],[1,-4],[1,-3],[-2,0],[0,-6]],[[2653,2744],[3,3],[4,-1],[-2,-3],[-5,-1],[0,2]],[[2647,2745],[-1,-1],[-4,1],[0,3],[5,2],[2,-2],[-2,-3]],[[2653,2774],[3,-3],[-4,-2],[-3,2],[-4,-1],[-1,-4],[2,-3],[-1,-5],[-8,-7],[-8,0],[-5,-1],[-7,2],[0,2],[5,1],[2,2],[1,6],[11,5],[4,1],[6,4],[6,5],[1,-4]],[[2664,2777],[4,-1],[0,-2],[-6,0],[-3,5],[5,0],[0,-2]],[[2663,2819],[3,4],[9,0],[0,2],[4,0],[1,3],[4,0],[2,9],[6,6],[0,-5],[-3,-2],[0,-6],[5,-3],[5,-3],[3,0],[4,-3],[-2,-7],[-3,-3],[-7,-1],[-10,-3],[-8,-5],[-3,-4],[-1,-3],[-3,-1],[-1,-2],[-4,-5],[1,-1],[-5,-3],[-5,0],[-2,1],[2,10],[-1,2],[1,8],[4,-3],[3,0],[3,3],[1,4],[-5,4],[2,7]],[[2694,2878],[3,-2],[4,0],[-1,-3],[-6,5]],[[2707,2899],[-5,-2],[-1,3],[6,-1]],[[2868,3847],[4,-2],[1,4],[6,5],[2,-2],[-1,-7],[-1,-3],[4,-5],[3,0],[0,-7],[-4,-1],[-9,1],[0,2],[4,0],[3,2],[-2,4],[-3,0],[-2,5],[-5,0],[-4,3],[4,1]],[[2863,3855],[2,-1],[-1,-4],[-3,0],[-2,4],[4,1]],[[2874,3862],[-9,1],[3,-3],[0,-3],[-5,-1],[-2,2],[4,5],[4,1],[0,3],[5,-2],[0,-3]],[[2856,3875],[0,1]],[[2856,3876],[0,-1]],[[2856,3875],[0,1]],[[2856,3876],[0,-1]],[[2900,4296],[3,-2]],[[2903,4294],[-3,2]],[[2933,4296],[-3,1]],[[2930,4297],[3,-1]],[[2915,4358],[2,6],[2,-1],[-2,-5],[-2,0]],[[2979,4715],[-1,-1]],[[2978,4714],[1,1]],[[2978,4714],[1,1]],[[2979,4715],[-1,-1]],[[3007,4716],[0,-1]],[[3007,4715],[0,1]],[[3007,4715],[0,1]],[[3007,4716],[0,-1]],[[3039,4911],[6,0],[0,-2],[-6,2]],[[3065,5242],[8,-5],[7,0],[5,-3]],[[3085,5234],[-6,2],[-8,1],[-6,4],[0,1]],[[3063,5244],[2,-2]],[[3065,5242],[-2,2]],[[3059,5247],[4,-3]],[[3063,5244],[-4,3]],[[3344,6701],[2,-7]],[[3346,6694],[-2,0],[0,7]],[[3328,6743],[3,2]],[[3331,6745],[0,-6],[2,-2],[-3,-2],[-2,3],[0,5]],[[3319,6843],[-3,3],[3,1],[2,-2],[-2,-2]],[[3371,6880],[-3,4],[3,0],[0,-4]],[[3360,6889],[-2,-7],[-2,-1],[1,7],[3,1]],[[3335,6893],[2,0]],[[3337,6893],[1,1]],[[3338,6894],[2,-4]],[[3340,6890],[-5,0],[0,3]],[[3341,6896],[5,-1],[-1,-2],[-4,3]],[[3362,6901],[3,-1],[0,-2],[4,-1],[2,-3],[2,-5],[-2,0],[-1,3],[1,2],[-2,2],[-4,0],[-3,2],[0,3]],[[3341,6896],[-3,-2]],[[3338,6894],[-1,-1]],[[3337,6893],[-2,0]],[[3335,6893],[1,4],[-5,-1],[-3,-1],[-4,0]],[[3324,6895],[3,2],[3,0],[2,3],[8,-2],[2,4],[3,-3],[-4,-3]],[[3381,6894],[-1,3],[-4,0],[0,2],[6,-1],[-1,-4]],[[2238,105],[1,0]],[[2239,105],[-1,0]],[[2235,107],[4,-2]],[[2239,105],[-1,0]],[[2238,105],[-3,2]],[[2233,108],[1,0]],[[2234,108],[1,-1]],[[2235,107],[-2,1]],[[2204,115],[8,-2],[-2,-2],[-5,1],[-1,3]],[[2187,126],[1,-1],[16,-1],[6,-2]],[[2210,122],[2,-2],[7,0]],[[2219,120],[0,-1]],[[2219,119],[1,-1],[8,0],[4,1],[4,-5],[5,-1],[-3,-3]],[[2238,110],[-4,-2]],[[2234,108],[-1,0]],[[2233,108],[-3,-1],[-4,0],[-2,-3],[-3,-1],[-6,1],[0,1],[-8,1],[-4,5],[6,0],[1,-3],[10,-2],[6,3],[-3,1],[1,4],[-1,2],[-4,0],[-2,2],[-7,0],[-7,4],[-5,1],[-4,1],[-6,0],[-1,1],[0,1]],[[2244,116],[2,0]],[[2246,116],[-2,0]],[[2246,116],[-2,0]],[[2244,116],[2,0]],[[2219,120],[0,-1]],[[2219,119],[0,1]],[[2192,190],[5,2],[1,-2],[6,-2],[-1,-6],[7,0],[3,-2],[4,-1],[-3,-2],[-6,0],[-2,2],[-5,-1],[-7,2],[1,5],[-1,4],[-2,1]],[[2300,382],[-4,1],[2,2],[4,0],[-2,-3]],[[2287,630],[-3,1],[2,2],[3,-1],[-2,-2]],[[2340,704],[5,0],[-1,-3],[-5,1],[1,2]],[[2391,902],[-2,-2],[-3,1],[1,2],[4,-1]],[[2502,1754],[5,-1],[-1,-2],[-5,0],[1,3]],[[2527,1830],[0,1],[3,3],[3,-2],[0,-3],[-3,-1],[-3,2]],[[2561,1826],[-4,-2],[-5,1],[0,4],[2,5],[5,0],[4,-4],[-2,-4]],[[2528,1899],[-2,2],[1,6],[2,2],[6,-1],[1,-6],[-5,-4],[-3,1]],[[2542,1905],[-2,1],[1,4],[4,0],[3,-3],[0,-2],[-6,0]],[[2553,1903],[-4,1],[2,7],[3,1],[4,0],[3,-3],[-3,-4],[-5,-2]],[[2567,1916],[11,1],[2,-3],[-1,-2],[-5,-3],[-5,0],[-5,-2],[-2,5],[5,1],[0,3]],[[2588,1923],[-1,1]],[[2587,1924],[6,2],[-5,-7],[-4,-2],[-3,2],[0,2],[6,0],[1,2]],[[2587,1924],[1,-1]],[[2588,1923],[-1,1]],[[2647,2236],[1,-2]],[[2648,2234],[-1,2]],[[2638,2248],[5,1],[1,-2],[-6,-3],[0,4]],[[2649,2246],[-3,0]],[[2646,2246],[3,0]],[[2652,2256],[1,0]],[[2653,2256],[2,0]],[[2655,2256],[-3,0]],[[2655,2256],[-2,0]],[[2653,2256],[-1,0]],[[2652,2256],[-2,2],[1,2]],[[2651,2260],[6,-3],[-2,-1]],[[2638,2248],[-1,3],[3,2],[0,6],[-2,2],[-4,1],[-6,-1],[-4,1],[2,3],[6,2],[-1,1],[-7,-1],[-2,-6],[-10,-3]],[[2612,2258],[-2,0],[-4,4],[1,7],[4,3],[3,0],[10,4],[6,2],[14,-1],[1,-3],[-1,-6],[-4,-7],[2,0],[-1,-9],[2,-1],[-5,-3]],[[2646,2285],[3,-3],[-1,-5],[-5,2],[-2,3],[-6,1],[-4,2],[-3,3],[1,2],[10,-3],[5,0],[2,-2]],[[2637,2290],[0,1],[-7,0],[2,2],[5,-2],[0,-1]],[[2666,2545],[-5,1],[-1,-2],[-5,0],[-3,4],[1,2],[5,-1],[8,-4]],[[2706,2804],[1,0]],[[2707,2804],[-1,0]],[[2706,2804],[1,0]],[[2707,2804],[-1,0]],[[2716,2828],[7,-1],[-4,-2],[-3,0],[0,3]],[[2760,2884],[-3,2],[-1,3],[8,-3],[-4,-2]],[[2772,2932],[3,-2],[-2,-2],[-3,0],[2,4]],[[3031,4708],[4,0],[7,-1],[-1,-1],[8,-2],[17,-6],[6,0],[4,-2],[2,-3],[-3,-1],[-3,1],[-1,3],[-11,1],[-13,6],[-8,1],[-1,2],[-7,2]],[[3075,4716],[-6,-1],[5,4],[5,2],[3,-2],[-7,-3]],[[3154,5179],[-2,4]],[[3152,5183],[2,-4]],[[3282,6085],[-4,2]],[[3278,6087],[-5,1]],[[3273,6088],[5,1],[9,-3],[6,-1],[-1,-2],[-9,1],[-1,1]],[[3272,6087],[6,0]],[[3278,6087],[-4,-1],[-2,1]],[[3309,6084],[-3,-1],[-4,3],[5,0],[1,1],[6,1],[1,1],[5,-1],[-7,-3],[-4,-1]],[[3273,6088],[-1,-1]],[[3272,6087],[-10,3],[-5,0],[-1,3],[5,-1],[3,-2],[7,0],[2,-2]],[[3374,6606],[4,-8]],[[3378,6598],[-3,3],[-1,5]],[[3366,6618],[1,-1]],[[3367,6617],[6,-7],[1,-4]],[[3374,6606],[-2,1],[-3,3],[0,3],[-5,5],[2,0]],[[3367,6617],[-1,1]],[[3366,6618],[1,-1]],[[3360,6640],[2,-1],[-2,-5]],[[3360,6634],[-2,-4]],[[3358,6630],[0,5],[1,1],[1,4]],[[3360,6634],[-2,-4]],[[3358,6630],[2,4]],[[3405,6900],[-4,2],[1,3],[5,-1],[2,-2],[5,-1],[3,3]],[[3417,6904],[1,-5],[-6,-1],[-4,4],[-3,-2]],[[3417,6904],[-2,1]],[[3415,6905],[2,-1]],[[2272,104],[2,-4],[-2,-1],[-6,0],[6,5]],[[2335,314],[-1,-2],[-4,-2],[-4,-5],[-10,-3],[-7,1],[-4,4],[-3,2],[0,2],[-2,4],[0,5],[-1,4],[6,5],[-2,2],[1,6],[-2,2],[1,7],[7,2],[7,0],[3,-2],[5,-4],[2,-4],[-1,-3],[3,-5],[6,-5],[2,-4],[-3,-3],[1,-4]],[[2301,351],[3,1],[0,-4],[-5,0],[2,3]],[[2314,350],[-5,0],[0,3],[4,0],[1,-3]],[[2346,362],[3,2],[2,-3],[-1,-2],[-3,1],[-1,2]],[[2310,384],[-7,1],[1,6],[4,0],[2,-2],[0,-5]],[[2356,387],[-6,1],[-2,2],[1,3],[2,2],[7,0],[2,-2],[0,-3],[-4,-3]],[[2340,393],[-1,4],[2,2],[4,0],[1,-4],[-2,-2],[-4,0]],[[2326,398],[-5,-1],[0,3],[5,0],[0,-2]],[[2372,625],[0,3],[6,-2],[-2,-3],[-4,2]],[[2421,782],[2,2],[5,-2],[-5,-2],[-2,2]],[[2420,831],[-1,2],[2,2],[5,-1],[-2,-3],[-4,0]],[[2549,1369],[-3,-2],[-4,1],[-4,4],[3,2],[0,-4],[8,-1]],[[2550,1664],[3,2],[7,0],[0,-3]],[[2560,1663],[-3,-1],[-3,3],[-4,-1]],[[2560,1663],[8,1],[3,2],[2,-1],[1,-4],[-5,2],[-9,0]],[[2600,1662],[-9,1],[-4,-1],[-3,1]],[[2584,1663],[-4,0],[0,2],[8,-2],[4,2],[4,0],[4,-3]],[[2617,1806],[6,0],[2,5],[4,-3],[-2,-3],[-9,0],[-1,1]],[[2669,2227],[0,-1]],[[2669,2226],[0,1]],[[2669,2227],[0,-1]],[[2669,2226],[0,1]],[[2666,2231],[1,-1]],[[2667,2230],[-1,1]],[[2667,2230],[-1,1]],[[2666,2231],[1,-1]],[[2661,2236],[1,0]],[[2662,2236],[0,-4],[-3,-1],[2,5]],[[2662,2236],[-1,0]],[[2661,2236],[1,0]],[[2779,2885],[-1,1]],[[2778,2886],[1,1]],[[2779,2887],[0,-2]],[[2779,2887],[-1,-1]],[[2778,2886],[1,1]],[[2920,3586],[1,-1]],[[2921,3585],[-1,1]],[[2920,3586],[1,1]],[[2921,3587],[-1,-1]],[[2950,3604],[4,-1],[1,3],[-3,1],[0,3],[3,0]],[[2955,3610],[-1,-3],[4,-1],[-2,-4],[-6,-3],[5,-2],[4,-1],[0,-2],[4,0],[2,1],[4,0],[0,-3],[3,-1],[5,0],[6,-5],[4,1],[2,3],[10,3],[4,7],[-3,4],[0,3],[-5,2],[1,6],[2,-1],[3,-4],[-1,-3],[3,-2],[2,-4],[-2,-6],[-3,-3],[-3,0],[-2,-3],[-5,1],[0,-2],[-6,-3],[0,-2],[2,-3],[-1,-2]],[[2985,3578],[-4,-1],[0,-2],[5,-4],[12,-2],[4,-3],[12,-1],[4,0],[4,3],[0,3],[-4,3],[1,3],[2,1],[7,-3],[1,-4],[-2,-4],[2,-6],[4,-1],[5,-6],[4,-1],[5,-4],[3,0],[5,3],[4,0],[-1,-6],[7,-5],[6,-2],[4,-4],[-7,-5],[2,-3],[7,-1],[3,4],[6,0],[2,2],[10,0],[8,2],[4,-3],[12,1],[6,-1],[1,-5],[4,-4],[9,-1],[3,1],[6,0],[0,-2],[4,-3],[6,-1],[3,-2],[6,-1],[2,-2],[11,-5],[13,2],[5,3],[0,-4],[4,-4],[5,-4],[8,0],[10,-3],[14,-2],[1,-1],[7,0],[-1,-7],[4,-2],[-1,-4],[2,-2]],[[3254,3478],[-1,-1]],[[3253,3477],[1,-3]],[[3254,3474],[2,0]],[[3256,3474],[4,-2],[-1,-2]],[[3259,3470],[4,2],[-1,2],[2,3],[6,0]],[[3270,3477],[2,-3],[-1,-5],[3,0],[3,-2],[-3,-6],[3,-2],[3,0],[0,5],[6,6],[2,0],[1,-6],[6,0],[0,4],[-3,3],[5,3],[-1,-5],[6,-2],[-1,-4],[6,-1],[2,-1],[-1,-4],[8,-6],[9,0],[2,2],[4,-1],[4,2],[4,0],[4,1],[0,6],[2,2]],[[3345,3463],[0,-4],[2,-2],[0,-6],[-6,0],[1,-2]],[[3342,3449],[-2,1],[-5,1],[-3,-2],[-14,1],[-5,-3],[-3,0],[0,3],[-4,2],[-4,0],[-2,-2],[0,-7],[5,-1],[5,-5],[0,-4],[-4,0]],[[3306,3433],[-2,-3],[-6,-2],[-4,0],[0,2],[-5,2],[-7,1],[-1,3],[-3,1],[0,4]],[[3278,3441],[-5,1],[0,-2],[-3,0],[-6,1],[5,2],[4,4],[6,-1],[1,3],[-10,1],[-9,0],[-1,-3],[-4,5],[3,4],[3,1]],[[3262,3457],[-3,2],[-4,0],[-2,3],[-2,-2],[-1,-4],[-3,-1],[0,-3],[-3,0],[-2,4],[7,2],[-3,2],[-4,-2],[1,6],[4,4],[-5,2],[1,2],[5,2],[2,5],[-13,6],[-2,0],[-3,-5],[-4,1],[-9,-2],[0,-3],[-4,-2],[0,10],[-2,2]],[[3213,3486],[2,1]],[[3215,3487],[0,-2],[4,-5],[3,0],[2,2],[6,0],[4,2],[0,3],[-3,0],[-11,1],[1,4],[3,0]],[[3224,3492],[1,3],[-6,0],[-9,2],[-6,3],[-3,-2],[-5,3],[-1,2],[-6,1],[-4,0],[-3,-5],[-4,3],[2,4],[-9,1],[-2,-2]],[[3169,3505],[-4,-1],[-2,-4],[-3,-2]],[[3160,3498],[0,-1],[-4,-4],[0,-2],[-4,-1],[-2,-1],[-8,-4],[-2,-6],[4,-1],[2,2],[17,-1]],[[3163,3479],[-2,-3]],[[3161,3476],[2,-2]],[[3163,3474],[2,-3],[-4,-1],[0,-4],[-3,-1],[-1,-1],[-5,-2],[-6,2],[-5,0],[-1,-7],[0,-3],[2,-1],[2,4],[1,4],[4,1],[-2,-4],[-2,-6],[-2,0],[-2,-3],[3,-1],[-3,-4],[-3,-1],[-2,-4],[-5,0],[2,6],[-3,1],[-4,1],[-1,2],[-6,1],[-6,2],[1,3],[-2,2],[0,3],[-4,4],[6,3],[1,4],[3,0],[2,4],[3,2],[3,-1],[-1,-3],[4,0],[4,2],[0,4],[-4,0],[4,4],[4,2],[2,0],[7,4],[0,4],[-6,1],[3,3],[3,0],[4,-4],[4,1],[1,5],[8,3],[-5,1],[-1,3],[5,1],[2,3],[-3,1],[-16,2],[-1,-1],[-12,0],[-1,0],[-4,4],[-2,-1]],[[3125,3515],[-4,2],[-6,-1],[-1,-1],[-10,-4],[-6,-3],[-6,0],[0,2],[-6,1],[-2,-3],[-4,1],[-7,-7],[0,-2],[-3,-1],[-3,3],[-8,0],[-7,0],[2,2],[6,-1],[6,0],[8,5],[1,4],[2,11],[5,-1],[2,2],[-14,1],[-6,-7],[-4,0],[3,4],[2,1],[3,5],[-4,1],[-4,0],[-13,0],[-2,-5]],[[3045,3524],[0,5],[-6,0],[-2,-2],[-6,1],[-1,3],[0,4],[-5,0],[-2,-4],[0,-6],[3,0],[0,-3],[2,-3]],[[3028,3519],[-2,2],[-8,0],[-3,-2],[-1,4]],[[3014,3523],[-1,4],[5,3],[0,3],[5,2],[-5,3],[-3,0]],[[3015,3538],[-1,-3],[-4,-2],[-1,-3],[-5,-2],[-3,-5],[-3,1]],[[2998,3524],[3,1],[-1,3],[-8,-3],[1,-2],[-2,-9],[1,-2],[-1,-5],[0,-3],[4,0],[-1,-3],[5,0],[0,-3],[6,0],[0,3],[2,5],[3,-2],[-1,-5],[-4,-3],[-6,0],[-7,6],[-6,1],[-1,1],[-5,-1],[-6,1],[0,-3],[6,0],[-1,-2],[-4,-1],[-10,-5],[0,1],[3,3],[4,1],[-1,6],[-4,-1],[-5,2]],[[2962,3505],[0,3],[6,3],[3,0],[2,2]],[[2973,3513],[-1,1]],[[2972,3514],[3,-1],[-2,-6],[5,-1],[2,3],[4,0],[4,-3],[2,3],[-3,0],[4,3],[-2,2],[1,8],[-1,4],[-6,-1],[-2,4],[-4,2],[-6,6],[-7,1],[-3,-2],[-5,0],[-5,6],[-5,5],[1,4],[-3,2],[0,3],[-7,3],[-2,3],[-3,0],[-2,3],[-2,6],[1,6],[-4,5],[1,4],[-3,7],[1,6],[3,1],[2,4],[4,1],[2,-2],[9,-3],[5,0],[1,4]],[[2985,3578],[0,3],[-7,5],[-4,0],[-4,-3],[-4,-1],[-3,3],[-6,1],[3,-5],[-4,-2],[-2,-3],[4,-1],[4,1],[9,0],[0,2],[-4,2],[5,3],[3,-2],[1,-3],[9,0]],[[3293,3441],[-2,-4]],[[3291,3437],[3,1],[1,-7],[4,-1],[7,3]],[[3306,3433],[2,3],[-7,5],[-2,-1],[-6,1]],[[3293,3441],[3,1],[1,4],[-5,-1],[1,-4]],[[3291,3437],[-3,-1],[0,-3],[5,-1],[1,3],[-3,2]],[[3279,3445],[1,-2],[-2,-2]],[[3278,3441],[5,-3],[3,1],[1,4],[5,3],[1,2],[-10,1],[-4,-4]],[[3262,3457],[0,-3],[3,-3],[2,2],[-1,2],[2,3],[-6,1],[0,-2]],[[3224,3492],[5,-1],[3,-2],[4,-1],[-4,5],[-3,1],[-5,-2]],[[3160,3499],[-3,-1]],[[3157,3498],[3,0]],[[3160,3498],[0,1]],[[3161,3476],[-8,2],[-7,0],[1,-3],[14,0],[0,1]],[[3163,3474],[-7,0],[-5,0],[-1,-3],[-4,-1],[0,-4],[2,-1],[5,-1],[2,2],[0,3],[3,0],[5,5]],[[3014,3523],[5,-2],[1,3],[-5,0],[-1,-1]],[[2965,3594],[-2,-1],[-4,0],[-5,2],[-3,0],[2,-6],[3,-2],[9,-1],[1,-3],[7,4],[5,0],[-1,3],[-11,1],[-1,3]],[[2978,3561],[9,-3],[6,0],[6,-1],[4,2],[1,4],[-2,2],[-8,2],[-10,1],[-1,-2],[-9,-1],[-1,-3],[5,-1]],[[3008,3559],[2,-6],[-3,-3]],[[3007,3550],[5,2],[0,-2],[4,-2],[5,2],[1,-2],[-9,0],[-4,-1],[-8,0],[-2,2],[-6,1],[-1,-3],[2,-2],[14,-1],[3,-1],[4,1],[8,-1],[1,-2],[-5,0],[0,-1],[8,-1],[3,1],[2,3],[4,1],[2,-5],[3,2],[1,2],[-7,6],[-3,0],[-3,2],[1,6],[-3,2],[-5,2],[-12,1],[-2,-3]],[[3007,3550],[0,5],[-9,0],[-3,-3],[2,-2],[6,-1],[4,1]],[[2959,3547],[5,1],[1,6],[-1,2],[-1,4],[-10,-1],[-4,-4],[0,-2],[5,-1],[5,-5]],[[3050,3536],[-4,-1],[9,-3],[10,1],[6,3],[-4,3],[-6,0],[-1,-2],[-4,-2],[0,4],[2,1],[1,3],[-7,2],[-3,-2],[-5,0],[0,-3],[3,-1],[3,-3]],[[2968,3542],[-2,-2],[2,-3],[6,2],[5,-5],[3,2],[4,-2],[1,5],[-6,2],[-3,6],[-1,2],[-4,0],[-6,-3],[1,-4]],[[2993,3539],[-3,-6],[-5,-2],[0,-2],[3,-2],[4,0],[8,2],[1,2],[6,1],[0,3],[-3,1],[0,2],[-3,2],[-3,-2],[-5,2],[1,1],[-5,3],[-1,-3],[5,-2]],[[3038,3532],[10,-2],[0,2],[-10,1],[4,4],[-3,1],[-5,-3],[4,-3]],[[3087,3514],[3,-2],[8,-2],[1,3],[4,0],[5,5],[8,0],[3,0],[0,4],[5,2],[-2,3],[-6,0],[0,1],[-11,1],[-6,-5],[6,-1],[-1,-2],[-5,-2],[-2,-3],[-4,0],[-1,-3],[-5,1]],[[3083,3521],[-3,-1],[-1,-2],[9,0],[1,1],[7,2],[1,4],[-2,3],[-4,0],[-1,-2],[-7,-5]],[[3139,3514],[2,3],[-5,2],[-7,1],[0,-4],[6,-3],[4,1]],[[3259,3469],[3,-3],[-1,-5],[6,-2],[6,6],[-5,4]],[[3268,3469],[-6,1],[-3,-1]],[[3259,3469],[-8,-1],[-1,-2],[3,-2],[6,-1],[0,6]],[[3141,3477],[-4,-8],[4,0],[3,3],[5,0],[-1,2],[-5,1],[-2,2]],[[3285,3457],[8,-5],[2,0],[0,5],[-5,1],[-1,4],[-4,2],[-1,-5],[1,-2]],[[3285,3457],[-5,0],[0,-3],[3,0],[2,3]],[[3302,3460],[-5,1],[-3,-1],[5,-5],[3,0],[0,5]],[[3131,3467],[-4,0],[-5,-3],[3,-1],[2,3],[4,1]],[[3133,3460],[2,3],[-6,0],[-2,-2],[5,-2],[1,1]],[[3133,3447],[4,-2],[1,4],[-2,3],[-4,6],[-4,1],[0,-5],[5,-7]],[[3146,4684],[1,-1],[-8,-1],[1,-3],[4,-3],[-5,-2],[-5,4],[2,2],[-8,1],[-7,-2],[-4,-5],[-5,-2],[-8,1],[-5,10],[-7,1],[-1,1],[2,3],[9,-7],[7,-1],[9,2],[3,0],[2,2],[5,1],[7,-1],[3,1],[2,-2],[6,1]],[[3106,4679],[1,-3],[2,-1],[2,4],[-5,0]],[[3147,4879],[-2,4],[7,-1],[5,-4],[-2,-1],[-8,2]],[[3340,6081],[-11,3],[-5,1],[1,4],[3,-1],[4,2],[5,-1],[6,-3],[0,-1],[4,-4],[-7,0]],[[3397,6493],[3,1]],[[3400,6494],[-1,-6],[-2,5]],[[3418,6557],[0,6],[2,-1],[-2,-5]],[[3443,6899],[-6,-2]],[[3437,6897],[2,2],[4,0]],[[3465,6904],[0,-1]],[[3465,6903],[-3,-2],[-3,0],[-3,2],[-2,-1],[3,-3],[1,-3],[-5,-1],[-1,4],[-4,-2]],[[3448,6897],[-2,2],[-3,0]],[[3443,6899],[2,1],[-1,4],[6,-2],[3,2],[4,2],[6,-1],[2,-1]],[[3465,6903],[0,1]],[[3465,6904],[0,-1]],[[3479,6913],[0,-1]],[[3479,6912],[0,1]],[[2339,88],[1,-2],[0,-3],[-2,-2],[-9,1],[-5,2],[14,2],[1,2]],[[2336,104],[1,0]],[[2337,104],[-1,0]],[[2337,104],[-1,0]],[[2336,104],[-2,-1],[-8,1],[3,3],[0,4],[4,0],[5,-6],[-1,-1]],[[2356,301],[6,-1],[0,-3],[-4,0],[-2,4]],[[2364,308],[5,0],[-1,-3],[-5,0],[1,3]],[[2345,305],[-3,2],[1,4],[2,1],[1,4],[-3,1],[1,3],[5,1],[3,-2],[0,-3],[2,-1],[0,-4],[6,-2],[0,-3],[-3,-3],[-3,1],[-9,1]],[[2369,314],[-5,2],[0,2],[5,1],[2,-2],[-2,-3]],[[2381,318],[1,1]],[[2382,319],[6,4],[2,-2],[-4,-5],[-4,1],[-1,1]],[[2382,319],[-1,-1]],[[2381,318],[-7,1],[4,2],[1,5],[5,-1],[-2,-6]],[[2362,330],[2,-1],[-1,-3],[-4,-8],[-6,1],[-3,5],[1,5],[2,2],[-5,2],[1,3],[3,4],[4,-5],[4,-1],[-1,-3],[3,-1]],[[2390,367],[3,0],[0,-4],[-5,1],[2,3]],[[2397,393],[-5,-2],[-3,0],[2,4],[3,1],[5,-1],[-2,-2]],[[2473,768],[-2,-1],[1,5],[2,0],[-1,-4]],[[2610,1662],[2,2],[4,-3],[10,-2],[8,1],[6,-5],[6,-2],[12,-1],[-5,-3],[-7,0],[-2,2],[-10,2],[-3,2],[-12,2],[-3,2],[-6,3]],[[2600,1662],[5,-2],[-3,-2],[-2,4]],[[2657,1797],[-4,-4],[-2,0],[1,4],[5,0]],[[2657,1797],[4,-2]],[[2661,1795],[-2,-2],[-3,0],[1,4]],[[2661,1795],[2,2],[6,1]],[[2669,1798],[5,0],[3,0],[-2,-4],[-8,1],[-2,1],[-4,-1]],[[2645,1805],[2,0],[2,-4],[-3,0],[-1,4]],[[2685,1930],[-4,-2],[-7,2],[-5,4],[-1,2],[-4,5],[0,5],[2,3],[3,2],[12,-1],[3,-1],[4,-1],[1,3],[8,-1],[2,-3],[3,-2],[-4,-1],[-2,-6],[1,-1],[-1,-4],[-4,0],[1,4],[-10,0],[-2,3],[1,3],[4,-3],[2,0],[3,3],[0,3],[-4,2],[-10,1],[-7,-1],[-3,-2],[-1,-4],[3,-4],[6,-4],[6,0],[3,1],[4,-1],[-3,-4]],[[2706,2011],[-5,0],[0,2],[5,0],[0,-2]],[[2715,2028],[-1,-3],[0,-5],[-3,-5],[-4,0],[1,3],[3,2],[-2,4],[6,4]],[[2972,3514],[1,-1]],[[2973,3513],[-1,1]],[[2961,3528],[-5,2],[4,1],[1,-3]],[[2957,3612],[-2,-2]],[[2955,3610],[2,2]],[[2999,3622],[-1,-2],[-5,2],[1,6],[-1,4],[5,1],[1,-4],[-2,-4],[2,-3]],[[3086,4308],[-3,0]],[[3083,4308],[3,0]],[[3147,4662],[-4,4],[7,0],[5,-2],[1,-2],[5,-2],[1,-1],[4,-4],[-7,1],[-3,2],[-6,2],[-3,2]],[[3181,4749],[1,0]],[[3182,4749],[5,-2],[-1,-5],[-2,-1],[-1,-6],[-2,0],[-2,-3],[-6,-3],[1,-3],[-8,-3],[-3,-2],[-3,-6],[-5,-2],[0,-2],[-5,-1],[-4,2]],[[3146,4712],[-1,-3],[-6,0],[-2,-1],[-4,0],[-4,-3],[-8,1],[1,2],[-3,2],[-3,-1],[-8,2],[2,1],[9,0],[13,0],[3,2],[11,2],[4,2],[3,2],[2,1],[2,3],[6,2],[6,6],[3,3],[3,-1],[6,6],[1,7],[-1,2]],[[3182,4749],[-1,0]],[[3181,4749],[1,0]],[[3502,6869],[-1,4],[4,0],[2,-2],[-2,-2],[-3,0]],[[3492,6901],[-3,-2],[-3,0],[0,2],[6,0]],[[3498,6900],[6,-1],[0,5]],[[3504,6904],[4,1],[0,-4],[-2,-3],[-2,-2],[-3,0],[0,-4],[-4,1],[1,7]],[[3514,6899],[3,-1],[-1,-2],[-7,0],[0,2],[1,6],[6,-1],[3,-2],[-5,-2]],[[3498,6900],[-2,-3],[-4,1],[2,6],[1,1],[1,3],[4,3],[3,-1],[-1,-4],[2,-2]],[[3504,6904],[-6,-4]],[[3478,6911],[1,1]],[[3479,6912],[6,3]],[[3485,6915],[-1,1]],[[3484,6916],[2,-1],[3,2]],[[3489,6917],[4,0],[-1,-4],[-2,-2],[0,-5],[-1,-3],[-6,-1],[-1,8],[-4,1]],[[3493,6920],[-4,3],[5,0],[-1,-3]],[[2388,84],[-7,2],[-8,0],[-2,2]],[[2371,88],[3,0]],[[2374,88],[7,-2],[5,0],[4,-1]],[[2390,85],[-2,-1]],[[2349,92],[-2,2]],[[2347,94],[2,-2]],[[2416,395],[0,2],[6,0],[-1,-2],[-5,0]],[[2443,445],[3,2],[3,-2],[-5,-2],[-1,2]],[[2442,471],[-12,0],[2,3],[5,1],[1,-2],[4,1],[0,-3]],[[2498,781],[-5,1],[2,2],[8,-1],[-2,-2],[-3,0]],[[2518,788],[2,3],[4,1],[-1,-3],[-5,-1]],[[2678,1659],[4,1],[1,3],[6,0],[3,-3],[-7,-3],[-7,2]],[[2698,1799],[-4,0],[2,5],[4,-3],[-2,-2]],[[2707,1926],[0,-2],[-7,1],[1,2],[6,-1]],[[2710,1935],[3,4],[4,0],[1,-4],[-5,-1],[-2,-2],[-3,0],[-5,3],[-2,-4],[-3,1],[1,4],[7,1],[-4,3],[5,1],[2,3],[6,-1],[-2,-2],[-4,-1],[1,-5]],[[2735,1938],[12,1],[-1,-6],[-2,-2],[-3,0],[-1,4],[-5,1],[-4,-1],[1,3],[3,0]],[[2728,1939],[-1,1],[1,9],[4,-1],[-1,-6],[-3,-3]],[[2707,1953],[1,1]],[[2708,1954],[2,0]],[[2710,1954],[-3,-1]],[[2733,1983],[4,0],[-2,-4],[-5,0],[1,3],[2,1]],[[2739,1985],[5,-2],[-5,-3],[-1,3],[1,2]],[[2730,1985],[-1,0]],[[2729,1985],[1,0]],[[2729,1985],[-2,2]],[[2727,1987],[3,-2]],[[2730,1985],[-1,0]],[[2749,1983],[-3,2],[1,3],[4,-3],[-2,-2]],[[2725,2056],[2,-2]],[[2727,2054],[-1,-4],[6,1],[1,-1],[-2,-6],[-4,-2],[-5,0],[-2,3],[0,2],[-3,1],[1,2],[-3,2],[3,3],[0,2],[6,1],[1,-2]],[[2725,2056],[2,2]],[[2727,2058],[2,-2]],[[2729,2056],[-2,-2]],[[2727,2054],[-2,2]],[[2729,2060],[-2,-2]],[[2727,2058],[1,2]],[[2728,2060],[1,0]],[[2729,2060],[-1,0]],[[2728,2060],[1,0]],[[2738,2065],[1,4],[4,-1],[-5,-3]],[[2763,2069],[14,-1],[4,-1],[0,-3],[-6,-1],[-5,2],[-4,0],[0,3],[-3,1]],[[2739,2072],[-3,0],[-4,2],[-1,3],[3,2],[-2,3],[0,2],[5,2],[2,3],[4,-2],[0,-6],[-1,-6],[-3,-3]],[[2753,2089],[-5,-4]],[[2748,2085],[-6,4],[5,5],[2,-2],[-1,-3],[5,0]],[[2780,2215],[2,3]],[[2782,2218],[1,1]],[[2783,2219],[1,0]],[[2784,2219],[1,0]],[[2785,2219],[0,-2],[-2,-2],[-3,0]],[[2788,2221],[1,1]],[[2789,2222],[-1,-1]],[[2789,2222],[2,4],[5,-1]],[[2796,2225],[-4,0],[-3,-3]],[[2795,2236],[-7,-1],[-1,-2],[3,-2]],[[2790,2231],[-3,-6],[1,-4]],[[2788,2221],[-3,-2]],[[2785,2219],[-1,0]],[[2784,2219],[-1,0]],[[2783,2219],[-1,-1]],[[2782,2218],[-5,-1],[-4,4],[0,3],[3,2],[9,1],[-3,5],[-1,4],[2,3],[4,2],[3,3],[4,0],[2,-4],[-1,-4]],[[2787,2284],[-2,-4],[-4,1],[3,4],[3,-1]],[[2790,2292],[2,3],[6,0],[-1,-7],[-7,4]],[[2785,2296],[4,-1],[1,-3]],[[2790,2292],[-5,4]],[[2789,2317],[1,-1]],[[2790,2316],[1,0]],[[2791,2316],[2,-4],[-2,-6]],[[2791,2306],[0,-1]],[[2791,2305],[1,0]],[[2792,2305],[-3,-1],[-4,-8]],[[2785,2296],[-3,2],[-5,1],[-2,4],[-4,3],[0,5],[5,0],[3,-1],[3,1],[0,5],[3,1],[1,3],[5,0],[-2,-3]],[[2792,2305],[-1,0]],[[2791,2305],[0,1]],[[2791,2306],[4,1],[1,6],[5,0],[-4,-6],[-5,-2]],[[2791,2316],[-1,0]],[[2790,2316],[-1,1]],[[2789,2317],[7,-1],[-2,-2],[-3,2]],[[2811,2327],[0,1]],[[2811,2328],[1,0]],[[2812,2328],[0,-1]],[[2812,2327],[-1,0]],[[2811,2329],[1,-1]],[[2812,2328],[-1,0]],[[2811,2328],[0,1]],[[2825,2472],[-1,2]],[[2824,2474],[1,-2]],[[2997,3558],[-2,3],[1,4],[5,-1],[-1,-5],[-3,-1]],[[3038,3671],[-2,1]],[[3036,3672],[1,-1]],[[3037,3671],[1,0]],[[3038,3671],[-1,0]],[[3037,3671],[-1,1]],[[3036,3672],[-4,0],[-2,2],[5,7]],[[3035,3681],[3,-10]],[[3059,3665],[-1,0]],[[3058,3665],[1,6],[-4,1],[3,6],[-3,4],[-7,2],[-4,-1],[-2,-2],[-7,0]],[[3035,3681],[3,1],[0,3],[6,-2],[4,2],[6,-1],[1,4],[-4,0]],[[3051,3688],[-3,2]],[[3048,3690],[4,1],[6,-5],[-1,-3],[2,-4],[1,-1],[2,-6],[-1,-5],[-2,-2]],[[3032,3693],[5,-2]],[[3037,3691],[1,-1]],[[3038,3690],[-3,-2],[-3,3],[0,2]],[[3038,3690],[-1,1]],[[3037,3691],[-5,4],[-1,3],[8,-3],[3,0],[1,-3],[-5,0],[0,-2]],[[3180,4658],[-3,-1],[2,8],[-1,2],[0,5],[6,1],[-2,-5],[2,-2],[-1,-5],[-3,-3]],[[3146,4684],[3,1],[10,0],[7,-1],[8,0],[0,2],[-8,0],[1,2],[7,0],[7,2],[11,-2],[4,4],[6,-1],[4,0],[4,1],[2,-1],[9,-1],[0,4],[-3,2],[0,2],[5,-1],[2,1],[6,-1],[1,1],[4,-3],[-1,-3],[3,-2],[-3,-2],[2,-1],[4,2],[6,-3],[1,1],[-3,4],[0,2],[7,-1],[9,0],[5,1],[-1,-3],[-7,-3],[-3,0],[-2,-3],[-6,0],[-4,-3],[-2,0],[-12,0],[-11,1],[-5,-2],[-3,1],[1,3],[-16,1],[1,-3],[-5,-1],[-3,-3],[-12,1],[4,2],[-14,1],[1,1],[-9,0],[-3,-1],[-3,2],[-6,0]],[[3207,4688],[-6,0],[2,-3],[8,0],[6,3],[-1,1],[-6,0],[-3,-1]],[[3188,4699],[-3,0]],[[3185,4699],[3,0]],[[3290,5156],[0,1]],[[3290,5157],[7,2]],[[3297,5159],[-7,-3]],[[3290,5157],[0,-1]],[[3290,5156],[0,1]],[[3351,6078],[3,-2],[7,0],[4,-1],[11,0],[6,1],[-5,2],[1,2],[5,-2],[2,2],[14,5],[5,-1],[0,-2],[6,-3],[0,-4],[8,-3],[8,-5],[7,-2],[0,-4],[-4,1],[-1,-10],[5,3],[5,7],[0,1],[5,2],[6,8],[8,0],[2,-4],[7,1],[2,-4],[4,0],[6,-5],[6,-1],[1,-6],[-3,-1],[-1,-3],[-13,0],[-3,2],[-9,0],[-1,-3],[-6,1],[-4,-2],[-5,1],[-3,-1],[-11,1],[-4,2],[-3,-1],[0,-3],[-7,0],[-5,6],[-11,5],[-1,3],[-3,1],[-3,3],[-10,4],[0,2],[-16,1],[-6,3],[-4,0],[-2,3]],[[3471,6060],[-5,2],[-9,0],[4,-6],[-3,-1],[1,-2],[8,0],[5,-2],[5,3],[0,5],[-6,1]],[[3470,6380],[2,1]],[[3472,6381],[-2,-1]],[[3464,6384],[5,-2],[3,-1]],[[3472,6381],[-2,-1]],[[3470,6380],[-6,4]],[[3529,6881],[7,1],[6,-1],[-1,-2],[-10,1],[-2,1]],[[3538,6901],[-5,2],[-7,0],[0,1]],[[3526,6904],[-5,1],[-1,2],[-6,0],[6,3],[9,1],[2,-3],[3,1],[1,4],[-2,2],[-5,0],[1,-2],[-6,0],[0,2],[-2,4],[4,0],[8,-2],[1,-2],[5,-3],[8,-1],[0,4],[3,-1],[1,-2],[10,-1],[1,-3],[4,-1],[1,-3],[3,-1],[5,3],[5,0],[-3,-3],[0,-3],[-11,-3],[-4,-1],[0,-3],[-6,1],[-3,-1],[-9,1],[-5,4],[-1,3]],[[3526,6904],[13,-1],[0,4],[-3,-2],[-10,1],[0,-2]],[[2399,86],[1,-1]],[[2400,85],[-1,1]],[[2400,85],[-1,1]],[[2399,86],[5,1],[1,4],[5,0]],[[2410,91],[-2,0],[-3,-5],[-5,-1]],[[2454,145],[-1,-3],[-3,-1],[-3,2]],[[2447,143],[5,2]],[[2452,145],[2,0]],[[2453,383],[-5,2],[0,2],[6,0],[6,0],[-1,-3],[-4,0],[-2,-1]],[[2679,1369],[-4,-1]],[[2675,1368],[2,1]],[[2677,1369],[2,0]],[[2749,1650],[3,1]],[[2752,1651],[-2,-4]],[[2750,1647],[0,-1]],[[2750,1646],[-4,3],[-4,0],[-11,1],[-2,3],[-6,0],[-3,-2]],[[2720,1651],[-2,-2]],[[2718,1649],[-7,1],[-5,0],[0,3],[8,1],[4,4]],[[2718,1658],[-1,-3],[4,-1],[1,4],[7,1],[5,-7],[9,-1],[3,1],[3,-2]],[[2718,1659],[0,-1]],[[2718,1658],[0,1]],[[2718,1659],[-2,0]],[[2716,1659],[2,0]],[[2764,1783],[-3,-5],[-4,-1],[-2,2],[4,2],[1,3],[4,-1]],[[2747,1785],[0,1]],[[2747,1786],[6,1],[0,-6],[-1,-4],[-4,0],[1,5],[-2,3]],[[2744,1785],[-1,-1]],[[2743,1784],[1,1]],[[2744,1785],[-1,-1]],[[2743,1784],[-1,3],[-4,0]],[[2738,1787],[6,0],[3,-1]],[[2747,1786],[0,-1]],[[2747,1785],[-3,0]],[[2736,1794],[1,0]],[[2737,1794],[-1,0]],[[2730,1797],[0,-1]],[[2730,1796],[0,1]],[[2737,1794],[-1,0]],[[2736,1794],[-3,2],[-3,0]],[[2730,1796],[0,1]],[[2730,1797],[4,4],[5,-1],[6,-1],[0,-2],[-8,-3]],[[2750,1941],[5,0],[4,-2],[13,2],[2,-2],[-4,-2],[-8,0],[0,-5],[2,-1],[0,-4],[-3,-1],[-4,2],[0,3],[-3,6],[-3,2],[-1,2]],[[2710,1954],[-2,0]],[[2708,1954],[-1,-1]],[[2707,1953],[-6,-3],[2,5],[2,1],[8,-2],[3,3],[4,0],[3,3],[5,0],[1,6],[5,2],[1,3],[-2,1],[0,3],[-2,2]],[[2731,1977],[13,0],[2,3],[4,0],[3,-3],[3,1],[-7,5]],[[2749,1983],[9,-3],[4,0],[3,-7],[5,-2],[11,6],[2,-4],[4,-1],[5,-1],[3,-3],[-1,-5],[-13,1],[-2,1],[-3,-2],[-3,2],[-4,-3],[-9,1],[-2,3],[-6,-2],[-2,2],[7,2],[-13,3],[-8,-4],[-3,-2],[-1,-6],[-2,-1],[-1,-4],[-3,-1],[0,-2],[-3,0],[-2,-4],[-3,2],[-6,-5],[-3,1],[0,3],[5,1],[-4,5]],[[2785,1980],[-3,1],[0,4],[-8,-4],[-8,0],[-4,1],[0,2],[8,0],[2,3]],[[2772,1987],[2,3]],[[2774,1990],[-1,2]],[[2773,1992],[3,3],[8,-1],[-1,4],[2,0],[0,4],[7,3],[-2,5],[1,5],[3,2],[5,0],[4,-1],[1,-9],[-2,-2],[-1,-4],[-3,-4],[-5,-2],[-2,-3],[-1,-4],[1,-5],[2,-3],[-3,-1],[-5,1]],[[2809,2061],[-2,2],[7,0],[-1,-2],[-4,0]],[[2838,2202],[-4,-4],[-9,1],[-3,2],[1,3],[4,-1],[5,3],[1,6],[5,-3],[2,-3],[-2,-4]],[[2798,2210],[2,-3],[-6,1],[1,2],[3,0]],[[2821,2232],[1,0]],[[2822,2232],[4,1],[0,-4]],[[2826,2229],[-5,3]],[[2821,2232],[0,3]],[[2821,2235],[1,-3]],[[2822,2232],[-1,0]],[[2845,2245],[-5,1],[1,3],[4,-2],[0,-2]],[[2827,2265],[0,-4],[4,-1],[0,-3],[-7,1],[-8,-1],[-4,2],[-6,8],[3,1],[1,4],[7,2],[2,3],[4,-1],[0,-3],[-3,-1],[2,-5],[5,-2]],[[2826,2282],[-4,-3],[1,8],[3,-5]],[[2856,2431],[-1,-1],[-7,3],[6,0],[2,-2]],[[2867,2648],[4,-5],[15,-1],[4,0],[5,0],[11,-1],[13,2],[13,4],[12,5],[1,2],[6,1],[18,2],[-4,3],[1,3],[7,2],[0,14],[-2,1],[1,4],[-3,1],[1,4],[-1,5],[1,1],[-2,3],[3,1],[3,3],[5,0],[2,3],[5,-1],[8,1],[-3,3],[5,0],[7,3],[9,-6],[3,0],[2,-3],[4,0],[-2,-4],[1,-3],[-1,-3],[-3,-1],[-2,-8],[-2,-1],[0,-3],[-9,-11],[-6,-3],[-6,-5],[-4,-4],[-3,-2],[-6,-5],[-1,-5],[-4,-1],[-1,-3]],[[2972,2640],[1,-4],[-2,-1],[-6,-2],[-4,-3],[-2,-5],[-7,-3],[-8,-3],[-7,0],[0,-5],[-1,-2],[-7,1],[-2,-2],[2,-2],[-1,-6],[-6,2],[0,-4],[6,-2],[1,-3],[5,-4],[1,-2],[12,-4],[6,1],[10,-1],[0,-4],[2,-1],[-2,-4],[-5,-1],[0,3],[3,0],[2,2],[-2,2],[-4,-1],[-2,-4],[3,-5],[2,2],[11,-1],[-1,-3],[-6,-2],[0,-2],[-2,-2],[-8,1],[-5,-2],[-9,1],[2,1],[-1,4],[-7,1],[-2,-1],[-4,3],[-3,1],[2,4],[-3,1],[-7,1]],[[2917,2580],[0,-1],[6,-1],[-1,-3],[-9,1],[-5,2],[-4,5],[-11,0],[-4,1],[-3,6],[-3,2],[1,3],[-4,1],[-4,-2],[1,-2],[-5,-4],[-1,-5],[-5,2],[2,10],[4,4],[-1,2],[-6,1],[-2,-4],[-2,-10],[0,-3],[3,-3],[-2,-6]],[[2862,2576],[-1,0]],[[2861,2576],[-4,-1],[0,5],[-4,2],[0,-5]],[[2853,2577],[0,0],[3,-8],[0,-2]],[[2856,2567],[-1,-2],[-8,0],[0,-4],[-3,-3],[2,-3],[2,1],[0,3],[4,-1],[2,-4],[0,-6],[9,-4],[-3,-2],[0,-5],[4,0],[2,1],[7,0],[4,-2],[-2,-3],[-7,1],[0,2],[-9,0],[-4,-5],[4,-2],[8,0],[-1,-3],[-7,1],[-2,-2],[-3,0],[-4,3],[-5,-2],[-4,-3],[-7,-2],[0,-2],[-5,-1],[-1,-4],[2,0],[-1,-7],[1,-3],[-3,-16],[-2,-3],[-1,-9],[0,-2]],[[2824,2474],[-4,-1]],[[2820,2473],[3,-4],[4,-3],[5,0],[5,-1],[3,1],[7,4],[3,3],[9,1],[13,-1],[6,1],[5,3],[12,5],[13,2],[13,0],[1,-5],[3,1],[5,-2],[1,-4],[4,-1],[1,-4],[-2,-5],[-7,5],[0,-2],[4,-4],[1,-3],[3,-2],[1,-3],[-2,-3],[-4,-2],[-3,-6],[-8,-5]],[[2919,2439],[-1,0]],[[2918,2439],[-5,-4],[-2,1],[0,2],[8,4],[0,2],[5,3],[-11,1],[-6,-2],[0,-6],[-7,-2],[2,6],[0,3],[-5,1],[-1,-4],[2,-3],[-1,-4],[-5,1],[-14,0],[0,2]],[[2878,2440],[-4,0],[-5,-3],[-7,6],[-13,6],[-12,1],[-5,0],[-2,-4],[1,-3],[-1,-9],[12,-1],[4,-5],[2,0]],[[2848,2428],[-3,-3],[3,-1],[-2,-6],[-1,-7],[2,0],[-1,-5],[0,-5],[2,-9],[-1,-3],[-2,0],[0,-4],[3,-2],[-2,-8],[2,-2],[-1,-6],[-2,-4],[2,-2],[-2,-4],[-5,-3],[-12,0],[0,-3],[4,0],[12,-2],[4,2],[1,-3],[-11,1],[-1,-4],[2,-1],[0,-3],[-6,-3],[-6,0],[-1,1],[-9,2],[0,-5],[3,-2],[-5,-4],[-4,-1]],[[2811,2329],[0,-2]],[[2811,2327],[1,0]],[[2812,2327],[-8,-1],[-5,-4],[-6,0],[-3,1],[0,5],[3,1],[2,10],[5,7],[1,10],[5,2],[0,3],[4,5],[8,4],[-1,5],[-2,4],[3,7],[-4,4],[-1,3],[1,11],[-2,3],[1,5],[7,3],[6,3],[1,2],[-4,3],[-7,1],[0,1],[-8,7],[-8,4],[-5,11],[-2,2],[2,3],[-4,0],[-3,2],[3,2],[3,-2],[2,9],[5,9],[-1,4],[-3,7],[-2,1],[-2,7],[3,14],[2,5],[3,5],[14,13],[3,2],[6,6],[0,3],[-2,12],[-2,1],[2,6],[2,1],[3,4],[2,0],[5,7],[-2,4],[2,7],[5,2],[10,7],[5,3],[1,7],[-2,4],[-7,4],[1,3],[-2,2],[0,3],[-4,0],[4,5],[-5,2],[-3,-3],[-3,0],[3,9],[-3,2],[-3,-1],[-6,2],[-7,1],[-1,3],[-12,9],[-4,0],[-6,3],[-7,0],[-3,-2],[-12,-2],[-8,8],[3,-1],[3,5],[-4,1],[3,3],[11,-3],[1,-1],[4,-2],[1,-2],[5,0],[1,2],[-1,3],[8,0],[11,1],[6,0],[12,1],[9,-1],[2,-2],[6,-1],[3,-4],[11,-3],[4,-2],[3,2]],[[2917,2580],[-6,1],[0,-2],[6,1]],[[2819,2480],[-3,-3],[-1,-3],[5,-1]],[[2820,2473],[-1,7]],[[2819,2480],[1,5],[5,2],[1,4],[-3,1],[0,-5],[-4,-2],[-1,-4],[1,-1]],[[2878,2440],[4,3],[-4,2],[0,-5]],[[2846,2567],[1,7],[-5,-5],[0,-3],[4,1]],[[2841,2546],[-2,-4],[5,-2],[5,-1],[6,-1],[1,3]],[[2856,2541],[-7,0],[-3,8],[0,3],[-4,2],[0,3],[-5,-1],[-1,-3],[2,-3],[-1,-3],[4,-1]],[[2830,2533],[-3,-4],[6,-2],[2,4],[-5,2]],[[2823,2520],[1,-4],[2,9],[-3,0],[0,-5]],[[2816,2497],[1,6],[-2,-1],[-3,-5],[4,0]],[[2902,2472],[0,1],[-5,2],[0,-3],[5,0]],[[2847,2468],[0,-2],[4,-2],[-1,4],[-3,0]],[[2902,2460],[-1,-6],[-2,-2],[-6,1],[-3,4],[-7,-3],[-3,-3],[2,-2],[-1,-2],[4,-4],[2,0],[1,4],[3,4],[8,1],[4,3]],[[2903,2455],[4,2],[6,-5],[6,1],[4,0],[4,5],[-1,4],[-3,0],[-9,-4],[0,3],[-4,0],[-3,-2],[-5,1]],[[2869,2461],[-1,-4],[4,1],[1,4],[-4,-1]],[[2856,2459],[2,4],[-3,0],[1,-4]],[[2844,2458],[-1,-3],[4,-1],[3,4],[-4,1],[-2,-1]],[[2812,2461],[0,-2],[3,-3],[1,5],[-4,0]],[[2829,2452],[-3,2],[-6,-4],[3,-2],[3,0],[3,4]],[[2814,2455],[-2,-1],[3,-7],[1,3],[-2,5]],[[2827,2444],[-3,3],[-5,1],[0,-4],[5,1],[3,-1]],[[2821,2439],[-4,1],[0,3],[-4,0],[1,-4],[7,0]],[[2839,2407],[6,12],[-3,1],[-3,-13]],[[2825,2384],[2,-1],[1,3],[3,2],[1,2],[-3,1],[-1,2]],[[2828,2393],[-1,-2],[-1,-7],[-1,0]],[[2824,2382],[1,2]],[[2825,2384],[-1,-2]],[[2806,2337],[-1,-5],[2,0],[-1,5]],[[2781,2654],[-2,2],[-4,0],[1,-4],[5,2]],[[2962,2637],[-2,-5],[-3,0],[-4,-3],[-5,-1]],[[2948,2628],[-2,1]],[[2946,2629],[-1,0]],[[2945,2629],[-2,-1]],[[2943,2628],[-2,-1],[0,-4],[11,2],[5,4],[8,4],[0,3],[-3,1]],[[2832,2642],[8,-1],[3,2],[1,2],[-7,1],[-1,1],[-8,1],[-4,-1],[2,-3],[6,-2]],[[2926,2634],[1,2],[1,3],[-4,0],[2,-5]],[[2908,2631],[6,2],[1,4],[-9,0],[2,-6]],[[2830,2633],[3,2],[6,0],[2,3],[-6,2],[-10,1],[-1,-3],[6,-5]],[[2865,2636],[-1,-2],[9,-2],[-1,3],[-5,0],[-2,1]],[[2894,2623],[-7,1],[-3,2],[0,3],[-6,0],[-1,-6],[6,-2],[2,-2],[5,1],[4,3]],[[2917,2624],[-2,-1],[-2,-4],[6,-1],[1,4],[-3,2]],[[2905,2623],[-4,-2],[0,-4],[8,3],[-1,2],[-3,1]],[[2861,2612],[3,-2],[5,-1],[-2,5],[-2,1],[0,7],[-4,1],[-5,-2],[-1,-4],[4,0],[1,-4],[1,-1]],[[2886,2617],[-3,-3],[-4,-1],[-1,-6],[-4,-3],[4,0],[2,2],[4,0],[6,-2],[7,0],[4,1],[-2,4],[1,3],[-6,2],[-2,-3],[-3,4],[-3,2]],[[2915,2613],[-1,-2],[3,-2],[0,-4],[4,1],[0,6],[-2,1],[-4,0]],[[2867,2603],[2,1],[-2,3],[-4,0],[0,-3],[4,-1]],[[2913,2588],[4,-3],[1,4],[6,3],[3,4],[-4,0],[-4,-1],[0,-3],[-4,-2],[-2,2],[3,1],[-1,2],[-4,0],[-6,-3],[-8,-1],[2,-1],[6,-1],[3,-3],[5,1],[0,1]],[[2935,2584],[3,-2]],[[2938,2582],[1,1]],[[2939,2583],[2,3],[-3,2],[-5,1],[-2,-2],[0,-4],[4,1]],[[2941,2577],[3,-2],[1,5],[-2,0],[-2,-3]],[[2856,2550],[1,5],[-2,3],[2,7]],[[2857,2565],[1,0],[-1,-6],[2,-1],[-1,-7],[-2,-1]],[[2856,2567],[1,-2]],[[2857,2565],[-1,2]],[[2861,2576],[1,0]],[[2862,2576],[-1,0]],[[3002,3238],[-4,-5],[-4,1],[8,4]],[[3027,3332],[-2,-1]],[[3025,3331],[2,1]],[[3027,3332],[-2,-1]],[[3025,3331],[-5,0]],[[3020,3331],[1,3],[4,0],[2,-2]],[[3045,3524],[2,0],[2,-4],[8,6],[2,-2],[-4,-4],[-1,-3],[-2,-1],[-2,-4],[5,-6],[-3,-2],[-4,-2],[-1,-3],[-7,-1],[5,-2],[5,0],[0,-2],[-9,1],[-3,-1],[0,-2],[-4,-1],[-3,2],[-4,-2],[1,10],[0,6],[1,7],[-1,5]],[[3028,3519],[3,0],[-1,-8],[1,-7],[4,-4],[4,0],[12,5],[-5,2],[3,5],[-5,1],[0,6],[2,3],[-1,2]],[[3068,3548],[3,-3],[0,-2],[-7,1],[-1,1],[5,3]],[[3058,3665],[1,0]],[[3059,3665],[-1,0]],[[3055,3696],[2,4],[5,1],[-3,-5],[-4,0]],[[3181,4164],[-6,1],[-2,-2],[3,-4],[6,-2],[6,0],[-1,-6],[2,-2],[-5,0],[-1,5],[-2,2],[-3,0],[-6,6],[2,5],[-6,1],[-2,5],[-7,0],[-2,2],[-7,1],[-6,-1],[-4,4],[0,4],[3,2],[4,-1],[3,-3],[4,-1],[1,-3],[5,-3],[3,1],[8,-1],[4,-3],[4,-1],[0,-2],[3,-2],[-1,-2]],[[3227,4656],[0,2],[5,8],[0,-5],[-2,-1],[-1,-4],[-2,0]],[[3244,4694],[-2,1],[0,3],[3,2],[-1,-6]],[[3585,6908],[3,0]],[[3588,6908],[9,-3],[3,1],[1,-3],[-4,-3],[-1,3],[-5,0],[0,-5],[-5,0],[0,6],[-1,4]],[[3594,6911],[-5,-1],[-1,-2]],[[3588,6908],[-3,0]],[[3585,6908],[1,3]],[[3586,6911],[-3,3],[3,2],[4,0],[5,3],[9,0],[5,1],[0,-3],[-10,0],[-1,-6],[-4,0]],[[3592,6915],[3,-1],[1,4],[-4,-3]],[[2611,700],[-4,0],[-1,3],[5,0],[0,-3]],[[2584,715],[4,4],[4,0],[0,-7],[-5,-1],[-3,4]],[[2587,728],[2,1]],[[2589,729],[-2,-1]],[[2579,736],[3,1],[1,-2],[0,-4],[6,0],[0,-2]],[[2589,729],[-2,-1]],[[2587,728],[-2,-1]],[[2585,727],[-4,2],[0,6],[-2,1]],[[2599,777],[3,0],[11,-1],[-2,-2],[-12,1],[0,2]],[[2695,1343],[4,0],[-1,-3],[-4,0],[1,3]],[[2706,1338],[-4,0],[-1,3],[3,3],[4,0],[0,-5],[-2,-1]],[[2714,1376],[1,0]],[[2715,1376],[-1,0]],[[2715,1390],[1,-1]],[[2716,1389],[-2,-2]],[[2714,1387],[-1,0]],[[2713,1387],[2,3]],[[2736,1413],[-1,2]],[[2735,1415],[1,-2]],[[2814,1468],[-5,-3],[-7,1],[-3,-1]],[[2799,1465],[-5,-2],[1,-5]],[[2795,1458],[-2,-3],[5,-1]],[[2798,1454],[1,0]],[[2799,1454],[1,-2]],[[2800,1452],[-3,0]],[[2797,1452],[-1,-3],[-4,-2],[-4,-1],[-9,1],[-14,-6],[-5,-3],[0,-5],[-3,-3],[-4,-1],[-2,-3],[2,-3],[4,1]],[[2757,1424],[0,-2],[-5,-2],[-7,1],[-3,-5],[-4,0]],[[2738,1416],[-3,-1]],[[2735,1415],[1,-2]],[[2736,1413],[-1,-5],[5,-2],[2,-2],[-9,0],[-6,-6],[-3,-1],[0,-3],[-4,-1],[-4,-4]],[[2716,1389],[-1,1]],[[2715,1390],[-2,-3]],[[2713,1387],[1,0]],[[2714,1387],[2,-5],[-1,-6]],[[2715,1376],[-1,0]],[[2714,1376],[-2,-6],[-6,-1],[-3,-5],[-7,1],[2,5],[-8,6],[-4,1],[-1,-9],[-6,1]],[[2679,1369],[-2,0]],[[2677,1369],[-2,-1]],[[2675,1368],[-5,0],[-5,2],[-3,0],[-13,1],[-3,-3],[-3,1],[-2,3]],[[2641,1372],[0,-3],[-4,0],[-4,1],[-7,0],[-3,-1],[-7,0],[1,3],[5,2],[5,0],[4,2],[6,-1],[3,1],[8,-1],[8,2],[13,-1],[4,0],[6,2],[1,2],[5,0],[3,1],[2,3],[5,2],[0,3],[3,3],[6,0]],[[2704,1392],[2,-3],[4,-2],[4,6],[5,2],[-3,4],[5,3],[-1,3],[0,7],[3,2],[2,3],[3,4],[1,5],[2,-2],[10,-1],[-4,-1],[6,-3],[0,3],[5,2],[0,2],[6,4],[4,1],[1,7],[4,5],[5,1],[3,7],[9,-1],[2,5],[6,2],[1,5],[7,3],[5,5],[3,-1]],[[2804,1469],[0,-1]],[[2804,1468],[1,-1]],[[2805,1467],[3,-1],[6,2]],[[2738,1416],[4,2],[-8,0],[4,-2]],[[2705,1383],[4,1]],[[2709,1384],[-4,-1]],[[2757,1653],[0,-3],[-5,1]],[[2752,1651],[-3,-1]],[[2749,1650],[-1,2],[6,0],[3,1]],[[2796,1737],[2,1]],[[2798,1738],[-2,-1]],[[2781,1744],[2,-2],[0,-3],[-4,0],[2,5]],[[2763,1759],[3,-1],[0,-3],[-5,1],[2,3]],[[2764,1760],[-1,-1]],[[2763,1759],[1,1]],[[2764,1760],[-1,4],[2,1],[10,-1],[-1,-3],[-4,-2],[-6,1]],[[2764,1771],[-1,-7],[-7,5],[2,2],[6,0]],[[2764,1786],[1,0]],[[2765,1786],[-1,0]],[[2765,1786],[-1,0]],[[2764,1786],[1,0]],[[2827,1957],[-2,3],[6,2],[6,-1],[8,-1],[-3,-7],[4,-1],[1,-6],[-4,-3],[-2,-1],[-5,2],[2,3],[4,0],[3,1],[-5,3],[-9,-4],[-1,-2],[-6,4],[-2,4],[2,1],[3,3]],[[2803,1966],[3,1],[2,-2],[-2,-2],[-5,-2],[-2,2],[4,3]],[[2805,2006],[3,-1],[-1,-2],[-3,1],[1,2]],[[2852,2181],[6,2]],[[2858,2183],[2,1],[2,-4],[-10,1]],[[2848,2187],[-2,-5],[6,-1]],[[2852,2181],[-7,1],[0,3],[3,2]],[[2862,2197],[4,-1]],[[2866,2196],[2,-2],[5,1],[6,-1],[0,-2],[6,-1],[9,-2],[4,-4],[3,0],[4,3],[9,2],[8,0],[-1,-3],[-4,-1],[-3,-4],[-10,-5],[-4,-1]],[[2900,2176],[-7,-3],[-3,1]],[[2890,2174],[-4,-3],[-3,0],[0,3],[-8,5],[-3,1],[-4,2],[-3,1],[-1,3],[-4,3],[-1,3],[-7,-5]],[[2852,2187],[-4,0]],[[2848,2187],[1,3],[-6,1],[-5,-1],[-1,3],[3,4],[4,2],[4,-1],[3,-1],[11,0]],[[2895,2179],[-7,-3],[2,-2]],[[2890,2174],[5,3],[0,2]],[[2867,2267],[1,-1]],[[2868,2266],[-1,1]],[[2868,2266],[-1,1]],[[2867,2267],[1,-1]],[[2897,2325],[2,-4],[-5,0],[-1,4],[4,0]],[[2897,2343],[-1,-2],[-4,0],[-2,2],[-4,1],[-1,2],[7,-1],[5,-2]],[[2918,2439],[1,0]],[[2919,2439],[-1,0]],[[2937,2484],[-7,2],[-3,2],[9,0],[1,-4]],[[2947,2558],[0,3],[3,0],[2,-1],[-2,-2],[-3,0]],[[2939,2583],[-1,-1]],[[2938,2582],[-3,2]],[[2935,2584],[4,-1]],[[2944,2591],[1,2],[4,-2],[-1,-3],[-7,3],[-2,5],[-1,1]],[[2938,2597],[-5,5],[7,0],[1,-2],[3,-3],[0,-6]],[[2940,2598],[-2,-1]],[[2938,2597],[2,1]],[[2943,2611],[-3,-1],[1,6],[5,2],[-1,-6],[-2,-1]],[[2943,2628],[2,1]],[[2945,2629],[1,0]],[[2946,2629],[-3,-1]],[[2927,2649],[-1,-1]],[[2926,2648],[1,1]],[[3074,3543],[2,-1],[1,-3],[-4,0],[1,4]],[[3143,3665],[-5,-2],[-9,1],[-2,-2],[-9,2],[-6,0],[-1,-2],[-6,1],[8,2],[8,0],[5,2],[6,0],[9,4],[4,0],[-1,-5],[-1,-1]],[[3112,3687],[2,4],[4,1],[5,0],[1,-3],[-7,0],[-5,-2]],[[3132,3690],[1,1],[5,0],[0,-3],[-4,-2],[-2,4]],[[3194,4055],[2,-2],[-2,-6],[-5,2],[0,5],[2,14],[2,0],[0,-4],[-2,-1],[1,-4],[2,-4]],[[3215,4085],[-1,-4],[1,-3],[-2,-1],[-3,4],[-2,1],[-1,5],[1,3],[3,-2],[1,4],[4,-3],[-1,-4]],[[3263,4415],[0,5],[4,-1],[-4,-4]],[[3310,4725],[3,-2],[-1,-5],[-2,-2],[4,-1],[-2,-2],[-4,0],[0,5],[3,2],[-1,5]],[[3376,5152],[9,-1]],[[3385,5151],[-9,1]],[[3376,5152],[-3,1]],[[3373,5153],[3,-1]],[[3510,6052],[-4,1],[-1,1],[8,0],[-3,-2]],[[3611,6925],[3,2],[4,-2],[7,-2],[0,-2],[-5,0],[2,-3],[-3,-1],[-2,1],[1,7],[-7,0]],[[3637,6920],[-2,1],[2,4],[0,4],[5,1],[-1,-3],[3,-3]],[[3644,6924],[-7,-4]],[[3625,6933],[1,1],[7,-1],[1,-3],[-8,0],[-1,3]],[[3648,6930],[-1,4],[5,-1],[-4,-3]],[[3660,6929],[-5,3],[4,1],[1,-4]],[[2535,91],[3,1],[3,-3],[-4,-3],[-4,2],[2,3]],[[2521,89],[-3,0],[0,4],[6,-3],[-3,-1]],[[2502,97],[-3,-4],[-5,-2],[-2,0]],[[2492,91],[1,3],[6,0],[3,3]],[[2536,93],[-1,-2]],[[2535,91],[1,2]],[[2511,98],[-7,1],[-2,-2]],[[2502,97],[2,3],[7,-2]],[[2554,229],[0,-1]],[[2554,228],[0,1]],[[2554,228],[0,1]],[[2554,229],[0,-1]],[[2595,348],[-9,0],[1,2],[5,0],[3,-2]],[[2582,364],[2,4]],[[2584,368],[0,-5],[-2,1]],[[2637,768],[4,0],[-1,-3],[-4,-1],[1,4]],[[2626,766],[0,4],[2,1],[4,0],[0,-4],[-6,-1]],[[2647,776],[-11,1],[0,4],[5,1],[6,-1],[2,-3],[-2,-2]],[[2673,784],[0,-1]],[[2673,783],[2,-2],[1,-5],[-6,-2],[-4,0],[-2,3],[-8,0],[0,3],[8,2],[8,3],[1,-1]],[[2673,783],[0,1]],[[2673,784],[7,1]],[[2680,785],[-2,-4],[-5,2]],[[2751,1374],[-1,-3],[-4,-2],[-8,1],[3,5],[4,2],[3,0],[3,-3]],[[2751,1374],[5,4],[4,-1],[0,-2],[-9,-1]],[[2757,1424],[-1,2]],[[2756,1426],[1,0]],[[2757,1426],[0,-2]],[[2756,1426],[1,0]],[[2757,1426],[-1,0]],[[2797,1452],[3,0]],[[2800,1452],[-3,0]],[[2803,1456],[-4,-2]],[[2799,1454],[-1,0]],[[2798,1454],[2,2],[3,0]],[[2796,1737],[2,1]],[[2798,1738],[4,-2],[3,0],[3,-2],[1,-3],[-3,-3],[-1,-3],[-5,1],[-2,2],[3,7],[-5,2]],[[2861,1946],[6,0],[-3,-5]],[[2864,1941],[0,3],[-3,2]],[[2861,1972],[-1,-4]],[[2860,1968],[1,4]],[[2933,2167],[-1,-4],[-6,1],[-3,2],[10,1]],[[2900,2198],[-4,1]],[[2896,2199],[4,-1]],[[2917,2325],[-1,0]],[[2916,2325],[1,0]],[[2916,2325],[1,0]],[[2917,2325],[-1,0]],[[2980,2459],[6,1],[-2,-4],[-6,3],[-5,0],[0,-4],[-6,1],[1,4],[3,2],[3,5],[2,-1],[-1,-5],[5,-2]],[[2958,2480],[3,-3],[-9,2],[6,1]],[[3005,2536],[-6,1],[1,-4],[4,-1]],[[3004,2532],[-12,2],[0,2],[-5,4],[-2,3],[6,0],[2,-2],[3,3],[6,-4],[3,-4]],[[3033,2722],[-7,-5],[-3,2],[-5,0],[-6,4],[0,3],[6,-1],[2,-3],[3,0],[6,3],[4,-3]],[[3144,3406],[-3,2],[0,2],[-7,0],[0,7],[-4,0],[-2,6],[5,4]],[[3133,3427],[1,0]],[[3134,3427],[9,0],[7,-5],[-1,-4],[4,-3],[-6,-4],[-4,0],[1,-5]],[[3134,3427],[-1,0]],[[3133,3427],[1,0]],[[3141,3430],[-3,2],[-1,2],[2,1],[5,-3],[-3,-2]],[[3126,3497],[4,3]],[[3130,3500],[0,-2]],[[3130,3498],[-4,-1]],[[3119,3497],[-6,0],[1,3],[4,1],[-1,-3],[2,-1]],[[3122,3507],[5,-1],[3,2],[8,-1],[1,-2],[-6,0],[-10,1],[-1,1]],[[3229,4002],[2,1]],[[3231,4003],[-2,-1]],[[3224,4006],[1,3],[4,0],[2,2],[8,0],[8,2],[5,2],[-3,4],[8,-1],[21,3],[-8,-4],[-3,-1],[-5,-2],[-3,0],[-6,-4]],[[3253,4010],[-7,0],[-4,-1],[-2,-2],[-5,-1],[-5,1],[1,-4]],[[3231,4003],[-2,-1]],[[3229,4002],[-6,2],[-4,2],[-3,3],[-8,5],[-2,3],[-3,0],[-1,5],[2,2],[6,0],[1,5],[-4,0],[-1,-2],[-4,1]],[[3202,4028],[2,4],[-3,1],[1,4],[4,0],[-2,-4],[6,-1],[1,6],[-2,3],[5,8],[-4,0],[-2,3],[6,0],[4,-4],[-2,-6],[-2,-2],[-2,-9],[2,-1],[-2,-5],[-4,-3],[3,-2],[4,0],[0,-2],[2,-3],[-1,-3],[8,-6]],[[3564,6031],[-6,1],[-3,-1],[-1,3],[10,-2],[0,-1]],[[3533,6035],[7,0],[3,0]],[[3543,6035],[1,2],[3,1],[-2,-5],[-12,1],[0,1]],[[3530,6040],[-8,1],[2,3],[6,-4]],[[3539,6040],[-1,2],[6,2],[0,-3],[-5,-1]],[[3683,6950],[1,0]],[[3684,6950],[0,1]],[[3684,6951],[-3,3],[-4,2],[-4,-2],[-1,-3],[-5,-7],[4,-1]],[[3671,6943],[0,-3],[-3,1],[-6,3],[1,4],[3,1],[1,4],[2,4],[2,2],[5,0],[7,-6],[7,-1],[-1,-3],[-4,-1],[-1,-4],[-2,-4],[-4,0],[-4,-2],[2,-1],[4,0],[6,0],[2,-3],[0,-3],[8,-2],[2,-2]],[[3698,6927],[4,2],[0,4]],[[3702,6933],[2,-2],[1,-5],[2,-1],[5,0]],[[3712,6925],[-3,-1],[0,-2],[-6,1],[-3,-1],[-4,0],[-4,2]],[[3692,6924],[-6,-2]],[[3686,6922],[0,2],[-8,0],[-3,-3],[-4,0],[-2,-3],[1,-2],[8,0],[3,-4]],[[3681,6912],[-3,3],[-4,0],[-3,-3],[-2,1],[-4,7],[-6,0],[-4,1],[-1,2],[-7,1],[-3,0]],[[3644,6924],[3,2],[4,-1],[1,4],[4,-1],[4,1]],[[3660,6929],[0,-3],[-4,-1],[0,-2],[5,-1],[7,3]],[[3668,6925],[-3,0],[-1,6]],[[3664,6931],[3,0],[3,-2],[9,-2],[1,3],[6,0],[0,3],[-4,2],[-6,-3],[-4,0],[-6,3],[2,3],[5,0],[0,2],[8,1],[-2,5],[4,4]],[[3668,6925],[7,0],[-2,2],[-5,-2]],[[3669,6921],[5,1],[-3,2],[-2,-3]],[[3702,6933],[-2,3],[5,0],[-3,-3]],[[3695,6938],[1,-1],[-1,-4],[-4,1],[1,5],[3,-1]],[[3690,6945],[0,-2]],[[3690,6943],[0,2]],[[3691,6950],[1,-3],[-2,-2]],[[3690,6945],[-2,1],[3,4]],[[3684,6951],[0,-1]],[[3684,6950],[-1,0]],[[3683,6950],[-5,-1],[0,3],[4,-2],[2,1]],[[3693,6950],[1,0]],[[3694,6950],[4,1],[-1,-3],[-4,2]],[[3684,6959],[1,-2],[-2,-2],[-2,4],[3,0]],[[3723,6994],[-12,-4],[-6,-4],[-2,1],[8,4],[4,1],[8,2]],[[2569,73],[-3,2]],[[2566,75],[-7,0],[-3,2],[1,3]],[[2557,80],[3,-1],[1,5],[-8,1]],[[2553,85],[0,1]],[[2553,86],[-5,3],[2,2],[4,-2],[7,2],[-6,2],[1,1],[5,1],[7,-3],[4,-3],[-1,-6],[3,-2],[6,2],[5,-2],[0,-3],[-9,0],[-7,-4],[0,-1]],[[2566,89],[-2,-2],[6,-2],[0,2],[-4,2]],[[2553,86],[0,-1]],[[2553,85],[-7,-2],[1,4],[6,-1]],[[2629,341],[1,3],[7,-1],[0,-3],[-2,-2],[-5,0],[-1,3]],[[2647,348],[4,0],[-2,-3],[-4,0],[2,3]],[[2688,770],[0,-3],[-6,0],[1,3],[5,0]],[[2676,769],[-1,4],[5,-2],[-4,-2]],[[2688,784],[2,-2]],[[2690,782],[0,-1]],[[2690,781],[0,-3],[-4,-3],[-4,1],[-2,1],[1,4],[3,3],[4,0]],[[2690,781],[0,1]],[[2690,782],[-2,2]],[[2688,784],[4,0],[-2,-3]],[[2713,807],[-2,-4],[-6,-2],[-6,0],[-4,5],[4,2],[1,6],[5,2],[5,0],[4,-3],[1,-2],[-2,-4]],[[2704,804],[4,0],[3,1],[1,7],[-5,1],[-3,-9]],[[2730,831],[-3,-1],[0,-4],[-2,-1],[-6,-1],[1,-3],[-1,-5],[-4,-1],[-6,2],[1,4],[3,2],[4,0],[2,8],[5,3],[2,-2],[4,-1]],[[2744,849],[0,-6],[-2,-3],[0,-7],[-12,-2]],[[2730,831],[-2,4],[3,4],[2,9],[5,3],[4,-1]],[[2742,850],[1,-1]],[[2743,849],[1,0]],[[2736,866],[7,0],[-1,-4],[-4,-1],[-2,2],[0,3]],[[2815,1267],[3,-1],[-2,-3],[-3,2],[2,2]],[[2805,1467],[-1,1]],[[2804,1468],[0,1]],[[2804,1469],[1,-2]],[[2818,1468],[-4,0]],[[2814,1468],[4,0]],[[2821,1489],[0,-7],[4,1]],[[2825,1483],[-5,-5],[-1,-3],[12,-2],[-4,-4],[-7,-5]],[[2820,1464],[-2,4]],[[2818,1468],[5,0],[0,4],[-3,3],[-2,0],[0,3],[-4,1],[-3,4],[3,3],[5,-4],[2,7]],[[2823,1491],[-2,-2]],[[2821,1489],[2,2]],[[2914,1572],[0,-1]],[[2914,1571],[0,-2]],[[2914,1569],[-5,0],[0,-2],[-6,-2],[-8,-1],[-5,1]],[[2890,1565],[-3,1],[-5,-3],[-9,-4],[-4,0],[-7,-5],[3,-3],[-9,-2],[-6,-2],[-4,-5]],[[2846,1542],[-1,0]],[[2845,1542],[-1,-1]],[[2844,1541],[1,-2],[-1,-2]],[[2844,1537],[-3,0],[-1,-5],[3,-8],[-3,-3],[-2,-5],[-2,-2],[6,-2],[2,1],[5,1],[0,-5],[-3,-1],[-10,-1],[-3,-4],[-1,-4],[-2,0],[0,6],[2,3],[-3,3],[1,4],[5,2],[0,2],[3,1],[2,3],[-3,7],[1,3],[-2,4]],[[2836,1537],[-3,0],[-2,2],[-4,0],[3,3],[6,1],[2,4],[3,1],[0,5],[2,0],[3,5],[4,1],[2,2],[13,0],[6,0],[7,3],[2,3],[4,1],[14,0],[3,2],[4,0],[5,2],[4,0]],[[2865,1559],[-11,-2],[0,-3],[4,1],[0,2],[6,0],[1,2]],[[2844,1541],[1,1]],[[2845,1542],[1,0]],[[2846,1542],[-2,-1]],[[2898,1953],[5,2],[5,-1]],[[2908,1954],[-5,-2],[-5,1]],[[2858,1962],[2,3],[0,3]],[[2860,1968],[3,1],[8,0],[10,-3],[6,2],[1,-2],[7,0],[5,1],[5,0],[4,1],[3,0],[5,2]],[[2917,1970],[3,-1]],[[2920,1969],[2,-3],[6,0],[4,0]],[[2932,1966],[1,2],[10,-1],[-3,-4],[-1,-5],[-3,-2],[0,-3]],[[2936,1953],[-2,-1],[-11,2],[-1,1]],[[2922,1955],[-7,1],[-7,-2]],[[2908,1954],[-1,3],[-4,-1],[-5,-3]],[[2898,1953],[-8,1],[0,3],[-5,-2],[-1,-4],[-3,0],[-3,-2],[-6,-1],[-3,2]],[[2869,1950],[-5,1]],[[2864,1951],[-1,-4],[-2,-1]],[[2861,1946],[-4,3]],[[2857,1949],[-6,3],[-4,2],[4,4],[-2,3],[10,-3],[2,2],[1,2],[-4,0]],[[2932,1966],[-1,-3],[5,-2],[-1,5],[-3,0]],[[2862,1953],[2,-2]],[[2864,1951],[-2,2]],[[2872,1951],[2,1],[3,5],[-7,-3],[2,-3]],[[2928,1982],[1,-1]],[[2929,1981],[1,-4]],[[2930,1977],[0,-1]],[[2930,1976],[-3,-1]],[[2927,1975],[-1,-2],[-6,3]],[[2920,1976],[-2,3],[4,3],[4,-1],[2,1]],[[2912,1984],[3,0],[1,-2],[0,-4],[4,-2]],[[2920,1976],[-1,-3],[-4,0],[0,5],[-3,6]],[[2929,1981],[-1,1]],[[2928,1982],[-3,3]],[[2925,1985],[4,0],[0,-4]],[[2925,1985],[-4,0]],[[2921,1985],[4,0]],[[2919,1985],[-2,1]],[[2917,1986],[2,-1]],[[2919,1985],[2,0]],[[2921,1985],[-2,0]],[[2937,1987],[1,-1]],[[2938,1986],[-6,0]],[[2932,1986],[5,1]],[[2937,1987],[1,-1]],[[2938,1986],[-1,1]],[[2917,1986],[-5,1],[0,4],[5,0],[3,-2],[-1,-2],[-2,-1]],[[3022,2414],[0,3],[4,0],[1,-3],[-5,0]],[[3037,2537],[-6,0],[0,2],[11,0],[-2,-2],[-3,0]],[[3041,2688],[2,4],[4,-2],[-2,-3],[-4,1]],[[3042,2725],[2,-1],[-1,-4],[-6,1],[-1,3],[6,1]],[[3076,2720],[0,-1],[-6,0],[5,4],[1,-3]],[[3171,3477],[0,-4],[-3,1],[1,3],[2,0]],[[3171,3477],[-1,3]],[[3170,3480],[1,-3]],[[3163,3479],[6,3],[1,-2]],[[3170,3480],[-7,-1]],[[3191,3484],[-6,-3],[-1,-3],[-4,-1],[2,4],[6,3],[3,0]],[[3195,3483],[-1,0]],[[3194,3483],[1,0]],[[3215,3487],[-2,-1]],[[3213,3486],[-3,-1],[0,3],[-3,0],[-1,3],[-5,0],[-4,-2],[-1,-2],[5,0],[-2,-3],[-4,-1]],[[3195,3483],[-1,0]],[[3194,3483],[-3,1]],[[3191,3484],[2,2],[1,5],[5,0],[5,4]],[[3204,3495],[1,-4],[7,-1],[3,-3]],[[3310,4725],[3,2],[8,-3],[5,0],[9,-1],[11,1],[1,-4],[4,-2],[-4,-7],[4,-1],[4,-9],[5,-4],[6,-7],[-2,-10],[4,-2],[-1,-6],[2,-6],[4,-4],[8,2],[4,-2],[8,-8],[8,-3],[7,0],[1,-3]],[[3409,4648],[9,-4],[5,-1]],[[3423,4643],[1,-1]],[[3424,4642],[-7,1],[-4,2],[-6,0],[-1,2],[-8,0],[1,2],[-6,0],[-8,3],[2,3],[-6,1],[-6,2],[-6,5],[1,2],[-5,2],[0,2],[-7,2],[-4,5],[-2,6],[-6,1],[-3,-2],[1,-4],[-1,-7],[2,-1]],[[3345,4669],[-1,-1],[0,-5]],[[3344,4663],[3,-1],[3,-4],[8,-2],[0,-2],[-8,1],[-10,5],[-6,5],[0,6],[3,1],[0,4],[5,2],[-2,3],[1,6],[-2,1],[2,4]],[[3341,4692],[-1,4],[-6,2],[1,3],[0,4],[-4,3],[1,2],[-6,5],[-1,3],[-3,1],[0,4],[-3,1],[-9,1]],[[3336,4717],[9,-1],[0,4],[-3,-1],[-3,2],[-6,0],[2,-4],[1,0]],[[3341,4705],[-1,4],[-3,-1],[4,-3]],[[3356,4691],[-2,-5],[4,1],[0,3],[-2,1]],[[3444,5137],[-3,-1]],[[3441,5136],[3,1]],[[3455,5137],[-8,1],[-3,-1]],[[3444,5137],[5,2],[6,-2]],[[3576,6024],[4,1],[6,-3],[2,3],[7,-1],[9,-5],[5,-1],[1,-2],[5,0],[3,-4],[7,-2],[0,-2]],[[3625,6008],[-7,1],[-2,3],[-9,1],[-8,2],[-4,2],[1,2],[-5,1],[-6,1],[-9,2],[0,1]],[[3576,6024],[-3,0],[-1,3]],[[3572,6027],[3,0],[1,-3]],[[3739,6935],[0,-4],[-2,-3],[2,-1],[-20,0],[0,2],[4,0],[4,-1],[3,1],[1,2],[6,-3],[2,7]],[[3704,6944],[1,3]],[[3705,6947],[3,2],[4,2],[-1,-4]],[[3711,6947],[-3,0],[0,-5]],[[3708,6942],[-4,2]],[[3780,6955],[-1,-2],[-6,1],[-1,-2],[-6,0],[0,-5],[-4,-2],[-11,1],[-2,-1]],[[3749,6945],[0,2],[7,-1],[1,7],[1,9],[-9,1],[-4,3],[0,6],[-3,2],[-6,0],[-6,-3],[0,-2],[-5,-3],[-6,-1]],[[3719,6965],[-3,1],[-3,-1],[-1,-4],[0,-3],[-4,1],[-4,-1],[-1,-2],[-7,-1],[-3,-3],[1,-2]],[[3694,6950],[-1,0]],[[3693,6950],[-2,0]],[[3691,6950],[1,2],[-3,2],[4,1],[2,5],[1,4],[3,-2],[8,-1],[4,2],[1,2],[4,2],[7,0],[2,3],[0,4],[12,4],[3,-2],[2,6],[2,1],[3,-2],[1,-4],[3,1],[1,-3],[4,-1],[-1,-2],[-5,-5],[7,-2],[2,1],[8,-1],[4,-1],[0,-3],[-5,-1],[-2,-2],[1,-5],[4,0],[5,2],[6,0]],[[3717,6977],[0,-4],[3,-1],[-6,-3],[-4,1],[1,7],[6,0]],[[3763,6993],[-4,1],[-3,-2],[-7,-4],[1,3],[5,4],[5,0],[3,-2]],[[3723,6994],[3,1]],[[3726,6995],[-3,-1]],[[3759,6997],[-5,0],[0,2],[3,1],[6,1],[-1,-2],[-3,-2]],[[2620,86],[4,-1],[0,-5],[-2,0],[-1,-6],[-4,0],[0,3],[-6,2],[-2,1],[2,4],[3,0],[2,2],[4,0]],[[2742,331],[-10,2],[-9,0],[-3,2],[-11,-6],[-1,-4],[-6,1],[-9,-3],[-10,1],[0,1],[11,-1],[3,2],[9,2],[2,4],[5,2],[10,1],[7,-2],[4,2],[3,2],[3,-3]],[[2740,334],[-2,-2],[4,-1]],[[2646,336],[4,3],[4,-1],[-1,-5],[-2,-2],[-4,1],[-1,4]],[[2709,333],[-8,2],[-1,5],[8,-1],[2,-3],[-1,-3]],[[2702,382],[-3,-2],[-2,3],[4,0],[1,-1]],[[2766,826],[2,-1],[-5,-2],[-4,0],[-2,2],[1,3],[3,2],[7,-1],[-2,-3]],[[2757,839],[-3,3],[1,4],[5,3],[4,-1],[2,-1],[-2,-8],[-3,-1],[-4,1]],[[2785,845],[0,1]],[[2785,846],[-1,1]],[[2784,847],[6,-1],[1,-2],[-10,-5],[-2,1],[0,3],[4,0],[2,2]],[[2784,847],[1,-1]],[[2785,846],[0,-1]],[[2785,845],[-1,2]],[[2794,877],[-9,-3],[-13,0],[-7,-4],[-13,-10],[2,-2],[3,-3],[-2,-4],[-3,0],[-2,-3],[-6,1]],[[2744,849],[-1,0]],[[2743,849],[-1,1]],[[2742,850],[2,2],[2,5],[-3,5],[1,2],[4,4],[7,3],[3,-2],[6,4],[4,-1],[2,3],[4,1],[5,-1],[6,0],[2,1],[7,1]],[[2809,872],[2,-4],[-5,0],[-2,7],[5,-3]],[[2794,877],[7,0]],[[2801,877],[-7,0]],[[2801,877],[-3,1],[5,2],[6,2],[-4,-4],[-4,-1]],[[2798,1013],[0,-1]],[[2798,1012],[0,-4],[-6,1],[0,5],[6,-1]],[[2798,1012],[0,1]],[[2798,1013],[0,-1]],[[2807,1012],[-3,2],[1,2],[5,2],[5,-2],[-1,-3],[-3,-2],[-4,1]],[[2829,1017],[-1,2],[4,1],[6,-1],[-1,-4],[-2,-1],[-5,0],[-1,3]],[[2914,1569],[0,2]],[[2914,1571],[0,1]],[[2914,1572],[4,0]],[[2918,1572],[-1,-2],[-3,-1]],[[2918,1572],[9,-1],[1,-1]],[[2928,1570],[-4,-2],[-6,4]],[[2947,1948],[-2,0]],[[2945,1948],[2,0]],[[3032,2419],[6,4],[0,-2],[-6,-2]],[[3089,2549],[3,-2],[-5,-1],[-1,-4],[9,-2]],[[3095,2540],[4,-6],[0,-2],[5,-2]],[[3104,2530],[4,-4],[3,-1],[7,0],[3,-2]],[[3121,2523],[-13,2],[-2,-2],[2,-2],[-5,-4],[-6,-1],[-9,4],[0,2],[-7,2],[-5,1],[-12,5],[-3,4],[0,3],[2,5],[4,2],[3,0],[8,4],[2,6],[3,1],[3,-2],[3,-1],[0,-3]],[[3076,2530],[4,-1],[4,-1],[3,3],[1,3],[3,2],[-2,3],[-6,0],[-5,-1],[-3,-1],[-1,-3],[2,-4]],[[3114,2729],[-3,-3],[-3,0],[0,4],[3,2],[3,0],[0,-3]],[[3111,2728],[3,1]],[[3114,2729],[-3,-1]],[[3126,2735],[1,4],[6,1],[0,-2],[6,-1],[2,-3],[4,0],[2,-3],[-1,-2],[-7,5],[-5,1],[-4,1],[-4,-1]],[[3214,3451],[1,4],[3,-5],[5,-4],[2,0],[1,-3],[-4,1],[-5,5],[-3,2]],[[3219,3456],[1,3],[4,1],[-1,-4],[-4,0]],[[3229,3457],[2,2],[0,5],[5,-2]],[[3236,3462],[-1,-5],[-6,0]],[[3241,3478],[-1,-2],[-4,-2],[0,-3],[-7,0],[0,4],[3,1]],[[3232,3476],[1,-2],[8,4]],[[3256,3474],[-2,0]],[[3254,3474],[-1,3]],[[3253,3477],[1,1]],[[3254,3478],[2,-4]],[[3308,3853],[-2,1],[2,3],[3,0],[-2,-4],[-1,0]],[[3281,3882],[7,-2],[5,1],[-1,-5]],[[3292,3876],[4,-1],[6,-2],[4,0],[0,-4]],[[3306,3869],[1,-5],[5,1],[4,-4],[-1,-2],[-4,-1],[-7,0],[-1,3],[-4,1],[-9,-1],[2,-3],[8,3],[0,-3],[3,-2],[-2,-3],[4,-1],[0,-8],[-1,-6],[-3,-4],[-3,3],[-4,1],[-1,-4],[-3,0],[0,3],[-1,4],[-3,0],[2,-5],[-2,-1],[-11,2],[1,5],[2,1]],[[3278,3843],[-3,1],[-1,3],[-5,1],[-6,0],[1,7],[3,1],[0,3],[-6,1],[2,3],[5,-1],[3,4],[3,3],[-1,2],[-5,-1],[2,-2],[-2,-2],[-11,1],[0,2],[5,1],[2,6],[-4,2],[3,2],[4,-1],[-5,5],[2,3]],[[3264,3887],[-5,0],[0,3],[5,3],[2,3],[-3,3],[3,0],[6,-4],[2,-2],[5,-2],[0,-3],[-4,0],[3,-4],[0,-3],[3,1]],[[3288,3873],[2,1],[2,2]],[[3292,3876],[-2,0],[-2,-3]],[[3278,3843],[2,3],[4,-1],[0,3],[-5,0],[-1,-5]],[[3287,3854],[-1,4],[-3,-2],[4,-2]],[[3292,3849],[-4,-1],[2,-2],[4,1],[-2,2]],[[3424,4642],[-1,1]],[[3423,4643],[1,-1]],[[3635,5992],[1,1]],[[3636,5993],[2,-1],[0,-4],[6,-1],[-4,-3],[-2,2],[-4,1],[-1,2],[-5,1],[-1,1],[4,3]],[[3631,5994],[2,-2]],[[3633,5992],[2,0]],[[3636,5993],[-1,-1]],[[3635,5992],[-2,0]],[[3633,5992],[-2,2]],[[3631,5994],[-4,2],[1,3],[3,0],[5,-3],[0,-3]],[[3644,6005],[3,-1],[0,-3],[4,-2],[9,-2],[1,1],[8,0],[4,-2],[-1,-4],[-3,-1],[-1,-3],[-4,2],[-4,0],[-4,4],[-5,2],[-4,0],[-3,4],[-5,3],[-3,0],[-2,3],[3,1],[7,0],[0,-2]],[[3634,6001],[7,0],[-3,-2],[-4,2]],[[3783,6989],[3,0],[3,3],[4,-3],[-1,-2],[-10,1],[1,1]],[[3778,7005],[-1,2],[4,3],[1,-3],[-3,0],[-1,-2]],[[3817,7040],[-2,-1],[-1,-4],[6,0],[7,-1],[6,-2],[1,-5],[-6,-2],[0,-4],[3,-5],[-1,-7],[-4,-1],[-4,6],[-2,3],[-2,-3],[-6,1],[-3,-6],[-5,1],[-1,-2],[-10,0],[-1,4],[3,0],[-1,3],[-4,-1],[-3,1],[-2,6],[6,-1],[3,-1],[2,5],[3,2],[1,10],[0,4],[7,0],[1,2],[7,0],[1,1],[6,-1],[-2,-2],[-3,0]],[[3812,7026],[0,5],[-3,1],[-1,-4],[4,-2]],[[3800,7017],[1,-4],[3,2],[-1,2],[-3,0]],[[3767,7026],[2,1],[2,3],[3,-3],[-4,-2],[-3,1]],[[3778,7030],[2,3],[3,2],[3,-1],[-8,-4]],[[3790,7043],[2,-2],[-7,-2],[-1,3],[-4,1],[-1,-2],[-6,0],[0,4]],[[3773,7045],[3,3],[5,-1],[3,-3],[6,-1]],[[3795,7043],[-5,0]],[[3790,7043],[-1,4],[3,4],[1,-2],[5,0],[1,3],[-4,-1],[0,3],[6,-1],[6,3],[3,0],[6,5],[7,7],[4,1],[-10,-10],[-3,-1],[-1,-3],[-6,0],[0,-2],[6,-1],[-7,-5],[-9,-4],[-2,0]],[[3825,7057],[1,1]],[[3826,7058],[1,0]],[[3827,7058],[-2,-1]],[[2754,272],[4,1],[-1,-4],[-4,1],[1,2]],[[2727,311],[-3,-2],[-4,0],[3,4],[4,-2]],[[2739,339],[1,0]],[[2740,339],[-1,0]],[[2740,339],[-1,0]],[[2739,339],[1,0]],[[2827,855],[-5,-1],[-3,4],[2,3],[0,3],[4,1],[3,0],[3,-3],[-1,-6],[-3,-1]],[[2837,884],[3,-1],[2,-3],[-2,-5],[-4,0],[-4,-1],[-9,2],[0,5],[3,1],[7,0],[1,2],[3,0]],[[2829,879],[5,-2],[1,3],[-6,-1]],[[2849,1023],[3,-1],[0,-3],[-4,0],[1,4]],[[2859,1026],[-1,4],[4,2],[0,2],[3,2],[-4,3],[1,5],[4,3],[7,-1],[0,-3],[3,-2],[-1,-3],[-4,-2],[2,-3],[-1,-5],[-4,-4],[-8,1],[-1,1]],[[2888,1047],[3,2],[3,-1],[-2,-3],[-4,2]],[[2896,1050],[-1,5],[5,3],[4,0],[2,-2],[-1,-5],[-3,-1],[-6,0]],[[2919,1191],[-3,2]],[[2916,1193],[3,-2]],[[2939,1188],[-4,1],[-1,2],[5,0],[10,3],[-1,-5],[-9,-1]],[[2916,1193],[-3,-1],[-3,-2],[-6,5],[3,0],[1,3],[-1,3],[0,4],[5,1],[12,-1],[5,-1],[-1,-2],[-4,-1],[-2,-5],[-6,-3]],[[2912,1201],[4,-1],[2,3],[-2,2],[-5,-1],[1,-3]],[[2927,1226],[-1,2]],[[2926,1228],[0,2],[5,0],[5,-2],[0,-4],[5,0],[-3,-4],[-7,0],[1,4],[-5,2]],[[2926,1228],[1,-2]],[[2927,1226],[0,-4],[-3,-1],[-6,2],[-3,6],[-4,2],[3,4],[7,-2],[0,-4],[5,-1]],[[2910,1233],[-1,-2],[-7,2],[2,4],[8,0],[-2,-2],[0,-2]],[[2980,1570],[-5,0]],[[2975,1570],[-5,0],[-1,-1],[-18,-3],[-3,0],[-5,-2],[-4,3],[-8,0],[-3,3]],[[2928,1570],[4,0],[4,-1],[4,2],[6,0],[8,0],[1,2],[-3,4],[7,-1]],[[2959,1576],[7,0],[4,-4],[4,0],[1,1],[5,0],[5,1],[7,-3],[1,-2],[-2,-2],[-1,-7],[4,-1],[3,-5],[-1,-3],[5,-2],[-2,-3],[-4,3],[-1,3],[1,2],[-2,2],[1,2],[-6,1],[1,2],[-6,4],[0,3],[-3,2]],[[2969,1570],[-5,4],[0,-4],[5,0]],[[2958,1593],[0,-3],[-3,-2],[-2,-6],[-4,-2],[-4,-1],[-3,1],[1,2],[0,5],[6,1],[6,3]],[[2955,1591],[2,2]],[[2957,1593],[1,0]],[[2958,1593],[1,1]],[[2959,1594],[-1,-1]],[[2963,1613],[1,-7],[-3,-1],[0,-2],[3,-2],[-1,-4],[-3,0],[-1,-3]],[[2959,1594],[-2,-1]],[[2957,1593],[-2,-2]],[[2955,1591],[0,4],[2,9],[0,3],[4,0],[0,4],[2,2]],[[2971,1618],[0,-3]],[[2971,1615],[-1,2]],[[2970,1617],[1,1]],[[2971,1621],[-2,-1]],[[2969,1620],[2,-1]],[[2971,1619],[0,-1]],[[2971,1618],[-1,-1]],[[2970,1617],[1,-2]],[[2971,1615],[-3,1],[-2,4]],[[2966,1620],[0,1]],[[2966,1621],[5,0]],[[2971,1619],[-2,1]],[[2969,1620],[2,1]],[[2971,1621],[0,-2]],[[2966,1621],[0,-1]],[[2966,1620],[0,1]],[[3019,1641],[2,-3]],[[3021,1638],[-4,0],[-2,-3],[-4,1],[-1,2],[-1,5],[-5,4],[-7,2],[3,1],[7,1],[0,-5],[6,-2],[2,-2],[4,-1]],[[3018,1648],[2,2],[6,-1],[0,-2],[-8,1]],[[3082,2136],[-1,4],[8,-1],[-1,-3],[-6,0]],[[3058,2148],[-7,7],[-2,3],[7,5],[1,-2],[-2,-2],[5,-1],[4,-3],[-1,-3],[-5,-4]],[[3125,2522],[-4,1]],[[3121,2523],[4,-1]],[[3178,2715],[2,0]],[[3180,2715],[1,0]],[[3181,2715],[1,0]],[[3182,2715],[1,0]],[[3183,2715],[-3,-5],[-3,1],[1,4]],[[3182,2715],[-1,0]],[[3181,2715],[-1,0]],[[3180,2715],[-2,0]],[[3178,2715],[4,0]],[[3366,3864],[6,1],[4,-2],[6,0],[1,3],[3,0],[-2,-5],[-2,-2],[5,-1],[-1,-3],[-6,1],[2,-3],[-1,-2],[-9,-1],[0,-4],[14,0],[4,-2],[4,2],[3,-1],[-11,-4],[-5,-5],[3,-6],[0,-3],[-5,-5],[-3,0],[-7,2],[2,3],[-1,1],[-4,1],[-2,-6],[3,-1],[-7,-3],[-2,-3],[-11,0],[1,3],[-8,0],[-4,1],[-5,0],[-1,3],[2,4],[-3,3],[-3,-3],[2,-4],[-8,0],[0,4],[-3,4],[-1,3],[-2,1],[-5,0],[0,5],[0,3],[6,10],[1,1],[6,5],[8,0],[7,-2],[5,-1],[3,2],[4,-2],[3,-3],[4,-1],[4,3],[0,2],[6,2],[0,5]],[[3378,3854],[-2,2],[-6,1],[0,-4],[8,1]],[[3367,3848],[-2,3],[-5,1],[-1,-3],[1,-6],[3,-1],[3,-5],[2,3],[-2,2],[1,6]],[[3349,3845],[-3,3],[0,3],[-2,2],[-6,1],[-2,-6],[1,-3],[-1,-3],[-4,-6],[-1,-3],[9,2],[2,1],[1,5],[3,0],[-1,-3],[1,-3],[-9,-4],[-7,1],[7,-4],[8,1],[-1,-4],[1,-3],[9,-1],[-1,3],[-4,11],[3,5],[7,4],[-1,1],[-5,0],[-4,0]],[[3376,3839],[5,1],[-4,5],[-4,0],[0,-2],[-3,-2],[0,-4],[6,2]],[[3375,3833],[-4,1],[-1,-4],[2,-1],[3,4]],[[3407,3943],[1,-3],[-6,0],[-2,2],[7,1]],[[3411,3946],[4,1],[1,-2],[-2,-1],[-3,2]],[[3643,5656],[-8,0],[-4,1],[-10,0],[-1,3],[-6,3],[-1,4],[7,2],[3,-1],[3,1],[1,3],[7,-1],[0,-3],[-2,-1],[-8,1],[-2,-3],[2,-2],[6,-1],[9,2],[3,0],[2,2],[0,3],[2,1],[4,-2],[5,0],[1,-1],[5,-1],[-1,-5],[-9,1],[-6,-2],[-2,-4]],[[3703,5976],[0,2],[6,-1],[2,-3],[-7,1],[-1,1]],[[3687,5975],[0,2],[-3,2],[-3,0],[0,4],[5,4],[5,0],[1,-3],[7,-2],[-3,-4],[2,-3],[-5,0],[-3,-1],[-3,1]],[[3694,5988],[8,1],[-2,-2],[-6,1]],[[3834,7054],[-2,3],[7,0],[1,2],[4,-1],[-10,-4]],[[3827,7058],[-1,0]],[[3826,7058],[-1,-1]],[[3825,7057],[-3,-2],[-2,0],[5,6],[2,0],[4,5]],[[3831,7066],[5,2]],[[3836,7068],[-3,-3],[5,-1],[0,2],[8,-1],[-2,-3],[-5,0],[-3,-2],[-8,0],[-1,-2]],[[3868,7063],[-3,-2],[-3,3],[1,4],[2,0],[1,-5],[2,0]],[[3878,7063],[-2,-2],[-4,7],[2,4],[2,-8],[2,-1]],[[3848,7074],[-1,-1],[-4,-1]],[[3843,7072],[2,2],[3,0]],[[3874,7075],[1,6],[2,-1],[-3,-5]],[[2761,136],[3,0],[0,-3],[-3,0],[0,3]],[[2789,291],[-4,0],[-2,7],[6,1],[4,-2],[-1,-4],[-3,-2]],[[2788,312],[-7,-3],[0,3],[7,0]],[[2841,444],[1,-1]],[[2842,443],[-1,1]],[[2842,443],[-1,1]],[[2841,444],[1,-1]],[[2849,445],[4,1]],[[2853,446],[3,2]],[[2856,448],[0,-2]],[[2856,446],[-2,0]],[[2854,446],[-5,-1]],[[2854,446],[2,0]],[[2856,446],[-2,0]],[[2849,445],[-3,1],[4,5],[3,-1],[0,-4]],[[2853,446],[-4,-1]],[[2860,451],[6,0],[-1,-4],[-5,1],[0,3]],[[2954,839],[-1,2],[-4,-1],[-12,2],[-4,-2],[-4,0],[-3,3],[-3,4],[1,4],[3,2],[-2,2],[-7,-3],[-7,-1],[0,2],[-11,-1],[-6,5],[1,2],[-3,3],[0,3],[-6,0],[1,2],[7,7],[3,0],[7,-2],[6,-1],[2,-2],[8,1],[2,3],[5,1],[9,0],[5,-4],[3,-4],[17,-2],[2,-5],[-1,-5],[-3,-5],[-8,-7],[4,-1],[-1,-2]],[[2924,862],[-8,5],[-5,-1],[-4,-3]],[[2907,863],[4,1]],[[2911,864],[3,-2],[-2,-3],[4,-1]],[[2916,858],[1,0]],[[2917,858],[4,0],[1,-2],[4,0],[2,2],[5,1],[6,-1],[3,-3],[0,8],[-4,0],[0,4],[-4,0],[-2,-1],[-6,1],[-2,-5]],[[2917,858],[-1,0]],[[2916,858],[1,0]],[[2925,862],[-1,0]],[[2924,862],[1,0]],[[2930,1069],[0,4],[3,-1],[-3,-3]],[[2952,1195],[1,0]],[[2953,1195],[-1,0]],[[2953,1195],[-1,0]],[[2952,1195],[1,0]],[[3017,1535],[-3,3],[0,2],[-4,2],[-6,1],[1,1],[8,0],[2,-3],[6,-2],[-1,-2],[9,-2],[9,0],[6,-3],[4,-4],[3,-1],[0,-7],[-8,-1],[-2,3],[-6,0],[0,5],[-4,0],[1,2],[-6,4],[-6,0],[-3,2]],[[3024,1636],[1,0]],[[3025,1636],[2,-1]],[[3027,1635],[3,-1]],[[3030,1634],[-8,0],[2,2]],[[3030,1634],[1,1]],[[3031,1635],[-1,-1]],[[3029,1637],[4,2]],[[3033,1639],[-2,-4]],[[3031,1635],[-2,2]],[[3025,1636],[-1,0]],[[3024,1636],[1,4],[4,-3]],[[3029,1637],[-2,-2]],[[3027,1635],[-2,1]],[[3053,1638],[-3,-3]],[[3050,1635],[2,4]],[[3052,1639],[1,-1]],[[3050,1635],[-8,0]],[[3042,1635],[-1,-1],[-7,-1],[1,4],[-2,2]],[[3033,1639],[4,1],[1,4],[-1,4]],[[3037,1648],[2,-4],[0,-4],[10,2],[1,-7]],[[3104,1826],[-4,-3],[-4,0],[-2,3],[-4,-1],[2,-3],[8,0],[1,-3],[-13,2],[-1,2],[-9,1],[5,4],[11,1],[10,-1],[0,-2]],[[3068,1844],[1,1]],[[3069,1845],[-1,-1]],[[3060,1847],[4,2],[2,-1]],[[3066,1848],[-4,-4],[-2,3]],[[3069,1845],[-1,-1]],[[3068,1844],[6,6]],[[3074,1850],[-2,-5],[-3,0]],[[3060,1847],[0,1]],[[3060,1848],[0,-1]],[[3074,1850],[-1,1]],[[3073,1851],[1,-1]],[[3106,1967],[1,-1]],[[3107,1966],[-3,0]],[[3104,1966],[2,1]],[[3107,1966],[-1,1]],[[3106,1967],[1,-1]],[[3091,2022],[0,4],[-4,2],[3,2],[4,0],[3,-4],[0,-2]],[[3097,2024],[-6,-2]],[[3095,2033],[4,-1]],[[3099,2032],[-4,1]],[[3111,2038],[-3,-3],[0,-3],[-4,-2]],[[3104,2030],[-5,2]],[[3099,2032],[0,2]],[[3099,2034],[4,4],[7,1]],[[3110,2039],[1,-1]],[[3099,2034],[-4,1],[-4,1],[1,4],[7,-6]],[[3180,2530],[4,3],[2,-4],[-2,-1],[-4,2]],[[3194,2536],[2,1]],[[3196,2537],[-2,-1]],[[3219,2528],[-1,5],[-6,2],[-4,0],[1,5],[4,3],[3,0],[-4,-4],[0,-3],[8,-3],[4,4],[2,-3],[1,-5],[-7,1],[-1,-2]],[[3196,2537],[-2,-1]],[[3194,2536],[2,1]],[[3205,2552],[1,-1]],[[3206,2551],[-2,-4],[-3,0]],[[3201,2547],[0,3],[4,2]],[[3206,2551],[-1,1]],[[3205,2552],[0,7],[5,0],[-1,-4],[-3,-4]],[[3225,2572],[1,3],[4,0],[0,-3],[-2,-2],[-3,2]],[[3238,2582],[-7,-1],[4,4],[6,2],[-1,-4],[-2,-1]],[[3193,2622],[1,2],[4,0],[2,-5],[-5,0],[2,4],[-4,-1]],[[3330,3151],[4,1],[0,-3],[-5,0],[1,2]],[[3375,3435],[6,0],[0,-2],[-6,2]],[[3342,3449],[5,-3]],[[3347,3446],[-5,3]],[[3507,4421],[-4,-1],[1,3],[4,2],[3,-3],[-4,-1]],[[3535,4589],[4,1],[-2,-3],[-4,0],[2,2]],[[3620,5135],[4,0],[6,0]],[[3630,5135],[-4,-1],[-6,1]],[[3753,5958],[-4,1],[-4,4],[-1,8],[-2,2],[3,2],[7,-4],[4,3],[4,-1],[1,-2],[-1,-8],[-2,0],[-3,-4],[-2,-1]],[[3879,6903],[3,2],[2,-1],[-3,-3],[-2,2]],[[3934,7053],[0,-2],[-5,1],[1,2],[4,-1]],[[3911,7061],[3,0],[-1,-5],[-2,0],[0,5]],[[3922,7065],[3,2],[2,-3],[-4,-1],[-1,2]],[[3917,7081],[4,0],[-3,-5],[-2,5],[-4,3],[-5,1],[-20,2],[7,1],[14,-2],[5,-1],[4,-4]],[[3914,7078],[-7,0],[-1,1],[-9,1],[3,2],[5,0],[8,-2],[1,-2]],[[2817,65],[-8,1],[6,2],[4,1],[2,-2],[-4,-2]],[[2818,75],[-4,1],[1,2],[7,0],[-1,-4],[-3,1]],[[2845,345],[3,0],[0,-3],[-6,-1],[3,4]],[[2866,351],[4,0],[0,-3],[-6,-2],[2,5]],[[2858,351],[0,-2],[-4,0],[0,2],[4,0]],[[2881,350],[-2,0],[-3,4],[4,3],[2,-5],[-1,-2]],[[2872,452],[1,6],[6,-1],[0,-4],[-2,-2],[-5,1]],[[2881,452],[2,4],[5,0],[0,-4],[-2,-1],[-5,1]],[[2922,450],[-1,-4],[-4,-2],[-4,0],[-4,5],[0,6],[4,1],[2,5],[3,-1],[5,-5],[-1,-5]],[[2900,457],[-2,0],[-2,3],[2,6],[1,1],[6,-2],[-1,-6],[-4,-2]],[[2968,746],[1,-5],[-4,2],[3,3]],[[2969,763],[3,-3],[-6,-1],[1,4],[2,0]],[[3086,1494],[2,3],[-2,2],[-9,-3],[-3,2],[-5,1],[-2,2],[0,3],[2,1]],[[3069,1505],[1,-2],[4,0],[2,4],[-6,1],[-4,-1],[1,4],[8,2],[4,-1],[2,-4],[-3,-2],[0,-4],[1,-1],[5,0],[8,-2],[6,5],[5,-1],[1,1]],[[3104,1504],[1,-1]],[[3105,1503],[-1,-3],[-5,2],[-1,-3],[-3,-2],[-3,1],[-3,0],[-3,-4]],[[3107,1508],[-1,-1]],[[3106,1507],[-1,2]],[[3105,1509],[2,-1]],[[3135,1684],[2,-1]],[[3137,1683],[0,-1]],[[3137,1682],[1,-1]],[[3138,1681],[4,2],[1,3],[2,0],[-3,-7],[-4,-2],[0,-4],[-1,-2],[-5,-1],[0,-3],[-7,0]],[[3125,1667],[3,2],[-1,2],[-6,1]],[[3121,1672],[-1,-3],[-7,-3],[-1,-6],[-5,-2],[-3,-1],[-10,0],[-1,-2],[-3,-1],[-1,-2],[-4,-1],[-5,0],[-5,-2],[-8,-1],[1,-2],[-9,-2],[-3,-2],[-3,-4]],[[3053,1638],[-1,1]],[[3052,1639],[2,4],[-2,3],[5,-1],[4,2],[4,-1],[-1,4],[11,0],[3,3],[4,-1],[6,1],[4,2],[0,3],[8,5],[1,3],[3,1],[7,0],[-2,2],[1,4],[5,3],[11,1],[6,-4],[2,4],[0,6],[1,1]],[[3125,1661],[1,0]],[[3126,1661],[-1,0]],[[3126,1661],[-1,0]],[[3125,1661],[1,0]],[[3138,1681],[-1,1]],[[3137,1682],[0,1]],[[3137,1683],[1,-2]],[[3135,1684],[-2,3]],[[3133,1687],[4,0],[-2,-3]],[[3133,1687],[0,2],[2,3],[4,2],[4,0]],[[3143,1694],[-5,-1],[-2,-2]],[[3136,1691],[-3,-4]],[[3155,1779],[-5,-3],[-5,2],[2,2],[6,0],[2,-1]],[[3157,1780],[-2,-1]],[[3155,1779],[-3,2],[-8,-1],[1,3],[4,0],[8,-3]],[[3136,1792],[3,-2]],[[3139,1790],[-4,2]],[[3135,1792],[1,0]],[[3136,1792],[-1,0]],[[3135,1792],[1,0]],[[3225,2258],[-5,-1],[-7,4],[-3,1],[-1,-8],[-3,-2],[-6,1],[0,6],[4,1],[0,2],[7,2],[6,-4],[3,2],[2,-4],[3,0]],[[3363,3024],[0,2],[7,0],[-1,-5],[-5,1],[-1,2]],[[3345,3048],[6,-1],[-1,-1],[-4,1],[-1,1]],[[3360,3110],[2,2],[-10,11],[-4,0],[-1,3],[-3,2],[1,3],[-6,1],[4,6]],[[3343,3138],[1,1]],[[3344,3139],[4,-1],[1,3],[-2,3],[4,1],[0,-4],[7,0],[3,-2],[-3,-4],[6,-2],[4,2],[-4,4],[-5,3],[-4,3],[-2,0],[-9,4],[-6,5],[-2,4],[-4,-1],[0,-3],[-3,-1],[-2,1],[-4,4],[-5,1],[-6,3],[-8,-1],[0,3],[-4,-1],[1,3],[4,-1],[4,3],[2,3],[-2,1],[2,5],[-3,4],[-1,5],[1,4],[4,0],[-1,-4],[6,0],[3,6],[5,3],[5,-2],[2,3],[3,-5],[6,-3],[1,-3],[5,-2],[1,-6],[2,-1],[0,-5],[-3,-4],[-3,-4],[-1,-3],[5,1],[0,5],[6,4],[4,0],[-2,-13],[2,-4],[-1,-5],[3,-1],[5,-4],[3,2],[0,3],[-8,2],[0,2],[5,0],[0,3],[-3,2],[1,3],[4,0],[1,-3],[3,0],[-2,-4],[3,-1],[0,-5],[2,-2],[-2,-6],[3,-3],[4,-1],[3,1],[-1,3],[4,1],[1,6],[1,1],[4,-2],[-3,-3],[0,-2],[4,-3],[-6,0],[-5,-4],[-5,1],[-6,-1],[-5,-2],[-1,-2],[-7,-1],[0,-4],[6,3],[3,0],[2,2],[3,1],[2,-2],[-6,-3],[-1,-7],[3,-2],[-3,-2],[0,-3],[2,-3],[3,3],[4,0],[1,-2],[8,1],[4,1],[-2,-4],[-3,-1],[-6,0],[-3,-2],[-4,-5],[-8,-3],[0,-6],[2,1],[2,4],[7,-1],[2,4],[4,3],[4,-1],[-5,-2],[-3,-5],[0,-4],[-3,-1]],[[3372,3088],[10,2]],[[3382,3090],[-1,-1]],[[3381,3089],[-2,-1],[-1,-5],[-2,-4],[4,0],[-1,-12],[2,-3],[7,-5],[-5,-2],[-6,0],[-2,-3],[-8,0],[-1,2],[6,1],[4,4],[-6,3],[-5,-5],[-7,-2],[-1,-6],[-5,0],[0,2],[3,3],[-3,5],[-10,2],[-4,3],[2,3],[3,-4],[4,-1],[3,1],[7,0],[0,4],[2,5],[6,1],[-2,5],[-7,2],[-1,4],[-3,1],[-4,-1],[-1,3],[3,1],[3,-1],[1,5],[2,2],[0,3],[7,2],[0,8],[-3,1]],[[3334,3162],[7,3],[1,3],[2,1],[1,3],[-9,1],[1,7],[-7,-2],[-4,2]],[[3326,3180],[3,5],[-1,4],[-5,-3],[-2,-3],[-7,0],[-1,-2],[5,-1],[7,-5],[1,-3],[-2,-3],[-6,-5],[8,-2],[0,-3],[6,0],[2,3]],[[3352,3128],[1,3],[-5,1],[4,-4]],[[3373,3090],[-7,1],[-1,-2],[5,-1],[3,2]],[[3372,3084],[2,1],[-6,1],[-4,-3],[3,-2],[2,4],[3,-1]],[[3367,3068],[3,5],[-4,1],[-4,-2],[1,-4],[4,0]],[[3360,3110],[-4,-5],[-4,2],[-2,3],[10,1],[0,-1]],[[3351,3113],[3,3],[3,-1],[-2,-3],[-4,1]],[[3344,3146],[0,-7]],[[3344,3139],[-1,-1]],[[3343,3138],[-4,0],[-1,3],[-4,2],[2,2],[8,1]],[[3384,3418],[4,1],[-1,-5],[-4,-3],[1,7]],[[3480,3862],[0,6],[5,-2],[0,-2],[-5,-2]],[[3556,4219],[-5,-2],[-3,-2],[-7,-2],[-7,0],[-2,-1],[-6,-2],[-7,1],[-1,2],[-4,-1],[-11,1],[-8,1],[-1,-3],[-4,1],[-2,2],[-4,0],[0,2],[8,-1],[13,-1],[4,1],[10,-1],[4,3],[5,-2],[3,2],[6,1],[8,-1],[5,2],[6,0]],[[3556,4219],[3,3],[5,5],[1,3],[6,7],[0,-4],[-3,-2],[0,-3],[-4,-5],[-4,-3],[-4,-1]],[[3612,4770],[1,3],[8,-1],[0,-2],[-9,0]],[[3810,5950],[1,-1]],[[3811,5949],[-1,-1]],[[3810,5948],[0,2]],[[3948,6979],[-6,2],[-1,2]],[[3941,6983],[1,-1],[8,1],[4,-2],[0,-2],[-5,-1],[-1,1]],[[3972,6979],[-2,2],[0,2],[5,0],[-3,-4]],[[3934,6990],[4,-1],[6,-1],[-2,-2],[-5,0],[-3,4]],[[3939,7004],[5,1],[0,-4],[-3,0],[-2,3]],[[3943,7028],[-1,-2],[-6,1],[-3,1],[4,3],[7,0],[-1,-3]],[[3974,7038],[0,-1]],[[3974,7037],[-6,-1],[0,5],[3,-3],[3,0]],[[3974,7037],[0,1]],[[3974,7038],[0,-1]],[[3960,7049],[6,-1],[-2,-4],[3,0],[-2,-5],[0,-4],[-3,-1],[-3,2],[-3,-3],[-14,1],[9,2],[3,4],[5,-2],[4,-1],[0,4],[-3,1],[-1,3],[1,4]],[[3949,7050],[4,1],[3,-5],[-6,1],[-1,3]],[[3945,7049],[-2,-2],[-1,-4],[-3,1],[-1,2],[1,5],[-1,2],[-4,2],[5,2]],[[3939,7057],[8,0],[2,2]],[[3949,7059],[5,-1],[-1,-4],[-4,0],[-3,-2],[-1,-3]],[[3965,7051],[-3,1],[-2,-3]],[[3960,7049],[-1,2],[3,3],[3,-3]],[[3984,7053],[3,1],[2,-2],[-4,-1],[-1,2]],[[3970,7070],[8,2],[7,-1],[5,-2],[-12,1],[-8,0]],[[2918,191],[0,2],[5,1],[-1,-4],[-4,1]],[[2919,433],[-2,2],[2,4],[4,-1],[-1,-3],[-3,-2]],[[2966,435],[4,-1],[-1,-2],[-3,-1],[0,4]],[[2956,435],[-5,-2],[-2,3],[2,7],[2,2],[5,1],[1,-2],[-1,-7],[-2,-2]],[[2944,440],[-3,-3],[-4,-1],[-3,5],[2,7],[4,2],[5,-1],[2,-1],[-1,-7],[-2,-1]],[[2967,445],[2,1],[2,4],[4,-1],[-2,-4],[-4,-3],[-2,3]],[[2937,456],[-5,-1],[-2,5],[1,6],[7,0],[2,-2],[-1,-6],[-2,-2]],[[2943,461],[1,6],[6,1],[0,3],[4,3],[5,0],[1,-2],[-2,-5],[-2,-2],[-5,1],[-1,-3],[-3,-3],[-4,1]],[[2954,471],[0,-4],[4,2],[0,2],[-4,0]],[[2994,693],[6,-1],[7,-2],[5,-2],[3,2],[6,-3],[4,1],[6,0],[-2,-3]],[[3029,685],[4,-1]],[[3033,684],[2,-1]],[[3035,683],[3,-3],[-3,-2]],[[3035,678],[0,1],[-10,4],[-4,-1],[-7,3],[-3,2],[-10,1],[-7,5]],[[2988,695],[-5,1],[3,2],[2,-3]],[[3009,703],[1,-2],[-5,0],[1,2],[3,0]],[[2992,703],[2,6],[-5,2],[-2,2],[1,2],[-4,4],[11,-1],[0,-6],[3,-1],[-2,-4],[2,-2],[-3,-3],[-3,1]],[[3000,739],[-3,-6],[-2,0],[2,6],[3,0]],[[2992,774],[-2,-4]],[[2990,770],[-2,3],[4,1]],[[2999,787],[2,4]],[[3001,791],[-2,-4]],[[3029,847],[3,-3],[3,0]],[[3035,844],[-7,-1],[-4,1],[-5,-4]],[[3019,840],[-2,-1],[-1,-6],[-2,0],[-1,-5]],[[3013,828],[-6,0],[-11,-5],[-1,-5],[-2,-1],[0,-3],[5,0],[3,-2],[3,-4],[-2,-4],[-3,-9],[2,-4]],[[3001,791],[-3,4],[-4,0],[0,-4],[-1,-6],[-3,0]],[[2990,785],[3,1],[1,6],[-1,3],[2,1]],[[2995,796],[-2,1],[2,12],[-2,-1],[-5,3],[1,3],[5,5],[2,7],[0,2],[-6,1],[-4,2],[-5,0],[-4,1]],[[2977,832],[-1,-1],[-10,0],[-2,2],[-7,2],[0,2],[-3,2]],[[2954,839],[7,-1],[5,-2],[10,-2],[5,2],[1,-4],[6,2],[2,0],[2,-3],[6,-2],[4,3],[0,3],[3,3],[3,0]],[[3008,838],[3,3],[2,5],[8,4],[3,-1],[2,-3],[3,1]],[[3008,838],[-3,-1],[1,-2],[6,1],[-1,2],[-3,0]],[[3039,845],[7,-4],[-5,0],[-2,4]],[[3164,1499],[1,-1]],[[3165,1498],[-1,1]],[[3168,1521],[6,-2],[4,-2],[1,-3]],[[3179,1514],[-6,-1],[-3,1]],[[3170,1514],[-2,0]],[[3168,1514],[-2,0]],[[3166,1514],[-1,-2],[-6,1],[-3,2],[-9,0],[-6,-2],[-2,-1],[-3,1],[-5,-4],[-6,-4],[-5,0],[-2,-3],[-7,1],[-5,-1]],[[3106,1502],[-1,1]],[[3105,1503],[-1,1]],[[3104,1504],[5,2],[-2,2]],[[3107,1508],[-2,1]],[[3105,1509],[5,2]],[[3110,1511],[2,-2],[5,-1],[5,3],[5,5],[6,1],[3,1],[-2,2],[8,0],[4,3]],[[3146,1523],[4,-2],[7,-1],[4,2],[7,-1]],[[3168,1514],[-2,0]],[[3166,1514],[2,0]],[[3143,1694],[2,3]],[[3145,1697],[-2,-3]],[[3190,1696],[-1,-4],[-3,-1],[-3,1],[1,3],[6,1]],[[3184,1702],[5,-1],[-1,-3],[-2,-1],[-5,4],[3,1]],[[3163,1706],[0,-2]],[[3163,1704],[0,2]],[[3163,1706],[5,0]],[[3168,1706],[-1,-2]],[[3167,1704],[1,-1]],[[3168,1703],[-5,1]],[[3163,1704],[0,2]],[[3168,1703],[-1,1]],[[3167,1704],[1,2]],[[3168,1706],[5,0]],[[3173,1706],[-5,-3]],[[3186,1708],[1,0]],[[3187,1708],[-1,0]],[[3187,1709],[1,1]],[[3188,1710],[-1,-2]],[[3187,1708],[0,1]],[[3187,1709],[-1,-1]],[[3186,1708],[1,1]],[[3170,1711],[0,-3],[-4,0],[0,5],[4,-2]],[[3200,1730],[0,2]],[[3200,1732],[0,-2]],[[3195,1749],[-1,-1]],[[3194,1748],[1,1]],[[3196,1755],[2,-2],[-1,-4],[-2,0]],[[3195,1749],[1,2],[0,4]],[[3176,1765],[4,-3]],[[3180,1762],[-3,0],[-1,3]],[[3163,1774],[-1,0]],[[3162,1774],[-6,0]],[[3156,1774],[0,1],[7,-1]],[[3164,1773],[-2,1]],[[3162,1774],[1,0]],[[3163,1774],[1,-1]],[[3169,1775],[-3,2],[4,2],[3,-2],[-4,-2]],[[3229,1903],[0,-3],[-4,-1],[0,4],[4,0]],[[3376,2933],[1,5],[3,-3],[1,-2],[-5,0]],[[3383,2952],[-4,-5],[0,7],[6,3],[-2,-5]],[[3381,3089],[1,1]],[[3382,3090],[-1,-1]],[[3392,3126],[1,3],[-4,0],[-4,-4],[3,-4],[-1,-4],[-7,-5],[-4,0],[-3,3],[1,3],[1,6],[3,3],[4,-1],[1,4],[5,4],[3,-1],[3,-3],[6,1],[3,-1],[-3,-2],[-8,-2]],[[3392,3126],[3,-2],[-3,-3],[-3,1],[1,2],[2,2]],[[3452,3244],[-5,0],[2,2],[4,0],[-1,-2]],[[3467,3258],[-4,-2],[-6,1],[0,4],[5,4],[0,3],[4,3],[4,-1],[-1,-6],[-2,0],[0,-6]],[[3561,4216],[3,1],[6,-1]],[[3570,4216],[-2,-1],[-7,1]],[[3570,4216],[9,2],[6,0],[8,1],[0,-2],[-4,0],[-7,-2],[-10,0],[-2,1]],[[3592,4335],[1,3]],[[3593,4338],[-1,-3]],[[3644,4566],[2,-1],[-1,-5],[-4,1],[3,5]],[[3639,4566],[-7,0],[-1,3],[-2,4],[-7,5],[-1,5],[5,-1],[2,-3],[0,-2],[8,-9],[3,-2]],[[3667,4594],[3,1],[4,4],[4,0],[6,-5],[-3,-1],[-10,1],[-5,-1],[-1,-3],[-5,0],[-2,1],[-3,1],[7,5],[0,2],[8,2],[3,-1],[-4,-3],[-2,-3]],[[3876,5919],[1,-3],[-2,-2],[-1,-3]],[[3874,5911],[0,-1]],[[3874,5910],[-3,2],[0,4],[5,1],[0,2]],[[3969,6633],[-2,-12],[-1,-5]],[[3966,6616],[-2,1],[1,5],[2,4],[2,7]],[[3969,6639],[2,4]],[[3971,6643],[-2,-4]],[[3971,6643],[2,7],[3,2]],[[3976,6652],[-2,-3],[-1,-5],[-2,-1]],[[3977,6768],[-1,-2],[0,-7],[1,-3],[-2,-4],[4,-2],[-1,-4],[-2,-1],[-2,-7],[2,-1],[0,-4],[1,-3],[-4,-5],[1,8],[0,4],[-1,2],[2,6],[2,5],[-4,3],[2,9],[0,5],[2,1]],[[3978,6785],[-1,-4]],[[3977,6781],[1,4]],[[3978,6785],[1,5],[-2,1],[-2,4],[2,10]],[[3977,6805],[-1,-9],[4,-4],[1,-3],[-3,-4]],[[3972,6811],[1,-1]],[[3973,6810],[4,-5]],[[3977,6805],[-6,4],[1,2]],[[3973,6810],[-1,1]],[[3972,6811],[1,-1]],[[3968,6817],[1,0]],[[3969,6817],[-1,0]],[[3969,6817],[-1,0]],[[3968,6817],[-2,2],[-3,3],[1,1],[5,-6]],[[3988,6893],[4,-1],[3,-2]],[[3995,6890],[-7,3]],[[3988,6893],[-2,2]],[[3986,6895],[2,-2]],[[4018,6946],[3,-2],[-3,-3],[3,-4],[1,-3],[3,-1],[12,-1],[3,-6],[-4,-1],[-1,-3],[-5,2],[-2,2],[-2,5],[-3,2],[-6,1],[-3,2],[1,3],[-5,1],[-2,6],[5,-3],[3,0],[2,3]],[[4003,6963],[-8,2],[2,5],[4,-2],[2,-1],[0,-4]],[[4030,7004],[-4,-1],[-2,1],[-1,4],[3,2],[3,-1],[1,-5]],[[2937,64],[-9,0],[2,3],[4,-3],[3,0]],[[2947,68],[4,-1]],[[2951,67],[-4,1]],[[2947,68],[-5,-2],[0,5],[5,0],[0,2],[5,1],[-5,-6]],[[3022,412],[3,-1],[-2,-3],[-3,1],[2,3]],[[2978,427],[2,2],[4,-1],[-2,-5],[-4,1],[0,3]],[[2989,423],[0,6],[2,3]],[[2991,432],[2,2],[4,-1]],[[2997,433],[-1,-7],[-4,-3],[-3,0]],[[3020,430],[-3,-4],[-5,-4],[-3,-1],[-3,3],[-3,0],[-1,3],[4,2],[0,5],[7,3],[4,0],[3,-7]],[[2982,434],[1,4],[3,2],[3,-1],[0,-5],[-4,-3],[-3,1],[0,2]],[[3031,435],[4,0],[-2,-3],[-3,0],[1,3]],[[3025,440],[2,-1],[-2,-4],[-2,2],[2,3]],[[2982,444],[3,0],[0,-3],[-3,-3],[-3,1],[0,4],[3,1]],[[3051,680],[3,0],[1,-5],[-4,-1],[2,5],[-2,1]],[[3060,680],[0,2],[4,1],[0,-3],[-4,0]],[[3073,686],[2,-2],[-10,-2],[0,3],[3,2],[5,-1]],[[3035,683],[-2,1]],[[3033,684],[1,3],[4,1],[1,4],[4,2],[5,-1],[2,-2],[-1,-5],[9,-2]],[[3058,684],[-6,0],[-5,1],[0,-2],[-5,-2],[-7,2]],[[3058,684],[1,4],[3,0]],[[3062,688],[-2,-3],[-2,-1]],[[3075,701],[1,0]],[[3076,701],[-1,0]],[[3076,701],[-1,0]],[[3075,701],[1,0]],[[3061,862],[3,0]],[[3064,862],[-1,-2],[3,-1],[8,0],[6,-1],[-1,-3],[-11,0],[-3,2],[-4,-3],[-5,1],[-1,-3],[-5,1],[7,2],[2,5],[2,2]],[[3069,868],[1,0]],[[3070,868],[-1,0]],[[3063,874],[2,3]],[[3065,877],[5,1],[0,-5]],[[3070,873],[4,-2],[-1,-3],[-3,0]],[[3070,868],[-1,0]],[[3069,868],[-7,3],[1,3]],[[3063,874],[-4,1],[3,4],[3,-2]],[[3065,877],[-2,-3]],[[3189,1311],[1,1]],[[3190,1312],[-1,-1]],[[3167,1315],[4,-1],[8,0],[0,5],[8,-1],[4,-3],[-1,-3]],[[3190,1312],[-1,-1]],[[3189,1311],[-2,-1],[-6,1],[0,3],[-4,-1],[2,-4],[-3,-1],[-2,-2],[-4,2],[0,3],[-3,4]],[[3167,1315],[-3,1],[2,3],[-3,1],[1,5],[-3,1],[0,2],[-3,2],[1,4],[6,1],[7,0],[-1,-7],[-4,-2],[-1,-4],[8,0],[-2,-5],[-4,1],[-1,-3]],[[3188,1333],[2,-2],[-1,-2],[-4,1],[0,2],[3,1]],[[3181,1350],[2,0]],[[3183,1350],[1,-1]],[[3184,1349],[-3,1]],[[3196,1352],[-7,-3],[-6,1]],[[3183,1350],[-2,0]],[[3181,1350],[-3,0],[-4,2],[3,2],[-1,2],[4,3],[3,1],[1,3],[4,1],[4,6],[-4,2],[2,4],[6,-1]],[[3196,1375],[-4,-2],[4,-1],[7,-6],[-1,-3],[-1,-7],[-5,-4]],[[3165,1498],[-1,1]],[[3164,1499],[2,3],[5,0],[-3,-4],[-3,0]],[[3196,1498],[-1,1]],[[3195,1499],[1,-1]],[[3175,1511],[5,0],[2,-1],[5,-1],[9,-4],[0,-3],[5,1]],[[3201,1503],[6,-2],[2,1],[7,-1],[2,-1],[-8,-4],[-2,3],[-7,2]],[[3201,1501],[-6,-2]],[[3195,1499],[-3,2]],[[3192,1501],[-7,3],[-1,5],[-3,0],[-1,2],[-5,0]],[[3170,1511],[0,3]],[[3170,1514],[1,-2],[4,-1]],[[3175,1511],[-2,-3],[4,-1],[0,-3],[6,-2],[-1,-2],[-5,3],[-1,3],[-3,1],[-3,4]],[[3201,1503],[4,1]],[[3205,1504],[-4,-1]],[[3179,1514],[4,1]],[[3183,1515],[-4,-1]],[[3263,1914],[-2,1],[2,3],[2,0],[1,-4],[-3,0]],[[3278,1916],[2,-1]],[[3280,1915],[-2,1]],[[3278,1916],[-3,-1],[-5,3]],[[3270,1918],[3,1]],[[3273,1919],[3,-1],[2,-2]],[[3303,1981],[2,1]],[[3305,1982],[-2,-1]],[[3482,3243],[3,-2],[1,-2]],[[3486,3239],[-3,0],[-3,2],[2,2]],[[3467,3258],[-2,-3]],[[3465,3255],[2,3]],[[3565,3754],[-4,0],[-2,2],[-4,4],[-8,1],[-9,-4],[-3,2],[-2,3],[3,3],[5,3],[2,3],[8,1],[5,5],[1,-5],[8,-5],[8,0],[0,-3],[-5,-5],[-6,1],[-1,-1],[8,-6],[2,-4],[-4,0],[1,3],[-3,2]],[[3580,3789],[-5,1],[3,2],[2,-3]],[[3704,4533],[-5,0],[-1,6],[7,-1],[-1,-5]],[[3722,4607],[-3,-1],[-5,-3],[-4,-1],[0,3],[6,1],[6,1]],[[3886,5920],[1,0]],[[3887,5920],[-1,0]],[[3937,5973],[-1,0]],[[3936,5973],[-2,0]],[[3934,5973],[3,0]],[[3990,6401],[2,3]],[[3992,6404],[-2,-3]],[[3996,6416],[-1,0],[2,6],[1,0],[-2,-6]],[[3977,6542],[-1,-4]],[[3976,6538],[1,4]],[[4053,6900],[1,3],[3,2],[2,-1],[-3,-5],[-3,1]],[[3946,6911],[5,0],[5,2],[8,-1],[7,-2],[3,-5],[12,-7],[12,0],[11,-6],[7,0],[8,-6],[7,-2],[4,0],[4,-4],[0,-4],[7,-6],[16,-1],[8,-2],[1,-1],[6,-2],[5,-4],[6,-2],[6,-5],[1,-3],[11,-4],[5,0],[1,-2],[3,-1],[2,-3],[6,-1],[3,-4],[9,-8],[5,0],[9,-3],[8,-3],[6,-1],[0,-1],[-7,1],[-6,2],[-7,1],[-2,1],[-7,2],[-5,-2],[0,5],[-5,4],[-2,4],[-3,0],[-4,1],[-1,3],[-3,1],[-2,3],[-13,4],[-5,3],[0,2],[-4,3],[-6,2],[-6,4],[-8,4],[-5,1],[-16,1],[-9,7],[0,5],[-2,1],[-7,2],[-2,-1],[-6,5],[-5,3],[-7,0],[-5,2],[-5,4],[-14,0],[2,-2]],[[3986,6895],[-2,0],[-6,6],[-3,1],[-8,7],[-12,2],[-3,-3],[6,-2],[7,-5],[-1,-7],[-5,-7],[-6,-2],[-1,-3],[-2,-4],[2,-2],[0,-3],[3,-8],[-1,-6],[1,-1],[0,-4],[2,-1],[0,-6]],[[3957,6847],[-2,1],[1,4],[-2,1],[-2,7],[-1,2],[1,4],[-1,1],[-2,5],[1,5],[-1,1],[2,5],[0,3],[4,3],[4,0],[3,6],[1,6],[-5,4],[-4,1],[-2,2],[-5,0],[-6,2],[-14,7],[-4,4],[-16,7],[-2,1],[-6,2],[-6,4]],[[3893,6935],[-3,6],[-4,10],[1,4],[1,1],[1,4],[2,3],[0,4],[-1,3],[-2,2],[-1,3],[-4,5],[4,5],[4,3],[0,4],[5,2],[3,3],[2,4],[6,6],[3,7],[2,12],[-5,7],[1,7],[-6,0],[-4,-1],[-4,4],[-1,4],[3,3]],[[3896,7050],[-8,0],[-6,6],[8,0],[8,-3],[6,4],[2,-5],[-2,-3],[-5,-1],[0,-4],[4,-3],[6,0],[0,-9],[2,-3],[4,-3],[-1,-9],[-2,-7],[-4,-6],[-1,-5],[-3,0],[-4,-5],[-1,-2],[-5,-4],[-5,-3],[-3,-3],[1,-4],[2,-4],[5,-5],[0,-6],[-1,-1],[-2,-4],[-1,-1],[-1,-6],[1,-5],[3,-1],[0,-2],[2,-5],[9,-6],[7,-3],[1,-1],[8,-5],[2,0],[8,-6],[4,-1],[2,-2],[5,-1],[5,-2]],[[3896,7050],[6,1],[0,2],[-6,-3]],[[4036,6995],[3,0],[-2,-6],[-2,3],[1,3]],[[4071,6990],[-3,2],[2,6],[5,-1],[3,-1],[-3,-5],[-4,-1]],[[4053,7015],[-4,-1],[-3,5],[0,2],[6,2],[3,-1],[-2,-7]],[[4047,7023],[-4,3],[8,0],[-1,-2],[-3,-1]],[[4080,7048],[6,-5],[5,0],[3,-4],[-16,8],[-3,1],[-1,3],[6,-3]],[[4055,7056],[-9,0],[3,2],[6,-2]],[[2977,76],[2,0]],[[2979,76],[3,-3],[-7,1],[2,2]],[[2995,78],[2,-3],[-5,-1],[3,4]],[[3034,420],[4,2],[2,-1],[-1,-6],[-3,-3],[-3,2],[1,6]],[[3053,421],[4,-2],[-2,-4],[-3,0],[-1,4],[2,2]],[[3073,426],[-3,-1],[0,3],[4,1],[-1,-3]],[[3106,447],[0,6],[4,-1],[-1,-3],[-3,-2]],[[3092,460],[-2,1],[1,5],[4,2],[4,-1],[-1,-5],[-6,-2]],[[3109,464],[-7,1],[1,2],[6,0],[0,-3]],[[3150,676],[4,-3],[-4,-4],[-3,3]],[[3147,672],[3,2],[0,2]],[[3147,672],[-4,0],[-2,2],[-11,1],[1,1],[5,0],[3,2],[2,0],[2,-2],[4,-1],[0,-3]],[[3150,676],[-6,1],[3,3],[4,0],[-1,-4]],[[3131,683],[-2,0]],[[3129,683],[2,0]],[[3131,683],[0,1]],[[3131,684],[0,-1]],[[3062,688],[10,6],[16,0],[2,-4],[9,0],[3,3],[9,-1],[5,1],[3,-4],[6,0],[-2,-3],[3,-7],[-1,-3],[-5,0],[0,3],[5,1],[-4,3],[0,2],[-3,2],[-3,4],[-6,1],[0,-4],[-4,-1],[-3,-2],[-6,0],[-9,2],[-5,0],[0,3],[-3,3],[-7,1],[-5,-6],[-5,0]],[[3108,689],[-1,3],[-3,-1],[0,-3],[4,1]],[[3131,684],[-2,-1]],[[3129,683],[2,1]],[[3253,1265],[0,2]],[[3253,1267],[0,-2]],[[3254,1270],[-1,2],[-4,2],[0,2],[6,1]],[[3255,1277],[3,0]],[[3258,1277],[3,-2]],[[3261,1275],[-3,-2],[1,-3],[-5,0]],[[3253,1280],[5,-3]],[[3258,1277],[-3,0]],[[3255,1277],[-2,3]],[[3253,1280],[0,1]],[[3253,1281],[0,-1]],[[3253,1281],[-7,0],[-1,2],[-3,0],[-4,3],[-1,4],[4,2],[-4,2],[-1,3],[-5,1],[-1,2],[7,4],[4,0],[3,2],[7,-5],[-1,-4],[-5,-4],[-3,-1],[-1,-3],[4,-2],[3,-1],[1,3],[4,-1],[-4,-7],[4,0]],[[3211,1297],[-8,6],[-5,-1],[-4,4]],[[3194,1306],[4,0],[4,-2],[6,-1],[3,4],[4,-2],[-2,-5],[-2,-3]],[[3194,1306],[-4,3],[7,6],[7,-1],[8,3],[4,-3],[12,-3],[4,-2],[-2,-4],[-6,0],[-1,2],[1,4],[-3,2],[-7,0],[-1,-2],[-6,1],[-2,-3],[-6,-2],[-5,-1]],[[3202,1379],[2,-3],[-4,-1],[0,3],[2,1]],[[3216,1381],[-2,3],[4,0],[-2,-3]],[[3227,1399],[-2,-1],[-2,-3],[-3,-2],[0,-5]],[[3220,1388],[-2,3],[-8,1],[5,3],[2,2],[5,3],[5,-1]],[[3233,1402],[-5,-1],[-1,-2]],[[3227,1399],[1,3],[5,0]],[[3233,1402],[-3,1],[1,4],[3,0],[-1,-5]],[[3245,1416],[0,3],[3,1],[2,-4],[-5,0]],[[3246,1428],[1,0]],[[3247,1428],[4,-2],[-1,-4],[-3,0],[-1,6]],[[3242,1423],[-1,2]],[[3241,1425],[1,-2]],[[3240,1426],[1,-1]],[[3241,1425],[1,-2]],[[3242,1423],[1,-2],[-2,-4],[4,-4],[-2,-2],[-6,0],[0,6],[2,1],[1,3],[-4,-1],[0,6],[-5,1],[1,4],[3,0],[1,4]],[[3236,1435],[-3,3],[2,5]],[[3235,1443],[1,-3],[7,-3],[-4,-2],[-2,-10],[3,1]],[[3236,1435],[2,4],[-3,0],[1,-4]],[[3266,1426],[6,-1]],[[3272,1425],[-3,0],[-3,1]],[[3272,1425],[5,4],[11,-1],[-4,-1]],[[3284,1427],[-8,-2],[-4,0]],[[3259,1426],[7,0]],[[3266,1426],[-7,0]],[[3247,1428],[-1,0]],[[3246,1428],[1,0]],[[3235,1443],[4,2],[2,5],[2,0]],[[3243,1450],[1,-2],[-5,-4],[-4,-1]],[[3243,1450],[3,3]],[[3246,1453],[-3,-3]],[[3246,1453],[0,1],[-4,2],[0,6],[2,3],[3,1],[1,3]],[[3248,1469],[1,-1],[-2,-2],[-2,-1],[-1,-4],[0,-5],[3,-1],[-1,-2]],[[3247,1473],[1,-4]],[[3248,1469],[-1,4]],[[3353,1895],[-4,-2],[-4,1],[-1,3],[8,4],[3,-2],[-2,-4]],[[3381,1894],[5,-3],[-1,-2],[-5,-1],[1,-3],[-8,1],[-7,-2],[5,-3],[1,-3],[-9,0],[-10,1],[3,4],[4,1],[0,2],[-5,0],[-2,-2],[-4,1],[-1,-3],[-9,1],[0,3],[-6,2],[-5,1],[-1,2],[-5,0],[-7,-1],[-2,3],[0,3],[-5,0],[-3,4],[-4,1],[-4,3],[2,9],[-8,3],[0,2],[7,3],[5,-1],[4,-1],[13,-9],[1,6],[7,-1],[6,-2],[5,-4],[1,-3],[3,-1],[-2,-8],[-5,-5],[-1,-4],[6,0],[11,-1],[7,0],[8,3],[2,10],[2,-3],[3,-2],[7,-1]],[[3326,2033],[4,0],[4,-2],[-4,-2],[-1,3],[-3,1]],[[3343,2040],[2,0],[4,-7],[-1,-2],[-6,-1],[1,3],[-3,3],[-1,4],[4,0]],[[3519,3200],[-7,1],[4,2],[5,0],[3,-3],[-3,-1],[-2,1]],[[3657,3775],[3,0],[-4,-4],[-3,2],[4,2]],[[3679,4203],[-6,-2],[-11,1],[1,2],[11,-1],[3,2],[2,-2]],[[3734,4330],[0,2],[3,3],[2,-2],[-5,-3]],[[3799,4659],[-1,2],[-5,3],[2,1],[6,0],[3,-2],[-1,-3],[-4,-1]],[[3974,5920],[-3,0],[-2,1],[1,3],[3,0],[1,-4]],[[4010,5975],[-7,0],[0,3],[11,-1],[-4,-2]],[[3991,5986],[2,1],[3,0],[1,-5],[-5,2],[-1,2]],[[4104,6868],[-1,-2],[4,-2],[3,-5],[5,-4],[5,-2],[-5,-1],[-5,5],[-3,1],[-4,4],[-2,1],[-2,2],[2,1],[-2,5],[5,-3]],[[4125,6876],[1,0]],[[4126,6876],[0,4],[4,-1],[-1,-4],[4,-2],[-2,-1],[-3,2],[-3,-1],[0,3]],[[4126,6876],[-1,0]],[[4125,6876],[1,0]],[[4124,7012],[-1,2],[2,4],[5,1],[0,-2],[-6,-5]],[[4117,7022],[-3,0],[0,5],[4,3],[-5,1],[-7,2],[1,1],[5,0],[2,-1],[8,-1],[3,-2],[4,-1],[4,3],[4,-1],[4,2],[13,1],[4,2],[1,-2],[-3,-1],[-5,-4],[-2,1]],[[4149,7030],[-4,-2],[-5,-1],[-3,1]],[[4137,7028],[-7,-1],[-5,1],[-8,-1],[-2,-2],[2,-3]],[[3104,56],[-1,-1]],[[3103,55],[1,1]],[[3055,60],[-6,2],[1,3]],[[3050,65],[1,-2],[3,0],[1,-3]],[[3076,71],[-6,2],[2,4],[4,-6]],[[3109,109],[-5,0],[-5,3],[7,2],[3,-3],[0,-2]],[[3091,199],[2,2],[5,0],[-2,-4],[-5,2]],[[3161,313],[-3,-1],[1,4],[4,0],[-2,-3]],[[3141,417],[-5,1],[1,6],[6,1],[1,-2],[-3,-6]],[[3120,414],[-4,1],[-2,1],[1,3],[2,2],[1,3],[3,2],[2,4],[3,-1],[-1,-3],[-2,-9],[-3,-3]],[[3124,466],[-2,3],[1,4],[3,3],[5,-2],[-1,-5],[-2,-3],[-4,0]],[[3124,466],[4,3],[1,3],[-5,-2],[0,-4]],[[3140,492],[5,-1],[-3,-5],[-5,1],[1,4],[2,1]],[[3208,658],[-3,-1],[-4,1],[-1,5],[6,-1],[2,-4]],[[3161,665],[1,3],[8,3],[4,0],[3,-2],[12,1],[2,-3],[-5,-1],[-1,-2],[-5,1],[-2,2],[-14,2],[1,-4],[-4,0]],[[3290,1226],[-2,2],[2,4],[-5,1],[0,4],[-9,0],[-1,4],[7,5],[-9,1]],[[3273,1247],[-4,1],[-3,-1],[-7,1],[0,2]],[[3259,1250],[-3,1],[3,6],[4,2],[4,0],[9,4],[4,0],[1,2],[7,1],[3,-3],[1,-4],[0,-3],[-4,-3],[-1,-4],[-2,-1],[1,-13],[5,-1],[1,-6],[-2,-2]],[[3313,1422],[-2,2],[-3,-1],[-6,0],[-1,4],[5,-1],[7,-1],[0,-3]],[[3400,1878],[3,2],[6,-2],[-1,-3],[-6,1],[-2,2]],[[3395,1880],[-1,0]],[[3394,1880],[1,0]],[[3395,1880],[-1,0]],[[3394,1880],[1,0]],[[3391,1895],[0,-3],[-4,0],[1,3],[3,0]],[[3420,1895],[-3,0],[-4,6],[4,2],[5,-3],[0,-4],[-2,-1]],[[3423,1903],[-5,1],[3,2],[2,-3]],[[3708,3698],[1,-12],[-3,0],[-2,7],[1,2],[-7,6],[-1,4],[4,3],[6,-2],[1,-3],[0,-5]],[[3723,3718],[1,3],[4,-1],[-1,-2],[-4,0]],[[3716,3725],[2,1],[3,-5],[-1,-6],[-3,-1],[-11,2],[1,2],[8,-1],[0,6],[1,2]],[[3703,3727],[5,0],[-2,-3],[-3,3]],[[3698,3725],[-2,1],[2,7],[3,-2],[0,-3],[-3,-3]],[[3885,4612],[-2,-2],[-3,2],[0,2],[-5,4],[3,1],[3,-2],[1,-5],[3,0]],[[3864,4636],[-6,-4],[-1,-2],[-1,-7],[4,3],[7,-2],[-1,-3],[-7,2],[0,-2],[7,-5],[5,-4],[0,-3],[2,-3],[-9,0],[-3,-3],[-4,-2],[-2,6],[2,2],[6,0],[4,-2],[2,2],[0,4],[-7,5],[-4,1],[-5,0],[-11,-4],[-2,1],[-6,-4],[-9,0],[-5,-3],[-8,0],[-9,6],[-4,1],[-3,4],[5,-1],[2,-2],[9,-5],[4,1],[8,0],[4,0],[6,0],[4,3],[2,1],[3,2],[0,4],[-7,0],[2,2],[4,0],[4,-3],[6,-1],[2,2],[1,3],[-3,2],[3,4],[1,3],[8,1]],[[3871,4642],[-1,-4],[-3,0],[1,6],[6,1],[3,-2],[-6,-1]],[[3788,5954],[-1,5],[-10,-2],[1,4],[-2,5],[2,8],[4,-3],[3,1],[6,-2],[4,-3],[3,0],[4,-3],[5,1],[0,2],[-3,3],[5,2],[11,-2],[2,1],[0,3],[-4,2],[-1,2],[3,2],[3,0],[5,2],[4,-3],[10,4],[3,-1],[7,0],[-1,6],[7,-1],[5,1],[3,-2],[1,-3],[5,0],[1,3],[8,-1],[3,-2],[5,0],[0,-3],[8,-3],[8,1],[12,0],[4,2],[4,-1],[2,-4],[7,-2]],[[3934,5973],[2,0]],[[3936,5973],[1,0]],[[3937,5973],[4,-2],[5,0],[9,-1],[4,-2],[13,-1],[4,-2],[8,-2],[7,-3],[6,0],[5,-4],[4,0],[13,0],[5,-2],[3,-2],[7,0],[1,1],[7,-1],[0,-1],[9,-2],[13,-1],[4,-4],[3,0],[6,-4],[8,0],[5,-1],[2,-2],[8,-1],[1,2],[5,1],[10,0],[3,-2],[6,3],[2,2],[6,-2],[5,0],[7,-4],[20,-1],[0,-3],[6,1],[7,-3],[-1,-2],[6,1],[5,-1],[9,-5],[5,0],[7,-4],[7,-1],[5,0],[7,-4],[1,-2],[5,-2],[1,-7],[5,-1],[0,3],[9,-2],[2,-3],[5,-2],[0,-3],[6,-4],[0,-2],[8,-2],[8,-3],[8,-1],[0,-1],[8,-1],[1,-2],[3,0],[12,-1],[3,0],[1,-2],[5,-1],[10,0],[10,-1],[1,-3],[4,0],[3,-3],[-2,-2],[6,-2],[-3,-1],[-4,1],[-11,0],[-3,-1],[-4,0],[0,3],[-7,0],[-3,4],[0,2],[-5,0],[-9,1],[-3,-3],[-6,0],[-3,-2],[-1,-4],[4,-2]],[[4293,5862],[1,0]],[[4294,5862],[-1,-3],[6,-1],[2,-6],[2,-2],[-3,-5],[-5,3],[-1,-6],[-3,0],[-6,1],[0,5],[-9,4],[-4,-1],[1,-3],[-6,-5],[-2,3],[2,1],[0,2],[3,1],[1,3],[-3,0],[-4,-1],[-6,0],[1,3],[10,0],[3,2],[4,6],[1,3],[-5,2],[-6,-3],[-9,-1],[0,2],[4,3],[4,5],[-6,2],[-5,-1],[0,-4],[-4,-1],[-1,6],[-3,0],[2,3],[-2,2],[1,4],[-2,1],[-6,0],[-4,-5],[-1,-3],[-5,-5],[-3,3],[1,4],[-1,2],[-4,1],[-1,2],[-6,0],[-7,-9],[-3,-3],[-2,2],[1,4],[2,2],[0,3],[-5,4],[-3,-1],[-2,-2],[-3,0],[-1,4],[-6,1],[-5,0],[0,-3],[-4,0],[-1,-4],[-5,-1],[-3,-6],[-3,1],[-1,7],[-5,-2],[-6,0],[-2,0],[-5,-5],[-8,1],[-6,-4],[-4,0],[-1,4],[-4,1],[3,4],[-2,4],[-8,1],[-5,-2]],[[4111,5886],[-1,0]],[[4110,5886],[-3,1],[-1,3],[-4,-1],[-6,1],[0,3],[-10,-1],[0,5],[-4,5],[-3,0],[-1,3],[-4,1],[0,3],[-5,2],[0,2],[-6,1],[-10,-4],[-2,2],[1,3],[-4,2],[-4,3],[-3,0],[-2,4],[-5,0],[-4,-2],[-6,-1],[-1,2],[-5,2],[-4,-2],[-3,1],[-9,1],[-2,1],[-7,0],[-12,1],[-3,-2],[0,5],[-4,1],[-4,-2],[-1,-2],[-4,-1],[-6,1],[-4,1],[0,2],[-4,0],[-1,4],[-7,-2],[-4,-6],[-4,4],[-3,-1],[-5,-4],[-8,-2],[-3,4],[0,1],[-5,3],[-2,-2],[-1,-3],[-7,-1],[-1,-5],[-3,-5],[-4,0]],[[3893,5915],[-3,5],[-3,0]],[[3887,5920],[-1,0]],[[3886,5920],[-5,2]],[[3881,5922],[-5,-3]],[[3876,5919],[-4,-1],[-7,-3],[-5,2],[-6,-1],[0,6],[5,2],[0,3],[-2,3],[-4,2],[-10,1],[-5,-1],[0,5],[-2,2],[1,4]],[[3837,5943],[-4,-2],[-6,1],[-2,2],[-8,-1],[0,4],[-5,0],[-2,1]],[[3810,5948],[1,1]],[[3811,5949],[-1,1]],[[3810,5950],[8,3],[-5,2],[-2,-2],[-5,2],[-9,-1],[-2,3],[-4,1],[-3,-4]],[[3881,5922],[5,0],[1,2],[-6,0],[0,-2]],[[3823,5951],[-3,-2],[5,-1],[-2,3]],[[3872,5938],[-2,-2],[-5,-3],[4,-1],[2,3],[7,0],[4,1],[4,0],[-1,8],[-6,-1],[-4,-5],[-3,0]],[[3921,5934],[1,4],[-4,2],[-3,-2],[6,-4]],[[3895,5938],[-1,2],[-3,0],[0,-3],[4,1]],[[4158,6762],[3,-1],[0,-3],[1,-4]],[[4162,6754],[-2,2],[0,4],[-2,2]],[[4155,6765],[3,-3]],[[4158,6762],[-3,3]],[[4145,6774],[-3,4],[0,3],[-2,1],[-3,6],[2,11],[1,0],[-1,-11],[1,-4],[4,-3],[-2,-3],[3,-4]],[[4180,7035],[-5,-2],[0,-2],[2,-2],[-4,-2],[-4,-1],[-4,1],[4,2],[1,4],[3,2],[7,0]],[[4210,7044],[7,2],[5,-2],[8,2],[7,-1],[1,-1]],[[4238,7044],[-2,-4],[-4,0],[-5,-4],[-5,0],[-6,-1],[-12,1],[-1,-1]],[[4203,7035],[-3,0],[-4,-2],[-5,1],[-2,-1],[-6,1],[3,2],[1,6],[2,3],[6,-1],[6,-2],[4,3],[5,-1]],[[4203,7035],[0,2],[-4,0],[-1,-2],[5,0]],[[4208,7046],[2,-2]],[[4210,7044],[-2,2]],[[4231,7058],[-7,-1],[-1,-3],[-2,-1],[-1,-4],[-3,1],[0,2],[-3,0],[-1,-3],[-4,1],[4,4],[5,0],[3,3],[5,1],[5,0]],[[4197,7046],[0,4],[4,0],[3,2],[0,3],[2,2],[-2,1],[-4,-3],[-5,1],[-2,4],[3,2],[2,-1]],[[4198,7061],[4,-2],[2,2],[1,4],[3,-5],[-1,-3],[3,-1],[-2,-4],[-4,-1],[4,-5]],[[4208,7046],[-7,0],[-4,0]],[[4233,7065],[1,-3],[-4,-1],[1,4],[-1,4],[1,1],[1,4],[5,-1],[-1,-2],[-3,-1],[-2,-4],[2,-1]],[[4242,7077],[-5,1]],[[4237,7078],[5,-1]],[[3217,103],[-6,2],[-8,-1],[6,3],[5,-1],[7,-1],[-4,-2]],[[3208,193],[7,-1],[-2,-2],[-5,1],[0,2]],[[3240,296],[2,-1],[-1,-3],[-5,0],[1,2],[3,2]],[[3187,296],[-3,2],[1,3],[7,4],[3,-2],[-1,-4],[-7,-3]],[[3223,315],[-3,-1],[2,5],[3,0],[0,-4],[-2,0]],[[3210,343],[1,-3],[-4,-2],[-3,1],[-3,2],[0,2],[4,2],[5,0],[0,-2]],[[3249,649],[-1,2],[-8,0],[-6,-1],[-3,-2],[-5,3],[1,2],[4,-1],[9,-1],[5,2],[4,-2],[0,-2]],[[3399,1122],[-3,-1],[-5,1],[1,2],[5,0],[2,-2]],[[3387,1125],[-2,5],[7,-1],[0,-3],[-5,-1]],[[3380,1158],[3,-1],[-5,-3],[7,-2],[7,2]],[[3392,1154],[-3,-1],[1,-4],[-3,-2],[-5,1],[-5,1],[-2,1]],[[3375,1150],[-1,1],[-6,1]],[[3368,1152],[4,0],[2,2],[-5,1],[-1,4],[2,3],[6,3],[-8,0],[0,2],[-6,1],[-4,2],[-6,5],[2,4],[6,1],[9,1],[0,3],[3,2],[6,0],[5,-2],[2,-2],[-2,-4],[-1,-5],[-1,-3],[-4,-3],[0,-3],[3,-1],[0,-5]],[[3330,1187],[1,-1]],[[3331,1186],[-1,1]],[[3333,1190],[-1,-2]],[[3332,1188],[-2,-1]],[[3330,1187],[-4,-1]],[[3326,1186],[7,4]],[[3364,1205],[6,-1],[-1,-2],[-8,-2],[-6,0],[-2,-1],[-8,-2],[0,-2]],[[3345,1195],[3,-1]],[[3348,1194],[-1,-2],[-4,1],[-2,-2]],[[3341,1191],[-2,0],[0,-3],[3,-1],[4,2],[4,-1]],[[3350,1188],[-1,-4],[2,-2],[-7,-4],[-5,3],[-2,-4],[-4,1],[1,4],[-4,1],[1,3]],[[3331,1186],[1,2]],[[3332,1188],[1,2]],[[3333,1190],[3,3]],[[3336,1193],[-2,1],[4,2],[6,1],[2,3]],[[3346,1200],[4,-1],[-1,3]],[[3349,1202],[2,1]],[[3351,1203],[2,2],[11,0]],[[3345,1195],[3,-1]],[[3348,1194],[-3,1]],[[3355,1197],[0,1]],[[3355,1198],[0,-1]],[[3355,1198],[0,-1]],[[3355,1197],[0,1]],[[3346,1202],[4,1]],[[3350,1203],[-1,-1]],[[3349,1202],[-3,0]],[[3351,1203],[-1,0]],[[3350,1203],[1,0]],[[3290,1226],[2,0],[1,4],[4,0],[0,-2],[-3,-2],[4,-1],[1,6],[4,0],[1,-6],[-4,-2],[5,-5],[5,0],[1,4],[4,-1],[-2,-3],[4,-3],[2,1],[5,-2],[-4,-2],[0,-3],[3,0],[5,2],[0,3],[3,1],[1,-4],[8,-4],[2,0],[0,4],[4,1],[7,-1],[7,-1],[2,2]],[[3362,1212],[6,-1],[4,-2],[2,3],[4,0],[4,-1],[3,0],[4,-2],[14,3],[3,0],[8,2],[5,-2]],[[3419,1212],[-8,-6],[-4,0],[-6,-2],[-8,1],[-8,4],[-3,-1],[-6,0],[-4,-3],[-3,3],[-5,-3]],[[3364,1205],[2,4],[-4,0],[-1,-3],[-10,0]],[[3351,1206],[-5,1],[-6,-1],[0,-2],[6,-2]],[[3346,1202],[0,-2]],[[3346,1200],[-4,0],[-5,2],[2,4],[-2,2],[-5,-4],[-3,1],[0,3],[-4,-1],[-3,-2],[-3,0],[0,5],[-8,1],[-1,3],[-8,1],[0,2],[-7,8],[-5,1]],[[3494,1874],[1,-1],[-5,-1],[0,2],[4,0]],[[3673,3058],[3,2],[3,0],[-1,-3],[-5,1]],[[3897,4375],[3,3],[2,-3],[-5,0]],[[4111,5886],[-1,0]],[[4110,5886],[1,0]],[[4256,6654],[-3,2]],[[4253,6656],[3,-2]],[[4211,6717],[-2,0],[-8,5],[2,0],[8,-5]],[[4218,6813],[-8,3],[-5,0],[0,2],[13,-5]],[[4249,7041],[2,-1],[-2,-2],[-4,2],[4,1]],[[4249,7041],[0,3],[-3,1],[0,4],[4,-3],[2,-4],[-3,-1]],[[4242,7077],[4,-2],[-4,-2],[0,4]],[[3245,111],[0,3],[2,2],[4,-1],[-3,-3],[-3,-1]],[[3253,166],[-1,4],[7,1],[3,-2],[-3,-4],[-6,1]],[[3241,183],[4,1],[1,-3],[-5,-1],[0,3]],[[3271,187],[4,0],[-1,-3],[-6,-1],[3,4]],[[3266,210],[7,1],[0,-4],[-6,1],[-1,2]],[[3288,312],[-4,-3],[-3,1],[-2,2],[0,6],[4,2],[2,3],[3,0],[1,2],[4,0],[0,-5],[-3,-3],[-2,-5]],[[3308,318],[1,6],[9,6],[4,-1],[-1,-7],[-1,-2],[-6,-4],[-3,0],[-3,2]],[[3400,936],[0,-1]],[[3400,935],[1,0]],[[3401,935],[-2,-5],[-1,-5],[3,-2],[0,-2],[6,-4],[1,-2],[6,0],[5,1],[7,0],[0,-2],[-3,-1],[-6,1],[-4,-2],[-5,-7],[-8,-1],[-3,-1],[4,-5],[3,-5],[5,-2],[7,-1],[7,-3],[4,0],[2,-4],[-1,-6],[-4,-4],[-5,-7],[-1,-4],[-7,-6],[4,-4],[5,2],[4,7],[3,1],[2,7],[4,4],[2,-1],[-1,-2],[-4,-4],[-1,-6],[-3,-5],[-1,-5],[-7,-4],[-2,-2]],[[3416,844],[1,2],[-8,0],[-1,4],[-3,0],[-3,8],[2,6],[2,2],[1,3],[3,2],[-6,3],[-14,1],[-9,4],[-3,4],[1,7],[2,4],[7,4],[2,3],[-4,4],[-4,2],[0,3],[3,4],[5,5],[1,4],[-1,3],[2,10],[3,2],[5,-2]],[[3369,893],[-2,2],[2,6],[6,-1],[3,-3],[-1,-3],[-4,-2],[-4,1]],[[3421,908],[-3,-5],[-6,0],[2,3],[7,2]],[[3401,935],[-1,0]],[[3400,935],[0,1]],[[3400,936],[1,-1]],[[3413,941],[4,-3],[-4,-2],[-10,0],[-2,4],[-3,3],[0,5],[3,1],[5,-3],[4,1],[3,-3],[0,-3]],[[3419,976],[-1,-1]],[[3418,975],[-2,-4],[-3,0],[-4,-3],[-10,-2],[-10,1],[-6,1],[-1,-5],[2,-3],[-1,-4],[4,-10],[1,-6],[-2,-6],[-1,-7],[-2,-6],[-4,-4],[-3,-4],[-4,-4],[-5,-1],[-2,-4],[-5,1],[0,4],[-9,0],[-4,6],[1,5],[2,1],[2,9],[3,2],[1,3],[-4,2],[0,4],[-4,3],[0,2],[5,3],[1,3],[10,5],[1,0],[8,4],[0,3],[4,2],[0,4],[2,8],[2,1]],[[3381,979],[8,0],[3,-3],[0,-2],[3,-3],[8,3],[0,2],[-5,5],[1,2],[7,-1],[0,3],[1,4],[10,1],[6,-2],[-1,-6],[-3,-6]],[[3399,953],[6,4],[3,-3],[-1,-4],[-6,0],[-2,3]],[[3394,956],[-5,2],[4,3],[4,-1],[-1,-2],[-2,-2]],[[3432,965],[-6,4],[-4,0],[-1,-3],[-4,-3],[-3,2],[1,3],[7,5],[5,0],[0,-2],[3,-3],[2,-3]],[[3418,975],[1,1]],[[3419,976],[-1,-1]],[[3381,979],[-3,0],[2,4],[4,-1],[-3,-3]],[[3402,996],[-6,0],[-4,-4],[6,-1],[4,-2],[-3,-2],[-4,1],[-4,1],[-3,-1]],[[3388,988],[-2,1],[2,8],[5,0],[6,3],[3,2],[0,6],[3,3],[4,-1],[1,-1],[-1,-4],[-4,-2],[1,-5],[-4,-2]],[[3391,1000],[-4,-1],[-1,2],[5,1],[2,5],[2,-3],[-4,-4]],[[3414,1002],[-4,-2],[-2,1],[4,3],[2,-2]],[[3385,1007],[3,-1],[-5,-3],[-5,-1],[-4,3],[2,3],[9,-1]],[[3389,1012],[0,3],[5,-1],[-1,-4],[-4,2]],[[3403,1021],[0,1]],[[3403,1022],[0,-1]],[[3415,1019],[2,2],[4,2],[4,0],[-4,-4],[-6,0]],[[3403,1021],[4,0],[3,3],[1,4],[-1,3],[7,3],[-2,-4],[1,-2]],[[3416,1028],[-1,-4],[0,-4],[-5,-1],[-3,-6],[-3,-2],[-4,1],[-2,5],[3,3],[2,1]],[[3395,1030],[3,1],[1,-3],[-1,-2],[-4,2],[1,2]],[[3416,1028],[1,1],[8,0],[-1,-3],[-8,2]],[[3438,1027],[-4,4],[2,3],[6,1],[2,-2],[-6,-6]],[[3448,1104],[6,4],[3,-1],[-1,-3],[-5,-1],[-3,1]],[[3423,1121],[-1,-1]],[[3422,1120],[-4,0],[0,-3],[-4,1],[-1,1],[-4,0],[-1,3],[8,3],[6,0],[1,-4]],[[3437,1144],[2,-1],[-2,-4],[4,1],[2,-2],[4,0],[0,3],[3,0],[-2,-4],[11,0],[5,1],[4,0],[3,-2]],[[3471,1136],[3,-2],[13,-1]],[[3487,1133],[-3,-2],[8,-6],[-3,-1],[-3,2],[-13,2],[-3,2],[-10,3],[-1,-2],[-7,3],[-5,0],[-3,2],[-7,0],[1,-2],[-7,0],[0,-6],[-2,-3],[4,-1],[4,-4],[4,0],[4,-2],[-2,-4],[2,-2],[-1,-5],[4,0],[0,-3]],[[3448,1104],[-8,4],[-1,4],[1,4],[-5,4],[-3,-1],[0,-3],[-2,-1],[-4,2],[3,4],[1,3],[-6,1],[-1,2],[1,4],[3,2],[9,2],[-1,3],[-4,1],[-5,-1]],[[3426,1138],[-4,1],[0,2],[-5,2],[-6,-4]],[[3411,1139],[-1,3],[-6,0],[-5,-4],[0,-2],[-8,-2]],[[3391,1134],[-5,1]],[[3386,1135],[3,3],[1,2],[-3,1],[2,6],[4,-1],[9,0],[1,-2],[12,-2],[2,3],[4,0],[0,-3],[3,-2],[4,0],[2,2],[7,2]],[[3391,1134],[3,-1],[3,-3],[6,0],[7,5],[1,4]],[[3411,1139],[2,0],[0,-4],[-7,-6],[-6,-1],[-6,1],[-3,3],[0,2]],[[3445,1223],[-4,-2],[-3,0]],[[3438,1221],[4,2],[3,0]],[[3474,1235],[-4,-5],[0,-2],[-6,-1],[-2,-2],[-7,-2],[-10,0]],[[3445,1223],[11,3]],[[3456,1226],[4,0],[0,3],[7,0],[6,6],[1,0]],[[3461,1232],[-5,0],[2,4],[4,-1],[-1,-3]],[[3468,1437],[-4,1],[0,3],[4,1],[2,-2],[-2,-3]],[[3471,1460],[-1,3],[6,-1],[-1,-4],[-3,-1],[-1,3]],[[3468,1489],[3,0],[0,-4],[-4,0],[1,4]],[[3585,1943],[-4,2],[5,2],[0,1],[4,2],[4,0],[1,-4],[-3,-2],[-7,-1]],[[3644,2432],[15,-1],[-2,-3],[-5,1],[-8,3]],[[3680,2785],[1,1],[6,1],[7,-1],[-2,-3],[-6,0],[-6,2]],[[3704,2793],[-1,0]],[[3703,2793],[-1,-3],[-3,-1],[1,6],[4,-2]],[[3704,2793],[2,-3],[-3,0],[0,3]],[[3703,2793],[1,0]],[[3723,3004],[2,1],[4,-2],[-1,-2],[-5,0],[0,3]],[[4158,5867],[1,-2],[-6,0],[1,2],[4,0]],[[4256,6654],[1,2]],[[4257,6656],[1,-3]],[[4258,6653],[-2,1]],[[4273,6804],[-1,1],[4,0],[0,-1],[5,0],[0,-1],[-5,1],[-3,0]],[[4346,7073],[6,1],[0,-2],[-5,-1],[-1,2]],[[3330,173],[-4,0],[0,4],[5,-1],[-1,-3]],[[3314,284],[3,0],[-2,-4],[-3,0],[2,4]],[[3318,296],[-1,2],[5,1],[5,0],[-2,-3],[-7,0]],[[3333,332],[5,1],[-1,-5],[-5,0],[1,4]],[[3351,335],[-6,0],[-5,-1],[2,5],[3,2],[14,0],[0,-3],[-4,0],[-4,-3]],[[3431,749],[-1,-3],[-6,-2],[1,4],[6,1]],[[3443,751],[1,-1]],[[3444,750],[-2,1]],[[3442,751],[1,0]],[[3443,751],[-1,0]],[[3442,751],[1,0]],[[3425,752],[-2,2],[1,4],[4,3],[3,0],[1,-3],[-7,-6]],[[3431,763],[3,1],[4,0],[0,-3],[-7,2]],[[3436,769],[5,2],[2,0],[-1,-4],[-2,-1],[-4,0],[0,3]],[[3436,789],[5,7],[4,-1],[3,-1],[0,-8],[-4,-3],[-7,0],[-1,2],[0,4]],[[3452,817],[3,-7],[-3,-1],[-6,2],[-8,2],[-8,-4],[-1,-4],[6,2],[3,2],[4,-2],[-2,-4],[-4,2],[-8,0],[-1,-8],[3,-1],[1,-5],[-1,-5],[1,-5],[4,-1],[-1,-3],[-5,-1],[0,-4],[-9,1],[-5,-1],[-1,-2],[-7,1],[-3,-3]],[[3404,768],[-10,2],[-6,9],[1,4],[7,6],[6,3],[6,2],[1,2],[7,1],[4,4],[3,0],[3,5],[1,4],[-4,6],[3,3],[8,-2],[2,1],[0,7],[4,0],[3,-3],[5,-5],[4,0]],[[3417,818],[1,-2]],[[3418,816],[-1,2]],[[3418,834],[3,1],[5,-1],[-1,-6],[-3,-2],[-5,-1]],[[3417,825],[-1,3],[1,6]],[[3417,834],[1,0]],[[3418,834],[-1,0]],[[3417,834],[1,0]],[[3421,841],[5,0]],[[3426,841],[2,-3],[5,-2]],[[3433,836],[-8,2],[-1,2],[-3,1]],[[3437,843],[1,-3],[-5,0],[1,3],[3,0]],[[3441,844],[-5,0],[2,4],[4,-1],[-1,-3]],[[3438,851],[-5,-2],[0,3],[5,-1]],[[3441,855],[1,1]],[[3442,856],[-1,-1]],[[3432,856],[-2,2],[8,-1],[-1,-3],[-5,-1],[0,3]],[[3442,856],[-1,-1]],[[3441,855],[1,1]],[[3435,863],[0,-3],[-5,-1],[2,4],[3,0]],[[3437,875],[-2,3],[5,0],[4,-2],[-7,-1]],[[3430,893],[-3,-3],[-6,0],[1,4],[2,2],[3,0],[3,-3]],[[3434,902],[4,2]],[[3438,904],[-1,-6],[-9,-2],[1,3],[5,3]],[[3428,912],[4,-2],[-1,-2],[-5,-1],[2,5]],[[3434,918],[7,0],[-1,-2],[-4,0],[-2,2]],[[3451,1020],[-2,1]],[[3449,1021],[1,1],[6,0],[4,2]],[[3460,1024],[-1,-3]],[[3459,1021],[-3,1],[-1,-3],[-4,1]],[[3476,1022],[5,-1]],[[3481,1021],[1,-1]],[[3482,1020],[2,0]],[[3484,1020],[4,-2],[-1,-2],[-4,0],[-9,3],[-5,2]],[[3469,1021],[0,2],[-9,1]],[[3460,1024],[1,2],[7,-1],[3,-4],[5,1]],[[3484,1020],[-2,0]],[[3482,1020],[-1,1]],[[3481,1021],[3,-1]],[[3449,1021],[2,-1]],[[3451,1020],[-3,0],[-3,-4],[-3,0],[-1,3],[4,2],[-2,3],[3,1],[5,3],[-1,2],[7,2],[0,-5],[-2,-3],[-3,-1],[-3,0],[0,-2]],[[3462,1036],[2,0]],[[3464,1036],[-2,-4],[-3,0],[-1,3],[4,1]],[[3471,1043],[-2,-4],[-5,-3]],[[3464,1036],[-2,0]],[[3462,1036],[-2,3],[4,3],[7,1]],[[3480,1065],[1,0]],[[3481,1065],[1,-5],[-1,-8],[-5,-2],[-2,-9],[-3,2]],[[3471,1043],[1,4],[2,1],[0,6],[5,1],[1,4],[0,6]],[[3481,1065],[-1,0]],[[3480,1065],[0,3],[4,2]],[[3484,1070],[1,2]],[[3485,1072],[1,1]],[[3486,1073],[1,0]],[[3487,1073],[-1,-6],[-5,-2]],[[3487,1073],[-1,0]],[[3486,1073],[-1,-1]],[[3485,1072],[0,3],[-4,3]],[[3481,1078],[2,2],[0,4],[6,0],[-4,-4],[6,-1],[-4,-6]],[[3484,1089],[2,-2]],[[3486,1087],[-5,-1],[-7,2],[1,2],[3,2],[3,0],[-3,-4],[6,1]],[[3467,1093],[-3,2],[2,4]],[[3466,1099],[2,-3],[-1,-3]],[[3465,1101],[2,-2]],[[3467,1099],[-1,0]],[[3466,1099],[-7,0],[0,3],[6,-1]],[[3501,1116],[-3,1]],[[3498,1117],[3,-1]],[[3500,1121],[2,-3],[8,0],[3,-1],[4,-1],[3,-3]],[[3520,1113],[-5,3],[-7,0],[-6,-2],[-1,2]],[[3501,1116],[-3,1]],[[3498,1117],[-4,1],[-1,3],[7,0]],[[3489,1132],[-2,1]],[[3487,1133],[2,-1]],[[3510,1428],[-2,1]],[[3508,1429],[2,-1]],[[3573,1581],[4,-1],[-2,-3],[-3,1],[1,3]],[[3577,1819],[-5,1],[3,3],[0,3],[4,-1],[-2,-6]],[[3602,1942],[-1,-2],[-6,0],[4,2],[3,0]],[[3646,1967],[1,-5],[-3,0],[-1,4],[3,1]],[[3652,2194],[4,3],[7,0],[1,-3],[6,2],[1,-3],[-7,0],[-1,-4],[-3,2],[-1,4],[-6,-2],[0,-4],[-7,1],[-4,3],[-2,2],[12,-1]],[[3753,2814],[9,0],[3,-2],[12,-2],[0,-2],[-3,-2],[-8,1],[-15,1],[-1,-2],[-5,0],[-5,2],[-6,2],[1,2],[9,2],[-3,4],[9,-1],[-2,-3],[5,0]],[[3757,2809],[-1,3],[-8,2],[-2,-1],[1,-3],[10,-1]],[[3747,2827],[-6,2],[4,2],[1,3],[5,-2],[-2,-4],[-2,-1]],[[3785,3051],[-3,4],[2,2],[3,-4],[-2,-2]],[[3951,4096],[2,1],[7,-1],[-4,-2],[-5,1],[0,1]],[[4058,4595],[-1,-1]],[[4057,4594],[1,1]],[[4109,5055],[1,7],[6,1],[2,-2],[-4,-6],[-5,0]],[[4188,5487],[-5,2],[2,2],[7,-1],[-1,-4],[-3,1]],[[4195,5827],[5,5],[3,-3],[-2,-2],[2,-2],[-1,-3],[-3,-1],[-4,4],[0,2]],[[4229,5839],[3,-1],[-2,-3],[-3,-3],[1,-2],[-2,-1],[-4,1],[0,3],[-3,2],[1,3],[9,1]],[[4213,5959],[5,1],[1,-2],[-6,1]],[[4221,5970],[-1,2],[4,1],[0,-4],[-3,1]],[[4311,6785],[5,1],[19,-2],[2,-1],[7,0],[8,0],[3,1],[6,0],[2,1],[6,-1],[8,-3],[5,-1],[2,-1],[16,-1],[12,-2],[6,-2],[9,0],[5,1],[3,0],[6,2],[6,0],[6,-4],[6,-6],[4,0],[2,-2]],[[4465,6765],[1,-2]],[[4466,6763],[-5,0],[-5,6],[-7,4],[-13,2],[-6,-1],[-4,-2],[-5,0],[-4,1],[-6,1],[-10,1]],[[4401,6775],[-4,2],[-3,-1],[-13,2],[-8,3],[-7,1],[-4,-1],[-15,1],[-2,-1],[-7,1],[-3,1],[-16,1],[-2,-1],[-6,0],[-7,3],[-13,1],[-4,2],[-15,2],[-3,1],[-9,4],[-2,1]],[[4258,6797],[4,-1],[13,-1],[11,-4],[5,-3],[12,0],[8,-3]],[[4277,6791],[1,3],[-9,1],[3,-3],[5,-1]],[[4377,7077],[5,1],[0,-2],[-5,-1],[0,2]],[[4397,7082],[3,2],[3,-3],[-4,-1],[-2,2]],[[4383,7096],[10,0],[0,-1],[-10,1]],[[3390,353],[-4,-2],[-3,-4],[-9,-3],[-5,1],[1,2],[5,3],[6,2],[4,6],[5,6],[4,3],[3,-1],[-2,-8],[-2,-1],[-3,-4]],[[3449,608],[-4,0],[-3,2],[1,4],[3,2],[7,-3],[-1,-4],[-3,-1]],[[3445,635],[-1,-2],[-3,0],[1,3],[3,-1]],[[3473,634],[1,-3],[-4,0],[-1,3],[4,0]],[[3451,639],[3,2],[4,-1],[0,-2],[-5,-1],[-2,2]],[[3469,644],[-1,1],[4,4],[3,0],[-1,-3],[-2,-3],[-3,1]],[[3457,654],[-3,5],[3,2],[3,-2],[-3,-5]],[[3480,676],[4,0],[0,-3],[-6,0],[2,3]],[[3480,685],[-1,4],[5,0],[0,-4],[-4,0]],[[3476,694],[6,0],[3,-2],[-4,-2],[-5,4]],[[3488,702],[-2,2],[8,1],[0,-4],[-6,1]],[[3496,707],[1,0]],[[3497,707],[-1,0]],[[3473,709],[0,2],[-2,1],[2,6],[3,1],[3,0],[0,-3],[-4,-3],[0,-4],[-2,0]],[[3459,717],[2,4],[4,-1],[-3,-2],[-3,-1]],[[3472,723],[4,-2],[-3,-1],[-3,0],[2,3]],[[3491,721],[-8,-3],[-5,5],[1,4],[3,4],[5,1],[3,0],[0,-2],[4,-3],[-3,-6]],[[3448,737],[1,0]],[[3449,737],[-1,0]],[[3446,738],[-2,1]],[[3444,739],[2,-1]],[[3498,734],[0,2],[4,1],[2,-2],[-4,-4],[-2,3]],[[3452,741],[1,0]],[[3453,741],[0,-2],[-4,-2]],[[3449,737],[-1,0]],[[3448,737],[-2,1]],[[3446,738],[6,3]],[[3488,737],[-1,3],[3,2],[5,-1],[-2,-3],[-5,-1]],[[3453,741],[-1,0]],[[3452,741],[4,2]],[[3456,743],[-3,-2]],[[3471,747],[1,1]],[[3472,748],[2,-1],[-2,-8],[-2,-3],[-6,-1],[-7,1],[3,7],[8,5],[3,-1]],[[3457,744],[-1,-1]],[[3456,743],[1,1]],[[3457,744],[-1,-1]],[[3456,743],[1,1]],[[3444,739],[-5,2],[0,4],[5,5]],[[3444,750],[2,4],[3,0],[3,-4],[-1,-5],[-2,-4],[-5,-2]],[[3457,755],[-3,5],[3,0],[5,-2],[-1,-3],[-4,0]],[[3457,798],[1,-2],[-4,-1],[-1,2],[4,1]],[[3469,802],[7,2],[2,-2],[-6,-1],[-3,1]],[[3528,945],[1,0]],[[3529,945],[-1,0]],[[3529,945],[-1,0]],[[3528,945],[3,1]],[[3531,946],[-2,-1]],[[3540,947],[1,-2],[-3,-1]],[[3538,944],[-1,0]],[[3537,944],[-5,0],[-1,2]],[[3531,946],[1,4],[-4,2],[1,3],[-4,2],[4,2],[4,-1],[3,-5],[0,-5],[4,-1]],[[3530,967],[0,-3],[-4,0],[-2,-8],[-6,0],[-1,4],[5,0],[2,2],[-1,2],[2,2],[1,4],[3,0],[1,-3]],[[3514,970],[3,-1],[4,-4],[-1,-3],[-2,-2],[-3,0],[2,6],[-3,4]],[[3520,977],[-1,-1]],[[3519,976],[1,1]],[[3514,970],[-3,1]],[[3511,971],[-4,1],[-2,2],[1,3],[-2,6],[-3,1],[1,5],[-4,4]],[[3498,993],[-1,5],[1,3],[2,7]],[[3500,1008],[1,1]],[[3501,1009],[1,0],[0,-9],[3,-3],[-2,-2]],[[3503,995],[3,0],[2,-2],[-2,-6],[1,-1],[0,-5]],[[3507,981],[-1,-2],[7,-5],[-2,-2],[3,-2]],[[3520,977],[-1,-1]],[[3519,976],[-3,0],[0,5],[6,0],[1,-3],[-3,-1]],[[3507,981],[1,1],[1,4],[3,1],[-3,-5],[-2,-1]],[[3501,1009],[-1,-1]],[[3500,1008],[1,1]],[[3539,1100],[-1,-2],[3,-2],[-4,-2],[-1,3],[3,3]],[[3531,1105],[3,-1]],[[3534,1104],[-3,1]],[[3546,1106],[4,2],[3,-1],[-2,-3],[-3,0],[-2,2]],[[3542,1106],[-4,1],[0,2],[6,0],[-2,-3]],[[3520,1113],[4,-3],[5,0],[2,-5]],[[3531,1105],[-3,2],[-7,1],[-1,5]],[[3571,1459],[4,2],[3,-1],[-2,-3],[-5,0],[0,2]],[[3646,1967],[6,5],[6,-1]],[[3658,1971],[-3,-2],[-6,-1],[-3,-1]],[[3680,1980],[0,-1]],[[3680,1979],[0,1]],[[3686,1981],[-1,1]],[[3685,1982],[-1,0]],[[3684,1982],[2,-1]],[[3711,2218],[6,1],[3,-3],[3,0],[3,-3],[8,0],[3,-2],[-3,-2],[-2,4],[-3,-1],[-1,-4],[-6,0],[-5,-3],[-4,1],[-1,-3],[-11,1],[-6,2],[-4,1],[-4,-5],[-4,1],[-1,-3],[-4,-2],[-6,-1],[-1,3],[4,1],[9,7],[7,2],[1,2],[7,2],[2,5],[10,-1]],[[3700,2209],[-4,-2],[8,-2],[8,5],[0,2],[-5,0],[-7,-3]],[[3730,2219],[-1,0]],[[3729,2219],[1,0]],[[3746,2238],[4,-7],[-10,0],[-2,3],[2,4],[5,1],[1,-1]],[[3757,2313],[-2,-4],[-7,2],[-3,4],[9,-1],[3,-1]],[[3756,2363],[2,3],[4,-3],[-4,-1],[-2,1]],[[3847,2947],[0,2],[5,-1],[-2,-2],[-3,1]],[[3864,3040],[-2,1],[4,3],[4,0],[4,-2],[-10,-2]],[[4057,4594],[1,1]],[[4058,4595],[-1,-1]],[[4091,4765],[5,2],[1,-1],[-3,-2],[-3,1]],[[4119,4800],[3,1],[-1,-5]],[[4121,4796],[-3,0],[1,4]],[[4136,5005],[-5,-1],[-2,3],[3,1],[0,4],[6,0],[5,-1],[-7,-6]],[[4198,5514],[7,0],[-3,-2],[-3,0],[-1,2]],[[4293,5862],[1,0]],[[4294,5862],[-1,0]],[[4439,7084],[-3,-2],[-2,3],[0,3],[4,3],[4,0],[5,2],[9,-1],[4,4],[4,0],[-1,-3],[-8,-2],[-5,0],[-1,-2],[-10,-5]],[[3450,364],[-2,-2],[-3,0],[1,3],[4,-1]],[[3440,378],[0,3],[7,-1],[-5,-6],[-2,4]],[[3491,588],[-1,4],[2,1],[5,-1],[0,-2],[-2,-3],[-4,1]],[[3489,607],[3,-3],[-2,-2]],[[3490,602],[-1,5]],[[3491,613],[2,-2],[-2,-2],[-3,0],[0,3],[3,1]],[[3486,619],[-1,-1]],[[3485,618],[1,1]],[[3486,619],[-1,-1]],[[3485,618],[1,1]],[[3514,665],[2,2],[5,-4],[-7,-3],[1,4],[-1,1]],[[3514,665],[-4,0]],[[3510,665],[4,0]],[[3496,707],[1,0]],[[3497,707],[-1,0]],[[3546,705],[4,2],[0,-4],[-5,0],[1,2]],[[3534,715],[-1,-8],[-2,-2],[-5,2],[0,4],[4,2],[1,4],[3,-2]],[[3551,714],[2,-3],[-5,0],[-2,-3],[-4,1],[3,5],[6,0]],[[3500,715],[-2,2],[1,2],[5,0],[-4,-4]],[[3515,727],[6,2],[0,-4],[-5,-2],[-2,0],[1,4]],[[3506,732],[2,2],[4,0],[-1,-4],[-3,-1],[-2,3]],[[3575,910],[5,-2]],[[3580,908],[-5,2]],[[3570,913],[5,-3]],[[3575,910],[-4,1],[-1,2]],[[3550,931],[3,3]],[[3553,934],[0,1]],[[3553,935],[-1,0]],[[3552,935],[3,0],[0,-6],[-5,2]],[[3552,935],[1,0]],[[3553,935],[0,-1]],[[3553,934],[-2,-2]],[[3551,932],[-1,-1]],[[3550,931],[-4,3],[-4,0],[-2,3]],[[3540,937],[1,1]],[[3541,938],[-4,1],[0,5]],[[3537,944],[1,0]],[[3538,944],[8,-2],[4,-3],[2,-4]],[[3541,938],[-1,-1]],[[3540,937],[1,1]],[[3604,1063],[-2,0]],[[3602,1063],[2,0]],[[3604,1063],[-2,0]],[[3602,1063],[2,0]],[[3585,1071],[-1,1]],[[3584,1072],[1,-1]],[[3577,1079],[1,1]],[[3578,1080],[1,-3],[3,0]],[[3582,1077],[1,-2]],[[3583,1075],[1,-3]],[[3584,1072],[1,-1]],[[3585,1071],[-3,2],[-6,1],[-3,5],[4,0]],[[3583,1078],[1,0]],[[3584,1078],[1,1]],[[3585,1079],[-2,-4]],[[3583,1075],[-1,2]],[[3582,1077],[1,1]],[[3585,1079],[-1,-1]],[[3584,1078],[-1,0]],[[3583,1078],[2,1]],[[3578,1082],[0,-2]],[[3578,1080],[-1,-1]],[[3577,1079],[-4,0],[2,3],[3,0]],[[3578,1082],[0,2]],[[3578,1084],[2,0]],[[3580,1084],[-2,-2]],[[3580,1084],[-2,0]],[[3578,1084],[-5,3],[-6,1],[-3,5],[-6,5],[-4,4],[2,6],[4,-1],[5,0],[2,-3],[-2,-4],[-4,-3],[1,-2],[5,-1],[2,-5],[2,-2],[9,-3]],[[3632,1258],[-4,0],[0,3],[6,-1],[-2,-2]],[[3639,1280],[1,0]],[[3640,1280],[0,-4]],[[3640,1276],[-2,-1],[-1,-6],[-5,-1],[-1,2],[5,4],[-4,1],[-1,-4],[-5,-2],[-8,1],[-1,-6],[-4,-3],[-1,-2],[-6,1],[-5,3],[5,1],[4,3],[7,4],[3,0],[6,3],[5,2],[0,2],[4,2],[4,0]],[[3750,1967],[2,1]],[[3752,1968],[-2,-1]],[[3755,1971],[-3,-3]],[[3752,1968],[-2,-1]],[[3750,1967],[0,3],[5,1]],[[3680,1979],[0,1]],[[3680,1980],[4,2]],[[3684,1982],[1,0]],[[3685,1982],[1,-1]],[[3686,1981],[4,-2],[1,4]],[[3691,1983],[2,3],[5,-4],[3,4],[5,0],[0,-3],[6,-8],[3,2],[8,1],[9,0],[5,0],[3,3],[4,0],[0,2],[-4,3],[1,2],[-5,3],[0,3],[-7,5],[-2,3],[-2,6],[4,2],[-3,2],[4,2],[0,3],[4,2],[5,0],[4,-1],[4,1],[-3,2]],[[3744,2021],[3,-1],[4,2],[-1,-7],[-2,-2],[-3,0]],[[3745,2013],[5,-3],[6,-10],[0,-2],[7,-7],[-1,-7],[-2,-2],[-1,-6],[-14,-7],[0,-1],[-11,-2],[-12,0],[-3,1],[-7,0]],[[3712,1967],[-9,0],[-5,1],[1,2],[4,3],[-5,0],[-7,-1],[-13,1],[-7,-4],[-8,0],[-5,2]],[[3658,1971],[-2,2],[1,4],[3,2],[0,2],[6,-1],[3,-2],[14,-1],[-3,2]],[[3753,2226],[7,-1],[4,-2],[1,-3],[-1,-6],[4,1],[1,6],[6,-2],[-3,-2],[0,-5],[4,-1],[0,-2],[-7,-1],[-11,5],[-3,1],[-3,-3],[-2,-4],[-7,0],[2,4],[3,2],[-9,5],[2,8],[12,0]],[[3757,2243],[-2,2],[8,1],[-1,-3],[-5,0]],[[3796,2250],[-5,1],[-4,2],[-4,0],[-2,1],[17,-1],[-2,-3]],[[3791,2263],[-3,-2],[-9,0],[0,4],[2,2],[4,0],[0,3],[4,0],[9,-7],[-7,0]],[[3792,2290],[-5,-1],[-3,3],[-7,2],[1,2],[4,0],[8,-3],[2,-3]],[[3789,2300],[-6,2],[4,1],[2,-3]],[[3779,2315],[1,3],[5,-1],[0,-2],[-3,-2],[-3,2]],[[3883,2740],[-3,0],[-1,3],[4,0],[0,-3]],[[3877,2844],[-2,-3],[-6,2]],[[3869,2843],[0,1]],[[3869,2844],[3,1],[1,2],[5,-1],[-1,-2]],[[3872,2957],[0,-3],[-4,0],[-1,5],[3,0],[2,-2]],[[3872,2958],[0,-1]],[[3872,2957],[0,1]],[[3890,2966],[0,-3],[-9,2],[0,5],[9,-4]],[[3902,2972],[-1,-3],[-12,2],[0,3],[8,-1],[5,-1]],[[3902,2972],[5,1]],[[3907,2973],[-5,-1]],[[3894,2974],[-4,3],[10,-2],[1,-1],[-7,0]],[[3899,2984],[2,-1]],[[3901,2983],[1,-1]],[[3902,2982],[0,-2],[4,-1],[-2,-2],[-3,1],[-4,3],[2,3]],[[3902,2982],[-1,1]],[[3901,2983],[-2,1]],[[3899,2984],[7,0],[5,2],[2,4],[2,3],[1,4],[6,0],[2,2],[0,3],[-5,1],[-3,-1],[-4,0],[-3,2],[8,1],[-10,7],[-8,2],[-13,7]],[[3886,3021],[-2,3],[8,0],[2,-4],[7,2],[-3,1]],[[3898,3023],[-3,1],[-7,5],[-9,3],[-8,1],[3,3],[8,-1],[5,-2],[5,-2],[2,2],[-5,3],[-5,4],[-5,3],[-11,8],[-4,4],[-9,5],[-7,1],[-5,0],[-1,2],[-4,0],[-6,2],[-5,1],[-9,4],[-5,-1],[0,-3],[3,-1],[0,-3],[-5,4],[-1,5],[1,7],[10,-2],[3,3],[9,-1],[5,0],[-1,-3],[11,0],[1,3],[4,0],[1,-2],[12,-3],[4,-3],[-7,-1],[-8,-4],[2,-1],[5,-1],[3,3],[6,-2],[1,2],[5,1],[4,-2]],[[3881,3065],[1,0],[5,-1]],[[3887,3064],[2,-3],[-1,-4],[3,0],[1,-3],[8,2],[7,-4],[-1,-2],[4,-1],[1,3],[4,0],[-7,5],[-5,4],[8,-1],[7,1],[6,-1],[4,-2],[7,-1],[0,-1],[6,-1],[3,2],[-6,3],[-12,1],[4,2],[17,-1],[16,0],[3,3],[3,0],[0,3],[-13,-2],[-1,-2],[-4,0],[-1,4],[-5,-4],[-5,3],[-3,2],[6,4],[9,-2],[16,4],[5,3],[6,0],[0,2],[4,0],[6,-2],[2,-2],[9,-2],[5,4],[8,0],[-3,3],[2,1],[12,-4],[7,0],[11,2],[6,-2],[3,0],[2,2],[-4,4],[-3,1],[0,3],[4,1]],[[4050,3089],[8,2],[5,3],[6,0],[1,5],[6,1],[-1,3],[5,0],[8,4],[5,7],[4,2]],[[4097,3116],[2,0],[6,2],[11,4],[5,2],[10,2],[9,0],[2,-4],[5,3],[1,2],[-6,7],[1,6],[0,11],[3,3],[-5,4],[2,3],[3,-3],[5,2]],[[4151,3160],[-1,-6],[6,0],[7,-3],[6,0],[2,1]],[[4171,3152],[-4,-4],[-5,-1],[-2,-6],[-3,-1],[0,-4],[2,0],[-1,-4],[2,-2],[3,-8],[-1,-5],[-1,-1],[-6,-1],[1,6],[-2,0],[-1,-3],[3,-7],[-4,-3],[-2,-2],[0,-4],[-5,1],[1,3],[-7,0],[-4,-2],[-3,-6],[-4,-1],[0,-3],[-4,-5],[-1,-4],[-4,-2],[-9,0],[-1,-4],[-3,-3],[-7,4],[4,2],[5,1],[1,2],[10,0],[4,2],[-1,5],[4,4],[-2,1],[-1,3]],[[4123,3100],[2,3],[-5,3],[-1,2],[-4,0],[-1,-4],[6,-2],[-1,-5],[-5,1]],[[4114,3098],[-2,-3],[-4,-2],[-4,0],[-2,3],[-3,0],[-5,-2],[-2,-3],[-9,0],[-4,1],[-6,1],[0,-3],[10,0],[6,0],[3,-1],[5,0],[3,-3],[5,4],[3,-1],[-13,-6],[0,-3],[-7,-4],[-6,-1],[-3,0],[-8,-3],[-10,5],[2,2],[-6,1],[-2,-2],[1,-3],[10,-1],[-1,-3],[2,-1],[-2,-4]],[[4065,3066],[-4,-1],[-3,1],[1,3]],[[4059,3069],[-3,-1],[1,-3],[-2,-6],[6,2],[-3,-5],[6,-2],[0,-1],[-7,-1],[-3,-3],[-5,2],[-14,5],[-8,0],[-3,-1],[-3,1],[-7,-2],[1,-4],[-2,-1],[1,-5],[-4,-1],[-4,4],[2,3],[3,1],[0,4],[-3,0],[-5,-5],[-8,1],[-1,-2],[-5,1],[0,-5],[-2,0],[-2,-3]],[[3985,3042],[-5,2],[0,-4],[-5,3],[-4,-1],[-4,-2],[-8,0],[-2,-3],[-4,0],[0,5],[-13,1],[-9,1],[-2,-1],[-8,1],[0,-3],[5,0],[5,1],[2,-2]],[[3933,3040],[-6,0],[-1,-2],[-4,-3],[-6,1],[-1,-3],[7,0],[5,2],[1,-3]],[[3928,3032],[3,2],[5,-1],[2,1],[9,8],[-1,-5],[-12,-7],[1,-2],[3,0]],[[3938,3028],[-2,0],[-5,-5],[-5,1],[-7,-5],[11,1],[8,3],[-1,-6],[2,-3],[-1,-5]],[[3938,3009],[-1,-5],[2,-2]],[[3939,3002],[3,-1],[1,-3],[3,1],[4,-4],[-5,-4],[4,-1],[-1,-5],[-6,1],[-2,-5],[-14,1],[-3,-2],[-5,2],[-5,-3],[-4,0],[-5,3],[-2,0]],[[3902,3024],[-4,-1]],[[3898,3023],[4,1]],[[3881,3065],[-3,-1],[-3,-5],[7,2],[-1,4]],[[3928,3011],[-4,-1],[-5,4],[-2,-3],[4,-2],[6,0],[1,2]],[[3928,3011],[7,-1],[1,5],[-5,-1],[-3,-3]],[[3933,2996],[-3,3],[-1,-5],[3,-2],[1,4]],[[3940,2994],[1,3],[-4,0],[-1,-2],[4,-1]],[[3931,2987],[9,0],[4,5],[4,2],[-4,2],[-2,-3],[-3,-2],[-7,-2],[-1,-2]],[[3931,2987],[-8,-2],[3,-2],[2,3],[3,1]],[[4153,3122],[2,1],[0,5],[-3,0],[-2,-3],[3,-1],[0,-2]],[[4143,3113],[5,0],[1,5],[-3,1],[-6,0],[-1,-5],[4,-1]],[[4120,3109],[0,2],[-3,2],[-1,-4],[4,0]],[[4109,3110],[-2,3],[-5,0],[2,-4],[5,1]],[[4133,3106],[2,4],[-4,0],[-2,-3],[4,-1]],[[4138,3110],[0,-2],[4,-1],[-1,4],[-3,-1]],[[4092,3099],[-6,0],[-4,-2],[-1,-1],[9,-1],[2,2],[0,2]],[[4077,3079],[-3,-4],[7,1],[-1,2],[-3,1]],[[3979,3066],[4,1],[1,3],[-7,-2],[2,-2]],[[3952,3070],[4,-3],[2,3],[-6,0]],[[3986,3059],[4,-1],[4,6],[-3,1],[-5,-6]],[[4051,3055],[0,5],[-2,-1],[-1,-4],[3,0]],[[3967,3059],[3,-2],[8,-1],[0,2],[-4,1],[-4,-1],[-3,1]],[[3993,3054],[-7,2],[-1,-4],[8,2]],[[3983,3053],[0,2],[-8,0],[-1,-5],[6,0],[3,3]],[[3950,3052],[2,3],[-5,0],[3,-3]],[[3935,3053],[-4,2],[-1,-2],[5,0]],[[3878,3051],[2,4],[4,2],[-7,1],[-5,-4],[5,-1],[1,-2]],[[3893,3049],[8,-1],[4,1],[-2,4],[-6,-1],[-8,1],[-4,-3],[5,-2],[3,1]],[[3924,3050],[6,-1],[3,-2],[2,3],[-3,1],[-10,1],[-4,1],[1,-5],[5,2]],[[3943,3048],[4,-1],[1,-3],[5,2],[-3,3],[-5,1],[-6,1],[-2,-5],[4,0],[2,2]],[[3903,3041],[-7,0],[10,-5],[1,2],[6,4],[2,3],[-9,1],[-5,-1],[-1,-3],[3,-1]],[[3896,3033],[1,-3],[6,-1],[1,3],[-8,1]],[[3919,3026],[-1,1],[-6,1],[2,-4],[3,0],[2,2]],[[4163,4806],[3,-1],[0,-3],[-3,1],[0,3]],[[4203,4992],[1,0]],[[4204,4992],[7,0],[0,-1],[-8,1]],[[4204,4992],[-1,0]],[[4203,4992],[1,0]],[[4227,5274],[-1,2],[8,0],[-3,-3],[-4,1]],[[4320,5917],[6,-2],[-3,-5],[-7,3],[-5,3],[0,3],[2,2],[6,-3],[1,-1]],[[3493,226],[-3,-2]],[[3490,224],[3,2]],[[3612,674],[-5,0],[-2,1],[2,4],[5,4],[5,-2],[-2,-5],[-3,-2]],[[3565,681],[6,5],[3,-3],[-3,-2],[-6,0]],[[3549,687],[-1,5],[6,1],[1,-4],[-3,-2],[-3,0]],[[3565,688],[-2,4],[4,2],[6,-2],[-2,-3],[-6,-1]],[[3607,702],[-6,-1],[0,2],[6,-1]],[[3562,707],[1,-2],[-6,0],[2,3],[3,-1]],[[3589,903],[0,-3],[5,0],[2,-4],[-5,0],[-2,-3],[-2,0],[1,4],[-2,3],[3,3]],[[3662,1038],[-1,3],[3,2],[5,0],[0,-4],[-3,-2],[-4,1]],[[3644,1044],[5,1],[4,0],[-1,-3],[-4,0],[-3,-2],[-3,0],[2,4]],[[3646,1048],[-5,-2],[-4,0]],[[3637,1046],[5,2],[4,0]],[[3663,1051],[3,-1],[-1,-3],[-5,1],[3,3]],[[3671,1289],[-3,-3]],[[3668,1286],[-3,-1],[-9,-1],[-3,0],[-2,-2],[-4,0],[-7,-6]],[[3640,1276],[0,4]],[[3640,1280],[-1,0]],[[3639,1280],[4,3],[1,3],[7,5]],[[3651,1291],[6,1]],[[3657,1292],[6,0],[-1,-4],[4,-1],[5,2]],[[3680,1284],[-9,5]],[[3671,1289],[1,1],[-5,2],[1,3],[2,2],[3,0],[4,-5],[-4,-2],[0,-2],[7,-2],[0,-2]],[[3657,1292],[-1,4],[3,-1],[0,-3],[-2,0]],[[3786,1677],[-3,-1],[-3,2],[1,4],[7,2],[2,-2],[-1,-4],[-3,-1]],[[3827,2063],[7,3],[1,3],[-1,2],[7,1],[2,3],[5,-1],[2,2],[6,0],[2,3],[3,0],[8,2],[12,-1],[6,2],[11,0],[7,1],[3,2],[4,0],[-2,-6],[-3,-2],[-8,-2],[-5,-4],[-9,-2],[-12,1],[-4,1],[-6,0],[0,4],[-4,1],[-4,-1],[-3,-2],[-1,-3],[-14,-16],[-1,-3],[-1,-9],[-3,-17],[-3,-4],[-9,-5],[-12,-2],[-5,5],[-3,0],[-3,4],[0,2],[4,0],[3,4],[8,6],[-6,-1],[-6,-3],[-3,-1],[-7,0],[-2,0],[-12,0],[-6,-1],[-13,1],[-10,3],[-6,0],[-1,3],[4,1],[9,-1],[2,-1],[10,0],[3,0],[2,5],[5,1],[1,4],[10,-2],[3,1],[4,3],[4,5],[2,0],[2,3],[4,1],[2,2],[11,2],[4,1],[5,2]],[[3853,2356],[-3,-5],[-2,-2],[-3,3],[-2,-2],[-4,0],[0,3],[2,2],[7,-1],[3,3],[5,3],[4,-2],[-7,-2]],[[3937,2737],[6,2],[2,-2],[-3,-1],[-5,1]],[[3930,2765],[-7,1],[1,2],[6,-3]],[[3933,3040],[6,1],[-1,-2],[-5,-4],[0,5]],[[3985,3042],[-2,-1]],[[3983,3041],[2,1]],[[3994,3181],[2,-1]],[[3996,3180],[-2,1]],[[3996,3180],[-2,1]],[[3994,3181],[2,-1]],[[4005,3469],[9,-1],[0,-2],[-9,1],[0,2]],[[4034,3468],[5,2],[1,5],[-2,4],[8,2],[5,-1],[5,-4],[-1,-2],[-5,0],[-7,-2],[-2,-5],[-7,1]],[[4272,5004],[-5,1]],[[4267,5005],[5,-1]],[[4274,5142],[2,3],[5,-1],[-1,-3],[-6,1]],[[4279,5158],[2,2],[3,0],[3,6],[-1,3],[5,0],[4,-5],[2,0],[1,4],[-4,3],[6,0],[1,-3],[-2,-6],[2,-2],[3,2],[0,2],[1,9],[6,2],[6,-1],[5,-4],[-1,-3],[1,-4],[4,0],[1,3],[1,6],[6,0],[2,1],[1,4],[2,3],[5,2],[6,0],[-3,-3],[-6,-2],[-1,-8],[-6,0],[-1,-2],[5,-2],[0,-2],[6,1],[0,3],[7,-1],[-3,-3],[-3,-1],[-2,-2],[-4,0],[-2,2],[-4,0],[-2,-3],[-5,1],[-1,-4],[1,-1],[6,-1],[-7,-2],[-1,-5],[5,0],[1,-2],[-3,-1],[-2,1],[-6,1],[-1,3],[-6,0],[-2,4],[-6,1],[-2,3],[-2,-4],[-8,-3],[-2,2],[1,3],[-1,3],[-8,1],[-3,-1]],[[4296,5156],[2,-1],[1,5],[-4,2],[-3,-4],[4,-2]],[[4286,5502],[-2,2],[1,4],[5,2],[3,0],[3,2],[2,-1],[11,-1],[6,-1],[5,0],[7,-3],[5,0],[0,-4],[-6,-3],[-9,2],[-2,-1],[-5,1],[-6,0],[-3,-6],[-2,1],[-1,7],[-3,3],[-5,-3],[-4,-1]],[[4300,5514],[1,2],[1,6],[2,-1],[0,-3],[-4,-4]],[[4364,5839],[-3,1],[1,6],[2,1],[0,5]],[[4364,5852],[2,-2],[-1,-4],[-2,-1],[-1,-5],[2,-1]],[[4521,7095],[2,1],[6,0],[-3,-3],[-5,2]],[[4545,7096],[1,1]],[[4546,7097],[2,-1]],[[4548,7096],[-1,-4],[-2,1],[0,3]],[[4548,7096],[-2,1]],[[4546,7097],[-1,-1]],[[4545,7096],[3,0]],[[3636,372],[3,-1],[-1,-3],[-5,0],[3,4]],[[3688,840],[0,4],[3,-1],[0,-3],[-3,0]],[[3673,849],[5,1],[2,-5],[-4,-2],[-7,2],[1,3],[3,1]],[[3713,845],[-7,3],[0,3],[4,2],[4,-2],[-3,-3],[2,-3]],[[3659,855],[4,0],[0,-3],[-5,0],[1,3]],[[3714,1003],[3,-2],[-2,-2],[-4,0],[3,4]],[[3720,1001],[-4,2],[1,5],[3,2],[1,2],[5,-1],[2,-1],[-1,-3],[-4,-2],[-1,-3],[-2,-1]],[[3706,1013],[3,-1],[-3,-4],[-5,1],[-1,3],[2,1],[4,0]],[[3693,1011],[-2,2],[3,2]],[[3694,1015],[4,-2],[-5,-2]],[[3694,1015],[4,3],[3,0],[-2,-3],[-5,0]],[[3716,1022],[-1,-3]],[[3715,1019],[1,3]],[[3694,1023],[-3,0],[1,3],[5,2],[3,-2],[-6,-3]],[[3700,1037],[-2,-4],[-6,0],[0,3],[8,1]],[[3685,1038],[4,1]],[[3689,1039],[-4,-1]],[[3689,1039],[0,1],[7,1],[2,-1],[-2,-3],[-3,2],[-4,0]],[[3680,1284],[7,-1],[4,2],[3,-2],[9,-1],[3,-2],[3,3],[2,0],[1,-4],[5,0]],[[3717,1279],[6,-2],[2,-1],[5,-1],[5,1],[0,5],[5,-2],[-1,-4],[6,-1],[0,-5],[8,1],[8,0],[3,2],[8,1],[3,1],[10,0],[3,1],[3,-1],[5,3],[8,0],[3,-4]],[[3807,1273],[1,0]],[[3808,1273],[5,1],[0,-4],[-8,1],[-10,2],[-8,0],[0,-1],[-13,1],[-8,-4],[-7,-1],[0,-3],[-5,-1],[-5,1],[-1,1],[-5,0],[-3,2],[-8,2],[-5,3],[-3,0],[-5,3],[-5,0],[-5,2],[-17,1],[-3,0],[-4,2],[-4,1],[-1,2]],[[3793,1667],[1,1]],[[3794,1668],[-1,-1]],[[3790,1672],[4,-2],[0,-2]],[[3794,1668],[-1,-1]],[[3793,1667],[-4,0],[1,5]],[[3802,1694],[-1,4],[3,1],[3,-1],[0,-5],[-5,1]],[[3850,2003],[1,-3],[-4,0],[3,3]],[[3921,2090],[5,0],[4,-2],[0,-5],[-5,2]],[[3925,2085],[0,2],[-4,3]],[[3911,2091],[2,-1]],[[3913,2090],[0,-1]],[[3913,2089],[-2,2]],[[3921,2090],[4,-5]],[[3925,2085],[-6,0],[-6,4]],[[3913,2089],[0,1]],[[3913,2090],[3,2]],[[3916,2092],[0,1]],[[3916,2093],[3,0],[3,-1],[-1,-2]],[[3927,2091],[-1,1]],[[3926,2092],[1,-1]],[[3916,2093],[0,-1]],[[3916,2092],[-5,-1]],[[3911,2091],[0,2],[5,0]],[[3981,2629],[-5,0],[1,2],[3,0],[1,-2]],[[4003,2645],[2,0],[7,0],[0,-3],[-5,0],[-4,3]],[[3974,2840],[3,-1]],[[3977,2839],[-3,1]],[[4038,2868],[1,1]],[[4039,2869],[-1,-1]],[[4039,2869],[-1,-1]],[[4038,2868],[1,1]],[[4065,3066],[1,-3],[3,-2],[-2,-2],[-2,-4],[-3,0],[0,3],[2,2],[1,6]],[[4031,3084],[6,2],[0,-4],[-4,-1],[-2,3]],[[4055,3189],[0,-4],[-3,1],[0,3],[3,0]],[[4081,3493],[-1,6],[3,3],[1,2],[3,2],[1,7],[2,4],[4,0],[1,2],[3,4],[3,0],[2,3],[4,2],[0,3],[8,2],[3,3],[2,7],[7,-7],[0,-4],[-2,-3],[-3,-1],[-8,0],[-4,-2],[-1,-7],[-7,-7],[-2,1],[-1,-5],[-5,-3],[-2,-3],[2,-4],[-2,-3],[-6,-5],[-5,3]],[[4176,4078],[0,-3],[-8,0],[-3,2],[1,3],[5,0],[0,-3],[5,1]],[[4201,4081],[-3,0],[-8,5],[3,3],[3,0],[1,-5],[4,-3]],[[4204,4095],[-1,-1],[-6,1],[3,3],[5,1],[2,-2],[-3,-2]],[[4235,4099],[-4,1],[-4,2],[-1,3],[4,0],[6,-4],[-1,-2]],[[4215,4107],[-3,-3],[-1,4],[4,-1]],[[4215,4107],[0,2],[9,0],[0,-4],[-4,-2],[-5,4]],[[4347,5278],[-2,2],[8,0],[1,-3],[-7,1]],[[4485,5783],[-2,0],[-6,4],[-9,0],[-5,4],[-10,1],[-5,3],[-5,4],[-7,1]],[[4436,5800],[4,1]],[[4440,5801],[-10,4],[-11,1],[-7,3],[-4,0],[-2,3],[-4,0],[-5,4],[0,1],[-4,3],[4,1],[3,-4],[3,-1],[2,-2],[8,0],[3,-3],[3,0],[3,-2],[11,-1],[5,0],[5,-8],[5,-3],[7,-1],[4,-3],[7,-1],[3,-3],[3,-1],[9,0],[4,-5]],[[4442,5806],[3,1]],[[4445,5807],[1,2],[3,-2],[10,-2],[-1,-2],[5,-2],[-1,-3],[-3,0],[-2,2],[-6,1],[1,2],[-2,2],[-8,1]],[[4445,5807],[-3,-1]],[[4442,5806],[3,1]],[[4591,7112],[-3,-1],[-1,-6],[-3,0],[-1,6],[8,1]],[[3685,343],[3,1],[0,-5],[-3,-1],[-5,2],[1,3],[4,0]],[[3684,394],[4,1],[2,-1],[-1,-3],[-6,-1],[1,4]],[[3695,393],[3,1],[1,5],[9,-5],[-4,-4],[-3,0],[-6,3]],[[3728,841],[2,3],[4,-1],[-2,-3],[-4,1]],[[3792,885],[4,2]],[[3796,887],[1,1]],[[3797,888],[1,0]],[[3798,888],[1,0],[-3,-6]],[[3796,882],[-4,3]],[[3798,888],[-1,0]],[[3797,888],[-1,-1]],[[3796,887],[-4,-2]],[[3792,885],[-2,1],[1,5],[2,5],[-1,2],[4,2],[7,5],[2,-2],[-1,-7],[-6,-8]],[[3806,934],[2,0]],[[3808,934],[-2,0]],[[3806,935],[0,-1]],[[3806,934],[0,1]],[[3808,934],[-2,1]],[[3806,935],[2,1],[2,4]],[[3810,940],[3,-1],[-5,-5]],[[3810,940],[0,4],[6,-1],[-2,-3],[-4,0]],[[3828,956],[-2,0],[-2,-4],[-3,-3],[-7,-3],[-3,-1],[-10,1],[1,2],[-3,4],[1,7],[0,5],[7,-1],[9,5],[7,-1],[4,-5],[-1,-5],[2,-1]],[[3788,971],[-1,3],[4,0],[5,3],[3,6],[3,-2],[-3,-2],[3,-2],[-1,-6],[-6,-4],[-5,1],[-2,3]],[[3772,996],[12,-1],[8,-4],[-1,-4],[-2,-3],[1,-2],[-5,-3],[-6,-2],[-3,6],[-9,1],[-3,2],[0,4],[7,8],[1,-2]],[[3789,1008],[-2,-2],[-7,1],[0,2],[5,1],[4,-2]],[[3822,1242],[-7,2],[-8,1],[-3,5],[6,-3],[5,-1],[1,-2],[4,0],[2,-2]],[[3870,1265],[-2,-4],[-3,-3],[-8,3],[0,3],[4,3],[4,0],[5,-2]],[[3841,1265],[-1,-2],[-4,0],[-4,4],[4,2],[6,-1],[-1,-3]],[[3823,1269],[2,2],[4,0],[-2,-5],[-5,0],[1,3]],[[3808,1273],[-1,0]],[[3807,1273],[1,0]],[[3824,1297],[1,0]],[[3825,1297],[0,-7],[-3,-3]],[[3822,1287],[-2,4],[3,2],[1,4]],[[3825,1297],[-1,0]],[[3824,1297],[1,0]],[[3834,1307],[1,1]],[[3835,1308],[-1,-1]],[[3899,1833],[0,4],[4,0],[2,-2],[-2,-4],[-4,2]],[[3922,1838],[5,1],[1,-4],[-6,1],[0,2]],[[3933,1847],[-1,1]],[[3932,1848],[3,-1],[-1,-5],[-5,2],[4,3]],[[3932,1848],[1,-1]],[[3933,1847],[-1,1]],[[3971,1864],[-8,-3],[-6,-4],[-6,-1],[1,3],[4,1],[-1,2],[6,0],[1,4],[6,5],[-1,5],[4,-2],[2,-4],[-2,-6]],[[4017,2642],[4,-1]],[[4021,2641],[-4,1]],[[4221,2933],[6,-2],[5,4],[5,2],[-2,3],[5,0],[5,-4],[-1,-2],[0,-4],[-1,-9],[8,-6],[4,-2],[4,3],[0,2],[5,-1],[0,-3]],[[4264,2914],[8,-1]],[[4272,2913],[4,2],[9,1],[11,0],[7,-1],[7,2],[6,-1],[0,2],[-5,1],[-7,2],[0,2],[10,0],[5,0],[2,1],[8,-1],[4,1],[9,0],[6,-3],[9,-1],[5,1],[8,0],[3,2],[5,0],[0,-5],[-3,-2],[-9,-5],[0,-6],[1,-4],[-1,-7],[-2,-1],[1,-5],[-5,-3],[-2,-4]],[[4358,2881],[3,-5],[-6,0],[0,-4],[6,-2],[2,3],[2,4],[6,-1],[-3,-3],[0,-2],[-6,-6]],[[4362,2865],[-4,-1],[0,-3],[3,-3],[0,-5],[-7,1]],[[4354,2854],[-5,-3],[-3,-6],[-4,-2],[-2,2],[4,2],[-4,3],[-1,4],[1,4],[1,10],[5,0],[0,2],[-3,2],[1,6],[-1,7],[-4,6],[-6,2],[1,3],[7,-1],[3,1]],[[4344,2896],[-1,-5],[3,-3],[5,1],[6,-1],[2,4],[-6,1],[-1,3],[5,3],[0,3],[5,3],[0,6],[-5,1],[-11,1],[-16,-2],[-3,1],[-15,-5],[-3,1],[-2,-3],[-8,-4]],[[4299,2901],[-2,0]],[[4297,2901],[-4,-1],[-9,1]],[[4284,2901],[0,-3],[-7,-6],[0,-1],[-6,-2],[0,-5],[-3,-2],[-7,-1],[0,-3],[-9,-1],[-4,-5],[3,-2],[-3,-2],[-1,-3],[-3,1],[0,-3],[-5,1],[0,-3],[-3,-3],[-4,0],[-7,-3],[0,-2],[-5,-2],[-10,1],[-3,-4],[-4,-2],[1,-2],[-9,-3],[-4,-3],[1,-4],[-5,0],[2,-4],[1,-1],[2,-8],[-1,-9],[4,-2],[0,-3],[3,-2],[-4,-2],[2,-2],[1,-4],[7,1],[4,-7],[0,-2],[5,0],[3,-3],[0,-2],[2,-3],[-2,-3],[4,-5],[5,0],[0,-4],[5,-3],[1,-2],[3,-5],[-1,-3],[-3,-2],[-1,-4],[2,-3],[-1,-4],[2,-2],[2,-4],[-3,-1],[0,-3],[5,-3],[-2,-6],[6,-5],[2,-2],[-5,-5],[-1,-3],[6,-2],[0,-6],[6,-2],[-1,-2],[3,-2],[0,-2],[2,-2],[12,-3],[3,-2],[8,-1],[3,2],[4,0],[3,3],[8,1]],[[4293,2691],[-9,-7],[-4,-1],[-8,-1],[-1,-5],[-3,-6],[0,-6],[-2,-2],[0,-5]],[[4266,2658],[-3,-2],[4,-1],[-3,-3],[2,-4],[-2,-4],[-1,-6],[5,-1],[-2,-2],[-6,-1],[-3,-5],[0,-2],[7,0],[-4,-2],[-1,-8],[-3,-2],[-6,-5],[-3,0],[2,8]],[[4249,2618],[-4,-1],[0,-4],[-2,-3],[-5,-4],[-3,1],[-3,4],[0,3],[-5,5],[0,3],[-3,2],[-5,3],[-8,2],[-1,1],[-7,0],[0,1],[-6,1],[-5,-2],[-8,0],[-1,3],[0,5],[7,1],[10,-1],[3,-2],[4,-1],[11,-1],[1,1],[7,0],[7,4],[0,2],[5,2],[0,2],[5,1],[0,5],[4,1],[5,-2],[5,2],[0,3],[-10,7],[-4,1],[0,3],[3,6],[-5,2],[1,6],[-4,3],[0,2],[-7,4],[-4,1],[-10,4],[-14,3],[-5,1],[-3,-2],[-6,3],[-4,-3],[-8,-1],[-4,0],[-6,2],[-4,0],[-4,2],[0,2],[7,0],[-2,2],[-6,2],[-3,6],[-1,4],[-5,3],[1,4],[5,0],[6,-3],[11,0],[8,1],[2,3],[-2,4],[-5,-2],[-3,2],[1,4],[4,2],[1,6],[-3,1],[0,3],[3,2],[5,-1],[0,2],[7,3],[0,4],[-7,1],[-1,4],[4,1],[-2,4],[-3,1],[0,5],[-5,2],[1,9],[-1,2],[0,4],[-2,3],[-2,1],[-9,3],[-9,-2],[-15,-1],[-7,1],[-3,2],[-7,0],[-2,-4],[-7,2],[-2,-3],[-4,1],[-2,-2],[-6,-2],[-1,-3],[-11,0],[1,-2],[8,1],[4,0],[-4,-5],[2,-1],[-1,-4],[2,-3],[1,-6],[6,-8],[-1,-2],[2,-2],[-1,-4],[-2,-1]],[[4104,2745],[-1,2],[-6,-2],[-5,-1],[5,-3],[1,-5],[5,0],[1,5],[2,2],[8,3],[-1,-5],[-2,-3],[-3,0],[1,-4],[-1,-5],[-4,-1],[-4,-4],[6,-4],[-6,-2],[-1,-7],[-3,-2],[-2,-10],[2,-5],[-1,-4],[2,-5],[-1,-6],[-5,-3],[0,-3],[-3,-3],[-6,-4],[-2,-5],[-6,-4],[-7,-2],[0,-4],[3,1],[1,4],[6,-1],[-3,-4],[3,-5],[-1,-3],[6,1],[0,-5],[-3,-3],[-11,1],[-1,-4],[-5,-3],[-4,-4],[-1,-2],[-4,-1],[0,5],[4,2],[4,5],[-4,2],[-5,-5],[-9,-3],[0,-2],[6,-1],[2,-3],[-1,-4],[-2,-1],[-7,0],[-5,2],[-9,1],[0,2],[-7,0],[-11,0],[-3,2],[14,0],[4,0],[10,0],[4,2],[1,3],[-7,2],[-1,-5],[-4,0],[-4,2],[1,2],[-9,0],[-2,1],[-7,1],[-2,1],[-7,0],[1,-1],[6,0],[0,-2],[-8,-1],[-8,7],[6,0],[10,1],[4,-1],[2,-3],[4,0],[0,3],[-3,1],[-10,0],[4,2],[15,0],[8,-1],[2,3],[-6,1],[-3,-2]],[[4021,2641],[-9,6],[-3,3],[13,2],[9,2],[4,0],[2,3],[-12,7],[0,1],[8,0],[13,-1],[5,-1],[1,-2],[-4,-2],[0,-2],[-5,2],[0,-3],[6,0],[5,-2],[3,1],[-1,5],[2,1],[9,3],[-17,1],[-3,1],[-6,0],[-8,4],[10,0],[-1,1],[-5,1],[-4,0],[-4,2],[-4,3],[8,-1],[-12,10],[0,4],[2,1],[11,0],[0,1],[-6,1],[-3,2],[-1,2],[7,1],[-8,2],[0,1],[6,4],[5,0],[6,2],[-10,3],[0,2],[12,-1],[4,4],[4,2],[-3,1],[-8,0],[-3,-1],[-1,-2],[-4,-2],[0,3],[3,1],[5,2],[13,4],[4,0],[1,2],[-5,1],[-4,1],[-6,1],[-2,1],[3,5],[5,0],[3,-2],[8,-1],[-1,2],[-4,2],[-7,2],[-12,6],[-2,0],[-3,2],[0,3],[5,1],[0,-3],[3,-2],[7,2],[8,-1],[-3,3],[-3,1],[-8,3],[-5,2],[-4,2],[6,2],[-1,2],[-3,4],[7,2],[4,3],[8,1],[9,0],[-3,2],[-6,0],[-2,4],[6,2],[-8,7],[-1,1],[5,3],[2,4],[4,-1],[0,3],[-4,3],[-1,2],[0,4],[-8,7],[-5,2],[-19,7],[-9,0],[-4,-5],[-7,1],[-2,-2],[-8,-4],[-1,-3],[1,-4],[-3,0],[-2,-2],[-4,-1],[-5,-3],[4,-1],[1,2],[7,2],[-1,-6],[-2,-2],[-1,-4],[5,0],[4,1],[0,-2],[-8,-4],[3,-3],[0,-5],[-2,-2],[-1,-6],[-6,-5],[0,-4],[3,-2],[-1,-3],[-8,-4],[-7,0],[-5,-1],[-7,0],[-8,-5],[-6,-1],[-3,-4],[-6,-1],[0,-1],[-4,-2],[-5,-1],[0,4],[4,1]],[[3926,2738],[-4,1],[-6,0],[-3,-1],[-8,0],[2,-7],[-1,-7],[2,-1],[-2,-4],[-4,-3],[-5,0],[0,-2],[4,-1],[0,-2],[3,-2],[-6,-1],[-5,5],[-3,1],[2,2],[-1,5],[-3,4],[0,3],[-3,3],[4,0],[1,4],[14,-2],[0,1],[-9,6],[-4,4],[0,2],[4,1],[1,5],[3,2],[1,2],[6,0],[1,3],[-6,0],[-7,6],[9,3],[-9,2],[5,1],[6,3],[4,1],[6,4],[1,3],[-4,1],[0,2],[7,2],[4,3],[0,4],[-12,8],[-3,0],[-3,2],[-7,1],[-5,2],[-9,0],[3,-2],[-2,-2],[-7,0],[-1,-2],[-5,-2],[-7,0],[-1,-2],[-8,0],[-8,4],[-5,3],[-5,3],[-8,3],[-10,0],[-7,-1],[-7,1],[-9,-1],[-4,-2],[-4,0],[-2,-1],[-6,1],[3,4],[4,-1],[15,1],[14,2],[9,3],[-6,3],[2,2],[9,-1],[11,3],[3,2],[1,6],[3,2],[6,0],[11,2],[3,2],[7,-1],[6,0],[9,-1],[14,-2],[10,1],[11,0],[9,0],[3,0],[10,0],[2,-1],[5,0],[4,1],[-3,3],[-7,4],[0,2],[6,0],[0,2],[-5,2],[5,2],[10,-1],[7,1],[-2,6],[4,0],[0,3],[-4,3],[7,5],[9,1],[0,5],[-3,2],[5,2],[3,3],[3,0],[4,2],[1,-5],[7,0],[1,7],[4,1],[3,-2],[-3,-3],[1,-3],[6,2],[5,3],[-2,4],[6,1],[2,-2],[-1,-4],[2,-2],[0,-5],[-3,2],[-4,-1],[-1,-2],[-7,1],[-9,-4],[3,-3],[6,0],[2,-1],[11,0],[3,0],[7,0],[0,-4],[3,-1],[6,0],[-1,-3],[5,0],[3,-2]],[[4054,2855],[1,-1]],[[4055,2854],[4,-2],[3,2],[2,-3],[3,-1],[7,1],[6,-2],[-2,-2],[6,0],[1,-2],[9,0],[9,1],[2,-1],[14,-1],[9,0],[7,-1],[8,2],[0,1],[11,3],[1,1],[12,2],[-3,5],[1,3],[-1,9],[3,-1],[5,1],[8,6],[7,0],[4,0],[2,4],[-7,-1],[1,5],[8,-1],[2,3],[6,-6],[7,0],[5,1],[3,6],[-7,9],[0,5],[7,5],[0,5],[4,3],[1,4],[-2,3],[2,7],[-2,2],[0,4]],[[4358,2881],[-5,-1],[1,-2],[3,0],[1,3]],[[4352,2868],[1,2],[-3,1],[-2,-5],[-1,-7],[-2,-1],[0,-3],[5,0],[1,4],[3,4],[-4,2],[2,3]],[[4355,2856],[-1,-2]],[[4354,2854],[1,2]],[[4295,2905],[-2,2],[-6,-1],[0,-2],[5,0],[3,1]],[[4266,2906],[-4,-3],[3,-1],[1,4]],[[4245,2898],[3,-1]],[[4248,2897],[0,4],[-5,0],[1,2],[-6,0],[-2,0],[6,-5],[3,0]],[[4255,2897],[9,-1],[2,1],[11,0],[2,2],[-12,1],[-4,0],[-7,1],[-3,0],[2,-4]],[[4257,2889],[3,0],[6,2],[4,0],[0,2],[-8,2],[-4,-3],[-9,1],[-2,-2],[0,-5],[6,0],[0,4],[4,-1]],[[4230,2895],[0,-3],[4,-1],[2,2],[-2,2],[-4,0]],[[4352,2883],[-5,0],[1,-4],[4,0],[0,4]],[[4267,2886],[-5,1],[1,-4],[4,3]],[[4231,2881],[-2,-1],[0,-4],[4,-1],[0,3],[3,1],[0,2],[-5,0]],[[4243,2880],[4,-2],[1,4],[-3,0],[-2,-2]],[[4220,2875],[5,0],[-1,3],[-4,0],[0,-3]],[[4241,2872],[4,1],[2,2],[-4,1],[-2,-4]],[[4239,2871],[-3,-1],[2,-3],[5,0],[1,4],[-5,0]],[[4214,2859],[-3,2],[-3,-2],[1,-4],[5,4]],[[4185,2851],[5,-2],[8,1],[-3,3],[-6,0],[-4,-2]],[[4001,2862],[5,1],[-1,3],[-5,-1],[1,-3]],[[3990,2848],[5,3],[4,-1],[2,2],[0,4],[-1,1],[1,5]],[[4001,2862],[-6,-6],[-1,-2],[-7,-1],[-1,-3],[4,-2]],[[4205,2850],[-2,1],[-5,-2],[4,-2],[3,3]],[[4013,2859],[-2,1],[-5,0],[-1,-2],[4,-3],[3,1],[6,-1],[3,1],[-1,4],[-6,0],[-1,-1]],[[4172,2848],[-1,-4],[1,-1],[5,0],[0,3],[2,4],[-7,0],[0,-2]],[[4013,2847],[-3,0]],[[4010,2847],[3,0]],[[4013,2847],[1,-2],[8,-1],[-1,-3],[2,-1],[1,4],[-3,2],[-7,2],[-1,-1]],[[4075,2844],[-5,1],[-1,-3],[3,-1],[3,3]],[[3974,2840],[3,-1]],[[3977,2839],[5,-2],[-1,-2]],[[3981,2835],[5,0],[-5,3],[0,2],[5,1],[0,4],[-4,1],[-5,-2],[-3,-4]],[[4071,2837],[-2,0]],[[4069,2837],[2,0]],[[4071,2837],[1,-4],[3,0],[0,5],[-4,-1]],[[4153,2832],[0,-3],[-2,-1],[0,-5],[2,-1],[5,0],[-2,-4],[12,-3],[4,-4],[-3,-1],[1,-3],[3,0],[4,2],[5,-1],[1,4],[-2,7],[-10,1],[0,4],[9,0],[4,3],[-7,4],[-7,2],[-11,0],[-1,-1],[-5,0]],[[4153,2832],[-5,0],[-2,-2],[0,-3],[6,3],[1,2]],[[3995,2841],[-3,-3],[3,-3],[3,2],[-3,4]],[[4109,2835],[-3,0],[-1,-3],[5,0],[-1,3]],[[4054,2838],[-2,-2],[3,-2],[3,3],[-4,1]],[[4118,2826],[-3,1],[0,-4],[3,-1],[0,4]],[[4055,2824],[7,2],[0,2],[-6,2],[-5,-3],[0,-3],[4,0]],[[4075,2825],[5,-2],[4,3],[-5,1],[-4,0],[0,-2]],[[4066,2828],[-2,-3],[6,-1],[1,2],[-5,2]],[[4093,2810],[2,2],[11,0],[-5,6],[-4,3],[-4,0],[-3,2],[-6,0],[0,-6],[-5,-4],[7,-1],[3,-1],[4,-1]],[[3934,2829],[2,-1],[7,-1],[0,-5],[9,2],[1,5],[-17,1],[-2,-1]],[[3884,2828],[-1,2],[-4,2],[-4,-1],[-2,1],[-5,-2],[8,0],[1,-1],[7,-1]],[[3884,2828],[5,-2],[7,-1],[5,-1],[10,-2],[9,-1],[0,3],[-7,0],[-3,2],[-10,1],[-11,2],[-5,-1]],[[4079,2815],[1,3],[-8,1],[3,-3],[4,-1]],[[3934,2825],[-7,1],[-1,-3],[8,0],[0,2]],[[3857,2830],[1,-3],[7,0],[1,2],[-6,1],[-3,0]],[[3874,2825],[1,-3],[3,1],[3,2],[-7,0]],[[4110,2805],[4,-3],[1,4],[-4,3],[-2,0],[1,-4]],[[3978,2813],[5,4],[-3,2],[-6,-1],[-3,-4],[5,-2],[2,1]],[[4082,2806],[1,2]],[[4083,2808],[-1,-2]],[[3912,2819],[2,-2],[9,1],[1,1],[-8,1],[-4,-1]],[[4086,2807],[-1,-2],[1,-3],[4,1],[1,2],[-5,2]],[[3879,2812],[7,-1],[9,1],[-4,2],[-7,1],[-3,2],[-7,1],[2,-3],[-1,-3],[4,0]],[[4055,2805],[3,-3],[2,1],[-5,2]],[[3979,2807],[-3,3],[-5,-1],[2,-2],[5,-1],[1,1]],[[4136,2793],[2,-1],[6,0],[1,3],[-2,2],[-7,-1],[0,-3]],[[3925,2810],[-3,-3],[7,0],[-4,3]],[[4093,2787],[2,0],[1,3],[4,3],[1,4],[-5,1],[-5,1],[-2,-4],[4,-2],[-2,-5],[2,-1]],[[3971,2800],[0,3],[-5,1],[-1,-3],[6,-1]],[[3869,2806],[-3,-1],[0,-3],[6,1],[1,2],[5,1],[2,3],[-6,0],[-5,-3]],[[4188,2779],[7,-1],[-1,5],[-3,3],[-2,2],[-6,0],[-1,-2],[6,-7]],[[4073,2789],[4,-1],[0,4],[-2,0],[-2,-3]],[[4087,2788],[-6,2],[-1,-3],[7,1]],[[3946,2793],[-5,2],[-1,-4],[3,-1],[3,3]],[[4066,2779],[-3,1],[-3,0],[-4,-4],[4,-1],[5,0],[2,1],[-1,3]],[[4072,2776],[4,-1],[3,2],[-2,2],[-5,-1],[0,-2]],[[4201,2762],[3,-4],[8,-2],[3,2],[-4,3],[-4,1],[0,3],[-5,4],[-6,0],[1,-3],[4,-4]],[[4083,2768],[2,-1],[2,-4],[9,2],[0,2],[-5,3],[-9,2],[1,-4]],[[3926,2776],[1,4]],[[3927,2780],[-1,-4]],[[3926,2776],[-8,-4],[0,-3],[4,1],[0,2],[4,4]],[[4073,2772],[1,-2],[4,-1],[2,2],[-7,1]],[[3924,2772],[-1,-4],[-5,-3],[-5,0],[1,-4],[5,2],[4,0],[7,2]],[[3930,2765],[7,3],[1,4],[4,3],[-5,1],[1,4],[-6,-4],[-2,-5],[-6,1]],[[3980,2773],[1,5],[-4,0],[-1,-4],[4,-1]],[[3963,2774],[4,2],[-4,2],[0,-4]],[[4061,2762],[4,0],[2,2],[-3,3],[-7,-1],[-9,0],[0,-1],[10,0],[5,0],[-2,-3]],[[3940,2769],[6,-3],[2,2],[-6,3],[-2,-2]],[[4091,2758],[-5,2],[0,-3],[5,1]],[[4095,2749],[3,-1],[3,4],[-1,4],[-5,1],[-3,-7],[3,-1]],[[3910,2761],[0,-5],[6,2],[-2,2],[-4,1]],[[3936,2758],[-7,-5],[2,-4],[5,-1],[0,2],[6,5],[3,4],[-6,0],[-3,-1]],[[4195,2738],[-2,4],[-6,0],[-2,-1],[0,-4],[6,1],[4,0]],[[3958,2751],[-1,1],[0,5],[-4,-2],[0,-2],[5,-2]],[[4077,2746],[-4,1],[-2,-2],[4,-1],[2,2]],[[3951,2749],[-9,1],[-5,-3],[4,-2],[6,4],[4,0]],[[3927,2750],[-2,2],[-5,-1],[0,-2],[6,0],[1,1]],[[4079,2736],[-5,4],[-4,-1]],[[4070,2739],[1,-2],[8,-1]],[[3932,2741],[-3,2],[-5,-3],[5,-1],[3,2]],[[4093,2731],[-1,3],[-3,-1],[-2,-2],[6,0]],[[4084,2728],[4,-1],[1,3],[-6,1],[1,-3]],[[4182,2718],[0,-4],[8,0],[0,5],[2,3],[-4,1],[-6,-5]],[[4234,2718],[0,-3],[5,-1],[-3,4],[-2,0]],[[4169,2712],[0,-2],[6,-1],[-1,4],[-5,-1]],[[4085,2709],[0,-2],[4,0],[1,3],[-2,2],[1,4],[-4,0],[-1,-3],[1,-4]],[[3901,2717],[2,6],[-3,2],[-4,0],[0,-6],[2,-2],[3,0]],[[4073,2707],[-1,4],[-4,0],[1,-4],[4,0]],[[4048,2707],[2,-3],[8,0],[1,2],[-3,3],[-4,-2],[-4,0]],[[4168,2698],[1,-1],[8,0],[9,2],[-4,2],[-2,-1],[-5,-2],[-7,0]],[[4066,2703],[-1,-2],[3,-2],[1,4],[-3,0]],[[4076,2701],[0,-3],[3,0],[1,3],[-4,0]],[[4085,2695],[3,2],[1,3],[-4,0],[-4,-3],[4,-2]],[[4257,2676],[5,2],[1,4],[-6,0],[-3,-2],[-1,-4],[4,0]],[[4068,2690],[-3,1],[1,2],[-5,0],[0,-3],[7,0]],[[4082,2685],[3,0],[-1,-4],[4,-1],[2,6],[-2,1],[-2,3],[-5,-1],[-1,-2],[2,-2]],[[4059,2685],[-4,1],[-3,-1],[4,-3],[3,3]],[[4075,2679],[2,2],[-4,2],[-4,0],[0,-3],[5,2],[1,-3]],[[4073,2670],[2,-3],[4,0],[4,5],[0,8],[-3,0],[-3,-3],[-4,0],[0,-7]],[[4050,2675],[-3,-2],[1,-6],[6,1],[1,5],[2,1],[6,0],[2,6],[-8,0],[1,-3],[-8,-2]],[[4076,2663],[3,1],[-7,1],[-1,-2],[5,0]],[[4261,2654],[-3,-5],[-1,-4],[4,0],[1,4],[-2,1],[1,4]],[[4066,2658],[-3,2],[-3,-2],[-1,-3],[4,0],[3,3]],[[4039,2644],[3,1],[1,3],[-6,1],[-2,-3],[-3,-2],[6,-1],[1,1]],[[4073,2643],[-1,2],[-7,0],[2,-6],[3,-1],[3,5]],[[4058,2641],[0,2],[-5,0],[2,-2],[3,0]],[[4050,2637],[4,0],[-1,2],[-5,0],[2,-2]],[[4046,2624],[-7,-1],[0,-2],[7,0],[0,3]],[[4055,2854],[-1,1]],[[4054,2855],[1,-1]],[[4130,2981],[5,0],[-1,-2],[-4,-1],[0,3]],[[4122,3080],[-1,-3],[-4,1],[1,3],[4,-1]],[[4139,3096],[-5,-4],[-1,3],[2,2],[4,-1]],[[4087,3115],[2,3],[4,0],[-1,-3],[-5,0]],[[4127,3132],[-1,-2],[-4,1],[-2,3],[6,-1],[1,-1]],[[4132,3135],[-3,1],[2,2],[4,-2],[-3,-1]],[[4145,3179],[2,2],[5,-1],[-2,-3],[-5,2]],[[4246,4050],[3,1],[2,-2],[-6,-1],[1,2]],[[4248,4082],[-3,7],[-2,2],[1,8],[2,-1],[-1,-4],[5,-7],[0,-5],[-2,0]],[[4324,4431],[-1,4],[4,1],[3,2],[3,-1],[0,-2],[-8,-2],[-1,-2]],[[4337,4436],[2,5],[4,0],[0,-2],[-6,-3]],[[4294,4453],[0,-1]],[[4294,4452],[0,1]],[[4351,4449],[3,2],[4,0],[1,3],[-7,0],[-14,1],[-4,1],[-5,4],[-3,0],[-5,-4],[0,-3],[2,-4],[-1,-5],[-6,-3],[-7,0],[0,-4],[-3,-2],[-3,-1],[-1,-3],[-3,-1],[2,5],[5,2],[0,6],[-1,3],[2,8],[3,4],[-7,0],[-3,-1],[-1,-3],[-5,-2]],[[4294,4452],[0,1]],[[4294,4453],[3,2],[-4,1],[0,6],[9,0],[-2,3],[1,5],[5,4],[1,5],[-4,0],[-3,3],[7,0],[1,-1],[7,-1],[-2,-2],[-3,-2],[-2,-4],[1,-4],[-2,-1],[-1,-4],[2,-3],[5,-1],[7,1],[1,5],[2,1],[2,4],[2,1],[5,5],[7,4],[7,0],[2,-2],[7,5],[0,-3],[-4,-4],[8,-6],[0,-2],[3,-5],[-2,-15],[1,-1],[0,-5],[3,-2],[4,0],[4,7],[4,3],[4,1],[2,-4],[4,-1],[0,5],[5,1],[2,12],[5,9],[2,2],[3,6],[2,1],[-2,3],[5,0],[-2,-7],[-3,-2],[3,-3],[-1,-6],[0,-4],[1,-3],[0,-4],[-3,-4],[-8,-2],[-1,-5],[-6,0],[0,-2],[-7,0],[-3,-1],[-6,1],[-3,-4],[-17,-1],[-1,-1],[-5,0],[3,4],[2,8]],[[4442,5266],[-4,-3],[1,-4],[7,-4],[-8,-6],[-14,-3],[-4,0]],[[4420,5246],[3,2],[3,-1],[1,4],[-9,-2],[-5,1],[-2,-2],[-4,3],[-4,0],[3,4],[3,2],[0,4],[-3,1],[-8,-3],[-3,0],[-3,-2],[-3,1],[5,3],[2,0],[12,6],[10,-1],[5,0],[3,1],[14,0],[2,-1]],[[4423,5262],[1,-3],[4,0],[2,3],[-4,1],[-3,-1]],[[4537,5755],[-2,4],[-6,0],[-3,2],[-1,3],[8,-2],[3,-3],[1,-4]],[[4523,5765],[-2,-2],[-3,0],[-1,7],[-5,0],[-10,3],[-1,4],[6,0],[3,-3],[4,-1],[7,-1],[-2,-2],[-1,-3],[5,-2]],[[4485,5783],[2,-2]],[[4487,5781],[1,0]],[[4488,5781],[1,-1]],[[4489,5780],[-3,-1],[-1,4]],[[4514,5779],[-4,-1],[-5,0],[-1,2]],[[4504,5780],[5,0],[0,3],[7,-1],[0,2],[5,0],[-2,-4],[-3,1],[-2,-2]],[[4489,5780],[-1,1]],[[4488,5781],[-1,0]],[[4487,5781],[2,-1]],[[4466,6763],[-1,2]],[[4465,6765],[4,-3],[9,-3],[6,0],[4,-4],[7,-3],[15,-1],[5,-2],[6,0],[3,-1],[7,-1],[27,-5],[7,1],[4,-1],[2,-2],[5,0],[6,-3],[9,0],[3,0],[7,0],[6,6],[8,2],[4,2],[9,-1],[6,1],[12,-6],[3,0],[9,0],[7,-2],[1,2],[5,1],[2,1],[4,1],[6,-3],[9,0],[7,-3],[5,0],[6,1],[6,3],[7,0],[3,-2],[5,0],[7,-3],[8,0],[15,-1],[0,0],[21,-1],[8,-2],[9,-1],[4,0],[2,-3],[5,-1],[10,-6],[2,-3],[-1,-5],[1,-3],[6,-2]],[[4828,6709],[-3,0],[-4,2],[-2,3],[1,6],[-6,5],[-9,3],[-3,2],[-10,2],[-25,2],[-2,1],[-19,0],[-11,1],[-2,2],[-9,2],[-8,0],[-11,-4],[-7,1],[-5,3],[-10,-1],[-4,1],[-2,3],[-3,0],[-3,-3],[-6,-2],[-5,1],[-14,1],[-5,3],[-3,0],[-4,2],[-5,0],[-9,1],[-4,-3],[-4,0],[-8,-5],[-5,-2],[-6,0],[-4,-1],[-11,1],[0,1],[-7,3],[-9,0],[-16,2],[-1,1],[-12,2],[-9,2],[-7,1],[-6,2],[-13,0],[-6,2],[-3,2],[-3,1],[-3,2],[-11,3],[-6,3]],[[4715,7155],[-4,0]],[[4711,7155],[4,0]],[[3781,374],[3,-1],[0,-2],[-4,0],[1,3]],[[3757,376],[3,-1],[-2,-3],[-3,0],[2,4]],[[3789,384],[-6,0],[0,5],[2,2],[6,-1],[-1,-5],[-1,-1]],[[3784,402],[-6,0],[-2,6],[3,3],[7,-2],[2,-2],[-1,-2],[-3,-3]],[[3848,756],[3,1],[3,0],[-1,-4],[-6,1],[1,2]],[[3845,815],[5,0],[0,-2],[-5,1],[0,1]],[[3856,810],[3,8],[5,-1],[0,-3],[-4,0],[1,-3],[-5,-1]],[[3860,829],[0,-1]],[[3860,828],[-2,0]],[[3858,828],[0,-1]],[[3858,827],[-2,-3],[-3,3],[7,2]],[[3871,820],[-8,1],[-3,-2],[-3,-1],[-1,3]],[[3856,821],[4,4],[-2,2]],[[3858,827],[0,1]],[[3858,828],[2,0]],[[3860,828],[0,1]],[[3860,829],[5,3],[6,0],[7,4],[0,3],[2,2],[-1,3],[-5,3],[-3,0],[-3,2],[-8,1],[-3,3]],[[3857,853],[-7,2],[-9,4],[0,1],[11,0],[8,1],[2,-2],[10,-4],[8,-1],[-3,-5],[1,-4],[5,-3],[-2,-9],[0,-6],[-1,-7],[-5,-2],[-6,-6],[-3,-2],[0,-2],[-5,-3],[-4,0],[1,3],[7,4],[2,0],[1,4],[3,1],[0,3]],[[3857,868],[-1,-2],[-3,0],[-1,2],[5,0]],[[3830,872],[5,0],[-1,-2],[-2,-1],[-4,0],[2,3]],[[3808,870],[4,0],[1,-3],[-1,-3],[-3,-2],[-8,-1],[-5,2],[1,6],[5,1],[2,5],[3,3]],[[3807,878],[-1,2],[4,5]],[[3810,885],[3,0],[-1,-9],[-5,-3],[1,-3]],[[3806,887],[-1,0]],[[3805,887],[1,0]],[[3810,885],[0,1],[-5,1]],[[3805,887],[1,0]],[[3806,887],[8,2],[-1,-3],[-3,-1]],[[3819,894],[2,-2],[0,-4],[-3,1],[-1,2],[2,3]],[[3810,911],[5,0],[-2,-3],[-3,3]],[[3809,914],[5,2],[3,-3],[-8,1]],[[3817,917],[-3,2],[2,2],[3,0],[-2,-4]],[[3807,921],[3,5],[-4,2],[4,3],[1,3],[14,0]],[[3825,934],[1,-4],[-3,-2],[-4,0],[-1,-4]],[[3818,924],[-2,0],[-6,-3],[-3,0]],[[3821,938],[-4,2],[4,3],[3,-1],[-1,-4],[-2,0]],[[3881,946],[-8,-2]],[[3873,944],[-1,2],[4,3],[4,-1],[1,-2]],[[3835,947],[-5,5],[-2,4]],[[3828,956],[5,-4],[0,-2],[3,-2],[4,1],[6,-1],[5,0],[3,-2],[7,0],[-2,-4],[-7,3],[-2,1],[-12,1],[-3,0]],[[3840,965],[0,-4],[-2,-1],[-9,1],[4,2],[0,4],[7,-2]],[[3892,1265],[0,-3],[5,-1]],[[3897,1261],[-2,0],[-10,2],[3,2],[4,0]],[[3935,1563],[2,2],[3,-1],[-1,-3],[-4,2]],[[3965,1587],[4,0],[0,-3],[-3,-1],[-1,4]],[[3990,1885],[1,2],[7,-1],[0,-3],[-5,0],[-3,2]],[[3989,1889],[0,1],[8,0],[0,-3],[-4,-1],[-4,3]],[[3998,1894],[4,1],[2,-2],[-4,-1],[-2,2]],[[3986,1906],[2,-3],[-4,-3],[-2,1],[1,5],[3,0]],[[3996,1926],[1,0]],[[3997,1926],[-1,0]],[[3997,1926],[-1,0]],[[3996,1926],[-1,-6],[-3,-3],[4,-2],[-4,-7],[-4,0],[-3,2],[7,2],[-2,5],[-4,1],[1,2],[-2,3],[4,1],[-3,3],[1,3],[-3,3],[0,3],[-3,4],[-1,10],[3,2],[3,3]],[[3986,1955],[3,-2],[0,-3],[3,-1],[-1,-4],[5,-1],[-1,-3],[6,-1],[2,-4],[7,0],[0,-3],[-5,-2],[-3,0],[-5,-5]],[[3999,1960],[-7,-1],[-4,2],[3,1],[5,0],[3,-2]],[[4018,1961],[0,1]],[[4018,1962],[0,-1]],[[4018,1962],[0,-1]],[[4018,1961],[0,1]],[[4068,1967],[-4,0]],[[4064,1967],[-4,-2],[-2,3],[-7,-5],[-3,0],[-7,0],[-5,2],[-7,1],[-5,5],[-2,-1]],[[4022,1970],[1,3],[-4,2]],[[4019,1975],[0,3],[-2,3],[1,4],[6,2],[0,5],[5,1],[4,6],[4,3],[0,3],[9,5],[-1,2],[0,11],[3,6],[-4,8],[1,2],[11,-1],[8,-1],[5,-2],[1,2],[-2,3],[-4,1],[-1,2],[-5,-1],[-3,2]],[[4055,2044],[0,-2],[-5,1],[1,5],[6,-2],[-1,3],[2,4],[11,-1],[1,-3],[-1,-4],[0,-3],[6,-3],[-1,-7],[-5,2],[-4,-4],[-1,-3],[-8,-3],[-1,-7],[-3,-1],[-5,0],[1,-4],[5,-4],[-2,-7],[-3,-4],[-3,-9],[5,-4],[12,-4],[0,-2],[7,0],[4,-2],[-1,-4],[1,-3],[-5,-2]],[[4017,1976],[2,-1]],[[4019,1975],[-2,1]],[[4014,1978],[3,-2]],[[4017,1976],[-4,0]],[[4013,1976],[1,2]],[[3932,2102],[-2,-3],[13,-3],[-1,4],[10,2],[4,0],[-2,3],[2,3],[-1,5],[7,4],[3,4],[2,0],[10,0],[4,0],[9,-5],[2,-3],[8,-1],[1,5]],[[4001,2117],[1,0]],[[4002,2117],[1,-1]],[[4003,2116],[0,-2],[6,1],[2,4],[3,0],[-1,3],[5,0],[8,-3],[1,-1],[9,-3],[6,0],[5,-1],[4,-2],[6,-1],[2,-1],[8,-2],[5,-1],[3,-1],[3,-3],[-2,-11],[-2,-5],[5,-4],[4,1],[8,0],[2,1],[6,-1],[2,-2],[-2,-7],[-2,-3],[-3,-4],[-3,-5],[-5,-2],[-3,-2],[-8,1],[-4,6],[-8,4],[-2,5],[-5,3],[1,4],[2,1],[0,4],[-5,3],[2,2],[4,-3],[5,1],[-6,2],[-18,8],[-16,1],[-4,-1],[-4,-7],[-1,-7],[-6,-2],[-8,-2],[-3,0],[-4,-1],[-11,-2],[-12,1],[-9,3],[-8,3],[-2,1],[-8,1],[-3,1],[-7,0],[-8,2]],[[3927,2091],[-1,1]],[[3926,2092],[3,1],[-3,4]],[[3926,2097],[3,6],[3,-1]],[[4001,2120],[5,0],[-1,-4],[-2,0]],[[4003,2116],[-1,1]],[[4002,2117],[-1,0]],[[4001,2117],[0,3]],[[4039,2122],[-5,3],[-4,0],[-1,4],[5,0],[4,-5],[5,0],[-1,-3],[-3,1]],[[4168,3136],[-3,2],[7,7],[-1,-7],[-3,-2]],[[4200,3140],[-1,-3],[-2,0],[1,3],[2,0]],[[4311,4057],[4,0]],[[4315,4057],[-4,0]],[[4311,4057],[-5,2],[3,3],[2,-5]],[[4404,4438],[-6,-4],[0,3],[2,2],[6,3],[-2,-4]],[[4366,4486],[-1,-4],[6,3],[2,2],[2,0],[0,-5],[-3,0],[-1,-5],[2,-2],[4,5],[3,0],[-2,-4],[-6,-1],[-1,-2],[4,-6],[4,-4],[-1,-4],[-4,0],[0,4],[2,0],[-2,4],[-3,0],[-2,2],[-1,3],[-2,2],[3,4],[-4,1],[-3,6],[4,1]],[[4388,4481],[2,-1],[-2,-3],[1,-4],[-2,-2],[0,-2],[-5,-3],[-2,2],[0,5],[6,6],[2,2]],[[4370,4543],[1,0]],[[4371,4543],[-1,0]],[[4371,4543],[-1,0]],[[4370,4543],[1,0]],[[4410,4842],[6,3],[0,-2],[-3,-3],[-3,2]],[[4479,4842],[-5,-1],[-1,-2],[-13,3],[-9,0],[-5,0],[3,4],[5,1],[6,-1],[2,-1],[10,-1],[2,0],[4,-1],[1,-1]],[[4455,4908],[0,-4],[-4,0],[1,4],[3,0]],[[4565,5687],[-4,-2],[3,-3],[5,0],[-4,-3],[-5,0],[-2,5],[0,3],[3,1],[2,3],[3,0],[1,-3],[-2,-1]],[[4561,5707],[-4,0],[0,3],[6,-1],[-2,-2]],[[4580,5725],[-4,4],[-3,-1]],[[4573,5728],[-2,-1],[-4,0],[-4,2],[-3,0]],[[4560,5729],[3,0],[1,-3],[-8,0],[-1,4]],[[4555,5730],[-2,-3],[0,-4]],[[4553,5723],[-4,-3],[-4,0],[3,5],[0,8],[-3,1],[-1,2],[4,1],[-2,5],[6,-1],[1,2],[-7,3],[1,3],[-1,8],[11,1],[3,1],[-2,3],[-7,-1],[-5,0],[-2,3],[-3,0],[0,9],[4,1],[0,4],[-5,0],[-2,3],[7,0],[0,-2],[3,-6],[7,-1],[-3,-3],[-3,0],[1,-4],[3,0],[6,0],[3,-1],[-1,-7],[4,-4],[0,-2],[4,-4],[9,0],[7,1],[2,4],[3,-1],[5,-3],[0,-2],[-4,-2],[-1,-5],[4,1],[2,3],[7,-1],[3,-7],[6,-3],[3,-11],[-4,2],[-2,-2],[-7,5],[-7,1],[-4,3],[1,3],[3,3],[-5,0],[-3,-4],[2,-2],[-2,-2],[-1,-3],[-3,-1],[-3,1]],[[4573,5728],[0,2],[-3,3],[-3,0],[-1,-3],[7,-2]],[[4555,5730],[2,3],[-3,0],[1,-3]],[[4556,5748],[3,-2],[3,3],[-1,4],[-6,0],[-2,-3],[3,-2]],[[4742,7154],[-5,-1],[0,2],[5,-1]],[[3803,361],[1,2],[5,-1],[-3,-3],[-3,2]],[[3841,379],[-3,-3],[-6,1],[-1,3],[6,2],[4,-1],[0,-2]],[[3799,406],[0,3],[4,2],[2,-2],[-2,-3],[-4,0]],[[3886,705],[2,-4],[-4,-1],[-1,2],[3,3]],[[3868,772],[-2,2]],[[3866,774],[2,-2]],[[3861,775],[1,0]],[[3862,775],[3,0]],[[3865,775],[-4,0]],[[3862,775],[-1,0]],[[3861,775],[1,0]],[[3865,778],[1,-4]],[[3866,774],[-1,1]],[[3865,775],[0,3]],[[3873,790],[2,-2]],[[3875,788],[-2,0]],[[3873,788],[0,2]],[[3873,792],[0,-2]],[[3873,790],[0,-2]],[[3873,788],[-1,-4],[-6,-4],[-6,0],[1,3],[7,1],[2,2],[1,3],[-7,1],[2,4]],[[3866,794],[-5,-3],[-1,3],[8,6],[8,-2],[-1,-2],[-6,-3],[4,-1]],[[3869,796],[-3,-2]],[[3866,794],[3,2]],[[3919,801],[3,-3],[4,-1],[-5,-6],[-5,-3],[-1,5],[2,0],[-6,4],[1,4],[2,1],[5,-1]],[[3861,798],[0,2],[2,5],[4,2],[-1,-5],[-5,-4]],[[3921,804],[-4,2],[0,3],[7,0],[3,-3],[-3,-3],[-3,1]],[[3877,817],[5,5],[4,2],[3,0],[1,4],[4,3],[6,-2],[-1,-5],[-4,-3],[-2,-2],[-4,3],[-3,-1],[-2,-3],[-3,0],[-4,-1]],[[3876,857],[1,0]],[[3877,857],[-1,0]],[[3877,857],[-1,0]],[[3876,857],[1,0]],[[3917,914],[0,-3],[-5,2],[5,1]],[[3890,931],[8,0],[-1,-2]],[[3897,929],[-7,1],[0,1]],[[3885,939],[4,-3]],[[3889,936],[-6,0],[2,3]],[[3885,939],[-2,2],[2,4],[3,-2],[-3,-4]],[[3990,1245],[6,-4]],[[3996,1241],[-2,-3],[2,-2],[-9,-1],[4,6],[-1,4]],[[3990,1245],[-7,-4],[-5,0],[-1,-5],[4,0],[4,-5],[1,-2],[6,1],[5,-2],[-3,-2],[-6,1],[-6,1],[-6,4],[-9,4],[-2,2],[5,2],[2,3],[-9,0],[-12,2],[-3,3],[-11,0],[-2,2],[-4,-1],[-4,5],[-5,-1],[-3,1],[-7,1],[1,2],[10,-2],[2,1],[13,5],[6,1],[-1,-6],[4,-4],[7,0],[9,-1],[5,-2],[3,-4],[7,-1],[5,1],[2,6],[6,-1],[1,-4],[-2,-1]],[[3941,1251],[1,2],[-3,5],[-4,-3],[1,-3],[5,-1]],[[3947,1266],[-5,0],[-5,3],[1,3],[3,3],[4,-1],[2,-2],[0,-6]],[[4064,1967],[4,0]],[[4068,1967],[-4,0]],[[4084,1974],[2,-1],[0,-3],[-4,0],[2,4]],[[4077,2049],[4,4],[3,0],[3,-3],[-5,-1],[-5,0]],[[4089,2101],[-2,1],[1,2],[5,0],[0,-3],[-4,0]],[[4175,2577],[7,0],[-1,-3],[-5,1],[-1,2]],[[4176,2623],[-6,-1],[-2,-2],[-4,0],[10,7],[5,2],[5,-1],[-3,-4],[-5,-1]],[[4248,2897],[-3,1]],[[4245,2898],[3,-1]],[[4221,2933],[0,2]],[[4221,2935],[0,-2]],[[4228,3148],[3,1],[4,0],[-3,-3],[-4,2]],[[4284,3154],[5,0]],[[4289,3154],[0,-1]],[[4289,3153],[-5,1]],[[4331,3174],[-1,-4],[-3,-2],[-2,-3],[-3,0],[-2,-2],[-4,-2],[1,5],[-4,0],[-3,-1],[3,-3],[1,-2],[-3,-2],[-5,0],[-12,-3],[-5,-1]],[[4289,3154],[-5,0]],[[4284,3154],[-4,1],[1,6],[-5,1],[-3,-1],[0,-7],[-3,0],[2,-3],[6,1],[-1,-3],[1,-3],[0,-4],[-6,0],[1,4],[-4,5],[-5,0],[-4,3],[-7,2],[-8,2],[-14,0],[2,-2],[-3,-1],[-2,-4],[-4,0]],[[4224,3151],[-2,1],[-5,0],[-10,0],[-1,1],[-6,0],[3,-3],[1,-5],[-10,2],[2,1],[2,8],[2,2],[8,0],[2,-1]],[[4210,3157],[0,1],[8,1],[3,3],[-9,1],[-6,-1],[-2,-1],[-7,-1],[-9,1],[-3,-2],[0,-2],[6,1],[-2,-6],[-6,0],[-6,2],[-6,-2]],[[4171,3152],[0,4],[-2,2],[-4,2],[4,4],[-3,1],[-1,2],[5,0],[4,7],[2,-2],[4,1],[1,-3],[3,0],[9,-3],[8,-2],[11,0],[8,3],[4,-1],[9,0],[-1,-2],[7,0],[5,-3],[10,0],[4,0],[7,0],[4,1],[7,1],[0,4],[9,-1],[8,3],[1,3],[5,-2],[3,-5],[4,3],[-5,1],[0,3],[7,0],[3,3],[2,-2],[3,-2],[2,3],[3,-3],[-3,-1],[-1,-3],[5,-2],[0,4],[3,4],[6,0]],[[4210,3157],[3,-4],[3,2],[-6,2]],[[4219,3156],[5,-2],[0,3],[-2,1],[-3,-2]],[[4387,4021],[4,-3],[4,-1],[0,-3],[12,-2],[-2,-2],[-9,1],[-4,2],[-1,2],[-4,1],[0,5]],[[4371,4043],[-4,-1],[-8,1],[-6,4],[8,1],[4,-3],[6,0],[0,-2]],[[4527,4481],[3,-1],[1,-4],[-2,-4],[-3,2],[0,5],[-5,2],[-14,-4],[-3,0],[-2,-5],[5,0],[0,-3],[-3,-3],[-2,0],[-5,-1],[-2,-3],[-8,0],[-1,-5],[-5,-2],[-6,-5],[-3,0],[-4,-2],[4,-4],[0,-5],[-6,-2],[0,-2],[-6,0],[-2,-3],[-3,0],[-5,2],[0,2]],[[4450,4436],[-4,2],[-5,1],[-4,-1],[1,-4]],[[4438,4434],[-2,2],[-3,0],[-4,-2],[0,-5],[-4,-1],[-1,4],[-7,3],[2,3],[4,2],[-4,13],[1,8],[2,4],[2,9],[-3,1],[2,4],[-3,2],[-2,-1],[-5,1],[1,2],[5,-1],[0,3],[3,0],[4,-5],[-1,-4],[1,-4],[5,3],[7,-1],[-1,-7],[2,-4],[0,-4],[2,-2],[-2,-10],[-6,-3],[-6,0],[-2,-1],[4,-4],[3,1],[3,2],[10,-2],[1,3],[7,2],[0,3],[5,2],[1,9],[6,7],[-3,3],[-5,1],[-3,-3],[-2,0],[-2,4],[0,5],[-2,1],[-6,1],[2,4],[5,-4],[7,1],[1,6],[6,4],[1,-3]],[[4464,4486],[3,-1],[5,0],[-1,-6],[-6,0],[1,-5],[-5,-1],[0,-2],[12,-8],[3,-5],[6,-1],[2,2],[1,4],[-5,2],[-2,3],[1,3],[1,6],[1,2],[1,8],[2,6],[4,2],[7,-2],[5,6],[3,0],[-1,-3],[0,-4],[-2,-9],[3,0],[3,3],[1,4],[-3,2],[3,5],[2,0],[1,4],[-9,0],[-4,2],[3,5],[3,0],[-3,-5],[10,2],[4,-2],[11,0],[5,0],[2,-1],[-5,-2],[7,-4],[-4,-1],[-7,1],[-2,1],[-3,-3],[1,-5],[3,-1],[-1,-2],[2,-1],[4,-4]],[[4450,4436],[1,-1],[7,-1],[7,3],[-2,2],[0,3],[4,4],[-2,2],[-6,1],[-2,-1],[-2,-4],[-6,-2],[-1,-4],[2,-2]],[[4464,4486],[-6,-2],[0,-3],[4,-1],[9,0],[0,4],[-7,0],[0,2]],[[4503,4480],[-4,1],[0,-3],[4,2]],[[4491,4471],[2,3],[-3,2],[-5,-1],[1,-4],[5,0]],[[4486,4469],[-1,2],[-4,0],[0,-5],[2,-1],[4,0],[-1,4]],[[4426,4435],[4,1],[1,3],[-9,0],[-1,-3],[2,-2],[3,1]],[[4500,4846],[10,-1],[5,1],[4,4],[9,1],[4,-2],[7,0],[3,2],[2,-3],[-3,-1],[-9,0],[-4,2],[-7,-1],[-4,-2],[-1,-1],[-6,-1],[-8,1],[-2,1]],[[4582,5270],[4,1],[3,-2],[-6,-2],[-1,3]],[[4696,6488],[1,5],[3,2]],[[4700,6495],[-2,-6],[-2,-1]],[[4745,6753],[7,3],[1,-3],[-8,0]],[[4731,6755],[4,6],[1,-1],[-2,-4],[-3,-1]],[[4753,6764],[-1,-2],[-3,0],[-1,2],[5,0]],[[4761,6763],[0,1],[6,0],[1,-2],[-7,1]],[[4742,6769],[-8,0],[-3,1],[0,3],[5,0],[20,-2],[2,-2],[-16,0]],[[4780,7159],[4,4],[8,0],[-1,-2],[-7,0],[-4,-2]],[[3902,342],[4,0],[1,3],[6,-2],[-4,-2],[-7,1]],[[3889,373],[2,2],[3,0],[0,-6],[-3,-1],[-2,5]],[[3987,799],[-4,1],[4,4],[4,-1],[0,-3],[-4,-1]],[[3951,813],[4,-1],[0,-8],[-4,-1],[-8,1],[-6,2],[-4,4],[1,6],[5,3],[6,0],[5,-3],[1,-3]],[[3978,818],[3,-3],[-3,-2],[-3,1],[3,4]],[[3982,817],[1,3],[3,-1],[0,-5],[-4,3]],[[3992,816],[0,3]],[[3992,819],[0,-3]],[[4011,1088],[3,2],[4,0],[1,-3],[-4,-2],[-4,3]],[[4016,1108],[6,1],[7,5],[5,0],[1,-2],[-5,-1],[-7,-4],[-7,1]],[[4034,1118],[-6,-3],[-5,-3],[-8,-4],[-13,2],[-1,2],[0,3],[3,2],[1,5],[6,3],[3,1],[11,-1],[3,-4],[2,-1],[4,3],[2,-1],[-2,-4]],[[4032,1128],[-3,-2],[-2,4],[6,0],[-1,-2]],[[4001,1158],[-2,-1],[-7,-2],[-4,2],[1,5],[3,0],[1,6],[-2,2],[1,3],[4,2],[5,-1],[3,-4],[-2,-10],[-1,-2]],[[4012,1175],[-6,5],[0,2],[7,0],[0,-4],[-1,-3]],[[4026,1189],[0,-3],[5,-2],[-3,-4],[-6,2],[-1,2],[4,2],[1,3]],[[4026,1189],[0,2]],[[4026,1191],[0,-2]],[[4026,1191],[-3,0],[-4,-2],[-5,-4],[-5,1],[-7,3],[1,6],[1,0],[1,4],[3,3],[4,2],[-5,3],[0,2],[12,0],[7,1],[8,-3],[-3,-4],[-2,0],[-1,-3],[2,-2],[-5,-4],[1,-3]],[[4053,1204],[2,1],[5,-2],[-4,-1],[-3,2]],[[4015,1213],[-7,0],[-3,-2],[-2,4],[5,1],[3,0],[2,2],[6,0],[-4,-5]],[[4005,1218],[-4,1],[3,2],[2,0],[-1,-3]],[[3994,1223],[7,1],[-1,-3],[-7,0],[1,2]],[[4031,1271],[6,0],[-2,-3],[-5,0],[1,3]],[[4085,1734],[1,1]],[[4086,1735],[4,0],[2,-2],[-9,-1],[2,2]],[[4086,1735],[-1,-1]],[[4085,1734],[1,1]],[[4170,1934],[2,-1]],[[4172,1933],[1,0]],[[4173,1933],[-3,1]],[[4171,1960],[-1,-10],[-4,1],[-1,-6],[5,-2],[-2,-2],[-4,0],[-2,2],[-7,1],[-7,5],[-7,2],[-5,1],[-5,4],[-4,5],[-5,0],[-7,2],[-3,6],[2,2],[8,-1],[4,2],[10,0],[3,3],[7,3],[4,0],[5,2],[8,0],[0,10],[-1,4],[-2,1],[1,3],[2,2],[0,4],[3,2],[-1,3],[0,4],[6,0],[4,-2],[9,-2],[4,-4],[3,-2],[4,0],[8,2],[3,0],[4,3],[1,3],[6,2],[5,1],[5,-1],[2,-2],[-1,-4],[-5,-5],[-8,-2],[-10,-2],[-3,-2],[-5,-5],[0,-1],[-6,-4],[-6,-1],[-2,-2],[0,-7],[-2,-8],[5,3],[4,0],[2,-2],[-4,-3],[5,-3],[4,-5],[3,-3],[-4,-3],[-11,6],[1,3],[-5,6],[-8,2],[-3,-5],[3,-2],[-2,-2]],[[4242,2401],[-7,1],[-1,2],[4,0],[6,-1],[5,0],[-1,-3],[-6,1]],[[4227,2499],[1,3],[6,-3],[-4,-2],[-3,2]],[[4243,2509],[0,-4],[-10,0],[-5,4],[-4,2],[5,2],[3,1],[4,2],[4,0],[5,-4],[-2,-3]],[[4247,2526],[-8,4],[7,1],[10,-1],[3,-1],[-1,-4],[-4,-1],[-7,2]],[[4231,2571],[-2,-3],[1,-4],[8,-4],[-1,-3],[5,0],[-1,-4],[6,-1],[3,2],[0,-5],[-2,-5],[6,-3],[-7,-1],[-7,-2],[-2,-4],[-3,-2],[-10,2],[0,6],[11,-1],[-2,4],[-8,6],[-5,0],[-4,2],[-1,2],[-4,2],[-1,5],[-4,2],[-2,3],[3,3],[-5,3],[-3,1],[-2,3],[6,0],[4,1],[8,-1],[8,1],[7,-5]],[[4236,2595],[4,0],[0,-3],[-4,1],[0,2]],[[4318,2897],[-4,-6],[-5,-1],[-1,-4],[-3,0],[-2,2],[1,6],[6,4],[8,-1]],[[4297,2901],[2,0]],[[4299,2901],[-2,0]],[[4322,3154],[1,-2],[-6,1],[1,2],[4,-1]],[[4332,3165],[1,2],[3,-2],[-5,-3],[0,-3],[-5,1],[-6,-2],[-1,-2],[-4,0],[-1,-3],[-3,1],[0,2],[5,2],[1,2],[4,1],[6,4],[1,-3],[4,3]],[[4334,3178],[3,-1]],[[4337,3177],[-3,1]],[[4334,3178],[-3,-4]],[[4331,3174],[-6,2],[-1,2],[5,1],[1,4],[3,1],[2,2],[9,0],[-8,-5],[-2,-3]],[[4356,3192],[2,-3],[-3,0],[-2,2],[3,1]],[[4361,3198],[3,0],[2,-3],[-6,1],[1,2]],[[4478,4436],[3,7],[2,0],[-1,-4],[-4,-3]],[[4584,4839],[2,-1],[6,1],[1,3],[4,4],[5,3],[3,-2],[1,-5],[6,-2],[2,-4],[-4,-1],[-2,1],[-6,1],[-9,-4],[-6,-6],[-7,-2],[-7,1],[-2,-3],[-9,1],[-3,-3],[-4,1],[-4,3],[0,2],[2,3],[3,0],[6,0],[1,4],[4,2],[2,2],[-1,4],[5,-1],[3,-2],[7,-1],[1,1]],[[4555,4860],[3,0],[5,-6],[3,0],[9,4],[7,3],[3,0],[4,-4],[-1,-4],[-3,-2],[-4,-1],[-5,1],[-6,4],[-8,-5],[0,-3],[-5,-1],[-1,3],[-7,0],[-4,4],[8,0],[3,1],[0,3],[-1,3]],[[4634,5302],[-4,-2],[-8,1],[-5,0],[-5,1],[3,2],[5,-1],[9,-1],[5,0]],[[4834,6705],[4,0]],[[4838,6705],[-4,0]],[[4879,7177],[1,3],[3,0],[3,1],[5,-2],[-2,-5],[-2,-2],[-7,0],[1,2],[-9,0],[-11,0],[-3,-1],[-4,1],[0,2],[-6,1],[-3,1],[5,3],[7,0],[0,-3],[5,-1],[1,4],[3,0],[-1,-4],[6,2],[8,-2]],[[4018,809],[2,-1],[1,-5],[-2,-3],[-4,-2],[-5,1],[2,7],[5,1],[1,2]],[[4043,996],[2,0],[-2,-5],[-4,0],[0,3],[4,2]],[[4100,1016],[5,0],[-1,-2],[-4,2]],[[4099,1051],[3,-2],[-2,-2],[-4,1],[3,3]],[[4109,1054],[0,4],[2,1],[3,-1],[0,-2],[-5,-2]],[[4095,1064],[-4,-1]],[[4091,1063],[4,1]],[[4091,1077],[-1,-3],[5,0],[0,-3],[-6,1],[0,-2],[-4,-1],[-5,1],[0,3],[-5,4],[1,3],[-4,4],[-2,1],[1,3],[4,3],[-4,3],[5,2],[3,-3],[7,-2],[-1,-3],[3,-2],[0,-2],[3,-2],[0,-5]],[[4054,1100],[-4,1],[-3,2],[1,4],[6,4],[6,0],[3,-4],[0,-3],[-4,-4],[-5,0]],[[4092,1106],[0,-3],[-2,-2],[-4,1],[0,3],[3,1],[3,0]],[[4075,1106],[-2,2],[0,3],[4,-2],[-2,-3]],[[4062,1205],[4,0],[-1,-4],[-4,2],[1,2]],[[4119,1413],[1,1],[5,0],[2,-3],[-4,-3],[-4,2],[0,3]],[[4139,1409],[-2,4],[5,1],[2,-2],[-2,-3],[-3,0]],[[4149,1624],[4,3],[2,2],[2,-2],[-8,-3]],[[4159,1695],[2,3],[3,-1],[-1,-4],[-3,0],[-1,2]],[[4171,1702],[-4,0],[-5,4],[2,2],[6,1],[1,-7]],[[4184,1724],[3,2],[6,-1],[1,3],[5,-2],[-4,-3],[-3,1],[-8,0]],[[4197,1750],[-2,-13],[-2,-2],[-6,-1],[1,4],[-1,1],[0,5],[10,6]],[[4197,1750],[-1,3],[2,1],[1,5],[1,0],[0,7],[2,3],[-6,2],[4,1],[0,3],[3,2],[4,-2],[2,-3]],[[4209,1772],[1,0]],[[4210,1772],[2,-1],[0,-3],[3,-6],[-1,-3]],[[4214,1759],[-2,0],[-1,8],[-3,-1],[0,-4],[-2,-4],[-3,0],[0,-7],[-3,1],[-3,-2]],[[4210,1772],[-1,0]],[[4209,1772],[1,0]],[[4213,1786],[0,-1],[-6,0],[4,3],[2,-2]],[[4204,1789],[-2,0],[0,4],[4,-2],[-2,-2]],[[4203,1816],[-3,-1],[-3,0],[2,5],[-2,2],[1,2],[5,-2],[2,-3],[-2,-3]],[[4205,1838],[1,-2],[-1,-5],[-4,0],[-1,-2],[-4,0],[-2,2],[0,3],[6,0],[0,2],[5,2]],[[4198,1839],[-3,-4],[-5,0],[0,3],[5,-1],[3,2]],[[4214,1890],[1,2],[4,-1],[-1,-2],[-5,-2],[-5,4],[-3,1],[2,2],[3,1],[4,-5]],[[4213,1913],[4,1],[3,-2],[1,-4],[-3,-2],[-8,1],[-5,1],[-7,5],[13,0],[2,0]],[[4185,1927],[6,-3],[18,-5],[-3,-5],[-6,2],[-6,4],[-9,7]],[[4247,1922],[1,-6],[-8,0],[-9,6],[-4,4],[0,3],[5,-1],[8,-5],[7,-1]],[[4185,1927],[-3,1]],[[4182,1928],[3,-1]],[[4173,1933],[-1,0]],[[4172,1933],[4,2],[-2,3],[2,4],[3,3],[8,-1],[4,2],[3,2],[3,0],[-2,-3],[-2,-1],[-7,-6],[-3,0],[-3,-3],[-3,-3],[-4,1]],[[4249,2018],[0,-1]],[[4249,2017],[0,1]],[[4249,2017],[0,1]],[[4249,2018],[-2,3],[6,0],[0,-3],[-4,-1]],[[4304,2417],[1,2],[6,-1],[-2,-2],[-5,1]],[[4315,2429],[4,1],[2,-6],[-15,3],[-3,-3],[-10,0],[-2,4],[5,4],[4,1],[7,4],[3,-1],[-7,-4],[7,-2],[0,3],[6,-1],[-1,-3]],[[4323,2440],[-4,0],[1,3],[3,-3]],[[4305,2443],[-2,-3],[-9,6],[4,1],[2,-3],[5,-1]],[[4312,2447],[1,1],[6,0],[0,-2],[-5,-1],[-2,2]],[[4301,2468],[-11,-2],[-8,1],[-7,1],[-5,3],[-6,0],[0,2],[6,-1],[6,2],[7,-1],[9,-3],[10,0],[-1,-2]],[[4270,2477],[-9,2],[-3,2],[-11,0],[-5,2],[2,6],[0,3],[3,3],[5,2],[5,0],[7,-4],[2,-2],[7,-2],[9,-1],[4,-3],[-1,-3],[-4,-4],[-5,-1],[-6,0]],[[4343,2906],[-5,5],[7,-1],[3,-3],[-1,-4],[-3,0],[-1,3]],[[4373,3205],[0,-4],[7,0],[3,0],[-3,-3],[-6,1],[-2,2],[1,4]],[[4405,3219],[5,1],[3,-2],[8,-1],[7,0],[7,1],[4,2],[11,0],[0,-1]],[[4450,3219],[-2,-3],[-5,1],[-3,-1]],[[4440,3216],[-4,-2]],[[4436,3214],[-5,0],[-4,1],[-9,1],[-6,-2],[-7,-1],[-4,-4],[-5,-3],[-4,1],[-1,1],[1,5],[3,0],[5,3],[2,0],[3,3]],[[4485,3977],[-2,3],[6,-1],[5,-2],[0,-2],[5,-1],[8,-1],[9,-2],[1,-2],[5,1],[7,-1],[-2,-5],[-7,1],[-4,5],[-6,1],[-5,-1],[-5,0],[-9,7],[-6,0]],[[4481,3978],[3,-2],[6,0],[-1,-3],[-10,2],[2,3]],[[4553,4476],[-6,-2],[-5,1],[-1,6],[4,-1],[-1,-4],[5,0],[5,3],[2,3],[3,-2],[-6,-4]],[[4591,4467],[-6,1],[0,6],[-6,0],[-2,2],[-1,3],[-2,4],[-3,0]],[[4571,4483],[-3,-5],[-3,5],[-3,0],[-5,2],[-3,0],[-2,2],[-5,-2],[-7,2],[0,3],[-3,2],[1,3],[3,1],[6,-1],[0,-1],[5,-3],[4,2],[5,-1],[2,-4],[4,1],[5,-2],[6,-7],[3,-1],[-1,-2],[5,-2],[3,-2],[0,-2],[3,-4]],[[4587,4511],[-4,3],[-4,-2],[-4,2],[1,2],[5,0],[4,-1],[6,0],[5,-1],[1,-5],[-2,-1],[-6,1],[-2,2]],[[4615,4856],[-4,-3],[-3,1],[3,5],[4,-3]],[[4688,5004],[-1,-2],[4,-1],[2,-2],[-1,-7],[-3,0],[-5,-3],[0,-2],[-6,1],[-1,3],[0,5],[2,3],[7,3],[2,2]],[[4674,5202],[0,2],[7,0],[-2,-3],[-5,1]],[[4683,5318],[-2,3],[3,2],[-1,-5]],[[4838,6705],[-4,0]],[[4834,6705],[-3,1],[-3,3]],[[4828,6709],[4,-3],[7,0],[8,-3],[9,-1],[7,-5],[8,-3]],[[4871,6694],[-5,1],[-7,5],[-5,2],[-9,1],[-7,2]],[[4959,7205],[-3,0],[2,3],[4,1],[1,-3],[-4,-1]],[[4036,422],[4,1]],[[4040,423],[-4,-1]],[[4033,425],[3,-3]],[[4036,422],[-3,3]],[[4037,490],[-5,2],[1,2],[6,0],[-2,-4]],[[4129,494],[5,0],[1,-3],[-10,1],[-1,3],[2,2],[3,-3]],[[4103,712],[-1,4],[4,1],[3,-1],[-3,-3],[-3,-1]],[[4075,716],[-3,1],[1,3],[3,1],[4,-1],[-5,-4]],[[4145,885],[-1,3],[2,2],[6,-2],[-1,-2],[-6,-1]],[[4151,897],[-7,1],[2,4],[4,2],[6,-2],[-2,-3],[-3,-2]],[[4191,917],[3,0]],[[4194,917],[1,-2]],[[4195,915],[-4,-2],[-3,1],[3,3]],[[4131,940],[5,0],[8,6],[0,9],[-3,3],[-4,2],[3,4],[-3,0],[-5,2],[-9,1],[-3,1],[-4,1],[-5,1],[-2,3],[1,3],[3,2],[1,2],[-4,7],[-3,1]],[[4107,988],[-8,5],[-10,1],[-1,2],[2,10],[4,3],[7,3],[4,0],[-2,-3],[3,-2],[-2,-1],[4,-4],[3,-1],[6,0],[3,-4],[8,-4],[4,-4],[10,-3],[3,-1],[4,-2],[5,0],[2,-4],[0,-2],[-4,-4],[3,-1],[-1,-8],[3,2],[3,-2],[0,-3],[-3,-2],[1,-2],[-2,-11],[-6,-4],[0,-3],[-5,-3],[7,0],[0,2],[4,0],[0,-2],[-7,-3],[-1,-8],[1,-2],[-5,-4]],[[4144,919],[-1,-4],[-4,0],[-7,-5],[-3,1],[-3,2],[1,3],[3,3],[0,5],[-2,6],[0,8],[3,2]],[[4149,947],[3,1],[1,3],[-5,-1],[1,-3]],[[4138,918],[2,1]],[[4140,919],[-2,-1]],[[4098,1002],[-3,-1],[4,-3],[3,0],[0,5],[-4,-1]],[[4108,994],[5,1],[-5,5],[-2,-2],[3,-1],[-1,-3]],[[4144,982],[-6,1],[1,-4],[4,2],[1,1]],[[4145,977],[2,-2],[4,0],[0,3],[-4,4],[-2,-5]],[[4125,979],[-2,3],[-2,-2],[2,-2],[2,1]],[[4142,969],[3,-3],[3,0],[1,5],[-6,2],[-1,-4]],[[4147,958],[1,-3],[4,0],[0,4],[-5,-1]],[[4182,926],[1,0]],[[4183,926],[1,0],[6,4]],[[4190,930],[-3,-5],[-5,1]],[[4183,926],[-1,0]],[[4182,926],[-3,0],[-6,3],[2,5],[4,2],[-10,2],[11,3],[8,-1],[2,-3],[-1,-6],[-6,-5]],[[4164,987],[-3,-1]],[[4161,986],[3,1]],[[4207,1028],[0,-5],[-2,-2],[-5,-3],[-7,1],[-3,3],[-1,3],[4,4],[7,2],[7,-1],[0,-2]],[[4157,1033],[2,0],[0,-5],[-5,0],[-4,2],[2,2],[-7,1],[0,3],[8,-1],[4,-2]],[[4179,1032],[-4,-2],[-2,2],[2,3],[2,0],[2,-3]],[[4109,1054],[6,-1],[9,-5],[8,-7],[-3,0],[-4,-4],[-3,-5],[-5,-6],[0,-3],[-8,-4],[-7,3],[1,4],[4,3],[3,4],[-5,2],[0,2],[9,4],[0,1],[-4,6],[-1,6]],[[4221,1111],[-2,1],[-3,4],[3,1],[2,-6]],[[4234,1212],[4,-1],[-1,-2],[-3,0],[0,3]],[[4227,1263],[4,2],[2,-1],[-1,-5],[-5,0],[0,4]],[[4245,1317],[-3,0],[0,3],[4,0],[-1,-3]],[[4271,1933],[-3,-2],[-2,-3],[-4,-2],[-4,0],[-1,6],[-11,1],[-6,5],[8,1],[2,1],[11,-1],[6,1],[8,-2],[0,-3],[-4,-2]],[[4286,1947],[-1,1]],[[4285,1948],[0,-1]],[[4285,1947],[1,0]],[[4286,1947],[-1,0]],[[4285,1947],[0,1]],[[4285,1948],[1,-1]],[[4305,1963],[-2,0],[-2,2],[5,0],[-1,-2]],[[4330,1993],[4,0],[2,-3],[-5,0],[-1,3]],[[4346,2011],[3,-5],[-5,1],[-1,4],[-4,0],[-1,-3],[-4,1],[-1,-4],[-4,2],[-6,0],[-5,-1],[-2,-4],[0,-2],[-8,2],[-2,1],[2,3],[-3,2],[0,1],[4,3],[13,-1],[6,3],[11,-2],[5,2],[2,-3]],[[4412,2945],[1,-1],[-1,-5],[1,-4],[-12,-4],[-4,-3],[-4,1],[-4,1],[1,9],[2,5],[5,2],[6,-1],[0,2],[5,1],[5,-1],[-1,-2]],[[4447,2963],[-1,-5],[-6,0],[-1,-2],[-9,-3],[-1,3],[8,3],[7,4],[3,0]],[[4485,2964],[-5,-1],[0,3],[8,0],[1,-4],[-4,2]],[[4481,3214],[-5,-1],[-14,1],[-3,1],[4,3],[4,-3],[5,3],[10,-1],[10,-1],[0,-3],[-5,0],[-6,1]],[[4495,3218],[-2,1],[0,3],[4,1],[0,-4],[-2,-1]],[[4567,3640],[-1,3],[2,2],[3,-2],[0,-2],[-4,-1]],[[4656,3907],[4,-6],[2,-2],[-1,-7],[4,-4],[-2,-9],[4,-1]],[[4667,3878],[-3,0],[-1,-5],[6,-5],[-1,-3],[5,-1],[-1,-2],[-7,1],[-1,6],[-4,0],[-1,-1],[-8,3],[-7,0],[-5,1],[-7,6],[-1,2],[-6,3],[-3,-1],[1,7],[-6,2],[-4,-2],[0,-3],[-3,0],[-1,4],[-6,3],[-5,1],[-4,-2],[-6,-1],[-8,-2],[-2,1],[1,4],[4,-2],[3,0],[-3,6],[0,2],[-6,5],[-5,2],[0,5],[-9,2],[-1,2],[1,7],[-4,-1],[-2,-2],[-4,-1],[0,5],[0,6],[4,-1],[-3,-3],[2,-2],[4,2],[3,-1],[1,6],[-3,4],[-4,3],[-7,-3],[-4,0]],[[4546,3935],[0,1]],[[4546,3936],[12,3],[9,3],[5,1],[5,3],[8,-1],[3,-5],[5,-1],[6,-1],[2,2],[9,1],[0,3],[3,-1],[5,-2],[3,-6],[2,0],[7,-6],[6,-6],[2,0],[3,-4],[0,-5],[1,-4],[7,-5],[0,-4],[5,-3],[2,9]],[[4577,3928],[-1,-5],[4,0],[7,3],[2,4],[1,2],[-3,1],[-10,-5]],[[4636,3920],[0,1],[-6,0],[0,-3],[2,-1],[3,0],[1,3]],[[4626,3902],[-1,-4],[5,0],[4,3],[2,5],[5,3],[0,1],[-9,1],[-3,-6],[-3,-3]],[[4640,3884],[2,-1],[0,-3],[6,-5],[5,-1],[1,2],[4,0],[1,2],[-3,0],[-3,-1],[-5,1],[-2,3],[3,3],[-1,3],[2,7],[-4,0],[-4,-2],[-2,-3],[0,-5]],[[4658,3889],[3,4],[-7,-1],[-1,-6],[2,0],[3,3]],[[4658,3880],[4,4],[-2,2],[-5,-4],[-1,-2],[4,0]],[[4546,3936],[0,-1]],[[4546,3935],[0,1]],[[4608,3966],[-2,-3],[-5,-1],[3,4],[4,0]],[[4547,3979],[5,-1],[4,-3],[11,0],[0,-2],[8,-1],[-1,-2],[-9,2],[-2,-2],[-1,-3],[-4,-2],[-10,0],[-4,-2],[-12,2],[2,2],[1,3],[-4,1],[3,5],[7,-1],[3,6],[3,-2]],[[4642,4454],[3,3],[9,-1],[6,2],[5,0],[6,2],[1,3],[12,-1],[8,1],[9,-1],[1,-2],[5,-1],[2,-2],[9,0],[7,-3],[5,-1],[2,1],[16,0],[1,-3],[-3,-6],[3,-2],[4,5],[1,-4],[-3,-3],[-5,-1],[4,-3]],[[4750,4437],[-3,1],[-1,2],[-5,0],[-4,1],[-3,3],[2,7],[-8,1],[-5,2],[-3,-3],[-3,-1],[-1,-2],[-2,-1],[1,6],[-1,3],[-14,2],[-3,-1],[-6,0],[-6,-1],[-6,-1],[-5,-3],[-3,1],[-5,4],[-4,-2],[-5,1],[-3,-2],[-5,1],[-4,-1],[-3,0]],[[4642,4454],[-1,3],[-4,3],[9,5],[1,2],[7,-2],[-7,-3],[-8,-2],[2,-2],[1,-4]],[[4770,4910],[3,-2],[-4,-2],[-2,-8],[-4,-2],[-5,0],[-4,1]],[[4754,4897],[-5,2],[0,2],[-8,1],[-4,2],[-1,-3],[5,-1],[2,-5],[-10,1],[-4,-2],[-4,1],[-4,2],[1,6],[3,2],[0,2],[3,1],[9,-1],[4,-1],[4,-3],[7,0],[6,2],[3,3],[3,2],[3,-3],[2,0],[1,3]],[[4764,4903],[1,4],[-3,-1],[-1,-2],[3,-1]],[[4765,4900],[-3,1],[-1,2],[-4,0],[2,-3],[6,0]],[[4773,4986],[-8,9],[10,-1],[7,1],[6,-5],[0,-3],[-5,-4],[0,-4],[-8,1],[1,3],[-3,1],[0,2]],[[4777,4984],[3,1],[1,3],[-2,3],[-3,1],[-2,-3],[6,-1],[-3,-4]],[[4709,5007],[-3,5],[5,-1],[2,-3],[-4,-1]],[[4951,6614],[-4,4],[-4,10],[1,3],[0,6],[2,15]],[[4946,6652],[1,-3],[-3,-22],[2,-3],[1,-5],[4,-5]],[[4943,6656],[2,-2],[1,-2]],[[4946,6652],[-3,4]],[[5004,6724],[-4,2],[2,3],[3,-1],[-1,-4]],[[4980,7214],[-2,-3],[-4,0],[2,4],[4,-1]],[[4990,7236],[-3,-3],[-6,0],[-7,-2]],[[4974,7231],[7,3],[9,2]],[[5014,7246],[8,4],[5,2],[17,8],[-1,-3],[-3,1],[-5,-4],[-4,0],[-9,-6],[-5,-1],[-3,-1]],[[4156,507],[-3,0],[-2,-3],[-6,0],[-6,0],[0,2],[-6,1],[3,3],[-8,1],[-7,1],[0,5],[3,2],[10,-1],[1,-2],[10,-3],[3,-2],[0,-2],[5,0],[3,-2]],[[4185,518],[-13,0],[-6,2],[-3,-1],[-5,0],[-2,2],[7,0],[4,2],[14,-2],[4,-3]],[[4215,794],[2,1],[4,3],[5,-1],[-2,-4],[-8,0],[-1,1]],[[4273,872],[-2,3],[4,3],[2,-6],[-4,0]],[[4234,906],[-7,4],[1,3],[6,7],[9,1],[4,-2],[2,-4],[-1,-8],[-5,-3],[-4,2],[-5,0]],[[4203,925],[1,-2],[-2,-3],[-3,0],[-6,3],[7,2],[3,0]],[[4229,931],[-2,-4],[-6,0],[4,3],[4,1]],[[4205,936],[4,-2],[-2,-4],[-4,1],[2,5]],[[4291,969],[-1,3],[6,3],[2,-2],[-2,-4],[-5,0]],[[4247,1016],[-4,-1],[-5,1],[0,2],[5,1],[4,0],[0,-3]],[[4322,1202],[2,-2],[-4,-1],[2,3]],[[4272,1401],[8,1],[-1,-2],[-7,1]],[[4398,1996],[-2,-2],[-4,0],[2,4],[11,2],[8,-1],[4,2],[3,0],[-1,-3],[-12,0],[2,-5],[-3,-2],[8,-3],[4,0],[5,-3],[-1,-4],[-4,1],[-1,-2],[-2,-1],[-3,3],[-11,8],[3,1],[0,5],[-6,0]],[[4347,2014],[7,1],[4,1],[6,-2],[12,0],[3,-2],[4,-7],[-2,-4],[-3,1],[-10,8],[-5,2],[-13,0],[-3,2]],[[4479,2336],[5,2],[-1,-4],[-4,2]],[[4549,2572],[-1,-5],[-3,0],[0,6],[4,-1]],[[4555,2668],[-3,1],[-1,3],[4,0],[4,-2],[-4,-2]],[[4560,2675],[2,1]],[[4562,2676],[4,-1],[-2,-3]],[[4564,2672],[-4,3]],[[4547,2681],[8,-1],[-1,-7],[-4,0],[-1,7],[-2,1]],[[4562,2676],[-2,-1]],[[4560,2675],[-4,0],[2,4],[4,0],[6,5],[-1,-5],[-5,-1],[0,-2]],[[4593,3217],[0,-2],[-5,1],[1,2],[4,-1]],[[4696,3494],[1,-4]],[[4697,3490],[-2,3],[-6,1],[-4,-2],[-7,-1],[0,-3],[-4,-2],[-1,-3],[2,-2],[-7,0],[-1,4],[3,3],[5,-2],[1,2],[1,4],[5,2],[4,-1],[1,3],[5,-2],[4,0]],[[4667,3564],[2,-1],[2,-3],[-2,-1],[-4,1],[2,4]],[[4639,3586],[1,1]],[[4640,3587],[-1,-1]],[[4667,3878],[6,2],[0,-2],[-6,0]],[[4665,3901],[1,5],[2,-1],[0,-3],[-3,-1]],[[4789,4424],[-7,-2],[-3,3],[6,3],[0,-3],[4,-1]],[[4764,4426],[1,7],[4,-3],[0,-2],[-5,-2]],[[4750,4437],[1,-1]],[[4751,4436],[-1,1]],[[4765,4433],[-2,1],[3,3],[2,-2],[-3,-2]],[[4801,4450],[-4,0],[0,3],[6,-2]],[[4803,4451],[-2,-1]],[[4803,4451],[-2,-1]],[[4801,4450],[2,1]],[[4836,4473],[-4,-6],[0,-3],[-4,-4],[-5,-2],[-8,1],[-7,3],[-7,-1],[-3,-3],[-6,-4],[-4,-1],[-4,0],[1,2],[2,2],[7,0],[-1,3],[0,4],[-2,3],[2,2],[-5,1],[1,4],[3,1],[-2,2],[5,2],[-1,-8],[1,-1],[-1,-4],[4,0],[4,-3],[6,1],[2,4],[4,5],[5,3],[8,-1],[7,0],[2,-2]],[[4748,4483],[2,-3],[4,3],[4,1],[2,-3],[0,-4],[-2,0],[3,-6],[5,3],[4,0],[6,-1],[1,-4],[-4,-5],[-6,-3],[2,-2],[-5,-2],[-3,2],[-4,6],[3,7],[-2,1],[-5,-2],[-2,1],[2,5],[-5,0],[1,2],[-5,2]],[[4744,4481],[-2,0],[0,7],[3,2],[1,-3],[-3,-3],[5,-1]],[[4801,4474],[2,-2],[-1,-3],[-3,0],[0,4],[2,1]],[[4814,4489],[2,-1]],[[4816,4488],[-1,-5],[-5,0],[1,4],[3,2]],[[4816,4488],[-2,1]],[[4814,4489],[2,-1]],[[4733,4500],[-4,2],[-5,2],[-5,0],[0,4],[-4,1],[-2,2],[0,2],[3,4],[4,0],[0,-6],[7,0],[1,3],[5,-5],[-1,-5],[4,-3],[-3,-1]],[[4724,4505],[2,-1],[4,2],[-1,3],[-7,0],[-2,-2],[4,-2]],[[4839,4727],[-1,-2]],[[4838,4725],[1,2]],[[4839,4727],[1,3]],[[4840,4730],[-1,-3]],[[4840,4731],[0,-1]],[[4840,4730],[0,1]],[[5056,6360],[-9,4],[-3,1],[-2,2],[0,3]],[[5042,6370],[3,-5],[9,-3],[2,-2]],[[5029,6390],[1,1]],[[5030,6391],[0,-5],[3,-2],[0,-4],[-2,-1],[0,6],[-2,2],[0,3]],[[5029,6390],[1,1]],[[5030,6391],[-1,-1]],[[5048,6479],[-8,6],[-3,3],[-4,6]],[[5033,6494],[3,-2],[5,-6],[5,-5],[2,-2]],[[5033,6494],[-3,2],[-1,5],[-3,5]],[[5026,6506],[3,-3],[2,-6],[2,-3]],[[5026,6506],[-8,7],[-7,0],[-4,3],[0,1]],[[5007,6517],[4,-3],[6,0],[6,-3],[3,-5]],[[5003,6524],[4,-7]],[[5007,6517],[-3,4],[-1,3]],[[5003,6524],[-2,3],[1,10],[1,-1],[-1,-7],[1,-5]],[[4998,6545],[-1,3]],[[4997,6548],[1,-3]],[[4997,6548],[-1,3]],[[4996,6551],[1,-3]],[[5034,6702],[5,1],[0,-3],[-5,2]],[[5123,7156],[-1,2],[5,-1],[0,-3],[-4,2]],[[5266,7183],[1,0]],[[5267,7183],[-8,-5],[-4,-2],[-4,-2],[-2,0],[-4,-3],[-4,0],[-3,-2],[-4,-2],[-5,1],[-6,-3],[-7,2],[-5,-4],[-12,-1],[-4,-1],[-5,0],[-4,-1],[-11,0],[-5,3],[-4,1],[-8,-1],[-2,3],[-6,1],[-9,0],[-6,1],[-5,0],[-3,1],[-6,1],[-9,5],[5,1],[0,2],[-5,0],[-7,3],[1,3],[-4,1],[-6,0],[-6,3],[-6,0],[-11,-2],[-3,-2],[-3,1],[-5,-2],[-7,1],[-4,0],[-7,-5],[0,4],[-3,1],[-1,-3],[-9,-4],[-6,-1],[-4,-3],[-6,3]],[[5015,7176],[-13,1],[-3,-2],[-4,0],[-3,2],[-1,4],[-5,0],[-9,-2],[-3,-2],[-1,-3],[-4,-1],[-3,-3],[-3,0],[-1,-4],[-8,0],[-2,1],[-9,1],[0,2],[-4,2],[-5,4],[-2,4],[-6,4],[0,4],[-3,0],[-6,-3],[-9,1],[2,2],[0,2],[7,1],[4,2],[9,-2],[0,5],[4,0],[3,-3],[3,3]],[[4940,7196],[5,1],[9,1],[3,2],[5,1],[6,1],[-1,3],[3,3],[5,-1],[5,-1],[1,2],[5,1],[-1,-5],[5,2],[-5,6],[3,2],[3,-1],[2,2],[6,0],[2,-6],[3,5],[2,-1],[1,3],[4,4],[5,-1],[5,1]],[[5021,7220],[0,-4],[2,-5],[5,1],[-1,4],[-3,2],[4,1],[1,5],[7,0],[1,-3],[5,0],[2,10],[4,0],[4,2],[-1,-4],[1,-4],[3,-1],[-1,-5],[5,-4],[4,-5],[3,2],[6,3],[0,3],[7,0],[3,0],[2,-1],[13,-1],[-4,-3],[2,-5],[-4,-4],[3,-3],[6,-3],[0,-2],[5,0],[2,-1],[-1,-3],[3,0],[0,-4],[2,-3],[10,5],[4,-2],[-1,-3],[2,-1],[4,4],[4,4],[0,5],[4,0],[3,-3],[0,-3],[-3,-2],[5,-1],[2,5],[3,0],[5,6],[2,-1],[2,4],[3,1],[1,-3],[3,0],[11,0],[4,-2],[4,0],[3,-4],[-9,0],[-9,-2],[16,-1],[12,-4],[10,-2],[0,2],[-4,1],[0,2],[6,1],[7,0],[31,-1],[1,2],[10,-1],[5,-1],[4,2],[5,-2],[-5,-1],[-2,-2],[2,-4]],[[4981,7197],[7,1],[-1,2],[-4,-1],[-2,-2]],[[4956,7193],[14,-1],[0,4],[-11,-2],[-3,-1]],[[5050,7190],[9,-2],[1,-1],[8,-2],[-2,4],[-3,0],[-10,1],[-3,0]],[[4978,7183],[-2,-3],[6,1],[-4,2]],[[5166,7207],[-1,0]],[[5165,7207],[-1,-1]],[[5164,7206],[-2,-1]],[[5162,7205],[-2,0]],[[5160,7205],[-1,3],[7,-1]],[[5082,7229],[4,0],[0,-3],[-4,-2],[-4,0],[-2,1],[2,9],[4,-5]],[[5103,7249],[-5,4]],[[5098,7253],[4,1],[1,-3],[7,0],[0,-1],[3,-2],[3,-5],[3,0],[0,2],[-5,3],[-3,2],[2,4],[-3,1],[0,4],[-3,0],[0,6],[3,0],[1,-3],[5,-3],[4,0],[-1,-6],[4,0],[3,2],[-2,-12],[-3,-2],[0,-4],[-3,-1],[1,-4],[2,-6],[1,-1],[0,-3],[-4,-5],[-2,5],[1,6],[-3,6],[-5,0],[1,3],[-2,2],[0,3],[-3,1],[-7,1],[0,2],[-4,1],[3,3],[6,-1]],[[5153,7239],[1,-2],[-6,-1],[1,2],[4,1]],[[5085,7251],[8,-2],[-1,-4],[-6,1],[-1,5]],[[5122,7265],[-2,1],[0,5],[2,-1],[0,-5]],[[4329,846],[-2,-1],[-5,-1],[-3,6],[2,2],[3,2],[6,-1],[1,-1],[-2,-6]],[[4469,1603],[-2,-3],[-9,1],[-2,1],[-8,0],[0,3],[4,1],[12,-1],[2,-3],[3,1]],[[4486,1710],[0,1]],[[4486,1711],[0,-1]],[[4486,1711],[0,-1]],[[4486,1710],[0,1]],[[4474,1733],[7,0],[4,-1],[5,-2],[0,-4],[-6,-1],[-4,2],[-1,3],[-5,3]],[[4493,1758],[-5,3],[-4,1],[-6,-5],[1,4],[4,1],[5,0],[5,-4]],[[4497,1777],[-2,-1]],[[4495,1776],[2,1]],[[4502,1965],[1,2],[5,-2],[-1,-2],[-5,2]],[[4553,2302],[-3,1],[0,2],[5,0],[4,-1],[-3,-3],[-3,1]],[[4554,2310],[-5,0],[-2,5],[4,0],[1,-3],[2,-2]],[[4556,2328],[-5,2],[0,1],[8,0],[1,-4],[-4,1]],[[4563,2334],[1,-3],[-8,3],[4,2],[3,-2]],[[4549,2561],[5,-4],[2,0],[4,-4],[-1,-2],[2,-6],[-1,-5],[-3,-1],[-5,1],[2,8],[2,1],[-3,3],[-4,9]],[[4549,2561],[1,2],[6,0],[-1,-2],[6,-1],[1,4],[6,-1]],[[4568,2563],[-2,0],[1,-5],[-11,1],[-7,2]],[[4574,2605],[1,-2],[-3,-3],[-4,-1],[0,6],[3,0],[0,3],[-3,2],[0,3],[5,0],[2,-6],[-1,-2]],[[4580,2608],[-5,-1],[0,2],[4,1],[1,3],[3,-1],[0,-3],[-3,-1]],[[4566,2652],[1,0]],[[4567,2652],[2,-4],[-3,0],[0,4]],[[4573,2653],[-1,-5],[-2,0],[1,4],[2,1]],[[4567,2652],[-1,0]],[[4566,2652],[1,0]],[[4572,2684],[2,-1],[-1,-3],[-3,0],[2,4]],[[4613,2976],[3,-1],[0,-3],[-4,0],[1,4]],[[4670,3191],[1,0]],[[4671,3191],[-1,0]],[[4671,3191],[-1,0]],[[4670,3191],[1,0]],[[4683,3456],[-2,3],[4,0],[5,2],[2,-1],[-4,-3],[-3,0],[-2,-1]],[[4696,3484],[3,-1],[7,-1],[7,2],[3,-1],[4,6],[1,3],[5,3],[0,3],[2,3],[-1,2]],[[4727,3503],[-8,0],[5,4],[-4,0],[0,3],[3,1]],[[4723,3511],[3,-1],[4,-4],[4,0],[3,-3],[5,0],[1,5],[3,1],[-1,-6],[4,0],[1,-2],[5,0],[0,-3],[2,-1],[10,-1],[-3,-3],[-4,1],[-8,1],[-2,0]],[[4750,3495],[0,-3],[-3,-1],[1,4],[-1,2],[-6,1],[4,-11],[-1,-5],[-2,-1],[-7,-1],[0,2],[-5,-2],[-5,0],[-5,-3],[-4,1],[-1,2],[-5,1],[-11,1],[-1,-1],[-1,-4],[-8,0],[7,-5],[-16,2],[1,3],[-3,1],[-6,-2],[0,2],[12,1],[-4,3],[1,3],[3,0],[1,-5],[4,-2],[3,-1],[3,5],[1,2]],[[4727,3503],[3,-4],[3,2],[-2,3],[-4,-1]],[[4723,3491],[-1,-4],[-5,-6],[4,0],[2,1],[5,0],[5,3],[0,4],[2,3],[5,3],[-2,2],[-7,1],[-5,-6],[-3,-1]],[[4696,3484],[0,2]],[[4696,3486],[0,-2]],[[4697,3490],[2,-3],[-3,-1]],[[4696,3486],[-1,2],[2,2]],[[4696,3494],[1,2],[4,3],[11,0],[-1,8],[5,0],[-3,-3],[1,-4],[0,-4],[-8,2],[-6,-1],[-4,-3]],[[4723,3511],[-4,1],[-1,4],[1,4],[3,-2],[-1,-4],[2,-3]],[[4764,3701],[1,-4],[6,0],[3,-3],[2,-4],[0,-4],[-2,-3],[-6,-3],[-4,0],[-7,0],[-7,3],[-2,3],[-1,10],[3,1],[0,4],[5,2],[8,-1],[1,-1]],[[4730,3709],[6,-4],[6,-1],[1,-4],[-6,0],[-3,-3],[-6,0],[-1,2],[5,0],[1,6],[-6,-1],[-1,1],[0,4],[4,0]],[[4725,3843],[6,3],[1,-4],[-7,1]],[[4777,4114],[1,-2]],[[4778,4112],[1,-3],[-4,0],[-1,1],[3,4]],[[4778,4112],[-1,2]],[[4777,4114],[1,3],[5,0],[-1,-5],[-4,0]],[[4834,4129],[-3,0],[2,7],[5,1],[-2,-3],[0,-4],[-2,-1]],[[4861,4357],[0,3],[3,0],[-1,-4],[-2,1]],[[4856,4375],[7,0],[-1,-4],[-7,-3],[-3,1],[-1,2],[1,10],[2,2],[4,-1],[-1,-5],[-1,-2]],[[4834,4393],[-7,2],[2,2],[6,-2],[-1,-2]],[[4809,4406],[5,-4],[6,-3],[-4,-1],[-6,1],[-4,4],[-3,0],[-4,5],[4,1],[5,0],[1,-3]],[[4876,4434],[0,-4],[4,-2],[0,-2],[-8,1],[1,2],[-5,1],[-4,2],[-2,3],[5,1],[4,-1],[1,-2],[4,1]],[[4866,4444],[-7,-1],[0,-4],[-5,1],[-1,3],[-6,0],[-1,1],[-6,1],[2,2],[8,-1],[-4,3],[0,2],[5,0],[7,-3],[8,-1],[0,-3]],[[4831,4450],[-5,0],[-1,4],[12,-1],[-2,-2],[-4,-1]],[[4860,4457],[-5,-4],[-8,1],[-2,2],[0,4],[4,4],[5,2],[4,-1],[3,-4],[-1,-4]],[[4853,4472],[5,1],[-1,-4],[-5,0],[1,3]],[[4853,4720],[-3,-1],[-4,0],[0,4],[3,2],[5,0],[1,-2],[-2,-3]],[[4984,5501],[4,-1],[-2,-2],[-3,0],[1,3]],[[5083,6274],[5,4],[2,-1],[-7,-3]],[[5110,6298],[-2,-6],[-2,0],[1,4],[3,2]],[[5080,6344],[-2,0],[-9,0],[0,2]],[[5069,6346],[1,-1],[10,-1]],[[5111,6674],[6,-1],[3,-2],[-1,-4],[-4,1],[-7,1],[-1,2],[-4,2],[0,2],[8,-1]],[[5160,7205],[2,0]],[[5162,7205],[2,1]],[[5164,7206],[1,1]],[[5165,7207],[1,0]],[[5166,7207],[6,2],[4,1],[11,-2],[2,-1],[0,-3],[-3,-2],[-5,-1],[-14,1],[0,1],[-6,1],[-1,1]],[[5186,7236],[-2,-4],[-3,-1],[-6,2],[5,3],[-1,2],[-3,1],[5,3],[1,-3],[4,-3]],[[5200,7281],[-8,-1],[-1,-4],[-4,-1],[1,5],[3,1],[1,5],[4,1],[6,-1],[-2,-5]],[[5179,7292],[1,0]],[[5180,7292],[-1,0]],[[5180,7292],[-1,0]],[[5179,7292],[1,0]],[[5212,7294],[-2,5],[5,0],[-1,-4],[-2,-1]],[[5217,7308],[0,3],[7,-3],[-1,3],[4,1],[3,6],[7,-3],[0,-6],[-1,-3],[-5,-1],[-2,-2],[-4,-1],[-2,-5],[-4,-2],[1,5],[-5,0],[0,7],[2,1]],[[4339,574],[0,3],[-5,4],[3,1],[3,-4],[6,0],[-3,-4],[-4,0]],[[4389,925],[0,-3],[-3,-2],[-5,0],[-3,3],[0,2],[5,3],[4,0],[2,-3]],[[4469,1130],[1,-1],[-1,-4],[-3,1],[-3,2],[1,2],[5,0]],[[4493,1273],[5,0],[0,-2],[-5,2]],[[4489,1277],[6,0],[-1,-3],[-4,0],[-1,3]],[[4512,1276],[3,3],[-3,1],[1,3],[5,-1],[-2,-6],[-4,0]],[[4496,1565],[3,2],[3,-1],[-1,-4],[-5,1],[0,2]],[[4482,1590],[1,0]],[[4483,1590],[5,-6],[-4,0],[-3,2],[1,4]],[[4483,1590],[-1,0]],[[4482,1590],[1,0]],[[4491,1615],[5,1],[-1,-3],[-4,2]],[[4493,1626],[3,2],[-2,2],[0,5],[6,-3],[-1,-6],[-2,-1],[-4,1]],[[4486,1663],[5,2],[-1,-5],[-4,1],[0,2]],[[4486,1702],[5,-4],[4,3],[2,-3],[6,-1],[2,-2],[-1,-7],[-7,1],[-6,4],[-4,1],[-3,2],[5,2],[-8,5],[-4,1],[1,2],[5,0],[1,-3],[2,-1]],[[4492,1702],[-2,0],[0,3],[4,-1],[-2,-2]],[[4543,1801],[7,-3],[2,-2],[5,0],[2,3],[-2,3],[3,5],[7,0],[4,2],[0,-6],[-7,1],[-1,-2],[2,-2],[-2,-2],[-5,-3],[-9,0],[-7,4],[1,2]],[[4547,1815],[1,2],[4,0],[-2,-3],[-3,1]],[[4583,1823],[1,-2],[-7,-2],[-1,-2],[-7,-3],[1,6],[6,0],[3,3],[4,0]],[[4600,1824],[-1,3],[-3,1],[-1,-3],[-9,1],[-2,-2],[-6,0],[9,4],[4,1],[12,-1],[1,-2],[-4,-2]],[[4592,1902],[-4,-1],[-5,0],[-3,5],[12,-4]],[[4545,1923],[0,-6],[4,0],[1,2],[5,-4],[-1,-3],[4,-4],[-1,-3],[4,0],[-2,4],[5,1],[3,-3],[-2,-3],[-13,0],[-3,2],[-6,0],[-12,1],[0,2],[3,2],[9,1],[-9,6],[0,3],[-2,1],[-5,7],[-4,3],[-4,0],[1,3],[-1,3],[-2,1],[0,3],[2,2],[7,-1],[7,-6],[-3,-3],[6,1],[3,-2],[0,-2],[5,-5],[1,-3]],[[4533,1930],[3,-4],[2,3],[-3,3],[-2,-2]],[[4579,2220],[-7,2],[0,2],[5,0],[2,-4]],[[4570,2237],[8,-2],[2,-3],[-7,1],[-3,4]],[[4609,2369],[6,-1],[0,-2],[-7,1],[1,2]],[[4705,2684],[1,2],[6,0],[-1,-3],[-6,0],[0,1]],[[4699,2685],[2,-4],[-6,1],[-4,2],[-7,2],[4,3],[4,0],[4,-3],[3,-1]],[[4649,2697],[-5,2],[0,2],[6,-1],[-1,-3]],[[4767,3155],[9,-1],[1,-1],[-9,0],[-1,2]],[[4767,3155],[-4,2],[-8,-2],[1,2],[5,0],[1,2],[5,-4]],[[4706,3189],[3,-3],[2,0],[9,-3],[10,-1],[0,-3],[7,-1],[2,-2],[4,0],[1,-2],[3,0],[5,-4],[6,-1],[-1,-5],[-6,3],[0,-3],[4,-3],[5,0],[0,-3],[-7,1],[-7,-1],[0,-2],[2,-7],[2,0]],[[4750,3149],[-8,-1],[-7,0],[-3,2],[1,5],[-12,1],[-11,2],[-5,2]],[[4705,3160],[-5,0],[-5,3],[-1,2],[-2,1],[0,4],[5,2],[-3,3],[-2,3],[0,6],[10,-1],[0,3],[-5,1],[0,4],[6,0],[3,-2]],[[4736,3163],[6,2],[3,-3],[2,4],[-2,2],[0,3],[-6,0],[0,-5],[-3,-1],[0,-2]],[[4913,4334],[0,-1]],[[4913,4333],[0,1]],[[4913,4333],[0,1]],[[4913,4334],[2,3],[3,-3],[-5,-1]],[[4885,4354],[3,0],[1,-3],[-5,-2],[0,4],[1,1]],[[4937,4352],[0,1]],[[4937,4353],[0,-1]],[[4908,4400],[-2,-4],[4,-2],[3,1],[8,0],[6,6],[1,-3],[-6,-4],[-6,-3],[-1,-2],[-1,-6],[1,-4],[-3,-3],[-11,-10],[-5,-3],[0,-5],[1,-1],[15,-4],[2,3],[2,1],[2,3],[3,0],[3,3],[12,2],[4,0],[3,-3],[-6,-3],[-7,-3],[-1,-3],[4,-2],[4,2]],[[4937,4353],[0,-1]],[[4937,4352],[1,-3],[3,-1],[-2,-4],[-4,3],[-4,0],[-5,3],[-5,1],[1,-4],[6,-3],[-1,-2],[-11,0],[-2,-2],[-5,3],[-6,9],[-4,1],[-2,2],[-8,1],[-3,1],[-4,3],[-1,10],[-4,4],[4,2],[5,-1],[4,2],[0,4],[10,0],[3,2],[3,-3],[3,0],[0,3],[3,3],[1,2],[-9,6],[1,8],[3,-2]],[[4902,4374],[2,3],[-9,0],[-2,-3],[3,-2],[3,2],[3,0]],[[4925,4383],[4,0],[-1,-3],[-4,-1],[1,4]],[[5000,5044],[-3,1]],[[4997,5045],[-4,-1],[4,6],[2,-2],[3,1],[2,-2],[-4,-3]],[[5047,5551],[6,3],[1,-3],[-6,-1],[-1,1]],[[5080,5558],[3,-1],[-5,-3],[0,3],[2,1]],[[5105,6096],[-1,-7],[-1,0],[2,7]],[[5116,6163],[2,-4]],[[5118,6159],[-2,4]],[[5197,6460],[-5,0],[1,4],[-5,0],[0,3],[8,-2],[1,-5]],[[5220,6482],[-2,1],[-6,4],[3,1],[6,-3],[-1,-3]],[[5212,6546],[2,2],[5,-1],[-2,-2],[-5,1]],[[5158,6567],[1,3],[5,0],[-1,-2],[-5,-1]],[[5267,7183],[-1,0]],[[5266,7183],[1,0]],[[5220,7195],[9,0],[5,-2],[-2,-1],[-8,0],[-5,1],[1,2]],[[5248,7324],[6,-2],[-1,-4],[-4,0],[-1,6]],[[5248,7324],[1,3],[3,-1],[2,4],[-4,2],[0,4],[3,-1],[1,-2],[4,-1],[2,4],[-4,2],[-6,5],[1,6],[7,1],[1,-4],[6,-1],[1,-7],[6,-2],[-1,-2],[-5,-1],[0,-3],[-5,-2],[-1,2],[-5,0],[0,-3],[2,-1],[-1,-2],[-8,0]],[[5283,7360],[-1,-3],[1,-2],[0,-3],[-7,1],[-3,5],[3,2]],[[5276,7360],[-3,-2],[-3,1],[1,3],[3,0],[2,3],[-1,3],[-5,1],[1,3],[8,-1],[3,-1],[3,-3],[0,-6],[-2,-1]],[[5269,7375],[0,-3],[-4,0],[0,2],[4,1]],[[5279,7379],[-5,-3],[-2,2],[1,3],[5,2],[1,-4]],[[5275,7391],[-9,-1],[-1,3],[9,-1],[1,-1]],[[5301,7376],[1,3],[-4,3],[0,3],[-4,3],[5,1],[3,-1],[-1,-2],[10,-1],[0,2],[-6,4],[0,1],[-4,2]],[[5301,7394],[-2,-2],[-4,0],[-1,2],[-7,0],[-6,1],[-1,4],[1,2],[11,-4],[5,-1],[3,2],[1,6],[1,0],[0,6],[-2,-1],[-2,-7],[-3,-2],[-2,1],[1,7],[-1,1],[1,5],[5,3],[0,2],[-6,1],[1,4],[6,-1],[1,3],[6,1],[0,-3],[-7,-7],[3,-2],[2,4],[5,1],[3,5]],[[5313,7425],[-4,3],[-5,0],[2,11],[4,1],[0,-3],[5,2],[6,-3],[9,-4],[6,-1],[-1,-3],[7,-1],[-4,-4],[-7,-1],[-2,1],[-8,0],[-5,-5],[2,-1],[-2,-5],[1,-4],[5,-4],[-5,-1],[-3,-2],[4,-2],[5,-4],[13,-1],[3,-4],[3,-1],[1,-2],[0,-4],[-3,-3],[5,-3],[2,-4],[3,-1],[-2,-3],[-5,0],[-3,-3],[4,-1],[0,-2],[-5,0],[-1,1],[-5,0],[-6,-1],[-4,-1],[-6,3],[-6,1],[-5,0],[-5,-3],[-6,-1],[0,-3],[-3,-1],[-1,-2],[-3,-1],[1,10],[2,7],[-3,5],[2,4],[3,-1],[1,-2],[7,-2]],[[5291,7410],[-2,-7],[-3,-1],[-3,1],[2,2],[-1,3],[2,3],[5,-1]],[[5314,7446],[2,0],[3,-2],[-1,-2],[-5,1],[1,3]],[[4434,622],[4,0],[2,-6],[-1,-7],[4,-3],[6,3],[6,0]],[[4455,609],[-3,-3],[-2,-9],[-6,-2],[-3,-5],[-7,-2],[-6,0],[3,-3]],[[4431,585],[-6,2],[-6,0],[2,2],[0,6],[2,4],[5,2],[6,0],[0,4],[3,1],[-1,2],[2,5],[0,8],[-4,1]],[[4437,597],[-3,2],[-6,-1],[-6,-2],[1,-6],[4,1],[4,-2],[4,0],[7,3],[0,2],[4,4],[-5,3],[-4,-4]],[[4434,622],[0,4]],[[4434,626],[0,-4]],[[4582,1148],[-2,-2],[-3,0],[1,3],[4,-1]],[[4522,1175],[3,3],[5,-1],[-3,-4],[-5,2]],[[4579,1176],[3,1],[9,0],[-2,-3],[-4,0],[-6,2]],[[4557,1187],[4,1],[3,-2],[-3,-2],[-4,3]],[[4549,1197],[-1,-4],[-4,0],[0,4],[5,0]],[[4536,1200],[0,-2],[-4,0],[-1,2],[5,0]],[[4580,1185],[-2,-1]],[[4578,1184],[-3,-2],[-7,-2],[1,4],[3,2],[-1,3],[2,4],[-6,4],[-6,5],[-2,2],[1,4],[-4,3],[1,3],[5,1],[1,4],[3,0],[4,2],[7,2],[10,-1],[3,-3],[4,-1],[6,0],[0,-2],[-3,-3],[-2,-3],[6,1],[0,-3],[-7,-1],[-3,-7],[-2,-3],[9,1],[7,-2],[-1,-3],[-10,-4],[-1,-3],[-7,-5],[1,4],[-3,3],[-4,-3]],[[4591,1195],[-4,0],[-2,-3],[4,0],[2,3]],[[4557,1286],[5,0],[-2,-3],[-6,1],[-2,2],[5,0]],[[4602,1286],[3,2],[6,-1]],[[4611,1287],[-1,-2],[-8,1]],[[4545,1288],[-3,1],[-6,1],[11,4],[3,-3],[0,-3],[-5,0]],[[4569,1318],[-13,2],[0,1],[12,-1],[1,-2]],[[4596,1313],[-4,-2],[-5,1],[-2,1],[0,4],[-7,2],[-8,3],[-12,1],[4,2],[3,-2],[4,0],[3,-1],[4,1]],[[4576,1323],[-5,4],[-6,2]],[[4565,1329],[15,-1],[4,-2],[0,-3],[5,0],[-1,-2],[3,-2],[-2,-3],[7,-3]],[[4608,1821],[2,0],[5,3],[5,-2],[0,-2],[-4,-2],[-9,0],[1,3]],[[4625,1834],[-3,0],[-3,3],[2,3],[4,-2],[0,-4]],[[4608,1844],[5,-1],[-5,-3],[0,4]],[[4619,1844],[-1,3],[4,0],[19,5],[7,2],[13,-2],[10,0],[2,1],[5,0],[4,-1],[-3,-4],[-5,0],[-4,-2],[-5,3],[-1,-2],[-4,1],[-7,1],[-14,1],[-5,-1],[-2,-3],[0,-4],[-3,-1],[-10,3]],[[4623,1846],[2,-3],[4,0],[1,2],[-7,1]],[[4669,1889],[-1,-2],[-5,0],[1,3],[5,-1]],[[4645,1891],[1,-1]],[[4646,1890],[-1,1]],[[4646,1890],[-1,1]],[[4645,1891],[1,-1]],[[4633,1894],[-2,-3],[-7,0],[-3,1],[-3,3],[0,3],[4,2],[8,-1],[4,-2],[-1,-3]],[[4755,2674],[1,-1]],[[4756,2673],[-1,1]],[[4756,2673],[-1,1]],[[4755,2674],[1,-1]],[[4848,2933],[4,-2]],[[4852,2931],[1,-4],[-11,1],[-4,-3],[-1,4],[7,4],[-4,1],[4,3],[5,-2],[-1,-2]],[[4829,2958],[1,1]],[[4830,2959],[-1,-1]],[[4829,2958],[-7,0],[-7,3],[-1,7],[-4,2],[-2,4],[3,0],[2,-2],[5,1],[5,-1],[-5,-8],[-1,-3],[3,-2],[9,0],[0,2],[5,4],[1,8],[3,-2],[3,0],[4,-3],[6,-3],[8,0],[11,1],[10,0],[2,1],[9,-1],[9,3],[1,2],[6,4],[8,4],[1,4],[1,2],[-1,3],[1,3],[6,6]],[[4923,2997],[-2,-5],[9,-1],[1,-1],[10,-3],[9,0],[9,1],[2,4],[7,1],[-2,-3],[-4,1],[-1,-3],[-3,-3],[4,-1],[9,-2],[-1,-3],[5,-2],[4,0],[2,1],[-1,3],[0,5],[4,3],[1,5],[3,2],[8,2],[8,-4],[-3,-6],[-1,-4],[-4,-5],[-5,-2],[-4,-4],[1,-3],[3,0],[1,3]],[[4992,2973],[1,-1],[-1,-4],[12,0],[4,1],[3,4],[6,3],[-1,-4],[-4,-3],[4,-4],[-2,-5],[1,-2],[5,0],[2,4],[7,7],[-1,3],[4,6],[3,-4],[2,-1],[0,-3],[3,0],[2,-3],[4,0],[-2,-4],[6,-1],[5,-3],[8,-1],[2,-1],[10,-2],[3,1],[5,-2],[-1,-3],[3,-3]],[[5085,2948],[-9,0],[-5,-3],[-2,2],[1,6],[7,-3],[2,2],[-3,2],[-10,0],[-3,2],[-5,0],[0,3],[-4,0],[-3,2],[-6,0],[-2,2],[-4,1],[-8,0],[-4,-2],[-5,-6],[-6,-1],[-4,0],[2,11],[-5,1],[-7,-1],[-6,0],[-6,1],[-2,0],[-10,-7],[-6,0],[-7,0],[-4,1],[-6,-1],[-2,-2],[-6,0],[-1,3],[5,0],[4,2],[4,-1],[4,2],[2,-1],[8,5],[-1,1],[-12,1],[-11,-2],[-12,-7],[-5,-1],[-5,-1],[-15,2],[-9,1],[-2,1],[-9,0],[-9,-1],[-9,-5],[-9,2],[-5,-3],[-3,0],[-5,4],[-8,4],[-5,0],[-3,-3],[-2,0],[-4,-2]],[[4830,2959],[-1,-1]],[[5036,2966],[-3,2],[2,5],[-4,0],[1,-5],[-2,-3],[6,1]],[[5045,2965],[-3,1],[-2,3],[-3,0],[1,-4],[7,0]],[[4799,2985],[-7,1],[1,3],[9,0],[0,-3],[-3,-1]],[[4833,3444],[2,-4],[0,-3],[-7,5],[0,4],[4,0],[1,-2]],[[4916,3926],[8,2],[-1,-2],[-4,-2],[-3,2]],[[4938,3931],[-1,0]],[[4937,3931],[1,0]],[[4938,3931],[-1,0]],[[4937,3931],[-3,5],[4,2],[0,3],[2,2],[14,-1],[4,5],[5,-1],[1,2],[6,-1],[0,-1],[8,-2],[-6,-2],[-9,-5],[-2,3],[0,4],[-2,1],[-3,-4],[-5,0],[0,-2],[-5,-3],[-4,0],[-5,-1],[1,-4]],[[4917,4175],[9,5],[0,-3],[-3,0],[-3,-2],[0,-3],[12,-5],[3,-1],[7,4],[5,0],[-1,-6],[3,-3],[2,4],[4,-2],[-1,-3],[3,0],[4,-3],[0,4],[7,0],[3,-1],[-3,-4],[-1,-6],[-5,0],[-6,-1],[1,4],[-1,2],[0,4],[-7,1],[-1,-1],[4,-3],[3,0],[-4,-5],[4,-3],[-1,-5],[-3,-1],[-6,5],[0,3],[-5,3],[-1,2],[-5,1],[-1,3],[1,6],[-5,0],[-4,-1],[-3,3],[0,2],[-6,1],[1,4],[-5,6],[4,1],[-1,-4],[2,-2]],[[4962,4151],[4,2],[0,2],[-3,1],[-1,-5]],[[4949,4150],[0,-4],[4,0],[-4,4]],[[4951,4319],[-1,-1],[-1,-4],[-8,1],[-3,3],[1,4],[6,3],[4,-1],[0,-2],[2,-3]],[[5012,4341],[-3,2],[0,2],[3,1],[0,-5]],[[4982,4381],[4,-4],[6,-5],[3,-6],[9,-1],[5,-1],[8,-3],[3,1],[1,5],[5,0],[-2,-3],[0,-2],[-3,-2],[-7,-3],[-3,-4],[-5,-1],[-1,-7],[-2,-5],[-2,-8],[1,-2],[-4,-4],[-4,-4],[-9,-9],[-4,2],[3,2],[1,2],[11,10],[4,1],[1,3],[-5,4],[1,5],[2,1],[1,4],[1,2],[1,3],[-1,4],[-8,6],[0,6],[-3,3],[-8,3],[-6,0],[-2,2],[0,2],[4,5],[-3,4],[7,1],[-3,-4],[3,-3]],[[4998,4371],[-3,2],[1,2],[6,-2],[0,-3],[-4,1]],[[5038,4375],[3,-1],[0,-3],[-5,1],[2,3]],[[5015,4378],[4,-1],[-1,-3],[-4,1],[1,3]],[[5000,4379],[-2,5],[6,-2],[0,-4],[-4,1]],[[4970,4381],[-4,1],[-2,4],[6,0],[3,-2],[-3,-3]],[[4991,4380],[-6,4],[3,5],[-3,3],[3,2],[4,-2],[1,-5],[-2,-7]],[[4966,4393],[-2,4],[-3,0],[-5,-6],[-4,-1],[-3,3],[-5,1],[-1,-4],[-5,-5],[-5,0],[-2,2],[1,7],[5,4],[7,1],[1,-3],[11,1],[4,2],[6,2],[0,-3],[5,0],[4,3],[3,2],[2,-3],[-5,-1],[2,-2],[-2,-4],[-4,-3],[-2,0],[-3,3]],[[5067,5058],[5,0],[-1,-5],[-3,0],[-4,2],[0,2],[3,1]],[[5102,5064],[1,-3],[-6,-2],[-7,1],[1,3],[11,1]],[[5104,5071],[-11,1],[1,1],[10,-2]],[[5078,5188],[-2,-3],[-6,1],[1,2],[7,0]],[[5155,5370],[-3,2],[1,2],[6,-2],[-4,-2]],[[5115,5576],[0,1]],[[5115,5577],[3,-1],[-1,-4],[-3,2],[1,2]],[[5115,5577],[0,-1]],[[5115,5576],[0,1]],[[5197,5680],[4,-1],[0,-3],[-3,2],[-1,2]],[[5191,5687],[3,4],[4,0],[3,-4],[-4,-6],[-2,2],[-3,0],[-1,4]],[[5182,5692],[-2,-1],[-6,2],[1,3],[7,-1],[0,-3]],[[5167,5696],[-4,0],[0,3],[5,0],[-1,-3]],[[5195,5694],[-7,2],[-3,2],[-4,0],[9,6],[7,-1],[3,-3],[1,-4],[-3,-2],[-3,0]],[[5177,5701],[-8,0],[-3,2],[3,2],[7,0],[1,-4]],[[5203,5712],[0,-4],[-4,1],[-3,2],[1,2],[6,-1]],[[5181,5893],[1,1],[6,-2],[-4,-1],[-3,2]],[[5277,6529],[4,0],[3,-1],[-2,-5],[-5,2],[0,4]],[[5276,6595],[-1,3],[5,0],[1,-2],[-5,-1]],[[5380,7184],[1,0]],[[5381,7184],[-1,0]],[[5342,7461],[-4,4],[5,3],[4,-1],[8,-1],[2,-4],[1,-5],[4,0],[-2,-3],[-8,0],[-2,-7],[-3,-4],[-5,2],[-5,0],[-4,4],[-9,1],[0,3],[-2,2],[3,4],[6,4],[11,-2]],[[5368,7459],[-2,3]],[[5366,7462],[9,0],[2,-2],[-2,-2],[1,-2],[-6,-3],[-2,0],[0,6]],[[5368,7459],[-2,1]],[[5366,7460],[2,-1]],[[5366,7460],[0,2]],[[5366,7462],[0,-2]],[[5362,7468],[4,0],[2,-3]],[[5368,7465],[-8,1],[2,2]],[[5362,7468],[-2,-2],[-3,3],[2,1],[3,0],[0,-2]],[[5343,7475],[4,2],[0,-3],[6,0],[1,-2],[-9,0],[-2,3]],[[5375,7486],[0,2],[4,0],[-1,-3],[-3,1]],[[5363,7485],[-3,-1],[-4,1],[0,2],[6,1],[6,4],[2,-3],[-6,-1],[-1,-3]],[[5357,7495],[4,-3],[-7,-4],[-5,0],[-2,-2],[-2,0]],[[5345,7486],[-4,1],[0,5],[2,0],[2,-3],[3,3],[-2,1]],[[5346,7493],[-1,3],[4,1],[1,6],[7,0],[2,4],[5,-3],[0,-2],[-6,-4],[-1,-3]],[[5380,7543],[1,-2],[-7,-4],[2,7],[4,-1]],[[5407,7551],[5,1],[0,2],[6,-2],[0,-2],[3,-3],[-3,-1],[-2,-2],[-5,0],[-1,4],[2,2],[-5,1]],[[5407,7551],[-8,0],[-7,1],[3,3],[7,-1],[5,-3]],[[5392,7567],[0,-3],[-5,0],[2,3],[3,0]],[[5428,7610],[1,0]],[[5429,7610],[-1,0]],[[5418,7608],[4,5],[0,4],[-4,5],[1,2],[4,-4],[0,-9],[-3,-3],[-2,0]],[[5433,7626],[8,-5],[2,-4],[-1,-2],[-4,0],[0,2],[-7,-2],[0,-4],[-2,-1]],[[5429,7610],[-1,0]],[[5428,7610],[0,1],[3,6],[3,2],[-1,3],[0,4]],[[5433,7626],[-1,-3],[-3,0],[1,5],[3,-2]],[[5403,7658],[1,0]],[[5404,7658],[-1,0]],[[5404,7658],[-1,0]],[[5403,7658],[1,0]],[[4598,586],[12,-1],[3,-2],[0,-2],[-7,-2],[-9,1],[1,6]],[[4547,593],[1,-1],[10,-2],[2,-3],[3,0],[2,4],[6,-1],[2,-1],[-1,-4],[-5,-2],[-7,1],[-4,-2],[-4,0],[-20,1],[0,0],[17,-1],[-3,3],[-13,-1],[-8,1],[1,3],[7,2],[2,3],[-4,2],[8,3],[7,0],[2,-2],[-1,-3]],[[4554,584],[3,0],[2,1],[-4,4],[-7,0],[-4,-3],[7,0],[3,-2]],[[4669,1017],[3,-1],[-1,-4],[-2,-2],[-5,0],[-2,5],[-5,2],[-4,0],[-7,3],[2,3],[11,-1],[7,-2],[3,-3]],[[4624,1027],[3,2],[11,-2],[-3,-2],[-4,-1],[-6,1],[-1,2]],[[4671,1030],[8,0],[-2,-3],[-6,3]],[[4592,1043],[-4,1],[2,2],[10,0],[0,-4],[-6,-1],[-2,2]],[[4607,1189],[-4,-4],[-4,2],[8,2]],[[4636,1222],[3,1],[9,-1],[-1,1]],[[4647,1223],[2,-2],[-3,-1]],[[4646,1220],[-5,-1],[-3,3],[-2,0]],[[4652,1221],[1,0]],[[4653,1221],[2,0]],[[4655,1221],[-3,0]],[[4639,1226],[-3,-4]],[[4636,1222],[-5,-1],[0,4],[8,1]],[[4659,1228],[0,2]],[[4659,1230],[0,-2]],[[4629,1246],[-3,-1],[-5,1],[0,1],[8,-1]],[[4641,1249],[-4,-2]],[[4637,1247],[-8,2],[-2,2],[9,0],[5,-2]],[[4762,1256],[-2,-4],[-7,-2],[-3,-5],[3,-1],[5,2],[5,1],[5,0],[4,-3],[5,0],[-8,-8],[2,-1],[-2,-4],[-4,0]],[[4765,1231],[-1,2]],[[4764,1233],[-5,3],[1,8],[-9,-1],[-3,-2],[-5,-1],[-4,2],[2,8],[7,0],[-2,3],[-7,1],[-1,-1],[-6,-1],[-6,0],[-4,-3]],[[4722,1249],[-1,0]],[[4721,1249],[-1,0]],[[4720,1249],[-1,-1]],[[4719,1248],[-1,-1]],[[4718,1247],[-2,-4],[-9,-2],[8,-1],[7,-1],[0,-1],[-8,-1],[-6,-3],[-5,0],[2,-5],[6,-1],[10,-4],[-3,-1],[-1,-5],[3,-1],[-1,-3],[-4,1],[-5,0],[-2,-2],[0,-3],[5,1],[4,-1],[-1,-6],[-4,-1],[4,-2],[-9,0],[0,-2],[-4,-3],[-11,0],[5,3],[-10,2],[-1,3]],[[4686,1204],[4,-1],[2,1],[-10,4],[-1,1],[-6,0],[-4,5],[-5,1],[-2,-1],[3,-3],[-2,-2],[-11,3]],[[4654,1212],[5,1],[1,2],[-8,0],[4,3],[9,0],[1,-2],[8,0],[1,2],[-7,0]],[[4668,1218],[-8,1],[0,2],[-5,0]],[[4655,1221],[-2,0]],[[4653,1221],[-1,0]],[[4652,1221],[0,2],[-5,0]],[[4647,1223],[-3,2]],[[4644,1225],[-5,1]],[[4639,1226],[-8,0],[-4,0],[-2,-4],[-2,-1],[-1,-3],[-5,-2],[-10,1],[-6,2]],[[4601,1219],[-3,1],[-1,4],[10,0],[6,1],[4,4],[2,0],[3,3],[-3,2],[20,-2],[-1,-2],[-7,2],[-1,-3],[12,-1],[5,1],[1,-3],[5,-1],[4,-2],[4,-1],[5,-2],[16,0],[-4,1],[-9,0],[-11,2],[3,2],[5,-1],[0,3],[-2,1],[-2,6],[-3,2],[2,6],[5,3],[6,0],[4,2],[1,5],[-8,-2],[-4,-2],[-2,-3],[-4,-2],[-4,2]],[[4655,1245],[-6,-1],[0,-6],[-2,-4],[-6,2],[-4,-2],[-4,1],[-8,-1],[-1,2],[1,4],[-6,-1]],[[4619,1239],[-3,2],[3,2],[13,-1],[-3,4]],[[4629,1246],[1,1],[7,0]],[[4637,1247],[3,0],[1,2]],[[4641,1249],[9,2],[1,2],[-3,1],[-3,-1],[-6,0],[-5,4],[3,2],[8,0],[11,0],[11,0]],[[4667,1259],[-7,2],[-5,2],[10,2],[1,1]],[[4666,1266],[-4,1],[-2,2],[2,4],[5,0],[2,1],[-4,4],[4,0],[3,2],[10,3],[-9,3],[1,1],[6,-1],[8,-1],[12,1],[2,4],[6,-1],[-2,-7],[-4,-1],[-2,-4],[4,-2],[0,-3],[4,-1],[0,-2],[-7,1],[-7,3],[-4,-2],[7,-2],[2,1],[4,-3],[4,-1],[-1,-3],[-5,1],[-2,2],[-6,0],[1,-4],[12,-1],[9,-3],[8,-4]],[[4723,1254],[0,3],[-5,5],[3,3],[5,0],[6,0],[3,-1],[1,-3],[7,-3],[11,-1],[1,2],[-3,2],[-4,1],[1,3],[-8,3]],[[4741,1268],[-3,2],[-7,0],[-15,-2],[-7,0],[1,3],[11,-2],[8,4],[1,5],[-4,8],[6,2],[15,0],[6,2],[0,3],[-3,0],[0,4],[-3,0],[-1,5],[7,1],[2,1],[4,0],[4,-7],[8,-6],[6,-6],[2,-3],[-1,-4],[-5,-2],[-3,0],[-3,4],[-2,-3],[2,-2],[-1,-7],[-6,-4],[1,-4],[7,-1],[2,2],[3,0],[0,-4],[-4,0],[-7,-1]],[[4674,1237],[6,0],[-1,3],[-5,-3]],[[4673,1259],[5,-2],[4,4],[0,4],[-8,0],[-1,-6]],[[4723,1254],[-7,1],[-5,1],[-5,-2],[16,-1],[1,1]],[[4761,1268],[1,3],[-6,0],[-1,-3],[6,0]],[[4692,1259],[2,0],[12,-1],[0,2],[-13,1],[-1,-2]],[[4747,1254],[2,2],[-4,1],[-1,-2],[3,-1]],[[4737,1255],[-4,2],[-5,1],[3,-5],[5,0],[1,2]],[[4694,1255],[-6,1],[-1,-3],[6,0],[1,2]],[[4689,1251],[-1,-4],[3,-1],[10,1],[6,1],[2,5],[-8,0],[-5,-2],[-7,0]],[[4659,1252],[-2,-3],[4,-1],[2,2],[0,3],[-4,-1]],[[4650,1249],[-2,1],[-2,-4],[4,0],[0,3]],[[4646,1240],[1,2],[-6,1],[2,-3],[3,0]],[[4629,1240],[-2,-1],[-1,-3],[3,0],[0,4]],[[4695,1223],[-2,-2],[1,-2],[6,1],[0,1],[12,-1],[3,1],[-2,6],[-4,0],[-4,-2],[-10,-2]],[[4704,1206],[2,-1],[7,3],[-12,0],[-1,-2],[4,0]],[[4637,1312],[1,4],[3,-1],[0,-4],[-4,1]],[[4653,1298],[-9,-5],[-1,3],[-4,1],[-5,-5],[2,-4],[-1,-5],[-6,-5],[-6,0],[-2,-2],[-6,2],[-6,0],[-3,3],[-6,2],[2,3]],[[4602,1286],[2,-3],[8,-1],[3,-2]],[[4615,1280],[8,-1],[0,4],[4,0],[1,4],[-2,2]],[[4626,1289],[-9,-1],[0,3]],[[4617,1291],[-2,-2],[-4,-2]],[[4611,1287],[-12,5],[2,4],[5,0],[0,3],[-9,-3],[-4,-1],[-1,5],[-5,0]],[[4587,1300],[5,-3],[-4,-1],[-10,1],[-6,-3],[-9,0],[-1,4],[8,-1]],[[4570,1297],[-3,2]],[[4567,1299],[1,1],[7,0],[5,-1],[2,3],[-6,-1],[-5,4],[-4,1],[1,2],[8,3],[15,-1],[3,0],[2,-1],[-3,-3],[3,-1],[1,-2],[5,0],[3,-3],[11,0],[4,1],[5,-1],[-2,3]],[[4623,1303],[-5,4],[4,1],[7,0],[11,1],[11,-1],[5,0],[-9,3],[0,3],[-5,5],[-5,4],[2,2],[-1,3],[3,4],[4,0],[-2,4],[12,-3],[3,-1],[17,-1],[11,4],[0,2],[5,1],[5,-3],[7,-2],[6,0],[2,2],[-4,4],[2,2],[6,2],[8,1],[3,3],[4,4],[7,1],[6,-1],[1,-2],[0,-5],[-3,-4],[-2,-1],[-5,-4],[-7,-2],[-2,-2],[5,-6],[5,0],[7,-3],[-2,-3],[-5,-3],[-16,-4],[0,2],[5,0],[1,9],[-6,-1],[0,-4],[-4,-2],[-1,-6],[-14,-4],[-7,0],[-1,2],[-6,-3],[-12,0],[2,3],[-4,1],[-2,-3],[-4,-2],[-2,-4],[-5,0],[-2,-3],[-4,1]],[[4626,1289],[3,1],[0,3],[-3,1],[-2,-1],[2,-4]],[[4617,1291],[3,-1],[2,5],[-4,0],[-1,-4]],[[4589,1303],[-2,-3]],[[4587,1300],[2,3]],[[4657,1320],[-4,2],[-2,-3],[4,-1],[2,2]],[[4685,1309],[6,0],[1,5],[-2,4],[-6,2],[-3,-3],[4,-8]],[[4702,1313],[4,-1],[1,3],[-1,3],[-3,0],[-4,-2],[3,-3]],[[4668,1319],[-2,-3],[6,0],[-1,3],[-3,0]],[[4663,1315],[-5,2],[-9,0],[0,-2],[9,1],[5,-1]],[[4656,1304],[-7,-1],[6,-2],[6,1],[-5,2]],[[4597,1301],[-1,-4],[3,0],[-2,4]],[[4618,1298],[-7,0],[3,-2],[4,2]],[[4693,1557],[3,-2],[-2,-2],[-3,0],[2,4]],[[4742,1566],[-2,3],[5,-1],[-3,-2]],[[4757,1779],[8,0],[4,1],[2,-6],[-8,1],[-6,4]],[[4766,1781],[-4,-1],[-2,2],[0,3],[5,0],[1,-4]],[[4750,1793],[-1,-1]],[[4749,1792],[1,1]],[[4749,1792],[1,1]],[[4750,1793],[11,0],[-2,-3],[-7,1],[-3,1]],[[4730,1838],[6,-1],[-1,-4],[-6,1],[-1,3],[2,1]],[[4867,2553],[3,2],[4,-1],[-7,-3],[0,2]],[[4851,2647],[-14,1],[-6,0],[0,3],[6,-1],[12,1],[4,-2],[-2,-2]],[[4821,2656],[3,2],[6,0],[-3,-4],[-6,1],[0,1]],[[4847,2713],[1,0]],[[4848,2713],[-1,0]],[[4925,3015],[3,-1],[-1,-2],[-3,0],[1,3]],[[4959,3019],[-3,-4],[-4,-1],[3,5],[4,0]],[[5043,3724],[7,1],[-1,-2],[-6,1]],[[5002,3756],[0,-3],[-4,1],[1,2],[3,0]],[[5034,3754],[-1,-2],[-6,0],[2,4],[5,2],[0,-4]],[[4997,3945],[-6,-3],[0,-3],[-5,3],[-1,2],[4,2],[8,-1]],[[5043,3949],[-3,4],[5,0],[-2,-4]],[[5114,4260],[-4,1],[2,3],[-2,3],[4,1],[5,-5],[0,-1],[-5,-2]],[[5045,4287],[-3,-1],[-6,0],[-3,5],[12,-4]],[[5195,5494],[2,1],[3,-2],[-6,-2],[1,3]],[[5248,5597],[8,2],[1,-4],[-9,2]],[[5248,5603],[-5,2],[2,2],[9,-1],[-6,-3]],[[5316,6163],[-3,-1],[-6,5],[2,2],[7,-6]],[[5367,6290],[0,1],[-7,1],[0,2],[4,0],[6,-2],[-3,-2]],[[5301,6356],[7,-2],[-1,-1],[-4,1],[-2,2]],[[5376,6451],[4,1],[0,-3],[-11,1],[0,4],[3,0],[0,-2],[4,-1]],[[5399,7159],[-5,1],[5,2],[0,4],[4,-2],[0,-2],[-4,-3]],[[5387,7182],[2,-4]],[[5389,7178],[-3,0],[1,4]],[[5387,7182],[-1,1],[-5,1]],[[5381,7184],[-1,0]],[[5380,7184],[-6,0],[0,-2],[-7,1],[-21,1],[2,1],[5,0],[4,5],[3,-1],[6,-1],[5,0],[1,-2],[7,0],[1,1],[8,0],[5,-1],[10,-1],[3,0],[4,0],[9,-1],[7,-1],[8,-1],[2,-2],[3,3],[3,-4],[6,-2],[2,-5],[-4,0],[-10,3],[-3,3],[-5,0],[-3,-2],[-2,3],[-6,3],[-4,-1],[-1,2],[-8,1],[-1,-1],[-12,0],[-4,-1]],[[5444,7190],[3,-1],[-1,-2],[-3,0],[1,3]],[[5448,7602],[-2,-3],[-3,0],[-1,3],[6,0]],[[5448,7602],[0,1],[-7,1],[-3,1],[0,6],[4,2],[3,0],[3,4],[4,2],[5,1],[1,-3],[5,-1],[0,-7],[2,-3],[1,-3],[-1,-2],[-10,5],[0,-3],[-2,-1],[-1,-3],[-4,3]],[[5449,7612],[1,1]],[[5450,7613],[-1,-1]],[[5441,7631],[4,-1],[1,-3],[-1,-3],[3,-3],[-4,0],[-2,6],[-4,0],[3,4]],[[5447,7659],[-3,-3],[-3,1],[-4,3],[0,2]],[[5437,7662],[6,-1],[3,1],[1,-3]],[[5480,7668],[1,0]],[[5481,7668],[-1,-4],[-4,-3],[-1,2],[5,2],[0,3]],[[5497,7670],[4,-1],[-1,-3],[-4,0],[1,4]],[[5480,7668],[-2,1],[0,4],[3,1],[0,-6]],[[5481,7668],[-1,0]],[[5508,7698],[-3,-1]],[[5505,7697],[3,1]],[[5516,7698],[-5,-3],[1,4],[4,-1]],[[5522,7697],[7,1],[1,2],[6,3],[2,-3],[0,-2],[-3,-1],[-3,1],[-3,-2],[-5,0],[-2,1]],[[5516,7710],[2,1],[8,0],[1,3],[4,-1],[0,-3],[-1,-3],[-11,0],[-3,3]],[[5504,7715],[4,-1],[-1,-3],[-6,2],[3,2]],[[5523,7715],[-8,-4],[-4,1],[1,5],[3,-1],[4,-2],[4,1]],[[5529,7715],[-1,3],[-3,1],[0,3],[5,1],[1,-2],[-2,-2],[0,-4]],[[5490,7732],[2,-1]],[[5492,7731],[1,-2],[-9,1],[-1,-1],[-5,0],[0,2],[7,1],[5,0]],[[5492,7731],[-2,1]],[[5490,7732],[2,-1]],[[5507,7755],[1,-7],[-1,0]],[[5507,7748],[-2,3],[2,4]],[[5507,7755],[-3,1],[0,3],[5,0],[0,-2],[-2,-2]],[[5519,7765],[-4,-4],[-2,3],[1,2],[5,-1]],[[5519,7765],[0,4],[5,0],[-1,-4],[-1,-6],[-4,1],[3,3],[-2,2]],[[4634,574],[-6,2]],[[4628,576],[6,-2]],[[4627,578],[1,-2]],[[4628,576],[-5,-1],[0,4],[4,-1]],[[4621,583],[11,-1],[1,-5],[-6,1]],[[4627,578],[1,3],[-7,0],[0,2]],[[4641,665],[1,4],[4,0],[-1,-3],[-4,-1]],[[4654,688],[-1,1],[-7,0],[0,5],[11,0],[2,-6],[-5,0]],[[4641,695],[1,-3],[-8,-2],[-4,0],[0,3],[5,3],[-7,1],[3,3],[7,0],[3,-2],[0,-3]],[[4641,722],[-3,1],[1,3],[6,-2],[-4,-2]],[[4687,1023],[8,0],[2,-3],[3,0],[7,3],[0,4],[6,-1],[-1,-6],[-4,-4],[-7,1],[-5,-1],[-10,4],[1,3]],[[4687,1023],[-4,0],[0,2],[8,1],[1,-2],[-5,-1]],[[4716,1030],[-1,-1],[-6,3],[-6,2],[-7,2],[0,1],[18,-1],[2,-2],[0,-4]],[[4718,1055],[1,2],[4,0],[0,-2],[-5,0]],[[4718,1175],[-7,0],[3,3],[4,-3]],[[4708,1178],[1,2]],[[4709,1180],[-1,-2]],[[4709,1186],[4,-1],[11,0],[2,-2],[-1,-6],[-5,0],[-3,2]],[[4717,1179],[2,1]],[[4719,1180],[0,3],[-5,0],[-5,-3]],[[4709,1180],[-3,4],[3,2]],[[4720,1200],[8,0],[0,-2],[-9,1],[1,1]],[[4726,1210],[7,1],[0,-2],[-7,1]],[[4743,1212],[10,0],[6,-1],[3,-2],[-3,-3],[-2,1],[3,2],[-9,0],[-8,3]],[[4745,1217],[5,-1],[10,-1],[0,-2],[-9,1],[-6,3]],[[4764,1220],[-4,-2],[-8,0],[-4,1],[7,3],[1,3],[5,1],[13,-1],[4,-2],[-1,-7],[-5,-4],[-6,0],[1,2],[5,1],[-3,2],[-5,3]],[[4752,1238],[-1,-2],[-5,-1],[2,3],[4,0]],[[4719,1248],[1,1]],[[4720,1249],[1,0]],[[4721,1249],[1,0]],[[4722,1249],[4,-1],[1,-4],[-6,-1],[-3,2],[0,2]],[[4718,1247],[1,1]],[[4739,1308],[1,-2],[-7,0],[1,2],[5,0]],[[4796,1747],[6,0],[0,-3],[-6,1],[0,2]],[[4933,2337],[-4,-1],[0,-2],[-3,-2],[-4,1],[0,2],[3,2],[2,7],[6,-4],[0,-3]],[[4911,2577],[3,0],[5,-1],[-3,-2],[-5,3]],[[4932,2582],[1,0]],[[4933,2582],[2,0]],[[4935,2582],[3,-3],[-2,-2],[-9,0],[-7,2],[-4,4],[9,-1],[4,-1],[3,1]],[[4933,2582],[-1,0]],[[4932,2582],[-12,2],[1,1],[12,-1],[0,-2]],[[4951,2587],[1,-1]],[[4952,2586],[-1,1]],[[4952,2586],[-1,1]],[[4951,2587],[1,-1]],[[4942,2597],[7,-1],[1,-3],[-9,2],[1,2]],[[4822,2721],[2,-1],[3,1],[1,4],[4,-1],[6,1],[4,-2],[2,-4],[4,-4],[0,-2]],[[4848,2713],[-1,0]],[[4847,2713],[-2,-1],[-6,1],[-7,1],[-3,-2],[-6,-2],[1,-2],[5,0],[4,2],[3,-3],[2,3],[11,-3],[5,2],[16,-1],[1,-1],[7,-1],[-1,-3],[4,-1],[2,1],[10,-1],[-5,-3],[6,-1]],[[4894,2698],[3,0],[5,2],[8,1],[7,3],[4,-3],[4,1],[9,0],[4,0],[10,-1],[2,-2],[-5,-2],[-2,-3],[8,0],[7,2],[10,-1],[1,-2],[8,1],[6,-4],[-4,-5],[-4,-4],[7,0],[3,2],[6,1],[5,2],[2,3],[3,1],[1,6],[3,-2],[-1,-8],[4,-2],[0,-3],[-4,-3],[-8,-1],[-5,0],[-5,-3],[5,0],[4,0],[3,2],[7,-1],[0,-2],[-4,-2],[0,-4],[4,-2],[8,-1],[7,-2],[20,-1],[8,-2],[7,0],[3,-3],[6,-1],[8,0],[3,-2],[13,0],[4,-1],[3,3],[3,-2],[7,-1],[5,-1],[2,-3],[5,0],[1,-3],[6,0],[4,2],[6,-3],[3,0],[6,3],[2,-2],[2,-4],[-11,-2],[1,-5],[4,-1],[3,4],[3,-1],[-2,-4],[-5,-2],[-2,1],[-6,0],[-3,-4],[-2,0],[-7,-6],[-4,-6],[-1,-2],[-3,-2],[-10,0],[-5,-2],[-4,3],[1,3],[-3,6],[2,4],[-2,3],[-7,-1],[-2,-1],[-5,0],[0,2],[-4,0],[-1,-4],[-2,-2],[-9,2],[-1,4],[-8,-1],[-13,-3],[-2,2],[-6,-1],[-7,-2],[-4,0],[-10,-4],[-8,0],[-2,-2],[-1,-5],[-9,-1],[-1,-3],[-7,-4],[-6,1],[1,3],[3,0],[3,3],[2,8],[-4,1],[-1,-8],[-5,-4],[-6,3],[1,2],[2,11],[1,1],[-3,6],[11,2],[1,2],[5,-1],[2,5]],[[4989,2639],[-4,2],[-4,1],[-10,0],[-3,3],[2,2],[-6,2],[0,1],[-7,0],[-2,4],[-6,1],[-5,3],[-14,1],[-8,-3],[0,-4],[-8,2],[-4,-1],[-1,-5],[-2,-1],[-5,0],[-7,3],[-4,-3],[-9,2],[-8,1],[4,4],[4,1],[1,2],[-6,0],[-5,-2],[-1,-2],[-4,-2],[-6,1],[-11,5],[-6,2],[-14,1],[-6,-1],[-13,4],[-6,2],[-6,1],[-17,4],[-7,-1],[-10,1],[1,2],[-4,3],[0,1],[-11,1],[-3,1],[-2,2],[2,9],[-1,3],[5,0],[4,2],[1,3],[2,1],[1,5],[4,4],[2,4],[3,0],[1,2],[3,1],[1,2],[6,0],[4,1],[8,-1],[8,-2],[4,0],[3,2],[0,3],[4,1],[3,-1],[2,3],[6,-1]],[[4989,2639],[2,-1],[0,-3],[3,-1],[0,4],[-2,1],[-3,0]],[[4817,2707],[1,2],[-7,0],[2,-2],[4,0]],[[4867,2701],[-3,0],[-1,-4],[5,0],[-1,4]],[[4807,2697],[4,-1],[1,3],[-2,2],[-8,0],[-2,1],[-7,0],[0,-2],[6,0],[5,-3],[3,0]],[[4969,2692],[-2,0]],[[4967,2692],[-5,-1],[4,-2],[0,-4],[2,-2],[9,5],[-1,3],[-7,1]],[[4832,2693],[4,4],[-7,1],[-1,-1],[-2,-4],[6,0]],[[4841,2687],[4,-2],[-1,-3],[5,-3],[0,-1],[6,1],[-2,2],[-3,1],[1,3],[10,0],[-2,2],[6,0],[-1,2],[3,4],[-6,1],[-1,-1],[-7,0],[-3,-2],[2,-2],[-11,-2]],[[4899,2683],[6,0],[1,-2],[4,1],[1,3],[4,0],[1,3],[-10,1],[-2,-2],[-5,-2],[0,-2]],[[4959,2683],[2,4],[-7,1],[-4,-4],[9,-1]],[[4805,2694],[-9,1],[1,-3],[8,0],[0,2]],[[4815,2688],[8,1],[0,2],[-7,3],[-6,1],[2,-7],[3,0]],[[4939,2678],[2,5],[-6,1],[2,-3],[-2,-5],[5,0],[-1,2]],[[4796,2687],[-1,2],[-6,0],[4,-3],[3,1]],[[4823,2687],[-2,-2],[-5,0],[0,-2],[8,0],[8,3],[-9,1]],[[4919,2677],[6,-1],[3,1],[0,3],[-2,1],[-5,-1],[-2,-3]],[[4803,2686],[2,2],[-5,0],[-2,-4],[5,2]],[[4944,2674],[6,-2],[4,1],[4,3],[0,1],[-5,1],[-9,-4]],[[4810,2683],[-9,1],[-1,-2],[8,0],[2,1]],[[4834,2682],[-5,-1],[-12,1],[-1,-6],[3,-2],[11,0],[-1,1],[-7,1],[-2,3],[7,1],[7,0],[0,2]],[[4990,2671],[-1,2],[-5,1],[-8,0],[-1,-3],[5,1],[5,-1],[5,0]],[[4895,2677],[-1,-5],[4,-1],[0,4],[-3,2]],[[4908,2675],[-1,1],[-7,1],[0,-3],[3,-2],[2,3],[3,0]],[[4809,2678],[-2,2],[-5,1],[-6,0],[1,-2],[12,-1]],[[4919,2669],[-1,4],[-6,-2],[2,-2],[5,0]],[[4944,2664],[-6,3],[-5,1],[-1,-2],[5,-2],[7,0]],[[4970,2664],[-6,2],[0,-2],[6,0]],[[4982,2663],[-5,1],[-4,1],[-1,-3],[10,1]],[[4909,2659],[4,0],[7,0],[5,2],[3,4],[-4,1],[-4,-2],[0,-3],[-11,-2]],[[4961,2659],[1,4],[-3,1],[-7,1],[0,-2],[4,-3],[5,-1]],[[4996,2652],[6,-4],[4,0],[-2,6],[-3,2],[1,2],[-6,2],[-4,-1],[3,-3],[-1,-3],[2,-1]],[[4905,2660],[-6,1],[-1,-3],[6,0],[1,2]],[[5020,2647],[-4,1],[-2,-2],[5,0],[1,1]],[[4868,2654],[1,2],[-5,1],[-4,-2],[4,-2],[4,1]],[[4884,2651],[7,0],[4,3],[-4,1],[-1,-2],[-6,-2]],[[4978,2648],[0,-2],[12,-1],[10,2],[-22,1]],[[5106,2639],[-7,2],[0,-3],[3,-1],[4,2]],[[5006,2639],[5,4],[-3,2],[-2,-3],[0,-3]],[[5084,2636],[-4,2],[-2,-3],[4,-1],[2,2]],[[5013,2632],[-7,-3],[9,-1],[7,5],[1,7],[-6,1],[1,-4],[-3,-5],[-2,0]],[[5068,2636],[-1,2],[-4,-3],[2,-2],[3,3]],[[4998,2635],[1,-3],[3,0],[0,3],[-4,0]],[[4993,2628],[-1,3],[-7,0],[-5,-2],[1,-1],[7,-1],[5,1]],[[4967,2692],[2,0]],[[4969,2692],[-2,0]],[[4968,3020],[-3,0],[-1,-4],[-2,-3],[-3,6]],[[4959,3019],[1,2],[7,0],[1,-1]],[[4979,3023],[3,8],[5,0]],[[4987,3031],[-2,-4],[-6,-4]],[[5103,3668],[1,0]],[[5104,3668],[4,2],[3,0],[1,-4],[-6,0],[-3,2]],[[5104,3668],[-1,0]],[[5103,3668],[-3,3],[3,2],[0,4],[2,3],[-5,0],[0,1],[-5,2],[0,2],[-10,1],[2,4]],[[5087,3690],[4,-3],[4,0],[5,-3],[4,-3],[2,-2],[4,-2],[0,-3],[-4,-2],[-3,0],[1,-4]],[[5087,3690],[-4,-2],[0,5],[3,2],[3,-2],[-2,-3]],[[5045,3705],[1,3],[6,0],[0,-2],[-7,-1]],[[5060,3710],[6,2],[-2,-5],[6,-1],[4,2],[8,-3],[-5,-2],[-3,0],[-3,-2],[-2,1],[2,3],[-7,-1],[0,3],[-4,1],[0,2]],[[5058,3713],[0,2],[6,0],[-1,-3],[-5,1]],[[5073,3718],[0,-4],[-4,-3],[0,5],[4,2]],[[5139,3967],[1,-1],[-1,-3],[-5,0],[-5,-2],[-2,0],[1,4],[6,0],[2,3],[3,-1]],[[5180,4213],[0,-2],[-4,0],[1,3],[3,-1]],[[5127,4261],[-8,3],[2,2],[6,-5]],[[5194,4284],[1,-3],[-1,-4],[-5,-5],[-4,2],[-3,2],[2,3],[1,4],[-4,2],[0,2],[8,0],[5,-3]],[[5247,4765],[1,2],[6,0],[-3,-4],[-4,2]],[[5249,4949],[4,-2],[-4,-2],[3,-2],[3,2],[1,4],[4,2],[0,-3],[3,0],[0,-3],[-4,-1],[0,-3],[2,-1],[0,-4],[3,-2],[3,0],[1,3],[5,-3],[6,-1],[3,1],[7,7],[2,0],[4,-3],[0,-3],[-3,-2],[-1,-4],[-2,-4],[-7,-4],[-5,1],[-5,0],[1,8],[-9,0],[-3,3],[-9,0],[-3,2],[-2,3],[0,3],[-2,2],[0,3],[2,0],[2,3]],[[5237,4951],[0,2],[3,1],[1,2],[7,0],[-3,-4],[-7,1],[-1,-2]],[[5253,4961],[1,2],[1,7],[4,1],[1,-4],[-3,-2],[0,-4],[-4,0]],[[5251,4980],[1,-1]],[[5252,4979],[-4,1]],[[5248,4980],[3,0]],[[5252,4979],[-1,1]],[[5251,4980],[1,-1]],[[5248,4980],[-4,1],[-2,4],[1,2],[-5,3],[9,-1],[7,-2],[2,-2],[-1,-3],[-6,0],[-1,-2]],[[5327,5650],[-4,-1],[-8,1],[1,1],[10,0],[1,-1]],[[5354,5657],[-4,1],[2,2],[5,0],[4,-3],[-7,0]],[[5356,5701],[-3,0],[0,2],[4,1],[-1,-3]],[[5382,6294],[-4,1],[-4,1],[-3,2],[8,-1],[5,-2],[-2,-1]],[[5452,6413],[-4,-2],[-2,4],[6,-2]],[[5437,6413],[-6,2],[0,2],[8,-2],[-2,-2]],[[5407,6439],[9,-1],[6,-2],[2,-4],[2,-1],[-1,-3],[5,0],[-1,-2],[8,-1],[2,-2],[-5,-2],[10,-1],[5,-1],[-2,-3],[-6,1],[-14,1],[-3,1],[-9,1],[-5,7],[-2,0],[-4,3],[9,1]],[[5413,6431],[-3,1],[-6,3]],[[5404,6435],[5,1],[-2,3]],[[5413,6431],[6,-1],[2,2],[-5,1],[-3,-2]],[[5407,6439],[-3,-1],[-7,1],[-1,3],[4,0],[2,-2],[5,-1]],[[5447,6520],[-2,2],[10,-1],[-2,-2],[-6,1]],[[5520,7128],[-4,-2],[-4,1],[-7,1],[2,3],[5,-1],[7,-1],[1,-1]],[[5484,7131],[0,-2],[-6,-2],[-5,4],[1,4],[6,-2],[4,-2]],[[5499,7138],[-4,-1],[-6,4],[7,0],[4,-1],[-1,-2]],[[5524,7139],[-5,-1],[0,3],[5,-2]],[[5506,7164],[4,0],[1,-2],[-6,1],[1,1]],[[5568,7414],[3,0],[-1,-6],[-11,0],[-2,2],[-5,0],[-2,3],[3,1],[4,0],[3,-1],[4,-1],[4,2]],[[5568,7475],[0,-2],[-9,1],[-2,3],[2,4],[4,-1],[0,-2],[6,-1],[-1,-2]],[[5546,7688],[4,-2],[-1,-3],[-5,2],[2,3]],[[5553,7701],[-8,0],[-1,-7],[2,-1],[0,-5]],[[5546,7688],[-4,1],[0,6],[-6,-1]],[[5536,7694],[2,3],[3,0],[1,2],[-1,7],[4,-2],[7,1]],[[5552,7705],[-2,0]],[[5550,7705],[-4,4],[-5,0],[-6,2],[0,1],[6,2],[0,2],[10,-2],[3,-4],[-2,-2],[6,-1],[1,1],[10,1],[1,-4],[-5,1],[-3,-3],[-3,0],[0,-3],[-2,-1],[-1,-3],[-4,1],[1,4]],[[5552,7705],[-2,0]],[[5550,7705],[2,0]],[[5557,7711],[3,0]],[[5560,7711],[1,-1]],[[5561,7710],[-4,1]],[[5561,7710],[-1,1]],[[5560,7711],[1,-1]],[[5561,7718],[3,-2],[-6,-2],[-1,3],[4,1]],[[5570,7723],[0,-1],[-5,-4],[-4,0]],[[5561,7718],[1,4],[-3,0],[-1,-3],[-4,0],[-3,3],[-3,-2],[-6,1],[-3,2],[-4,0],[1,3],[1,2],[5,2],[0,-3],[3,-2],[10,-1],[5,1],[4,3],[10,0],[3,-3],[-4,-2],[-3,0]],[[4720,585],[2,0]],[[4722,585],[-2,0]],[[4722,585],[-2,0]],[[4720,585],[2,0]],[[4721,592],[0,-1],[-9,0],[0,3],[5,2],[4,-4]],[[4740,605],[1,3],[5,0],[-3,-3],[-3,0]],[[4720,733],[6,1]],[[4726,734],[-2,-2],[-4,1]],[[4716,739],[4,0]],[[4720,739],[0,-6]],[[4720,733],[-4,6]],[[4716,739],[-1,2]],[[4715,741],[1,-2]],[[4715,741],[2,2],[6,1],[2,-4],[-5,-1]],[[4720,739],[-5,2]],[[4803,999],[-7,2],[0,5],[3,-1],[5,-5],[-1,-1]],[[4781,1012],[-4,-4],[-5,-6],[-2,-5],[-2,1],[-8,-2],[-8,1],[2,8],[-2,1],[-11,9],[0,3],[-2,2],[-7,2],[-1,3],[8,0],[6,-4],[12,0],[0,-1],[11,-1],[4,-1],[5,2],[7,3],[0,-5],[-2,-1],[-1,-5]],[[4774,1027],[6,-1],[-2,-4],[-3,0],[-2,2],[-9,2],[-4,3],[0,2],[12,-1],[2,-3]],[[4799,1352],[4,-2],[-1,-2],[10,-3],[-9,-4],[2,-3],[0,-5],[5,-2],[0,3],[5,1],[2,-3],[-6,-2],[0,-1],[11,0],[5,0],[4,1],[16,1],[11,-1],[-2,-4]],[[4856,1326],[-4,2],[-4,-2],[-12,0],[-13,1],[-2,-1],[-4,1],[-12,0],[-1,-2],[3,-3],[6,0],[-2,-9],[3,-2],[3,-5],[-1,-4],[-5,-2],[-1,-3]],[[4810,1297],[-3,-1],[-3,-3],[6,0],[-4,-7],[0,-2],[-11,-4],[-5,3],[-2,4],[5,1],[7,-1],[4,-2],[0,4],[2,3],[-6,2],[-3,5],[-3,1],[1,3],[-2,4],[-5,3],[2,4],[-3,1],[-6,0],[-3,3],[-5,0],[-1,3],[3,3],[4,1],[2,2],[12,-1],[10,1],[3,2],[0,2],[-2,3],[-5,2],[1,2],[-11,5],[0,-3],[-8,4],[-1,3],[-5,-1],[-9,1],[-2,2],[1,4],[4,1],[10,-1],[5,1],[-3,2],[-18,1],[-10,-1],[-1,3],[4,1],[12,0],[10,1],[7,0],[-1,2],[-6,0],[-4,-1],[-7,0],[-1,2],[8,0],[4,4],[-3,2],[-1,4],[-4,4],[9,0],[11,2],[-2,3],[3,7],[7,0],[3,-2],[-1,-4],[4,-2],[0,-3],[-4,-2],[-4,-6],[-7,1],[-1,-10],[7,-4],[-3,-3],[0,-2],[7,-1]],[[4798,1381],[-1,3],[-3,1],[-2,-2],[-1,-4],[4,0],[3,2]],[[4848,1335],[-13,3],[2,2],[6,-2],[7,0],[-2,-3]],[[4822,1341],[3,-1],[-3,-3],[-6,-1],[-7,1],[-1,2],[4,4],[5,-4],[5,2]],[[4861,1387],[1,-4],[-3,-1]],[[4859,1382],[2,5]],[[4850,1396],[-5,1]],[[4845,1397],[5,-1]],[[4856,1401],[5,2],[1,-3]],[[4862,1400],[-1,0]],[[4861,1400],[-5,1]],[[4822,1399],[-17,6],[0,1],[18,-1],[6,1],[2,-2],[-8,0],[-1,-1]],[[4822,1403],[0,-4]],[[4853,1404],[3,-3]],[[4856,1401],[-2,1]],[[4854,1402],[-1,2]],[[4866,1405],[-2,-1]],[[4864,1404],[-3,3]],[[4861,1407],[3,1],[2,-3]],[[4860,1410],[1,-3]],[[4861,1407],[-1,3]],[[4841,1416],[5,-1],[-2,-4],[-6,2],[-6,-3],[8,-1],[-3,-2],[-6,0],[-2,1],[-6,1],[-1,-2],[-9,2],[5,1],[4,0],[9,2],[5,3],[5,1]],[[4860,1410],[-4,-1]],[[4856,1409],[4,1]],[[4841,1416],[0,1],[9,3]],[[4850,1420],[5,0],[5,-4],[-8,1],[-1,-1],[-10,0]],[[4879,1428],[-5,0],[-1,3],[-4,0],[-2,-1],[-6,0],[5,4],[-6,2],[-1,3],[5,1],[5,4],[0,5],[1,8],[1,8],[5,3],[4,1],[1,6],[2,4],[6,-2],[3,-3],[-1,-5],[-3,-4],[-1,-2],[-8,-5],[-1,-4],[-3,-4],[1,-4],[4,-2],[-3,-3],[5,-2],[-1,-2],[5,-1],[1,-2],[5,-1],[-2,-2],[-8,0],[0,-2],[4,-1],[1,2],[4,-1],[-1,-6],[1,-6],[-4,-3],[-3,-1],[-3,-4],[-4,-1],[3,-5],[0,-4],[7,2],[0,-5],[-5,-1],[1,-4],[-2,-5],[2,-2],[-2,-3],[-6,-2],[-5,-1],[-9,0],[2,-4],[4,-2],[7,0],[2,-2],[-4,-2],[4,-5],[0,-4],[-3,-1],[2,-2],[5,-4],[3,-7],[4,0],[-1,-4],[1,-2],[9,-1],[-2,-3],[0,-4],[5,-4],[-1,-5],[5,0],[-1,-2],[-5,-2],[0,-4],[2,-4],[6,-1],[1,-3],[0,-4],[6,1],[1,-2],[-4,-2],[-7,-1],[-1,-2],[-4,-1],[-4,-2],[-1,-6],[-4,-1]],[[4888,1286],[-1,0]],[[4887,1286],[-6,-4],[-5,2],[6,3],[4,3],[-2,4],[-10,-4],[0,-4],[-9,5],[2,2],[7,0],[1,2]],[[4875,1295],[2,1]],[[4877,1296],[0,1]],[[4877,1297],[2,2],[1,5],[-4,0],[-10,1],[-1,2],[-5,1],[-2,8],[9,-1],[5,-1],[3,2],[-7,3],[0,-2],[-11,2],[1,2],[-2,2],[0,3]],[[4856,1326],[8,3],[-3,2],[-4,1],[-2,2]],[[4855,1334],[-5,0],[-2,1]],[[4848,1335],[4,0],[2,2],[-3,2],[-1,3],[3,1]],[[4853,1343],[-6,-1],[0,6],[-4,1],[-1,5],[7,2],[5,0],[10,1],[-3,4],[-7,-1],[1,5],[-6,0],[1,-3],[3,-1],[0,-2],[-3,-1],[-5,1],[-1,7],[7,2]],[[4851,1368],[-6,2],[1,4],[3,1],[-6,3],[1,2],[-3,3],[1,2],[-2,3],[-12,2],[-4,-1],[-5,5],[-3,2],[9,0],[-3,3]],[[4822,1399],[9,0],[4,-3],[-1,-4],[7,4],[4,1]],[[4845,1397],[5,-1]],[[4850,1396],[-1,-3],[-8,1],[0,-2],[5,-3],[1,-3],[3,0],[2,2],[3,-1]],[[4855,1387],[0,4],[3,1],[5,-1],[1,2],[-6,1],[-3,1]],[[4855,1395],[1,2],[5,0],[1,3]],[[4862,1400],[1,-5],[5,-1],[3,2],[1,3],[6,3],[-3,2],[-9,1]],[[4866,1405],[4,1],[0,2],[5,1],[3,3],[-5,3],[1,2],[-3,2],[-3,3],[-16,1],[-11,3],[9,2],[1,-3],[3,0],[0,4],[16,-1],[3,-2],[0,-2],[6,-5],[-1,-4],[5,-2],[2,2],[-2,5],[-3,3],[-1,5]],[[4871,1334],[-3,2],[5,2],[4,6],[-7,-1]],[[4870,1343],[-2,-3],[-7,0],[0,2]],[[4861,1342],[-4,-6],[-2,-2]],[[4855,1334],[6,-1],[3,-2],[6,1],[1,2]],[[4861,1342],[4,0],[2,2],[-2,4],[-7,-4],[3,-2]],[[4859,1382],[7,-2],[6,0],[2,4],[-1,3],[-6,3],[-4,0],[-8,-3]],[[4855,1387],[2,-3],[-3,-1],[-2,-2],[0,-3],[5,0],[2,4]],[[4864,1364],[-3,4]],[[4861,1368],[-1,-4],[4,0]],[[4866,1362],[0,3]],[[4866,1365],[-2,-1]],[[4864,1364],[2,-2]],[[4870,1353],[0,3],[-8,-1],[6,-2]],[[4868,1353],[0,-3]],[[4868,1350],[-1,-1],[6,-2],[-2,4],[5,0],[1,2],[-7,0]],[[4847,1350],[5,2],[-3,2],[-2,-4]],[[4879,1329],[-4,1],[-3,-1],[0,-3],[4,1],[3,2]],[[4867,1320],[0,2],[-4,0],[-2,-3],[6,1]],[[4880,1315],[-1,-6],[3,0],[6,3],[4,6],[-5,2],[-7,-5]],[[4899,1306],[0,-3],[4,1],[-1,3],[-3,-1]],[[4883,1301],[8,1],[5,1],[-4,2],[-6,-2],[-3,-2]],[[4880,1480],[-5,-4],[-5,1],[-3,4],[4,0],[0,5],[-2,3],[9,0],[5,-2],[-1,-4],[-2,-3]],[[4924,1900],[0,-2],[-4,0],[1,2],[3,0]],[[4932,2205],[3,-1],[-5,-4],[-3,1],[2,5],[3,-1]],[[4911,2215],[4,-6],[-1,-5],[1,0],[4,4],[3,1],[6,6],[3,-3],[-1,-2],[-6,-3],[-7,-4],[-2,-1],[-5,2],[1,2],[-3,2],[-3,7],[-2,3],[2,5],[4,-1],[2,-2],[0,-5]],[[4917,2226],[9,4],[4,-1],[2,2],[8,2],[1,-2],[10,1],[2,-1],[0,-5],[-6,-5],[-5,-3],[-1,-3],[-3,-2],[-3,0],[2,3],[3,0],[0,4],[-6,6],[-1,-5],[-5,-3],[-5,2],[-9,0],[2,2],[-4,2],[1,2],[4,0]],[[4996,2461],[4,-1],[-1,-4],[-5,0],[0,4],[2,1]],[[4973,2462],[-7,1],[-2,3],[3,1],[10,0],[3,-1],[0,-3],[-4,-2],[-3,1]],[[5011,2500],[3,-1],[-1,-3],[-4,0],[2,4]],[[4996,2498],[0,2],[-2,2],[4,1],[4,-1],[0,-4],[-5,-2],[-1,2]],[[4971,2579],[-2,1],[1,3],[3,-1],[-2,-3]],[[5024,2977],[1,10],[3,0],[-1,-9],[-3,-1]],[[5127,3398],[-2,-3]],[[5125,3395],[2,3]],[[5130,3418],[0,2],[6,1],[-1,-3],[-5,0]],[[5061,3446],[2,6],[5,-1],[3,2],[5,0],[7,-3],[3,-3],[12,0],[2,-3],[6,-4],[5,1],[7,0],[2,2],[4,1],[5,5],[5,4],[3,4],[0,5],[-2,-1],[-6,-3],[-9,-2],[-6,-5],[-8,-3],[-5,1],[-1,4],[0,5],[-12,0],[-2,2],[2,4],[2,-2],[1,-2],[8,0],[2,3],[-6,5],[3,1],[4,-2],[4,-4],[4,0],[1,-3],[6,3],[10,-1],[5,5],[5,3],[5,1],[1,1]],[[5143,3472],[-1,-3],[6,0],[6,0],[4,-2]],[[5158,3467],[8,-1],[8,-5],[7,-3],[7,-1],[3,0],[13,0],[7,-1],[7,1],[9,0],[2,2],[3,0],[10,2],[5,-3],[7,0],[-1,-3],[3,-2],[-13,-1],[-3,1],[-6,0],[-7,2],[-4,-3],[-8,1],[-3,2],[-3,-1],[-9,0],[-21,1],[-3,-1],[-5,-1],[-4,-3],[-18,-11],[-15,-8],[4,-3],[5,-1]],[[5143,3427],[-6,0],[-2,3],[-3,0],[-4,-5],[-6,0],[-3,1],[-5,4],[-1,-4],[2,-2],[0,-6],[-5,1],[-2,1],[3,3],[-2,3],[3,4],[0,3],[-7,3],[0,4],[-11,1],[-2,2],[-11,1],[2,-3],[-2,-2],[-5,-1],[-2,-3],[-7,0],[-1,3],[7,0],[5,2],[1,3],[-12,1],[-6,2]],[[5102,3459],[5,0],[-3,2],[-2,-2]],[[5119,3490],[-1,-1],[-4,-1],[-4,2],[4,3],[5,2],[2,-1],[-2,-4]],[[5111,3663],[5,-1],[1,5],[3,1],[4,0],[3,-2],[-1,-3],[-4,-1],[-1,-3],[1,-2],[4,-2],[2,2],[3,-3],[-3,-1],[-9,1],[-1,6],[-4,-2],[-9,0],[0,3],[4,-1],[2,3]],[[5113,3668],[1,4],[3,-1],[-4,-3]],[[5176,3939],[-3,2],[-6,0],[-4,-1],[-4,0],[-2,1],[1,5],[3,2]],[[5161,3948],[0,-2],[6,-1],[5,-2],[4,3]],[[5176,3946],[1,3],[5,3],[5,-1],[5,-4],[-2,-4],[-7,-1],[-5,1],[-2,-4]],[[5161,3954],[6,0],[-1,-3],[-5,3]],[[5192,3952],[-1,1],[3,3],[5,-1],[-1,-5],[-5,0],[-1,2]],[[5179,3955],[-5,-1],[-3,5],[3,2],[4,-1],[3,-1],[-2,-4]],[[5207,4312],[-4,0],[-1,4],[4,1],[-2,3],[5,0],[1,-2],[0,-3],[-3,-3]],[[5236,4452],[7,0],[1,-3],[-6,1],[-2,2]],[[5295,4828],[-2,1],[0,3],[4,0],[-2,-4]],[[5412,5692],[-1,7],[3,1],[8,-2],[-2,-4],[-4,-5],[-4,1],[0,2]],[[5453,6253],[-4,1],[2,2],[2,-3]],[[5445,6257],[-6,0],[2,2],[4,-2]],[[5434,6269],[5,-1],[4,-2],[6,-1],[2,-2],[10,-3],[2,-1],[8,-3],[-2,-3],[-4,0],[-12,4],[-7,5],[-6,1],[-6,3],[0,3]],[[5496,6333],[4,-1],[1,-1],[-10,2],[-3,0],[-3,4],[6,-1],[5,-3]],[[5502,6338],[3,-1]],[[5505,6337],[-6,-1],[-7,1],[-7,3],[2,3],[8,-2],[4,-3],[3,0]],[[5487,6347],[2,-1]],[[5489,6346],[3,0]],[[5492,6346],[6,-3],[3,0],[5,-2],[0,-3]],[[5506,6338],[-2,1]],[[5504,6339],[-5,2],[-7,1],[-9,3],[-2,1],[-7,2],[-3,1],[-7,1],[3,2],[2,-2],[5,0],[13,-3]],[[5492,6346],[-3,0]],[[5489,6346],[-2,1]],[[5487,6347],[3,1],[2,-2]],[[5497,6347],[-12,2],[1,2],[8,-2],[3,-2]],[[5490,6357],[1,0]],[[5491,6357],[2,-1],[5,0],[10,-3]],[[5508,6353],[5,-1],[-1,-1],[-8,1],[-2,1],[-7,0],[-4,1],[-1,3]],[[5491,6357],[-1,0]],[[5490,6357],[1,0]],[[5508,6353],[-3,2],[-6,1],[-1,3],[6,-2],[6,-2],[-2,-2]],[[5452,6413],[5,0],[15,0],[2,-3]],[[5474,6410],[1,1],[5,0],[0,-4],[3,0],[-2,-4],[2,-1],[3,-9],[4,0],[0,-2]],[[5490,6391],[0,-4],[4,-3],[0,-1],[-11,0],[-5,4],[-3,2],[-4,4],[-5,4],[-3,-2],[0,7],[-3,2],[-2,3],[-7,2],[4,3],[-3,1]],[[5482,6448],[2,5],[5,0],[0,-2],[9,-1],[-3,-2],[2,-5],[-3,0],[-5,-2],[-3,0],[-4,0],[-5,3],[-1,1],[6,3]],[[5502,6500],[8,-1],[-1,-1],[-4,0],[-3,2]],[[5492,6524],[-9,0],[0,3],[5,-1],[4,-2]],[[5467,6531],[3,0],[-1,-2],[-4,0],[2,2]],[[5515,6527],[-5,-1],[-4,1],[0,2],[-5,1],[1,1],[7,-1],[5,0],[1,-3]],[[5518,6531],[-3,2],[8,0],[6,0],[0,-2],[-5,-1],[-6,1]],[[5501,6539],[4,-2],[7,-2],[0,-2],[-5,-1],[-9,5],[3,2]],[[5515,6539],[-2,-1],[-4,0],[-5,3],[10,-1],[1,-1]],[[5485,6543],[-3,0],[-2,2],[5,0],[8,-1],[-1,-1],[-7,0]],[[5566,7151],[8,-1],[0,-1],[-8,0],[0,2]],[[5611,7382],[6,-1],[0,-1],[-8,0],[2,2]],[[5614,7385],[-3,0],[2,3],[8,3],[3,-1],[-1,-3],[-3,-1],[-6,-1]],[[5571,7402],[-1,-3],[-3,3],[-3,0],[-1,3],[5,2],[6,-1],[-5,-2],[2,-2]],[[5608,7412],[9,-1],[-2,-1],[-4,0],[-3,2]],[[5572,7430],[3,1],[9,-2],[1,-1],[-9,0],[-4,2]],[[5603,7432],[7,0],[15,-3],[1,-1],[-22,1],[-8,-1],[-5,1],[-5,2],[-6,2],[1,1],[13,-1],[9,-1]],[[5586,7439],[-5,-2],[-1,2],[6,0]],[[5606,7437],[-7,1],[-9,1],[-2,1],[-8,0],[-7,0],[0,2],[6,0],[12,0],[5,-2],[4,0],[6,-2],[0,-1]],[[5574,7451],[13,-1],[15,1],[0,-2],[-8,-1],[-22,1],[-4,-2],[20,-1],[0,1],[15,-1],[-10,-3],[-16,0],[-11,1],[1,6],[5,1],[2,2],[9,2],[11,0],[-1,-3],[-8,1],[-11,-2]],[[5594,7460],[1,1],[9,-1],[-4,-3],[-5,1],[-1,2]],[[5591,7471],[1,1],[7,0],[-2,-2],[-6,0],[0,1]],[[5613,7506],[2,2],[2,-1],[-1,-3],[-3,2]],[[4784,609],[1,-2]],[[4785,607],[-2,-1],[-4,-1],[-3,4],[8,0]],[[4785,607],[-1,2]],[[4784,609],[1,1]],[[4785,610],[0,-3]],[[4785,610],[1,2]],[[4786,612],[-1,-2]],[[4793,612],[6,0],[-1,-2],[-5,2]],[[4765,652],[0,2],[-3,5],[3,-1],[2,-2],[-2,-4]],[[4798,838],[-2,4],[4,2],[3,-4],[-5,-2]],[[4833,997],[1,-3],[-5,0],[-1,3],[5,0]],[[4878,1277],[0,3],[7,-3],[-2,-2],[-5,2]],[[4892,1283],[2,-2],[-7,0],[-1,2],[6,0]],[[4873,1285],[-1,-3],[-5,0],[2,3],[4,0]],[[4887,1286],[1,0]],[[4888,1286],[-1,0]],[[4877,1297],[0,-1]],[[4877,1296],[-2,-1]],[[4875,1295],[-6,1],[3,2],[5,-1]],[[4869,1302],[8,1],[-1,-3],[-4,0],[-3,2]],[[4892,1350],[7,0],[0,-2],[-6,1],[-1,1]],[[4870,1353],[-2,0]],[[4868,1353],[2,0]],[[4884,1353],[1,3],[4,-1],[-1,-3],[-4,1]],[[4866,1362],[0,3]],[[4866,1365],[0,-3]],[[4892,1365],[-2,1],[0,3],[6,0],[3,-2],[-1,-3],[-4,0],[-2,1]],[[4864,1388],[-3,-1]],[[4861,1387],[3,1]],[[4892,1499],[6,-1],[-1,-2],[-4,0],[-6,2],[0,2],[5,-1]],[[4928,1501],[2,4],[2,-1],[-4,-3]],[[4887,1511],[1,1],[10,1],[2,-3],[-13,1]],[[4937,1510],[-5,1],[-8,0],[-1,3],[5,-1],[9,0],[0,-3]],[[4913,1523],[9,0],[4,-3],[-1,-4],[-4,1],[-6,-5],[-5,-3],[0,-2],[-5,-1],[-6,1],[-1,2],[4,1],[3,-2],[2,3],[7,1],[4,7],[-2,1],[-3,3]],[[4948,1726],[4,0],[0,-3],[-4,0],[0,3]],[[4959,2010],[-1,-2],[-4,1],[3,2],[1,5],[5,1],[1,-2],[-5,-5]],[[5014,2208],[-3,-4],[-2,-2],[-4,0],[-1,3],[0,4],[2,0],[0,8],[3,3],[4,-3],[1,-4],[0,-5]],[[5003,2225],[-5,2],[3,2],[2,-4]],[[5039,2471],[-4,0],[-3,3],[7,0],[0,-3]],[[5085,2948],[5,1],[-1,3]],[[5089,2952],[5,-3],[4,-1]],[[5098,2948],[4,-3],[8,-3],[8,0],[0,-1],[-4,-1],[-13,1],[-4,1],[-1,3],[-6,0],[0,2],[-5,1]],[[5168,3442],[2,0],[2,-3],[-5,-1],[1,4]],[[5175,3442],[0,4],[5,-2],[-5,-2]],[[5156,3469],[-4,1],[3,5],[3,-2],[1,-3],[-3,-1]],[[5185,3472],[-1,2],[8,0],[0,-2],[-7,0]],[[5228,3966],[-3,0],[0,4],[5,-1],[-2,-3]],[[5261,3977],[-2,1],[1,3],[3,0],[-2,-4]],[[5289,4164],[1,-3],[-3,-1],[-1,-3],[-3,0],[0,8],[7,1],[-1,-2]],[[5267,4174],[0,4],[3,0],[-1,-5],[-2,1]],[[5374,4934],[-5,-1],[-3,2],[6,2],[2,4],[3,-1],[1,-3],[-4,-3]],[[5415,5413],[1,2],[3,0],[2,-3],[-2,-1],[-5,0],[1,2]],[[5411,5463],[-8,2],[1,2],[6,-2],[1,-2]],[[5397,5466],[-3,2],[7,0],[1,-2],[-5,0]],[[5413,5607],[-1,4],[6,0],[-5,-4]],[[5450,5615],[2,-1],[-1,-3],[-3,1],[2,3]],[[5532,6142],[-3,-3],[-12,6],[1,3],[14,-6]],[[5487,6158],[3,-2],[8,-2],[4,-4],[-5,0],[-8,3],[-11,4],[0,2],[9,-1]],[[5494,6265],[5,-2],[-1,-7],[-4,0],[-5,2],[4,5],[1,2]],[[5544,6268],[-7,1],[3,2],[7,-2],[-3,-1]],[[5506,6280],[12,-5],[3,0],[9,-2],[-1,-2],[-7,2],[0,1],[-7,1],[-3,2],[-3,-3],[4,0],[4,-3],[-11,1],[-6,1],[1,-3],[-10,1],[0,2],[-5,2],[-1,2],[0,6],[1,1],[8,-2],[12,-2]],[[5521,6295],[5,0],[5,-2],[11,-3],[6,-2],[2,-1],[4,0],[3,-2],[16,-6],[8,-1],[1,-2],[-6,0],[-2,-1],[-9,1],[-7,3],[-4,1],[-1,3],[-7,3],[-7,1],[-12,4],[-8,3],[-4,1],[0,2],[6,-2]],[[5505,6288],[-3,0],[0,3],[2,1],[3,-2],[-2,-2]],[[5520,6314],[-7,-1],[-1,3],[6,-1],[2,-1]],[[5513,6320],[-3,2],[-8,1],[3,1],[6,-1],[2,-3]],[[5504,6339],[2,-1]],[[5506,6338],[-1,-1]],[[5505,6337],[-3,1]],[[5502,6338],[2,1]],[[5540,6472],[2,1]],[[5542,6473],[-2,-1]],[[5542,6473],[-2,-1]],[[5540,6472],[2,1]],[[5563,6502],[-2,3],[6,-1],[4,-2],[-6,-1],[-2,1]],[[5522,6507],[-2,0],[-2,7],[0,3],[2,2],[8,-3],[1,-5],[7,0],[1,-3],[-1,-3],[-5,1],[-9,1]],[[5564,6522],[1,2],[5,0],[0,-3],[-6,1]],[[5558,6526],[6,0],[0,-2],[-5,0],[-1,2]],[[5586,6533],[-3,-2],[-5,1],[-10,0],[-10,2],[1,3],[12,-2],[7,0],[1,-1],[7,-1]],[[5629,7108],[-1,2],[16,-2],[-2,-2],[-8,2],[-5,0]],[[5628,7113],[-6,1],[1,2],[4,0],[1,-3]],[[5635,7117],[6,0],[0,-2],[-5,0],[-1,2]],[[5634,7117],[-7,0],[-4,1],[1,3],[5,-1],[5,-3]],[[5625,7130],[-3,1],[-3,-1],[-4,1],[-11,0],[-2,3],[-4,0],[-2,1],[-3,1],[-3,2],[-7,1],[-4,2],[-3,3],[-8,2],[0,2],[7,-1],[13,-1],[9,-2],[2,-1],[5,1],[9,-1],[4,-1],[2,-3],[-1,-2],[-10,1],[-4,1],[-6,0],[-5,2],[-3,-2],[7,-1],[7,-2],[12,-1],[3,-2],[3,-1],[3,-2]],[[5609,7147],[2,2],[3,0],[-3,-4],[-2,2]],[[5664,7363],[3,-5],[-3,0],[0,5]],[[5667,7380],[3,0],[-1,-3],[-3,1],[1,2]],[[5614,7385],[12,-1],[1,-2],[-13,1],[0,2]],[[5665,7391],[6,0],[0,-3],[-6,1],[0,2]],[[5625,7395],[-1,-2],[-4,0],[1,3],[4,-1]],[[5664,7395],[-3,4],[4,4],[6,-1],[0,-3],[2,-2],[-6,-2],[-3,0]],[[5657,7404],[-2,3],[6,-1],[3,-3],[-7,1]],[[5655,7413],[8,0],[0,-3],[-6,0],[-2,3]],[[5641,7433],[7,1],[2,-3],[-3,-1],[-5,1],[-1,2]],[[5638,7432],[-5,0],[-2,2],[8,0],[-1,-2]],[[5633,7458],[-1,-2],[-4,1],[0,2],[5,-1]],[[5759,8345],[2,1],[5,0]],[[5766,8346],[-5,-1],[-2,-5],[-6,-1],[-1,-3],[-3,-2],[-4,1],[1,2],[3,1],[3,4],[5,2],[2,1]],[[4852,607],[-2,-2],[-3,3],[-10,-2],[-12,1],[-3,3],[-4,1],[4,5],[5,0],[4,-3],[4,2],[5,0],[2,3],[5,-1],[3,2],[4,-3],[2,-4],[-3,-2],[-1,-3]],[[4878,999],[1,-2],[-4,-2],[-3,2],[6,2]],[[4869,1003],[-3,-4],[-7,0],[7,4],[1,1],[6,4],[-2,-5],[-2,0]],[[4907,1027],[1,5],[4,-1],[-1,-4],[-4,0]],[[4923,1060],[-8,2],[0,-8],[7,0],[2,-2],[11,0],[-1,2],[3,2],[4,-1],[0,-3],[-2,-2],[-5,0],[-11,1],[-4,2],[-4,0],[-5,-6],[-6,-5],[-6,-2],[-1,-3],[-4,-2],[-5,0],[-6,-2],[-3,-3],[-1,-12],[3,0],[0,4],[3,1],[0,4],[3,3],[3,-3],[-1,-6],[-5,-4],[-7,0],[-3,-7],[-12,-6],[-3,-2],[-20,0],[-2,-2]],[[4837,1000],[-14,1],[-8,1],[-4,4],[-3,0],[-5,4],[0,3],[4,0],[5,2],[0,3],[-2,3],[7,0],[2,2],[22,3],[10,2],[5,-1],[6,1],[0,3],[-4,1],[0,5],[6,1],[6,0],[2,1],[14,-1],[6,-1],[4,2],[-1,2],[-10,4],[-3,0],[-8,3],[-6,5],[-2,0],[-3,5],[2,1],[12,0],[3,1],[0,5],[-3,2],[-2,6],[3,0],[7,-4],[3,1],[9,0],[7,2],[7,2],[4,6],[6,3],[7,-1],[1,2],[5,-1],[2,-1],[-1,-9],[-4,-6],[-6,-3],[-5,-1],[3,-3]],[[4854,1020],[-3,-3],[-1,-3],[6,-2],[2,3],[0,4],[-4,1]],[[4834,1011],[4,-1],[1,2],[-5,1],[0,-2]],[[4915,1237],[4,1],[1,-3],[-3,-1],[-2,3]],[[4904,1253],[-4,3],[0,5],[4,4],[4,-1],[-2,-8],[-2,-3]],[[4957,1540],[-11,0],[3,4],[7,3],[4,0],[2,-1],[0,-4],[-5,-2]],[[4998,1544],[1,-2],[-6,-1],[0,3],[-3,3],[9,-1],[-1,-2]],[[4956,1556],[4,-2],[1,-2],[-4,0],[-1,4]],[[5028,2010],[-12,2],[2,3],[8,3],[4,0],[0,-4],[-2,-4]],[[5065,2346],[-7,-1],[-15,1],[-3,-1],[-1,-6],[-3,-3],[-7,1],[1,4],[4,3],[-1,2],[4,3],[1,6],[13,-1],[-1,3],[2,2],[6,1],[5,0],[7,-3],[6,-4],[-1,-3],[-6,-3],[-4,-1]],[[5086,2371],[-1,1],[0,5],[4,-1],[0,-4],[-3,-1]],[[5091,2358],[-3,1],[-7,1],[-4,-2],[-2,3],[2,3],[-4,3],[-1,3],[-3,0],[-3,7],[-8,6],[-8,3],[1,7],[-2,2],[3,5],[3,-2],[11,-4],[0,-3],[-4,1],[-2,2],[-3,-2],[4,-5],[4,-3],[2,-6],[2,-2],[0,-3],[6,-4],[3,-4],[3,-1],[8,-1],[3,3],[2,-1],[-1,-3],[-2,-4]],[[5120,2413],[5,2],[0,-3],[-4,-1],[-1,2]],[[5075,2422],[-2,6],[4,0],[5,1],[-1,-8],[-3,-1],[-3,2]],[[5133,2398],[-1,3],[-5,4],[0,4],[3,1],[10,-7],[7,0],[1,3],[-3,2],[-1,3],[-10,4],[-10,1],[-2,-1],[-9,-1],[-1,3],[-7,4],[2,3],[1,7],[3,1],[-3,5],[-4,1],[-2,3],[-6,0],[11,3],[4,4],[5,2],[5,-3],[5,1],[10,-1],[6,3],[3,2],[7,0],[4,-1],[8,-4],[5,-2],[3,-2],[0,-3],[-3,-3],[-6,-1],[-1,-1],[-1,-7],[12,-6],[-10,0],[-7,-5],[0,-2],[0,-6],[4,-6],[3,0],[1,-4],[-9,-3],[-3,-2],[1,-6],[-2,-5],[-2,-1],[-7,1],[-7,2],[0,2],[-3,4],[1,3],[7,1],[0,2],[-7,1]],[[5125,2482],[-3,1],[0,6],[-2,4],[4,-1],[3,-5],[12,0],[3,-1],[0,-3],[-2,-2],[-8,0],[-7,2],[0,-1]],[[5146,2925],[3,4],[2,-1],[-1,-3],[11,-2],[3,3],[3,0],[3,-4],[2,4],[6,0],[2,-2],[7,0],[0,-5],[4,-1],[1,-4],[-4,0],[-2,-2],[2,-3],[4,0],[0,-4],[-1,-1]],[[5191,2904],[-3,1],[0,-4],[6,-1],[11,0],[3,-2]],[[5208,2898],[-14,1],[-4,0],[-4,2],[-2,3],[1,3]],[[5185,2907],[-3,2],[0,2],[-11,2],[-1,2],[-3,3],[-12,0],[0,2],[-4,1],[-1,2],[-5,0],[1,2]],[[5176,2921],[-4,1],[-1,-3],[7,1]],[[5178,2920],[-1,-4]],[[5177,2916],[2,-2],[8,1],[0,4],[-4,4],[-6,0],[-1,-2]],[[5178,2920],[-2,1]],[[5176,2921],[2,-1]],[[5312,4032],[-3,0],[0,-4],[-7,1],[2,2],[8,1]],[[5336,4032],[-1,3],[-5,0],[1,3],[6,-3],[-1,-3]],[[5344,4050],[0,-5],[-2,-4],[1,-2],[-5,-2],[-1,5],[3,1],[2,6]],[[5342,4049],[2,1]],[[5307,4140],[-7,-4],[-3,3],[2,3],[4,0],[2,2],[1,4],[6,-1],[8,1],[3,4],[4,-1],[1,-4],[-5,3],[-1,-2],[-4,-2],[-1,-1],[-5,0],[-2,-4],[-3,-1]],[[5303,4154],[-1,3],[-3,3],[3,1],[4,-1],[-1,-7],[-2,1]],[[5319,4197],[-1,-2],[-3,0],[-1,3],[3,1],[2,-2]],[[5295,4239],[4,-3],[5,0],[-1,-2],[-12,1],[4,4]],[[5367,4445],[-4,1]],[[5363,4446],[4,-1]],[[5308,4457],[1,1],[8,0],[1,1],[7,-2],[4,0],[7,1],[5,0],[2,-1],[3,-6],[-3,-1],[-9,1],[-10,4],[-7,2],[-9,0]],[[5500,5507],[-7,-1],[-2,2],[1,2],[8,-3]],[[5472,5633],[4,2],[2,-3],[-6,1]],[[5486,5653],[5,-1],[-1,-3],[-4,2],[0,2]],[[5533,5717],[-2,-1],[-8,1],[-2,4],[5,-1],[2,-2],[5,-1]],[[5531,5818],[-1,0]],[[5530,5818],[1,0]],[[5530,5818],[1,0]],[[5531,5818],[-1,0]],[[5568,6131],[-2,1]],[[5566,6132],[2,-1]],[[5547,6135],[-3,-1],[-3,1],[2,4],[5,-3],[-1,-1]],[[5536,6144],[5,-3],[8,-1],[7,-3],[5,-1],[5,-2],[0,-2]],[[5566,6132],[-2,1],[-4,1],[-14,3],[-8,4],[-2,3]],[[5544,6243],[-1,2],[-5,1],[0,4]],[[5538,6250],[4,0],[7,-3],[1,-4],[-6,0]],[[5576,6267],[9,-3],[-3,-2],[-14,4],[-4,2],[-2,4],[6,-3],[8,-2]],[[5545,6305],[-4,0],[-1,3],[4,1],[11,-3],[2,-1],[6,-1],[5,-2],[6,-1],[2,-4],[0,-2],[-5,-2],[-4,1],[-9,1],[-7,2],[2,3],[-4,1],[-4,4]],[[5561,6344],[1,-3],[-4,-2],[0,-1],[-13,1],[2,2],[1,5],[-5,1],[-2,2],[8,0],[9,-2],[3,-3]],[[5558,6358],[4,0],[9,-3],[0,-2],[-4,-3],[-6,0],[-3,1],[-1,4],[1,3]],[[5563,6361],[-3,0],[0,4],[4,-1],[-1,-3]],[[5562,6368],[0,1]],[[5562,6369],[0,-1]],[[5562,6368],[0,1]],[[5562,6369],[-2,1],[0,3],[7,-2],[8,-2],[0,-3],[-8,0],[-5,1],[0,1]],[[5609,6394],[2,-2],[-4,-1],[-5,1],[-10,0],[-2,2],[3,1],[1,4],[13,-5],[2,0]],[[5620,6485],[9,-4],[5,0],[1,-4],[6,0],[-1,-4]],[[5640,6473],[-2,-2],[2,-3],[-4,-4],[3,0],[1,-2],[4,0],[3,-1]],[[5647,6461],[-4,-1],[-2,-1],[-5,0],[-1,-2],[-6,1],[-2,-2],[-5,1],[0,-7],[1,-4],[-3,-1],[-8,0],[1,4],[-6,-1],[-4,2],[-1,2],[2,2],[-7,1],[-1,-3],[-5,-4],[-6,-2],[-1,2],[-4,-2],[-3,1],[-1,3],[-6,3],[-7,1],[-4,-2],[-4,3],[-4,-1],[-4,3],[-10,1],[-8,-1],[-4,-5],[-4,0],[0,-3],[-4,1],[5,4],[1,6],[-4,-2],[-1,-4],[-2,-1],[-7,0],[-1,2],[1,3],[5,1]],[[5514,6459],[-2,3],[6,-1],[4,1],[1,2],[8,0],[5,1],[1,4]],[[5537,6469],[2,1],[-1,-8],[4,1],[-1,4],[1,3],[4,3],[6,2],[4,0],[4,1]],[[5560,6476],[2,2],[10,0],[6,2],[1,2],[4,2],[-1,3],[15,0],[1,1],[4,0],[1,-3],[3,-3],[5,0],[1,3],[8,0]],[[5553,6470],[3,-3],[2,3],[-2,3],[-4,-1],[1,-2]],[[5599,6492],[6,0],[-1,-2],[-5,2]],[[5610,6498],[6,-1],[2,-5],[-5,0],[-7,3],[-1,3],[5,0]],[[5593,6497],[-6,0],[-5,2],[4,2],[8,-1],[-1,-3]],[[5595,6504],[7,0],[-1,-2],[-5,1],[-1,1]],[[5601,6507],[0,3],[8,0],[0,-4],[-2,0],[-5,0],[-1,1]],[[5588,6512],[0,-3],[-3,-1],[-5,1],[-3,1],[0,5],[3,1],[3,-3],[4,0],[1,-1]],[[5592,6519],[1,2],[4,0],[0,-3],[-5,1]],[[5585,6522],[-6,-2],[-5,1],[-4,2],[1,3],[7,0],[7,-4]],[[5576,6528],[2,2],[5,-1],[1,-2],[-8,1]],[[5600,6546],[-1,-3],[-4,0],[2,3],[3,0]],[[5587,6547],[3,-3],[-10,0],[-3,3],[0,4],[5,1],[5,-5]],[[5710,7314],[15,-1],[2,-2],[-8,0],[-9,3]],[[5690,7318],[-11,0],[0,1],[10,0],[1,-1]],[[5703,7322],[-5,0],[-8,2],[-5,1],[-5,2],[9,0],[19,-5],[-5,0]],[[5713,7323],[-6,1],[-1,2],[12,-2],[-1,-1],[-4,0]],[[5692,7338],[1,-1]],[[5693,7337],[-1,1]],[[5693,7337],[-1,1]],[[5692,7338],[1,-1]],[[5687,7359],[1,-2],[6,-1],[0,-2],[5,-4],[1,-4],[3,0],[0,-4],[-8,1],[-11,7],[-10,9],[0,4],[2,3],[6,0],[4,-5],[1,-2]],[[5667,7382],[5,1],[0,-2],[-4,0],[-1,1]],[[5759,7864],[-1,-2]],[[5758,7862],[1,2]],[[5742,7866],[1,2]],[[5743,7868],[-1,-2]],[[5743,7868],[-1,-2]],[[5742,7866],[-3,1],[1,3],[4,0],[1,2]],[[5745,7872],[6,0],[2,-3],[1,-3],[4,0]],[[5758,7866],[1,0]],[[5759,7866],[2,0]],[[5761,7866],[-2,-2]],[[5759,7864],[-1,-2]],[[5758,7862],[-7,6],[0,2],[-3,1],[-5,-3]],[[5759,7866],[-1,0]],[[5758,7866],[0,3],[4,0],[2,-2],[-3,-1]],[[5761,7866],[-2,0]],[[5778,7871],[-7,1],[0,3],[7,-2],[0,-2]],[[5770,7882],[-3,2],[-1,2],[4,4],[2,0],[2,-2],[-4,-6]],[[5783,7900],[-6,-1],[-1,2],[6,1]],[[5782,7902],[1,-2]],[[5793,8019],[-4,1],[1,3],[3,0],[0,4],[3,0],[1,-3],[2,-2],[-1,-2],[-5,-1]],[[5768,8069],[2,-1],[1,-12],[-1,-15],[-1,0],[-2,-20],[-2,-4],[3,27],[0,0],[2,13],[-1,3],[0,4],[-1,5]],[[5779,8057],[4,-2],[-3,-1],[0,-2],[-4,0],[-2,5],[0,4],[4,-2],[1,-2]],[[5769,8105],[-6,-3],[1,7],[3,-2],[2,-2]],[[5779,8097],[0,-1],[-4,-2],[-1,4],[-2,0],[1,4],[-3,4],[2,1],[-3,7],[8,-1],[4,-1],[9,3],[8,-3],[0,-2],[4,0],[0,-3],[-8,0],[-4,-2],[1,-5],[-3,-1],[-2,-2],[-7,0]],[[5779,8097],[-2,5],[-3,-1],[1,-3],[4,-1]],[[5785,8109],[-4,0]],[[5781,8109],[4,0]],[[5769,8131],[1,-3],[4,-3],[0,-3],[-6,4],[1,5]],[[5756,8154],[4,0],[4,-4]],[[5764,8150],[-9,2],[1,2]],[[5766,8346],[3,4],[3,0],[1,3]],[[5773,8353],[1,6],[4,1],[1,3],[6,3],[5,1],[2,6],[5,1],[-2,4],[4,0],[3,2],[-1,2],[7,2],[4,0],[4,2],[0,2],[8,2],[5,-1],[11,-1]],[[5840,8388],[1,-1],[-2,-3],[-4,-1],[-13,1],[-3,0],[-2,-3],[-4,0],[-5,-3],[-4,-3],[-5,-2],[0,-2],[-3,-3],[0,-3],[-4,-5],[-9,-5],[-1,-3],[-4,-4],[-4,0],[-3,-2],[-5,0]],[[5784,8372],[5,-1],[0,-3],[-5,4]],[[5789,8379],[2,0],[-1,-4],[-4,0],[3,4]],[[5806,8388],[0,-4],[-5,1],[2,3],[3,0]],[[5840,8388],[0,2],[-9,1],[-9,3],[-1,2],[4,1],[7,-1],[0,3],[-5,-1],[-5,3],[0,3],[-6,-1]],[[5816,8403],[-1,2],[0,3],[4,3],[11,0],[7,0],[3,-2],[1,-4],[2,-1],[0,-5],[-3,-4],[1,-1],[-1,-6]],[[5814,8401],[2,2]],[[5816,8403],[-2,-2]],[[4908,688],[2,4],[5,0],[-1,-4],[-4,-1],[-2,1]],[[4954,898],[4,-1],[-2,-3],[-4,1],[2,3]],[[4941,902],[1,2],[4,0],[2,-4],[-4,0],[-3,2]],[[4977,916],[-6,1],[-1,2],[6,4],[3,-1],[2,-5],[-1,-6],[-4,-4],[4,-1]],[[4980,906],[-4,-2],[-4,-3],[-8,1],[4,3],[3,2],[1,9],[5,0]],[[4960,908],[-4,1],[2,5],[4,0],[1,-1],[0,-4],[-3,-1]],[[4962,919],[-1,-2],[-5,1],[0,5],[4,0],[3,-2],[-1,-2]],[[4953,924],[1,2],[4,0],[0,-3],[-5,1]],[[4961,934],[0,4],[4,0],[-1,-5],[-3,1]],[[4983,970],[-2,-4],[-3,1]],[[4978,967],[-2,2],[2,1],[5,0]],[[4993,1034],[-1,-2],[-4,-2],[-6,1],[-8,1],[0,5],[3,2],[-6,2],[7,1],[6,0],[7,-2],[-1,-4],[3,-2]],[[4983,1044],[10,0],[-1,-2],[-6,0],[-3,2]],[[4957,1046],[12,0],[-1,-3],[-6,0],[-5,3]],[[4942,1056],[3,2],[2,5],[4,0],[7,-1],[-1,4],[6,-1],[-5,-4],[-2,1],[-4,-3],[5,-2],[-4,-3],[-3,1],[-8,1]],[[5010,1072],[-5,-2],[-4,3],[-3,0],[-2,2],[8,0],[6,-3]],[[4985,1072],[-3,2],[5,1],[6,0],[0,-4],[-8,1]],[[5009,1080],[1,-3],[-4,0],[-6,3],[-3,5],[5,0],[7,-4],[0,-1]],[[5002,1114],[-3,3],[-3,5],[4,0],[0,-3],[3,0],[-1,-5]],[[5019,1543],[-4,0],[-4,2],[-2,2],[5,0],[5,2],[5,1],[7,0],[2,-3],[0,-6],[-13,1],[-1,1]],[[5029,1557],[-3,-3],[-3,1],[-9,7],[4,1],[4,-1],[5,-1],[3,-2],[-1,-2]],[[5059,1565],[-4,0],[1,2],[4,1],[-1,-3]],[[5041,1570],[5,0],[2,-2],[-4,-2],[-4,2],[1,2]],[[5157,2171],[0,-3],[-5,0],[3,5],[2,-2]],[[5157,2377],[-6,-1],[0,2],[5,1],[1,-2]],[[5164,2390],[5,-1],[-4,-2],[-1,3]],[[5132,2479],[2,1],[5,0],[3,-2],[0,-3],[-9,1],[-1,3]],[[5198,2625],[-2,-4],[-5,1],[0,2],[7,1]],[[5171,2628],[1,4],[5,-1],[-2,-7],[-5,1],[1,3]],[[5185,2631],[3,-1],[0,-2],[-4,0],[1,3]],[[5177,2642],[2,-4],[-3,-1],[-1,4],[2,1]],[[5198,2897],[10,-1]],[[5208,2896],[5,-1],[-2,-4],[-3,1],[-2,-1],[-5,2],[-3,4]],[[5208,2896],[0,2]],[[5208,2898],[0,-2]],[[5282,3323],[4,-1],[0,-2],[-6,1],[2,2]],[[5265,3446],[2,3],[6,-2],[-5,-2],[-3,1]],[[5351,3911],[3,4],[4,-2],[-4,-3],[-3,1]],[[5366,4081],[-3,0],[0,-3],[-6,3],[3,4],[2,0],[4,-4]],[[5362,4086],[0,4],[3,1],[2,-3],[-5,-2]],[[5368,4126],[4,1],[2,-4],[-4,0],[-2,1],[0,2]],[[5421,4219],[-11,2],[-2,4],[6,-1],[2,1],[6,0],[-2,-3],[1,-3]],[[5461,4854],[2,4],[4,-3],[-6,-1]],[[5507,4865],[-4,0],[-6,-1],[-3,1],[1,3],[-2,2],[-9,0],[-9,-2],[-5,-4],[-5,-1],[-3,1],[1,4],[-1,2],[-4,1],[-7,3],[-3,3],[-11,5],[-2,1],[-14,3],[-4,4],[-9,2],[1,1],[6,2],[1,2],[6,0],[1,-2],[6,-1],[4,-5],[3,-2],[7,-3],[3,1],[9,2],[4,-1],[5,-1],[4,-4],[6,0],[-1,-2],[-4,-6],[5,-3],[5,0],[6,2],[7,0],[5,-2],[3,2],[6,-5],[1,-2]],[[5521,5228],[-4,2],[3,2],[4,-2],[-3,-2]],[[5613,6189],[-1,0]],[[5612,6189],[1,0]],[[5612,6189],[1,0]],[[5613,6189],[-4,-4],[-2,2],[1,5],[3,0],[1,-3]],[[5612,6197],[2,-2],[0,-3],[5,-2]],[[5619,6190],[-5,0],[-2,2],[0,5]],[[5619,6190],[1,4],[4,3],[4,-1],[-3,-4],[-1,-3],[-5,1]],[[5624,6232],[-3,0],[-2,2],[1,2],[7,-2],[-3,-2]],[[5654,6339],[0,3],[6,-1],[0,-3],[-6,1]],[[5664,6507],[-6,-1],[-1,2],[6,0],[1,-1]],[[5706,7116],[12,0],[7,-1],[0,-1],[-17,1],[-2,1]],[[5741,7309],[5,-2],[-4,-1],[-1,3]],[[5736,7329],[6,1],[4,-2],[-9,0],[-1,1]],[[5749,7330],[-5,1],[-13,1],[-5,2],[22,-1],[1,-3]],[[5747,7337],[-8,-1],[1,2],[7,-1]],[[5769,7336],[-5,-1],[-1,2],[5,0],[1,-1]],[[5745,7342],[-5,0],[-1,2],[13,-1],[5,0],[-1,-2],[-11,1]],[[5766,7345],[-8,1],[-1,1],[14,-1],[-5,-1]],[[5767,7347],[-4,2],[25,-1],[-4,-1],[-10,0],[-2,-1],[-5,1]],[[5783,7900],[-1,2]],[[5782,7902],[6,0],[12,7],[6,1],[3,1],[6,1],[5,2],[4,0],[2,2],[5,-1],[4,1],[1,2],[4,3],[5,2],[9,5],[3,4],[7,4],[4,6],[1,4]],[[5869,7946],[-1,-6],[-2,-1],[-2,-5],[-3,0],[-3,-4],[-10,-7],[-5,-2],[-4,-1],[0,-3],[-3,0],[0,-3],[-4,-2],[-1,2],[-4,1],[-3,-3],[-4,0],[-3,-1],[-1,-2],[-10,0],[-1,-1],[-4,0],[-2,-4],[-5,-2],[-5,0],[-1,-2],[-5,0]],[[5872,8439],[-3,2],[2,2],[4,0],[-3,-4]],[[5881,8442],[-4,1],[3,3],[4,0],[0,-2],[-3,-2]],[[5867,8455],[3,-1],[5,2],[0,-4],[8,-1],[-1,-2],[-5,0],[0,-4],[-6,3],[3,1],[0,4],[-7,0],[0,2]],[[5888,8448],[1,5],[2,-1],[-3,-4]],[[5881,8463],[7,1],[-1,-3],[-5,1],[-1,1]],[[5015,947],[-1,-3],[-8,1],[2,2],[7,0]],[[5017,948],[-2,-1]],[[5015,947],[2,1]],[[5019,953],[0,-2],[-8,1],[-4,1],[10,3],[2,-3]],[[5041,959],[11,0],[0,-1],[-8,0],[-3,1]],[[5021,958],[0,1],[12,4],[1,-2],[-5,0],[-8,-3]],[[5016,964],[8,0],[0,-1],[-7,-1],[-1,2]],[[5018,969],[-9,0],[0,2],[9,0],[0,-2]],[[5044,974],[-5,-2],[-9,1],[-5,-1],[-8,-1],[1,2],[5,0],[5,1],[8,1],[8,-1]],[[5008,977],[3,1],[1,3],[4,0],[4,3],[-6,1],[0,3]],[[5014,988],[5,-2],[2,2],[1,3],[-6,0],[-12,2],[-6,1],[1,5],[-3,1],[1,3],[4,0],[11,3],[13,0],[2,-2],[3,-9],[4,-1],[-1,-2],[5,-3],[0,-4],[3,-1],[-2,-3],[-4,-2],[-11,-3],[-9,1],[2,-3],[-8,0],[-1,3]],[[5011,1009],[-5,3],[3,1],[5,-3],[-3,-1]],[[5025,1067],[-1,3],[6,1],[-5,-4]],[[5069,1404],[-8,-1],[4,3],[4,-2]],[[5082,1448],[-1,-3],[-6,1],[3,2],[4,0]],[[5116,1508],[0,-1]],[[5116,1507],[0,1]],[[5116,1507],[0,1]],[[5116,1508],[6,1],[1,-2],[-7,0]],[[5133,1514],[-6,-3],[-12,3],[-2,2],[7,0],[6,0],[5,3],[2,-5]],[[5086,1561],[-5,-1],[0,2],[5,-1]],[[5148,1978],[1,-2],[-7,-1],[2,3],[4,0]],[[5146,2043],[-7,1],[1,2],[4,0],[7,0],[4,-2],[-2,-2],[-7,1]],[[5150,2062],[-6,-4],[0,-3],[5,-1],[-7,-6],[-6,-1],[-2,2],[7,1],[-5,2],[0,3],[2,1],[1,3],[6,0],[5,3]],[[5164,2057],[-5,0],[0,2],[5,0],[0,-2]],[[5182,2059],[-7,1],[2,-4],[0,-3],[-3,-1],[-3,1],[2,4],[-3,5],[6,0],[3,1],[2,3],[3,0],[0,-5],[-2,-2]],[[5156,2069],[1,3],[5,0],[-2,-4],[-4,1]],[[5204,2071],[-7,0],[-1,1],[-11,0],[-2,3],[9,0],[6,-3],[6,-1]],[[5160,2078],[5,0],[-5,-3],[0,3]],[[5180,2080],[12,1],[0,-2],[-4,-1],[-5,0],[-3,2]],[[5201,2082],[5,5],[2,-2],[-6,-3],[-1,0]],[[5183,2128],[-2,-4],[4,-2],[4,-1],[4,1],[1,2],[-4,1],[2,2],[8,1],[3,-4],[13,0],[4,2],[3,-2],[-2,-3],[-22,1],[-3,0],[4,-4],[0,-2],[-3,-5],[-4,0],[-2,3],[2,3],[-7,0],[-1,-5],[3,-1],[-3,-3],[0,-4],[-7,-3],[-11,0],[-3,2],[1,11],[2,4],[5,1],[5,0],[-5,4],[-4,2],[3,5],[3,2],[6,2],[6,-1],[-3,-5]],[[5201,2136],[6,0],[-2,-2],[-4,2]],[[5199,2158],[3,-3],[0,-6],[2,-3],[0,-5],[-5,-3],[-3,2],[1,2],[-6,2],[-8,0],[1,4],[5,-2],[6,-1],[1,4],[-5,1],[-3,3],[4,3],[0,3],[3,2],[4,-3]],[[5160,2152],[-2,3],[3,1],[4,-1],[-5,-3]],[[5227,2451],[7,0],[1,-2],[8,0],[-1,-2],[-7,0],[-2,2],[-9,1],[-12,1],[-7,-1],[-11,1],[-2,3],[-5,1],[6,3],[12,-1],[7,-3],[15,-3]],[[5263,2876],[-4,0],[-1,2],[10,2],[2,1],[4,-1],[-5,-5],[-6,1]],[[5278,2879],[-1,3],[6,0],[-1,-2],[-4,-1]],[[5329,2881],[-12,0],[0,-2],[-8,-3],[-1,-5],[-7,-3],[-9,-1],[-5,5],[2,1],[6,0],[2,4],[5,3],[-5,0],[-6,3],[-2,-1]],[[5289,2882],[-11,3]],[[5278,2885],[-1,1]],[[5277,2886],[5,2],[5,1],[3,-2],[5,2],[3,0],[1,2],[5,0],[1,3],[5,1],[7,-1],[-4,-3],[3,-2],[0,-3],[2,-4],[11,0],[0,-1]],[[5277,2886],[1,-1]],[[5278,2885],[-8,-2],[0,1],[7,2]],[[5378,3429],[-3,-1],[-1,3],[5,3],[7,0],[2,-3],[-4,-2],[-6,0]],[[5304,3451],[2,3],[13,-1],[6,6],[1,5],[-2,3],[-2,2],[4,2],[6,0],[4,-2],[6,0],[4,-3],[1,-2],[4,0],[-1,-4],[1,-5],[10,-5],[4,0],[-1,3],[3,3],[4,0]],[[5371,3456],[-4,-2],[2,-3],[4,1],[12,-1],[11,-1],[4,-1],[0,-4],[-4,-2],[-7,-1],[-7,-2],[-11,0],[-4,-7],[-18,1],[-6,1],[-11,3],[0,2],[-5,0],[-2,2],[2,1],[13,2],[0,2],[-6,2],[-6,0],[-11,-1],[-1,2],[-8,1],[-4,0]],[[5361,3444],[2,1],[-4,5],[-6,-1],[-5,-2],[0,-3],[6,-2],[7,2]],[[5493,4379],[-2,2],[2,3],[3,-1],[-3,-4]],[[5467,4439],[-9,-1],[-3,-1],[-12,0],[-3,2],[-4,-1],[-11,0],[-5,0],[-6,2],[-4,2],[-6,-1],[-6,0],[0,1],[6,1],[1,1],[9,0],[6,-2],[-2,-3],[10,2],[9,-1],[15,-1],[11,0],[4,2],[4,-1],[10,5],[10,-1],[10,1],[8,1],[6,1],[5,1],[5,-1],[3,-2],[5,0],[2,-1],[8,-1],[7,-3],[1,-1],[-6,-2],[-6,2],[-5,4],[-6,-1],[-3,3],[-8,1],[-10,-5],[-6,-1],[-9,1],[-9,-2],[-12,0],[-4,0]],[[5522,4611],[-1,-1],[-6,0],[-1,7],[6,-2],[2,-4]],[[5525,4838],[0,-2],[-7,1],[-1,2],[8,-1]],[[5502,4924],[3,-3],[2,0],[4,-3],[5,-2],[6,-3],[0,-3],[7,-1],[6,2],[0,3],[4,1],[5,0],[3,-2],[-1,-6],[-2,-5],[-4,-2],[-6,0],[-3,-2],[0,-2],[-3,-3],[-5,-2],[-7,1],[0,1],[1,8],[-4,3],[0,3],[3,0],[4,-2],[0,3],[-2,1],[-12,1],[1,3],[-10,10],[-3,0],[-3,3],[2,1],[9,-3]],[[5538,4910],[6,0],[0,3],[-7,-1]],[[5537,4912],[1,-2]],[[5538,4910],[-1,2]],[[5537,4912],[1,-2]],[[5800,7344],[5,2],[0,-3],[-4,0],[-1,1]],[[5794,7355],[0,-2],[-7,0],[2,2],[5,0]],[[5876,7950],[1,-1]],[[5877,7949],[-2,1]],[[5875,7950],[1,0]],[[5877,7949],[0,1]],[[5877,7950],[2,0]],[[5879,7950],[-2,-1]],[[5882,7974],[0,1]],[[5882,7975],[0,-1]],[[5854,8015],[2,-1]],[[5856,8014],[-2,1]],[[5927,8467],[4,-3]],[[5931,8464],[4,2],[1,2],[5,0],[2,-2],[-6,-3],[-1,-1],[-7,0],[-6,4],[-2,-2],[-5,-1],[-3,0],[-3,4],[5,-2],[2,2],[10,0]],[[5904,8467],[3,0],[-3,-4],[-4,6],[0,4],[2,1],[3,-1],[-2,-4],[1,-2]],[[5927,8467],[-2,1],[3,3],[3,-7]],[[5931,8464],[-4,3]],[[5916,8476],[-3,0]],[[5913,8476],[3,0]],[[5916,8482],[11,7],[-2,-5],[-2,0],[-4,-3],[-3,1]],[[5023,617],[0,5],[-2,4],[4,0],[-2,-9]],[[5043,678],[3,3],[4,-1],[-1,-3],[-5,0],[-1,1]],[[5064,1001],[11,0],[0,-4],[-5,0],[-6,4]],[[5063,1011],[0,-2],[-6,0],[-1,2],[7,0]],[[5075,1020],[-1,-1]],[[5074,1019],[1,1]],[[5102,1015],[-9,3],[0,3],[3,1],[13,0],[3,-2],[-1,-4],[-2,-2],[-7,1]],[[5075,1020],[-1,-1]],[[5074,1019],[-7,0],[4,3],[4,-2]],[[5142,1525],[-3,1],[-4,-2],[-4,2],[6,1],[1,2],[12,-1],[-8,-3]],[[5167,1530],[-1,0]],[[5166,1530],[1,0]],[[5166,1530],[1,0]],[[5167,1530],[-3,-3],[-3,0],[-4,3],[-5,7],[3,1],[5,0],[0,-2]],[[5160,1536],[-3,-2]],[[5157,1534],[9,-4]],[[5160,1536],[2,0],[2,-3],[-7,1]],[[5157,1534],[3,2]],[[5178,1535],[-4,-3],[-9,2],[5,2],[8,-1]],[[5179,1543],[1,-1]],[[5180,1542],[-1,1]],[[5176,1568],[1,1]],[[5177,1569],[-1,-1]],[[5176,1568],[1,1]],[[5177,1569],[-2,2],[11,0],[0,4],[8,0],[2,-1],[-1,-6],[-7,-6],[-3,-1],[-9,2],[-5,3],[1,2],[4,0]],[[5221,1973],[-6,1],[1,2],[5,-3]],[[5194,1968],[-6,5],[1,2],[-5,3],[1,2],[4,3],[8,-1],[4,-2],[10,0],[0,4],[5,1],[0,-4],[-6,-4],[-1,-2],[-6,-1],[-6,1],[-4,-2],[1,-5]],[[5237,1983],[6,1],[0,-4],[-8,1],[2,2]],[[5222,1991],[5,0],[1,3],[11,-1],[-8,-9],[-8,1],[-2,1],[-1,4],[2,1]],[[5213,2076],[1,-4],[-5,2],[-2,10],[8,1],[9,0],[0,-2],[-15,-1],[2,-2],[-1,-3],[3,-1]],[[5219,2074],[0,5],[4,2],[-1,-4],[-3,-3]],[[5216,2091],[-2,-2],[-12,1],[7,4],[0,-3],[5,0],[1,2],[9,0],[1,-3],[-8,0],[-1,1]],[[5220,2098],[-5,-2],[-3,0],[0,4],[2,1],[4,-4],[2,1]],[[5213,2107],[1,2],[4,-1],[0,-3],[-5,2]],[[5227,2113],[0,3],[3,0],[0,-5],[-3,2]],[[5219,2115],[-2,2],[3,2],[3,-2],[-4,-2]],[[5243,2119],[-3,1],[0,-5],[-2,-3],[-3,4],[1,4],[-2,3],[7,-1],[2,-3]],[[5242,2158],[1,-3],[-4,-1],[-1,4],[3,0]],[[5241,2158],[1,0]],[[5242,2158],[-1,0]],[[5241,2158],[-5,4],[5,1],[10,-1],[-1,-3],[-4,-2],[-4,1]],[[5337,2866],[4,-3],[-10,2],[-1,3],[-3,0],[0,3],[2,2],[5,0],[-1,-6],[4,-1]],[[5389,3328],[5,5],[3,0],[-1,-3],[-7,-2]],[[5408,3366],[-2,0],[0,5],[6,-1],[-2,-3],[-2,-1]],[[5410,3416],[1,-4],[-3,0],[2,4]],[[5415,3432],[5,-1]],[[5420,3431],[-8,0],[-1,-3],[-2,-1],[-6,0]],[[5403,3427],[-4,0],[-2,3],[0,5],[4,4],[7,-1]],[[5408,3438],[3,-2],[-1,-3],[5,-1]],[[5427,3465],[-3,2],[2,4],[4,-2],[0,-2],[-3,-2]],[[5487,4031],[-2,-1],[-13,2],[-5,0],[-3,1],[0,2],[5,-1],[9,0],[1,-3],[8,0]],[[5512,4281],[1,0]],[[5513,4281],[1,0]],[[5514,4281],[-2,0]],[[5520,4279],[-4,2],[4,2],[5,-1],[2,-2],[-1,-2],[-6,1]],[[5514,4281],[-1,0]],[[5513,4281],[-1,0]],[[5512,4281],[3,3],[2,-2],[-3,-1]],[[5522,4288],[0,3],[4,0],[0,-5],[-6,-1],[2,3]],[[5544,4375],[-2,0]],[[5542,4375],[1,3],[-4,0]],[[5539,4378],[-1,2],[4,3],[4,2],[3,-2],[0,-3],[-4,-3],[-1,-2]],[[5536,4393],[1,-4],[-3,1],[2,3]],[[5520,4419],[-3,3],[2,3],[6,2],[0,-4],[-5,-4]],[[5547,4624],[0,-4],[-5,0],[0,-5],[3,-1],[-1,-2],[0,-5],[4,2],[3,0],[-4,-9],[-9,6],[3,1],[3,2],[-8,0],[-2,2],[7,8],[0,3],[-4,2],[1,4],[5,-1],[0,-1],[4,-2]],[[5559,4612],[-4,0],[2,5],[6,-1],[-2,-3],[-2,-1]],[[5762,6273],[-1,1]],[[5761,6274],[1,-1]],[[5946,7955],[1,0]],[[5947,7955],[-1,0]],[[5926,7979],[-4,0]],[[5922,7979],[4,0]],[[5934,7983],[1,0]],[[5935,7983],[-3,1]],[[5932,7984],[2,-1]],[[5978,8472],[0,2],[4,3],[3,-3],[-4,-2],[-3,0]],[[5082,765],[-4,0],[-2,2],[6,0],[0,-2]],[[5095,802],[-5,-2],[2,-4],[4,2],[5,-1],[2,-1],[0,-5],[-5,0],[-2,1],[1,4],[-11,0],[5,-5],[-1,-2],[-4,-1],[-3,6],[0,2],[5,4],[7,2]],[[5102,811],[-1,-2],[-3,0],[1,3],[3,-1]],[[5135,815],[-8,1],[-2,3],[3,1],[8,-1],[-1,-4]],[[5112,996],[-1,0]],[[5111,996],[1,0]],[[5111,996],[1,0]],[[5112,996],[-1,0]],[[5142,1065],[-7,-1],[-1,2],[8,-1]],[[5162,1069],[0,4],[8,-1],[-8,-3]],[[5170,1095],[7,0],[-1,-2],[-13,0],[7,2]],[[5156,1094],[-4,3],[-5,2],[2,2],[14,-1],[-1,-4],[-2,-2],[-4,0]],[[5211,1481],[2,1],[5,0],[1,-1],[-8,0]],[[5216,1502],[0,3],[5,-1],[-1,-2],[-4,0]],[[5228,1507],[-4,3],[-5,0],[-2,3],[3,1],[-1,4],[2,0],[5,0],[-2,-3],[0,-2],[6,-1],[2,-4],[-4,-1]],[[5218,1524],[6,-1],[0,-2],[-12,1],[-2,2],[8,0]],[[5202,1540],[0,-5],[3,0],[2,3],[7,1],[3,3]],[[5217,1542],[2,-3],[-1,-5],[3,-2],[6,0],[9,2],[-2,-4],[-2,-2],[-7,0],[0,2],[-7,1],[-3,-1],[-6,0],[-5,2],[-4,1],[-1,2],[-6,1],[-6,-1],[-5,1],[0,3],[3,1],[-2,2],[-3,0]],[[5180,1542],[-1,1]],[[5179,1543],[4,2],[7,-3],[1,3],[9,-1],[-1,-2],[3,-2]],[[5202,1540],[-1,4],[1,3],[4,0],[0,-6],[-4,-1]],[[5264,1569],[2,-4],[2,0],[-2,-4],[-3,2],[-3,0],[0,-4],[5,-3],[-1,-3],[-7,-1],[1,-4],[-2,-1]],[[5256,1547],[0,1],[-11,0],[-3,1]],[[5242,1549],[-1,2],[-5,0],[2,-4],[-5,1],[-3,-3],[2,-3]],[[5232,1542],[-5,2],[2,8],[-3,1],[-3,-1],[-5,-4],[4,-2],[1,-3],[-6,-1]],[[5217,1542],[-2,2],[2,4],[-6,2],[-7,0],[0,2],[-5,-1],[-1,-5],[-4,-1],[-7,2],[-3,2],[-7,0],[-3,2],[0,2],[5,0],[7,5],[5,0],[13,-1],[4,0],[3,1],[6,-1],[2,-2],[5,1],[8,0],[3,-1],[9,-1],[15,1],[-4,1],[2,3],[-7,0],[-9,-1],[-7,0],[-7,3],[8,1],[8,0],[12,0],[4,2],[0,4],[5,1]],[[5284,1993],[3,0],[1,2],[5,1],[0,-2],[-3,-3],[-6,2]],[[5274,2015],[-7,-4],[0,-5],[2,0],[-1,-3],[4,-1],[-5,-3],[-2,0],[0,7],[-3,5],[2,3],[4,1],[6,0]],[[5276,2128],[5,1]],[[5281,2129],[-5,-1]],[[5276,2128],[-5,2],[0,2],[-3,2],[5,2],[1,-3],[3,-2],[-1,-3]],[[5270,2161],[-3,2],[1,2],[9,-1],[1,-1],[-7,0],[-1,-2]],[[5299,2192],[-1,-3],[3,-1],[-3,-6],[3,-4],[-1,-5],[-6,-1],[-1,-2],[-6,0],[0,3],[4,2],[-2,2],[3,7],[6,1],[-3,5],[4,2]],[[5305,2465],[1,4],[9,0],[0,-2],[-3,-1],[-5,0],[-2,-1]],[[5254,2582],[-3,4],[-3,3],[-11,10],[2,11],[6,-1],[1,-2],[8,-2],[3,-2],[1,-5],[5,-1],[2,7],[2,1],[10,-1],[8,-6],[1,-7],[-1,-8],[1,-4],[4,-6],[11,-4],[21,-1],[13,3],[4,-1],[3,-2],[-1,-8],[3,-1],[9,0],[0,5],[3,0],[5,4],[2,7],[3,-3],[1,-2],[7,1],[5,-8],[1,-3],[0,-4],[-2,-4],[-11,-7],[5,-3],[7,-3],[11,0],[3,3],[10,-4],[4,-4],[3,-5],[0,-3],[-8,-3],[-3,-6],[-4,-3],[-7,-1],[-7,1],[-9,1],[-2,-1],[-10,0],[-6,1],[-8,-1],[0,-4],[-7,-4],[-5,1],[0,3],[-6,-4],[-5,-1],[0,-3],[4,1],[-1,-3],[-2,-3],[-2,-7],[-3,-2],[-4,0],[0,-2],[-1,-4],[-5,-4],[5,-1],[2,-3],[0,-2],[-6,-2],[-6,1],[-6,-4],[-3,-4],[-3,0],[0,-3],[-3,0],[-5,-4],[-6,-2],[-1,2],[-3,0],[-4,-2],[0,-3],[-6,0],[-4,1],[-7,0],[-1,3],[6,0],[13,4],[0,2],[3,2],[8,0],[4,2],[5,0],[2,5],[-3,1],[-3,-3],[-8,1],[-1,2],[6,0],[0,5],[-6,4],[1,3],[5,1],[0,2],[-5,6],[-4,1],[-3,3],[2,5],[2,0],[0,5],[3,1],[1,2],[-2,2],[6,6],[4,5],[7,4],[2,4],[-4,6],[-5,0],[0,4],[4,0],[-2,2],[-3,1],[-5,5],[-11,4],[-5,3],[-5,1],[2,9],[-2,3],[1,5],[-2,4],[-5,5],[-1,0]],[[5364,2527],[-1,3],[0,4],[-3,0],[-2,-4],[3,-3],[3,0]],[[5332,2532],[-2,-3],[5,-2],[7,1],[2,3],[-3,1],[-9,0]],[[5327,2527],[1,-5],[3,0],[0,5],[-4,0]],[[5358,2521],[3,1],[-2,2],[-3,-1],[2,-2]],[[5312,2526],[-2,-4],[3,0],[2,3],[-3,1]],[[5381,2520],[4,2],[-3,1],[-4,-3],[3,0]],[[5394,2523],[-3,-2],[2,-2],[6,1],[0,2],[-5,1]],[[5315,2513],[2,5],[-5,0],[-2,-5],[5,0]],[[5318,2512],[3,-2],[5,3],[-2,3],[-6,-4]],[[5301,2500],[4,-3],[4,-1],[4,-3],[3,0],[-3,4],[2,10],[-4,-1],[-7,-2],[1,-3],[-4,-1]],[[5298,2496],[1,4],[-5,0],[-2,-3],[6,-1]],[[5309,2494],[-7,1],[0,-3],[7,2]],[[5299,2484],[5,0],[1,4],[-4,2],[-3,1],[1,-7]],[[5291,2485],[3,-1],[3,3],[-5,0],[-1,-2]],[[5392,2845],[3,-1]],[[5395,2844],[-3,1]],[[5395,2844],[4,3],[0,-4],[-4,1]],[[5371,2851],[-7,0],[0,6],[4,0],[-1,-3],[4,-3]],[[5367,3341],[-5,1],[2,4],[11,0],[5,3],[14,5],[10,2],[4,-2],[5,-1],[11,3],[4,0],[8,2],[3,2],[8,0],[8,-2],[2,-5],[-2,-1],[-13,1],[0,-2],[3,-3],[12,-5],[-1,-7],[-2,-2],[-2,-5],[-1,-5],[2,-1],[6,-3],[2,-2],[7,-5],[-5,-4],[5,-3],[5,-2],[4,0],[-2,-4],[-3,0],[0,3],[-3,0],[-10,9],[-5,0],[-4,3],[-4,0],[-6,3],[1,2],[6,4],[-2,2],[-3,1],[-12,1],[-11,0],[-5,2],[-7,7],[-6,1],[-3,-2],[-6,0],[-7,2],[-8,1],[-2,-2],[-5,1],[-3,1],[0,2]],[[5535,4029],[0,-4],[-4,-2],[-3,4],[-3,-1],[-1,3],[2,2],[5,-2],[4,0]],[[5580,4309],[2,1]],[[5582,4310],[-2,-1]],[[5579,4310],[1,0]],[[5580,4310],[2,0]],[[5582,4310],[-2,-1]],[[5580,4309],[-1,1]],[[5579,4310],[-4,-2]],[[5575,4308],[-8,0],[-5,3],[1,3],[3,2],[5,-1],[7,-3]],[[5578,4312],[2,-2]],[[5580,4310],[-1,0]],[[5567,4348],[-2,-2],[-3,2],[0,2],[5,0],[0,-2]],[[5554,4349],[6,1],[-2,-4],[-4,3]],[[5554,4351],[-4,0],[0,3],[5,1],[-1,-4]],[[5575,4358],[3,0],[2,2],[3,-1],[-5,-3],[-3,2]],[[5542,4375],[2,0]],[[5544,4375],[0,-2],[4,-4],[3,0],[6,5],[8,5],[9,0],[6,-5],[-1,-6],[-2,-3],[-5,-2],[-7,-2],[-4,0],[-4,2],[-1,4],[-7,-2],[-4,3],[-5,1],[2,6]],[[5553,4389],[2,2],[6,0],[-2,-3],[-6,1]],[[5548,4394],[0,2],[6,0],[0,-2],[-6,0]],[[5569,4395],[3,-1],[4,-1],[3,-1],[-17,1],[-2,1],[5,2],[4,-1]],[[5554,4399],[8,0],[0,-2],[-5,0],[-3,2]],[[5555,4400],[-2,1],[0,4],[4,-4],[-2,-1]],[[5547,4405],[4,2],[-2,-4],[-4,0],[2,2]],[[5561,4410],[2,-2],[-2,-2],[-3,0],[3,4]],[[5563,4431],[4,-3],[-1,-3],[-3,3],[-2,0],[-1,4],[-7,0],[-2,2],[5,0],[7,-3]],[[5631,4957],[1,-3],[-4,0],[3,3]],[[5729,5748],[-3,1],[-4,3],[3,1],[7,-2],[-3,-3]],[[5791,6245],[-3,-2],[-5,-1],[-3,1],[0,6],[3,2],[4,0],[4,-6]],[[5784,6256],[0,-3],[-4,-1],[1,4],[3,0]],[[5888,7134],[1,1],[11,-1],[0,-1],[-8,0],[-4,1]],[[5879,7140],[2,4],[4,-3],[7,0],[-1,-2],[-10,1],[-2,0]],[[5889,7166],[-1,3],[7,-1],[1,-3],[-5,-1],[-2,2]],[[5950,7953],[0,1]],[[5950,7954],[0,-1]],[[5950,7954],[-3,1]],[[5947,7955],[0,4]],[[5947,7959],[5,-1],[-3,-3],[1,-1]],[[5976,8031],[-1,-1],[-1,-6]],[[5974,8024],[-7,1],[0,-3],[-5,-1],[-5,3]],[[5957,8024],[-1,0]],[[5956,8024],[-2,-2],[-5,2]],[[5949,8024],[-6,-1],[-3,-3],[-4,0],[1,-3],[-2,-4]],[[5935,8013],[7,-2],[4,3],[0,4],[4,0],[1,-2]],[[5951,8016],[-3,-3],[-1,-3],[8,-1],[3,0],[5,3],[2,0],[1,3],[3,1]],[[5969,8016],[-4,3],[7,0],[11,3],[1,3],[8,0],[0,8],[3,3],[6,0],[0,-4],[-2,-4],[4,-2],[-2,-2],[-4,-1],[-2,-2],[-8,1]],[[5987,8022],[-1,-2],[7,-1],[1,2],[5,-1],[3,1]],[[6002,8021],[2,0]],[[6004,8021],[2,4],[-2,3],[6,1],[3,-1],[9,1],[2,1],[7,0],[4,2],[1,2],[9,0],[5,0],[2,1],[7,2],[6,-1],[9,-1],[0,-3],[4,-1],[2,-7],[-9,-4],[-5,-1],[-5,-3],[0,-3],[-4,-6],[1,-2],[-4,0],[-1,3],[-3,-1],[-3,-3],[-4,-1]],[[6043,8003],[-1,0]],[[6042,8003],[-4,0],[-7,1],[-3,2],[-2,-3],[-3,1],[-9,-5],[3,-2],[1,-2],[7,-1],[6,1],[-1,-3],[-4,0],[-1,-1],[-10,0],[-1,-1],[-6,0],[-3,-2],[-5,0],[-3,-2],[-6,0],[-1,-2],[-6,-3],[-6,0]],[[5978,7981],[-3,-2],[-4,0],[-1,2],[-7,0]],[[5963,7981],[-8,2],[3,2],[-4,2],[-8,0],[2,-2],[-3,-3],[0,-3],[-3,0],[-2,2],[-5,2]],[[5935,7983],[-1,0]],[[5934,7983],[-2,1]],[[5932,7984],[-2,-3],[-9,1],[1,-3]],[[5922,7979],[-5,1],[-6,0],[0,-3],[8,-1],[0,-1],[-9,0],[-1,-4],[13,0],[4,2],[7,-1],[0,-3],[-7,0],[2,-2],[6,-1],[0,1]],[[5934,7967],[4,-3],[-7,0],[-1,-1]],[[5930,7963],[-6,-3],[-1,3],[-9,1],[-8,-1],[2,-2],[7,0],[-1,-2],[-5,-2],[-4,-3],[-2,0],[-2,-6],[-6,-1],[-1,-2],[-2,-2],[-5,-2],[-1,-2],[-5,1],[1,6],[6,1],[-6,3],[-3,0]],[[5879,7950],[-2,0]],[[5877,7950],[-1,0]],[[5876,7950],[-1,0]],[[5875,7950],[3,2],[6,0],[-1,2]],[[5883,7954],[4,4],[-2,1],[2,5],[-5,0],[0,4],[2,1]],[[5884,7969],[-2,5]],[[5882,7974],[0,1]],[[5882,7975],[0,5],[-3,2],[3,3],[-6,6],[4,1],[-3,6],[0,1]],[[5877,7999],[3,-1],[1,6],[-1,2],[-4,-1],[-8,1],[-9,3],[-3,5]],[[5856,8014],[-2,1]],[[5854,8015],[10,1],[1,2],[10,-3],[5,-1],[3,4],[6,-1],[1,1],[7,2],[2,1],[6,0],[6,1],[4,0],[13,2],[7,3],[4,2],[4,0],[10,2],[7,3],[2,4],[6,4],[2,6],[5,-1],[1,4],[3,0],[8,-2],[0,3],[5,1],[0,5],[6,0],[5,-2],[1,1],[10,0],[6,1],[0,3],[4,0],[-2,-3],[1,-3],[5,0],[0,-3],[5,1],[3,-1],[6,0],[1,-3],[3,-1],[-2,-3],[-5,2],[-5,0],[-3,-3],[-8,0],[-5,0],[-2,2],[-5,0],[-8,-2],[-6,-4],[-6,0],[-4,-4],[-5,-1],[-2,-5],[-4,1]],[[6002,7992],[-2,1],[-4,-1],[2,-3],[4,3]],[[5982,7983],[0,1]],[[5982,7984],[1,3],[-4,0],[0,2],[-7,1]],[[5972,7990],[-1,2]],[[5971,7992],[-1,-2]],[[5970,7990],[-5,2],[-1,-4],[1,-2],[8,-1]],[[5973,7985],[0,-4],[5,0]],[[5978,7981],[4,2]],[[5975,8001],[10,0],[-2,3],[-4,1],[-6,-2],[-5,2],[0,-4],[-3,0],[0,-2],[5,0]],[[5970,7999],[-5,-3],[3,-2],[2,3]],[[5970,7997],[1,-2],[4,0],[-1,-5],[7,0],[3,5],[-1,2],[-5,-1],[1,3],[0,2],[-4,0]],[[5963,7981],[6,2],[-2,2],[-5,-1],[1,-3]],[[6007,8020],[0,-1],[8,0],[4,0],[0,-3],[5,1],[3,4],[-1,1]],[[6026,8022],[0,2],[-8,1],[-6,-1],[0,-2],[-5,-2]],[[6027,8017],[-3,-2],[3,-1],[9,2],[2,3],[-3,1],[-2,0],[-6,-3]],[[6029,8010],[6,2],[-4,1],[-9,-2],[7,-1]],[[5946,8001],[9,0],[-1,2],[-4,0],[-4,-2]],[[5990,7990],[-2,-2],[4,-1],[4,2],[-6,1]],[[5921,7983],[7,0],[-2,2],[-9,1],[-3,-1],[0,-2],[7,0]],[[5914,7965],[7,0],[3,2],[-3,1],[-11,1],[-5,-3],[9,-1]],[[5996,8046],[11,4],[-4,2],[-9,-1],[-2,-5],[4,0]],[[5982,7984],[0,-1]],[[5982,7983],[0,1]],[[5970,7990],[2,0]],[[5972,7990],[-2,0]],[[5970,7997],[2,1]],[[5972,7998],[0,1]],[[5972,7999],[-2,-2]],[[5972,7999],[0,-1]],[[5972,7998],[-2,1]],[[5970,7999],[5,2]],[[5975,8001],[-3,-2]],[[5952,8018],[-1,-2]],[[5951,8016],[1,2]],[[5952,8018],[1,3],[2,1]],[[5955,8022],[2,-4],[-5,0]],[[5956,8024],[1,0]],[[5957,8024],[-2,-2]],[[5955,8022],[1,2]],[[6006,8483],[3,-3],[-3,0],[0,3]],[[6046,8474],[-3,1],[-5,-1],[-5,1],[-1,-2],[-8,1],[0,-2],[-6,-2],[-3,1]],[[6015,8471],[-1,-2],[-6,3],[-4,1],[-5,0],[-2,2],[8,4],[0,-3]],[[6005,8476],[4,0],[1,4],[2,0],[0,4],[-6,0],[-3,2],[-3,6],[1,3],[4,2],[3,0],[-2,-4],[0,-5],[2,-2],[6,-1],[1,1],[7,-2],[1,-2],[-3,-1],[0,-4],[8,1],[7,-1],[10,-1],[2,0],[6,-2],[-2,-1],[-5,1]],[[5120,642],[4,-1],[6,3],[3,0],[3,2]],[[5136,646],[-2,-3],[-2,-4],[-2,-2],[-2,-5],[-4,-5],[-5,1],[0,3],[2,3],[3,2],[1,2],[-4,1],[-1,3]],[[5120,642],[-7,1],[-1,3],[2,1],[8,-2],[-2,-3]],[[5180,950],[-1,3],[4,2],[4,-3],[0,-3],[-7,1]],[[5183,965],[8,0],[0,-2],[-6,1],[-2,1]],[[5193,979],[-4,2],[2,1],[5,0],[3,-2],[-3,-2],[-3,1]],[[5194,991],[1,3],[4,0],[1,-4],[-6,1]],[[5171,1003],[4,1],[-2,-4],[-4,0],[2,3]],[[5259,1079],[-1,0]],[[5258,1079],[-4,-3],[-14,1],[-1,-2],[-9,-1]],[[5230,1074],[-2,-2],[-6,2],[4,5],[3,0]],[[5229,1079],[1,2],[-7,2],[1,2],[-4,0],[-7,-4],[-5,0],[-7,0],[-1,-1],[-4,1],[-1,2],[-3,3]],[[5192,1086],[-5,-1],[-7,0]],[[5180,1085],[-4,2],[-11,2],[1,2],[7,-1],[7,1],[10,1],[7,-1],[17,-1],[9,-1],[3,1],[13,-1],[3,2],[5,4],[-3,3],[2,2],[4,3],[4,-1],[2,-3],[-2,-3],[0,-6],[2,-4],[4,0],[-2,-3],[1,-4]],[[5236,1077],[-1,-1],[-5,0],[0,-2]],[[5230,1074],[6,1],[0,2]],[[5189,1087],[3,1],[0,3],[-5,-2],[2,-2]],[[5251,1392],[4,1],[0,-3],[-5,-1],[1,3]],[[5259,1483],[1,-3],[-7,-1],[-9,4],[1,2],[7,0],[7,-2]],[[5228,1488],[3,0],[3,-1],[-1,-2],[-5,3]],[[5221,1483],[-7,2],[-3,2],[1,4],[3,3],[10,5],[7,-1],[-4,-2],[1,-1],[7,-1],[1,-2],[-13,1],[-2,-5],[0,-3],[8,-2],[4,-3],[0,-5],[-8,1],[6,2],[-5,3],[-4,0],[-2,2]],[[5232,1542],[5,-1],[0,3],[5,1],[2,-3],[-7,-1],[-5,1]],[[5245,1538],[7,1],[1,-2],[10,1],[5,2],[-11,1]],[[5257,1541],[3,3],[4,1],[3,3],[8,0],[0,7]],[[5275,1555],[3,-2],[-1,-6],[-5,-2],[-3,-5],[-6,-3],[-5,-1],[-13,2]],[[5270,1580],[4,0],[-1,-4],[-3,2],[0,2]],[[5327,2065],[3,2],[5,0],[0,-3],[-7,-1],[-1,2]],[[5327,2173],[-2,-1],[-4,-5],[-3,1],[3,3],[-6,3],[5,2],[8,-1],[7,1],[1,1],[8,0],[-2,-3],[-11,1],[-4,-2]],[[5328,2316],[3,3],[4,2],[4,0],[-1,-4],[-3,-3],[-5,0],[-2,2]],[[5431,2787],[-4,1],[0,2],[5,0],[-1,-3]],[[5392,2845],[-1,-5],[8,-1],[-4,-3],[6,0],[1,2],[8,-2],[-3,-2],[-8,0],[3,-9],[0,-4],[2,-3],[3,-1],[10,0],[4,-2],[4,0],[3,-3],[9,-1],[2,-2],[2,-4]],[[5441,2805],[-3,0],[1,4],[-6,2],[-6,0],[-4,1],[-4,2],[-7,1],[-6,0],[-1,2],[-4,0],[-1,-2],[-5,0],[-11,2],[2,5],[4,-1],[4,3],[-2,4],[-3,2],[1,2],[-2,1],[1,5],[-2,4],[-2,6],[-7,0],[-6,0],[1,3],[8,-2],[2,1],[9,1],[-1,-5],[2,0]],[[5393,2846],[-1,-1]],[[5497,3287],[-2,-3],[-3,2],[5,1]],[[5468,3327],[2,-1],[0,-3],[-4,-1],[2,5]],[[5620,4330],[-4,0],[0,2],[3,2],[3,-2],[-2,-2]],[[5628,4362],[-1,-2]],[[5627,4360],[1,2]],[[5589,4373],[4,0],[0,-3],[-3,-2],[-3,1],[2,4]],[[5632,4378],[4,0],[1,-3],[-2,-1]],[[5635,4374],[-3,-3],[-3,0],[3,7]],[[5598,4389],[-9,-5],[-2,2],[0,4],[8,0],[3,-1]],[[5608,4387],[2,2],[4,0],[-1,-3],[-5,1]],[[5598,4389],[3,3],[0,7],[-5,2],[4,3]],[[5600,4404],[4,-2],[-1,-5],[2,-5],[-7,-3]],[[5605,4416],[-1,3],[5,-1],[2,-2],[-1,-2],[-4,0],[-1,2]],[[5599,4417],[-6,1],[2,4],[4,0],[0,-5]],[[5610,4429],[4,-2],[-4,-1],[0,3]],[[5608,4441],[-5,-1],[-1,3],[2,2],[4,-2],[0,-2]],[[5703,5351],[4,0],[3,-1],[0,-2],[-5,0],[-2,3]],[[5765,5552],[-4,-2],[-3,0],[1,3],[5,1],[1,-2]],[[5783,5703],[-3,1],[-2,5],[8,-3],[-3,-3]],[[5755,5745],[7,0],[3,-2],[-11,1],[1,1]],[[5868,6664],[-3,0],[-7,1],[1,2],[9,-3]],[[5944,7132],[-10,0],[2,2],[7,-1],[1,-1]],[[5906,7136],[-5,0],[1,2],[4,-2]],[[5914,7144],[6,-1],[10,0],[1,-2],[-13,1],[-5,-1],[-4,3],[5,0]],[[5911,7156],[3,2],[5,0],[-1,-2],[-7,0]],[[6036,7996],[-3,-1],[-1,3],[4,-2]],[[6004,8021],[-2,0]],[[6002,8021],[2,0]],[[6068,8473],[-4,-3],[-2,3],[6,0]],[[6087,8472],[-11,-1],[-3,4],[4,0],[0,-3],[10,0]],[[6080,8555],[-1,-4],[-4,1],[-1,6],[6,0],[4,-1],[-4,-2]],[[5255,1064],[2,2],[4,-1],[-5,-2],[-1,1]],[[5258,1072],[-5,0],[-1,1],[7,2],[-1,-3]],[[5258,1079],[1,0]],[[5259,1079],[-1,0]],[[5262,1106],[5,-1],[5,-3],[1,-2],[-8,1],[-1,2],[-7,2],[-4,4],[6,0],[7,1],[10,0],[-1,-3],[-5,1],[-2,-2],[-6,0]],[[5263,1115],[10,0],[-2,-3],[-6,0],[-2,3]],[[5252,1117],[-1,-2],[-4,-1],[1,3],[4,0]],[[5252,1117],[8,0],[0,4],[8,2],[6,2],[5,1],[9,-1],[3,-2],[-1,-1],[-8,1],[-4,-2],[-4,0],[-5,-5],[-11,1],[-4,-2],[-2,2]],[[5296,1563],[6,-3],[-5,-3],[-9,0],[-5,1],[4,2],[1,8],[8,-5]],[[5388,1986],[-4,0],[0,3],[-6,0],[-1,2]],[[5377,1991],[-10,1],[1,2],[6,0],[9,4],[-3,3],[3,0],[0,6],[3,-1],[0,-7],[2,-1],[-8,-4],[8,-3],[0,-5]],[[5354,2000],[-7,1],[-5,0],[2,5],[5,0],[-1,-4],[4,0],[1,3],[2,1],[6,-2],[-2,-3],[-5,-1]],[[5352,2017],[0,2]],[[5352,2019],[6,0],[-1,-3],[-4,-2],[-1,3]],[[5352,2019],[0,-2]],[[5352,2017],[-1,-5],[-2,-3],[-8,1]],[[5341,2010],[0,10],[-2,2],[1,5],[3,1],[7,0],[-2,-4],[5,-3],[-1,-2]],[[5369,2042],[0,-3],[-9,0],[0,5],[6,0],[3,-2]],[[5353,2062],[-4,0],[-3,4],[12,-1],[-1,-2],[-4,-1]],[[5358,2175],[-1,3],[5,-1],[3,2],[5,0],[3,-2],[-1,-2],[-9,0],[-5,0]],[[5403,2183],[-1,-2],[-4,-1],[1,4],[4,-1]],[[5386,2191],[3,-2],[0,-3],[-4,-3],[-5,-1],[-7,0],[0,-2],[-5,0],[1,3],[4,1],[8,0],[0,2],[-5,2],[3,6],[3,2],[3,-1],[1,-4]],[[5418,2525],[5,0],[-3,-4],[-4,0],[2,4]],[[5478,2779],[6,0],[4,-6]],[[5488,2773],[-2,3],[-8,1],[0,2]],[[5478,2779],[-10,1],[-4,3],[1,6],[-1,2],[-4,1],[0,3],[-3,3],[-12,1],[-4,1],[-2,3],[2,2]],[[5441,2805],[2,-4],[5,-1],[13,1],[-2,-2],[2,-3],[0,-3],[3,-1],[3,-6],[-1,-4],[5,-1],[6,-1],[1,-1]],[[5647,4343],[4,4],[3,-1],[-1,-4],[-6,1]],[[5665,4348],[-2,-4],[-3,0],[0,3],[5,1]],[[5641,4351],[6,-1],[0,-2],[-4,0],[-2,3]],[[5657,4350],[0,2],[7,2],[0,-2],[-7,-2]],[[5669,4351],[1,1],[6,-1],[-4,-2],[-3,2]],[[5656,4357],[7,1],[0,-2],[-5,-2],[-2,3]],[[5657,4359],[-4,0],[1,5],[4,0],[4,-3],[-5,-2]],[[5670,4373],[4,-7],[0,-3],[-6,-1],[-2,3],[-2,1],[-9,0],[6,4],[5,0],[-1,3],[5,0]],[[5636,4382],[1,-3],[-5,1],[1,2],[3,0]],[[5678,4381],[3,0],[-3,-3],[-12,0],[2,2],[5,0],[1,2],[4,-1]],[[5638,4383],[-2,-1]],[[5636,4382],[2,1]],[[5645,4385],[7,2],[-1,-2],[-2,-3],[-5,0],[1,3]],[[5667,4410],[11,0],[2,1],[8,0],[2,1],[7,3],[6,1],[2,2],[6,-1],[-5,-2],[-9,-1],[-2,-3],[-7,-3],[-7,1],[-3,-1],[-3,0],[-7,-3],[-2,0],[-4,-2],[-5,0],[-4,-1],[-7,1],[-4,-1],[-2,2],[-4,0],[-5,-3],[4,-2],[-1,-3],[-4,0],[-5,3],[-6,0],[-1,-3],[-4,0],[5,5],[4,-1],[5,1],[4,4],[5,1],[2,5],[3,0],[2,-2],[5,0],[5,-2],[5,2],[8,1]],[[5646,4404],[4,0],[2,2],[-11,1],[0,-3],[5,0]],[[5735,4957],[7,0],[3,-2],[-9,0],[-1,2]],[[5794,5503],[-3,0],[1,4],[3,0],[-1,-4]],[[5784,5543],[3,-4],[-6,0],[0,3],[3,1]],[[5790,5561],[1,0]],[[5791,5561],[-1,0]],[[5791,5561],[-1,0]],[[5790,5561],[1,0]],[[5805,5561],[-1,4],[4,-1],[-3,-3]],[[5812,5596],[-4,-1],[-4,2],[0,2],[9,-1],[-1,-2]],[[5812,5615],[-5,-1],[4,-3],[0,-1],[-8,1],[-5,-1],[-5,2],[-3,2],[-6,2],[6,2],[8,-1],[1,3],[9,-1],[4,-2],[6,-2],[1,-2],[-4,-2],[-4,2],[1,2]],[[5791,5636],[0,-1],[-9,-3],[-4,4],[-10,-2],[-6,5],[2,3],[1,3],[-4,-1]],[[5761,5644],[-1,0]],[[5760,5644],[-1,5],[9,0],[3,-3],[3,-2],[3,2],[-4,2],[0,3],[-3,3],[6,2],[-3,7],[-5,0],[-3,1],[2,10],[2,1],[3,-1],[0,-5],[2,-3],[5,-1],[0,-2],[6,-5],[0,-2],[4,-2],[4,-9],[7,-5],[1,-6],[5,-7],[2,-4],[-6,0],[-3,2],[1,4],[-3,5],[-5,0],[-1,2]],[[5777,5640],[5,1],[4,5],[0,3],[-2,1],[-3,-5],[0,-2],[-4,-3]],[[5847,6016],[0,-1]],[[5847,6015],[0,1]],[[5847,6015],[0,1]],[[5847,6016],[0,-1]],[[5972,7098],[5,-1],[0,-2],[-4,0],[-1,3]],[[5946,7116],[2,3],[6,-1],[1,-2],[-9,0]],[[5961,7127],[-4,2],[3,2],[1,-4]],[[5983,7138],[0,-1],[-5,0],[1,3],[3,1],[1,-3]],[[5979,7147],[-3,0],[-1,3],[8,0],[-4,-3]],[[6042,8003],[1,0]],[[6043,8003],[-1,0]],[[6040,8038],[4,0],[2,-1],[-5,-1],[-1,2]],[[6056,8044],[3,1],[3,-1],[-3,-2],[-3,2]],[[6103,8563],[-5,-2],[0,4],[5,0],[0,-2]],[[6127,8594],[-1,4],[3,1],[0,-4],[-2,-1]],[[6117,8601],[-3,-1],[1,7],[4,-1],[2,-2],[-5,-1],[1,-2]],[[6127,8600],[-2,2],[-3,3],[6,1],[3,-3],[0,-3],[-4,0]],[[5224,639],[-12,-1],[0,2],[8,0],[2,1],[1,3],[3,2],[4,-3],[0,-3],[-6,-1]],[[5242,687],[7,1],[1,-2],[-3,-3],[-5,1],[0,3]],[[5214,704],[5,0],[0,-2],[-5,0],[0,2]],[[5252,700],[-3,1],[1,2],[3,0],[-1,-3]],[[5275,1074],[-3,2],[10,2],[-1,-3],[-2,-1],[-4,0]],[[5290,1097],[3,0],[4,-1],[-1,-3],[-5,1],[-1,3]],[[5269,1105],[12,0],[0,-2],[-12,2]],[[5300,1124],[4,2],[5,0],[-1,-3],[-8,1]],[[5308,1130],[-2,-1],[-3,3],[1,2],[9,0],[2,-1],[-7,-3]],[[5284,1140],[9,1],[1,-4],[-4,1],[-6,2]],[[5276,1150],[5,2],[1,-3],[-6,-1],[0,2]],[[5316,1147],[-6,0],[-1,1],[-5,3],[-6,0],[1,2],[4,-1],[13,-1],[-1,-2],[1,-2]],[[5318,1152],[-8,1],[2,3],[6,-4]],[[5311,1161],[-1,-2],[-10,0],[2,3],[9,-1]],[[5289,1161],[-3,0],[-5,3],[1,3],[6,0],[4,-3],[-3,-3]],[[5305,1179],[-7,-2],[-3,1],[1,3],[5,0],[8,1],[5,0],[3,-2],[-7,0]],[[5310,1180],[-5,-1]],[[5316,1188],[2,7],[4,0],[5,-2],[6,1],[3,-3],[0,-5],[-4,-2],[-7,1],[-5,1],[-4,2]],[[5329,1186],[-3,6],[-7,-3],[7,-3],[3,0]],[[5352,1629],[1,-3],[-5,1],[4,2]],[[5396,1630],[-5,-2],[-3,0],[-7,3],[0,2],[2,2],[5,0],[8,-5]],[[5404,1926],[-4,0],[0,3],[5,-1],[-1,-2]],[[5397,1975],[-4,2],[-1,4],[4,0],[1,-6]],[[5393,2001],[1,0]],[[5394,2001],[-1,0]],[[5394,2001],[-1,0]],[[5393,2001],[1,0]],[[5423,2148],[-8,-1],[1,4],[6,-1],[1,-2]],[[5436,2151],[-4,-1],[-6,1],[-2,1],[2,6],[2,2],[-1,4],[7,-1],[4,-3],[2,-4],[0,-3],[-4,-2]],[[5490,2498],[3,-1]],[[5493,2497],[-3,1]],[[5494,2506],[3,1],[1,-3],[-4,-2],[-4,3],[4,1]],[[5519,2737],[2,3]],[[5521,2740],[1,-2]],[[5522,2738],[-3,-1]],[[5522,2738],[-1,2]],[[5521,2740],[3,1]],[[5524,2741],[-2,-3]],[[5525,2740],[-1,1]],[[5524,2741],[1,-1]],[[5512,2750],[2,-2],[0,-5]],[[5514,2743],[-2,3],[0,4]],[[5512,2750],[-3,3]],[[5509,2753],[3,-3]],[[5509,2753],[-6,1],[0,2]],[[5503,2756],[6,-3]],[[5503,2756],[-2,1]],[[5501,2757],[2,-1]],[[5488,2773],[1,0]],[[5489,2773],[1,0]],[[5490,2773],[-2,0]],[[5490,2773],[-1,0]],[[5489,2773],[1,0]],[[5578,3263],[7,-4],[10,0],[3,1],[0,-4],[-4,1],[-4,-2],[8,-4]],[[5598,3251],[3,0],[1,-3],[6,0],[2,-4],[-1,-4],[1,-3],[3,-3],[7,-1],[2,6],[2,2],[3,-2],[5,0],[1,2],[-3,2],[1,4],[-3,2]],[[5628,3249],[1,2]],[[5629,3251],[0,-2],[6,-4],[-1,-7],[-8,-1],[-1,-5],[-2,0],[-1,-7],[2,-2],[3,-3],[5,0],[5,2],[-2,-4],[-4,0],[-3,-1],[-6,2],[-1,2],[-11,1],[-11,5],[-5,1],[-4,-5],[-2,-1],[-11,1],[2,3],[7,1],[1,3],[-3,1],[-5,2],[-8,0],[-9,2],[1,-2]],[[5563,3233],[-4,2],[1,3],[-4,1],[1,5],[-4,1],[-4,2],[-6,0],[-6,2],[-5,0],[-5,5],[-5,1],[-5,5],[-4,7],[-4,1],[-4,6],[-4,3],[10,2],[5,1],[2,-1],[6,-1],[5,1]],[[5529,3279],[0,-2],[5,0],[2,-2],[10,-1],[4,-2],[3,2],[5,1],[3,1],[1,3],[2,3],[3,1],[-1,-9],[0,-3],[-6,-2],[-2,-1],[2,-4],[11,0],[0,-2],[6,-1],[1,2]],[[5532,3274],[-4,-3],[0,-3],[6,0],[-2,6]],[[5541,3265],[4,4],[-2,3],[-5,-3],[-2,-4],[5,0]],[[5543,3262],[-6,-1],[-5,-4],[0,-2],[2,-1],[5,0],[6,1],[4,0],[5,-3],[1,-2],[7,-1],[6,3],[3,-1],[0,-2],[4,0],[5,1],[0,4],[6,-3],[5,-1],[1,3],[-10,6],[-17,1],[-6,-1],[-4,2],[-12,1],[0,0]],[[5587,3242],[3,-2],[10,0],[5,2],[0,3],[-6,3],[-8,0],[-5,0],[-2,-4],[3,-2]],[[5574,3238],[2,4],[-6,3],[-8,0],[-1,-5],[9,-2],[4,0]],[[5589,3234],[2,0],[5,-3],[8,0],[2,-4]],[[5606,3227],[3,-2],[8,-1],[2,1],[1,4],[-6,3],[0,1],[-9,2],[-3,-1],[-4,3],[-4,0],[-8,3],[-1,-4],[4,-2]],[[5589,3234],[-1,-1],[4,-3],[2,1],[-5,3]],[[5687,4194],[-2,0],[-4,3],[1,4],[2,2],[6,-1],[2,-2],[-1,-2],[-4,-4]],[[5668,4201],[1,1]],[[5669,4202],[-1,-1]],[[5665,4206],[0,-1],[4,-3]],[[5669,4202],[-1,-1]],[[5668,4201],[-1,-3],[-10,1],[-1,3],[6,1],[3,3]],[[5676,4204],[0,1],[2,0],[2,1],[3,-1]],[[5683,4205],[-1,-1],[-2,1],[-4,0],[0,-1]],[[5685,4207],[-2,-2]],[[5683,4205],[2,2]],[[5666,4210],[-1,-4]],[[5665,4206],[-2,3],[3,1]],[[5681,4210],[4,0],[1,-1],[-5,-1],[0,2]],[[5685,4207],[4,0],[0,2],[9,0],[0,3]],[[5698,4212],[4,2]],[[5702,4214],[0,-1]],[[5702,4213],[-3,-5],[-9,0],[-1,-2],[-4,1]],[[5666,4210],[-4,3],[3,1],[1,-4]],[[5688,4219],[5,1],[1,-3],[-5,-1],[-1,3]],[[5686,4361],[6,2],[5,0],[-2,-3],[-3,1],[-3,-1],[-3,1]],[[5704,4363],[-1,-2],[-4,-1],[-2,4],[4,2],[3,-3]],[[5706,4363],[-2,0]],[[5704,4363],[2,0]],[[5688,4365],[-3,-1],[-3,0],[-5,5],[1,3],[-2,3],[6,1],[8,0],[0,2],[4,1],[-1,-7],[-2,-3],[-3,-4]],[[5690,4383],[-3,-3],[-4,2],[5,2],[2,-1]],[[5735,4580],[6,-1],[-3,-2],[-3,3]],[[5764,5025],[-3,-2],[-3,2],[3,3],[5,1],[1,-2],[-3,-2]],[[5809,5426],[3,0]],[[5812,5426],[-3,0]],[[5815,5442],[7,-2],[4,-4],[-1,-3],[-10,-1],[-4,-1],[0,4],[-3,0],[1,7],[6,0]],[[5855,5636],[-6,1],[0,1],[6,-2]],[[5998,7124],[1,2],[5,0],[2,-2],[-8,0]],[[5989,7129],[-2,2],[8,-1],[0,-2],[-6,1]],[[6023,7311],[0,1],[6,0],[-1,-3],[-4,0],[-1,2]],[[6030,7313],[-2,-1],[-5,1],[3,2],[5,1],[-1,-3]],[[6006,7325],[7,0],[0,-4],[-6,0],[-1,4]],[[6044,7323],[-2,0],[2,3],[0,3],[5,-2],[1,-3],[-2,-2],[-4,1]],[[6100,8063],[-3,2],[0,2],[4,1],[-1,-5]],[[6135,8568],[1,0]],[[6136,8568],[4,-1],[1,-2]],[[6141,8565],[5,0],[9,-5],[2,2],[-3,1],[0,3],[-3,0],[0,3],[-3,5],[5,7],[3,0],[5,2],[3,-1],[0,-2],[-6,-4],[0,-7],[6,-2],[1,-2],[3,0],[-1,-5],[1,-2],[9,-4],[-2,-5],[-5,3],[-3,0],[-2,2],[-7,2],[-6,2],[-6,3],[-5,0],[-1,1],[-7,1],[-1,1],[-11,0],[-3,-1],[-3,2],[-8,0],[1,2],[10,1],[-3,4],[3,2],[4,-1],[-3,-3],[5,-1],[5,-3],[4,2],[2,0]],[[6136,8568],[-1,0]],[[6135,8568],[1,0]],[[5289,641],[-6,-3],[0,4],[-3,2],[3,1],[6,-4]],[[5305,642],[3,-1],[-6,-3],[-7,3],[0,2],[10,-1]],[[5337,639],[-2,2],[-5,3],[-7,-1],[0,2],[-9,-1],[0,4],[-3,3],[2,1]],[[5313,652],[-9,0],[3,3],[7,0]],[[5314,655],[4,-4],[3,-1],[2,3],[3,-1],[0,-3],[3,-3],[4,-2],[5,0],[1,-3],[-2,-2]],[[5328,656],[1,-1]],[[5329,655],[-15,0]],[[5314,655],[-1,2],[6,1],[2,1],[4,0]],[[5325,659],[0,-3],[3,0]],[[5328,656],[-1,3]],[[5327,659],[1,-3]],[[5328,661],[-1,-2]],[[5327,659],[-2,0]],[[5325,659],[-1,3],[4,-1]],[[5333,726],[-2,1],[2,4],[5,-1],[-1,-4],[-4,0]],[[5328,729],[1,1]],[[5329,730],[-1,-1]],[[5330,731],[-1,-1]],[[5329,730],[1,1]],[[5370,1195],[-4,-2],[-3,3],[2,4],[10,1],[5,4],[5,1],[8,0],[4,1],[2,4],[8,0],[8,-7],[-3,-5],[2,-2],[4,-1],[0,-4],[-7,-2],[1,-3],[0,-4],[3,-7],[-1,-5],[-6,-5],[-5,-1],[-10,0],[-3,-3],[-4,1],[-7,-1],[-4,0],[-4,-1],[-1,-4],[-3,-1],[-9,1],[1,2],[4,0],[2,2],[-8,0],[-2,3],[13,1],[1,3],[4,2],[3,2],[-8,1],[0,4],[-2,3],[4,1],[3,-3],[11,0],[16,1],[-12,4],[-4,0],[-5,-1],[1,4],[-2,0],[-15,1],[-9,0],[1,2],[8,-1],[9,3],[0,3],[-2,1]],[[5410,1326],[4,3],[5,1],[0,-4],[-9,0]],[[5402,1641],[0,-3],[-4,-1],[-4,0],[-7,5],[1,1],[14,0],[0,-2]],[[5436,1654],[-1,1]],[[5435,1655],[1,-1]],[[5435,1655],[1,-1]],[[5436,1654],[0,-4]],[[5436,1650],[1,-3],[-4,-4],[-8,2],[-3,2],[-7,1],[-1,5],[1,4],[5,3],[1,5],[-2,4],[-3,3],[-5,1],[0,3],[12,-6],[4,-1],[5,-1],[7,-1],[-1,-3],[-8,2]],[[5430,1666],[0,-5],[1,-1],[7,-1],[-6,-4],[-1,-4],[2,-1],[2,5]],[[5416,1687],[1,2],[6,0],[5,-2],[-1,-2],[-5,0],[-6,2]],[[5430,1704],[6,0],[1,-2],[-4,-1],[-4,0],[1,3]],[[5414,1755],[2,1],[7,-1],[0,-2],[-3,-2],[-3,0],[-3,4]],[[5454,1786],[-1,0]],[[5453,1786],[-1,1]],[[5452,1787],[2,-1]],[[5458,1883],[-1,-3],[-3,-2],[-3,4],[1,4],[3,0],[3,-3]],[[5499,2135],[-6,1],[-5,1],[1,2],[4,0],[6,-4]],[[5462,2143],[-11,1],[2,5],[7,0],[1,-3],[3,-1],[-2,-2]],[[5534,2350],[2,-2],[-1,-3],[-3,-3],[-4,-2],[-1,-4],[-3,-3],[-4,0],[-2,2],[2,4],[-3,2],[0,5],[4,2],[4,0],[-3,5],[4,3],[5,-1],[3,-5]],[[5535,2460],[8,0],[-1,-3],[-8,0],[1,3]],[[5534,2465],[-9,5],[-4,4],[-5,1],[0,2],[8,0],[3,1],[4,-1],[5,-4],[4,-5],[4,0],[6,3],[8,2],[4,1],[6,1],[0,-4],[-4,-1],[-3,-4],[-8,-1],[-4,0],[-5,-3],[-6,1],[-4,2]],[[5570,2717],[-7,2],[1,3],[5,0],[4,-2],[-3,-3]],[[5551,2732],[5,1],[0,-4],[-5,1],[0,2]],[[5536,2742],[-4,2],[0,3],[5,-2],[-1,-3]],[[5582,2987],[5,1],[3,-2],[0,-3],[-7,0],[-2,2],[1,2]],[[5582,2987],[-6,1],[1,4],[4,1],[2,-3],[-1,-3]],[[5600,2985],[-2,-2],[-5,2],[-3,3],[0,2],[8,5],[6,1],[-1,-6],[-3,-5]],[[5648,3236],[0,6],[-3,4],[7,0],[-3,-5],[-1,-5]],[[5626,3253],[1,-1]],[[5627,3252],[1,0]],[[5628,3252],[0,-3]],[[5628,3249],[-4,2],[-3,0],[-3,-3],[-4,1],[-1,2],[-6,4],[9,0],[6,-3],[4,1]],[[5629,3251],[-1,1]],[[5628,3252],[-1,0]],[[5627,3252],[-1,1]],[[5626,3253],[3,-2]],[[5741,4023],[-10,-3],[-3,2],[7,4],[1,4],[8,4],[5,2],[3,2],[6,0],[1,-4],[-3,-1],[-3,-4],[-6,-2],[-6,-4]],[[5734,4177],[-4,-4],[-3,2],[-1,3],[6,0],[2,-1]],[[5717,4194],[-1,2],[6,2],[1,-2],[0,-4],[-4,0],[-2,2]],[[5737,4258],[-5,-1],[-4,-3],[-9,-5],[-3,-1],[-1,-2],[-8,0],[-1,2],[-5,1],[-2,-3],[-3,-1],[-1,5],[16,0],[-2,6],[9,3],[7,2],[6,0],[4,0],[4,0],[-2,-3]],[[5738,4421],[1,-5],[-4,0],[1,3],[2,2]],[[5829,4419],[-7,0],[-3,3],[-11,0],[-2,-2]],[[5806,4420],[-16,0],[-6,1],[-9,1],[-3,1],[-10,0],[-2,1],[-6,0],[-10,-2],[-6,-1]],[[5738,4421],[-4,1],[2,3]],[[5736,4425],[-1,2],[6,-2],[11,0],[0,1],[10,0],[2,-1],[17,-1],[11,-1],[2,1]],[[5794,4424],[7,2],[7,-1],[1,-2],[5,0],[8,-1],[1,-2],[6,-1]],[[5736,4425],[-1,-2],[6,-1],[1,2],[-3,1],[-3,0]],[[5794,4424],[0,-2],[5,-1],[3,2],[-8,1]],[[5883,5218],[4,2],[3,-2],[-2,-3],[-4,0],[-1,3]],[[5992,6264],[-3,-1],[-5,0],[0,1],[8,0]],[[6062,7120],[-6,0],[0,3],[6,-1],[0,-2]],[[6178,8081],[-2,-2],[5,-2],[1,-2],[-9,1],[1,5],[4,0]],[[6204,8720],[1,1]],[[6205,8721],[1,3],[3,0],[-1,-3],[-4,-1]],[[6205,8721],[-1,-1]],[[6204,8720],[1,1]],[[6250,8734],[-6,-1],[-1,3],[7,-1],[0,-1]],[[5336,649],[3,1],[1,-3],[-5,0],[1,2]],[[5376,649],[2,2],[4,-1],[7,3],[0,-3],[-5,0],[-4,-2],[-4,1]],[[5364,651],[0,4],[4,-1],[1,-2],[-5,-1]],[[5354,656],[4,2],[-1,-7],[-5,0],[2,5]],[[5352,658],[0,1]],[[5352,659],[0,-1]],[[5350,660],[0,-1]],[[5350,659],[-5,0],[2,4],[3,-3]],[[5352,659],[0,-1]],[[5352,658],[-2,1]],[[5350,659],[0,1]],[[5350,660],[2,-1]],[[5370,898],[4,3],[2,-2],[-3,-2],[-3,1]],[[5412,1162],[-4,-2],[-10,0],[-1,3],[7,0],[6,3],[5,3],[3,-2],[-6,-5]],[[5430,1216],[1,-2],[-6,0],[2,2],[3,0]],[[5437,1239],[1,-1]],[[5438,1238],[-1,1]],[[5437,1239],[1,-1]],[[5438,1238],[-1,1]],[[5459,1241],[0,-2],[-9,1],[-1,2],[10,-1]],[[5461,1300],[-11,1],[0,1],[15,0],[-4,-2]],[[5465,1309],[-9,0],[4,4],[6,-1],[3,-2],[-4,-1]],[[5436,1316],[12,0],[-1,-3],[-7,0],[-4,3]],[[5434,1324],[2,3],[5,0],[0,-2],[-4,-1],[-3,0]],[[5425,1329],[5,1],[1,-2],[-6,1]],[[5467,1347],[1,5],[4,0],[2,-3],[-1,-5],[-5,1],[-1,2]],[[5450,1380],[5,-4],[-4,0],[-1,4]],[[5509,1521],[-1,-2]],[[5508,1519],[-6,-2],[-1,-3],[-7,-3],[-2,-10],[3,-5],[-1,-7],[7,-5],[11,-1],[6,-3],[5,-1],[6,-1]],[[5529,1478],[6,0],[5,-3],[3,0],[5,-3],[2,-4],[-1,-4],[4,-6],[-1,-10],[-3,-4],[-4,-10],[-6,-3],[-4,-3],[-9,1],[0,2],[4,7],[6,1],[-8,5],[4,5],[6,-1],[-3,6],[-6,0],[-8,-4],[-4,-1],[-8,-2],[2,-3],[-1,-2],[-6,-2],[-5,-5],[-3,-3],[-5,-1],[-2,-3],[1,-5],[2,0],[-2,5],[4,2],[0,-5],[3,0],[-1,-5],[-3,-1],[-3,-5],[-5,0],[0,-3],[4,-3],[0,-5],[-4,-4],[-1,-6],[3,-3]],[[5487,1390],[0,-3],[-3,-4],[-5,-2],[0,-1],[-10,-1],[0,-1],[-6,0],[-2,3],[0,5],[6,0],[-3,4],[3,5],[-2,3],[2,3],[4,2],[1,2],[6,3],[2,7],[-7,1],[-3,3],[0,3],[-9,0],[-3,2],[0,4],[-1,2],[4,2],[-2,3],[1,8],[2,2],[4,-3],[-3,7],[-6,0],[-1,-2],[-5,-1],[-6,1],[-4,3],[0,3],[-3,1],[1,4],[2,6],[2,2],[11,1],[-1,1],[6,2],[1,2],[6,3],[-1,3],[-2,1],[-7,-2],[0,5],[4,1],[2,3],[6,3],[-6,3],[-7,2],[-6,-1],[0,5],[12,0],[-2,2],[-5,1],[-5,6],[-3,2],[0,3],[3,4],[-3,3],[-5,3],[-1,5],[14,3],[-3,1],[1,3],[5,-1],[4,1],[3,2],[0,2],[-4,0],[4,5],[6,0],[5,2],[2,2],[0,4],[4,2],[0,4],[-5,4],[9,0],[-1,4],[2,1],[4,1],[2,-3],[0,-3],[3,0],[1,3],[12,2],[3,3],[11,2],[7,0],[5,1],[-2,2],[1,3],[5,1],[13,-1],[-2,2],[-4,0],[-3,2],[0,6],[-2,5],[-3,2],[-6,0],[-3,3],[-12,2],[-3,3],[1,3],[3,2],[2,4],[5,1],[0,3],[3,1],[11,6],[5,1],[4,0],[2,2],[6,0],[3,2],[6,1],[7,2],[3,0],[4,2],[6,0],[8,1],[12,-6],[8,-5],[4,3],[-5,0],[-2,3],[4,1],[8,-3],[2,2],[1,5],[1,10],[10,3],[8,5],[4,1],[-1,5],[7,-1],[5,2],[4,0],[7,3],[4,1],[9,3],[1,2],[9,1],[1,3],[-7,1],[5,6],[7,0],[2,-2],[5,0],[1,-3],[4,-1],[2,3],[-5,6],[4,-1],[4,2],[5,0],[3,2],[5,5],[3,-1],[4,-8],[1,-4],[7,-1],[5,2],[1,-7],[-2,-15],[0,0],[-6,-11],[-6,0],[-3,4],[-3,0],[0,3],[-5,0],[-5,-3],[-2,-3],[-9,-9],[-8,-6],[-2,-2],[-10,-6],[-15,-9],[-5,-4],[-18,-6],[-4,-2],[-4,-1],[-10,-6],[-4,-4],[-7,-2],[-8,0],[-5,-4],[-1,-5],[-1,-6],[-2,-5],[-1,-7],[-7,-6],[-1,-3],[-4,-2],[-1,-11],[5,-3],[4,0],[4,3],[-4,1],[-2,4],[6,0],[3,-3],[12,1],[-1,-3],[3,-1],[-3,-4],[-5,1],[1,-4],[0,-4],[-2,-2],[-1,-4],[-3,-3],[0,-3],[-4,-3],[-4,0],[-4,-1],[-9,0],[-3,2],[-10,1],[-1,-1],[-2,-9],[-4,-4],[-1,-4],[7,3],[0,4],[2,7],[3,-2],[-1,-7],[-12,-10],[-4,-1],[-13,-2],[-6,0],[-1,3],[-4,1],[-1,4],[-3,0],[0,5],[1,1],[1,4],[-3,5],[1,4],[2,3],[-1,3],[6,3],[-6,2],[-2,4],[0,5],[4,0],[6,4],[0,2],[-7,0],[-8,3],[-5,-1],[-5,-2],[-4,-9],[-1,-5],[-2,-6]],[[5471,1382],[1,0]],[[5472,1382],[1,1]],[[5473,1383],[1,1]],[[5474,1384],[1,0]],[[5475,1384],[2,0],[10,6]],[[5487,1390],[-2,1],[-3,-2],[-5,0],[-7,-2],[0,-3],[1,-2]],[[5635,1637],[-4,2],[-1,-3],[5,-3],[0,4]],[[5614,1590],[-1,3],[4,1],[7,2],[1,1],[-12,1],[-4,-2],[-1,-6],[6,0]],[[5477,1458],[2,-2],[-2,-3],[3,-1],[3,-3],[3,0],[3,2],[-6,1],[3,2],[6,5],[-9,-1],[-1,3],[-4,1],[-1,-4]],[[5477,1441],[3,-2],[2,2],[1,6],[-7,1],[-2,-2],[0,-5],[3,0]],[[5475,1384],[-1,0]],[[5474,1384],[-1,-1]],[[5473,1383],[-1,-1]],[[5472,1382],[-1,0]],[[5471,1382],[2,4],[2,-2]],[[5443,1503],[-3,-2],[-4,0],[-1,2],[8,0]],[[5476,1602],[-4,0],[0,5],[7,-2],[-3,-3]],[[5476,1728],[2,1]],[[5478,1729],[-2,-1]],[[5505,1770],[-5,-1],[1,2],[3,1],[1,-2]],[[5492,1801],[2,2],[4,-1],[7,1],[-2,-3],[-11,0],[0,1]],[[5530,1836],[-1,0]],[[5529,1836],[-6,-4],[-2,-1],[-4,-3],[0,-2],[-4,-2],[-5,-6]],[[5508,1818],[-2,-1]],[[5506,1817],[0,-1]],[[5506,1816],[-1,0]],[[5505,1816],[-1,-1]],[[5504,1815],[-1,-1]],[[5503,1814],[-1,0]],[[5502,1814],[-1,-1]],[[5501,1813],[-6,-3],[1,-4],[-3,-1]],[[5493,1805],[-2,-1]],[[5491,1804],[-2,0]],[[5489,1804],[-1,-1]],[[5488,1803],[-2,2],[-5,-4],[-10,0]],[[5471,1801],[-6,0],[-3,1],[-7,-1],[0,-1],[-6,-6],[0,-6],[3,-1]],[[5452,1787],[1,-1]],[[5453,1786],[1,0]],[[5454,1786],[5,-1],[5,-3]],[[5464,1782],[3,-3],[3,0],[6,-3],[5,-4],[5,-7],[-1,-8],[8,-6],[-8,-5],[-2,-3],[-1,-7],[-5,-5],[1,-2]],[[5478,1729],[-2,-1]],[[5476,1728],[-1,-3],[-6,-1],[-6,-5],[-4,-2],[-1,-2],[-2,-1],[-5,0],[2,4],[2,0],[1,4],[-14,0],[-2,-4],[-5,-2],[-8,-1],[-7,0],[0,3],[6,3],[8,2],[3,3],[0,2],[-2,3],[1,3],[4,2],[-2,3],[-6,0],[0,3],[13,2],[13,-1],[6,0],[0,2],[-6,1],[-7,9],[-9,1],[-7,4],[-1,1],[-6,-1],[-8,0],[-11,4],[0,2],[-5,4],[8,-1],[7,-2],[8,-1],[6,0],[12,-4],[4,0],[-1,2],[1,3],[-3,2],[0,5],[-5,0],[-5,0],[-16,-1],[-13,1],[-4,-1],[-6,1],[-4,2],[-3,-3],[0,-3],[5,-4],[2,-4],[0,-7],[1,-4],[0,-4],[2,-6],[-1,-7],[2,-3],[4,-2],[4,1],[0,3],[6,5],[4,1],[3,-1],[0,-5],[-2,-1],[-9,-6],[-9,-1],[-11,1],[-2,-3]],[[5389,1723],[-5,-2],[-6,5],[-3,0],[-3,7],[-2,0],[0,4],[5,0],[2,2],[-9,2],[3,3],[4,1],[1,2],[3,2],[1,5],[3,2],[1,5],[-2,2],[4,3],[-1,4],[2,2],[0,7],[-3,2],[-5,1],[1,9],[3,0],[-2,6],[4,1],[0,2],[3,1],[1,4],[5,0],[6,3],[3,0],[7,4],[2,2],[0,3],[2,4],[-2,2],[3,5],[-2,2],[0,2],[-4,3],[5,2],[1,3],[2,2],[5,0]],[[5422,1842],[4,1],[3,0],[2,1],[5,0],[6,-2],[0,10],[-2,0],[1,5],[2,3],[-1,4]],[[5442,1864],[-4,1],[3,2],[5,0],[3,-1],[4,2],[5,0],[5,4],[11,4],[6,5],[5,1]],[[5485,1882],[5,-1]],[[5490,1881],[2,1]],[[5492,1882],[3,2],[9,0]],[[5504,1884],[12,-1],[7,0],[-1,2],[5,4],[4,-1],[3,2],[4,0],[5,-1],[7,-1],[2,-2],[3,-6],[-1,-6],[5,-2],[8,0],[4,-8],[0,-4],[2,-4],[7,-5],[2,0],[5,-4],[2,-5],[4,-2],[8,-1],[-2,-4],[-9,-4],[-9,-1],[-5,0],[-2,2],[-8,0],[-3,1],[-18,1],[-6,1],[-3,2],[-6,-1]],[[5584,1838],[-1,1],[-6,0],[2,-3],[3,0],[2,2]],[[5475,1812],[-6,1],[-8,1],[0,-2],[9,-2],[5,2]],[[5489,1804],[-1,-1]],[[5488,1803],[1,1]],[[5491,1804],[2,1]],[[5493,1805],[-2,-1]],[[5510,1817],[-4,-2],[-3,-4],[-2,2]],[[5501,1813],[1,1]],[[5502,1814],[1,0]],[[5503,1814],[1,1]],[[5504,1815],[1,1]],[[5505,1816],[1,0]],[[5506,1816],[0,1]],[[5506,1817],[2,1]],[[5508,1818],[2,-1]],[[5527,1832],[-2,-4],[5,-2]],[[5530,1826],[-10,-1],[6,6],[1,1]],[[5529,1836],[1,0]],[[5530,1836],[6,0],[-4,-3],[-3,3]],[[5492,1882],[-2,-1]],[[5490,1881],[2,1]],[[5577,2143],[2,-4],[-3,-1],[-4,0],[5,5]],[[5571,2149],[-2,3],[4,1],[1,4],[2,-1],[0,-3],[-5,-4]],[[5582,2159],[1,-4],[2,-2],[-1,-3],[-5,5],[-2,6],[-6,0],[0,-5],[-2,-2],[-5,-2],[-5,-1],[-9,1],[0,2],[6,1],[2,2],[2,5],[7,1],[2,2],[3,-1],[4,-1],[6,-4]],[[5570,2366],[-2,-2],[-1,6],[4,0],[-1,-4]],[[5584,2369],[-4,1],[-2,3],[4,1],[3,-3],[-1,-2]],[[5593,2413],[5,-2],[-1,-4],[-3,-1],[-2,-7],[-3,-3],[0,-5],[1,-1],[1,-11],[-3,2],[0,9],[-2,1],[0,6],[1,1],[0,8],[3,2],[-3,2],[6,3]],[[5593,2413],[-10,1],[-2,3],[4,3],[6,-1],[2,-3],[0,-3]],[[5595,2658],[3,-2],[-4,-1],[1,3]],[[5629,2696],[-4,1],[1,3],[4,-1],[-1,-3]],[[5616,2702],[6,1],[1,-3],[-4,-1],[-3,3]],[[5693,3102],[1,1]],[[5694,3103],[-1,-1]],[[5694,3103],[-1,-1]],[[5693,3102],[-4,0],[4,4],[5,0],[-4,-3]],[[5655,3219],[2,3],[2,3],[4,1],[0,6],[1,10]],[[5664,3242],[3,-2],[-2,-5],[0,-6],[2,-2],[-3,-3],[-2,0],[-2,-3],[-5,-2]],[[5799,4149],[-1,1]],[[5798,4150],[7,0],[1,2],[5,-1],[0,-3],[3,0],[2,1],[1,3],[5,0],[-1,-2],[5,-3],[-2,-4],[-4,-1],[-6,1],[-4,3],[-6,1],[-5,2]],[[5799,4149],[-1,1]],[[5798,4150],[1,-1]],[[5860,4360],[1,3],[-10,0],[-5,-2],[-4,0],[-3,2],[-2,3],[0,4],[-6,2]],[[5831,4372],[1,2],[6,-1],[4,-2],[0,3],[-2,2]],[[5840,4376],[5,2],[2,-3],[-2,-3],[4,-4],[8,-1],[5,-4],[-2,-3]],[[5828,4380],[2,1],[4,1],[0,-3],[-6,-1],[0,2]],[[5844,4382],[3,0],[0,-3],[-4,0],[1,3]],[[5845,4401],[1,2],[-3,3],[-7,3],[-2,2]],[[5834,4411],[-2,4],[-4,1],[1,3]],[[5829,4419],[2,-2],[4,-2],[1,-5],[4,-2],[6,0],[3,-5]],[[5849,4403],[5,0],[3,-4],[0,-2],[-8,-2],[-2,2],[1,3],[-3,1]],[[5970,5542],[-1,1]],[[5969,5543],[1,-1]],[[5932,5559],[-1,-2],[-5,3],[4,1],[2,-2]],[[5960,5666],[4,0],[2,-1],[-2,-2],[-5,0],[1,3]],[[6005,5889],[-5,2],[1,1],[4,-3]],[[6048,6288],[5,-1],[-1,-2],[-4,0],[0,3]],[[6185,8067],[8,0],[-2,-3],[-6,1],[0,2]],[[6196,8088],[1,3],[5,-1],[-2,-4],[-3,0],[-1,2]],[[6247,8470],[4,2],[1,-2],[-2,-1],[-3,1]],[[6246,8512],[4,0],[7,1],[2,-1],[-6,-2],[-3,-3],[-4,5]],[[6246,8512],[-2,0],[0,3],[-5,1],[1,2],[-5,1],[0,3],[5,1],[1,-2],[4,-2],[0,-2],[6,0],[0,-3],[-4,0],[-1,-2]],[[6251,8630],[3,0],[-1,-3],[-3,0],[1,3]],[[5427,640],[-3,3],[3,2],[0,-5]],[[5402,645],[3,1]],[[5405,646],[-3,-1]],[[5405,646],[-3,-1]],[[5402,645],[3,1]],[[5391,646],[-3,1],[1,3],[3,1],[6,-1],[-1,-2],[-5,-1],[-1,-1]],[[5442,1004],[11,0],[0,-2],[-11,1],[0,1]],[[5456,1030],[1,1],[8,0],[0,-2],[-6,-1],[-3,2]],[[5497,1166],[3,-2]],[[5500,1164],[-4,-4],[-5,0],[1,-2],[-4,-2],[-1,6],[-4,0],[1,3],[8,4]],[[5492,1169],[2,-1]],[[5494,1168],[3,-2]],[[5485,1172],[3,2],[3,0]],[[5491,1174],[0,-2],[-6,0]],[[5492,1176],[-1,-1]],[[5491,1175],[1,1]],[[5481,1264],[-6,0],[1,2],[5,0],[0,-2]],[[5473,1305],[5,-1],[-1,-1],[-4,2]],[[5472,1311],[6,2],[-1,-3],[-5,1]],[[5500,1433],[0,-1]],[[5500,1432],[0,1]],[[5500,1432],[0,1]],[[5500,1433],[4,4],[4,0],[4,2],[0,-5],[-5,-4],[-2,-1],[-7,-6],[-1,4],[3,2],[0,3]],[[5508,1519],[1,2]],[[5509,1521],[-1,-2]],[[5559,1881],[-2,0],[-6,9],[5,1],[2,-3],[-1,-3],[2,-4]],[[5582,2029],[-6,-1],[2,3],[4,-2]],[[5583,2038],[1,-5],[-5,1],[1,4],[3,0]],[[5605,2032],[2,2],[0,5],[2,0],[-1,-6],[-3,-1]],[[5586,2036],[0,2],[4,3],[3,0],[-3,-5],[-4,0]],[[5585,2041],[-4,-1],[3,5],[4,0],[1,3],[3,1],[0,-4],[-2,-3],[-5,-1]],[[5600,2076],[4,-3],[3,-6],[-4,-1],[-4,0],[0,-6],[-6,-1],[2,-2],[10,-1],[4,3],[3,0],[-1,-9],[-7,0],[0,-6],[-2,-2],[1,-4],[-1,-7],[-3,-3],[-7,-2],[-6,-1],[-6,0],[1,3],[4,-1],[5,-1],[5,3],[0,2],[4,3],[0,3],[-3,5],[2,4],[-1,3],[-5,2],[-12,0],[-4,-1],[-1,-4],[4,1],[4,3],[2,-3],[-8,-3],[-8,0],[-1,-9],[1,-4],[8,-4],[0,-4],[-3,-2],[-4,2],[-5,1],[5,5],[-15,5],[1,3],[7,4],[-3,1],[1,3],[4,5],[4,-1],[6,1],[1,2],[-3,5],[-8,1],[-3,1],[-7,-3],[-9,1],[-2,-3],[-4,1],[0,5],[0,6],[10,2],[1,1],[10,0],[-2,2],[1,3],[-3,0],[-1,5],[4,1],[-1,6],[6,2],[2,-2],[11,1],[5,0],[2,3],[3,0],[7,4],[9,2],[5,-1],[4,4],[10,-1],[3,-1],[0,-2],[-4,-2],[-7,-1],[-1,-2],[4,-1]],[[5618,2089],[0,-1],[-7,-1]],[[5611,2087],[-6,-4],[-2,3],[0,3],[-9,-2],[-2,-6],[-6,2],[-9,-3]],[[5577,2080],[-4,-1],[-2,-3],[-3,-1],[-5,-3]],[[5563,2072],[5,-2],[-1,-3],[2,-3],[4,-1],[2,-2],[6,-2],[0,5],[4,2],[0,-4],[2,-2],[5,1],[3,2],[-1,2],[0,7],[5,2],[-3,2],[-1,3],[-3,-1],[-3,-4],[-4,4],[5,1],[7,2],[4,-2],[-1,-3]],[[5566,2076],[3,0],[3,4],[-6,0],[-4,-3],[0,-4],[1,-1]],[[5563,2072],[0,5],[3,-1]],[[5557,2065],[1,1],[6,1],[0,2],[-7,-2],[0,-2]],[[5557,2065],[-1,-2],[2,-4],[5,1],[9,0],[0,2],[-6,2],[-9,1]],[[5551,2058],[1,2],[-3,4],[-3,-2],[5,-4]],[[5589,2055],[5,1],[-2,2],[-10,0],[0,-2],[3,-1],[4,0]],[[5610,2053],[0,1],[-11,1],[-5,-1],[0,-1],[7,-1],[3,1],[6,0]],[[5595,2160],[0,-3],[-5,-1],[5,4]],[[5630,2166],[-2,-3],[-9,-1],[-12,1],[-1,-1],[-7,0],[-5,-1],[-4,0],[1,2],[6,5],[2,3],[4,0],[11,-1],[0,2],[10,0],[0,-4],[6,-2]],[[5665,2614],[1,2],[5,-1],[-2,-2],[-4,1]],[[5648,2622],[2,0]],[[5650,2622],[-2,0]],[[5650,2622],[-2,0]],[[5648,2622],[2,0]],[[5641,2628],[6,0],[-1,-2],[-5,2]],[[5519,2737],[3,0],[9,-1],[10,-3],[2,-2],[4,-2],[6,-6],[1,0],[8,-6],[0,-3],[-4,-4],[5,0],[9,-3],[0,-1],[10,-4],[7,1],[6,0],[6,-3],[10,-1],[4,-3],[5,0],[7,-5],[6,-5],[-1,-1],[4,-4],[2,0],[5,-5],[4,-2]],[[5647,2674],[4,1],[2,-3],[6,-2]],[[5659,2670],[-1,-2],[4,-5],[4,1],[2,-5],[7,-1],[1,-4],[7,0],[0,-3],[2,-1],[3,-3],[7,0],[2,-2],[10,1],[-1,3],[4,0],[0,3],[3,0],[4,-6],[2,2],[3,1],[0,4],[4,0],[4,0],[3,-2],[4,-2],[10,0],[2,1],[13,-1],[2,2],[4,0],[3,-2],[5,0],[2,-2],[7,3],[1,-4],[5,-1],[4,4],[4,0],[2,-2],[14,-3]],[[5815,2644],[-5,0],[-6,2],[-6,1],[-11,-3],[-5,-3],[-4,-3],[-6,1],[-1,4],[2,1],[5,0],[-2,3],[-6,0],[-8,-5],[-5,-5],[-1,-6],[-2,-2],[-3,-7],[11,-7],[-6,-3],[-3,0],[0,2],[2,4],[-2,3],[-6,1],[-10,0],[1,3],[-3,2],[-3,0],[-3,3],[1,2],[5,2],[3,0],[6,-3],[5,0],[1,3],[2,2],[-5,1],[0,2],[-14,2],[-15,1],[-6,0],[-2,1],[-8,0],[-10,0],[-10,-2],[0,-4],[-4,-2],[-15,-3],[-1,-1],[-8,-2],[-8,0],[-5,3],[-1,3],[-3,2],[0,6],[-3,3],[-8,1],[-6,4],[-4,0],[1,2],[-2,4],[-7,-2],[-4,1],[-8,4],[0,4],[-1,1]],[[5595,2665],[-1,2],[-3,2],[0,2],[-3,1],[2,9],[-6,2],[-2,2],[-5,-1],[-6,0],[1,6],[-1,2],[-6,1],[-2,3],[-4,0],[5,6],[0,4],[-6,0],[0,2],[-5,1],[-4,3],[2,4],[5,-1],[2,3],[-14,3],[-8,2],[-3,4],[-8,0],[-7,1],[-4,3],[-3,-1],[-1,5],[3,2],[1,6]],[[5514,2743],[0,-3],[5,-3]],[[5696,2886],[2,0],[-1,6],[4,0],[1,-4],[0,-3],[-3,-1],[-3,2]],[[5702,2895],[-2,2],[-1,3],[5,2],[2,6],[-2,2],[-8,1],[3,2],[-3,8],[10,0],[6,-3],[9,0],[3,3],[1,7],[-1,4],[-2,0]],[[5722,2932],[-1,3],[3,1],[-1,4],[7,0],[3,-2],[6,-1],[4,1],[-4,4],[-5,1],[-3,3],[-4,3],[0,4],[7,1],[1,-2],[4,-3],[2,0],[4,-3]],[[5745,2946],[3,3],[11,-1],[7,1],[11,5],[4,-2],[8,0],[3,2],[0,3],[-2,3],[7,0],[0,2]],[[5797,2962],[1,-1]],[[5798,2961],[6,-3],[4,-3],[1,-3],[4,-3],[8,-2],[2,-2],[5,0],[10,-4],[5,0],[3,-1],[16,-1],[1,2]],[[5863,2941],[1,-6],[6,-4],[9,0]],[[5879,2931],[1,-3],[-7,0],[0,-3],[-7,-6],[4,-3],[1,-4],[8,-7],[4,-2],[-3,-2],[-3,0],[-3,-4],[-3,0],[0,-8],[1,-1]],[[5872,2888],[0,-5],[1,-2],[3,0],[1,-2],[7,-1],[1,3],[3,1],[0,6],[3,2],[4,-1],[-3,-3],[-2,-7],[-1,-4],[-3,0],[-4,-2],[-1,-6],[-1,-2],[-1,-4],[3,0],[7,-6],[-1,-10],[-8,1],[0,-4],[3,0],[4,1],[2,-1],[-7,-5],[5,-3],[4,1],[-1,3],[4,0],[-1,-5],[-4,0],[-1,-3],[3,-4],[5,-3],[1,-4],[3,-2],[-1,-8],[5,-1],[-2,-3],[4,-2]],[[5906,2803],[0,-5],[4,-2],[8,-5],[-3,-1],[-2,-3],[1,-2],[4,0],[4,-3]],[[5922,2782],[8,-9],[2,-3],[6,-2],[6,-4],[6,-1]],[[5950,2763],[0,2],[4,0],[5,3],[2,0],[-1,-6],[2,-2],[0,-3],[-3,-1],[0,-3],[4,-4],[9,-3],[1,5],[-1,2],[8,1],[0,-5],[-4,2],[-2,-4],[5,-1],[3,3],[5,-1],[-3,-6],[7,-4],[0,-3],[3,-2],[3,0],[2,-2],[4,0],[6,-3],[3,0],[6,-3],[6,1],[4,-3],[5,-1],[0,-3],[4,0],[3,-1],[0,-3],[-3,-2],[7,-3],[6,-1],[5,3],[3,-3],[3,4],[11,-4],[3,0],[5,-2]],[[6080,2707],[2,-2],[-1,-4],[9,-2],[-1,3],[-4,2],[4,4],[1,-3],[9,-2],[2,-2],[0,-3],[8,0],[7,6],[2,0],[1,-5],[-5,-3],[2,-3],[3,0],[-1,-3],[-9,2],[-9,1],[-13,1],[1,1],[-15,0],[-8,0],[-1,4],[-6,0]],[[6058,2699],[4,4],[-5,0],[0,3],[-5,-2],[-4,3],[-8,1],[-3,-7],[-3,-1],[-12,1],[2,3],[6,4],[-10,0],[-3,-2],[-1,-4]],[[6016,2702],[-5,2],[-1,-3],[2,-3],[-2,-1],[-2,-4],[-1,-1]],[[6007,2692],[0,4],[-4,2],[-2,2],[-8,1],[-3,2],[1,2],[10,-1],[4,4],[-8,5],[-6,1],[-2,-2],[-3,0],[1,3],[-4,4],[-4,0],[2,4],[3,-1],[10,-1],[1,5],[-6,4],[-18,7],[-1,2],[-10,1],[-3,0],[-4,4],[-13,2],[-4,-1],[-3,-3],[0,-3],[-3,1],[3,6],[-1,2],[-5,1],[-3,-7],[-10,1],[1,5],[8,3],[-5,3],[-1,1],[-6,2],[-9,4],[-4,0],[-9,-2],[-2,3],[-9,0],[-5,4],[7,0],[4,-3],[8,0],[1,5],[-6,1],[-5,3],[-5,0],[-1,-1],[-4,0],[-5,-3],[-1,-1],[-4,0],[-3,2],[1,2],[4,2],[-6,6],[-7,0],[1,-3]],[[5852,2776],[-5,1],[-6,9],[-7,1],[-7,0],[1,2],[6,-1],[-1,3],[-2,0],[0,7],[1,2],[-11,1],[-5,-1],[-6,5],[5,0],[8,-2],[5,3],[6,0],[2,5],[-9,2],[-9,-1],[1,3],[-7,-1],[2,-5],[-7,1],[-6,5],[-1,3],[-4,3],[-6,3],[0,3],[-5,4],[-2,0],[-4,5],[-5,1],[-3,3],[3,3],[-5,0],[1,3],[2,0],[0,6],[-7,4],[-2,7],[-3,3],[3,1],[5,1],[-6,4],[-5,5],[-10,1],[2,6],[-3,1],[-2,3],[-5,0],[0,2],[-3,4],[1,2],[4,-1],[-1,-4],[7,3],[7,0],[1,7],[-6,5],[0,3],[4,2],[4,-1],[1,-4],[4,-5],[2,-4],[3,0],[2,-2],[7,-1],[5,1],[0,2],[-5,7],[-2,1],[1,9],[4,5],[-6,2],[-2,-1],[-3,1],[-12,1],[-5,-1],[-10,-4],[-4,-1],[-8,-3],[-5,-1],[-4,-4],[-3,-5],[-10,-4],[-5,0],[0,-4]],[[5745,2946],[-1,-4],[5,-3],[8,-1],[6,2],[0,3],[-3,2],[-5,2],[-10,-1]],[[5804,2915],[-2,-2],[4,-1],[0,-3],[7,-4],[9,1],[7,0],[0,2],[3,1]],[[5832,2909],[0,-1]],[[5832,2908],[5,-1],[6,3],[0,4],[4,1],[1,3],[-2,4],[-5,0],[-7,3],[-2,2],[-6,0],[-4,-6],[-3,0],[3,-6],[-6,2],[-7,0],[-1,-1],[-4,-1]],[[5802,2909],[-3,4],[-3,-1],[-1,-3],[9,-5],[3,2],[-5,3]],[[5801,2928],[-3,1],[-3,-2],[-2,-5],[-3,-1],[-1,-3],[2,-1],[6,0],[3,1],[0,2],[4,7],[-3,1]],[[5784,2921],[2,4],[-1,3],[-3,-2],[0,-5],[2,0]],[[5858,2898],[3,1],[4,-2],[1,3],[-8,1],[-5,-1],[2,-3],[3,1]],[[5825,2892],[4,2],[1,6],[-5,0],[-3,-4],[-1,-2],[4,-2]],[[5798,2886],[0,2],[3,2],[-5,9],[-3,-4],[3,-2],[-2,-3],[-1,-4],[5,0]],[[5798,2886],[6,-5],[0,6],[-2,0],[-4,-1]],[[5838,2891],[3,2],[-1,4],[-4,-3],[0,-2],[2,-1]],[[5844,2889],[2,-1],[6,0],[4,5],[-7,3],[-6,-4],[1,-3]],[[5788,2894],[0,-2],[5,-2],[-1,4],[-4,0]],[[5866,2886],[1,3],[-3,0],[-1,-3],[3,0]],[[5819,2884],[2,4],[-4,2],[-2,-6],[4,0]],[[5771,2888],[0,-2],[5,-1],[8,-1],[5,3],[0,2],[-2,2],[-5,-2],[-12,1],[1,-2]],[[5842,2873],[-1,0],[-1,-4],[-2,-3],[5,-2],[4,0],[12,4],[-1,6],[-5,0],[0,-5],[-4,3],[1,6],[2,5],[-3,1],[0,-3],[-4,0],[-4,0],[-5,2],[0,-4],[3,-1],[3,-5]],[[5821,2881],[3,-1],[6,0],[5,0],[-7,5],[-4,1],[-4,-3],[1,-2]],[[5764,2884],[-5,3],[-5,0],[-1,-4],[2,-1],[7,-1],[2,3]],[[5866,2867],[1,4],[2,1],[1,3],[-2,2],[-5,0],[-2,-1],[1,-4],[-1,-8],[6,0],[-1,3]],[[5810,2876],[0,3],[-3,0],[0,-3],[3,0]],[[5814,2875],[-4,1]],[[5810,2876],[4,-1]],[[5772,2873],[4,-2],[5,0],[2,3],[-5,4],[-9,2],[-4,-2],[0,-2],[2,-2],[5,-1]],[[5787,2874],[6,-3],[6,0],[-1,4],[-8,4],[-4,0],[-3,-2],[4,-3]],[[5834,2871],[4,-2],[0,5],[-4,-3]],[[5778,2867],[5,0],[3,-2],[5,0],[3,4],[-8,2],[-4,-2],[-6,0],[2,-2]],[[5837,2860],[2,2],[-3,1],[-6,0],[3,-3],[4,0]],[[5841,2851],[4,0],[1,-4],[6,0],[-4,5],[2,3],[4,3],[-1,3],[-5,0],[-3,-2]],[[5845,2859],[-1,-1]],[[5844,2858],[-5,-2],[-2,4]],[[5837,2860],[-1,-5],[-4,0],[-1,-3],[3,-2],[4,2],[0,-4],[5,-1],[-2,4]],[[5878,2853],[-3,-3],[3,-2],[4,1],[0,6],[-3,1],[0,4],[-4,0],[-1,-3],[4,-4]],[[5779,2858],[7,-2],[6,-1],[2,2],[-1,3],[-3,2],[-8,0],[-6,-1],[0,-2],[3,-1]],[[5815,2861],[-7,1],[0,-4],[6,-2],[-1,3],[2,2]],[[5820,2854],[3,-1],[3,4],[-6,0],[-5,-3],[5,0]],[[5795,2853],[1,-2],[-8,-2],[0,-3],[5,-4],[8,0],[1,6],[6,0],[2,6],[-5,2],[-5,1],[1,-3],[-6,-1]],[[5810,2846],[-4,-5],[-10,-1],[-1,-3],[5,-2],[3,0],[8,4],[3,0],[3,2],[0,4],[2,3],[5,-4],[2,3],[-5,5],[-5,-3],[-3,-1],[-3,-2]],[[5876,2845],[-5,1],[-1,-3],[5,-1],[1,3]],[[5786,2842],[0,3],[-5,4],[-5,0],[0,-7],[10,0]],[[5844,2836],[0,4],[-2,3],[-5,0],[-1,-2],[1,-4],[3,-1],[4,0]],[[5845,2827],[1,-1]],[[5846,2826],[2,-1]],[[5848,2825],[0,1]],[[5848,2826],[7,0],[0,6],[3,5],[3,0],[-1,4],[-3,-1],[-7,0],[-1,-3],[-3,-2],[-1,-8]],[[5831,2838],[5,1],[-3,2],[-5,0],[-1,-2],[4,-1]],[[5825,2836],[1,2],[-5,1],[-1,-3],[5,0]],[[5827,2832],[1,2],[-7,0],[-1,-3],[4,-2],[3,3]],[[5841,2832],[-4,1],[-4,-3],[9,-1],[-1,3]],[[5789,2834],[2,-3],[3,-2],[8,0],[2,1],[-2,3],[-11,2],[-2,-1]],[[5817,2831],[-1,2],[-7,0],[-1,-2],[9,0]],[[5872,2823],[4,0],[2,7],[-4,-2],[-3,0],[1,-5]],[[5864,2827],[1,-4],[4,0],[0,3],[-5,1]],[[5823,2826],[-1,2],[-5,0],[-2,-1],[1,-4],[6,0],[1,3]],[[5883,2816],[3,-3],[8,0],[0,3],[-9,7],[-2,1],[-3,-1],[-1,-5],[4,-2]],[[5841,2824],[-6,1],[0,-4],[6,0],[0,3]],[[5810,2821],[1,2],[-10,1],[3,-3],[6,0]],[[5823,2820],[-1,2],[-8,0],[-2,-5],[8,-1],[3,4]],[[5846,2819],[0,-2],[5,0],[0,2],[-5,0]],[[5855,2812],[2,-2],[7,-1],[0,4],[3,1],[-3,4],[-6,1],[-6,-3],[3,-4]],[[5854,2813],[-5,1],[-2,-3],[4,0],[3,2]],[[5875,2811],[-2,-1],[0,-3],[3,-1],[-1,5]],[[5888,2806],[1,3],[-6,1],[0,-5],[4,-2],[1,3]],[[5852,2808],[-1,1],[-7,0],[0,-3],[7,-1],[1,3]],[[5859,2800],[4,1],[2,3],[-6,2],[-4,-2],[0,-3],[4,-1]],[[5877,2793],[5,0],[-1,8],[-9,2],[-3,-8],[2,-1],[6,-1]],[[5846,2802],[0,-4],[3,0],[1,3],[-4,1]],[[5840,2801],[-4,1],[-1,-2],[2,-2],[3,0],[0,3]],[[5858,2794],[3,3],[-2,2],[-4,0],[-4,-2],[1,-2],[6,-1]],[[5903,2791],[-4,-1],[-4,-1],[7,-1],[1,3]],[[5841,2787],[7,0],[10,4],[-2,1],[-4,1],[-4,-2],[-4,0],[-2,3],[-3,1],[-1,-8],[3,0]],[[5886,2778],[4,0],[8,3],[1,3],[-4,1],[-3,2],[-12,2],[-7,0],[-10,-2],[2,-2],[7,-2],[1,2],[6,1],[3,-1],[-1,-4],[4,1],[1,-4]],[[5863,2781],[-1,3],[-6,0],[-1,-2],[8,-1]],[[5894,2772],[3,-2],[-2,-1],[6,-5],[7,2],[4,5],[-4,0],[1,4],[-3,2],[-4,0],[-5,-2],[-3,-3]],[[5881,2775],[-1,2],[-6,1],[0,-2],[7,-1]],[[5968,2743],[5,-3],[1,2],[-6,1]],[[6008,2719],[-3,2],[-4,0],[2,-3],[4,-1],[1,2]],[[6007,2713],[0,-2],[6,0],[4,4],[1,3],[-4,0],[-7,-5]],[[6029,2712],[-6,0],[-1,-2],[6,-1],[1,3]],[[6005,2701],[6,4],[-4,0],[-5,-3],[3,-1]],[[6033,2702],[1,3],[-6,-1],[5,-2]],[[6112,2694],[1,2],[-6,0],[-1,-2],[6,0]],[[5721,3032],[3,0],[0,-3],[-3,0],[0,3]],[[5695,3099],[6,-1],[-1,-2],[-4,-1],[-1,4]],[[5707,3111],[1,1],[4,1],[1,-2],[-6,0]],[[5837,4148],[5,-1],[-4,-2],[-1,3]],[[5845,4158],[-2,2],[0,3],[6,-4],[-4,-1]],[[5861,4163],[-9,2],[-1,3],[9,0],[3,-1],[1,-2],[-3,-2]],[[5848,4195],[3,2],[4,0],[1,-2],[-4,-1],[-4,1]],[[5860,4360],[-3,-2],[-4,-1],[0,3],[4,1],[3,-1]],[[5871,4375],[2,0]],[[5873,4375],[-2,0]],[[5873,4375],[-2,0]],[[5871,4375],[2,0]],[[5868,4387],[5,0],[-2,-3],[-3,3]],[[5960,5098],[0,-3],[-4,0],[2,8],[3,-2],[-1,-3]],[[5982,5438],[3,3],[2,-3],[-1,-1],[-4,1]],[[5975,5532],[6,1],[-1,-3],[-5,2]],[[5992,5532],[-5,1],[0,2],[6,-1],[-1,-2]],[[6321,8555],[-8,1],[-1,5],[5,-1],[4,-5]],[[6321,8558],[3,2]],[[6324,8560],[-3,-2]],[[6324,8582],[0,-1]],[[6324,8581],[0,-1]],[[6324,8580],[0,2]],[[6324,8580],[0,1]],[[6324,8581],[0,1]],[[6324,8582],[0,-2]],[[6297,8601],[4,0],[0,-2],[-3,0],[-1,2]],[[5487,877],[-8,0],[1,2],[7,-2]],[[5486,1061],[-1,0]],[[5485,1061],[1,0]],[[5486,1061],[-1,0]],[[5485,1061],[1,0]],[[5504,1095],[7,0],[0,-3],[-6,-1],[-3,2],[2,2]],[[5511,1099],[-2,1],[1,5],[3,1],[2,-4],[-4,-3]],[[5525,1146],[1,-3],[-13,1],[-4,3],[16,-1]],[[5511,1157],[2,0]],[[5513,1157],[-3,0]],[[5510,1157],[1,0]],[[5511,1157],[-1,0]],[[5510,1157],[-5,-2],[-3,3],[9,-1]],[[5497,1166],[3,1]],[[5500,1167],[0,-1]],[[5500,1166],[-3,0]],[[5564,1186],[2,-2],[-1,-4],[4,0],[7,0],[0,-1],[-12,0],[-2,-1],[4,-2],[3,-3]],[[5569,1173],[1,0]],[[5570,1173],[-1,-4],[-5,0],[-4,-3]],[[5560,1166],[-1,0]],[[5559,1166],[-3,-3],[2,-3]],[[5558,1160],[3,-2],[-2,-5],[8,-1],[6,-1],[-1,-4],[-7,1],[-9,-2],[-5,-3],[-7,-1],[-11,-4],[0,2],[8,2],[9,4],[6,4],[2,3],[-1,3],[-5,0],[-5,-1],[-1,-3],[-9,0],[-4,-2]],[[5533,1150],[-6,0],[-13,2],[-1,2],[10,0],[5,-1],[6,0],[-10,3],[3,2],[-1,5],[-5,0],[0,-3],[-5,1]],[[5516,1161],[-7,-1],[-1,-2],[-8,0],[1,5],[-1,1]],[[5500,1164],[0,2]],[[5500,1166],[0,1]],[[5500,1167],[0,4]],[[5500,1171],[-2,-2],[-4,-1]],[[5494,1168],[1,0]],[[5495,1168],[-3,1]],[[5492,1169],[-7,-1],[0,4]],[[5485,1172],[6,-1],[1,1],[-1,2]],[[5491,1174],[0,1]],[[5491,1175],[1,1]],[[5492,1176],[8,0],[-7,4],[7,2],[8,0],[11,2],[1,2],[-10,1],[-8,3],[-2,3],[-4,1],[3,3],[-2,2],[-7,0],[-2,3],[12,-1],[9,1],[1,2],[-5,0],[-5,2],[-11,0],[3,3],[11,0],[0,-3],[7,0],[-1,2],[-8,3],[-5,0],[-1,2],[7,2]],[[5502,1215],[-9,2],[5,3],[6,0],[-1,5]],[[5503,1225],[-8,-1],[-15,2],[-9,0],[-1,3],[-3,-2],[-4,1]],[[5463,1228],[-4,2],[-8,0],[0,4],[-4,0],[-12,1],[0,1],[11,0],[12,-1],[10,-2],[10,0],[12,-5],[6,1],[0,4],[6,3],[0,4],[7,0],[1,2],[-3,1],[0,5],[4,2],[2,7],[3,1],[1,4],[1,10],[-1,2],[-6,2],[-9,3],[-2,3],[2,3],[2,16],[2,4],[9,4],[7,4],[4,-3],[-1,-5],[-6,-6],[-1,-8],[0,-7],[-3,-3],[11,-2],[2,-1],[9,0],[6,1],[3,5],[9,1],[5,1],[7,5],[3,-2],[1,-3],[3,0],[3,-3],[1,-6],[-11,-3],[3,-3],[10,3],[3,-2],[-2,-4],[-6,-3],[-3,-2],[-2,-8],[-2,-1],[-1,-4],[5,-1],[1,2],[5,0],[-3,-3],[-5,-1],[-7,-6],[3,-3],[-6,-3],[5,-1],[6,-6],[5,-2],[6,-2],[-2,-2],[-7,-1],[1,-5],[5,-4],[7,0],[2,2],[4,1],[3,-1],[-1,-3],[-10,-2],[0,-5],[-4,-1],[-2,-4],[-6,2],[-10,1],[1,-3],[7,-1],[0,-2],[-6,-1],[-1,-5],[3,-1],[-2,-3]],[[5507,1171],[1,5],[-6,-2],[-2,-3]],[[5500,1171],[3,2],[4,1],[0,-3]],[[5507,1171],[-2,-3],[1,-3],[-4,-4],[6,2],[3,-2],[5,3],[-3,2],[0,4],[-4,-1],[-2,2]],[[5496,1170],[-1,-2]],[[5495,1168],[1,2]],[[5498,1174],[-3,-2],[1,-2]],[[5496,1170],[2,1],[0,3]],[[5535,1255],[-4,-1],[3,-2],[1,3]],[[5548,1249],[1,-2],[5,0],[0,2],[-6,0]],[[5539,1235],[-2,-2],[7,-1],[-1,3],[-4,0]],[[5511,1234],[-3,2],[-6,-1],[2,-2],[7,1]],[[5534,1229],[-1,3],[-3,-1],[0,-3],[4,1]],[[5554,1225],[-4,3],[-4,-2],[2,-2],[6,1]],[[5576,1222],[2,2],[-7,3],[-6,0],[0,-2],[7,-3],[4,0]],[[5559,1217],[-8,-1],[2,-3],[4,0],[2,4]],[[5570,1204],[6,0],[0,2],[4,2],[-3,3],[-6,1],[3,2],[-4,1],[-1,-4],[3,-2],[-2,-5]],[[5578,1207],[2,-3],[3,3],[-5,0]],[[5514,1195],[0,3],[-4,-1],[-3,-2],[2,-2],[5,2]],[[5533,1167],[0,3],[-3,1],[1,-4],[2,0]],[[5532,1388],[-4,0],[0,2],[5,4],[1,4],[4,0],[1,-5],[-4,0],[-1,-4],[3,-3],[-4,-2],[-1,4]],[[5560,1409],[-3,-3],[-3,2],[-5,0],[-4,-2],[-4,-4],[-1,4],[7,3],[12,2],[1,-2]],[[5558,1419],[-3,0],[1,4],[2,0],[0,-4]],[[5610,2044],[-2,-4],[-3,1],[1,3],[4,0]],[[5617,2075],[2,-4],[0,-5],[-3,1],[1,4],[-3,3],[3,1]],[[5627,2137],[2,-4],[0,-3],[-6,-3],[-6,0],[-2,3],[-6,0],[2,3],[5,0],[6,1],[5,3]],[[5624,2156],[1,2],[6,0],[2,-2],[-5,-1],[-4,1]],[[5649,2158],[-2,-3],[-3,3],[0,6],[1,1],[4,-4],[0,-3]],[[5631,2166],[6,0],[-2,-3],[-4,3]],[[5631,2166],[-1,0]],[[5630,2166],[1,0]],[[5667,2406],[8,-2],[-1,-1],[-5,1],[-2,2]],[[5694,2604],[-8,3],[-2,3],[0,7],[-4,1]],[[5680,2618],[4,0],[2,2],[8,1],[1,2],[5,1],[4,4],[1,3],[10,2],[4,-1]],[[5719,2632],[-3,1],[-4,-4],[-2,-4],[-4,1],[-9,-6],[-7,-1],[-3,-2],[5,-2],[-3,-7],[5,-4]],[[5680,2618],[-2,0],[0,4]],[[5678,2622],[1,4],[3,1],[10,6],[4,0],[2,2],[8,0],[4,1],[4,3],[6,0],[1,-1],[-6,-3],[-2,0],[-7,-2],[-8,0],[-2,-1],[0,-3],[-2,-4],[-8,-4],[-5,0],[-1,-3]],[[5678,2622],[3,0],[7,2],[-1,4],[-6,-3],[-3,-3]],[[5720,2886],[-2,3],[4,3],[3,0],[-1,-3],[-4,-3]],[[5735,3002],[7,-1],[-2,-2],[1,-2],[6,-1]],[[5747,2996],[-3,-1],[-5,0],[-1,4],[-3,3]],[[5735,3002],[-7,-1],[-3,1],[-1,5],[3,0],[4,-1],[1,-3],[3,-1]],[[5732,3010],[8,1],[-1,-4],[-2,-1],[-6,1],[1,3]],[[5752,3072],[6,-1],[-4,-2],[-2,3]],[[5752,3072],[-3,4],[-5,5],[-6,2],[1,3],[2,2],[6,-2],[6,1],[1,2],[2,1],[2,7],[-3,1],[0,5],[-4,4],[1,2],[5,-6],[3,-4],[0,-6],[-6,-7],[-1,-4],[-2,-1],[4,-6],[8,1],[9,1],[0,-2],[-5,0],[2,-5],[3,-2],[3,0],[-1,-3],[-7,5],[-6,1],[-8,2],[-1,-1]],[[5744,3138],[-1,-4],[-4,2],[5,2]],[[5751,3149],[2,-5],[-3,0],[1,5]],[[5754,3179],[-2,2]],[[5752,3181],[2,-2]],[[5772,3190],[2,-4],[-3,-1],[-1,4],[2,1]],[[5760,3264],[-2,-2],[3,-2],[-2,-7],[-2,5],[-3,1],[-1,3],[1,3],[1,8],[6,-2],[-1,-7]],[[5850,4134],[5,2],[9,0],[2,0],[8,2],[7,-1],[2,-2],[-2,-6],[5,0],[0,-4],[-4,0],[0,-2],[-4,-2],[-3,5],[-7,-1],[0,3],[-4,0],[-2,3],[-4,0],[-2,3],[-6,0]],[[5890,4276],[-2,-2],[-10,-2],[-5,3],[3,4],[4,0],[4,5],[7,0],[3,2],[3,-1],[-4,-3],[-3,-3],[0,-3]],[[5884,4334],[-1,0]],[[5883,4334],[1,0]],[[5884,4334],[-1,0]],[[5883,4334],[1,0]],[[5912,4340],[-6,0],[2,2],[3,0],[1,-2]],[[5886,4376],[3,0],[-1,-2],[-5,0],[3,2]],[[5888,4381],[1,1],[3,0],[-2,-4],[-2,3]],[[5906,4381],[-4,0],[-2,2],[5,1],[5,1],[3,-2],[-2,-2],[-5,0]],[[5911,4410],[0,7],[2,0],[0,-5],[-2,-2]],[[5989,5079],[8,-3],[1,-2],[5,-2],[-1,-3],[-5,3],[-4,2],[-11,6],[4,1],[3,-2]],[[6067,5861],[0,-2],[-6,1],[2,3],[4,-2]],[[6079,5976],[-5,1],[-5,2],[2,2],[6,-3],[2,-2]],[[6086,5985],[3,1],[1,-3],[-4,0],[0,2]],[[6101,6168],[-14,1],[1,1],[5,0],[1,3],[6,-2],[1,-3]],[[6317,8547],[3,2],[12,-1],[4,-1],[7,-1],[-4,5],[0,6],[4,0],[3,-2],[0,-4],[2,-1],[6,-5],[-5,-1],[-3,-2],[-4,0],[-5,-2],[-1,1]],[[6336,8541],[-6,0],[1,6],[-4,1],[-2,-2],[-5,-1],[-3,2]],[[6335,8559],[8,0],[0,-1],[-8,1]],[[5517,756],[-1,-1],[-9,-1],[-8,1],[9,3],[1,-2],[8,0]],[[5505,774],[-2,-4],[-3,1],[0,4],[5,-1]],[[5505,774],[2,-1]],[[5507,773],[-2,1]],[[5505,793],[5,0],[0,-4],[-8,-3],[2,5]],[[5504,791],[1,2]],[[5505,793],[-1,-2]],[[5504,791],[1,2]],[[5509,795],[-1,-1]],[[5508,794],[1,1]],[[5508,794],[1,1]],[[5509,795],[-1,-1]],[[5507,806],[6,2],[-1,-2],[-5,0]],[[5503,832],[-8,-2]],[[5495,830],[2,2],[6,0]],[[5512,837],[1,-3],[-5,-1],[-4,1],[1,3],[7,0]],[[5494,843],[-4,-2],[1,6],[4,-2],[-1,-2]],[[5514,890],[-1,-1],[-17,1],[-2,2],[17,-1],[3,-1]],[[5505,894],[-4,0],[-1,1],[13,0],[0,-1],[-4,-2],[-4,2]],[[5522,896],[-3,-1],[-4,2],[-3,0],[-4,3],[5,0],[3,-2],[6,-2]],[[5506,1035],[-5,2],[3,3],[5,-1],[12,2],[14,-1],[4,-3],[-6,-1],[-6,0],[-4,-1],[-6,0],[-7,-1],[-4,1]],[[5522,1046],[-2,-2],[-8,1],[-7,2],[-8,1],[-7,2],[16,3],[20,-1],[7,-2],[15,-1],[5,1],[10,-1],[0,-3],[-9,2],[-9,0],[-2,-1],[-4,0],[-5,-1],[-7,-1],[-5,1]],[[5553,1052],[-3,-1],[-5,1],[-12,1],[2,2],[9,-1],[7,-1],[8,0],[-3,4],[-4,-2],[-5,0],[-6,1],[-5,0],[-4,-1],[-9,0],[-4,-1],[-11,1],[7,3],[6,-1],[8,2],[6,0],[4,2],[1,3],[6,0],[4,1],[6,-1],[3,-4],[5,0],[1,-2],[4,0],[4,3],[3,-1],[-8,-3],[-1,-5],[-1,-1],[-11,0],[-2,1]],[[5534,1063],[-3,-2],[-6,1],[-3,2],[-14,4],[4,2],[3,-2],[11,0],[3,-3],[4,0],[1,-2]],[[5538,1084],[-4,0]],[[5534,1084],[4,0]],[[5521,1084],[-2,2],[8,2],[-1,-3],[-2,-3],[-3,2]],[[5519,1093],[-4,0],[0,2],[3,2],[7,-1],[-6,-3]],[[5539,1105],[6,-1],[1,-3],[-7,0]],[[5539,1101],[0,4]],[[5527,1104],[-3,2],[4,1],[4,-1],[-1,-2],[-4,0]],[[5545,1108],[-4,-2],[-9,1],[-1,1],[-8,1]],[[5523,1109],[-6,0],[-2,4],[6,-2],[18,-1],[-2,-2],[8,0]],[[5549,1119],[5,1]],[[5554,1120],[-5,-1]],[[5575,1130],[7,1],[3,-3],[4,0],[1,-3],[-6,-1],[-6,1],[-4,2],[-6,-1],[-9,0],[1,-3],[-5,0],[-7,-3],[1,-1]],[[5549,1119],[-2,-2],[5,-1],[-1,-1],[-5,0],[-5,-2],[-14,0],[-6,2],[-3,1],[-12,4],[14,0],[5,0],[8,1],[4,2],[11,-1],[-2,5],[3,3],[2,-1],[7,0],[6,0],[6,2],[5,-1]],[[5618,1821],[2,4],[5,-2],[-1,-2],[-6,0]],[[5624,1833],[5,0],[5,-3],[-2,-4],[-6,1],[-3,1],[1,5]],[[5656,2118],[-1,4],[-3,4],[7,0],[2,-1],[-1,-3],[3,-1],[-1,-3],[-2,-2],[-4,2]],[[5696,2285],[-2,2]],[[5694,2287],[2,-2]],[[5694,2287],[-7,2],[4,3],[4,0],[3,-3],[-1,-2],[-3,0]],[[5709,2610],[3,-1],[0,-2],[-4,-4],[-5,1],[0,3],[4,3],[2,0]],[[5727,2641],[4,0],[0,-3],[-5,1],[1,2]],[[5765,2972],[4,-2],[-3,-2],[-5,0],[4,4]],[[5781,3055],[3,1],[5,-1],[-2,-3],[-5,1],[-1,2]],[[5901,4128],[-5,0],[1,2],[-4,1],[1,4],[2,1],[5,1],[2,-5],[-5,-1],[0,-2],[3,-1]],[[5925,4259],[7,1],[-1,-2],[-3,0],[-3,1]],[[5919,4347],[-6,-1],[-1,3],[6,0],[1,-2]],[[5922,4349],[-3,-2]],[[5919,4347],[3,2]],[[5924,4350],[-2,-1]],[[5922,4349],[2,1]],[[5927,4356],[0,-2]],[[5927,4354],[0,2]],[[5927,4354],[7,2],[-3,2],[3,3],[3,5],[1,1]],[[5938,4367],[4,-2],[-1,-5],[-9,-7],[-5,1]],[[5969,4402],[-4,-1],[0,-2],[-5,-2],[-4,1],[6,-5],[-1,-5],[-4,-5],[-4,-3],[-6,-1],[-7,0],[-4,3],[-2,4],[1,2],[5,3],[-4,4],[-4,-2],[-2,-6],[-2,0],[-6,-1],[1,-4]],[[5923,4382],[-2,-2],[-5,0],[-4,-1],[0,2],[4,1],[0,7],[-5,5],[2,6],[5,-1],[-1,-4],[2,-5],[4,-2],[6,0],[1,3],[4,5],[-1,1],[-10,1],[-2,4],[7,2],[4,-2],[0,-3],[5,0],[6,-1],[2,2],[5,0],[1,2],[7,0],[2,-2],[9,2]],[[5978,4798],[3,3],[5,0],[0,-6],[-9,1],[1,2]],[[6008,5062],[6,-1],[-2,-2],[-4,0],[0,3]],[[6090,5991],[2,2],[6,-2],[-2,-2],[-6,2]],[[6100,6003],[5,0],[-1,-2],[-4,2]],[[6105,6020],[-5,0],[1,3],[4,-3]],[[6125,6023],[-8,2],[-8,3],[15,-4],[1,-1]],[[6103,6035],[7,-1],[0,-2],[-7,2],[0,1]],[[6121,6033],[1,-1]],[[6122,6032],[-4,-1],[-3,2],[-9,4],[-5,0],[-8,2],[0,2],[14,-4],[6,-1],[8,-3]],[[6111,6044],[7,0],[-1,-2],[-6,1],[0,1]],[[6132,6043],[-1,1],[-13,4],[0,2],[6,-2],[5,-1],[8,-3],[-5,-1]],[[6134,6055],[0,-1],[-6,0],[-8,3],[8,1],[6,-3]],[[6230,7065],[-4,2],[2,3],[3,-1],[1,-2],[-2,-2]],[[6245,7088],[-6,0],[-1,-1],[-10,0],[-2,3],[8,-2],[11,0]],[[6319,8196],[-3,3],[3,1],[5,0],[-2,-4],[-3,0]],[[6348,8222],[4,-4],[-7,0],[-6,4],[6,4],[4,-3],[-1,-1]],[[6340,8330],[-1,2],[3,1],[2,0],[0,-5],[-4,-2],[0,4]],[[6356,8344],[3,-2],[-1,-1],[-4,0],[2,3]],[[6357,8438],[-3,-2],[-6,4],[-6,0],[0,3],[-2,2],[4,2],[6,0],[2,-3],[0,-2],[6,-1],[-1,-3]],[[6358,8493],[3,1],[2,-3]],[[6363,8491],[5,-1],[3,-4],[0,-2],[-7,0],[-3,-2],[-2,-4],[-3,0],[-4,1],[1,4],[-3,5],[-13,-3],[-5,-2],[-5,0],[-1,-1],[-3,3],[5,1],[9,5],[2,2],[-1,1],[-7,1],[-3,3],[1,4],[7,0],[7,2],[5,0],[4,-2],[-1,-2],[-5,1],[-4,-4],[4,0],[-1,-3],[3,-2],[3,2],[5,1],[2,-2]],[[5517,756],[5,1]],[[5522,757],[-5,-1]],[[5538,787],[-5,0]],[[5533,787],[5,0]],[[5527,829],[-5,0],[-3,-2],[-4,2],[8,1],[5,4],[5,0],[8,1],[-4,-4],[-2,-4],[-7,1],[-1,1]],[[5527,869],[3,1],[4,0],[0,-3],[-5,-1],[-2,3]],[[5532,888],[-4,1],[1,4],[5,2],[1,2],[6,0],[8,3],[3,-1],[0,-3],[2,-3],[-5,-6],[-1,4],[-3,0],[0,-4],[-5,-2],[-7,1],[-1,2]],[[5522,899],[-2,3],[12,0],[1,-3],[-4,-2],[-7,2]],[[5516,907],[10,1],[3,2],[11,0],[9,-1],[-1,-3],[-7,-1],[-9,2],[-7,-1],[-9,1]],[[5538,920],[9,0],[3,2],[7,0],[2,-3],[-6,-2],[-4,0],[-11,3]],[[5544,943],[1,0]],[[5545,943],[-1,0]],[[5545,943],[-1,0]],[[5544,943],[1,0]],[[5559,973],[5,1],[0,-3],[-4,0],[-1,2]],[[5579,1044],[-3,-3],[-15,0],[-6,1],[1,2],[12,-2],[4,1],[3,2],[4,-1]],[[5583,1138],[-5,-3],[-3,0],[0,-3],[-7,1],[-6,2],[-2,2],[9,0],[-2,3],[-7,1],[9,4],[6,0],[5,-1],[0,-3],[3,-3]],[[5558,1160],[3,1],[8,-1],[0,-2],[-6,1],[-5,1]],[[5559,1166],[1,0]],[[5560,1166],[-1,0]],[[5570,1167],[3,-3],[-6,0],[3,3]],[[5570,1173],[-1,0]],[[5569,1173],[0,2],[8,-2],[0,-1],[-7,1]],[[5570,1192],[-3,3],[5,0],[-2,-3]],[[5629,1501],[5,-1],[5,-1],[3,-1],[-1,-3],[-4,0],[-5,5],[-3,1]],[[5633,1535],[8,-1],[0,-2],[-7,0],[-1,3]],[[5639,1550],[-5,-1],[0,3],[3,0],[2,-1],[5,2],[1,2],[3,0],[-5,-4],[-4,-1]],[[5636,1555],[-5,-3],[-2,3],[3,1],[0,3],[6,1],[5,2],[3,0],[1,-3],[-7,-1],[-4,-3]],[[5642,1565],[-5,-2],[0,3],[-3,1],[2,4],[5,1],[1,-7]],[[5647,1583],[-2,-2],[-3,4],[-5,1],[-10,0],[2,3],[12,1],[0,-3],[2,-3],[4,-1]],[[5686,1834],[-3,-2],[-1,-3],[-9,1],[6,4],[-3,2],[-4,0],[0,4],[7,0],[7,-2],[0,-4]],[[5646,1839],[-4,2],[5,2],[4,-3],[-2,-2],[-3,1]],[[5711,2151],[1,-1],[-7,-3],[-3,2],[0,2],[4,2],[5,-2]],[[5696,2285],[10,4],[0,-2],[-7,-2],[-3,0]],[[5774,2618],[0,-1]],[[5774,2617],[-1,-2],[-7,1],[0,1],[8,1]],[[5798,2961],[-1,1]],[[5797,2962],[1,-1]],[[5861,3533],[-1,3],[1,1],[5,-4],[-5,0]],[[5944,4138],[-3,0],[-1,3],[2,1],[5,2],[4,0],[-1,-5],[-6,-1]],[[5936,4153],[5,-1],[0,-3],[-9,0],[-5,-7],[-11,5],[-2,3],[-1,3],[4,3],[3,1],[5,0],[6,-2],[5,-2]],[[5935,4210],[2,4],[5,1],[0,-5],[-7,0]],[[5937,4222],[-1,-3],[-3,1],[0,5],[1,4],[6,-3],[-3,-4]],[[5951,4254],[-1,-2],[-6,0],[-10,-2],[-5,-1],[2,3],[3,0],[4,3],[3,-1],[10,0]],[[5952,4366],[-5,4],[-1,4],[-7,-2],[-1,-5]],[[5938,4367],[-2,4],[1,7],[3,-2],[1,-2],[8,1],[1,-3],[4,0],[2,3],[4,0],[3,1],[6,0],[4,1],[-1,-4],[-4,-1],[-3,-2],[-4,0],[-9,-4]],[[6122,6032],[-1,1]],[[6121,6033],[-1,3],[6,-1],[2,-1],[6,0],[7,-2],[8,-4],[-8,1],[-4,1],[-1,-2],[-5,2],[-4,1],[-5,1]],[[6139,6047],[-3,0],[-3,3],[6,1],[0,-4]],[[6156,6155],[-7,1],[-8,3],[0,2],[6,0],[7,-3],[2,-3]],[[6340,7927],[5,0],[0,-5],[-5,3],[0,2]],[[6354,8316],[7,0],[-2,-3],[-3,1],[-2,2]],[[5544,626],[-2,-1],[-1,-3],[-3,-2],[-9,-3],[-3,2],[-12,0],[-2,3],[4,3],[4,1],[4,3],[4,4],[3,-1],[3,2],[4,0],[7,-3],[-1,-5]],[[5563,773],[-3,1]],[[5560,774],[3,-1]],[[5579,854],[7,0],[0,-2],[-8,0],[1,2]],[[5572,862],[5,2],[9,0],[-2,-4],[-12,1],[0,1]],[[5561,884],[2,1],[10,-1],[-5,-2],[-7,0],[0,2]],[[5564,898],[9,-1]],[[5573,897],[-3,-2],[-6,1],[0,2]],[[5564,899],[0,-1]],[[5564,898],[0,1]],[[5586,921],[1,1],[7,0],[-2,-2],[-6,1]],[[5600,942],[-7,0],[0,1],[6,0],[1,-1]],[[5562,945],[7,0],[1,-2],[-8,1],[0,1]],[[5609,1008],[0,1]],[[5609,1009],[0,-1]],[[5591,1017],[0,-3],[-6,1],[1,2],[5,0]],[[5614,1031],[-9,1]],[[5605,1032],[3,2],[5,-2],[1,-1]],[[5587,1057],[0,4],[4,-1],[-1,-2],[-3,-1]],[[5585,1084],[-1,2],[-6,1],[1,2],[9,0],[7,-2],[-1,-2],[-7,-1],[-2,0]],[[5600,1112],[5,-3],[15,0],[4,-2],[11,-2],[5,0],[1,-3],[-11,2],[-9,1],[0,3],[-16,0],[-11,4],[4,2],[2,-2]],[[5582,1114],[-6,-2],[-2,1],[7,5],[7,2],[16,-1],[19,-1],[3,2],[4,-2],[-16,-2],[-3,1],[-11,1],[-2,-1],[-8,1],[-9,-1],[1,-3]],[[5606,1122],[0,1],[8,0],[-2,-4],[-5,2],[-1,1]],[[5711,1828],[-5,0],[-6,0],[1,2],[4,2],[4,-1],[2,-3]],[[5688,1878],[5,1],[1,-2],[-6,1]],[[5714,2077],[7,1],[3,-1],[-1,-2],[-3,-1],[-4,1],[-2,2]],[[5735,2076],[-3,2],[-6,1],[-6,2],[-3,-2],[-3,1],[0,4],[-9,1],[-13,0],[-5,-1],[-6,1],[-3,1]],[[5678,2086],[-1,-2],[-5,-4],[-5,-1],[-5,0],[-1,-2],[-5,1],[-4,-3],[-5,-1],[-10,1],[-6,-1],[-9,3],[-5,-2]],[[5617,2075],[-5,3],[-7,0],[0,-3],[-5,1]],[[5600,2076],[7,4],[6,2],[0,4],[-2,1]],[[5611,2087],[10,-1],[3,3],[-6,0]],[[5618,2089],[2,2],[7,0],[4,1],[0,3],[3,4],[-5,1],[0,2],[-5,0],[-5,3],[6,2],[-4,3],[0,2],[-4,2],[-1,5],[2,2]],[[5618,2121],[8,2],[0,-1],[10,-1],[3,-3],[7,-1],[2,-1],[7,0],[0,-3],[7,1],[14,-1],[3,0],[1,3],[-5,4],[1,4],[2,0],[-1,5],[-5,0],[-2,2],[-3,2],[-1,3],[4,2],[0,6],[0,4],[-8,3],[1,3],[2,0],[4,-3],[14,0],[10,-4],[9,-6],[2,-4],[4,-3],[7,-2],[6,-2],[9,0],[5,4],[11,-4],[9,0],[8,1],[23,-1],[13,-1],[0,-1],[12,-1],[4,-3],[6,1],[17,-1],[-1,-4],[-11,1],[-13,1],[-17,-4],[-7,1],[-6,-2],[0,-3],[3,-4],[-4,0],[-1,-2],[-10,4],[2,2],[6,-2],[0,4],[2,1],[-10,0],[0,2],[2,2],[9,0],[4,-1],[2,2],[10,-1],[1,2],[-9,2],[-7,-1],[-35,2],[-5,-1],[-6,1],[-8,-2],[2,-5],[6,-1],[0,-2],[-9,-1],[-2,0],[0,-3],[6,-3],[5,0],[4,-2],[6,-1],[0,3],[3,0],[2,3],[-1,3],[3,2],[4,0],[-1,-5],[-3,-3],[-1,-3],[3,-7],[-1,-3],[-8,2],[3,3],[0,4],[-5,1],[-10,0],[-3,-2],[0,-2],[5,-4],[7,0],[-1,-3],[3,-1],[-5,-3],[-3,-3],[-1,-2],[3,-3],[-5,-6],[0,-1]],[[5678,2086],[1,2],[4,1],[2,-1],[4,-1],[5,6],[6,1],[-1,3],[-6,2],[-9,0],[-4,-2],[-1,-2],[-4,-2],[-18,-2],[-1,2],[-7,1],[-7,0],[-7,-2],[-1,-3],[3,-3],[5,0],[-1,3],[6,0],[4,0],[8,0],[1,-2],[0,-4],[-3,-3],[8,3],[3,4],[7,1],[3,-2]],[[5694,2137],[-3,-1],[0,-3],[3,0],[2,2],[-2,2]],[[5702,2110],[0,-2],[-12,1],[-6,-4],[0,-2],[4,-2],[9,0],[4,2],[-5,2],[-1,2],[10,-1],[6,-5],[1,-1],[10,-1],[-3,2],[-3,1],[-1,3],[2,6],[2,4],[-5,1],[-7,1],[-6,-2],[-2,-2],[3,-3]],[[5639,2098],[3,-2],[6,0],[-1,3],[5,3],[6,-3],[-3,-1],[2,-3],[8,0],[1,3],[-2,3],[7,-1],[2,1],[-4,3],[-5,-2],[-6,-1],[1,3],[-10,1],[-8,1],[1,-3],[0,-4],[-3,-1]],[[5725,2083],[3,-2],[3,1],[-1,3],[4,0],[0,3],[-4,0],[0,2],[-8,1],[-5,-3],[1,-2],[7,-3]],[[5706,2089],[-4,0],[0,-2],[6,0],[-2,2]],[[5633,2085],[-4,3],[-3,0],[1,-3],[6,0]],[[5657,2085],[-5,0],[-2,-3],[6,0],[1,3]],[[5636,2081],[-2,2],[-5,0],[-2,2],[-11,0],[0,-3],[9,0],[3,-1],[8,0]],[[5626,2077],[17,-1],[-1,3],[-4,-1],[-6,1],[-7,1],[1,-3]],[[5711,2110],[1,3],[3,1],[-1,-7],[-3,3]],[[5744,2494],[-7,0],[6,-3],[6,-5],[1,-2],[0,-6],[-2,-4],[2,-3],[5,-3],[2,-4],[3,0],[4,-4],[10,-4],[4,-2],[2,-5],[15,-6],[9,0],[6,-2],[6,-2],[3,-2],[2,-4],[5,-2],[0,-1],[9,-6],[6,-3],[1,-2],[7,-5],[16,-8],[12,-6],[5,-4],[5,-2],[7,-4],[2,0],[5,-3],[8,-2],[8,-1],[12,0],[3,-2],[2,-2],[1,-4],[-3,0],[-3,-3],[-3,-1],[0,-4],[-8,3],[3,0],[-11,6],[-8,1],[-5,3],[-10,0],[-2,-1],[-13,1],[-7,1],[-6,2],[-3,4],[-1,7],[-2,2],[3,1],[-2,3],[-11,1],[-1,2],[3,2],[-1,1],[-8,0],[-6,-3],[-6,0],[-1,3],[2,3],[11,-1],[0,3],[-2,2],[-7,2],[-9,1],[-8,3],[-9,2],[-9,0],[-4,1],[-11,5],[-8,7],[-8,5],[-2,3],[-6,1],[-14,1],[-2,-1],[-11,0],[-8,3],[-12,9],[-3,0],[1,4],[-2,3],[-3,2],[2,2],[0,3],[-9,0],[0,2],[8,0],[3,-2],[7,-5],[7,0],[5,1],[1,3],[-2,3],[-6,2],[-11,1],[-10,2],[-7,0],[-2,1],[-10,2],[-10,0],[-7,0],[-6,-2],[-5,-3],[0,-1],[-7,-4],[-3,1],[0,4],[3,1],[4,3],[2,0],[10,7],[0,3],[3,1],[3,3],[2,0],[2,4],[6,2],[4,0],[4,3],[11,0],[6,-2],[10,0],[3,-1],[4,1],[0,4],[9,-1],[3,3],[2,-2],[3,0],[2,2],[3,-4],[1,-6],[7,-2]],[[5741,2459],[1,3],[-6,4],[-10,0],[-1,-3],[3,-2],[9,-2],[4,0]],[[5756,2475],[-2,3],[1,3],[2,1],[2,-3],[0,-3],[-3,-1]],[[5784,2616],[5,3],[2,-3],[-7,0]],[[5774,2617],[0,1]],[[5774,2618],[0,1],[8,3],[-3,-4],[-5,-1]],[[5782,2635],[1,-1],[1,-4],[-3,-1],[1,6]],[[5832,2908],[0,1]],[[5832,2909],[0,-1]],[[5867,3395],[7,0],[0,-5],[-8,0],[0,4],[1,1]],[[5953,4128],[-3,3],[5,4],[3,0],[3,0],[0,-4],[-8,-3]],[[5980,4128],[-1,4],[3,3],[4,0],[1,-4],[-3,-1],[-4,0],[0,-2]],[[5984,4218],[3,0],[-1,-3],[-6,2],[4,1]],[[5971,4238],[5,-1],[5,-4],[1,-6],[-5,-4],[-6,-1],[-6,1],[1,6],[5,2],[0,-7],[3,2],[2,5],[-2,2],[0,3],[-4,0],[-1,-2],[-6,-3],[-5,-1],[-2,-2],[4,-1],[0,-2],[-8,-5],[-3,-3],[-3,0],[-2,2],[1,9],[2,5],[3,2],[9,0],[5,1],[4,2],[3,0]],[[6040,4945],[5,-2],[-3,-1],[-2,3]],[[6081,5500],[3,-2],[2,-3],[4,2],[1,8],[-2,0],[-6,5],[1,4],[4,0],[1,-2],[4,-1],[1,-2],[7,-1],[4,1],[-3,5],[-6,0],[0,3],[4,1],[-1,3],[-3,1],[0,2],[-7,1],[-1,-2],[-3,0],[-2,2],[-5,3],[-4,0],[0,3],[-3,0],[-1,3],[5,-1],[9,0],[3,2],[2,4],[2,0],[3,2],[-1,2],[-12,3],[1,2],[-2,3],[-4,1],[0,3],[9,-1],[5,-2],[3,-2],[3,0],[5,-2],[12,-2],[6,2],[4,-1],[1,-3],[5,-4],[6,-2],[7,-1],[4,2],[3,0],[4,2],[12,-1],[-5,5],[10,0],[1,2],[-3,2],[-7,0],[-2,-1],[-5,0],[-4,4],[4,0],[10,-3],[6,0],[3,-1],[9,-1],[2,2],[5,0],[5,-2],[9,4]],[[6203,5551],[2,-3],[4,0],[2,-1],[0,-4],[-6,0],[-2,-3],[-8,0],[-4,1],[0,-3],[4,-2],[-7,-4],[0,-2],[-4,-2],[-1,-5],[4,-1],[4,3],[7,7],[9,-1]],[[6207,5531],[5,3],[1,4],[6,-4],[-4,-1],[-1,-1],[3,-4],[7,0],[-3,-4],[-8,0],[0,-2],[10,-2],[-1,-5],[2,-5],[2,-3],[-9,0],[-3,-1],[1,-5],[2,-2],[7,1],[-2,-3],[-2,-5],[-3,-3],[-4,-2],[-5,0],[-2,-4],[3,-5],[6,1],[1,2],[4,1],[11,-1],[0,-3],[-4,-5],[4,-3],[-2,-8],[-2,2],[-4,-1],[2,-2],[-6,0],[-3,-3],[7,0],[1,-1],[0,-5],[4,-6],[0,-5],[-2,-1],[0,-4],[-3,-6],[-1,-4],[-4,-4],[0,-7],[3,-4],[0,-3],[-2,-3],[1,-2],[7,-5],[0,-2],[5,-1],[-1,-5],[4,-2],[4,-3],[8,-3],[5,-3],[6,-6],[3,-1],[2,-3],[-4,0],[-1,2],[-6,1],[-6,5],[-6,2],[-2,2],[-5,2],[-9,6],[-8,1],[-3,-5],[-6,-5],[-8,2],[-10,0],[-1,-3],[3,-1],[0,-2],[4,-3],[-1,-4],[1,-4],[-2,-3],[-3,-2],[-8,1],[-8,3],[-3,1],[-1,-3],[-6,-1],[-1,-5],[-5,0],[0,-2],[-7,0],[0,-7],[-5,-2],[-1,3],[-6,0],[-5,4],[-2,0],[-7,-4],[-3,2],[1,3],[-4,5],[-1,2],[-4,4],[-6,5],[-3,1],[-6,1],[-10,4],[-12,6],[-3,2],[-2,4],[3,1],[0,3],[2,3],[-2,2],[2,2],[-2,4],[0,4],[-3,2],[-2,3],[-5,4],[-8,1],[-7,-5],[-1,-3],[-3,1],[4,3],[1,6],[-5,4],[-8,1],[-3,2],[-5,0],[-4,-1],[-2,-4],[-3,-2],[-6,1],[-8,3],[2,3],[4,1],[-1,3],[4,0],[0,4],[3,2],[0,6],[-4,5],[4,0],[3,2],[-11,3],[-1,1],[12,-1],[0,3],[-3,3],[-6,0],[0,4],[-1,3],[2,5],[-3,3],[0,2],[5,0],[3,1],[4,0],[1,-2],[7,-2],[1,-8],[5,0],[1,6],[2,2],[5,0],[3,-5],[2,4],[-1,4],[2,17],[-2,7],[2,6],[4,0],[-2,-4],[2,-4],[5,1],[1,-3],[3,-2],[1,3],[-2,2],[1,2],[-2,5],[2,2],[4,-1],[2,0],[3,-3],[-1,-3],[5,0],[4,1]],[[6207,5531],[-1,-5],[4,0],[1,5],[-4,0]],[[6137,5450],[9,-1],[1,2],[-6,0],[-4,-1]],[[6215,5441],[4,0],[-2,4],[-4,0],[2,-4]],[[6215,5441],[-4,1],[-5,-3],[0,-3],[4,-1],[6,1],[2,4],[-3,1]],[[6199,5450],[1,10],[-5,4],[-4,0],[-2,-2],[-4,-3],[-2,-5],[-5,-5],[4,-4],[2,-1],[8,1],[2,0],[5,5]],[[6164,5543],[3,-1],[3,-4],[-1,-4],[5,-2],[9,2],[1,1],[-1,4],[-7,3],[6,1],[0,2],[-7,0],[-2,-1],[-8,0],[-1,-1]],[[6166,5537],[-4,1],[-1,-2],[7,-2],[-2,3]],[[6172,5530],[-4,1],[-2,-5],[4,-1],[2,2],[0,3]],[[6183,5520],[-3,-1],[-3,1],[-4,0],[-2,4],[-6,-7],[-5,0],[1,-4],[9,-1],[-1,-2],[-3,0],[-3,-2],[-1,-2],[10,-6],[6,-2],[5,0],[1,10],[2,1],[8,6],[2,2],[1,3],[2,2],[1,3],[-4,0],[-5,-1],[-1,-3],[-7,-1]],[[6159,5520],[-2,3],[-3,-4],[3,-1],[2,2]],[[6211,5516],[1,4],[-4,-1],[3,-3]],[[6211,5516],[0,-5],[2,0],[3,3],[-1,2],[-4,0]],[[6134,5501],[2,1],[-3,8],[-4,1],[-2,-4],[3,-5],[4,-1]],[[6186,5483],[0,-3],[3,-2],[6,1],[3,-1],[2,2],[-1,3],[3,3],[0,3],[-2,2],[-6,0],[-3,-2],[0,-4],[-5,-2]],[[6150,5485],[4,-2],[7,3],[0,3],[-4,4],[-7,-1],[-2,-5],[2,-2]],[[6110,5487],[-1,4],[-7,-3],[0,-3],[4,0],[4,2]],[[6223,5478],[-3,-2],[1,-5],[4,0],[1,5],[-3,2]],[[6179,5457],[1,7],[-2,1],[-4,0],[0,-3],[5,-5]],[[6088,5462],[-3,0],[-2,-5],[7,1],[-2,4]],[[6166,5457],[-2,0]],[[6164,5457],[2,0]],[[6102,5446],[-2,-2],[7,0],[-1,3],[-4,-1]],[[6148,5441],[0,-1],[8,0],[0,1],[-8,0]],[[6081,5438],[2,-1],[5,0],[5,2],[-5,4],[-5,-1],[-2,-4]],[[6205,5428],[6,0],[4,1],[1,3],[-14,2],[-2,-1],[-3,1],[-2,-5],[-5,-2],[1,-4],[5,-1],[3,-1],[6,4],[0,3]],[[6052,5440],[0,-4],[5,1],[-1,2],[-4,1]],[[6088,5435],[4,-2],[1,3],[-5,-1]],[[6169,5423],[0,-1],[6,-1],[5,3],[1,8],[-8,0],[-2,-5],[-3,-2],[1,-2]],[[6165,5428],[-1,-2],[-5,0],[1,-2],[6,-2],[0,4],[-1,2]],[[6143,5418],[3,2],[3,0],[8,0],[2,2],[-10,0],[-3,-1],[-4,0],[1,-3]],[[6205,5411],[-2,3],[-6,0],[-3,-4],[7,0],[4,1]],[[6180,5387],[-2,1],[-6,2],[-8,0],[-4,-3],[-5,-2],[-3,3],[2,4],[4,0]],[[6158,5392],[6,-1],[5,2],[-1,6],[-2,-1],[-4,1],[-1,-2],[-8,0],[4,3],[1,2],[6,-1],[-2,3],[-6,0],[-1,-5],[-11,2],[-7,0],[-1,-9],[9,-1],[1,4]],[[6146,5395],[1,-4],[-3,-3],[-7,1],[-1,-2],[7,0],[0,-3],[-6,1],[0,-4],[-5,-1],[-1,-2],[2,-4],[3,-1],[3,1]],[[6139,5374],[3,-1],[0,-3],[13,-1],[7,0],[3,2],[1,2],[6,0],[8,-2],[1,-2],[5,0],[4,3],[-5,6],[-1,4],[8,4],[2,0],[-1,4],[6,-1],[6,-2],[2,4],[-1,2],[3,3],[0,3],[-3,1],[-6,5],[-4,-2],[0,-5],[7,0],[-2,-2],[-3,1],[-11,-2],[3,-2],[0,-2],[-3,-1],[0,-2],[-4,-2],[-3,1]],[[6121,5397],[-7,0],[2,-3],[5,3]],[[6134,5386],[-6,7],[-7,0],[-5,-1],[-3,-2],[0,-3],[3,-3],[5,-1],[2,-2],[3,1],[6,1],[2,3]],[[6168,5372],[-1,-4],[5,-1],[2,3],[-2,2],[-4,0]],[[6142,5356],[3,0],[5,3],[0,3],[-6,1],[-6,-2],[-1,-2],[5,-3]],[[6114,5559],[-8,0],[4,6],[6,-2],[-2,-4]],[[6123,5566],[2,-1]],[[6125,5565],[-2,1]],[[6125,5565],[-2,1]],[[6123,5566],[2,-1]],[[6156,6054],[5,0],[3,-1],[5,0],[6,-2],[-6,-1],[-3,2],[-10,2]],[[6178,6051],[-3,0],[-1,3],[-6,0],[-5,2],[0,2],[6,-1],[1,-2],[7,-1],[1,-3]],[[6172,6059],[6,0],[6,-2],[-2,-1],[-9,1],[-1,2]],[[6195,6059],[-5,3],[-6,0],[1,2],[7,-2],[3,-3]],[[6191,6083],[-6,1],[2,2],[6,-2],[-2,-1]],[[6275,7095],[8,-1],[-2,-1],[-5,0],[-1,2]],[[6296,7098],[0,-1],[-8,1],[1,1],[7,-1]],[[6353,7690],[7,-1],[2,-1],[-1,-2],[-9,0],[1,4]],[[6368,7955],[0,-2],[-4,-1],[0,2],[4,1]],[[6358,7958],[-3,-2],[-2,4],[5,-1],[0,-1]],[[6404,8470],[3,-1],[0,-2],[-5,0],[2,3]],[[5581,641],[1,-1]],[[5582,640],[-1,-2],[-6,1],[1,2],[5,0]],[[5585,641],[2,-1]],[[5587,640],[-2,1]],[[5585,641],[-3,-1]],[[5582,640],[-1,1]],[[5581,641],[5,1]],[[5586,642],[-1,-1]],[[5586,642],[1,-2]],[[5587,640],[-1,2]],[[5569,645],[1,2],[3,0],[-1,-6],[-6,1],[-1,2],[4,1]],[[5575,691],[6,0],[-1,-5],[-3,0],[-4,2],[2,3]],[[5575,691],[-1,-3],[4,-1],[2,3],[-5,1]],[[5615,802],[-2,1]],[[5613,803],[2,-1]],[[5613,803],[-5,-1],[-8,0],[2,3],[8,0],[3,-2]],[[5612,810],[0,-2]],[[5612,808],[0,2]],[[5614,810],[-2,0]],[[5612,810],[2,0]],[[5594,872],[-1,2],[8,0],[-1,-2],[-6,0]],[[5609,1008],[0,1]],[[5609,1009],[0,-1]],[[5646,1076],[-12,1],[4,2],[3,0],[8,2],[2,-3],[-5,-2]],[[5636,1092],[-10,0],[0,1],[10,0],[0,-1]],[[5639,1095],[-11,1],[-13,2],[15,0],[8,2],[9,-1],[0,-3],[-2,-1],[-6,0]],[[5627,1101],[-7,1],[0,2],[5,0],[2,-3]],[[5628,1129],[7,0],[-2,-3],[-6,1],[1,2]],[[5680,1410],[9,0],[0,-1],[-9,1]],[[5673,1424],[5,-2],[-2,-2],[-4,0],[1,4]],[[5685,1484],[-7,1],[-4,2],[-15,0],[-6,2],[20,-1],[12,-4]],[[5687,1493],[-3,3],[4,0],[3,-3],[-4,0]],[[5716,1845],[-14,1],[-6,0],[0,-3],[-12,0],[-3,3],[-17,1],[0,-1],[-23,1],[-2,3],[7,3],[5,-1],[12,-1],[4,0],[11,2],[6,-2],[2,1],[8,-1],[-2,2],[-8,-1],[1,3],[5,3],[4,0],[-2,-3],[5,0],[3,1],[-9,5],[-7,1],[-23,1],[-4,-2],[-5,4],[-6,3],[-4,0],[-8,-4],[4,-3],[0,-3],[-4,-3],[-5,-2],[-3,1],[-8,-6],[-7,-1],[-2,2],[1,3],[-3,2],[0,3],[3,3],[-5,4],[0,6],[-2,4],[2,2],[16,-1],[0,2],[-6,4],[-11,1],[-8,-2],[-8,1],[2,3],[8,1],[7,1],[4,-1],[2,-2],[5,-1],[9,-4],[1,-3],[24,0],[1,-1],[6,0],[9,1],[13,-1],[4,-2],[4,0],[5,1],[2,-3],[6,-4],[7,0],[2,4],[7,-1],[1,2],[-4,2],[10,0],[6,1],[4,4],[4,1],[-1,-3],[-7,-4],[-6,-1],[0,-3],[-5,-2],[-3,0],[-4,-3],[-6,1],[-5,-3],[-1,-2],[4,-7]],[[5703,1852],[4,3]],[[5707,1855],[3,0],[14,-1],[5,4],[1,3],[7,4],[0,2],[-6,1],[-6,1],[0,2],[7,-1],[3,2],[5,0],[10,2],[-3,3],[1,6],[5,0],[2,2],[14,0],[-1,-3],[-3,-2],[2,-4],[5,0],[-1,3],[6,2]],[[5777,1881],[2,3],[4,0],[7,0],[-1,-5],[5,0],[4,1],[6,0],[2,-4],[3,0],[2,3],[3,-1]],[[5814,1878],[0,1],[14,2],[1,2],[-4,0],[4,6],[7,1],[7,0],[6,1],[0,3],[6,0],[12,0],[4,1],[13,-1],[3,-2],[-1,-3],[6,-1],[2,-6],[0,-3],[5,-2],[-7,-4],[-5,-2],[-3,-5],[-3,-3],[-3,-1],[2,7],[4,2],[-7,2],[-16,1],[-6,-1],[-6,-1],[1,-4],[-2,-4],[-3,0],[-1,-3],[-3,-2],[1,-2],[-7,0],[-9,-5],[-1,5],[4,1],[8,0],[4,2],[1,11],[-6,0],[-3,-1],[0,-3],[-4,-3],[-8,-2],[0,-2],[-9,-3],[-7,-1],[-8,0],[-9,3],[-10,0],[-5,-1],[-5,0],[-7,-3],[-2,-3],[2,-5],[5,-1],[2,1],[13,-1],[0,2],[5,2],[0,-4],[-3,-3],[-12,1],[-12,0],[-5,1],[-20,1],[-1,1],[-9,1],[-12,1],[0,-3],[4,-1]],[[5865,1888],[-2,-4],[-5,1],[-8,-6],[0,-3],[4,-1],[10,0],[2,2],[4,0],[1,7],[-6,3],[0,1]],[[5865,1888],[5,3],[-6,1],[1,-4]],[[5876,1879],[3,-3],[8,1],[1,6],[-4,2],[-8,0],[-2,-1],[2,-5]],[[5786,1867],[3,-3],[4,0],[3,-2],[10,-1],[7,2],[-6,4],[3,2],[10,-1],[1,-4],[7,1],[-2,4],[-5,2],[-14,1],[-7,-1],[-3,-1],[-2,-4],[-3,3],[1,3]],[[5793,1872],[-2,0],[-8,3],[-2,-6],[2,-2],[3,0]],[[5741,1871],[-2,-2],[6,-1],[6,0],[5,-1],[1,2],[10,0],[0,2]],[[5767,1871],[-6,1],[-3,3],[-7,0],[-3,-3],[-7,-1]],[[5767,1871],[5,-1],[1,2],[-6,1],[0,-2]],[[5775,1865],[0,5],[-3,-1],[0,-4],[3,0]],[[5738,1857],[-6,-1],[-1,-3],[12,3],[6,0],[4,1],[1,2],[5,2],[-9,4],[-8,0],[-4,-4],[1,-2],[-1,-2]],[[5631,1869],[0,-1],[10,0],[-2,1],[-8,0]],[[5751,1847],[2,2],[-7,1],[2,-2],[3,-1]],[[5762,2084],[0,-2],[-5,-2],[-7,0],[4,2],[5,0],[3,2]],[[5803,2407],[-4,-1],[-1,3],[4,0],[1,-2]],[[5794,2414],[3,-2],[-3,-2],[-5,3],[5,1]],[[5794,2416],[2,1],[7,0],[5,1],[5,0],[1,-3],[-3,-1],[-8,1],[-4,1],[-5,0]],[[5824,2609],[4,-1],[-1,-4],[-4,-4],[-3,1],[0,2],[6,0],[0,5],[-2,1]],[[5824,2609],[-6,1],[-4,-2],[-4,0],[-1,2],[5,2],[3,5],[4,1],[5,-1],[-2,-8]],[[5828,2647],[-1,3],[5,-2],[-4,-1]],[[5848,2826],[-2,0]],[[5846,2826],[-1,1]],[[5845,2827],[3,-1]],[[5841,2851],[-2,4],[5,3]],[[5844,2858],[1,1]],[[5845,2859],[-1,-3],[-3,-1],[0,-4]],[[5842,2873],[4,-1],[3,-2],[0,-2],[-5,-2],[0,4],[-2,3]],[[5848,2890],[-2,3],[6,-1],[-4,-2]],[[5994,4134],[-4,1],[3,2],[3,-1],[-2,-2]],[[5991,4222],[-4,1],[4,3],[9,1],[-4,-4],[-5,-1]],[[6023,4383],[0,-1]],[[6023,4382],[0,1]],[[6023,4382],[0,1]],[[6023,4383],[-2,2]],[[6021,4385],[0,1],[-6,3]],[[6015,4389],[2,1],[9,-1],[3,-2],[0,-4],[6,-1],[3,-1],[-3,-3],[-4,0],[-2,3],[-6,1]],[[6089,5029],[1,-2],[-6,1],[0,2],[5,-1]],[[6092,5032],[-3,2],[0,2],[-8,0],[0,2],[12,-1],[-2,-2],[1,-3]],[[6139,5374],[2,1]],[[6141,5375],[-2,-1]],[[6146,5395],[-3,-1]],[[6143,5394],[3,1]],[[6149,5397],[1,0]],[[6150,5397],[-1,0]],[[6150,5397],[-1,0]],[[6149,5397],[-8,-1],[-1,4],[9,-1],[1,-2]],[[6215,6059],[-2,-1]],[[6213,6058],[3,0]],[[6216,6058],[2,1],[8,-1],[2,-4],[-1,-3],[-6,-2],[-2,3],[1,3],[-10,1],[1,5],[-10,1],[-2,2],[-5,0],[0,-2],[-8,3],[-2,3],[9,-1],[6,-3],[7,-2],[6,-1],[3,-2]],[[6215,6059],[1,-1]],[[6216,6058],[-3,0]],[[6213,6058],[2,1]],[[6310,7117],[-5,-1],[0,3],[5,-2]],[[6375,7871],[7,0],[-1,-3],[-5,0],[-2,1],[1,2]],[[6406,7988],[4,0],[-1,-3],[-3,1],[0,2]],[[6436,8402],[6,-2],[3,1],[5,0],[1,-1]],[[6451,8400],[-3,-1],[1,-2],[5,1],[0,-3],[-5,-1],[-4,3],[-4,1],[-2,-2],[-8,1],[2,2],[-3,3],[-3,-5],[-1,6],[5,0],[3,2],[0,8],[2,-1],[2,-2],[-3,-3],[0,-5],[1,0]],[[6436,8402],[0,2],[3,2],[2,-3],[-5,-1]],[[6431,8423],[-7,3],[1,2],[5,0],[1,-5]],[[5606,641],[-5,0],[-1,3],[4,0],[3,-1],[-1,-2]],[[5620,644],[4,2],[6,0]],[[5630,646],[-3,-2],[-7,0]],[[5631,793],[2,1]],[[5633,794],[3,-1]],[[5636,793],[-5,0]],[[5633,794],[-2,-1]],[[5631,793],[-1,3]],[[5630,796],[3,-2]],[[5630,796],[-14,1],[-1,5]],[[5615,802],[8,1],[1,2]],[[5624,805],[0,-3],[-5,-1],[0,-3],[8,0],[3,-2]],[[5627,807],[-6,0],[0,2]],[[5621,809],[6,-2]],[[5633,853],[-4,2],[4,2],[0,-4]],[[5643,976],[-7,-1],[1,2],[5,0],[1,-1]],[[5633,1068],[5,2],[8,-1],[4,-1],[6,0],[8,0],[1,-1],[-8,-2]],[[5657,1065],[-5,-2],[-16,3],[-3,2]],[[5662,1080],[-5,1],[0,2],[6,-1],[-1,-2]],[[5684,1163],[1,-3],[-5,0],[4,3]],[[5697,1328],[6,1],[0,-2],[-6,1]],[[5696,1421],[-2,6],[5,1],[-3,-6],[5,-2],[0,-2],[-4,0],[-4,-5],[-4,5],[6,0],[1,3]],[[5702,1461],[8,0],[0,-2],[-8,2]],[[5685,1484],[12,-1],[5,0],[0,4],[9,-1],[3,-1],[10,-1],[1,5],[6,-2],[0,-8],[-2,-2],[-3,-2],[-2,0],[-5,-3],[-4,2]],[[5715,1474],[-6,1],[-7,3],[1,2],[-4,1],[-7,1],[-7,2]],[[5777,1881],[-3,2]],[[5774,1883],[2,2]],[[5776,1885],[3,-1],[-2,-3]],[[5776,1885],[-2,-2]],[[5774,1883],[2,2]],[[5795,2114],[1,1]],[[5796,2115],[-1,-1]],[[5796,2115],[-1,-1]],[[5795,2114],[1,1]],[[5832,2393],[6,0],[0,-2],[-5,-2],[-2,2],[1,2]],[[5826,2396],[-4,0],[-1,3],[5,-1],[0,-2]],[[5850,2633],[3,-2]],[[5853,2631],[-3,2]],[[5893,2872],[0,-4],[-2,-3],[-3,-2],[-1,6],[2,4],[4,-1]],[[5889,2959],[0,3],[4,2],[3,0],[3,-2],[-1,-2],[-5,-3],[-4,2]],[[6007,4026],[-4,2],[1,2],[4,2],[5,-1],[0,-2],[-3,-2],[-3,-1]],[[6032,4155],[1,1]],[[6033,4156],[2,0]],[[6035,4156],[-3,-1]],[[5782,4298],[5,-1],[10,-8],[11,-9],[1,-2],[6,-2],[1,4],[-3,2],[-1,3],[5,2],[1,2],[11,-2],[1,-3],[4,-2],[1,-2],[3,0],[5,2],[2,4],[5,0],[1,1],[6,-1],[-2,-10],[2,-3],[5,-1],[1,2],[4,0],[11,-5],[11,-4],[5,-6],[7,-1],[2,1],[-4,8],[1,4],[-4,1],[2,2],[9,-1],[7,-5],[-3,6],[1,3],[8,0],[4,-2],[0,-3],[9,-3],[2,-2],[4,-1],[-3,-2],[-7,-3],[-5,-1],[-8,0],[-5,-2],[-1,-4],[2,-3],[7,-4],[5,-4],[2,0],[4,-5],[-1,-10],[1,-3],[-1,-5],[-1,-7],[-3,-3],[0,-4],[-3,-2],[0,-4],[2,-4],[-1,-2],[5,-3],[4,2],[6,-1],[5,1],[5,3],[4,4],[3,-1],[8,3],[10,5],[3,1],[11,-1],[9,2],[4,1],[8,4],[6,1],[5,3],[2,3],[-1,6],[-3,3],[1,2],[5,1],[2,3],[5,1],[2,-2],[-1,-3],[4,-3],[2,0],[1,-7],[-4,-4],[-3,-4],[-3,-1],[-3,-2],[-4,-2],[-6,-4],[-1,-6],[4,-3],[4,-1],[7,-1],[5,2],[2,2],[0,2],[-4,0],[-1,3],[7,2],[3,4],[1,4],[4,3],[3,-1],[4,-4],[-1,-8],[6,-2],[4,0],[1,3],[4,2],[3,-1],[3,-2],[2,1],[1,3],[3,3],[3,-1],[-6,-5],[4,-3],[6,0]],[[6086,4201],[-4,-1],[2,-5],[-5,-4],[0,-3],[4,-1],[6,-1],[4,1],[9,4],[6,4],[7,7],[5,0],[-2,-2],[-3,-2],[0,-3],[5,-2],[1,3],[7,1]],[[6128,4197],[-5,-2],[0,-2],[5,-5],[3,0]],[[6131,4188],[1,1],[6,-2],[0,-2],[4,-1],[8,3],[7,4],[3,1],[4,3],[-5,0],[-3,1],[8,3],[-1,-3],[8,-1],[6,4],[3,-3],[4,0],[-3,-5],[-3,-2],[7,-1],[4,-2],[11,-2],[6,-4],[-8,-4],[3,-2],[6,0],[4,3],[4,-2],[4,-2],[1,-2],[3,0],[6,1],[-1,-3],[2,-1],[-1,-2],[-11,1],[-1,2],[-7,1],[-5,-3],[3,-3],[5,-2],[4,-1],[6,-2],[4,0],[11,-4],[5,-1],[-1,4],[5,1],[-1,-5],[7,0],[0,-4],[-8,2],[1,-4],[5,-3],[6,0],[5,-2],[7,3],[3,-2],[4,1],[1,6],[6,2],[-2,4],[-7,1],[-6,2],[0,-8],[-2,-1],[-6,-2],[0,3],[4,0],[3,2],[-3,2],[0,6],[-7,6],[-1,2],[-8,0],[1,2],[3,1],[9,-3],[2,-3],[5,0],[6,-3],[15,0]],[[6289,4164],[-4,-2],[-1,-6],[5,-2],[3,0],[4,1],[3,-3],[6,-4],[15,0],[-3,-3],[11,-1],[8,0],[1,-2],[-12,1],[-4,-1],[-6,-3],[-2,-2],[7,-1]],[[6320,4136],[1,2],[4,2],[6,-5],[-3,-2],[1,-4],[-6,-2],[-3,0],[-1,-4],[-2,-3],[-3,0],[0,5],[-3,-1],[1,-4],[-1,-2],[-5,0],[-3,-4],[5,0],[-2,-7],[0,-6],[-3,-1],[-1,-3],[4,-1],[1,4],[3,1],[-2,-7],[7,-1],[7,0],[-5,-3],[-9,0],[0,-2],[4,-1],[0,-2]],[[6312,4085],[-6,-3],[1,-3],[7,5]],[[6314,4084],[-4,-4],[6,-1],[0,-2],[4,-3],[-6,-6],[-4,2],[-4,0],[1,5],[-2,3],[-6,0],[-1,-6],[8,-5],[-1,-10],[4,4],[3,-2],[-1,-4],[-3,-2],[-4,0],[-4,2],[2,3],[-1,3],[2,7],[-6,-1],[-1,-11],[0,-1]],[[6296,4055],[4,-5]],[[6300,4050],[2,-2],[6,0],[1,2],[6,4],[1,4],[-3,0],[0,5],[-3,1],[2,3],[6,-3],[0,5],[3,-1],[1,-2],[-1,-7],[5,0],[-1,-5],[2,-1],[-6,-3],[4,-2],[1,-3],[4,0],[1,-1],[6,-2]],[[6337,4042],[-5,0],[-5,0],[-17,0],[-5,0],[4,-3],[1,-5],[-3,1],[3,-5],[11,-4],[8,1],[5,-1],[7,2],[7,4],[11,-2],[10,-2],[-10,-2],[-4,-1],[-3,-2],[-3,-1],[-5,-3],[1,7],[-2,1],[-4,-3],[3,-4],[-4,-2],[0,-2],[-4,-2],[-3,0],[-2,2],[0,7],[-9,-3],[-3,1],[1,5],[-4,0],[1,-5],[1,-2],[-1,-6],[-4,-3],[1,5],[-2,2],[-6,3]],[[6304,4020],[9,1],[-3,3],[0,1],[-5,2],[2,4],[-6,0],[2,4],[-8,4],[-3,3],[-2,0],[-9,5],[-2,4],[-4,3],[-4,0],[0,-4],[1,-4],[5,-4],[0,-4],[4,-1],[-2,-5],[-4,-1],[0,6],[-3,1]],[[6272,4038],[2,2],[0,2],[-6,1],[-1,3],[1,4],[2,1],[0,6],[6,-2],[1,3],[3,2],[0,4],[6,3],[2,5],[8,5],[-6,2],[-6,-1],[-2,-3],[-4,-2],[-1,-3],[-4,-3],[-10,0],[-5,-2],[0,4],[5,0],[11,1],[0,2],[-5,2],[-2,3],[-3,3],[0,5],[2,1],[5,0],[2,3],[9,2],[0,1],[5,2],[-5,2],[-3,0],[-1,-4],[-3,0],[1,4],[-2,2],[-1,4],[-4,3],[-1,5],[-7,2],[-5,4],[-2,3],[-6,1],[-5,-1],[1,3],[-2,1],[-8,1],[0,-2],[6,-3],[5,-4],[-3,-6],[2,-4],[-7,-6],[-2,-3],[-8,3],[-1,-4],[-4,-4],[-4,-1],[-4,2],[-7,-2],[-2,-3],[-2,2]],[[6203,4089],[-3,0],[-1,3],[5,3]],[[6204,4095],[4,-1],[2,4],[5,-2],[3,0],[5,2],[2,5],[-3,2],[-7,0],[-2,-3],[-5,-2],[-3,0],[2,3],[5,0],[-1,3],[-2,1],[0,3],[-5,2],[-5,3]],[[6199,4115],[0,1],[4,3],[1,3],[5,1],[4,2],[6,-1],[3,2],[5,1],[4,2],[2,3],[1,4],[-6,3],[-1,-4],[-3,0],[1,6],[0,3],[-4,5],[-2,4],[-5,3]],[[6214,4156],[-2,2],[-3,1],[-3,-4],[-5,0],[-2,2],[2,4],[3,-1],[0,-2],[4,-1],[0,5],[-3,3],[-4,1],[-8,1],[-14,4],[-1,-3],[7,-5]],[[6185,4163],[-4,-3]],[[6181,4160],[-4,2],[1,5],[-4,0],[-3,-4],[-4,-1],[2,7],[-3,4],[-4,2],[-9,0],[-9,1],[-4,1],[-8,0],[-5,-4],[4,0],[3,-3]],[[6134,4170],[7,2],[0,-4],[-5,-2],[-5,2],[-5,-4],[-3,0],[-2,-2],[-6,-1],[2,3],[2,0],[0,6],[-11,1],[0,-2],[4,-3],[3,-6],[-4,-1],[-4,1],[-3,-2]],[[6104,4158],[1,6],[3,4],[-8,-1],[0,-5],[-2,0],[1,4],[-3,0],[-2,5],[-5,1],[1,-4],[0,-4],[-3,-3],[-2,4],[1,3],[0,4],[-6,-2],[-4,1],[-4,-2],[0,-4],[4,1],[2,-4],[5,-4],[3,0],[3,3],[3,0],[-1,-5],[-9,-2],[-2,2],[0,4],[-4,2],[-5,-1],[-5,2],[-3,2],[-4,0],[-3,4],[-7,4],[-9,1],[-3,-3],[-7,-1],[-8,-7],[-2,0],[-2,-6],[-1,-3],[2,-2],[11,-3],[4,0],[1,2],[4,3],[7,1],[0,5],[9,4],[4,0],[4,-3],[0,-2],[-5,-3],[-8,-1],[-3,-1],[0,-3],[6,-1],[2,-3],[-8,1],[1,-2],[-5,-1],[-2,-2],[-2,-4],[-3,0],[-2,2],[1,3],[4,2],[0,2],[-5,0],[-3,-2],[-8,-8],[5,-3],[-1,-2],[9,-1],[1,3],[5,3],[3,-1],[-1,-5],[-5,0],[-9,-3],[-7,2],[1,3],[-3,1],[0,4],[-5,0],[-3,-1]],[[6013,4138],[-6,0],[4,3],[3,5],[-1,4],[-4,0],[-7,-6],[-4,-2],[-9,-3],[-10,-1],[-12,3],[0,-3],[5,-1],[0,-6],[-3,-2],[-2,3],[4,1],[-1,2],[-4,1],[-1,3],[-5,0],[-2,2],[-4,7],[-3,1],[7,2],[7,6],[-1,3],[-5,4],[-6,0],[-3,2],[-8,1],[-7,4]],[[5935,4171],[-6,-4],[-7,-1],[-5,-3],[-4,-1],[-2,-3],[-4,-2],[0,-3],[-4,-5],[-7,-4],[-2,1],[-5,-3],[-7,-2],[-8,1],[-17,7],[-10,1],[-14,7],[-4,0],[-2,3],[-8,-4],[-3,-1],[-3,1],[-3,5],[-4,3],[-7,1],[-6,3],[-7,4],[-2,2],[-9,3],[-9,3],[-5,4],[-3,4],[-3,5],[0,3],[-8,3],[-7,0],[-8,5],[-8,6],[-11,5],[-4,-2]],[[5709,4213],[-7,0]],[[5702,4213],[0,1]],[[5702,4214],[-2,5],[12,0],[2,0],[1,5],[-4,2],[-6,0],[-4,2],[0,3],[7,1],[12,-1],[3,-1],[7,0],[2,-3],[5,-1],[4,1],[1,3]],[[5742,4230],[-1,3],[-2,2]],[[5739,4235],[6,0],[7,4],[-1,2],[1,9],[1,2],[16,-4],[6,-1],[1,8],[-4,3],[-11,4],[-10,6],[-4,5],[5,4],[-3,0],[-2,3],[5,3],[4,1],[7,-1],[9,5],[9,1],[2,6],[-1,3]],[[6131,4188],[-2,-5],[-3,3],[-2,1],[-5,-3],[-5,-3],[6,-1],[8,0],[6,2],[1,2],[-1,4],[-3,0]],[[6320,4136],[-5,-2],[0,-2],[4,0],[7,2],[2,2],[-8,0]],[[6296,4055],[-12,3],[-2,-5],[-1,-1],[2,-3],[4,-1],[5,5],[4,2]],[[6300,4050],[-7,-4],[-2,3],[-3,-2],[1,-3],[10,1],[1,5]],[[5704,4215],[-1,1]],[[5703,4216],[-1,-2]],[[5702,4214],[2,1]],[[5841,4279],[4,-5],[-4,-3],[-1,-6],[-4,-4],[-3,-2],[-3,0],[-7,3],[-3,4],[0,3],[7,6],[1,2],[-4,0],[-8,-3],[0,-3],[-6,-3],[-11,1],[-4,-1],[-5,6],[-6,0],[-1,-8],[3,-2],[0,-2],[2,-4],[6,-5],[6,1],[-2,2],[4,3],[3,1],[16,-2],[11,-10],[8,-2],[10,-1],[8,2],[2,7],[-1,4],[2,1],[8,-2],[4,-1],[1,2],[-7,1],[-8,5],[-6,2],[-4,1],[0,3],[6,1],[1,2],[-3,2],[1,3],[1,6],[-5,1],[-5,-3],[-4,-1],[0,-2]],[[5841,4279],[-6,1],[-2,-3],[-1,-4],[-2,-2],[4,-3],[5,0],[1,3],[1,7],[0,1]],[[5862,4242],[-3,-5],[-6,-7],[-2,-2],[0,-6],[3,-6],[8,-6],[12,-6],[17,-5],[6,-2],[5,0],[4,3],[-1,3],[-3,6],[-1,5],[1,14],[-3,5],[-10,8],[-2,3],[-5,5],[-11,2],[-4,-2],[-3,-6],[-2,-1]],[[5790,4235],[0,-2],[7,-5],[7,-4],[5,-2],[10,-1],[4,2],[2,3],[0,7],[-7,6],[-9,5],[-8,4],[-15,1],[-1,-1],[0,-7],[1,-3],[4,-3]],[[6079,4193],[-1,3],[-4,4],[-6,0],[0,-5],[6,-2],[5,0]],[[6166,4188],[2,3],[4,-1],[4,0],[0,3],[-5,1],[-1,-2],[-4,0],[0,-4]],[[6064,4191],[0,1],[-4,3],[-3,1],[-6,2],[-6,1],[0,-3],[2,-3],[9,-3],[8,1]],[[5825,4203],[-4,-1],[-6,-5],[-8,-7],[-1,-9],[3,-2],[6,0],[5,1],[6,-1],[4,-1],[4,-1],[0,-5],[-2,-1],[-2,-4],[-3,-2],[-1,-3],[5,-1],[3,-3],[4,-1],[1,-2],[7,-3],[9,0],[0,4],[-2,3],[2,2],[4,-2],[6,-2],[11,6],[4,5],[2,4],[1,11],[-4,8],[-2,2],[-10,7],[-6,3],[-2,2],[-9,2],[-9,1],[-10,-2],[-6,-3]],[[6114,4191],[-3,2],[-4,-1],[-2,-4],[-1,-4],[2,-1],[7,0],[4,1],[1,2],[-4,5]],[[6159,4187],[3,-1],[18,-1],[4,3],[-9,0],[-16,-1]],[[6002,4189],[3,-1],[2,3],[-4,3],[-8,0],[3,-4],[4,-1]],[[6164,4180],[-7,0],[-5,5],[-2,-3],[2,-2],[6,-1],[4,-2],[3,0],[7,-2],[9,-2],[9,-1],[5,2],[0,3],[-3,0],[2,6],[-1,1],[-6,0],[-2,-7],[-9,0],[-2,2],[-6,-1],[-4,2]],[[6060,4187],[3,-3],[6,-1],[5,2],[-2,4],[-10,0],[-2,-2]],[[6200,4181],[-3,1],[-3,-2],[5,-2],[1,3]],[[5981,4185],[1,-5],[5,1],[2,-1],[6,-1],[5,0],[2,2],[-2,5],[-4,3],[-9,2],[-6,-2],[0,-4]],[[6055,4179],[-4,-1],[-1,-3],[10,-3],[8,0],[5,1],[8,1],[3,2],[2,3],[-3,1],[-7,0],[-4,-2],[-10,0],[-7,1]],[[6109,4175],[2,-3],[4,-1],[2,4],[-6,3],[-9,1],[-2,-4],[9,0]],[[6202,4168],[6,2],[-2,2],[-9,1],[0,-3],[5,-2]],[[6129,4169],[0,1],[-3,3],[-5,0],[0,-7],[3,0],[2,2],[3,1]],[[6107,4169],[-7,4],[-4,0],[-1,-2],[5,-3],[7,1]],[[6238,4146],[-1,-2],[3,-2],[-2,-2],[7,1],[0,-2],[-3,-3],[-5,3],[-5,4],[-3,-3],[9,-7],[4,0],[7,4]],[[6249,4137],[0,5],[-4,6],[-2,0],[-2,3],[-5,-2],[1,5],[-5,0],[-2,2],[-6,0],[-2,-4],[4,-4],[5,-3],[4,-1],[3,2]],[[6278,4127],[-5,-1],[-1,-1],[-7,-1],[0,-5],[-10,5],[-10,2],[1,2],[3,2],[2,6],[-2,1]],[[6249,4137],[-1,-2],[-5,-3],[-4,0],[-4,-6],[8,-2],[15,-6],[4,-4],[5,-1],[4,2],[1,4],[5,1],[-1,2],[3,2],[-1,3]],[[6287,4143],[4,3],[3,-2],[0,5],[2,3],[-8,1],[1,-6],[-3,-2],[1,-2]],[[6286,4147],[1,4],[-4,0],[-2,-1],[-1,-2],[2,-3],[4,2]],[[6296,4144],[-3,-2],[-5,-1],[-4,1],[1,-4],[4,0],[-1,-3],[-2,-1],[1,-6],[5,2],[1,4],[-2,4],[5,-1],[0,-6],[2,-1],[4,4],[0,7],[3,0],[0,3],[3,2],[-6,1],[-3,-3],[-3,0]],[[6275,4137],[6,0],[1,8],[-3,1],[-5,-4],[0,-5],[1,0]],[[6264,4135],[4,0],[4,-6],[3,1],[1,2],[-3,2],[-1,3],[-2,3],[2,1],[-2,2],[-3,0],[-3,-2],[-5,0],[-4,2],[-3,-1],[-1,-3],[2,-2],[-2,-8],[4,-1],[1,3],[7,-1],[1,5]],[[6291,4127],[1,-1],[9,-1],[0,-8],[2,-1],[1,5],[4,0],[2,3],[-5,1],[-1,3],[4,2],[0,2],[4,1],[-2,3],[-5,-2],[-2,-3],[-4,-4],[-8,0]],[[6291,4127],[-6,0],[0,-3],[3,-1],[3,4]],[[6281,4134],[-4,1],[-1,-2],[4,-2],[1,3]],[[6263,4125],[-1,3],[-7,0],[0,-3],[5,-1],[3,1]],[[6283,4122],[0,-5],[5,0],[0,-4],[5,0],[1,-5],[-5,-4],[0,-4],[-2,-1],[-6,1],[-1,-2],[14,-1],[2,3],[2,11],[-2,5],[3,7],[-7,1],[-2,-4],[-2,-1],[-2,3],[-3,0]],[[6208,4114],[10,-6],[4,-2],[12,4],[7,0],[0,5],[-3,3],[-12,3],[-6,0],[-5,2],[-5,-3],[-2,-6]],[[6270,4111],[1,-4],[5,1],[5,4],[4,-1],[0,4],[-9,0],[-2,-3],[-4,-1]],[[6279,4106],[-5,-2],[4,-3],[2,2],[9,3],[0,2],[3,3],[-6,0],[-5,-5],[-2,0]],[[6302,4108],[-3,-8],[4,1],[0,7],[-1,0]],[[6296,4085],[-1,-3],[9,0],[0,4],[-2,2],[0,2],[3,4],[-9,1],[-2,0],[-1,-3],[4,-3],[-1,-4]],[[6287,4088],[3,-1],[4,1],[-2,3],[-5,-3]],[[6279,4082],[-5,2],[5,3],[-3,1],[-4,-2],[1,-3],[6,-1]],[[6289,4082],[4,2],[-2,2],[-3,-2],[1,-2]],[[6287,4061],[4,-2],[4,3],[-3,2],[-5,-3]],[[6308,4047],[4,-1],[7,2],[-1,3],[-10,-4]],[[6303,4039],[0,3],[-5,0],[0,-2],[3,-2],[2,1]],[[6337,4020],[0,4],[-4,1],[-1,-3],[2,-3],[3,1]],[[6035,4156],[-2,0]],[[6033,4156],[-1,-1]],[[6032,4155],[4,4],[10,6]],[[6046,4165],[-5,-4],[-1,-2],[2,-2],[-7,-1]],[[6057,4217],[-7,2],[0,3],[5,1],[2,-6]],[[6156,5379],[-1,2],[4,0],[3,-5],[-4,1],[-2,2]],[[6176,5382],[4,-1],[0,-3],[-4,-1],[-7,1],[-6,2],[2,3],[5,0],[4,2],[2,-3]],[[6187,5563],[-1,-1],[-5,0],[3,4],[3,-3]],[[6196,5640],[-10,1],[0,2],[13,-1],[4,-1],[2,-2],[-9,1]],[[6234,5965],[0,2],[6,-1],[0,-3],[-5,1],[-1,1]],[[6243,6023],[-1,0]],[[6242,6023],[1,0]],[[6243,6023],[-1,0]],[[6242,6023],[1,0]],[[6242,6058],[-2,-1],[-5,1],[2,5],[4,0],[1,-5]],[[6296,6123],[2,4],[6,-4],[3,0],[9,-3],[10,2],[3,-1],[-2,-4],[4,-2],[2,-2],[-3,-4],[-3,2],[-6,0],[-2,-1],[-7,0],[-7,1],[-14,0],[-1,-3],[7,-4],[-1,-3],[-4,2],[-4,3],[-4,0],[-4,-3],[1,-2],[4,-1],[4,-1],[6,-4],[6,-1],[1,-4],[-6,-1],[-2,-2],[7,-6],[2,-3],[-1,-4],[3,-4],[5,-4],[1,-3],[2,-3],[0,-3],[-6,-1],[-3,-2],[-5,0],[-4,-4],[3,-3],[6,-7],[5,-1],[0,-2],[6,-1],[1,-3],[-5,0],[-6,3],[-7,0],[-1,-2]],[[6297,6034],[1,-2]],[[6298,6032],[-4,0],[-3,3],[0,6],[-8,7],[4,2],[-1,5],[-1,2],[-6,1],[-9,-2],[-7,2],[-2,2],[-2,3],[2,6],[-7,2],[-1,4],[1,5],[-4,6],[-15,1],[-7,-3],[-8,1],[-5,4],[-3,1],[-6,5],[-7,4],[1,4],[-2,3],[-17,13],[-8,2],[-12,0],[-3,-1],[-8,0],[-7,3],[0,10],[-3,1],[-3,2],[-1,5],[6,1],[4,3],[6,1],[3,2],[5,-1],[14,-7],[10,-1],[1,0],[5,0],[3,1],[1,2],[4,2],[0,7],[1,4],[-1,3],[3,3],[10,0],[7,-6],[8,-3],[0,-3],[4,-3],[3,-1],[-1,-2],[-2,-1],[-8,0],[-4,-1],[-12,-2],[5,-4],[6,-2],[27,-1],[10,-4],[2,0],[2,-4],[-6,-2],[1,-3],[-3,-2],[-3,0],[-2,-4],[2,-2],[5,-2],[9,0],[4,-1],[7,4],[2,5],[0,6],[5,-2],[6,0],[1,-3],[4,0],[4,4],[2,1]],[[6294,6114],[1,-1],[10,0],[4,2],[-2,3],[-4,1],[-10,-2],[1,-3]],[[6276,6111],[3,-1],[4,3],[1,4],[-8,-1],[0,-5]],[[6269,6104],[0,2],[-5,0],[-1,-3],[6,1]],[[6339,7130],[-8,1],[0,1],[8,-2]],[[6334,7137],[3,2],[6,-1],[0,-2],[-9,1]],[[6458,8301],[-7,1],[-3,5],[-3,3],[-2,1],[0,4],[1,2],[8,2],[3,-1],[4,2],[4,-1],[2,2],[6,-1],[0,-2],[5,0],[4,-5],[3,-1],[4,-3],[-6,-1],[2,-3],[-4,-3],[-3,3],[-6,-1],[-2,-2],[4,-1],[-2,-3],[-6,2],[-4,1],[-2,0]],[[6480,8370],[-3,2],[-7,2],[1,3],[6,0],[-1,-3],[4,-4]],[[5637,668],[5,0],[0,-2],[-5,0],[0,2]],[[5656,799],[-1,-2],[-5,0],[3,3]],[[5653,800],[3,-1]],[[5657,838],[6,0],[-1,-2],[-5,2]],[[5679,868],[-1,-2],[-3,-1],[-1,3],[5,0]],[[5669,899],[1,-3],[-2,-1],[-4,0],[0,2],[5,2]],[[5703,1157],[-5,-2],[1,4],[4,1],[0,-3]],[[5720,1179],[1,-3],[-2,-3],[-5,-3],[-10,0],[-2,3],[-4,1],[1,3],[12,-1],[6,1],[3,2]],[[5704,1181],[2,0]],[[5706,1181],[3,-2],[-7,-1],[2,3]],[[5700,1182],[1,-1]],[[5701,1181],[-1,1]],[[5706,1181],[-2,0]],[[5704,1181],[-3,0]],[[5701,1181],[-1,1]],[[5700,1182],[6,-1]],[[5730,1201],[4,0],[-1,-3],[-4,1],[1,2]],[[5726,1329],[-4,2],[4,1],[5,0],[1,-3],[-6,0]],[[5734,1489],[4,0],[4,-1],[-2,-2],[-6,3]],[[5790,1850],[-3,1],[0,2],[5,2],[4,-2],[-6,-3]],[[5796,1888],[-1,2],[-11,1],[1,4],[4,3],[4,0],[1,-2],[7,2],[5,3],[5,0],[4,-3],[5,-3],[-3,-4],[-3,0],[-6,-4],[-11,0],[-1,1]],[[5813,2116],[9,1],[2,-3],[4,-2],[-14,1],[-3,1],[2,2]],[[5849,2350],[3,1],[2,-4],[-5,0],[0,3]],[[5870,2374],[0,3],[5,2],[6,0],[0,-2],[-5,-3],[-6,0]],[[5842,2383],[-1,2],[4,1],[1,-2],[-4,-1]],[[5868,2411],[1,-2],[-4,0],[-1,3],[4,-1]],[[5937,2569],[1,-1]],[[5938,2568],[1,-4],[3,-2],[4,0],[2,-4],[0,-2]],[[5948,2556],[-1,2],[-6,3],[-2,3],[-1,3],[-6,3],[-5,3],[-8,4],[-8,5],[-10,1],[3,5],[-8,-1],[-6,2],[-1,3],[-4,4],[-1,5],[-3,2],[0,2],[-5,7],[-6,3],[-17,2],[-7,0],[-15,2],[-14,1],[-7,1],[-8,-1],[-2,2],[2,3],[8,-1],[1,2],[-3,2],[0,3],[4,1],[-1,3],[0,5],[4,2],[0,2]],[[5815,2644],[1,-3],[10,0],[4,-3],[1,-3],[3,0],[2,2],[5,-3],[5,0],[4,-1]],[[5850,2633],[-12,-1],[5,-3],[4,-3],[7,-3]],[[5854,2623],[7,-3],[3,-3],[9,-2],[7,-4],[8,-3],[3,-2],[1,-3],[7,-6],[4,2],[4,-2],[-4,-7],[4,-2],[3,-4],[8,-3],[1,-3],[7,-2],[4,-3],[2,0],[5,-4]],[[5894,2597],[-1,-6],[-2,-2],[7,-1],[2,1],[0,3],[-3,0],[0,4],[-3,1]],[[5884,2625],[3,-2],[-6,-3],[1,4],[-5,0],[-1,-2],[-8,2],[-3,2],[1,3],[4,-1],[0,-2],[6,1],[9,1],[2,2],[4,-1],[-4,-3],[-3,-1]],[[5904,2829],[0,-5],[-5,3],[2,4],[5,1],[-2,-3]],[[6053,4033],[1,-5],[-7,-3],[1,-4],[-3,0],[1,4],[-3,6],[3,1],[3,-1],[4,2]],[[6035,4028],[1,3],[6,-2],[-2,-3],[-5,0],[0,2]],[[6277,5944],[-8,1],[3,2],[3,0],[2,-3]],[[6309,5943],[-3,-2],[-11,2],[-2,2],[-8,0],[-7,2],[-3,0],[-8,3],[-4,3],[-7,2],[0,3],[6,-2],[9,0],[5,-3],[7,0],[7,-2],[5,-1],[-1,-3],[2,-1],[6,2],[3,0],[7,-4],[-3,-1]],[[6242,6028],[3,1],[9,-1],[0,-2],[-12,2]],[[6257,6051],[-10,-1],[0,3],[4,2],[6,-4]],[[6278,6146],[-1,4],[3,-1],[-2,-3]],[[6377,7156],[-1,0]],[[6376,7156],[1,0]],[[6377,7156],[-1,0]],[[6376,7156],[1,0]],[[6391,7163],[-2,-2],[-9,1],[1,4],[4,0],[6,-3]],[[6535,8295],[3,-3],[0,-3],[-3,-4],[-2,-1],[-7,0],[-5,-2],[0,-4],[-4,-1],[-7,0],[-3,-1],[-3,0],[-6,-6],[-6,-2],[-2,-3],[-6,0],[-10,-4],[-4,-3],[0,7],[-4,-1],[-1,-3],[-6,-1]],[[6459,8260],[3,3],[-4,0],[0,9],[1,1],[0,5],[-2,0],[1,3],[-3,2],[3,5],[1,6],[3,4]],[[6462,8298],[7,-3],[-5,-4],[4,-3],[1,4],[3,3]],[[6472,8295],[1,3],[3,-1],[4,3],[10,-1],[-2,4],[2,1],[4,-3],[6,0],[-1,2],[3,2],[3,0],[3,-2],[4,0],[2,3],[6,0],[1,-2],[5,1],[2,-2],[-2,-4],[3,-2],[4,-1],[2,-1]],[[6490,8289],[-4,1],[-6,0],[-2,1],[4,4],[-5,2],[-3,-8],[7,0],[1,-2],[-5,0],[-3,-3],[5,-1],[2,2],[9,4]],[[6481,8301],[3,2]],[[6484,8303],[-3,-2]],[[6492,8319],[1,4],[4,1],[5,-1],[-1,-4],[-3,-3],[4,-1],[0,-1],[-6,0],[-1,-4],[-4,-1],[0,2],[2,2],[0,3],[-1,3]],[[6504,8335],[1,-3],[-1,-4],[-2,8],[2,-1]],[[6490,8354],[-3,-1],[-1,-3],[-3,1],[-7,6],[0,2],[-4,4],[4,0],[6,-1],[-1,-2],[4,-1],[3,-5],[2,0]],[[5682,629],[-6,-2],[-3,3],[-4,0],[-1,3],[9,1],[1,-2],[4,-1],[0,-2]],[[5732,887],[8,1],[-1,-3],[-7,1],[0,1]],[[5711,937],[6,0],[-2,-2],[-4,2]],[[5717,972],[9,0],[-1,-2],[-6,0],[-2,2]],[[5743,1018],[-1,-2],[-5,0],[1,3],[5,-1]],[[5744,1036],[6,0],[-1,-2],[-13,0],[1,3],[7,-1]],[[5714,1076],[2,3],[8,0],[-1,-4],[-6,0],[-3,1]],[[5744,1215],[-8,1],[2,2],[6,-1],[0,-2]],[[5756,1233],[-6,0],[-3,2],[9,-1],[0,-1]],[[5823,1680],[0,2],[10,0],[-2,-4],[-7,0],[-1,2]],[[5810,1686],[1,2],[3,0],[0,-3],[-3,-3],[-3,2],[2,2]],[[5850,1849],[-4,-2],[-4,1],[-2,-2],[-6,1],[1,2],[4,2],[6,1],[9,0],[-4,-3]],[[5818,1852],[-1,-1],[-6,0],[-1,2],[8,-1]],[[5839,1900],[-2,3],[5,0],[0,-2],[-3,-1]],[[5846,2118],[-2,3],[11,-1],[0,-5],[-8,2],[-1,1]],[[5867,2127],[4,-3],[8,0],[5,-3],[0,-7],[-3,-4],[-3,1],[0,2],[5,4],[-4,1],[-1,2],[-8,0],[-1,1],[-5,0],[-6,2],[2,3],[-2,2],[6,0],[-1,-3],[4,-1],[0,3]],[[5938,2568],[-1,1]],[[5937,2569],[1,-1]],[[5950,2733],[-3,0],[-3,2],[2,2],[4,-4]],[[5938,2743],[3,0],[-1,-4],[-3,1],[1,3]],[[5962,2941],[4,1],[1,-6],[-5,1],[0,4]],[[5982,3157],[4,0],[1,-4],[-7,-1],[0,4],[2,1]],[[6097,4193],[-3,1],[-4,0],[1,3],[0,7],[5,-2],[4,0],[3,-4],[0,-3],[-3,-3],[-3,1]],[[6137,4398],[0,-3],[-4,-1],[-2,-3],[-5,-1],[-2,1],[4,3],[1,3],[8,1]],[[6137,4398],[1,7],[4,-5],[0,-2],[-5,0]],[[6165,4890],[0,-6],[-2,1],[2,5]],[[6177,4943],[2,1]],[[6179,4944],[-3,-1]],[[6176,4943],[1,0]],[[6179,4944],[-2,-1]],[[6177,4943],[-1,0]],[[6176,4943],[3,1]],[[6197,4943],[-4,-1],[-5,4],[9,-1],[0,-2]],[[6243,5408],[-7,0],[2,3],[4,-1],[1,-2]],[[6240,5416],[5,1],[-1,-3],[-4,0],[0,2]],[[6257,5424],[-5,0],[0,3],[5,-3]],[[6246,5463],[-3,-1],[0,5],[3,0],[0,-4]],[[6245,5498],[2,1],[3,-1],[-3,-2],[-2,2]],[[6246,5505],[-7,-1],[0,3],[7,-2]],[[6241,5512],[2,1],[4,-2],[0,-2],[-5,1],[-1,2]],[[6254,5516],[3,-5],[-3,1],[-6,4],[-6,1],[-2,1],[1,3],[13,-5]],[[6268,5532],[-10,-1],[-4,2],[0,2],[11,-1],[3,-2]],[[6276,5547],[-4,2],[-8,1],[1,-7],[-8,1],[-4,1],[-1,-4],[-5,-1],[-11,1],[-2,2],[-6,0],[3,2],[8,2],[2,3],[2,5],[-3,1],[-3,2],[2,2],[9,0],[6,-5],[6,-1],[9,-2],[4,0],[4,3],[6,-1],[2,2],[5,-1],[-2,-4],[3,-2],[6,-2],[9,-2],[0,-2],[-3,-1],[-3,1],[-2,3],[-4,1],[-9,0],[2,4],[-3,3],[-8,-1],[-1,-3],[1,-3]],[[6260,5547],[-1,5],[-8,0],[-1,-1],[4,-4],[6,0]],[[6247,5542],[3,1],[0,3],[-7,1],[-2,-2],[2,-3],[4,0]],[[6234,5569],[11,1],[14,-3],[2,-1],[-15,1],[-11,-2],[-4,1],[-2,2],[2,2],[3,-1]],[[6268,5570],[-2,-1],[-5,3],[2,2],[5,-4]],[[6279,5958],[-7,-1],[-1,3],[8,-2]],[[6301,5959],[-6,0],[0,3],[6,-3]],[[6309,5986],[-8,0],[-2,4],[5,-2],[5,0],[0,-2]],[[6309,5995],[-6,-1],[-4,2],[-7,0],[-3,2],[1,2],[3,0],[16,-5]],[[6300,6003],[1,-3],[-5,1],[-3,3],[4,1],[3,-2]],[[6307,6016],[1,-2],[-8,-1],[-5,-2],[-3,3],[-3,-1],[1,7],[6,-3],[8,0],[3,-1]],[[6300,6022],[-1,3],[1,3],[3,-3],[5,1],[3,-1],[5,-5],[-2,-2],[-3,2],[-7,0],[-4,2]],[[6298,6032],[0,-3]],[[6298,6029],[-3,0]],[[6295,6029],[-1,2],[4,1]],[[6327,6125],[-6,3],[2,2],[5,-1],[4,-2],[-5,-2]],[[6309,6171],[3,2],[4,0],[1,-2],[-8,0]],[[6440,7218],[-4,0],[-8,3],[1,1],[14,-1],[2,-4],[-5,1]],[[6499,8035],[3,1],[4,-2],[-3,-1],[-4,2]],[[6501,8039],[-2,2],[12,-1],[2,-1],[-1,-2],[-11,2]],[[6500,8045],[4,1],[8,0],[0,-2],[-12,1]],[[6513,8051],[5,0],[-3,-3],[-2,3]],[[6519,8052],[-7,1],[-1,1],[12,0],[2,-3],[-4,0],[-2,1]],[[6514,8094],[-8,1],[3,4],[3,1],[4,1],[3,-4],[0,-2],[-5,-1]],[[6527,8151],[-7,0],[0,3],[4,-1],[3,-2]],[[6509,8162],[8,3],[-1,-4],[-7,1]],[[6535,8295],[0,2],[-4,2],[1,3],[4,-3],[-1,-4]],[[6510,8319],[0,-2],[5,-2],[1,-3],[-5,0],[-3,5],[2,2]],[[5735,694],[0,-1]],[[5735,693],[0,1]],[[5735,693],[0,1]],[[5735,694],[0,-1]],[[5737,709],[-3,2],[0,3],[3,2],[6,-4],[-3,-3],[-3,0]],[[5768,880],[0,1]],[[5768,881],[0,-1]],[[5778,883],[-1,1]],[[5777,884],[-2,-1]],[[5775,883],[-2,-1]],[[5773,882],[-5,-1]],[[5768,881],[-1,1],[-10,2],[-3,-2],[-4,-1],[-8,2],[0,2],[6,1],[12,-1],[20,1],[-2,-3]],[[5777,895],[-4,0],[-4,-3],[-9,1],[-6,1],[-1,2],[12,0],[7,0],[-1,4],[5,1],[4,-1],[-2,-5],[-1,0]],[[5767,978],[8,-1],[-4,-2],[-4,3]],[[5775,1018],[13,0],[0,-3],[-6,0],[-7,3]],[[5826,1696],[5,0],[2,2],[6,1],[1,1],[9,0],[7,-1],[7,2],[0,3],[6,-1],[4,5],[-5,1],[1,6],[-1,3],[4,1],[8,-1],[3,-4],[0,-2],[4,-3],[1,-2],[4,-1],[5,2],[0,2],[7,4],[1,2],[4,0],[0,-8],[-4,-3],[-5,-2],[-2,-6],[-12,-5],[-1,-2],[-17,-4],[-9,-2],[0,5],[-3,0],[-7,-3],[-6,1],[-10,1],[-3,3],[-11,1],[-1,2],[8,2]],[[5865,1732],[-2,2],[0,3],[3,1],[2,-5],[-3,-1]],[[5887,1840],[-3,-1],[-3,2],[2,2],[7,-1],[-3,-2]],[[5874,1845],[2,2],[5,0],[0,-2],[-2,-3],[-4,0],[-1,3]],[[5914,2275],[6,0],[-1,-2],[-7,0],[2,2]],[[5931,2286],[-4,-1],[1,4],[-7,0],[-3,-3],[3,0],[3,-4],[-4,0],[-9,0],[-8,4],[-1,3],[7,0],[4,0],[3,3],[9,-1],[4,-2],[4,-1],[-2,-2]],[[5934,2292],[5,0],[0,-3],[-3,0],[-2,3]],[[5908,2299],[-2,3],[-3,2],[4,2],[11,-1],[1,1],[9,-2],[5,0],[10,-3],[-4,-1],[-4,-6],[-6,0],[-3,1],[-2,3],[-5,2],[-6,0],[1,-3],[-4,-1],[-8,1],[-7,-2],[-3,0],[1,4],[1,2],[4,1],[2,-2],[8,-1]],[[5942,2344],[-4,-1],[0,5],[4,0],[0,-4]],[[5984,2513],[-3,1],[-2,3],[-3,1],[-7,0],[-2,4],[0,4],[2,1],[0,4],[-6,4],[-7,2],[-4,2],[5,1],[3,2],[-1,2],[-4,3],[-6,6]],[[5949,2553],[4,-1],[2,-4],[5,-3],[2,-3],[-4,-4],[9,-4],[4,-3],[-2,-4],[0,-4],[5,-3],[3,0],[6,-3],[1,-4]],[[5949,2553],[-3,2]],[[5946,2555],[2,1]],[[5948,2556],[1,-3]],[[5950,2733],[5,0],[9,-1],[5,1],[0,-3],[9,-5],[-1,-1],[-8,5],[-4,2],[-11,1],[-4,1]],[[6132,4054],[1,0]],[[6133,4054],[0,1]],[[6133,4055],[-1,-1]],[[6133,4055],[0,-1]],[[6133,4054],[-1,0]],[[6132,4054],[1,1]],[[6142,4192],[-5,-1],[1,3],[-2,2],[-4,0],[3,3],[5,-2],[1,2],[5,1],[0,-7],[2,1],[0,5],[4,-2],[0,-2],[-3,-3],[-7,0]],[[6134,4204],[6,1],[0,-2],[-4,-1],[-3,-3],[-2,3],[0,2],[3,0]],[[6159,4377],[0,4],[3,0],[1,-4],[-4,0]],[[6181,4554],[1,3],[3,0],[0,-4],[-4,1]],[[6214,4941],[-5,-2],[-2,2],[2,3],[6,0],[-1,-3]],[[6221,5031],[-3,-1],[-1,4],[3,0],[1,-3]],[[6276,5276],[-6,-1],[-2,1],[3,3],[5,-3]],[[6268,5310],[-2,-3],[2,-2],[0,-3],[2,-2],[0,-4],[-4,2],[-1,6],[0,6],[3,0]],[[6268,5310],[3,4],[3,2],[-2,-9],[-4,3]],[[6295,5532],[-7,0],[1,1],[5,0],[1,-1]],[[6276,5547],[5,-1],[5,-2],[-9,-3],[-1,6]],[[6277,5564],[5,4],[1,3],[5,1],[5,-3],[0,-3],[9,0],[-1,-3],[-9,1],[-1,-1],[3,-2],[3,0],[1,-3],[-8,0],[0,2],[-6,0],[-6,2],[-1,2]],[[6308,5957],[3,1],[5,-1],[5,-2],[-5,-2],[-7,2],[-1,2]],[[6334,5983],[4,1],[12,-5],[-3,-2],[0,-4],[-8,-1],[-6,3],[-6,0],[-3,-2],[6,-3],[0,-7],[-5,0],[-2,1],[-4,7],[-1,4],[2,2],[0,3],[2,2],[-5,1],[2,2],[5,-1],[3,-1],[7,0]],[[6328,6137],[-1,3],[5,-1],[0,-3],[-4,1]],[[6438,7213],[-10,2],[20,-1],[3,-2],[-13,1]],[[6457,7220],[4,0],[-1,-4],[-3,0],[0,4]],[[6554,8041],[-6,0],[-2,2],[3,2],[4,0],[1,-4]],[[6517,8057],[9,-1],[-1,-2],[-8,3]],[[6595,8219],[1,0]],[[6596,8219],[2,2]],[[6598,8221],[2,2]],[[6600,8223],[2,1],[8,0]],[[6610,8224],[5,-1],[1,-4],[3,-1],[0,-4],[-1,-1],[-1,-11],[-2,0]],[[6615,8202],[-4,0],[1,3],[-5,3]],[[6607,8208],[-5,1],[-1,3],[-1,6]],[[6600,8218],[0,-2],[-1,-8],[-1,-1],[-7,1],[-1,-1],[6,-3],[1,-3],[-11,-3],[1,-2]],[[6587,8196],[-2,1],[0,2],[10,3],[-5,3],[-7,-3]],[[6583,8202],[1,3]],[[6584,8205],[3,1],[0,6]],[[6587,8212],[-4,3],[0,2],[-4,1],[-2,6],[-3,-2],[-5,1],[-1,-1],[7,-1],[-3,-3],[-5,2],[0,-3],[-4,-1],[-6,-6],[0,-9],[-2,-2],[-1,-7],[2,-2],[3,1],[6,-4],[0,-2],[-3,-2],[0,-4],[2,-2],[0,-5],[4,2],[4,0],[7,-3],[3,-4],[-3,-1],[-1,-4],[-1,-1],[-7,-1]],[[6570,8160],[-2,0]],[[6568,8160],[-4,0],[-1,-6],[-7,0],[-1,-2],[-7,1],[-3,2],[-13,0],[-5,0],[0,2],[-9,2],[0,3],[3,3],[-6,2],[-9,0],[-4,-2],[-4,1],[1,2],[4,3],[4,-1],[3,2],[3,1],[4,2],[0,-4],[7,0],[1,5],[-1,4],[5,4],[6,-1],[1,4],[3,3],[0,3],[4,3],[0,3],[-3,2],[-8,4],[1,2],[3,1],[3,3],[15,3],[3,4],[4,1],[1,4],[-3,2],[-2,-4],[-5,2],[2,1],[-1,3],[6,2],[3,2],[-2,2],[1,7],[-1,1],[-1,6],[-1,2],[2,3],[-2,4],[-4,0],[0,5],[3,0],[-1,5],[-4,4],[-6,2],[0,2],[4,1],[2,3],[5,-1],[1,-3],[7,-4],[-1,-4],[1,-3],[6,-2],[-1,3],[4,0],[1,3],[2,2],[3,-3],[-2,-5],[4,-3],[5,0],[0,-6],[5,-2],[3,-2],[0,-3],[-4,-6],[-5,0],[-4,-3],[4,-3],[7,0],[3,-6],[-2,-6],[1,-2]],[[6596,8219],[-3,-4],[3,-1],[0,5]],[[6615,8213],[2,3],[-7,2],[1,-7],[3,-2],[-1,-4],[2,-3]],[[6615,8202],[2,7],[-2,4]],[[6600,8218],[3,-3],[2,1],[-1,3],[-4,-1]],[[6587,8212],[5,2],[-2,2],[-3,-4]],[[6583,8245],[0,3],[-5,1],[-2,-1],[1,-4],[2,-3],[-1,-5],[-3,-1]],[[6575,8235],[4,0],[1,5],[4,2],[-1,3]],[[6572,8234],[3,1]],[[6575,8235],[-3,-1]],[[6572,8227],[-1,1]],[[6571,8228],[-7,-1],[2,-2],[6,2]],[[6532,8161],[-7,0],[-1,-2],[10,0],[-2,2]],[[6567,8280],[5,-2],[-1,-3],[-6,4],[2,1]],[[6548,8291],[4,-5],[-4,0],[-5,7],[3,2],[2,-4]],[[6580,8661],[2,0]],[[6582,8661],[0,-1]],[[6582,8660],[-2,1]],[[6582,8660],[0,1]],[[6582,8661],[0,-1]],[[6588,8673],[2,-3],[-7,1],[5,2]],[[5755,753],[4,1],[1,-3],[-4,1],[-1,1]],[[5765,771],[-6,1],[3,2],[3,1],[0,-4]],[[5770,779],[-3,-2],[-3,4],[6,-2]],[[5780,789],[-4,-4],[-6,0],[1,3],[9,1]],[[5788,867],[-1,-1],[-7,1],[-7,1],[0,1],[13,-1],[7,0],[-2,-2],[-3,1]],[[5768,880],[4,0],[1,2]],[[5773,882],[2,1]],[[5775,883],[2,1]],[[5777,884],[1,-1]],[[5778,883],[-1,-2],[-4,-2],[-5,1]],[[5792,892],[-3,-3],[-5,0],[1,2],[7,1]],[[5798,902],[-3,2],[12,-1],[-2,-1],[-7,0]],[[5790,907],[-5,-1],[-9,1],[1,1],[13,-1]],[[5791,908],[-6,1],[-1,1],[8,0],[-1,-2]],[[5786,976],[-1,2],[8,0],[-1,-3],[-6,1]],[[5834,1282],[-1,3],[8,-1],[1,-4],[-8,2]],[[5903,1733],[-4,-1],[-7,2],[8,1],[10,0],[-2,-2],[-5,0]],[[5870,1745],[10,0],[15,0],[0,-2],[-18,0],[-6,0],[-1,2]],[[5897,1791],[-3,0],[1,3],[3,-1],[-1,-2]],[[5881,1796],[5,1],[-1,-3],[-3,0],[-1,2]],[[5898,1819],[4,0],[3,2],[3,-2],[-5,-1],[-2,-3],[-4,-1],[-4,4],[-1,2],[-5,1],[6,2],[4,2],[3,-2],[-4,-2],[2,-2]],[[5885,1827],[8,-1],[-4,-2],[-3,0],[-1,3]],[[5914,1829],[-1,-2],[-4,1],[5,4],[0,-3]],[[5912,1834],[0,3],[6,1],[-6,-4]],[[5900,1841],[3,0],[3,-2],[-6,0],[0,2]],[[5921,1867],[-5,2],[1,2],[9,0],[0,-3],[-5,-1]],[[5918,1890],[2,-2],[-6,0],[-5,-1],[-2,-2]],[[5907,1885],[-1,2],[-8,-1],[0,5],[9,1],[11,-1],[0,-1]],[[5993,2506],[6,2],[1,-3],[-6,-1],[-1,2]],[[6007,2692],[0,-1]],[[6007,2691],[0,1]],[[6158,4169],[5,1],[1,-5],[-4,2],[-2,2]],[[6181,4216],[8,1],[-2,-4],[-7,1],[1,2]],[[6203,4554],[4,2],[2,7],[-2,1],[0,3],[6,1],[-1,-7],[1,-3],[5,-7],[2,-3],[-11,0],[-3,4],[-7,2],[-6,0],[2,3],[4,-2],[4,-1]],[[6210,4635],[-2,0],[-3,3],[2,3],[6,-1],[0,-3],[-3,-2]],[[6213,4649],[-1,2],[-6,5],[0,7],[3,0],[4,-4],[0,-8],[0,-2]],[[6216,4673],[0,-4],[-3,0],[3,4]],[[6215,4684],[4,4],[4,-1],[0,-4],[-2,-2],[-4,1],[-2,2]],[[6230,4709],[4,-1],[-2,-3],[-3,2],[1,2]],[[6292,5327],[5,0],[-2,-3],[-3,3]],[[6292,5405],[3,2],[3,-2],[0,-3],[-4,1],[-2,2]],[[6316,5470],[1,-1]],[[6317,5469],[-1,1]],[[6317,5469],[-1,1]],[[6316,5470],[1,-1]],[[6301,5552],[5,2],[-1,-3],[-4,1]],[[6384,5896],[-4,2],[-4,5],[-4,2],[-4,2],[-2,6],[0,2],[-6,8],[-4,3],[-7,4],[-6,2],[-1,3],[-5,1],[-2,-2],[-7,3],[4,2],[5,-2],[8,0],[7,-3],[7,1],[5,1],[7,0],[8,-4],[8,-2],[4,-2],[-1,-3],[4,-5],[-1,-3],[-4,-1],[-7,0],[-7,-3],[-1,-4],[4,-3],[1,-5],[5,-5]],[[6360,5958],[4,-1],[5,-2],[1,-3],[-5,0],[-11,0],[-2,2],[-5,5],[1,2],[12,-3]],[[6378,6037],[0,-1],[-9,0],[-5,1],[2,4],[8,0],[4,-4]],[[6550,8012],[4,-1],[-2,-2],[-2,3]],[[6582,8131],[-16,1],[1,1],[13,-1],[2,-1]],[[6568,8160],[2,0]],[[6570,8160],[-2,0]],[[6564,8204],[5,1],[0,-2],[-5,1]],[[6583,8208],[1,-3]],[[6584,8205],[-6,2],[3,2],[2,-1]],[[6583,8245],[-1,-2],[-4,-1],[1,4],[4,-1]],[[6583,8299],[-1,4],[3,0],[3,-2],[-1,-7],[-4,3],[0,2]],[[6597,8329],[-1,2],[1,7],[-1,3],[0,8],[4,1],[3,-2],[0,-7],[2,-2],[-1,-8],[-2,-2],[-1,-4],[-3,1],[-1,3]],[[6597,8329],[5,2],[-2,2],[0,6],[2,7],[-4,3],[-1,-13],[0,-7]],[[5816,816],[5,3],[5,-1],[1,-2],[-11,0]],[[5812,823],[1,0]],[[5813,823],[2,-1]],[[5815,822],[2,-1],[11,-1]],[[5828,820],[-1,-1],[-13,1],[-5,1],[3,2]],[[5815,822],[-2,1]],[[5813,823],[-1,0]],[[5812,823],[3,-1]],[[5814,874],[0,2],[6,-1],[1,2],[5,0],[2,-2],[-7,0],[-1,-2],[-6,1]],[[5862,1196],[2,2],[5,-2],[-3,-3],[-4,3]],[[5908,1667],[1,3],[2,2],[3,-1],[0,-4],[-3,-2],[-3,2]],[[5922,1731],[-4,-1],[-3,2],[2,3],[4,0],[2,-3],[-1,-1]],[[5927,1739],[-1,1],[2,3],[-17,1],[1,2],[13,0],[1,-2],[4,-1],[4,-2],[-7,-2]],[[5927,1806],[3,0],[2,-3],[-5,0],[0,3]],[[5933,1847],[0,2],[4,2],[4,0],[3,-2],[-1,-3],[-3,-1],[-6,1],[-1,1]],[[5945,1857],[-3,-1],[-2,3],[5,2],[0,-4]],[[5936,1867],[-3,2],[5,2],[2,-3],[-4,-1]],[[5993,2283],[-3,1],[2,3],[5,-1],[-4,-3]],[[6012,2309],[0,-3],[7,-2]],[[6019,2304],[1,-1]],[[6020,2303],[-2,-1],[-10,0],[-5,-2],[-2,0],[-10,-2],[-1,-2],[-6,-2],[-8,1],[2,6],[3,3],[3,2],[1,6],[-1,3],[-4,2],[1,4],[3,2],[3,0],[2,-3],[-4,-1],[1,-7],[5,-2],[0,-6],[8,-1],[5,0],[0,2],[1,3],[7,1]],[[5981,2324],[-1,-2],[-4,0],[0,2],[5,0]],[[5977,2325],[-4,3],[0,3],[5,2],[0,-4],[2,-3],[-3,-1]],[[6018,2356],[1,-2],[4,0],[7,-3],[5,-1],[7,-3],[5,-3],[-1,-4],[-2,-2],[0,-3],[-9,2],[-3,0],[-25,6],[-7,2],[-7,1],[-2,-2],[-12,0],[-6,-5],[-6,0],[-3,-4],[-6,1],[-9,1],[-3,2],[8,3],[5,3],[-2,3],[-3,1],[0,2],[-2,3],[-9,-1],[-11,3],[0,4],[3,1],[10,-1],[14,-2],[4,1],[7,-1],[8,-1],[1,1],[6,0],[3,2],[5,0],[14,-1],[7,-1],[4,-2]],[[6012,2347],[-4,-3],[9,-1],[2,4],[-7,0]],[[6156,3755],[0,-2]],[[6156,3753],[0,2]],[[6185,4163],[5,3],[4,0],[-1,-6],[-4,2],[-4,1]],[[6204,4195],[-6,-2],[0,3],[3,3],[-2,2],[2,2],[4,-4],[-1,-4]],[[6242,4488],[-3,-2]],[[6239,4486],[3,2]],[[6225,4537],[3,2],[4,0],[1,-3],[-4,-2],[-3,0],[-1,3]],[[6238,4573],[-4,0],[-2,2],[4,5],[4,0],[1,-4],[-3,-3]],[[6258,4630],[-5,1],[-4,0],[-12,0],[-5,2],[-12,0],[4,2],[8,2],[6,0],[3,-5],[3,1],[8,-1],[6,-2]],[[6249,4638],[-5,0],[-3,3],[1,2],[4,0],[4,-3],[-1,-2]],[[6271,4729],[-5,-3],[-1,3],[6,0]],[[6334,5290],[-1,-2],[-3,1],[-10,0],[-1,3],[4,2],[7,-1],[-1,-3],[5,0]],[[6333,5408],[2,-3],[-4,0],[-3,4],[1,5],[3,3],[1,3],[3,2],[2,-2],[-5,-5],[0,-7]],[[6339,5442],[3,2],[2,-3],[-5,1]],[[6315,5463],[2,-1],[4,2],[1,2],[4,2],[2,3],[4,-1],[2,-3],[1,-3],[2,-2],[5,-1],[1,-2],[3,-2],[-9,-1],[-3,1],[-8,-2],[-6,-1],[-8,1],[-4,-1],[-4,0],[-3,-2],[-2,2],[-5,2],[5,4],[3,1],[5,-1],[5,0],[3,3]],[[6355,5549],[1,-3],[-6,1],[-1,-6],[-1,-2],[-6,1],[0,-1],[8,-4],[0,-3],[5,-4],[7,-1],[1,-2],[6,-3],[8,-1],[4,-2],[-7,-1],[6,-4],[6,-2],[-2,-6],[-9,3],[0,-3],[-4,0],[-3,2],[0,-4],[0,-7],[3,-5],[-7,-1],[-3,3],[-9,5],[-10,5],[-3,3],[0,4],[3,0],[1,2],[11,0],[2,-2],[2,3],[-3,0],[1,4],[-6,3],[-5,1],[-5,-3],[-6,0],[-3,-1],[-6,-1],[-2,-3],[-1,-4],[2,-8],[5,-5],[7,-1],[3,1],[4,-1],[4,-3],[5,-3],[-5,0],[-3,1],[-4,1],[-5,1],[-4,0],[-6,3],[-5,2],[-6,5],[2,3],[-1,6],[3,2],[0,4],[2,2],[-1,3],[5,1],[6,0],[3,0],[8,0],[2,2],[0,4],[2,1],[0,3],[-2,1],[-3,5],[-1,-2],[-4,0],[-3,-2],[-17,1],[1,-2],[-1,-2],[-15,0],[6,3],[0,4],[5,2],[10,0],[7,-1],[5,2],[3,-2],[4,1],[0,2],[-10,2],[2,2],[5,1],[3,-5],[5,-1],[2,5],[8,1]],[[6321,5541],[-4,0],[-1,-2],[5,-1],[0,3]],[[6359,5524],[-3,3],[-5,1],[-1,-4],[1,-2],[5,0],[3,2]],[[6345,5570],[11,-2],[-3,-1],[4,-8],[-5,3],[-5,-2],[9,-2],[-1,-1],[-8,2],[-4,0],[-6,4],[-6,0],[5,-4],[-4,-2],[-3,3],[2,4],[1,4],[-6,3],[-5,2],[3,1],[2,-1],[6,0],[6,0],[3,4],[5,-1],[-3,-3],[2,-3]],[[6345,5562],[0,3],[-6,1],[-1,-2],[3,-2],[4,0]],[[6357,5571],[-3,-1],[-2,3],[5,-1],[0,-1]],[[6356,5579],[-2,-1],[-2,-2],[-3,2],[-6,0],[-4,2],[1,2],[8,-3],[3,1],[5,-1]],[[6370,5885],[-2,-2],[-7,2],[-4,3],[2,1],[5,-1],[3,-2],[3,-1]],[[6372,5937],[0,1],[6,0],[0,-3],[-6,2]],[[6561,7775],[7,-1],[-1,-2],[-6,3]],[[6567,7921],[2,-2],[-6,-1],[2,4],[2,-1]],[[6586,7988],[-5,4],[6,0],[-1,-4]],[[6576,7992],[0,-1]],[[6576,7991],[0,1]],[[6599,8179],[-5,0],[-3,4],[-3,1],[-1,4],[0,8]],[[6587,8196],[2,-3],[0,-5],[2,-4],[5,1],[3,-2],[0,-4]],[[6598,8221],[-3,-2]],[[6595,8219],[3,2]],[[6599,8232],[-1,2],[-2,1],[-3,3],[0,2],[6,2],[1,-1],[-1,-9]],[[6601,8319],[1,-6],[-2,0],[1,6]],[[6652,8803],[-6,1],[2,2],[4,-3]],[[6660,8842],[2,-3],[-7,-1],[-3,2],[7,0],[1,2]],[[5837,862],[-5,-4],[-5,1],[-3,3],[13,0]],[[5837,862],[6,2],[4,0],[4,3],[3,-2],[-9,-2],[-8,-1]],[[5832,873],[1,0]],[[5833,873],[-1,0]],[[5836,873],[6,0],[1,-2],[-7,0],[0,2]],[[5845,876],[7,-1],[0,-1],[-7,2]],[[5942,1682],[-5,0],[1,3],[7,5],[3,-3],[-4,-4],[-2,-1]],[[5949,1751],[-7,-4],[-5,3],[5,1],[2,4],[6,-1],[2,3],[3,0],[-6,-6]],[[5958,1830],[-4,2],[3,2],[3,-1],[-2,-3]],[[5950,1837],[-4,-2],[0,4],[4,-2]],[[5950,1859],[8,2],[4,-1],[0,-3],[-2,-1],[-8,1],[-2,2]],[[5977,1863],[-12,2],[-2,-2],[-6,2],[-8,0],[1,2],[10,-2],[3,3],[4,-1],[8,-2],[2,-2]],[[5971,1871],[-6,0],[-4,-2],[-5,1],[-3,3],[0,2],[3,1],[2,-3],[9,0],[4,-2]],[[5988,2081],[4,-2],[6,3],[2,-3],[-1,-5],[-4,-1],[-9,4],[2,4]],[[6036,2073],[-7,1],[-10,0],[-2,1],[-6,1],[0,1],[8,0],[5,0],[-1,4],[-4,0],[-3,-3],[-1,4],[1,1],[5,0],[3,1],[4,0],[1,3],[3,-3],[4,2],[0,3],[-4,4],[-7,2],[-24,1],[-6,-2],[-8,1],[6,-7],[-5,0],[-1,4],[-6,3],[-11,0],[6,3],[0,2],[-6,0],[-5,0],[-10,0],[-5,3],[3,1],[17,-1],[5,-1],[2,-2],[16,-1],[9,1],[4,0],[8,1],[9,2],[-2,-4],[4,-1],[11,0],[7,-2],[-10,-2],[6,-4],[2,-2],[5,-3],[2,-3],[4,1],[2,-4],[-10,0],[-4,-3],[-2,3],[4,3],[-2,2],[-5,-1],[-1,-1],[-7,-1],[-3,-6],[7,0],[3,0],[2,-2]],[[6026,2098],[0,-3],[5,0],[1,2],[-6,1]],[[6020,2303],[-1,1]],[[6019,2304],[1,2],[-2,3],[-6,0]],[[6012,2309],[-1,2],[1,3],[10,-2],[1,-4],[4,0],[4,-3],[-5,0],[-3,-2],[0,-3],[4,-3],[-1,-5],[6,-4],[8,0],[2,1],[0,4],[10,3],[3,1],[5,-4],[4,2],[-2,2],[-4,3],[-7,0],[-2,2],[-6,0],[2,3],[5,-1],[6,-2],[4,2],[5,0],[17,-2],[-4,-2],[-3,-3],[4,0],[-4,-9]],[[6075,2288],[-10,1]],[[6065,2289],[-4,-1],[-5,-2],[-1,-2]],[[6055,2284],[-5,0],[-7,2],[-7,0],[6,-5],[-11,0],[-3,2],[-2,3],[-6,0],[0,-5],[-7,-5],[-4,0],[2,4],[2,1],[1,4],[2,2],[-3,2],[-18,1],[-6,0],[-6,2],[-3,-4],[1,-2],[-8,0],[-6,1],[-9,2],[-3,-1],[-3,4],[-1,3],[6,-1],[2,2],[4,0],[5,-3],[7,-1],[3,1],[11,0],[7,-1],[5,5],[8,-2],[7,3],[4,-1],[0,6]],[[6048,2287],[6,6],[-3,0],[-7,-4],[0,-2],[4,0]],[[5969,2291],[4,-2],[3,1],[-7,1]],[[6037,2481],[1,-1]],[[6038,2480],[-1,1]],[[6031,2498],[3,0],[2,-3],[-5,1],[0,2]],[[6058,2699],[-1,-1],[-7,0],[0,2],[8,-1]],[[6212,4116],[5,2],[0,-4],[-1,-1],[-4,1],[0,2]],[[6209,4126],[-4,0],[2,5],[5,-1],[-3,-4]],[[6217,4130],[-3,2],[1,4],[3,0],[2,-3],[-3,-3]],[[6208,4136],[6,3],[1,-1],[-4,-2],[-3,0]],[[6211,4144],[-4,4],[0,2],[2,1],[6,-1],[2,-1],[0,-3],[-2,-3],[-4,1]],[[6219,4162],[2,3],[4,0],[1,-2],[-3,-1],[-4,0]],[[6220,4194],[3,-2]],[[6223,4192],[-1,-4],[-3,-3],[-5,0],[-2,2],[-1,3],[1,9],[10,0],[4,-1]],[[6226,4198],[-8,0],[-4,-1],[0,-3],[6,0]],[[6223,4192],[-3,2]],[[6220,4194],[-1,3],[6,0],[1,1]],[[6226,4198],[1,0]],[[6227,4198],[1,-2],[-3,-1],[-2,-3]],[[6227,4198],[0,1]],[[6227,4199],[1,1]],[[6228,4200],[-1,-2]],[[6228,4200],[-1,-1]],[[6227,4199],[1,1]],[[6259,4497],[-2,2],[1,3],[3,-1],[3,-1],[-2,-5],[-3,2]],[[6322,4579],[1,2],[4,4],[6,-1],[-3,-5],[-1,-4],[-4,-5],[0,-4],[-5,0],[-3,-3],[-13,1],[-12,3],[-8,0],[-3,-1],[-3,-4],[-3,-7],[-3,-4],[0,-6],[3,-4],[3,-1],[0,-3],[-1,-7],[-1,-4],[-2,-2],[-2,-4],[-5,-5],[-6,-4],[-3,-1],[-9,0],[-2,3],[-1,3],[-4,0],[-3,4],[1,3],[6,0],[4,3]],[[6250,4526],[-2,5],[-2,2]],[[6246,4533],[4,0],[3,3],[5,2],[1,5],[-3,3],[-7,1],[-11,3],[-6,5],[-2,2],[0,6],[2,2],[9,4],[3,4],[1,3],[3,2],[1,3],[-9,7],[-5,0],[-9,3],[-2,1],[-5,1],[0,-4],[7,-6],[0,-2],[-8,-3],[-4,-1],[-1,4],[-5,0],[-3,2],[4,6],[-1,3],[1,8],[2,5],[1,9],[1,1],[1,5],[-2,3],[0,3],[3,3],[10,2],[9,0],[9,-2],[10,0],[4,-1],[3,-2],[13,-5],[2,0],[7,-6],[1,-2],[5,-6],[-1,-4],[-2,-1],[-7,-3],[-2,-5],[-5,-3],[-4,-4],[0,-3],[-3,-4],[-1,-6],[3,-3],[7,-1],[6,2],[2,3],[3,1],[7,3],[5,6],[0,2],[9,3],[-2,2],[2,2],[5,-1],[2,-2],[-10,-5],[-4,-6],[-5,-5],[0,-4],[1,-1],[6,-1],[1,5],[3,6],[1,3],[5,4],[4,2],[2,-2],[-4,-3],[-2,-4],[-2,-3],[-1,-7],[4,-2],[7,0],[9,6],[-3,2],[-7,2],[1,4],[3,-1],[1,-2]],[[6263,4559],[1,4],[-5,1],[-1,-2],[-3,-2],[0,-2],[6,0],[2,1]],[[6292,4595],[0,-3],[-7,-8],[-12,-9],[0,-2],[-5,-1],[-3,3],[1,5],[2,3],[2,1],[0,3],[7,0],[5,2],[4,-1],[1,6],[5,1]],[[6274,4630],[2,2],[3,-1],[-2,-3],[-3,2]],[[6349,5361],[-4,-4],[-4,1],[1,3],[4,3],[0,2],[6,1],[2,-1],[-5,-5]],[[6354,5432],[-9,-6],[0,5],[7,1],[2,0]],[[6374,5549],[0,2],[2,4],[3,0],[-2,-5],[-3,-1]],[[6366,5555],[6,0],[-1,-3],[-4,0],[-1,3]],[[6374,5578],[8,-1],[0,-1],[-8,0],[0,2]],[[6386,5594],[10,0],[3,-3],[-4,-3],[2,-3],[-7,0],[-13,0],[-18,0],[0,4],[5,-1],[4,3],[2,4],[9,0],[7,-1]],[[6379,5589],[0,2],[-7,0],[2,-2],[5,0]],[[6408,5869],[-1,-1]],[[6407,5868],[0,1]],[[6407,5869],[1,0]],[[6407,5869],[1,0]],[[6408,5869],[-1,0]],[[6403,5877],[-7,5],[4,1],[1,-3],[2,-3]],[[6395,5891],[-1,0],[-8,7],[1,2],[6,-1],[5,1],[1,-3],[0,-3],[-4,0],[0,-3]],[[6411,6029],[-3,0],[-5,3],[2,2],[6,-5]],[[6614,8175],[0,2]],[[6614,8177],[3,1]],[[6617,8178],[-3,-3]],[[6649,8391],[-5,3],[-1,3],[-2,1],[0,5],[2,0],[1,-3],[6,-4],[3,-4],[-4,-1]],[[6635,8409],[-1,3],[5,-1],[-4,-2]],[[6641,8451],[0,-2]],[[6641,8449],[-1,-4],[2,-1],[2,5],[5,1],[3,-5],[-4,-6],[-11,4],[-4,3],[0,5],[3,-2],[3,0],[2,2]],[[6655,8448],[-1,0]],[[6654,8448],[1,0]],[[6641,8449],[0,2]],[[6641,8451],[-1,5],[3,0],[-1,-5],[1,-3],[-2,1]],[[6665,8591],[2,2],[6,-1],[-3,-2],[-5,1]],[[6662,8657],[-5,0],[1,2],[4,-2]],[[5859,770],[2,-2]],[[5861,768],[-2,2]],[[5863,771],[-4,-1]],[[5859,770],[4,1]],[[5849,793],[2,0]],[[5851,793],[-2,0]],[[5966,1697],[-4,-1],[0,3],[-4,1],[-3,-4],[-2,3],[4,2],[3,3],[5,-1],[3,-3],[-2,-3]],[[5971,1699],[-1,1],[1,4],[3,2],[3,-1],[-1,-3],[-5,-3]],[[5978,1774],[4,-1],[-5,-3],[-7,-6],[-8,-3],[-1,3],[3,2],[0,5],[1,5],[5,2],[4,0],[4,-2],[0,-2]],[[5983,1833],[1,3],[4,-1],[-1,-3],[-4,1]],[[5980,1844],[2,-3],[-2,-1],[-3,5],[0,5],[3,0],[0,-6]],[[5987,1856],[-1,5],[4,0],[0,-4],[-3,-1]],[[5997,1864],[-4,1],[-3,2],[1,3],[4,0],[6,-4],[-4,-2]],[[6020,2070],[0,-3],[-3,-1],[-3,3],[-12,3],[0,2],[7,-3],[5,2],[3,0],[3,-3]],[[6005,2090],[-2,-5],[-2,0],[1,4],[3,1]],[[6016,2087],[-1,3],[3,2],[3,0],[0,-4],[-5,-1]],[[6029,2277],[7,2],[0,-2],[-3,-2],[-4,0],[0,2]],[[6051,2357],[4,0],[2,-3],[-5,0],[-1,3]],[[6058,2458],[-3,1]],[[6055,2459],[3,-1]],[[6079,2715],[0,-3],[-3,0],[0,3],[3,0]],[[6237,4079],[4,4],[3,-3],[-7,-1]],[[6241,4163],[-3,3],[-4,0],[1,3],[6,-2],[0,-4]],[[6249,4180],[1,1]],[[6250,4181],[-1,-1]],[[6250,4181],[-1,-1]],[[6249,4180],[1,1]],[[6271,4310],[-1,-5],[-2,0],[0,4],[3,1]],[[6274,4353],[4,0],[1,-2],[-1,-2],[-5,2],[1,2]],[[6269,4357],[-1,2],[2,2],[5,-1],[0,-4],[-6,1]],[[6269,4365],[-1,3],[6,0],[1,-4],[-6,1]],[[6267,4392],[1,-2],[-2,-3],[-3,0],[-1,3],[5,2]],[[6282,4393],[1,-1]],[[6283,4392],[-1,1]],[[6278,4406],[-5,-2],[-4,2],[-2,-1],[2,-3],[-3,-4],[-1,-4],[-5,0],[-2,-4],[-5,2],[1,1],[5,0],[0,4],[-4,-1],[-1,5],[0,5],[2,2],[8,1],[7,4],[2,3],[4,2],[6,0],[2,-4],[-6,-2],[-8,0],[0,-2],[7,-4]],[[6280,4403],[-1,-3],[-3,2],[1,2],[3,-1]],[[6282,4423],[4,-1],[-1,-2],[-4,2],[1,1]],[[6274,4426],[6,1],[0,-4],[-1,-1],[-5,1],[0,3]],[[6271,4429],[5,1],[1,4],[5,2],[4,0],[0,-5],[-5,-3],[-6,1],[-4,0]],[[6271,4439],[1,2],[5,0],[-2,-3],[-4,1]],[[6267,4444],[-1,2]],[[6266,4446],[1,-2]],[[6295,4512],[0,-3],[-3,-3],[-7,-1],[-4,3],[-1,3],[2,3],[2,5],[4,4],[6,-1],[-1,-2],[3,-4],[-1,-4]],[[6281,4554],[0,1],[4,5],[3,-2],[-4,-4],[-3,0]],[[6294,4557],[-1,4],[1,1],[4,-2],[-3,-2],[-1,-1]],[[6301,4593],[-4,-2],[-3,0],[11,5],[-1,-2],[-3,-1]],[[6298,4595],[-3,-1],[2,9],[2,1],[3,-2],[0,-4],[-4,-3]],[[6292,4595],[-2,3],[3,6],[2,-1],[0,-5],[-3,-3]],[[6299,4611],[3,1],[0,-4],[-4,0],[1,3]],[[6288,4630],[3,-1],[-1,-3],[-4,0],[2,4]],[[6312,4712],[-2,-4],[-6,2],[7,1],[1,1]],[[6386,5493],[-2,-2],[-7,2],[-4,4],[0,3],[3,2],[5,0],[4,-5],[1,-4]],[[6374,5532],[4,-1],[1,-3],[6,-1],[0,-2],[-7,1],[-4,6]],[[6405,5609],[-1,-2],[-4,-2],[-7,1],[-3,1],[0,4],[8,-2],[3,2],[4,-2]],[[6644,8184],[-5,0],[-3,4]],[[6636,8188],[2,-2],[6,0],[0,-2]],[[6658,8227],[1,1]],[[6659,8228],[-1,-1]],[[6664,8350],[-3,-1]],[[6661,8349],[3,1]],[[6664,8350],[1,2]],[[6665,8352],[-2,4],[6,0]],[[6669,8356],[0,-4],[-5,-2]],[[6663,8375],[7,-1],[6,-4],[2,-2],[-4,0],[-1,1],[-4,1],[-5,3],[-1,2]],[[6663,8375],[-1,3],[-2,1],[-10,8],[5,4]],[[6655,8391],[-2,-2],[7,-6],[10,-4],[2,0],[2,-3],[4,-1],[1,-4],[-5,2],[1,2],[-6,0],[-6,0]],[[6674,8418],[0,-1]],[[6674,8417],[0,1]],[[6676,8420],[-1,0]],[[6675,8420],[-1,1]],[[6674,8421],[3,-1]],[[6677,8420],[-1,0]],[[6674,8424],[0,-3]],[[6674,8421],[-4,2]],[[6670,8423],[4,1]],[[6662,8460],[3,0],[4,-4],[-3,-5],[1,-1],[0,-9],[2,-1]],[[6669,8440],[5,-6]],[[6674,8434],[4,-3],[1,-6],[6,-2]],[[6685,8423],[-4,-1],[0,-5],[-3,-1]],[[6678,8416],[-4,1]],[[6674,8417],[0,1]],[[6674,8418],[2,2]],[[6676,8420],[1,0]],[[6677,8420],[-3,4]],[[6674,8424],[1,5],[-2,0],[-3,-3],[0,-3]],[[6670,8423],[-2,2],[-7,0]],[[6661,8425],[-1,0],[-6,6],[1,2],[4,4],[0,2],[-3,3],[1,5],[-3,1]],[[6654,8448],[1,0]],[[6655,8448],[-2,4],[-4,1],[0,4],[4,0],[2,-2],[5,3],[2,2]],[[6665,8428],[-1,2]],[[6664,8430],[-3,-5]],[[6661,8425],[4,3]],[[6680,8445],[3,-2],[-4,-1],[1,3]],[[6681,8584],[2,-2]],[[6683,8582],[-2,2]],[[6683,8582],[1,0],[-1,5],[-5,-1],[-2,3],[5,1],[5,-3],[2,-6],[-5,1]],[[6696,8730],[5,-4]],[[6701,8726],[-5,1],[0,3]],[[6705,8729],[-1,0]],[[6704,8729],[-8,1]],[[6696,8730],[2,2]],[[6698,8732],[7,-3]],[[6712,8751],[-4,0],[-3,-2],[-6,1],[0,2],[7,0],[6,-1]],[[6697,8775],[-3,-1],[-1,0],[-4,4],[4,0],[0,-2],[2,-2],[2,1]],[[5852,590],[3,3],[5,-1],[-6,-4],[-2,2]],[[5860,626],[-1,3],[5,1],[-2,-4],[-2,0]],[[5869,718],[4,-1],[0,-3],[-6,0],[2,4]],[[5894,768],[-6,1]],[[5888,769],[6,-1]],[[5882,768],[-5,2],[3,2],[2,-4]],[[5964,1465],[6,1],[1,-2],[-7,1]],[[5963,1472],[-4,1],[3,2],[1,-3]],[[6009,1762],[-7,-1],[-10,-4],[-3,1],[3,4],[8,-1],[9,1]],[[6004,1769],[0,2],[8,1],[-6,-4],[-2,1]],[[6023,1782],[-2,-2],[-4,-1],[-5,-2],[1,-3],[-11,-1],[-6,-3],[-6,-4],[3,-1],[2,2],[5,0],[-15,-9],[0,7],[2,5],[2,1],[1,4],[7,3],[7,1],[4,-2],[4,2],[7,4],[4,-1]],[[6015,1788],[4,1],[0,-5],[-4,4]],[[6004,1838],[7,0],[-3,-3],[-4,3]],[[6029,1866],[-7,-2],[-7,-1],[-3,5],[5,2],[8,0],[4,-4]],[[6047,2063],[-2,3],[6,-1],[-4,-2]],[[6058,2284],[4,-1],[-1,-3]],[[6061,2280],[-3,0],[0,4]],[[6058,2284],[-3,0]],[[6055,2284],[3,0]],[[6071,2334],[3,-1],[-5,-3],[-3,-1],[-5,0],[-5,1],[0,2],[10,-1],[5,3]],[[6091,2445],[3,3]],[[6094,2448],[-3,-3]],[[5994,2503],[5,0],[6,-4],[4,2],[7,-4],[-1,-2],[4,-1],[4,-1],[3,-3],[4,-1],[5,-1],[1,-2],[0,-4],[1,-1]],[[6037,2481],[1,-1]],[[6038,2480],[0,-2],[7,-1],[1,1],[13,-3],[5,-4],[2,-3],[0,-2],[3,-5],[2,0],[10,-1],[7,-3],[8,0],[-4,-5],[8,-2],[2,-2],[6,1],[1,-1],[11,-1],[9,-4],[5,-1],[4,-3],[5,0],[1,-2],[4,0],[4,-2],[11,-3],[1,-1]],[[6164,2431],[-11,0],[-5,2],[-4,0],[-6,3],[-8,1],[-2,2],[-8,1],[-7,1],[-8,5],[-3,1],[-8,1]],[[6094,2448],[-1,2],[-6,1],[0,2],[-7,0],[-4,2],[-6,0],[-7,-2],[0,3],[-6,0],[1,2]],[[6058,2458],[2,0],[3,2],[-8,1],[0,-2]],[[6055,2459],[-3,1],[-2,6],[-8,6],[-4,-2],[-4,1],[-1,4],[-5,6],[1,2],[3,2]],[[6032,2485],[2,3],[-5,-1],[-7,5],[-5,0],[-4,2],[-4,4],[-4,0],[-3,-3],[-4,4],[2,3],[-6,1]],[[6156,3076],[4,-1],[-2,-7],[-5,-1],[-5,1],[1,2],[5,-2],[0,6],[2,2]],[[6145,3074],[-3,3],[5,2],[0,2],[-6,0],[1,3],[3,2],[5,0],[1,-2],[-1,-9],[-5,-1]],[[6239,3943],[-2,0]],[[6237,3943],[2,0]],[[6241,3944],[-2,-1]],[[6239,3943],[2,1]],[[6257,4075],[4,3],[4,-1],[0,-3],[-4,-2],[-8,-1],[-1,3],[-5,3],[3,5],[5,-2],[-1,-4],[3,-1]],[[6257,4090],[-4,-1],[-6,0],[-1,2],[6,2],[6,-1],[-1,-2]],[[6261,4093],[-1,4],[4,1],[2,-2],[-5,-3]],[[6258,4103],[5,-1],[-3,-2],[-2,3]],[[6288,4267],[0,-2],[-6,0],[0,3],[2,1],[4,-2]],[[6289,4285],[-5,0],[0,6],[7,-1],[2,-4],[-4,-1]],[[6273,4295],[3,0],[-1,-8],[-2,-1],[-3,2],[3,7]],[[6277,4297],[1,3],[4,1],[1,-3],[-2,-2],[-4,1]],[[6282,4305],[-3,0],[1,3],[3,-1],[-1,-2]],[[6298,4311],[-3,1],[1,4],[5,0],[1,-4],[-4,-1]],[[6281,4312],[-4,-1],[-3,2],[-3,-3]],[[6271,4310],[0,3],[7,3],[4,0],[1,2]],[[6283,4318],[2,4],[6,1]],[[6291,4323],[1,0]],[[6292,4323],[1,-1]],[[6293,4322],[-2,-4],[-4,0],[-2,-2],[-4,-2],[0,-2]],[[6283,4318],[-2,0]],[[6281,4318],[2,0]],[[6293,4322],[-1,1]],[[6292,4323],[-1,0]],[[6291,4323],[4,-1],[0,-4],[-2,0],[0,4]],[[6273,4320],[-2,4],[3,3],[3,-1],[1,-4],[-1,-2],[-4,0]],[[6287,4363],[-4,3],[3,1],[4,-2],[-3,-2]],[[6282,4393],[1,-1]],[[6283,4392],[-1,1]],[[6287,4408],[-1,-5],[-3,0],[1,3],[-3,2],[2,2],[5,0],[-1,3],[4,5],[2,-3],[-2,-1],[0,-6],[-4,0]],[[6297,4422],[-8,2],[0,2],[2,1],[5,0]],[[6296,4427],[3,2],[4,-2],[1,-4],[4,-1],[9,0],[4,1],[1,-2],[-7,0],[-9,-3],[-2,-2],[-7,-1],[-1,4]],[[6296,4419],[3,0],[3,2],[-5,1]],[[6296,4434],[2,0]],[[6298,4434],[0,-3],[-8,-3],[0,6]],[[6290,4434],[1,3],[7,-1],[-2,-2]],[[6301,4434],[-3,0]],[[6298,4434],[3,0]],[[6293,4445],[4,1],[0,-4],[-5,-2],[-5,0],[-5,3],[-2,3],[1,2],[3,1],[11,-1],[0,-2],[-2,-1]],[[6307,4447],[2,1],[6,0],[-4,-4],[-4,0],[0,3]],[[6330,4460],[-2,-3],[-3,0],[-7,-5],[-4,4],[0,2],[6,4],[1,2],[5,-2],[3,2],[1,3],[4,3],[-2,2],[-11,1],[-2,1],[-9,-1],[-5,0],[-3,-4],[-12,-7],[-5,-2],[-7,-4],[-6,-2],[-7,1],[-4,4],[-1,-3],[3,-2],[-2,-3],[5,-5]],[[6266,4446],[-3,-1],[0,-3],[-4,1],[2,2],[-1,3],[1,6],[-2,2],[1,4],[2,1],[1,5],[2,2],[0,4],[2,3],[0,3],[5,6],[-3,2],[-7,1],[0,2],[-5,3],[-6,-4],[-5,1],[-4,-1]],[[6242,4488],[2,4],[4,0],[2,2],[11,0],[2,-3],[-1,-2],[11,-4],[5,1],[6,4],[5,1],[11,2],[8,-1],[10,-1],[7,-5],[2,-4],[0,-2],[-2,-2],[-2,-3],[3,-1],[6,-1],[4,-2],[-4,-4],[-2,-7]],[[6414,5593],[-6,0],[0,2],[5,1],[1,-3]],[[6441,5646],[-6,-1],[0,-4],[1,-4],[-8,0],[-1,3],[3,3],[2,0],[5,5],[4,-2]],[[6570,7220],[4,-3],[-15,2],[3,1],[8,0]],[[6570,7220],[2,2],[8,0],[-1,1],[7,0],[1,2],[12,-1],[1,1],[5,0],[0,-1],[-2,-4],[-12,1],[1,-2],[-8,-1],[-8,1],[-6,1]],[[6693,8352],[-2,-3],[2,-1],[1,-5],[-4,-6],[7,0],[0,-2],[-5,0],[-2,-1],[-4,2],[0,6],[2,2],[-5,3],[0,5],[-3,1],[0,-10],[4,-4],[-2,-2],[4,-3],[-1,-4],[0,-3],[3,-1],[1,-2],[4,0],[-1,3],[1,3],[3,1],[4,-3],[0,-2],[3,-1],[2,1],[-1,3],[6,0],[0,2],[-8,2],[1,2],[-4,3],[-5,1]],[[6694,8339],[2,2],[1,3],[11,-2],[1,-2],[9,-1],[0,-5],[-2,0],[0,-4],[2,-4],[-2,-3],[0,-5],[-2,-1],[-1,-3],[5,-5],[-1,-4],[-7,0],[-4,-6],[-8,1],[-3,3],[-10,4],[-2,4],[-1,3],[-3,3],[8,-1],[4,2],[-7,1],[-4,2],[-5,0]],[[6675,8321],[4,3],[-3,3],[-6,0],[-3,7],[3,1],[4,-3],[1,-3],[3,1],[0,3],[-3,0],[1,5],[-5,1],[-1,3],[-6,4],[1,3],[4,-2],[5,0],[-1,5],[-4,4]],[[6669,8356],[1,2],[-3,5],[-2,2],[-3,0],[-3,4],[2,2],[4,-3],[6,0],[11,-8],[4,-1],[4,-5],[7,0],[1,2],[5,1],[0,-1],[9,-9],[-3,0],[-2,1],[-4,0],[0,2],[-9,0],[-1,2]],[[6690,8364],[-4,2],[-1,-2],[-5,1],[1,4],[6,0],[5,-2],[-2,-3]],[[6693,8410],[4,0],[0,-5],[-3,0]],[[6694,8405],[-4,3],[-5,0]],[[6685,8408],[2,0]],[[6687,8408],[2,1]],[[6689,8409],[1,1]],[[6690,8410],[1,-1]],[[6691,8409],[2,1]],[[6693,8410],[-2,-1]],[[6691,8409],[-1,1]],[[6690,8410],[3,0]],[[6689,8409],[-2,-1]],[[6687,8408],[-2,0]],[[6685,8408],[-3,4]],[[6682,8412],[6,-1],[1,2]],[[6689,8413],[0,-4]],[[6690,8418],[2,1],[4,-3],[4,-1],[3,-3],[0,-7]],[[6703,8405],[0,-1]],[[6703,8404],[-1,0]],[[6702,8404],[-1,0]],[[6701,8404],[-1,5],[1,2],[-6,2],[-5,5]],[[6678,8416],[0,-1]],[[6678,8415],[0,1]],[[6699,8420],[-3,2]],[[6696,8422],[2,-1]],[[6698,8421],[1,-1]],[[6690,8418],[2,-2],[-3,-3]],[[6689,8413],[-4,2],[3,3],[-6,0],[3,5]],[[6685,8423],[0,2],[-5,2],[-1,6],[-2,3],[-3,0],[-1,6],[5,-2],[5,-1],[0,-4],[2,-8],[3,-8],[2,-1]],[[6711,8566],[-1,1]],[[6710,8567],[1,-1]],[[6694,8585],[1,-1]],[[6695,8584],[1,0]],[[6696,8584],[-1,-4],[-4,2],[3,3]],[[6709,8580],[-5,-1],[1,4],[5,0],[3,-1],[-1,-3],[-3,1]],[[6694,8585],[2,-1]],[[6696,8584],[-1,0]],[[6695,8584],[-1,1]],[[6705,8729],[-1,0]],[[6704,8729],[1,0]],[[6715,8749],[-3,2]],[[6712,8751],[3,-2]],[[6715,8806],[1,0]],[[6716,8806],[-1,0]],[[6716,8806],[-1,0]],[[6715,8806],[0,2],[-4,2],[2,2],[0,2],[3,0],[0,-3],[1,-4],[3,0],[-1,-3],[-3,2]],[[6728,8836],[1,0]],[[6729,8836],[1,-1]],[[6730,8835],[1,0]],[[6731,8835],[2,-1]],[[6733,8834],[1,-2],[-5,-2],[1,3],[-3,1],[1,2]],[[6733,8834],[-2,1]],[[6731,8835],[-1,0]],[[6730,8835],[-1,1]],[[6729,8836],[-1,0]],[[6728,8836],[-1,3],[-5,1],[-1,2],[4,0],[3,-2],[2,-3],[3,0],[0,-3]],[[5889,593],[-7,1]],[[5882,594],[5,1],[2,-2]],[[5909,596],[1,-4],[-6,2],[5,2]],[[5899,633],[7,2],[1,-3],[-5,0],[-3,1]],[[5913,659],[-3,2],[1,4],[5,-1],[0,-3],[-3,-2]],[[5971,1083],[-1,-1],[-13,1],[-2,2],[16,-2]],[[5953,1102],[8,0],[1,-2],[-8,0],[-1,2]],[[6001,1442],[0,-1]],[[6001,1441],[0,1]],[[6001,1441],[0,1]],[[6001,1442],[0,-1]],[[6006,1447],[-2,-2],[-6,1],[0,2],[8,-1]],[[6000,1452],[4,0],[0,-3],[-3,0],[-1,3]],[[6008,1714],[-1,3],[6,4],[2,-3],[-4,-3],[-3,-1]],[[6027,1729],[1,2],[6,3],[4,0],[0,3],[5,3],[3,-2],[-10,-6],[-3,-2],[-6,-3],[-5,-5],[-3,1],[4,3],[0,2],[4,1]],[[6025,1792],[-5,0],[-2,3],[-3,0],[0,2],[5,2],[8,-4],[-3,-3]],[[6097,2273],[-2,2],[1,2],[4,-3],[-3,-1]],[[6075,2288],[3,3],[7,0],[7,-2],[0,-2],[-6,-1],[-3,-2],[-6,0],[-2,2],[0,2]],[[6091,2307],[-6,0],[-10,2],[-2,2],[-10,-1],[-1,4],[4,0],[0,2],[-2,4],[6,-1],[6,-1],[7,-3],[10,-3],[-2,-1],[-5,2],[-2,-3],[7,-3]],[[6074,2316],[-4,0],[0,-3],[4,-1],[0,4]],[[6171,3071],[-1,-2],[-1,-9],[-4,1],[3,3],[-1,8],[4,-1]],[[6193,3068],[-5,-1],[0,2],[5,-1]],[[6171,3071],[1,2],[5,0],[0,-6],[-4,-2],[1,6],[-3,0]],[[6256,3699],[5,-3],[-5,-3],[0,6]],[[6240,3699],[-4,2],[2,1],[2,-3]],[[6254,3701],[2,-2]],[[6256,3699],[-7,0],[0,3],[4,2],[1,-3]],[[6260,3704],[0,-3],[-3,0],[0,3],[3,0]],[[6239,3710],[10,1],[-1,-2],[-9,1]],[[6273,3949],[-3,-1],[-8,0],[-6,2],[-2,3],[2,2],[9,0],[9,-2],[-1,-4]],[[6308,4161],[-2,-1],[-5,1],[1,2],[9,0],[-3,-2]],[[6289,4164],[1,5],[4,-2],[0,-3],[-5,0]],[[6315,4237],[-2,1]],[[6313,4238],[2,-1]],[[6309,4240],[2,-1]],[[6311,4239],[-2,1]],[[6311,4239],[-2,1]],[[6309,4240],[0,2],[6,-2],[-4,-1]],[[6315,4237],[-2,1]],[[6313,4238],[4,1],[1,4],[4,2],[3,1],[2,3],[6,-2],[-1,-3],[-3,-1],[-6,2],[-3,-2],[0,-3],[-3,-3],[-2,0]],[[6302,4249],[3,0],[5,3],[1,-3],[-2,-1],[-6,0],[-1,1]],[[6302,4249],[-3,-1],[-2,3]],[[6297,4251],[-5,0],[-2,5]],[[6290,4256],[-2,1],[-3,3],[5,0],[6,2],[0,6],[4,2],[6,-1],[0,-3],[-3,-2],[-6,0],[-2,-4],[2,-2],[4,2],[5,4],[1,2],[4,0],[1,-3],[-5,1],[-1,-3],[-2,-1],[-1,-3],[-3,-2],[0,-5],[2,-1]],[[6318,4264],[2,2],[4,-1],[-6,-1]],[[6296,4278],[2,4],[4,-1],[1,-3],[-7,0]],[[6318,4281],[-5,-3],[-4,0],[-1,4],[4,1],[6,-2]],[[6301,4284],[-3,2],[2,2],[8,-2],[-2,-3],[-5,1]],[[6349,4300],[-3,-2],[-5,-2],[-10,1],[-4,-5],[-4,-3],[-6,-1],[-11,1],[-12,6],[-1,3],[0,3],[4,2],[13,2],[15,0],[5,0],[17,4],[6,-3],[-1,-2],[-3,-4]],[[6333,4315],[0,-4],[-2,-1],[-5,1],[-5,4],[-1,3],[1,3],[5,0],[4,-2],[3,-4]],[[6303,4317],[0,3],[5,0],[0,-4],[-5,1]],[[6310,4321],[0,2],[4,1],[1,-4],[-4,-1],[-1,2]],[[6297,4323],[5,2],[3,0],[1,-3],[-3,-1],[-3,0],[-3,2]],[[6302,4334],[-3,0],[0,3],[8,1],[6,-1],[-2,-2],[-3,-1],[-3,-2],[-3,2]],[[6326,4439],[-6,-2],[-1,3],[4,1],[3,-2]],[[6318,4447],[1,2],[3,0],[0,-3],[-4,1]],[[6329,4451],[-1,-2],[-7,1],[3,2],[5,-1]],[[6337,4452],[-5,2],[-3,-1],[-2,2],[4,2],[2,-2],[3,0],[1,-3]],[[6341,4486],[-2,-4],[-3,0],[2,4],[-3,2]],[[6335,4488],[4,2]],[[6339,4490],[5,1],[4,-1],[-2,-3],[-5,-1]],[[6335,4488],[4,2]],[[6339,4490],[-4,-2]],[[6329,4495],[3,1],[4,-1],[0,-2],[-6,0],[-1,2]],[[6337,4559],[0,4],[5,0],[-2,-4],[-3,0]],[[6471,5741],[7,-1],[-3,-2],[-4,3]],[[6485,5814],[-7,3],[5,1],[5,-1],[0,-2],[-3,-1]],[[6529,6461],[0,3],[3,0],[1,-4],[-4,1]],[[6559,6749],[4,-1],[0,-2],[-9,0],[5,3]],[[6643,7680],[-1,3],[4,1],[1,-3],[-4,-1]],[[6688,8082],[1,0]],[[6689,8082],[1,-3]],[[6690,8079],[-2,3]],[[6704,8235],[9,0],[0,-1],[-9,0],[0,1]],[[6697,8253],[2,1],[6,0],[0,-1],[-4,-2],[-4,2]],[[6703,8261],[3,2],[5,-3],[-7,0],[-1,1]],[[6702,8264],[1,1],[4,0],[0,-2],[-5,1]],[[6709,8382],[4,1],[6,5],[2,-5],[7,-2],[-4,-1],[-1,-3],[3,-2],[6,-1],[-1,3],[5,0],[-1,-6],[-3,0],[-2,2],[-6,0],[-1,1],[-6,1],[-5,3],[-3,4]],[[6712,8389],[1,0]],[[6713,8389],[-1,0]],[[6709,8382],[-2,0],[-6,7],[-2,4],[4,1],[6,-3],[3,-2]],[[6712,8389],[-4,-1],[1,-6]],[[6700,8397],[-1,2],[6,1],[-2,-3],[-3,0]],[[6701,8404],[1,0]],[[6702,8404],[-1,0]],[[6708,8404],[1,-1]],[[6709,8403],[-4,-1],[-2,2]],[[6703,8404],[0,1]],[[6703,8405],[2,2],[3,-3]],[[6729,8551],[1,0]],[[6730,8551],[1,0]],[[6731,8551],[-2,0]],[[6723,8554],[1,0]],[[6724,8554],[2,0]],[[6726,8554],[0,-3]],[[6726,8551],[-3,3]],[[6720,8564],[10,3],[0,-3],[4,-1],[3,2],[7,-1]],[[6744,8564],[-1,-3],[4,-3],[5,-1],[-4,-3]],[[6748,8554],[-1,-1]],[[6747,8553],[-2,0]],[[6745,8553],[-1,-2],[-5,0],[-2,-2],[1,-3],[6,1]],[[6744,8547],[1,-1]],[[6745,8546],[4,0],[3,-3],[0,-3],[-2,-1]],[[6750,8539],[0,-5],[2,-1]],[[6752,8533],[1,-4]],[[6753,8529],[-1,0]],[[6752,8529],[-5,0]],[[6747,8529],[-2,1]],[[6745,8530],[-3,1],[2,3],[-4,1],[-4,2],[-3,1],[-2,2],[-11,9],[-4,4],[0,3],[4,3]],[[6720,8559],[-4,-1],[-5,-1],[0,4],[-4,3],[0,4],[3,-1]],[[6710,8567],[1,-1]],[[6711,8566],[2,3],[-8,4],[0,3],[7,1],[2,-2],[0,-2],[2,-4],[3,-1],[1,-4]],[[6723,8560],[-3,-1]],[[6720,8559],[3,1]],[[6725,8560],[-2,0]],[[6723,8560],[2,0]],[[6722,8555],[-1,-2],[5,-2]],[[6726,8551],[3,0]],[[6729,8551],[2,0]],[[6731,8551],[-1,0]],[[6730,8551],[-4,3]],[[6726,8554],[-2,0]],[[6724,8554],[7,1]],[[6731,8555],[-2,3],[-4,0],[-3,-3]],[[6724,8554],[-1,0]],[[6723,8554],[-1,1]],[[6722,8555],[2,-1]],[[6733,8567],[0,-1]],[[6733,8566],[-1,1]],[[6732,8567],[1,0]],[[6733,8566],[0,1]],[[6733,8567],[-1,0]],[[6732,8567],[0,1]],[[6732,8568],[1,-2]],[[6744,8564],[-3,1],[1,3],[4,1],[1,-2],[-3,-3]],[[6752,8575],[-1,-1],[-6,1],[-1,2],[2,3],[6,-5]],[[6753,8784],[-4,0],[-1,2],[-5,2],[4,1],[5,-3],[1,-2]],[[6749,8829],[3,0],[-2,-4],[1,-4],[-7,2],[-3,3],[-3,5],[3,0],[2,-4],[5,0],[1,2]],[[6759,8831],[2,-2],[-2,-2],[-7,3],[1,5],[6,-1],[3,-2],[-3,-1]],[[5937,787],[3,-1],[-1,-3],[-4,0],[2,4]],[[5954,888],[5,0],[-1,-3],[-3,1],[-1,2]],[[5985,988],[2,2],[3,-2],[-1,-3],[-4,0],[0,3]],[[5984,1088],[-6,2],[5,2],[3,-1],[-2,-3]],[[5982,1099],[-7,0],[-5,0],[-1,2],[9,-1],[2,2],[7,0],[-1,-2],[-4,-1]],[[6002,1109],[1,2]],[[6003,1111],[-1,-2]],[[6003,1111],[-1,-2]],[[6002,1109],[-9,0],[0,2],[6,1],[4,-1]],[[6009,1116],[-1,-2],[-7,1],[3,2],[5,-1]],[[5994,1121],[7,1],[1,-1],[-6,-2],[-2,2]],[[5985,1125],[-7,1],[1,2],[8,0],[-2,-3]],[[6050,1746],[3,0],[-2,-5],[-4,1],[3,4]],[[6054,1762],[5,0],[2,-2],[-5,-1],[-2,3]],[[6076,1777],[-4,3],[2,4],[5,2],[4,0],[1,-4],[-4,-4],[-4,-1]],[[6069,1793],[0,3],[6,0],[-2,-4],[-4,1]],[[6055,1812],[0,7],[5,-4],[-1,-3],[-4,0]],[[6058,1868],[7,1],[-3,-3],[-3,0],[-1,2]],[[6119,2289],[3,1],[2,4],[4,-2],[0,-2],[-9,-1]],[[6270,3683],[-1,0]],[[6269,3683],[1,0]],[[6269,3683],[1,0]],[[6270,3683],[3,-2],[3,2],[4,5],[4,1],[-2,-4],[7,4],[0,3],[7,2],[-1,-4],[5,3],[0,-5],[2,-2],[-1,-4],[-3,-2],[-7,6],[-3,1],[-9,-4],[-2,0],[-3,-4],[-4,0],[-5,3],[1,4],[3,0],[0,-3]],[[6260,3689],[3,3],[9,-1]],[[6272,3691],[-12,-2]],[[6280,3692],[-4,-3],[0,4],[2,0],[3,3],[3,0],[-4,-4]],[[6307,3937],[2,5],[2,3],[2,-2],[-6,-6]],[[6300,3944],[4,1],[2,-2],[-3,-5],[-2,1],[-1,5]],[[6330,4028],[1,2],[3,0],[-1,-3],[-3,1]],[[6323,4031],[-5,-1],[-3,2],[0,2],[6,2],[2,3],[5,-2],[-3,-2],[-1,-6],[0,-2],[-5,1],[4,3]],[[6314,4084],[-2,1]],[[6312,4085],[2,-1]],[[6326,4146],[-3,3],[2,2],[3,0],[1,-3],[-3,-2]],[[6335,4237],[7,1],[0,-2],[2,-3],[7,-2],[0,-2],[2,-3],[-6,-4]],[[6347,4222],[6,2],[1,1],[6,0],[2,-4],[-2,-7]],[[6360,4214],[3,0],[3,2],[4,0],[-2,-5],[-4,-2]],[[6364,4209],[-6,1],[-1,-3],[-5,3],[-3,2],[1,5],[-2,1],[-12,0],[-4,5],[-3,0]],[[6329,4223],[1,5],[9,5],[-1,3],[-3,1]],[[6338,4230],[-5,-3],[2,-2],[3,2],[0,3]],[[6335,4239],[0,-2]],[[6335,4237],[-4,-1]],[[6331,4236],[-5,0],[0,2],[8,0],[1,1]],[[6335,4239],[-5,1],[4,3],[4,-3],[-3,-1]],[[6336,4258],[1,0]],[[6337,4258],[4,1],[4,-1]],[[6345,4258],[-9,-1],[-1,-1],[3,-4],[-1,-2],[-6,1],[-3,1],[2,4],[4,0],[2,2]],[[6345,4258],[2,-1]],[[6347,4257],[-2,1]],[[6337,4258],[-1,0]],[[6336,4258],[1,0]],[[6323,4263],[3,2],[6,0],[-1,-2],[-8,0]],[[6338,4289],[-5,-1],[0,-6],[-3,0],[-8,-2],[0,5],[6,0],[3,2],[0,4],[4,3],[3,0],[3,-3],[-3,-2]],[[6483,5634],[-2,1],[-1,4],[5,-2],[-2,-3]],[[6495,5665],[-4,2],[-1,-2]],[[6490,5665],[-2,3],[-3,0],[-1,-3],[-7,0],[3,5],[5,1],[1,-2],[3,0],[1,-1],[5,-3]],[[6491,5677],[1,2],[3,0],[3,-2],[-1,-3],[-4,1],[-2,2]],[[6486,5679],[-5,1],[1,2],[3,0],[1,-3]],[[6476,5686],[1,-4],[-3,1],[2,3]],[[6487,5688],[3,-3],[4,2],[5,-1],[13,-6],[2,-2],[-1,-2],[-8,0],[-10,4],[-7,2],[0,3],[-5,1],[-1,1],[-4,0],[-4,2],[2,3],[7,-1],[4,-3]],[[6582,6753],[10,0],[-2,-4],[-8,1],[0,3]],[[6679,7671],[3,0],[1,-2],[-4,-1],[0,3]],[[6678,7780],[1,-4],[-3,0],[1,4],[7,4],[5,2],[7,-1],[0,-3],[-8,0],[-2,-2],[-8,0]],[[6715,8078],[7,1],[2,-2],[-9,1]],[[6661,8349],[0,-2],[4,-3],[0,-3],[3,-2],[-2,-2],[-1,-10],[4,-2],[5,0],[1,-4]],[[6675,8321],[-4,1],[0,-3],[3,-4],[-7,2],[-9,2],[-5,2],[-5,0],[0,-2],[3,-2],[0,-4],[5,-4],[0,-1],[5,-5],[5,-1],[1,-3],[5,-1],[0,-3],[-1,-4],[1,-2],[-6,-1],[3,-3],[4,0],[4,-4],[8,0],[1,-2],[8,-8],[-1,-6],[5,0],[-3,-3],[0,-5],[-2,-5],[-5,-4],[5,-1],[1,-3],[-5,-1]],[[6689,8243],[9,-1],[-1,-3],[-4,-1],[1,-3],[-3,-3],[-4,1],[-6,-3],[-1,-2]],[[6680,8228],[-6,-3],[-7,0],[-3,-1],[0,-7],[-1,-3],[-3,-3],[-3,-2],[-1,-5],[1,-3],[3,-1],[0,-2],[4,-5],[0,-2],[4,0],[1,-2],[-2,-4],[0,-3],[-5,-4],[1,-2],[0,-6],[3,-2],[6,0],[3,-3],[-8,1],[-3,-2],[0,-3],[-3,-2],[-3,-3],[0,-8],[-2,-5],[3,-5],[1,-5],[4,-3],[2,-1],[-1,-6],[4,-7],[0,-2],[5,-7],[3,0],[0,-3],[3,-3],[4,-1],[2,-2],[4,-1],[-1,-4],[1,-2],[9,-2],[-2,-2],[3,-3],[5,0]],[[6705,8084],[-1,-2],[-3,-1],[1,-3],[8,-2],[4,0],[0,-2],[-9,1],[-1,-2],[1,-3],[5,-1],[7,-3],[1,-2],[6,-4],[4,-1],[5,-3],[1,-5],[4,-4],[6,-3],[3,-6],[4,0],[-1,-3],[4,-1],[15,-1],[4,-3],[0,-3],[2,-6]],[[6775,8021],[-2,0],[1,-11],[5,-4]],[[6779,8006],[4,-6],[9,-6],[1,0]],[[6793,7994],[4,-2],[3,1],[16,-12],[5,-3],[0,-2],[5,-1],[6,-2],[9,-1],[5,2],[8,-3],[10,0],[3,-6],[6,-1],[1,-4],[4,-1],[0,-3],[10,-3],[5,-3],[6,-1],[1,2],[3,0],[2,-3],[4,-3],[6,-1],[0,5],[-6,4],[1,3],[6,0],[13,0],[0,3],[8,0],[1,-1],[-4,-3],[4,-1],[6,0],[5,0],[2,3],[8,1],[4,-3],[5,0],[2,1],[4,0],[0,3],[5,3],[1,6],[7,0],[2,4],[0,3],[2,2],[2,0],[0,-3],[9,3],[-1,2],[-4,0],[0,4],[5,4],[0,4],[-2,7],[3,-1],[1,3],[-8,5],[0,2],[7,0],[8,1],[2,2],[9,3],[4,4],[7,-2],[14,0],[5,1],[0,3],[6,1],[8,5],[1,1],[7,0],[11,2],[1,1],[13,0],[4,1],[3,2],[0,4],[6,0],[1,4],[4,1],[8,0],[10,0],[2,1],[4,-2],[3,-3],[7,2],[12,4],[0,5]],[[7163,8048],[4,0],[3,-2],[-1,-4],[-2,-3],[-1,-4],[-4,0],[-4,-2],[-5,0],[0,-2],[-9,1],[2,-3],[3,2],[5,0],[14,-1],[2,-1],[0,-5],[-8,-5],[-2,-3],[-5,-1],[-8,0],[0,-3],[-7,-4],[0,-3],[-3,0],[-3,-4],[-4,-3],[-4,0],[-1,-4],[3,-2],[-6,-5],[-1,-3],[-7,-5],[-1,-3],[5,-3],[-1,-8],[0,-4],[5,-1],[3,-4],[7,0],[2,-3],[5,2],[3,-2],[6,0],[4,-5],[-1,-2],[2,-2],[5,0],[3,-1],[5,2],[4,-1],[7,4],[7,-2],[1,-2],[7,-1]],[[7192,7943],[3,-1],[0,-3],[-7,0],[-4,-1],[-5,0],[-2,-2],[2,-4],[11,-9],[6,-1],[4,-2],[0,-2],[-3,-3],[0,-4],[3,-1],[1,-6],[-4,-3],[-1,-3],[3,-2],[4,-1],[0,-2],[3,-3],[1,-2],[4,-7],[2,-1],[1,-3],[3,-2],[1,-3],[6,-2],[-1,-4],[2,-2],[7,-1],[4,-1],[2,1],[0,3],[2,0],[3,2],[5,2],[0,-3],[-5,-3],[-2,0],[-1,-3],[4,-1],[1,-2],[4,-1],[1,-4],[-4,-1],[2,4],[-2,1],[-7,1],[-4,-1],[-13,0],[-1,0]],[[7221,7857],[-1,-5],[-4,-3],[0,-2],[3,-4],[9,-1],[-1,4],[4,1],[1,-9],[-1,-6],[4,-1],[0,-4],[2,-2],[1,-4],[4,-4],[6,-2],[2,-2],[8,-3],[1,-2],[3,0],[1,-3],[12,1],[0,-3],[4,0],[1,-3],[8,-3],[5,0],[8,-1],[3,2],[3,0],[-4,-4],[1,-2],[5,0],[4,1],[7,-1],[9,-1],[-2,3],[0,4],[2,1],[5,0],[0,2],[8,0],[2,-1],[5,3],[4,-1],[2,3],[5,1],[1,-1],[5,-1],[2,-2],[4,0],[4,2],[1,1]],[[7377,7805],[0,-4],[-2,-4],[-7,1],[-13,-2],[-6,-4],[5,0],[4,-3],[14,-1],[2,-4],[7,0],[2,2],[4,2],[13,3],[7,0],[2,-3],[-11,0],[-4,0],[-1,-2],[-4,-1],[-2,2],[-3,-1],[0,-4],[-11,0],[-3,-1],[-6,0],[0,2],[2,2],[-7,1]],[[7359,7786],[-2,-3],[-4,-2],[-3,-2],[1,-4],[8,-1],[2,-2],[5,-1]],[[7366,7771],[3,-2],[3,0]],[[7372,7769],[3,1],[0,2],[7,-3],[8,0],[3,-4],[2,-5],[4,1],[5,-1],[15,2],[3,-1],[3,3],[8,-3],[4,4],[9,-1],[0,-2],[7,0],[3,2],[8,2],[4,0],[11,3],[9,-1],[0,-2],[8,2],[3,0],[6,5],[1,4],[5,-1],[-2,3],[-4,3],[-5,1],[-9,1],[6,3],[-10,0],[-5,0],[-3,-3],[-5,5],[0,3],[-4,0],[-1,3],[-13,0],[1,2],[3,-1],[5,0],[1,4],[6,0],[0,1],[5,0],[4,4],[4,0],[2,2],[-2,2],[0,4],[7,-2],[10,-1],[4,-2]],[[7506,7808],[3,1],[8,-1]],[[7517,7808],[0,-2],[5,-4],[-2,-1],[10,-1],[-1,-3],[-13,2],[0,-3],[13,-1],[1,-3],[-6,0],[-1,1],[-6,1],[-4,0],[-1,3],[-3,1],[1,3]],[[7510,7801],[-8,0],[-2,-1]],[[7500,7800],[-7,0],[-7,3],[-4,1],[-3,-2],[2,-3],[-2,-3],[4,-3],[6,-1],[1,-2],[7,0],[5,-2],[2,-3],[13,-4],[6,2],[6,0],[5,3],[12,-1],[1,-2],[3,0],[4,-3],[5,-1],[8,-4],[3,3],[5,-1],[-8,-2],[-1,-3],[5,1],[3,-2]],[[7574,7771],[-2,-1],[-9,2],[0,-3],[-6,0],[-3,1],[-3,-1],[-7,0],[-5,1]],[[7539,7770],[3,3],[-4,1],[-4,1],[-1,-2],[-8,-1],[-3,-1],[-1,-2],[-12,1],[-6,-4],[-5,0],[-3,-4],[-5,1],[0,-1],[9,-1],[0,-3],[-6,-2],[-2,2],[-9,2]],[[7482,7760],[-5,-2],[-1,-2],[-7,0],[-1,-1],[-6,0],[-1,1],[1,3],[-5,0],[-3,0],[-15,1],[-1,-2]],[[7438,7758],[6,-1],[3,-1],[8,0],[-1,-3]],[[7454,7753],[-2,3],[-3,0],[2,-4],[-13,0],[-5,3],[-7,1],[-1,-3],[8,-1],[6,-1],[4,-1],[7,-2],[4,0],[3,3],[4,2],[7,-1],[4,-3],[7,1],[6,3],[8,-1],[6,-4],[6,0],[9,3],[6,5],[1,2],[4,1],[9,0],[6,-1],[3,3],[7,-2],[3,3],[13,-1],[6,1],[1,0],[11,0],[7,1],[3,3],[7,1],[4,4],[3,1],[2,3],[7,5],[1,-3],[-8,-5],[0,-2],[-3,-1],[-6,-5],[-3,1],[-5,-3],[-4,0],[-3,-2],[6,-1],[9,-1]],[[7601,7758],[-4,-1]],[[7597,7757],[6,-1],[2,2]],[[7605,7758],[5,-1],[-1,-2],[-5,0],[-5,-3],[9,0],[2,1]],[[7610,7753],[5,-1],[4,3],[2,-4],[9,0],[7,2],[3,0],[3,2],[6,0],[4,0]],[[7653,7755],[-1,-3],[16,0],[7,-1],[6,1],[-1,-2],[2,-1],[14,-1],[1,1],[4,-2],[7,0],[8,-1],[2,1],[4,1],[1,3],[2,2],[7,2],[0,4],[5,2],[2,3],[3,3],[-6,0],[6,3],[1,10],[1,1],[1,4],[-2,2],[0,3],[3,0]],[[7746,7790],[-2,-3],[5,-3],[-3,-1],[-3,-5],[0,-6],[5,2],[4,-1],[4,2]],[[7756,7775],[5,3],[4,5],[4,1],[8,-1],[0,-2],[11,-1],[6,0],[8,3],[0,2],[3,1],[5,0],[2,3],[3,0],[2,4],[7,0],[5,1],[9,5],[-6,2],[0,9],[-1,2],[1,6],[2,-1],[3,2],[5,5]],[[7842,7824],[-3,-4],[-5,-4],[3,-2]],[[7837,7814],[-2,-6],[0,-6],[4,-2],[6,3],[0,2],[5,0]],[[7850,7805],[-3,-10],[-2,0],[-4,-2],[0,-6],[-5,0],[-6,-2],[0,3],[-4,0],[0,-3],[3,0],[-4,-4],[-5,1]],[[7820,7782],[-6,-1],[-5,-2],[-5,0],[-1,-3],[-4,-1]],[[7799,7775],[-6,0],[-2,-4],[-5,0],[-3,-2],[-15,1],[0,-2],[-9,-1],[0,-1],[-6,0],[-5,1],[-4,-1],[-2,-3],[-8,-5],[0,-1],[7,1],[2,-1]],[[7743,7757],[-1,-1]],[[7742,7756],[-1,-1]],[[7741,7755],[-1,-1],[-5,0],[-4,-4],[0,-3],[3,0],[0,2],[4,2],[4,0],[3,1]],[[7745,7752],[-2,-2],[-8,-2],[0,-2],[-6,0],[-1,-1],[-7,0],[-1,-1],[-6,0],[-3,0],[-10,1],[4,-7],[4,-1],[0,-2],[3,-5],[7,1],[2,3],[0,3],[3,3],[4,0],[14,-3],[0,-2],[-7,1],[-3,-2],[-3,0],[0,-3],[-4,-1],[-1,-3],[2,-2],[-8,0],[1,-6],[-4,0],[-7,6],[-4,2],[1,5],[-2,2],[-1,6],[-3,1],[0,3],[-8,0],[-2,3],[-5,1],[-4,1],[-14,1],[-6,-1],[-6,0],[-5,-3],[-7,0],[-3,-2],[-2,1],[4,2],[-1,4],[-9,-3],[-5,0],[-5,2],[-9,0],[-2,-3],[-6,1],[4,-4],[-14,1],[-5,2],[-12,0],[-5,0],[-2,2],[-10,-1],[-4,3],[-1,2],[-12,3],[-1,1],[-7,0],[0,1],[-11,0],[-2,-2],[-7,-4],[-1,-4],[5,1]],[[7519,7749],[1,-1],[6,1]],[[7526,7749],[9,0],[3,2]],[[7538,7751],[-2,-2]],[[7536,7749],[3,0],[7,2]],[[7546,7751],[-5,-2],[-3,-1],[1,-3],[-5,0],[-1,-2],[-9,0],[-6,-2],[-2,3],[-2,1],[-2,-3],[-3,0],[-2,-2],[-8,1],[-10,0],[-3,-2],[-11,1],[0,1],[-10,0],[-16,-4],[-7,-1],[-4,1],[-6,1],[-7,-2],[-8,1],[-1,-2],[-5,1],[-9,2],[-6,1],[-4,-1],[-2,-2],[-10,1],[0,2],[-5,-1],[1,-4],[-2,-1],[-9,0],[-2,3],[-4,2],[-5,0],[-1,2],[-4,0],[1,5],[-6,1],[-8,1],[-1,-2]],[[7335,7745],[-6,-3],[1,-2],[-5,-1],[-3,-1],[-7,-2],[0,-4],[4,-3],[0,-3]],[[7319,7726],[-5,5],[-1,6],[-5,0],[-3,-2],[-5,3],[-2,-1],[-4,-1],[-2,2],[-4,-1],[-8,0]],[[7280,7737],[-6,1],[-1,-1],[-8,0],[-2,2],[20,0],[-2,1],[-3,-1],[-9,1],[-1,3],[-4,0],[2,3],[-5,2],[0,4],[-8,5],[-4,0],[-2,4],[-3,1],[-1,3],[-7,0],[-5,4],[-2,-1],[-4,3],[-3,0]],[[7222,7771],[-2,3],[-6,0],[3,4],[8,-2],[-1,2]],[[7224,7778],[-1,1]],[[7223,7779],[-2,1],[0,4],[-3,1],[-11,0]],[[7207,7785],[-3,-3],[3,-2],[3,-4],[-4,0],[1,3],[-4,1],[0,5],[-3,2],[-10,1],[-1,2],[1,10],[3,1],[-1,3],[2,2],[-3,3],[0,2],[0,7],[-3,2],[-2,3],[0,6],[-2,1],[3,5],[3,2],[0,3],[-3,2],[2,6],[-2,2],[-3,1],[1,3],[-6,6],[0,3],[-2,6],[-6,1],[5,4],[-9,4],[-4,6],[6,1],[1,10],[-3,2],[-9,5],[0,4],[-12,3],[-2,2],[-3,4],[-2,0],[-2,-3],[-1,-3]],[[7136,7909],[-1,5],[2,1],[0,4],[2,2],[0,7],[-3,2],[-1,3],[-4,1],[-2,3],[-4,1],[-3,-2],[-4,2],[-7,1],[0,-2],[-10,3],[-10,0],[-4,1],[-2,2],[-7,1],[-4,-4],[-4,-1],[-3,2],[-10,0],[-7,2],[-9,1],[-3,1],[-6,0],[-1,-1],[-6,0],[-9,0],[-7,-2],[-8,-4],[-8,1],[-6,-1],[-3,-1],[-7,-1],[-6,0],[-9,0],[-6,0],[-8,-2],[-6,-4],[-3,-2],[-4,1],[-4,-2],[1,-8],[2,0],[2,-3],[3,-1],[-1,-3],[-7,2],[-4,1],[-5,3],[-3,3],[-2,4],[-8,1],[-8,2],[-15,-2],[2,-3],[-7,0],[-4,2],[-1,2],[-9,1],[-2,1],[-9,0],[-6,2],[-3,3],[-4,2],[-4,3],[-5,4],[-7,1],[-2,4],[-3,1],[-2,-2],[-3,0]],[[6817,7947],[-1,-4],[-1,-2],[-4,0],[3,4],[-4,1],[3,3],[0,2],[-3,1],[-3,3],[-1,-5],[-4,0],[0,5],[2,1],[0,3],[-2,1],[-1,3],[-3,0],[-4,3],[-7,3],[-3,-1],[-3,5],[-9,0],[-7,2],[4,5],[-1,2],[-7,1],[-4,1],[1,6],[-4,2],[-1,2],[-4,1],[4,3],[-1,2]],[[6752,8000],[-2,-1],[-2,5],[-5,1],[-4,5],[-5,3],[-5,2],[-5,3],[-2,3],[-1,3],[-5,2],[-7,8],[-3,4],[-6,4],[-2,3],[-3,2],[-5,5],[-4,-1],[-8,1],[-5,0],[-4,3],[-9,1],[0,3],[-8,6],[0,5]],[[6652,8070],[-1,5],[2,1],[-3,3],[-6,2],[1,4],[-4,3],[1,3],[-3,3],[-4,1],[-5,4],[-2,0],[-2,2],[-5,2],[-6,1],[-1,2],[-6,-1],[0,-3],[-6,1],[4,3],[1,4],[6,4],[0,7],[-6,5],[-1,3],[-1,5],[3,3],[2,8],[1,13],[2,6],[0,9],[-4,3],[1,5],[3,3],[4,0],[7,1],[0,2],[-4,1],[1,3],[6,0],[2,1],[8,-2],[2,5],[-7,4],[0,2],[-4,3],[3,2],[0,4],[-2,1],[1,8],[5,0],[4,-3],[0,-2],[3,-6],[2,-2],[0,-3],[8,3],[0,3],[7,5],[-3,5],[-2,0],[-2,3],[0,2],[-1,2],[-1,5],[-4,-1],[-7,3],[-5,2],[-1,4],[-4,4]],[[6629,8243],[1,6],[6,0],[-1,-3],[4,-1]],[[6639,8245],[-2,1],[0,2],[2,2],[4,-1],[-2,6],[-3,0],[-3,-2],[-1,-3],[-3,1]],[[6631,8251],[0,3],[3,4],[3,0]],[[6637,8258],[4,0],[1,2]],[[6642,8260],[5,1],[0,2],[-5,1],[-8,2],[-6,-3],[-4,3],[1,3],[-6,2],[0,2],[-4,0],[-1,4],[4,2],[2,-3]],[[6620,8276],[4,3],[-1,2],[-4,4],[1,5],[1,3],[6,-1],[1,-2],[10,0],[-2,2],[2,8],[7,0],[3,-1],[-1,-3],[5,-3],[3,-1],[3,2],[1,3],[-4,3],[-1,4],[-3,2],[-6,1],[-2,1],[-2,3],[0,9],[1,1],[0,4],[2,1],[7,0],[1,2],[-2,4],[-2,1],[-1,4],[3,1],[0,3],[-2,1],[0,4],[2,1],[0,7],[2,2],[0,9],[3,-1],[3,1],[3,-4],[1,-3],[-4,0],[1,-6],[-3,-1],[-1,-2],[-1,-5],[5,-6],[2,0],[-1,-6],[1,-9],[3,-1],[4,-2],[4,4],[-7,1],[-2,1],[1,4],[-2,1],[1,4],[1,3],[-2,1],[0,3],[-4,2],[0,3],[3,2]],[[7221,7857],[1,4],[-8,-2],[0,-7],[3,0],[1,3],[3,2]],[[7354,7787],[5,-1]],[[7359,7786],[-5,1]],[[7482,7760],[-3,1],[-11,1],[-2,-2],[13,-1],[3,1]],[[6652,8070],[4,-2],[1,3],[-2,3],[-3,-4]],[[6640,8241],[4,-2],[4,1]],[[6648,8240],[-4,0],[0,2],[-5,3]],[[6639,8245],[-3,-1],[0,-3],[4,0]],[[6765,7988],[2,-1],[0,-2],[3,-3],[5,-1],[-4,6]],[[6771,7987],[6,-2],[0,3],[-4,0]],[[6773,7988],[-1,0]],[[6772,7988],[-2,0],[-4,4],[1,3],[-2,1],[0,3],[-4,2],[-4,4],[0,-3],[4,-2],[-2,-3],[-5,-1],[3,-2],[5,-5],[3,-1]],[[6659,8228],[-1,-1]],[[6658,8227],[1,1]],[[6636,8188],[-2,0],[-2,-5],[-3,-1],[0,-10],[2,0],[-1,-3],[3,-3],[0,-2],[4,-3],[2,0],[0,5],[6,3],[2,3],[0,10],[5,0],[-3,3],[0,4],[3,1],[2,3],[0,5],[-1,5],[-5,-1],[-6,-1],[-3,3],[-3,-3],[-1,-3],[3,0],[3,-3],[-1,-4],[-4,-3]],[[6617,8178],[-3,-1]],[[6614,8177],[0,-2]],[[6614,8175],[3,-3],[-1,-3],[8,2],[1,3],[-4,2],[3,3],[-7,-1]],[[6633,8137],[-1,2],[2,4],[3,0],[-3,5],[-1,5],[-7,0],[-2,-2],[0,-3],[-3,-1],[-1,-4],[2,-1],[0,-4],[2,-3],[5,-2],[4,-3],[2,-1]],[[6635,8129],[0,-1],[7,0],[5,2],[3,0],[1,-4]],[[6651,8126],[1,-1],[-11,0],[-3,-4],[0,-5],[5,-1],[1,1],[8,0],[2,-4],[4,-1],[3,-5],[5,0],[-3,4],[3,3],[0,4],[-7,4],[1,7],[-3,1],[-5,0],[-5,3],[5,1],[5,-2]],[[6657,8131],[0,6],[-4,2],[-5,4],[-2,4],[2,8],[-2,6],[1,1],[0,6],[-5,-1],[-1,-6],[-2,-2],[2,-2],[-2,-2],[-1,-9],[1,-3],[-5,-3],[-1,-3]],[[6622,8168],[-7,-1],[-1,-5],[3,-7],[3,-2],[1,8],[-4,2],[5,5]],[[6613,8142],[4,-1],[-1,10],[-3,-1],[-1,-6],[1,-2]],[[6621,8115],[1,-3],[-2,-2],[6,-3],[1,6],[-2,6],[-3,1],[1,5],[-3,2],[-1,-8],[2,-4]],[[6673,8101],[1,-1]],[[6674,8100],[1,-4]],[[6675,8096],[4,-6],[3,-1],[1,-2],[-1,-4],[3,0],[-2,-3],[1,-3],[6,-1],[1,-3],[4,-2],[1,2],[-6,5],[0,1]],[[6690,8079],[-1,3]],[[6689,8082],[-1,0]],[[6688,8082],[-3,5],[0,3],[-7,5],[0,6],[-5,3],[-2,1]],[[6671,8105],[2,-4]],[[6667,8096],[0,5],[-9,1],[0,1],[-13,0],[2,-5],[4,-2],[6,0],[1,-2],[12,0],[-3,2]],[[6656,8089],[1,3],[-5,2],[0,-3],[4,-2]],[[6656,8089],[0,-1],[3,-4],[3,0],[2,-3],[4,1],[-4,3],[-5,0],[-1,4],[-2,0]],[[6670,8085],[5,0],[0,3],[-4,0],[0,3],[-5,0],[1,-4],[3,-2]],[[6662,8073],[-3,0],[1,-4],[5,-2],[2,-4],[3,0],[-1,4],[8,-1],[-4,7],[-11,1],[0,-1]],[[6699,8068],[0,-2],[3,-2],[7,1],[-10,3]],[[6673,8059],[2,-3],[16,-1],[-1,5],[-4,0],[-1,2],[-5,1],[-4,2],[-4,-3],[1,-3]],[[6710,8057],[2,-5],[2,0],[3,2],[0,5],[-3,2],[-4,-4]],[[6664,8062],[-1,-4],[4,1],[-3,3]],[[6712,8048],[-4,4],[-3,0],[2,5],[-5,2],[-5,0],[1,-3],[5,-6],[6,-3],[0,-5],[-1,-2],[3,-4],[4,-1],[3,-2],[0,6],[-2,3],[0,4],[-4,2]],[[6721,8034],[3,4],[1,5],[-3,2],[-4,-4],[2,-4],[1,-3]],[[6742,8035],[1,1],[-4,4],[-5,2],[3,-7],[5,0]],[[6754,8027],[9,-5],[5,-1],[1,5],[-3,0],[-1,4],[-12,-1],[1,-2]],[[6736,8015],[-1,3],[-4,3]],[[6731,8021],[0,-3],[5,-3]],[[6738,8014],[-2,1]],[[6736,8015],[2,-1]],[[6752,8005],[2,5],[-3,0],[1,-5]],[[7026,7983],[-6,-1],[0,-3],[3,-2],[7,0],[3,2],[1,2],[-8,2]],[[7110,7981],[1,2],[-2,2],[5,0],[2,5],[0,4],[-1,2],[0,5],[-3,3],[-3,0],[-1,-3],[-8,3],[-9,1],[-4,1],[-3,-1],[6,-9],[-1,-4],[-2,-1],[0,-4],[3,-4],[0,-3],[-2,0],[-2,3],[-2,-1],[0,-5]],[[7084,7977],[2,-5],[9,-1],[9,0],[5,-1],[-2,-2],[1,-2],[3,-1],[1,6],[-2,4],[-2,1],[2,5]],[[7071,7977],[2,-2],[9,-1],[-1,3],[-8,4],[-2,-4]],[[7040,7980],[-1,-1],[-4,0],[-1,-2],[2,-2],[6,-3],[5,0],[0,-3],[9,0],[4,-1],[2,3],[3,0],[0,3],[-6,1],[-7,3],[-3,2],[-9,0]],[[7135,8015],[-2,0],[0,-5],[4,1],[0,3],[-2,1]],[[7117,8012],[-7,0],[-4,-2],[1,-1],[10,3]],[[7076,8003],[-4,3],[-5,0],[-5,-2],[-1,-5],[1,-1],[6,0],[7,-4],[5,0],[1,3],[-2,1],[-1,3],[-2,2]],[[6778,7984],[-2,-3],[2,-3],[6,0],[1,3],[-7,3]],[[7065,7965],[3,1],[3,2],[-5,2],[-5,-3],[4,-2]],[[7093,7961],[5,0],[8,1]],[[7106,7962],[-3,1],[-1,5],[-8,1],[-3,-1],[-2,-2],[4,-5]],[[6797,7974],[-2,2],[-5,4],[0,-4],[5,0],[2,-2]],[[7046,7968],[4,-3],[4,-2],[6,0],[2,1],[-2,2],[-4,0],[-2,2],[-8,0]],[[6790,7973],[1,-2],[5,0],[-1,4],[-5,0],[0,-2]],[[7080,7961],[-4,1],[-1,-5],[13,-3],[2,0],[-7,6],[-3,1]],[[7029,7957],[13,0],[-1,3],[-4,3],[-3,0]],[[7034,7963],[5,-4],[-10,1],[0,-3]],[[6806,7964],[0,4],[-7,1],[7,-5]],[[6806,7964],[1,-3],[7,0],[-8,3]],[[7019,7957],[-3,-2],[-7,1],[-2,1]],[[7007,7957],[-1,2],[-6,0],[-3,-2],[-1,-2],[-2,-1],[-1,-3],[-3,0],[1,-3],[4,1],[1,3],[4,3],[6,-2],[1,2],[10,-1],[2,3]],[[7064,7954],[3,-2],[10,-3],[3,2]],[[7080,7951],[14,-1],[-1,1],[-11,1],[-1,1],[-6,0],[-5,4],[-1,-3],[-5,0]],[[7062,7954],[2,0]],[[7064,7954],[-2,0]],[[7059,7953],[3,1]],[[7062,7954],[-3,-1]],[[7032,7956],[8,-2],[2,-2],[5,0],[8,0],[4,1]],[[7059,7953],[-9,0],[-6,3],[-9,1],[-3,-1]],[[7025,7955],[7,1]],[[7032,7956],[-7,-1]],[[7162,7932],[-5,3],[-1,2],[-5,0],[-4,3],[-2,4],[-2,0],[-3,5],[-5,0],[-1,-3],[7,-5],[0,-3],[4,-4],[0,-5],[6,-1],[5,-4],[2,-4],[3,-1],[1,-2]],[[7162,7917],[6,2],[-2,3],[1,2],[-2,2],[1,3],[4,0],[7,-3],[0,1],[-5,2],[-1,6],[0,3],[-7,0],[-3,0],[1,-6]],[[7162,7917],[-3,2],[-3,0],[-1,-2],[5,-2],[2,2]],[[6817,7957],[8,-1],[2,-2],[10,0]],[[6837,7954],[-2,3],[-10,0],[-1,1],[-4,1],[-3,-2]],[[6837,7954],[5,-1],[-2,-5],[6,-1],[4,-2],[0,4],[-1,3],[-3,1],[-9,1]],[[6850,7961],[-2,-2],[3,-2],[5,-1],[-6,5]],[[7101,7949],[0,-2],[3,-1],[11,-1],[-2,2],[-4,2],[-8,0]],[[6875,7954],[3,-4],[5,3],[-8,1]],[[7007,7945],[11,1],[0,2],[-4,0],[-10,-1],[3,-2]],[[7125,7938],[2,1],[-6,3],[0,-4],[4,0]],[[6967,7944],[7,0],[-2,2],[-5,0],[0,-2]],[[6858,7945],[0,-1],[7,0],[-1,2],[-7,3],[1,-4]],[[6923,7929],[5,-1],[9,7]],[[6937,7935],[1,0]],[[6938,7935],[1,1]],[[6939,7936],[1,0]],[[6940,7936],[0,1]],[[6940,7937],[3,2],[2,4],[-6,1],[-3,-1],[-9,-1],[4,-3],[-3,0],[0,-3],[-4,-3],[-1,-4]],[[6946,7942],[8,-1],[0,1],[-8,0]],[[6882,7939],[-3,-1],[-5,2],[-5,1],[-1,-4]],[[6868,7937],[4,-1]],[[6872,7936],[2,0]],[[6874,7936],[0,-1],[12,-5],[5,0],[4,0],[6,4],[-7,1],[-3,3],[-6,1],[-3,3],[0,2],[-8,0],[0,-2],[4,0],[4,-3]],[[6868,7937],[1,-3],[4,1],[-5,2]],[[6854,7943],[1,-3],[11,0],[3,2],[-15,1]],[[6890,7941],[-6,2],[0,-2],[6,0]],[[6904,7941],[7,-1],[2,-2],[4,2],[-6,1],[-7,0]],[[6902,7938],[7,-1],[1,1],[-9,2],[-8,1],[2,-3],[7,0]],[[7176,7923],[-6,1],[1,-3],[2,-1],[2,-2],[3,0],[0,3],[-2,2]],[[6924,7928],[-7,2],[-7,4],[-4,0],[0,-3],[6,0],[1,-2],[5,0],[6,-1]],[[7188,7913],[3,-2],[4,-1],[1,4],[-4,4],[-3,3],[-4,0],[0,-3],[4,-1],[-1,-4]],[[7156,7908],[1,3],[-5,2],[-2,2],[-4,3],[-3,-1],[5,-5],[3,-2],[5,-2]],[[7167,7908],[6,-4],[0,4],[-5,2],[-1,-2]],[[7186,7904],[2,1],[0,4],[-11,-2],[-1,-2],[6,-5]],[[7182,7900],[3,-4],[0,-3],[2,-6],[0,-4],[1,-2],[-1,-4]],[[7187,7877],[3,1]],[[7190,7878],[0,-1]],[[7190,7877],[1,0]],[[7191,7877],[2,-1],[7,0],[4,-2],[-2,-5],[0,-6],[2,-6],[6,-2],[0,3],[6,4],[1,4],[-8,0],[-4,0],[-1,3],[4,2],[-2,6],[-5,3],[-2,2],[-5,2]],[[7194,7884],[2,3],[-4,2],[-3,0],[-1,2],[0,5],[-1,4],[-1,4]],[[7198,7864],[-1,1],[-5,1],[-1,7],[-4,4]],[[7187,7877],[-3,-2],[0,-8],[5,-5],[4,0],[1,-4],[-1,-4],[5,3],[3,1],[1,4],[-1,2],[1,3],[0,7],[-4,0],[0,-3],[2,-4],[-2,-3]],[[7212,7844],[-2,4],[0,5],[-4,-3],[0,-2],[4,-1],[0,-2],[2,-1]],[[7201,7841],[0,-1],[8,0],[8,-2],[0,-3],[4,-1],[1,-2],[3,-1]],[[7225,7831],[-4,0],[-1,2],[-4,-1],[-5,0],[-3,-2],[3,-3],[3,-4],[5,-2],[4,0],[2,2],[4,1],[0,-3],[-4,-1],[-1,-4],[10,0],[2,-1],[3,-5]],[[7239,7810],[0,4],[-5,3],[-2,7],[-3,6],[-6,5],[-4,2],[-3,5],[-4,2]],[[7212,7844],[-2,-3],[-8,0],[-1,0]],[[7163,7904],[-3,2],[-1,-4],[6,-1],[-2,3]],[[7199,7892],[0,-5],[2,-3],[2,3],[-3,1],[-1,4]],[[7177,7878],[4,-1],[0,4],[-2,1],[-1,3],[-2,0],[-4,-4],[5,-3]],[[7202,7834],[-4,1],[0,-5],[1,-3],[3,-2],[4,2],[-1,5]],[[7205,7832],[2,5],[-8,3],[-1,-4],[4,-2]],[[7234,7784],[1,-1]],[[7235,7783],[1,-2],[7,0],[-1,-2],[-7,0],[0,-3],[9,0],[6,-5],[6,2],[7,1],[0,-3],[4,-3],[1,3]],[[7268,7771],[1,3],[-3,0]],[[7266,7774],[-2,4]],[[7264,7778],[0,2],[-5,2],[-3,1],[0,2],[-8,4],[1,2],[-5,1],[1,3],[-6,2],[0,3],[-11,6],[-2,2],[-8,6],[-2,3],[-6,3],[-3,3],[-8,0],[-5,1],[0,-2],[3,-3],[0,-3],[-1,-5],[-1,-2],[6,-5],[-3,-5],[7,-7],[1,-3],[8,-1],[5,2],[0,-2],[6,-2]],[[7225,7786],[0,-2],[9,0]],[[7234,7808],[1,3],[-5,1],[0,-3],[4,-1]],[[7260,7797],[-4,2],[1,4],[-4,2]],[[7253,7805],[-4,0],[0,-4],[5,-4],[6,0]],[[7265,7788],[4,-2],[2,0]],[[7271,7786],[0,4],[-5,0],[-2,2],[1,4],[-5,1]],[[7260,7797],[-3,-1],[1,-5],[7,-3]],[[7273,7783],[4,4],[-5,1],[-1,-2]],[[7271,7786],[2,-3]],[[7767,7775],[2,-2],[-5,-3],[2,-1],[3,2],[5,-1],[3,2],[3,0],[7,3],[5,1],[0,2],[-10,0],[-8,3],[-3,2],[-3,0],[-4,-2],[-1,-3],[-6,-3],[7,-4],[3,4]],[[7344,7792],[1,3],[-3,0],[-3,-2],[5,-1]],[[7282,7788],[1,-1],[7,-1],[-2,-2],[4,-3],[1,3],[7,-1],[0,1],[-4,3],[-8,2],[-3,2],[-7,1],[4,-4]],[[7336,7786],[-2,-3],[2,-2],[3,-6],[-5,0],[0,4],[-1,4],[-7,5],[-4,-1],[-1,-4]],[[7321,7783],[-1,0]],[[7320,7783],[-6,-1],[-4,0]],[[7310,7782],[1,-3],[5,0],[2,-3],[-3,-3],[-2,2],[-8,1],[5,-5],[6,-1],[0,-2],[-6,0],[-2,1],[-2,-3],[-3,3],[-4,0],[0,-2],[6,-1],[13,-1],[5,4],[-1,3],[5,3],[5,-1]],[[7332,7774],[7,-1],[8,-1]],[[7347,7772],[2,3],[-7,2],[0,4],[-3,4],[-3,1]],[[7355,7758],[-3,-1],[1,-4]],[[7353,7753],[2,-3],[0,-6],[2,-2],[6,-4],[8,0],[6,3],[9,1],[0,1],[4,1],[8,5],[3,-4],[11,0],[4,-1],[1,-2],[8,1],[5,-2],[3,2],[4,0],[3,-1],[8,-1],[12,0],[1,3],[-12,2],[-10,0],[3,2],[-1,2],[-8,1],[-7,1],[-4,3],[-6,2],[-14,1],[-4,-3],[-6,-3],[-3,-2],[-6,0],[0,-2],[5,0],[-2,-3]],[[7386,7745],[-5,0],[-7,3],[-10,0],[-2,3],[-4,2]],[[7358,7753],[4,0],[3,-3],[8,0],[3,-2],[6,-1],[0,3],[-3,0],[-3,2],[-1,4],[3,2],[-1,4],[-6,2],[-14,1],[-11,7],[-7,-1],[-7,3]],[[7332,7774],[2,-1],[9,-5],[2,0],[2,-3],[0,-4],[5,-3],[3,0]],[[7417,7741],[-4,-1]],[[7413,7740],[-4,0],[1,-2],[6,0],[4,0],[0,2],[-3,1]],[[7307,7785],[2,2],[4,-1],[-1,4],[-8,-2],[-1,-2],[4,-1]],[[7199,7789],[0,3],[-4,1],[-2,-4],[3,-1],[3,1]],[[7280,7781],[7,-1],[-1,3],[-6,-2]],[[7300,7781],[-3,0],[-1,-3],[7,0],[3,2],[-6,1]],[[7292,7772],[-1,4],[-3,-1],[2,-3],[2,0]],[[7360,7769],[-2,3]],[[7358,7772],[2,-3]],[[7326,7770],[2,-2],[3,-1],[5,3],[-10,0]],[[7480,7763],[4,-1],[2,2],[-7,1],[1,-2]],[[7565,7757],[2,-1],[11,0],[1,-2],[10,-4],[13,0],[0,1],[-7,1],[-8,5],[-6,1],[-4,2],[-6,1],[-6,-1],[-3,-2],[-7,1],[-5,-1],[3,-2],[2,1],[10,0]],[[7296,7762],[0,2],[-3,1],[-2,4],[-6,0],[-2,-2],[4,-4],[9,-1]],[[7380,7757],[-2,-1],[-1,-4],[3,-2],[8,1],[10,7],[-4,1],[-3,3],[-1,3],[-6,1],[0,-7],[-4,-2]],[[7343,7762],[0,2],[-8,2],[0,-2],[5,-2],[3,0]],[[7267,7764],[-1,2],[-2,1],[-9,0],[1,-1],[4,-2],[0,-1],[5,0],[2,1]],[[7267,7764],[-5,-3],[4,-4],[2,0],[2,4],[-3,3]],[[7423,7755],[1,2],[-5,2],[0,-3],[4,-1]],[[7277,7763],[-6,1],[0,-2],[4,-1],[2,2]],[[7337,7749],[11,-1],[-3,3],[0,1],[-9,1],[-5,5],[-4,4],[-2,-2],[-5,0],[-5,-1],[0,-1],[10,-1],[-2,-1],[-1,-6],[-2,-2],[3,-2],[5,-1],[6,2],[3,2]],[[7343,7754],[-1,2],[-4,1],[-3,2]],[[7335,7759],[0,-3],[2,-2],[6,0]],[[7345,7756],[-5,3]],[[7340,7759],[3,-2],[0,-3]],[[7343,7754],[2,-1],[3,2],[-3,1]],[[7479,7749],[4,-2],[3,-3],[4,1],[6,1],[-2,4],[-5,2],[-4,0],[-6,-3]],[[7294,7756],[-3,-5],[7,1],[5,-2],[5,1],[11,-1],[2,4],[-6,1],[-7,3],[-5,0],[-1,-3],[-4,1],[-4,0]],[[7476,7747],[-10,4],[-6,0],[2,-5],[7,0],[7,-4],[5,0],[4,1],[-4,3],[-5,1]],[[7305,7744],[-2,-3],[7,0],[-2,-2],[7,-1],[1,5],[-3,4],[-6,0],[-2,-3]],[[7720,7727],[0,2],[-6,0],[1,-2],[5,0]],[[6780,8369],[-6,0],[-4,-3]],[[6770,8366],[-1,-3],[4,-1],[2,-4],[5,-3],[0,-1],[-8,-2],[-2,1],[-4,1],[1,4],[-7,1],[-5,0],[1,-2],[-3,-1],[-1,-2],[3,-1],[0,-3],[3,-1],[7,0],[3,-2],[7,0],[0,-3],[4,0],[0,-2],[-6,0],[-8,2],[-2,3],[-5,0],[-4,2],[-4,0],[-2,4],[-2,1],[0,5],[3,2],[-5,2],[-1,-4],[-2,-1],[-6,6],[1,3],[4,5],[8,-3],[2,-2],[2,0],[0,7],[-4,-1],[-5,0],[-3,3],[2,2],[-1,4],[-13,2],[-4,4],[3,3],[-5,0],[-4,3],[-3,-1],[-2,-4]],[[6713,8389],[0,4],[-7,4],[2,3],[1,3]],[[6709,8403],[3,0],[0,-3],[3,-2],[2,2],[-2,3],[-7,1]],[[6708,8404],[2,2],[-3,6],[-2,0],[-3,4],[0,2],[-3,2]],[[6699,8420],[1,1]],[[6700,8421],[-2,0]],[[6698,8421],[-2,1]],[[6696,8422],[0,3],[-4,1]],[[6692,8426],[-2,5],[3,2],[1,3],[5,3],[6,-2],[6,-5],[3,-1],[9,-3],[5,-5],[4,-3],[5,-5],[-1,-6],[-2,-2],[2,-4],[0,-4],[5,-2],[0,-2],[4,-1],[5,-4],[0,-4],[2,0],[6,-3],[0,-4],[5,-1],[7,-1],[4,1],[0,-3],[5,-3],[1,-3]],[[6770,8366],[-2,5],[-2,0],[0,-4],[4,-1]],[[6702,8419],[-2,2]],[[6700,8421],[2,-2]],[[6702,8419],[4,-5],[7,0],[-2,-3],[2,-3],[5,0],[7,-2],[0,3],[-4,3],[-4,1],[-2,1],[-9,3],[-1,3],[-3,-1]],[[6710,8432],[-6,1],[0,3],[-6,0],[0,-3],[3,-2],[6,-3],[1,2],[2,2]],[[6716,8422],[0,3],[3,3],[-4,0],[-2,-1],[-3,0],[6,-5]],[[6723,8423],[3,-1],[-1,-2],[-4,-3],[7,-2],[-1,7],[-4,1]],[[6756,8366],[-2,-1],[4,-4],[4,1],[5,0],[0,3],[-6,-1],[-5,2]],[[6761,8448],[1,-1]],[[6762,8447],[0,-2]],[[6762,8445],[-1,3]],[[6749,8505],[10,-2],[-3,-2],[-5,2],[-2,2]],[[6749,8505],[-6,3],[1,5],[-7,2],[-4,3],[0,6],[-1,2],[0,3]],[[6732,8529],[0,-3],[3,-1],[1,5],[3,-1],[8,0]],[[6747,8529],[1,-2]],[[6748,8527],[-1,-2]],[[6747,8525],[-1,0]],[[6746,8525],[-2,-3]],[[6744,8522],[1,-1]],[[6745,8521],[1,-4],[3,2],[-1,2]],[[6748,8521],[3,-4],[4,0],[0,5],[-2,4],[-3,1]],[[6750,8527],[-1,0]],[[6749,8527],[3,2]],[[6752,8529],[1,0]],[[6753,8529],[14,-1],[0,-2],[-6,1],[-2,-2],[-3,1]],[[6756,8526],[1,-3],[6,-2]],[[6763,8521],[-1,-3],[2,-3],[4,4],[0,2],[3,4],[5,-2],[0,-1],[5,-1],[4,3],[5,-1],[-5,-4]],[[6785,8519],[-4,-1],[5,-3],[-2,-3],[-4,-1]],[[6780,8511],[-1,1]],[[6779,8512],[-1,-1],[-5,-1],[-3,-3],[2,-2]],[[6772,8505],[-4,2],[-3,-3],[-3,2],[-13,1],[0,-2]],[[6745,8521],[-1,1]],[[6744,8522],[3,1]],[[6747,8523],[1,-2]],[[6748,8521],[-3,0]],[[6750,8527],[-3,-4]],[[6747,8523],[-1,2]],[[6746,8525],[1,0]],[[6747,8525],[1,2]],[[6748,8527],[1,0]],[[6749,8527],[1,0]],[[6744,8549],[1,-3]],[[6745,8546],[-1,1]],[[6744,8547],[0,2]],[[6747,8553],[1,1]],[[6748,8554],[3,0],[0,-5],[-5,0],[-1,4]],[[6745,8553],[2,0]],[[6765,8559],[1,4],[2,1],[3,-2],[-3,-3],[-3,0]],[[6786,8752],[2,-1],[0,-4],[-3,0],[1,5]],[[6788,8756],[-7,2],[0,3],[2,1],[1,-4],[4,-2]],[[6788,8770],[-3,2],[-1,2],[-5,-1],[1,2],[6,0],[2,-5]],[[5971,582],[-7,-3],[-2,-3],[-7,0],[-2,3],[6,3],[1,1],[11,-1]],[[5964,624],[1,-2],[-5,0],[1,3],[3,-1]],[[5962,703],[-1,4],[1,1],[6,-1],[0,-4],[-6,0]],[[6006,876],[-1,0]],[[6005,876],[1,0]],[[6006,876],[-1,0]],[[6005,876],[1,0]],[[6031,1281],[-5,0],[-1,2],[6,-1],[0,-1]],[[6148,2078],[0,-1],[-13,0],[-4,2],[3,4],[6,0],[2,1],[11,-1],[-6,-2],[1,-3]],[[6140,2087],[6,-1],[-1,-2],[-7,1],[2,2]],[[6340,3791],[2,-1],[-2,-2],[-3,2],[3,1]],[[6334,3941],[-5,2],[-1,4],[-2,0],[-2,2],[5,2],[6,-1],[1,-1],[-1,-5],[-1,-3]],[[6491,3820],[-2,-4],[4,-2],[2,3],[2,-4],[2,-7],[-4,-2],[1,7],[-3,0],[-2,-2],[-1,-10],[4,1]],[[6494,3800],[1,0]],[[6495,3800],[-2,-5],[2,0],[1,-5],[6,-1],[-1,-3],[5,-1]],[[6506,3785],[-6,-1],[-3,-1],[-3,-4],[-6,-2],[-2,2],[-3,-2],[6,-3],[7,2],[2,3],[3,1],[7,0],[4,1],[4,0]],[[6516,3781],[-1,-4],[-5,0],[-1,-10],[-6,-5],[8,-1],[4,3],[0,6],[6,3],[0,-2],[-3,-1],[0,-3],[3,-1],[-2,-3],[-4,-2],[1,-2],[6,0],[3,2],[2,-4],[5,1],[5,-4],[-2,-6],[3,-1],[4,1]],[[6542,3748],[-6,-2],[-4,-6],[-3,-1],[-7,-2],[-7,1],[-4,-1],[-1,-3],[5,1],[8,-1],[2,-3],[2,0],[0,3],[6,3],[2,0],[-1,-5],[-3,-2],[-6,0],[-1,-2],[-7,-1],[5,4],[-7,1],[-6,-5],[1,5],[-2,5],[-4,2],[-6,2],[-3,-2],[-2,-3],[-2,0],[0,5],[-1,1],[-9,-1],[0,3],[7,5],[0,3],[4,0],[6,-2],[6,-1],[8,0],[7,1],[-1,6],[-7,3],[0,-4],[-7,-1],[-2,1],[0,5],[-4,4],[-3,3],[-6,4],[-8,4],[-3,3],[-8,5],[-4,5],[-5,5],[-1,1],[-11,7],[-11,8],[-5,4],[0,1],[-10,7],[-1,4],[6,0],[5,1],[3,5],[7,-1],[7,2],[9,5],[3,0],[5,4],[1,5],[3,2],[-1,3],[2,1],[2,7],[9,2],[1,4],[1,1],[-2,3],[-6,0],[0,3],[3,2],[0,3],[-11,2],[-3,4],[8,4],[-1,3],[-3,1],[-3,2],[-3,1],[-4,-1],[-2,-4],[-10,10],[1,3],[-3,2],[-3,5],[-1,0],[-5,5],[-1,3],[-4,1],[-8,4],[-6,4],[-3,0],[-9,3],[-1,1],[-10,4],[-6,3],[-21,8],[-8,2],[-7,3],[-5,0],[-6,3],[-6,1],[-5,0],[-14,2],[-6,0],[-8,-3],[-9,-5],[-2,-6],[-3,-4],[5,0],[3,-2],[-2,-2],[-6,1],[-6,-1],[-3,2],[-1,4],[-8,2],[-2,-1],[-5,1],[4,4],[4,0],[4,2],[6,0],[5,3],[0,2],[-8,4],[-2,0],[-8,0],[-9,1],[-7,3],[-4,3],[-4,2],[-13,1],[3,2],[7,-1],[8,1]],[[6250,3969],[8,1],[5,0],[2,2],[10,-1],[2,1],[9,-2],[1,-1],[11,0],[4,-1],[2,-2],[8,-2],[4,-1],[3,2],[6,0],[9,-1],[6,0],[5,1],[9,0],[8,3],[3,1],[5,2],[-3,5],[-3,2],[-8,-1],[-5,0],[2,4],[4,0],[0,2],[8,0],[2,-2],[4,3],[0,2],[9,-7],[-1,-8],[3,-2],[4,-1],[2,-3],[11,0],[5,-3],[5,-2],[10,-8],[6,-7],[3,-1],[6,-1],[7,5],[5,-1],[2,-1],[0,-5],[-4,-3],[-4,-3],[-1,-2],[2,-3],[6,-2],[6,0],[-6,3],[0,2],[6,1],[3,2],[-1,-6],[2,-2],[15,-1],[6,-4],[1,-3],[-1,-2],[0,-8],[0,-7],[1,-3],[5,-5],[-6,-2],[-1,-7],[3,-3],[4,-2],[10,0],[4,-5],[2,-2],[3,-5],[-4,-1],[-7,6],[-8,3],[-1,-4],[2,-4],[2,-1],[-1,-11],[7,-4],[-7,0],[0,-3],[-3,-1],[5,-3],[4,2],[3,0],[5,-2],[20,-1],[4,1],[4,2],[4,0],[7,3],[1,2],[3,2],[3,-1],[-2,-8],[-2,-2],[-3,3],[-4,0],[-6,-4],[-10,-2],[-1,-6],[-5,0],[0,-4],[-7,-4],[-1,-2],[-4,-1],[-9,0],[-3,-1],[2,-3]],[[6470,3901],[2,3],[2,1],[-7,10],[-6,1],[-2,-2],[-1,-5],[2,-2],[-1,-4],[-3,0],[-2,2],[1,4],[-4,0],[2,-4],[5,-5],[7,-1],[5,2]],[[6469,3920],[2,4],[-6,0],[-2,-3],[6,-1]],[[6477,3843],[6,1],[-5,2],[3,6],[-4,0],[-3,-3],[0,-6],[3,0]],[[6507,3838],[3,-2],[7,5],[-12,1],[-2,-3],[4,-1]],[[6493,3835],[-1,2],[-6,0],[0,-2],[6,-1],[1,1]],[[6491,3828],[0,-3],[4,0],[8,2],[2,6],[-4,-2],[-8,0],[-2,-3]],[[6491,3828],[-3,3],[-4,0],[-3,-2],[3,-2],[5,0],[2,1]],[[6467,3829],[4,-2],[5,-1],[0,6],[-5,-2],[-1,4],[-5,-1],[-2,-2],[4,-2]],[[6445,3821],[5,-3],[3,-1],[1,3],[4,2],[0,2],[8,1],[0,-1],[-7,-2],[3,-1],[8,3],[-3,4],[-2,1],[-9,1],[-5,-1],[-5,-3],[-1,-5]],[[6471,3808],[1,3],[-11,-6],[-3,-2],[4,-2],[1,2],[6,0],[1,2],[5,0],[-5,-9],[-7,0],[-1,-2],[9,-1],[-1,-2],[2,-3],[5,3],[1,3],[-2,0],[3,4]],[[6479,3798],[6,4],[0,4],[-2,3],[-3,0],[1,3],[5,1],[2,3],[-4,1],[-3,4],[0,3],[-4,1],[-2,-4],[7,-4],[-5,-4],[-1,-2],[4,-3],[0,-4],[-4,2],[-1,2],[-4,0]],[[6440,3821],[-7,0],[0,-2],[3,-2],[4,1],[0,3]],[[6471,3814],[4,1],[-1,4],[-7,0],[-1,-4],[5,-1]],[[6442,3810],[3,-1],[4,0],[0,2],[1,5],[-4,1],[-5,-2],[0,-3],[1,-2]],[[6459,3807],[-2,2],[6,3],[-5,0],[-3,-1],[0,-4],[4,0]],[[6494,3787],[-1,3],[-3,0],[-2,3],[-2,-1],[3,-4],[5,-1]],[[6473,3785],[4,-1],[4,0],[-1,4],[-6,-1],[-1,-2]],[[6498,3771],[7,0],[3,5],[-5,-2],[-7,-1],[2,-2]],[[6507,3767],[-2,2],[-5,-2],[1,-1],[6,1]],[[6527,3755],[-2,-1],[0,-2],[6,1],[4,1],[-1,2],[-7,-1]],[[6507,3740],[2,3],[10,2],[4,2],[-10,0],[-10,-1],[1,-5],[3,-1]],[[6529,3746],[-3,0],[1,-4],[4,-1],[0,4],[-2,1]],[[6514,3741],[6,0],[0,3],[-5,-1],[-1,-2]],[[6385,4189],[0,-3],[6,-3],[0,-4],[-4,-3],[-3,0],[-1,-3],[4,-4],[0,-3],[-5,0],[-3,-4],[-1,4],[2,1],[4,2],[0,2],[-5,1],[-1,-1],[-5,1],[-1,3],[-5,1],[2,3],[3,-1],[7,5],[6,6]],[[6385,4189],[-4,0]],[[6381,4189],[4,0]],[[6367,4194],[5,5],[-1,6],[3,1],[5,-5],[-1,-1],[-6,-3],[5,-2],[-1,-5],[-4,-2],[-4,0],[-1,6]],[[6387,4200],[-1,-1]],[[6386,4199],[1,1]],[[6366,4208],[3,-1]],[[6369,4207],[-3,1]],[[6364,4209],[3,0]],[[6367,4209],[-1,-1]],[[6366,4208],[-2,1]],[[6393,4313],[-6,2],[-6,1],[-5,2],[-2,3],[4,1],[5,0],[6,-3],[-1,-3],[4,-1],[1,-2]],[[6386,4327],[6,-1],[-1,-3],[-4,-1],[-1,5]],[[6411,4480],[-2,1],[1,5],[3,-3],[-2,-3]],[[6540,5800],[-2,2],[1,1],[5,0],[5,-4],[-9,1]],[[6534,5817],[7,-3],[2,-2],[0,-3],[-4,-3],[-12,0],[-5,1],[-4,0],[-2,3],[3,4],[3,-2],[2,3],[10,2]],[[6539,5846],[5,-1],[-1,-2],[-6,0],[2,3]],[[6521,5848],[-1,3],[5,1]],[[6525,5852],[-1,-3],[-3,-1]],[[6661,7222],[8,1],[-1,-2],[-6,0],[-1,1]],[[6707,7678],[-5,2],[0,7],[6,-2],[0,-4],[3,0],[-1,-3],[-3,0]],[[6716,7742],[-2,5],[3,1],[-1,3],[8,-2],[0,-3],[1,-2],[-1,-4],[-1,-2],[-4,0],[-3,4]],[[6721,7754],[4,-1],[0,-2],[-8,1],[4,2]],[[6721,7754],[-5,0],[1,4],[7,-1],[1,-3],[-4,0]],[[6731,7848],[-6,0],[0,2],[6,0],[0,-2]],[[6728,7852],[-2,-1],[-3,2],[1,3],[8,-2],[-4,-2]],[[6784,8345],[-3,-1],[-3,5],[7,-1],[-1,-3]],[[6783,8349],[5,2],[1,-4],[-6,2]],[[6758,8352],[1,4],[2,0],[-1,-5],[-2,1]],[[6780,8369],[9,0],[1,-2],[-3,-4],[-5,0],[-2,2],[0,4]],[[6783,8407],[0,-3],[-3,-2],[-4,0],[4,3],[-3,4],[6,-2]],[[6791,8460],[-8,2]],[[6783,8462],[5,0],[-3,3]],[[6785,8465],[6,-3],[0,-2]],[[6782,8510],[-2,1]],[[6780,8511],[2,-1]],[[6787,8512],[-3,-2],[-2,0]],[[6782,8510],[5,2]],[[6812,8826],[-7,-2],[-2,3],[3,5],[2,0],[4,-1],[1,-2],[-1,-3]],[[6033,967],[-8,1],[3,2],[4,-1],[1,-2]],[[6054,1217],[5,1],[-1,-3],[-5,0],[1,2]],[[6146,1899],[-3,1],[-1,3],[-8,0],[-1,5],[6,0],[3,-2],[5,-1],[4,-1],[0,-4],[-5,-1]],[[6167,1916],[4,1],[-1,-5],[-4,0],[1,4]],[[6175,2085],[-4,0],[-8,-2],[-1,-3],[-5,-2],[1,4],[-3,1],[2,4],[3,3],[6,0],[2,-1],[9,-2],[-2,-2]],[[6143,2289],[1,0],[14,-7],[5,-4],[3,-4],[6,-4],[4,0],[2,-2],[6,1],[3,-2],[1,-2],[4,-2],[-1,-3],[2,-4]],[[6193,2256],[11,-8],[2,2],[10,0],[6,-1],[4,-5],[-4,-1],[1,-6],[7,-1],[0,-2],[14,-1],[-3,3],[5,2],[2,-2],[-1,-3],[6,-6]],[[6253,2227],[3,1],[0,-6],[-9,-4],[1,4],[-4,-1],[2,-5],[-3,-2],[-2,3],[-5,2],[-7,0]],[[6229,2219],[-2,-1],[-4,5],[-4,0],[-5,5],[1,1],[5,-1],[1,2],[-1,3],[-5,2],[-4,4],[-9,0],[-1,-2],[-8,2],[-11,8],[-10,6],[-2,3],[-5,7],[0,4],[-2,3],[0,5],[-7,0],[-2,3],[-6,0],[-3,2],[2,3],[-1,3],[-3,3]],[[6253,2227],[-4,1],[-11,0],[5,-3],[11,0],[-1,2]],[[6238,2229],[-3,1],[-7,-4],[4,-1],[7,0],[-1,4]],[[6227,2405],[-6,4],[-1,3]],[[6220,2412],[7,-7]],[[6219,2414],[1,-2]],[[6220,2412],[-1,2]],[[6262,2756],[4,2],[-1,2],[5,1],[-5,-5],[-3,0]],[[6244,2860],[4,4],[3,-1],[-1,-3],[-6,0]],[[6266,2878],[-2,1],[1,5],[3,3],[5,0],[0,-2],[-6,-2],[-1,-5]],[[6356,3938],[7,1],[-1,-2],[-6,1]],[[6386,4038],[-4,-1],[-3,2],[-3,-3],[-5,1],[8,5],[4,-3],[3,-1]],[[6386,4199],[1,1]],[[6387,4200],[-1,-1]],[[6423,4328],[1,-1]],[[6424,4327],[-1,1]],[[6424,4327],[-1,1]],[[6423,4328],[-2,3],[-4,0],[-3,3],[-1,-4],[-6,-1],[0,4],[5,2],[1,3],[-5,-1],[3,6],[8,-1],[-3,-4],[0,-3],[7,-3],[7,-1],[0,-4],[-2,-2],[-4,2]],[[6428,4345],[6,-1]],[[6434,4344],[-4,-1],[0,-3],[-4,1],[2,4]],[[6428,4345],[-1,0]],[[6427,4345],[1,0]],[[6535,5689],[-1,3],[7,-1],[-1,-3],[-5,1]],[[6586,5803],[5,0],[5,0],[6,-2],[4,-3],[0,-4],[-4,0],[-6,-2],[-2,-4],[-5,0],[1,-3],[-4,-3],[-4,1],[-3,2],[2,6],[-4,0],[0,2],[-8,2],[-5,-1],[0,6],[-5,0],[-1,1],[-6,0],[-2,2],[0,3],[4,1],[1,2],[4,-1],[2,4],[8,1],[2,2],[5,1],[9,0],[5,-4],[7,-2],[-1,-4],[-7,3],[-6,2],[-7,0],[0,-3],[4,-1],[6,-4]],[[6594,5960],[2,-2],[-6,1],[0,2],[4,-1]],[[6697,7238],[-7,0],[0,2],[8,-1],[-1,-1]],[[6770,7890],[-1,2],[4,1],[1,-3],[-4,0]],[[6777,7928],[7,-1],[0,-2],[-5,1],[-2,2]],[[6771,7987],[-2,1]],[[6769,7988],[2,-1]],[[6772,7988],[1,0]],[[6773,7988],[-1,0]],[[6769,7988],[-4,0]],[[6765,7988],[4,0]],[[6795,8351],[-7,0],[0,2],[11,0],[12,-1],[2,-5],[0,-6],[1,-3],[10,-7],[1,-3],[-4,-2],[-2,1],[-11,2],[1,4],[0,6],[0,3],[3,2],[0,3],[-5,2],[-4,2],[-8,0]],[[6812,8390],[-2,0]],[[6810,8390],[2,0]],[[6810,8397],[4,1]],[[6814,8398],[-4,-1]],[[6811,8408],[2,-2]],[[6813,8406],[-2,-3]],[[6811,8403],[-2,1],[2,4]],[[6790,8430],[-1,-1]],[[6789,8429],[4,-1],[2,-2]],[[6795,8426],[7,-4],[3,-1]],[[6805,8421],[-3,-1],[-1,-4],[2,-1]],[[6803,8415],[-3,-1],[4,-3]],[[6804,8411],[-5,3],[-1,2],[-3,2],[-5,1],[0,2],[4,2],[0,2],[-6,0],[-2,2],[-10,0],[-3,-2],[8,-1],[2,0],[5,-3],[-1,-3],[4,-1],[3,-4],[3,-3],[3,1],[-1,-6],[1,0],[5,3],[3,0]],[[6808,8408],[1,0]],[[6809,8408],[-1,-5],[-9,1],[2,-3],[4,-1],[5,1],[0,-4]],[[6810,8397],[-2,-5],[2,-2]],[[6810,8390],[-5,-3],[-3,2],[-4,2],[0,2],[-6,1],[-1,3],[-4,1],[0,3],[-2,1],[0,3],[-2,2]],[[6783,8407],[1,1],[-1,3],[-7,2],[3,2],[0,2],[-2,2],[-4,2],[-1,4],[0,4],[11,2],[7,-1]],[[6804,8411],[6,-2]],[[6810,8409],[-1,-1]],[[6809,8408],[-1,0]],[[6808,8408],[-4,3]],[[6835,8414],[0,-1]],[[6835,8413],[2,-2],[0,-2],[-3,-1],[-2,2],[-5,-1],[-2,2],[-4,2],[0,-4],[-11,0]],[[6810,8409],[-3,2],[-2,2],[-3,1],[1,1]],[[6803,8415],[2,-1],[10,-1],[-7,4],[-3,4]],[[6805,8421],[-1,3],[10,-1],[2,-2],[9,-2],[4,-4],[5,0],[1,-1]],[[6798,8493],[3,2]],[[6801,8495],[0,-1]],[[6801,8494],[-3,-1]],[[6787,8512],[8,3],[-1,3],[-3,1],[1,4],[-2,6],[0,5],[3,1],[0,5],[-2,3],[0,7],[5,-1],[6,-3],[0,-3],[3,-2],[3,0],[2,3],[3,2],[4,-1],[0,-4],[-1,-2],[3,-2],[4,0],[4,1],[8,0],[-2,3],[-2,4],[-1,2],[0,5],[3,-1],[-1,-2],[4,-1],[-1,-8],[4,0],[2,-4],[1,-5],[-5,0],[-4,2],[-3,0],[2,-3],[-6,-2],[-6,3],[-1,-3],[1,-3],[-6,0],[-4,-4],[-5,-2],[-3,1],[0,-4],[-5,-1],[-6,-4],[-4,1]],[[6859,8809],[2,-2],[-3,-2],[-4,0],[0,3],[5,1]],[[6065,720],[2,3],[3,-2],[-5,-1]],[[6070,736],[1,-3],[-3,0]],[[6068,733],[-1,2],[3,1]],[[6067,982],[10,0],[-3,-2],[-5,1],[-2,1]],[[6086,992],[-3,2],[10,1],[1,-2],[-8,-1]],[[6096,1140],[4,4],[5,-1],[-1,-2],[-4,1],[-4,-2]],[[6113,1183],[5,1],[0,-3],[-5,2]],[[6146,1634],[7,2],[-2,-4],[-6,0],[1,2]],[[6188,1657],[-7,0],[1,5],[6,-1],[5,1],[1,-3],[-4,1],[-2,-3]],[[6189,1703],[-1,0],[-5,-6],[-2,3],[0,3],[-4,1],[2,3],[4,-1],[7,-1],[-1,-2]],[[6180,1862],[-5,1],[0,2],[3,1],[6,-1],[-1,-3],[-3,0]],[[6202,1867],[4,2],[4,0],[-6,-4],[-2,2]],[[6209,2087],[0,4],[3,0],[-1,-4],[-2,0]],[[6230,2248],[-4,0],[1,4],[3,-2],[0,-2]],[[6267,2364],[0,4]],[[6267,2368],[0,-4]],[[6252,2377],[3,-1],[2,-4],[2,0]],[[6259,2372],[-5,0],[1,4],[-3,1]],[[6270,2600],[1,2],[5,0],[10,2],[1,-3],[-1,-2],[-6,0],[-2,1],[-8,0]],[[6293,2667],[0,-2],[-6,1],[2,2],[4,-1]],[[6310,2670],[-3,4],[3,0],[0,-4]],[[6324,2702],[-5,-4],[-7,1],[-8,6],[-1,2],[-4,3],[-10,2],[-6,3],[-4,0],[-5,3],[-12,3],[-12,1],[0,3],[6,0],[0,2],[-7,2],[1,2],[-4,2],[5,1],[5,-3],[8,-3],[-3,-2],[2,-2],[9,-1],[5,-2],[7,0],[6,-3],[5,0],[0,2],[5,0],[-2,-4],[0,-3],[6,1],[4,4],[5,-1],[3,-3],[9,-1],[-4,-2],[-5,-3],[-2,-4],[10,-2]],[[6308,2708],[-1,-3],[6,1],[0,3],[-5,-1]],[[6289,2952],[6,0],[-1,-3],[-4,0],[-1,3]],[[6320,3031],[4,1],[7,0],[-2,-4],[-6,1],[-3,2]],[[6388,3686],[4,3],[3,-2],[-7,-1]],[[6430,3957],[-4,0],[-2,3],[0,3],[5,1],[3,-5],[-2,-2]],[[6416,4163],[4,2],[2,2],[3,-1],[1,-2],[-4,-2],[-5,0],[-1,1]],[[6458,4352],[5,1],[-1,-3],[-4,2]],[[6563,5623],[-2,2],[4,1],[6,-2],[0,-2],[-8,1]],[[6589,5665],[-3,1],[3,2],[5,-1],[1,-3],[-6,1]],[[6589,5766],[-4,-1],[-8,5],[1,1],[12,-3],[-1,-2]],[[6606,5804],[-1,4],[5,-1],[-1,-3],[-3,0]],[[6604,5945],[2,1],[4,-3],[-6,0],[0,2]],[[6615,5971],[1,3],[2,-1],[0,-2],[-3,0]],[[6817,7852],[-6,0],[-2,3],[1,3],[5,-1],[0,-3],[2,-2]],[[6802,8017],[1,1],[8,0],[-2,-2],[-7,1]],[[6811,8021],[5,1],[5,0],[2,-1],[-3,-2],[-9,0],[0,2]],[[6805,8356],[10,1],[12,4],[3,3],[-9,0],[-9,2],[-1,1],[0,6],[4,-1],[0,-2],[6,-4],[9,-1],[4,0],[-1,-15],[2,-3],[-3,-2],[1,-3],[2,-2],[5,-3],[5,-1],[2,-2],[-6,0],[-5,2],[-2,3],[-3,0],[-3,3],[2,5],[-3,7],[1,5],[-2,0],[-6,-3],[-9,1],[-6,-1]],[[6863,8365],[-4,0],[-4,-1],[-2,3],[-8,1],[1,5],[4,-1],[2,2],[-1,3],[4,0],[6,-4],[-1,-2],[4,-4],[4,1],[-1,-3],[-4,0]],[[6835,8388],[7,-1],[2,-3],[-4,-1],[0,3],[-5,0],[-6,7],[-5,1],[-4,3],[0,4],[-7,5]],[[6813,8406],[-2,2]],[[6811,8408],[-1,1]],[[6810,8409],[7,-3],[2,-3],[4,0],[-2,-4],[2,-3],[4,-2],[4,0],[4,-6]],[[6871,8439],[0,-2],[-2,-2],[-3,-1],[3,-8],[3,-2],[6,-1],[0,-3],[13,0],[5,-1],[-7,-3],[-4,0],[0,-6],[3,0]],[[6888,8410],[-1,-2],[-1,-5],[5,0],[3,-4],[1,-4],[3,1],[7,-1],[-2,-2],[-6,-2],[1,2],[-4,1],[-7,8],[-6,0],[-1,-4],[-4,1],[-7,1],[-6,5],[-2,0],[-4,4],[-8,4],[-9,1],[-2,1],[2,3],[5,-1],[-1,3],[-5,1],[-2,-2],[0,-4],[3,-5],[3,0],[3,-3],[12,-7],[4,-6]],[[6862,8394],[-1,1],[-7,0],[0,2],[3,3],[-4,0],[-1,2],[-3,1]],[[6849,8403],[-8,1],[-1,4],[-2,1],[0,4],[-3,0]],[[6835,8413],[0,1]],[[6835,8414],[0,4],[-3,0],[-5,4],[0,3]],[[6827,8425],[-3,3],[-1,4],[-3,1],[-10,1],[-2,-1],[-2,-2],[-4,-3]],[[6802,8428],[-8,1],[0,1],[5,3],[-5,1],[-4,0],[-2,3],[-6,-2],[-7,-5],[0,5],[-2,3],[-5,3],[2,2],[-1,2],[-6,0],[-1,2]],[[6762,8447],[-1,1]],[[6761,8448],[-2,2],[-3,7],[0,1],[5,0],[10,3],[5,-1]],[[6776,8460],[7,-6],[3,-1],[7,0],[1,-3],[-3,-1],[0,-2],[3,-2],[4,-1]],[[6798,8444],[1,-2],[6,-2],[3,2],[5,-1],[1,5],[-6,-3],[-6,2],[0,3],[-2,4],[-5,3],[-6,1],[0,2],[-4,1],[-3,1],[-3,2],[-11,2],[-6,1],[-2,2],[6,4],[11,0]],[[6777,8471],[5,-3],[-1,-2],[4,-1]],[[6785,8465],[-2,-3]],[[6783,8462],[2,-3],[6,1]],[[6791,8460],[3,1],[5,-3],[2,2],[-3,2]],[[6798,8462],[-2,0],[-6,5],[1,3],[-6,5],[-6,3],[-4,1],[12,5],[1,2],[3,1],[4,2],[3,4]],[[6798,8493],[3,1]],[[6801,8494],[2,1]],[[6803,8495],[-2,0]],[[6801,8495],[8,5],[0,-2],[6,-1],[8,4],[-3,2],[3,6],[6,2],[4,4],[0,3],[7,-1],[3,-3],[4,2],[-1,3],[8,1],[0,6],[3,1]],[[6857,8527],[-2,-5],[4,-3],[-3,-3],[2,-2],[-12,1],[0,-2],[4,-2],[-1,-2],[-3,-4],[6,-3],[-2,-3],[-6,0],[-5,4],[-9,-6],[-1,-5],[-2,-3],[-4,1],[-5,0],[-2,1],[-5,-3],[6,-2],[4,0],[9,0],[-1,2],[1,2],[9,-1],[1,3],[4,1],[-1,4],[4,-1],[5,0],[-2,-6],[5,-1],[3,-3],[-4,-4],[-10,1],[-1,-1],[3,-6],[5,-2],[1,-3],[-1,-3],[2,-1],[3,-1],[-2,-3],[2,-4],[4,0],[1,4],[4,-2],[-1,-4],[2,-4],[3,-3],[4,-8],[-4,0],[2,-3]],[[6806,8460],[-2,2],[-3,0],[-2,3],[-5,0],[4,-3]],[[6798,8462],[4,-1],[3,-7],[2,0],[0,5],[-1,1]],[[6803,8495],[2,-1],[3,2],[-3,1],[-2,-2]],[[6808,8479],[-1,-2],[-6,0],[0,-3],[-5,-1],[-4,-2],[8,0],[0,-2],[4,-3],[1,3],[3,5],[5,-1],[-1,-3],[10,0],[-5,3],[-3,4],[0,2],[-2,2],[-4,-2]],[[6824,8472],[2,0]],[[6826,8472],[-2,0]],[[6824,8472],[3,-5],[5,-1],[1,2],[-4,1],[0,2],[-5,1]],[[6826,8472],[5,-2],[9,-1],[2,3],[-7,-2],[-4,1],[-5,1]],[[6833,8429],[3,0],[-3,4],[1,2],[2,6],[-1,3],[2,1],[7,-1],[5,2],[0,2],[-4,0],[-2,2],[-8,-2],[-11,1],[-2,3],[-5,0],[-2,-2],[-7,0],[1,-2],[7,0],[5,0],[1,-2],[8,-2],[2,-2],[-1,-3],[1,-1],[-1,-7],[2,-2]],[[6867,8538],[-1,-1],[-6,1],[2,2],[5,-2]],[[6839,8553],[6,-3],[-1,-2],[5,-3],[-2,-2],[-4,2],[-1,3],[0,3],[-3,2]],[[6857,8557],[-3,2],[4,3],[3,2],[0,-6],[-6,-3],[0,-3],[2,-6],[-4,-1],[1,5],[-2,1],[1,4],[4,2]],[[6875,8729],[-2,2],[0,2],[-4,2],[4,2],[0,-3],[5,-5],[-3,0]],[[6860,8739],[2,1],[1,2],[5,-2],[-2,-2],[-3,-1],[-3,2]],[[6889,8752],[-5,-1],[1,3],[4,1],[2,3],[3,-4],[-5,-2]],[[6874,8785],[4,4],[5,-1],[-4,-4],[-5,1]],[[6893,8790],[5,0],[-2,-3],[-3,3]],[[6101,617],[-5,-1],[0,5],[4,0],[0,-3],[1,-1]],[[6108,662],[0,3],[5,0],[2,-2],[-2,-4],[-4,0],[-1,3]],[[6138,952],[0,6],[5,-1],[-1,-3],[-4,-2]],[[6149,1104],[-6,1],[-2,1],[5,3],[4,-1],[1,-1],[-2,-3]],[[6168,1120],[1,-3],[-8,-3],[-3,0],[-6,-4],[-12,0],[4,3],[2,2],[6,2],[-2,3],[18,0]],[[6159,1125],[-3,-2],[-4,0],[1,4],[-3,3],[4,1],[1,-3],[4,-3]],[[6155,1137],[1,-1]],[[6156,1136],[-1,1]],[[6156,1136],[-1,1]],[[6155,1137],[1,-1]],[[6131,1147],[-3,3],[6,0],[-3,-3]],[[6182,1273],[-1,2],[-5,1],[-5,4],[15,-1],[0,-4],[-4,-2]],[[6205,1290],[0,-3],[-11,0],[-10,-2],[-2,-3],[-16,1],[-5,2],[-1,3],[22,-1],[2,2],[-7,2],[0,2],[12,-2],[1,-2],[9,-1],[6,2]],[[6212,1675],[-1,-6],[-3,0],[2,7],[2,-1]],[[6200,1698],[-4,-1],[-1,5],[4,0],[1,-4]],[[6238,1859],[5,0],[1,-3],[-7,0],[1,3]],[[6236,1873],[1,3],[10,-1],[-1,-2],[-5,0],[-5,0]],[[6227,1872],[-6,2],[-8,0],[2,5],[4,-1],[-2,-3],[4,0],[0,5],[6,-1],[2,-3],[-2,-4]],[[6273,2177],[-6,0],[0,3],[4,1],[3,-2],[-1,-2]],[[6306,2610],[1,-3],[-3,0],[-1,-4],[-5,-2],[-3,0],[1,3],[-6,1],[1,2],[-2,3],[7,1],[4,4],[3,-2],[6,0],[-3,-3]],[[6304,2657],[-3,-3],[0,-4],[-1,-1],[1,-3],[9,1],[4,-3],[-2,-4],[6,-1],[2,3],[5,-1],[-2,-4],[7,0],[-3,-3],[0,-3],[-4,-2],[2,-3],[8,2],[2,2],[0,2],[5,0],[8,0],[17,-1],[2,2],[4,0],[5,3],[2,6]],[[6378,2642],[19,-1],[-5,-2],[-1,-2],[-4,-1],[-1,4],[-4,0],[-1,-2],[-6,-4],[-1,0],[-1,-6],[4,-1],[2,0],[11,0],[4,-2],[3,1],[3,-3],[0,-3],[-5,-1],[0,-2],[7,1],[2,1],[3,-2],[-3,-3],[0,-3],[10,0],[6,-3],[6,0],[9,-4],[5,0],[1,-2],[4,-1],[1,-1],[8,-1],[7,2],[9,-3],[4,-4],[9,-5],[1,-1],[-1,-5],[7,-1],[4,-1],[5,-7],[-2,0],[-3,1],[2,2],[-5,3],[-8,1],[-6,-3],[-5,0],[-17,1],[-5,0],[-5,1],[-11,3],[-5,0],[4,4],[-12,-1],[-4,-2],[-5,-3],[-4,1],[-6,0],[-14,-3],[-2,0],[-3,5],[-1,0],[-5,4],[-1,5],[5,3],[-8,3],[6,2],[1,-2],[5,1]],[[6385,2600],[7,2],[3,-2],[7,1],[10,-2],[-5,-2],[-6,0],[1,-4],[4,0],[4,2],[4,0],[6,1],[0,-2],[-7,-2],[-11,0],[-3,-1],[-3,-5],[5,-1],[7,3],[8,0],[7,2],[4,2],[-1,4],[8,0],[2,6],[-9,0],[-9,2],[-7,0],[-5,-1],[-11,1],[-3,-1],[-9,0],[-2,0],[-1,5],[-3,0],[1,-4],[-8,-1],[-2,3],[1,5],[-1,4],[-2,2],[-11,1],[-5,1],[-7,0],[-2,4],[-6,0],[-2,-1],[-11,1],[-1,-4],[-4,0],[-1,5],[-6,1],[-5,-2],[-2,-3],[-5,2],[1,2],[5,3],[-17,1],[-4,-2],[-8,0],[-10,3],[-6,2],[-5,1],[-9,3],[-8,1],[-1,1],[-9,1],[-9,1],[-1,1],[-7,1],[-5,-1],[-9,2],[-17,0],[-4,3],[-12,3],[-5,-1],[-3,1],[-1,2],[-7,0],[-2,4],[-2,0],[0,5],[3,1],[4,-4],[2,-1],[5,0],[1,2],[11,-3],[5,0],[1,-4],[2,-1],[7,-1],[8,1],[0,-3],[4,0],[9,1],[5,0],[6,-2],[4,1]],[[6220,2646],[0,-2],[6,0],[4,1],[7,-1]],[[6237,2644],[1,-2],[5,-1],[0,2],[7,-2],[9,0],[3,6],[9,0],[1,3],[-4,2],[2,3],[3,1],[6,4],[14,2],[-1,-3],[-8,0],[-8,-2],[11,-1],[-1,-2],[-5,-1],[2,-2],[10,-1],[2,1],[0,4],[9,2]],[[6277,2651],[-2,0],[-1,-4],[4,1],[-1,3]],[[6172,2651],[1,2],[-10,0],[-1,-2],[5,-1],[5,1]],[[6282,2641],[8,1],[2,2],[-4,3],[-7,0],[1,-6]],[[6268,2641],[5,5],[-8,-1],[0,-3],[3,-1]],[[6295,2638],[-1,3],[-5,0],[0,-1],[6,-2]],[[6311,2632],[1,6],[-6,0],[-2,-6],[7,0]],[[6262,2636],[-6,1],[0,-1],[6,0]],[[6275,2635],[0,2],[-6,0],[-2,-2],[5,-2],[3,2]],[[6291,2630],[4,-1],[2,3],[4,1],[-13,1],[0,-2],[3,-2]],[[6359,2629],[2,-2],[7,0],[2,3],[-4,1],[-7,-2]],[[6381,2619],[-3,0],[-2,-3],[4,-1],[-8,-3],[4,-2],[4,2],[2,-4],[3,5],[3,0],[0,4],[5,2],[2,6],[-6,0],[-3,-1],[0,-3],[-5,-2]],[[6360,2623],[1,-2],[5,0],[0,2],[-6,0]],[[6390,2606],[4,0],[2,-1],[5,1],[0,2],[-8,1],[-3,2],[-3,0],[-4,-3],[1,-2],[6,0]],[[6462,2593],[4,1],[-7,5],[-4,0],[-1,-3],[8,-3]],[[6447,2591],[4,-2],[1,9],[-5,0],[0,-7]],[[6393,2595],[0,2],[-10,0],[0,-1],[10,-1]],[[6441,2590],[-1,3],[-10,1],[1,-2],[5,0],[2,-2],[3,0]],[[6471,2588],[1,4],[-6,-1],[0,-3],[2,-2],[3,2]],[[6389,2589],[3,4],[-5,0],[-1,-2],[-7,1],[2,-3],[5,1],[3,-1]],[[6441,2586],[0,2],[-4,0],[0,-2],[4,0]],[[6452,2582],[2,3],[8,-2],[1,2],[-6,1],[-8,1],[0,-5],[3,0]],[[6391,2587],[-4,0],[-1,-2],[2,-1],[5,0],[-2,3]],[[6474,2583],[-3,-3],[7,0],[0,3],[-4,0]],[[6324,2685],[-2,-4],[-2,-1],[-10,-3],[-2,2],[1,2],[6,1],[2,1],[0,5],[2,2],[-1,3],[3,0],[9,2],[-1,-3],[-2,-4],[-3,-3]],[[6327,2717],[6,4],[0,-3],[-4,-2],[-2,1]],[[6333,2893],[1,2],[3,0],[2,-2],[-6,0]],[[6344,3009],[2,-3],[-2,-1],[0,-5],[-4,-1],[1,3],[-3,2],[-1,5],[-3,2],[5,3],[3,-2],[-1,-3],[3,0]],[[6356,3009],[-2,-3],[-3,1],[0,2],[5,0]],[[6416,3685],[-4,-2],[-1,3],[5,-1]],[[6449,3887],[5,0],[0,-3],[-4,0],[-1,3]],[[6453,3947],[1,2],[5,0],[-2,-3],[-4,1]],[[6448,3953],[2,2],[3,0],[-1,-3],[-4,1]],[[6474,4156],[4,3],[4,0],[0,-3],[-3,-2],[-4,-1],[-1,3]],[[6480,4197],[-2,0],[3,7],[1,-4],[-2,-3]],[[6490,4341],[-7,-1],[2,4],[5,-3]],[[6491,4346],[0,2]],[[6491,4348],[0,-2]],[[6491,4346],[0,2]],[[6491,4348],[6,1],[6,-1],[0,-1],[-5,-2],[-7,1]],[[6486,4357],[1,-2],[-2,-2],[-3,0],[4,4]],[[6509,4360],[0,-3],[-5,-1],[2,3],[-2,4],[4,2],[2,-2],[-1,-3]],[[6626,5531],[3,-3],[-2,-8],[-7,-3],[-11,0],[-6,1],[-16,3],[-10,2],[-4,4],[2,5],[-3,1],[4,2],[0,2],[11,2],[4,0],[2,2],[2,0],[1,-2],[3,-1],[5,-1],[4,2],[5,0],[-2,-3],[2,-1],[6,0],[3,1],[4,-5]],[[6614,5616],[-4,2],[-2,4],[7,1],[2,-3],[-3,-4]],[[6627,5671],[1,0]],[[6628,5671],[-1,0]],[[6628,5671],[-1,0]],[[6627,5671],[-6,0],[0,2],[-9,1],[-2,2],[7,-1],[1,-1],[6,0],[4,-3]],[[6704,5861],[9,0],[2,-3],[-6,-1],[0,-2],[-4,-4],[-4,-1],[1,-3],[-5,1],[-5,0],[-1,-3],[-6,0],[-2,-3],[-5,-2],[-9,1],[-3,-1],[-2,-3],[-4,0],[-2,-3],[-6,-1],[-2,-2],[-4,-1],[-8,0],[0,-2],[-4,-1],[0,-3],[-6,-4],[-2,0],[-6,-3],[-6,2],[2,6],[4,1],[1,6],[4,-1],[2,2],[18,4],[4,0],[2,1],[7,1],[1,2],[4,0],[5,3],[1,2],[16,10],[9,10],[10,-5]],[[6647,5929],[5,0],[0,-3],[-5,0],[-2,1],[2,2]],[[6641,5935],[8,0],[0,-2],[-7,0],[-1,2]],[[6642,5941],[6,-1],[-1,-2],[-5,1],[0,2]],[[6693,6244],[1,1]],[[6694,6245],[4,1]],[[6698,6246],[0,-1]],[[6698,6245],[-1,-2],[-4,1]],[[6694,6245],[-1,-1]],[[6693,6244],[1,1]],[[6698,6245],[0,1]],[[6698,6246],[2,3]],[[6700,6249],[0,-2]],[[6700,6247],[-2,-2]],[[6700,6247],[0,2]],[[6700,6249],[0,-2]],[[6825,7328],[-5,-1],[-6,-4],[-11,1],[-3,-4],[-3,-1],[-5,1],[0,-2],[-5,0],[-4,0],[-4,-3],[-7,1],[1,2],[7,4],[-8,0],[-1,4],[8,0],[0,1],[11,0],[-2,3],[8,0],[1,-1],[8,-1],[6,-1],[1,3],[5,1],[6,0],[2,-3]],[[6880,8348],[-4,2],[3,2],[1,-4]],[[6878,8383],[3,0],[2,-3],[0,-4],[6,-3],[1,-3],[3,-1],[0,-2],[4,-3],[2,0],[0,-5],[-4,0],[-1,5],[-5,0],[-4,2],[-2,4],[-1,4],[-2,0],[-1,3]],[[6879,8377],[-2,2],[1,4]],[[6874,8392],[-3,1]],[[6871,8393],[3,-1]],[[6862,8394],[5,0]],[[6867,8394],[-1,-1],[-4,1]],[[6871,8393],[-4,1]],[[6867,8394],[4,-1]],[[6901,8424],[-1,-1],[-5,-3],[-6,1],[-2,2],[-6,0],[1,2],[11,-1],[3,1],[5,-1]],[[6898,8532],[-5,-1],[1,3],[3,0],[1,-2]],[[6939,8878],[4,1],[-1,-3],[-2,-1],[-1,3]],[[6932,8881],[-3,0],[-2,2],[2,3],[3,-5]],[[6140,604],[12,-1],[-1,-4],[-7,4],[-4,1]],[[6140,604],[-5,2]],[[6135,606],[3,0],[2,-2]],[[6135,606],[-6,1],[2,2],[4,-3]],[[6145,627],[-1,-2]],[[6144,625],[1,2]],[[6158,939],[1,4],[6,0],[-2,-3],[-5,-1]],[[6162,948],[-1,-2],[-7,0],[-3,2],[11,0]],[[6216,1076],[-13,1],[0,1],[6,4],[3,0],[7,0],[2,-2],[0,-4],[-5,0]],[[6198,1085],[0,-7],[-2,-1],[-12,0],[-3,-1],[-9,2],[0,4],[3,3],[1,5],[4,2],[5,-1],[9,-1],[3,-2],[1,-3]],[[6204,1132],[0,1]],[[6204,1133],[0,-1]],[[6204,1133],[0,-1]],[[6204,1132],[-2,-2],[-5,0],[-4,2],[1,2],[6,1],[4,-2]],[[6227,1248],[9,-1],[-1,-2],[-10,1],[2,2]],[[6232,1261],[-13,3],[11,0],[9,-1],[-1,-2],[-6,0]],[[6245,1274],[2,-2],[-19,1],[-8,1],[-10,1],[3,3],[11,-1],[5,-2],[8,-1],[8,0]],[[6233,1321],[-4,-4],[-2,1],[0,3],[6,0]],[[6268,1864],[6,2],[2,3],[6,0],[1,2],[5,0],[7,-4],[9,-3],[13,-1],[5,-1],[3,-2],[4,-5],[5,-4],[-1,-7],[-6,-3],[-2,4],[-12,0],[6,5],[-3,4],[-8,2],[-6,5],[-7,-3],[-3,0],[-7,6],[-4,-1],[0,-3],[-3,-3],[-3,-2],[-6,0],[-1,3],[-5,2],[-6,0],[0,4],[10,-1],[1,1]],[[6339,2343],[6,0],[-1,-2],[-5,0],[0,2]],[[6316,2355],[-2,-1],[-5,4],[6,-1],[1,-2]],[[6371,2642],[-4,-3],[-5,-1],[1,7],[1,2],[5,0],[3,1],[2,-3],[-7,0],[4,-3]],[[6373,2651],[-6,0],[0,3],[6,-1],[0,-2]],[[6387,2656],[-7,1],[-3,3],[3,1],[8,0],[-1,-5]],[[6486,3730],[-3,-1],[0,-4],[8,-6],[2,0],[0,-4],[2,-1],[9,-1],[-1,-3],[4,0],[-1,-3],[-4,0],[-5,-3],[-5,1],[1,4],[-3,2],[-3,1],[2,5],[-4,1],[-1,4],[-4,5],[2,3],[4,0]],[[6501,3720],[-5,2],[-3,0],[1,3],[3,1],[2,3],[6,0],[-3,-3],[-1,-6]],[[6495,3800],[-1,0]],[[6494,3800],[1,0]],[[6491,3820],[2,3],[7,-1],[-4,-2],[-5,0]],[[6499,3852],[7,-1],[1,-3],[-6,1],[-2,3]],[[6490,4039],[-1,1],[5,2],[1,-2],[-5,-1]],[[6516,4139],[-8,2],[2,2],[9,0],[-3,-4]],[[6528,4175],[3,-2],[0,-2],[-4,0],[1,4]],[[6527,4356],[2,0]],[[6529,4356],[4,1]],[[6533,4357],[-4,-3],[-2,2]],[[6529,4356],[-2,0]],[[6527,4356],[0,2]],[[6527,4358],[2,-2]],[[6530,4364],[-3,-2],[-4,2],[1,2],[3,0],[3,-2]],[[6673,5667],[-8,0],[4,4],[4,-4]],[[6658,5687],[-7,1],[2,2],[7,0],[6,-3],[-8,0]],[[6686,5866],[-4,0],[-3,2],[1,3],[2,1],[5,-5],[-1,-1]],[[6698,5904],[12,-1],[0,-1],[-8,0],[-4,2]],[[6707,5915],[12,-2],[0,-1],[-13,0],[1,3]],[[6741,6148],[-1,0]],[[6740,6148],[-1,0]],[[6739,6148],[2,0]],[[6730,6194],[3,-2],[4,-1],[-2,-5],[-3,0],[1,6],[-3,2]],[[6717,6283],[1,2]],[[6718,6285],[0,-1]],[[6718,6284],[1,-1]],[[6719,6283],[-2,0]],[[6717,6287],[1,-1]],[[6718,6286],[0,-1]],[[6718,6285],[-1,-2]],[[6717,6283],[2,0]],[[6719,6283],[-6,-1],[-1,1],[1,4],[4,0]],[[6728,6290],[0,2]],[[6728,6292],[0,-2]],[[6732,6298],[1,-1]],[[6733,6297],[-1,1]],[[6736,6311],[1,-2],[-6,0],[1,-5],[3,0],[-1,-3],[-3,1]],[[6731,6302],[1,-4]],[[6732,6298],[-4,-3]],[[6728,6295],[0,-3]],[[6728,6292],[0,-2]],[[6728,6290],[-3,-1],[-4,-5],[-3,0]],[[6718,6284],[0,2]],[[6718,6286],[-1,1]],[[6717,6287],[1,3],[4,2],[2,3],[0,4],[2,2],[-4,1],[1,4],[-3,1],[1,3]],[[6721,6310],[4,1],[2,2],[0,3],[6,-1],[6,3],[4,-5],[0,-2],[-7,0]],[[6745,6332],[-1,0]],[[6744,6332],[1,0]],[[6745,6332],[-1,0]],[[6744,6332],[-2,2]],[[6742,6334],[-2,2],[6,0],[2,-4],[-3,0]],[[6849,7340],[-7,1],[-3,1],[-7,0],[-15,1],[-2,1],[-3,-1],[-12,1],[-11,1],[1,-1],[12,-1],[12,-2],[15,0],[-1,-1],[-22,1],[4,-2],[8,-1],[5,-2],[-16,1],[-3,-2],[-14,1],[-18,1],[0,3],[2,3],[11,-1],[3,5],[-10,0],[-3,2],[16,-1],[0,1],[-10,0],[-1,3],[15,-1],[8,-1],[3,-1],[15,-1],[5,-1],[9,1],[8,-1],[2,-2],[18,-1],[12,0],[0,-2],[-6,0],[2,-2],[8,0],[3,-2],[6,0],[2,-4],[5,-1],[-2,-2],[0,-3],[-3,-2],[-11,-1],[-22,1],[-8,2],[3,2],[9,-1],[-5,3],[-2,2],[12,0],[0,2],[6,0],[6,0],[-2,3],[-10,0],[-1,0],[-16,0],[0,1]],[[6832,7340],[2,0],[10,0],[-1,-2],[-10,1],[-1,1]],[[6874,7936],[-2,0]],[[6872,7936],[2,0]],[[6934,8414],[-1,2],[0,4],[6,-2],[0,-2],[-5,-2]],[[6175,628],[5,2],[1,-5],[-2,-2],[-4,1],[0,4]],[[6211,672],[6,0],[3,-3],[-4,-1],[-5,4]],[[6233,1077],[4,1],[1,2],[4,0],[-1,-3],[-8,0]],[[6228,1080],[7,4],[1,-2],[0,-3],[-6,0],[-2,1]],[[6251,1195],[-13,3],[6,0],[11,-1],[1,-3],[-5,1]],[[6243,1205],[-2,-2],[-13,3],[-1,2],[7,0],[5,-2],[4,-1]],[[6230,1220],[9,0],[10,0],[-3,-3],[-14,1],[-2,2]],[[6246,1223],[-14,0],[0,2],[8,0],[5,0],[14,-1],[-2,-2],[-11,1]],[[6236,1230],[7,-1],[-1,-2],[-6,0],[0,3]],[[6246,1238],[-4,-2],[10,0],[-4,-2],[-10,0],[2,2],[-3,2],[0,2],[9,1],[0,2],[3,2],[0,-6],[-3,-1]],[[6233,1250],[7,2],[3,-2],[-10,0]],[[6238,1255],[-13,0],[4,2],[12,-1],[6,-1],[1,-2],[-10,2]],[[6249,1256],[4,4],[4,-2],[-8,-2]],[[6238,1296],[6,-1]],[[6244,1295],[-4,0],[-2,1]],[[6270,1306],[4,-2]],[[6274,1304],[-4,0],[0,2]],[[6270,1306],[-4,3]],[[6266,1309],[4,-3]],[[6274,1304],[5,2],[-5,3],[0,2],[-5,0],[-3,-2]],[[6266,1309],[-5,1],[-11,0],[-2,-1],[-7,0],[-7,2],[4,2],[6,-2],[8,1],[8,0],[10,1],[2,2],[3,-3],[3,-2],[2,-2],[3,0],[2,-3],[-3,-1],[-8,0]],[[6262,1320],[-5,-2],[-5,1],[0,4],[3,-2],[7,-1]],[[6268,1324],[-2,3],[-8,2]],[[6258,1329],[6,1],[5,-4],[-1,-2]],[[6246,1327],[2,3],[5,0],[1,-2],[-8,-1]],[[6257,1341],[-3,-1]],[[6254,1340],[3,1]],[[6285,1726],[2,3],[6,-1],[-5,-3],[-3,1]],[[6346,1848],[-4,0],[-4,2],[4,3],[6,-4],[-2,-1]],[[6376,2549],[4,7],[4,1],[1,-5],[-5,-3],[-4,0]],[[6388,2571],[-5,0],[-4,-5],[-4,1],[-3,3],[2,2],[0,2],[7,-1],[7,0],[0,-2]],[[6388,2630],[-4,0],[-1,3],[6,0],[-1,-3]],[[6452,2674],[-6,-4],[-3,0],[-2,-4],[-4,-3],[-9,0],[-2,1],[0,5],[4,2],[9,0],[1,4],[-3,1],[-8,6],[-6,2],[-1,3],[0,7],[-4,3],[-3,1],[1,3],[-3,2],[0,2],[4,2],[-9,3],[5,2],[0,3],[6,0],[0,2],[-7,1],[-1,2],[7,0],[10,1],[9,-1],[0,-3],[-6,1],[-2,-2],[-3,2],[-6,0],[1,-3],[6,-3],[0,-2],[-6,0],[-7,2],[-1,-2],[5,-1],[3,-3],[9,-1],[3,-7],[4,-1],[-2,-7],[3,-2],[6,-1],[5,-5],[2,-3],[1,-5]],[[6418,2729],[4,0],[1,-2],[-5,0],[0,2]],[[6554,3727],[-1,-2],[-3,0],[0,-4],[-5,1],[3,2],[-16,1],[-3,0],[0,3],[8,-1],[4,2],[4,-3],[3,0],[2,2],[4,-1]],[[6595,4236],[5,2],[0,-3],[-5,-1],[0,2]],[[6704,5487],[1,4],[-6,-1],[1,3],[6,-2],[0,-3],[-2,-1]],[[6717,5886],[6,3],[1,2],[0,9],[3,0],[3,3],[16,9],[2,2],[2,5],[5,6],[2,3],[1,4],[3,5],[1,8],[2,5],[3,1],[2,5],[0,8],[-6,15],[-3,6],[-4,4],[-12,14],[-5,9],[0,2],[-7,8],[-5,3],[-2,3],[0,7],[-4,3],[1,7],[-1,2],[1,9],[3,7],[4,3],[0,3],[-2,1],[3,7],[4,-2],[0,-8],[4,-1],[-3,-3],[-2,0],[-2,-2],[7,-4],[-1,-2],[-4,0],[1,-3],[7,-7],[3,-3],[6,-2],[5,-1],[4,-2],[-2,-3],[-7,1],[2,-4],[4,-1],[5,-4],[-7,0],[7,-6],[1,-7],[11,-3],[-4,-2],[10,-7],[0,-2],[5,-3],[6,-1],[-6,-2],[2,-4],[9,-7],[9,-1],[0,-1],[-10,0],[-3,-1],[0,-3],[3,-2],[1,-7],[-5,4],[-5,-1],[-1,-4],[1,-4],[-4,1],[-8,-4],[-2,-3],[-1,-5],[-1,-2],[0,-9],[1,-1],[0,-4],[8,-6],[-1,-6],[-2,-4],[2,-4],[8,-6],[2,1],[4,-2],[-1,-5],[-2,-4],[-5,-1],[-2,-2],[-3,0],[-6,4],[-4,-2],[-11,-1],[0,-1],[-5,-3],[-4,0],[-2,-3],[0,-6],[3,-1],[-3,-4],[-8,-4],[-6,0],[0,-1],[-8,-5],[-10,1],[-8,4],[1,4],[7,3],[2,2],[1,3]],[[6749,6046],[1,2],[5,-2],[-1,-1],[-5,1]],[[6741,6080],[1,-2],[-3,0],[-7,0],[1,2],[5,2],[3,-2]],[[6736,6087],[6,1],[3,-2],[-2,-2],[-7,1],[0,2]],[[6742,6093],[4,1],[0,-4],[-5,0],[1,3]],[[6739,6148],[1,0]],[[6740,6148],[1,0]],[[6741,6148],[-2,0]],[[6739,6158],[6,1],[1,-2],[-4,-1],[-3,2]],[[6751,6162],[-8,1],[-6,-1],[-4,5],[5,-1],[0,-2],[13,-2]],[[6772,6334],[1,-1],[-1,-3],[-4,-3],[-7,1],[-4,2],[2,3],[4,-3],[6,-1],[3,2],[0,3]],[[6940,7936],[-1,0]],[[6939,7936],[-1,-1]],[[6938,7935],[-1,0]],[[6937,7935],[3,2]],[[6940,7937],[0,-1]],[[6976,8312],[7,0],[2,1]],[[6985,8313],[-3,-2],[-6,0],[0,1]],[[6967,8315],[9,-2],[0,-1]],[[6976,8312],[-2,1],[-6,1],[-1,1]],[[6962,8336],[-2,2],[3,2],[3,-1],[-1,-4],[-3,1]],[[6976,8436],[5,2],[1,-2],[-6,0]],[[7008,8752],[0,-3],[-3,0],[-2,5],[-2,4],[6,-2],[-2,-2],[3,-2]],[[7009,8943],[-1,0]],[[7008,8943],[1,1]],[[7009,8944],[2,0]],[[7011,8944],[-2,-1]],[[7023,8944],[1,0]],[[7024,8944],[1,0]],[[7025,8944],[-2,0]],[[7005,8945],[3,-2]],[[7008,8943],[1,0]],[[7009,8943],[-3,0],[-1,2]],[[7025,8944],[-1,0]],[[7024,8944],[-1,0]],[[7023,8944],[2,0]],[[7011,8944],[-2,0]],[[7009,8944],[0,4],[4,3]],[[7013,8951],[1,-5],[-3,-2]],[[6992,8949],[1,1]],[[6993,8950],[-1,-1]],[[6993,8950],[-1,-1]],[[6992,8949],[1,1]],[[7003,8962],[-2,0],[1,-5],[-3,-1],[2,8],[2,-2]],[[7006,8959],[2,-1]],[[7008,8958],[-2,1]],[[7006,8959],[-3,3]],[[7003,8962],[7,0],[-2,-4]],[[7008,8958],[-2,1]],[[6238,604],[-10,0],[-9,1],[-5,-1],[-12,0],[3,2],[3,-1],[7,0],[2,2],[3,0],[12,-1],[2,-2],[4,0]],[[6299,616],[-7,0],[-6,2]],[[6286,618],[8,0],[5,-2]],[[6298,1371],[-5,1],[1,4],[7,1],[2,1],[6,1],[3,2],[4,-1],[2,4],[2,2],[0,6],[3,2],[3,-1],[0,-5],[-3,-4],[-8,-7],[-6,-1],[-6,0],[0,-2],[-5,-3]],[[6384,1428],[-5,-1],[0,4],[7,0],[2,-3],[-4,0]],[[6367,1563],[5,1],[0,-2],[-5,-1],[0,2]],[[6377,1951],[-3,0],[0,3],[8,2],[1,-3],[-2,-2],[-4,0]],[[6455,2670],[7,3],[-1,-3],[-2,-2],[-4,2]],[[6475,2673],[3,0],[0,-3],[-4,-1],[1,4]],[[6468,2670],[2,4],[3,-2],[-5,-2]],[[6452,2757],[4,-1],[-1,-2],[-6,1],[3,2]],[[6472,2772],[5,-4],[-9,0],[-3,-3],[-4,-1],[-3,4],[7,4],[3,-2],[4,2]],[[6471,2778],[8,-1],[1,-2],[-7,1],[-2,2]],[[6475,2792],[5,1],[0,-3],[-5,2]],[[6506,2799],[1,-3],[-4,0],[-2,2],[5,1]],[[6503,2817],[10,0],[5,1],[-1,-2],[-2,-3],[-6,-4],[-6,-1],[-1,-3],[3,-1],[2,3],[3,0],[2,-3],[6,-1],[8,-1],[2,-4],[-5,0],[-5,2],[-17,0],[-3,-1],[-13,1],[3,2],[5,0],[4,2],[-5,4],[1,7],[4,2],[0,4],[6,0],[0,-4]],[[6503,2817],[0,-2],[6,-1],[1,2],[-7,1]],[[6500,2809],[3,1],[0,3],[-3,2],[-4,0],[1,-6],[3,0]],[[6513,2829],[-2,1],[0,3],[6,0],[-4,-4]],[[6593,3975],[1,4],[10,2],[-1,-4],[-4,-2],[-6,0]],[[6622,4137],[2,1],[5,0],[-3,-4],[-5,1],[1,2]],[[6656,4142],[4,-1],[0,-2],[-3,-2],[-5,1],[0,3],[4,1]],[[6729,5467],[-2,-5],[-4,2],[-2,-3],[-4,1],[4,3],[4,5],[4,-3]],[[6833,6343],[-1,1]],[[6832,6344],[1,-1]],[[6865,6536],[-3,-1],[1,4],[2,-1],[0,-2]],[[6946,7331],[-7,2],[0,2],[10,-2],[6,-1],[1,2],[-5,1],[-18,1],[2,2],[12,-1],[11,-2],[-1,-2],[3,-3],[-14,1]],[[6987,7848],[5,-1],[-2,-2],[-3,3]],[[7007,7920],[5,-8],[-4,0],[-2,2],[-2,5],[3,1]],[[6995,7922],[0,2]],[[6995,7924],[0,-2]],[[6995,7922],[0,2]],[[6995,7924],[0,-2]],[[7009,7932],[1,-5],[-5,-2],[-4,-1],[-5,1],[-5,1],[-3,1],[1,4],[10,-1],[3,1],[1,2],[6,-1]],[[6983,8045],[-6,1],[1,2],[5,-1],[9,0],[-9,-2]],[[6983,8239],[2,2],[4,0],[0,-3],[-6,1]],[[6995,8239],[-4,1],[-2,2],[7,-1],[-1,-2]],[[6995,8244],[-9,-1],[-1,3],[11,-1],[-1,-1]],[[6986,8248],[6,1],[5,-2],[-1,-1],[-8,0],[-2,2]],[[6975,8250],[7,0],[-1,-1],[-6,0],[0,1]],[[7038,8257],[6,-1],[1,-2],[7,0],[1,-3],[-14,1],[-1,5]],[[7024,8258],[3,-2],[5,0]],[[7032,8256],[-4,-1],[-2,0],[-2,3]],[[7021,8259],[1,0]],[[7022,8259],[-1,0]],[[7021,8259],[0,3],[5,-1],[-2,-3]],[[7024,8258],[-2,1]],[[7022,8259],[-1,0]],[[7038,8257],[-1,-2],[-5,1]],[[7032,8256],[4,0],[5,4],[2,4],[-2,1],[0,3],[1,1]],[[7042,8269],[-1,-4],[2,-1],[0,-3],[-5,-4]],[[7074,8705],[-1,2],[2,3],[4,-1],[-5,-4]],[[7026,8712],[5,1],[4,3],[3,-1],[5,-4],[10,-3],[12,0],[6,0],[-3,-3],[-4,0],[-2,2],[-5,0],[-7,-1],[-5,2],[0,2],[-6,1],[-2,-1],[-2,2],[-3,-2],[-6,2]],[[7066,8711],[-2,-1],[-13,1]],[[7051,8711],[11,-1],[4,1]],[[7051,8711],[-3,0]],[[7048,8711],[3,0]],[[6342,597],[7,2],[3,-2],[5,-1],[5,1],[-1,-5],[-3,-3],[-4,-1],[0,-4],[2,-3],[3,0],[-1,-3],[-7,7],[-4,5],[0,3],[-5,4]],[[6342,597],[-3,2],[-10,5],[-3,4],[8,-1],[-1,-3],[1,-2],[7,0],[1,-5]],[[6359,658],[1,-3],[-5,1],[4,2]],[[6355,942],[7,4],[4,-3],[1,-2],[-12,1]],[[6390,1038],[4,1],[0,-3],[-4,-3],[-8,-2],[-2,0],[-7,-3],[-6,0],[0,2],[-7,1],[-2,4],[7,-1],[5,-2],[7,0],[4,1],[2,3],[-1,2],[8,0]],[[6395,1049],[-7,2],[0,3],[7,3],[1,-3],[-1,-5]],[[6403,1069],[1,3],[11,0],[3,-1],[-1,-4],[-7,0],[-7,2]],[[6358,1077],[-1,-2],[-7,1],[-5,-2],[0,3],[5,5],[11,-2],[-3,-3]],[[6436,1437],[-1,2],[5,1],[4,-2],[-1,-1],[-7,0]],[[6491,1823],[5,0],[-1,-2],[-5,-1],[1,3]],[[6484,1843],[-1,2],[3,3],[5,-2],[0,-3],[-2,-2],[-5,2]],[[6576,2625],[1,4],[7,-1],[-2,-4],[-6,1]],[[6567,2637],[2,-3],[-4,-2],[0,3],[2,2]],[[6567,2637],[-6,2],[-2,-2],[-5,0],[-4,3],[-10,2],[-1,2],[6,3],[18,-5],[5,-3],[-1,-2]],[[6599,3284],[-2,2],[1,6],[1,4],[3,-1],[0,-5],[-3,-6]],[[6645,3394],[-5,1],[2,2],[6,0],[1,-2],[-4,-1]],[[6725,4192],[-1,2],[6,1],[-1,-3],[-4,0]],[[6741,4345],[-5,0],[1,2],[3,1],[1,-3]],[[6730,4620],[0,2],[5,0],[0,-3],[-5,1]],[[7026,7316],[-4,3],[-13,1],[-1,1],[14,0],[7,-2],[2,-1],[-5,-2]],[[7055,8247],[-2,2],[-3,0],[-2,1],[10,-1],[-3,-2]],[[7058,8253],[-4,2],[3,5],[0,3],[4,-2],[-2,-2],[-1,-6]],[[7092,8293],[-3,3]],[[7089,8296],[5,1],[4,3]],[[7098,8300],[-2,-1]],[[7096,8299],[-4,-6]],[[7096,8299],[2,1]],[[7098,8300],[-2,-1]],[[7077,8323],[2,1]],[[7079,8324],[-2,-1]],[[7079,8324],[-2,-1]],[[7077,8323],[-5,1],[-5,1],[-4,1],[-2,2],[12,-1],[6,-3]],[[7134,8661],[1,0]],[[7135,8661],[4,-2]],[[7139,8659],[-5,2]],[[7126,8656],[-1,1],[-4,-1],[-2,4],[5,-2],[2,-2]],[[7131,8662],[0,3]],[[7131,8665],[2,0]],[[7133,8665],[2,-4]],[[7135,8661],[-1,0]],[[7134,8661],[-3,1]],[[7131,8665],[-2,-1],[-3,0]],[[7126,8664],[5,1]],[[7122,8666],[-5,0],[-2,5],[5,0],[6,-3],[0,-3],[-4,1]],[[7139,8674],[1,-2]],[[7140,8672],[-1,2]],[[7140,8672],[-1,2]],[[7139,8674],[1,-2]],[[7109,8751],[1,0]],[[7110,8751],[-1,0]],[[7110,8751],[-1,0]],[[7109,8751],[1,0]],[[7131,8792],[-2,2],[3,3],[1,-5],[-2,0]],[[7141,8809],[0,-4],[-2,0],[0,4],[2,0]],[[7141,8809],[-3,1],[-1,-4],[-1,-2]],[[7136,8804],[-2,-1],[0,-4]],[[7134,8799],[-2,3],[2,2],[2,6],[-2,1],[0,3],[3,1]],[[7137,8815],[1,3]],[[7138,8818],[1,0]],[[7139,8818],[-1,-4]],[[7138,8814],[-1,-3],[4,-2]],[[7139,8818],[0,1]],[[7139,8819],[0,-1]],[[7139,8819],[-1,-1]],[[7138,8818],[0,3],[3,1]],[[7141,8822],[-2,-3]],[[7144,8822],[-3,0]],[[7141,8822],[3,4],[-1,3]],[[7143,8829],[2,-4],[-1,-3]],[[7134,8830],[2,-1],[-1,-3],[-3,0],[2,4]],[[7153,8839],[2,0]],[[7155,8839],[0,-2]],[[7155,8837],[-2,2]],[[7153,8840],[0,-1]],[[7153,8839],[-2,0]],[[7151,8839],[2,1]],[[7160,9012],[0,-3],[-5,0],[0,4],[5,-1]],[[7144,9056],[1,0]],[[7145,9056],[2,-2],[0,-5],[-4,3],[1,4]],[[7145,9056],[-1,0]],[[7144,9056],[1,0]],[[6368,560],[1,-7],[-2,-1],[0,5],[-9,6],[2,2],[6,0],[2,-1],[0,-4]],[[6414,614],[-3,-4],[-4,-3]],[[6407,607],[-3,-2],[-4,0],[-1,-3],[-10,0],[-5,-2],[-4,0],[-2,-1],[-7,2],[0,3],[5,1]],[[6376,605],[-4,1],[1,2],[-7,1],[-3,3],[3,4],[8,1],[3,-2],[3,2],[9,0],[14,0],[2,-2],[9,-1]],[[6383,606],[-7,-1]],[[6376,605],[7,0],[0,1]],[[6426,1047],[6,2],[0,2],[-5,1],[0,1],[3,2],[7,0],[2,-5],[3,0],[2,-4],[-4,-5],[-1,-3],[-3,-6],[-3,2],[0,3],[4,1],[-12,3],[-3,3],[-1,2],[5,1]],[[6433,1041],[3,1],[1,4],[-5,-2],[1,-3]],[[6424,1063],[-1,4],[4,0],[2,-4],[-5,0]],[[6489,1073],[-1,-1]],[[6488,1072],[-2,-2],[-5,0],[-3,-1],[-1,-4],[2,-1],[-5,-2],[-4,1],[-4,1],[-22,-4],[-11,0],[4,3],[6,0],[7,1],[5,3],[0,5],[-2,3],[7,0],[5,1],[1,4],[-6,0],[-3,-2],[-14,-1],[-4,1],[0,3],[-1,3],[13,-2],[1,-1],[7,0],[2,2],[7,2],[2,-3],[5,0],[1,-1],[5,-2],[8,0],[5,-1],[0,-3],[-5,-2]],[[6457,1109],[0,-3],[-4,0],[0,3],[4,0]],[[6430,1144],[1,-3],[-4,0],[-1,2],[4,1]],[[6445,1146],[1,0]],[[6446,1146],[-1,0]],[[6446,1146],[-1,0]],[[6445,1146],[-4,-1],[0,4],[3,0],[2,-3]],[[6473,1237],[-4,-1],[-11,-1],[-1,2],[-1,6],[6,-2],[8,-1],[3,-3]],[[6470,1244],[1,1],[7,0],[-1,-2],[-4,0],[-3,1]],[[6478,1481],[-2,-3],[-4,-1],[0,4],[6,0]],[[6550,1826],[-2,0],[-1,3],[5,0],[-2,-3]],[[6594,2620],[3,4],[5,-2],[-1,-3],[-2,-1],[-5,0],[0,2]],[[6736,4150],[0,2],[6,1],[1,-3],[-3,-1],[-4,1]],[[6750,4151],[1,2],[4,-1],[-3,-5],[-2,1],[0,3]],[[6786,4307],[-3,-1],[-3,3],[0,5],[6,-2],[0,-5]],[[6795,4312],[3,-2],[-3,-2],[-6,1],[-1,3],[-3,2],[1,2],[5,1],[0,-4],[4,-1]],[[6808,4332],[1,-1],[0,-5],[-4,-2],[-3,1],[-5,0],[1,5],[5,4],[0,2],[6,0],[2,-1],[-3,-3]],[[6801,4749],[-5,-1],[-5,2],[1,4],[1,2],[11,-1],[2,-4],[-5,-2]],[[6809,4749],[-2,1],[5,4],[5,1],[-2,-4],[-6,-2]],[[6842,4765],[4,0],[0,-3],[-5,0],[1,3]],[[7065,7307],[13,-2],[1,-3],[-9,0]],[[7070,7302],[0,-2],[-5,0],[-4,1],[-1,5],[5,1]],[[7043,7315],[1,1],[6,-2],[12,-1],[3,-2],[-11,1],[-2,1],[-9,2]],[[7036,7319],[-5,0],[0,2],[8,-1],[10,-1],[-1,-1],[-8,0],[-4,1]],[[7051,7322],[-6,0],[-1,1],[-9,2],[1,2],[5,-2],[2,-1],[4,0],[4,-2]],[[7087,7898],[4,-3],[-1,-2],[-4,1],[1,4]],[[7146,8291],[-3,0],[1,3],[2,0],[0,-3]],[[7117,8298],[4,0]],[[7121,8298],[-4,0]],[[7156,8298],[-5,1]],[[7151,8299],[5,-1]],[[7150,8302],[1,-3]],[[7151,8299],[-1,3]],[[7140,8302],[-4,-1]],[[7136,8301],[4,1]],[[7150,8302],[-6,0],[-4,0]],[[7140,8302],[4,1],[6,-1]],[[7157,8659],[-1,-2],[-3,-2],[-1,4],[5,0]],[[7140,8665],[6,-3],[0,-4],[-5,4],[-1,3]],[[7150,8661],[4,0],[3,-2]],[[7157,8659],[-7,1],[0,1]],[[7150,8661],[0,4]],[[7150,8665],[0,-4]],[[7163,8664],[-2,-2],[-3,5],[4,-1],[1,-2]],[[7163,8672],[2,0]],[[7165,8672],[-2,0]],[[7169,8671],[-4,1]],[[7165,8672],[4,-1]],[[7179,8677],[-3,2],[4,3],[-1,-5]],[[7191,8691],[-4,1]],[[7187,8692],[-4,0],[-3,-2],[4,-3],[1,-3],[-7,5],[-3,0],[-2,2],[2,4],[4,0],[7,0],[5,-4]],[[7159,8833],[0,1]],[[7159,8834],[0,1]],[[7159,8835],[0,-2]],[[7159,8834],[0,-1]],[[7159,8833],[0,1]],[[7159,8837],[1,0]],[[7160,8837],[-1,-2]],[[7159,8835],[-1,1]],[[7158,8836],[1,1]],[[7168,8833],[-1,1],[-5,1],[-1,2]],[[7161,8837],[7,-2],[0,-2]],[[7155,8839],[-2,1]],[[7153,8840],[7,-1]],[[7160,8839],[1,-2]],[[7161,8837],[-1,0]],[[7160,8837],[-1,0]],[[7159,8837],[-1,-1]],[[7158,8836],[-3,1]],[[7155,8837],[0,2]],[[7167,8851],[2,-3],[2,0],[3,-2],[-4,-1],[-2,1],[-1,5]],[[7200,8852],[4,-4],[-3,0],[-1,4]],[[7167,8851],[-1,1]],[[7166,8852],[-5,-1]],[[7161,8851],[7,4],[4,-1],[-2,-3],[-3,0]],[[7156,8845],[-2,0],[1,5],[2,-1],[-1,-4]],[[7191,8976],[-3,-2],[-3,1],[-1,4],[3,2],[2,-3],[2,-2]],[[6499,898],[-4,-3],[-6,-1],[0,2],[10,2]],[[6470,908],[-2,-3],[6,-4],[0,-2],[-5,-1],[-3,3],[0,4],[-3,3],[3,1],[4,-1]],[[6472,908],[4,2]],[[6476,910],[0,-4],[4,0],[0,3],[1,6],[5,-2],[4,5],[3,0],[-1,-4],[-7,-3],[2,-4],[-1,-2],[-7,0],[0,-2],[4,-1],[0,-2],[3,-3],[-1,-3],[-4,2],[1,2],[-8,1],[3,4],[0,2],[-4,0],[-1,3]],[[6472,908],[-2,0]],[[6470,908],[0,2]],[[6470,910],[2,-2]],[[6524,1064],[5,1],[-1,-4],[-4,0],[0,3]],[[6488,1072],[1,1]],[[6489,1073],[-1,-1]],[[6517,1083],[4,3],[3,-2],[-4,-3],[-3,2]],[[6532,1096],[1,4],[3,-2],[-4,-2]],[[6535,1238],[9,1],[3,-3],[0,-2],[-4,-1],[-10,1],[1,2],[-6,0],[1,3],[-2,3],[2,1],[6,-5]],[[6497,1262],[0,-4],[-3,0],[0,4],[3,0]],[[6588,1986],[-2,0],[2,4],[4,0],[0,-4],[-4,0]],[[6618,2033],[1,-3],[-5,0],[4,3]],[[6826,4187],[-3,-1],[-2,3],[5,0],[0,-2]],[[6827,4291],[1,-3],[-6,1],[-2,2],[2,2],[-2,3],[2,2],[6,-6],[-1,-1]],[[6822,4307],[-7,-2],[-4,0],[-1,-2],[3,-4],[-2,-3],[-4,0],[1,5],[-6,1],[1,7],[3,-1],[4,0],[1,3],[3,0],[8,-4]],[[6826,4311],[-1,-3],[-2,-1],[-3,4],[-4,2],[2,2],[3,1],[5,-1],[0,-4]],[[6799,4320],[2,2],[4,0],[-1,-3],[-5,1]],[[6819,4324],[7,1],[-1,-4],[-1,-1],[-5,0],[-3,-1],[1,4],[2,1]],[[6845,4347],[4,3],[4,-2],[0,-1],[-5,-2],[-3,2]],[[6858,4775],[0,2],[6,1],[1,-3],[-5,-2],[-2,2]],[[6881,4789],[4,2],[4,0],[0,-4],[-6,-1],[-2,3]],[[6911,4794],[-9,-4],[-5,0],[3,2],[5,1],[12,7],[3,-2],[-3,-2],[-6,-2]],[[6919,4946],[-3,2],[2,2],[4,0],[4,-2],[-2,-3],[-5,1]],[[7128,7284],[-5,-2],[-7,0],[-1,4],[12,0],[1,-2]],[[7084,7287],[-3,3],[4,0],[1,-2],[-2,-1]],[[7109,7289],[7,0],[0,-1],[-6,0],[-1,1]],[[7093,7291],[-1,1]],[[7092,7292],[9,0],[7,-2],[1,-1]],[[7109,7289],[-13,0],[-3,2]],[[7090,7294],[-1,0]],[[7089,7294],[1,0]],[[7090,7294],[-1,0]],[[7089,7294],[1,0]],[[7092,7292],[1,-1]],[[7093,7291],[-11,0],[-3,3],[-10,1],[-3,1],[1,3],[8,-1],[0,-2],[9,-3],[5,0],[3,-1]],[[7122,7294],[-10,-1],[-1,4],[6,0],[5,-3]],[[7110,7297],[-5,-1],[-9,0],[-3,2],[-1,-2],[-5,0],[-2,2],[1,2],[7,0],[8,-2],[9,-1]],[[7124,7303],[12,0],[-2,-2],[-9,1],[-1,1]],[[7081,7310],[-5,-1],[-1,2],[6,-1]],[[7085,7313],[-6,-1],[-5,2],[-10,0],[-9,2],[1,1],[10,-1],[6,-1],[6,-1],[7,-1]],[[7106,7326],[-5,0],[0,1],[6,0],[-1,-1]],[[7111,7333],[5,0],[5,-1],[-1,-2],[-7,0],[-2,3]],[[7136,7909],[2,-3],[4,-2],[4,-6],[3,-2],[-6,-4],[-5,1],[-1,-3],[-5,1],[0,3],[7,4],[1,3],[-8,6],[4,2]],[[7186,7904],[-4,-4]],[[7182,7900],[-1,2],[5,2]],[[7157,8033],[6,-1],[0,-1],[-8,0],[2,2]],[[7146,8046],[-3,-3],[-5,0],[1,3],[7,0]],[[7164,8071],[3,0],[-1,5],[6,5],[1,2],[3,2]],[[7176,8085],[-1,-5],[-4,-3],[-2,-2],[3,-3],[0,-3],[2,-2]],[[7174,8067],[-2,-3],[2,-4],[-7,0],[2,-6],[-3,0],[0,3],[-3,4],[1,5],[3,4],[-3,1]],[[7166,8063],[-2,-2],[5,-1],[1,2],[1,9],[-4,-1],[-1,-7]],[[7176,8085],[8,5],[0,-2],[-3,-2],[-5,-1]],[[7217,8222],[-5,1],[-1,1],[-6,-1],[-8,1],[-1,1],[12,0],[6,0],[3,-3]],[[7142,8255],[5,-1],[0,-4],[-2,-4],[2,-1],[1,-6],[3,-3],[5,-3],[3,-4],[4,-1],[0,-2],[7,-1],[7,3],[2,4],[5,1],[9,-1],[1,-1]],[[7194,8231],[-8,0],[-5,0],[1,-4],[-5,-9],[-4,-1],[-2,-4],[-2,2],[1,2],[-8,2],[-6,3],[-11,8],[-3,4],[-1,2],[0,5],[-2,2],[-2,0],[-1,3],[2,2],[7,2],[0,2],[-3,3]],[[7226,8829],[1,-1],[-11,0],[3,2],[8,2],[-1,-3]],[[7206,8839],[1,-1],[7,0],[0,-2],[-8,1],[0,2]],[[7201,8835],[5,4]],[[7206,8839],[-2,-4],[-3,0]],[[7219,8854],[2,-3]],[[7221,8851],[-4,1],[2,2]],[[7224,8860],[0,-2],[-5,-4]],[[7219,8854],[0,2],[5,4]],[[7262,8879],[-8,0],[-1,3],[5,0],[4,-3]],[[7263,8891],[-2,0]],[[7261,8891],[2,0]],[[7261,8891],[-3,1],[-4,2],[1,2]],[[7255,8896],[6,-5]],[[7245,9147],[-5,2],[3,1],[2,-3]],[[6519,601],[-10,0],[-9,0],[-11,-1]],[[6489,600],[9,2],[4,-1],[3,2],[4,-1],[10,-1]],[[6619,1829],[8,0],[1,-4],[0,-4],[-5,-3],[-1,-3],[0,-8],[-2,-3],[4,-3],[12,-2],[3,-1],[1,-2],[-5,0],[-10,2],[-7,2],[-1,3],[-3,1],[0,4],[4,3],[0,2],[-5,3],[-10,0],[-2,5],[-5,5],[1,9],[4,0],[6,-5],[12,-1]],[[6627,1859],[0,1],[10,0],[-1,-3],[-4,0],[-5,2]],[[6750,2966],[-4,2],[7,1],[-3,-3]],[[6771,2982],[-4,-1],[-4,0],[7,3],[1,4],[4,1],[-1,-6],[-3,-1]],[[6850,3453],[-2,-1],[-4,0],[-1,-1],[-16,2],[-10,0],[3,5],[2,-3],[18,-1],[2,4],[3,-2],[4,0],[1,-3]],[[6849,3458],[-3,1],[1,2],[4,0],[-2,-3]],[[6899,4569],[-5,0],[2,2],[4,0],[-1,-2]],[[6927,4958],[3,1],[5,0],[4,-3],[-3,-1],[-4,0],[-5,3]],[[7188,7254],[1,-1]],[[7189,7253],[-1,1]],[[7149,7269],[-4,1],[4,4],[2,-3],[-2,-2]],[[7201,7268],[-6,1],[-6,0],[-4,2],[0,2],[6,-2],[6,0],[6,-1],[-2,-2]],[[7203,7278],[-8,1],[-7,2],[11,0],[4,-3]],[[7193,7668],[-1,2],[4,0],[2,-1],[0,-4],[-3,1],[-2,2]],[[7222,7765],[0,1]],[[7222,7766],[0,-1]],[[7223,7779],[1,-1]],[[7224,7778],[-1,1]],[[7235,7783],[-1,1]],[[7234,7784],[1,-1]],[[7220,7802],[3,-1],[-1,-3],[-3,0],[1,4]],[[7202,7834],[3,0],[0,-2]],[[7205,7832],[-3,2]],[[7198,7864],[0,-4],[-4,0],[4,4]],[[7191,7877],[-1,0]],[[7190,7877],[0,1]],[[7190,7878],[-2,2],[1,4],[5,0]],[[7194,7884],[-2,0],[-2,-5],[1,-2]],[[7204,7983],[0,-2],[-6,-1],[-1,-1],[-5,0],[1,4],[-2,3],[7,0],[6,-3]],[[7219,8110],[-6,1],[6,7],[7,1],[0,-3],[4,-1],[-1,-3],[-10,-2]],[[7272,8307],[-5,-2],[-2,2]],[[7265,8307],[7,0]],[[7310,8757],[-6,3],[7,1],[3,-3],[-1,-2],[-3,1]],[[7284,8763],[0,-1],[-25,1],[-3,0],[-13,1],[1,1],[14,1],[18,-1],[6,-2],[2,0]],[[7289,8772],[4,-1],[1,3],[9,-1],[-1,-4],[6,-3],[-2,-2]],[[7306,8764],[-3,1],[-2,-1],[-6,2],[-7,2],[1,4]],[[7271,8773],[2,1]],[[7273,8774],[-2,-1]],[[7289,8772],[-1,3]],[[7288,8775],[1,-3]],[[7288,8775],[-5,-4]],[[7283,8771],[2,4],[3,0]],[[7278,8772],[1,4],[2,0],[2,3],[7,-1]],[[7290,8778],[-4,0],[-3,-5],[-3,-2],[-2,1]],[[7260,8777],[0,3]],[[7260,8780],[0,-3]],[[7302,9042],[0,-3]],[[7302,9039],[0,3]],[[7333,9069],[2,-2],[-3,-3],[-1,3],[2,2]],[[7333,9069],[-1,2],[-3,2],[3,2],[2,4],[2,0],[3,-4],[-4,1],[-1,-6],[-1,-1]],[[7334,9098],[1,1]],[[7335,9099],[3,-1],[-2,-5],[4,-2]],[[7340,9091],[-2,0],[0,-4],[2,-2],[-3,-5],[-3,0],[1,5],[-5,-1],[-1,-5],[-5,1],[0,4],[-5,6]],[[7319,9090],[8,-1],[2,1],[0,3],[-2,1]],[[7327,9094],[-2,-2]],[[7325,9092],[-5,4],[2,2]],[[7322,9098],[4,-1],[1,-2],[7,3]],[[7330,9095],[-3,-1]],[[7327,9094],[3,1]],[[7335,9099],[-1,-1]],[[7334,9098],[1,1]],[[7313,9102],[-1,-2],[-4,0],[0,3],[3,2],[3,-1],[-1,-2]],[[7324,9101],[-5,0],[1,6],[2,0],[2,-6]],[[6606,391],[1,0]],[[6607,391],[-1,0]],[[6607,391],[-1,0]],[[6606,391],[1,0]],[[6590,543],[1,-1]],[[6591,542],[-1,1]],[[6591,542],[-1,1]],[[6590,543],[1,-1]],[[6635,614],[-2,-2],[-8,1],[-11,0],[4,4],[-5,0]],[[6613,617],[-2,4],[-4,1],[-4,-1]],[[6603,621],[1,2],[11,-1],[4,1],[2,-3]],[[6621,620],[-1,3],[11,2],[-1,-6],[10,1],[1,-2],[-1,-2],[-5,-2]],[[6641,626],[-5,-1],[-5,1],[0,4],[9,-1],[1,-3]],[[6608,630],[3,2],[5,-1],[5,2],[0,-3],[-10,0],[-3,0]],[[6794,2118],[0,-2],[-6,1],[0,1],[6,0]],[[6865,3471],[-3,-1],[2,6],[3,2],[4,0],[-1,-3],[-5,-4]],[[6999,4494],[0,3],[4,0],[0,-3],[-4,0]],[[6988,4495],[-7,0],[2,3],[0,5],[3,2],[4,-1],[0,-3],[-2,-1],[0,-5]],[[6962,4515],[3,-1],[0,-2],[-5,0],[2,3]],[[7019,4536],[-5,0],[-3,-3],[-1,-3],[-2,-1],[-2,-4],[-3,0],[1,3],[-3,1],[1,2],[2,2],[3,0],[8,4],[6,4],[3,0],[-1,-3],[-4,-2]],[[6978,4718],[-3,3],[4,3],[4,-1],[0,-3],[-5,1],[0,-3]],[[7174,6521],[0,3],[6,-1],[0,-3],[-6,1]],[[7190,6539],[-2,-1],[-7,0],[-16,0],[-1,2],[8,0],[5,1],[4,-2],[9,0]],[[7181,6550],[-7,-1],[0,2],[7,-1]],[[7228,7193],[-7,1],[1,2],[4,-1],[2,-2]],[[7234,7200],[-2,-3],[-4,1],[0,2],[-2,2],[10,2],[-2,-4]],[[7239,7211],[1,3],[7,0],[-1,-3],[-7,0]],[[7247,7232],[-3,0]],[[7244,7232],[-3,3],[12,-1],[4,-3],[-10,1]],[[7216,7235],[-1,1]],[[7215,7236],[1,-1]],[[7172,7251],[-5,3],[-3,0],[-3,4],[6,1],[1,3],[-2,1]],[[7166,7263],[6,-1],[0,-2],[16,-1],[-5,3],[15,-1],[6,-1],[10,0],[8,-4],[4,0],[2,-2],[-11,0],[0,-1],[9,0],[-1,-2],[12,-1],[-1,-2],[-11,0],[-5,2],[-15,1],[4,-3],[8,0],[5,-1],[1,-1],[-7,-2],[-5,2],[-4,-1],[0,-3],[-3,-1],[7,-1],[2,-2],[-7,1],[-5,0]],[[7201,7239],[11,-2],[3,-1]],[[7215,7236],[1,-1]],[[7216,7235],[-2,-3],[-6,0],[-1,1],[-5,1],[-2,2],[2,2],[-5,0],[-2,4],[-4,2],[-6,1],[0,1],[9,1],[-12,4],[-3,-1],[-7,1]],[[7189,7253],[-1,1]],[[7188,7254],[-2,2],[-4,0],[0,-3],[7,0]],[[7208,7262],[-12,1],[0,2],[4,-1],[5,0],[3,-2]],[[7256,7261],[-5,0],[-2,2],[6,0],[1,-2]],[[7216,7271],[-13,1],[1,1],[12,-2]],[[7197,7289],[0,2],[5,-1],[11,0],[-1,-2],[-11,0],[-4,1]],[[7206,7302],[3,1],[10,-1],[0,-1],[-13,1]],[[7250,7322],[6,0],[-1,-2],[-7,0],[2,2]],[[7263,7733],[-5,1],[-3,3],[8,0],[0,-4]],[[7280,7737],[4,-3]],[[7284,7734],[-3,0],[-6,-2],[-8,1],[-3,1],[0,2],[14,0],[2,1]],[[7296,7867],[5,-3],[19,-1],[5,1],[1,1],[11,0],[6,-6],[-6,2],[-2,3],[-5,0],[-4,-2],[-5,0],[-4,-1],[-5,1],[-9,0],[-3,2],[-6,1],[-2,2],[-8,1],[-4,-1]],[[7280,7867],[-3,-2],[-8,-2],[-4,3],[-7,0],[4,3],[5,-1],[2,-3],[3,0],[5,5],[7,0],[1,-1],[7,-1],[4,-1]],[[7295,7891],[4,0],[0,-3],[-4,1],[0,2]],[[7288,7922],[-3,2],[6,1],[2,1],[4,-1],[-1,-2],[-3,0],[-5,-1]],[[7266,7933],[-5,-1],[1,3],[7,0],[1,-2],[-4,0]],[[7293,7935],[-3,0],[0,2],[4,0],[-1,-2]],[[7283,7941],[3,2],[4,-1],[-3,-4],[-5,0],[1,3]],[[7309,7941],[-4,1],[5,4],[4,0],[1,-2],[-6,-3]],[[7304,7957],[0,2],[4,2],[5,0],[-3,-3],[-6,-1]],[[7302,7971],[1,3],[5,0],[2,2],[7,0],[1,-2],[-7,-3],[-4,-3],[-3,0],[-2,3]],[[7288,8307],[-5,2],[-4,0],[-7,-2]],[[7272,8307],[6,3],[15,-1],[-5,-2]],[[7334,8339],[-2,-3]],[[7332,8336],[2,3]],[[7383,8726],[1,-3],[-6,-1],[-1,-2],[-13,1],[-5,-2],[-4,1],[-4,5],[-4,2],[-4,-3],[-9,-2],[-2,1],[2,12],[3,4],[8,-1],[4,-2],[8,0]],[[7357,8736],[3,0],[2,-1],[-2,-7],[0,-3],[4,-2],[1,3],[4,1],[4,4],[5,0],[2,-2],[3,-3]],[[7325,8731],[-6,3],[3,3],[3,-1],[0,-5]],[[7326,8750],[-15,0],[0,1],[8,1],[2,3],[5,1],[0,-6]],[[7339,8759],[2,1],[4,-2],[7,0],[2,-3],[-5,-1],[-1,3],[-3,0],[-2,1],[-4,1]],[[7320,8765],[2,3],[3,0],[1,-6],[-5,1],[-1,2]],[[7343,8922],[-7,0]],[[7336,8922],[7,0]],[[7359,9062],[-5,-5],[-2,2],[0,6],[7,-3]],[[7356,9078],[1,1]],[[7357,9079],[3,-2],[3,0],[2,-4],[-5,0],[0,3],[-4,2]],[[7357,9079],[-1,-1]],[[7356,9078],[-2,1],[0,5],[5,-2],[-2,-3]],[[7373,9082],[0,2]],[[7373,9084],[0,-2]],[[7373,9084],[-6,-2],[-1,-2],[-4,0],[3,5],[1,4],[2,1],[1,3],[4,2],[0,3],[4,1],[3,-2],[0,-10],[4,-1],[-2,-2],[-9,0]],[[7391,9089],[3,3],[6,-2],[4,0],[0,-2],[-3,-2],[-4,0],[-6,3]],[[7350,9101],[-5,0],[-2,-2],[1,-4]],[[7344,9095],[4,2]],[[7348,9097],[2,-1]],[[7350,9096],[0,2],[4,0],[1,2],[3,-1],[-4,-5],[3,-1],[0,-4],[-7,-1],[-3,3],[-7,0]],[[7340,9091],[2,2],[-2,2],[1,4],[-1,4],[-5,1],[3,2],[3,-1],[3,1],[2,-2],[5,0],[-1,-3]],[[7411,9096],[-1,-2],[-3,-2],[-9,1],[2,3],[0,3],[3,2],[4,-2],[4,-3]],[[6652,616],[-5,0],[0,2],[5,-2]],[[6677,630],[1,0]],[[6678,630],[-1,0]],[[6678,630],[-1,0]],[[6677,630],[1,0]],[[6670,641],[-5,0]],[[6665,641],[5,0]],[[6683,640],[-4,-1],[0,3],[4,1],[0,-3]],[[6695,648],[5,0],[1,3],[14,8],[1,-3],[-5,-7],[-3,1],[-3,-2],[-7,-1],[-3,1]],[[6842,2573],[5,1],[0,-2],[-4,-1],[-1,2]],[[6985,3544],[-1,2],[-5,3],[7,0],[1,3],[4,-2],[6,0],[4,2],[-2,2],[1,2],[3,-1],[1,-3],[5,0],[3,7],[0,4],[-2,1],[-5,0],[-11,-5],[-6,0]],[[6988,3559],[2,3],[6,2],[4,1],[4,5],[0,3],[3,2],[1,4],[2,4],[5,2],[11,0],[-3,-3],[-4,-6],[-1,-5],[5,-2],[3,1],[5,4],[1,6],[4,2],[0,3],[3,6],[2,-1],[-2,-5],[6,-4],[-5,-1],[-2,-3],[-5,-4],[0,-3],[4,0],[3,4],[2,-4],[3,-1],[4,3],[1,-4],[-1,-2],[-6,0],[-2,-2],[-1,-6],[4,-6],[-3,-3],[-4,-5],[2,-5],[-2,-6],[-5,-2],[-2,1],[1,5],[2,3],[-4,1],[-5,-4],[-2,-8],[-2,-2],[-1,-4],[-4,-2],[-3,-3],[-8,1],[-4,-3],[-8,1],[-3,-2],[0,-4],[-9,-3],[-7,0],[-3,-3],[-5,2],[0,-4],[-7,-1],[0,4],[-7,5],[1,2],[4,0],[1,3],[-3,2],[-9,-1],[-5,-2],[0,-7],[-4,-2],[1,-2],[5,-3],[-3,-2],[-6,0],[-3,-2],[-6,1],[-14,0],[-13,-1],[-2,-1],[-4,-1],[-10,1],[-9,-1],[1,3],[-1,1],[-6,0],[-6,-2],[-1,-3],[5,-2],[-5,-2],[-3,-12],[-5,-3],[0,-2],[4,-1],[-1,-3],[7,-1],[-5,-4],[-5,0],[-1,10],[-5,0],[2,3],[4,0],[3,2],[0,5],[-3,1],[-5,0],[-14,-4],[-11,-4],[-4,0],[-3,2],[10,0],[2,2],[5,0],[9,4],[1,2],[4,-1],[4,1],[-1,5],[7,3],[-2,4],[4,-1],[1,2],[5,1],[9,3],[6,4],[9,3],[5,-1],[-12,-3],[-2,-2],[1,-4],[3,-1],[4,1],[0,3],[3,1],[3,-3],[2,-2],[6,1],[3,2],[0,5],[2,2],[-5,0],[2,3],[7,0],[-2,3],[-1,3],[6,1],[1,-2],[0,-4],[2,-2],[4,-1],[4,3],[1,2],[6,0],[1,2],[10,0],[2,1],[5,0],[6,-1],[1,3],[5,-1],[4,3],[-1,2],[-5,4],[-11,0],[-3,-3],[-4,0],[-1,2],[2,4],[11,0],[12,3]],[[6964,3535],[-7,-3],[2,-3],[6,0],[10,3],[14,-1],[4,2],[4,3],[0,4],[-2,4],[2,1],[0,3],[-7,0],[-5,0],[0,-4]],[[6968,3526],[1,-3],[-1,-3],[-5,-4],[3,-2],[7,1],[4,2],[1,3],[-6,0],[-1,3],[6,2],[1,3],[-4,1],[-6,-3]],[[7019,3569],[-4,0],[-2,-3],[4,0],[2,3]],[[7032,3565],[-2,3],[-7,1],[-2,-4],[3,-2],[5,0],[3,2]],[[7019,3563],[-4,0],[-1,-9],[4,0],[2,3],[-1,6]],[[7027,3561],[-2,-2],[6,-1],[0,3],[-4,0]],[[7022,3553],[-4,0],[-2,-6],[7,-5],[6,1],[1,6],[1,2],[10,1],[-1,5],[-7,0],[-11,-4]],[[7011,3549],[2,2],[-7,0],[-2,-2],[4,-2],[3,2]],[[6999,3536],[1,-3],[5,-1],[6,4],[6,5],[0,3],[-5,2],[-6,0],[-6,-5],[-1,-5]],[[7005,3525],[5,2],[-1,3],[-5,0],[-2,-1],[-2,-3],[5,-1]],[[6988,3525],[2,1],[-2,3],[-5,0],[-2,-2],[-1,-4],[4,0],[4,2]],[[6987,3511],[-1,1],[3,5],[6,3],[-5,0],[-7,-4],[0,-4],[4,-1]],[[6936,3514],[0,2],[-4,1],[-2,-2],[2,-2],[4,1]],[[6933,3506],[4,3],[0,2],[-5,0],[-2,-2],[3,-3]],[[6918,3503],[8,4],[-2,3],[-7,0],[-4,-2],[1,-4],[4,-1]],[[6964,3535],[0,3],[3,3],[13,0],[5,3]],[[6985,3544],[1,-2],[-5,-3],[-11,1],[-5,-5],[-1,0]],[[6988,3559],[-3,-4],[-3,1],[-9,1],[-4,-4],[-1,-2],[2,-2],[-7,1],[-3,-2],[-1,-3],[-7,-1],[-1,4],[2,1],[4,0],[7,3],[0,3],[3,2],[4,0],[4,2],[9,-1],[4,1]],[[7040,4076],[-3,1],[-2,3],[5,0],[0,-4]],[[7053,4557],[-1,2],[-3,0],[-1,-3],[-2,-2],[-6,1],[0,5],[5,3],[3,1],[9,0],[1,-3],[-4,-1],[-1,3],[-3,0],[-1,-3],[3,0],[1,-3]],[[7049,4583],[1,5],[3,0],[-1,-11],[-1,-3],[-7,5],[1,3],[4,1]],[[7091,4589],[-1,-2],[-8,-2],[-6,-1],[-2,-3],[0,-4],[-7,-2],[-1,3],[2,1],[4,3],[1,3],[7,1],[2,4],[6,0],[3,-1]],[[7076,4591],[2,-3],[-3,0],[1,3]],[[7073,4604],[-5,0],[0,2],[5,-2]],[[7115,4890],[-1,7],[4,-1],[-1,-6],[-2,0]],[[7136,5229],[5,0],[2,-2],[-4,-1],[-6,0],[-2,3],[5,0]],[[7242,6395],[-4,-2],[-2,-3],[-3,-1],[-6,-2],[-6,0],[-5,-1],[-9,0],[-13,-4],[-14,1],[-11,-2],[-6,0],[-6,-3],[-8,-1],[-2,-2],[-7,-1],[-5,0],[-5,-2],[-6,1],[-6,-1],[-2,-1],[-7,1],[0,1],[-13,0],[0,2],[-6,1],[-6,1],[-2,2],[9,1],[3,0],[10,-1],[6,1],[5,1],[8,0],[3,-1],[10,-1],[6,2],[4,3],[6,0],[2,-1],[5,0],[3,0],[9,6],[3,1],[10,-1],[7,2],[11,3],[4,1],[5,1],[7,5],[9,3],[2,0],[9,4],[9,0],[10,3],[5,0],[2,2],[8,2],[2,3],[7,2],[0,3],[4,1],[0,6],[2,5],[3,0],[1,3],[21,0],[9,-1],[4,-2],[2,-3],[7,2],[0,3],[7,2],[3,0],[3,2],[1,4],[3,1],[7,2],[7,7],[5,3],[1,1],[7,-1],[8,0],[4,-4],[5,0],[13,-3],[6,-1],[-7,-2],[-1,-6],[5,0],[1,4],[3,0],[8,-4],[5,0],[7,-2],[-16,0],[-1,-1],[5,-4],[9,-3],[8,-1],[15,-1],[5,1],[7,0],[11,1],[-2,4],[1,3],[3,3],[4,-1],[0,-4],[-2,-1],[4,-4],[5,0],[6,2],[2,-1],[3,-3],[4,-1],[8,0],[3,2],[3,0],[-1,4],[3,2],[6,-1],[2,-4],[5,-1],[-1,-4],[-4,-6],[-7,0],[-8,3],[-7,0],[-4,-1],[-11,-2],[-12,0],[-11,3],[-6,1],[-19,3],[-7,3],[-9,0],[-8,0],[-5,-3],[4,-1],[0,-3],[-4,2],[-10,1],[-6,2],[-3,2],[-9,3],[-10,2],[-16,1],[0,0],[-15,1],[5,-6],[8,-3],[2,0],[10,-3],[0,-1],[-9,0],[-3,2],[-9,-1],[2,-3],[-13,0],[-12,-2],[-6,-2],[-7,0],[-5,-1],[-3,-2],[-5,-1],[-7,-2],[-2,-3],[-5,-6],[-5,-2],[-4,-1],[-5,0],[-6,-1],[-7,0],[-8,0],[-1,-2],[-4,1],[-2,-2],[-4,-2]],[[7392,6438],[1,3],[7,0],[1,3],[-17,0],[-2,-3],[5,-2],[5,-1]],[[7410,6438],[0,3],[-4,0],[2,-3],[2,0]],[[7240,6479],[4,0],[1,3],[-1,4],[7,-2],[-2,-2],[2,-3],[1,-3],[2,-1],[0,-2],[6,-3],[-1,-2],[3,-1],[1,-2],[-10,2],[0,6],[-2,2],[-3,1],[0,-8],[-9,5],[-1,3],[2,3]],[[7218,6508],[3,-1],[0,-2],[4,-1],[0,-2],[9,-4],[-3,-2],[-5,1],[-3,-3],[-3,0],[-8,6],[5,2],[3,2],[0,3],[-2,1]],[[7223,6503],[-2,-5],[3,1],[1,2],[-2,2]],[[7232,6845],[-1,4],[6,0],[1,-4],[-5,-2],[-1,2]],[[7243,6854],[-2,-2],[-3,1],[0,3],[3,0],[2,-2]],[[7295,7028],[-11,0],[4,2],[5,-1],[2,-1]],[[7291,7032],[3,2],[3,-3],[-6,1]],[[7259,7082],[0,2],[6,0],[0,-2],[-4,-1],[-2,1]],[[7244,7232],[3,0]],[[7247,7232],[10,-1],[15,-4],[5,0],[1,5],[5,-1],[0,2],[12,-1],[0,-1],[-4,-2],[-2,-2],[-1,-3],[2,-3],[3,-2],[0,-2],[8,-3],[2,-2],[-16,1],[6,-3],[1,-1],[7,-1],[-4,-2],[-2,1],[-6,0],[-12,0],[-7,3],[-1,3],[1,2],[-4,0],[1,3],[-6,1],[1,2],[10,0],[-1,2],[4,2],[-7,1],[-7,0],[-2,1],[-5,0],[-1,-1],[-5,0],[-4,1],[0,2],[-3,1],[3,2]],[[7266,7230],[-4,3],[9,-1],[1,-2],[-6,0]],[[7296,7245],[-10,0],[-7,1],[-2,2],[10,-1],[8,-1],[1,-1]],[[7348,7716],[-4,2],[-1,3],[3,2],[5,0],[0,-2],[-4,-2],[1,-3]],[[7342,7736],[2,3],[-7,-1],[2,2],[8,0],[-1,-3],[-4,-1]],[[7358,7753],[-5,0]],[[7353,7753],[5,0]],[[7320,7783],[1,0]],[[7321,7783],[-1,0]],[[7322,7885],[7,-1],[-2,-2],[-9,1],[4,2]],[[7322,7885],[0,2],[7,1],[1,-3],[-8,0]],[[7341,7964],[5,1],[1,-2],[-6,1]],[[7406,8316],[-1,-3],[-3,2],[4,1]],[[7414,8718],[-5,-2],[0,3],[5,-1]],[[7407,8739],[-5,-1],[0,4],[4,1],[4,-1],[0,-3],[-3,0]],[[7394,8740],[-5,1],[4,4],[4,-2],[-1,-3],[-2,0]],[[7428,8738],[-2,1],[-11,1],[0,1],[7,-1],[0,2],[6,3],[-1,-4],[1,-3]],[[7424,9097],[-4,-1]],[[7420,9096],[4,1]],[[7425,9098],[2,1]],[[7427,9099],[-2,-1]],[[7423,9099],[4,0]],[[7427,9099],[-2,-1]],[[7425,9098],[-1,-1]],[[7424,9097],[-1,2]],[[7421,9103],[2,-4]],[[7423,9099],[-4,-1],[1,-2]],[[7420,9096],[-9,0]],[[7411,9096],[3,6],[1,2],[7,0],[-1,-1]],[[7448,9236],[-1,3],[-2,1],[-6,0],[0,1],[5,1],[0,2],[8,-3],[-4,-3],[0,-2]],[[7452,9268],[3,-1]],[[7455,9267],[-3,1]],[[7455,9267],[4,-1],[-1,-3],[-3,4]],[[7474,9278],[-1,0]],[[7473,9278],[0,-1]],[[7473,9277],[-5,-2],[-1,-6],[-4,5],[4,3],[7,1]],[[7473,9277],[0,1]],[[7473,9278],[1,0]],[[7474,9278],[0,2],[4,-2],[-5,-1]],[[7439,9309],[0,1]],[[7439,9310],[0,-1]],[[7439,9309],[0,1]],[[7439,9310],[0,-1]],[[7433,9309],[-4,0],[0,5],[4,-5]],[[6741,707],[-1,-1]],[[6740,706],[1,1]],[[6730,684],[-2,1],[1,8],[4,3],[0,2],[4,2],[1,4],[2,2]],[[6740,706],[1,1]],[[6741,707],[9,3],[1,4],[2,3],[9,3],[5,3],[8,2],[3,2],[5,-1],[7,3],[1,-3],[-5,-3],[-2,-3],[-8,-4],[-8,-3],[-2,-2],[-4,-1],[-8,-6],[-1,-2],[-8,-2],[-2,-4],[-5,-3],[-1,-2],[-4,-1],[-3,-6]],[[6743,714],[0,5],[4,-2],[0,-2],[-4,-1]],[[6751,719],[-4,-1],[1,6],[5,0],[2,-3],[-4,-2]],[[6762,726],[3,1],[0,4],[6,0],[0,-3],[-3,-1],[-6,-1]],[[7012,3025],[4,0],[-2,-4],[-5,1],[3,3]],[[7012,3170],[-7,0],[-7,2],[-11,1],[-1,2],[20,-1],[7,1],[11,-1],[1,-3],[-3,-1],[-10,0]],[[7116,4655],[3,-1],[-3,-2],[-3,1],[3,2]],[[7122,4654],[2,3],[2,0],[0,-4],[-4,1]],[[7107,4657],[2,2],[7,0],[-1,-1],[-4,-3],[-4,2]],[[7121,4656],[-5,1],[1,2],[5,0],[-1,-3]],[[7176,4884],[-4,-1],[-4,2],[9,5],[3,-3],[-4,-3]],[[7159,4920],[-1,-2],[-4,0],[1,3],[5,6],[2,-2],[0,-3],[-3,-2]],[[7176,4935],[-7,0],[1,2],[6,1],[0,-3]],[[7182,4953],[4,1],[-1,-4],[-3,1],[0,2]],[[7201,5003],[0,-3],[-3,0],[-3,-2],[-11,1],[-1,2],[7,0],[3,2],[8,0]],[[7215,5187],[0,-2]],[[7215,5185],[-4,0],[-2,2],[3,1],[3,-1]],[[7285,6448],[-3,0],[0,5],[3,0],[4,-1],[-3,-2],[-1,-2]],[[7343,6822],[0,1],[2,3],[4,0],[1,-4],[-7,0]],[[7315,6823],[-8,1],[0,3],[11,0],[6,-1],[1,-2],[-5,-2],[-5,1]],[[7352,7010],[-4,2]],[[7348,7012],[3,0],[1,-2]],[[7348,7012],[-4,0],[0,2]],[[7344,7014],[4,-2]],[[7344,7014],[-10,0],[0,3],[3,0],[7,-3]],[[7353,7016],[-5,1],[-3,3],[8,-1],[0,-3]],[[7383,7144],[-4,-3],[-5,1],[-5,3],[-3,6],[-8,0],[0,1],[-13,1],[-5,4],[-5,2],[1,2],[-5,1],[2,2],[7,0],[6,-2],[4,0],[4,-2],[3,2],[-2,3],[-3,0],[-1,6],[3,3],[9,-1],[0,-2],[12,-1],[10,-2],[12,-3],[14,-3],[1,-2],[-6,0],[-2,-1],[-8,0],[-6,2],[-1,-4],[1,-3],[-5,-1],[-2,-3],[2,-4],[-2,-2]],[[7355,7159],[-4,1],[0,-3],[6,-1],[-2,3]],[[7324,7172],[-7,0],[0,3],[7,-3]],[[7363,7176],[0,-1],[-6,0],[2,2],[4,-1]],[[7327,7180],[-2,1],[-3,-3],[-3,3],[0,3],[7,0],[1,-4]],[[7367,7183],[6,-1],[2,1],[5,-1],[10,0],[-3,-3],[-7,2],[-19,0],[-4,2],[-5,0],[-1,4],[10,-1],[0,-2],[6,-1]],[[7336,7186],[-11,0],[-6,3],[3,2],[2,-2],[2,0],[5,-2],[5,-1]],[[7322,7201],[15,-3],[-6,0],[-7,0],[1,-6],[-5,0],[-9,2],[-2,4],[-3,1],[-10,0],[0,3],[9,1],[6,-1],[9,0],[2,-1]],[[7345,7196],[-5,0],[2,3],[18,-1],[0,-3],[-15,1]],[[7386,7200],[3,-2],[-15,1],[-7,1],[0,1],[9,0],[1,-1],[9,0]],[[7359,7206],[12,-1],[-2,-3],[-14,1],[-8,1],[-5,1],[-6,0],[-4,2],[12,-1],[15,0]],[[7331,7212],[13,-1],[2,-1],[-11,0],[-4,2]],[[7369,7213],[-1,-1],[-4,1],[-10,0],[-16,2],[-3,1],[-5,0],[-1,2],[7,0],[6,-2],[7,0],[9,-1],[7,-1],[4,-1]],[[7340,7252],[-7,0],[0,2],[8,-1],[-1,-1]],[[7366,7257],[8,1],[-1,-2],[-7,1]],[[7359,7496],[0,-4],[-4,1],[0,3],[4,0]],[[7359,7496],[0,4],[5,-2],[-1,-2],[-4,0]],[[7379,7655],[-4,-2],[-4,4],[7,0],[1,-2]],[[7417,7741],[-4,-1]],[[7413,7740],[4,1]],[[7372,7769],[-1,2],[-5,0]],[[7366,7771],[6,1],[0,-3]],[[7386,7811],[-1,-3],[-8,-3]],[[7377,7805],[1,2],[8,4]],[[7422,7808],[3,2],[2,0],[-1,-3],[-4,1]],[[7421,7811],[-3,-1],[1,5],[5,2],[2,-5],[-5,-1]],[[7417,8193],[-1,1]],[[7416,8194],[6,0],[4,0],[0,-6],[-9,0],[0,5]],[[7417,8193],[-1,1]],[[7416,8194],[1,-1]],[[7409,8200],[4,0],[-1,-2],[-2,-2],[-1,4]],[[7458,8750],[-7,-1],[0,-5],[-5,-6],[-4,5],[2,5],[10,3],[3,2],[4,-1],[-3,-2]],[[7470,8750],[3,1],[2,-2],[-4,-2],[-1,3]],[[7499,9155],[0,-4],[-3,1],[-1,4],[4,-1]],[[7490,9161],[-2,3],[7,1],[-2,-4],[-3,0]],[[7479,9169],[0,-3],[-6,-2],[-1,3],[2,3],[5,-1]],[[7486,9174],[2,4]],[[7488,9178],[1,-3],[-1,-4],[-4,-2],[0,5],[2,0]],[[7487,9194],[-1,-4],[-5,-1],[-3,0],[4,3],[5,2]],[[7531,9255],[0,3],[3,2],[1,-3],[-4,-2]],[[7543,9305],[-2,-3],[-6,1],[0,4],[7,0],[1,-2]],[[7538,9320],[-1,-2],[1,-3],[-2,-1],[-2,3],[1,4],[3,-1]],[[7488,9355],[4,5],[2,-1],[-6,-4]],[[6824,752],[-1,-6],[-4,0],[-3,-1],[-4,0],[-6,-2],[-2,-3],[-7,0],[2,2],[4,1],[3,2],[-12,2],[5,3],[7,2],[2,6],[8,-1],[1,-1],[7,0],[0,-4]],[[6849,781],[-1,-4],[-7,-1],[-2,-3],[-3,1],[2,7],[7,2],[1,4],[7,-5],[-4,-1]],[[6858,793],[0,-1]],[[6858,792],[0,1]],[[6858,792],[0,1]],[[6858,793],[0,-1]],[[6848,821],[6,2],[6,1],[3,9],[-4,0],[-3,2],[0,3],[1,4],[3,1],[1,2],[4,0],[3,3],[-1,2],[3,3],[1,3],[9,0],[-2,-3],[-3,-1],[0,-5],[4,-2],[-2,-1],[0,-5],[1,-3],[-9,0],[-4,2],[-1,-4],[3,-2],[0,-3],[-1,-6],[-4,1],[-1,-5],[3,0],[2,-5],[-3,-5],[-1,-11],[-4,-2],[-6,0],[-2,3],[-4,4],[-3,0],[1,4],[-1,4],[3,2],[-1,4],[5,1],[-2,3]],[[6839,811],[1,4],[4,-1],[-2,-2],[-3,-1]],[[6926,3002],[-5,2],[1,3],[16,-3],[2,-2],[7,0],[-1,2],[-4,1],[-1,2],[8,1],[1,4],[2,2],[5,0],[0,3],[10,1],[8,3],[0,2],[3,1],[14,9],[0,4],[2,2],[5,2],[9,0],[8,1],[12,-1],[12,-3],[12,0],[5,1],[14,-1],[7,1],[3,0],[-1,-4],[8,0],[8,1],[1,1],[9,0],[5,-1],[-4,-5],[-1,-3],[7,-5],[8,-2],[7,0],[5,2],[6,0],[0,-4],[3,0],[1,3],[3,-1],[0,-5],[4,-1],[0,-4],[4,0],[2,-4],[4,-2],[5,0],[1,4],[6,-1],[2,-2],[-4,-3],[1,-1],[11,-5],[6,-1],[2,-3],[-1,-4],[-4,-1],[-1,2],[-6,1],[-1,-3],[5,-2],[0,-4],[6,-4],[1,-5],[2,-1],[4,1],[10,-1],[2,2],[-9,0],[5,4],[7,-2],[3,-2],[9,-3],[2,-3],[0,-3],[-9,-7],[-10,-3],[-6,1],[-1,3],[-14,5],[-12,0],[-1,3],[-6,-1],[-5,-2],[-3,1],[5,3],[-1,3],[-4,0],[-10,0],[-2,7],[8,2],[0,1],[-7,6],[0,2],[5,-1],[2,-1],[6,2],[2,-3],[3,0],[3,2],[-8,6],[-1,2],[-5,2],[-3,3],[-1,-7],[-15,-1],[-1,5],[-5,0],[-6,1],[-1,4],[-6,3],[2,4],[-9,0],[-4,0],[1,4],[-6,2],[-10,2],[-1,2],[-5,0],[-5,3],[-2,0],[-5,3],[-9,0],[-4,1],[-13,1],[-11,2],[-19,0],[-5,-1],[-8,-4],[-9,-3],[-6,-3],[-4,-5],[-13,-7],[-6,-2],[-9,-5],[-2,-2],[0,-6],[-1,-2],[-5,-1],[-7,-4],[-10,0],[-4,1],[-3,2],[-10,1],[-3,2],[0,6],[4,0],[-2,3],[10,0],[0,-2],[2,-2],[5,3],[2,2],[-5,1]],[[7198,2969],[-2,1],[-6,0],[-2,-3],[4,-2],[4,1],[2,3]],[[7210,2963],[6,2],[-2,4],[-6,-1],[0,-3],[2,-2]],[[7203,2959],[2,3],[1,3],[-4,1],[-3,-1],[-1,-3],[5,-3]],[[7051,3045],[0,-4],[-4,1],[1,2],[3,1]],[[7044,3166],[-3,5],[-5,0],[-1,2],[12,-1],[1,-2],[-4,-4]],[[7215,3332],[9,0]],[[7224,3332],[-1,-2],[-5,-3],[0,-4],[-2,-1],[3,-3],[-1,-1],[-11,0],[-6,2],[-5,3],[-3,0],[-2,2],[-3,-1],[-2,2],[-5,0],[-2,-5],[-4,0],[-5,2],[-3,-3],[-6,0],[-3,-2],[-5,0],[-3,4],[4,0],[5,1],[0,2],[7,0],[1,4],[-6,0],[-1,-1],[-8,-2],[-4,-3],[-7,1],[-7,3],[12,3],[2,2],[10,0],[5,1],[1,1],[1,5],[4,3],[0,6],[-3,1],[-2,3],[-3,-2],[0,-6],[-4,0],[-2,2],[-5,1],[-5,0],[-3,1],[-9,1],[-12,1],[-8,-1],[-4,-2],[-1,-6],[6,-5],[0,-2],[-3,-3],[-7,0],[-10,2],[-5,-2],[-5,3],[2,1],[-1,5],[4,1],[3,3],[4,-2],[6,6]],[[7102,3348],[-1,0],[-17,1],[-10,-4],[-4,0],[-4,-2],[-6,0],[1,-2],[-40,1],[-14,0],[0,1],[-11,1],[-6,-2],[-5,-1],[-4,3],[0,2],[-2,3],[2,3],[9,1],[0,2],[-5,1],[0,3],[8,-2],[-1,2],[5,1],[2,-5],[10,0],[9,2],[7,1],[6,-1],[4,1],[3,2],[12,0],[3,-2],[13,2],[10,-1],[3,2],[-1,2],[6,0],[6,4],[6,0],[2,-3],[6,-1],[6,1],[2,2],[13,0],[1,1],[7,-1],[4,3],[7,-1],[1,3],[4,0],[3,1],[7,0],[1,1],[5,-2],[5,-1],[0,-4],[2,-4],[3,1],[3,-2],[6,-7],[3,-5],[6,-3],[-1,-7],[6,-1],[3,1],[0,-8],[-2,-2],[-1,-2],[4,-3],[8,0],[3,-2],[3,1],[1,4],[-3,0],[1,5]],[[7102,3348],[0,-2],[5,0],[0,2],[-5,0]],[[7173,3336],[-1,-3],[4,-1],[2,3],[-5,1]],[[7160,4349],[2,-2],[0,-4],[-3,2],[1,4]],[[7212,4871],[6,0],[0,-5],[-4,2],[-3,-1],[-11,-6],[-3,-3],[-1,-6],[-6,0],[5,7],[0,4],[2,4],[5,1],[7,3],[3,0]],[[7191,4857],[-5,0],[0,2],[4,1],[1,4],[-2,1],[-5,0],[-2,2],[11,0],[-1,-9],[-1,-1]],[[7198,4993],[3,2],[3,-3],[-3,-1],[-3,2]],[[7215,5185],[0,2]],[[7215,5187],[0,-2]],[[7224,5238],[2,2],[3,0],[0,-3],[-5,1]],[[7385,6608],[-10,0],[-3,1],[1,2],[6,-1],[8,0],[-2,-2]],[[7364,6615],[-1,3],[5,-1],[-1,-3],[-3,1]],[[7372,6815],[0,-2],[-9,0],[1,2],[8,0]],[[7396,6985],[2,2],[3,0],[-1,-3],[-4,1]],[[7397,7121],[3,0],[2,-3],[-6,1],[1,2]],[[7395,7136],[3,2],[5,0],[4,-1],[-2,-3],[-9,0],[-1,2]],[[7395,7136],[-13,1],[-2,2],[1,2],[6,-1],[-1,-1],[7,-1],[2,-2]],[[7434,7152],[-4,0],[-5,3],[1,1],[17,-2],[1,-2],[-10,0]],[[7393,7167],[-1,2],[9,-1],[-2,-3],[-6,2]],[[7403,7174],[-1,-2],[-5,-1],[-7,1],[-5,0],[-5,5],[11,0],[3,-1],[9,-1],[0,-1]],[[7422,7171],[-4,2],[-8,0],[1,3],[4,0],[2,-2],[3,0],[2,-3]],[[7412,7187],[-5,1],[-4,1],[-10,1],[-3,2],[13,-1],[5,1],[5,-2],[5,0],[-1,-2],[-5,-1]],[[7385,7196],[1,-1]],[[7386,7195],[-1,1]],[[7386,7195],[-1,1]],[[7385,7196],[1,-1]],[[7417,7197],[4,0]],[[7421,7197],[-4,0]],[[7428,7206],[3,1],[14,0],[0,-1],[-17,0]],[[7442,7233],[-7,0],[-7,2],[18,0],[9,0],[-1,-1],[-8,0],[-4,-1]],[[7413,7237],[-7,-1],[0,1],[7,0]],[[7417,7276],[2,1],[5,0],[-3,-2],[-3,0],[-1,1]],[[7416,7284],[6,1],[1,-3],[-3,-1],[-5,1],[1,2]],[[7464,7775],[-1,-1],[-6,1],[-1,-3],[4,0],[0,-4],[-4,1],[-2,4],[3,5],[3,-1],[4,-2]],[[7463,7787],[-6,1],[-5,-1],[-3,1],[-4,-1],[-6,0],[-4,-1],[-1,3],[10,1],[4,2],[0,1],[11,0],[-1,-2],[-5,0],[-1,-2],[6,0],[5,1],[2,-1],[-2,-2]],[[7449,7805],[-2,-3],[-3,3],[5,0]],[[7440,7810],[5,-1],[-1,-2],[-3,0],[-1,3]],[[7462,7812],[0,2],[7,0],[-4,-3],[-3,1]],[[7449,7872],[2,0],[10,0],[5,-1]],[[7466,7871],[-2,-2],[-6,1],[-9,0],[0,2]],[[7547,8545],[-3,1],[-4,4],[-1,3],[0,4],[1,1]],[[7540,8558],[0,-6],[2,-3],[5,-4]],[[7551,8784],[-5,-1],[-5,1]],[[7541,8784],[7,-1],[3,1]],[[7539,8786],[2,-2]],[[7541,8784],[-2,2]],[[7551,8784],[4,2]],[[7555,8786],[-4,-2]],[[7534,8788],[5,-2]],[[7539,8786],[-5,2]],[[7535,9155],[2,-1]],[[7537,9154],[-2,1]],[[7545,9159],[5,0],[0,-2],[-5,2]],[[7561,9194],[1,6],[1,0],[1,8],[2,-1],[-1,-4],[-1,-7],[-3,-2]],[[7562,9219],[0,-2]],[[7562,9217],[0,2]],[[7562,9234],[5,0]],[[7567,9234],[-5,0]],[[7574,9236],[-7,-2]],[[7567,9234],[5,2],[2,0]],[[7576,9237],[-2,-1]],[[7574,9236],[2,1]],[[7573,9253],[-3,-2],[8,-1],[0,-1],[-8,0],[-1,2],[4,2]],[[7561,9274],[1,0]],[[7562,9274],[-1,0]],[[7562,9274],[-1,0]],[[7561,9274],[1,0]],[[7557,9359],[9,0],[-2,-2],[-7,2]],[[7555,9355],[-2,-1],[-4,7]],[[7549,9361],[1,2]],[[7550,9363],[2,1],[1,5]],[[7553,9369],[1,-7],[-2,-2],[1,-4],[2,-1]],[[6873,772],[-1,0],[2,21],[1,0],[-2,-21]],[[6883,846],[-1,9],[5,-1]],[[6887,854],[1,-4],[-5,-4]],[[6878,858],[-1,4],[4,-1],[-3,-3]],[[6886,858],[1,3],[6,-1],[0,-4],[-7,1],[0,1]],[[6895,879],[3,-1],[4,5],[-8,-1],[-3,2],[-2,-2],[-7,5],[0,3],[4,0],[1,4],[4,0],[1,10],[1,3],[2,1],[1,5],[3,2],[1,3],[6,5],[4,2],[4,1],[5,2],[1,6],[4,5],[5,-2],[-1,-6],[-3,-6],[-5,0],[1,-4],[2,-2],[0,-3],[-3,0],[-4,-4],[0,-3],[-6,-4],[-6,-7],[-1,-11],[3,-1],[-1,-10],[-7,-1],[-4,-4],[-9,0],[3,-5],[-5,0],[-4,2],[0,7],[12,5],[4,-1]],[[6939,921],[-2,-5],[-5,2],[0,5],[4,0],[3,-2]],[[6935,1403],[6,0],[-4,-3],[-2,3]],[[6997,1832],[6,2],[1,-3],[-6,-2],[-1,3]],[[7028,1848],[-7,-4],[-2,2],[4,1],[2,2],[-3,1],[1,6],[4,1],[2,-4],[-1,-5]],[[7123,3028],[-3,-1],[-1,4],[-4,2],[3,2],[4,-5],[1,-2]],[[7136,3319],[4,2],[0,-4],[-4,2]],[[7111,3322],[-2,3],[7,1],[-2,-5],[-3,1]],[[7115,3372],[3,5],[3,-2],[-6,-3]],[[7291,4737],[3,0],[-3,-4],[-2,1],[2,3]],[[7281,5097],[1,1],[8,0],[1,-2],[-8,-1],[-2,2]],[[7295,5203],[4,0],[0,-3],[-5,-1],[-1,3],[2,1]],[[7473,7108],[-1,3],[4,-1],[-3,-2]],[[7480,7112],[-4,-1],[-4,2],[-1,2],[17,-1],[-3,-2],[-5,0]],[[7471,7139],[-1,-3],[3,-1],[2,-5],[-8,1],[-2,0],[-7,0],[1,-2],[-3,-1],[-6,6],[-8,3],[-6,1],[1,2],[9,-1],[-3,6],[-8,1],[0,2]],[[7435,7148],[9,2],[6,0],[6,-3],[0,-3],[4,-2],[2,-2],[3,-2],[6,1]],[[7472,7141],[-5,4],[0,2],[3,0],[3,-1],[-1,-5]],[[7496,7163],[-5,-2],[-5,0],[-3,2],[-10,1],[1,2],[4,0],[0,3],[8,-1],[4,-2],[5,0],[1,-3]],[[7457,7186],[-7,2],[5,1],[2,-3]],[[7477,7198],[-17,1],[-2,2],[7,0],[12,-3]],[[7455,7210],[-4,0],[-14,0],[-5,1],[-3,2],[5,2],[8,-1],[5,-1],[5,0],[3,-3]],[[7460,7215],[-1,1],[39,-2],[0,-2],[-30,1],[-8,2]],[[7487,7216],[-3,0],[-11,0],[0,1],[9,0],[3,1],[9,-1],[-1,-2],[-6,1]],[[7462,7220],[-2,0],[-15,0],[-1,1],[18,0],[0,-1]],[[7475,7219],[2,2],[9,0],[-5,-2],[-6,0]],[[7445,7239],[-5,1],[0,3],[11,-1],[2,-3],[-8,0]],[[7456,7243],[-1,0],[-15,0],[0,2],[16,-1],[0,-1]],[[7450,7245],[-10,0],[0,2],[10,-1],[0,-1]],[[7484,7256],[-1,3],[7,0],[5,0],[2,1],[6,0],[0,-3],[-9,0],[-4,-1],[-6,0]],[[7486,7264],[-8,-1],[1,2],[7,-1]],[[7460,7269],[-5,-1],[0,2],[5,-1]],[[7482,7277],[-1,-2],[-12,1],[1,3],[5,2],[4,-1],[6,-1],[-3,-2]],[[7529,7788],[3,4],[5,0],[0,-3],[-1,-2],[-7,1]],[[7538,7839],[3,-1],[-2,-3],[-2,2],[1,2]],[[7551,7849],[-6,0],[-15,-2],[-2,3],[9,0],[3,1],[4,-2],[7,0]],[[7518,7869],[3,1],[5,0],[0,-1],[-10,-2],[2,2]],[[7534,7874],[5,1],[0,-2],[-5,1]],[[7530,7964],[2,2],[5,0],[-4,-3],[-3,1]],[[7585,8522],[2,-1]],[[7587,8521],[-2,1]],[[7585,8522],[-1,5],[-4,1],[-3,-2],[-4,1]],[[7573,8527],[4,0],[3,2],[2,0],[3,-3],[0,-4]],[[7595,9231],[0,5],[-2,0]],[[7593,9236],[2,0],[1,-3],[-1,-2]],[[7608,9319],[4,5],[2,-1],[-6,-4]],[[7642,9340],[4,3],[4,0],[8,0],[0,-4],[-2,-2],[-5,2],[-2,-2],[-3,0],[-3,-3],[-4,0],[-4,-3],[-3,0],[0,3],[4,1],[3,0],[1,3],[2,2]],[[7648,9345],[-5,-3],[-5,0],[-3,2],[0,3],[7,-1],[0,-2],[6,1]],[[6939,921],[2,4]],[[6941,925],[-1,-3],[-1,-1]],[[6958,953],[-4,-5],[-1,-3],[-3,-4],[-2,-4],[-5,0],[-2,1],[3,5],[6,6],[4,5],[7,4],[1,8],[6,2],[1,3],[9,6],[2,-2],[-2,-4],[-2,-2],[-4,-2],[-1,-3],[-3,-2],[-10,-9]],[[6947,973],[6,1],[1,-2],[-10,-10],[0,-4],[-3,-1],[-4,0],[5,5],[-1,3],[1,8],[5,0]],[[6975,995],[1,0]],[[6976,995],[0,-4],[-4,-2],[-2,-3],[-4,0],[-7,-4],[0,-2],[-2,-1],[-1,-3],[-4,0],[2,4],[3,1],[-1,3],[3,3],[4,1],[5,4],[7,3]],[[6976,995],[-1,0]],[[6975,995],[1,0]],[[7014,1016],[-7,-3],[3,5],[2,2],[8,3],[1,-2],[-4,-1],[-3,-4]],[[7060,1867],[-8,-4],[1,-2],[-2,-4],[-7,-3],[1,8],[4,1],[0,2],[7,2],[4,0]],[[7084,1894],[2,-3],[2,-4],[6,0],[1,2],[4,0],[6,4],[-1,3],[-3,2],[1,6],[4,0],[4,-3],[1,-4],[3,-1],[5,0],[3,2],[5,0],[1,3],[2,1],[0,-7],[-7,-5],[-6,1],[0,-4],[1,-4],[0,-6],[-1,-3],[-3,-1],[1,-3],[3,-2],[2,-4],[1,-3],[-2,-8],[-4,-3],[-7,-2],[0,-2],[-5,-1],[-1,6],[-3,1],[1,10],[-3,5],[-2,1],[0,4],[-3,2],[-8,0],[-3,2],[0,2],[-2,7],[-9,-1],[-1,1],[-7,1],[-6,-3],[-4,0],[0,-4],[-3,-3]],[[7049,1876],[2,5],[-1,3],[-6,-1],[-2,2],[6,2],[0,4],[-3,0],[2,3],[-2,4],[3,1],[0,6],[3,2],[-1,4],[3,1],[6,-1],[2,4],[6,1],[0,-4],[4,-4],[2,-4],[-5,-3],[-1,-3],[-5,-2],[0,-5],[4,-3],[9,0],[0,3],[6,3],[3,0]],[[7194,2982],[-4,1],[-1,4],[8,-2],[-3,-3]],[[7185,3003],[2,-1],[0,-2],[-6,0],[-1,4],[5,-1]],[[7224,3292],[-1,4],[5,0],[0,-2],[-4,-2]],[[7223,3305],[-2,5],[4,2],[3,-2],[-1,-2],[-4,-3]],[[7218,3337],[-3,-5]],[[7215,3332],[-7,6],[-2,2],[8,-1],[4,-2]],[[7206,3350],[1,-3],[-6,-3],[-4,4],[0,2],[-4,4],[-1,3],[6,-1],[2,1],[5,-4],[1,-3]],[[7287,3985],[-4,1],[-2,3],[0,3],[4,0],[3,-3],[-1,-4]],[[7266,4165],[-3,0],[-5,3],[-5,-1],[-5,1],[-7,4],[4,2],[1,5],[4,2],[0,3],[4,-1],[-2,-6],[6,2],[3,-1],[-1,-4],[2,-3],[4,-1],[4,2],[3,-2],[4,0],[3,2],[0,2],[8,0],[7,2],[0,-3],[-4,-1],[-4,-2],[-2,3],[-4,0],[0,-3],[4,-2],[10,0],[3,4],[4,-1],[6,0],[2,-2],[-5,0],[-6,2],[-1,-4],[-9,0],[-4,-2],[-4,1],[-8,1],[-1,-2],[-3,-1],[-3,1]],[[7333,4475],[-5,2],[1,5],[3,-2],[1,-5]],[[7323,4501],[3,-4],[-11,2],[0,6],[4,-2],[0,-2],[4,0]],[[7298,4559],[-3,0],[-2,2],[-3,0],[1,3],[7,-5]],[[7317,4907],[2,-3],[-8,1],[-1,3],[7,-1]],[[7347,4926],[8,0],[1,-3],[-10,0],[1,3]],[[7383,5249],[5,1],[4,-1],[-3,-2],[-6,0],[0,2]],[[7490,6407],[-4,-1],[-1,2],[-7,2],[-4,2],[11,0],[5,-3],[0,-2]],[[7445,6421],[6,0],[2,-3],[-9,0],[1,3]],[[7515,7055],[-1,-1],[-6,0],[1,2],[6,-1]],[[7513,7059],[-7,1],[3,1],[4,-2]],[[7498,7072],[8,-1],[2,-2],[-12,0],[-5,2],[0,3],[7,-2]],[[7496,7094],[12,-1],[2,-1],[-1,-3],[-4,-1],[-2,-3],[-4,2],[-3,-2],[-4,0],[-3,1],[-8,2],[-5,3],[2,2],[-8,2],[3,3],[11,-1],[5,-3],[7,0]],[[7521,7104],[1,0]],[[7522,7104],[-1,0]],[[7531,7096],[-15,1],[-2,2],[9,0]],[[7523,7099],[-1,5]],[[7522,7104],[-1,0]],[[7521,7104],[-1,3],[6,0],[3,0],[0,3],[2,4],[-1,0]],[[7530,7114],[1,4],[3,-1]],[[7534,7117],[0,10],[5,0],[8,-5],[1,-1],[4,0],[3,-2],[6,0],[-5,-4],[-5,1],[-1,-1],[7,-4],[-3,-2],[0,-4],[5,-1],[5,0],[-5,-4],[-5,1],[-2,-4],[-2,0],[-13,1],[-1,-2],[-5,0]],[[7483,7148],[-4,2],[-1,1],[2,3],[-4,1],[-2,2],[3,2],[1,2],[8,0],[24,-3],[0,-2],[7,-1],[9,-1],[-3,-3],[1,-2],[-3,-3],[-8,1],[-10,-1],[0,-1],[-8,0],[1,-3],[-6,0],[-3,-2],[0,-3],[-3,0],[-2,3],[0,4],[2,2],[-1,2]],[[7537,7171],[-2,2],[4,0],[2,-2],[-4,0]],[[7507,7172],[-5,0],[0,2],[4,1],[1,-3]],[[7502,7183],[1,-1],[9,0],[1,-4],[-5,1],[-23,1],[2,3],[15,0]],[[7495,7199],[9,-1],[-1,-1],[-8,0],[0,2]],[[7523,7199],[-7,0],[1,2],[9,0],[-3,-2]],[[7538,7224],[1,1],[10,-1],[5,0],[1,-2],[-14,1],[-3,1]],[[7515,7233],[-10,0],[-2,-1],[-8,0],[1,3],[5,-1],[15,0],[-1,-1]],[[7532,7247],[1,-1],[0,-4],[-3,0],[-1,5],[-7,0],[-3,-1],[-12,1],[-9,-2],[-12,1],[0,1],[11,-1],[5,2],[14,0],[11,0],[5,-1]],[[7503,7251],[-8,2],[1,2],[12,0],[6,-4],[-8,-1],[-3,1]],[[7563,7569],[7,-1]],[[7570,7568],[-7,1]],[[7563,7569],[-2,-1],[-6,5],[-3,5],[5,-1],[4,0],[2,-1],[-2,-5],[2,-2]],[[7532,7582],[-3,2],[2,2],[4,-1],[2,-2],[-5,-1]],[[7546,7751],[4,0]],[[7550,7751],[-4,0]],[[7536,7752],[2,-1]],[[7538,7751],[-2,1]],[[7575,7785],[-1,1]],[[7574,7786],[1,-1]],[[7575,7785],[-1,1]],[[7574,7786],[1,-1]],[[7581,7788],[0,3],[4,2],[4,1]],[[7589,7794],[-1,-4],[1,-4],[-3,0],[-5,-3],[7,-1],[-1,-2],[-9,0],[3,8]],[[7564,7830],[3,-3],[-3,-2],[-3,1],[0,4],[3,0]],[[7578,7844],[5,1],[0,-3],[-4,0],[-1,2]],[[7549,7855],[3,2],[1,-2],[-2,-2],[-2,2]],[[7566,7858],[-1,1],[7,1],[0,-3],[-6,1]],[[7596,7859],[-16,1],[-2,2],[14,3],[5,-1],[4,-1],[-1,-3],[-4,-1]],[[7559,7865],[-10,-1],[-3,-1],[-9,0],[0,2],[10,0],[3,1],[6,5],[6,-4],[-3,-2]],[[7573,7883],[-5,0],[1,2],[5,0],[-1,-2]],[[7555,7891],[2,1],[6,0],[1,-3],[-7,0],[-2,2]],[[7578,7889],[-3,0],[0,4],[10,0],[-1,-3],[-6,-1]],[[7567,7911],[-7,0],[-1,2],[7,0],[1,-2]],[[7565,7918],[-5,0],[0,2],[4,0],[1,-2]],[[7584,7953],[4,1],[2,-1],[-1,-4],[-3,0],[-2,4]],[[7637,8512],[6,-1]],[[7643,8511],[-6,0],[0,1]],[[7656,8689],[3,2],[3,-2],[0,-2],[-4,-1],[-2,3]],[[7711,9307],[-2,2],[-1,4],[-2,2]],[[7706,9315],[0,1]],[[7706,9316],[-1,1]],[[7705,9317],[3,0],[1,-8],[2,-2]],[[7705,9317],[1,-1]],[[7706,9316],[0,-1]],[[7706,9315],[-1,2]],[[7669,9404],[1,2]],[[7670,9406],[-1,-2]],[[7690,9419],[-2,-2],[-3,1],[1,4],[4,-3]],[[7707,9444],[6,1],[4,0],[0,-2],[-10,1]],[[7681,9566],[4,1],[2,-4],[-4,0],[-2,3]],[[7020,1003],[1,-1]],[[7021,1002],[-4,-3]],[[7017,999],[3,4]],[[7021,1002],[-1,1]],[[7020,1003],[1,-1]],[[7054,1021],[3,1]],[[7057,1022],[-3,-1]],[[7060,1022],[-3,0]],[[7057,1022],[3,0]],[[7029,1025],[-5,1],[5,3],[5,0],[-5,-4]],[[7223,2769],[2,4],[4,1],[0,-3],[-3,-2],[-3,0]],[[7212,2866],[-2,-2],[-4,0],[1,4],[2,1],[3,-3]],[[7210,2878],[-4,0],[0,7],[4,3],[2,-1],[-1,-7],[-1,-2]],[[7217,2909],[-2,-8],[-2,0],[-4,3],[-4,0],[-3,-1],[-4,0],[1,3],[5,3],[0,2],[5,-1],[1,3],[6,0],[1,-4]],[[7233,2957],[-6,0],[1,4],[7,-2],[-2,-2]],[[7262,3298],[1,-2],[-7,-4],[0,5],[6,1]],[[7276,3300],[0,6],[3,-2],[-1,-5],[-2,1]],[[7360,4190],[3,4],[2,0],[0,-5],[-3,-2],[-2,3]],[[7388,4825],[5,2],[0,-2],[-3,-1],[-2,1]],[[7436,4918],[3,-4],[-8,-1],[-1,-5],[-3,-3],[-3,1],[-7,0],[0,3],[-4,0],[0,-7],[-5,0],[0,3],[-2,1],[-2,4],[2,4],[4,1],[6,-1],[3,2],[1,6],[3,1],[-1,3],[4,1],[4,-1],[3,1],[0,-3],[3,-6]],[[7377,4945],[0,-1],[6,-4],[2,-2],[-2,-2],[-6,0],[0,7],[-5,4],[-3,5],[5,0],[3,-7]],[[7418,4945],[-7,4],[0,2],[4,1],[4,-3],[-1,-4]],[[7399,5066],[-3,2],[0,2],[4,0],[3,-1],[-4,-3]],[[7440,5159],[-2,-4],[-3,-3],[-6,1],[-5,-4],[-5,-2],[-1,-2],[-4,0],[4,4],[1,4],[2,1],[7,0],[4,7],[5,1],[0,2],[7,-1],[-4,-4]],[[7405,5213],[-2,4],[0,3],[5,1],[0,-4],[-2,-1],[-1,-3]],[[7430,5246],[0,-3],[-3,0],[3,3]],[[7442,5302],[0,3],[6,-1],[-6,-2]],[[7451,5331],[3,0],[0,-3],[-4,0],[1,3]],[[7469,5467],[4,2],[3,-2],[-4,-1],[-3,1]],[[7560,6394],[-1,-3],[5,-5],[-6,0],[-7,2],[-6,0],[-2,1],[-3,-1],[-4,0],[-7,2],[1,2],[-5,3],[1,2],[-7,3],[-4,5],[1,3],[5,0],[8,-2],[5,-2],[10,-1],[-2,-3],[3,-1],[11,0],[2,-2],[2,-3]],[[7552,6743],[0,1],[4,2],[6,-1],[6,1],[-1,-2],[-3,-1],[-6,1],[-6,-1]],[[7595,7030],[-3,-2],[1,-3],[4,-1],[1,-6],[-14,1],[-1,-1],[-6,4],[1,2],[3,1],[-1,3],[3,1],[5,1],[7,0]],[[7581,7034],[-3,-1],[-10,1],[3,1],[10,0],[0,-1]],[[7570,7045],[5,-1],[2,-2],[-8,1],[1,2]],[[7597,7121],[-8,0],[-4,-2],[-6,0],[-3,2]],[[7576,7121],[-11,0],[3,3]],[[7568,7124],[-6,0],[-3,-1],[-1,4],[10,1]],[[7568,7128],[4,0],[2,3],[-13,2],[0,5],[2,1],[11,-2],[1,-2],[6,-1],[0,-2],[2,-2],[2,-4],[2,-3],[10,-2]],[[7572,7125],[-4,-1]],[[7568,7124],[4,1]],[[7572,7125],[8,0],[-1,2],[-3,1],[-1,-3],[-3,0]],[[7569,7189],[0,-2],[-8,0],[-12,1],[1,2],[4,-1],[15,0]],[[7556,7200],[-2,2],[11,0],[-2,-2],[-7,0]],[[7600,7212],[-1,2],[7,0],[-1,-2],[-5,0]],[[7605,7218],[2,-2],[-8,0],[1,1],[5,1]],[[7606,7223],[-7,-1],[0,2],[7,-1]],[[7613,7228],[0,2],[5,0],[-2,-3],[-3,1]],[[7591,7557],[-4,5],[5,0],[2,-2],[1,-4],[-4,1]],[[7591,7615],[3,1],[1,4],[5,-1],[-2,-4],[-7,0]],[[7638,7758],[-4,1]],[[7634,7759],[-5,0],[-6,2],[0,-3],[-10,-3],[-3,-2]],[[7610,7753],[4,3],[5,2],[1,2],[6,3],[7,-1],[4,-2],[1,-2]],[[7615,7765],[1,1],[15,6],[1,-2],[-7,0],[-2,-3],[-8,-2]],[[7642,7772],[-1,0]],[[7641,7772],[1,0]],[[7631,7789],[3,4],[1,6],[3,1],[4,3],[3,-1],[-7,-5],[-2,-3],[-2,-1],[-3,-4]],[[7589,7794],[3,2],[1,4],[3,3],[5,1],[1,2],[6,2],[3,-1],[-1,-3],[-5,-2],[-5,-1],[-1,-5],[-3,-2],[-7,0]],[[7622,7803],[2,0],[3,-2],[3,1]],[[7630,7802],[-1,-1],[-3,0],[-1,1],[-3,1]],[[7637,7822],[0,-3],[-3,-2],[-4,0],[-3,1],[0,3],[6,3],[4,-2]],[[7684,8776],[-6,-2]],[[7678,8774],[4,3],[2,-1]],[[7738,9311],[3,0],[0,-2],[-3,-2],[0,4]],[[7734,9318],[-5,0],[-1,2],[7,-1],[3,1],[0,-4],[-4,2]],[[7754,9320],[6,-1],[1,-2]],[[7761,9317],[-7,3]],[[7775,9352],[-5,0],[0,-3],[-8,0],[1,-2],[-1,-3],[-3,-2],[-3,-3],[-2,1],[1,5],[7,-1],[0,2],[-4,0],[0,2],[-4,1],[-3,-5],[-5,0],[11,7],[-4,2],[0,7],[7,1],[0,-4],[-3,-2],[3,-4],[7,-1],[1,2],[3,0],[4,0]],[[7762,9384],[-1,1]],[[7761,9385],[1,-1]],[[7755,9403],[1,0]],[[7756,9403],[-1,0]],[[7756,9403],[-1,0]],[[7755,9403],[-2,2],[1,5],[-2,0]],[[7752,9410],[3,1],[0,-2],[2,-1],[-1,-5]],[[7087,1030],[-3,1],[-1,3],[3,-1],[1,-3]],[[7256,2197],[1,-2],[-4,-1],[0,4],[3,-1]],[[7431,4758],[3,3],[4,-2],[-3,-2],[-4,1]],[[7427,4776],[-8,1],[-1,2],[2,2],[4,0],[4,-4],[-1,-1]],[[7472,4799],[-4,-2],[-5,1],[1,6],[9,0],[2,-1],[-3,-4]],[[7507,4932],[0,3],[4,1],[-1,-6],[-3,2]],[[7445,4959],[9,2],[0,-3],[-3,-3],[-4,2],[-3,0],[-5,-2],[-5,2],[-1,5],[6,1],[2,-4],[4,0]],[[7453,5160],[1,2],[6,1],[5,1],[3,0],[-2,-4],[-13,0]],[[7519,5182],[-1,-2],[-5,-2],[0,-4],[-6,0],[-1,6],[-5,2],[2,2],[11,0],[5,-2]],[[7530,5185],[-3,1],[7,3],[1,-2],[-5,-2]],[[7479,5301],[-4,1],[0,2],[9,2],[5,-1],[-3,-2],[-7,0],[0,-2]],[[7484,5372],[2,1],[6,0],[1,-2],[-9,-1],[0,2]],[[7498,5380],[0,2],[4,1],[3,0],[0,-4],[-5,-2],[-2,3]],[[7546,5415],[-4,2],[4,8],[3,0],[2,-2],[-3,-6],[-2,-2]],[[7503,5638],[-1,6],[4,0],[0,-4],[-3,-2]],[[7586,6408],[7,0],[1,3],[-2,2],[0,5],[6,2],[2,1],[3,0],[6,-2],[0,-3],[-5,-2],[0,-1],[5,-5],[6,-2],[11,5],[7,-3],[-1,-2],[0,-5],[-6,-1],[-2,4],[-13,1],[-7,3],[-10,0],[-8,0]],[[7586,6408],[-19,1]],[[7567,6409],[0,0],[16,0],[3,-1]],[[7567,6409],[-11,0],[-10,2]],[[7546,6411],[8,0],[4,-1],[9,-1]],[[7558,6425],[7,1],[6,-2],[2,-5],[-4,-3],[-7,0],[-8,2],[-2,2],[1,3],[3,0],[2,2]],[[7564,6483],[5,-1],[-1,-2],[-4,1],[0,2]],[[7660,6987],[7,-3],[-10,1],[-10,3],[-1,3],[-5,1],[-3,3],[4,0],[2,-2],[3,0],[8,-2],[1,-3],[4,-1]],[[7618,7004],[-4,-1],[2,3],[2,-2]],[[7590,7012],[5,0],[0,3],[3,1],[1,-2],[-2,-3],[7,-2],[3,-1],[-1,-3],[-6,3],[-6,1],[1,1],[-5,2]],[[7652,7060],[-5,0],[0,2],[5,-1],[0,-1]],[[7622,7084],[1,2],[4,-1],[1,-2],[-6,1]],[[7608,7095],[2,0]],[[7610,7095],[-2,0]],[[7673,7091],[-3,1],[1,3],[4,-3],[-2,-1]],[[7610,7095],[-2,0]],[[7608,7095],[2,0]],[[7640,7129],[0,1],[13,0]],[[7653,7130],[-6,-2],[-7,0],[0,1]],[[7640,7129],[-7,0],[-1,3],[4,0],[4,-3]],[[7680,7138],[-8,0],[0,1],[7,0],[1,-1]],[[7612,7217],[4,1],[10,0],[-3,-2],[-11,1]],[[7618,7219],[-4,2],[12,-1],[-1,-1],[-7,0]],[[7614,7222],[0,2],[11,0],[-1,-2],[-10,0]],[[7637,7224],[11,-1],[-2,-2],[-8,1],[-1,2]],[[7635,7226],[2,0],[13,0],[0,-2],[-13,1],[-2,1]],[[7661,7236],[-4,0],[-5,2],[2,2],[6,0],[1,-4]],[[7722,7712],[0,-3],[-2,-1],[-3,2],[0,4],[5,1],[0,-3]],[[7660,7756],[4,-1]],[[7664,7755],[-4,1]],[[7664,7755],[3,1]],[[7667,7756],[-3,-1]],[[7653,7755],[5,4],[2,-1],[0,-2]],[[7660,7756],[-5,-2],[-2,1]],[[7714,7770],[-5,-2]],[[7709,7768],[5,2]],[[7641,7772],[1,0]],[[7642,7772],[5,0],[4,2],[8,0],[3,-2],[5,0],[2,1],[7,0],[9,4]],[[7685,7777],[-5,-4],[-8,-1],[-1,-2],[-9,0],[-2,1],[-6,1],[-4,1],[-3,-2],[-6,1]],[[7734,7789],[-2,3],[-5,0],[0,2],[7,0],[2,-2],[-2,-3]],[[7682,7835],[-2,0],[-2,4],[1,3],[5,0],[3,1],[4,0],[0,-3],[-3,-1],[0,-7],[-5,3],[-1,0]],[[7687,7847],[0,2],[5,0],[1,-2],[-2,-1],[-4,1]],[[7750,8804],[5,0]],[[7755,8804],[-2,-1],[-3,1]],[[7763,8807],[4,1],[8,0]],[[7775,8808],[-2,-1],[-10,0]],[[7775,8808],[2,1]],[[7777,8809],[-2,-1]],[[7780,8810],[-3,-1]],[[7777,8809],[3,1]],[[7775,9352],[0,1]],[[7775,9353],[2,-1],[0,-1],[-2,1]],[[7835,9602],[3,-1],[-1,-4],[1,-2]],[[7838,9595],[-3,0],[-6,0],[0,3],[7,1],[-1,3]],[[7292,2084],[-1,3],[4,0],[-1,-2],[-2,-1]],[[7304,2178],[4,-1],[0,-2],[-5,1],[1,2]],[[7519,4252],[-1,5],[4,-1],[0,-2],[-3,-2]],[[7563,4863],[3,0],[-1,-4],[-5,2],[-2,2],[0,2],[4,1],[1,-3]],[[7525,4995],[4,0],[0,3],[8,0],[2,-1],[0,-7],[-4,-3],[-3,0],[-1,-5],[2,-3],[-4,-4],[-2,-4],[-3,-2],[1,11],[-1,1],[-7,-2],[1,4],[2,2],[1,3],[-4,3],[4,4],[1,5],[3,-1],[2,-2],[-2,-2]],[[7546,5001],[8,-1],[0,-2],[-4,-1],[-5,1],[1,3]],[[7555,5004],[3,0],[1,-3],[-12,1],[0,3],[1,3],[6,0],[9,-2],[-1,-2],[-7,0]],[[7528,5047],[-2,4],[3,1],[1,2],[4,1],[1,3],[-8,2],[-3,3],[1,3],[5,3],[-1,-4],[4,-4],[5,0],[3,-3],[-1,-1],[0,-5],[-3,-5],[-5,3],[-1,-2],[-3,-1]],[[7577,5083],[-8,-2],[-7,0],[1,3],[5,-1],[2,1],[0,4],[3,0],[4,-5]],[[7600,5532],[-7,-2],[-2,1],[0,3],[-2,1],[1,3],[5,0],[4,-3],[1,-3]],[[7618,5547],[-7,-3],[-3,0],[-2,3],[6,4],[2,2],[5,1],[1,-3],[-2,-2],[0,-2]],[[7639,5722],[-4,3],[5,0],[-1,-3]],[[7692,6364],[-4,0],[-3,3],[4,1],[3,-4]],[[7653,6366],[-8,4],[0,2],[7,-1],[6,0],[4,-1],[8,-1],[-3,-2],[0,-3],[-5,0],[-5,0],[-4,2]],[[7668,6402],[3,2],[6,0],[5,-3],[3,0],[6,-4],[1,-3],[-2,-3],[-5,-3],[9,-6],[9,0],[5,2],[9,0],[5,-3],[4,0],[3,-4],[-1,-3],[-6,0],[-2,-2],[-4,0],[-2,-2],[-3,1],[-7,2],[0,2],[-13,1],[0,1],[-9,0],[-2,-1],[-7,2],[-11,1],[-3,3],[0,3],[-3,4],[0,4],[2,5],[7,4],[3,0]],[[7687,7087],[-9,-1],[1,2],[8,-1]],[[7727,7139],[8,0],[-1,-1],[-7,0],[0,1]],[[7699,7143],[19,-1],[0,-1],[-12,1],[-4,-1],[-3,2]],[[7765,7138],[-1,1],[-7,0],[-17,1],[0,0],[17,0],[1,1],[11,-1],[-4,-2]],[[7749,7187],[-10,1],[0,1],[10,-1],[7,1],[0,-2],[-7,0]],[[7725,7714],[11,0],[-2,-1],[-9,0],[0,1]],[[7740,7723],[5,0],[-1,-2],[-3,-1],[-1,3]],[[7729,7728],[1,4],[4,-1],[-1,-5],[-3,0],[-1,2]],[[7742,7756],[1,1]],[[7743,7757],[-2,-2]],[[7741,7755],[1,1]],[[7799,7786],[-4,-2],[-4,1],[4,2],[4,-1]],[[7748,7796],[2,-3],[-4,-3]],[[7746,7790],[3,4],[-1,2]],[[7767,7796],[4,2]],[[7771,7798],[-4,-2]],[[7767,7796],[-2,-1],[-7,0],[-5,5],[-5,-1],[0,-3]],[[7748,7796],[-2,0],[0,4],[2,1],[6,0],[1,-2],[3,-3],[6,-1],[3,1]],[[7740,7803],[1,0]],[[7741,7803],[-1,0]],[[7741,7803],[-1,0]],[[7740,7803],[0,3],[5,-1],[0,-1],[-4,-1]],[[7833,7858],[6,-5],[-1,-6],[-2,-2]],[[7836,7845],[1,1],[0,6],[-6,2],[-4,-3],[-4,1],[-1,-2],[-5,-1],[-2,-2],[-3,-2],[-4,1],[-7,-1],[-6,-4],[-4,0],[-2,1],[-5,0],[-6,-3],[0,-6],[-16,-1],[-1,1],[-7,1],[-3,3],[-6,2],[-3,0],[-3,-2],[-9,-1],[-7,-3],[-5,0],[-2,-1],[-7,-1],[-1,2],[-7,-1],[-6,-4],[-1,-5],[-4,-5],[-1,-2],[-4,0],[-9,-4]],[[7676,7812],[6,5],[6,1],[5,5],[1,6],[8,5],[5,0],[2,-1],[7,0],[8,2],[3,2],[7,3],[8,0],[9,0],[5,-4],[4,0],[3,-2],[11,0],[2,2],[0,3],[6,4],[10,0],[4,0],[5,4],[7,3],[4,-1],[11,6],[8,1],[2,2]],[[7824,8574],[-4,1],[3,4],[5,-3],[-4,-2]],[[7907,9551],[1,-1]],[[7908,9550],[-1,1]],[[7909,9596],[4,0]],[[7913,9596],[-4,0]],[[7927,9599],[0,1]],[[7927,9600],[0,-1]],[[7927,9599],[0,1]],[[7927,9600],[0,-1]],[[7917,9650],[-5,3],[5,3],[0,-6]],[[7477,2785],[-2,3],[7,0],[-5,-3]],[[7547,4272],[4,1],[5,-2],[4,2],[2,-3],[-3,-1],[0,-4],[-2,-4],[1,-3],[6,0],[0,-3],[-24,0],[-5,-1],[-3,-5],[-10,-6],[-2,-2],[-4,0],[14,8],[1,6],[2,1],[7,2],[3,3],[1,9],[3,2]],[[7588,4874],[-6,0],[3,3],[4,-2],[-1,-1]],[[7597,4888],[1,0],[2,4],[2,0],[-1,-5],[-4,1]],[[7653,5277],[-2,-2],[-1,-3],[-6,1],[1,3],[-4,1],[2,4],[-3,1],[0,5],[7,1],[3,-2],[0,-3],[2,-1],[-1,-4],[2,-1]],[[7643,5323],[4,2],[1,-5],[-5,0],[0,3]],[[7673,5344],[-3,-4],[-3,-2],[-6,0],[0,2],[3,1],[8,10],[1,4],[3,0],[1,-4],[-2,-1],[0,-4],[-2,-2]],[[7629,5442],[-3,-3],[-3,-1],[-5,1],[1,2],[4,1],[6,3],[1,2],[6,0],[2,-1],[-2,-2],[-4,0],[-3,-2]],[[7660,5723],[-6,-1],[0,2],[12,0],[5,-2],[-4,-1],[-7,-1],[0,3]],[[7779,6354],[3,-4],[-4,-3],[-3,3],[-8,3],[-6,0],[0,3],[5,3],[6,2],[5,-2],[0,-3],[2,-2]],[[7836,7179],[2,-2],[-9,0],[-5,0],[-2,2],[-9,0],[0,2],[6,0],[0,2],[7,1],[18,-1],[-1,-4],[-7,0]],[[7830,7193],[7,0],[-1,-3],[-7,1],[1,2]],[[7805,7215],[-6,0],[-10,0],[3,2],[8,0],[7,0],[-2,-2]],[[7799,7218],[-9,0],[-2,2],[5,0],[10,0],[-4,-2]],[[7859,7225],[-7,0],[-6,0],[-9,0],[-5,-1],[-7,0],[-4,-1],[-7,0],[-8,0],[-7,0],[3,3],[7,2],[2,3],[8,0],[10,0],[7,1],[13,0],[13,-1],[10,1],[2,-5],[-1,-1],[-10,0],[-4,-1]],[[7827,7236],[5,0],[0,-2],[-4,0],[-1,2]],[[7824,7297],[-9,-1],[0,4],[4,0],[1,-2],[4,-1]],[[7798,7369],[-4,0],[0,3],[4,0],[0,-3]],[[7845,7709],[-2,-1],[-4,0],[1,5],[3,3],[4,-2],[0,-2],[-5,1],[-1,-2],[4,-2]],[[7842,7742],[2,-3],[-5,0],[-2,4],[5,-1]],[[7848,7748],[1,-5],[3,0],[1,-4],[-2,-1],[-4,-2],[0,7],[-3,2],[-1,3],[5,0]],[[7836,7756],[-5,1]],[[7831,7757],[3,2],[2,-3]],[[7813,7821],[2,4]],[[7815,7825],[-2,-4]],[[7842,7824],[0,6],[-4,3],[0,2],[4,3],[1,13],[3,2]],[[7846,7853],[-1,-1],[-1,-14],[-4,-2],[0,-3],[3,-4],[-1,-5]],[[7833,7858],[5,7],[0,3],[2,1],[6,0],[3,2],[2,4],[0,4],[-1,0],[-3,5],[3,6],[4,2],[5,1]],[[7859,7893],[-8,-4],[-2,-2],[0,-4],[4,-5],[-1,-6],[-1,-3],[-9,-2],[-4,-2],[-2,-5],[-3,-2]],[[7843,7920],[9,0],[1,-2],[4,-1]],[[7857,7917],[-1,-3],[-2,-1],[-7,0],[-1,5],[-5,0],[2,2]],[[7857,7917],[3,3]],[[7860,7920],[-3,-3]],[[7954,9626],[-5,-1],[-3,-2],[0,4],[3,-1],[5,0]],[[7965,9626],[-8,2],[1,3],[7,-2],[0,-3]],[[7963,9636],[-2,1],[0,4],[4,-2],[-2,-3]],[[7460,2339],[2,3],[3,-1],[-3,-4],[-2,2]],[[7489,2356],[1,4],[4,-2],[-1,-4],[-1,-1],[-4,0],[1,3]],[[7483,2470],[-1,2],[3,2],[3,-2],[1,-3],[-6,1]],[[7544,2554],[2,2],[4,-1],[0,-2],[-4,-1],[-2,2]],[[7710,4289],[-2,-4],[-4,-2],[-4,2],[5,4],[5,0]],[[7692,4618],[0,-3],[-5,0],[2,2],[3,1]],[[7701,5036],[3,-2],[-5,0],[2,2]],[[7783,5060],[-5,-2],[-9,1],[-6,-1],[2,5],[-3,2],[6,0],[1,1],[16,0],[2,-4],[-4,-2]],[[7690,5078],[-3,-1],[-3,3],[0,5],[6,-2],[0,-5]],[[7772,5103],[6,3],[1,-4],[-7,1]],[[7731,5110],[2,-2],[2,-8],[-3,-3],[-8,2],[0,3],[-2,3],[-2,4],[1,8],[-1,2],[-5,4],[-8,0],[-4,1],[0,4],[-6,4],[-2,1],[-2,2],[-6,1],[0,6],[7,0],[4,-2],[0,-3],[10,-1],[4,1],[4,-3],[8,-2],[-1,-3],[-2,-1],[0,-5],[1,-4],[2,-2],[5,-1],[4,-4],[-2,-2]],[[7749,5134],[-4,-1],[-5,2],[1,5],[1,1],[8,-1],[3,4],[2,-1],[-2,-5],[-3,-1],[-1,-3]],[[7772,5166],[-10,-6],[-4,-1],[0,8],[3,5],[10,-1],[5,-1],[-4,-4]],[[7764,5186],[-5,1],[1,7],[5,0],[4,-1],[0,-3],[-5,-4]],[[7782,5201],[-1,-1],[-5,-1],[1,7],[2,2],[6,-1],[0,-3],[-3,-3]],[[7719,5277],[-6,1],[9,4],[5,-1],[0,-2],[-3,-2],[-5,0]],[[7752,5286],[-3,-1],[-10,0],[-2,3],[3,1],[4,0],[3,2],[9,-1],[1,-2],[-5,-2]],[[7731,5403],[-1,-5],[-5,-3],[-1,-3],[6,-5],[-10,-1],[-2,1],[-3,3],[4,5],[1,10],[-1,1],[5,5],[1,0],[6,3],[4,1],[0,-6],[-4,-6]],[[7750,5422],[-3,0],[2,3],[7,7],[2,-3],[-1,-5],[-4,0],[-3,-2]],[[7775,5458],[-6,-5],[-3,0],[0,5],[1,3],[4,1],[3,2],[3,0],[-2,-6]],[[7771,5567],[3,4],[2,-1],[-1,-7],[-5,1],[1,3]],[[7851,6307],[4,2],[3,-5],[3,-3],[2,-3],[-6,0],[0,-2],[-6,-1],[-1,-2],[-7,-2],[-1,4],[0,4],[5,2],[4,1],[3,4],[-3,1]],[[7827,6303],[-3,0],[-3,3],[2,4],[12,-3],[1,-2],[5,-1],[1,-2],[-6,0],[0,-6],[-5,4],[-4,2],[0,1]],[[7819,6315],[-4,2],[4,1],[-3,4],[7,-1],[0,-3],[4,-1],[2,-3],[-10,1]],[[7804,6320],[-3,-1],[-7,1],[-3,3],[1,1],[7,-1],[5,-3]],[[7789,6541],[5,1],[0,-2],[-5,1]],[[7901,7166],[3,-2],[-1,-2],[-10,0],[-4,-1],[-21,1],[-4,2],[-5,0],[-1,2],[7,0],[3,2],[5,0],[16,-1],[5,-1],[7,0]],[[7897,7170],[2,-2],[-8,0],[-2,2],[8,0]],[[7885,7170],[-4,-1]],[[7881,7169],[4,1]],[[7877,7174],[3,-2],[1,-3]],[[7881,7169],[4,1]],[[7885,7170],[2,-2],[-11,0],[-1,1],[-9,0],[-6,2],[-7,0],[-1,2],[4,2],[15,-1],[4,1],[2,-1]],[[7928,7173],[7,0],[1,-2],[-9,0],[1,2]],[[7915,7333],[4,0],[0,-3],[-5,0],[1,3]],[[7889,7341],[0,-2],[-6,0],[-1,2],[7,0]],[[7929,7369],[5,1],[1,-3],[-4,0],[-2,2]],[[7929,7375],[6,0],[0,-2],[-3,-1],[-3,3]],[[7923,7378],[14,2],[1,-2],[-5,-2],[-9,1],[-1,1]],[[7934,7394],[2,-7],[1,-4],[-8,-1],[-1,-2],[-10,1],[-3,3],[5,2],[-6,7],[1,11],[0,2],[10,-1],[4,3],[3,-1],[-1,-6],[2,-5],[1,-2]],[[7890,7403],[0,4],[5,0],[2,2],[4,0],[0,-7],[-4,0],[-6,-1],[-1,2]],[[7863,7414],[0,3],[4,0],[1,-3],[-5,0]],[[7945,7572],[-4,1],[0,3],[3,1],[4,-2],[-3,-3]],[[7929,7649],[-3,5],[4,0],[-1,-5]],[[7912,7663],[2,-1]],[[7914,7662],[-2,1]],[[7908,7721],[-3,-3],[-5,2],[-2,3],[3,1],[4,-4],[3,1]],[[7880,7732],[0,4],[3,-2],[-3,-2]],[[8012,9494],[1,3],[5,0],[3,-1],[-3,-3],[-6,1]],[[8045,9538],[-2,-3],[-3,1],[0,2],[5,0]],[[8087,9543],[2,2]],[[8089,9545],[-2,-2]],[[8085,9548],[4,-3]],[[8089,9545],[-2,-2]],[[8087,9543],[-1,-1]],[[8086,9542],[-2,2]],[[8084,9544],[1,4]],[[8091,9548],[3,0],[0,-3],[-5,1],[2,2]],[[8096,9549],[0,-1]],[[8096,9548],[-2,3],[-4,0],[-2,-3],[-3,0]],[[8085,9548],[-2,1],[-2,-1]],[[8081,9548],[-2,4]],[[8079,9552],[1,2],[5,0],[-2,-4],[5,-1],[2,2],[5,0],[1,-2]],[[8070,9555],[-1,-4],[-5,6],[5,1],[1,-3]],[[8023,9583],[-1,3],[-4,2],[4,4],[4,0],[-3,-5],[0,-4]],[[7635,2568],[-3,-3],[-2,1],[1,3],[4,-1]],[[7639,2580],[1,0]],[[7640,2580],[-1,0]],[[7640,2580],[-1,0]],[[7639,2580],[4,3],[8,1]],[[7651,2584],[-2,-2],[-4,0],[-2,-2],[-3,0]],[[7643,2599],[1,3],[7,-2],[-8,-1]],[[7645,2609],[-2,3],[8,-1],[-6,-2]],[[7617,2630],[1,2],[5,0],[0,-2],[-6,0]],[[7631,2633],[-4,-1],[-5,5],[11,1],[6,0],[0,-3],[-8,-2]],[[7659,2653],[1,6],[3,2],[0,-6],[-4,-2]],[[7631,2660],[-4,0],[0,4],[2,2],[9,-1],[0,-2],[-7,-3]],[[7647,2670],[-2,-4],[-8,1],[-1,4],[5,0],[4,-2],[2,1]],[[7675,2672],[0,3],[4,0],[2,-4],[-6,1]],[[7659,2678],[-2,3],[2,4],[4,-1],[0,-3],[-4,-3]],[[7664,2704],[5,1],[0,-4],[-5,3]],[[7710,4289],[9,3],[7,5],[2,3],[3,1],[5,0],[1,-5],[-4,-3],[-12,-3],[-6,0],[-5,-1]],[[7806,4509],[-8,1],[-4,0],[2,3],[7,1],[1,-2],[4,0],[-2,-3]],[[7858,5171],[-6,-2],[-6,0],[-9,-1],[-1,-1],[-6,-1],[-3,3],[6,3],[12,4],[15,0],[2,-2],[0,-2],[-4,-1]],[[7819,5172],[-1,-2],[-7,0],[-4,1],[-2,-1],[-11,0],[-4,2],[6,4],[7,6],[4,1],[6,4],[-1,-7],[-1,-5],[4,0],[4,-3]],[[7822,5192],[-6,-4],[-4,0],[1,8],[1,2],[3,4],[3,1],[3,-3],[1,-3],[-2,-5]],[[7866,5222],[-4,2],[0,1],[9,0],[4,-2],[0,-2],[-4,-1],[-5,2]],[[7845,5257],[5,-3],[6,-1],[1,-4],[-6,-4],[-5,-11],[5,-7],[-3,-1],[-10,-8],[-4,-3],[-2,0],[-2,-3],[-4,-1],[2,6],[3,1],[0,8],[2,2],[0,5],[3,0],[2,4],[0,4],[4,3],[2,6],[-2,1],[1,6],[-7,6],[4,5],[1,2],[5,3],[0,-5],[-2,-2],[-1,-6],[2,-3]],[[7877,5256],[-7,0],[-4,2],[7,5],[6,0],[2,-2],[0,-3],[-4,-2]],[[7872,5492],[-3,-4],[-5,0],[-1,-2],[-11,-3],[3,4],[2,7],[1,3],[2,2],[9,-1],[2,-1],[1,-5]],[[7891,5521],[-5,2],[3,4],[5,0],[1,-4],[-4,-2]],[[7879,6278],[1,2],[5,1],[0,-2],[-6,-1]],[[7885,6286],[-4,6],[4,-1],[2,-3],[4,-1],[8,-2],[3,-3],[2,0],[2,-3],[4,-3],[0,-3],[-3,0],[-5,2],[-1,-1],[-6,2],[-5,0],[-3,2],[0,3],[0,4],[-2,1]],[[7968,6958],[9,0],[0,-2],[-9,0],[0,2]],[[7991,7109],[4,0],[3,-3],[-7,0],[0,3]],[[7960,7118],[-7,1],[0,3],[13,-1],[2,-3],[-8,0]],[[8012,7153],[5,-1],[0,-3],[-6,0],[1,4]],[[7987,7156],[8,0],[-1,-2],[-5,1],[-2,1]],[[8017,7154],[-5,-1],[-1,2],[6,0],[0,-1]],[[7956,7192],[-3,3],[3,1],[2,-2],[-2,-2]],[[7983,7372],[6,0],[2,-3],[-4,-1],[-5,0],[1,4]],[[7984,7378],[3,-3],[-5,0],[-1,2],[3,1]],[[7961,7377],[-6,4],[11,-1],[-1,-3],[-4,0]],[[7959,7381],[-2,3],[-5,-2],[-9,1],[-1,3],[13,-1],[1,2],[4,0],[3,-5],[-4,-1]],[[7946,7937],[-2,5],[-4,1],[-14,-5],[-5,0],[-8,-2],[-5,0],[-6,-7],[-1,-3],[-2,-4],[-5,-6],[2,0],[-1,-5],[5,0],[3,4],[4,1],[2,-1],[5,0],[1,5],[9,3],[4,1],[9,0],[6,2],[5,-1],[4,2],[-1,3]],[[7951,7930],[2,-1],[-1,-3],[-3,-1],[5,-3],[14,2],[15,0],[7,-3],[5,-2],[3,0],[14,-3],[17,-14],[9,0],[4,-2],[3,-7],[9,-6],[2,-3],[2,-3],[-1,-9],[4,-4],[7,-2],[2,1],[9,0],[4,-2],[10,-8],[6,0],[6,6],[3,1],[6,0],[3,-2],[1,-4],[5,-2],[7,0],[3,-1],[8,0],[3,-1],[4,-4],[16,-4],[9,-5],[15,-7],[9,1],[3,0],[3,1],[10,3],[1,1],[6,2],[6,2],[9,1],[6,0],[6,2],[8,6],[6,8]],[[8261,7861],[0,-3],[-3,-4],[-6,-5],[-5,-3],[-10,-3],[-8,1],[-5,-1],[-10,-4],[-7,-4],[-9,-1],[-12,-1],[0,1],[-7,3],[-3,2],[-4,1],[-7,5],[-14,3],[-5,2],[-2,2],[-5,2],[-2,0],[-7,1],[-7,0],[-6,3],[-2,4],[-5,2],[-5,-2],[-2,-2],[-1,-3],[-4,-1],[-6,0],[-9,8],[-5,2],[-7,0],[-2,-1],[-9,2],[-4,4],[0,10],[-1,3],[-4,3],[-6,4],[-3,6],[-4,4],[-9,0],[-4,2],[-6,6],[-6,4],[-5,3],[-12,2],[-3,0],[-5,3],[-7,2],[-10,0],[-8,-1],[-5,0],[-5,-1],[-5,2],[-1,2],[-5,0],[-7,-3],[-8,1],[-8,-2],[-2,-1],[-1,-5],[-2,-2],[-6,0],[-3,1],[-4,-3],[-4,-2],[-3,1],[2,5],[-4,0],[-3,-2],[-7,-3],[-7,1],[-5,-6],[0,-6],[-5,-4],[-6,-2]],[[7859,7893],[6,4],[3,2],[0,8],[4,4],[5,1],[6,0],[10,5],[5,6],[2,3],[1,9],[5,2],[8,0],[5,1],[3,2],[8,1],[3,1],[6,2],[6,-2],[1,-5]],[[8033,8025],[1,-2],[-4,-3]],[[8030,8020],[-1,0]],[[8029,8020],[-1,0]],[[8028,8020],[-3,-2]],[[8025,8018],[-1,-1],[-5,-1],[-5,-2],[-2,-2],[-3,1],[-7,-2],[-6,-2],[-1,-7],[1,-5],[-9,-6],[-4,-1],[-2,-5],[-5,-3],[-3,0],[-5,-9],[2,8],[3,2],[3,0],[3,3],[3,5],[5,2],[0,1],[5,1],[0,7]],[[7992,8002],[0,5],[4,3],[9,2],[4,2],[5,2],[12,4],[7,5]],[[8029,8020],[1,0]],[[8030,8020],[-3,-2],[-2,0]],[[8025,8018],[3,2]],[[8028,8020],[1,0]],[[8038,8026],[-5,-1]],[[8033,8025],[5,1]],[[8038,8026],[3,2],[9,-1],[3,1]],[[8053,8028],[-2,-2],[-3,0],[-7,1],[-3,-1]],[[8039,8032],[3,1]],[[8042,8033],[-3,-1]],[[8059,8055],[-3,-1]],[[8056,8054],[3,1]],[[8059,8055],[-1,3]],[[8058,8058],[1,-3]],[[8058,8058],[-1,2]],[[8057,8060],[1,-2]],[[8153,9321],[3,0],[0,-3],[-5,1],[2,2]],[[8164,9591],[-4,-2],[2,4],[3,0],[-1,-2]],[[8161,9599],[1,0]],[[8162,9599],[-1,-1],[-4,0],[-1,3]],[[8156,9601],[1,0]],[[8157,9601],[0,-1]],[[8157,9600],[4,-1]],[[8116,9603],[1,0]],[[8117,9603],[4,-4],[3,-1],[4,-1],[5,3]],[[8133,9600],[-3,-4],[-10,2],[-4,5]],[[8117,9603],[-1,0]],[[8116,9603],[1,0]],[[8152,9607],[-8,1],[7,-3],[0,-2]],[[8151,9603],[-2,-2],[-3,1],[-5,1],[0,3],[-3,2],[1,3],[4,0],[9,-4]],[[8165,9599],[-3,0]],[[8162,9599],[-1,0]],[[8161,9599],[-4,1]],[[8157,9600],[0,1]],[[8157,9601],[2,3]],[[8159,9604],[-3,-3]],[[8156,9601],[-3,0],[-2,2]],[[8151,9603],[1,4]],[[8152,9607],[11,0],[-1,7],[4,-2],[0,-4],[1,-3],[-2,-2],[0,-4]],[[8184,9882],[-1,-2],[-4,3],[2,1],[3,-2]],[[8187,9883],[-3,-1]],[[8184,9882],[3,1]],[[7684,2649],[0,-3],[-3,-5],[-7,-4],[-2,0],[-3,3],[6,0],[3,4],[3,1],[1,5],[2,-1]],[[7689,2656],[-4,-2],[-8,1],[3,2],[2,3],[5,1],[2,-5]],[[7679,2664],[-1,5],[2,0],[-1,-5]],[[7694,2680],[-1,-6],[3,-3],[0,-3],[-5,0],[1,3],[-2,3],[1,6],[3,0]],[[7694,2680],[1,1],[6,1],[2,1],[1,3],[3,0],[0,-3],[-8,-3],[-5,0]],[[7718,2682],[-6,2],[-2,4],[5,2],[6,-6],[-3,-2]],[[7709,2688],[-3,2],[6,2],[0,-2],[-3,-2]],[[7695,2711],[5,0],[0,-2],[-2,-1],[-5,0],[2,3]],[[7781,3898],[4,0],[-2,-3],[-3,1],[1,2]],[[7849,4595],[-1,0],[-1,4],[-3,2],[-2,2],[6,0],[2,-3],[2,-5],[4,-4],[4,1],[5,-4],[-2,-6],[3,-1],[1,-5],[-6,3],[-1,4],[-5,2],[3,5],[-5,0],[-1,4],[-3,1]],[[7911,4830],[1,4],[4,0],[-1,-4],[-4,0]],[[7901,4844],[-3,-2],[-1,4],[-7,0],[-6,4],[1,3],[-10,2],[0,2],[-4,0],[-1,3],[-3,1],[-3,-2],[-5,1],[3,2],[0,3],[-4,0],[1,3],[5,0],[-1,2],[3,1],[-2,3],[-5,0],[5,5],[-1,7],[-1,3],[3,1],[1,3],[3,-4],[2,0],[4,-3],[3,-1],[8,5],[4,0],[-1,-3],[1,-4],[-1,-7],[-3,-1],[-1,-5],[-3,-3],[1,-2],[0,-6],[5,-1],[9,-1],[3,-3],[5,-3],[3,0],[0,-4],[7,0],[3,-2],[0,-4],[1,-1],[0,-4],[-8,3],[-6,-3],[-5,0],[1,8]],[[7893,4942],[2,-3],[3,-2],[6,0],[2,-3],[-2,-2],[0,-3],[-4,-4],[-1,-4],[1,-4],[-6,0],[-3,-3],[0,-4],[-2,-3],[-3,2],[0,2],[3,2],[-2,3],[1,2],[-1,4],[1,11],[-3,2],[-6,9],[0,3],[2,1],[7,-3],[4,0],[1,-3]],[[7945,5036],[-3,1],[1,3],[5,0],[2,-1],[6,-1],[5,-2],[1,-3],[7,-5],[-2,-2],[-7,3],[-6,3],[-8,0],[-1,4]],[[7896,5177],[-4,-2],[-18,1],[-3,1],[4,2],[6,1],[9,2],[9,-1],[0,-3],[-3,-1]],[[7931,5186],[4,2],[7,-3],[-7,-1],[-4,2]],[[7971,5403],[1,3],[3,1],[11,0],[-3,-3],[-6,0],[-6,-1]],[[7980,5423],[0,2],[8,0],[4,-2],[-1,-1],[-4,0],[-7,1]],[[8021,6227],[-6,3],[3,1],[3,-4]],[[7974,6267],[5,0],[1,-2],[-3,-1],[-3,3]],[[7973,6277],[1,0]],[[7974,6277],[3,-2],[1,-4],[-4,-4]],[[7974,6267],[-5,-1],[0,-1],[-6,1],[-6,0],[0,2],[-4,0],[6,4],[4,-1],[1,4],[7,0],[2,2]],[[7982,6271],[-3,1],[-2,4],[0,5],[6,-3],[-1,-4],[0,-3]],[[7974,6277],[-1,0]],[[7973,6277],[1,0]],[[8063,7071],[7,0],[-1,-1],[-5,-1],[-1,2]],[[8050,7092],[-9,0],[1,2],[9,0],[-1,-2]],[[8023,7132],[5,1],[8,0],[1,-3],[-15,0],[1,2]],[[8033,7163],[-2,-2],[1,-3],[-4,0],[-10,1],[-10,0],[5,3],[3,0],[3,2],[-1,2],[3,2],[4,0],[2,-4],[6,-1]],[[8102,7164],[0,-2],[-5,0],[0,2],[5,0]],[[8026,7174],[-1,2],[5,0],[2,-3],[-6,1]],[[8022,7187],[8,0],[0,-2],[-8,0],[0,2]],[[8040,7187],[-3,-2],[-7,0],[0,2],[10,0]],[[8033,7197],[-4,0],[-1,2],[3,1],[7,0],[2,-2],[-7,-1]],[[8060,7246],[3,1],[1,-3],[-6,0],[2,2]],[[8060,7248],[-1,6],[3,0],[-2,-6]],[[8107,7255],[5,0],[2,-2],[-3,-2],[-4,1],[0,3]],[[8107,7329],[7,0],[0,-4],[-3,1],[-1,2],[-3,1]],[[8103,7335],[-2,-6],[-6,-1],[-6,0],[1,6],[7,0],[6,1]],[[8101,7338],[-6,0],[1,8],[7,-1],[-2,-7]],[[8095,7347],[-2,2],[9,0],[7,2],[2,-4],[-16,0]],[[8065,7370],[-5,0],[-1,1],[7,1],[-1,-2]],[[8044,7392],[-10,0],[1,4],[3,0],[3,-2],[4,3],[3,0],[4,-2],[0,-2],[-8,-1]],[[8079,7509],[-5,0],[-3,4],[3,4],[4,-2],[0,-3],[1,-3]],[[8083,8073],[4,1],[0,3]],[[8087,8077],[0,-5],[-4,1]],[[8087,8077],[-4,0],[0,-4]],[[8083,8073],[0,-4],[-3,-1],[-1,-4],[1,-3],[-3,-3],[-3,-2],[-3,-2],[1,-5],[-2,0],[0,5],[4,4],[4,3],[0,7],[4,3],[-1,5],[5,3],[3,2],[1,5],[-2,3],[-1,5],[0,3],[5,2],[7,-1]],[[8099,8098],[1,0]],[[8100,8098],[-6,0],[-4,-2],[-1,-4],[2,-4],[0,-8],[-4,-3]],[[8100,8098],[-1,0]],[[8099,8098],[9,3],[2,-1],[3,4],[2,4],[5,7],[1,1],[3,2],[2,2],[-1,5],[6,4],[0,2],[4,2],[0,2],[5,6],[4,2],[0,3],[3,0],[-2,-4],[1,-2],[-4,-1],[-3,-4],[0,-5],[-8,-3],[-2,-2],[-1,-6],[-4,-3],[-1,-2],[-5,-7],[-3,-7],[-4,-2],[-7,1],[-4,-1]],[[8166,8158],[2,0],[8,-7],[6,3],[1,4],[3,-2],[-7,-5],[-5,-1],[-3,2],[-5,6]],[[8171,9230],[-6,1],[-1,2],[6,0],[1,-3]],[[8263,9748],[7,-1],[3,-3],[2,-5],[-3,-4],[-2,1],[2,3],[0,4],[-3,2],[-4,0],[-1,-2],[-3,-1],[0,-4],[-6,1],[0,3],[4,3],[-5,3],[0,1],[5,1],[4,-2]],[[8279,9761],[0,-1]],[[8279,9760],[-1,-1]],[[8278,9759],[1,2]],[[8279,9773],[-3,-2],[2,-4],[-7,1],[-4,2],[7,0],[-1,2],[2,2],[4,-1]],[[7776,2224],[-2,2],[1,2],[5,1],[1,-3],[-3,-2],[-2,0]],[[7969,4471],[1,1]],[[7970,4472],[-1,-1]],[[7970,4472],[-1,-1]],[[7969,4471],[3,-1],[-1,-12],[-2,0],[-2,-7],[-4,-8],[-1,-5],[-6,-4],[-4,-1],[1,8],[2,2],[-3,1],[1,4],[-2,3],[0,8],[-2,3],[1,10],[0,5],[2,7],[3,0],[-2,5],[-3,1],[-6,7],[-5,5],[-4,1],[-4,2],[0,3],[-5,3],[-2,4],[-2,0],[-1,4],[5,0],[-1,-3],[3,-4],[5,-3],[2,-3],[6,-3],[6,0],[2,2],[6,0],[5,2],[1,2],[7,-1],[0,-4],[5,1],[-3,-4],[3,-1],[1,-4],[-4,-4],[-4,-2],[-1,-3],[3,-1],[-2,-4],[1,-3],[3,-2],[0,-5]],[[7959,4477],[2,-6],[4,5],[-6,1]],[[7953,4474],[0,-6],[1,0],[1,5],[-2,1]],[[7963,4465],[-3,-1],[-1,-7],[-2,-1],[4,-2],[2,6],[0,5]],[[7967,4454],[-6,-1],[2,-2],[4,3]],[[8024,4574],[3,-1],[8,-2],[6,0],[1,-4],[-2,-2],[2,-1],[0,-5],[-6,-1],[1,7],[-6,1],[-1,1],[-13,9],[5,0],[2,-2]],[[7996,4586],[-3,2],[-5,0],[4,-6],[-6,2],[-1,2],[-8,1],[2,4],[5,0]],[[7984,4591],[-5,5],[-1,2],[-6,5],[6,-1],[2,-4],[6,0],[3,4],[6,-2],[4,-4],[6,0],[3,-1],[-1,-5],[4,0],[1,-4],[-3,-1],[2,-4],[-5,0],[1,2],[-6,1],[1,3],[-5,0],[-1,-1]],[[7970,4648],[4,-1],[0,-3],[-6,-2],[-2,2],[1,6],[3,-2]],[[7988,4728],[-1,-4],[-5,3],[2,3],[-1,3],[5,1],[2,-3],[-2,-3]],[[7985,4740],[-1,-2],[-5,0],[-1,1],[5,5],[1,2],[4,0],[1,-4],[-3,0],[-1,-2]],[[7990,4749],[-6,1],[4,2],[4,0],[1,-2],[-3,-1]],[[7952,4783],[1,-1]],[[7953,4782],[4,-3],[1,-3],[-5,1],[-1,6]],[[7953,4782],[-1,1]],[[7952,4783],[-3,3],[-6,1],[-1,3],[9,1],[-2,3],[1,2],[4,1],[2,2],[0,5],[6,0],[4,-2],[4,-4],[-2,-8],[2,-2],[-6,-5],[-7,-3],[-4,2]],[[8005,5207],[7,4],[5,0],[-3,-3],[-5,-1],[-4,0]],[[8014,5250],[-7,-2],[-6,-3],[-13,0],[-5,2],[-1,2],[8,1],[5,3],[6,0],[3,-1],[11,0],[-1,-2]],[[8082,5365],[-11,0],[2,3],[4,2],[9,-1],[4,-3],[-8,-1]],[[8099,5373],[-6,1],[4,5],[4,0],[2,-4],[-4,-2]],[[8079,5391],[-7,-2],[0,2],[-4,2],[0,2],[6,0],[5,-4]],[[8055,5413],[3,-2],[5,-2],[1,-2],[-1,-5],[-2,0],[-6,4],[-3,3],[-4,-1],[-2,-2],[-7,0],[-2,4],[4,0],[-3,5],[2,2],[5,3],[1,2],[4,-1],[-1,-3],[4,-4],[2,-1]],[[8028,5454],[4,-3],[7,-1],[4,-2],[1,-6],[5,-5],[-6,2],[-1,1],[-6,1],[-3,5],[-5,2],[-2,5],[-5,2],[-7,4],[4,2],[2,-2],[6,-2],[2,-3]],[[8146,6173],[0,1]],[[8146,6174],[0,-1]],[[8127,6181],[1,1],[7,0],[7,0],[3,-3],[-5,1]],[[8140,6180],[-3,0],[1,-4],[9,0],[-1,-2]],[[8146,6174],[0,-1]],[[8146,6173],[-4,0],[-2,1],[-9,2],[-1,1],[-10,0],[0,2],[-6,0],[1,2],[-5,1],[-10,0],[-1,3],[-6,1],[-5,1],[-4,5],[-14,5],[-2,2],[-9,4],[-1,2],[-3,0],[-3,3]],[[8052,6208],[4,-1],[1,2]],[[8057,6209],[5,0],[6,-1],[1,-2],[8,-1],[3,-2],[5,0],[4,-5],[4,-1],[7,-1],[4,-3],[5,-2],[-1,-2],[5,-2],[5,-4],[7,-1],[2,-1]],[[8057,6209],[-7,1],[-1,2],[6,1]],[[8055,6213],[4,-1],[-2,-3]],[[8072,6470],[1,-5],[-2,-5],[1,-3],[3,-1],[0,-3],[-2,-1],[-5,3],[-6,0],[-3,4],[2,4],[6,0],[1,5],[4,2]],[[8181,6663],[-2,3],[2,1],[5,0],[1,-2],[-2,-2],[-4,0]],[[8185,6830],[0,1],[6,0],[-1,-3],[-5,2]],[[8139,7109],[6,-1],[-2,-2],[-3,0],[-1,3]],[[8126,7268],[2,-1],[0,-4],[-3,-3],[-2,1],[0,4],[3,3]],[[8124,7275],[2,2],[4,1],[-1,-3],[-5,0]],[[8124,7295],[-3,-2],[-3,1],[0,4],[5,2],[4,-4],[-3,-1]],[[8203,7298],[2,-2],[-4,-1],[2,3]],[[8116,7302],[2,1],[13,0],[-1,-2],[-7,0],[-8,0],[1,1]],[[8128,7313],[4,0],[-1,-4],[-7,0],[-6,2],[1,4],[7,1],[1,-2],[-6,0],[-1,-2],[5,0],[3,1]],[[8203,7312],[-3,1],[-1,-4],[1,-3],[4,-3],[-6,-1],[-3,-2]],[[8195,7300],[-3,1],[-5,0],[-2,3],[6,-1],[1,3],[-3,5],[-3,4],[1,3]],[[8187,7318],[5,4],[10,2],[1,0],[-1,-5],[2,-2],[-1,-5]],[[8235,7396],[-5,2],[-11,0],[2,1],[4,1],[11,-1],[-1,-3]],[[8261,7861],[2,2]],[[8263,7863],[-2,-2]],[[8273,7871],[-6,-4],[-2,-4],[-2,0]],[[8263,7863],[3,4],[3,4],[4,0]],[[8244,8200],[-4,-2]],[[8240,8198],[-4,0],[-1,2],[-4,1],[-2,-2],[-4,0],[-2,3],[-4,0],[-1,-4]],[[8218,8198],[-1,2],[0,4],[7,-1],[1,-2],[6,1],[4,-2],[9,0]],[[8244,8200],[4,1],[2,2]],[[8250,8203],[2,0]],[[8252,8203],[0,-1],[-8,-2]],[[8252,8203],[-2,0]],[[8250,8203],[0,3],[4,0],[0,5],[5,1]],[[8259,8212],[-4,-3],[0,-3],[-3,-3]],[[8275,8372],[1,2],[5,0],[-1,-3],[-5,1]],[[8319,9750],[-1,-11],[-2,1],[-3,3],[1,4],[4,1],[1,2]],[[8278,9759],[1,1]],[[8279,9760],[2,0]],[[8281,9760],[-3,-1]],[[8332,9761],[2,-3],[-4,-2],[-2,2],[-1,3],[5,0]],[[8281,9760],[-2,1]],[[8279,9761],[2,-1]],[[8355,9768],[2,-3],[-1,-3],[-4,1],[-2,3],[2,3],[3,-1]],[[8346,9807],[-3,-1],[1,8],[3,-2],[-1,-5]],[[8394,9850],[4,0],[-2,-3],[-3,0],[-2,2],[-6,0],[0,2],[9,-1]],[[7944,1825],[-3,1],[0,4],[3,0],[4,-2],[-4,-3]],[[7940,1848],[3,3],[2,-2],[-3,-3],[-2,2]],[[7930,2062],[4,1],[0,-5],[-4,4]],[[7968,2109],[-3,3],[5,0],[1,-3],[-3,0]],[[7870,2134],[4,0],[2,-2],[-4,-1],[-2,3]],[[7896,2297],[0,2],[5,1],[0,-3],[-5,0]],[[8100,4626],[4,-2],[0,-2],[-8,1],[0,6],[4,-3]],[[8115,4629],[4,2],[3,-2],[-4,-1],[-3,1]],[[8133,4651],[7,1],[0,-4],[-6,0],[-1,3]],[[8117,4685],[-6,1],[-2,3],[3,1],[6,0],[2,-5],[-3,0]],[[8060,4707],[-5,5],[2,2],[3,0],[3,-3],[0,-3],[-3,-1]],[[8116,4716],[-2,4],[3,1],[6,-3],[4,0],[2,-5],[-1,-2],[2,-3],[-8,0],[-4,6],[-2,2]],[[8271,6130],[-2,-2],[-5,0],[3,3],[4,-1]],[[8264,6148],[12,1],[-2,-2],[-6,0],[-4,1]],[[8269,6166],[-4,-2]],[[8265,6164],[-8,1],[1,1],[6,0],[5,0]],[[8235,6169],[-1,-2],[-6,-2],[-6,0],[-10,3],[0,2],[14,0],[6,0],[3,-1]],[[8181,6427],[8,-1],[-2,-1],[-6,0],[0,2]],[[8281,6698],[2,-3],[-5,0],[-1,8],[3,-2],[1,-3]],[[8235,6708],[0,3],[5,-1],[1,-4],[-5,0],[-1,2]],[[8271,6706],[-3,0],[-2,3],[5,-1],[0,-2]],[[8288,6753],[-3,-3],[6,0],[-1,-4],[6,-2],[-2,-3],[-11,1],[2,-7],[-1,-3],[-3,0],[1,-4],[-4,0],[1,-5],[-1,-2],[-8,0],[0,3],[-2,2],[-7,-2],[-5,3],[-8,2],[4,2],[3,4],[1,3],[4,1],[2,5],[3,2],[7,2],[1,2],[5,3],[9,2],[1,-2]],[[8304,6755],[-1,5],[4,0],[3,-2],[-2,-2],[-4,-1]],[[8299,6764],[4,1],[1,3],[5,0],[1,-5],[-11,1]],[[8277,6834],[7,0],[-1,-2],[-5,0],[-1,2]],[[8311,6837],[-2,2],[12,0],[0,-2],[-10,0]],[[8282,6870],[-5,0],[-2,3],[13,-1],[-6,-2]],[[8301,6874],[7,0],[4,1],[0,-3],[-5,0],[-1,2],[-5,0]],[[8268,6887],[-2,3],[5,0],[-3,-3]],[[8259,6900],[7,0],[-1,-2],[-6,1],[0,1]],[[8295,6902],[-1,0],[-9,0],[-1,1],[11,-1]],[[8300,6921],[-5,0],[0,2],[5,-2]],[[8253,6943],[5,1],[-1,-4],[-3,1],[-1,2]],[[8294,6955],[-1,-1],[-7,1],[0,2],[8,0],[0,-2]],[[8260,7132],[0,2],[5,0],[0,-3],[-5,1]],[[8237,7142],[-5,0],[-2,2],[1,2],[6,-4]],[[8271,7143],[-9,-3],[-7,1],[-4,4],[1,2],[5,2],[5,0],[2,2],[4,0],[1,-3],[3,-1],[-1,-4]],[[8253,7155],[-4,-2],[-4,0],[1,7],[1,3],[2,1],[2,3],[3,-1],[0,-8],[-1,-3]],[[8267,7189],[1,-4],[-2,-9],[-6,-2],[-2,3],[-1,8],[-2,2],[1,7],[4,-1],[5,-2],[2,-2]],[[8340,7184],[-7,0],[-3,4],[2,2],[4,0],[3,-2],[1,-4]],[[8258,7234],[-4,0],[0,4],[4,1],[2,-3],[-2,-2]],[[8316,7297],[2,2],[2,2],[4,2],[8,-2],[4,-1],[7,-2],[5,-3],[6,-5],[4,-1],[0,-4],[3,0],[-1,-11],[-3,1],[-3,-5],[-4,3],[-5,0],[-3,2],[-7,0],[-4,2],[-9,1],[-10,0],[-5,-1],[0,4],[4,4],[4,2],[3,0],[-4,9],[2,1]],[[8328,7352],[2,2],[4,-2],[0,-2],[-5,0],[-1,2]],[[8258,7395],[7,-1],[-1,-2],[-5,1],[-1,2]],[[8320,7394],[-5,0],[0,3],[10,0],[0,-2],[-5,-1]],[[8305,7445],[9,0],[0,-2],[-9,1],[0,1]],[[8301,7447],[-2,3],[4,0],[3,-2],[0,-2],[-4,0],[-1,1]],[[8330,7454],[12,0],[-1,-3],[-5,0],[1,-4],[-8,0],[-1,-2],[-2,-1],[-9,0],[1,2],[5,0],[3,2],[-2,2],[0,4],[-7,-1],[-2,3],[3,2],[3,-3],[9,-1]],[[8307,7462],[5,-2],[1,-2],[-4,0],[1,-5],[-5,1],[-2,-2],[-4,0],[0,2],[4,3],[-1,3],[-6,3],[-1,2],[1,4],[6,-3],[2,-5],[3,1]],[[8286,7473],[8,0],[-1,-3],[-6,0],[-1,3]],[[8286,7480],[-3,3],[0,4],[2,2],[4,-1],[0,-6],[-3,-2]],[[8343,7548],[-3,0],[-1,2],[4,0],[0,-2]],[[8273,7871],[9,6],[3,0],[5,1]],[[8290,7878],[-8,-3],[-2,0],[-5,-3],[-2,-1]],[[8353,7873],[-6,0],[-5,0]],[[8342,7873],[5,0],[5,2],[1,-2]],[[8290,7878],[6,2],[1,-2],[-7,0]],[[8352,8001],[2,1],[18,-1],[9,-1],[5,-1]],[[8386,7999],[-7,1],[-27,1]],[[8323,8330],[1,-3],[-1,-1],[-1,-7],[4,-2],[0,-5],[-2,-2],[-3,-1],[-3,-5],[0,-3],[-2,-3],[-1,-7],[1,-2],[-2,-3],[-1,-6],[-4,-9],[-1,3],[4,6],[0,7],[2,1],[0,4],[-1,4],[4,5],[1,5],[1,3],[6,3],[-2,5],[-3,2],[0,6],[3,5]],[[8311,8347],[-7,1],[0,2],[-4,3],[-1,2]],[[8299,8355],[2,-2],[7,-5],[3,-1]],[[8421,9069],[2,0],[2,-3],[4,0],[5,2]],[[8434,9068],[-2,-2],[-7,-1],[-4,4]],[[8421,9069],[-7,0],[-1,2]],[[8413,9071],[7,-1],[1,-1]],[[8442,9074],[-6,-2],[-1,-4],[-1,0]],[[8434,9068],[1,5],[7,1]],[[8367,9074],[7,4]],[[8374,9078],[-1,-1],[-5,-3],[-1,0]],[[8385,9073],[-4,1],[-4,4],[-3,0]],[[8374,9078],[2,1],[6,-5],[3,-1]],[[8426,9085],[5,5],[-1,-7],[-4,2]],[[8478,9624],[5,-1]],[[8483,9623],[-5,1]],[[8484,9742],[1,0]],[[8485,9742],[1,1]],[[8486,9743],[1,1]],[[8487,9744],[1,1]],[[8488,9745],[0,-3],[-4,0]],[[8490,9755],[1,0]],[[8491,9755],[0,-2]],[[8491,9753],[-1,2]],[[8488,9745],[-1,-1]],[[8487,9744],[-1,-1]],[[8486,9743],[-1,-1]],[[8485,9742],[-1,0]],[[8484,9742],[1,5],[-2,4],[-4,4],[2,4],[-2,3],[4,2],[0,-6],[-2,-4],[5,-5],[2,-4]],[[8490,9755],[-1,3],[0,4],[5,-2]],[[8494,9760],[1,-4],[-4,-1]],[[8491,9755],[-1,0]],[[8446,9780],[1,5],[10,-2],[-3,-3],[-8,0]],[[8425,9804],[-1,2],[7,2],[-2,-6],[-3,0],[-1,2]],[[7975,1811],[4,0],[0,-4],[-4,1],[0,3]],[[7964,1875],[4,-1],[-1,-2],[-3,0],[0,3]],[[8052,1946],[0,-2],[-6,1],[0,1],[6,0]],[[7993,2054],[1,-2],[-5,0],[1,3],[3,-1]],[[8016,2150],[1,-1],[1,-5],[-3,0],[1,6]],[[8062,2155],[5,-1],[-1,-2],[-4,1],[0,2]],[[8087,2747],[-1,3],[3,2],[3,0],[-2,-7],[-3,2]],[[8104,2762],[6,3],[0,-3],[-4,-1],[-2,1]],[[8097,2768],[2,0],[0,-3],[-4,0],[2,3]],[[8158,3890],[-4,2],[-6,-1],[-1,2],[-9,5],[4,3],[-1,7],[-3,0],[0,5],[7,0],[3,-1],[7,2],[4,3],[2,5],[2,1],[-2,9],[3,0],[0,3],[9,0],[3,-1],[1,-2],[3,-3],[7,0],[5,1],[0,-3],[12,-1],[2,-4],[2,-2],[2,-4],[6,-4],[0,-3],[4,0],[1,-2],[-5,-1],[-6,1],[-2,-1],[-7,0],[-6,-4],[-3,-3],[-7,-3],[-8,-5],[0,-4],[3,-4],[-1,-6],[-5,0],[-4,2],[-5,0],[-3,3],[1,4],[-3,0],[-2,4]],[[8173,3899],[4,3],[9,-1],[3,1],[2,3],[-3,0],[6,8],[2,-4],[3,1],[2,2],[0,6],[-4,5],[-4,0],[-5,2],[-2,-1],[0,-4],[-3,-3],[-3,0],[-2,3],[-3,-1],[0,-3],[-4,0],[-5,-6],[-4,1],[-6,0],[-3,-2],[-1,-4],[-3,-1],[1,-3],[4,0],[0,-2],[9,-1],[-2,-2],[2,-2],[5,0],[-2,6],[5,1],[2,-2]],[[8170,3908],[0,2],[7,1],[-2,-3],[-5,0]],[[8192,4398],[-8,0],[-5,3],[3,2],[4,-3],[6,-2]],[[8228,4772],[-3,-2],[4,-6],[-2,-2],[4,-4],[-2,-5],[1,-2],[-8,-1],[2,2],[5,3],[0,3],[-4,3],[2,6],[-6,1],[1,3],[6,1]],[[8246,4803],[0,2]],[[8246,4805],[1,0]],[[8247,4805],[-1,-2]],[[8247,4805],[-1,0]],[[8246,4805],[0,-2]],[[8246,4803],[-1,3]],[[8245,4806],[2,-1]],[[8245,4806],[1,3]],[[8246,4809],[-1,-3]],[[8235,4820],[1,1]],[[8236,4821],[-1,-1]],[[8236,4821],[-1,-1]],[[8235,4820],[1,1]],[[8246,4852],[-3,-5],[-3,-1]],[[8240,4846],[-1,-2],[5,-1],[0,-5]],[[8244,4838],[-4,1],[0,-3],[-2,-1],[0,-4],[-8,2],[-1,2],[-3,1],[0,3],[-5,3],[1,4],[-3,2],[5,2],[4,-2],[1,2],[4,0]],[[8233,4850],[5,1],[4,2],[4,-1]],[[8221,4866],[1,-3],[6,2],[0,5],[3,-1],[-1,-4],[4,-2],[-4,-2],[-9,1],[0,4]],[[8238,4884],[1,-3],[-6,-1],[-8,3],[3,3]],[[8228,4886],[3,3],[7,-3],[6,-1],[0,-1],[-6,0]],[[8258,5019],[-1,3],[3,0],[2,-4],[-4,1]],[[8338,6097],[1,0]],[[8339,6097],[-1,0]],[[8354,6095],[-11,0],[-4,2]],[[8339,6097],[-1,0]],[[8338,6097],[3,3],[4,-3],[6,0],[3,-2]],[[8323,6098],[2,1]],[[8325,6099],[3,1],[7,-3],[-1,-3],[-5,2],[-3,0],[-3,2]],[[8323,6098],[-1,0]],[[8322,6098],[2,1]],[[8324,6099],[-1,-1]],[[8322,6098],[-3,-1]],[[8319,6097],[-3,1],[-8,2],[3,1],[5,0],[1,-2],[5,-1]],[[8325,6099],[-1,0]],[[8324,6099],[1,0]],[[8296,6104],[11,1],[1,-3],[-7,-1],[-5,2],[0,1]],[[8345,6105],[-5,2],[3,1],[2,-3]],[[8321,6108],[-6,1],[-4,3],[6,0],[6,-3],[-2,-1]],[[8322,6210],[5,0],[0,-3],[-3,0],[-2,3]],[[8356,6278],[-1,4],[3,1],[4,-5],[-6,0]],[[8379,6601],[-6,1],[0,1],[5,0],[1,-2]],[[8305,6633],[0,2],[8,-1],[1,-2],[-9,1]],[[8307,6638],[1,-3],[-10,0],[0,4],[2,1],[7,-2]],[[8366,6636],[-3,3],[2,1],[4,-1],[-1,-3],[-2,0]],[[8370,6657],[-8,0],[4,2],[7,0],[-3,-2]],[[8362,6663],[-2,1],[1,2],[6,-1],[-5,-2]],[[8328,6699],[-5,-1],[-3,1],[1,3],[3,0],[4,-3]],[[8323,6829],[1,-2],[4,-1],[10,0],[-3,-6],[-9,4],[-4,3],[1,2]],[[8350,6875],[2,1],[5,-3],[-5,-1],[-2,3]],[[8336,7006],[-6,-1],[1,3],[2,1],[3,-3]],[[8405,7059],[-4,1],[2,5],[5,0],[2,-2],[0,-2],[-5,-2]],[[8394,7072],[6,0],[-2,-2],[-4,2]],[[8409,7115],[4,1],[0,-4],[-5,0],[1,3]],[[8390,7124],[1,1],[6,-1],[1,-2],[-7,0],[-1,2]],[[8406,7192],[-1,1]],[[8405,7193],[1,-1]],[[8406,7192],[-1,1]],[[8405,7193],[-1,3]],[[8404,7196],[1,0],[7,0],[-4,-3],[-2,-1]],[[8365,7196],[-3,-1],[-1,3],[3,2],[4,0],[0,-2],[-3,-2]],[[8396,7218],[1,1],[9,0],[4,-3],[9,1]],[[8419,7217],[0,-1]],[[8419,7216],[3,-6]],[[8422,7210],[-2,-1],[-3,0],[-3,-2],[-4,-5],[-6,-1],[-2,-2],[-5,2],[-3,-2],[-4,4],[1,2],[3,1],[7,4],[1,6],[-6,2]],[[8403,7204],[0,4],[-4,0],[0,-2],[4,-2]],[[8348,7218],[1,7],[3,2],[7,2],[7,-1],[-2,-3],[-3,-5],[2,-4],[-4,0],[-3,2],[-6,-2],[-2,2]],[[8408,7239],[-8,0],[1,3],[9,0],[-2,-3]],[[8412,7246],[0,-2],[-5,0],[-5,-2],[1,4],[4,2],[5,1],[2,-2],[-2,-1]],[[8417,7279],[3,2],[10,-1],[6,-2],[-1,-4],[0,-4],[5,-1],[0,-2],[-7,-1],[-4,-3],[-5,0],[-2,-4],[-6,-2],[-2,-2],[-4,3],[-4,2],[-8,0],[-6,2],[-3,2],[-2,-3],[3,-3],[1,-5],[-4,3],[-1,4],[-2,3],[0,4],[2,1],[3,1],[4,5],[0,1],[4,3],[7,-1],[7,-1],[6,1],[0,2]],[[8351,7364],[1,2],[6,-1],[2,-2],[-8,0],[-1,1]],[[8343,7375],[5,1],[10,0],[1,-3],[-13,1],[-3,1]],[[8377,7525],[3,1],[4,0],[1,-3],[-7,0],[-1,2]],[[8402,7994],[4,-1],[5,-2]],[[8411,7991],[-9,3]],[[8523,8843],[-1,-2],[-4,0],[-5,-4],[-4,0],[-1,2],[1,7],[-5,-3],[-3,2],[5,3],[6,-2],[8,0],[3,-3]],[[8519,9093],[2,2]],[[8521,9095],[-2,-2]],[[8491,9104],[4,1],[9,0],[5,-2]],[[8509,9103],[-3,1],[-15,0]],[[8509,9103],[6,1],[9,0],[4,2],[2,0]],[[8530,9106],[-6,-4],[-2,1],[-6,0],[-2,-1],[-5,1]],[[8530,9122],[3,4],[0,5],[-3,3],[0,3],[-3,3]],[[8527,9140],[3,-1],[1,-5],[2,-2],[2,-5],[-5,-5]],[[8521,9691],[-6,0],[-4,3],[0,3],[3,1],[10,0]],[[8524,9698],[-11,-1],[-1,0],[1,-4],[8,-2]],[[8505,9756],[3,0],[1,-2],[-4,-1],[0,3]],[[8560,9793],[2,1],[6,1],[-3,-3],[0,-12],[-2,3],[0,2],[-3,3],[0,5]],[[8560,9793],[-3,0],[-3,-2],[-2,0],[3,7],[5,-5]],[[8098,1952],[-1,2],[5,1],[2,-5],[-6,2]],[[8145,2071],[0,-3],[-4,0],[1,2],[3,1]],[[8195,2695],[-4,-1],[0,3],[3,0],[1,-2]],[[8172,2767],[3,2],[2,-1],[-2,-4],[-3,3]],[[8126,2769],[-2,4],[6,1],[0,-4],[-4,-1]],[[8150,2829],[-3,2],[1,2],[5,0],[-3,-4]],[[8151,2846],[-7,0],[2,6],[4,-2],[1,-4]],[[8269,4481],[-3,0],[-3,-5],[-6,0],[-4,5],[2,2],[10,0],[4,0],[0,-2]],[[8319,4479],[-4,0],[2,5],[5,1],[2,-2],[-2,-4],[-3,0]],[[8304,5124],[-2,-1]],[[8302,5123],[-7,-1],[-3,-5],[1,-2]],[[8293,5115],[-2,-1],[-3,1],[-5,0],[0,3]],[[8283,5118],[1,2],[4,0],[5,4],[0,2],[7,1],[2,2],[-1,2]],[[8301,5131],[4,0],[1,-3],[-2,-1],[0,-3]],[[8302,5123],[2,1]],[[8304,5124],[-2,-1]],[[8316,5129],[1,0]],[[8317,5129],[-1,0]],[[8317,5129],[-1,0]],[[8316,5129],[-7,-1],[-1,3],[9,-2]],[[8377,5298],[-8,0],[-1,3],[3,0],[6,-3]],[[8379,5324],[-4,-2],[0,-4],[-3,-1],[1,-5],[-5,-1],[-1,1],[4,3],[-1,5],[-3,1],[2,3],[6,3],[5,0],[5,-2],[-6,-1]],[[8406,6077],[-1,-2],[-5,-1],[0,3],[6,0]],[[8429,6079],[-6,-1]],[[8423,6078],[-2,2],[5,3],[3,-1],[0,-3]],[[8377,6085],[0,2],[9,0],[-3,-4],[-6,2]],[[8389,6091],[2,3],[5,-2],[-1,-2],[-6,1]],[[8389,6289],[3,0],[1,-3],[-6,-1],[-2,-3],[-5,0],[2,8],[7,-1]],[[8389,6299],[2,-2],[-6,-2],[-7,1],[-1,2],[7,0],[-1,3],[6,-2]],[[8446,6495],[-8,-1],[0,1],[8,0]],[[8418,6532],[1,1],[5,-2],[0,-1],[-6,0],[0,2]],[[8394,6538],[0,-2],[-5,0],[-4,1],[-7,2],[2,2],[-4,2],[16,-1],[2,-4]],[[8372,6548],[12,0],[1,-2],[-13,1],[0,1]],[[8397,6553],[-5,1],[-8,1],[-2,2],[3,1],[9,-1],[3,-1],[0,-3]],[[8375,6563],[13,0],[-1,-2],[-6,1],[-6,1]],[[8398,6567],[-7,-1],[0,2],[7,-1]],[[8380,6569],[9,0],[0,-2],[-6,0],[-3,2]],[[8421,6589],[-13,-1],[0,1],[13,1],[0,-1]],[[8451,6593],[-13,0],[0,2],[13,-1],[0,-1]],[[8429,6812],[1,1],[7,0],[-3,-2],[-5,1]],[[8447,6816],[-3,-2],[-3,0],[-3,3],[1,3],[5,1],[2,-2],[1,-3]],[[8408,6854],[-1,-5],[-1,0],[-4,4],[1,5],[4,-1],[1,-3]],[[8438,6976],[-2,-1],[-6,0],[0,3],[8,-2]],[[8413,7052],[0,2],[5,0],[5,-3],[-6,-1],[-4,2]],[[8424,7117],[-4,2],[1,5],[5,-3],[-2,-4]],[[8436,7205],[5,1],[3,-3],[-8,0],[0,2]],[[8427,7199],[-1,3],[-4,0],[-5,0],[0,2]],[[8417,7204],[7,2],[-2,4]],[[8422,7210],[1,0],[3,-5],[3,3],[-2,1],[0,4],[8,3],[0,3]],[[8435,7219],[2,-1],[-1,-2],[8,0],[-1,-2],[-5,1],[-5,-2],[0,-3],[3,0],[0,-5]],[[8436,7205],[-2,0],[-6,-2],[-1,-4]],[[8419,7216],[0,1]],[[8419,7217],[0,2],[7,-1],[2,1],[7,0]],[[8435,7219],[-3,-2],[-3,0],[-1,-2],[-3,-3],[-6,4]],[[8418,7243],[6,0],[0,-2],[-5,0],[-1,2]],[[8470,7266],[-1,-3],[5,-2],[0,-5],[-3,-5],[-3,-2],[-7,1],[-3,-5],[-6,1],[1,2],[-3,1],[-2,4],[13,7],[0,3],[-6,3],[-5,4],[6,1],[7,0],[5,-1],[3,-3],[-1,-1]],[[8448,7339],[5,0],[-1,-2],[-2,0],[-2,2]],[[8515,7719],[1,1]],[[8516,7720],[-1,-1]],[[8516,7720],[-1,-1]],[[8515,7719],[-1,2]],[[8514,7721],[1,0]],[[8515,7721],[1,-1]],[[8515,7721],[-1,0]],[[8514,7721],[1,0]],[[8516,7735],[1,-1]],[[8517,7734],[-1,1]],[[8517,7734],[-1,1]],[[8516,7735],[3,2],[0,3]],[[8519,7740],[2,-3],[-4,-3]],[[8519,7740],[-2,2],[1,5]],[[8518,7747],[-1,-4],[2,-3]],[[8518,7747],[0,2],[3,2]],[[8521,7751],[-3,-4]],[[8508,7771],[7,-3]],[[8515,7768],[-2,0],[-5,3]],[[8504,7807],[-3,3],[0,6],[1,4],[2,0]],[[8504,7820],[-2,-9],[2,-4]],[[8506,7835],[-4,1]],[[8502,7836],[4,-1]],[[8528,8230],[-4,0]],[[8524,8230],[4,0]],[[8510,8233],[-3,0]],[[8507,8233],[3,0]],[[8582,9076],[-3,-2],[-1,3],[4,-1]],[[8593,9077],[1,1],[5,0],[-1,-4],[-2,0],[-3,3]],[[8552,9082],[-2,3],[1,3],[4,-3],[1,-2],[-4,-1]],[[8548,9181],[1,-1]],[[8549,9180],[-1,1]],[[8549,9180],[-1,1]],[[8548,9181],[2,2],[0,8],[3,1],[-2,-7],[-1,-4],[-1,-1]],[[8610,9205],[-7,-4],[0,-1],[-4,-7],[-1,1],[1,4],[2,3],[5,4],[4,0]],[[8582,9810],[-3,0],[-1,2],[6,0],[-2,-2]],[[8598,9833],[2,3],[4,-1],[2,-3],[-1,-3],[-5,1],[-2,3]],[[8583,9845],[-1,1],[3,5],[8,1],[6,0],[1,-2],[4,0],[1,-4],[-8,0],[-3,4],[-6,-1],[-5,-4]],[[8627,9860],[1,0]],[[8628,9860],[5,1],[5,-2],[4,0],[0,-3],[-6,-3],[-5,3],[-4,0],[0,4]],[[8628,9860],[-1,0]],[[8627,9860],[-5,-3],[-3,-1],[4,6],[5,-2]],[[8577,9860],[-2,2]],[[8575,9862],[2,-2]],[[8637,9863],[2,2],[4,0],[-5,-4],[-1,2]],[[8627,9866],[-4,-2],[-2,-2],[-5,0],[1,3]],[[8617,9865],[1,0]],[[8618,9865],[0,1]],[[8618,9866],[2,1]],[[8620,9867],[2,1]],[[8622,9868],[1,-3],[4,1]],[[8617,9865],[2,3],[3,0]],[[8622,9868],[-2,-1]],[[8620,9867],[-2,-1]],[[8618,9866],[-1,-1]],[[8640,9873],[1,5],[5,0],[5,-3],[-4,-3],[-3,0],[-4,1]],[[8636,9877],[3,-1],[-1,-2],[-3,1],[1,2]],[[8602,9952],[3,-3],[-5,0]],[[8600,9949],[-1,2],[2,2]],[[8601,9953],[1,-1]],[[8622,9953],[0,-2],[-3,0],[0,3],[3,-1]],[[8601,9953],[1,-1]],[[8602,9952],[-1,1]],[[8150,1824],[-4,2],[1,2],[4,2],[3,-4],[-4,-2]],[[8216,1975],[2,-1],[0,-3],[-5,1],[3,3]],[[8243,2030],[-1,3],[3,2],[3,-2],[0,-4],[-4,-1],[-1,2]],[[8185,2174],[1,-8],[1,-1],[0,-3],[1,-2],[0,-6],[-3,-1],[0,-4],[-2,0],[1,11],[-1,3],[-2,1],[0,5],[2,4],[2,1]],[[8247,2188],[0,3],[7,0],[-4,-4],[-3,1]],[[8203,2691],[4,1],[0,-3],[-4,0],[0,2]],[[8386,5357],[5,1],[-1,-4],[-5,-1],[1,4]],[[8394,5356],[1,4],[4,-1],[-2,-2],[-3,-1]],[[8424,5381],[0,3],[5,-1],[-1,-3],[-4,1]],[[8430,5387],[-2,1],[2,4],[4,-1],[0,-2],[-4,0],[0,-2]],[[8447,5413],[-2,-2],[-4,-1],[-5,2],[3,2],[6,1],[2,-2]],[[8452,5427],[1,-1]],[[8453,5426],[-3,-3],[-5,0],[3,3],[4,1]],[[8453,5426],[-1,1]],[[8452,5427],[1,-1]],[[8470,5445],[-6,0],[-3,-3],[-2,5],[11,-2]],[[8466,5610],[-5,-1],[0,3],[5,-2]],[[8481,5614],[-3,2],[8,0],[-2,-2],[-3,0]],[[8476,6087],[4,1],[11,0],[2,-1],[-17,0]],[[8490,6092],[2,-1]],[[8492,6091],[-2,1]],[[8492,6091],[-2,1]],[[8490,6092],[2,3],[3,0],[1,-4],[-4,0]],[[8468,6446],[-1,-2],[-8,1],[0,3],[4,0],[0,-3],[5,1]],[[8457,6452],[-1,3],[8,-1],[1,-3],[-7,0],[-1,1]],[[8457,6458],[1,-1],[6,0],[-1,-2],[-10,1],[-1,3],[4,1],[1,-2]],[[8498,6519],[-1,2],[6,-1],[0,-2],[-5,1]],[[8507,6522],[-2,-1],[-4,1],[-1,2],[6,0],[1,-2]],[[8481,6551],[7,-1],[3,-2],[-8,1],[-2,2]],[[8473,6635],[8,0],[1,-1],[-9,0],[0,1]],[[8471,6645],[-4,0],[2,5],[2,0],[0,-5]],[[8484,6757],[5,0],[2,-2],[-7,0],[0,2]],[[8556,6769],[-1,-7],[2,-2],[-6,-1],[-5,3],[1,5],[-2,3],[0,3],[6,0],[3,-1],[2,-3]],[[8486,6769],[4,2],[1,-4],[-4,0],[-1,2]],[[8540,6903],[5,0],[2,-3],[-5,0],[-2,3]],[[8505,7041],[0,-2],[-5,0],[-4,2],[-2,-2],[-4,2],[-12,1],[2,2],[5,-1],[1,2],[6,0],[9,-1],[5,-1],[-1,-2]],[[8560,7087],[3,0],[-1,-5],[-2,1],[0,4]],[[8531,7089],[-1,3],[6,0],[0,-2],[-5,-1]],[[8516,7099],[0,5],[5,1],[1,-2],[5,-1],[2,-4],[-9,1],[-4,0]],[[8540,7704],[3,-2]],[[8543,7702],[-3,2]],[[8540,7704],[-1,1]],[[8539,7705],[1,-1]],[[8690,9066],[0,5],[5,-3],[-1,-2],[-4,0]],[[8624,9212],[-6,-1]],[[8618,9211],[6,1]],[[8631,9216],[-4,-3],[-3,-1]],[[8624,9212],[7,4]],[[8631,9216],[2,1]],[[8633,9217],[-2,-1]],[[8650,9225],[0,3],[-3,0],[-6,-2],[-5,-4],[0,-2],[-3,-3]],[[8633,9217],[2,3],[0,3],[4,4],[7,2],[4,0],[0,-4]],[[8654,9224],[-4,1]],[[8650,9225],[4,-1]],[[8654,9224],[4,2],[6,4],[1,-1],[-6,-4],[-5,-1]],[[8690,9265],[-5,1],[0,-10],[1,-4],[-3,-3],[0,-3],[-2,0],[3,5],[0,11],[0,4],[5,1],[1,-2]],[[8690,9265],[2,0],[2,2]],[[8694,9267],[-1,-3],[-3,1]],[[8692,9311],[4,1],[3,0],[1,4],[2,0],[0,-4],[-2,-2],[-8,1]],[[8711,9391],[4,-3],[0,-3],[-5,-4],[-4,1],[-3,2],[-2,3],[-5,-1],[0,-3],[3,-6],[2,-2],[0,-3],[4,-3]],[[8705,9369],[-1,-1]],[[8704,9368],[-4,4],[0,3],[-3,2],[-3,6],[1,5],[4,0],[4,-2],[3,-3],[3,0],[3,1],[2,5],[-3,2]],[[8734,9560],[-10,0],[-2,-2],[-5,-3],[-5,-1],[-3,2],[-4,3],[-2,4],[0,3],[2,3],[2,1],[6,9],[1,10],[2,6],[0,3],[2,3],[0,8],[1,0],[0,-8],[-1,-4],[-1,-1],[-1,-4],[-1,-2],[-1,-11],[-4,-8],[-5,-3],[0,-5],[2,-4],[5,-3],[4,-1],[5,3],[3,3],[6,0],[4,-1]],[[8736,9787],[6,-11],[-4,-5],[-4,-4],[0,-2],[-7,-7],[-5,-4],[-1,-1],[-8,0],[-2,-1],[-1,-3],[3,-3],[0,-5],[-3,-2],[-5,1],[-2,1],[-4,-1],[-3,-1],[-1,-3],[-1,-5],[3,-5],[3,-3],[4,-2],[-1,-4],[-2,-1],[-5,-1],[-3,-4],[-1,-5],[3,-5],[-2,-5],[-9,-3],[-4,-6],[-1,-9],[-2,-3],[-6,0],[-5,-1],[-4,-3],[1,-4],[5,-5],[0,-3],[-2,-3],[-1,-7],[1,-4],[2,-3],[0,-3],[-1,-3],[-1,-8],[2,-2],[1,-4],[-3,-3],[0,-3],[3,-4],[20,1],[-7,-3],[-8,0],[-4,0],[-3,2],[-3,4],[0,3],[2,2],[1,3],[-3,4],[0,6],[1,5],[2,1],[-5,10],[2,6],[2,3],[0,3],[-6,5],[0,5],[2,2],[7,2],[9,1],[0,10],[3,5],[9,3],[3,3],[-1,5],[-2,2],[1,6],[5,5],[3,0],[3,2],[0,3],[-6,4],[-4,8],[0,3],[8,6],[11,-1],[1,4],[-4,3],[1,5],[4,2],[5,-1],[4,2],[1,3],[10,7],[3,6],[3,3],[0,5],[-3,3],[0,4]],[[8693,9787],[-9,-6],[-3,1],[-1,5],[2,1],[11,-1]],[[8732,9791],[-1,3]],[[8731,9794],[1,-3]],[[8731,9794],[-1,0],[-3,7]],[[8727,9801],[2,-2],[2,-5]],[[8723,9806],[4,-5]],[[8727,9801],[-3,2],[-1,3]],[[8717,9815],[1,-2],[5,-7]],[[8723,9806],[-5,4],[-1,5]],[[8705,9864],[-4,2],[1,2],[11,1],[1,-3],[-2,-3],[4,-4],[2,0],[5,4],[0,-4],[-5,-1]],[[8718,9858],[-5,-1],[-1,5],[-4,1],[-3,1]],[[8724,9957],[-5,2],[-4,3],[1,3],[3,-1],[1,-3],[4,-4]],[[8302,1366],[-3,-1],[-9,3],[6,0],[6,-2]],[[8367,1872],[6,1],[-1,-3],[-5,2]],[[8310,2016],[0,-2],[-5,-1],[0,4],[5,-1]],[[8313,2143],[-7,0],[4,3],[3,-3]],[[8416,2772],[-5,-4],[-1,2],[2,2],[4,0]],[[8471,2802],[-9,-6],[-8,-1],[-7,-3],[-7,-1],[0,-2],[-8,-3],[1,2],[6,2],[0,2],[6,0],[3,3],[7,1],[8,3],[-1,5],[4,2],[5,-4]],[[8513,5496],[5,0],[-1,-2],[-6,0],[2,2]],[[8571,5519],[2,1]],[[8573,5520],[-2,-1]],[[8537,5548],[3,-1],[1,-3],[5,-4],[1,-4],[-6,-2]],[[8541,5534],[3,-1]],[[8544,5533],[2,-1],[7,-2],[1,-3],[6,0],[0,2],[7,-2],[1,1]],[[8568,5528],[2,2],[4,0],[2,-2],[4,0],[1,-3],[4,-3],[1,-3],[-5,0],[-5,0]],[[8576,5519],[4,-2],[-2,-2],[-8,1],[-10,2],[-1,2]],[[8559,5520],[-6,1],[-4,-1],[1,3],[-2,2]],[[8548,5525],[-3,0],[-2,1],[-1,4],[-4,0],[-2,-2],[-3,0],[-1,3],[-4,2],[0,3],[-11,-1],[0,5],[2,5],[5,-1],[6,3],[0,3],[7,-2]],[[8573,5520],[-2,-1]],[[8571,5519],[5,0]],[[8576,5519],[-3,1]],[[8538,5568],[3,1],[4,0],[-2,-3],[-5,2]],[[8548,5579],[-4,1],[1,3],[3,1],[0,-5]],[[8495,5624],[2,0],[0,6],[-3,1],[3,2],[3,-2],[6,-1],[0,-3],[2,-1],[1,-4],[-7,-1],[-6,1],[-1,2]],[[8633,6575],[-5,1],[1,2],[5,0],[4,-2],[-5,-1]],[[8632,6582],[8,0],[0,-3],[-6,0],[-2,3]],[[8673,6657],[-2,-3],[-4,5],[2,2],[4,-3],[0,-1]],[[8686,6688],[-6,0],[1,2],[4,0],[1,-2]],[[8694,6751],[-5,0],[-1,2],[4,2],[6,-2],[-4,-2]],[[8597,6758],[-5,0],[0,2],[5,-1],[0,-1]],[[8713,7165],[2,-3],[-10,1],[-1,3],[3,2],[6,-3]],[[8665,7172],[-2,-3],[-5,0],[-2,-2],[-4,1],[3,6],[4,-2],[0,-2],[6,2]],[[8703,7172],[5,1],[-3,-4],[-3,1],[1,2]],[[8658,7177],[-3,-1],[-2,0],[1,3],[4,-2]],[[8644,7199],[2,-1],[-2,-4],[-6,-2],[-7,0],[-3,2],[0,5],[5,1],[4,2],[2,-4],[5,1]],[[8620,7201],[1,3],[6,0],[1,-3],[-5,-1],[-3,1]],[[8617,7210],[-5,1],[1,2],[4,-3]],[[8600,7322],[3,0],[0,-3],[-4,-1],[-2,2],[3,2]],[[8601,7665],[3,1],[10,0],[2,1],[8,1],[-1,-2],[-6,1],[-5,-2],[-8,1],[-3,-1]],[[8726,9348],[-5,4]],[[8721,9352],[3,0],[2,-4]],[[8721,9352],[-3,0],[-12,1],[-3,5],[0,5],[3,4],[-2,1]],[[8704,9368],[1,1]],[[8705,9369],[3,-3],[0,-3],[-3,-2],[0,-3],[1,-4],[7,0],[8,-2]],[[8711,9391],[-4,2],[0,4],[10,7],[5,2],[0,3],[2,4],[2,1]],[[8726,9414],[-3,-3],[1,-5],[-5,-2],[0,-2],[-7,-3],[-3,-2],[0,-4],[2,-2]],[[8713,9425],[4,0],[7,-1],[0,-4],[-4,2],[-6,1],[-1,2]],[[8705,9456],[1,1],[6,-1],[1,-1],[7,0],[5,3],[0,4],[-2,1],[-2,5]],[[8721,9468],[6,-6],[-1,-4],[-3,-4],[-5,-1],[-6,1],[-3,1],[-4,1]],[[8734,9501],[0,5]],[[8734,9506],[1,0],[0,-4],[-1,-1]],[[8721,9530],[-1,-1],[0,-7],[-4,-2],[1,8],[4,2]],[[8721,9530],[3,4]],[[8724,9534],[-3,-4]],[[8730,9534],[-6,0]],[[8724,9534],[1,1],[5,-1]],[[8747,9543],[5,-3],[0,-3],[-2,-2],[-6,-1],[-4,-1],[-7,0],[-3,1]],[[8730,9534],[5,0],[13,2],[3,2],[-4,5]],[[8734,9560],[4,-1]],[[8738,9559],[-4,1]],[[8732,9791],[4,-4]],[[8736,9787],[-4,4]],[[8482,1343],[-12,0]],[[8470,1343],[12,0]],[[8348,1360],[-4,0],[-11,0],[7,2],[5,0],[3,-2]],[[8463,1810],[-6,1],[0,1],[4,2],[5,1],[1,-3],[-4,-2]],[[8443,1934],[3,-1],[-1,-7],[-1,0],[-1,8]],[[8474,2751],[4,0],[1,-2],[-6,-1],[1,3]],[[8494,2763],[0,-3],[-4,0],[1,3],[3,0]],[[8562,2772],[4,4],[4,-1],[0,-3],[-3,-1],[-5,1]],[[8536,2774],[5,2],[2,4],[4,0],[1,-4],[-5,-3],[-7,1]],[[8511,2779],[-5,0],[-2,3],[0,3],[8,1],[2,-3],[0,-2],[-3,-2]],[[8525,2784],[8,2],[-3,-5],[-5,1],[0,2]],[[8509,2789],[-1,2],[5,1],[2,-2],[-2,-2],[-4,1]],[[8582,2794],[2,0],[2,-4],[-4,-1],[0,5]],[[8482,2848],[1,2]],[[8483,2850],[3,0],[1,3],[3,-2],[6,1],[2,5],[6,3],[2,4],[4,0],[3,-2],[2,3],[3,-3]],[[8518,2862],[-4,-2],[-1,-3],[5,0],[4,-7],[4,-1],[0,3],[-1,3],[5,2],[2,-4],[5,0],[3,-4],[2,-6],[1,-7],[-6,-5],[0,-2],[4,0],[-1,-5],[3,-4],[0,-3],[6,-1],[0,3],[3,0],[1,-5],[-10,1],[-5,-3],[0,-8],[-4,-5],[-5,-2],[-2,-5],[-7,0],[6,5],[0,6],[3,-2],[4,1],[2,4],[-6,3],[2,3],[7,4],[1,5],[-4,1],[3,5],[-9,0],[-2,2],[0,3],[-3,2],[0,4],[-4,1],[-2,-2],[-3,-5],[-4,-1],[-3,-2],[1,-4],[-4,1],[-9,1],[-1,-3],[-7,0],[-1,-4],[-1,-7],[-6,-2],[5,-10],[0,-8],[-8,1],[1,8],[3,2],[-8,5],[-7,0],[-4,-2],[-4,0],[-1,2],[6,4],[0,4],[-3,0],[0,4],[2,0],[6,2],[0,5],[-1,7],[9,5],[4,6],[3,-1],[0,-3],[3,0],[1,7],[-5,-1]],[[8504,2836],[3,0],[2,2],[-2,2],[1,3],[3,1],[2,4],[-4,0],[2,6],[-6,3],[0,-9],[-3,-6],[0,-3],[2,-3]],[[8483,2817],[0,2],[-6,0],[0,-4],[4,0],[2,2]],[[8567,2798],[0,-3],[-4,0],[4,3]],[[8491,2806],[-4,2],[2,3],[5,-1],[-1,-4],[3,-1],[-1,-3],[-7,0],[3,4]],[[8516,2805],[0,2],[-7,2],[0,3],[6,2],[1,2],[-3,2],[7,1],[3,1],[6,0],[-9,-8],[4,-8],[-6,-1],[-2,2]],[[8577,2809],[4,-3],[-1,-2],[-7,1],[0,1],[4,3]],[[8458,2818],[0,-4],[-4,1],[0,3],[4,0]],[[8499,2817],[5,2],[3,-2],[-4,-2],[-4,2]],[[8517,2825],[1,-3],[-5,1],[1,2],[3,0]],[[8554,2826],[1,1],[-2,7],[2,0],[2,-3],[0,-4],[-3,-1]],[[8547,2842],[0,5],[2,0],[0,-5],[-2,0]],[[8657,5532],[-9,0],[-8,-1],[-6,0],[-4,-1],[-6,1],[-1,1],[8,0],[3,2],[4,0],[3,1],[5,0],[5,2],[6,-5]],[[8801,6527],[5,-2],[0,-4],[3,0],[1,4],[5,0],[5,-1],[3,-4],[-4,-2],[-11,0],[-6,-2],[-11,0],[-2,1],[0,7],[6,4],[3,-2],[3,1]],[[8690,6571],[1,1],[5,0],[2,-2],[-7,0],[-1,1]],[[8803,6566],[-5,2],[1,5],[2,-1],[0,-3],[2,-3]],[[8792,6570],[-14,3],[1,3],[10,-1],[3,-2],[0,-3]],[[8780,6582],[3,0],[-1,-2],[-7,0],[0,2],[5,0]],[[8730,6592],[-2,-2],[-7,0],[0,2],[5,1],[12,1],[-1,-2],[-4,-1],[-3,1]],[[8727,6609],[1,4],[4,0],[-2,-4],[-3,0]],[[8721,6615],[5,-1],[-1,-2],[-4,0],[0,3]],[[8769,6643],[6,1],[4,-5],[1,-3],[-4,-3],[-5,0],[-1,3],[-3,2],[-1,5],[3,0]],[[8774,6703],[7,1],[-1,-2],[-6,1]],[[8798,6802],[-7,3],[10,-1],[6,-1],[0,-2],[-9,1]],[[8800,6815],[-8,-1],[1,2],[7,-1]],[[8777,6829],[-4,1],[-3,4],[-5,2],[-1,3],[4,2],[-2,5],[17,0],[5,-2],[-1,-4],[5,0],[3,-2],[1,-5],[-5,4],[-6,0],[-3,2],[-6,-1],[0,-3],[-2,-2],[3,-4]],[[8769,6851],[3,2],[7,-1],[0,-1],[-10,0]],[[8826,6928],[-2,0]],[[8824,6928],[2,0]],[[8805,6929],[-1,-2],[-6,0],[-1,3],[4,-1],[1,3],[7,0],[0,-4],[-4,1]],[[8821,6935],[-3,-1],[-2,5],[-2,1],[2,6],[6,-1],[1,-4],[0,-5],[-2,-1]],[[8829,7081],[0,-1]],[[8829,7080],[0,1]],[[8797,7269],[1,3],[4,-2],[-5,-1]],[[8847,8708],[-6,-1],[-4,-4],[-1,-2],[3,-4],[-1,-8],[-1,0],[0,9],[-2,2],[0,3],[6,4],[6,1]],[[8862,8801],[-1,3],[6,3],[5,0]],[[8872,8807],[-5,-1],[-5,-5]],[[8870,8816],[1,-3],[2,-2],[-1,-4]],[[8872,8807],[1,4],[-4,2],[1,3]],[[8879,8848],[-2,2],[-1,5],[-1,2]],[[8875,8857],[3,-3],[-1,-4],[2,-2]],[[8877,8904],[-12,1]],[[8865,8905],[8,0],[4,-1]],[[8885,8984],[2,0],[0,-2],[3,-1],[0,-2],[-1,-33],[2,-3],[1,-3],[4,-3],[-1,-5],[4,-1],[0,-4],[-2,-4],[-6,-4],[-6,-5],[-5,1],[-2,-2],[-1,-8],[2,-1],[6,0],[1,1],[7,0],[2,-1],[2,-1],[-3,-8],[-8,-3],[-2,-2],[-1,-3],[-6,-3]],[[8877,8884],[0,2],[5,1],[1,3],[4,4],[2,0],[5,2],[-1,5],[3,1],[-1,2],[-2,0],[-4,0],[-3,-1],[-6,0],[-3,1]],[[8877,8904],[-2,4],[1,4],[2,4],[4,1],[12,5],[3,3],[1,5],[-4,1],[0,5],[-5,3],[-1,4],[-2,5],[1,3],[0,8],[-1,2],[1,8],[-1,4],[2,1],[-1,3],[-1,6],[-1,1]],[[8897,8996],[4,-2],[0,-2],[-8,0],[-3,3],[7,1]],[[8897,8996],[-5,-1],[2,-2],[6,0],[-3,3]],[[8905,9001],[6,-4]],[[8911,8997],[-5,2],[-1,2]],[[8916,9019],[1,-1],[0,-7],[-2,1],[1,7]],[[8916,9019],[-1,2]],[[8915,9021],[1,-2]],[[8561,1339],[10,1]],[[8571,1340],[-10,-1]],[[8509,1342],[-19,0],[0,1],[19,-1],[0,0]],[[8600,1344],[-2,-2],[-4,0]],[[8594,1342],[6,2]],[[8605,1346],[-5,-2]],[[8600,1344],[5,2]],[[8599,1925],[-1,2],[3,2],[5,0],[1,-3],[-5,-2],[-3,1]],[[8551,1932],[-1,2],[3,2],[4,-1],[-1,-4],[-5,1]],[[8580,2143],[5,-1],[2,-2],[-7,1],[0,2]],[[8627,2800],[9,3],[0,-2],[-5,-2],[-4,1]],[[8820,6332],[6,0],[-2,-3],[-4,3]],[[8876,6353],[6,-1],[0,-2],[-14,1],[-6,-1],[-5,1],[-4,1],[2,3],[4,-1],[12,0],[5,-1]],[[8797,6377],[7,0],[-1,-2],[-4,0],[-2,2]],[[8904,6395],[-1,1],[9,0],[3,-1],[-1,-2],[-6,0],[-4,2]],[[8867,6422],[6,1],[0,-3],[-7,1],[1,1]],[[8831,6453],[6,1],[-2,-4],[-5,3],[-2,0],[-2,3],[8,0],[-3,-3]],[[8832,6459],[-4,-1],[-10,1],[-2,2],[7,1],[4,0],[5,-3]],[[8839,6472],[3,0],[4,-3],[-8,1],[1,2]],[[8838,6477],[1,-2],[-7,0],[-1,2],[7,0]],[[8847,6484],[-6,0],[-2,-1],[-6,1],[4,2],[10,0],[0,-2]],[[8835,6492],[2,0],[11,0],[2,-3],[-3,-1],[-5,0],[-11,1],[-1,1],[5,2]],[[8863,6497],[3,-2],[5,2],[4,-3],[-10,0],[-2,3]],[[8829,6502],[-1,-3],[4,-1],[21,0],[0,-5],[-21,1],[-1,2],[-3,0],[-5,-4],[0,-4],[-5,0],[-4,1],[-5,0],[0,3],[7,0],[-4,4],[-8,1],[1,1],[5,0],[4,5],[-1,5],[7,-1],[-1,-2],[3,-2],[7,-1]],[[8866,6503],[6,1],[2,-2],[-2,-3],[-4,0],[-2,4]],[[8915,6507],[3,1],[2,-3],[-3,-1],[-2,3]],[[8809,6526],[-4,1],[3,4],[3,-3],[-2,-2]],[[8807,6539],[3,-1],[1,-5],[-3,0],[-2,4],[1,2]],[[8842,6541],[6,0],[0,-2],[-6,-1],[0,3]],[[8849,6545],[0,-2],[-7,1],[-3,-1],[-9,0],[-4,1],[1,1],[9,4],[3,2],[5,0],[5,0],[6,0],[3,-2],[-1,-2],[-3,0],[-5,-2]],[[8925,6604],[-6,0],[0,2],[5,3],[5,-1],[-4,-4]],[[8925,6609],[2,3],[17,-1],[-1,-1],[-8,0],[-3,-1],[-7,0]],[[8843,6637],[-4,0],[-2,2],[5,0],[1,-2]],[[8917,6689],[6,-4],[-8,0],[-3,2],[-1,3],[5,0],[1,-1]],[[8940,6705],[8,0],[0,-1],[-7,-2],[-1,3]],[[8853,6770],[-1,3],[3,1],[2,-4],[-4,0]],[[8901,6801],[0,-1]],[[8901,6800],[2,0]],[[8903,6800],[3,-2],[1,-3],[-2,-2],[-4,-3],[-4,2],[0,6],[4,3]],[[8903,6800],[-2,0]],[[8901,6800],[0,1]],[[8901,6801],[2,-1]],[[8926,6805],[4,-2],[-3,-1],[-5,2],[4,1]],[[8895,6809],[-1,0],[-6,1],[-4,4],[7,0],[2,-4],[2,-1]],[[8870,6814],[-1,1],[4,6],[2,0],[2,-5],[0,-3],[-6,0],[-1,1]],[[8885,6827],[-1,-2],[-6,3],[1,1],[6,-2]],[[8854,6841],[8,0],[0,-3],[3,0],[3,-6],[-7,2],[-5,-1],[-12,0],[-3,0],[-3,3],[0,3],[13,-1],[3,3]],[[8854,6841],[-2,1],[-6,0],[-3,3],[0,2]],[[8843,6847],[3,-3],[3,1],[5,0],[3,-2],[-3,-2]],[[8838,6851],[4,-1],[1,-3]],[[8843,6847],[-2,3],[-3,1]],[[8838,6851],[-3,1],[-1,4],[-8,0],[-4,2],[-10,0],[1,3],[4,1],[4,3],[4,2],[9,-1],[5,0],[2,-2],[1,-4],[-4,-3],[-2,-4],[2,-2]],[[8837,6860],[0,0],[-17,0],[4,-1],[2,0],[11,1]],[[8920,6861],[-4,-2],[2,-3],[-5,-2],[-4,3],[-5,-2],[-6,2],[-2,3],[16,-1],[0,1],[-7,1],[-2,1],[-11,-1],[-4,2],[1,3],[12,0],[6,0],[2,1],[4,-1],[5,1],[3,-2],[-1,-4]],[[8846,6870],[-8,-1],[-11,0],[-6,1],[0,2],[6,0],[2,3],[11,0],[3,-1],[0,-2],[3,-2]],[[8836,6885],[4,0],[0,3],[-4,1]],[[8836,6889],[-3,3],[-2,4],[-3,1],[-1,6],[-6,0],[-3,1],[-1,2],[-4,2],[-1,2],[3,3],[-2,4],[-4,-3],[-1,11],[10,2],[2,1],[4,0]],[[8824,6928],[2,0]],[[8826,6928],[5,-1],[2,-7],[4,-4],[0,-3],[6,-2],[3,-4],[3,-4],[0,-2],[3,-3],[-1,-3],[5,-2],[0,-3],[-4,0],[-4,-1],[4,-2],[9,-1],[-3,-3],[-8,1],[0,-2],[-5,0],[-5,-1],[-10,0],[0,-1],[13,0],[-3,-2],[-10,0],[-1,4],[-5,1],[3,3],[8,0],[1,-1]],[[8841,6943],[1,3],[2,2],[3,-2],[-6,-3]],[[8891,6955],[6,-3],[-1,-1],[-5,0],[-2,3],[-5,0],[-3,2],[-2,3],[3,2],[3,-2],[2,-3],[4,-1]],[[8942,7112],[0,1]],[[8942,7113],[3,-2]],[[8945,7111],[-3,1]],[[8913,7120],[-1,0]],[[8912,7120],[1,0]],[[8912,7124],[-5,1],[1,4],[4,-2],[0,-3]],[[8940,7153],[-1,2]],[[8939,7155],[1,-2]],[[8937,7154],[-2,0]],[[8935,7154],[2,0]],[[8939,7157],[0,-2]],[[8939,7155],[-2,-1]],[[8937,7154],[2,3]],[[8963,7171],[-5,-1],[-2,4],[2,2],[5,-1],[0,-4]],[[8965,7175],[-1,-1]],[[8964,7174],[-1,2],[0,4],[3,0]],[[8966,7180],[1,-3]],[[8967,7177],[0,-1]],[[8967,7176],[-2,-1]],[[9007,9003],[0,-1]],[[9007,9002],[-3,-1],[-2,0],[-12,-7],[-5,0],[-4,1],[-2,2],[-2,6],[-2,2],[-8,2],[-1,2]],[[8966,9009],[0,2]],[[8966,9011],[1,-1],[7,-1],[7,-12],[3,-2],[6,0],[5,3],[5,3],[3,0],[4,2]],[[8915,9021],[-1,4],[2,3],[3,2],[6,0],[3,-2],[0,-2],[5,-1],[3,-1],[4,0],[4,-4],[7,-1],[3,2],[4,0],[4,-4],[4,-6]],[[8966,9011],[0,-2]],[[8966,9009],[-3,1],[-2,5],[-4,4],[-6,-1],[-5,0],[-4,2],[-2,3],[-9,0],[-3,3],[-11,1],[-1,-6],[-1,0]],[[9007,9002],[0,1]],[[9007,9003],[0,4],[1,4],[6,2],[2,0],[5,3],[4,2],[5,4],[1,4],[2,0],[3,3],[1,4],[6,6],[11,2],[-4,-3],[-8,-1],[-3,-3],[-1,-5],[-2,-3],[-4,-2],[-1,-3],[-6,-6],[-5,0],[-2,-3],[-3,0],[-3,-4],[-3,0],[-2,-6]],[[9063,9066],[-3,1],[-5,4],[0,3],[5,4],[1,2],[3,0],[-7,-4],[0,-5],[6,-5]],[[8708,1343],[-43,1],[1,2],[14,-2],[17,0],[12,0],[7,1],[2,-2],[-10,0]],[[8676,1939],[-3,2],[3,3],[3,0],[1,-5],[-4,0]],[[8749,2069],[-1,3],[5,0],[0,-2],[-4,-1]],[[8694,2120],[4,0],[0,-2],[-4,-1],[0,3]],[[8809,2758],[1,5],[2,2],[3,0],[-4,-6],[-2,-1]],[[8800,2760],[-3,2],[-4,-4],[-8,0],[0,3],[5,2],[-1,2],[1,3],[4,0],[2,-1],[1,-3],[2,-1],[1,-3]],[[8814,2774],[1,2],[4,-2],[-5,-2],[0,2]],[[8917,5693],[3,2],[5,0],[2,-1],[5,0],[0,-9],[2,-1],[0,-3],[-4,0],[-4,2],[-5,-2],[-17,-2],[-3,1],[10,3],[4,1],[1,2],[-7,-1],[-6,0],[4,3],[8,2],[2,3]],[[8959,6056],[7,1],[0,-3],[-6,0],[-1,2]],[[8965,6058],[-5,0],[-4,2],[0,2],[8,0],[1,-4]],[[8922,6067],[7,0],[0,-2],[-4,0],[-3,2]],[[8998,6146],[4,-2],[-1,-2],[-5,1],[-2,1],[0,3],[4,-1]],[[9006,6150],[5,1],[-1,-5],[-3,1],[-1,3]],[[9004,6364],[8,0],[0,-2],[-11,0],[3,2]],[[8943,6382],[-5,-1],[-11,1],[-1,3],[5,0],[4,0],[9,0],[-1,-3]],[[8998,6466],[1,2],[-4,1],[0,3],[13,0],[1,-3],[-3,-7],[-4,1],[2,2],[-6,1]],[[9027,6474],[5,-1],[0,-2],[-8,0],[-2,1],[5,2]],[[8951,6487],[-4,1],[-5,0],[2,4],[5,0],[2,-5]],[[8973,6493],[-6,-2],[1,2],[5,0]],[[8993,6505],[4,1],[2,-2],[-6,1]],[[8992,6513],[-5,0],[-12,0],[-2,2],[2,2],[4,-1],[5,0],[4,-1],[3,3],[3,-1],[0,-4],[-2,0]],[[8994,6534],[8,1],[1,-3],[-6,-1],[-5,0],[2,3]],[[8986,6551],[4,3],[2,-3],[-6,0]],[[8973,6560],[-6,0],[2,2],[3,0],[1,-2]],[[9021,6567],[6,0],[0,-2],[-5,0],[-1,2]],[[9027,6603],[-1,4],[4,-2],[1,-3],[-4,1]],[[8960,6707],[-1,2],[-8,1],[-4,-1],[-2,3],[14,0],[5,-1],[0,-3],[-4,-1]],[[9030,6742],[-3,-1],[-2,2],[3,3],[4,0],[2,-3],[-4,-1]],[[8976,6904],[-8,0],[1,2],[3,0],[4,-2]],[[8981,7095],[2,-1],[0,-3]],[[8983,7091],[-2,4]],[[9063,7098],[-4,2],[-1,2],[5,-1],[0,-3]],[[9027,7101],[7,1],[3,1],[4,-1],[-2,-1],[-10,0],[-2,0]],[[9052,7110],[4,-2],[1,-2],[-7,-1],[2,5]],[[9051,7114],[1,-4]],[[9052,7110],[-4,-4]],[[9048,7106],[-4,-1],[-8,1],[-3,2],[3,3],[0,2]],[[9036,7113],[5,0],[0,-3],[1,-3]],[[9042,7107],[7,4],[-5,1],[3,2],[4,0]],[[8996,7117],[-1,0]],[[8995,7117],[1,0]],[[9002,7116],[-3,1],[2,3],[3,-2],[2,-5],[-3,0],[-1,3]],[[8996,7117],[-1,0]],[[8995,7117],[1,0]],[[9051,7117],[-4,1]],[[9047,7118],[3,3],[1,-4]],[[8988,7124],[5,-1],[1,-2],[-9,2],[3,1]],[[9021,7127],[-2,0],[-2,-4],[-6,-1],[-3,1],[4,4],[0,5],[3,-1],[7,0],[-1,-4]],[[8999,7129],[3,1],[1,-3],[-3,-2],[-1,4]],[[9034,7127],[-1,0]],[[9033,7127],[1,0]],[[9019,7132],[-2,3],[3,3],[0,3],[3,0],[1,-4],[-1,-3],[-4,-2]],[[9052,7143],[-1,1]],[[9051,7144],[3,0]],[[9054,7144],[-2,-1]],[[9030,7147],[2,-3]],[[9032,7144],[-2,3]],[[8996,7146],[0,2]],[[8996,7148],[0,-2]],[[8983,7153],[-2,-3],[-4,1],[2,3],[4,-1]],[[9034,7151],[-3,-1],[-1,-3]],[[9030,7147],[-4,2],[3,3],[5,-1]],[[9353,7429],[4,4],[0,2],[1,3],[3,2],[5,2],[0,1],[5,2],[4,-1],[3,0],[0,10],[2,3],[3,-1],[3,6],[3,1],[6,-2],[0,-4],[-3,-1],[1,-7],[-6,0],[-1,-3],[4,-3],[5,3],[3,-1],[0,-2],[7,-1],[0,2],[5,-1],[4,-3],[3,-5],[-5,0],[-4,3],[-16,2],[0,-2],[-5,0],[-5,3],[-5,-2],[-7,0],[-8,-5],[-1,-5],[5,-5],[11,1],[8,-1],[6,1],[1,2],[6,1],[6,0],[0,3],[7,0],[0,-1],[6,0],[2,-2],[5,0],[3,1],[5,-1],[2,2],[2,11],[4,3],[5,0],[5,0],[2,-1],[8,1],[1,2],[4,2],[1,6],[3,3],[8,1],[2,0],[5,3],[6,0],[7,-3],[3,2],[4,-1],[0,4],[3,0],[3,2],[-2,1],[-1,7],[0,7],[3,0],[0,-11],[3,-1],[2,5],[7,9],[7,5],[2,3],[3,0],[6,4],[2,3],[3,2],[2,4],[-1,1],[-1,11],[3,4],[1,7],[-7,8],[-6,8],[-3,2],[-3,7],[-3,4],[-6,0],[-5,3],[-4,4],[8,-1],[2,6],[3,2],[1,4],[1,1],[0,6],[3,6],[5,0],[-1,5],[3,1],[2,7],[3,4],[2,3],[3,4],[2,1],[4,4],[-1,3],[6,-2],[4,1],[8,6],[3,4],[4,6],[0,5],[8,0],[7,4],[5,1],[6,2],[7,4],[5,-3],[9,2],[6,1],[8,-1],[1,1],[8,0],[2,2]],[[9649,7651],[-1,2],[5,0],[2,-1],[5,1],[5,2],[4,5],[2,0],[3,4],[1,7],[-3,3],[4,5],[0,-5],[3,-2],[9,0],[5,3],[2,3],[1,3],[4,-1],[6,4],[2,0],[5,3],[7,-1],[1,2],[7,-1],[3,2],[5,1],[0,2],[3,1],[7,1],[3,3],[0,3],[4,1],[2,2],[3,6],[0,3],[-2,2],[5,5],[-1,4],[1,8],[2,1],[-1,4],[2,2],[13,4],[11,8],[4,2],[8,10],[4,4],[7,2],[6,1],[8,5],[8,5],[5,2],[2,0],[8,4],[3,-1],[4,2],[17,3],[5,0],[1,1],[9,1],[4,4],[7,5],[11,0],[2,2],[7,1],[7,0],[3,1],[7,-2],[13,0],[0,-2],[6,0],[0,-3],[7,-1],[2,-2],[9,-2],[1,-3]],[[9973,7789],[-3,3],[-5,1],[-14,4],[-3,2],[-16,0],[-4,2],[-8,-1],[-1,-1],[-8,-1],[-10,-4],[-4,-3],[-9,-5],[-5,-1],[-2,-1],[-9,0],[-11,-2],[-12,-3],[-15,-5],[-10,-6],[-3,-3],[-3,0],[-6,-4],[-4,-2],[-7,-6],[-1,-3],[-6,-4],[-2,-2],[-3,-2],[-2,-4],[-10,-7],[-5,-6],[-2,-1],[-1,-5],[0,-6],[-2,-5],[-2,0],[0,-4],[-2,-4],[-5,-5],[1,-2],[-3,-3],[-1,-3],[-2,-1],[-10,-1],[-4,-6],[-2,-1],[-5,0],[-5,-1],[-6,0],[-2,1],[-8,-1],[-1,-7],[-8,-6],[-5,-2],[0,-2],[-7,-5],[-2,-1],[-6,-3],[-1,-3],[-4,-4],[-2,0],[-5,-3],[-12,1],[-2,-2],[-9,0],[-1,-1],[-7,0],[-1,-1],[-7,0],[-4,-1],[-2,-3],[-7,0],[-3,-4],[-6,-3],[-4,-1],[-5,-2],[-5,-1],[-6,-3],[-2,0],[-2,-4],[-4,0],[-2,-3],[-4,-1],[-9,0],[-10,-7],[-4,-13],[-4,-1],[-1,-3],[2,-2],[-2,-5],[-5,-3],[-1,-5],[-1,-7],[2,-9],[3,-4],[2,-2],[0,-2],[3,-3],[0,-3],[4,0],[4,-3],[5,-7],[6,-1],[-1,-4],[2,-2],[0,-4],[7,-4],[-1,-11],[-3,-3],[3,-3],[-4,-1],[1,-2],[0,-4],[-2,-2],[-6,0],[-2,-3],[-7,0],[-9,1],[-5,-2],[-2,-3],[-2,-2],[0,-3],[-4,-7],[-7,0],[-4,-2],[0,-3],[-3,-3],[-4,-2],[-15,-9],[-3,1],[-4,1],[-2,1]],[[9492,7457],[-3,-6],[-4,-3],[-3,-3],[-11,0],[1,-3],[0,-5],[-6,1],[-12,-1],[-2,2],[-5,0],[1,-4],[0,-7],[-4,-3],[0,-6],[-3,-3],[-5,0],[-8,-1],[-6,2],[-5,3],[-4,-4]],[[9413,7416],[2,-3],[-5,-3],[-1,-7],[-3,-1],[-4,4],[-3,-1],[-6,3],[-2,-5],[-1,-5],[4,-1],[0,-5],[3,-1],[0,-3],[2,-1],[-1,-8],[-3,2],[-6,1],[-4,-2],[5,-3],[4,0],[5,-2],[0,-3],[-3,-2],[-2,2],[-6,0],[-5,2],[-7,1],[-4,2],[1,3],[4,1],[4,4],[-2,1],[-5,0],[0,3],[5,0],[1,2],[-3,2],[1,1],[7,0],[0,9],[2,1],[2,4],[-4,2],[-5,0],[-7,3],[-2,3],[-5,0],[-5,-3],[-8,1],[-2,-4],[-1,-5],[-4,-1],[0,-4],[-5,-4],[-9,0],[0,-3],[-4,-1],[-12,1],[-1,-1],[-5,0],[-3,-2],[0,-3],[-3,-3],[0,-3],[-10,-4],[-5,-1],[-5,-4],[-8,-1],[0,-2],[-7,-6],[-6,-1],[-3,0],[-8,-5],[-3,0],[-2,4],[-6,1],[-1,-3],[-5,0],[-2,-1],[-13,1],[-8,-9],[0,-3],[-4,-5],[0,-7],[2,-4],[0,-7],[-2,-3],[0,-4],[-5,-11],[-1,-7],[-1,-5],[-6,-7],[-3,-5],[-1,-5],[-2,-10],[-1,-3],[-1,-11],[-4,-7],[6,0],[0,-3],[3,-3],[0,-4],[1,-2],[9,-1],[4,-2],[-3,-2],[-5,0]],[[9198,7229],[-6,-4],[-10,-2],[-4,-3],[-5,0],[-9,-3],[-15,-6],[-2,-2]],[[9147,7209],[-3,-2]],[[9144,7207],[-7,-3],[-5,-3],[1,-3],[-4,-1],[-7,0],[-2,0],[-5,0],[-9,-3],[-8,-6],[-2,-2],[-4,-2],[0,-3],[-6,-3],[-1,-3],[-4,0],[-3,-4],[-7,-2]],[[9071,7169],[-1,-1]],[[9070,7168],[-1,-4],[2,-2],[-5,0],[-1,-4]],[[9065,7158],[4,-1],[-3,-5],[-2,0],[-1,-8],[2,-1],[0,-2],[-5,-1],[-1,-4],[4,-1],[3,1],[0,-5],[-2,-2],[3,-3],[-1,-3],[-4,3],[0,6],[-5,-4],[-7,3],[-1,-2],[0,-4],[3,0],[1,-2],[-6,0],[-2,-2],[-1,-2],[-3,-2],[-2,-2],[-5,2],[-8,-3],[-3,-3],[2,-2],[6,1],[0,-2],[-1,-5],[-4,4]],[[9026,7107],[-3,0],[-2,-4]],[[9021,7103],[0,-3],[-3,0],[-1,-4],[-4,0],[1,-4],[-3,-4],[0,-3],[2,-4],[-1,-4]],[[9012,7077],[-1,-5],[-1,0],[-2,-9],[3,2],[2,-1],[1,-3],[-3,0],[1,-4],[-3,-2],[10,-1],[0,-4],[5,0],[3,-5],[4,-1],[1,-2],[9,0],[1,5],[2,2],[4,3],[0,2],[3,4],[0,3],[-4,0],[4,4]],[[9051,7065],[2,0],[2,-5],[10,1],[0,-2],[-5,0],[-6,-3],[1,-1],[-4,-3],[-5,-3],[-3,-8],[-4,-2],[2,-2],[5,0],[0,-2],[4,0],[3,4],[4,0],[2,1],[4,-3],[3,1],[2,-1],[6,-3],[1,3],[4,1],[8,-4],[8,0],[2,-2],[0,-6],[2,-1],[0,-3],[-4,-5],[0,-3],[-3,-1],[1,-5],[2,-3],[-4,-1],[1,-5],[-3,-2],[-1,-7],[1,-6],[-4,-2],[1,-5],[2,-1],[0,-4],[-4,-7],[-1,-6],[-1,-3],[-4,-2],[-2,-7],[-3,-5],[-3,0],[-3,3],[-6,5],[-6,-4],[-1,-3],[-8,-3],[5,-4],[0,-3],[4,-2],[0,-2],[-9,1],[-4,2],[-5,-2],[1,-4],[-5,0],[-3,-1],[-1,-4],[-5,-3],[-4,0],[-2,-3],[5,-3],[-2,-1],[-6,3],[-11,-2],[-3,-1],[-8,0],[-1,-2],[-5,1],[-1,1],[-7,1]],[[8979,6912],[-5,0],[-4,-2],[3,-3],[-10,1],[-3,-1],[-3,1],[-2,3],[0,5],[-2,3],[0,4],[-4,4],[-5,-1],[0,4],[-3,0],[-2,3],[5,0],[0,-2],[8,-1],[9,-2],[2,-3],[5,-1],[1,3],[-3,2],[-4,1],[-7,4],[-1,2],[-4,3],[-3,6],[0,4],[-3,4],[0,4],[-5,-1],[-3,3],[0,4],[2,2],[-5,3],[-5,-4],[-4,-4],[-2,3],[-4,1],[-5,6],[0,3],[5,3],[1,2],[-5,2],[4,2],[-2,3],[-5,4],[0,5],[3,5],[2,1],[-1,2],[4,3],[-1,3],[1,10],[1,1],[0,3],[4,7],[-1,2],[0,7],[-4,3],[-9,3],[0,-5],[5,-4],[1,-8],[-5,-4],[-3,-4],[-3,1],[1,5],[-3,-1],[-1,-3],[-3,2],[-4,-1],[-4,-3],[-1,-4],[-5,-4],[-1,-2],[-4,-5],[3,-3],[-1,-3],[3,-5],[3,-2],[-1,-5],[-2,-1],[-7,0],[-4,-5],[-4,1],[-2,-3],[3,-2],[0,-3],[-4,-2],[-4,1],[-6,0],[-4,7],[3,1],[-1,6],[5,1],[1,5],[-4,0],[-3,4],[-3,-1],[5,-7],[-4,-2],[1,-3],[-2,-1],[-4,0],[-1,3],[-5,5],[0,3],[-3,3],[1,13],[-3,0],[-1,3],[1,9],[2,0],[1,3],[-6,0],[1,5],[-7,4],[0,2],[6,1],[-2,2],[-2,4],[1,11]],[[8830,7053],[-5,-1],[0,2],[-3,2],[0,4],[0,6],[2,4],[3,0],[1,4],[5,2],[-1,2],[-3,2]],[[8829,7080],[0,1]],[[8829,7081],[0,3],[4,1],[0,2],[3,1],[1,6],[-3,0],[5,9],[-1,2],[6,4],[1,1],[7,0],[2,-2],[3,1],[0,4],[-2,3],[-3,1],[-1,-4],[-5,1],[5,3],[3,1]],[[8854,7118],[3,1],[3,-2],[10,1],[3,-2],[1,-4],[-3,0],[-3,-1],[0,-3]],[[8868,7108],[1,-3],[6,-1],[3,-6],[3,0],[-1,-4],[-10,-2],[-8,0],[0,-3],[3,-3],[13,-2],[16,0],[0,-5],[4,3],[1,2],[4,4],[3,0],[4,2],[4,6],[0,1]],[[8914,7097],[-1,4],[6,0],[-1,7],[-4,5],[-1,6],[-3,-2],[-5,1],[-2,4],[-4,1],[-3,2],[0,2],[4,1],[4,-4],[5,-1],[3,-3]],[[8912,7120],[1,0]],[[8913,7120],[2,-1],[1,3],[4,4],[2,-2],[5,-1],[2,2],[-2,4],[1,2],[-2,5],[3,0]],[[8929,7136],[-4,2],[0,3],[-7,2],[1,2],[5,3],[-2,2]],[[8922,7150],[-2,1],[1,3],[2,2]],[[8923,7156],[3,-1],[4,2],[1,2],[5,1],[4,0],[4,3],[0,2],[5,0]],[[8949,7165],[4,1]],[[8953,7166],[-2,-4],[4,0],[2,5],[5,1],[1,3]],[[8963,7171],[5,1]],[[8968,7172],[-4,2]],[[8964,7174],[1,1]],[[8965,7175],[2,1]],[[8967,7176],[0,1]],[[8967,7177],[-1,3]],[[8966,7180],[0,3],[4,0],[4,3]],[[8974,7186],[6,-4],[1,2],[3,0],[1,-3],[6,-1],[4,1]],[[8995,7181],[0,-2],[6,1],[1,2],[6,0],[3,2],[2,-3],[4,0],[-1,7],[1,2],[3,0]],[[9020,7190],[3,6],[3,-3],[7,-6],[6,1],[2,9],[5,2],[0,-4],[2,-2],[3,-1],[7,0],[-1,3],[6,0],[0,6],[3,0]],[[9066,7201],[-2,-4],[5,0],[5,-1],[3,2],[3,4]],[[9080,7202],[3,0],[3,3],[10,1],[8,2],[5,3],[3,0],[11,8],[1,3],[5,-1],[-1,-3],[5,-3],[6,3],[1,2]],[[9140,7220],[4,4],[3,1],[4,4],[8,5],[0,5],[2,2]],[[9161,7241],[-2,-2],[2,-2],[5,3]],[[9166,7240],[-7,-10],[-4,-1],[-3,-3],[5,-2],[8,3]],[[9165,7227],[4,4],[3,11],[3,3],[2,1],[0,4],[3,3],[0,6],[1,5],[0,10],[3,5],[0,4],[1,6],[3,3],[3,-1]],[[9191,7291],[4,4],[0,7],[1,9],[-2,5],[2,1],[0,3],[4,1],[1,21],[-1,4],[3,4],[-2,3]],[[9201,7353],[1,2],[-4,2],[-2,3],[3,2],[3,-6],[2,0],[5,5],[0,-4],[4,2],[2,3],[6,2],[10,0],[5,-1],[2,2],[5,0],[-1,2],[9,0],[5,0],[3,2],[4,0],[1,3],[5,2],[2,4],[3,2],[6,1],[7,0],[4,5],[6,0],[2,2],[1,3],[2,0],[1,7],[1,1],[9,0],[6,3],[3,3],[10,1],[1,3],[0,5],[3,3],[2,0],[2,5],[7,3],[8,2],[-2,2]],[[9476,7451],[5,-4],[7,5],[2,5],[2,0]],[[9492,7457],[-1,1],[-4,-1],[-6,0],[-5,-2],[0,-4]],[[9476,7451],[-5,2],[-1,-3],[1,-2],[4,0],[1,3]],[[9021,7103],[1,3],[0,6],[-3,-1],[-4,-3],[2,-2],[0,-3],[4,0]],[[8949,7162],[0,3]],[[8949,7165],[-3,-1],[3,-2]],[[9170,7229],[-5,-2]],[[9165,7227],[2,-1],[3,3]],[[9208,7347],[1,5],[-2,1],[1,-6]],[[9111,7207],[8,0],[4,4],[-6,0],[-6,-4]],[[9132,7204],[0,2],[-5,0],[-1,-2],[6,0]],[[9115,7201],[2,4],[-4,0],[-3,-1],[5,-3]],[[9110,7199],[-3,2],[-4,-1],[0,-2],[5,0],[2,1]],[[9086,7196],[0,-3],[8,-1],[2,2],[4,0],[2,3],[-16,-1]],[[9027,7182],[0,-5]],[[9027,7177],[4,4],[10,-1],[0,4],[-6,-1],[-1,2],[-5,1],[-9,-1],[3,-3],[4,0]],[[9028,7176],[-1,1]],[[9027,7177],[1,-1]],[[9054,7186],[1,2],[-9,-4],[3,-2],[1,3],[4,1]],[[9072,7184],[3,2],[-8,0],[-1,-3],[6,1]],[[9085,7180],[2,2],[0,4],[-5,-4],[3,-2]],[[9058,7177],[5,0],[4,3],[-8,1],[-1,-4]],[[9036,7173],[-2,-3],[5,0],[3,3],[5,1],[0,4],[-7,0],[-4,-5]],[[8991,7175],[-5,1]],[[8986,7176],[0,-1]],[[8986,7175],[-3,-2],[-1,-3],[-4,1],[-7,-6]],[[8971,7165],[-1,2],[-5,-1],[4,-3],[-3,-5],[7,0]],[[8973,7158],[0,2],[4,0],[6,5],[1,3],[6,0],[5,4],[-1,4],[-3,-1]],[[9008,7171],[6,-1],[0,-4],[5,-1],[4,2],[-4,4],[-6,0],[-4,1],[-1,-1]],[[9015,7150],[-1,-3],[-3,-1]],[[9011,7146],[1,-1],[-2,-4],[-5,-1],[-7,-1],[0,-4],[2,-3],[-4,0],[0,2],[-4,2],[0,-3],[2,-2],[-2,-2],[-5,-1]],[[8987,7128],[-7,1],[-3,-4],[5,-4],[-6,-1],[-4,-6],[0,-5],[-3,-2]],[[8969,7107],[2,-1],[1,3],[8,1],[-1,-4],[4,-1],[2,3],[9,-1],[5,1],[1,2],[3,0],[4,3],[4,1],[3,4],[0,2],[5,1],[3,-1],[5,0],[4,5],[2,2]],[[9033,7127],[1,0]],[[9034,7127],[3,4],[1,7],[-6,-2],[-1,2],[-3,0]],[[9028,7138],[3,1],[1,5]],[[9032,7144],[5,1],[2,3],[-1,3],[-4,0]],[[9034,7151],[0,2],[7,1],[6,2],[-3,4],[-1,3],[2,3],[-4,2],[-2,-5],[-4,0],[0,-4],[-4,0],[-5,-4],[-2,1],[1,3],[4,1],[0,2],[-6,2],[-3,-1],[-10,0],[-1,-4],[7,-2],[-2,-5],[1,-2]],[[9009,7150],[-2,-4],[4,0]],[[9011,7146],[1,5],[-3,-1]],[[9003,7163],[-8,1],[-6,-1],[0,-3],[-2,-3],[-4,-2]],[[8983,7155],[-7,1],[-2,-1]],[[8974,7155],[-1,-2]],[[8973,7153],[2,-2],[-1,-7],[4,-1]],[[8978,7143],[0,-4],[-3,-2],[0,-3],[11,-1],[3,5],[6,0],[0,3],[3,1],[6,2]],[[9004,7144],[2,3],[-2,1],[-1,5],[7,0],[-1,4],[-2,3],[-4,3]],[[8935,7154],[-2,-4],[8,0],[1,3],[4,0],[-1,-4],[3,0],[-1,8],[-5,0]],[[8942,7157],[-3,0]],[[8939,7157],[0,1],[-5,0],[1,-4]],[[9050,7149],[1,-5]],[[9051,7144],[1,-1]],[[9052,7143],[2,1]],[[9054,7144],[0,7],[-4,-2]],[[8927,7153],[-1,-2],[-1,-6],[4,0],[1,2],[-1,5],[-2,1]],[[8944,7143],[0,3],[-8,0],[0,-6],[7,1],[1,2]],[[8950,7135],[0,3]],[[8950,7138],[0,-3]],[[8949,7129],[4,0],[0,3],[-3,3]],[[8950,7135],[-1,-6]],[[8949,7129],[-3,-1],[1,-4],[3,1],[-1,4]],[[9040,7122],[3,-1],[4,3],[0,4],[-3,0],[-4,-6]],[[8962,7127],[1,3],[-7,-1],[-1,-3],[7,1]],[[8927,7117],[3,-2],[5,2]],[[8935,7117],[0,2],[-4,1],[-4,1],[-1,-2],[1,-2]],[[8959,7110],[1,-4]],[[8960,7106],[5,1],[-2,3],[3,4],[-4,4],[0,5],[-5,-2],[2,-3],[1,-5],[-1,-3]],[[8957,7112],[2,-2]],[[8959,7110],[-2,2]],[[8963,7102],[-5,-1],[0,4],[2,1]],[[8960,7106],[-6,1],[-1,-7],[5,-3],[6,-2],[2,4],[-3,3]],[[8942,7113],[0,-1]],[[8942,7112],[3,-1]],[[8945,7111],[5,0],[1,-2]],[[8951,7109],[0,4],[-3,1],[1,3]],[[8949,7117],[0,3],[-4,1],[0,-7],[-3,-1]],[[8947,7094],[-2,5],[-4,1],[2,2],[0,4],[-4,2],[-2,-3],[0,-5],[5,-3],[0,-3],[5,0]],[[9012,7104],[-3,0],[1,-5],[-4,0],[-3,-5],[2,-5],[5,-1],[0,6],[2,2],[5,2],[-2,3],[-4,1],[1,2]],[[8981,7095],[-2,1],[-3,-3],[0,-3],[-5,-1],[0,-2],[3,-1],[2,-2],[-5,-5],[0,-4],[-1,-3],[3,-2],[-1,-5],[-3,-2],[5,-2],[1,-7],[5,-3],[2,3],[-1,6],[-2,1],[1,4],[6,-1],[4,2],[0,2],[-4,1],[0,6],[5,0],[1,-5],[3,-1],[5,0],[2,3],[-2,1],[2,4],[-3,0],[0,4],[6,2],[1,3],[-7,-2],[-3,-6],[-3,1]],[[8993,7079],[3,2],[0,4],[3,3],[3,1],[0,2]],[[9002,7091],[-3,10],[1,4],[-8,-2],[-6,-4],[0,-4],[-5,0]],[[8868,7070],[-7,5],[-5,1],[-7,9],[0,3],[-2,0],[1,8],[-4,4],[0,2],[-3,1],[-1,-5],[3,0],[0,-10],[3,-1],[-1,-4],[2,-4],[4,-1],[0,-3],[8,0],[4,-5],[5,0]],[[8933,7095],[-2,-2],[1,-3],[4,1],[0,3],[-3,1]],[[8940,7089],[0,2]],[[8940,7091],[0,-2]],[[9008,7087],[0,-5],[2,0],[1,4],[-3,1]],[[8930,7085],[-1,-3],[5,-3],[2,-4],[3,-2],[4,2],[-5,2],[0,3],[-5,1],[-3,4]],[[9003,7068],[4,0],[-1,4],[-3,-1],[0,-3]],[[9003,7068],[-3,0],[-6,-4],[0,-4],[4,-1],[1,4],[4,2],[0,3]],[[8847,7068],[4,0],[1,6],[-4,-1],[1,-3],[-2,-2]],[[8860,7067],[-2,4],[-4,-1],[6,-3]],[[8878,7052],[1,2],[3,0],[1,4],[-3,0],[-2,-3],[-3,-1],[-3,5],[0,6],[-9,-7],[-1,-5],[2,-4],[-7,0],[0,-3],[2,0],[3,-5],[6,-1],[8,0],[4,2],[0,-3],[-3,-1],[-10,-2],[0,-4],[7,-3],[3,-3],[0,-2],[8,-1],[0,4],[3,4],[2,6],[4,3],[-3,2],[2,3],[-7,0],[-3,0],[0,-2],[-7,0],[1,8],[1,1]],[[8912,7049],[3,3],[-4,2],[-1,-4],[2,-1]],[[8961,7036],[2,1],[4,0],[0,3],[-2,2],[0,4],[-6,1],[-1,-6],[2,0],[1,-5]],[[8978,7006],[-1,0],[-5,6],[-2,2],[-8,2],[-4,2],[-5,1],[-4,5],[0,5],[-2,2],[1,11],[-6,0],[-4,-4],[-1,-5],[-1,-12],[4,-3],[9,-3],[3,-2],[7,-1],[1,-4],[3,-1],[0,-4],[2,-3],[-7,-7],[-9,1],[-3,2],[0,3],[-4,2],[-4,1],[-7,-5],[0,-6],[-2,-3],[-5,-5],[6,-2],[5,-1],[8,-1],[-1,-2],[2,-5],[5,1],[5,0],[4,-3],[0,-5],[6,1],[7,-2],[3,-5],[5,-4],[3,-8],[0,-4],[-3,-6],[4,-1],[1,-1],[6,-1],[3,-2],[3,1],[6,-1],[2,6],[-1,5],[-3,4],[0,8],[-4,7],[-4,0],[0,5],[-3,1],[-3,5],[0,6],[-4,1],[-2,10],[5,3],[2,5],[-5,0],[-1,3],[0,3],[-3,2]],[[8858,7031],[-1,-3],[5,-1],[-4,4]],[[8868,7013],[0,-3],[4,0],[3,3],[5,0],[0,2],[-1,4],[0,2],[-7,0],[-1,-1],[-1,-4],[-2,-3]],[[8858,7002],[2,3],[-4,1],[-1,-4],[3,0]],[[9037,6996],[-8,-5],[-6,-1],[-7,-2],[-5,-4],[4,-1],[10,5],[2,1],[11,7],[-1,0]],[[9005,6969],[4,-10],[3,-3],[7,-2],[5,-6],[0,-3],[7,-4],[3,2],[1,6],[1,1],[9,1],[6,5],[6,2],[4,0],[3,2],[2,4],[1,6],[3,6],[0,6],[-4,3],[-14,1],[-1,2],[-7,1],[-16,-7],[-18,-9],[-6,-1],[1,-3]],[[8993,6973],[0,2],[6,1],[2,2],[0,3],[-4,0],[0,5],[-4,-1],[1,-4],[-1,-8]],[[8975,6946],[1,3],[-5,1],[0,-2],[-2,-1],[0,-7],[2,-4],[2,1],[2,3],[0,6]],[[9725,7683],[5,-3],[2,3],[-7,0]],[[9386,7445],[-3,1],[-3,-3],[7,0],[-1,2]],[[9365,7438],[6,4],[-3,1],[-4,-4],[1,-1]],[[8973,7153],[1,2]],[[8974,7155],[-1,-2]],[[9022,7150],[-7,2],[2,3],[4,0],[1,-5]],[[8983,7155],[0,-2]],[[8983,7153],[0,2]],[[9003,7163],[2,-7]],[[9005,7156],[-2,-1]],[[9003,7155],[-2,-1]],[[9001,7154],[0,-2],[-3,-1],[-2,-3]],[[8996,7148],[-4,1],[3,3],[1,5],[-2,1],[0,2],[6,-3],[2,3],[1,3]],[[9005,7156],[-2,-1]],[[9003,7155],[2,1]],[[8976,7164],[-1,2]],[[8975,7166],[1,-2]],[[8991,7175],[1,-1]],[[8992,7174],[-1,-3],[-3,0],[3,4]],[[8986,7175],[0,1]],[[8986,7176],[0,-1]],[[8990,7182],[-4,0],[0,2],[4,3],[3,-1],[-3,-4]],[[9007,7188],[-3,-2],[-3,1],[0,4],[4,0],[-1,-3],[3,0]],[[9027,7196],[4,-1],[-2,-2],[-2,3]],[[9058,7419],[4,-1],[-3,-2],[-1,3]],[[9138,9137],[-2,-2]],[[9136,9135],[2,2]],[[9094,9137],[0,4]],[[9094,9141],[0,-4]],[[9142,9142],[-2,2],[-6,1]],[[9134,9145],[2,2],[4,-1],[2,-4]],[[9147,9562],[-1,0],[-5,3]],[[9141,9565],[4,0],[2,-3]],[[9128,9573],[-3,1]],[[9125,9574],[3,-1]],[[9126,9599],[1,1]],[[9127,9600],[-1,-1]],[[9127,9600],[-1,-1]],[[9126,9599],[1,1]],[[9141,9781],[1,1]],[[9142,9782],[-1,-1]],[[9142,9782],[-1,-1]],[[9141,9781],[1,1]],[[8749,1347],[-14,-3],[-5,1]],[[8730,1345],[5,1],[14,1]],[[8792,1351],[4,1],[9,1],[12,-1],[0,-1],[-11,0],[-8,-1],[-6,1]],[[8985,5629],[1,2],[6,0],[-2,-3],[-5,-1],[0,2]],[[9073,5708],[-9,0],[0,1],[6,1],[3,-2]],[[9104,5756],[-3,0],[0,3],[4,0],[-1,-3]],[[9015,5768],[0,2],[6,0],[0,-2],[-6,0]],[[9074,5796],[-5,-7],[-4,-3],[0,-1],[-5,-6],[-7,1],[-2,2],[2,4],[0,4],[5,1],[1,2],[3,2],[2,3],[5,3],[8,1],[-3,-6]],[[9072,5804],[4,2],[5,-1],[0,-2],[-7,0],[-2,1]],[[9035,5937],[4,0],[0,-2],[-3,-2],[-1,4]],[[9038,5953],[1,2],[5,1],[0,-2],[-6,0],[0,-1]],[[9037,5961],[7,2],[0,-5],[-10,0],[3,3]],[[9043,5969],[5,0],[0,-3],[-8,0],[0,2],[3,1]],[[9045,5994],[-2,1],[-9,0],[-4,3],[6,1],[13,-1],[0,-5],[-4,1]],[[9055,6001],[2,1],[5,1],[1,-2],[-8,0]],[[9020,6010],[-6,1],[1,2],[6,-1],[-1,-2]],[[9063,6016],[-1,1],[13,0],[0,-4],[-6,0],[-5,1],[-1,2]],[[9040,6035],[2,2],[4,-1],[-1,-3],[-5,0],[0,2]],[[9013,6038],[5,0],[0,-3],[-4,-1],[-1,4]],[[9082,6032],[-1,2],[5,3],[6,0],[1,-2],[-6,-3],[-5,0]],[[9087,6041],[12,0],[-1,-1],[-11,-1],[0,2]],[[9016,6043],[-1,2],[5,0],[0,-3],[-4,1]],[[9043,6054],[-4,-2],[-4,1],[0,5],[2,1],[13,-1],[6,1],[0,-2],[-3,-2],[-7,0],[-3,-1]],[[9052,6069],[7,-1],[-1,-4],[-5,-2],[-5,0],[-2,1],[0,5],[2,1],[4,0]],[[9052,6069],[-1,3],[10,-1],[-1,-3],[-8,1]],[[9060,6072],[-4,2],[0,3],[6,1],[6,0],[-1,-4],[-4,-2],[-3,0]],[[9111,6078],[1,-8],[-3,-5],[-9,2],[3,8],[-3,5],[2,5],[9,0],[0,-7]],[[9065,6082],[5,0],[-2,-3],[-4,0],[1,3]],[[9071,6084],[-8,0],[-2,2],[2,3],[11,-1],[0,-2],[-3,-2]],[[9073,6092],[0,3],[9,0],[-4,-3],[-5,0]],[[9090,6094],[5,0],[0,-3],[-5,3]],[[9103,6090],[2,1],[0,4],[-3,2],[1,2],[6,0],[2,-1],[0,-3],[-2,-2],[1,-1],[0,-4],[-7,0],[0,2]],[[9112,6101],[-9,1],[-1,-1],[-7,0],[-4,2],[3,2],[4,0],[15,0],[2,-2],[-3,-2]],[[9028,6126],[-4,2],[9,0],[-3,-3],[-2,1]],[[9019,6163],[4,0],[0,-3],[-5,0],[1,3]],[[9066,6167],[-1,3],[4,0],[0,-3],[-3,0]],[[9121,6173],[-3,2],[3,5],[-1,2],[13,-1],[2,-5],[-4,-7],[0,-4],[-4,-2],[-4,0],[-1,4],[-2,2],[0,3],[1,1]],[[9087,6182],[-1,-6],[-7,1],[-1,4],[2,3],[4,0],[1,1],[5,0],[0,-1],[-3,-2]],[[9087,6200],[4,0],[-1,-3],[-6,0],[3,3]],[[9110,6228],[0,-2],[-5,0],[-1,4],[-3,1],[-4,4],[3,4],[0,3],[-3,4],[0,2],[3,1],[1,8],[8,0],[5,-2],[12,0],[12,-1],[6,0],[-1,-4],[-3,-3],[1,-6],[-3,-1],[0,-6],[2,-2],[0,-3],[-7,-5],[-6,-2],[-1,-3],[-3,1],[0,3],[-3,0],[-1,6],[-6,0],[-3,-1]],[[9049,6247],[2,2],[3,0],[0,-3],[-5,1]],[[9052,6252],[2,4],[7,-1],[-4,-3],[-5,0]],[[9113,6258],[20,-1],[0,-2],[-12,1],[-8,2]],[[9073,6259],[-6,-1],[0,2],[5,0],[1,-1]],[[9075,6263],[-8,0],[0,1],[8,0],[0,-1]],[[9101,6294],[-3,1],[1,6],[-5,2],[3,2],[9,2],[18,0],[-2,-5],[2,-3],[-1,-3],[2,-1],[0,-7],[-3,-2],[-7,-2],[-3,-4],[-3,1],[-4,6],[0,3],[-4,4]],[[9110,6310],[-3,0],[-7,0],[1,2],[5,1],[8,0],[2,-4],[-6,1]],[[9101,6314],[3,2],[10,-1],[0,-1],[-13,0]],[[9100,6319],[10,0],[0,-3],[-11,1],[1,2]],[[9100,6320],[0,3],[8,0],[2,-3],[-10,0]],[[9098,6326],[4,2],[9,-2],[0,-1],[-10,1],[-3,0]],[[9106,6332],[-4,-2],[-6,0],[-3,3],[15,0],[-2,-1]],[[9099,6335],[-4,0],[-2,2],[2,2],[11,0],[-1,-4],[-6,0]],[[9084,6343],[2,2],[13,0],[2,-1],[6,0],[-1,-2],[-3,-1],[-6,0],[-9,0],[-4,2]],[[9084,6349],[-5,0],[-4,3],[19,0],[3,0],[1,-2],[-14,-1]],[[9072,6357],[6,1],[0,-1],[-6,0]],[[9080,6359],[0,1]],[[9080,6360],[8,0],[1,-2],[-8,0],[-1,1]],[[9080,6360],[0,-1]],[[9080,6359],[0,1]],[[9063,6366],[-9,0],[-10,0],[-3,-2],[0,6],[3,2],[8,-2],[14,0],[-3,-4]],[[9027,6371],[4,0],[3,-1],[0,-2],[-6,0],[-1,3]],[[9054,6376],[3,2],[8,0],[0,-1],[-8,0],[-3,-1]],[[9041,6381],[5,2],[4,-1],[-9,-1]],[[9125,6416],[-3,2],[4,1],[-1,-3]],[[9091,6437],[7,0],[0,-2],[-7,0],[0,2]],[[9046,6451],[-10,0],[-4,3],[12,-1],[2,-2]],[[9075,6515],[-4,-4],[0,-4],[-6,0],[4,-4],[4,0],[-1,-4],[-3,-1],[-24,1],[0,-2],[11,0],[3,-2]],[[9059,6495],[3,2],[4,0],[3,-2],[10,-1],[1,-2],[3,0],[0,-3],[4,-2],[0,-4],[-4,-1],[-2,-2],[5,-4],[4,-1],[4,1],[3,2],[3,-3],[-4,-1],[-1,-3],[12,-7],[2,-3],[3,0],[3,-3],[3,-1],[7,0],[-5,-7],[5,-3],[1,-2]],[[9126,6445],[-4,0],[-6,3],[0,3],[-3,4],[-3,-2],[-4,1],[-4,-4],[-7,0],[-3,2],[-9,0],[-7,0],[-1,1],[-16,0],[1,4],[10,-1],[1,-1],[5,-1],[4,2]],[[9080,6456],[0,3],[1,2],[10,0],[6,-4],[-2,5],[-3,1],[1,5],[-4,0],[0,-3],[-4,-1],[-2,-3],[-4,0],[-2,3],[-7,0],[-3,1],[1,3],[4,1],[1,3],[-3,2],[-11,0],[-5,-1],[-6,0],[0,-1],[5,0],[1,-2],[0,-4],[-2,-1],[-10,0],[-4,-1],[-6,1],[0,4],[9,-1],[6,0],[0,1],[-9,0],[3,3],[-2,3],[-12,-1]],[[9027,6474],[-2,2],[-7,4],[3,3],[-4,1],[-2,2],[-3,-3],[-6,0],[-3,1],[-3,-6],[-2,4],[-5,2],[-2,5],[-7,4],[0,2],[3,3],[5,1],[3,0],[6,2],[1,4],[10,1],[-3,2],[-5,-1],[-3,1],[0,2],[8,1],[5,2],[7,-1],[8,3],[1,-2],[7,1],[13,-1],[-1,4],[6,0],[3,-1],[17,0],[0,-1]],[[9067,6479],[-5,1],[0,-2],[5,1]],[[9063,6529],[3,-2],[-1,-4],[-7,1],[-8,-2],[-4,0],[-6,-2],[-5,-1],[-7,1],[-4,-2],[-7,1],[0,-2],[-5,0],[-6,-1],[-2,4],[4,4],[3,1],[10,0],[2,1],[6,0],[11,0],[0,2],[-6,-1],[-7,1],[-6,-2],[-8,0],[-1,2],[2,2],[5,0],[2,2],[9,-2],[2,2],[5,1]],[[9037,6533],[7,0],[0,2],[9,0],[1,-3],[-6,0],[-1,-3],[16,0]],[[9055,6543],[-4,0],[-1,2],[-6,-1],[-1,-2],[-9,0],[-5,-1],[-1,6],[14,2],[3,-3],[9,0],[1,-3]],[[9059,6546],[-6,1],[2,3],[3,-1],[1,-3]],[[9063,6552],[-2,2],[4,1],[1,-4],[-3,1]],[[9070,7060],[3,1],[6,-1],[-2,-2],[-7,2]],[[9080,7124],[0,1],[7,0],[0,-3],[-7,2]],[[9070,7168],[1,1]],[[9071,7169],[-1,-1]],[[9124,7238],[-4,1],[0,4],[2,3],[4,-3],[-2,-5]],[[9161,7241],[4,4],[-1,4],[5,1],[-4,-7],[-4,-2]],[[9121,7422],[-6,-1],[-6,4],[9,5],[4,0],[2,-5],[-3,-3]],[[9183,7478],[-16,-5],[-2,5],[6,1],[2,2],[5,0],[3,-1],[2,-2]],[[9180,7493],[3,3],[2,-1],[0,-3],[-5,-1],[0,2]],[[9121,7620],[-1,2],[5,0],[2,-3],[-6,1]],[[9244,8791],[2,-1],[-1,-4],[-3,-3]],[[9242,8783],[3,4],[-1,4]],[[9181,8866],[0,3]],[[9181,8869],[0,-3]],[[9205,8915],[7,3],[2,0]],[[9214,8918],[-9,-3]],[[9231,8930],[1,0]],[[9232,8930],[-1,0]],[[9232,8930],[-1,0]],[[9231,8930],[1,0]],[[9227,8946],[-4,-3]],[[9223,8943],[2,3],[2,0]],[[9249,8960],[-4,-2],[-4,2]],[[9241,8960],[5,-1],[3,1]],[[9241,8960],[-2,2],[2,3]],[[9241,8965],[-1,-3],[1,-2]],[[9241,8965],[3,4],[2,0]],[[9246,8969],[-1,-1],[-4,-3]],[[9246,8969],[3,0]],[[9249,8969],[-3,0]],[[9260,8975],[4,-1],[0,-1]],[[9264,8973],[-4,2]],[[9270,9110],[0,-1]],[[9270,9109],[1,-3],[-8,1],[7,3]],[[9270,9109],[0,1]],[[9270,9110],[1,2]],[[9271,9112],[1,0]],[[9272,9112],[0,-1]],[[9272,9111],[-2,-2]],[[9247,9117],[2,-2],[4,0],[3,-1],[2,-4],[2,1],[0,5],[5,0],[3,-2],[0,-2],[-4,0],[-6,-3],[-1,-1],[-8,2],[-2,7]],[[9239,9126],[4,-1],[0,-7],[-3,3],[1,3],[-2,2]],[[9215,9133],[-1,-3],[6,-3],[6,0],[7,1],[5,1],[1,-3]],[[9239,9126],[-11,0],[-7,0],[-3,1],[-6,3],[3,3]],[[9197,9140],[-10,1],[0,1],[10,-2]],[[9271,9137],[-1,3],[4,0],[1,-4],[-4,1]],[[9270,9142],[3,0]],[[9273,9142],[-3,0]],[[9205,9150],[2,2]],[[9207,9152],[-2,-2]],[[9272,9157],[-1,3]],[[9271,9160],[1,-3]],[[9264,9646],[8,-4],[6,3],[6,-1],[-1,-2],[-4,0],[0,-4],[2,-4],[-9,3],[-3,-2],[-5,3],[0,2],[-3,1],[-9,-1],[-6,4],[-8,1],[-4,3],[-1,2],[9,0],[3,-3],[4,1],[1,-2],[7,0],[1,1],[6,-1]],[[9256,9669],[0,-2],[-4,-1],[0,3],[4,0]],[[9238,9675],[-1,4],[4,2],[1,-3],[-4,-3]],[[9229,9687],[1,0]],[[9230,9687],[-2,-2],[-5,-3],[0,2],[6,3]],[[9230,9687],[-1,0]],[[9229,9687],[1,0]],[[9229,9694],[0,-1],[-5,-1],[1,5],[3,0],[1,-3]],[[9210,9715],[1,-2],[-3,-1],[0,4],[2,-1]],[[9015,2738],[0,3],[4,2],[1,-2],[-1,-3],[-4,0]],[[9063,2787],[-1,-3],[-3,2],[9,6],[5,2],[0,-4],[-3,-1],[-6,0],[-1,-2]],[[9068,2853],[-1,3],[3,0],[7,1],[-1,-3],[-6,1],[-2,-2]],[[9110,5645],[-15,0],[3,2],[14,1],[5,2],[6,0],[4,2],[6,-1],[2,-3],[-6,-1],[-2,-1],[-13,0],[-4,-1]],[[9161,5649],[-3,2],[1,2],[5,0],[1,-3],[-4,-1]],[[9208,5654],[2,2],[7,-2],[-8,-2],[-1,2]],[[9251,5661],[0,-3],[-3,-1],[-6,0],[-2,-1],[-3,1],[0,3],[3,1],[3,4],[6,-2],[2,-2]],[[9250,5660],[-6,0],[0,-1],[6,-1],[0,2]],[[9174,5665],[-8,0],[1,3],[7,1],[1,1],[5,-1],[0,-2],[-6,-2]],[[9169,5677],[5,-1],[6,4],[8,0],[5,1],[1,-2],[5,0],[2,-2],[6,0],[3,3],[6,1],[1,-2],[-2,-3],[-3,0],[-6,-1],[-3,-2],[-14,-3],[-5,1],[-10,0],[-10,1],[0,3],[3,3],[2,-1]],[[9115,5722],[-3,1],[3,4],[4,0],[2,-1],[-6,-4]],[[9117,5753],[-3,1],[-1,2],[1,4],[7,-1],[1,-4],[-5,-2]],[[9175,5760],[-1,5],[2,3],[3,0],[2,-7],[-6,-1]],[[9206,5793],[5,0],[3,-3],[-8,1],[0,2]],[[9227,5801],[-4,-3],[-5,0],[-2,4],[7,0],[4,2],[0,-3]],[[9219,5846],[-6,-1],[1,3],[10,0],[1,-2],[-6,0]],[[9188,5852],[-1,2],[6,-1],[-1,-1],[-4,0]],[[9210,5861],[5,0],[0,-2],[-5,0],[0,2]],[[9205,5864],[0,1],[11,-1],[0,-2],[-11,1],[0,1]],[[9229,5872],[3,-3],[-7,0],[-2,3],[3,1],[3,-1]],[[9202,5875],[2,2],[4,-1],[-1,-2],[-5,1]],[[9191,5878],[-1,-2],[-4,0],[-3,4],[3,1],[6,0],[-1,-3]],[[9145,5892],[-1,3],[7,-1],[0,-2],[-6,0]],[[9150,5903],[3,-3],[-7,0],[0,3],[4,0]],[[9152,5904],[-5,0],[0,3],[5,0],[0,-3]],[[9147,5913],[-6,3],[1,0],[9,0],[2,-2],[-2,-3],[-4,2]],[[9147,5920],[3,0],[0,-3],[-4,0],[1,3]],[[9210,5921],[6,-1],[-1,-2],[-4,0],[-1,3]],[[9197,5928],[-2,2],[10,0],[0,-3],[-8,1]],[[9199,5935],[-4,-2],[-3,3],[6,0],[1,-1]],[[9188,5941],[3,2],[6,-1],[0,-1],[-7,-1],[-2,1]],[[9186,5955],[5,-1],[-2,-2],[-4,0],[1,3]],[[9214,5971],[8,0],[0,-3],[-3,-1],[-5,4]],[[9254,5971],[-6,1],[0,2],[8,-1],[-2,-2]],[[9229,5979],[-3,0],[-2,-5],[4,-2],[4,0],[0,-3],[-6,4],[-6,0],[-3,1],[1,3],[4,1],[1,5],[-6,1]],[[9217,5984],[-10,0],[-2,-2],[2,-4],[-3,-1],[0,-2],[-5,-1],[-3,4],[-4,5],[0,3],[3,1],[-2,3],[8,0],[7,-3],[12,-1],[5,1],[4,-2],[-1,-5],[1,-1]],[[9185,5994],[-8,0],[0,1],[8,-1]],[[9156,6025],[-1,4],[11,0],[2,-4],[-7,0],[-5,0]],[[9134,6031],[1,-1],[0,-3],[-5,0],[-3,1],[1,4],[-2,0],[0,4],[3,3],[2,-1],[3,-7]],[[9200,6245],[4,1],[-1,-4],[-3,1],[0,2]],[[9233,6279],[-7,0],[-1,3],[5,3],[0,-4],[3,-2]],[[9173,6296],[-1,3],[7,0],[0,-3],[-6,0]],[[9230,6330],[-5,6],[19,0],[0,-3],[-9,-5],[-4,0],[-1,2]],[[9213,6339],[-6,0],[1,4],[5,1],[2,-3],[-2,-2]],[[9152,6349],[-1,1],[5,3],[3,-2],[-3,-2],[-4,0]],[[9197,6359],[1,1],[-6,1],[-5,1],[-3,3],[0,5],[6,4],[-4,3],[1,3],[5,0],[0,2],[4,0],[0,-3],[2,-2],[1,-5],[8,-3],[1,-5],[-4,1],[-4,-3],[3,-2],[-6,-1]],[[9178,6378],[-5,-2],[-15,-1],[26,-1],[-2,-3],[-3,2],[-8,0],[0,-2],[-6,0],[-2,1],[-9,1],[-1,3],[0,5],[7,1],[-1,-3],[4,-2],[6,0],[-1,2],[9,1],[1,-2]],[[9178,6378],[0,1],[7,1],[0,-3],[-7,1]],[[9175,6409],[-1,-5],[-8,2],[1,4],[4,3],[3,0],[2,-3],[-1,-1]],[[9149,6422],[4,1],[2,-2],[3,0],[0,-3],[7,0],[-2,-2],[-5,-1],[1,-4],[5,0],[-1,-2],[-7,2],[-3,2],[-2,4],[-4,-1],[1,5],[1,1]],[[9165,6423],[-2,-2],[-2,1],[0,2],[4,-1]],[[9159,6425],[-9,-1],[-1,2],[9,0],[1,-1]],[[9181,6594],[-5,1],[1,3],[7,1],[2,-2],[-1,-2],[-4,-1]],[[9177,6676],[-6,1],[0,4],[4,0],[6,-2],[-4,-3]],[[9212,6722],[-1,-1],[-11,1],[1,1],[8,0],[3,-1]],[[9176,6793],[0,-2],[-6,-1],[0,2],[6,1]],[[9304,7055],[4,-2],[-1,-2],[-3,2],[0,2]],[[9227,7081],[0,5],[3,0],[3,-5],[-6,0]],[[9257,7249],[-2,2],[8,1],[1,-3],[4,0],[1,-5],[-2,-2],[-4,0],[-2,6],[-4,1]],[[9262,7258],[-2,-3],[-5,0],[-10,-2],[-1,-4],[-5,2],[-11,0],[-4,-1],[-5,-2],[-7,1],[2,2],[3,-1],[6,1],[6,0],[3,4],[4,0],[5,3],[4,1],[8,-1],[9,0]],[[9290,7252],[2,-1]],[[9292,7251],[-3,-2],[-5,2],[1,3],[5,-2]],[[9320,7258],[0,6],[4,-1],[0,-2],[-4,-3]],[[9274,7262],[6,4],[10,-1],[2,-1],[5,0],[5,-2],[6,0],[-3,-2],[-8,0],[-7,3],[-11,0],[-5,-1]],[[9280,7594],[-5,1],[1,5],[2,2],[3,-5],[-1,-3]],[[9248,7825],[2,4],[3,0],[-1,-5],[-4,1]],[[9303,8239],[-2,-1],[-13,0]],[[9288,8238],[15,1]],[[9306,8239],[-3,0]],[[9303,8239],[3,0]],[[9313,8994],[-5,-2],[-23,0],[8,1],[11,0],[1,1],[8,0]],[[9315,8995],[-2,-1]],[[9313,8994],[-2,7],[-2,4],[-6,2],[-4,6]],[[9299,9013],[2,-1],[1,-3],[5,-2],[4,-1],[2,-7],[2,-1],[0,-3]],[[9274,9074],[-1,8],[2,0],[-1,-8]],[[9444,9113],[0,4],[-2,0],[-1,-5],[-3,-4]],[[9438,9108],[-2,3],[-1,3],[-2,2],[2,6],[-5,-2],[-1,-4],[-7,-4],[0,4],[-4,0],[-1,-4],[-4,-5],[4,0],[3,-3],[1,-3],[-3,0],[1,4],[-3,1],[-4,-1],[0,6],[-1,4],[-2,0],[0,-4],[-2,-1],[-6,0],[1,7],[-3,0],[-2,-3],[-3,0],[1,7],[-2,5],[-5,0],[1,-3],[-7,-1],[2,-2],[-1,-2],[3,-4],[3,-1],[-1,-4],[-10,0],[-4,2],[-5,-4],[-6,0],[-1,2],[-4,0],[-1,5],[-2,-2],[-4,0],[-4,-3],[-5,1],[0,-3],[-5,1],[-1,-1],[-6,0],[0,-4],[4,-3],[-2,-3],[-8,-1],[-2,2],[0,4],[-8,-1],[-1,3],[-3,1],[0,3],[-8,0],[0,-2],[-3,-2],[3,-3],[1,-4],[-4,-2],[1,-3],[6,0],[4,-1],[0,-2],[-9,0],[0,-3],[-4,-1],[-3,-3],[-3,-4],[-3,-1],[-1,-2],[-5,-4],[0,-3],[4,-5],[9,-3],[2,-2],[0,-10],[-4,0],[-2,-3],[0,-7],[0,-3],[3,-3],[4,-2],[4,-6],[0,-5],[-3,-6]],[[9299,9013],[-1,3],[2,5],[-1,6],[-10,10],[0,7],[4,5],[1,2],[0,8],[-6,-1],[-5,3],[-2,5],[-2,1],[1,3],[3,3],[-1,3],[1,1],[1,4],[7,4],[2,4],[-4,1],[-8,4],[-7,-1],[-7,-3],[0,2],[4,3],[7,3],[6,-1],[2,-4],[5,1],[-2,5],[-4,2],[1,5],[3,2],[5,-1],[5,2],[10,0],[6,2]],[[9315,9111],[6,2]],[[9321,9113],[3,0]],[[9324,9113],[1,1]],[[9325,9114],[-1,0]],[[9324,9114],[3,4]],[[9327,9118],[4,3],[23,7],[6,4],[6,7]],[[9366,9139],[1,0]],[[9367,9139],[1,0]],[[9368,9139],[0,-1]],[[9368,9138],[2,-1]],[[9370,9137],[-1,2]],[[9369,9139],[0,1]],[[9369,9140],[-1,0]],[[9368,9140],[3,2],[8,-4],[2,-1],[-2,-7],[11,-1],[2,-1],[7,0],[2,1],[8,0],[1,2],[7,1],[7,10],[1,7],[-4,-1],[-1,2],[-4,0],[0,3],[-14,3],[-5,-1],[-1,4],[13,-1],[4,1],[6,3],[1,2],[4,3],[3,0],[6,4],[3,1],[-1,-5],[3,-1],[0,-2],[7,1],[3,-5],[7,1],[6,-2],[1,-2],[7,-2],[0,-2],[6,-1],[3,1],[1,-3],[6,0],[2,-3],[3,0],[1,-3],[0,-5],[-5,0],[-5,3],[-6,3],[-7,1],[2,-6],[-4,-4],[-4,-2],[2,-2],[0,-7],[-3,-1],[0,-2],[-3,-3],[-3,-1],[1,-4],[-4,-4],[-8,3]],[[9288,9106],[-1,-3],[1,-3],[7,-1],[3,3],[-6,0],[-1,3],[-3,1]],[[9384,9127],[-6,0],[1,-4],[6,1],[-1,3]],[[9426,9123],[-1,-3]],[[9425,9120],[1,0]],[[9426,9120],[0,-1]],[[9426,9119],[1,4]],[[9427,9123],[-1,0]],[[9342,9112],[1,4],[-5,0],[-1,-3],[5,-1]],[[9293,9097],[4,-2],[1,3],[-5,-1]],[[9281,9100],[1,0]],[[9282,9100],[-1,0]],[[9278,9105],[5,-2],[-1,-3]],[[9282,9100],[-1,0]],[[9281,9100],[-2,2],[-5,2],[4,1]],[[9278,9105],[-2,3],[-4,3]],[[9272,9111],[0,1]],[[9272,9112],[-1,0]],[[9271,9112],[6,0],[7,-2]],[[9284,9110],[0,-3],[-4,0],[-2,-2]],[[9325,9114],[-1,-1]],[[9324,9113],[-3,0]],[[9321,9113],[3,1]],[[9324,9114],[1,0]],[[9284,9110],[4,2]],[[9288,9112],[3,1],[6,3]],[[9297,9116],[1,1]],[[9298,9117],[-3,1],[-4,0],[-1,3],[4,-1]],[[9294,9120],[5,-1],[0,-3],[-7,-4],[-8,-2]],[[9298,9117],[-1,-1]],[[9297,9116],[1,1]],[[9313,9122],[-1,0]],[[9312,9122],[1,0]],[[9313,9122],[-1,0]],[[9312,9122],[-2,0]],[[9310,9122],[3,0]],[[9318,9118],[0,4],[7,5],[3,0],[3,3],[0,1],[5,3],[1,-3],[-12,-8],[-4,0],[-2,-3],[-1,-2]],[[9282,9156],[6,0],[-1,-2],[8,0],[2,2],[4,0],[1,-2],[3,-3],[4,0],[4,3],[1,-1],[7,0],[0,-2],[4,0],[1,2],[6,-1],[2,-1],[6,0],[14,0],[5,-2],[-8,0],[-18,-6],[-1,-2],[-19,-13],[0,0]],[[9313,9128],[-2,-1]],[[9311,9127],[-2,-1],[-5,0],[-1,-2]],[[9303,9124],[-4,0],[-1,-4],[-4,0]],[[9294,9120],[0,3],[-7,-3],[-1,-3],[-6,-1],[0,5],[-6,0],[2,2],[5,0],[2,1],[5,1],[2,2],[1,4],[-2,1],[-1,3],[-3,3],[-5,0],[0,-4],[-4,0],[1,8],[-4,0]],[[9273,9142],[3,1],[2,3],[4,0],[3,1],[0,8],[-3,1]],[[9369,9140],[0,-1]],[[9369,9139],[-1,-1]],[[9368,9138],[0,1]],[[9368,9139],[-1,0]],[[9367,9139],[-1,0]],[[9366,9139],[2,1]],[[9368,9140],[1,0]],[[9353,9142],[-3,1],[-1,3],[5,-1],[-1,-3]],[[9275,9160],[0,-2],[7,-2]],[[9282,9156],[-3,-1],[-5,2],[1,3]],[[9426,9198],[0,-2],[-4,-9],[-3,-5],[-4,0],[1,-3],[-8,-12],[-11,-3],[-2,-1],[-3,4],[0,2],[-5,0],[-2,3],[-3,3],[-4,0],[-2,2],[-5,2],[0,1],[-7,4],[4,2],[-1,1],[-8,0],[-2,5],[2,1],[-3,5],[-2,0],[-5,3],[3,4],[-3,2],[0,2],[-4,2],[1,5],[-2,2],[4,3],[5,0],[2,11],[13,0],[2,4],[3,2],[4,0],[-1,2],[2,3],[8,3],[4,0],[3,2],[-2,1],[-5,1],[-3,3],[1,2],[8,0],[9,-1],[6,-6],[8,-3],[0,-7],[2,-5],[6,-6],[4,-6],[4,-5],[-1,-8],[-2,-4],[-2,-6]],[[9362,9205],[0,-2],[5,-1],[-1,2],[-4,1]],[[9414,9255],[7,-1],[-1,-3],[-8,-1],[-8,6],[-4,1],[-16,0],[-3,0],[-1,2],[7,-1],[16,0],[11,-3]],[[9329,9285],[3,-5],[-2,-1],[-2,4],[1,2]],[[9311,9298],[3,3],[3,1],[4,-4],[0,-10],[3,-5],[-1,-6],[-5,2],[-1,4],[-6,1],[0,2],[-2,1],[-9,0],[0,5],[-3,0],[-3,3],[7,0],[3,5],[0,2]],[[9304,9302],[3,0],[0,-4],[4,0]],[[9322,9301],[2,0],[0,-3],[5,-9],[-5,-1],[0,9],[-2,4]],[[9290,9303],[0,-2],[-5,-1],[-1,2],[1,3],[-4,0],[1,3],[3,0],[5,-5]],[[9291,9345],[7,1],[3,-4],[7,-1],[0,3],[4,-1],[0,-3],[2,-3],[1,-5],[4,-2],[-2,-1],[0,-4],[-2,-3],[2,-2],[0,-3],[4,-5],[2,-5],[-3,-1],[2,-5]],[[9322,9301],[-4,3],[-7,-4],[-1,3],[-3,2],[-2,5],[-5,1],[-5,4],[-1,3],[-6,-1],[-9,0],[-3,3],[8,0],[4,1],[2,2],[0,3],[3,3],[0,3],[2,2],[4,1],[-1,5],[-4,2],[0,2],[-3,1]],[[9395,9429],[3,-1]],[[9398,9428],[-3,1]],[[9407,9449],[-1,-2],[0,-3],[4,0]],[[9410,9444],[2,0]],[[9412,9444],[8,-1],[-6,-3],[-5,0],[-4,-1],[0,-5],[-2,-4],[-5,-2]],[[9398,9428],[0,3],[4,1],[1,4],[1,8],[-1,3],[-6,3],[0,2],[7,1],[3,-4]],[[9413,9445],[-1,-1]],[[9412,9444],[-2,0]],[[9410,9444],[3,1]],[[9392,9538],[-2,-1],[-4,4],[-9,-1],[-4,4],[-4,2],[1,2],[6,-1],[3,1],[5,-5],[3,-2],[4,-2],[1,-1]],[[9352,9581],[1,-2],[-2,-5],[3,-3],[0,-3],[5,-1],[2,-4],[1,-6],[-7,2],[-2,4],[-1,3],[0,5],[-1,3],[-6,-2],[-3,3],[-6,4],[1,1],[3,-1],[3,1],[0,3],[2,0],[7,-2]],[[9352,9581],[2,1],[5,3],[1,1],[5,0],[3,2],[6,-5],[0,-2],[3,-2],[2,-4],[3,-2],[-3,-2],[-2,1],[-6,0],[-5,4],[-2,3],[2,2],[-13,0],[-1,0]],[[9203,2284],[1,-3],[-3,0],[2,3]],[[9188,2787],[8,-5],[-5,-1],[-2,2],[-3,2],[2,2]],[[9186,2804],[-3,0],[-3,4],[1,3],[3,0],[0,-6],[2,-1]],[[9254,5673],[2,-2],[-3,-1],[-8,-1],[-5,4],[5,0],[0,-2],[8,0],[1,2]],[[9324,5711],[0,-2],[-5,1],[0,3],[5,-2]],[[9347,5741],[2,-3],[-3,-3],[-3,2],[-3,-1],[-5,5],[5,2],[7,-2]],[[9309,5749],[-8,-1],[0,2],[9,0],[5,0],[-1,-2],[-5,1]],[[9367,5748],[-2,1],[-9,-1],[-4,-2],[-4,-1],[-11,2],[-6,3],[3,3],[4,-1],[20,0],[9,-2],[0,-2]],[[9311,5754],[5,-2],[-1,-2],[-4,1],[0,3]],[[9373,5760],[-3,2],[3,3],[3,0],[1,-4],[-4,-1]],[[9362,5764],[-3,0],[-1,-3],[-3,0],[-2,4],[5,0],[12,0],[-3,-3],[-3,0],[-2,2]],[[9239,5761],[-4,-1],[-1,3],[-6,2],[1,2],[-4,1],[-1,2],[-5,3],[3,1],[8,-1],[5,1],[3,-3],[6,-1],[6,-3],[4,0],[1,2],[8,5],[8,2],[-2,3],[-5,-1],[-6,0],[1,2],[16,-2],[-1,-3],[6,0],[4,-3],[3,-6],[-2,-2],[-6,0],[-2,-7],[-8,0],[-5,-1],[0,-1],[-5,-3],[-8,1],[-3,-1],[-3,3],[0,2],[-7,0],[1,4]],[[9345,5777],[-6,2],[1,1],[6,-1],[-1,-2]],[[9365,5782],[5,0],[4,-3],[-10,1],[1,2]],[[9302,5781],[-9,1],[-3,2],[9,-1],[3,-2]],[[9263,5784],[-3,3],[7,0],[3,-3],[-7,0]],[[9292,5786],[3,2],[5,0],[1,-2],[-2,-2],[-4,1],[-3,1]],[[9299,5789],[-3,2],[-1,2],[10,-1],[-2,-3],[-4,0]],[[9304,5794],[-9,1],[-3,1],[2,2],[4,-1],[9,0],[0,-2],[-3,-1]],[[9349,5800],[4,-2],[-14,0],[-4,2],[-14,0],[2,2],[9,0],[5,-1],[12,-1]],[[9261,5801],[-3,3],[10,-1],[-5,-2],[-2,0]],[[9351,5806],[-2,-1],[-8,1],[-11,0],[-2,1],[2,3],[5,-1],[15,0],[1,-3]],[[9364,5810],[-24,1],[-6,1],[0,2],[19,-1],[6,-1],[5,-2]],[[9363,5819],[5,-1],[3,-1],[-17,0],[-2,1],[-10,0],[0,3],[12,-1],[3,-1],[6,0]],[[9369,5822],[8,1],[1,-3],[-7,0],[-2,2]],[[9352,5823],[0,-1],[-6,0],[-1,1],[7,0]],[[9371,5830],[-6,0],[-1,1],[7,-1]],[[9324,5832],[8,1],[0,-2],[-11,-1],[3,2]],[[9366,5834],[0,3],[10,0],[3,-2],[-2,-2],[-11,1]],[[9302,5836],[-2,3],[11,0],[2,-2],[-3,-2],[-6,0],[-2,1]],[[9352,5836],[0,2],[7,0],[0,-2],[-7,0]],[[9314,5839],[-8,0],[-4,1],[-7,0],[-11,0],[5,2],[22,0],[3,-3]],[[9288,5844],[4,2],[10,-2],[-2,-2],[-12,2]],[[9323,5849],[-2,-2],[-8,1],[-3,1],[2,2],[10,0],[1,-2]],[[9263,5851],[-10,0],[-3,2],[1,2],[11,0],[3,-3],[-2,-1]],[[9326,5852],[-4,0],[-3,1],[0,2],[9,0],[5,-1],[1,-3],[-8,1]],[[9299,5855],[-5,0],[-3,1],[-1,3],[6,-1],[4,-1],[-1,-2]],[[9316,5860],[9,0],[0,-2],[-6,-1],[-3,3]],[[9282,5861],[0,2],[8,0],[3,-1],[6,-1],[2,-2],[-8,1],[-11,0],[0,1]],[[9321,5863],[0,1],[13,0],[1,-2],[-11,0],[-3,1]],[[9292,5864],[3,2],[10,0],[-1,-3],[-3,-1],[-8,1],[-1,1]],[[9358,5869],[8,0],[11,0],[4,-1],[5,0],[6,-2],[4,-2],[-19,0],[-14,0],[-7,3],[-4,-1],[-5,2],[-8,1],[0,2],[9,0],[3,-1],[4,0],[3,-1]],[[9302,5872],[2,1],[5,0],[-2,-3],[-4,0],[-1,2]],[[9383,5872],[3,0],[1,-2],[-5,1],[1,1]],[[9339,5874],[9,1],[12,0],[7,-2],[-1,-3],[-8,1],[-9,1],[-7,0],[-3,2]],[[9313,5876],[-2,-2],[-9,1],[-4,0],[-3,4],[6,-1],[14,0],[-2,-2]],[[9311,5879],[-1,3],[3,1],[5,-2],[-3,-2],[-4,0]],[[9347,5887],[3,-4],[-1,-4],[-6,-1],[-5,4],[-3,1],[-3,2],[-5,-1],[0,-1],[-10,0],[-4,3],[-9,3],[1,2],[24,-2],[17,0],[1,-2]],[[9372,5888],[-1,0]],[[9371,5888],[1,0]],[[9331,5892],[-8,-1],[-16,1],[-2,1],[3,6],[11,-1],[1,-1],[11,-1],[2,-2],[-2,-2]],[[9305,5904],[-9,0],[0,1],[9,0],[0,-1]],[[9350,5903],[3,3],[7,0],[0,-2],[-10,-1]],[[9372,5903],[0,3],[4,0],[8,-1],[-2,-2],[-10,0]],[[9300,5913],[-4,-2],[-8,0],[-4,3],[-2,0],[-1,4],[21,-1],[5,0],[0,-2],[-7,0],[0,-2]],[[9300,5923],[-4,0],[-1,-2],[-5,0],[-3,1],[-8,0],[-2,3],[3,1],[16,-1],[4,-2]],[[9280,5928],[-3,1],[1,2],[4,0],[6,-2],[0,-2],[-8,1]],[[9323,5931],[-1,3],[5,0],[0,-4],[-4,1]],[[9279,5937],[4,0],[0,-3],[-9,0],[-6,1],[0,2],[4,1],[7,-1]],[[9371,5935],[2,3],[2,1],[2,-3],[-3,-3],[-3,2]],[[9280,5996],[-5,-3],[-5,1],[0,3],[10,-1]],[[9359,6007],[-3,1],[1,6],[3,0],[1,-6],[-2,-1]],[[9350,6013],[1,3],[5,0],[-1,-3],[-5,0]],[[9357,6020],[-4,5],[6,0],[2,-3],[-4,-2]],[[9364,6034],[3,-2],[7,-1],[1,-1],[-6,-5],[-10,0],[-8,1],[-1,4],[1,7],[8,0],[1,1],[-3,3],[-3,1],[0,3],[10,0],[0,-11]],[[9360,6057],[-3,-1],[-6,0],[-3,1],[-1,4],[3,1],[7,0],[7,-1],[-1,-4],[-3,0]],[[9356,6075],[4,-2],[0,-2],[-3,-1],[-1,-3],[8,2],[0,1],[6,2],[2,-4],[7,1],[1,-3],[-9,0],[-1,-2],[-3,-2],[-4,1],[-10,0],[-2,4],[1,7],[4,1]],[[9330,6071],[4,0],[-1,-3],[-6,0],[3,3]],[[9330,6075],[8,0],[-1,-2],[-7,0],[0,2]],[[9382,6090],[-8,-6],[-8,0],[-4,3],[3,2],[-1,4],[6,0],[11,0],[1,-3]],[[9363,6098],[1,0],[12,0],[5,-1],[-1,-2],[-5,0],[-11,1],[-1,2]],[[9350,6106],[0,2],[11,-1],[-1,-2],[-10,1]],[[9392,6165],[5,-5],[1,-2],[-7,1],[-2,4],[3,2]],[[9370,6164],[-2,1],[1,7],[9,-1],[6,-1],[-1,-2],[-6,0],[-1,-4],[-6,0]],[[9387,6248],[-3,-3],[-6,0],[0,3],[9,0]],[[9323,6285],[-2,-2],[-4,2],[0,1],[5,0],[1,-1]],[[9337,6288],[-2,1],[1,3],[4,0],[1,-1],[-4,-3]],[[9313,6299],[-5,0],[0,1],[5,1],[0,-2]],[[9323,6303],[-6,0],[-1,3],[6,0],[5,-2],[-4,-1]],[[9325,6309],[3,0],[5,0],[0,-2],[-8,2]],[[9389,6308],[4,2],[2,-2],[-4,-1],[-2,1]],[[9341,6312],[-5,0],[0,2],[11,0],[0,-2],[-6,0]],[[9376,6322],[17,0],[0,-2],[-8,0],[-1,-1],[-9,0],[1,3]],[[9397,6328],[-2,-2],[-4,0],[-8,-2],[-10,1],[-2,2],[6,3],[9,0],[2,-2],[7,1],[2,-1]],[[9349,6341],[-4,0],[2,2],[5,0],[-3,-2]],[[9374,6344],[0,2],[9,-1],[-2,-3],[-8,0],[1,2]],[[9353,6575],[5,-1],[-4,-2],[-1,3]],[[9327,6581],[-3,4],[1,3],[5,0],[2,-4],[-2,-3],[-3,0]],[[9291,6593],[7,0],[0,-1],[-7,1]],[[9289,6595],[-3,0],[1,3],[4,1],[1,-2],[-3,-2]],[[9406,6600],[2,-1],[-11,0],[-6,-3],[-2,1],[0,3],[4,0],[10,0],[3,0]],[[9406,6671],[2,1],[5,-1],[-1,-3],[-4,1],[-2,2]],[[9350,7253],[-1,-1],[-9,0]],[[9340,7252],[0,-2],[-5,0],[-4,1],[-2,-1],[-3,2],[-6,-1],[-5,-1],[0,-3],[-6,-1],[-4,-2],[-2,3],[0,3],[-4,4],[1,2],[5,-1],[1,-2],[10,-1],[3,1],[7,0],[8,1],[12,0],[4,-1]],[[9433,7263],[-2,-3],[-4,0],[-10,3],[0,-4],[-3,-2],[-9,2],[-4,-3],[-8,1],[-1,-2],[-9,-3],[-3,-1],[-2,-4],[-4,0],[-2,1],[-4,0],[-4,3],[-6,2],[-8,0]],[[9350,7253],[-1,2],[6,0],[3,-2],[5,0],[6,-4],[1,1],[7,-2],[1,2],[5,4],[5,0],[7,5],[4,0],[3,1],[10,0],[0,3],[3,2],[3,0],[4,3],[-1,5],[-4,1],[-1,4],[-2,1],[4,6],[6,0],[1,2],[-5,1],[7,4],[1,1],[6,0],[11,6],[4,5],[4,3],[7,2],[-6,-5],[-4,-2],[-1,-3],[-4,0],[0,-4],[-6,-3],[-1,-2],[-6,-1],[0,-1],[-5,-1],[0,-3],[-7,0],[-5,-5],[2,0],[2,-5],[6,-4],[0,-3],[2,-1],[1,-4],[5,1]],[[9362,7297],[1,1],[6,0],[-2,-3],[-5,0],[0,2]],[[9394,7344],[-4,0],[-2,2],[5,0],[1,-2]],[[9436,7351],[-2,2],[5,0],[2,-1],[1,-3],[-5,0],[-1,2]],[[9391,7360],[4,-1],[-1,-9],[-4,0],[-3,2],[2,4],[2,1],[0,3]],[[9366,7383],[-2,-3],[-9,2],[-1,2],[-4,2],[3,2],[4,-1],[2,-3],[7,-1]],[[9426,7446],[0,3],[7,0],[-2,-2],[-5,-1]],[[9434,7454],[-5,1],[-6,5],[0,3],[5,0],[2,-2],[5,-1],[-1,-6]],[[9412,7470],[2,2],[6,1],[1,-2],[-2,-2],[-7,1]],[[9431,7498],[-6,-2],[2,7],[4,2],[3,-2],[1,-4],[-4,-1]],[[9439,7594],[-4,1]],[[9435,7595],[4,-1]],[[9352,7613],[3,-1]],[[9355,7612],[-3,1]],[[9368,7700],[2,0],[-1,-6],[-2,1],[1,5]],[[9462,8224],[6,0],[5,-2],[1,-4]],[[9474,8218],[-3,4],[-9,2]],[[9426,9120],[0,3]],[[9426,9123],[1,0]],[[9427,9123],[-1,-3]],[[9526,9202],[-1,0]],[[9525,9202],[1,0]],[[9545,9220],[-2,4],[-8,0],[-5,-1],[0,-5],[1,-4],[4,-4],[-4,-2]],[[9531,9208],[-1,-1]],[[9530,9207],[-3,1],[-1,-3],[0,-3]],[[9526,9202],[-1,0]],[[9525,9202],[-2,-3],[-3,-1],[0,-5],[4,0],[3,2],[5,1],[5,0],[-1,6],[3,0],[1,5],[4,0],[6,-7],[-2,-6],[2,-2],[-2,-5],[3,-1],[0,-8],[2,-3],[4,1]],[[9557,9176],[2,-9],[7,-3],[1,-4],[7,0],[-3,-3],[0,-3],[3,0],[-1,-7],[2,-2],[5,0],[1,3],[7,-4],[-6,-1],[-3,1],[-10,-1],[4,-5],[-4,1],[1,-4],[-1,-5],[5,0],[-2,-3],[6,-1],[-4,-3],[2,-1],[0,-3],[-3,-1],[-3,2],[-6,0],[0,2],[5,1]],[[9569,9123],[-6,1],[-9,3],[1,3],[0,5],[2,1],[0,5],[-3,0],[0,3],[-3,3],[-2,-3],[-3,0],[-2,-5],[-5,-1],[1,-2],[6,-1],[7,-6],[-3,-1],[0,3],[-5,0],[-5,4],[-6,-1],[-3,1],[-5,-2],[-1,-3],[-8,0],[-1,-6],[-3,0],[-4,6],[-3,2],[-4,0],[3,3],[-2,2],[1,4],[1,9],[-4,5],[0,13],[12,1],[1,-3],[3,-4],[3,0],[2,-6],[2,-2],[8,-2],[2,-2],[9,2],[3,7],[-6,2],[-9,0],[0,2],[5,1],[3,2],[1,3],[-3,4],[-8,7],[-3,3],[0,3]],[[9526,9186],[-8,-2],[-4,3],[1,2],[-7,0],[-1,2],[-5,1],[-6,3],[-9,2],[6,-4],[1,-7],[0,-2],[-5,0],[-4,3],[-4,0],[-4,3],[-8,0],[-7,0],[-1,1],[-4,0],[-2,-2],[-8,-3],[-2,-1],[-4,-1],[6,8],[2,6],[1,8],[2,4],[1,6],[-1,6],[1,14],[1,0],[1,5],[0,7],[0,7],[-2,6],[-4,5],[-1,2],[-5,4],[-4,2],[5,1],[2,5],[4,-3],[-2,-3],[6,0],[3,-5],[5,-4],[1,-6],[4,-1],[12,0],[0,2],[4,0],[3,4],[0,-6],[4,-1],[3,-3],[2,0],[4,-3],[6,0],[6,1],[3,2],[0,6],[-2,0],[-5,6],[0,2],[-5,3],[-5,1],[-7,6],[-5,1],[-3,3],[0,2],[-10,8],[-3,4],[6,-2],[6,-3],[12,-8],[13,-13],[9,-7],[6,-9],[4,-1],[0,-3],[5,-2],[-1,-3],[3,-4],[10,-5],[3,-4],[4,0],[1,-3],[-1,-3],[-1,-4],[2,-3],[0,-6],[0,-8],[-3,2],[1,2],[-4,2],[-1,4],[2,0],[0,5]],[[9507,9235],[4,-3],[10,0],[-5,4],[-2,3],[-8,0],[1,-4]],[[9534,9226],[5,-1],[-1,3],[2,2],[-4,6],[-7,0],[2,-3],[-2,-3],[1,-5],[4,1]],[[9526,9209],[0,3],[-4,-1],[4,-2]],[[9553,9156],[-1,3],[-4,-3],[2,-2],[3,2]],[[9565,9142],[-1,4],[-2,-1],[3,-3]],[[9428,9260],[-4,-3],[-2,-3],[-6,4],[-1,3],[4,1],[9,-2]],[[9425,9265],[4,1],[1,-3],[-4,0],[-1,2]],[[9406,9286],[1,3],[3,-1],[10,-2],[0,2],[8,0],[-2,-3],[-2,-4],[-2,0],[-4,1],[-4,1],[-3,2],[-5,1]],[[9444,9293],[4,1],[-1,-3],[-3,0],[0,2]],[[9487,9296],[2,3],[4,-3],[-3,-3],[-3,3]],[[9454,9317],[2,0],[5,4],[1,-4],[5,1],[2,2],[2,5],[3,1],[1,2],[6,0],[5,1],[2,-1],[12,-1],[1,-3],[-3,-1],[-2,-5],[0,-12],[2,-4],[-7,1],[-12,6],[0,1],[-7,3],[-4,1],[-3,2],[-11,1]],[[9432,9312],[-2,-2],[-8,1],[-1,3],[-1,8],[3,3],[1,5],[2,0],[-1,-6],[2,-5],[7,-6],[-2,-1]],[[9454,9317],[0,3],[-4,4],[0,3],[2,0],[2,-2],[6,0],[0,-3],[-3,-1],[0,-2],[-3,-2]],[[9454,9342],[-2,2],[1,4],[4,-1],[0,-3],[-3,-2]],[[9482,9338],[-8,4],[-2,3],[3,2],[8,-7],[-1,-2]],[[9413,9363],[6,-1],[-2,-2],[1,-4],[3,2],[5,-1],[6,1],[-1,-4],[-3,-2],[-4,-3],[-3,-4],[0,-4],[1,-6],[2,-2],[-2,-2],[-4,1],[0,9],[-6,4],[-4,1],[1,4],[-3,0],[2,7],[-2,4],[-5,1],[1,3],[1,2],[5,-2],[2,-2],[3,0]],[[9458,9369],[9,-1],[4,-3],[0,-12],[-2,4],[-3,1],[0,4],[-2,4],[-6,3]],[[9454,9359],[1,5],[-4,3],[2,2],[5,0]],[[9458,9369],[0,-2],[-2,-3],[3,-1],[-3,-4],[-2,0]],[[9429,9371],[5,1],[-1,-3],[-4,2]],[[9428,9451],[1,0]],[[9429,9451],[4,1],[4,-2],[9,0],[6,1],[8,0],[-1,-5],[-10,-14],[0,-2],[-3,-4],[0,-2],[-4,-5],[-1,-6],[2,-4],[2,-2],[0,-2],[-1,-8],[1,-3],[-2,-1],[-5,-6],[-3,-2],[1,-7]],[[9436,9378],[-8,3],[0,2],[-3,4],[4,1],[3,0],[4,1],[6,4],[0,4],[-3,-1],[-11,-1],[0,-2],[-5,-3],[-9,0],[0,-2],[-5,1],[-3,4],[-3,-1]],[[9403,9392],[2,3],[3,-2],[3,1],[2,4],[9,1],[2,4],[-2,4],[3,2],[2,-4],[4,0],[3,3],[-2,3],[-1,4],[-5,0],[-2,8],[4,3],[6,-5],[2,0],[1,8],[5,2],[-1,4],[-3,2],[-5,-1],[-2,3],[-4,-1],[-1,-5],[-4,5],[1,4],[7,1],[3,-2],[3,0],[-5,5],[-3,0],[0,5]],[[9413,9445],[1,3],[6,1],[-5,8],[0,2],[-2,4],[-1,6],[5,2],[1,-3],[4,0],[1,2],[4,3],[-1,-6],[4,-3],[3,-1],[7,2],[5,1],[3,3],[3,-1],[4,-3],[1,2],[-1,2],[-3,1],[-3,2],[7,0],[4,-3],[4,0],[2,-2],[4,1],[8,-1],[2,1],[5,-1],[5,1],[2,-2],[-8,-1],[-2,0],[-8,0],[-8,-2],[-5,-2],[-2,-3],[-4,0],[-6,-2],[-2,-2],[-5,-2],[-9,0],[-1,3]],[[9432,9455],[-3,-4]],[[9429,9451],[-1,0]],[[9428,9451],[-2,-4],[2,-4],[-5,1],[-5,2],[-5,-1]],[[9434,9457],[-2,-2]],[[9432,9455],[2,2]],[[9463,9511],[-2,1],[-5,-4],[1,10]],[[9457,9518],[2,0]],[[9459,9518],[4,0],[8,4],[1,-3],[7,-2],[0,-4],[3,-3],[5,-2],[2,-1],[0,-4],[-3,-5],[-2,-4],[0,-7],[1,-5],[3,-3],[-3,-4],[-3,0],[-2,4],[1,2],[-1,5],[-4,5],[0,4],[-6,2],[-3,6],[-3,1],[-3,6],[2,1]],[[9494,9512],[-3,1],[0,3],[5,0],[2,-3],[-4,-1]],[[9459,9518],[-2,0]],[[9457,9518],[-3,0],[1,2],[3,1],[1,-3]],[[9505,9519],[1,2],[3,1],[1,-4],[-5,1]],[[9225,1424],[-4,-1]],[[9221,1423],[4,1]],[[9230,1425],[-5,-1]],[[9225,1424],[5,1]],[[9347,3169],[-8,2],[3,2],[5,-4]],[[9416,5218],[-4,0],[-1,-2]],[[9411,5216],[-1,2],[3,1],[-7,3],[-1,3],[6,0],[2,-2],[9,0],[6,2],[4,2],[3,-2],[-5,-1],[-4,-3],[0,-2],[-8,-1],[2,-3],[3,0],[-3,-4],[2,-2],[-3,-2],[-4,-1],[-4,4],[8,-1],[-3,3],[0,6]],[[9432,5673],[-2,3],[7,0],[1,-4],[-6,1]],[[9427,5713],[-3,-2],[-3,2],[-7,-1],[1,4],[3,2],[6,0],[0,-4],[3,-1]],[[9381,5718],[-2,3],[10,0],[0,-2],[-5,0],[-3,-1]],[[9429,5720],[7,1],[4,-3],[-10,1],[-1,1]],[[9388,5725],[-5,-1],[-1,4],[7,0],[-1,-3]],[[9383,5739],[9,-1],[-3,-2],[-5,1],[-1,2]],[[9383,5743],[-5,0],[0,3],[10,0],[-2,-3],[-3,0]],[[9418,5758],[-5,0],[0,3],[1,2],[6,0],[6,-1],[0,-4],[-3,-1],[-5,1]],[[9411,5778],[8,-1],[10,-2],[0,-2],[-5,-1],[-1,1],[-5,0],[-2,-3],[-3,0],[-2,4],[0,4]],[[9409,5788],[5,0],[2,-3],[-6,1],[-1,2]],[[9409,5788],[-2,-2],[-5,0],[-7,1],[0,2],[11,0],[3,-1]],[[9411,5794],[-4,1],[-7,1],[-1,2],[5,0],[10,-3],[-3,-1]],[[9389,5853],[3,2],[5,0],[1,-2],[-9,0]],[[9391,5860],[7,0],[-1,-3],[-5,0],[-1,3]],[[9478,5864],[6,-1],[-6,-3],[0,4]],[[9457,5866],[4,0],[5,-3],[-7,1],[-2,2]],[[9425,5902],[-4,0],[-2,2],[3,2],[16,0],[0,-2],[-8,0],[-5,-2]],[[9404,5910],[-8,0],[0,1],[8,0],[0,-1]],[[9385,5912],[3,1],[5,0],[0,-3],[-8,2]],[[9423,5913],[7,-1],[-3,-2],[-5,0],[1,3]],[[9482,5914],[-2,-1],[-10,0],[-1,2],[13,0],[0,-1]],[[9466,5917],[0,2],[7,0],[10,-1],[0,0],[-16,0],[-1,-1]],[[9398,5923],[-5,-1],[0,3],[5,-1],[0,-1]],[[9431,5938],[-12,0],[-8,0],[3,3],[14,1],[3,3],[6,-1],[1,-2],[9,-1],[-2,-3],[-14,0]],[[9463,5947],[-5,0],[-1,2],[6,0],[0,-2]],[[9471,5956],[-8,0],[1,2],[6,1],[12,0],[-2,-2],[-9,-1]],[[9429,5961],[4,0],[-2,-3],[-3,1],[1,2]],[[9440,5974],[-4,-1],[0,3],[4,-2]],[[9434,6041],[-3,1],[2,3],[7,0],[3,-1],[-2,-3],[-3,-1],[-4,1]],[[9471,6051],[7,1],[-2,-2],[-5,-1],[0,2]],[[9409,6089],[-15,0],[3,3],[7,0],[1,1],[5,-1],[4,0],[3,-1],[-2,-3],[-6,1]],[[9478,6089],[-7,-1],[-1,2],[-5,0],[0,4],[5,-2],[5,0],[3,-1],[0,-2]],[[9459,6099],[-6,3],[7,-1],[2,3],[8,0],[0,-2],[-4,0],[-2,-3],[-5,0]],[[9482,6105],[-3,-2],[-5,0],[-2,2],[5,1],[5,-1]],[[9488,6139],[3,-2],[-8,1],[0,1],[5,0]],[[9428,6172],[-1,3],[7,0],[-2,-4],[-4,1]],[[9478,6174],[-3,1],[3,4],[4,0],[2,-1],[-6,-4]],[[9435,6179],[-6,0],[2,3],[4,3],[3,-1],[0,-4],[-3,-1]],[[9480,6181],[-6,-1],[1,3],[-1,6],[6,1],[1,-2],[-1,-7]],[[9479,6220],[4,2],[1,-3],[-5,-2],[0,3]],[[9493,6214],[0,5],[-4,1],[-5,3],[-4,1],[3,2],[10,-2],[7,0],[-3,-2],[-4,-8]],[[9440,6237],[-4,0],[-8,0],[1,3],[11,-3]],[[9435,6244],[5,2],[6,-1],[1,-2],[-11,0],[-1,1]],[[9489,6247],[-2,2],[3,2],[8,0],[-3,-2],[0,-2],[-6,0]],[[9426,6253],[9,-1],[1,-1],[-10,0],[0,2]],[[9487,6253],[-6,0],[-11,0],[-4,1],[20,0],[1,-1]],[[9434,6262],[1,2],[-7,0],[3,3],[16,0],[-2,-7],[-10,0],[-1,2]],[[9442,6271],[6,1],[8,0],[0,-2],[-4,0],[-10,1]],[[9453,6274],[-3,-1],[-5,2],[15,0],[-1,-1],[-6,0]],[[9453,6291],[6,1],[-1,-2],[-5,1]],[[9422,6297],[5,0],[2,-3],[-6,0],[-1,3]],[[9436,6296],[-3,0],[0,3],[3,1],[8,-1],[1,-2],[-9,-1]],[[9417,6305],[-3,0],[1,3],[11,0],[3,-2],[-7,0],[-5,-1]],[[9454,6314],[2,-3],[-5,-1],[-1,3],[4,1]],[[9465,6458],[-7,5],[9,-1],[3,-3],[-5,-1]],[[9451,6470],[-4,-1],[-1,2],[5,-1]],[[9459,7119],[-3,-1],[-2,2],[0,4],[5,1],[4,-2],[-4,-4]],[[9472,7262],[1,-3],[-3,0],[2,3]],[[9460,7262],[3,2],[4,-5],[-6,0],[-1,3]],[[9454,7284],[1,0]],[[9455,7284],[-2,0]],[[9453,7284],[1,0]],[[9453,7284],[-2,0]],[[9451,7284],[2,3],[6,1],[0,-2],[4,0]],[[9463,7286],[-3,0],[-2,-3],[-3,1]],[[9455,7284],[-1,0]],[[9454,7284],[-1,0]],[[9467,7303],[1,-2],[-4,-1],[0,3],[3,0]],[[9472,7326],[-4,-3]],[[9468,7323],[4,0],[6,-2],[-5,-4],[-1,-2],[-6,0],[-4,-5],[0,4],[4,3]],[[9466,7317],[-3,0],[-4,4],[0,3],[6,4],[2,2],[6,-2],[-1,-2]],[[9468,7323],[-2,2],[-4,0],[-1,-2],[7,0]],[[9512,7342],[0,-3],[-3,-1],[-1,-4],[-4,0],[-5,-3],[-1,2],[1,4],[4,1],[3,4],[2,0],[3,2],[5,2],[-1,-5],[-3,1]],[[9541,7339],[-6,0],[2,3],[5,-1],[-1,-2]],[[9548,7370],[-2,2]],[[9546,7372],[-3,1],[-1,2],[-5,0],[0,3],[4,3],[4,1],[3,-4],[0,-3],[3,-2],[-1,-3],[-2,0]],[[9505,7421],[0,3],[-4,1],[5,2],[2,2],[2,-3],[0,-3],[-2,-3],[-3,1]],[[9517,7445],[-7,3],[1,2],[3,2],[9,0],[0,-6],[-1,-2],[-3,0],[1,-3],[-4,0],[1,4]],[[9461,7453],[-8,0],[-1,4],[5,0],[4,-4]],[[9515,7485],[0,3]],[[9515,7488],[0,-3]],[[9501,7503],[2,1],[3,-1],[0,-2],[-5,-1],[0,3]],[[9484,7505],[1,2],[4,-1],[-1,-2],[-4,1]],[[9503,7515],[2,0],[2,-2],[-2,-1],[-3,0],[1,3]],[[9490,7518],[-2,-1],[-3,5],[5,2],[4,0],[1,-4],[-4,0],[-1,-2]],[[9503,7532],[-3,0],[0,3],[2,3],[4,0],[0,-3],[-3,-3]],[[9500,7573],[6,-4],[2,-3],[-3,-1],[0,4],[-5,3],[0,1]],[[9500,7573],[-7,4],[-7,1],[-3,2],[-8,1],[-3,2],[-3,0],[-5,4],[5,0],[-1,-2],[5,-1],[3,-2],[7,-1],[3,-2],[6,0],[7,-4],[1,-2]],[[9538,7708],[1,3],[0,4],[8,4],[5,0],[3,-1],[3,-3],[-2,-3],[-10,0],[-3,-2],[-5,-2]],[[9495,7940],[0,7],[1,0],[-1,-7]],[[9553,8110],[-2,-2]],[[9551,8108],[2,2]],[[9551,8167],[1,6]],[[9552,8173],[1,-4],[-2,-2]],[[9545,8188],[-3,2]],[[9542,8190],[3,-2]],[[9592,8540],[-6,-1],[-11,0],[-6,2],[0,6],[-1,5],[4,-2],[-1,-9],[5,-1],[11,1],[5,-1]],[[9531,8570],[3,-3],[3,-2],[1,-3],[-8,7],[1,1]],[[9606,8910],[2,1]],[[9608,8911],[-2,-4],[-9,-8],[-4,0],[-2,-3],[-3,0],[1,4],[3,2],[1,4],[6,3],[1,3],[-11,0],[5,4],[6,1],[6,4],[3,0],[3,-4],[-3,0],[-3,-3],[0,-4]],[[9605,9115],[4,-4],[5,-2],[6,-1],[-1,-2],[-6,0],[-5,2],[-4,0],[-2,3],[-4,0],[0,8],[4,-1],[3,-3]],[[9517,9124],[5,1],[3,-1],[6,0],[0,3],[3,1],[6,-1],[2,-5],[-4,2],[-1,-7],[0,-2],[4,0],[1,-2],[-3,-3],[0,-2],[-6,-3],[-2,2],[1,7],[-2,4],[-3,1],[0,2],[-5,2],[-5,1]],[[9542,9119],[1,-3],[-3,0],[-1,4],[3,-1]],[[9598,9125],[-8,0],[-4,2],[1,1],[5,-1],[4,0],[2,-2]],[[9587,9160],[-4,-1]],[[9583,9159],[4,1]],[[9603,9162],[-9,0],[-5,-4],[4,-2],[0,-3],[-5,-3],[-7,-1],[-5,3],[-1,2],[1,3],[4,-2],[7,-2],[2,2],[-2,5]],[[9587,9160],[3,3],[0,4],[5,2],[4,-5],[4,-2]],[[9580,9175],[2,-6]],[[9582,9169],[-3,3],[1,3]],[[9564,9187],[0,-5],[2,1]],[[9566,9183],[-1,-3],[3,-4],[5,-5]],[[9573,9171],[3,0],[3,-2],[3,0]],[[9582,9169],[2,-6],[-1,-4]],[[9583,9159],[-4,1],[-2,5],[-7,2],[-4,6],[-4,1],[-2,4],[4,9]],[[9580,9175],[-3,2],[-6,1],[4,2],[4,-1],[1,-4]],[[9557,9176],[-3,4],[1,6],[3,0],[-2,-3],[0,-4],[1,-3]],[[9600,9190],[5,1],[2,3],[0,-9],[-5,0],[0,3],[-2,2]],[[9598,9190],[2,0]],[[9600,9190],[-2,0]],[[9530,9207],[1,1]],[[9531,9208],[2,0]],[[9533,9208],[1,0]],[[9534,9208],[0,-3],[-3,-1]],[[9531,9204],[-1,3]],[[9534,9208],[-1,0]],[[9533,9208],[1,0]],[[9560,9228],[0,-3]],[[9560,9225],[0,3]],[[9560,9228],[1,4]],[[9561,9232],[1,-3],[-2,-1]],[[9661,9459],[-3,0],[-10,0],[-2,1],[1,6],[7,0],[3,-3],[3,0],[3,3],[-1,9],[3,4],[3,1]],[[9668,9480],[1,2]],[[9669,9482],[3,1],[2,-1],[-1,-5],[-1,-10],[-1,0],[0,-8],[4,0],[2,-2],[5,-1],[2,-1],[4,0],[2,-2],[7,0],[0,-4],[4,-2],[-1,-4],[2,-1],[-1,-14],[-1,-4],[5,-1],[2,2],[7,-2],[0,-3],[-3,-2],[0,-4],[5,0],[1,-2],[-1,-2],[1,-3],[2,0],[0,-5],[-4,1],[-2,1],[-3,0],[-1,-5],[-2,-4],[3,0],[1,-4],[5,-2],[4,2],[3,-2],[-2,-6],[4,1],[1,-3],[-7,-2],[-3,0],[0,-4],[7,0],[1,-4],[-2,-1],[-1,-4],[1,-6],[4,-1],[1,-2],[-5,0],[-1,-2],[-7,-1],[-5,1],[-4,-3],[-3,-1],[-2,2],[-4,3],[-2,6],[1,4],[-2,1],[0,3],[-3,5],[-8,0],[-1,3],[-5,2],[-4,3],[-2,-10],[3,-1],[0,-5],[-4,-4],[1,-5],[3,-3],[-12,1],[1,-4],[-8,0],[-4,1],[-4,5],[-7,0],[-2,3],[-7,1],[-2,-2],[-5,0],[0,-4],[-2,-1],[4,-3],[-1,-2],[-4,-4],[0,-4],[3,-3],[1,-5],[-4,0],[-3,-4],[-4,-2],[0,6],[-2,3],[-4,0],[-1,3],[-4,-1],[-6,-4],[-2,4],[-4,3],[1,5],[2,0],[-2,6],[-5,-1],[0,-7],[-2,-2],[-3,0],[0,4],[-6,5],[-3,1],[1,5],[-3,-2],[-5,0],[5,4],[2,3],[0,3],[-9,0],[-2,3],[0,4],[-4,0],[-9,4],[-3,-4],[-3,1],[0,3],[-3,5],[-4,-2],[-4,0],[-3,2],[-5,0],[-1,-3],[4,-1],[0,-2],[2,-2],[-1,-7],[-2,-1],[-4,2],[-3,-2],[1,-4],[-1,-9],[-7,-6],[-2,1],[-6,0],[-4,-2],[1,-2],[11,0],[-2,-7],[2,-2],[3,5],[11,-1],[0,-3],[2,-2],[-3,-1],[0,-2],[3,-2],[-3,-2],[1,-3],[3,0],[0,-3],[4,-1],[4,-3],[3,1],[0,7],[2,7],[3,0],[-1,-5],[0,-5],[7,-1],[0,-2],[-3,-2],[6,-2],[3,-2],[1,-4],[4,1],[0,-4],[6,-2],[1,-4],[0,-3]],[[9568,9297],[5,-1],[1,-5],[-2,-3],[2,-1],[0,-4],[-4,1],[-4,-2],[0,-3],[2,-3],[-2,-6],[-1,-1],[0,-4],[-2,-3],[-4,-5],[6,1],[3,-2],[2,-3],[-3,-1],[4,-6],[-1,-5],[0,-4],[7,0],[2,3],[1,4],[5,-1],[1,-1]],[[9586,9242],[4,-4],[-1,-3],[-1,-8],[-3,-3],[0,-5],[5,1],[2,-5],[-1,-6],[2,-2],[0,-3],[2,-1],[-1,-3],[4,-2],[3,0],[2,-5],[-5,0],[0,-3]],[[9598,9190],[1,-5],[1,-4],[-6,0],[-1,3],[-3,1],[0,6],[-2,1],[-8,1],[-3,-1],[-1,-3],[-3,1],[-5,0],[2,-5],[2,-2],[-2,-2],[-4,2]],[[9566,9183],[-2,4]],[[9564,9187],[0,9],[3,3],[-3,2],[0,3],[-3,2],[0,6],[-2,6],[3,2],[0,6],[0,3],[-1,3]],[[9561,9232],[0,5],[2,3],[-5,8],[-7,10],[-6,5],[-5,3],[0,2],[7,0],[0,2],[4,4],[-5,2],[1,5],[-3,3],[-5,2],[-4,-2],[-6,0],[-3,-3],[0,-6],[4,-3]],[[9530,9272],[-4,1],[-3,3],[-4,7],[-5,7],[-2,5],[0,8],[2,1],[0,7],[9,-3],[1,2],[-4,0],[-7,4],[-1,6],[0,4],[4,-1]],[[9516,9323],[-5,7],[-1,5],[-12,9],[-2,1],[0,8],[5,9],[3,4],[6,9],[4,6],[2,6],[4,5],[9,1],[6,2],[1,2],[4,2],[5,-1],[6,4],[4,-1],[8,-7],[3,-1],[1,-3],[8,-11],[2,-7],[3,0],[7,-4],[1,-3],[-3,-2],[1,-3]],[[9586,9360],[5,5],[7,1],[3,-6],[1,-1],[0,-8],[4,0],[1,8],[5,-3],[2,-2],[0,-7],[3,-3],[-1,-3]],[[9616,9341],[2,0],[-2,5],[0,8],[-2,3],[-6,4],[-2,3],[-2,3],[-2,2],[-2,7],[-2,9],[0,7],[3,2],[3,-1],[7,-3],[9,-7],[0,-1],[5,-6],[5,-1],[-6,8],[-8,8],[-4,3],[-8,3],[-5,3],[-6,4],[-1,2],[0,7],[4,3],[-1,5],[1,15],[3,5],[-3,1],[1,2],[4,0],[5,-6],[7,-5],[3,-6],[8,-8],[5,-3],[3,-1],[5,-4],[1,-5],[5,-8],[5,-4],[8,-6],[1,1],[8,0],[2,-1],[11,0],[0,1],[-5,0],[-7,2],[-8,1],[-2,5],[-9,5],[-5,14],[-3,1],[-2,2],[-1,5],[-1,5],[-1,3],[1,1],[-2,5],[-2,3],[-5,5],[0,2],[6,0],[4,-2],[12,-15],[9,-8],[8,-9],[6,-5],[16,-8],[0,-4],[1,-3],[3,-2],[0,-5],[3,-4],[2,2],[1,7],[-5,8],[3,4]],[[9695,9404],[-2,-2],[-5,3],[-10,5],[-8,8],[-3,4],[0,4],[5,5],[-6,9],[10,-1],[4,1],[2,1]],[[9682,9441],[-2,-1],[-10,1],[-10,4],[-5,6],[-6,5],[0,2],[12,1]],[[9568,9297],[-1,1],[-5,0],[-1,-4],[3,0],[4,3]],[[9693,9422],[0,-2],[6,0],[-1,2],[-5,0]],[[9687,9413],[3,3],[3,-1],[0,3],[-4,3],[-2,-5],[0,-3]],[[9639,9384],[5,-1],[1,4],[-5,1],[-3,-1],[2,-3]],[[9563,9383],[-4,-1],[0,-4],[3,-1],[2,2],[-1,4]],[[9614,9338],[-1,-1]],[[9613,9337],[1,1]],[[9587,9199],[0,4],[-6,0],[6,-4]],[[9577,9413],[0,-7],[3,-6],[5,-8],[2,-3],[2,-5],[3,-10],[5,-4],[0,-3],[-7,-1],[-2,3],[-3,1],[-5,5],[-3,7],[-8,13],[-9,7],[-2,3],[0,4],[3,1],[0,6],[-2,4],[13,5],[5,-6],[0,-6]],[[9264,1429],[5,1]],[[9269,1430],[-5,-1]],[[9299,1435],[2,1],[12,0],[-1,-1],[-13,0]],[[9433,3016],[0,2],[4,3],[4,-1],[-2,-2],[-6,-2]],[[9549,5673],[3,-2],[0,-2],[-5,-1],[-1,4],[3,1]],[[9516,5672],[-5,2],[0,3],[8,-2],[0,-2],[-3,-1]],[[9528,5689],[-3,0],[-8,-1],[-1,4],[3,2],[7,0],[5,-4],[-3,-1]],[[9532,5717],[-7,-1],[-6,1],[2,5],[6,0],[4,-1],[7,-1],[-1,-2],[-5,-1]],[[9524,5789],[6,0],[-1,-3],[-3,1],[-2,2]],[[9554,5803],[-7,-2],[-7,1],[-6,1],[-4,3],[1,1],[11,0],[4,-1],[5,0],[3,-2],[0,-1]],[[9555,5812],[-4,0],[0,2],[5,0],[-1,-2]],[[9526,5818],[5,-2],[0,-2],[-9,2],[-3,2],[7,0]],[[9512,5816],[-7,1],[-4,1],[0,2],[7,0],[5,-1],[-1,-3]],[[9511,5828],[-9,0],[0,3],[9,0],[3,-1],[3,-2],[-6,0]],[[9514,5840],[2,2],[0,2],[4,0],[0,-3],[1,-4],[-2,-1],[-3,3],[-2,1]],[[9504,5852],[2,-3],[6,0],[1,-3],[-6,-6],[-6,-1],[-1,5],[1,2],[-6,0],[2,2],[-4,3],[2,2],[6,0],[3,-1]],[[9557,5845],[9,0],[2,-3],[-10,1],[-1,2]],[[9544,5846],[6,1],[3,-3],[-4,0],[-5,2]],[[9533,5893],[-3,-1],[-1,-3],[3,-2],[0,-3],[1,-3],[-1,-3],[-7,0],[-12,2],[-15,1],[-6,-1],[-4,-4],[-4,0],[-5,-6],[-7,1],[-4,4],[2,5],[6,4],[4,1],[3,4],[11,-1],[2,-1],[8,0],[6,-1],[9,5],[3,3],[3,5],[4,0],[4,-3],[0,-3]],[[9576,5974],[-1,4],[4,0],[-3,-4]],[[9543,6029],[-8,1],[-1,5],[4,-2],[5,0],[0,-4]],[[9541,6042],[-4,0],[-3,2],[0,4],[5,1],[3,-5],[-1,-2]],[[9501,6092],[4,-1],[10,-1],[8,-1],[0,-2],[-3,-3],[-1,-2],[-3,0],[0,-4],[-2,-2],[-4,1],[4,9],[-8,1],[-5,2],[-5,4],[-5,1],[1,1],[7,0],[2,-3]],[[9498,6103],[0,-3],[-8,0],[-1,4],[6,-3],[3,2]],[[9537,6124],[-4,0],[-1,3],[1,2],[7,-3],[-3,-2]],[[9507,6127],[1,-3],[-3,-1],[-3,4],[-2,1],[0,2],[5,0],[2,-3]],[[9524,6159],[4,0],[1,-3],[-9,0],[4,3]],[[9498,6185],[1,-3],[-4,0],[3,3]],[[9559,6276],[3,2],[3,-1],[-1,-2],[-5,1]],[[9591,6276],[4,-1]],[[9595,6275],[-4,1]],[[9537,6277],[-1,4],[7,-1],[-2,-5],[-4,2]],[[9535,6283],[5,1],[3,-3],[-6,0],[-2,2]],[[9592,6285],[3,2],[9,-1],[0,-1],[-8,0],[0,-2],[-5,0],[1,2]],[[9583,6294],[-2,1]],[[9581,6295],[2,1],[8,-1],[2,1],[2,-3],[-12,1]],[[9544,6302],[-7,-2],[-7,0],[0,4],[-2,0],[0,6],[3,0],[3,1],[3,0],[10,-1],[0,-4],[-3,-4]],[[9599,6314],[5,1],[0,-4],[2,-2],[-4,-1],[-2,1],[0,2],[-4,0],[-2,-4],[-8,-2],[-3,0],[1,3],[-4,1],[0,5],[5,1],[0,-2],[-3,-2],[5,-2],[3,3],[4,0],[0,2],[5,0]],[[9600,6321],[-3,0],[-3,-2]],[[9594,6319],[1,4],[2,1]],[[9597,6324],[8,1],[-2,-4],[-3,0]],[[9594,6319],[-5,0],[-1,-2],[-6,1],[-1,3],[1,1],[-3,3],[-5,1]],[[9574,6326],[-1,1],[13,1],[1,-2],[-3,-3],[9,0],[1,-4]],[[9567,6335],[-6,-1]],[[9561,6334],[1,1],[5,0]],[[9589,6352],[3,0],[1,-4],[-3,-2],[-3,-1],[0,-2],[-7,1],[-1,3],[0,4],[-5,2],[5,1],[0,3],[4,1],[6,-6]],[[9587,6361],[-8,2],[-5,0],[3,3],[7,-3],[3,-2]],[[9588,6374],[-11,-1],[-9,3],[9,0],[4,0],[6,-1],[1,-1]],[[9578,6379],[-5,0],[-1,1],[7,0],[-1,-1]],[[9586,6381],[-1,2],[8,0],[-1,-2],[-6,0]],[[9622,6865],[-4,4],[-4,2],[3,2],[6,-5],[-1,-3]],[[9620,6882],[0,2],[-3,2],[4,1],[2,-2],[0,-3],[-3,0]],[[9600,6920],[2,-3],[0,-2],[2,-2],[-1,-3],[-6,5],[0,6],[3,-1]],[[9599,7340],[3,-2],[-6,-1],[0,2],[3,1]],[[9623,7379],[-1,-2],[-9,-1],[-6,0],[-3,-1],[-5,0],[-2,-2],[-8,1],[-8,-2],[-3,2],[-5,-2],[-5,-4],[-2,-1],[-4,0],[-2,-3],[1,-3],[3,-4],[0,-5],[4,-5],[-8,1],[-3,-5],[-5,0],[-9,4],[-1,3],[-4,3],[0,5],[-2,0],[-7,-3],[-1,-3],[-8,3],[-1,3],[-2,2],[5,5],[4,1],[9,0],[1,2],[3,0],[-1,3],[8,1]],[[9546,7372],[2,-2]],[[9548,7370],[1,-5],[4,-1],[2,3],[0,4],[3,0],[3,-2],[6,0],[2,5],[9,1],[4,0],[14,0],[1,1],[12,0],[1,1],[5,0],[8,2]],[[9628,7404],[-1,-2],[0,-7],[6,-4],[3,-5],[-6,-1],[-5,-1],[1,3],[1,7],[-5,4],[0,9],[-2,3],[7,0],[1,-6]],[[9592,7435],[1,2],[3,-1],[-1,-4],[-3,3]],[[9589,7467],[-1,2],[0,3],[3,0],[1,-4],[-3,-1]],[[9608,8130],[7,-1],[0,-2],[-7,3]],[[9663,8530],[-2,2],[0,7],[-5,5],[-5,4]],[[9651,8548],[2,0],[8,-7],[1,-3],[0,-7],[1,-1]],[[9651,8548],[-4,0],[-8,-1],[-8,-3],[-6,-3],[-22,1],[-11,-2]],[[9592,8540],[5,2],[6,0],[2,2],[10,0],[2,-2],[6,0],[8,4],[8,2],[6,1],[2,1],[4,-2]],[[9634,8599],[7,-5],[-4,-3],[-4,2],[1,6]],[[9610,8605],[2,-1],[5,1],[-1,-3],[-4,0],[-2,3]],[[9655,8615],[0,3],[5,0],[0,-2],[-5,-1]],[[9681,8619],[-7,-1],[-2,4],[6,0],[-1,3],[6,0],[1,-3],[-3,-3]],[[9645,8900],[2,-3],[-1,-5],[-2,0]],[[9644,8892],[1,7],[0,1]],[[9648,9107],[0,-2],[-5,-1],[-2,2],[1,3],[6,-1],[0,-1]],[[9685,9112],[-3,-2]],[[9682,9110],[3,2]],[[9685,9112],[8,3],[-1,-5],[-3,-1],[-1,3],[-3,0]],[[9618,9119],[12,-6],[-5,-1],[-7,4],[0,3]],[[9676,9117],[-2,2]],[[9674,9119],[2,-2]],[[9676,9117],[3,-2],[4,0],[2,1],[6,8],[0,-3],[-1,-3],[-5,-4],[-7,0],[-2,3]],[[9603,9162],[7,0],[2,-4],[-4,-3],[0,-5],[-2,-4],[2,-2],[4,0],[8,3],[4,3],[7,2],[5,0],[6,-3],[0,-3],[-5,-2],[-5,-4],[0,-4],[4,-3],[6,-3],[9,0],[3,-1],[3,0],[10,-6],[1,0],[6,-4]],[[9674,9119],[-2,0],[-11,6],[-6,3],[-13,0],[-8,2],[-3,2],[-2,4],[0,3],[5,6],[3,1],[2,3],[-1,1],[-6,1],[-6,-2],[-6,-4],[-3,-3],[-3,-2],[-7,0],[-4,3],[0,7],[3,1],[-1,6],[-2,2],[0,3]],[[9658,9140],[-2,-1],[-3,2],[0,4],[3,0],[3,-2],[-1,-3]],[[9665,9157],[-1,-2],[-8,-1],[-6,1],[-6,3],[0,1],[9,3],[4,0],[3,-1],[5,-4]],[[9622,9167],[-1,2],[2,4],[-3,4],[-1,4],[2,2],[5,0],[5,-2],[-1,-3],[0,-3],[4,0],[3,2],[0,4],[5,0],[-1,-2],[2,-2],[5,0],[1,-3],[3,-1],[6,-1],[-1,-4],[8,0],[2,-3],[-7,1],[-5,2],[1,3],[-7,2],[-2,2],[-6,-1],[-1,-2],[4,-5],[-2,-1],[-11,0],[-6,2],[-3,-1]],[[9659,9442],[9,-7],[1,-5],[-2,-4],[-4,0],[-5,4],[-3,3],[-5,10],[1,3],[8,-4]],[[9649,9449],[1,-3],[-3,-1],[-3,4],[-1,4],[5,-2],[1,-2]],[[9719,9453],[0,-3],[-3,0],[3,3]],[[9702,9458],[-1,2],[4,2],[0,-3],[-3,-1]],[[9703,9466],[4,4],[2,-1],[-3,-2],[-3,-1]],[[9632,9475],[3,-3],[-1,-4],[-4,2],[-5,1],[-5,4],[3,3],[2,-1],[7,-2]],[[9648,9470],[-6,0],[0,4],[2,1],[8,0],[-2,-5],[-2,0]],[[9704,9474],[6,-2],[-2,-1],[-4,3]],[[9699,9476],[-8,0],[4,4],[3,2],[3,-2],[-3,-2],[1,-2]],[[9669,9482],[-1,-2]],[[9668,9480],[-5,0],[2,3],[4,-1]],[[9513,2975],[3,3],[7,-1],[-4,-3],[-6,1]],[[9566,5189],[1,2],[5,-4],[-6,0],[0,2]],[[9607,5665],[-1,-2],[-11,0],[-1,3],[-4,2],[1,3],[7,0],[0,1],[5,0],[5,-1],[-2,-2],[1,-4]],[[9616,5670],[6,-1],[-6,-2],[0,3]],[[9622,5672],[-2,2],[8,0],[0,-2],[-6,0]],[[9603,5677],[7,0],[-1,-2],[-6,0],[0,2]],[[9620,5679],[-4,2],[1,2],[5,-1],[-2,-3]],[[9630,5690],[-6,-4],[-6,0],[-5,1],[-4,5],[14,-1],[7,-1]],[[9630,5690],[0,1],[-8,1],[-5,1],[-2,3],[5,-1],[4,-1],[11,0],[-5,-4]],[[9623,5697],[-1,2],[5,0],[7,-2],[-11,0]],[[9576,5770],[3,-1],[-1,-2],[-3,0],[1,3]],[[9643,5828],[-8,-1],[3,4],[4,-1],[1,-2]],[[9651,5837],[-14,0],[5,3],[6,0],[3,-3]],[[9641,5845],[3,0],[1,-2],[-4,0],[0,2]],[[9626,5847],[7,0],[1,-3],[-8,0],[0,3]],[[9621,5845],[-6,1],[-1,2],[8,-1],[-1,-2]],[[9618,5982],[11,1],[-2,-2],[8,-1],[1,-2],[-16,1],[-5,-1],[-3,1],[2,3],[4,0]],[[9657,5983],[0,0],[-17,0],[-10,1],[-6,1],[-15,0],[-3,3],[6,1],[-1,2],[8,-1],[18,-1],[9,0],[6,-1],[2,-3],[3,-2]],[[9625,5993],[-3,-2],[-2,2],[3,1],[2,-1]],[[9625,5993],[4,3],[4,-5],[-8,0],[0,2]],[[9600,6007],[-3,1],[0,2],[5,0],[-2,-3]],[[9594,6008],[-1,4],[5,0],[-4,-4]],[[9602,6022],[0,-2],[-5,0],[0,3],[5,1],[0,-2]],[[9610,6125],[-2,1],[0,2],[4,0],[-2,-3]],[[9616,6142],[3,3],[2,-2],[-5,-1]],[[9603,6148],[3,2],[6,0],[1,-1],[-7,-6],[-3,0],[-3,4],[3,1]],[[9646,6146],[1,3],[7,0],[-1,-3],[-7,0]],[[9639,6171],[3,1],[0,-3],[-4,0],[1,2]],[[9659,6177],[-6,-1],[-2,3],[3,4],[7,0],[1,-1],[-3,-5]],[[9644,6190],[5,-1],[-5,-2],[-10,1],[-2,2],[-1,3],[3,2],[13,-1],[-3,-4]],[[9663,6190],[-5,1],[2,3],[3,-1],[0,-3]],[[9647,6192],[1,3],[3,0],[-1,-3],[-3,0]],[[9597,6195],[4,1],[4,2],[8,-1],[0,-2],[-6,0],[-10,0]],[[9630,6201],[2,-2],[-7,0],[-1,2],[6,0]],[[9649,6198],[-4,0],[-2,2],[2,2],[-1,3],[4,-1],[-1,-5],[2,-1]],[[9630,6201],[-8,1],[0,4],[4,0],[18,0],[-6,-1],[0,-2],[5,-1],[0,-2],[-8,1],[2,3],[-7,0],[0,-3]],[[9607,6206],[-6,0],[1,2],[5,-2]],[[9639,6209],[0,-1]],[[9639,6208],[0,1]],[[9639,6208],[0,1]],[[9639,6209],[-3,-1],[-12,2],[-14,0],[0,2],[8,-1],[0,1],[11,0],[2,-1],[3,2],[10,-2],[-2,-3],[-3,0]],[[9628,6215],[1,2],[5,0],[0,-2],[-6,0]],[[9619,6217],[-1,-3],[-2,0],[-5,5],[7,0],[1,-2]],[[9653,6215],[-1,5],[10,0],[0,-1],[-7,0],[-2,-4]],[[9655,6227],[0,1],[-12,0],[2,-2],[3,1],[4,0],[-3,-5],[-4,0],[-7,-3],[-2,3],[-6,-1],[0,3],[7,0],[1,3],[-4,2],[-6,-1],[0,-3],[-3,-2],[-4,-2],[0,5],[-1,4],[2,1],[12,0],[3,1],[4,-1],[5,1],[15,0],[5,-2],[5,0],[1,-2],[-4,-2],[3,-2],[-1,-2],[-4,1],[-2,6],[-5,0],[-2,-2],[-2,0]],[[9639,6235],[4,3],[13,1],[-5,-4],[-5,0],[-7,0]],[[9626,6242],[10,0],[2,-2],[-13,0],[1,2]],[[9660,6243],[-8,0],[1,3],[9,0],[-2,-3]],[[9612,6262],[4,-1],[-1,-2],[3,-2],[1,-3],[-10,1],[-1,-3],[-11,0],[-2,2],[-3,-1],[-5,2],[0,3],[5,2],[-3,4],[15,0],[7,-1],[1,-1]],[[9665,6379],[8,0],[-1,-3],[-12,1],[-3,2],[8,0]],[[9665,6382],[-13,1],[0,1],[8,0],[5,-2]],[[9665,6388],[-4,-1],[-9,0],[-5,-1],[-6,0],[2,6],[5,0],[5,-2],[12,-2]],[[9637,6389],[0,5],[5,-2],[-5,-3]],[[9662,6416],[-3,1],[0,3],[4,-1],[-1,-3]],[[9654,6810],[2,3],[2,0],[-2,-4],[-2,1]],[[9658,6818],[8,-1],[-3,-3],[-4,0],[-1,4]],[[9644,6841],[6,2],[-1,-4],[-5,2]],[[9664,6840],[-1,4],[3,2],[0,-4],[-2,-2]],[[9689,6861],[0,-2],[-6,1],[0,2],[6,-1]],[[9631,6872],[-5,1],[1,2],[6,-1],[3,-2],[-5,0]],[[9659,6878],[4,-3],[-3,0],[-3,1],[2,2]],[[9650,6878],[2,-5],[-2,0],[0,5]],[[9657,6882],[1,0]],[[9658,6882],[1,-4]],[[9659,6878],[-2,4]],[[9658,6882],[-1,0]],[[9657,6882],[1,0]],[[9650,6885],[-2,1],[1,3],[3,0],[0,-4],[-2,0]],[[9651,6908],[4,3]],[[9655,6911],[-4,-3]],[[9628,6911],[-2,0],[0,4],[2,0],[0,-4]],[[9655,6911],[-6,1],[-1,3],[7,-1],[0,-3]],[[9645,6918],[-2,-3],[2,-2],[-4,-1],[0,5],[4,1]],[[9681,7735],[-1,1]],[[9680,7736],[1,3],[3,1],[-3,-5]],[[9693,8161],[0,2],[5,0],[5,2],[5,3],[5,0],[10,4],[2,-2],[-7,-2],[-9,0],[-6,-4],[-10,-3]],[[9663,8530],[5,0],[12,8],[8,2],[5,0],[1,-1],[10,-1],[13,-1],[5,1]],[[9722,8538],[-3,-2],[-14,1],[-4,1],[-5,0],[-4,1],[-6,0],[-6,-2],[-8,-6],[-5,-2],[-4,1]],[[9722,8538],[10,7],[4,6],[0,4],[0,10],[2,5],[2,4]],[[9740,8574],[0,-6],[-3,-5],[0,-7],[1,-4],[-3,-4],[-3,-3],[-9,-7],[-1,0]],[[9749,8630],[-1,-1]],[[9748,8629],[1,1]],[[9739,8633],[0,3],[5,-2],[-5,-1]],[[9775,9126],[-1,0],[-10,0],[-5,3],[-8,1],[-7,0],[-2,-1],[-8,-6],[-6,-2],[-6,0],[-6,1],[-6,6],[0,4],[-2,4],[-3,2],[-6,1],[3,2],[3,0],[5,-3],[0,-2],[4,-10],[1,-2],[5,-2],[6,0],[9,3],[3,3],[7,4],[7,-1],[7,-1],[6,-3],[9,0],[7,3],[0,2],[5,1],[4,-2],[5,0],[0,-2],[-7,1],[-2,2],[-4,-1],[-1,-2],[-6,-3]],[[9748,9438],[3,0]],[[9751,9438],[-3,0]],[[9777,9483],[3,-1],[3,-2],[7,0],[5,-1],[1,-1],[8,-1]],[[9804,9477],[-5,2],[-3,3],[4,3],[10,-3],[1,-2],[6,-2],[2,0],[4,-2],[6,-5],[0,-5],[5,0],[-2,-5],[4,0],[1,2],[3,1],[4,-1],[2,3],[7,0],[3,-1],[6,0],[4,-2],[6,0],[4,-2],[5,-1],[6,-2],[1,-1],[6,0],[4,-2],[7,0],[13,0],[0,2],[4,-1],[20,-1],[2,1],[3,-2],[6,0],[2,-3],[4,-1],[3,1],[3,-2],[6,0],[3,1],[2,-2],[19,-1],[4,0],[0,-10],[-1,-21],[1,0],[-1,-22],[1,0],[-1,-22],[1,0],[0,-12],[-11,0],[-5,1],[-4,9],[0,4],[3,0],[2,3],[-3,1],[-4,-1],[-2,4],[-2,1],[-5,0],[0,-12],[-6,-11],[-8,-1],[-2,2],[-4,0],[0,5]],[[9948,9365],[3,1],[-3,5],[-6,2],[-4,3],[-5,4],[-4,0],[-5,2],[-6,-1],[-1,2],[-5,2],[-3,3],[5,5],[0,3],[-3,0],[-6,0],[-7,5],[-6,-1],[0,2],[-4,0],[0,3],[-3,0],[-1,2],[-2,2],[-1,5]],[[9881,9414],[-5,-1],[0,4],[-7,4],[-1,3],[-2,2],[-5,-1],[-4,2],[-1,3],[-9,0],[-6,2],[-10,0],[-2,1],[-4,1],[-1,1],[-11,2],[-7,2],[-5,2],[0,2],[-4,3],[-4,0],[-1,-4],[-6,3],[-7,2],[-8,3],[2,-4],[-5,-1],[-2,-2],[-4,-6],[-6,-2],[-4,7]],[[9752,9442],[-4,-1],[0,-3]],[[9748,9438],[2,-5],[-7,5],[3,1],[-1,2],[-4,1],[-6,4],[-3,1],[-1,3],[-5,3],[-2,1],[-1,3],[-3,1],[-3,4],[-6,1],[-2,3],[2,2],[5,-1],[-3,4],[-1,4],[7,1],[-6,4],[0,-2],[-3,-4],[-4,3],[2,3],[-5,4],[0,3],[-3,2]],[[9700,9489],[3,-1],[6,3],[-5,1],[4,3]],[[9708,9495],[5,2],[3,0],[0,-2],[3,0],[2,-2],[5,-1],[3,-2],[4,-1],[0,-2],[3,-1],[4,0],[2,-4],[5,0],[6,0],[5,1],[4,-1],[2,-3],[4,-1],[-1,5],[-9,6],[13,1],[0,-4],[8,-1],[-2,-2]],[[9735,9456],[-1,-6],[5,1],[0,6],[-4,-1]],[[9729,9477],[0,-4],[3,-1],[-1,4],[-2,1]],[[9725,9470],[0,-4],[3,0],[0,5],[-3,3],[-4,0],[0,-4],[4,0]],[[9722,9464],[0,2],[-5,3],[0,-4],[3,0],[2,-1]],[[9821,9440],[6,-2],[4,-1],[6,2],[2,5],[-8,3],[-7,1],[-4,0],[-2,-1],[-1,-5],[4,-2]],[[9900,9401],[2,-2],[8,0],[4,2],[1,3],[-2,1],[-5,0],[0,5],[-4,1],[-3,-3],[-1,-7]],[[9987,9406],[-5,1],[0,-3],[5,2]],[[9964,9394],[-3,-7],[-3,-3],[6,0],[4,4],[0,4],[6,3],[6,1],[1,3],[-6,2],[-11,4],[-2,-2],[0,-4],[2,-5]],[[9540,2957],[6,3],[3,0],[-4,-6],[0,-2],[-6,4],[1,1]],[[9545,2966],[5,-1],[-1,-2],[-4,0],[0,3]],[[9592,3034],[-1,3],[-4,2],[0,2],[4,-1],[3,-2],[-2,-4]],[[9606,3064],[-4,-2],[-2,3],[2,2],[4,0],[0,-3]],[[9691,5432],[4,-1],[1,-3],[-5,0],[0,-3],[-8,0],[2,3],[4,2],[2,2]],[[9673,5441],[-3,-2],[-3,3],[3,2],[9,-1],[-6,-2]],[[9686,5664],[-5,0],[0,3],[5,2],[4,0],[0,-3],[-4,-2]],[[9681,5694],[3,2],[5,0],[1,-2],[-9,0]],[[9686,5698],[-2,0],[-1,4],[5,-1],[5,-1],[0,-2],[-7,0]],[[9703,5784],[-13,0],[-6,1],[-2,4],[14,-3],[10,0],[-3,-2]],[[9702,5793],[8,0],[-4,-3],[-4,3]],[[9702,5793],[-4,-4],[-9,0],[-3,3],[-4,1],[2,4],[7,-2],[2,-4],[3,0],[6,2]],[[9697,5798],[3,1],[4,-1],[-1,-2],[-5,0],[-1,2]],[[9667,5816],[-6,1],[-2,2],[8,-1],[0,-2]],[[9674,5820],[5,1],[0,-2],[-5,1]],[[9685,5826],[1,2],[4,-1],[-1,-1],[-4,0]],[[9675,5826],[-4,1],[3,3],[2,-1],[-1,-3]],[[9715,5830],[4,1],[4,-3],[-9,0],[1,2]],[[9591,5930],[-3,-1],[-6,-7],[0,-4],[4,-6],[6,-4],[6,-1],[3,-1],[6,0],[4,-2],[1,3],[5,-1],[2,-3],[3,-1],[5,0],[4,2],[4,3],[2,4],[3,0],[8,-4],[3,0],[5,4],[1,4],[1,8],[3,2],[6,-3],[2,2],[1,2],[3,3],[5,1],[0,2],[-4,3],[-6,1],[-2,3],[0,10],[1,7],[-2,6],[-4,3],[0,5],[7,0],[5,2],[15,0],[3,1],[8,1],[5,2],[1,1],[7,4],[1,0],[14,-1],[4,-2],[4,-2],[10,1],[8,4],[8,3],[7,1],[3,0],[11,0],[9,3],[3,4],[13,-1],[5,1],[5,2],[5,4],[1,1],[3,4],[14,1],[4,2],[2,2],[2,0],[8,7],[2,0],[13,9],[4,2],[9,2],[3,2],[1,4],[5,4],[1,3],[5,3],[1,2],[5,2],[4,0],[2,2],[8,5],[4,1],[2,2],[8,0],[1,1],[6,1],[3,2],[4,6],[0,7],[-1,2],[0,4],[2,3],[4,0],[4,5],[11,0],[8,4],[4,6],[0,7],[-2,1],[1,6],[6,0],[4,3],[10,2],[-1,-17],[1,0],[-1,-22],[1,0],[-1,-21],[1,-5],[-3,-1],[0,-2],[3,-1],[0,-3],[-8,-1],[-4,-3],[5,-4],[7,-1],[-1,-22],[-7,-2],[0,-3],[3,-3],[4,0],[1,-6],[-4,0],[-2,-2],[-6,0],[-1,-4],[2,-2],[5,-2],[4,0],[-3,-5],[5,-3],[-1,-7],[-2,-3],[3,-1],[0,-2],[-5,-2],[0,-5],[5,-1],[-1,-8],[-3,0],[-2,-2],[6,-2],[-1,-20],[1,0],[-1,-21],[1,0],[-1,-17],[-3,-3],[1,-2],[3,-1],[-1,-14],[-5,1],[-1,-3],[6,-4],[-1,-5],[2,-1],[-7,-5],[0,-4],[-11,0],[-9,3],[-12,8],[-5,0],[0,-4],[2,-3],[4,-3],[8,-2],[2,1],[4,-4],[-8,0],[-3,-5],[2,-3],[-9,0],[-5,-1],[-12,1],[-3,-2],[4,-2],[-6,-3],[0,-3],[6,-4],[4,0],[0,-2],[0,-8],[-6,-2],[0,-6],[-28,1],[-4,1],[-13,0],[-5,-1],[-17,0],[-5,1],[-7,4],[-13,0],[-3,1],[-10,2],[-3,3],[-5,2],[-17,2],[-20,5],[-6,3],[-24,1],[-12,-1],[-10,3],[-4,0],[-5,1],[-7,1],[-7,4],[-4,2],[-13,-1],[-8,1],[-9,3],[-8,6],[-9,2],[-20,1],[-7,-2],[-4,0],[-6,-2],[-8,0],[-4,1],[-14,1],[-7,1],[-5,2],[-12,3],[-4,3],[-2,3],[1,5],[8,9],[0,3],[5,3],[4,4],[1,7],[3,5],[0,4],[-6,4],[-6,2],[-8,6],[-8,6],[3,2],[0,4],[3,2],[6,1],[5,3],[8,5],[5,4],[5,2],[5,4],[4,1],[1,-5],[-2,-1],[-5,-7],[-7,-6],[-3,-1]],[[9908,5842],[-3,0],[-3,-3],[5,-1],[1,4]],[[9773,5841],[-3,-1],[2,-3],[4,3],[-3,1]],[[9975,6055],[0,-3],[4,-3],[6,0],[5,2],[0,5],[-4,4],[-7,1],[-4,-2],[2,-2],[-2,-2]],[[9929,6046],[-4,1],[-1,-3],[9,-8],[1,-3],[5,0],[4,4],[0,3],[-2,5],[-5,3],[-5,0],[-2,-2]],[[9967,6044],[0,-2],[-3,-2],[3,-2],[0,-3],[12,0],[2,0],[4,4],[0,2],[-4,4],[-7,2],[-5,0],[-6,-1],[4,-2]],[[9956,6029],[4,-2],[2,2],[0,3],[-4,3],[-4,0],[-3,-3],[5,-3]],[[9982,6025],[5,-2],[2,-5],[3,0],[3,4],[-1,7],[-4,2],[-6,0],[-4,-4],[2,-2]],[[9950,6022],[2,2],[-7,1],[-6,-1],[0,-2],[11,0]],[[9934,6014],[0,-4],[4,-3],[4,-1],[5,0],[4,4],[0,3],[-2,3],[-9,6],[-8,0],[-2,-1],[0,-4],[4,-3]],[[9896,6017],[2,-5],[5,0],[1,3],[-3,2],[-5,0]],[[9912,5994],[5,-2],[3,1],[2,2],[0,5],[-6,3],[-8,-1],[1,-5],[3,-3]],[[9949,5989],[4,-4],[0,-4],[-3,-2],[0,-5],[2,-2],[3,-2],[6,0],[6,2],[3,7],[1,6],[-4,8],[-6,5],[-4,2],[-6,0],[-4,-2],[0,-6],[2,-3]],[[9893,5986],[3,-2],[4,-2],[8,0],[5,3],[-1,5],[-4,3],[-1,1],[-7,3],[-7,0],[-3,-3],[0,-5],[3,-3]],[[9871,5994],[-5,0],[-1,-4],[4,-1],[3,1],[-1,4]],[[9904,5974],[1,2],[0,3],[-3,2],[-6,-1],[0,-3],[5,-3],[3,0]],[[9875,5965],[-3,-1],[-5,-1],[2,-3],[0,-4],[4,-2],[4,1],[5,-4],[3,-2],[9,0],[4,0],[6,3],[1,3],[2,6],[-5,2],[-1,3],[-4,0],[-2,1],[-10,0],[-4,-1],[-6,0],[0,-1]],[[9959,5956],[7,-4],[-5,-4],[-2,3],[-3,-1],[0,-8],[4,0],[5,-5],[3,0],[2,-2],[5,-1],[3,1],[0,-4],[3,0],[3,4],[5,0],[0,2],[-2,2],[0,2],[4,2],[0,4],[-3,3],[-2,0],[-3,3],[0,3],[-3,1],[-1,3],[-3,0],[-2,2],[-9,1],[-5,-5],[-1,-2]],[[9810,5956],[-3,-4],[8,0],[3,3],[1,5],[-9,0],[2,-2],[-2,-2]],[[9799,5947],[3,0],[3,4],[-3,1],[1,3],[-4,0],[0,-8]],[[9818,5949],[-1,-3],[3,-4],[3,0],[2,-4],[2,-3],[4,0],[0,3],[-3,2],[1,4],[-3,2],[1,3],[-3,2],[-4,0],[-2,-2]],[[9885,5939],[3,1],[-3,6],[-7,1],[0,-4],[2,-2],[5,-2]],[[9926,5941],[1,-3],[-2,-4],[6,-5],[4,0],[3,3],[-1,5],[-2,3],[3,4],[-9,0],[-3,-3]],[[9852,5941],[0,-3],[4,-3],[6,0],[2,1],[-1,5],[-5,4],[-6,1],[0,-5]],[[9751,5945],[0,-5],[3,0],[1,4],[-4,1]],[[9898,5932],[-2,-2],[-4,-1],[1,-2],[6,-2],[2,-3],[6,-2],[6,0],[4,4],[0,7],[-7,5],[-3,2],[-9,0],[-4,-3],[4,-3]],[[9866,5921],[0,-4],[3,1],[0,3],[-3,0]],[[9901,5913],[1,1],[0,3],[-5,1],[-4,-1],[0,-4],[3,-1],[5,1]],[[9831,5913],[4,-2],[1,3],[-5,-1]],[[9884,5911],[-2,3],[-3,0],[1,-3],[4,0]],[[9926,5911],[5,0],[0,2],[-5,0],[0,-2]],[[9864,5907],[1,3],[-5,3],[-3,-2],[5,-4],[2,0]],[[9887,5899],[2,1],[0,3],[-5,4],[-3,1],[2,-8],[4,-1]],[[9957,5901],[-2,-5],[5,-2],[4,0],[5,3],[-1,5],[-5,4],[-6,0],[0,-5]],[[9871,5903],[-2,-3],[4,0],[-2,3]],[[9891,5894],[0,3],[-3,1],[0,-4],[3,0]],[[9736,5891],[0,3],[-2,4],[-2,0],[1,-5],[3,-2]],[[9854,5892],[-5,1],[0,-3],[2,-2],[6,-1],[1,2],[-4,3]],[[9968,5875],[2,-1],[7,-2],[4,3],[1,5],[-8,6],[-8,0],[-1,-6],[3,-5]],[[9871,5877],[3,0],[-1,5],[-6,1],[-1,-4],[1,-2],[4,0]],[[9887,5875],[-4,4],[-4,0],[1,-3],[3,-1],[0,-2],[5,-1],[-1,3]],[[9947,5868],[-1,4],[-2,1],[1,2],[-4,1],[-1,-3],[4,-5],[3,0]],[[9775,5843],[1,5],[-4,2],[-1,-3],[4,-4]],[[9759,5835],[2,4],[-5,0],[-3,-3],[2,-1],[4,0]],[[9665,5997],[3,2],[5,0],[-4,-4],[-5,-1],[1,3]],[[9675,6000],[3,0],[7,-2],[4,0],[0,-2],[-9,-1],[-4,0],[-3,2],[2,3]],[[9693,6165],[-4,0],[-1,3],[7,0],[-2,-3]],[[9671,6180],[6,2],[1,-3],[-6,0],[-1,1]],[[9730,6204],[-1,3],[4,-1],[1,-3],[-4,1]],[[9737,6211],[0,-2],[-5,0],[2,2],[3,0]],[[9667,6235],[3,3],[1,2],[2,1],[0,-6],[-6,0]],[[9699,6241],[-5,0],[1,2],[4,-2]],[[9676,6250],[-1,-1],[0,-7],[-8,0],[4,2],[-1,7],[-3,-1],[-6,1],[-5,-1],[0,1],[11,4],[3,-1],[6,3],[2,-4],[-2,-3]],[[9711,6260],[-6,-3],[0,-2],[-6,0],[0,-2],[-5,0],[1,4],[2,0],[2,4],[11,0],[1,-1]],[[9674,6264],[-3,-2],[-4,4],[2,1],[4,-2],[1,-1]],[[9713,6263],[-1,-1],[-12,0],[-2,2],[8,0],[13,1],[0,-2],[-6,0]],[[9678,6268],[-6,-1],[-5,1],[0,1],[3,2],[3,6],[3,0],[1,-6],[1,-3]],[[9680,6357],[-8,2],[3,2],[8,0],[1,-4],[-4,0]],[[9715,6359],[-11,0],[0,1],[8,0],[3,-1]],[[9679,6364],[0,-1]],[[9679,6363],[0,1]],[[9679,6363],[0,1]],[[9679,6364],[0,-1]],[[9679,6371],[0,-3],[-3,-1]],[[9676,6367],[-5,0],[-3,2],[0,3],[-4,-1],[-1,3],[11,-1],[4,1],[1,-3]],[[9719,6376],[2,-4],[-5,-2],[-5,0],[-2,3],[2,7],[8,-1],[0,-3]],[[9677,6416],[-4,2],[0,2],[12,0],[1,-3],[-4,-1],[-5,0]],[[9710,6474],[5,2],[0,-3],[-5,1]],[[9774,7259],[-8,1],[-4,2],[-9,0],[-4,1],[-1,2],[7,1],[4,-2],[5,0],[0,-2],[10,-3]],[[9727,7275],[15,-1],[-1,-1],[-6,0],[-2,1],[-6,-1],[-4,4],[4,0],[0,-2]],[[9714,7282],[0,-2],[-10,0],[2,2],[3,-1],[5,1]],[[9805,8217],[-6,-3],[-8,-2],[-4,-3],[-5,0],[-1,-3],[-1,-8],[-12,-7],[0,2],[3,1],[8,5],[1,9],[5,2],[5,3],[6,2],[9,2]],[[9797,8716],[-5,0],[0,2],[4,0],[1,-2]],[[9778,8772],[-5,-4],[0,8],[5,-4]],[[9830,8799],[4,0],[-3,-5],[-5,-1],[-1,4],[6,-1],[-1,3]],[[9774,8795],[-5,1],[-2,3],[-6,1],[0,3],[-2,1],[7,3],[0,-3],[3,0],[2,3],[-1,2],[3,3],[3,-3],[3,3],[5,-5],[0,4],[4,2],[2,2],[5,1],[10,-9],[-3,0],[-4,1],[-4,-1],[0,3],[-5,-3],[-5,0],[-3,-3],[2,-2],[-2,-2],[0,-4],[2,-1],[-1,-5],[-5,2],[-2,-5],[2,-1],[0,-3],[2,-2],[-11,0],[0,2],[3,2],[-2,2],[-3,1],[0,2],[8,5]],[[9817,8808],[-3,1]],[[9814,8809],[2,2],[-3,2],[2,3],[-2,2],[0,3],[1,6],[1,5],[3,-4],[1,-3],[0,-4],[-3,0],[1,-13]],[[9816,8839],[0,2]],[[9816,8841],[0,-2]],[[9816,8863],[-3,-2],[0,-5],[-4,1],[0,-5],[-4,3],[1,2],[-4,1],[-7,-1],[-2,-1],[-2,-8],[-6,-2],[4,-1],[1,-2]],[[9790,8843],[8,0],[2,-1],[5,0],[8,-7],[2,-1],[1,5]],[[9816,8839],[3,0],[1,-3],[0,-3],[-7,1],[-1,-8],[-4,4],[1,6],[-2,3],[-7,2],[-8,0],[-3,0],[-2,-2],[-7,1],[-3,1],[-5,0],[-1,5],[-5,0],[3,3],[7,1],[0,-3],[4,2],[3,0],[3,-2],[3,3],[-1,2],[-3,1],[1,3],[4,3],[3,0],[7,5],[5,0],[4,0],[1,-3],[3,3],[3,-1]],[[9811,9019],[0,-4]],[[9811,9015],[-2,3],[2,1]],[[9811,9019],[-1,1]],[[9810,9020],[1,-1]],[[9835,9022],[-1,5],[3,0],[0,-4],[-2,-1]],[[9810,9020],[-3,0],[-2,2],[0,4],[-2,4],[2,3]],[[9805,9033],[1,-5],[3,-5],[-1,-2],[2,-1]],[[9805,9033],[0,3],[7,6],[1,3],[-4,5]],[[9809,9050],[1,0]],[[9810,9050],[5,-1],[0,-3],[-3,-7],[-7,-6]],[[9810,9050],[-1,0]],[[9809,9050],[1,0]],[[9838,9134],[-6,2],[-6,0],[0,3],[11,4],[1,2],[7,0],[-1,-2],[5,-4],[5,-1],[-2,-4],[0,-4],[-8,0],[-6,4]],[[9692,3831],[4,0],[1,-2],[-3,-1],[-2,3]],[[9731,5426],[4,1],[6,-1],[5,0],[6,-5],[-3,-2],[-10,0],[2,1],[-2,5],[-8,1]],[[9724,5426],[6,-1],[0,1]],[[9730,5426],[1,0]],[[9731,5426],[2,-3],[-3,-3],[-8,0],[-10,3],[-1,1],[8,0],[5,2]],[[9766,5427],[0,2],[5,-1],[1,-2],[-6,1]],[[9735,5429],[8,0],[1,-2],[-8,0],[0,1]],[[9736,5428],[-1,1]],[[9736,5428],[-5,0],[-1,-2]],[[9730,5426],[-6,0]],[[9724,5426],[6,5]],[[9730,5431],[4,-1],[0,3],[7,0],[3,-4],[-9,0]],[[9735,5429],[1,-1]],[[9714,5433],[-3,-4],[-4,-1],[-7,1],[2,5],[2,2]],[[9704,5436],[5,-1],[6,-1],[5,1],[0,-3],[-6,1]],[[9717,5433],[-3,0]],[[9714,5433],[3,0]],[[9772,5438],[0,2],[1,5],[3,1],[0,-5],[4,-2],[-8,-1]],[[9751,5447],[-1,-3],[-8,-1],[-7,2],[-6,-4],[-5,2],[6,3],[8,0],[2,2],[3,5],[3,-1],[5,0],[3,-3],[-3,-2]],[[9782,5458],[-4,-2],[-9,0],[8,5],[5,-3]],[[9772,5466],[2,1]],[[9774,5467],[0,-2],[4,0]],[[9778,5465],[-5,-2],[-1,3]],[[9787,5479],[-1,-3]],[[9786,5476],[-1,-7],[-4,-1],[0,-4],[-3,1]],[[9778,5465],[-2,2],[-2,0]],[[9774,5467],[-2,-1]],[[9772,5466],[-4,-2],[-6,0],[-15,4],[0,5],[5,2]],[[9752,5475],[2,-3],[3,0],[1,3]],[[9758,5475],[0,-4],[7,-1],[0,2],[8,2],[5,5],[0,2]],[[9778,5481],[0,1]],[[9778,5482],[4,2],[2,-2],[4,0],[-1,-3]],[[9738,5474],[-5,2],[3,3],[6,0],[-1,-6],[-3,1]],[[9758,5475],[0,4],[-2,2]],[[9756,5481],[5,-1],[-1,-4],[-2,-1]],[[9778,5482],[0,-1]],[[9778,5481],[0,1]],[[9746,5492],[1,3],[7,1],[-2,-5],[-6,1]],[[9773,5568],[2,1],[7,0],[-1,-2],[-6,0],[-2,1]],[[9740,5574],[3,0],[4,-2],[0,-5],[-2,-1],[-6,0],[0,2],[5,3],[-4,3]],[[9764,5628],[-9,1],[3,2],[5,-1],[1,-2]],[[9740,5639],[-1,-1],[-7,0],[-11,2],[0,2],[8,0],[6,-1],[3,0],[2,-2]],[[9752,5663],[-4,-1],[-6,2],[1,2],[7,0],[2,-3]],[[9738,5672],[-1,2],[4,0],[4,2],[9,-3],[-6,-2],[-10,1]],[[9750,5684],[-1,-1],[-6,2],[-5,-2],[-9,-3],[-4,1],[-15,1],[-4,3],[0,8],[11,0],[0,3],[7,-2],[7,0],[3,-1],[5,0],[1,-2],[5,-1],[7,-1],[-2,-5]],[[9785,5702],[1,1],[8,0],[1,-2],[-10,0],[0,1]],[[9731,5704],[-8,-1],[2,2],[3,0],[3,-1]],[[9730,5709],[-4,0],[-1,2],[12,-1],[-1,-2],[-6,1]],[[9728,5728],[-5,0],[-5,3],[8,-1],[2,-2]],[[9728,5733],[1,3],[6,-1],[0,-2],[-7,0]],[[9722,5744],[5,0],[3,-1],[5,0],[-1,-4],[-5,0],[-1,3],[-6,0],[0,2]],[[9739,5772],[6,1],[1,-2],[-6,0],[-1,1]],[[9725,5806],[1,-3],[-8,-2],[2,5],[5,0]],[[9738,5815],[1,3],[12,-2],[1,-2],[-14,1]],[[9746,5821],[-9,0],[2,3],[6,0],[1,-3]],[[9723,5989],[3,2],[12,2],[1,-2],[-5,-1],[-11,-1]],[[9741,5997],[5,-2],[-13,0],[4,2],[4,0]],[[9773,5999],[-8,0],[3,2],[5,0],[0,-2]],[[9786,6007],[21,0],[-7,-2],[-5,0],[-9,-1],[-11,0],[11,3]],[[9791,6009],[11,0],[0,-1],[-11,1]],[[9794,6027],[5,0],[2,-3],[-7,1],[0,2]],[[9773,6072],[1,0]],[[9774,6072],[-1,0]],[[9774,6072],[-1,0]],[[9773,6072],[-2,2],[5,1],[1,-3],[-3,0]],[[9803,6190],[3,-1],[0,-3],[-3,0],[0,4]],[[9804,6198],[3,-1],[1,-2],[-8,0],[-2,2],[2,1],[-1,3],[6,-1],[-1,-2]],[[9765,6208],[-1,3],[10,-2],[-1,-3],[-5,0],[-3,2]],[[9804,6206],[-3,3],[7,0],[0,-3],[-4,0]],[[9770,6221],[-8,0],[0,3],[9,-1],[-1,-2]],[[9757,6232],[-6,1],[-1,3],[6,0],[1,-4]],[[9796,6253],[0,8],[6,1],[-2,-4],[-4,-5]],[[9810,6257],[-3,-3],[-2,3],[-1,4],[3,0],[3,-4]],[[9749,6274],[1,-3],[-8,0],[0,2],[6,0],[1,1]],[[9755,6332],[9,0],[3,1],[5,0],[6,-2],[-7,0],[-2,1],[-9,0],[-5,0]],[[9771,6340],[3,0],[2,-3],[-5,0],[0,3]],[[9762,6338],[-8,1],[-3,-1],[-7,0],[-1,3],[5,1],[3,-1],[12,0],[-1,-3]],[[9764,6344],[-1,2],[5,1],[3,-2],[4,-1],[-4,-2],[-6,1],[-1,1]],[[9746,6450],[3,0],[6,-3],[4,0],[4,-2],[4,0],[2,-2],[6,0],[1,3],[-2,3],[-4,1],[-4,3],[0,2],[4,0],[0,3],[-7,0],[-2,3],[0,3],[2,1],[7,-1],[13,0],[2,1],[8,-4],[-5,-4],[-4,-4],[0,-4],[-5,-2],[1,-2],[5,0],[4,-1],[0,-4],[9,0],[-1,-3],[3,-2],[2,-4],[0,-3],[3,-1],[0,-2],[6,-1],[0,-4],[-3,0],[-2,-4],[3,-2],[12,0],[5,0],[5,-2],[7,-6],[0,-5],[-4,-1],[-4,0],[-1,-2],[2,-4]],[[9831,6394],[3,0],[-3,-3],[10,-2],[3,2],[5,0],[-2,-3],[3,-1],[0,-2],[-17,1],[-5,-2],[-3,2],[0,3],[-3,2],[0,5],[2,1],[0,3],[-2,3],[-13,-4],[1,-2],[-4,0],[-1,4],[1,2],[-5,0],[-4,-4],[0,-4],[5,-1],[2,-3],[-7,-5],[-4,0],[-3,-1],[2,-3],[-6,-1],[1,-3],[-4,0],[-2,5],[-4,1],[-3,2],[-4,0],[-9,-3],[0,-2],[6,0],[9,0],[-3,-2],[-9,-1],[-2,-2],[4,-1],[15,-1],[7,-2],[3,1],[13,0],[8,-1],[1,-4],[4,0],[-3,3],[4,1],[2,-1],[1,-9],[5,0],[1,4],[3,0],[-1,-5],[-3,-3],[-4,2],[-4,-2],[-3,1],[-3,0],[0,-4],[2,-2],[-7,0],[-5,-2],[-11,-1],[-1,-1],[3,-3],[10,-1],[3,1],[3,-2],[0,-3],[-6,0],[-3,-1],[-9,-1],[-1,-1],[-6,0],[11,3],[1,2],[-9,1],[-2,3],[-5,4],[-24,0],[-8,0],[-7,3],[-6,0],[-1,2],[-4,0],[-3,2],[1,4],[8,0],[12,2],[6,2],[2,1],[0,4],[-2,5],[-3,4],[-2,4],[-5,2],[-10,3],[-13,1],[-1,1],[-11,2],[-15,6],[-2,3],[3,6],[9,0],[7,0],[8,-2],[7,1],[5,3],[3,0],[1,-3],[3,2],[6,1],[3,-5],[5,-1],[11,0],[-1,-1],[-9,1],[-11,0],[1,-2],[7,-3],[-1,-2],[17,-2],[4,-1],[1,-6],[6,-1],[4,2],[0,2],[5,-1],[8,-2],[3,5],[-4,2],[-5,0],[-3,4],[-4,3],[-4,2],[0,8],[-1,1],[-6,2],[-10,2],[-16,0],[-3,-1],[-5,-1],[-9,-1],[-7,-1],[-10,0],[-2,1],[-1,4],[0,5],[-2,2],[0,3],[3,4],[-1,1],[14,0],[3,1],[5,3],[4,3],[1,3],[5,5],[6,0],[1,2]],[[9769,6437],[-1,-3],[-6,-3],[1,-1],[7,1],[5,0],[5,2],[3,-1],[1,5],[-2,3],[-3,1],[-2,-2],[-3,-2],[-5,0]],[[9745,6439],[4,-2],[1,3],[-5,-1]],[[9789,6422],[2,1],[0,3],[-2,1],[-6,0],[2,-4],[4,-1]],[[9721,6424],[6,-5],[12,0],[6,2],[1,4],[-1,2],[-4,1],[-8,0],[-9,-2],[-3,-2]],[[9796,6413],[2,3],[-1,3],[-5,-1],[-1,-3],[5,-2]],[[9819,6404],[1,2],[-2,3],[-3,-2],[0,-3],[4,0]],[[9807,6408],[0,4],[-3,0],[-1,-3],[4,-1]],[[9769,6369],[9,-2],[12,-2],[2,4],[-9,1],[-8,1],[-6,-2]],[[9807,6388],[2,2],[1,5],[4,-1],[-2,-6],[5,0],[-1,-3],[2,-2],[-8,0],[-5,-2],[4,-3],[-2,-2],[-4,1],[0,5],[-3,2],[0,3],[5,-1],[2,2]],[[9801,6481],[0,4],[4,0],[0,-3],[-4,-1]],[[9837,7219],[0,2],[5,0],[-1,-3],[1,-2],[-4,0],[-1,3]],[[9812,7245],[6,-1],[4,-2],[2,-2],[3,-1],[0,-3],[11,0],[0,-2],[-13,1],[-4,3],[-6,3],[-2,0],[-4,3],[3,1]],[[9812,7245],[-4,0],[-3,3],[-3,-1],[-2,1]],[[9800,7248],[4,0],[8,1],[3,-3],[-3,-1]],[[9805,8217],[2,2],[1,3],[2,3],[9,1],[8,2],[8,2],[11,8],[2,0],[4,2],[-1,3],[0,4],[5,4],[1,4],[3,3]],[[9860,8258],[-3,-7],[-5,-4],[0,-3],[1,-5],[-7,-2],[-13,-9],[-11,-2],[-2,-1],[-7,0],[-3,-1],[-2,-6],[-3,-1]],[[9869,8444],[-4,2],[-6,0],[-3,2],[-2,4],[-1,6],[-3,3],[-20,6],[-8,1],[-6,3],[-2,3],[1,16],[-4,5],[-2,3],[0,4],[2,1],[1,4],[2,1],[1,6],[-8,6],[-4,5],[0,8],[3,8],[5,3],[3,0],[6,2],[3,3],[3,4],[2,4],[0,7],[5,6],[10,10],[3,4],[-1,2],[-4,11],[-6,11],[-7,3],[-6,1],[-2,2],[0,4],[2,2],[1,3],[-4,2],[-5,1],[-3,2],[-2,3]],[[9809,8631],[3,-1]],[[9812,8630],[3,-3],[6,0],[2,-1],[4,-5],[-2,-1],[-3,-4],[1,-2],[3,-2],[5,0],[5,-3],[9,-14],[0,-2],[2,-6],[0,-4],[-4,-6],[-3,-3],[-5,-3],[-3,-4],[-3,-7],[-1,-7],[-4,-6],[-4,-2],[-8,-2],[-5,-3],[-1,-3],[-1,-4],[-1,-6],[3,-5],[6,-5],[3,-3],[-1,-7],[-4,-5],[-1,-3],[2,-4],[4,-5],[0,-16],[1,-2],[4,-3],[4,-1],[6,0],[5,-3],[4,0],[3,-2],[3,0],[6,-2],[2,-2],[2,-6],[0,-3],[2,-2],[4,-1],[5,0],[2,-3]],[[9846,8620],[-8,0],[0,3],[-4,0]],[[9834,8623],[1,3],[6,-1],[2,-2],[8,-3],[-3,-1],[-2,1]],[[9799,8635],[7,0],[3,-4]],[[9809,8631],[-3,1],[-8,0],[3,-4],[-3,-1],[0,-3],[-2,-2],[3,-3],[-5,-2],[0,-5],[7,0],[-1,-3],[-4,2],[-5,-1],[-4,3],[0,3],[3,5],[-1,5],[-3,1],[-1,-6],[-1,-5],[-9,-9],[-1,-7],[-1,-3],[-5,-3],[-7,-2],[-3,-4],[0,-6],[-5,-3],[-8,-2],[-5,-3]],[[9740,8574],[5,4],[8,2],[4,3],[0,7],[4,3],[4,1],[7,5],[0,7],[1,3],[3,2],[4,5],[1,4],[2,3],[-2,3],[-4,1],[2,-4],[-4,0],[-1,-4],[-3,0],[-3,-5],[-4,0],[1,4],[-3,3],[6,4],[1,3],[-8,-1],[-3,-2],[-6,-1],[2,-3],[-4,-1],[1,4],[-4,-1],[-17,0],[-1,2],[5,1],[12,2],[2,1]],[[9748,8629],[1,1]],[[9749,8630],[0,3],[3,0],[3,4],[-2,2],[0,4],[6,3],[-1,2],[4,3],[1,3],[8,2],[1,6],[2,0],[3,2],[0,5],[-5,0],[-9,-6],[-3,-3],[-2,2],[-3,3],[-5,2],[-6,1],[2,3],[5,0],[1,0],[7,0],[4,3],[2,-1],[6,0],[2,-1],[3,2],[0,2],[-3,2],[3,2],[7,-1],[3,3],[-2,1],[0,3],[-5,-1],[-1,-2],[-8,0],[-8,3],[-4,-1],[0,5],[4,0],[1,-2],[5,0],[2,4],[6,-3],[2,2],[-1,2],[1,6],[-4,-1],[-8,1],[2,7],[-5,-1],[-5,-2],[-4,-4],[-1,0],[0,7],[-1,2],[-3,1],[-3,-3],[0,-4],[3,-1],[-1,-3],[4,-2],[-8,0],[-2,1],[-5,0],[-4,-1],[-3,-2],[-3,-1],[0,3],[-4,0],[-1,-3],[-4,-1],[0,-2],[-2,-3],[-4,1],[-2,3],[3,3],[1,3],[5,2],[1,2],[6,3],[0,2],[5,1],[3,3],[4,11],[3,2],[0,5],[6,-2],[1,3],[3,2],[-1,6],[-4,0],[-2,3],[1,4],[4,0],[5,3],[4,1],[5,5],[7,5],[0,3],[4,3]],[[9774,8764],[-3,-5],[0,-3],[-4,-2],[-1,-3],[-3,-1],[-1,-2],[-5,-4],[-1,-3],[5,1],[2,-1],[-4,-3],[-1,-3],[1,-6],[-3,-2],[-1,-3],[-6,0],[1,-2],[-2,-2],[0,-5],[7,2],[4,-6],[7,3],[3,3],[13,4],[1,-5],[-3,-3],[3,-1],[0,-5],[2,-3],[3,2],[3,-1],[4,0],[2,2],[6,-2],[0,-4],[4,1],[-4,8],[-3,1],[-1,5],[4,-2],[3,2],[4,0],[1,-3],[0,-10],[4,4],[0,3],[2,3],[5,-1],[3,-5],[3,1],[0,4],[7,2],[0,3],[3,1],[3,2],[-2,7],[1,2],[-5,0],[-9,-3],[-6,-3],[-4,0],[1,3],[-3,2],[1,4],[-3,-2],[-5,1],[-1,2],[2,4],[3,3],[0,2],[1,4],[0,4],[5,2],[-7,1],[-2,-1],[-1,4],[-6,-3],[-7,-1],[0,2],[5,0],[1,3],[2,1],[2,4],[-4,0],[-2,2],[3,1],[-2,3],[3,1],[0,5],[7,-1],[3,-2],[-2,-4],[1,-3],[1,-4],[5,0],[11,6],[0,-3],[6,2],[0,2],[3,2],[1,3],[-2,2],[2,1],[2,-3],[5,1],[11,-3],[10,4],[2,1],[2,-4],[-1,-7],[7,5],[7,0],[2,-1],[0,-4],[-2,-2],[9,0],[0,2],[4,0],[1,3],[3,0],[3,3],[4,1],[4,0],[5,4],[5,1],[0,-7],[4,-1],[2,1],[3,8],[1,3],[-4,0],[-1,2],[8,5],[3,2],[-2,2],[1,2],[5,3],[-6,4],[-6,1],[0,3],[-5,-1],[-3,-3],[-1,-2],[-3,0],[0,4],[-4,6],[-2,0],[-5,3],[1,2],[5,4],[4,1],[2,2],[-1,4],[5,0],[3,3],[3,1],[5,-5],[2,-2],[7,0],[3,6],[3,-1],[0,-2],[3,0],[3,3],[10,-1],[2,5],[-5,-1],[-2,0],[0,3],[-5,2],[1,4],[4,3],[3,0],[0,3],[3,-1],[4,2],[-1,3],[0,4],[-5,0],[-4,2],[-5,-2],[-7,1],[0,-2],[-5,0],[-3,4],[-8,-2],[-3,4],[-3,-1],[0,-3],[-4,-4],[-4,-2],[-5,0],[-4,-3],[-5,0],[0,-2],[-4,-2],[0,5],[9,2],[4,2],[7,4],[-1,2],[3,4],[6,1],[3,5],[6,3],[2,3],[2,-3],[3,1],[2,-1],[-2,-3],[3,-2],[4,2],[0,6],[8,-3],[5,0],[0,-2],[4,-3],[-3,-4],[9,0],[1,4],[3,1],[4,-1],[-1,-4],[6,0],[4,2],[4,-2],[4,0],[0,-6],[-5,0],[0,-3],[-5,-2],[0,-3],[-3,-1],[-3,3],[-3,-1],[2,-3],[0,-3],[-7,2],[-1,-4],[3,-1],[4,0],[8,-3],[10,0],[-1,-8],[-6,0],[-3,-6],[2,-1],[2,-3],[-2,-1],[-5,0],[0,3],[-3,3],[0,2],[-6,0],[-2,-2],[0,-6],[-7,1],[-2,-3],[-3,0],[1,5],[-12,-1],[-1,-3],[-6,0],[-2,-2],[-3,0],[-1,-3],[-2,0],[2,-5],[17,-2],[1,-2],[7,0],[-1,-4],[-3,-1],[-9,-1],[-2,-3],[6,-2],[3,0],[-1,-6],[7,-2],[1,-2],[-5,-1],[-5,3],[-3,0],[-3,-2],[2,-4],[8,-1],[1,-2],[-8,0],[-3,-2],[-4,3],[-5,0],[-5,1],[0,-4],[6,1],[0,-4],[3,-1],[-2,-3],[4,0],[-1,-3],[5,0],[2,-3],[-8,1],[-2,2],[-6,0],[-5,-8],[4,-4],[0,-2],[-5,0],[-4,3],[-3,-2],[2,-2],[0,-4],[6,-4],[-2,-1],[-6,0],[-3,2],[0,7],[-4,2],[1,3],[0,4],[-4,0],[-1,-3],[-5,-2],[6,-6],[-2,-2],[5,-6],[-1,-2],[-5,-1],[0,6],[-2,2],[-3,-1],[-8,-6],[-4,2],[-4,0],[-1,6],[-6,-2],[-3,4],[1,3],[-5,2],[2,2],[0,5],[-3,1],[-3,-2],[-4,-3],[-3,0],[-3,-2],[-2,-2],[-5,-1],[-3,-1],[0,10],[-6,0],[-4,-3],[-4,-5],[-6,-3],[-1,-4],[1,-1],[12,0],[-2,-3],[0,-3],[6,1],[4,2],[12,0],[2,2],[4,0],[7,-6],[-1,-3],[-3,-1],[-2,-5],[2,-4],[-4,1],[-1,-1],[-4,0],[0,-3],[5,-3],[-5,-3],[-2,-2],[-6,0],[-3,-2],[-1,-2],[9,0],[1,-3],[7,0],[-2,-2],[-4,-1],[-4,-2],[-1,-3],[-2,-2],[2,-2],[-3,-1],[-5,0],[-3,-2],[0,-3],[4,-2],[0,-2],[-3,-3],[-5,1],[-6,0],[-1,1],[-1,6],[-5,0],[-6,-3],[-4,0],[-2,-5],[-4,-1],[0,-3],[5,-2],[2,-2],[-1,-4],[-4,-4],[-5,1],[-4,-1],[3,-3],[1,-2],[-6,-1],[-5,-5],[-2,0],[-1,-3],[-3,-1],[1,-2],[-3,-3],[1,-4],[3,0],[5,3],[5,1],[9,5],[0,-2],[-3,-3],[3,-3],[-10,1],[0,-2],[-4,-2]],[[9799,8635],[-5,0],[-3,-2],[5,-1],[3,3]],[[9758,8635],[6,-2],[6,3],[-3,1],[2,4],[-4,1],[-4,-3],[-4,-2],[1,-2]],[[9875,8812],[1,2],[4,3],[1,-3],[-2,-3],[-4,1]],[[9839,8820],[1,4],[6,-1],[3,-2],[3,-3],[5,0],[9,-4],[-8,-3],[-7,1],[-2,3],[-2,4],[-6,0],[-2,1]],[[9858,8847],[-3,0],[1,4],[2,0],[0,-4]],[[9865,8846],[4,-2],[7,3],[2,-1],[-5,-5],[0,-2],[-5,-3]],[[9868,8836],[1,5],[-3,2],[-1,-3],[-8,1],[1,6]],[[9858,8847],[1,-2],[5,2],[-1,1],[4,2],[-4,3],[-5,1],[-2,2],[-5,-1],[0,2],[6,0],[3,-2],[5,-1],[2,3],[4,1],[6,0],[1,-6],[-4,0],[-8,-4],[-1,-2]],[[9911,8856],[-4,-2],[-6,-5],[-4,3],[-3,-1],[-6,0],[-1,2],[2,4],[8,0],[3,2],[6,1],[1,-3],[4,-1]],[[9847,8860],[0,-3],[-5,-4],[-1,2],[5,3],[1,2]],[[9847,8860],[3,2],[4,7],[7,4],[4,4],[-2,3],[3,4],[-3,1],[-2,3],[-3,0],[-2,5],[4,2],[8,0],[-2,-3],[1,-2],[3,-1],[2,2],[8,-1],[-2,-4],[-2,0],[-3,-4],[-1,-3],[-4,-5],[-13,-5],[-5,-7],[-3,-2]],[[9850,8944],[0,-4]],[[9850,8940],[0,4]],[[9848,8945],[2,-1]],[[9850,8944],[-2,1]],[[9845,9001],[-3,1],[0,3],[9,-1],[-6,-3]],[[9843,9015],[0,2],[7,0],[-5,-3],[-2,1]],[[9896,9193],[-2,-3],[-9,-4],[-1,-2]],[[9884,9184],[4,-4],[7,-2],[-3,-3],[-1,-6],[-3,-3],[-5,0],[-1,-2],[-5,-1],[-1,1],[8,4],[1,5],[-2,4],[-2,2],[-2,-4],[2,-2],[-11,0],[1,3],[-2,2],[1,3],[4,4],[8,1],[7,3],[7,4]],[[9886,9206],[5,1],[-4,-4],[-1,3]],[[9777,4965],[6,1],[1,-2],[-4,0],[-3,1]],[[9775,5053],[6,2],[2,-3],[-3,-1],[-3,0],[-2,2]],[[9775,5083],[-8,-5],[1,6],[2,-1],[5,0]],[[9784,5083],[6,1],[0,-3],[-4,-1],[-2,3]],[[9796,5100],[2,-4],[-3,-1],[0,4],[1,1]],[[9836,5384],[0,3],[5,-1],[0,-3],[-5,1]],[[9829,5390],[2,3],[5,-1],[1,-3],[-8,1]],[[9844,5404],[2,2],[4,3],[2,-2],[-3,-3],[-5,0]],[[9839,5410],[8,2],[0,-3],[-3,-1],[-4,0],[-1,2]],[[9839,5410],[-8,-2],[0,2],[4,2],[4,-2]],[[9833,5412],[-2,-1],[-5,0],[-4,-2],[-6,0],[-3,2],[3,5],[-5,0],[-1,2],[5,2],[2,-3],[1,-4],[4,1],[0,2],[5,3],[6,-7]],[[9807,5422],[-3,3],[6,0],[5,1],[-2,-5],[-6,1]],[[9805,5426],[-6,-4],[-9,1],[3,4],[6,0],[1,1],[5,-2]],[[9851,5435],[-2,0],[-3,3],[-3,0],[-2,4],[9,-5],[1,-2]],[[9918,5455],[1,-1]],[[9919,5454],[0,-2],[-4,-4],[0,-5],[1,-5],[-4,-3],[0,-2],[-5,-1],[-5,1],[4,2],[0,2],[-3,3],[-3,-2],[2,-2],[-3,-1],[-5,0],[3,3],[-3,6],[-2,-2],[-5,0],[-1,2],[-4,1],[-2,-3],[-2,0],[-2,4],[-6,1],[3,5],[-4,2],[0,3],[7,0],[4,2],[0,3],[-8,-1],[-3,3],[-8,0]],[[9861,5464],[-2,0],[1,-5],[-3,-1],[-5,4],[-1,-4],[0,-3],[9,-2],[0,4],[5,0],[2,-3],[-1,-2],[-4,-2],[-6,-2],[-7,2],[-1,5],[-7,-1],[1,3],[-4,2],[-15,2],[-5,-3],[-9,-1],[-5,-2],[-6,0],[1,3],[-3,2]],[[9796,5460],[-3,1],[1,2],[0,6]],[[9794,5469],[2,1],[5,0],[2,2],[6,2],[2,-1]],[[9811,5473],[1,-1]],[[9812,5472],[-1,-1],[-7,-2],[-5,0],[0,-3]],[[9799,5466],[2,-2],[8,2],[-4,-4],[5,-2],[3,3],[3,-1]],[[9816,5462],[2,-1]],[[9818,5461],[3,1],[0,3],[-2,2],[-3,-2],[-4,1],[1,4],[6,-2],[3,0],[5,-3],[5,2],[5,1],[3,2],[5,1]],[[9845,5471],[-3,2],[7,0],[3,1],[2,2]],[[9854,5476],[11,1],[4,1],[7,-1],[6,0],[3,-1],[-2,-3],[-4,-3],[2,-6],[2,-3],[3,0],[2,-5],[3,-3],[-5,-3],[-2,-2],[5,-1],[7,3],[11,1],[-7,2],[2,3],[-1,5],[-2,0],[0,3],[-9,1],[-3,3]],[[9887,5468],[6,1],[-2,2],[0,3],[-4,1],[1,6],[4,2],[3,-1],[12,0],[4,-1],[6,2],[7,0],[-2,-2],[6,-2],[0,-5],[-3,-1],[-1,-4],[-2,-1],[0,-4],[-7,-2],[0,-1],[-4,-2],[0,-3],[7,-1]],[[9856,5468],[3,-2],[2,-2]],[[9861,5464],[3,2],[6,1],[3,-1],[0,6],[6,0],[-2,2],[-4,-1],[-1,2],[-8,0],[-2,-1],[-5,-1],[4,-3],[-5,-2]],[[9852,5468],[4,0]],[[9856,5468],[-4,0]],[[9850,5466],[2,2]],[[9852,5468],[-2,-2]],[[9848,5470],[-3,1]],[[9845,5471],[3,-1]],[[9896,5471],[1,4],[-5,-2],[4,-2]],[[9908,5465],[-1,4],[-3,-1],[-3,2],[-3,-3],[3,-3],[7,1]],[[9906,5440],[0,-2],[5,1],[-1,3],[-4,0],[0,-2]],[[9818,5461],[-2,1]],[[9816,5462],[2,-1]],[[9828,5467],[-1,-1],[-3,6],[4,0],[3,-3],[-3,-2]],[[9816,5472],[-4,0]],[[9812,5472],[-1,1]],[[9811,5473],[5,-1]],[[9787,5479],[-1,-3]],[[9786,5476],[1,3]],[[9822,5483],[2,-2],[-1,-3],[-3,1],[-2,3],[4,1]],[[9860,5480],[2,0]],[[9862,5480],[-2,0]],[[9860,5480],[2,0]],[[9862,5480],[-2,0]],[[9822,5483],[-1,2]],[[9821,5485],[1,-2]],[[9815,5483],[-5,0],[1,5],[5,-1],[-1,-4]],[[9821,5485],[3,1]],[[9824,5486],[-3,-1]],[[9851,5503],[4,-2],[7,0],[-1,-2],[-9,1],[-1,-2],[-7,1],[-5,2],[-3,3],[0,3],[3,1],[5,-1],[7,-4]],[[9794,5506],[2,-4],[3,0],[3,2],[0,4],[-3,2],[3,5],[7,-1],[-1,-3],[-4,-3],[9,0],[4,2],[2,-2],[4,1],[-1,-3],[-9,-1],[3,-4],[-3,-2],[-7,-1],[0,-2],[-5,-1],[0,3],[-6,-2],[-4,1],[-1,5],[-7,0],[-1,2],[-4,2],[2,2],[4,-2],[0,-2],[6,-1],[3,0],[1,3]],[[9845,5531],[0,3],[4,-1],[3,-3],[-5,0],[-2,1]],[[9853,5772],[1,1],[4,0],[0,-2],[-5,1]],[[9806,5787],[-1,3],[9,0],[-2,-2],[-6,-1]],[[9814,5791],[-2,3],[6,0],[0,-2],[-4,-1]],[[9862,5797],[4,2],[4,-1],[8,-1],[-2,-2],[-13,1],[-1,1]],[[9833,6017],[6,-1],[-1,-2],[-9,0],[-11,1],[-7,-1],[-1,2],[4,2],[6,0],[0,-1],[10,-1],[3,1]],[[9833,6017],[-8,1],[-2,3],[8,0],[3,-1],[-1,-3]],[[9881,6050],[-8,0],[-1,3],[7,1],[8,-1],[4,0],[0,-3],[-5,0],[-5,0]],[[9817,6172],[2,4],[4,2],[0,-4],[3,-1],[-2,-4],[-8,-1],[-2,1],[3,3]],[[9856,6180],[2,-1],[4,3],[2,-3],[-8,-3],[-5,-1],[-5,-2],[-7,0],[-3,1],[3,4],[0,3],[5,0],[3,-1],[0,-3],[3,0],[0,4],[6,-1]],[[9880,6373],[-3,1],[1,3],[6,0],[3,-2],[-7,-2]],[[9842,6379],[3,-2],[-7,0],[4,2]],[[9856,6378],[-6,0],[1,2],[5,1],[5,0],[-1,-3],[-4,0]],[[9886,6378],[-4,1],[3,3],[8,-1],[-2,-3],[-5,0]],[[9864,6387],[2,3],[5,-1],[1,-2],[6,1],[4,1],[12,0],[0,-2],[-3,-1],[-17,0],[-7,0],[-3,1]],[[9851,6497],[-6,0],[7,-4],[0,-7],[-1,-3],[-5,-2],[0,-2],[-3,0],[-4,2],[4,4],[0,2],[3,4],[-1,4],[-3,2],[1,5],[6,0],[3,-4],[-1,-1]],[[9851,6524],[3,1],[7,0],[-2,-2],[-13,0],[1,-2],[7,-1],[-2,-2],[-17,1],[-3,1],[-5,3],[6,1],[0,2],[6,2],[8,-2],[4,0],[0,-2]],[[9882,6532],[7,-1],[1,-3],[-6,0],[2,-4],[4,2],[2,2],[4,0],[2,-4],[-7,-2],[-2,2],[-6,-1],[-5,2],[5,5],[-1,2]],[[9904,6528],[-4,2],[0,2],[5,0],[2,-2],[-3,-2]],[[9900,6543],[0,-2],[-8,-1],[0,5],[8,1],[0,-3]],[[9879,6612],[9,-2],[-1,-3],[-10,0],[-9,2],[-1,4],[12,-1]],[[9911,6628],[1,-3],[-6,-1],[-7,0],[-4,2],[-3,4],[11,4],[7,0],[0,-2],[-2,-3],[3,-1]],[[9912,6766],[-2,0],[-1,2],[-5,1],[1,3],[5,-2],[0,-3],[2,-1]],[[9894,7215],[-10,-1],[0,6],[5,0],[3,-1],[2,-4]],[[9856,7227],[-5,-1],[-3,2]],[[9848,7228],[2,1],[3,-1],[8,0],[0,3],[7,0],[2,1],[14,0],[-5,-5],[-1,2],[-15,0],[-3,-4],[-4,2]],[[9889,7231],[1,1],[6,0],[0,-1],[-7,0]],[[9883,7235],[9,0],[2,-2],[-11,0],[0,2]],[[9904,7235],[-7,-1],[1,2],[7,4],[-1,-5]],[[9860,8258],[7,4],[9,2],[0,6],[5,3],[7,1],[9,8],[5,2],[3,2],[6,6],[3,2],[5,6],[0,2],[5,2]],[[9924,8304],[-6,-7],[-3,-3],[-2,-1],[-6,-7],[-5,-3],[-5,-2],[-4,-4],[-4,-3],[-7,-2],[-5,-2],[0,-4],[-2,-3],[-15,-5]],[[9924,8304],[3,1],[0,7],[2,0],[0,-6],[-3,-3],[-2,1]],[[9938,8315],[0,4],[-2,2],[1,5],[3,2],[1,5],[-2,2],[-7,3],[0,2]],[[9932,8340],[8,-4],[2,-6],[-4,-6],[0,-2],[1,-7],[-1,0]],[[9932,8340],[-2,1],[-5,7],[0,11],[-1,2]],[[9924,8361],[3,-3],[-1,-10],[6,-8]],[[9906,8370],[-1,3],[-1,6]],[[9904,8379],[2,-4],[0,-5]],[[9904,8379],[-1,1],[-3,6]],[[9900,8386],[0,3],[2,2],[6,3],[1,4],[2,1],[1,5],[2,3],[10,0],[3,6],[0,4],[4,5],[0,4],[-2,1],[-8,0],[-3,1],[-8,7],[-12,0],[-4,4],[-5,2],[-17,0],[-3,3]],[[9869,8444],[3,-2],[16,0],[4,-1],[4,-1],[3,-4],[4,0],[2,1],[5,0],[4,-3],[4,-4],[4,-2],[8,1]],[[9930,8429],[3,-3],[-1,-4],[-3,-5],[0,-5],[-5,-6],[-5,1],[-5,-1],[-2,-3],[0,-4],[-3,-3],[0,-2],[-7,-5],[0,-4],[2,-6]],[[9986,9129],[1,-5],[3,-3],[-1,-3],[-5,-3],[0,3],[3,0],[-1,7],[-3,0],[3,4]],[[9979,9145],[0,3]],[[9979,9148],[0,-3]],[[9950,9173],[0,-4],[-6,-5],[-4,0],[-4,-4],[-5,0],[0,5],[-7,-7],[-2,3],[1,2],[4,1],[1,2],[4,2],[6,-1],[3,3],[5,1],[4,2]],[[9950,9173],[0,3],[2,1],[1,5],[3,-1],[-1,-3],[-5,-5]],[[9947,9199],[0,-6],[4,-2],[0,-4],[-8,1],[-5,-2],[-9,1],[-7,-1],[3,3],[0,2],[-5,2],[-4,0],[0,-2]],[[9916,9191],[-1,2],[-8,0],[-2,-1],[-9,1]],[[9896,9193],[1,1],[-4,4],[11,0],[0,1],[10,1],[5,0],[1,-2],[9,1],[0,2],[15,0],[5,2],[0,-4],[-2,0]],[[9983,9278],[3,0],[0,-3],[-3,0],[0,3]],[[9962,9337],[-5,3],[6,0],[-1,-3]],[[9989,1626],[-6,1],[3,4],[4,0],[3,-3],[-4,-2]],[[9780,2694],[3,-2],[-1,-3],[-4,0],[-3,2],[-3,5],[2,3],[3,0],[3,-5]],[[9826,2699],[5,0],[-1,-8],[-5,1],[-5,0],[2,4],[0,2],[4,1]],[[9841,2696],[-3,0],[-1,4],[4,-1],[0,-3]],[[9813,2713],[1,-3],[-6,1],[1,3],[4,-1]],[[9916,2711],[-3,1],[4,2],[3,0],[-4,-3]],[[9909,2710],[-3,2],[3,2],[0,-4]],[[9939,2712],[-5,1],[5,5],[3,0],[2,-3],[-5,-3]],[[9818,2731],[6,0],[0,-2],[-3,-1],[-4,0],[1,3]],[[9904,2722],[9,0],[8,2],[0,3],[2,5],[8,3],[1,3],[-1,3],[-4,1],[0,5],[3,-1],[3,-4],[11,-4],[1,-4],[7,-1],[0,5],[5,0],[0,-2],[-9,-6],[-3,0],[-5,-4],[-3,4],[-7,-4],[-4,-1],[-6,-3],[-12,-2],[-4,2]],[[9882,2735],[2,3],[5,1],[0,-4],[-4,-3],[-4,1],[1,2]],[[9860,2739],[-4,-1],[-2,3],[5,0],[1,-2]],[[9861,2738],[4,2],[-1,4],[4,0],[-3,-3],[0,-4],[-4,1]],[[9964,2740],[4,6],[1,-2],[-1,-4],[-4,0]],[[9841,2745],[-5,-1],[-1,5],[3,2],[4,0],[2,-2],[-3,-4]],[[9853,2749],[-8,-6],[-3,1],[5,3],[1,6],[-12,-2],[-5,-2],[-1,-3],[-5,0],[1,2],[9,5],[0,2],[4,1],[8,0],[0,3],[5,-2],[1,-8]],[[9822,2754],[3,-1],[0,-3],[-4,0],[1,4]],[[9805,2757],[-1,-2],[10,-1],[-3,-4],[-7,-1],[-6,3],[2,4],[5,2],[11,3],[0,-2],[-10,-1],[-1,-1]],[[9772,2861],[0,3],[4,3],[1,-2],[-5,-4]],[[9987,2951],[-1,1],[6,4],[4,1],[3,-3],[-1,-3],[-4,1],[-7,-1]],[[9992,2995],[0,-4],[-4,-3],[1,-5],[-2,-2],[-4,1],[1,6],[4,4],[0,5],[9,4],[0,-4],[-2,-2],[-3,0]],[[9915,3033],[-3,-2],[-2,2],[2,2],[3,-2]],[[9902,3032],[-4,0],[1,3],[3,4],[0,-7]],[[9913,3082],[0,-2],[-3,-2],[-1,4],[4,0]],[[9939,3086],[-7,-3],[0,5],[5,2],[5,0],[1,-2],[-4,-2]],[[9857,3511],[-2,3],[4,3],[4,1],[-1,-5],[-5,-2]],[[9857,3524],[-7,0],[0,3],[8,0],[-1,-3]],[[9808,3624],[-6,0],[-9,3],[-1,3],[4,0],[3,-3],[10,-1],[-1,-2]],[[9912,5122],[-1,-4],[5,-3],[4,0],[3,4],[1,3],[3,-3],[-4,-1],[1,-4],[-8,-2],[0,2],[-3,2],[-5,0],[-4,-2],[0,-3],[4,-3],[9,1],[2,-4],[-1,-6],[-1,-5],[-6,0],[0,-4],[5,0],[-3,-4],[-6,0],[-6,3],[1,3],[1,7],[-5,4],[1,4],[-3,2],[-3,0],[-4,-2],[2,-4]],[[9891,5103],[-8,1],[-7,1],[-4,-1],[0,-2],[4,-2],[4,0],[2,-4]],[[9882,5096],[3,0],[1,2],[3,-2],[-3,-1],[1,-5],[3,-2],[3,1],[3,-1],[2,-2],[-4,-2],[0,-4],[2,-2]],[[9896,5078],[-9,1],[-5,-5],[-3,0],[-2,1],[-16,1],[-2,1],[-2,3],[-6,0],[-3,-1],[-3,4],[-3,1],[-10,0],[-1,-2],[6,-2],[-4,-1],[-3,-3],[-10,-5],[-9,1],[-7,1],[0,4],[-2,4],[-8,4],[-2,4],[-4,0],[-4,-3],[-5,2],[4,2],[0,3],[6,0],[2,-2],[6,0],[9,2],[10,4],[0,5],[4,2],[2,8],[11,0],[5,1],[1,5],[3,-1],[7,-6],[4,-2],[5,1],[0,4],[1,3],[6,-6],[4,1],[6,-1],[-3,4]],[[9872,5115],[2,5]],[[9874,5120],[1,-5],[5,-2],[1,5]],[[9881,5118],[2,-1],[2,-4],[-4,-1],[1,-3],[7,0],[3,2],[6,-1],[0,2],[-3,2],[-3,8],[6,2],[7,-2],[7,0]],[[9897,5116],[4,-2],[5,1],[4,4],[-1,2],[-4,0],[-8,-3],[0,-2]],[[9872,5107],[3,0],[1,2],[-5,1],[-2,-1],[-7,1],[-1,-1],[5,-3],[5,-1],[1,2]],[[9824,5096],[0,-3],[3,-1],[-1,-3],[7,-2],[5,1],[4,6],[5,0],[0,2],[-2,3],[-5,0],[2,3],[-1,6],[-3,1],[-12,-1],[-2,-12]],[[9859,5107],[-6,1],[-1,-3],[2,-1],[5,0],[0,3]],[[9908,5102],[2,0],[-3,4],[-5,0],[-1,-4],[2,-1],[5,1]],[[9857,5096],[5,0],[-1,3],[-5,1],[-5,2],[-4,0],[0,-2],[3,-3],[6,0],[1,-1]],[[9914,5101],[-3,0],[-3,-3],[1,-2],[5,1],[0,4]],[[9870,5089],[7,-1],[2,2],[-5,6],[0,3],[-4,0],[-2,-1],[0,-4],[2,-2],[0,-3]],[[9859,5094],[-3,1],[-5,0],[0,-4],[4,-1],[4,1],[0,3]],[[9820,5093],[-5,0],[0,-4],[5,-1],[1,2],[-1,3]],[[9806,5083],[3,-2],[0,-5],[8,-1],[5,2],[0,3],[-3,5],[-3,0],[-3,3],[-4,2],[-7,0],[-1,-2],[5,-5]],[[9864,5084],[1,3],[-11,1],[-1,-2],[4,-3],[6,0],[1,1]],[[9878,5087],[-3,0],[0,-3],[6,1],[-3,2]],[[9891,5103],[4,0],[0,-4],[-5,1],[1,3]],[[9948,5113],[2,0],[3,-4],[0,-4],[-8,2],[-3,-2],[-1,-4],[2,-3],[3,-2],[-8,-3],[-9,3],[-3,10],[5,3],[3,1],[6,4],[8,-1]],[[9948,5113],[-8,-4],[-6,-2],[-1,-3],[3,0],[3,2],[6,2],[3,2],[0,3]],[[9881,5118],[2,4],[3,-1],[-2,-3],[-3,0]],[[9887,5126],[-4,1],[6,7],[4,-1],[-1,-3],[-3,1],[-3,-2],[1,-3]],[[9916,5127],[5,1],[0,-2],[-5,-3],[0,4]],[[9902,5131],[-4,1],[0,-5],[-5,0],[0,3],[3,0],[0,2],[4,4],[2,-3],[0,-2]],[[9878,5128],[-3,0],[0,4],[3,0],[0,-4]],[[9938,5131],[-2,2],[4,1],[2,-1],[-1,-3],[-3,1]],[[9939,5142],[1,5],[3,-3],[-4,-2]],[[9877,5148],[-1,0],[-4,0],[1,1],[3,0],[3,1],[3,3],[2,-3],[-3,-1],[-3,0],[-1,-1]],[[9953,5159],[-4,-3],[-3,-2],[-3,2],[3,2],[0,2],[-3,1],[-10,7],[6,0],[0,-3],[5,-1],[1,-3],[6,0],[2,-2]],[[9893,5180],[-2,-2],[-3,1],[0,3],[7,0],[-2,-2]],[[9905,5376],[-4,2],[4,2],[5,-1],[-5,-3]],[[9884,5388],[-2,-2],[-13,0],[-1,3],[-4,1],[1,2],[6,0],[4,-4],[3,1],[6,-1]],[[9897,5398],[3,0],[0,-4],[-3,0],[0,3],[-3,0],[-2,6],[5,-1],[3,-1],[-3,-3]],[[9869,5423],[4,-1],[-1,-3],[-3,1],[0,3]],[[9949,5444],[0,4],[3,0],[3,-2],[-1,-3],[-2,-1],[-3,2]],[[9936,5437],[-2,0],[-10,5],[-3,-2],[2,-2],[0,-4],[11,-3],[2,-5],[-1,-2],[2,-1],[9,6],[2,1],[0,2],[-3,2],[3,3],[5,-2],[4,0],[4,4],[4,0],[1,4],[5,1],[2,2],[7,0],[4,3],[2,0],[4,4],[6,-1],[2,2],[-1,-13],[1,0],[-1,-21],[1,0],[0,-11],[-3,0],[-6,-3],[-5,0],[-5,-2],[-3,3],[-7,1],[-4,2],[-6,5],[-2,5],[-3,0],[-1,-3],[-5,1],[0,1],[-9,1],[-11,4],[-4,3],[-3,1],[2,3],[-4,6],[-1,4],[-1,1],[4,2]],[[9921,5444],[0,9],[-2,1]],[[9919,5454],[-1,1]],[[9918,5455],[2,4],[8,1]],[[9928,5460],[2,0],[3,-5],[7,2],[3,1],[0,3],[-5,3],[-2,3],[-4,2],[1,5],[6,0],[-2,-4],[1,-3],[5,0],[1,2],[0,4],[-6,5],[1,3],[6,1],[5,0],[5,4],[5,0],[5,2],[-1,3],[8,-1],[5,-6],[3,-2],[11,-1],[1,2],[5,3],[1,-3],[-2,-8],[-3,2],[-5,-2],[0,-4],[2,-1],[3,-4],[-4,1],[-4,5],[-3,2],[-2,-5],[1,-2],[5,-4],[-3,-1],[0,-3],[-6,0],[2,-3],[-9,1],[0,-2],[6,0],[-2,-4],[-7,0],[-1,4],[-8,-2],[-1,-3],[-2,-3],[-3,1],[-1,4],[-6,-4],[4,-4]],[[9949,5444],[-1,-2],[-6,5],[-1,3],[4,0],[0,4],[-4,2],[-3,0],[-2,-5]],[[9936,5451],[2,-5],[-7,-4],[0,-3],[5,-2]],[[9960,5475],[7,-1],[2,1],[0,3],[-2,1],[-1,4],[-7,-1],[-1,-6],[2,-1]],[[9954,5478],[-4,1],[-1,-3],[4,-1],[1,3]],[[9960,5469],[4,0],[-9,5],[-5,0],[-1,-1],[3,-3],[8,0],[0,-1]],[[9972,5468],[5,-1],[0,4],[-5,1],[-5,0],[2,-4],[3,0]],[[9949,5459],[-4,0],[-1,-3],[1,-2],[8,1],[3,2],[0,6],[-2,2],[-2,0],[-5,-2],[2,-4]],[[9965,5459],[-6,1],[3,-3],[3,2]],[[9974,5463],[-3,0],[0,-3],[3,0],[0,3]],[[9928,5456],[-4,-2],[0,-3],[6,0],[-3,2],[1,3]],[[9883,5486],[6,-1],[-1,-2],[-4,0],[-4,-4],[-7,0],[1,2],[-2,3],[6,-1],[5,3]],[[9998,5538],[-8,1],[3,2],[5,0],[0,-3]],[[9955,5543],[10,1],[1,-4],[-10,0],[-1,3]],[[9927,5542],[-6,-1],[-13,0],[5,5],[6,-1],[1,-1],[7,0],[0,-2]],[[9982,5650],[-9,0],[0,3],[4,0],[5,-3]],[[9993,5662],[-6,0],[0,3],[6,-3]],[[9911,5680],[8,-2],[-3,-2],[-8,1],[-4,2],[-8,0],[1,5],[10,-2],[4,-2]],[[9910,5757],[4,1],[6,-1],[1,-1],[-11,1]],[[9920,5761],[-4,0],[-1,2],[6,0],[-1,-2]],[[9928,5766],[6,1],[0,-3],[-5,0],[-1,2]],[[9937,5770],[2,-2],[-8,0],[0,2],[6,0]],[[9893,5791],[-1,-3],[-3,1],[2,2],[2,0]],[[9888,5793],[-1,-1],[-8,0],[1,3],[8,0],[0,-2]],[[9957,5794],[4,1],[4,-2],[-7,-1],[-1,2]],[[9891,5799],[0,1],[6,0],[1,-2],[-7,1]],[[9907,5799],[-4,0],[-1,3],[5,0],[4,-3],[-4,0]],[[9900,5805],[1,2],[6,-1],[-1,-2],[-6,1]],[[9957,5830],[-4,-1],[0,2],[4,-1]],[[9962,5831],[2,1],[6,-1],[0,-2],[-8,2]],[[9970,5833],[-5,0],[-11,0],[1,3],[4,-1],[11,0],[6,-1],[2,-2],[-8,1]],[[9988,5845],[-1,2],[10,0],[0,-1],[-6,-2],[-3,1]],[[9903,6058],[3,-2],[-8,0],[-2,-1],[-8,0],[0,6],[9,0],[13,-1],[-7,-2]],[[9901,6062],[2,2],[18,0],[-1,-2],[-7,0],[-12,0]],[[9902,6067],[3,2],[5,-1],[3,-2],[-11,1]],[[9919,6075],[-2,-2],[-6,1],[-5,-1],[-8,0],[-3,1],[3,3],[3,0],[14,0],[4,-2]],[[9909,6086],[3,1],[7,-1],[-1,-2],[-7,0],[-2,2]],[[9948,6104],[-5,-1],[-5,-2],[10,0],[0,-2],[-6,0],[-6,-5],[-4,1],[-7,-2],[-6,0],[0,1],[4,2],[8,0],[-2,2],[-6,0],[-2,3],[3,1],[6,4],[-1,2],[4,1],[2,1],[8,0],[1,0],[5,0],[-2,-3],[1,-3]],[[9961,6115],[-10,0],[1,1],[8,0],[1,-1]],[[9956,6120],[-1,2],[7,0],[1,-2],[-7,0]],[[9991,6129],[3,6],[0,7],[4,1],[-1,-15],[-1,-1],[-6,0],[1,2]],[[9998,6163],[-5,0],[2,3],[3,-3]],[[9988,6170],[10,1],[-1,-4],[-8,0],[-1,3]],[[9991,6173],[7,1],[0,-2],[-7,1]],[[9989,6179],[7,0],[1,-4],[-10,0],[2,4]],[[9989,6179],[-4,0],[-1,4],[-4,1],[-7,1],[-1,2],[-7,4],[0,2],[-6,5],[2,0],[0,4],[-3,4],[-9,0],[1,2],[4,0],[4,1],[0,2],[5,2],[10,1],[8,-4],[4,0],[1,-2],[-2,-1],[1,-3],[9,1],[4,1],[-1,-20],[1,-6],[-9,-1]],[[9985,6261],[-3,0],[-5,4],[3,0],[9,0],[0,-3],[-4,-1]],[[9961,6289],[-12,0],[-1,2],[-6,0],[0,3],[15,-1],[4,-4]],[[9973,6320],[-4,2],[0,3],[3,0],[3,-4],[-2,-1]],[[9949,6326],[-5,-1],[0,3],[3,2],[6,1],[-4,-5]],[[9935,6349],[-1,-2],[-9,0],[2,2],[8,0]],[[9915,6360],[2,1],[9,0],[6,0],[3,-2],[-20,1]],[[9913,6366],[9,0],[-4,-2],[-8,0],[3,2]],[[9913,6368],[3,3],[13,-1],[-6,-2],[-10,0]],[[9930,6372],[-13,0],[-3,0],[0,5],[5,-1],[-1,-2],[10,0],[2,-2]],[[9921,6476],[0,-3],[3,0],[1,-7],[7,-2],[1,-3],[5,-2],[-3,-2],[2,-7],[3,-3],[1,-4],[-3,-4],[-3,-3],[-5,3],[-2,2],[-4,-1],[-7,4],[-3,4],[0,4],[-1,7],[2,3],[1,9],[3,1],[2,4]],[[9918,6460],[1,-7],[3,-3],[0,-3],[3,-2],[3,1],[1,6],[-3,1],[3,2],[1,4],[-2,0],[0,4],[-3,0],[-4,5],[-3,0],[-1,-4],[1,-4]],[[9987,6497],[-18,0],[7,2],[4,4],[11,0],[4,1],[1,-3],[-6,-1],[-3,-3]],[[9994,6507],[-2,-2],[-3,1],[0,2],[5,-1]],[[9980,6539],[-3,-1],[0,-4],[3,0],[7,-2],[5,2],[5,-1],[0,-6],[-11,0],[-6,-1],[4,6],[-4,-2],[-5,0],[-2,-5],[-7,1],[-4,-2],[-8,0],[-1,-1],[-8,-1],[-1,-4],[-11,0],[-1,-3],[-3,-1],[-5,0],[0,-3],[-3,-1],[0,-2],[-4,-1],[0,-3],[5,-2],[8,0],[8,2],[8,-1],[-1,3],[-4,0],[3,3],[3,3],[10,-1],[-2,-4],[2,-2],[-2,-2],[12,0],[3,1],[5,1],[-1,-4],[-10,-1],[-10,0],[-9,0],[-2,-3],[2,-2],[9,3],[5,0],[6,0],[-2,-2],[-1,-4],[-14,-3],[2,-2],[-2,-3],[-9,1],[-3,-2],[0,-2],[-8,0],[-6,-3],[-1,-2]],[[9921,6476],[0,4],[2,2],[5,9],[1,1],[1,5],[-5,2],[-8,0],[-5,3],[-5,3],[0,4],[3,1],[1,3],[-5,-1],[-1,-4],[-1,-5],[-3,0],[-3,4],[0,3],[4,2],[2,3],[11,0],[4,3],[6,3],[0,4],[-2,4],[-3,0],[-1,7],[-3,0],[-5,3],[-5,-1],[-3,4],[6,4],[4,-1]],[[9913,6545],[0,-1]],[[9913,6544],[-2,-2],[4,-1],[2,-1],[6,-1],[3,5],[8,3],[6,-2],[8,0],[4,3],[-2,5],[5,-1],[3,-4],[7,1],[3,-1],[7,-1],[-2,-2],[4,-2],[-2,-4],[5,0]],[[9962,6544],[-6,-8],[6,-1],[2,3],[4,-1],[-1,-4],[5,0],[2,4],[-5,0],[-2,1],[0,4],[1,1],[0,4],[-6,-3]],[[9931,6530],[3,-2],[8,0],[0,5],[-3,2],[-5,0],[-4,1],[-6,0],[0,-4],[2,-1],[5,-1]],[[9913,6544],[0,1]],[[9913,6545],[0,-1]],[[9990,6559],[0,7],[5,1],[-1,-3],[-2,0],[1,-4],[-3,-1]],[[9941,6628],[3,0]],[[9944,6628],[0,-3],[-3,-1],[0,4]],[[9944,6628],[-3,0]],[[9941,6628],[-12,9],[1,4],[0,4],[3,5],[1,10],[3,1],[7,0],[6,-2],[6,0],[-4,-4],[3,-2],[1,-5],[7,0],[1,-3],[8,-1],[1,-2],[4,0],[1,-3],[6,0],[3,-5],[7,-2],[0,-4],[3,-5],[0,-7],[-5,-3],[1,-5],[0,-6],[-3,-2],[-1,-3],[0,-4],[-4,0],[0,2],[-3,1],[-1,-3],[-5,3],[-9,7],[-4,0],[-3,2],[0,4],[-2,3],[-8,3],[-3,3],[5,0]],[[9952,6618],[-4,3],[-4,7]],[[9960,6771],[3,-1],[-3,-3],[-2,-5],[-6,-3],[-4,0],[-11,3],[-1,1],[0,6],[11,8],[6,0],[4,-1],[0,-4],[3,-1]],[[9992,6832],[-5,-1],[-2,2],[1,3],[4,0],[-2,4],[3,1],[0,3],[6,1],[0,-6],[-3,-6],[-2,-1]],[[9973,6844],[3,0],[0,-5],[-6,-1],[3,6]],[[9947,6866],[-3,-4],[-2,1],[1,3],[4,0]],[[9990,7198],[5,1],[0,-3],[-6,0],[1,2]],[[9977,7368],[1,3],[3,-1],[0,-3],[-4,1]],[[9973,7789],[3,-1],[1,-3],[3,-1],[6,0],[1,-1],[11,-1],[-1,-2],[-4,1],[-6,1],[-1,1],[-6,0],[-5,2],[-2,4]]],"transform":{"scale":[0.0016052853970529588,0.0021495892165920728],"translate":[112.95123269807223,-35.18607370584337]},"objects":{"WA-water_observed":{"type":"GeometryCollection","geometries":[{"arcs":[[[0,1,2]],[[3,4,5,6]],[[7,8,9]],[[10]],[[11]],[[12]],[[13]],[[14]],[[15]],[[16]],[[17,18,19]],[[20]],[[21,22]],[[23]],[[24]],[[25]],[[26]],[[27]],[[28,29,30,31,32,33,34,35,36,37,38,39,40,41,42,43,44,45,46,47,48],[49],[50],[51],[52],[53],[54,55],[56]],[[59]],[[60]],[[61]],[[62]],[[63]],[[64]],[[65,66]],[[69]],[[70,71]],[[72]],[[73]],[[74]],[[75]],[[76]],[[77,78]],[[81,82]],[[83,84]],[[85]],[[86,87]],[[88]],[[93,94]],[[97]],[[98]],[[99]],[[100]],[[101]],[[102]],[[103]],[[104]],[[105]],[[106,107]],[[110,111]],[[112]],[[113]],[[116],[117],[118]],[[119]],[[120]],[[121]],[[122]],[[125,126]],[[127,128]],[[129,130]],[[131]],[[132]],[[133]],[[134]],[[139]],[[140]],[[141]],[[142]],[[143]],[[146,147,148,149]],[[150,151,152,153]],[[156,157]],[[158]],[[159,160]],[[161]],[[162]],[[163]],[[164]],[[169,170]],[[171]],[[172]],[[177]],[[178]],[[179]],[[180]],[[181]],[[184]],[[185]],[[186]],[[187]],[[188]],[[191,192,193]],[[194]],[[195,196]],[[197]],[[198,199,200,201,202]],[[203]],[[204]],[[205]],[[208,209,210,211]],[[214,215,216]],[[217]],[[218]],[[219,220,221,222,223,224,225,226,227,228,229,230,231],[232],[233],[234],[235],[236],[237],[238],[239],[240],[241],[242],[243],[244],[245],[246],[247],[248],[249],[250],[251],[252],[253],[254],[255],[256,257],[258],[259,260],[261],[262,263],[264],[265],[266],[267],[268],[269],[270],[271],[272],[273],[274]],[[277,278]],[[279,280]],[[281]],[[282,283]],[[286,287,288,289]],[[290]],[[291]],[[292]],[[293,294]],[[297]],[[302]],[[303]],[[304]],[[305,306]],[[307,308,309]],[[310]],[[311]],[[320,321,322]],[[323]],[[326]],[[327,328,329]],[[330,331]],[[332]],[[333]],[[334]],[[335]],[[336]],[[337]],[[338]],[[339,340]],[[341]],[[342,343]],[[352,353,354]],[[359]],[[360]],[[361,362]],[[363]],[[364,365]],[[366,367]],[[368]],[[369]],[[370]],[[373]],[[374]],[[381]],[[382]],[[383]],[[384]],[[385]],[[386,387,388,389]],[[390,391,392,393]],[[394,395,396,397,398,399]],[[400,401]],[[402,403,404,405]],[[406]],[[407]],[[408]],[[409]],[[410]],[[413]],[[414,415,416]],[[417]],[[418]],[[419,420,421,422,423]],[[424,425]],[[426]],[[429,430,431,432]],[[433]],[[434]],[[435]],[[436]],[[437]],[[438]],[[445,446,447]],[[448,449]],[[450,451,452,453]],[[454,455,456,457,458]],[[459,460,461]],[[464,465,466,467]],[[468,469,470,471,472]],[[473,474,475]],[[476,477,478,479]],[[480,481,482]],[[483]],[[484]],[[485]],[[486,487,488,489]],[[492,493,494]],[[495]],[[496]],[[497]],[[500]],[[501]],[[502,503]],[[506,507,508,509,510,511,512,513,514,515],[516],[517]],[[518]],[[519]],[[520]],[[521]],[[524]],[[525]],[[526,527,528]],[[531]],[[532]],[[533]],[[534]],[[535]],[[536,537,538,539,540,541,542,543,544]],[[545]],[[546]],[[547]],[[548,549,550,551,552,553]],[[554,555,556,557,558,559]],[[562]],[[563,564,565,566]],[[567,568]],[[571]],[[572,573,574,575]],[[578,579,580,581,582,583,584]],[[593,594]],[[595,596]],[[597,598,599]],[[600]],[[601,602,603,604,605,606]],[[609]],[[610]],[[613]],[[614]],[[615]],[[616]],[[617]],[[618]],[[619]],[[622]],[[629]],[[630]],[[631]],[[642]],[[643]],[[644]],[[645,646,647]],[[648]],[[649]],[[652]],[[653,654,655]],[[658,659]],[[660]],[[661]],[[662]],[[667]],[[668]],[[674]],[[675,676]],[[683]],[[684]],[[687,688,689]],[[690,691,692]],[[693,694,695]],[[700]],[[701]],[[702]],[[703]],[[704]],[[707,708,709,710,711,712],[713],[714],[715],[716],[717],[718],[719],[720],[721],[722],[723],[724],[725],[726],[727],[728],[729],[730],[731],[732],[733]],[[734,735,736]],[[737,738,739]],[[740],[741],[742]],[[743]],[[744]],[[745]],[[746,747]],[[748,749]],[[752]],[[757,758,759]],[[760]],[[761]],[[762]],[[763]],[[764]],[[765]],[[766]],[[767]],[[768]],[[769]],[[770]],[[771]],[[776]],[[777,778]],[[787]],[[790]],[[791]],[[792]],[[797,798]],[[799,800]],[[803,804,805]],[[806]],[[807]],[[808]],[[809]],[[810]],[[811]],[[812]],[[813]],[[814]],[[815]],[[816]],[[819]],[[820]],[[821]],[[822]],[[823]],[[824]],[[825]],[[826]],[[827,828,829,830]],[[831,832,833,834,835,836,837,838,839,840,841],[842],[843]],[[844]],[[845]],[[848,849]],[[852,853]],[[854,855]],[[856,857]],[[858,859]],[[864,865]],[[870,871,872]],[[873]],[[874,875,876]],[[877]],[[878,879]],[[888,889]],[[892,893]],[[896]],[[897]],[[898]],[[899,900,901]],[[902,903,904]],[[909,910]],[[911,912]],[[913,914,915,916,917,918,919,920,921,922,923,924,925,926,927,928,929,930,931,932,933,934,935,936,937,938,939,940,941,942,943,944,945,946,947],[948],[949],[950],[951,952,953,954],[955],[956],[957],[958],[959],[960],[961,962],[963,964],[967,968,969],[970],[971],[972],[973],[974],[975],[978]],[[979,980]],[[981]],[[982]],[[983]],[[986,987,988]],[[989,990,991]],[[992,993,994]],[[1001,1002]],[[1005]],[[1006]],[[1007]],[[1011,1012,1013,1014]],[[1015,1016,1017]],[[1020,1021,1022]],[[1023,1024]],[[1027,1028]],[[1029,1030]],[[1031,1032]],[[1033,1034,1035]],[[1036,1037,1038]],[[1041,1042]],[[1043,1044]],[[1045,1046]],[[1047]],[[1048,1049,1050]],[[1051,1052]],[[1053,1054,1055]],[[1056]],[[1057,1058,1059]],[[1060]],[[1061]],[[1062,1063]],[[1064,1065]],[[1068,1069,1070]],[[1071,1072]],[[1073,1074]],[[1079]],[[1080]],[[1081]],[[1084]],[[1085]],[[1088,1089,1090,1091,1092,1093,1094],[1095]],[[1096,1097,1098]],[[1101,1102]],[[1105,1106]],[[1109,1110]],[[1113,1114]],[[1119,1120]],[[1121,1122]],[[1123]],[[1124,1125]],[[1128]],[[1129]],[[1130,1131]],[[1132]],[[1133]],[[1134]],[[1135]],[[1136,1137]],[[1138]],[[1139]],[[1140]],[[1141]],[[1142]],[[1143]],[[1144]],[[1145]],[[1146,1147]],[[1152,1153]],[[1154,1155]],[[1156]],[[1157]],[[1158]],[[1159]],[[1160]],[[1163]],[[1164]],[[1165]],[[1166]],[[1167]],[[1172,1173]],[[1174]],[[1175]],[[1176]],[[1177]],[[1178,1179]],[[1180,1181]],[[1184,1185]],[[1186]],[[1187]],[[1188]],[[1189]],[[1190]],[[1191]],[[1196,1197]],[[1198]],[[1199]],[[1200]],[[1201]],[[1202]],[[1203,1204]],[[1205]],[[1206,1207],[1208]],[[1209]],[[1210]],[[1211]],[[1214]],[[1215]],[[1216,1217,1218,1219]],[[1220]],[[1225,1226,1227],[1228]],[[1229]],[[1230]],[[1231]],[[1232,1233]],[[1234]],[[1239]],[[1240]],[[1241]],[[1242]],[[1243]],[[1244]],[[1245]],[[1246]],[[1247,1248]],[[1249]],[[1254]],[[1255]],[[1256,1257]],[[1258,1259]],[[1262,1263]],[[1272,1273]],[[1274,1275,1276]],[[1277,1278]],[[1279,1280,1281,1282,1283,1284],[1285]],[[1286]],[[1289]],[[1292]],[[1295,1296,1297]],[[1298]],[[1299]],[[1300]],[[1301]],[[1302]],[[1305,1306]],[[1307,1308,1309]],[[1310,1311]],[[1312]],[[1313]],[[1314,1315]],[[1316],[1317],[1318]],[[1319]],[[1324,1325,1326]],[[1327,1328]],[[1331,1332]],[[1333]],[[1334,1335]],[[1336]],[[1337]],[[1338]],[[1339,1340]],[[1343,1344]],[[1345,1346,1347,1348,1349,1350],[1351,1352]],[[1353],[1354,1355]],[[1359,1360,1361]],[[1362]],[[1363]],[[1364]],[[1365,1366,1367,1368,1369,1370,1371,1372,1373,1374,1375],[1376,1377],[1378],[1379]],[[1380]],[[1385,1386,1387]],[[1390,1391,1392,1393,1394]],[[1395,1396,1397,1398,1399]],[[1400,1401,1402,1403,1404,1405,1406,1407]],[[1412,1413,1414,1415,1416,1417,1418,1419,1420],[1421,1422,1423],[1424]],[[1427,1428]],[[1429,1430]],[[1433,1434]],[[1435]],[[1436]],[[1439,1440]],[[1441]],[[1442]],[[1443]],[[1444]],[[1445,1446]],[[1449,1450]],[[1451,1452]],[[1453]],[[1462,1463]],[[1464,1465]],[[1466,1467]],[[1468,1469]],[[1470]],[[1471,1472]],[[1473]],[[1474]],[[1479,1480]],[[1481,1482]],[[1487,1488,1489]],[[1490]],[[1491]],[[1492]],[[1493]],[[1494,1495,1496,1497,1498,1499,1500,1501,1502]],[[1503,1504,1505,1506,1507]],[[1508,1509,1510,1511]],[[1512,1513,1514]],[[1515]],[[1516]],[[1517]],[[1518]],[[1519]],[[1520]],[[1523]],[[1524,1525]],[[1526]],[[1527]],[[1528]],[[1531,1532,1533,1534,1535,1536,1537,1538,1539,1540,1541,1542,1543,1544,1545,1546,1547,1548,1549,1550,1551,1552,1553,1554,1555,1556,1557,1558,1559,1560,1561,1562,1563,1564,1565,1566,1567,1568,1569,1570],[1571,1572],[1573],[1574]],[[1577,1578,1579]],[[1580,1581]],[[1588,1589,1590,1591]],[[1592,1593,1594,1595,1596]],[[1597,1598]],[[1599]],[[1600,1601,1602]],[[1605,1606,1607,1608,1609]],[[1610,1611]],[[1620,1621]],[[1622]],[[1623]],[[1624]],[[1625,1626]],[[1627]],[[1628,1629]],[[1630,1631,1632]],[[1633,1634]],[[1637,1638,1639]],[[1640,1641]],[[1644,1645]],[[1646]],[[1647]],[[1648,1649]],[[1652]],[[1653]],[[1654]],[[1655]],[[1656]],[[1665,1666]],[[1667]],[[1672]],[[1673,1674,1675]],[[1676,1677,1678,1679,1680,1681,1682,1683,1684,1685,1686]],[[1687,1688,1689,1690]],[[1693]],[[1696,1697,1698,1699]],[[1702,1703]],[[1704,1705,1706]],[[1709,1710]],[[1711,1712,1713]],[[1714,1715,1716,1717,1718,1719,1720]],[[1723,1724,1725]],[[1731,1732]],[[1733]],[[1734]],[[1737]],[[1738]],[[1739]],[[1740]],[[1741]],[[1744,1745,1746,1747]],[[1752]],[[1753]],[[1754]],[[1755]],[[1756]],[[1757]],[[1758]],[[1759]],[[1760]],[[1761]],[[1762,1763]],[[1764,1765,1766]],[[1769]],[[1770,1771]],[[1776,1777,1778,1779,1780,1781,1782,1783,1784]],[[1787,1788,1789]],[[1790,1791,1792,1793,1794,1795,1796,1797,1798,1799,1800,1801,1802,1803]],[[1806,1807]],[[1813,1814,1815,1816]],[[1817,1818]],[[1819]],[[1820]],[[1821,1822]],[[1823,1824,1825,1826,1827,1828],[1829],[1830],[1831]],[[1832]],[[1833]],[[1834]],[[1839]],[[1840]],[[1841]],[[1842]],[[1843]],[[1844,1845]],[[1846]],[[1847]],[[1848]],[[1849]],[[1850]],[[1853,1854,1855,1856,1857,1858,1859,1860]],[[1861]],[[1862]],[[1863,1864]],[[1867,1868,1869,1870]],[[1873]],[[1874,1875]],[[1876,1877]],[[1882]],[[1883]],[[1892]],[[1893]],[[1896,1897]],[[1898]],[[1899]],[[1902,1903]],[[1904,1905]],[[1906,1907]],[[1908,1909]],[[1910,1911]],[[1912,1913]],[[1916,1917,1918]],[[1919,1920,1921]],[[1922,1923]],[[1924]],[[1925]],[[1926]],[[1927]],[[1930,1931,1932,1933,1934]],[[1935,1936,1937]],[[1938],[1939]],[[1940]],[[1941]],[[1942]],[[1943]],[[1944,1945,1946]],[[1950,1951]],[[1952,1953]],[[1956]],[[1957,1958]],[[1963,1964]],[[1965]],[[1966,1967,1968,1969,1970]],[[1973]],[[1974,1975,1976]],[[1981]],[[1982]],[[1983]],[[1984,1985]],[[1986,1987]],[[1988,1989,1990]],[[1993,1994]],[[1995,1996,1997,1998]],[[1999,2000,2001,2002,2003,2004]],[[2005]],[[2006]],[[2009,2010,2011],[2012,2013,2014]],[[2015]],[[2016]],[[2023]],[[2024],[2025]],[[2028]],[[2029]],[[2030]],[[2035]],[[2036]],[[2037]],[[2038]],[[2039]],[[2040]],[[2041]],[[2042]],[[2043]],[[2044,2045,2046]],[[2047,2048,2049]],[[2050]],[[2051]],[[2052,2053]],[[2054,2055,2056,2057]],[[2060,2061]],[[2062,2063]],[[2064]],[[2065]],[[2066]],[[2067]],[[2068]],[[2069]],[[2070]],[[2071]],[[2072]],[[2073]],[[2074]],[[2075]],[[2076]],[[2077]],[[2078,2079,2080]],[[2084]],[[2085]],[[2086]],[[2087]],[[2088,2089]],[[2092,2093]],[[2094,2095]],[[2098,2099]],[[2100,2101]],[[2102]],[[2103]],[[2104]],[[2105]],[[2106,2107]],[[2108,2109]],[[2110]],[[2115]],[[2116]],[[2117]],[[2118]],[[2127,2128,2129,2130,2131,2132]],[[2133]],[[2134]],[[2137,2138]],[[2139,2140,2141]],[[2149]],[[2150,2151,2152,2153]],[[2154]],[[2155]],[[2156]],[[2157,2158]],[[2159]],[[2160]],[[2163]],[[2164]],[[2165]],[[2166]],[[2167]],[[2172]],[[2182,2183,2184,2185,2186,2187]],[[2188,2189,2190]],[[2191,2192,2193,2194]],[[2195]],[[2196,2197,2198,2199,2200]],[[2201,2202,2203]],[[2206,2207,2208,2209]],[[2212,2213,2214]],[[2215,2216]],[[2217,2218]],[[2219,2220]],[[2221,2222,2223]],[[2226,2227]],[[2228,2229,2230]],[[2231]],[[2232,2233,2234]],[[2235,2236,2237]],[[2243,2244,2245]],[[2246]],[[2249,2250,2251,2252,2253]],[[2254]],[[2255,2256]],[[2259,2260,2261]],[[2262,2263,2264]],[[2265,2266]],[[2267,2268]],[[2269]],[[2270]],[[2271]],[[2272,2273]],[[2278,2279,2280]],[[2283,2284,2285]],[[2288]],[[2291]],[[2294,2295,2296,2297]],[[2298]],[[2299,2300,2301,2302,2303,2304,2305]],[[2308]],[[2311,2312]],[[2313]],[[2314]],[[2315,2316]],[[2319]],[[2320]],[[2325]],[[2326,2327]],[[2328]],[[2331,2332]],[[2333,2334,2335]],[[2338]],[[2339]],[[2340,2341,2342]],[[2343,2344]],[[2345,2346]],[[2347,2348,2349,2350,2351]],[[2354]],[[2355,2356,2357]],[[2358,2359,2360]],[[2363,2364]],[[2367,2368]],[[2369,2370,2371]],[[2372]],[[2375,2376,2377,2378,2379]],[[2382,2383]],[[2386,2387]],[[2388,2389,2390,2391,2392]],[[2393]],[[2394]],[[2395]],[[2396,2397,2398,2399]],[[2402]],[[2403,2404]],[[2411]],[[2412,2413,2414,2415,2416,2417,2418,2419,2420,2421,2422,2423,2424,2425],[2426],[2427],[2428,2429,2430],[2431,2432],[2433]],[[2436]],[[2437]],[[2438]],[[2443,2444]],[[2445,2446]],[[2449,2450]],[[2451]],[[2454,2455,2456]],[[2459]],[[2460]],[[2461]],[[2462,2463,2464,2465,2466]],[[2467]],[[2470,2471],[2472]],[[2473]],[[2474,2475,2476]],[[2477]],[[2478]],[[2481,2482]],[[2487,2488]],[[2489,2490]],[[2491]],[[2492,2493,2494,2495,2496,2497,2498,2499],[2500]],[[2501,2502]],[[2505]],[[2506]],[[2507]],[[2512,2513,2514,2515,2516,2517,2518,2519,2520,2521,2522]],[[2525]],[[2526,2527]],[[2532,2533,2534,2535,2536]],[[2537,2538,2539,2540]],[[2541,2542,2543,2544]],[[2551,2552]],[[2553]],[[2554,2555,2556,2557,2558,2559,2560,2561,2562,2563,2564,2565,2566],[2567,2568,2569]],[[2570]],[[2571,2572,2573]],[[2574,2575]],[[2576,2577]],[[2582]],[[2583]],[[2584]],[[2587,2588,2589,2590,2591,2592,2593,2594,2595,2596,2597,2598],[2599],[2600],[2601],[2602],[2603]],[[2604]],[[2605]],[[2614,2615]],[[2618,2619,2620]],[[2621]],[[2622]],[[2623]],[[2624,2625,2626]],[[2629]],[[2630]],[[2631]],[[2632],[2633]],[[2634,2635,2636,2637,2638,2639,2640]],[[2641,2642,2643]],[[2644,2645,2646,2647,2648,2649,2650]],[[2655,2656]],[[2657,2658,2659]],[[2660,2661,2662]],[[2663,2664,2665]],[[2666]],[[2667,2668]],[[2669,2670,2671,2672]],[[2675,2676,2677,2678,2679]],[[2680,2681]],[[2682]],[[2689]],[[2692]],[[2697]],[[2698]],[[2701]],[[2702]],[[2703]],[[2708]],[[2709]],[[2710,2711,2712]],[[2713,2714]],[[2717,2718,2719]],[[2720]],[[2721]],[[2722]],[[2725,2726]],[[2727]],[[2728]],[[2729,2730]],[[2733,2734,2735,2736,2737]],[[2742,2743]],[[2744,2745,2746,2747]],[[2752]],[[2753]],[[2766]],[[2767]],[[2768]],[[2769]],[[2770]],[[2771]],[[2772]],[[2773]],[[2774]],[[2775]],[[2778]],[[2785,2786]],[[2787,2788]],[[2789,2790]],[[2791,2792,2793]],[[2794]],[[2799]],[[2800]],[[2801,2802,2803,2804,2805,2806,2807],[2808,2809,2810]],[[2813,2814,2815]],[[2816]],[[2817]],[[2818]],[[2819]],[[2820]],[[2821]],[[2822]],[[2823]],[[2824]],[[2825]],[[2826]],[[2827]],[[2828,2829]],[[2830]],[[2835,2836]],[[2837,2838]],[[2839,2840]],[[2841,2842]],[[2843,2844,2845]],[[2848,2849,2850,2851,2852,2853,2854,2855]],[[2856,2857,2858]],[[2859]],[[2862,2863,2864,2865,2866,2867]],[[2870]],[[2871]],[[2872]],[[2873]],[[2874]],[[2881,2882]],[[2883,2884,2885,2886,2887,2888,2889,2890,2891,2892],[2893]],[[2896]],[[2899]],[[2900]],[[2905]],[[2906,2907]],[[2908]],[[2909]],[[2910]],[[2911]],[[2912]],[[2913]],[[2914]],[[2915]],[[2916]],[[2919,2920,2921,2922]],[[2923]],[[2924,2925,2926,2927,2928,2929,2930]],[[2931]],[[2932]],[[2933]],[[2934,2935]],[[2936]],[[2937]],[[2938]],[[2939]],[[2940]],[[2941,2942]],[[2945,2946]],[[2947,2948]],[[2949]],[[2950,2951]],[[2952]],[[2955]],[[2956,2957,2958,2959]],[[2962]],[[2963]],[[2964,2965,2966]],[[2969,2970]],[[2971]],[[2972]],[[2973]],[[2974]],[[2975]],[[2976],[2977]],[[2980,2981,2982]],[[2983,2984,2985]],[[2986,2987,2988]],[[2989]],[[2992]],[[2993]],[[2994]],[[2995,2996,2997]],[[3000]],[[3001]],[[3002]],[[3003]],[[3004]],[[3005]],[[3006]],[[3007]],[[3008]],[[3009]],[[3010]],[[3011]],[[3012]],[[3013]],[[3022]],[[3031]],[[3032,3033]],[[3038,3039]],[[3040,3041]],[[3042]],[[3043]],[[3044]],[[3045,3046,3047,3048]],[[3049]],[[3050]],[[3051,3052,3053,3054,3055]],[[3056]],[[3059,3060,3061]],[[3062,3063,3064]],[[3065]],[[3066,3067,3068,3069,3070,3071,3072]],[[3079]],[[3080]],[[3081]],[[3082]],[[3083]],[[3084]],[[3085]],[[3086]],[[3087]],[[3088]],[[3089]],[[3090]],[[3091,3092]],[[3097]],[[3103,3104,3105,3106]],[[3107,3108]],[[3109]],[[3110]],[[3111]],[[3116]],[[3117]],[[3118]],[[3119]],[[3120]],[[3123,3124,3125]],[[3126,3127]],[[3128]],[[3129,3130]],[[3131,3132]],[[3133,3134,3135]],[[3138,3139,3140]],[[3143,3144]],[[3147]],[[3148]],[[3149]],[[3150]],[[3151]],[[3152]],[[3153]],[[3154]],[[3155]],[[3156]],[[3157]],[[3158]],[[3159]],[[3160,3161]],[[3162]],[[3163,3164]],[[3165]],[[3174,3175]],[[3178,3179,3180]],[[3187,3188,3189,3190,3191,3192,3193,3194,3195,3196,3197,3198,3199,3200,3201,3202,3203,3204,3205,3206,3207,3208,3209,3210,3211,3212,3213,3214,3215,3216,3217],[3218],[3219,3220,3221],[3222],[3223],[3224,3225],[3226],[3227],[3228,3229,3230],[3231],[3232],[3233],[3234],[3235],[3236,3237],[3238],[3239],[3240],[3241],[3242],[3243],[3244],[3245],[3246],[3247,3248],[3249],[3250],[3251],[3252],[3253],[3254],[3255],[3256]],[[3257],[3258]],[[3259]],[[3260]],[[3261,3262]],[[3263]],[[3264,3265]],[[3266,3267,3268,3269]],[[3274]],[[3277,3278]],[[3279]],[[3280]],[[3281]],[[3282]],[[3283,3284]],[[3285,3286]],[[3287]],[[3288]],[[3289]],[[3290]],[[3291]],[[3292]],[[3293]],[[3294,3295]],[[3296,3297]],[[3298]],[[3299]],[[3300]],[[3301]],[[3304]],[[3307]],[[3310]],[[3311,3312,3313]],[[3316]],[[3317]],[[3318,3319]],[[3320]],[[3321,3322]],[[3323,3324,3325,3326,3327]],[[3328]],[[3329,3330,3331,3332]],[[3335]],[[3336]],[[3337]],[[3338]],[[3339]],[[3340]],[[3341]],[[3342]],[[3343]],[[3344]],[[3345]],[[3346,3347,3348]],[[3349]],[[3350]],[[3353,3354,3355]],[[3356]],[[3357,3358]],[[3359,3360,3361,3362]],[[3363,3364,3365]],[[3368]],[[3369]],[[3370]],[[3371,3372]],[[3373,3374,3375,3376,3377]],[[3380,3381]],[[3382,3383,3384,3385,3386,3387,3388]],[[3389]],[[3390]],[[3391,3392]],[[3393,3394,3395,3396,3397,3398,3399]],[[3400,3401,3402]],[[3403,3404,3405]],[[3406,3407,3408,3409]],[[3410,3411,3412]],[[3415]],[[3419,3420,3421,3422],[3416,3417,3418]],[[3423,3424,3425,3426,3427]],[[3428,3429,3430]],[[3431,3432]],[[3433]],[[3434],[3435]],[[3438,3439,3440]],[[3443],[3444]],[[3447,3448,3449]],[[3450]],[[3451,3452],[3453]],[[3456,3457,3458]],[[3459,3460,3461]],[[3462]],[[3463,3464,3465]],[[3466,3467,3468,3469,3470,3471,3472]],[[3477]],[[3478,3479]],[[3482,3483,3484,3485,3486]],[[3491,3492,3493,3494]],[[3495]],[[3496,3497,3498,3499,3500]],[[3501,3502,3503,3504]],[[3505]],[[3506]],[[3507]],[[3508,3509,3510]],[[3511,3512,3513]],[[3514]],[[3515]],[[3516]],[[3517]],[[3518,3519,3520,3521,3522,3523,3524,3525,3526,3527,3528,3529,3530,3531,3532,3533],[3534],[3535,3536],[3537],[3538],[3539],[3540,3541],[3542],[3543],[3544],[3545],[3546],[3547,3548],[3549],[3550],[3551],[3552],[3553],[3554],[3555],[3556],[3557],[3558,3559],[3562],[3563],[3564,3565,3566,3567,3568],[3569],[3570],[3571],[3572],[3573],[3574],[3575],[3576],[3577],[3578],[3579],[3580],[3581],[3582,3583,3584],[3585]],[[3586,3587]],[[3592]],[[3595,3596,3597]],[[3598,3599]],[[3600]],[[3603]],[[3604]],[[3605]],[[3606]],[[3607,3608]],[[3609,3610,3611,3612],[3613]],[[3614]],[[3615]],[[3618,3619,3620,3621]],[[3622]],[[3623]],[[3624]],[[3627,3628,3629,3630]],[[3633,3634,3635,3636,3637,3638,3639,3640,3641,3642,3643,3644,3645,3646,3647,3648,3649,3650,3651,3652,3653,3654,3655,3656,3657],[3658]],[[3661,3662,3663]],[[3666]],[[3667]],[[3670]],[[3671]],[[3676]],[[3677]],[[3678]],[[3679,3680]],[[3681,3682]],[[3683,3684,3685,3686,3687,3688],[3689,3690]],[[3695]],[[3696]],[[3699]],[[3700]],[[3701,3702,3703]],[[3704,3705]],[[3708]],[[3709,3710,3711]],[[3714]],[[3715]],[[3716]],[[3717]],[[3718]],[[3719]],[[3720]],[[3721]],[[3726]],[[3727]],[[3728,3729]],[[3730]],[[3731]],[[3732]],[[3733]],[[3734]],[[3735,3736]],[[3739,3740]],[[3745]],[[3746,3747]],[[3748]],[[3749]],[[3750]],[[3751,3752]],[[3753,3754,3755]],[[3756]],[[3757]],[[3758,3759,3760]],[[3765,3766,3767]],[[3768,3769]],[[3770,3771]],[[3774]],[[3781]],[[3782]],[[3783,3784]],[[3785]],[[3786,3787,3788]],[[3791]],[[3792,3793,3794]],[[3795]],[[3796]],[[3799,3800,3801,3802,3803]],[[3804]],[[3805,3806]],[[3807]],[[3808]],[[3809,3810,3811,3812,3813,3814,3815,3816,3817,3818,3819,3820,3821,3822],[3823],[3824]],[[3825]],[[3826]],[[3829,3830]],[[3831,3832,3833]],[[3834,3835]],[[3836]],[[3837]],[[3838,3839,3840,3841,3842],[3843]],[[3844,3845]],[[3846]],[[3847]],[[3848]],[[3849]],[[3850,3851,3852]],[[3853,3854,3855]],[[3856],[3857]],[[3858]],[[3859,3860,3861,3862]],[[3863]],[[3864]],[[3865,3866,3867]],[[3870,3871,3872,3873]],[[3876,3877,3878,3879,3880,3881,3882,3883,3884],[3885]],[[3886,3887,3888]],[[3889,3890]],[[3891,3892,3893,3894,3895,3896,3897,3898,3899,3900,3901,3902,3903],[3904],[3907]],[[3908,3909,3910,3911,3912,3913]],[[3914,3915]],[[3916,3917,3918]],[[3925,3926,3927]],[[3930]],[[3931]],[[3932]],[[3933]],[[3934]],[[3935]],[[3936]],[[3939,3940]],[[3941]],[[3944,3945,3946,3947,3948,3949]],[[3950,3951,3952,3953,3954,3955,3956],[3957],[3958],[3959]],[[3962,3963]],[[3964,3965]],[[3966,3967]],[[3968]],[[3969,3970,3971,3972]],[[3973,3974,3975,3976,3977,3978]],[[3979]],[[3980]],[[3983]],[[3984]],[[3985,3986]],[[3987]],[[3988]],[[3989]],[[3990]],[[3991]],[[3992,3993,3994]],[[3995,3996,3997]],[[3998,3999,4000,4001]],[[4002]],[[4005]],[[4006,4007]],[[4010]],[[4011]],[[4012,4013,4014,4015]],[[4016,4017]],[[4020]],[[4021,4022,4023,4024],[4025]],[[4026]],[[4029]],[[4030]],[[4031]],[[4032,4033]],[[4034,4035]],[[4036,4037,4038,4039]],[[4040]],[[4041,4042,4043,4044,4045],[4046,4047],[4048],[4049],[4050]],[[4053,4054,4055,4056]],[[4057,4058,4059,4060]],[[4061]],[[4062]],[[4063]],[[4064]],[[4065],[4066],[4067]],[[4068]],[[4069]],[[4070,4071]],[[4072,4073]],[[4074,4075,4076]],[[4077]],[[4078]],[[4083]],[[4084],[4085]],[[4086]],[[4087]],[[4088]],[[4089]],[[4092]],[[4093],[4094]],[[4095,4096]],[[4097,4098]],[[4099]],[[4100,4101,4102,4103],[4104]],[[4105,4106,4107]],[[4110,4111,4112,4113]],[[4114,4115,4116]],[[4117,4118,4119,4120,4121,4122,4123,4124]],[[4125,4126,4127]],[[4130,4131]],[[4132]],[[4133]],[[4134]],[[4137,4138,4139,4140,4141]],[[4146],[4147],[4148],[4149],[4150],[4151]],[[4152]],[[4153]],[[4154]],[[4155]],[[4156]],[[4157]],[[4158]],[[4159,4160,4161,4162,4163]],[[4164]],[[4165]],[[4166,4167]],[[4168]],[[4169]],[[4170]],[[4171]],[[4176,4177,4178,4179,4180]],[[4183,4184]],[[4185]],[[4186],[4187,4188,4189,4190,4191]],[[4196]],[[4201]],[[4202,4203,4204,4205]],[[4208,4209,4210]],[[4211,4212,4213,4214]],[[4215,4216,4217]],[[4218,4219,4220,4221]],[[4222]],[[4225,4226]],[[4227,4228,4229]],[[4234,4235,4236]],[[4239,4240]],[[4243,4244,4245,4246,4247]],[[4248]],[[4249]],[[4252]],[[4255,4256,4257]],[[4258,4259]],[[4260]],[[4261]],[[4262]],[[4263]],[[4264]],[[4267]],[[4268]],[[4269,4270]],[[4271]],[[4272]],[[4273]],[[4274]],[[4275]],[[4276]],[[4277]],[[4278]],[[4279]],[[4280]],[[4281]],[[4282]],[[4283]],[[4284]],[[4285]],[[4286]],[[4287]],[[4288]],[[4289]],[[4290,4291,4292,4293]],[[4294,4295,4296]],[[4297,4298,4299,4300,4301,4302,4303,4304]],[[4309,4310,4311]],[[4312,4313]],[[4314,4315,4316]],[[4317]],[[4318,4319]],[[4320,4321,4322]],[[4325]],[[4326]],[[4327]],[[4328,4329,4330,4331,4332,4333],[4334,4335],[4336],[4337],[4338],[4339]],[[4340]],[[4341]],[[4342,4343,4344]],[[4345]],[[4346]],[[4347]],[[4348]],[[4349]],[[4350,4351,4352]],[[4353,4354]],[[4355]],[[4356]],[[4357]],[[4358]],[[4359,4360]],[[4363]],[[4364]],[[4365,4366,4367]],[[4368,4369]],[[4370]],[[4371]],[[4372]],[[4373]],[[4374]],[[4375]],[[4376]],[[4377]],[[4378]],[[4379],[4380]],[[4381,4382,4383,4384,4385]],[[4386]],[[4387]],[[4388]],[[4389]],[[4390,4391]],[[4394,4395,4396,4397,4398,4399,4400,4401,4402,4403],[4404]],[[4405]],[[4408,4409,4410,4411,4412,4413,4414,4415,4416,4417,4418,4419]],[[4424]],[[4425]],[[4428,4429,4430,4431,4432]],[[4433,4434,4435,4436]],[[4439,4440,4441]],[[4444]],[[4449,4450]],[[4451,4452]],[[4453,4454,4455]],[[4456,4457,4458]],[[4459]],[[4460]],[[4461]],[[4462]],[[4465]],[[4466]],[[4467]],[[4468]],[[4469,4470]],[[4471]],[[4474]],[[4475]],[[4476]],[[4477,4478,4479]],[[4480,4481]],[[4484,4485]],[[4486]],[[4489,4490]],[[4491,4492,4493]],[[4498,4499]],[[4500,4501]],[[4504]],[[4505]],[[4506]],[[4507]],[[4510]],[[4511]],[[4512]],[[4513,4514,4515]],[[4516]],[[4517]],[[4518]],[[4519]],[[4520]],[[4521]],[[4522]],[[4523]],[[4524,4525,4526]],[[4527,4528]],[[4533,4534]],[[4537,4538,4539,4540,4541]],[[4542,4543]],[[4546,4547,4548]],[[4549]],[[4550]],[[4551,4552,4553]],[[4554,4555,4556,4557]],[[4558,4559]],[[4562,4563,4564,4565,4566]],[[4567,4568,4569]],[[4574]],[[4577,4578,4579]],[[4582,4583]],[[4586]],[[4587]],[[4588]],[[4589]],[[4597]],[[4600]],[[4601,4602,4603,4604,4605],[4606]],[[4607]],[[4608]],[[4609]],[[4610]],[[4611]],[[4612]],[[4613,4614]],[[4615]],[[4616]],[[4617]],[[4618]],[[4619]],[[4620]],[[4621]],[[4622,4623]],[[4624]],[[4625]],[[4630],[4631]],[[4636,4637,4638,4639]],[[4640,4641,4642]],[[4645]],[[4646,4647]],[[4648]],[[4649]],[[4650]],[[4651,4652]],[[4653,4654]],[[4655]],[[4656]],[[4657,4658]],[[4661,4662,4663,4664,4665],[4666]],[[4667,4668]],[[4669,4670]],[[4675,4676]],[[4679,4680]],[[4683]],[[4684]],[[4685]],[[4686]],[[4687]],[[4688]],[[4689]],[[4690]],[[4691]],[[4692]],[[4693]],[[4694]],[[4695]],[[4696,4697]],[[4700]],[[4701,4702,4703]],[[4706,4707]],[[4708]],[[4709]],[[4710]],[[4711]],[[4712]],[[4713]],[[4714],[4715]],[[4716]],[[4717]],[[4718]],[[4719,4720,4721]],[[4722]],[[4723]],[[4728]],[[4729]],[[4730]],[[4731]],[[4732]],[[4733]],[[4734]],[[4735]],[[4736]],[[4737]],[[4738]],[[4739,4740,4741,4742,4743,4744,4745,4746,4747,4748,4749,4750,4751,4752,4753,4754,4755],[4756],[4757],[4758],[4759],[4760]],[[4761,4762]],[[4765]],[[4766]],[[4767,4768,4769],[4770]],[[4773]],[[4774,4775,4776]],[[4777]],[[4780]],[[4781]],[[4782]],[[4783]],[[4784]],[[4785]],[[4786]],[[4787]],[[4788]],[[4789,4790,4791,4792]],[[4795,4796,4797,4798]],[[4799,4800,4801,4802,4803,4804,4805,4806,4807,4808,4809,4810]],[[4817,4818,4819]],[[4822,4823,4824,4825,4826,4827,4828]],[[4829]],[[4830]],[[4831]],[[4836]],[[4837]],[[4838]],[[4839]],[[4840]],[[4841]],[[4842]],[[4843]],[[4844]],[[4845]],[[4846]],[[4847]],[[4848,4849,4850,4851]],[[4852]],[[4853]],[[4854,4855,4856]],[[4857]],[[4858,4859,4860]],[[4861]],[[4862]],[[4863]],[[4866]],[[4867,4868]],[[4869]],[[4870]],[[4871]],[[4872]],[[4875]],[[4876,4877]],[[4878]],[[4879]],[[4880]],[[4881]],[[4882,4883]],[[4884,4885,4886,4887,4888,4889,4890,4891]],[[4892,4893]],[[4894,4895]],[[4896,4897,4898]],[[4899]],[[4900]],[[4901]],[[4902]],[[4903]],[[4904]],[[4905]],[[4906,4907]],[[4908,4909]],[[4910]],[[4911]],[[4912,4913,4914]],[[4915]],[[4916]],[[4917]],[[4918]],[[4919]],[[4920]],[[4921]],[[4922]],[[4923,4924,4925]],[[4928]],[[4929]],[[4930]],[[4931]],[[4932,4933]],[[4936,4937,4938]],[[4941,4942,4943]],[[4944]],[[4945]],[[4946]],[[4949]],[[4952]],[[4953]],[[4954]],[[4955,4956]],[[4957]],[[4958]],[[4959,4960,4961,4962]],[[4963,4964,4965,4966,4967,4968]],[[4969,4970,4971]],[[4972,4973]],[[4974,4975]],[[4976,4977,4978]],[[4979,4980,4981]],[[4982,4983,4984,4985,4986,4987]],[[4988,4989,4990,4991]],[[4992,4993]],[[4994,4995]],[[4996,4997,4998]],[[5001,5002,5003,5004]],[[5009]],[[5010]],[[5011]],[[5012]],[[5013]],[[5014],[5015]],[[5016]],[[5017]],[[5018]],[[5021]],[[5022]],[[5023]],[[5024]],[[5025]],[[5026]],[[5027,5028,5029,5030,5031],[5032]],[[5033]],[[5034]],[[5035]],[[5036]],[[5037]],[[5038]],[[5039]],[[5040]],[[5041]],[[5042]],[[5043]],[[5044]],[[5045]],[[5046]],[[5049]],[[5050]],[[5051]],[[5052]],[[5057]],[[5058,5059,5060,5061,5062]],[[5063]],[[5064,5065,5066]],[[5067,5068]],[[5073,5074]],[[5075]],[[5076]],[[5077]],[[5080,5081,5082]],[[5083,5084,5085,5086]],[[5087]],[[5088]],[[5091,5092,5093,5094,5095,5096,5097]],[[5098,5099]],[[5100]],[[5103]],[[5106]],[[5107]],[[5108,5109]],[[5110]],[[5111,5112]],[[5118],[5119]],[[5122]],[[5123]],[[5124]],[[5125]],[[5126]],[[5129]],[[5130,5131]],[[5132]],[[5133]],[[5136]],[[5137]],[[5138]],[[5139]],[[5140,5141]],[[5142]],[[5147]],[[5152]],[[5153]],[[5154]],[[5155]],[[5156]],[[5157]],[[5160,5161]],[[5162,5163,5164,5165]],[[5166,5167,5168,5169,5170,5171,5172,5173,5174]],[[5183,5184,5185,5186,5187,5188]],[[5189,5190,5191,5192,5193]],[[5194,5195,5196]],[[5197,5198,5199]],[[5200,5201,5202]],[[5203,5204]],[[5205]],[[5206,5207,5208]],[[5211,5212,5213]],[[5214,5215,5216,5217,5218,5219,5220,5221,5222,5223],[5115,5116,5117]],[[5224]],[[5225]],[[5226]],[[5227]],[[5228]],[[5229]],[[5230]],[[5231]],[[5232,5233,5234]],[[5235]],[[5238]],[[5239]],[[5242]],[[5243,5244,5245]],[[5246,5247,5248,5249,5250,5251,5252,5253,5254,5255,5256,5257,5258,5259,5260,5261,5262,5263,5264,5265,5266],[5269],[5270],[5271],[5272],[5273],[5274],[5275],[5276],[5277],[5278],[5279],[5280],[5281],[5282],[5283],[5284],[5285],[5286],[5287],[5288],[5289],[5290],[5291],[5292],[5293],[5294],[5295],[5296],[5297],[5298],[5299]],[[5300]],[[5301,5302]],[[5305]],[[5306]],[[5309]],[[5310]],[[5311]],[[5312]],[[5313]],[[5314]],[[5315]],[[5316]],[[5317]],[[5318,5319]],[[5320]],[[5321,5322,5323,5324,5325,5326,5327]],[[5328,5329]],[[5330]],[[5331]],[[5332]],[[5333]],[[5334]],[[5335]],[[5336]],[[5343]],[[5344]],[[5347]],[[5348],[5349]],[[5350]],[[5351]],[[5352,5353]],[[5354]],[[5355,5356,5357],[5358,5359,5360]],[[5361]],[[5362]],[[5363]],[[5364]],[[5365]],[[5366]],[[5367]],[[5368]],[[5369,5370]],[[5371]],[[5374]],[[5375]],[[5378]],[[5379,5380,5381,5382]],[[5385,5386,5387]],[[5388]],[[5389]],[[5390,5391]],[[5392,5393,5394]],[[5395,5396,5397,5398,5399,5400]],[[5403,5404,5405]],[[5406]],[[5407]],[[5414]],[[5415]],[[5416]],[[5417]],[[5418]],[[5419]],[[5420]],[[5421]],[[5422]],[[5423]],[[5424]],[[5425,5426,5427]],[[5428,5429]],[[5432]],[[5433]],[[5434]],[[5435]],[[5436]],[[5437,5438,5439,5440,5441]],[[5442,5443,5444,5445]],[[5450,5451,5452]],[[5453]],[[5454]],[[5455]],[[5456]],[[5457]],[[5458]],[[5459]],[[5460]],[[5461]],[[5464,5465,5466]],[[5471]],[[5472]],[[5473,5474]],[[5477]],[[5480,5481,5482,5483,5484,5485,5486,5487,5488,5489,5490,5491,5492,5493,5494,5495,5496,5497],[5498],[5499],[5502],[5503],[5504,5505],[5506],[5507],[5508],[5509],[5510],[5511],[5512],[5513],[5514],[5515],[5516],[5517],[5518],[5519,5520],[5521],[5522],[5523],[5526],[5527],[5528,5529,5530],[5533],[5534],[5535],[5536],[5537],[5538],[5539],[5540],[5541],[5542],[5543],[5544],[5545],[5546],[5547],[5548],[5549],[5550],[5551],[5552],[5555],[5556],[5557],[5558],[5559],[5560],[5561],[5562],[5563],[5564],[5565],[5566],[5567],[5568],[5569],[5570],[5571],[5572],[5575],[5576],[5577,5578],[5579],[5580],[5581],[5582],[5583],[5584],[5585],[5586],[5587],[5588],[5589],[5590],[5591],[5592,5593],[5594],[5595],[5596],[5597],[5598],[5599],[5600],[5601],[5602],[5603],[5604],[5605],[5606],[5607],[5608],[5609],[5610],[5611],[5612],[5613],[5614],[5615],[5616],[5617],[5618],[5619],[5620],[5621],[5622]],[[5625]],[[5626]],[[5627]],[[5628]],[[5629]],[[5630]],[[5631]],[[5632]],[[5633]],[[5634]],[[5635]],[[5638,5639,5640]],[[5641,5642],[5643]],[[5644]],[[5645]],[[5646,5647,5648,5649],[5652,5653,5654]],[[5650,5651]],[[5655,5656,5657]],[[5660]],[[5661]],[[5662]],[[5663]],[[5664]],[[5665]],[[5666]],[[5667,5668,5669,5670]],[[5671,5672,5673,5674,5675,5676,5677]],[[5678]],[[5679]],[[5680,5681,5682]],[[5685,5686,5687]],[[5688]],[[5689]],[[5690]],[[5691]],[[5692,5693,5694]],[[5695]],[[5696,5697]],[[5698,5699]],[[5700]],[[5701,5702]],[[5703]],[[5704]],[[5705]],[[5706]],[[5707]],[[5708]],[[5711,5712,5713]],[[5714]],[[5719,5720,5721,5722,5723]],[[5726,5727,5728]],[[5729,5730,5731,5732,5733,5734,5735]],[[5736,5737,5738,5739]],[[5740]],[[5741]],[[5742]],[[5745]],[[5746]],[[5747]],[[5748]],[[5753]],[[5754]],[[5755]],[[5756]],[[5757]],[[5758,5759,5760,5761,5762],[5763],[5764],[5765]],[[5766]],[[5767]],[[5768]],[[5769]],[[5770]],[[5778,5779,5780]],[[5781,5782,5783]],[[5784,5785,5786,5787]],[[5790]],[[5791]],[[5792]],[[5793]],[[5798]],[[5799,5800]],[[5801,5802]],[[5803]],[[5804,5805]],[[5806],[5807]],[[5808]],[[5811]],[[5812]],[[5813]],[[5814]],[[5815]],[[5820]],[[5821,5822,5823]],[[5824,5825,5826,5827,5828,5829],[5830],[5831]],[[5832]],[[5833]],[[5834,5835,5836,5837],[5838],[5839],[5840],[5841],[5842],[5843]],[[5844]],[[5845]],[[5846,5847]],[[5848]],[[5849]],[[5850]],[[5851]],[[5852]],[[5853]],[[5854]],[[5855]],[[5856]],[[5857]],[[5858]],[[5859]],[[5862]],[[5863]],[[5864]],[[5865]],[[5866]],[[5867]],[[5868]],[[5871]],[[5872]],[[5873]],[[5874]],[[5875]],[[5876]],[[5877,5878]],[[5884]],[[5885]],[[5886]],[[5887]],[[5888]],[[5889]],[[5890]],[[5891]],[[5894]],[[5895]],[[5898,5899]],[[5900]],[[5901]],[[5902]],[[5903]],[[5904]],[[5905]],[[5908]],[[5909]],[[5910]],[[5911]],[[5912]],[[5913]],[[5916]],[[5917]],[[5918]],[[5919]],[[5920]],[[5921]],[[5922]],[[5923]],[[5924]],[[5925]],[[5926]],[[5927]],[[5928,5929,5930,5931]],[[5934]],[[5935]],[[5936]],[[5937]],[[5938]],[[5939]],[[5940]],[[5941]],[[5942]],[[5945,5946]],[[5949,5950]],[[5951]],[[5952]],[[5953]],[[5954]],[[5955]],[[5956]],[[5957]],[[5958]],[[5959]],[[5960,5961,5962,5963]],[[5964]],[[5965]],[[5966]],[[5967,5968]],[[5969]],[[5970]],[[5971]],[[5972]],[[5973]],[[5974,5975,5976,5977]],[[5978]],[[5983]],[[5984]],[[5985]],[[5986]],[[5987]],[[5988]],[[5989,5990,5991]],[[5992,5993,5994],[5995],[5998],[5999],[6000],[6001],[6002],[6003],[6004]],[[6005,6006,6007]],[[6008,6009]],[[6012]],[[6013]],[[6014]],[[6015]],[[6016]],[[6017]],[[6018]],[[6019]],[[6020]],[[6024,6025,6026]],[[6027]],[[6028]],[[6029]],[[6030]],[[6031]],[[6032]],[[6033]],[[6034]],[[6035]],[[6036,6037,6038,6039],[6040],[6041],[6042],[6043],[6044],[6045]],[[6048]],[[6049]],[[6050,6051]],[[6052]],[[6053,6054],[6055],[6056]],[[6057],[6058]],[[6059]],[[6060,6061]],[[6062,6063]],[[6064]],[[6065]],[[6066,6067]],[[6068]],[[6069]],[[6070]],[[6071]],[[6072]],[[6073]],[[6074]],[[6075]],[[6076]],[[6077]],[[6078]],[[6079]],[[6080]],[[6081]],[[6082]],[[6083]],[[6084]],[[6085]],[[6086,6087,6088]],[[6089]],[[6090,6091]],[[6092]],[[6093,6094]],[[6095]],[[6098]],[[6099]],[[6100]],[[6101]],[[6104]],[[6105,6106]],[[6109]],[[6110,6111]],[[6112]],[[6113,6114]],[[6117],[6118]],[[6125,6126]],[[6127,6128]],[[6131,6132]],[[6133,6134]],[[6135,6136]],[[6137,6138]],[[6139]],[[6144]],[[6145]],[[6146,6147,6148,6149,6150],[6151],[6152],[6153],[6154]],[[6155,6156,6157,6158,6159]],[[6160]],[[6161,6162]],[[6163]],[[6164]],[[6165]],[[6166]],[[6167]],[[6172]],[[6173]],[[6176]],[[6177]],[[6178]],[[6179]],[[6180]],[[6181]],[[6182,6183]],[[6184]],[[6185]],[[6186,6187]],[[6188]],[[6191]],[[6192]],[[6197]],[[6198,6199,6200,6201],[6202],[6203]],[[6206,6207]],[[6208]],[[6209]],[[6210]],[[6211]],[[6212]],[[6213,6214]],[[6215,6216]],[[6217]],[[6218]],[[6219]],[[6220]],[[6221]],[[6222]],[[6223]],[[6224]],[[6225]],[[6226]],[[6227]],[[6228]],[[6229]],[[6230]],[[6231,6232]],[[6233]],[[6234,6235,6236,6237,6238]],[[6239]],[[6240]],[[6245]],[[6246]],[[6247]],[[6248]],[[6249]],[[6250]],[[6251]],[[6252]],[[6253]],[[6254,6255]],[[6258]],[[6259]],[[6260]],[[6261]],[[6262]],[[6263]],[[6264]],[[6265]],[[6266]],[[6267]],[[6268],[6269]],[[6270]],[[6271]],[[6272]],[[6273]],[[6274]],[[6275]],[[6276]],[[6277]],[[6278,6279,6280],[6281]],[[6284,6285]],[[6286]],[[6289,6290,6291],[6292]],[[6293]],[[6294,6295]],[[6296]],[[6297]],[[6298]],[[6301]],[[6302]],[[6303]],[[6304]],[[6307]],[[6308]],[[6309]],[[6310,6311]],[[6312]],[[6313]],[[6314]],[[6315,6316,6317]],[[6318]],[[6319]],[[6320,6321,6322],[6323]],[[6326]],[[6327]],[[6328]],[[6329]],[[6330]],[[6331]],[[6332,6333],[6334]],[[6335]],[[6336,6337]],[[6338]],[[6339]],[[6340,6341,6342]],[[6343]],[[6344]],[[6345]],[[6346],[6347]],[[6348]],[[6353]],[[6358,6359]],[[6362,6363,6364,6365,6366],[6367],[6368]],[[6369]],[[6370]],[[6371]],[[6374,6375]],[[6376],[6377],[6378]],[[6379]],[[6380]],[[6381]],[[6382]],[[6383]],[[6384]],[[6385]],[[6386]],[[6387]],[[6388]],[[6389]],[[6390]],[[6391]],[[6392]],[[6393]],[[6394,6395]],[[6398]],[[6399]],[[6400]],[[6401]],[[6402]],[[6403]],[[6404]],[[6405]],[[6406]],[[6407]],[[6410]],[[6411,6412]],[[6417,6418]],[[6419]],[[6420]],[[6421]],[[6422]],[[6423,6424,6425]],[[6426]],[[6427]],[[6428]],[[6429]],[[6432]],[[6433,6434,6435]],[[6436]],[[6441]],[[6442],[6443]],[[6444]],[[6445]],[[6446]],[[6447]],[[6448]],[[6449,6450,6451]],[[6455,6456]],[[6459]],[[6460,6461]],[[6462,6463,6464,6465,6466,6467,6468,6469,6470,6471,6472,6473,6474,6475,6476,6477,6478,6479,6480,6481,6482,6483,6484,6485,6486,6487,6488],[6489],[6490],[6491],[6492],[6493],[6494],[6495],[6496],[6497],[6498],[6499],[6500],[6501],[6502],[6503]],[[6504]],[[6505,6506,6507,6508,6509,6510,6511,6512,6513,6514],[6515],[6516],[6519],[6520],[6521],[6522],[6523],[6524],[6525],[6526]],[[6527]],[[6528]],[[6529]],[[6530]],[[6533,6534]],[[6535]],[[6536]],[[6537]],[[6538]],[[6541]],[[6542]],[[6543]],[[6544]],[[6545]],[[6546]],[[6547]],[[6548]],[[6549]],[[6550]],[[6551]],[[6552]],[[6553]],[[6554]],[[6555]],[[6556]],[[6557]],[[6558,6559]],[[6560,6561,6562]],[[6563]],[[6564]],[[6565]],[[6568]],[[6569,6570]],[[6571,6572]],[[6573]],[[6574,6575]],[[6578]],[[6579]],[[6580]],[[6581]],[[6582]],[[6583]],[[6584,6585]],[[6588,6589]],[[6590]],[[6591]],[[6592]],[[6595,6596]],[[6597,6598]],[[6599]],[[6600]],[[6601]],[[6602]],[[6603]],[[6604]],[[6605]],[[6606]],[[6607]],[[6610,6611,6612,6613]],[[6614]],[[6615]],[[6616]],[[6617]],[[6618]],[[6619]],[[6620,6621,6622,6623,6624]],[[6625]],[[6626]],[[6627]],[[6628]],[[6629,6630,6631]],[[6632,6633]],[[6638]],[[6639,6640,6641,6642,6643],[6644],[6645],[6646],[6647],[6648,6649],[6650],[6651],[6652],[6653],[6654],[6655],[6656],[6657],[6658],[6659],[6660],[6661],[6662],[6663],[6664],[6665],[6666],[6667],[6668],[6669],[6670],[6671],[6672],[6673],[6674],[6675],[6676],[6677],[6678],[6679],[6680],[6681],[6682],[6683],[6684],[6685],[6686]],[[6689,6690]],[[6691,6692]],[[6693,6694]],[[6695,6696,6697]],[[6698]],[[6699]],[[6700]],[[6701]],[[6702]],[[6703]],[[6704]],[[6705]],[[6706]],[[6707]],[[6708]],[[6709]],[[6710]],[[6711,6712,6713]],[[6716]],[[6717]],[[6718]],[[6719]],[[6720]],[[6721]],[[6722]],[[6723,6724,6725],[6726]],[[6727]],[[6728]],[[6729]],[[6730]],[[6731]],[[6732]],[[6733]],[[6734]],[[6735]],[[6736]],[[6737,6738,6739,6740,6741]],[[6744,6745,6746]],[[6749]],[[6750,6751]],[[6756]],[[6757]],[[6758,6759]],[[6760,6761,6762]],[[6765,6766]],[[6767]],[[6768]],[[6769]],[[6770,6771,6772],[6773]],[[6774]],[[6775]],[[6776,6777]],[[6780,6781,6782]],[[6783,6784]],[[6785,6786,6787]],[[6788,6789,6790]],[[6793]],[[6796,6797]],[[6798,6799,6800,6801,6802,6803,6804,6805,6806,6807,6808,6809,6810,6811,6812,6813,6814,6815],[6816,6817,6818,6819],[6820],[6821,6822],[6823,6824],[6825,6826,6827],[6828,6829,6830],[6831],[6832],[6833],[6834],[6835],[6836]],[[6837]],[[6838]],[[6839]],[[6840]],[[6841]],[[6842]],[[6843]],[[6844]],[[6845]],[[6846]],[[6847]],[[6850]],[[6851,6852,6853,6854],[6855]],[[6856]],[[6857]],[[6858]],[[6859,6860,6861]],[[6862]],[[6863]],[[6864]],[[6865]],[[6866]],[[6867]],[[6868]],[[6869]],[[6870]],[[6871]],[[6872]],[[6873,6874]],[[6875,6876,6877,6878,6879]],[[6880,6881,6882]],[[6883]],[[6884,6885,6886]],[[6889]],[[6890,6891,6892]],[[6893]],[[6894]],[[6895]],[[6896]],[[6897]],[[6898]],[[6899]],[[6900]],[[6901]],[[6902]],[[6903]],[[6904]],[[6905]],[[6906]],[[6907]],[[6908]],[[6909]],[[6910]],[[6911]],[[6912]],[[6913]],[[6914]],[[6915,6916]],[[6917,6918,6919]],[[6922]],[[6923]],[[6924]],[[6925]],[[6926]],[[6927]],[[6928]],[[6931,6932,6933]],[[6934]],[[6935]],[[6938]],[[6941]],[[6944]],[[6945]],[[6946]],[[6947]],[[6948]],[[6949]],[[6950]],[[6951]],[[6952]],[[6953]],[[6954,6955,6956]],[[6957]],[[6958]],[[6959]],[[6960]],[[6961]],[[6962]],[[6963]],[[6964]],[[6965]],[[6966]],[[6967]],[[6968]],[[6969]],[[6970]],[[6971]],[[6972]],[[6973]],[[6974]],[[6975]],[[6976]],[[6977]],[[6978]],[[6979]],[[6980,6981,6982,6983]],[[6988]],[[6989]],[[6990]],[[6991]],[[6992]],[[6993]],[[6994]],[[6995]],[[6996]],[[6997]],[[6998]],[[6999]],[[7000]],[[7001]],[[7002]],[[7003]],[[7004]],[[7005]],[[7006]],[[7007]],[[7008]],[[7009]],[[7010,7011]],[[7012]],[[7013]],[[7014]],[[7015]],[[7016,7017],[7018],[7019]],[[7020]],[[7021]],[[7022]],[[7023]],[[7024]],[[7025]],[[7026]],[[7027]],[[7028]],[[7029]],[[7030]],[[7031]],[[7032]],[[7033,7034,7035,7036],[7037,7038,7039]],[[7042]],[[7043]],[[7044,7045]],[[7046]],[[7047]],[[7048]],[[7049]],[[7052]],[[7053]],[[7054]],[[7055]],[[7056]],[[7063]],[[7064,7065]],[[7066,7067]],[[7068]],[[7069]],[[7070]],[[7071]],[[7072]],[[7075,7076]],[[7077]],[[7078,7079,7080,7081,7082,7083],[7084]],[[7085]],[[7086]],[[7087]],[[7088]],[[7089]],[[7090]],[[7091]],[[7092]],[[7093]],[[7094]],[[7095]],[[7096]],[[7097]],[[7098]],[[7099]],[[7104]],[[7105]],[[7110,7111,7112,7113,7114,7115,7116,7117]],[[7118,7119,7120]],[[7121]],[[7122]],[[7123,7124]],[[7125]],[[7126]],[[7127]],[[7128]],[[7129],[7130]],[[7133]],[[7134,7135]],[[7136,7137,7138]],[[7139]],[[7140]],[[7141]],[[7142,7143]],[[7146]],[[7147]],[[7148]],[[7149,7150]],[[7151]],[[7152]],[[7153]],[[7154]],[[7155,7156]],[[7157]],[[7158]],[[7159]],[[7160]],[[7161]],[[7162]],[[7163]],[[7164]],[[7165]],[[7166]],[[7167]],[[7168]],[[7169]],[[7170]],[[7171]],[[7172]],[[7173]],[[7174]],[[7175]],[[7176]],[[7177,7178]],[[7181]],[[7182]],[[7183]],[[7184]],[[7185]],[[7186]],[[7187]],[[7188]],[[7189]],[[7190]],[[7193,7194]],[[7195,7196]],[[7197]],[[7198]],[[7199]],[[7200]],[[7201]],[[7202]],[[7203]],[[7204]],[[7205]],[[7206]],[[7207]],[[7208]],[[7209]],[[7210,7211,7212]],[[7213]],[[7214]],[[7215]],[[7216]],[[7217]],[[7218]],[[7221]],[[7222]],[[7223]],[[7224]],[[7225]],[[7226]],[[7227,7228]],[[7229]],[[7230]],[[7231]],[[7232]],[[7235,7236]],[[7237]],[[7238]],[[7239]],[[7240]],[[7241]],[[7242]],[[7243]],[[7244]],[[7245]],[[7246]],[[7247]],[[7248]],[[7249]],[[7250]],[[7251]],[[7252]],[[7253]],[[7254]],[[7255]],[[7256,7257,7258,7259]],[[7260,7261]],[[7262]],[[7263,7264],[7265]],[[7266]],[[7267]],[[7268]],[[7269]],[[7270],[7271,7272]],[[7275]],[[7276]],[[7277,7278,7279]],[[7280,7281,7282]],[[7287,7288]],[[7289]],[[7290,7291]],[[7294]],[[7295]],[[7296]],[[7297]],[[7298]],[[7301]],[[7302,7303]],[[7304]],[[7307,7308,7309,7310]],[[7311,7312]],[[7313]],[[7318,7319]],[[7320]],[[7321]],[[7322]],[[7323]],[[7324]],[[7325]],[[7326]],[[7327]],[[7328]],[[7329]],[[7330]],[[7331]],[[7332,7333]],[[7334,7335]],[[7336]],[[7337]],[[7338]],[[7339]],[[7340,7341,7342,7343]],[[7344]],[[7345]],[[7349]],[[7350,7351,7352]],[[7353]],[[7354,7355,7356]],[[7357]],[[7358]],[[7359]],[[7360]],[[7370]],[[7371]],[[7372]],[[7373]],[[7374]],[[7379]],[[7380]],[[7381]],[[7382]],[[7383]],[[7384]],[[7385]],[[7386]],[[7387,7388,7389,7390]],[[7391]],[[7392,7393,7394,7395,7396]],[[7397]],[[7398]],[[7401]],[[7402]],[[7403]],[[7404]],[[7405],[7406],[7407],[7408],[7409],[7410],[7411],[7412],[7413],[7414],[7415],[7416],[7417],[7418],[7419]],[[7422]],[[7423]],[[7424]],[[7425]],[[7428,7429,7430,7431]],[[7432,7433,7434,7435]],[[7436]],[[7437]],[[7438]],[[7439]],[[7440,7441]],[[7442]],[[7443]],[[7444]],[[7445]],[[7446]],[[7447]],[[7448]],[[7449]],[[7450]],[[7451]],[[7452]],[[7453]],[[7454]],[[7455]],[[7456]],[[7459,7460,7461]],[[7462,7463,7464,7465,7466,7467,7468,7469,7470,7471,7472,7473,7474,7475,7476,7477,7478,7479,7480,7481,7482,7483,7484,7485,7486,7487,7488,7489,7490,7491,7492,7493],[7367,7368,7369],[7494],[7495,7496,7497,7498,7499,7500,7501],[7502,7503,7504],[7505],[7506,7507],[7508],[7509],[7510],[7511],[7512],[7513],[7514],[7519,7520,7521]],[[7522,7523,7524,7525]],[[7528,7529]],[[7530,7531,7532]],[[7533]],[[7534,7535,7536]],[[7537,7538]],[[7539]],[[7540]],[[7541]],[[7542]],[[7543]],[[7544]],[[7545,7546,7547,7548,7549,7550],[7551,7552],[7553]],[[7554]],[[7555]],[[7556]],[[7557]],[[7558]],[[7559,7560,7561]],[[7562]],[[7563]],[[7564]],[[7565]],[[7566]],[[7567,7568,7569]],[[7570]],[[7571]],[[7572]],[[7575]],[[7576,7577]],[[7578]],[[7579]],[[7580,7581]],[[7582]],[[7583]],[[7584]],[[7585]],[[7586]],[[7587]],[[7588]],[[7589]],[[7590]],[[7591]],[[7592]],[[7593]],[[7594]],[[7595]],[[7598]],[[7599]],[[7600]],[[7601]],[[7602]],[[7605]],[[7606]],[[7607]],[[7608]],[[7609]],[[7610,7611]],[[7612]],[[7613,7614]],[[7615,7616,7617]],[[7618]],[[7619]],[[7620]],[[7621]],[[7622]],[[7623]],[[7624,7625]],[[7626,7627]],[[7628]],[[7629]],[[7630]],[[7631]],[[7632]],[[7633]],[[7634]],[[7635]],[[7636]],[[7637]],[[7640]],[[7641],[7642]],[[7643]],[[7644]],[[7645]],[[7650]],[[7651]],[[7652]],[[7653,7654,7655],[7656]],[[7661]],[[7662]],[[7663]],[[7664]],[[7665]],[[7668]],[[7669]],[[7670]],[[7671]],[[7672]],[[7673]],[[7674]],[[7675]],[[7676]],[[7677]],[[7678]],[[7679]],[[7680]],[[7681]],[[7682]],[[7683]],[[7684]],[[7685]],[[7686]],[[7687]],[[7688]],[[7689,7690]],[[7691],[7692]],[[7693]],[[7694]],[[7695]],[[7696]],[[7701]],[[7702]],[[7705]],[[7706,7707,7708]],[[7709,7710,7711]],[[7714,7715]],[[7718,7719]],[[7727,7728,7729,7730,7731,7732],[7733],[7734],[7735],[7736],[7737],[7738,7739],[7740]],[[7741]],[[7744,7745,7746]],[[7747,7748]],[[7751,7752]],[[7753]],[[7754,7755,7756,7757]],[[7758]],[[7759]],[[7760]],[[7761]],[[7764]],[[7765]],[[7766]],[[7767]],[[7770]],[[7771]],[[7772]],[[7773]],[[7774]],[[7775]],[[7776]],[[7777]],[[7778]],[[7779,7780,7781]],[[7784]],[[7785]],[[7786,7787,7788]],[[7789,7790,7791,7792]],[[7795,7796,7797]],[[7798]],[[7803]],[[7804]],[[7805]],[[7808,7809,7810,7811]],[[7812]],[[7813]],[[7814]],[[7815,7816,7817]],[[7818]],[[7819]],[[7820]],[[7821]],[[7822]],[[7823]],[[7824]],[[7825]],[[7826]],[[7827]],[[7828]],[[7829]],[[7830]],[[7831,7832,7833,7834]],[[7839]],[[7840]],[[7841]],[[7842]],[[7843]],[[7844,7845,7846,7847,7848],[7849],[7850]],[[7851]],[[7852]],[[7853]],[[7854]],[[7855,7856]],[[7859]],[[7860]],[[7861]],[[7862]],[[7863]],[[7866,7867]],[[7868,7869,7870,7871]],[[7872]],[[7873]],[[7874]],[[7879]],[[7880]],[[7881]],[[7882]],[[7883]],[[7884]],[[7885]],[[7886]],[[7887,7888,7889,7890],[7891,7892,7893,7894,7895,7896],[7897],[7898],[7899],[7900]],[[7901,7902,7903,7904,7905]],[[7906]],[[7907]],[[7910]],[[7911]],[[7912,7913,7914,7915,7916,7917,7918,7919,7920,7921,7922,7923,7924,7925,7926,7927,7928,7929,7930,7931,7932,7933,7934,7935,7936,7937,7938,7939],[7940],[7941]],[[7946,7947,7948,7949,7950,7951,7952,7953,7954]],[[7955,7956]],[[7957,7958]],[[7961]],[[7962]],[[7963]],[[7964]],[[7965]],[[7966]],[[7967]],[[7968]],[[7969]],[[7970]],[[7973,7974]],[[7975,7976]],[[7977,7978]],[[7981,7982,7983]],[[7984]],[[7985]],[[7986,7987,7988,7989]],[[7992]],[[7993]],[[7994]],[[7995]],[[7996]],[[7997]],[[7998]],[[7999]],[[8000]],[[8001]],[[8002]],[[8007]],[[8008]],[[8009]],[[8010,8011,8012,8013]],[[8014,8015]],[[8018]],[[8019]],[[8020]],[[8023,8024]],[[8027]],[[8028]],[[8029]],[[8030]],[[8031]],[[8032]],[[8033,8034,8035,8036,8037],[8038,8039],[8040],[8041],[8042],[8043],[8044]],[[8045]],[[8046]],[[8047]],[[8052]],[[8053,8054,8055,8056,8057,8058]],[[8059]],[[8060,8061,8062,8063,8064,8065,8066,8067,8068,8069,8070,8071,8072,8073,8074,8075],[8076],[8077,8078,8079],[8080],[8081],[8082],[8083],[8084],[8085],[8086],[8087],[8088],[8089],[8090],[8091],[8092],[8093],[8094],[8095],[8096],[8097],[8100],[8101],[8102],[8103],[8104],[8105,8106,8107,8108],[8109],[8110],[8111],[8112],[8113],[8114],[8115],[8116],[8117],[8118,8119,8120,8121],[8122],[8123],[8124],[8125],[8126],[8127],[8128],[8129],[8130],[8131],[8132],[8133],[8134],[8135],[8136],[8137],[8138],[8139],[8140],[8141],[8142],[8143],[8144],[8145],[8146],[8147],[8148],[8149],[8150],[8151],[8152],[8153],[8154],[8155],[8156],[8157],[8158]],[[8159]],[[8160]],[[8161]],[[8162]],[[8163]],[[8164]],[[8165]],[[8166]],[[8171]],[[8172]],[[8173]],[[8174]],[[8175]],[[8176]],[[8185]],[[8186]],[[8191]],[[8192]],[[8193]],[[8197,8198]],[[8199,8200,8201]],[[8202,8203,8204,8205,8206,8207,8208,8209,8210,8211,8212,8213,8214,8215,8216,8217,8218,8219,8220,8221,8222,8223],[8224,8225],[8226],[8229,8230],[8231],[8232],[8233],[8234],[8235],[8236],[8237],[8238],[8239],[8240],[8241],[8242]],[[8243]],[[8244]],[[8245]],[[8246]],[[8247]],[[8248]],[[8249]],[[8250]],[[8251]],[[8254]],[[8255,8256,8257]],[[8258,8259],[8260]],[[8261]],[[8262,8263]],[[8264]],[[8265]],[[8266]],[[8267]],[[8268]],[[8269]],[[8272]],[[8273]],[[8274]],[[8275]],[[8280]],[[8281]],[[8282]],[[8283]],[[8284]],[[8285]],[[8286]],[[8287]],[[8288]],[[8289]],[[8290,8291]],[[8292]],[[8293]],[[8294]],[[8297,8298]],[[8305]],[[8306,8307]],[[8308]],[[8309]],[[8310]],[[8311]],[[8312]],[[8313]],[[8314]],[[8315]],[[8316]],[[8319]],[[8320]],[[8321,8322]],[[8323]],[[8324,8325]],[[8328,8329]],[[8330]],[[8331]],[[8332]],[[8335]],[[8336]],[[8337]],[[8338]],[[8339]],[[8340]],[[8341]],[[8342]],[[8349,8350]],[[8351,8352]],[[8353]],[[8354]],[[8355]],[[8356]],[[8357]],[[8358]],[[8359]],[[8360,8361]],[[8362]],[[8363]],[[8364]],[[8365]],[[8366]],[[8367]],[[8368]],[[8369]],[[8370]],[[8371]],[[8372,8373]],[[8378]],[[8379]],[[8380]],[[8381]],[[8382]],[[8383]],[[8388]],[[8389]],[[8390]],[[8391]],[[8394]],[[8395,8396]],[[8397]],[[8398]],[[8399]],[[8400]],[[8401]],[[8402]],[[8403]],[[8404]],[[8405]],[[8406]],[[8407]],[[8408,8409]],[[8412]],[[8413]],[[8414]],[[8415]],[[8416]],[[8417]],[[8418,8419]],[[8420,8421]],[[8422]],[[8423]],[[8424]],[[8425]],[[8426]],[[8429]],[[8430]],[[8431]],[[8432,8433]],[[8436]],[[8437]],[[8438]],[[8441]],[[8442,8443]],[[8444]],[[8445]],[[8446]],[[8447]],[[8448]],[[8449]],[[8450]],[[8451]],[[8452,8453,8454,8455,8456,8457,8458],[8459],[8460],[8461],[8462],[8463],[8464],[8465],[8466],[8467],[8468]],[[8469]],[[8470],[8471]],[[8472]],[[8473]],[[8474,8475]],[[8476]],[[8479]],[[8480]],[[8481]],[[8482]],[[8483]],[[8484]],[[8485,8486,8487],[8488],[8489],[8490],[8491],[8492],[8493],[8494],[8495],[8496],[8497],[8498],[8499],[8500],[8501],[8502],[8503],[8504],[8505],[8506],[8509],[8510],[8511],[8512],[8513],[8514],[8515],[8516],[8517],[8518],[8519,8520,8521,8522],[8523],[8524],[8525],[8526]],[[8527]],[[8532]],[[8533]],[[8534]],[[8535]],[[8536]],[[8537]],[[8538]],[[8539]],[[8540]],[[8541]],[[8542]],[[8543,8544]],[[8547,8548,8549,8550]],[[8553]],[[8554],[8555]],[[8558]],[[8563]],[[8566]],[[8567]],[[8568]],[[8569]],[[8570]],[[8571]],[[8572]],[[8573]],[[8574]],[[8575,8576,8577,8578,8579],[8580],[8581],[8582],[8583,8584],[8585,8586],[8587],[8588],[8589],[8590],[8591]],[[8592]],[[8593]],[[8594]],[[8595]],[[8596]],[[8597]],[[8598]],[[8599,8600,8601]],[[8602,8603,8604]],[[8605]],[[8606]],[[8607]],[[8608]],[[8611,8612,8613,8614]],[[8615]],[[8616]],[[8623,8624]],[[8625,8626,8627]],[[8628,8629,8630]],[[8631]],[[8632]],[[8633]],[[8634,8635]],[[8636]],[[8637]],[[8638]],[[8639,8640]],[[8641,8642,8643]],[[8644,8645,8646]],[[8647,8648,8649]],[[8650,8651]],[[8652]],[[8653]],[[8654,8655]],[[8656]],[[8657]],[[8658]],[[8659]],[[8660]],[[8661,8662]],[[8663,8664,8665]],[[8672]],[[8673]],[[8676]],[[8677]],[[8678]],[[8679,8680,8681]],[[8682,8683,8684,8685,8686,8687,8688,8689,8690,8691,8692,8693,8694,8695,8696,8697,8698,8699,8700,8701,8702,8703,8704,8705,8706,8707,8708,8709],[8710],[8711],[8712],[8713],[8714,8715,8716],[8717],[8718],[8719],[8720],[8721],[8722],[8723],[8724],[8725],[8726],[8727],[8728],[8729],[8730],[8731],[8732],[8733],[8734],[8735],[8736],[8737,8738],[8739,8740],[8741],[8742],[8743],[8744],[8745],[8746],[8747],[8748],[8749],[8750],[8751],[8752],[8753],[8754],[8755],[8756],[8757],[8758],[8759],[8760],[8761],[8762]],[[8763,8764,8765,8766]],[[8767]],[[8768]],[[8769]],[[8770]],[[8771]],[[8772]],[[8777]],[[8778,8779,8780],[8781],[8782],[8783]],[[8784]],[[8785]],[[8786]],[[8787]],[[8788]],[[8789,8790]],[[8791]],[[8792]],[[8793]],[[8794]],[[8795]],[[8796,8797]],[[8800,8801,8802,8803]],[[8804]],[[8805]],[[8806]],[[8807]],[[8808]],[[8809]],[[8810]],[[8811]],[[8812]],[[8813]],[[8814,8815,8816,8817,8818,8819],[8820]],[[8821]],[[8822]],[[8823]],[[8824]],[[8825]],[[8826]],[[8827]],[[8828]],[[8829]],[[8834]],[[8835,8836,8837,8838],[8839]],[[8842]],[[8843]],[[8844]],[[8845]],[[8846]],[[8847]],[[8848]],[[8849]],[[8850]],[[8851]],[[8852]],[[8853]],[[8854]],[[8855]],[[8856]],[[8857]],[[8858]],[[8859]],[[8860]],[[8863]],[[8864]],[[8865]],[[8866]],[[8867]],[[8868]],[[8869]],[[8870]],[[8874,8875,8876]],[[8877]],[[8878]],[[8879]],[[8880]],[[8881]],[[8882]],[[8883]],[[8884]],[[8885]],[[8886]],[[8887],[8888],[8889]],[[8890]],[[8891]],[[8892]],[[8893]],[[8894]],[[8895]],[[8896]],[[8897]],[[8898]],[[8899,8900,8901]],[[8902]],[[8903]],[[8904]],[[8905]],[[8906]],[[8907]],[[8908]],[[8909]],[[8910]],[[8911]],[[8912]],[[8913]],[[8914]],[[8919]],[[8922,8923,8924,8925,8926]],[[8927]],[[8928]],[[8929]],[[8930]],[[8931]],[[8932]],[[8933]],[[8934]],[[8935]],[[8936]],[[8937]],[[8938]],[[8939,8940]],[[8941,8942,8943]],[[8944]],[[8948,8949,8950]],[[8951]],[[8952]],[[8953]],[[8954]],[[8955]],[[8956]],[[8957]],[[8958]],[[8959]],[[8960]],[[8961]],[[8962]],[[8963]],[[8964]],[[8965]],[[8966]],[[8967]],[[8968]],[[8969]],[[8970,8971,8972,8973,8974,8975,8976,8977,8978,8979,8980,8981,8982,8983],[8984],[8985,8986],[8987],[8988],[8989,8990],[8993,8994],[8995]],[[8996]],[[8997]],[[8998,8999,9000]],[[9003]],[[9004]],[[9005]],[[9006]],[[9007]],[[9008]],[[9009,9010,9011,9012,9013]],[[9014]],[[9015]],[[9016]],[[9017]],[[9018]],[[9019]],[[9020]],[[9021]],[[9022]],[[9023]],[[9024]],[[9025]],[[9026]],[[9027]],[[9028]],[[9029]],[[9030,9031]],[[9032]],[[9035]],[[9036]],[[9037]],[[9038]],[[9039]],[[9040]],[[9041]],[[9042]],[[9043]],[[9044]],[[9049]],[[9050]],[[9051]],[[9052]],[[9053]],[[9054]],[[9057]],[[9058,9059]],[[9060]],[[9061]],[[9062],[9063]],[[9064]],[[9065,9066,9067,9068],[9069,9070,9071]],[[9072]],[[9073]],[[9074]],[[9075]],[[9076]],[[9077]],[[9078]],[[9079]],[[9080]],[[9081]],[[9082,9083,9084]],[[9085]],[[9086]],[[9087],[9088]],[[9091]],[[9092]],[[9095]],[[9096]],[[9097]],[[9098]],[[9099]],[[9100]],[[9101]],[[9102]],[[9103]],[[9104],[9105],[9106]],[[9107],[9108]],[[9109]],[[9110]],[[9111]],[[9112]],[[9113]],[[9114]],[[9115]],[[9118,9119]],[[9122]],[[9123]],[[9124]],[[9125]],[[9126]],[[9127]],[[9130]],[[9131]],[[9132]],[[9133]],[[9134]],[[9135]],[[9136]],[[9137]],[[9138]],[[9139]],[[9140],[9141]],[[9142,9143,9144,9145,9146,9147],[9148],[9149]],[[9152]],[[9153]],[[9154]],[[9155]],[[9156]],[[9157]],[[9158]],[[9159]],[[9160,9161,9162]],[[9163,9164,9165,9166]],[[9167,9168,9169]],[[9172]],[[9173,9174,9175],[9176]],[[9177]],[[9178]],[[9179]],[[9180]],[[9181]],[[9182]],[[9183]],[[9184],[9185]],[[9186,9187,9188]],[[9191]],[[9192]],[[9193]],[[9194,9195,9196]],[[9197]],[[9198]],[[9199,9200]],[[9203,9204]],[[9205]],[[9206]],[[9213]],[[9214]],[[9215]],[[9216]],[[9217]],[[9218]],[[9219]],[[9220]],[[9221]],[[9222]],[[9223]],[[9224]],[[9227]],[[9228]],[[9229]],[[9234]],[[9235]],[[9236]],[[9237]],[[9238]],[[9241]],[[9242]],[[9243]],[[9244]],[[9245]],[[9246]],[[9249]],[[9250]],[[9251]],[[9252]],[[9253]],[[9254]],[[9255]],[[9256]],[[9257]],[[9258]],[[9259]],[[9260]],[[9261,9262]],[[9267,9268,9269]],[[9270]],[[9271,9272]],[[9275,9276,9277,9278]],[[9279,9280,9281]],[[9282,9283,9284,9285,9286,9287,9288,9289,9290,9291,9292,9293,9294,9295],[9296,9297,9298]],[[9299]],[[9302]],[[9303,9304]],[[9305,9306,9307,9308]],[[9309]],[[9310]],[[9311]],[[9312]],[[9313]],[[9316]],[[9317]],[[9318]],[[9319]],[[9320]],[[9321]],[[9322]],[[9323]],[[9324]],[[9325]],[[9326,9327]],[[9330]],[[9333,9334,9335,9336,9337,9338,9339,9340]],[[9341]],[[9342]],[[9347]],[[9348]],[[9349]],[[9350]],[[9351]],[[9352]],[[9353]],[[9354]],[[9355]],[[9356]],[[9357,9358,9359,9360,9361,9362]],[[9365,9366,9367]],[[9368]],[[9369]],[[9372]],[[9373,9374,9375]],[[9376,9377,9378]],[[9381]],[[9382]],[[9383,9384,9385]],[[9386]],[[9387]],[[9388]],[[9389]],[[9390,9391,9392,9393]],[[9394]],[[9395,9396,9397,9398,9399,9400,9401]],[[9402,9403,9404]],[[9405,9406,9407,9408,9409]],[[9410,9411,9412,9413,9414]],[[9417,9418,9419]],[[9420,9421,9422]],[[9425,9426,9427]],[[9428]],[[9429,9430,9431]],[[9438,9439]],[[9440,9441,9442,9443,9444]],[[9445,9446,9447,9448,9449]],[[9450,9451]],[[9452]],[[9453]],[[9454]],[[9455]],[[9456]],[[9461]],[[9462]],[[9463]],[[9464]],[[9465]],[[9466]],[[9467]],[[9468],[9469]],[[9470]],[[9471]],[[9472]],[[9473]],[[9474]],[[9475,9476]],[[9477]],[[9478]],[[9479]],[[9480]],[[9481]],[[9486,9487]],[[9488,9489]],[[9490]],[[9491,9492,9493]],[[9494]],[[9495]],[[9496]],[[9497]],[[9498]],[[9499]],[[9500]],[[9501]],[[9502]],[[9503]],[[9504]],[[9505]],[[9506]],[[9507]],[[9508,9509,9510]],[[9513]],[[9514]],[[9515]],[[9516]],[[9517]],[[9518]],[[9519]],[[9520,9521,9522]],[[9523]],[[9524]],[[9525]],[[9526]],[[9527]],[[9530,9531]],[[9532]],[[9535,9536,9537,9538]],[[9542,9543,9544,9545]],[[9546,9547,9548,9549,9550,9551,9552,9553,9554,9555,9556,9557,9558,9559,9560,9561],[9566,9567,9568,9569,9570,9571,9572,9573]],[[9574,9575,9576]],[[9577,9578,9579]],[[9584]],[[9585]],[[9586]],[[9587]],[[9588]],[[9589]],[[9590]],[[9591]],[[9592]],[[9593]],[[9596,9597]],[[9598]],[[9599]],[[9600]],[[9601]],[[9602]],[[9603]],[[9604]],[[9605]],[[9606]],[[9607]],[[9610,9611]],[[9612,9613]],[[9614]],[[9615]],[[9616]],[[9617]],[[9618]],[[9621]],[[9622,9623,9624,9625,9626],[9627]],[[9628,9629,9630]],[[9631]],[[9632,9633,9634]],[[9639]],[[9640]],[[9641]],[[9642,9643]],[[9644]],[[9645]],[[9646]],[[9647]],[[9648]],[[9649]],[[9650]],[[9651]],[[9652,9653,9654,9655,9656,9657,9658,9659,9660,9661,9662,9663,9664,9665,9666,9667,9668,9669,9670,9671,9672,9673,9674,9675,9676,9677,9678,9679,9680,9681,9682,9683,9684,9685,9686,9687,9688,9689,9690,9691,9692,9693,9694,9695,9696,9697,9698,9699,9700,9701,9702,9703,9704,9705,9706,9707,9708,9709,9710,9711,9712,9713],[9714],[9717],[9718],[9719,9720,9721],[9722,9723,9724,9725],[9728],[9729,9730,9731],[9732,9733,9734,9735],[9736],[9737],[9738],[9739,9740,9741,9742,9743,9744,9745],[9746],[9747],[9748],[9749],[9750],[9751],[9752],[9753],[9754],[9755],[9756],[9757],[9758],[9759,9760],[9763],[9764],[9765,9766],[9767],[9768],[9769],[9770],[9771],[9772],[9773],[9774,9775],[9776],[9777],[9778],[9779],[9780,9781],[9782],[9783],[9784,9785],[9786,9787],[9792,9793],[9796,9797],[9798],[9799,9800],[9801],[9802],[9803],[9804],[9805],[9806],[9807],[9808],[9809,9810,9811,9812,9813,9814],[9815],[9816,9817,9818,9819],[9820],[9821],[9822],[9823],[9824],[9825],[9826],[9827],[9828],[9829],[9830,9831,9832,9833,9834,9835,9836],[9837,9838],[9839],[9840,9841,9842,9843],[9844],[9845],[9846],[9847,9848],[9849,9850,9851,9852,9853,9854],[9855],[9856,9857],[9858,9859,9860],[9861,9862],[9863],[9864],[9865],[9866,9867,9868,9869,9870,9871],[9872,9873,9874,9875,9876],[9877,9878],[9879],[9880],[9881],[9882],[9883],[9886],[9887],[9888],[9889],[9890],[9891],[9892],[9893],[9894],[9895],[9896],[9897,9898],[9899,9900,9901],[9902],[9903],[9904],[9905],[9906]],[[9907,9908,9909,9910,9911,9912,9913,9914,9915,9916],[9917],[9920],[9921],[9922],[9923],[9924]],[[9925,9926,9927]],[[9928]],[[9929,9930,9931,9932,9933,9934,9935,9936,9937,9938,9939,9940,9941,9942,9943,9944,9945,9946,9947]],[[9948,9949,9950,9951]],[[9952,9953,9954,9955,9956,9957]],[[9958,9959,9960]],[[9961,9962,9963]],[[9964]],[[9965]],[[9966]],[[9967]],[[9968]],[[9969]],[[9970]],[[9975]],[[9976]],[[9977]],[[9978]],[[9979]],[[9980,9981,9982,9983,9984,9985,9986],[9987],[9988],[9989],[9990],[9991],[9992],[9993],[9994],[9995],[9996,9997],[9998],[9999],[10000],[10001],[10002],[10003],[10004],[10005],[10006],[10007],[10008],[10009]],[[10010]],[[10013]],[[10018,10019,10020]],[[10021]],[[10022]],[[10023]],[[10024]],[[10025]],[[10026]],[[10027,10028]],[[10029]],[[10030]],[[10031]],[[10032]],[[10033]],[[10034]],[[10035]],[[10036]],[[10037]],[[10038]],[[10039]],[[10040]],[[10041,10042,10043]],[[10046,10047]],[[10048]],[[10049]],[[10050]],[[10051]],[[10052]],[[10053]],[[10054,10055,10056,10057],[10058],[10059]],[[10060,10061]],[[10064]],[[10065]],[[10066]],[[10067]],[[10068]],[[10073,10074]],[[10075,10076]],[[10079]],[[10080]],[[10081]],[[10082]],[[10083]],[[10084]],[[10091]],[[10096,10097,10098]],[[10099,10100,10101,10102,10103,10104,10105,10106,10107,10108,10109]],[[10110,10111,10112,10113]],[[10114,10115,10116,10117,10118]],[[10119,10120,10121]],[[10122]],[[10123]],[[10124]],[[10125,10126]],[[10127]],[[10128]],[[10129]],[[10130]],[[10131]],[[10132]],[[10133]],[[10134]],[[10135]],[[10136]],[[10137]],[[10140,10141]],[[10142]],[[10143]],[[10144]],[[10145],[10146]],[[10147]],[[10148]],[[10149]],[[10150]],[[10151]],[[10152]],[[10153]],[[10154]],[[10155]],[[10156]],[[10157]],[[10158]],[[10159]],[[10160]],[[10161]],[[10162]],[[10163]],[[10164,10165,10166,10167]],[[10168,10169,10170,10171,10172,10173,10174,10175,10176,10177,10178,10179,10180,10181,10182,10183,10184,10185,10186,10187,10188,10189],[10190,10191],[10192],[10193],[10196],[10197],[10198]],[[10199]],[[10200]],[[10201]],[[10202]],[[10203]],[[10204]],[[10205]],[[10206]],[[10207]],[[10208]],[[10209]],[[10210]],[[10211]],[[10212]],[[10217]],[[10218]],[[10219]],[[10220]],[[10221]],[[10222]],[[10223]],[[10224]],[[10225]],[[10226]],[[10227,10228,10229,10230,10231],[10232],[10233],[10234],[10235],[10236],[10237],[10238],[10239],[10240],[10241],[10242],[10243],[10244],[10245],[10246],[10247],[10248],[10249],[10250],[10251],[10252],[10253],[10254]],[[10255]],[[10256]],[[10257]],[[10258]],[[10259]],[[10260]],[[10261]],[[10262]],[[10263]],[[10264]],[[10265]],[[10266]],[[10269,10270]],[[10271]],[[10272]],[[10273]],[[10274]],[[10277,10278]],[[10279]],[[10280]],[[10281]],[[10282]],[[10283,10284,10285,10286]],[[10289,10290,10291,10292]],[[10295]],[[10296]],[[10297,10298]],[[10301,10302]],[[10305]],[[10306]],[[10307]],[[10308]],[[10309]],[[10310,10311]],[[10312]],[[10315]],[[10316]],[[10317]],[[10318]],[[10321,10322]],[[10323]],[[10324]],[[10325]],[[10326]],[[10327]],[[10328]],[[10329]],[[10330]],[[10331]],[[10332]],[[10333]],[[10334]],[[10337]],[[10338]],[[10339]],[[10340]],[[10341]],[[10342,10343,10344]],[[10345,10346,10347]],[[10348]],[[10349]],[[10350]],[[10351]],[[10352]],[[10353]],[[10357]],[[10358,10359,10360,10361]],[[10362,10363,10364,10365,10366]],[[10371,10372,10373,10374,10375,10376,10377,10378,10379,10380]],[[10383,10384,10385]],[[10386]],[[10387]],[[10390]],[[10391]],[[10392]],[[10393]],[[10394]],[[10395]],[[10396]],[[10397]],[[10398]],[[10399]],[[10400]],[[10401]],[[10402]],[[10403]],[[10404,10405]],[[10406,10407]],[[10410,10411]],[[10412]],[[10413,10414]],[[10415]],[[10418]],[[10419]],[[10420]],[[10421]],[[10422]],[[10423]],[[10424]],[[10425]],[[10426]],[[10427]],[[10428]],[[10429]],[[10430]],[[10431]],[[10432]],[[10436]],[[10437]],[[10438]],[[10439,10440,10441,10442,10443]],[[10444,10445]],[[10446,10447]],[[10448]],[[10449]],[[10450]],[[10451,10452,10453,10454]],[[10458,10459,10460]],[[10464,10465,10466]],[[10471]],[[10474,10475,10476]],[[10477]],[[10478,10479]],[[10480]],[[10481]],[[10482]],[[10483]],[[10484]],[[10485]],[[10486]],[[10487]],[[10488]],[[10489]],[[10490]],[[10491]],[[10492],[10493],[10494]],[[10495]],[[10496]],[[10497]],[[10498]],[[10499]],[[10502]],[[10503]],[[10504]],[[10505]],[[10510]],[[10511]],[[10512]],[[10513]],[[10514]],[[10515]],[[10516]],[[10517]],[[10518,10519]],[[10522,10523,10524]],[[10525,10526,10527]],[[10528]],[[10529]],[[10534]],[[10535]],[[10536]],[[10537]],[[10538]],[[10539]],[[10540]],[[10541]],[[10542]],[[10543]],[[10544]],[[10545]],[[10546]],[[10547]],[[10548]],[[10549]],[[10550]],[[10551]],[[10552]],[[10553]],[[10554]],[[10555]],[[10556,10557,10558,10559]],[[10564,10565]],[[10566,10567,10568]],[[10569]],[[10570,10571,10572,10573,10574]],[[10575,10576]],[[10577]],[[10586]],[[10587]],[[10588,10589,10590,10591,10592,10593,10594]],[[10597,10598,10599]],[[10600,10601,10602]],[[10603]],[[10604,10605,10606]],[[10607,10608,10609]],[[10610]],[[10611,10612]],[[10615]],[[10616,10617,10618],[10619,10620]],[[10621],[10622]],[[10623]],[[10624,10625]],[[10626]],[[10627]],[[10630,10631]],[[10632]],[[10633]],[[10634]],[[10635]],[[10636]],[[10637]],[[10638]],[[10639]],[[10640]],[[10641]],[[10642]],[[10643]],[[10644]],[[10645,10646]],[[10647]],[[10648]],[[10649]],[[10650]],[[10651]],[[10660,10661]],[[10662]],[[10663]],[[10664,10665]],[[10668]],[[10673]],[[10674,10675]],[[10681,10682,10683,10684]],[[10685,10686]],[[10687,10688,10689,10690,10691,10692,10693,10694]],[[10695]],[[10696]],[[10697,10698,10699]],[[10700]],[[10701]],[[10702]],[[10703]],[[10704,10705]],[[10706,10707,10708]],[[10709]],[[10712]],[[10713]],[[10714]],[[10715]],[[10716]],[[10717]],[[10718]],[[10719]],[[10720]],[[10721]],[[10722]],[[10723]],[[10724]],[[10725]],[[10726]],[[10727]],[[10728]],[[10729]],[[10730]],[[10731]],[[10732,10733,10734]],[[10739,10740]],[[10741]],[[10742]],[[10743]],[[10744]],[[10745]],[[10746]],[[10747]],[[10748]],[[10749,10750]],[[10751]],[[10752]],[[10753,10754,10755],[10756]],[[10757]],[[10758]],[[10759,10760]],[[10761]],[[10762]],[[10763,10764]],[[10765,10766]],[[10767,10768]],[[10769]],[[10772,10773]],[[10774]],[[10775,10776]],[[10777]],[[10778]],[[10779]],[[10780]],[[10781]],[[10782]],[[10783]],[[10784]],[[10787]],[[10788]],[[10789]],[[10790]],[[10797]],[[10798,10799]],[[10800]],[[10801,10802,10803,10804]],[[10805]],[[10806]],[[10807,10808]],[[10809]],[[10810]],[[10811,10812]],[[10817,10818]],[[10819,10820]],[[10825]],[[10826]],[[10827,10828,10829,10830,10831,10832,10833]],[[10838]],[[10839]],[[10848,10849,10850,10851]],[[10852]],[[10853]],[[10854]],[[10855]],[[10856]],[[10857]],[[10858]],[[10859]],[[10860]],[[10861]],[[10862]],[[10863]],[[10864]],[[10865]],[[10866]],[[10867,10868]],[[10871,10872,10873,10874,10875],[10876,10877]],[[10878]],[[10879]],[[10880]],[[10881]],[[10882]],[[10883]],[[10884]],[[10885,10886]],[[10887,10888]],[[10889]],[[10890]],[[10891]],[[10892]],[[10893]],[[10894]],[[10895]],[[10896]],[[10897,10898]],[[10901,10902]],[[10903]],[[10904]],[[10905]],[[10906]],[[10909]],[[10910,10911]],[[10912,10913]],[[10916]],[[10917]],[[10918,10919,10920,10921,10922]],[[10923]],[[10924]],[[10931]],[[10932]],[[10933]],[[10934,10935,10936],[10937],[10938],[10939],[10940],[10941],[10942],[10943],[10944],[10945],[10946],[10947],[10948],[10949],[10950]],[[10951,10952]],[[10953]],[[10954]],[[10955]],[[10956]],[[10957]],[[10958]],[[10959]],[[10960]],[[10961]],[[10962],[10963],[10964]],[[10965]],[[10966],[10967]],[[10968]],[[10969]],[[10970]],[[10971]],[[10972]],[[10973,10974]],[[10975]],[[10976]],[[10977]],[[10978]],[[10983]],[[10984]],[[10985]],[[10986]],[[10987]],[[10988]],[[10989]],[[10990]],[[10995,10996,10997,10998]],[[10999,11000,11001,11002]],[[11003]],[[11006]],[[11007,11008,11009]],[[11010,11011,11012]],[[11017]],[[11020,11021,11022]],[[11023]],[[11024]],[[11025]],[[11026]],[[11027]],[[11028]],[[11029]],[[11030]],[[11031]],[[11032]],[[11033]],[[11034]],[[11035]],[[11036]],[[11037,11038]],[[11039]],[[11040]],[[11041]],[[11042,11043]],[[11044,11045]],[[11046]],[[11047]],[[11048],[11049]],[[11050]],[[11051]],[[11052]],[[11053]],[[11054]],[[11055]],[[11056]],[[11057]],[[11058]],[[11059]],[[11060]],[[11061]],[[11062]],[[11063]],[[11064]],[[11065]],[[11068,11069]],[[11070,11071]],[[11072]],[[11073]],[[11074,11075]],[[11078]],[[11079]],[[11080]],[[11081]],[[11082]],[[11083]],[[11084,11085]],[[11086]],[[11087]],[[11088]],[[11089]],[[11090]],[[11091]],[[11092]],[[11097]],[[11098]],[[11099],[11100],[11101],[11102]],[[11103]],[[11104]],[[11105,11106,11107],[11108],[11109]],[[11110]],[[11111]],[[11112]],[[11113]],[[11116]],[[11117]],[[11118]],[[11119]],[[11120]],[[11121]],[[11122]],[[11123]],[[11124]],[[11125]],[[11126]],[[11127]],[[11128]],[[11135]],[[11136]],[[11137]],[[11138]],[[11139]],[[11140]],[[11141]],[[11142]],[[11143]],[[11144]],[[11145,11146]],[[11147,11148]],[[11159]],[[11160]],[[11165,11166]],[[11169]],[[11174]],[[11175,11176,11177,11178]],[[11179]],[[11180,11181]],[[11182]],[[11183]],[[11184]],[[11185]],[[11186]],[[11187]],[[11188]],[[11189]],[[11190]],[[11191]],[[11192]],[[11193]],[[11194]],[[11195]],[[11196]],[[11197]],[[11198,11199]],[[11200]],[[11201]],[[11202]],[[11203]],[[11204]],[[11205]],[[11206]],[[11207]],[[11208]],[[11209]],[[11210]],[[11211]],[[11212]],[[11213]],[[11214]],[[11215]],[[11216]],[[11217]],[[11218]],[[11219]],[[11220]],[[11221]],[[11224,11225]],[[11226,11227]],[[11228]],[[11229]],[[11230]],[[11231,11232]],[[11233]],[[11234]],[[11235,11236]],[[11239]],[[11240]],[[11241,11242]],[[11243]],[[11244]],[[11245]],[[11246]],[[11247,11248]],[[11249]],[[11250]],[[11251]],[[11252]],[[11253]],[[11254]],[[11255]],[[11256]],[[11257]],[[11258]],[[11259]],[[11260]],[[11261]],[[11262]],[[11263]],[[11266,11267,11268,11269,11270,11271]],[[11272]],[[11273]],[[11274]],[[11275]],[[11276]],[[11277]],[[11278]],[[11279]],[[11280]],[[11281]],[[11284]],[[11285]],[[11294,11295]],[[11296]],[[11297]],[[11298]],[[11299]],[[11300]],[[11301]],[[11302]],[[11303]],[[11304]],[[11305]],[[11306]],[[11307]],[[11308,11309]],[[11310]],[[11311,11312,11313,11314]],[[11315,11316,11317]],[[11320]],[[11321]],[[11322]],[[11323,11324,11325]],[[11332]],[[11333]],[[11334]],[[11335]],[[11336]],[[11337]],[[11338]],[[11339]],[[11340]],[[11341]],[[11342]],[[11343]],[[11344]],[[11345]],[[11346]],[[11347]],[[11348]],[[11349]],[[11350]],[[11351]],[[11352]],[[11353]],[[11354]],[[11355]],[[11356]],[[11357,11358,11359,11360],[11363]],[[11364]],[[11365]],[[11366]],[[11367]],[[11368]],[[11369]],[[11370]],[[11371]],[[11372,11373,11374]],[[11375]],[[11378]],[[11379]],[[11380,11381]],[[11382]],[[11383,11384]],[[11385]],[[11386]],[[11387,11388]],[[11389]],[[11394,11395,11396]],[[11397]],[[11398]],[[11399]],[[11400]],[[11401]],[[11402]],[[11403]],[[11404]],[[11405]],[[11406]],[[11407]],[[11408]],[[11409]],[[11410]],[[11411]],[[11412]],[[11413,11414]],[[11415,11416]],[[11417]],[[11418]],[[11419]],[[11420]],[[11421]],[[11422]],[[11423]],[[11426]],[[11429,11430]],[[11431]],[[11432]],[[11433]],[[11434]],[[11435]],[[11436]],[[11437]],[[11438]],[[11439]],[[11444,11445]],[[11448,11449,11450]],[[11451]],[[11452]],[[11453]],[[11454,11455]],[[11456,11457]],[[11462,11463]],[[11464,11465]],[[11466]],[[11467]],[[11468]],[[11469]],[[11470]],[[11471]],[[11472]],[[11473]],[[11474]],[[11475]],[[11476]],[[11477]],[[11478]],[[11479]],[[11480]],[[11481]],[[11482]],[[11483]],[[11484]],[[11485]],[[11486]],[[11487]],[[11488]],[[11492]],[[11493,11494]],[[11497,11498]],[[11501,11502]],[[11503,11504,11505]],[[11506]],[[11515]],[[11516]],[[11517]],[[11518]],[[11519]],[[11520]],[[11521]],[[11522]],[[11523]],[[11524]],[[11525]],[[11526]],[[11527]],[[11528]],[[11529]],[[11530]],[[11531]],[[11532]],[[11533]],[[11534]],[[11535]],[[11536]],[[11537,11538]],[[11541,11542]],[[11543,11544]],[[11545,11546]],[[11549]],[[11550]],[[11551]],[[11552]],[[11553]],[[11554]],[[11555]],[[11556]],[[11557]],[[11558]],[[11559]],[[11560]],[[11561]],[[11562]],[[11563]],[[11564]],[[11565]],[[11566]],[[11567]],[[11568]],[[11569]],[[11570]],[[11571]],[[11572]],[[11573]],[[11574]],[[11575]],[[11576]],[[11577]],[[11578]],[[11579]],[[11582,11583,11584]],[[11585]],[[11586]],[[11587]],[[11588]],[[11589]],[[11590]],[[11591]],[[11592]],[[11593]],[[11594]],[[11595]],[[11598]],[[11599]],[[11600]],[[11601]],[[11604,11605,11606,11607,11608]],[[11609]],[[11610,11611,11612,11613,11614]],[[11615]],[[11616]],[[11617]],[[11620,11621,11622]],[[11623]],[[11624]],[[11625]],[[11626]],[[11627]],[[11628]],[[11629]],[[11630]],[[11631]],[[11632]],[[11633]],[[11634]],[[11635]],[[11636]],[[11637]],[[11638]],[[11639]],[[11640]],[[11641]],[[11642]],[[11643]],[[11644]],[[11645]],[[11646]],[[11647]],[[11648]],[[11649]],[[11650]],[[11651]],[[11652]],[[11653]],[[11654]],[[11655]],[[11656,11657,11658,11659]],[[11660,11661,11662,11663,11664,11665]],[[11666,11667,11668,11669]],[[11672,11673]],[[11682]],[[11683]],[[11684,11685,11686,11687,11688]],[[11689,11690,11691]],[[11694,11695]],[[11696,11697,11698,11699,11700,11701,11702,11703,11704]],[[11705]],[[11708]],[[11709]],[[11710]],[[11711]],[[11712]],[[11713]],[[11714]],[[11715]],[[11716]],[[11717]],[[11718]],[[11719]],[[11720]],[[11721]],[[11722]],[[11723]],[[11724]],[[11725]],[[11726]],[[11727]],[[11728,11729,11730]],[[11731]],[[11734]],[[11735]],[[11736]],[[11737]],[[11738]],[[11739]],[[11740]],[[11741]],[[11742]],[[11743]],[[11744]],[[11745]],[[11746]],[[11747]],[[11748]],[[11749]],[[11750]],[[11751]],[[11752]],[[11753,11754]],[[11755,11756,11757,11758]],[[11759,11760]],[[11761]],[[11762]],[[11763]],[[11764,11765,11766]],[[11767]],[[11768]],[[11771,11772],[11773],[11774],[11775],[11776]],[[11777]],[[11778,11779]],[[11780]],[[11781]],[[11782]],[[11783]],[[11784,11785]],[[11786,11787]],[[11788]],[[11789]],[[11790]],[[11791]],[[11792]],[[11793]],[[11794]],[[11797,11798,11799,11800,11801,11802]],[[11803,11804]],[[11805]],[[11806]],[[11807]],[[11808]],[[11809]],[[11810]],[[11811]],[[11812]],[[11813]],[[11814]],[[11815,11816,11817]],[[11818]],[[11821,11822]],[[11823,11824,11825]],[[11826,11827,11828]],[[11829,11830,11831]],[[11832]],[[11833]],[[11834,11835,11836]],[[11837]],[[11840]],[[11841]],[[11842]],[[11843]],[[11844]],[[11845]],[[11846]],[[11847]],[[11848]],[[11849]],[[11850]],[[11851]],[[11852]],[[11853]],[[11854]],[[11855]],[[11856]],[[11857,11858]],[[11859]],[[11860]],[[11861]],[[11862]],[[11863]],[[11864]],[[11865]],[[11866]],[[11867]],[[11868]],[[11869]],[[11870]],[[11871]],[[11872]],[[11873]],[[11874]],[[11875]],[[11876]],[[11877]],[[11878]],[[11879]],[[11880]],[[11881]],[[11882]],[[11883]],[[11884]],[[11885]],[[11886]],[[11887]],[[11888]],[[11889]],[[11890]],[[11891]],[[11892]],[[11893]],[[11894]],[[11895,11896]],[[11897,11898]],[[11899]],[[11900,11901]],[[11902]],[[11903,11904]],[[11905,11906]],[[11907,11908]],[[11909,11910]],[[11911,11912]],[[11913,11914]],[[11915]],[[11918,11919,11920,11921,11922]],[[11923,11924,11925]],[[11926,11927,11928,11929,11930]],[[11931,11932,11933]],[[11934]],[[11935]],[[11936]],[[11937]],[[11938]],[[11939]],[[11940]],[[11941]],[[11942]],[[11943]],[[11944]],[[11945],[11946]],[[11947]],[[11948]],[[11949]],[[11950,11951,11952]],[[11953,11954,11955,11956]],[[11963,11964,11965,11966]],[[11967]],[[11968,11969]],[[11970]],[[11973,11974,11975]],[[11976,11977]],[[11978,11979,11980]],[[11981,11982]],[[11985]],[[11986]],[[11987]],[[11988]],[[11989]],[[11990]],[[11991]],[[11992]],[[11993]],[[11994]],[[11995]],[[11996]],[[11997]],[[11998]],[[11999]],[[12000]],[[12001]],[[12002]],[[12003]],[[12006,12007,12008]],[[12009]],[[12010,12011,12012,12013],[12014]],[[12015]],[[12016]],[[12017]],[[12018]],[[12019]],[[12020]],[[12021]],[[12022,12023]],[[12024]],[[12027,12028]],[[12029,12030]],[[12031,12032]],[[12033,12034]],[[12035]],[[12036]],[[12037]],[[12038]],[[12039]],[[12040]],[[12041]],[[12042]],[[12043]],[[12044]],[[12045]],[[12046]],[[12047,12048,12049,12050,12051]],[[12056,12057]],[[12058]],[[12059]],[[12060]],[[12061,12062]],[[12063]],[[12064]],[[12065]],[[12066]],[[12067]],[[12068]],[[12069]],[[12070]],[[12071]],[[12072]],[[12073]],[[12074]],[[12075]],[[12076]],[[12077]],[[12078]],[[12079]],[[12080]],[[12081]],[[12082]],[[12083]],[[12084,12085,12086,12087,12088]],[[12089,12090,12091]],[[12092]],[[12093]],[[12094]],[[12097,12098,12099,12100]],[[12105,12106,12107]],[[12108,12109]],[[12110,12111]],[[12112,12113]],[[12114,12115]],[[12122]],[[12123]],[[12124]],[[12127,12128]],[[12129]],[[12130]],[[12131]],[[12132]],[[12133,12134]],[[12135,12136]],[[12139]],[[12140,12141,12142,12143,12144,12145]],[[12146,12147,12148,12149]],[[12150]],[[12151]],[[12152,12153,12154]],[[12155]],[[12158]],[[12159]],[[12160]],[[12161]],[[12162]],[[12163]],[[12164]],[[12165]],[[12166]],[[12167]],[[12168]],[[12169,12170]],[[12173]],[[12174]],[[12175]],[[12176]],[[12179,12180]],[[12181]],[[12182]],[[12183]],[[12184]],[[12185]],[[12186]],[[12187]],[[12188]],[[12189]],[[12190]],[[12191]],[[12192]],[[12193]],[[12194]],[[12195]],[[12196]],[[12201]],[[12204,12205]],[[12208,12209]],[[12212]],[[12213]],[[12214,12215]],[[12216]],[[12217,12218,12219]],[[12220]],[[12221]],[[12222]],[[12225,12226]],[[12227,12228]],[[12229,12230]],[[12231,12232]],[[12233]],[[12234]],[[12235]],[[12236]],[[12237]],[[12238]],[[12239]],[[12240]],[[12243,12244,12245,12246,12247,12248,12249],[12250,12251,12252]],[[12253]],[[12254]],[[12255]],[[12256]],[[12257]],[[12258]],[[12259]],[[12260]],[[12261]],[[12262]],[[12263]],[[12264]],[[12265]],[[12266]],[[12267]],[[12268]],[[12269]],[[12270]],[[12271,12272]],[[12273,12274,12275]],[[12276,12277]],[[12278]],[[12279,12280]],[[12281,12282]],[[12283]],[[12286,12287]],[[12288,12289]],[[12296]],[[12297]],[[12298]],[[12299]],[[12300]],[[12301]],[[12302]],[[12303]],[[12304]],[[12305]],[[12306]],[[12307,12308,12309],[12310],[12311]],[[12312]],[[12313]],[[12314]],[[12315]],[[12316]],[[12317]],[[12318]],[[12319]],[[12320]],[[12321]],[[12322]],[[12323]],[[12324]],[[12325]],[[12326]],[[12327]],[[12328]],[[12329]],[[12330]],[[12331]],[[12332]],[[12333]],[[12334]],[[12335]],[[12338]],[[12339]],[[12342]],[[12343]],[[12344,12345]],[[12346,12347]],[[12348,12349]],[[12350,12351]],[[12352,12353,12354]],[[12355],[12356]],[[12357,12358]],[[12359]],[[12364]],[[12365,12366]],[[12369]],[[12370]],[[12371]],[[12372]],[[12373]],[[12374]],[[12375]],[[12376]],[[12377]],[[12378]],[[12379]],[[12380]],[[12381]],[[12382]],[[12383]],[[12384]],[[12385]],[[12386]],[[12387]],[[12388]],[[12389]],[[12390]],[[12391]],[[12392]],[[12393]],[[12394]],[[12395]],[[12396]],[[12397]],[[12398,12399,12400]],[[12401,12402,12403]],[[12404]],[[12405]],[[12406]],[[12407]],[[12408]],[[12409,12410]],[[12411,12412]],[[12413],[12414]],[[12415]],[[12416]],[[12417,12418,12419,12420]],[[12421]],[[12422]],[[12423,12424,12425]],[[12428]],[[12433,12434,12435]],[[12436]],[[12437,12438,12439,12440,12441]],[[12442,12443,12444,12445]],[[12446,12447,12448]],[[12449,12450]],[[12451]],[[12452]],[[12453]],[[12454]],[[12455]],[[12456]],[[12457]],[[12458]],[[12459]],[[12460]],[[12461]],[[12462]],[[12463]],[[12464]],[[12465]],[[12466]],[[12467]],[[12468]],[[12469]],[[12470]],[[12471]],[[12472]],[[12473]],[[12474]],[[12475]],[[12476]],[[12477]],[[12478]],[[12479]],[[12480]],[[12481,12482]],[[12483]],[[12484]],[[12485]],[[12486,12487,12488,12489,12490]],[[12493]],[[12496,12497]],[[12498]],[[12499]],[[12500]],[[12503]],[[12504,12505,12506]],[[12511]],[[12512,12513]],[[12514,12515,12516,12517,12518,12519,12520,12521,12522,12523,12524,12525,12526,12527,12528,12529,12530,12531,12532,12533,12534,12535,12536,12537,12538,12539,12540,12541,12542,12543,12544,12545,12546,12547,12548,12549,12550,12551,12552,12553,12554,12555,12556,12557,12558,12559,12560],[12561,12562],[12563],[12564],[12565,12566],[12567,12568],[12569],[12570],[12571],[12572],[12573],[12574],[12575,12576],[12579],[12580],[12581],[12582],[12583],[12584,12585,12586,12587,12588],[12589],[12590,12591,12592,12593,12594,12595,12596,12597,12598],[12599,12600],[12601,12602,12603,12604,12605,12606],[12607,12608,12609],[12610,12611,12612,12613],[12614],[12615],[12618,12619],[12620],[12621],[12622],[12623,12624],[12625,12626],[12629,12630],[12631,12632,12633,12634,12635],[12636],[12637],[12638,12639,12640],[12641],[12642],[12645],[12646],[12647],[12648],[12649],[12650],[12651],[12652],[12653],[12654],[12655],[12656],[12657],[12658],[12659],[12660],[12661],[12662],[12663],[12664]],[[12667]],[[12670,12671,12672,12673,12674]],[[12679,12680]],[[12683]],[[12684]],[[12685]],[[12686]],[[12691,12692]],[[12693,12694]],[[12705,12706]],[[12707]],[[12708]],[[12709]],[[12710]],[[12711]],[[12712]],[[12713]],[[12714]],[[12715]],[[12716]],[[12717]],[[12718]],[[12719]],[[12720]],[[12721]],[[12722]],[[12723]],[[12724]],[[12725]],[[12726]],[[12727]],[[12728]],[[12729]],[[12730]],[[12731]],[[12732]],[[12733]],[[12734]],[[12735]],[[12736]],[[12737]],[[12738]],[[12739]],[[12740]],[[12741]],[[12742]],[[12743]],[[12744]],[[12745]],[[12746]],[[12747]],[[12748]],[[12749]],[[12750]],[[12751]],[[12752]],[[12753]],[[12754]],[[12755]],[[12756]],[[12757]],[[12758]],[[12759]],[[12760]],[[12761,12762]],[[12765]],[[12766]],[[12767]],[[12768]],[[12769]],[[12770]],[[12771]],[[12772,12773,12774,12775,12776],[12777]],[[12778,12779]],[[12780]],[[12781]],[[12782]],[[12783]],[[12784]],[[12787]],[[12788]],[[12789]],[[12790]],[[12791]],[[12792]],[[12793,12794]],[[12797,12798]],[[12803,12804]],[[12805,12806]],[[12807,12808]],[[12809,12810]],[[12813,12814]],[[12815,12816]],[[12817,12818,12819,12820,12821]],[[12822]],[[12823]],[[12824,12825]],[[12826]],[[12827]],[[12834]],[[12835]],[[12836]],[[12837,12838]],[[12841]],[[12842]],[[12843]],[[12844]],[[12845]],[[12846]],[[12847]],[[12848]],[[12849],[12850]],[[12851]],[[12852]],[[12853]],[[12854]],[[12855]],[[12856]],[[12857]],[[12858]],[[12859]],[[12860]],[[12861]],[[12862]],[[12863]],[[12864]],[[12865]],[[12866]],[[12867]],[[12868]],[[12869]],[[12870]],[[12871]],[[12872]],[[12873]],[[12874]],[[12875]],[[12876]],[[12877,12878]],[[12879]],[[12880]],[[12881]],[[12882]],[[12883]],[[12884]],[[12885]],[[12886]],[[12887]],[[12888]],[[12889]],[[12890]],[[12891]],[[12892]],[[12893]],[[12894]],[[12895]],[[12896]],[[12897]],[[12898]],[[12899]],[[12900]],[[12901]],[[12902]],[[12903,12904]],[[12905]],[[12906]],[[12907]],[[12908]],[[12909,12910]],[[12913]],[[12914,12915,12916]],[[12917]],[[12918,12919,12920,12921,12922,12923,12924,12925,12926,12927,12928,12929,12930,12931,12932,12933,12934],[12935],[12936],[12937,12938,12939,12940,12941],[12942],[12943]],[[12946,12947,12948]],[[12949,12950,12951,12952,12953]],[[12954,12955,12956,12957]],[[12958,12959,12960,12961,12962]],[[12970]],[[12971,12972,12973,12974,12975,12976]],[[12977,12978,12979,12980,12981,12982,12983]],[[12984]],[[12985,12986]],[[12987],[12988]],[[12989]],[[12990]],[[12991,12992]],[[12993]],[[12994]],[[12995,12996]],[[12999,13000,13001,13002]],[[13003,13004,13005]],[[13006]],[[13007]],[[13008]],[[13009]],[[13010]],[[13011]],[[13012]],[[13013]],[[13014]],[[13015]],[[13016]],[[13017]],[[13018]],[[13019]],[[13020]],[[13021]],[[13022]],[[13023]],[[13024]],[[13025]],[[13026]],[[13027]],[[13028]],[[13029]],[[13030]],[[13031]],[[13032]],[[13033]],[[13034]],[[13035]],[[13036]],[[13037]],[[13038]],[[13039]],[[13040]],[[13041]],[[13042]],[[13043]],[[13044]],[[13045]],[[13046]],[[13047]],[[13048]],[[13049]],[[13050]],[[13051]],[[13052]],[[13053]],[[13054]],[[13055]],[[13056]],[[13059]],[[13060]],[[13061]],[[13062]],[[13063]],[[13064]],[[13065]],[[13066]],[[13067]],[[13068]],[[13069]],[[13070]],[[13071]],[[13072]],[[13073]],[[13074]],[[13075]],[[13076]],[[13077]],[[13078]],[[13079]],[[13080]],[[13081]],[[13082]],[[13083]],[[13084]],[[13085]],[[13086]],[[13087]],[[13088]],[[13089]],[[13090]],[[13091]],[[13092]],[[13093]],[[13094]],[[13095]],[[13096]],[[13097]],[[13098]],[[13099]],[[13100]],[[13101,13102]],[[13103,13104]],[[13105]],[[13106]],[[13107]],[[13108]],[[13109]],[[13110]],[[13111]],[[13112]],[[13113]],[[13118]],[[13119,13120]],[[13121,13122,13123]],[[13126,13127,13128,13129,13130,13131,13132,13133],[13134],[13135],[13136],[13137],[13138]],[[13139]],[[13140]],[[13141]],[[13142]],[[13143]],[[13144]],[[13145]],[[13146]],[[13147]],[[13148]],[[13149]],[[13150]],[[13151,13152]],[[13153]],[[13154,13155,13156,13157]],[[13158,13159,13160,13161]],[[13164,13165,13166]],[[13167]],[[13168,13169]],[[13170]],[[13175]],[[13176,13177]],[[13178]],[[13179]],[[13180]],[[13181]],[[13182]],[[13183]],[[13184]],[[13185]],[[13186]],[[13187]],[[13188]],[[13189]],[[13190]],[[13191]],[[13192]],[[13193]],[[13194]],[[13195]],[[13196]],[[13197]],[[13198]],[[13199]],[[13200]],[[13201]],[[13202]],[[13203]],[[13204]],[[13205]],[[13206]],[[13207]],[[13208]],[[13209]],[[13210]],[[13211]],[[13212]],[[13213]],[[13214]],[[13215]],[[13216]],[[13217]],[[13218]],[[13219]],[[13220]],[[13221]],[[13222]],[[13223]],[[13224]],[[13225]],[[13226]],[[13227]],[[13228]],[[13229]],[[13230]],[[13231]],[[13232]],[[13233]],[[13234]],[[13235]],[[13236]],[[13240,13241,13242,13243,13244]],[[13245]],[[13246,13247,13248],[13249]],[[13250]],[[13251]],[[13252,13253]],[[13254]],[[13255]],[[13256]],[[13259]],[[13260]],[[13261]],[[13262]],[[13263]],[[13264]],[[13265]],[[13266]],[[13267]],[[13270,13271]],[[13274]],[[13275]],[[13276,13277]],[[13278]],[[13279]],[[13280]],[[13281]],[[13284,13285]],[[13286,13287]],[[13288,13289,13290,13291,13292]],[[13293]],[[13294]],[[13295]],[[13298,13299,13300,13301,13302]],[[13307,13308]],[[13309,13310,13311,13312,13313,13314,13315,13316,13317,13318,13319,13320,13321,13322,13323],[13324],[13325],[13326],[13327],[13328],[13331]],[[13332]],[[13335]],[[13336]],[[13337]],[[13338]],[[13339]],[[13340]],[[13341]],[[13342]],[[13343]],[[13344]],[[13345]],[[13346]],[[13347]],[[13348]],[[13349]],[[13350]],[[13351]],[[13352]],[[13353]],[[13354]],[[13355]],[[13356]],[[13357]],[[13358]],[[13359]],[[13360]],[[13361]],[[13364]],[[13365]],[[13366]],[[13367,13368]],[[13369]],[[13370]],[[13371,13372,13373]],[[13374,13375]],[[13376,13377]],[[13378]],[[13379]],[[13380]],[[13381]],[[13382]],[[13383]],[[13384]],[[13385]],[[13386]],[[13387,13388,13389]],[[13390]],[[13391]],[[13392]],[[13393]],[[13394,13395]],[[13396,13397]],[[13398]],[[13399]],[[13400]],[[13401]],[[13402,13403]],[[13404]],[[13407]],[[13408]],[[13411]],[[13412,13413]],[[13414]],[[13415]],[[13416]],[[13417]],[[13418]],[[13419]],[[13420]],[[13421]],[[13422]],[[13423]],[[13424]],[[13425]],[[13426,13427]],[[13428]],[[13429]],[[13430]],[[13431]],[[13432]],[[13433]],[[13434]],[[13435]],[[13436]],[[13437]],[[13438]],[[13439]],[[13440]],[[13441]],[[13442]],[[13443]],[[13444]],[[13445]],[[13446]],[[13447]],[[13448]],[[13449]],[[13450]],[[13451]],[[13452]],[[13453]],[[13454]],[[13455]],[[13456]],[[13457]],[[13458]],[[13459]],[[13460]],[[13461]],[[13462]],[[13463]],[[13464]],[[13467,13468]],[[13469]],[[13470]],[[13471]],[[13472]],[[13473]],[[13474]],[[13475]],[[13476]],[[13477]],[[13478]],[[13479]],[[13480]],[[13481]],[[13482]],[[13483]],[[13484]],[[13485]],[[13486]],[[13487]],[[13488]],[[13489]],[[13490,13491,13492]],[[13495]],[[13498]],[[13499]],[[13500]],[[13501,13502]],[[13503]],[[13504,13505]],[[13506,13507]],[[13510]],[[13511]],[[13514,13515,13516,13517,13518,13519,13520,13521],[13522],[13523],[13524],[13525],[13526],[13527],[13528],[13529]],[[13530]],[[13531]],[[13532]],[[13533]],[[13534]],[[13535]],[[13536]],[[13537]],[[13538]],[[13539]],[[13540]],[[13541]],[[13542]],[[13543]],[[13544]],[[13545]],[[13546]],[[13547]],[[13548],[13549],[13550],[13551],[13552],[13553],[13554],[13555],[13556],[13557],[13558],[13559],[13560],[13561],[13562],[13563],[13564],[13565],[13566],[13567],[13568],[13569],[13570],[13571],[13572],[13573],[13574],[13575],[13576],[13577],[13578],[13579],[13580],[13581],[13582],[13583],[13584],[13585],[13586],[13587],[13588],[13589],[13590],[13591]],[[13592]],[[13593]],[[13594]],[[13595]],[[13596]],[[13597]],[[13598]],[[13599]],[[13600]],[[13601]],[[13602]],[[13603]],[[13604]],[[13605]],[[13606]],[[13611,13612]],[[13613]],[[13614]],[[13615]],[[13616]],[[13617]],[[13618]],[[13619]],[[13620]],[[13621]],[[13622]],[[13623]],[[13624,13625]],[[13628,13629,13630]],[[13631,13632]],[[13635]],[[13636,13637]],[[13638,13639,13640]],[[13643]],[[13644]],[[13645]],[[13646,13647,13648]],[[13649]],[[13650,13651]],[[13652,13653,13654,13655,13656]],[[13657,13658]],[[13661]],[[13662]],[[13663]],[[13664,13665,13666]],[[13667,13668,13669,13670,13671,13672,13673,13674,13675]],[[13676]],[[13677,13678]],[[13681]],[[13682]],[[13683]],[[13684]],[[13685]],[[13686]],[[13687]],[[13688]],[[13689]],[[13690]],[[13691]],[[13692]],[[13693]],[[13694]],[[13695]],[[13696]],[[13697]],[[13698]],[[13699]],[[13700]],[[13701]],[[13702]],[[13703]],[[13704]],[[13707,13708]],[[13709]],[[13710]],[[13711]],[[13712]],[[13713]],[[13714]],[[13715]],[[13716]],[[13717]],[[13718]],[[13719]],[[13720]],[[13721]],[[13722,13723],[13724],[13725],[13726],[13727],[13728],[13729],[13730],[13731]],[[13732]],[[13733]],[[13734]],[[13735]],[[13736,13737]],[[13738,13739]],[[13740,13741,13742]],[[13743,13744]],[[13745,13746,13747,13748,13749,13750],[13751],[13752]],[[13753]],[[13754]],[[13755]],[[13756,13757,13758]],[[13759]],[[13760]],[[13761]],[[13766]],[[13767]],[[13768,13769]],[[13770]],[[13771]],[[13772]],[[13773]],[[13774]],[[13775]],[[13776]],[[13777]],[[13778]],[[13779]],[[13780]],[[13781]],[[13782]],[[13783]],[[13784]],[[13785,13786,13787,13788,13789,13790,13791,13792,13793,13794,13795,13796,13797],[13798,13799],[13806],[13807],[13808]],[[13811]],[[13812,13813,13814]],[[13817]],[[13824]],[[13827]],[[13828]],[[13829]],[[13830]],[[13831]],[[13832]],[[13833]],[[13834]],[[13835]],[[13836]],[[13837]],[[13838]],[[13839]],[[13840]],[[13841]],[[13842]],[[13843]],[[13844]],[[13845]],[[13846]],[[13847]],[[13848]],[[13849]],[[13850]],[[13851]],[[13852]],[[13853,13854]],[[13855]],[[13856]],[[13857]],[[13858,13859]],[[13860]],[[13861,13862]],[[13863,13864]],[[13865,13866]],[[13867,13868,13869,13870]],[[13871]],[[13874]],[[13875]],[[13876,13877,13878]],[[13879]],[[13880]],[[13881]],[[13882]],[[13883]],[[13884]],[[13885]],[[13886]],[[13887]],[[13888]],[[13889]],[[13890]],[[13891]],[[13892]],[[13893]],[[13894]],[[13895]],[[13896]],[[13897]],[[13898]],[[13899]],[[13900]],[[13901]],[[13902]],[[13903]],[[13904]],[[13905]],[[13906]],[[13907]],[[13908]],[[13909,13910,13911,13912,13913,13914,13915],[13916],[13917],[13918],[13919],[13920],[13921],[13922],[13923],[13924],[13925],[13926],[13927],[13928]],[[13929]],[[13930],[13931]],[[13932]],[[13933]],[[13934]],[[13935]],[[13936]],[[13937]],[[13938]],[[13939]],[[13940]],[[13941]],[[13942]],[[13943]],[[13944]],[[13945]],[[13946]],[[13947,13948,13949,13950,13951,13952,13953],[13954],[13955],[13956],[13957],[13958],[13959],[13960],[13961]],[[13962]],[[13963]],[[13964]],[[13965]],[[13966]],[[13967]],[[13968]],[[13969]],[[13970]],[[13971]],[[13972]],[[13973]],[[13974]],[[13975]],[[13976]],[[13977]],[[13978]],[[13979]],[[13980]],[[13981]],[[13982]],[[13983]],[[13984]],[[13985]],[[13986]],[[13987]],[[13988]],[[13989]],[[13990]],[[13991]],[[13992]],[[13993]],[[13994]],[[13995]],[[13996]],[[13997]],[[13998]],[[13999]],[[14000]],[[14001]],[[14002]],[[14003]],[[14004]],[[14005]],[[14006],[14007]],[[14008]],[[14009]],[[14010,14011,14012,14013],[14014],[14015]],[[14018]],[[14019,14020]],[[14021,14022,14023]],[[14024]],[[14025]],[[14026]],[[14027]],[[14028]],[[14029]],[[14030]]],"type":"MultiPolygon","properties":{"layer":"water_observed"}}]}},"properties":{"layer":"water_observed","state":"WA","source":"DEA Water Observations Statistics 1987– (Geoscience Australia)","licence":"CC-BY-4.0","asOf":"2026-09-08","simplify":"6%"}}