{"type":"Topology","arcs":[[[67191,694],[-2,-15],[-35,7],[2,8],[-1,8],[12,-2],[2,-2],[22,-4]],[[67393,1630],[16,3],[-2,-12],[-34,-24],[-32,7],[3,13],[25,-5],[20,14],[3,-1],[1,5]],[[60778,6430],[-6,-38],[-43,-11],[-36,4],[-1,7],[-4,5],[-4,10],[0,17],[-12,-2],[0,6],[12,2],[-3,19],[10,23],[2,2],[0,4],[1,5],[22,-4],[15,3],[12,-3],[-2,-12],[27,-1],[18,-3],[-4,-31],[-4,-2]],[[58761,8088],[-7,25],[0,13],[3,4],[16,3],[5,7],[9,3],[0,15],[15,-1],[7,-5],[0,-8],[-2,-7],[2,-3],[7,-1],[5,5],[-1,10],[-10,10],[0,4],[3,3],[8,1],[5,10],[9,6],[-3,7],[-8,7],[-2,5],[4,2],[5,6],[4,0],[0,10],[6,9],[5,-1],[4,16],[-4,2],[-9,-3],[-9,6],[0,3],[-6,1],[-2,-3],[-7,0],[-4,3],[-7,-1],[-6,-6],[0,-9],[-5,-4],[-17,0],[-11,13],[-10,0],[-2,9],[12,19],[-1,7],[-5,2],[-5,6],[-8,7],[-5,-5],[3,-15],[-10,-14],[-7,-5],[-12,9],[-6,22],[-13,9],[1,13],[16,-9],[7,-1],[0,-9],[4,-6],[5,1],[-1,9],[-3,8],[13,10],[11,5],[0,-4],[6,0],[2,8],[4,5],[15,-7],[10,-15],[0,-11],[5,-4],[-7,-6],[1,-7],[-3,-8],[46,23],[3,10],[-2,17],[16,11],[6,-4],[-2,-13],[3,-3],[-1,-3],[1,-6],[-2,-6],[4,-10],[13,-8],[10,-3],[13,-15],[5,-10],[7,-3],[8,3],[10,-3],[3,1],[4,-2],[0,-2],[2,-3],[7,-3],[0,-3],[6,4],[4,-6],[3,0],[3,3],[-1,3],[5,0],[2,-5],[2,0],[-2,-10],[7,-6],[1,-4],[-3,0],[1,-5],[-3,-1],[22,0],[6,-4],[-1,-18],[-4,-3],[-5,-10],[3,-3],[11,4],[4,-2],[6,1],[19,15],[1,13],[-15,15],[-1,4],[-3,4],[-3,3],[-4,0],[-4,4],[-10,2],[-3,3],[-5,6],[-3,2],[-4,7],[0,5],[2,3],[0,10],[4,13],[-4,9],[-3,3],[-8,2],[-6,9],[-5,19],[1,7],[-1,10],[-8,17],[-5,6],[-26,5],[-4,2],[-1,7],[2,10],[7,5],[-5,18],[3,6],[17,5],[2,6],[-9,10],[-20,9],[-5,8],[-3,8],[-12,17],[-7,5],[-14,0],[1,4],[15,-2],[12,-13],[11,-18],[8,-5],[16,-4],[16,2],[1,4],[-7,11],[0,24],[-3,8],[1,6],[7,2],[12,-1],[4,5],[-5,16],[-5,3],[-15,15],[2,2],[6,1],[7,11],[-3,3],[2,6],[2,1],[7,-1],[5,-8],[18,-6],[5,2],[-6,14],[1,7],[-2,7],[-5,7],[7,1],[2,7],[-2,28],[1,8],[-2,8],[-5,8],[-4,25],[3,3],[0,32],[-4,5],[-7,-2],[23,9],[2,-7],[-2,-13],[2,-39],[9,-26],[0,-6],[8,-26],[1,-11],[5,-4],[1,-4],[8,-7],[17,0],[4,-5],[2,-5],[22,-9],[4,-25],[-3,18],[-11,0],[-1,-8],[6,-16],[0,-13],[-5,-6],[-4,-14],[-17,-9],[-4,-11],[-1,-14],[7,-18],[5,-20],[-3,-11],[-12,-21],[1,-9],[-1,-6],[-3,-2],[-1,-16],[-4,-9],[-6,-4],[-1,-6],[7,-12],[4,-4],[8,0],[6,-7],[7,-1],[6,2],[6,8],[6,2],[7,6],[2,-3],[-1,-3],[-3,-1],[1,-2],[-7,-13],[-1,-5],[-18,-8],[-4,0],[-4,2],[-3,-1],[-2,-7],[4,-18],[3,-3],[2,-7],[3,-17],[6,-2],[7,1],[5,-5],[4,-6],[-1,-9],[3,-7],[7,-5],[2,-3],[13,0],[3,-4],[-2,-15],[1,-5],[6,-5],[9,-3],[11,-10],[17,-9],[7,1],[7,-3],[5,-3],[-1,-2],[-9,-4],[-4,-10],[1,-6],[12,-29],[-1,-4],[6,-16],[-2,-4],[2,-6],[5,-6],[-6,-15],[-1,-10],[-8,-10],[1,-7],[-5,-4],[-3,2],[-1,-6],[0,-9],[-7,-6],[-1,-6],[-4,-3],[-7,-11],[-3,-17],[-6,-10],[-5,-1],[-3,-4],[3,-11],[1,-27],[-2,-3],[-1,-9],[-12,-17],[0,-8],[2,-7],[10,-1],[7,6],[-2,8],[0,9],[3,1],[1,5],[4,2],[4,5],[-1,6],[9,1],[13,5],[8,0],[3,3],[13,3],[7,-4],[1,-13],[3,-8],[15,-13],[2,-11],[-1,-19],[-4,-18],[1,-13],[4,-14],[2,-38],[5,-6],[5,1],[4,5],[11,6],[-18,-24],[-6,-6],[-15,2],[-13,11],[-6,2],[-3,-2],[-2,-13],[1,-5],[-3,-8],[13,-26],[0,-6],[3,-5],[0,-4],[-3,-7],[3,-8],[5,-6],[-3,-4],[-6,-1],[-6,2],[-7,8],[-7,5],[-7,2],[-5,-6],[-6,-1],[-5,-12],[3,-13],[-3,-7],[8,-17],[-3,-11],[2,-4],[8,-6],[6,-9],[-3,-8],[-5,1],[-11,-10],[-8,0],[-19,-11],[-14,-2],[-14,12],[-12,3],[0,3],[-3,0],[-4,-5],[5,-6],[2,-10],[-2,-11],[2,-2],[-2,-5],[-4,-2],[-9,4],[-3,-4],[1,-12],[3,-4],[0,-7],[-3,-1],[-4,-4],[6,-16],[-1,-9],[10,-6],[-2,-6],[-3,0],[-3,-3],[1,-11],[9,-9],[0,-4],[4,-4],[5,0],[2,4],[4,-1],[2,-3],[0,-6],[3,-3],[-3,-21],[4,-24],[4,-8],[8,-8],[7,-14],[0,-4],[12,-8],[1,-3],[3,-4],[1,-7],[-4,1],[7,-19],[-3,-1],[-9,6],[-1,4],[-16,13],[-7,-1],[-3,-6],[-4,-1],[-2,-9],[1,-12],[-1,-5],[-4,-5],[0,-22],[3,-4],[-7,0],[-3,-3],[-4,-7],[0,-13],[3,-6],[-5,-17],[-7,-4],[-14,4],[-2,6],[-4,10],[0,26],[-6,7],[1,5],[4,4],[4,9],[7,4],[5,8],[6,2],[5,14],[-3,8],[-2,-7],[-8,-3],[-5,7],[-6,0],[-5,3],[-5,-1],[-6,-7],[-7,-1],[-5,3],[-6,-11],[-7,-1],[1,5],[2,1],[1,7],[-3,5],[2,3],[7,2],[0,5],[3,10],[8,-1],[0,5],[5,8],[5,2],[1,5],[3,-3],[3,-8],[2,-3],[14,-7],[4,10],[4,2],[3,11],[-2,11],[-4,11],[-3,3],[-4,-3],[-3,4],[-4,0],[-14,7],[0,4],[-6,8],[2,4],[-3,11],[-6,6],[-1,5],[-2,1],[-8,16],[-1,4],[-7,8],[-5,9],[-15,10],[-4,1],[-1,-3],[-6,-4],[-5,0],[-24,-12],[-1,-2],[2,-7],[-1,-3],[-4,2],[0,4],[-5,8],[-4,0],[-2,-3],[0,-3],[-7,-2],[-5,2],[-8,7],[-12,-2],[1,-3],[-12,-6],[-8,15],[-22,3],[-23,9],[-3,-1],[-9,2],[-11,0],[-5,-3],[-7,0],[-13,-3],[11,4],[2,6],[5,0],[4,7],[4,13],[6,4],[2,6],[-3,4],[4,6],[0,5],[7,11],[25,4],[4,4],[1,5],[-9,7],[-2,0],[-4,-4],[0,-3],[-6,-3],[-11,4],[-10,-4],[-7,1],[-1,3],[-13,9],[2,11],[-4,4],[0,9],[5,1],[-1,-1],[2,0],[-1,-7],[3,-7],[0,-2],[-1,0],[1,-6],[7,-5],[2,-3],[2,-1],[-1,3],[2,2],[-1,4],[1,2],[5,-2],[5,1],[1,-2],[6,0],[0,9],[2,2],[-2,8],[3,0],[2,7],[4,2],[5,-1],[2,3],[13,-7],[1,1],[-4,6],[-1,4],[0,3],[3,1],[-1,2],[7,3],[2,3],[6,-3],[6,-1],[1,12],[1,0],[1,4],[3,4],[4,2],[1,4],[-3,6],[5,2],[5,-4],[1,5],[3,2],[9,2],[-2,4],[-1,3],[2,3],[-2,4],[8,2],[3,-2],[4,4],[-4,14],[1,1],[2,-2],[2,2],[3,-2],[1,3],[-9,12],[-5,4],[-1,2],[2,1],[2,-2],[3,0],[9,-6],[1,3],[3,-1],[3,-2],[2,1],[3,-2],[0,1],[-2,5],[2,3],[-4,5],[0,8],[-3,5],[-2,0],[-4,4],[-10,3],[-3,4],[-1,-1],[-4,1],[-15,15],[-20,10],[0,7],[6,0],[5,1],[6,-2],[-1,3],[3,2],[0,4],[4,1],[7,-7],[3,-1],[8,3],[2,-4],[3,0],[3,3],[10,-4],[1,4],[7,4],[8,2],[4,-2],[0,3],[5,4],[-2,7],[2,2],[6,-5],[5,0],[7,-7],[8,4],[4,-2],[3,0],[6,-4],[6,1],[4,-3],[4,-1],[3,3],[-3,5],[-8,4],[0,4],[-4,6],[-8,3],[1,4],[-2,4],[-4,1],[-9,20],[-1,4],[3,2],[-2,7],[-5,3],[1,4],[-5,5],[-12,2],[-2,-2],[4,-6],[-22,-2],[0,-1],[-4,-1],[-6,2],[-3,-5],[-8,4],[-3,6],[-5,6],[-3,6],[-4,12],[-1,4],[3,4],[-3,24],[3,4],[-1,2],[2,0],[18,-9],[3,0],[1,3],[4,1],[1,4],[1,5],[-4,2],[0,3],[-5,9],[1,15],[-3,5],[-5,3],[-6,8],[2,5],[-3,6],[5,8],[1,8],[7,-1],[2,3],[12,4],[4,-1],[8,7],[18,8],[11,8],[0,2],[7,2],[3,3],[8,14],[9,5],[3,10],[4,7],[1,12],[8,7],[3,8],[11,9],[3,6],[0,16],[-1,3],[-12,-2],[-3,6],[6,9],[-4,6],[-5,-3],[-3,0],[-18,-4],[-8,-12],[-21,0],[-8,1],[-11,11],[5,5],[-6,15],[-13,20],[7,8],[-9,11],[-7,-1],[-20,9],[-4,-4],[5,-5],[-5,-10],[2,-3],[-7,-17],[2,-7],[-7,-14],[-6,5],[-4,-12],[7,-2],[4,-6],[-3,-7],[5,-5],[-10,-4],[-9,10],[-9,-6],[-8,-8],[-2,-11],[-4,-5],[-35,26],[-11,7],[-15,-10],[-2,-5],[7,-7],[3,-2],[3,-7],[2,-17],[-5,-5],[-1,-3],[-16,1],[-11,3],[-5,4],[-1,22],[-4,0],[-6,-6],[0,-9],[-3,-12],[3,-9],[-4,6],[0,17],[4,13],[6,4],[4,-2],[3,-7],[5,-3],[8,-11],[5,0],[5,7]],[[63110,9469],[2,-5],[-8,-5],[5,-12],[4,3],[3,-5],[-4,-2],[-3,4],[-11,-7],[-6,11],[-10,-7],[-20,4],[-1,7],[4,1],[27,18],[5,-11],[9,6],[1,-2],[3,2]],[[62965,9438],[0,5],[3,3],[4,0],[3,-4],[0,-5],[-3,-3],[-4,0],[-3,4]],[[63023,9496],[7,-31],[-6,-2],[1,-5],[-9,-3],[-2,9],[-5,-1],[-1,2],[4,1],[-1,6],[-4,-1],[-1,4],[-1,3],[5,1],[-6,20],[-1,7],[-1,-1],[-1,2],[0,7],[-1,-1],[-1,5],[1,0],[-1,6],[16,5],[7,-31],[2,1],[1,-2],[-2,-1]],[[63043,9478],[-4,15],[-3,-1],[-5,18],[3,1],[0,9],[8,1],[9,-29],[5,-9],[-13,-5]],[[63080,9505],[1,1],[3,-6],[-17,-12],[-6,10],[5,3],[-7,11],[2,8],[11,-1],[8,-14]],[[63181,9453],[-9,-2],[0,3],[-3,-1],[-2,3],[4,9],[-2,6],[2,16],[-3,7],[3,-1],[0,7],[-6,1],[0,-2],[-2,4],[9,-1],[0,5],[-2,0],[2,15],[0,3],[2,-4],[5,51],[0,10],[-4,5],[-1,5],[11,4],[6,-22],[0,-6],[-2,0],[1,-8],[2,1],[0,-7],[-11,-101]],[[62721,9537],[12,-1],[5,1],[7,15],[12,32],[1,8],[-9,25],[0,10],[-4,13],[4,11],[6,10],[-1,51],[2,9],[-3,17],[-9,22],[-4,4],[-18,10],[-18,29],[-2,15],[1,7],[-6,11],[0,26],[-5,8],[-1,9],[5,15],[-3,4],[-7,2],[-6,10],[0,27],[-5,11],[-1,5],[2,3],[9,4],[8,9],[0,2],[-4,6],[0,18],[2,8],[7,8],[-2,4],[-7,4],[-3,6],[0,7],[6,27],[-1,10],[2,8],[0,5],[-4,4],[-1,7],[6,9],[2,10],[-1,-11],[-6,-8],[1,-6],[4,-5],[0,-5],[-2,-8],[0,-11],[-5,-26],[0,-7],[3,-5],[7,-4],[2,-5],[-8,-9],[-1,-7],[0,-17],[4,-7],[0,-3],[-8,-9],[-11,-6],[0,-4],[6,-12],[-1,-26],[6,-10],[7,-3],[3,-4],[0,-5],[-4,-9],[1,-10],[5,-8],[0,-26],[6,-11],[-1,-7],[2,-15],[17,-28],[19,-10],[4,-4],[9,-23],[2,-17],[-1,-9],[1,-52],[-8,-12],[-2,-12],[4,-8],[0,-11],[8,-22],[0,-11],[-12,-33],[-7,-14],[-6,-2],[-12,2]],[[62658,10139],[-14,0],[-11,-15],[-10,-2],[-4,-9],[-7,-2],[-6,-24],[1,-11],[-3,-12],[-2,-1],[-6,2],[-7,-1],[-3,-2],[2,-7],[6,-8],[-2,-9],[17,-7],[2,-3],[-2,-7],[2,-5],[-8,-35],[-4,-4],[-9,-2],[-6,-3],[-11,-20],[1,-4],[22,-20],[2,-5],[-7,-8],[-3,-7],[-7,-8],[-1,-5],[1,-14],[-4,-10],[0,-10],[-1,-5],[-16,-17],[-6,-11],[6,11],[15,18],[1,4],[0,10],[4,10],[-1,14],[2,6],[6,7],[3,8],[7,7],[-2,5],[-21,20],[-2,6],[11,19],[7,3],[9,2],[3,4],[8,34],[-1,6],[2,6],[-2,2],[-17,7],[-1,3],[3,6],[-7,9],[-1,7],[3,3],[15,0],[3,12],[-2,10],[6,24],[7,3],[4,9],[11,2],[10,15],[15,-1]],[[62348,10000],[-10,-12],[-10,-7],[-1,-4],[4,-11],[-2,-6],[-15,-7],[-2,-3],[5,-8],[4,-18],[3,-7],[5,-2],[13,2],[5,-12],[0,-8],[-10,-6],[-3,-9],[-6,-10],[2,-2],[8,1],[4,-2],[2,-4],[0,-5],[-3,-3],[-13,-5],[-2,-5],[1,-6],[-3,0],[0,10],[2,7],[11,1],[4,3],[-2,5],[-12,3],[-2,2],[7,12],[2,9],[3,3],[7,2],[0,6],[-1,7],[-3,2],[-11,0],[-7,3],[-7,24],[-5,7],[-1,4],[19,13],[0,4],[-4,10],[1,4],[11,7],[10,10],[3,10],[6,12],[6,2],[6,-4],[7,13],[13,9],[3,6],[-2,11],[2,6],[3,1],[3,-1],[1,-9],[6,-3],[5,1],[1,8],[0,2],[2,-1],[-2,-10],[-6,-2],[-7,3],[-1,4],[-1,5],[-2,1],[-2,-6],[2,-11],[-3,-8],[-14,-8],[-8,-15],[-6,5],[-4,-1],[-6,-8],[-3,-11]],[[58958,12386],[-5,-12],[-5,-4],[-3,0],[-1,6],[5,13],[4,24],[5,19],[7,8],[-3,11],[11,-7],[6,1],[5,5],[4,12],[-2,14],[-4,6],[-10,1],[6,11],[-6,1],[2,16],[18,-3],[-1,-7],[4,2],[11,-6],[16,-24],[11,-5],[8,-7],[29,-1],[-12,17],[-3,17],[-1,28],[1,14],[-1,20],[-5,6],[-8,-2],[-3,9],[-22,0],[-10,5],[-18,30],[-13,3],[-49,-24],[28,50],[9,7],[0,21],[11,19],[-26,10],[-6,-49],[-24,4],[-53,-23],[-43,3],[-34,20],[-16,-1],[-35,-14],[-18,15],[-6,4],[0,2],[-34,31],[23,40],[-29,20],[-29,66],[-22,8],[-3,6],[-13,13],[3,17],[10,-12],[1,1],[9,-10],[14,-7],[6,1],[10,7],[14,1],[-2,5],[0,5],[3,4],[7,4],[0,-4],[-3,-7],[8,1],[18,-9],[6,1],[5,-1],[14,-10],[10,0],[6,-2],[7,3],[22,1],[4,-3],[4,2],[2,-1],[1,-3],[13,5],[0,6],[4,3],[0,2],[4,1],[-1,2],[6,2],[0,2],[4,3],[-5,21],[7,18],[5,4],[9,-5],[5,-11],[1,-24],[3,-10],[4,-6],[6,-29],[7,-10],[9,-1],[8,2],[15,10],[12,16],[22,5],[14,20],[10,-5],[12,-3],[5,5],[8,15],[12,4],[8,-2],[-4,-8],[14,-17],[2,-18],[5,-5],[5,-2],[12,-1],[8,9],[2,0],[8,-6],[9,-13],[13,-9],[6,-1],[3,20],[5,2],[7,-3],[9,4],[10,15],[4,-1],[7,-16],[6,-1],[-3,-8],[-11,-7],[-9,-64],[10,-16],[9,-25],[3,-16],[3,-46],[6,-12],[8,-9],[7,-5],[12,-3],[0,-5],[-6,-4],[-3,-7],[-2,-12],[-17,3],[-5,-3],[-1,-6],[-10,-12],[1,-5],[5,-4],[11,-2],[-9,-13],[-1,-11],[-3,-7],[4,-41],[6,-10],[6,-5],[13,-2],[14,3],[-1,-8],[8,-21],[15,-27],[9,-9],[9,-6],[10,13],[2,11],[4,-2],[0,-24],[7,-9],[5,-1],[-1,-9],[2,-7],[6,-8],[3,1],[2,-4],[-3,-35],[2,-6],[8,-10],[12,-8],[11,-3],[2,-5],[-2,-10],[1,-5],[13,2],[11,-6],[9,-7],[-4,-9],[1,-6],[17,-23],[4,-3],[6,-1],[8,5],[8,0],[6,-6],[4,1],[4,5],[10,0],[4,-9],[-4,-4],[-14,-6],[-14,4],[-17,-7],[0,2],[-4,-1],[-10,-4],[-7,-8],[-8,5],[-7,9],[-3,-3],[0,-4],[2,-2],[7,-2],[4,-5],[-3,-12],[-3,-13],[6,-1],[-1,-7],[-3,1],[-4,-14],[3,-2],[-4,-11],[-3,-1],[2,-15],[1,-5],[3,2],[5,-16],[4,-6],[-1,-8],[-7,-4],[-7,1],[1,3],[-6,1],[-8,-2],[-5,-6],[-1,-21],[3,-5],[10,-3],[1,3],[3,3],[23,-4],[1,7],[15,14],[9,3],[2,11],[9,-2],[4,-10],[5,-3],[16,1],[10,-4],[17,-1],[13,5],[5,-8],[14,1],[1,-7],[-1,-6],[8,-10],[40,-31],[10,-7],[17,-4],[10,-28],[-5,-8],[-8,5],[1,3],[-7,2],[-16,11],[-12,16],[-17,5],[-26,-7],[-17,1],[-24,12],[-27,-1],[-2,-26],[5,-21],[-15,-2],[-14,-10],[3,-35],[7,-4],[19,-21],[17,0],[6,7],[4,2],[22,-2],[-2,-10],[10,-9],[7,-3],[16,0],[17,-20],[-1,-4],[7,-2],[-2,-10],[12,-8],[-1,-9],[-10,-2],[1,-27],[11,-13],[-21,-11],[3,-26],[-19,0],[-29,5],[-5,-8],[-22,-8],[-6,-26],[30,-37],[-29,-22],[-18,7],[-12,-18],[4,-22],[12,-7],[16,5],[8,11],[-2,21],[7,2],[8,0],[23,-4],[36,19],[16,17],[-4,10],[3,22],[13,1],[3,10],[19,4],[2,-18],[20,-10],[22,5],[21,8],[8,-15],[-1,-8],[9,-5],[11,1],[8,5],[5,13],[7,6],[10,2],[20,-3],[12,1],[2,10],[-3,11],[-1,6],[2,5],[4,2],[0,5],[8,-1],[7,1],[6,5],[7,-1],[9,4],[17,16],[1,6],[9,5],[3,7],[7,7],[9,18],[4,3],[4,0],[1,-5],[-12,-24],[6,-22],[7,4],[5,0],[8,12],[0,11],[7,20],[17,-4],[15,32],[24,8],[7,-24],[15,7],[16,22],[25,-4],[2,-17],[-8,-7],[7,-21],[15,-13],[4,-18],[2,-3],[-4,-29],[6,-1],[11,-6],[4,-18],[-3,-25],[-3,-3],[-20,-5],[-12,-6],[-5,-5],[-7,-34],[-27,4],[-8,-4],[-20,-4],[-4,-5],[-1,-9],[3,-9],[5,-8],[8,-7],[15,-9],[9,-1],[5,2],[6,14],[3,0],[7,-4],[4,0],[4,4],[8,-5],[7,-3],[4,2],[4,11],[6,-2],[11,-9],[7,-1],[9,4],[5,-2],[10,4],[2,-12],[2,-6],[15,-13],[6,1],[-3,-16],[2,-8],[14,-12],[5,12],[4,4],[3,19],[0,31],[12,18],[8,-3],[14,-15],[-7,-6],[-1,-13],[11,-6],[3,-4],[-1,-11],[8,-2],[1,-27],[9,-22],[4,-17],[-6,-10],[0,-9],[11,-19],[1,-9],[-8,-6],[-8,-4],[-6,6],[-8,-4],[-1,-9],[-9,-5],[-19,8],[-7,-8],[-10,2],[-5,-4],[-1,-8],[3,-6],[-1,-2],[1,-6],[3,-3],[3,-10],[11,-5],[8,-11],[22,-20],[12,-2],[18,0],[58,-39],[6,1],[8,6],[6,9],[8,5],[7,9],[37,-1],[4,-9],[-2,-13],[3,-10],[12,-22],[11,-6],[0,-16],[2,-7],[9,-10],[7,0],[6,-3],[-3,-19],[0,-16],[5,-5],[16,-2],[6,-5],[17,-23],[0,-9],[5,-4],[6,2],[4,-2],[36,1],[15,-12],[29,-14],[26,0],[42,-12],[4,-10],[-17,-14],[1,-10],[-5,-5],[-8,-12],[-2,-16],[11,-24],[-9,-6],[-5,-8],[-10,-6],[-7,-11],[-1,-11],[3,-8],[14,-7],[8,2],[-1,-17],[5,-9],[7,-4],[13,-22],[2,-10],[-7,-21],[1,-20],[-14,-8],[0,-5],[8,-3],[7,-1],[10,-5],[1,3],[4,-6],[-2,-14],[1,-22],[11,-13],[11,-3],[30,0],[5,-2],[2,-8],[6,-14],[-1,-9],[2,-11],[6,-16],[2,-14],[4,-11],[12,-13],[1,-4],[-1,-5],[14,-18],[0,-8],[9,-10],[-1,-16],[6,0],[9,-17],[9,17],[1,15],[-3,7],[-2,7],[5,13],[5,1],[1,5],[-2,3],[-7,0],[-2,10],[9,13],[7,-7],[5,1],[-1,7],[-3,4],[1,4],[3,0],[1,-5],[5,12],[8,-40],[2,0],[10,-12],[1,-5],[3,0],[4,-4],[-9,-39],[6,-12],[9,-5],[4,-6],[-3,-13],[-7,-6],[-14,1],[-2,-19],[17,-28],[21,-26],[1,-14],[6,-13],[-4,-7],[-54,4],[-15,-5],[2,-15],[-12,-12],[4,-12],[0,-23],[13,0],[5,-11],[15,-15],[9,-23],[12,-10],[4,-17],[32,-39],[-15,-14],[-9,17],[-16,14],[-7,11],[-11,-5],[-9,2],[-5,5],[-13,21],[-5,24],[-7,9],[-8,4],[-19,-3],[-11,3],[-10,21],[-3,16],[-1,36],[5,20],[17,45],[1,6],[-1,10],[2,10],[-6,13],[-14,3],[-7,22],[-9,2],[0,9],[-3,17],[-10,11],[-19,1],[1,14],[-2,8],[-15,9],[-16,3],[-12,8],[-12,15],[-6,15],[-20,-3],[-17,40],[-69,6],[-7,15],[-8,10],[5,9],[-4,8],[-29,-9],[-5,16],[-7,7],[-15,-12],[3,-12],[13,-14],[-4,-22],[-15,-3],[-3,-9],[-32,10],[11,-17],[-6,-6],[-27,4],[-34,30],[-34,4],[-12,-10],[-13,-2],[-15,6],[-12,52],[-19,11],[-7,11],[-13,7],[-14,41],[-13,7],[-15,15],[-21,-28],[-3,-13],[13,-31],[-15,-1],[0,-10],[-14,-5],[14,-21],[-24,-11],[18,-25],[20,-9],[15,-16],[53,-13],[11,9],[6,-2],[0,9],[7,-3],[9,-14],[13,-2],[10,-7],[-16,-26],[3,-34],[14,-18],[20,0],[16,13],[35,-18],[11,-9],[8,21],[6,2],[21,16],[-1,20],[10,7],[11,1],[16,15],[8,13],[28,-2],[1,-13],[6,-7],[6,5],[24,-15],[-1,-13],[7,6],[6,1],[28,-29],[-3,-14],[-8,-3],[-12,-1],[-4,-11],[-6,0],[-14,11],[-18,-3],[2,-7],[-18,-34],[1,-8],[-8,-3],[-1,-7],[7,-3],[14,13],[3,4],[2,-1],[13,4],[2,2],[3,1],[5,-3],[12,-4],[14,-27],[3,-22],[18,-19],[41,-13],[8,7],[7,0],[4,-17],[16,-3],[41,-15],[-1,-14],[4,-30],[-10,-6],[-21,1],[-10,-7],[-14,-3],[-6,-40],[-5,-6],[-7,-3],[1,-10],[-1,-8],[-9,-14],[1,-17],[-1,-6],[-5,-4],[-4,-9],[-20,3],[0,-5],[3,-6],[-4,-2],[-8,-2],[-1,-5],[-12,-3],[-16,14],[-7,22],[2,12],[7,3],[-11,5],[-7,11],[-2,22],[-8,5],[-9,9],[-4,-2],[6,-21],[-4,-16],[-11,-13],[-16,12],[-5,10],[-1,28],[-8,2],[-9,-3],[-8,3],[-12,17],[-9,22],[-6,1],[-3,-9],[-6,-8],[2,-5],[-7,-14],[0,-9],[7,-20],[-1,-16],[10,-7],[25,-27],[32,-12],[6,-29],[5,-9],[6,-8],[9,-3],[5,-5],[1,-12],[-3,-14],[17,4],[7,-4],[-2,-8],[-26,-11],[-10,0],[-5,-4],[-6,-8],[14,-16],[13,-2],[8,0],[6,3],[5,-4],[0,-15],[-6,-13],[-6,-3],[-9,0],[-3,-7],[-6,-4],[-8,-15],[3,-8],[6,-6],[5,-8],[12,-2],[5,-4],[2,-4],[12,1],[6,3],[26,19],[11,2],[16,7],[9,1],[17,14],[9,12],[6,-8],[-15,-33],[-3,-20],[1,-15],[-3,-6],[-6,-3],[-6,15],[-14,12],[-2,-18],[-5,-3],[-16,-24],[12,-16],[3,-10],[-10,-8],[-10,-2],[-14,1],[-5,-16],[-4,-5],[1,-7],[7,-7],[8,-5],[-1,-10],[-10,-11],[-4,-21],[-7,-19],[3,-23],[4,-1],[9,-6],[8,-10],[-2,-15],[-8,0],[-5,-3],[-2,-6],[1,-6],[8,-11],[-6,-4],[-12,3],[-6,-2],[-11,23],[-21,18],[-17,20],[-9,-16],[-6,-4],[-7,3],[-1,11],[11,34],[7,18],[5,16],[0,9],[-12,4],[1,19],[-23,32],[-13,-1],[-2,7],[-13,12],[-16,11],[1,14],[6,19],[-6,10],[-7,8],[-15,-1],[-16,-7],[-14,-11],[-2,11],[0,48],[1,8],[13,5],[-3,4],[-11,6],[1,8],[-3,6],[-11,-11],[-12,-8],[-10,24],[1,6],[-3,11],[2,4],[-15,11],[-1,6],[13,-6],[3,7],[0,7],[-12,12],[-7,3],[-4,-2],[-2,-6],[-4,15],[-3,20],[16,5],[-1,8],[-5,3],[-19,5],[1,26],[6,6],[-8,10],[-11,9],[5,14],[-1,8],[-7,25],[4,15],[-6,10],[11,16],[-1,19],[3,5],[1,9],[-9,4],[-14,15],[-13,-6],[-6,-4],[5,-7],[3,-12],[0,-9],[-4,-13],[-6,-12],[-9,-3],[-8,-6],[-8,-1],[-5,4],[-10,-2],[-7,-8],[-3,-14],[-7,4],[-5,9],[-3,10],[1,6],[-2,6],[-26,1],[-10,-9],[1,-20],[2,-9],[-2,-24],[-10,-9],[-3,14],[-6,18],[-6,8],[-5,2],[-1,8],[-3,4],[-18,-9],[-4,7],[7,7],[1,6],[-7,8],[-2,8],[5,9],[4,2],[1,8],[5,6],[-13,4],[5,30],[13,-3],[7,4],[3,26],[10,14],[10,24],[2,10],[-1,4],[-5,7],[-9,4],[1,14],[-1,10],[-12,8],[1,2],[-8,10],[-12,4],[-12,18],[-9,11],[-4,13],[4,9],[-9,8],[-1,8],[-6,-12],[-3,-25],[-10,-22],[-8,15],[-10,3],[1,16],[-6,4],[-5,19],[-9,6],[-10,-11],[-15,-8],[-6,6],[1,7],[-12,18],[-16,7],[-25,-13],[-8,-17],[-11,1],[-1,18],[-2,9],[-5,10],[-6,6],[-4,20],[-3,6],[-10,9],[0,18],[-2,9],[0,20],[-2,9],[-7,-4],[-7,-9],[-6,1],[-12,8],[-9,-13],[-9,0],[-5,5],[-17,4],[-10,-6],[3,-9],[-3,-6],[-5,0],[3,-6],[-3,-9],[3,0],[0,-14],[3,-3],[0,-3],[-6,0],[1,-9],[7,-9],[3,0],[6,-11],[0,-3],[-6,-6],[9,-12],[-3,-9],[-14,-3],[-12,5],[-7,15],[-16,18],[-7,17],[-11,1],[-11,9],[7,6],[1,7],[-1,19],[-7,11],[-15,5],[10,12],[8,25],[10,9],[8,15],[4,12],[-4,3],[-2,12],[-7,13],[-5,17],[-10,29],[8,3],[-1,13],[7,9],[-9,30],[4,16],[1,26],[43,20],[10,-1],[3,10],[17,3],[6,4],[3,5],[-4,10],[7,14],[2,9],[-3,7],[-9,11],[2,12],[-5,12],[-8,5],[9,14],[0,19],[9,16],[2,16],[13,8],[8,-5],[9,1],[21,24],[-16,15],[-13,39],[-24,13],[-10,-10],[-3,-11],[-11,2],[-19,26],[-17,11],[-18,3],[-7,-25],[-15,3],[-9,-1],[-8,-28],[-14,-33],[2,-20],[-5,-18],[-3,-1],[-10,3],[-8,10],[-15,-12],[0,-8],[9,-1],[0,-12],[-8,-1],[-2,-7],[3,-19],[-27,3],[-1,17],[-7,9],[-16,-11],[-6,-10],[-10,-3],[-23,-3],[-6,5],[-24,-9],[-16,-13],[-32,-2],[-2,10],[3,19],[7,14],[4,15],[5,6],[4,24],[-5,7],[-14,2],[-9,11],[-21,3],[2,-19],[7,-5],[-4,-20],[-9,-7],[-9,-1],[3,-8],[8,-5],[10,-3],[1,-24],[3,-10],[-5,-16],[16,1],[-6,-21],[-15,-28],[-11,-30],[5,-28],[-3,-3],[2,-13],[-3,-3],[-9,-17],[1,-9],[5,-9],[3,-23],[2,-18],[-2,-13],[2,-8],[-9,-23],[0,-14],[-4,-6],[-15,15],[2,19],[-1,12],[4,15],[-1,9],[2,15],[-6,20],[-10,13],[-8,-5],[-3,-6],[-14,-8],[-13,-6],[-31,-1],[-19,-14],[-29,8],[1,9],[-1,67],[-2,12],[0,15],[6,20],[18,8],[4,4],[-3,1],[2,16],[-3,13],[1,7],[-6,12],[-1,13],[-14,14],[-18,-2],[-8,5],[-10,-3],[-9,-9],[1,-10],[3,-8],[7,-6],[10,-23],[0,-10],[-11,6],[-5,1],[-10,-1],[-13,-7],[-13,-2],[-9,-16],[2,-14],[-3,-20],[-4,-4],[-11,0],[-2,-3],[-1,-5],[6,-5],[-3,-6],[-2,-17],[-12,-3],[-9,0],[-5,-7],[4,-11],[6,-9],[15,-12],[19,-8],[20,-4],[3,-6],[-4,-9],[-14,-1],[9,-13],[5,-4],[11,-3],[9,-6],[6,-9],[1,-7],[3,-5],[7,-1],[15,-18],[0,-8],[10,-8],[1,-7],[-3,1],[7,-16],[4,-4],[2,-6],[2,-1],[12,-18],[-2,-7],[-22,-3],[-6,-5],[-22,13],[-9,8],[-8,2],[-9,4],[-9,-9],[0,-8],[17,-10],[-1,-11],[2,-14],[3,-5],[17,-17],[14,-3],[-1,-3],[-6,-1],[-4,-6],[-6,1],[-3,-3],[-12,-2],[-2,-8],[-7,-1],[-7,7],[-9,0],[-13,-19],[-10,-8],[-11,-2],[0,-1],[-7,3],[-7,10],[-1,20],[-6,11],[-20,0],[-6,-7],[-15,-1],[-26,-31],[-6,-18],[-8,-2],[-6,-10],[-31,-19],[-17,-3],[-15,-7],[-1,2],[4,6],[23,33],[3,9],[-17,6],[24,34],[0,5],[9,22],[-15,13],[-5,25],[-5,0],[-15,-28],[-16,-9],[-15,-1],[-10,-7],[-1,-9],[-15,-27],[-21,6],[-21,-18],[-6,28],[-5,9],[-21,0],[-8,-17],[-2,-1],[-1,-15],[-11,-14],[0,-11],[-1,-8],[-11,0],[-24,-10],[-5,8],[5,0],[15,28],[2,-1],[8,7],[2,1],[0,16],[9,16],[8,25],[2,1],[2,-8],[1,0],[6,15],[13,-13],[12,-3],[8,2],[5,2],[2,8],[7,9],[7,3],[19,-8],[14,14],[14,7],[1,8],[-9,17],[17,17],[1,11],[6,8],[-26,-1],[-13,10],[-15,-12],[-11,4],[6,20],[-9,8],[8,5],[4,9],[-1,5],[-2,3],[-5,3],[-9,1],[-12,-1],[-7,-8],[-11,-1],[-10,-8],[-55,1],[-9,-10],[-13,-2],[-1,10],[4,-1],[15,9],[17,0],[11,9],[19,0],[2,6],[8,0],[3,6],[4,2],[9,15],[9,1],[8,11],[-1,7],[-3,0],[4,7],[21,2],[3,13],[3,5],[3,14],[7,0],[-1,-6],[8,-18],[11,-9],[12,10],[-2,8],[10,4],[1,11],[17,1],[6,5],[17,-3],[2,-2],[7,-4],[4,1],[-11,25],[9,39],[13,0],[-5,29],[7,-1],[5,36],[4,-4],[17,9],[3,9],[14,-1],[15,11],[0,10],[-5,3],[2,14],[-23,9],[4,13],[-8,8],[-24,0],[-3,11],[-13,6],[-9,-4],[-5,15],[-7,4],[-12,-4],[12,84],[17,1],[-9,-20],[3,-18],[23,-21],[10,1],[9,-11],[5,3],[15,23],[-5,9],[4,10],[16,2],[9,7],[-1,17],[20,2],[2,14],[20,8],[19,-32],[13,-29],[10,-1],[6,10],[-1,17],[10,10],[-4,6],[9,9],[6,17],[-7,9],[2,18],[6,16],[-19,7],[-6,-5],[-18,9],[12,8],[9,24],[-13,9],[-12,14],[-9,3],[-4,9],[23,2],[22,-12],[10,8],[-8,21],[8,18],[16,16],[2,-8],[-12,-28],[14,4],[-3,-34],[2,-10],[-3,-12],[3,-8],[-1,-7],[9,-11],[16,-4],[-1,5],[14,20],[4,8],[-3,8],[10,16],[11,6],[11,17],[5,1],[4,-7],[6,0],[8,4],[11,0],[7,3],[5,7],[2,9],[11,10],[15,11],[5,24],[11,8],[11,2],[12,4],[22,24],[3,6],[-4,10],[14,11],[-7,13],[4,9],[-11,5],[5,8],[-15,12],[2,12],[8,11],[-1,17],[-5,3],[9,8],[13,22],[-1,6],[8,26],[0,12],[3,14],[-12,-20],[-12,-13],[2,17],[-7,9],[-8,-1],[-24,-32],[-12,-9],[4,27],[-12,-3],[-11,2],[-3,6],[23,15],[6,12],[10,5],[10,15],[-1,8],[6,15],[-5,8],[-30,3],[1,8],[-16,11],[-4,6],[17,2],[20,-8],[14,4],[14,23],[-18,22],[-16,-8],[-12,4],[-6,9],[1,11],[-3,11],[-20,13],[-20,3],[-3,4],[14,12],[-9,11],[-8,13],[-11,5],[-1,4],[9,5],[-13,14],[-1,8],[3,22],[-4,11],[-10,8],[11,15],[-13,11],[0,5],[39,16],[3,6],[1,7],[5,3],[1,10],[-5,5],[15,18],[5,9],[-11,12],[5,12],[-9,1],[6,13],[-5,14],[14,4],[3,6],[-20,21],[-9,4],[-1,6],[5,15],[-5,5],[-14,-10],[-4,15],[-11,-1],[2,19],[-38,4],[33,5],[16,5],[4,8],[6,5],[-4,18],[-6,4],[-4,22],[-9,9],[-1,4],[-31,4],[-10,-24],[-6,1],[2,17],[-4,7],[-15,9],[-15,20],[-23,23],[-4,0],[-20,-14],[-7,-2],[-5,-11],[-8,-6],[-5,10],[-11,3],[-8,-41]],[[59675,11426],[-9,4],[-11,0],[-5,-9],[3,-10],[0,-9],[6,-14],[-8,-13],[1,-14],[5,-28],[-5,-13],[5,-8],[10,-11],[20,-4],[14,-8],[8,2],[4,3],[12,44],[7,11],[1,7],[-5,3],[-11,19],[-10,6],[-8,1],[-12,12],[-3,17],[-3,8],[-6,4]],[[59265,12218],[-4,0],[-3,-7],[7,-16],[7,-2],[7,8],[-1,5],[-3,5],[-10,7]],[[44994,11148],[5,34],[12,-2],[-5,-33],[-12,1]],[[44992,11178],[-12,2],[1,10],[9,-1],[-1,-4],[3,-1],[0,-6]],[[45058,11211],[-1,-7],[-17,3],[1,7],[17,-3]],[[45079,11223],[17,-3],[0,-11],[-5,0],[1,3],[-4,1],[-1,-4],[-7,2],[0,-2],[-11,2],[0,2],[-5,1],[0,5],[3,2],[4,-1],[0,2],[8,1]],[[44979,11210],[-12,2],[-1,-10],[-5,1],[-1,-2],[-3,1],[-1,-4],[-9,1],[3,20],[30,-5],[-1,-4]],[[45028,11278],[11,-2],[-2,-26],[-9,-68],[-4,-22],[-7,2],[3,21],[-3,5],[-3,0],[-1,2],[9,66],[5,13],[1,9]],[[44952,11237],[-21,3],[1,3],[-24,3],[-2,-16],[-19,3],[3,15],[3,4],[15,-2],[5,8],[41,-8],[1,6],[4,0],[2,10],[13,-3],[-2,-16],[16,-2],[4,-2],[4,1],[9,-2],[1,1],[11,-2],[-2,-13],[-42,7],[-6,0],[-1,-4],[-14,2],[0,4]],[[45048,11265],[2,17],[17,-2],[-2,-13],[-4,1],[0,-4],[-2,0],[-1,-7],[0,-4],[2,0],[-1,-8],[3,-1],[0,-5],[-18,3],[3,24],[1,-1]],[[45008,11265],[-1,-4],[-16,3],[1,4],[10,-2],[1,2],[2,0],[0,-3],[3,0]],[[44821,11235],[5,42],[2,0],[1,8],[3,2],[1,0],[0,-4],[5,-6],[3,1],[4,6],[2,-2],[5,0],[3,-7],[-3,1],[-1,-4],[5,-9],[6,-1],[-1,4],[10,-2],[4,-4],[11,-1],[2,-5],[-8,1],[-1,-10],[-11,3],[0,-1],[-10,2],[-1,-10],[-30,5],[-1,-3],[-2,0],[0,-6],[-3,0]],[[44897,11266],[4,28],[4,-1],[0,3],[16,-3],[-2,-10],[31,-5],[-2,-14],[-18,3],[-6,4],[-2,-1],[-4,-5],[-3,0],[-8,-11],[-15,2],[1,4],[-3,1],[-1,7],[8,-2]],[[44971,11284],[0,4],[6,-1],[0,-6],[-8,1],[0,2],[2,0]],[[44889,11336],[5,4],[5,-1],[4,-4],[-6,-42],[-16,18],[-3,-4],[-9,9],[3,3],[1,8],[2,3],[3,-1],[-1,3],[1,3],[4,2],[7,-1]],[[44922,11299],[-17,3],[1,6],[-3,1],[1,4],[22,-4],[4,12],[-7,1],[0,3],[0,2],[5,-1],[3,11],[4,28],[11,-3],[-5,-33],[26,21],[5,2],[4,-2],[5,4],[2,-4],[2,2],[7,-2],[0,-3],[7,-1],[1,6],[4,-1],[-1,-13],[25,-5],[-1,-7],[-2,1],[-3,-24],[-14,3],[0,2],[-4,1],[1,1],[-9,1],[-1,-5],[6,-1],[-1,-10],[-9,1],[-1,-4],[-9,1],[1,11],[-9,1],[1,4],[-6,1],[-1,-4],[-5,1],[-1,-8],[4,-1],[0,-2],[-3,1],[-4,-14],[-10,1],[0,4],[-11,1],[1,7],[-5,1],[1,4],[-11,2],[-1,-4]],[[44911,11363],[11,-2],[-2,-13],[2,0],[0,-3],[-3,-1],[1,-3],[-3,1],[0,5],[-12,2],[3,17],[1,-1],[2,-2]],[[40657,12228],[3,-3],[-1,-2],[-3,2],[-2,-2],[-1,2],[-1,-5],[5,0],[1,-67],[-21,-6],[-1,4],[7,2],[-5,5],[0,52],[6,8],[-8,8],[-2,-4],[-4,3],[16,23],[7,-6],[-1,-2],[8,-7],[-3,-5]],[[27206,10777],[-24,7],[-19,-1],[-5,2],[-3,7],[-2,18],[-10,16],[72,-11],[-9,-38]],[[27336,10865],[35,-6],[-1,-8],[2,0],[-1,-5],[-2,0],[-1,-6],[-2,-1],[-4,7],[-4,3],[-30,6],[0,6],[7,-1],[1,5]],[[33868,14302],[17,2],[0,5],[7,1],[1,-11],[-4,0],[1,-8],[-16,-3],[-7,1],[0,-4],[-4,0],[-9,12],[3,20],[10,-1],[1,-14]],[[28393,14293],[11,-23],[-6,-4],[-11,24],[6,3]],[[64027,19490],[-7,-26],[1,-5],[12,-29],[-2,-9],[-8,-12],[-2,-11],[-2,0],[-10,0],[-2,5],[-6,-2],[-21,3],[-5,34],[-1,20],[-38,6],[-1,10],[-29,-6],[-15,4],[13,94],[47,-9],[3,12],[10,-20],[-16,-11],[31,-60],[35,23],[-18,36],[1,1],[2,-3],[6,4],[22,-42],[0,-7]],[[35884,16049],[-30,5],[1,16],[28,-5],[6,-4],[4,3],[5,-15],[-11,-3],[-3,3]],[[55719,20092],[-8,-4],[-7,15],[-28,-19],[-2,3],[-5,-3],[-1,2],[-3,-2],[-5,11],[13,6],[-2,4],[6,4],[-4,9],[3,2],[1,1],[6,-12],[4,3],[1,-4],[22,14],[5,-10],[-4,-3],[8,-17]],[[54361,20044],[10,-8],[2,0],[1,4],[7,-3],[7,-8],[5,1],[11,-4],[-2,-6],[37,-18],[-5,-12],[-58,28],[1,5],[-1,1],[-2,-5],[-6,3],[2,4],[-2,1],[-1,-5],[-31,15],[5,12],[19,-8],[1,3]],[[46125,19114],[-20,11],[4,10],[8,3],[12,-2],[16,-16],[-1,-9],[-19,3]],[[28944,17497],[0,-12],[1,-5],[7,-10],[-11,-9],[-7,9],[-13,19],[11,9],[-11,16],[-11,-9],[-1,2],[5,5],[6,9],[2,-2],[1,1],[0,4],[2,-3],[1,1],[-1,2],[8,9],[2,-3],[6,5],[-1,-6],[-7,-5],[4,-6],[5,4],[1,-19],[1,-6]],[[28936,17484],[4,2],[-6,9],[-4,-3],[6,-8]],[[28932,17503],[2,-3],[4,2],[-3,3],[-3,-2]],[[28938,17494],[3,2],[-2,4],[-3,-3],[2,-3]],[[46579,20471],[-52,9],[1,6],[52,-9],[5,34],[25,-16],[-3,-19],[-3,-7],[30,-20],[2,4],[7,-5],[0,-5],[-15,-6],[-8,6],[-9,-3],[1,-3],[-8,-2],[-9,-3],[-1,3],[-11,-4],[5,33],[-10,2],[1,5]],[[64269,23262],[-4,-23],[12,-2],[-6,-44],[-12,2],[-3,-21],[-20,4],[-1,-3],[-9,1],[0,14],[-6,9],[1,3],[9,-1],[1,6],[1,10],[-9,2],[12,86],[39,-8],[-1,-8],[-10,-1],[-1,-7],[0,-14],[4,-1],[3,-4]],[[35211,19481],[2,-1],[-3,-11],[-38,12],[2,8],[-5,-1],[0,5],[9,2],[5,-2],[1,6],[11,-6],[5,4],[3,-1],[-3,-10],[11,-3],[0,-2]],[[43303,21022],[18,-3],[-2,-14],[-7,-4],[-4,0],[-1,6],[-10,2],[-6,-10],[-3,1],[-2,10],[-2,1],[1,9],[2,-1],[5,4],[4,-3],[7,2]],[[54767,22680],[-21,1],[-9,4],[-2,5],[-19,15],[-9,11],[-3,6],[14,35],[1,5],[7,-1],[4,9],[17,-10],[7,-5],[-2,-9],[14,-8],[5,13],[2,-8],[18,-7],[4,-7],[3,0],[13,-17],[13,0],[-11,-25],[-18,9],[-2,-4],[-15,-5],[-11,-7]],[[48601,22170],[16,7],[6,-1],[-1,-6],[-4,0],[-1,-7],[-13,-4],[-42,-20],[4,26],[18,-3],[7,3],[2,17],[10,-2],[-2,-10]],[[48684,22338],[5,-4],[7,-1],[24,5],[6,0],[10,-8],[1,-9],[0,-11],[-2,-4],[-8,-10],[-5,-3],[-3,-5],[-25,-11],[-19,3],[-14,-102],[4,-1],[-2,-13],[23,-5],[-6,-40],[-95,18],[1,11],[20,9],[18,4],[20,-1],[0,2],[-12,2],[2,19],[-12,2],[0,3],[-5,1],[1,2],[-12,4],[2,11],[7,-1],[3,19],[4,-1],[6,34],[-15,3],[-18,50],[19,9],[-4,12],[14,7],[22,9],[2,-3],[7,3],[2,-6],[8,4],[-7,19],[14,6],[2,-5],[6,-22],[4,-5]],[[61357,25277],[11,-16],[-4,-3],[3,-6],[1,-3],[-3,-2],[4,-4],[-5,-4],[-4,6],[-2,-2],[-4,6],[-6,-5],[-10,20],[-1,-1],[3,18],[-3,2],[0,3],[-11,4],[-5,6],[-1,-1],[-9,1],[-1,-3],[-1,6],[1,2],[-4,1],[-3,4],[-5,-3],[-12,18],[2,12],[6,4],[-3,4],[2,1],[-1,9],[10,2],[39,33],[2,-3],[11,4],[3,-4],[-1,-2],[8,-13],[-1,-7],[5,4],[3,-5],[-5,-4],[-1,1],[-3,-2],[3,-12],[3,-5],[2,1],[1,-1],[2,2],[4,-7],[-3,-3],[5,-10],[4,4],[6,-8],[-2,-2],[1,-2],[-2,-1],[2,-3],[-5,-5],[3,-5],[-4,-3],[4,-7],[2,-1],[3,3],[2,-3],[-4,-4],[2,-3],[-9,-7],[-6,8],[-2,-2],[-5,9],[-12,-11]],[[60565,26161],[12,-6],[-11,-5],[-1,5],[-4,-2],[-2,6],[-4,-2],[-4,11],[-9,-4],[-1,3],[3,5],[7,-1],[-3,7],[6,4],[19,2],[-1,5],[5,1],[-1,3],[4,2],[1,-4],[13,3],[2,-10],[-11,-4],[3,-9],[-12,-6],[-2,5],[-3,-2],[-7,-3],[1,-4]],[[54860,25590],[2,17],[9,-2],[2,-5],[7,-1],[-2,-12],[-18,3]],[[50484,24968],[-2,-15],[-32,5],[-1,-8],[-25,5],[8,46],[-9,2],[2,13],[-18,33],[13,9],[7,-14],[-1,-1],[10,-17],[-1,-11],[8,-2],[-1,-4],[9,-2],[-2,-16],[14,-3],[-1,-9],[4,0],[-1,-7],[19,-4]],[[48555,25505],[-36,14],[2,5],[35,-14],[-1,-5]],[[47291,25580],[-16,60],[14,5],[15,-57],[11,-19],[-12,-9],[-12,20]],[[59055,27293],[13,8],[10,-6],[1,-17],[8,-13],[-17,-11],[-5,11],[-2,-3],[-4,0],[-4,0],[-2,2],[-2,-3],[-4,4],[1,2],[-1,5],[2,1],[-3,6],[-29,-17],[5,-11],[-9,-5],[-11,20],[32,20],[14,7],[-2,3],[7,3],[2,-6]],[[45990,25844],[17,-3],[-1,-14],[-18,3],[2,14]],[[45990,25844],[-26,5],[1,8],[-8,1],[4,29],[12,-4],[-3,-21],[24,-4],[-1,-6],[-3,-3],[0,-5]],[[44964,26160],[0,5],[34,-10],[0,-5],[-26,4],[1,5],[-9,1]],[[58429,28084],[11,-28],[-5,-3],[-1,3],[-4,-3],[0,-2],[-1,-1],[1,-3],[-9,-3],[-1,2],[3,3],[-2,3],[-1,-1],[-2,4],[10,6],[-6,16],[1,9],[6,-2]],[[54046,27635],[28,39],[6,-5],[34,16],[22,-20],[-29,-43],[7,-6],[-12,-17],[-8,6],[-18,-26],[-36,33],[11,16],[-5,7]],[[56879,28593],[-25,9],[4,13],[19,-7],[0,2],[26,-20],[-1,-2],[-2,1],[-2,-3],[-1,1],[-4,-6],[-12,4],[1,2],[-3,0],[0,6]],[[56739,28634],[-33,14],[4,13],[21,-9],[2,5],[10,-4],[-4,-13],[1,-1],[-1,-5]],[[55145,28936],[1,-6],[-4,-2],[-1,4],[-3,-2],[-19,-27],[-7,4],[9,14],[5,3],[25,33],[21,23],[3,-1],[-27,-32],[27,-6],[-1,-11],[-29,6]],[[59728,29907],[1,4],[-5,0],[2,13],[3,0],[1,5],[-2,0],[0,4],[2,2],[12,-3],[1,7],[5,-1],[-2,-16],[-2,1],[-2,-2],[4,-1],[0,-1],[-4,1],[0,-2],[4,0],[-1,-2],[-4,1],[0,-8],[-1,0],[-1,-4],[-11,2]],[[59791,29931],[-13,3],[4,18],[5,-1],[1,5],[5,-1],[-2,-14],[2,0],[-2,-10]],[[52880,29210],[30,16],[5,-11],[-22,-13],[-14,3],[-2,-14],[-34,6],[2,11],[-9,1],[1,8],[43,-7]],[[40788,28010],[11,44],[23,-8],[-1,-9],[-14,-14],[-4,-21],[-15,8]],[[50040,29743],[-33,108],[23,9],[33,-108],[-23,-9]],[[40768,28607],[-17,-27],[-10,8],[2,2],[-10,8],[-1,14],[-13,0],[0,2],[-2,0],[0,8],[2,5],[45,0],[10,15],[4,-3],[2,0],[0,-2],[6,-4],[-1,-7],[-8,-4],[-2,-2],[6,-3],[-1,-2],[24,-31],[0,-3],[-10,-6],[-26,32]],[[56281,31318],[-1,8],[-6,-1],[-17,5],[5,22],[60,-18],[-6,-26],[-35,10]],[[38890,29053],[69,-38],[-2,-20],[-27,5],[-2,-16],[10,-2],[-2,-9],[-24,4],[1,9],[13,-2],[2,17],[-46,8],[5,41],[2,-1],[1,4]],[[47454,30933],[0,25],[11,-4],[1,-21],[-12,0]],[[44806,30841],[46,-13],[-3,-14],[-42,12],[-1,15]],[[37764,31633],[85,-17],[-2,-13],[-93,17],[1,4],[8,-1],[1,10]],[[39049,32039],[-11,-2],[-6,6],[-2,12],[5,5],[-2,13],[12,2],[1,-13],[6,-4],[1,-8],[1,-4],[-5,-7]],[[57154,34942],[12,0],[2,-3],[-2,-13],[-13,3],[1,13]],[[55184,36059],[-37,7],[3,22],[-7,7],[-1,4],[2,15],[59,-10],[-4,-25],[-11,2],[-4,-22]],[[63167,39387],[113,-24],[-3,-8],[0,-10],[-5,-22],[-5,-11],[-10,-16],[-10,-5],[-3,-3],[-25,-16],[3,-5],[2,-1],[10,6],[6,-1],[-6,-34],[-3,-10],[-9,1],[3,11],[-11,2],[1,10],[-11,3],[0,-5],[-8,-14],[-19,-20],[5,12],[0,0],[3,16],[0,9],[-6,25],[2,50],[-2,17],[-7,12],[-5,13],[0,18]],[[59305,39797],[1,8],[5,-1],[1,9],[6,-1],[-2,-13],[6,-1],[-2,-11],[-15,10]],[[59267,39827],[-3,0],[4,18],[1,14],[4,0],[-1,-9],[6,-1],[-1,-6],[2,0],[-1,-15],[4,-1],[-1,-5],[22,-18],[-2,-13],[-27,22],[1,2],[-7,10],[1,4],[-2,0],[0,-2]],[[11139,35082],[-116,16],[128,98],[-12,-114]],[[62766,43002],[138,-28],[-8,-62],[-20,4],[1,4],[-6,1],[0,2],[-18,5],[3,9],[3,-1],[2,15],[-1,0],[0,2],[-89,17],[-1,-8],[-9,2],[5,38]],[[62905,42978],[-138,27],[17,115],[128,-26],[-3,-21],[-10,2],[-4,-26],[10,-3],[-3,-20],[10,-2],[-7,-46]],[[62788,43127],[14,-4],[13,0],[0,-3],[4,1],[-1,-2],[4,-1],[4,31],[7,-1],[0,2],[11,-2],[0,-1],[3,-1],[2,12],[6,-1],[0,2],[2,0],[0,-2],[5,-1],[1,1],[2,0],[0,2],[-1,0],[0,4],[-3,1],[1,7],[6,-2],[0,5],[6,-2],[0,-4],[6,-1],[14,-3],[0,5],[3,-1],[0,-5],[2,0],[0,-3],[0,-2],[-3,1],[-3,-22],[34,-8],[-6,-41],[-9,2],[1,7],[-127,25],[1,5],[1,0]],[[53907,41860],[-14,13],[7,11],[9,9],[18,14],[8,2],[-2,-5],[1,-2],[13,0],[3,-3],[-5,-14],[-26,-40],[-4,4],[-3,-4],[-5,5],[2,4],[-4,4],[2,2]],[[12281,36552],[-66,-46],[-24,-40],[38,-60],[97,-90],[-36,-314],[-30,-12],[-107,-19],[-46,-32],[-20,-105],[-30,-104],[-51,-25],[-48,31],[-4,133],[-20,145],[-30,151],[4,126],[-17,56],[-20,-14],[-81,-184],[-23,-46],[52,-110],[-14,-102],[-6,-205],[-138,18],[-9,76],[-24,108],[-70,-108],[-96,-35],[-97,15],[-52,101],[30,120],[-37,134],[-34,143],[56,507],[44,54],[57,98],[72,72],[34,63],[26,81],[47,176],[66,143],[105,101],[40,151],[-36,128],[65,117],[-6,97],[-33,16],[-126,37],[-125,105],[-63,97],[32,302],[15,169],[38,90],[131,88],[125,18],[107,12],[160,79],[48,95],[34,111],[-69,72],[-16,34],[43,29],[58,30],[53,43],[109,68],[73,170],[84,132],[31,148],[-10,91],[-2,4],[596,-88],[-286,-2587],[-139,20],[112,-277],[-69,-608],[-129,19],[-32,92],[-44,55],[-78,23],[-64,-41],[-125,-142]],[[61001,45198],[-2,-3],[-2,1],[0,-4],[-9,2],[1,6],[-2,0],[1,2],[-12,0],[-1,-2],[-1,0],[0,3],[-2,0],[-1,0],[-1,-3],[-2,0],[1,4],[-13,2],[0,4],[3,-1],[1,8],[7,-2],[1,6],[38,-7],[-3,-16],[-2,0]],[[12490,40588],[99,23],[-3,-35],[-130,-37],[34,49]],[[13894,40681],[1,194],[-30,142],[-383,52],[125,943],[70,-9],[17,164],[30,1],[4,20],[103,221],[-267,39],[75,96],[70,37],[88,18],[206,56],[28,63],[61,112],[93,59],[74,-18],[-25,123],[-61,105],[-23,135],[15,114],[60,92],[110,20],[81,11],[90,-18],[136,-3],[87,-39],[107,-43],[58,-84],[19,-117],[-9,-77],[20,-42],[73,-17],[65,-4],[29,26],[46,73],[7,81],[-4,56],[-37,31],[-20,36],[20,42],[69,30],[75,13],[-13,122],[-19,122],[-34,157],[23,233],[16,36],[107,164],[101,134],[117,172],[267,121],[104,-25],[-77,-692],[-16,2],[-95,-845],[-386,58],[-93,-804],[-85,57],[-52,95],[-71,13],[-48,-47],[-87,-46],[-75,5],[-164,-11],[-142,-67],[-115,-78],[86,-132],[72,-95],[70,-87],[70,-69],[58,-36],[-91,-850],[-42,-341],[-69,-625],[-23,-261],[-82,9],[-507,716],[11,86],[-11,1],[-22,-7],[-11,0],[-38,1],[11,58],[2,22]],[[13836,42408],[-103,-223],[-3,-17],[356,19],[26,43],[5,34],[-21,4],[-14,28],[0,64],[1,11],[-247,37]],[[61590,51303],[-39,7],[7,57],[78,-14],[-4,-29],[11,-2],[-1,-11],[-12,3],[-6,-41],[-37,7],[3,23]],[[61592,51297],[0,-2],[3,0],[0,4],[-5,1],[0,-3],[2,0]],[[59353,60893],[-14,-10],[-1,3],[-5,-2],[-16,3],[12,19],[4,0],[0,7],[4,5],[21,-4],[4,6],[6,-5],[-6,-13],[-9,-9]],[[132,57862],[23,-32],[30,31],[5,-6],[4,4],[3,-4],[-32,-34],[-8,11],[-40,-41],[-3,4],[1,2],[-4,5],[13,14],[-8,12],[-3,1],[-4,6],[-5,-2],[-3,3],[5,6],[6,4],[-1,1],[3,2],[3,-1],[15,14]],[[63,57961],[-31,-25],[-32,52],[62,51],[19,-32],[4,-4],[-17,-15],[12,-19],[-14,-12],[-3,4]],[[213,58073],[-40,-34],[-7,11],[-12,-9],[-5,9],[11,9],[-4,8],[79,67],[7,-10],[6,6],[4,-7],[-7,-5],[7,-12],[-28,-24],[2,-4],[-10,-9],[-3,4]],[[142,58288],[19,-31],[22,19],[13,-22],[22,20],[16,-27],[-38,-32],[17,-28],[-26,-22],[-11,20],[-44,-37],[-5,7],[-17,-13],[-12,19],[47,40],[-19,31],[-3,-2],[-22,37],[3,2],[5,-9],[33,28]],[[15907,62605],[-7,-17],[-4,5],[-4,-4],[-4,5],[2,3],[-3,4],[23,29],[-5,6],[-12,-15],[-6,8],[12,14],[3,-3],[5,6],[4,-4],[-1,-1],[5,-6],[9,12],[4,-4],[2,3],[8,-10],[-10,-13],[1,-2],[-6,-4],[3,-7],[-1,0],[-5,7],[-1,-1],[-12,-11]],[[69513,26],[4,-7],[5,2],[6,-5],[3,-8],[-4,-7],[-8,-1],[-2,1],[1,3],[-2,3],[-2,-1],[-1,2],[-2,-1],[-1,4],[2,1],[-4,12],[5,2]],[[69238,1622],[12,-3],[-1,-10],[4,-1],[-2,-13],[-4,1],[-3,-16],[-13,2],[1,4],[-4,1],[3,16],[4,-1],[3,20]],[[68711,2691],[3,0],[10,-16],[4,-8],[-1,-7],[7,-10],[-12,-7],[-12,29],[-7,11],[4,3],[0,3],[-7,10],[-7,6],[3,5],[5,-3],[9,-12],[1,-4]],[[67775,3460],[-3,-23],[-4,1],[3,22],[4,0]],[[67755,3453],[-5,1],[6,10],[4,15],[2,0],[-1,-10],[-6,-16]],[[70148,3871],[5,3],[2,4],[9,-7],[-2,-4],[-2,2],[-3,-2],[-3,-7],[-11,-16],[-9,6],[1,2],[3,-2],[7,11],[-5,3],[8,7]],[[70201,3926],[2,-11],[-4,-3],[0,-9],[-6,-9],[-4,-1],[-1,-7],[-3,-3],[0,-5],[-4,-7],[-17,12],[3,5],[-8,5],[-3,-5],[-2,2],[2,4],[-7,3],[-2,-3],[-5,5],[0,4],[9,9],[2,-4],[3,4],[2,-1],[2,2],[5,-3],[6,3],[4,9],[4,0],[2,-2],[5,1],[1,2],[4,1],[7,5],[3,-3]],[[70165,3897],[-3,2],[-3,-5],[3,-2],[3,5]],[[68950,4486],[-2,-10],[-6,1],[-1,-6],[-9,2],[-2,-2],[-4,1],[0,12],[5,-1],[1,2],[10,-4],[1,1],[2,0],[0,5],[5,-1]],[[68989,4504],[4,0],[-3,1],[3,15],[46,-8],[-1,-4],[-8,-1],[-22,5],[-7,2],[-3,-16],[-4,1],[0,-6],[-2,1],[-1,-5],[-3,1],[0,-2],[-5,0],[-1,5],[-12,3],[0,2],[-11,3],[0,2],[-3,3],[1,5],[13,-3],[1,5],[4,-1],[2,2],[5,-1],[0,-3],[8,-2],[-1,-4]],[[69364,7763],[-10,-14],[6,-4],[3,3],[12,-12],[4,-5],[3,-1],[3,-5],[2,1],[3,-7],[-8,-5],[-5,6],[-2,-1],[-2,5],[-3,1],[-6,11],[-2,-1],[-2,3],[-1,-3],[-7,3],[-3,4],[-1,-1],[-6,5],[1,8],[0,8],[18,17],[4,-7],[2,-1],[3,3],[4,-6],[-9,-6],[-1,1]],[[69284,7774],[13,-2],[-1,-7],[-13,-1],[1,10]],[[70963,8692],[54,27],[11,1],[7,-2],[4,-4],[3,-9],[2,-11],[-2,-14],[-11,-16],[0,-29],[-4,-14],[-11,-8],[-9,0],[-4,-2],[-17,2],[-8,5],[-6,0],[-3,-7],[-1,-7],[-2,-2],[-13,-3],[-3,-5],[-10,-50],[0,-12],[2,-13],[4,-10],[23,-39],[7,-21],[2,-10],[-4,-26],[-8,-5],[-14,12],[-41,28],[-17,17],[-31,5],[4,-5],[-9,-3],[-7,-7],[-16,-19],[-6,-5],[-12,-7],[-9,0],[-39,4],[-44,-11],[-13,2],[-9,10],[-15,12],[-41,23],[-5,2],[-3,3],[-13,6],[-12,8],[-14,15],[-21,37],[-7,22],[-7,13],[-6,23],[-9,21],[-30,28],[-8,21],[-5,15],[1,11],[3,8],[4,4],[6,5],[16,9],[16,7],[40,7],[43,6],[40,3],[24,6],[19,13],[19,18],[18,23],[12,23],[9,11],[11,11],[6,3],[38,-6],[16,-12],[12,-12],[2,-4],[1,-8],[-3,-23],[2,-18],[26,-43],[8,-8],[37,-20],[18,-3],[12,3]],[[70678,11163],[-10,11],[2,3],[-5,6],[-4,9],[4,9],[3,-1],[5,-17],[3,3],[10,-12],[4,-8],[13,-14],[2,-29],[-13,-1],[-2,16],[-12,25]],[[70933,13090],[-22,5],[5,23],[6,3],[2,-2],[13,-3],[5,1],[9,-3],[-18,-20],[0,-4]],[[71847,14083],[27,4],[3,-6],[-7,-20],[-28,-39],[-15,13],[11,34],[9,14]],[[68809,18365],[-2,-4],[-269,-76],[2,20],[15,37],[22,-4],[33,217],[-7,1],[-59,196],[-5,14],[108,-24],[-16,-113],[92,-5],[33,5],[53,-24],[-20,-128],[-13,-2],[-3,0],[-15,-33],[-3,-34],[55,-34],[-1,-9]],[[69857,25207],[-11,-74],[-20,6],[-3,-23],[-24,5],[-2,4],[-6,1],[-1,10],[1,4],[2,0],[0,5],[-7,14],[2,4],[15,12],[3,12],[-2,6],[0,2],[12,4],[11,0],[8,2],[2,2],[1,0],[0,-1],[16,5],[3,3],[10,16],[9,-3],[10,2],[7,-26],[-36,8]],[[68008,26140],[-5,6],[-16,10],[-19,15],[-17,21],[2,8],[55,-10],[-1,-11],[-6,-11],[1,-3],[42,-10],[0,-18],[-21,-2],[-15,5]],[[70166,26638],[2,-7],[12,-17],[-23,-21],[-24,-25],[-3,-2],[-5,7],[-10,-17],[-7,6],[10,18],[-31,0],[0,14],[23,1],[1,-1],[14,13],[-7,7],[6,6],[-6,8],[6,5],[5,-8],[17,17],[20,-4]],[[68072,26372],[-4,-2],[2,-6],[-3,-2],[10,-28],[-38,15],[-13,-6],[-33,-50],[-1,-15],[-12,-13],[-5,-3],[-6,-7],[-1,-4],[-8,-4],[1,-3],[-3,-16],[4,-5],[0,-3],[-17,3],[-3,-20],[-14,13],[-5,-4],[-6,-14],[-19,3],[-2,-1],[-10,2],[1,8],[3,6],[-11,9],[8,12],[-5,3],[-2,-2],[-3,2],[2,4],[-3,2],[2,2],[-15,11],[-2,-3],[-5,4],[3,3],[-9,6],[7,12],[-16,14],[10,17],[-4,4],[3,5],[5,-4],[19,33],[22,-18],[26,43],[-33,26],[13,12],[29,-23],[13,22],[-5,4],[2,15],[42,-7],[2,-2],[1,1],[30,-5],[3,-3],[4,0],[1,3],[4,-3],[6,0],[-2,-11],[6,-1],[1,10],[4,-1],[4,29],[-12,3],[3,20],[14,-3],[-2,-10],[6,-2],[59,-13],[-6,-7],[7,-2],[1,6],[7,-2],[-1,-10],[-4,1],[0,-5],[-8,0],[-7,3],[-21,-36],[-3,0],[-8,-12]],[[67866,26533],[4,-5],[-17,-21],[-15,-10],[-18,3],[2,15],[-6,2],[5,29],[4,1],[3,-14],[2,-3],[5,-3],[5,1],[8,4],[12,13],[3,-6],[0,-4],[2,3],[1,-5]],[[72770,27419],[-2,-16],[-6,1],[1,4],[-6,1],[1,5],[-6,1],[2,11],[-2,3],[8,1],[7,-2],[1,-2],[-1,-5],[3,-2]],[[72712,27433],[0,3],[5,0],[1,8],[13,-3],[5,2],[3,0],[0,3],[4,-1],[7,-14],[-16,-5],[-1,-5],[-5,1],[-1,-4],[-8,1],[-5,-3],[-4,2],[0,5],[-1,0],[-3,2],[-1,5],[7,3]],[[68264,26766],[2,-9],[-3,-19],[4,-9],[4,-3],[13,-5],[6,2],[5,7],[2,-1],[0,-4],[-14,-25],[-12,-13],[-16,-10],[-9,-3],[5,-5],[-3,-3],[-35,32],[17,13],[6,9],[11,21],[13,33],[4,-8]],[[73264,28557],[-2,7],[9,4],[2,-8],[-9,-3]],[[73479,28610],[-8,12],[7,15],[3,3],[6,31],[46,-4],[39,6],[-19,-117],[-4,0],[-20,35],[-28,-13],[0,9],[-9,15],[-5,2],[-8,6]],[[73270,28571],[-17,-6],[-2,6],[-10,-3],[-1,2],[11,3],[-1,4],[8,3],[-1,4],[9,3],[4,-16]],[[73294,28562],[5,15],[-7,4],[17,44],[6,-2],[1,-7],[7,2],[-1,-7],[3,-15],[-6,-4],[3,-6],[-5,-3],[1,-2],[-14,-5],[-6,-12],[-4,-2]],[[73371,28601],[-23,37],[9,13],[-8,9],[6,7],[4,1],[0,-4],[2,0],[0,-2],[7,0],[-1,-6],[3,0],[10,-13],[8,8],[7,-3],[-14,-15],[0,-1],[3,3],[3,-4],[-3,-3],[5,4],[2,-3],[3,0],[-1,-7],[5,-2],[-8,-11],[2,-2],[-2,-1],[-4,0],[-4,6],[-11,-11]],[[73287,28616],[-3,-9],[2,-1],[-2,-6],[4,9],[8,-4],[-5,-15],[-7,3],[1,2],[-2,1],[-4,-12],[-11,3],[-1,3],[5,-2],[1,2],[1,-1],[3,7],[-1,1],[-3,2],[-1,-2],[-3,2],[-1,-4],[-3,0],[-1,6],[-12,14],[3,13],[10,11],[-9,11],[11,11],[2,-2],[3,1],[0,1],[3,3],[5,-1],[1,4],[2,0],[17,-10],[6,-20],[1,-2],[0,-5],[-3,-3],[-3,-10],[-8,4],[0,-2],[-6,-3]],[[73307,28628],[22,63],[4,-3],[-2,-12],[6,-5],[4,4],[5,-5],[-26,-41],[-5,1],[0,-6],[-2,0],[-4,2],[2,3],[-4,-1]],[[73494,29096],[9,5],[9,-2],[-4,-29],[25,-5],[-2,-15],[50,-9],[-6,-40],[-6,-18],[3,-2],[20,22],[18,5],[4,3],[11,21],[8,-14],[11,-10],[-3,-7],[-5,-2],[-6,-20],[-6,-6],[1,-7],[0,-4],[-8,-4],[-9,4],[-6,-3],[-2,-6],[1,-15],[-3,-20],[-3,-7],[-5,-4],[-3,-6],[-2,-8],[0,-5],[-2,0],[0,3],[-24,-7],[-7,-6],[-9,-15],[-5,-19],[-18,-18],[3,-7],[-6,-1],[-14,4],[-1,-4],[-2,0],[-10,5],[-7,6],[0,-24],[-1,-6],[-19,-7],[-1,33],[12,11],[-3,15],[-6,13],[1,32],[5,4],[-6,11],[-1,10],[2,6],[-5,5],[-1,18],[10,-5],[3,5],[0,11],[3,14],[-2,6],[-3,1],[1,6],[8,17],[5,8],[-2,8],[4,10],[-2,4],[1,9],[4,19],[-1,4],[-7,0],[-1,13],[-1,3],[-6,-1],[-1,12],[3,15],[7,4],[3,0],[3,-4],[0,-3],[-2,-1],[-6,0],[0,-4],[1,-3],[12,-2]],[[73584,29269],[-1,-5],[-4,1],[1,7],[8,6],[-2,7],[8,4],[11,-2],[-4,-12],[-2,3],[-5,-4],[-7,2],[-6,-4],[-1,-3],[4,0]],[[73750,29322],[8,0],[-1,-6],[8,-1],[-2,-11],[-6,-9],[2,-1],[-1,-3],[-5,-2],[-3,-5],[-11,11],[10,21],[1,6]],[[73733,29500],[6,-4],[1,1],[4,-2],[4,-1],[2,-4],[11,-3],[2,10],[7,-2],[-4,-24],[-2,-3],[9,-2],[-3,-18],[-3,0],[0,5],[-5,3],[-1,-7],[-2,1],[-1,-2],[7,-1],[-2,-12],[-13,2],[-5,2],[0,1],[-11,2],[-1,-10],[35,-7],[0,-4],[1,-1],[1,5],[11,-2],[4,-18],[-8,1],[3,-8],[-9,2],[-2,-13],[-32,6],[0,-7],[-5,0],[-1,-4],[-8,0],[1,5],[-3,1],[-1,-5],[-3,1],[-2,-6],[-1,1],[-1,-6],[14,-2],[-3,-23],[-7,1],[-1,-4],[7,-2],[-1,-4],[-3,1],[-1,-4],[-7,1],[0,-2],[5,-1],[-3,-8],[-4,-3],[-1,-9],[-16,3],[3,20],[3,-3],[4,6],[-1,1],[1,10],[-4,0],[1,10],[6,0],[0,7],[-2,-1],[0,2],[1,7],[-2,0],[1,11],[3,-1],[1,11],[4,0],[1,6],[-3,0],[0,4],[-4,1],[3,19],[2,-1],[0,2],[9,-2],[7,43],[-13,3],[1,8],[-5,3],[10,20],[4,-1],[3,-5],[7,3]],[[73102,29392],[1,-19],[7,-18],[23,-35],[12,-16],[24,-24],[3,-13],[0,-9],[-6,-13],[-10,-11],[-29,-23],[-25,-14],[-27,-5],[-12,1],[-26,14],[-6,2],[-17,-7],[-17,1],[-5,-3],[-8,-22],[-5,-8],[-4,-3],[-5,-1],[-4,1],[-7,6],[-7,15],[-16,23],[-6,8],[-11,10],[-20,12],[-4,10],[-1,9],[3,13],[13,25],[3,9],[1,9],[-2,13],[-3,14],[-10,22],[-20,13],[-8,8],[-5,7],[-1,11],[2,11],[12,36],[31,68],[6,9],[8,3],[4,-1],[5,-6],[17,-30],[11,-14],[15,-27],[5,-22],[5,-12],[19,-22],[23,-5],[42,20],[22,6],[7,0],[7,3],[-4,-29]],[[72214,30362],[13,0],[20,-5],[-5,-3],[-2,-6],[5,-3],[3,-11],[7,-7],[12,-21],[-4,-5],[-1,-8],[-2,-2],[-5,1],[-5,13],[-9,8],[-12,3],[-11,7],[-14,5],[-5,0],[-2,-3],[-6,-16],[-15,-10],[-7,-1],[-2,-14],[13,-3],[-4,-30],[10,-2],[-8,-50],[-15,-6],[-22,4],[4,-10],[2,-12],[0,-7],[-13,-10],[-3,-14],[-2,-51],[-4,3],[-39,9],[-24,47],[15,-3],[3,-10],[6,-5],[-1,6],[15,6],[-1,8],[-3,5],[4,11],[1,8],[5,6],[0,14],[-3,6],[12,2],[16,9],[-7,15],[1,6],[-2,8],[-22,25],[-3,-3],[-9,-2],[-1,-9],[6,-19],[-16,-5],[-2,6],[-3,32],[2,4],[-1,5],[4,1],[-5,22],[-20,7],[-17,38],[-24,22],[-3,22],[3,14],[-13,13],[15,40],[5,7],[10,3],[12,-3],[2,-7],[71,-11],[-6,-42],[37,-8],[-2,-16],[36,-7],[5,33],[35,-7],[-5,-37]],[[72281,33620],[6,-65],[-4,-1],[-4,-3],[-3,-6],[-7,-1],[-2,-2],[2,-7],[-2,-5],[-3,-3],[-9,-4],[-4,-7],[-4,-3],[-3,-7],[-6,-4],[-1,-5],[-2,-4],[-9,-3],[-2,-4],[0,-8],[-6,-18],[3,-4],[0,-2],[-7,-2],[-7,-5],[-2,1],[-2,5],[-2,1],[-6,-6],[-8,-3],[-2,-5],[5,-9],[1,-8],[-3,-3],[-7,0],[-11,-9],[-2,1],[-4,6],[-2,1],[-4,-3],[-5,-6],[-9,1],[-6,2],[-7,1],[-11,5],[-4,-2],[-4,3],[-3,-1],[-99,16],[-1,23],[-21,39],[14,19],[-9,1],[2,20],[-8,6],[-41,6],[-20,-15],[11,78],[3,3],[0,8],[3,4],[-4,15],[7,9],[4,1],[17,-13],[7,1],[1,3],[-2,7],[119,-22],[-10,31],[-19,19],[-1,7],[43,-7],[3,18],[24,-4],[-20,-44],[169,-28]],[[70508,37549],[-7,-39],[-11,-20],[0,-25],[-8,-22],[-3,-27],[3,-16],[-1,-35],[-6,-22],[0,-7],[49,-9],[-6,-47],[8,-4],[19,-6],[16,-11],[14,-1],[9,-2],[3,-6],[3,-10],[-2,-6],[-1,-16],[4,-14],[13,-22],[20,-17],[8,-13],[5,-13],[8,-29],[14,-44],[4,-28],[1,-25],[-10,-56],[-4,-12],[-24,-40],[-16,-30],[-15,-6],[-15,-15],[-5,-28],[-7,-5],[-14,-4],[-5,-11],[-2,-12],[-21,-7],[-17,-24],[-6,-18],[-2,-35],[-4,-1],[-9,-8],[-5,-8],[-2,-6],[-1,-7],[1,-22],[-1,-4],[-6,-10],[-28,-31],[-8,-7],[-6,4],[-30,38],[-1,6],[2,11],[4,14],[0,6],[-2,11],[-6,11],[-12,12],[-2,4],[-3,14],[-2,16],[-3,11],[-6,6],[-10,1],[-8,-3],[-29,-21],[-18,-3],[-19,0],[-7,3],[-3,5],[-1,11],[-4,9],[-11,8],[-3,7],[7,2],[15,32],[7,9],[19,21],[9,14],[18,60],[-2,1],[0,30],[-3,24],[-6,17],[-15,16],[15,22],[-9,41],[9,50],[-1,18],[-19,55],[3,25],[-8,11],[-7,15],[-11,18],[-47,45],[-4,8],[-6,39],[7,21],[1,16],[-14,20],[-21,14],[5,18],[1,10],[-7,21],[-7,5],[3,29],[-7,60],[-8,29],[-15,25],[-3,23],[-28,65],[11,22],[6,16],[-3,12],[-3,39],[3,0],[12,-5],[7,-6],[16,7],[15,11],[9,4],[10,1],[6,-9],[25,-9],[0,-3],[9,-5],[7,2],[15,10],[9,4],[9,0],[7,-4],[7,-8],[-1,-16],[5,-12],[1,-8],[4,-5],[26,-18],[34,-3],[6,-15],[1,-10],[11,-1],[25,-15],[4,-7],[22,-9],[11,-7],[3,-8],[-3,-16],[-4,-13],[0,-8],[19,-9],[23,-2],[20,-5],[14,3],[15,10],[3,7],[5,0],[-11,-27],[-16,-13],[-12,-14],[-4,-9],[1,-16]],[[72628,38010],[-6,4],[-1,4],[-4,5],[-4,4],[-1,6],[-30,5],[7,51],[35,-6],[-2,-21],[-5,-2],[1,-12],[9,-1],[7,-4],[-4,-28],[-1,1],[-1,-6]],[[72621,38060],[0,-5],[-1,-3],[-2,6],[3,2]],[[72631,38180],[3,22],[3,-7],[1,-13],[1,0],[1,-4],[-9,2]],[[64741,36927],[-20,-14],[-8,15],[-4,17],[7,2],[-2,8],[4,1],[-3,18],[12,3],[9,-42],[5,-8]],[[72495,38615],[66,-12],[2,-9],[5,-1],[1,-4],[4,0],[1,-1],[-4,1],[0,-3],[5,0],[1,-3],[3,-11],[9,-26],[-3,-3],[2,-7],[-6,-3],[-2,5],[3,5],[-4,9],[-14,3],[-6,-41],[10,-2],[-2,-16],[-44,8],[-6,-49],[-19,4],[15,105],[-24,4],[7,47]],[[72152,38580],[18,138],[97,-18],[-8,-61],[4,-5],[18,6],[11,-1],[8,5],[6,10],[26,-3],[13,8],[-4,-29],[75,-14],[-5,-33],[-47,9],[-16,-116],[-133,25],[9,67],[-71,13],[-1,-1]],[[72529,38998],[1,-2],[-2,0],[-6,-6],[-14,7],[-7,-3],[-12,-11],[-1,-3],[0,-15],[5,-5],[-3,-13],[1,-5],[-5,-1],[-3,16],[-24,5],[17,109],[67,-12],[-2,-16],[-3,0],[0,-18],[-6,-5],[-3,-22]],[[66724,38421],[-11,-80],[-14,3],[2,13],[-20,4],[-1,-3],[-27,6],[1,7],[-10,3],[-2,-8],[-20,4],[1,5],[-11,3],[1,7],[-2,0],[4,12],[-5,6],[-7,13],[4,4],[15,22],[5,5],[5,-2],[8,-18],[10,-11],[8,-7],[8,-3],[5,3],[2,8],[4,3],[12,18],[2,0],[1,-4],[9,-12],[12,-5],[12,22],[11,-2],[-1,-8],[-11,-8]],[[72389,39536],[12,-16],[-1,-2],[-4,4],[-3,1],[-7,10],[3,3]],[[72352,39593],[1,-10],[8,0],[25,-5],[-2,-21],[1,-4],[-3,-3],[2,-4],[-5,-4],[3,-7],[-6,-11],[2,0],[-1,-12],[-3,2],[-2,-11],[-4,4],[-5,-9],[-9,7],[3,5],[-13,9],[1,6],[-2,1],[1,3],[-5,3],[4,9],[-9,7],[3,4],[-6,5],[-3,-4],[-2,2],[2,4],[-6,5],[3,4],[1,8],[7,-3],[0,5],[4,-3],[2,15],[3,0],[0,5],[10,-2]],[[72248,39617],[-5,-3],[-5,4],[0,-3],[-6,1],[4,24],[1,0],[4,-8],[11,-12],[11,-2],[-1,-7],[-4,1],[-2,3],[-4,-1],[-4,3]],[[71925,39840],[38,-21],[-2,-15],[6,-5],[11,-5],[-4,-6],[10,-9],[10,-2],[1,3],[19,-5],[-2,-28],[-47,4],[2,12],[-13,9],[2,5],[-19,25],[0,10],[-21,9],[2,11],[7,8]],[[72141,39994],[-14,-112],[-114,22],[2,12],[11,-2],[15,111],[92,-18],[-1,-11],[9,-2]],[[72244,40177],[16,-20],[-8,-6],[-14,-9],[-23,-1],[-9,1],[3,8],[6,54],[23,-4],[11,0],[2,-3],[-8,-7],[1,-9],[1,-3],[-1,-1]],[[65092,39665],[-3,-43],[19,-3],[15,11],[-2,-14],[-4,1],[-5,-34],[-26,6],[-2,-2],[-1,-5],[-28,5],[-3,-16],[-11,2],[7,52],[4,0],[1,9],[2,0],[0,6],[4,-1],[1,9],[-15,27],[47,-10]],[[71541,40686],[-2,1],[-2,28],[3,2],[-1,8],[3,9],[0,7],[6,1],[0,-3],[5,0],[3,-26],[-8,1],[1,-9],[4,-1],[-1,-6],[-5,-9],[-6,-3]],[[68050,40240],[3,-7],[2,-17],[-3,-35],[1,-18],[2,-9],[10,-9],[35,-6],[-5,-19],[-7,-7],[-11,-3],[-1,-1],[-1,-3],[-5,-9],[0,-3],[3,-5],[-11,-8],[-6,-1],[1,-1],[-3,-12],[-11,-18],[-1,34],[-35,39],[-11,-8],[-17,32],[-7,33],[4,84],[12,21],[6,-1],[8,-5],[19,-17],[10,-15],[19,-6]],[[71507,40745],[-3,-18],[-6,0],[2,33],[3,1],[-2,11],[67,23],[-2,9],[5,2],[1,-4],[2,0],[23,8],[2,-5],[-1,-5],[5,1],[-2,-5],[1,-5],[3,-8],[-2,-13],[-10,2],[-1,-4],[-4,1],[-1,-5],[-5,1],[-4,13],[-12,-5],[-1,2],[-5,-2],[-2,4],[-14,-10],[0,2],[-6,0],[-6,-5],[0,-5],[-7,-1],[0,2],[-5,0],[0,-9],[1,-5],[-14,-1]],[[71587,40762],[0,-5],[-3,-1],[-1,3],[-4,-2],[-1,4],[4,2],[5,-1]],[[71565,40770],[4,-16],[-2,-1],[-5,16],[3,1]],[[71638,40787],[-2,4],[12,3],[1,-4],[-11,-3]],[[71667,40805],[1,-5],[-16,-4],[-1,4],[16,5]],[[71640,40834],[7,26],[8,-3],[-6,-28],[-9,-1],[0,6]],[[70561,40789],[5,4],[7,-1],[5,-21],[-2,-9],[-7,-4],[-15,2],[-2,-17],[-5,1],[-1,-2],[-19,3],[11,36],[14,-3],[9,2],[0,9]],[[64115,40282],[5,-5],[0,-2],[10,-8],[34,-7],[3,-1],[0,-4],[9,-2],[-5,-31],[1,-4],[-1,-10],[-2,0],[-2,-13],[-2,0],[2,-1],[-7,-46],[-21,5],[3,23],[4,19],[-20,4],[-1,-2],[-4,1],[0,2],[-15,3],[-3,2],[-4,1],[1,6],[3,0],[3,18],[2,20],[-1,1],[4,28],[4,-1],[0,4]],[[66553,40681],[-4,12],[-3,1],[1,3],[-1,4],[-6,11],[6,4],[6,16],[15,18],[10,8],[22,14],[13,4],[19,2],[8,3],[16,-12],[1,-2],[-1,-6],[-17,-7],[-8,13],[-15,0],[-8,-3],[-2,-7],[-4,-6],[0,-4],[1,-6],[-2,-5],[-19,-14],[-4,-11],[19,-14],[-19,-38],[-2,-2],[3,-2],[-14,-19],[-11,11],[4,6],[-3,3],[2,4],[-9,10],[8,12],[-2,-1]],[[70806,41606],[0,8],[4,0],[12,20],[9,2],[10,-6],[-27,-49],[-12,4],[-4,10],[8,11]],[[66212,41278],[-2,14],[3,1],[-1,6],[20,4],[1,-6],[22,5],[2,-9],[-27,-5],[1,-6],[-19,-4]],[[67046,41467],[-8,-3],[-5,11],[-3,-1],[-9,13],[0,5],[-16,1],[1,4],[-1,6],[-1,0],[-5,18],[13,5],[3,-15],[5,2],[7,-14],[3,2],[3,-4],[8,0],[0,2],[3,0],[-1,-13],[-2,-1],[-7,1],[-1,2],[-2,-2],[8,-11],[5,2],[2,-3],[-4,-2],[4,-5]],[[66764,41333],[2,13],[-2,3],[-13,-13],[-24,35],[12,11],[-89,126],[6,5],[2,-1],[3,6],[10,-7],[2,3],[3,1],[6,-3],[14,-11],[6,5],[-6,10],[-7,5],[2,5],[3,-1],[3,6],[-3,2],[0,-2],[-3,7],[1,1],[-8,11],[-2,0],[1,5],[8,7],[0,2],[-6,7],[-14,3],[0,2],[-4,1],[2,18],[6,2],[4,-1],[10,1],[14,-1],[0,-7],[-2,-2],[-1,-6],[3,-4],[16,15],[-5,7],[5,4],[-8,11],[1,4],[6,5],[12,6],[3,-1],[2,2],[2,16],[8,-11],[21,20],[6,-8],[1,2],[1,-2],[-1,-2],[4,-6],[-5,-5],[28,-39],[4,4],[1,-3],[2,2],[4,-6],[7,7],[-5,6],[4,4],[12,-17],[1,2],[-3,5],[4,4],[12,11],[3,-5],[2,2],[13,-17],[0,-12],[4,-8],[9,-7],[9,-5],[9,-6],[9,-2],[5,-4],[16,-30],[10,3],[5,-1],[11,-13],[3,-4],[5,-1],[0,-13],[-9,0],[0,-8],[-3,-8],[-24,-11],[-8,-10],[-3,-12],[-37,-3],[-8,-4],[-5,-4],[-5,-8],[-49,-109],[-3,4],[-5,-5],[-3,2],[-5,-4],[1,2],[-19,8],[1,10],[-8,2]],[[66702,41616],[-6,8],[-15,11],[6,13],[21,-13],[-2,-18],[-4,-1]],[[70124,42208],[-7,11],[-1,-4],[-1,0],[-1,-4],[-19,4],[0,17],[-2,0],[-11,15],[2,11],[66,-10],[-1,-12],[-4,0],[-2,-2],[-1,-11],[-5,0],[-1,-9],[-3,0],[-1,-8],[-8,2]],[[63515,41207],[9,68],[2,-1],[1,6],[51,-12],[1,-12],[-1,-9],[20,-4],[-4,-24],[19,-3],[-1,-10],[-3,-4],[13,-17],[-10,-9],[-1,-16],[-7,1],[2,-27],[-25,-8],[-51,10],[3,14],[-98,19],[5,37],[22,-4],[2,18],[46,-10],[2,1],[3,-4]],[[63340,41682],[-45,10],[6,38],[27,-6],[12,-42]],[[67280,42743],[12,-9],[10,-4],[4,4],[3,-2],[12,6],[7,6],[1,-1],[-3,-18],[-6,-6],[-26,-8],[-31,7],[-3,-21],[-7,2],[1,10],[-10,2],[9,65],[7,-11],[3,-12],[17,-10]],[[63400,42346],[5,-15],[15,-5],[6,-5],[13,-28],[4,-2],[14,-19],[1,-5],[7,-4],[-10,-11],[-4,1],[-10,-7],[1,-9],[0,-10],[-6,0],[1,10],[-2,1],[-22,32],[-3,1],[-6,8],[-9,-6],[-15,30],[-19,21],[1,9],[-7,10],[5,9],[40,-6]],[[62960,42916],[-4,-27],[4,-1],[-1,-11],[-5,0],[2,-2],[-4,-27],[3,0],[-2,-16],[-3,0],[-1,-2],[-4,1],[-1,2],[-3,1],[0,7],[-7,3],[1,7],[-2,0],[5,34],[2,0],[10,11],[4,22],[6,-2]],[[62951,42966],[-3,-30],[-3,-2],[-5,-38],[-2,0],[-1,-2],[-10,2],[-1,-13],[-22,4],[2,43],[2,14],[7,-2],[3,13],[5,-1],[2,12],[-6,2],[4,27],[11,-2],[-1,-4],[5,3],[1,-6],[-3,-2],[3,-1],[0,-2],[6,-2],[6,-13]],[[62978,42993],[-31,-11],[-11,24],[-6,8],[5,34],[14,-2],[0,-1],[3,-1],[-1,-7],[6,0],[1,2],[3,-1],[1,7],[-7,1],[1,3],[0,2],[7,-2],[1,2],[0,4],[-4,1],[0,1],[2,13],[4,0],[4,26],[7,-1],[-3,-20],[16,-3],[0,4],[5,-1],[0,-5],[-4,1],[-2,-14],[14,-3],[-1,-6],[9,-2],[-1,-4],[7,-1],[-1,-10],[-5,1],[0,-4],[-6,1],[-1,-3],[-5,1],[-4,-27],[-10,2],[-1,-5],[-5,0],[-1,-4]],[[62956,43031],[-1,-11],[6,-1],[1,12],[-6,0]],[[70176,44569],[-4,-13],[-21,7],[7,28],[11,-4],[6,-6],[-3,-4],[4,-8]],[[70118,44597],[-13,28],[6,2],[3,-9],[9,4],[2,-8],[4,-3],[-2,-16],[1,-9],[-11,3],[1,8]],[[67721,44523],[10,79],[4,-1],[2,12],[0,2],[-4,1],[1,8],[5,0],[4,14],[1,8],[8,27],[3,0],[3,19],[-1,0],[2,13],[2,0],[-2,6],[13,6],[1,-13],[5,-1],[-4,-25],[6,-1],[-1,-6],[-6,1],[-1,-8],[-5,1],[-4,-15],[-1,-7],[2,0],[-6,-30],[-5,1],[0,-1],[-5,0],[-8,-55],[5,-1],[0,-3],[13,-2],[-1,-4],[-8,1],[-3,-20],[-5,1],[-1,-15],[-7,-20],[3,-1],[-6,-11],[-9,3],[-1,8],[-14,5],[9,26],[6,-2]],[[67839,45245],[0,2],[-4,5],[-12,29],[-13,7],[-1,-10],[-4,1],[-4,4],[-3,1],[-3,4],[0,2],[-5,2],[-10,8],[-5,22],[-2,0],[-2,-10],[-6,1],[-2,-10],[2,-3],[-63,11],[3,18],[-13,2],[-6,-17],[-30,0],[-28,17],[2,11],[-1,10],[-3,10],[-11,12],[-6,4],[-6,1],[-20,-2],[-61,-19],[-1,-12],[-4,-6],[-22,20],[-14,-12],[-13,12],[-2,-13],[-47,11],[-7,-3],[-6,1],[-10,8],[-9,17],[-7,10],[-13,13],[-12,15],[2,25],[2,12],[2,0],[1,13],[-3,2],[1,21],[5,3],[8,14],[11,-18],[4,-42],[12,-6],[10,-2],[-3,18],[2,5],[3,3],[17,1],[19,-7],[9,-17],[4,-5],[9,-1],[19,5],[10,-2],[2,-3],[3,-10],[-2,-13],[-12,-13],[-4,-7],[-2,-10],[2,-5],[4,-15],[8,3],[10,-3],[13,1],[17,6],[13,2],[22,13],[12,3],[6,2],[17,-3],[15,-4],[12,-12],[6,-13],[2,-15],[7,-14],[4,-3],[16,-4],[5,0],[3,2],[5,7],[8,18],[-2,11],[-6,14],[-4,14],[4,7],[7,2],[4,-1],[3,-3],[2,-5],[-3,-43],[2,-4],[10,-4],[3,1],[1,-1],[4,-1],[11,2],[25,5],[7,0],[10,-4],[4,-6],[8,-30],[3,-6],[5,-4],[6,-2],[14,-1],[12,1],[11,-6],[19,-18],[8,-30],[12,-20],[10,-14],[17,-9],[6,-1],[11,2],[1,-1],[6,2],[3,-1],[-2,-3],[-5,-1],[2,-9],[-9,-1],[-14,1],[-10,4],[0,-2],[-16,8],[-17,23],[-3,15],[-12,13]],[[65528,45966],[4,5],[3,1],[-1,-6],[-3,-5],[4,-14],[-5,-5],[-12,-6],[-7,-5],[3,-24],[-2,-15],[13,-1],[1,-3],[3,-2],[-4,-11],[-5,2],[4,12],[-12,1],[-4,-13],[-4,-26],[3,0],[-2,-23],[-4,1],[0,-2],[-11,2],[-3,-20],[-19,4],[0,9],[-3,1],[-1,-10],[-21,5],[-5,-24],[-28,6],[-11,14],[-1,-1],[-9,10],[10,17],[2,6],[-2,7],[3,0],[1,3],[11,-6],[8,-1],[8,2],[11,9],[6,0],[4,13],[-2,15],[3,1],[4,-2],[-1,8],[2,0],[-1,8],[17,-5],[2,1],[7,-4],[3,32],[3,10],[3,0],[-1,45],[-3,17],[2,0],[3,-17],[1,-41],[5,-1],[2,3],[6,4],[1,9],[12,7],[9,3]],[[70017,48509],[7,47],[4,-1],[5,32],[7,-1],[3,12],[4,9],[6,-1],[2,-4],[-3,-20],[8,-2],[3,-9],[-4,-22],[-11,2],[-3,-22],[-9,2],[-1,-11],[-7,2],[-2,-15],[7,-1],[-1,-4],[-7,1],[1,2],[-7,2],[1,2],[-3,0]],[[65859,48679],[-58,11],[7,45],[-12,2],[5,40],[0,9],[-22,4],[4,25],[37,-6],[15,-36],[18,-3],[27,-60],[-9,-3],[21,-61],[1,1],[-1,-7],[-19,3],[1,3],[-6,19],[-9,14]],[[66880,50935],[-1,-10],[3,-3],[14,2],[17,-3],[9,2],[9,-1],[9,-10],[4,-13],[1,-12],[-23,-167],[-125,24],[4,33],[13,-3],[2,13],[-27,5],[22,163],[11,2],[8,-1],[7,-7],[2,3],[4,-3],[4,0],[11,-6],[8,-2],[6,0],[8,-6]],[[66447,53548],[0,22],[24,-4],[0,8],[-3,2],[4,9],[12,-8],[4,-1],[4,3],[31,-23],[-5,-9],[-10,8],[-6,-43],[-14,3],[-1,-6],[-9,2],[-2,-12],[8,-2],[-1,-11],[-3,1],[-2,-5],[11,-4],[15,0],[-2,-12],[-14,0],[-9,3],[-1,-5],[-4,1],[-7,-29],[5,-9],[-4,-34],[-25,6],[-20,1],[0,44],[-7,2],[0,3],[5,27],[-12,2],[-9,12],[4,5],[3,15],[-9,2],[1,6],[13,-2],[2,13],[-7,1],[1,6],[7,-2],[1,7],[-1,2],[0,4],[30,-4],[2,5]],[[70128,57569],[-2,-2],[-1,-9],[3,-11],[-1,-17],[-2,-6],[-9,-7],[-2,-1],[-3,6],[-8,10],[-5,-6],[-14,17],[10,12],[-3,-2],[-3,2],[-10,8],[8,12],[14,-12],[17,20],[11,-14]],[[65343,57424],[-51,1],[0,5],[51,-1],[0,-5]],[[67966,59605],[-7,8],[12,16],[1,5],[7,-8],[-1,-2],[1,-3],[3,-2],[-9,-18],[-3,-1],[-4,0],[-2,-3],[-4,3],[6,5]],[[63054,59628],[-23,5],[1,5],[3,-1],[1,5],[14,-3],[-1,-5],[3,0],[3,-1],[1,5],[14,-3],[-3,-21],[-15,2],[2,12]],[[65157,62696],[1,13],[2,0],[1,4],[4,-1],[0,-4],[4,-1],[-2,-13],[-10,2]],[[64327,65884],[3,6],[8,-3],[3,-13],[5,-2],[3,-8],[-3,-3],[5,-18],[-9,-4],[-7,23],[-8,-3],[-1,2],[-4,-2],[-3,9],[3,1],[-2,8],[8,3],[-1,4]],[[62611,69543],[2,13],[16,-3],[-1,-13],[-17,3]],[[75191,24887],[19,-4],[-2,-18],[-6,1],[-3,-10],[-13,2],[1,2],[-4,1],[0,-2],[-11,2],[0,2],[-3,1],[-5,-1],[0,13],[5,-1],[2,5],[13,-2],[3,20],[-2,1],[2,16],[18,-4],[1,2],[1,0],[7,-4],[-1,-9],[-3,1],[0,-4],[-8,2],[-1,-4],[-9,2],[-1,-10]],[[75169,24906],[-12,2],[1,3],[-4,3],[-3,0],[-1,-3],[-9,1],[-2,1],[1,2],[-5,2],[0,2],[-9,2],[2,12],[-2,0],[2,13],[11,-3],[3,27],[9,-2],[4,1],[0,-3],[1,-1],[1,3],[2,0],[1,11],[6,-1],[0,4],[20,-4],[-10,-65],[-2,-5],[-4,1],[-1,-3]],[[75425,25073],[34,9],[5,-19],[-42,-9],[-1,2],[4,17]],[[75991,26024],[10,2],[-1,-6],[-19,-6],[-1,3],[-9,-3],[1,-3],[-12,-1],[2,14],[-2,0],[0,3],[-5,1],[2,11],[0,2],[-2,0],[3,12],[-2,0],[1,5],[-3,0],[1,3],[12,-2],[0,4],[-2,1],[1,8],[8,-1],[0,2],[9,-2],[0,-4],[3,-1],[2,16],[6,-1],[-1,-1],[2,0],[1,-4],[0,4],[8,-2],[1,6],[2,-1],[-1,-4],[2,0],[1,4],[1,0],[-2,-20],[16,-4],[4,9],[13,16],[3,1],[10,10],[2,-2],[-3,-9],[5,-2],[-10,-22],[-1,-8],[-28,-16],[1,8],[-15,3],[-5,0],[0,-2],[-2,0],[1,5],[-12,2],[-2,-13],[6,-15]],[[74546,26624],[-10,-4],[-3,4],[1,11],[11,-2],[-2,-6],[4,0],[0,-3],[2,-7],[-2,-1],[-1,8]],[[74498,28132],[10,-1],[1,-3],[3,0],[0,-7],[-12,3],[-2,8]],[[74526,28133],[-19,4],[-2,13],[-10,2],[0,4],[7,-1],[-1,9],[5,1],[2,-6],[7,0],[-1,-4],[4,-1],[3,19],[10,-5],[-3,-22],[4,-1],[-1,-7],[2,-1],[0,-1],[-2,0],[-2,-11],[-4,0],[1,8]],[[73808,29432],[7,-2],[-2,-10],[-6,2],[1,10]],[[73808,29432],[-5,1],[-3,-12],[-23,4],[2,13],[-3,0],[-1,9],[-3,0],[1,10],[36,-8],[-1,-9],[1,-1],[-1,-7]],[[74051,29809],[-5,-7],[12,-9],[-6,-8],[-1,-6],[-20,4],[-5,-4],[-5,-2],[-1,-9],[-13,3],[22,18],[10,12],[12,8]],[[73956,29751],[1,-5],[-12,-3],[-1,6],[-10,-2],[-3,15],[3,3],[1,8],[-12,2],[-2,-14],[3,-12],[-14,-4],[-5,27],[2,15],[2,0],[7,-5],[3,3],[3,-2],[1,8],[2,0],[6,39],[5,5],[60,-10],[31,12],[2,-2],[-5,-35],[-44,-19],[-20,-12],[0,-3],[2,-5],[2,1],[3,-7],[-11,-4]],[[74926,32581],[34,-5],[2,3],[8,-1],[8,26],[6,36],[13,-1],[-4,-34],[-2,-2],[-2,-14],[-3,-4],[-3,-1],[-6,-17],[-7,1],[-2,-3],[-2,-13],[-11,7],[1,2],[-1,2],[-31,5],[2,13]],[[73947,37727],[5,-8],[0,-5],[-12,-9],[-2,-3],[1,-6],[6,-7],[-9,-17],[-5,-3],[-5,-1],[-30,25],[-18,4],[26,178],[-85,17],[2,19],[6,-4],[4,-8],[9,-11],[8,6],[-2,3],[-6,0],[-8,13],[-9,8],[1,14],[-17,4],[5,36],[18,-4],[10,-11],[13,-9],[7,5],[-9,37],[-6,19],[-4,7],[11,-3],[10,-19],[24,-33],[0,-3],[8,-6],[8,3],[4,4],[1,-2],[1,1],[-1,1],[5,7],[6,3],[-12,-80],[108,-21],[-12,-80],[4,-1],[-4,-13],[-3,1],[-2,-8],[-11,-13],[-29,5],[-7,0],[-3,-6],[-11,-6],[1,-6],[14,-11],[-4,-3]],[[74172,37801],[8,52],[-15,2],[7,51],[3,-7],[10,-6],[5,0],[-4,-24],[2,0],[4,-3],[4,0],[3,-3],[4,-2],[4,27],[12,-2],[2,-12],[-9,2],[0,-21],[9,-2],[0,-4],[-11,2],[-2,-4],[-8,-52],[-28,6]],[[74173,37926],[-5,2],[-1,-7],[-3,1],[0,-4],[-8,3],[2,23],[18,-2],[-3,-16]],[[74153,37933],[-6,1],[4,5],[2,-6]],[[74034,37987],[15,-28],[6,-5],[-1,-6],[-3,1],[-1,-2],[-3,7],[-7,3],[1,5],[-9,12],[2,13]],[[74154,37991],[-5,-9],[2,6],[3,4],[1,4],[2,3],[1,6],[-6,2],[-1,-2],[-12,2],[7,41],[34,-7],[1,3],[0,0],[2,0],[1,2],[-1,3],[0,2],[2,3],[-2,5],[0,4],[-2,2],[-1,4],[0,1],[1,-1],[1,-4],[3,1],[1,4],[2,3],[0,1],[-2,4],[-2,1],[-2,-2],[-3,1],[-2,1],[0,-1],[-7,-2],[-6,-3],[-6,-8],[-6,-6],[10,5],[5,1],[2,1],[-17,-7],[-2,-2],[-2,-1],[10,9],[6,8],[5,3],[8,3],[5,-1],[2,1],[2,-1],[3,-4],[-1,-14],[-2,-1],[0,-2],[0,-2],[-3,-4],[1,-5],[-1,-2],[-2,0],[0,-3],[9,-2],[-3,-21],[-7,2],[-1,-2],[-1,-1],[-1,0],[-7,2],[-1,0],[-2,-15],[-9,2],[-1,-7],[-3,-8]],[[74183,38063],[2,-9],[1,5],[1,1],[1,0],[0,12],[-2,-6],[-4,-1],[1,-2]],[[74169,38019],[9,-1],[2,2],[-10,2],[-1,-3]],[[73914,38001],[8,-1],[-4,-29],[-5,-3],[2,8],[-3,14],[2,11]],[[73674,37969],[6,-1],[11,-40],[-31,6],[3,21],[-36,7],[-7,14],[8,-1],[-3,6],[15,-3],[1,7],[16,-9],[6,-1],[1,7],[2,0],[2,13],[-1,-14],[3,0],[4,-12]],[[73993,38031],[9,-10],[7,-4],[-2,-10],[-2,0],[1,7],[-15,3],[2,14]],[[72789,37980],[5,0],[5,2],[6,-1],[-1,-7],[5,-3],[-3,-17],[5,0],[5,-3],[4,-6],[4,1],[1,-1],[2,-4]],[[72827,37941],[-2,-16],[8,-1],[4,1],[1,12],[14,-3],[5,12],[4,18],[5,8],[0,7],[11,9],[-1,7],[-10,4],[2,12],[13,-3],[3,4],[-3,6],[-2,11],[-4,1],[-1,3],[2,2],[0,7],[-4,1],[2,18],[3,4],[3,1],[18,-3],[9,17],[9,5],[7,1],[5,-5],[-1,-22],[3,-13],[4,-1],[5,10],[2,0],[3,-2],[0,-7],[3,-2],[-1,-2],[-2,1],[-2,3],[-2,-12],[1,-6],[7,-4],[-1,-6],[4,-1],[-3,-9],[6,-1],[4,4],[4,-1],[4,-1],[-3,-4],[13,-7],[17,-2],[1,4],[3,1],[2,8],[4,2],[9,12],[0,3],[-2,5],[1,4],[-2,2],[1,5],[-3,8],[1,8],[3,11],[1,-1],[2,-13],[7,-9],[3,-1],[3,14],[17,5],[-1,-3],[-5,-6],[-1,-3],[8,-12],[1,-9],[2,14],[22,-4],[-7,-24],[-2,-17],[-24,4],[1,-5],[3,-3],[6,-56],[-1,-4],[0,-7],[-4,-9],[1,-8],[1,-13],[4,-2],[4,-8],[-2,7],[5,-3],[5,8],[-1,5],[11,27],[0,5],[6,6],[4,9],[10,4],[8,7],[2,5],[8,5],[2,3],[2,8],[-1,8],[8,13],[4,27],[2,2],[3,1],[11,-5],[10,-13],[2,-10],[4,1],[5,12],[4,3],[2,-1],[4,-16],[2,-2],[14,1],[2,2],[-2,10],[3,3],[7,-1],[3,-5],[2,1],[2,-2],[4,0],[1,2],[-2,12],[1,18],[-1,16],[-2,3],[-3,1],[-4,-1],[-2,1],[-4,5],[-11,-1],[-1,6],[1,4],[8,7],[2,4],[-5,6],[0,3],[16,18],[2,4],[-1,16],[2,3],[8,4],[5,-1],[7,1],[4,-2],[0,-5],[-3,-9],[1,-19],[2,-15],[1,-2],[11,-1],[2,-2],[0,-5],[-6,-8],[1,-3],[6,-3],[7,-14],[3,-10],[0,-10],[4,-7],[6,-14],[2,-1],[3,2],[3,19],[1,3],[4,1],[5,-3],[14,-16],[-2,-9],[3,-4],[14,1],[11,-7],[7,2],[5,-3],[2,1],[3,5],[-1,10],[-5,12],[0,4],[3,-1],[7,-8],[12,-28],[9,-13],[0,-8],[-2,-7],[-18,-32],[-7,-16],[-1,-8],[-4,-42],[-3,-9],[1,-17],[5,-20],[-1,-17],[-2,-10],[-15,-34],[-5,-17],[-387,-5],[-367,3],[10,26],[-3,15],[4,8],[1,17],[4,20],[6,20],[6,13],[-9,26],[16,8],[-2,15],[16,9],[15,20],[3,6],[5,1],[3,3],[7,11],[3,11],[7,2],[10,8],[7,0],[4,-4],[9,-3],[8,0],[13,-8],[4,-9],[2,-13],[-2,-4],[0,-7],[1,-2],[7,2],[2,-1],[4,-8],[3,1],[0,-4],[2,2],[2,-7],[1,4],[-2,11],[4,5],[-1,7],[2,4],[5,0],[5,11],[2,0],[1,-34],[2,-1],[2,12],[5,1],[-2,12],[3,12],[-6,14],[3,20],[1,0],[-1,1],[5,31],[9,6],[8,-1],[-1,-9],[30,-5],[-2,-10],[-5,1],[0,-2],[12,-3],[0,-3],[-8,1],[-1,-7],[4,0],[1,-3],[-2,1],[0,-4],[2,0],[-1,-6],[-2,0],[-4,-2],[-5,0],[0,-2]],[[72789,37980],[-3,2],[-3,10],[-4,0],[-1,-5],[1,-4],[-3,-6],[1,-3],[-3,6],[2,-7],[8,-1],[3,-3],[2,11]],[[72915,38022],[4,8],[5,13],[-3,1],[-8,-19],[2,-3]],[[73777,38037],[3,-4],[-2,-2],[-3,4],[2,2]],[[73778,38040],[-8,11],[1,2],[3,-5],[2,2],[5,-7],[-3,-3]],[[73806,38078],[19,-11],[2,-3],[5,2],[-2,-14],[-3,-2],[-24,4],[1,8],[9,-1],[1,4],[0,4],[-10,5],[2,4]],[[73820,38099],[0,5],[-2,0],[0,3],[6,-1],[-1,-8],[-3,1]],[[73794,38106],[10,-2],[0,-8],[-11,2],[1,8]],[[72827,37941],[0,5],[3,0],[0,-5],[-3,0]],[[73302,38061],[-3,-20],[-9,2],[3,20],[9,-2]],[[74091,38179],[-8,-19],[3,-1],[-4,-6],[-1,-4],[-6,-6],[-2,1],[4,24],[-55,-16],[-1,-4],[-6,1],[-1,-5],[-15,2],[4,6],[-1,11],[3,21],[-1,1],[2,18],[2,1],[3,16],[48,-10],[-5,-31],[30,9],[9,-7],[-2,-2]],[[73262,38061],[1,8],[12,-2],[-1,-8],[-12,2]],[[72987,38052],[0,1],[8,-1],[0,-2],[-8,2]],[[73296,38117],[-1,-1],[0,2],[-3,0],[1,9],[9,-2],[-1,-6],[-5,0],[0,-2]],[[72990,38075],[1,3],[-5,1],[2,15],[11,-2],[2,2],[5,-1],[-1,-6],[-12,0],[-2,-9],[7,-1],[0,-3],[-8,1]],[[72806,38066],[1,4],[-8,1],[-3,-16],[10,-2],[-1,-4],[-13,2],[0,3],[-4,1],[0,3],[-6,2],[2,10],[12,15],[-3,4],[-3,-2],[3,10],[1,2],[4,-1],[1,7],[0,6],[-1,0],[2,13],[-7,2],[3,20],[1,0],[2,1],[8,-4],[-7,-52],[11,-2],[-2,-16],[9,-1],[0,-4],[2,-1],[5,-1],[1,13],[6,-1],[0,-3],[21,-3],[3,22],[-19,4],[-2,2],[5,34],[13,-2],[-1,-7],[6,-1],[2,-4],[1,-1],[0,-5],[11,-2],[0,-4],[2,0],[0,-1],[8,0],[-2,-22],[-4,1],[0,-4],[5,-1],[-1,-7],[-2,0],[-1,-5],[-5,1],[-1,-2],[-4,-24],[-21,4],[-2,-5],[-11,0],[-2,-12],[2,0],[-1,-2],[4,-1],[-3,-19],[-2,-5],[-2,0],[-3,-18],[1,-1],[0,-1],[0,-2],[-1,1],[-1,-5],[5,-1],[0,-2],[-4,1],[0,-3],[-3,1],[-3,6],[-13,3],[5,33],[-5,3],[5,34],[-1,0],[1,5],[4,0],[1,4],[-11,4]],[[73011,38125],[-1,-11],[-37,7],[2,7],[9,0],[6,-2],[11,-1],[2,1],[8,-1]],[[73356,38188],[0,2],[3,0],[1,-12],[-2,-1],[-6,4],[2,2],[-2,4],[4,1]],[[72891,38118],[0,-5],[-6,1],[1,5],[-4,0],[0,5],[-4,1],[1,5],[29,-5],[0,-8],[-7,1],[-2,-2],[-8,2]],[[73016,38137],[-7,1],[-1,-4],[-4,1],[2,17],[16,-3],[-1,-7],[-7,1],[-1,-4],[4,0],[-1,-2]],[[72996,38142],[-2,0],[-2,-6],[-9,2],[0,8],[-3,1],[0,4],[4,-1],[1,7],[3,-2],[6,0],[-1,-7],[1,-1],[3,-1],[-1,-4]],[[72900,38133],[-3,2],[-29,4],[0,-2],[-2,1],[1,6],[29,-5],[1,6],[10,-1],[-1,-7],[4,0],[-1,-4],[-3,0],[0,-1],[-6,1]],[[72839,38140],[-6,-42],[1,-2],[-10,1],[1,5],[-6,1],[4,39],[-7,2],[3,18],[1,3],[3,-6],[3,-1],[7,0],[-7,3],[-6,5],[5,6],[12,-6],[-3,-5],[5,0],[1,-4],[-2,-2],[-1,-6],[2,-9]],[[73385,38221],[-7,1],[-1,3],[-6,2],[0,8],[-4,1],[1,8],[8,-3],[-3,-8],[12,-6],[6,-6],[-2,0],[-1,-3],[-4,1],[1,2]],[[72959,38171],[7,-1],[-1,-6],[-6,1],[-1,-6],[-2,0],[0,-2],[-4,1],[2,17],[5,-4]],[[72807,38145],[-8,4],[-5,-2],[-5,0],[-2,3],[6,4],[17,7],[-3,-16]],[[72967,38184],[-8,0],[1,8],[-9,2],[6,49],[8,0],[-5,-37],[5,-7],[3,4],[1,-1],[-2,-18]],[[72827,38196],[-1,-5],[5,0],[-1,-4],[-12,3],[-9,15],[2,4],[5,-4],[2,-7],[9,-2]],[[72856,38196],[5,26],[7,-2],[-3,-10],[7,-2],[-3,-9],[-4,-1],[-4,-8],[-1,0],[-1,5],[-3,1]],[[72846,38198],[1,-16],[-5,-2],[-1,3],[-5,0],[-1,12],[-6,1],[3,27],[4,0],[0,4],[8,-1],[-1,-8],[8,-2],[-3,-18],[-2,0]],[[72772,38200],[-13,-5],[-2,5],[12,4],[21,2],[4,-1],[8,-6],[-5,-11],[-5,0],[-8,8],[-7,5],[-5,-1]],[[72699,38198],[15,19],[0,4],[5,0],[0,-1],[10,-2],[-2,-16],[-3,1],[0,-10],[-1,-6],[3,-1],[-3,-7],[-3,0],[-1,-6],[4,-1],[-4,1],[-3,-7],[0,-8],[-43,8],[0,6],[-31,6],[-3,12],[0,11],[-4,4],[10,-2],[-9,27],[3,20],[10,-2],[1,7],[8,-2],[5,-4],[0,-3],[1,-1],[6,-1],[8,-11],[17,-10],[-2,-14],[-5,-5],[0,-4],[2,-6],[1,-8],[3,0],[5,12]],[[72797,38217],[-1,-3],[-4,1],[3,6],[-2,3],[-2,1],[1,10],[23,-4],[-1,-5],[-12,2],[0,-12],[-5,1]],[[72778,38253],[-2,-13],[5,-3],[-2,-18],[-6,0],[-1,-4],[-4,1],[6,38],[4,-1]],[[72635,38221],[1,5],[6,-20],[-7,1],[2,13],[-2,1]],[[72653,38284],[5,-29],[-6,2],[-11,-1],[-2,4],[-1,-3],[-3,-2],[4,30],[4,12],[4,2],[7,-6],[-1,-9]],[[72603,38939],[-8,1],[-5,14],[-1,7],[6,11],[8,8],[-2,1],[5,12],[1,7],[-1,30],[5,-2],[6,-22],[0,-11],[4,1],[1,-13],[2,0],[-1,13],[4,0],[0,14],[4,2],[4,9],[-14,9],[-1,3],[-5,0],[-1,18],[5,-1],[0,-13],[22,-14],[18,-8],[-7,-22],[2,-1],[6,1],[-1,4],[2,1],[18,3],[1,-11],[-4,-1],[0,-4],[-13,-2],[0,-5],[-6,-1],[0,-4],[-4,0],[0,4],[-5,0],[0,6],[5,0],[1,3],[3,1],[0,4],[-3,-1],[-14,7],[-8,-1],[1,-24],[-20,-2],[0,9],[-3,0],[1,-4],[-5,-2],[-2,-17],[-1,0],[-1,-3],[-1,-6],[4,-2],[-2,-6]],[[72581,38972],[0,8],[-7,1],[1,5],[17,-3],[1,8],[10,-1],[-1,-5],[-14,-14],[-7,1]],[[72657,39049],[13,8],[7,4],[0,-15],[-8,-1],[0,-2],[-9,-4],[0,3],[-3,7]],[[72686,39052],[-7,-2],[-1,12],[1,0],[7,-10]],[[72706,39063],[1,-2],[-4,-4],[-2,2],[0,-3],[-4,-3],[-2,1],[0,-3],[-4,-3],[-9,13],[4,4],[5,1],[2,2],[-1,2],[2,3],[6,3],[3,-3],[0,1],[-2,2],[7,8],[10,-14],[-4,-3],[-2,1],[0,-3],[-3,-3],[-3,1]],[[72597,39032],[-10,2],[2,14],[-10,2],[-1,-7],[-8,2],[3,20],[16,-5],[0,-4],[5,-1],[-2,-14],[4,-1],[1,-8]],[[72724,39085],[-7,-9],[-4,4],[6,11],[-1,1],[20,22],[5,-7],[-8,-12],[-11,-10]],[[72634,39115],[1,-6],[11,-24],[-16,-10],[0,7],[-6,0],[0,-11],[-2,0],[1,-4],[6,1],[0,-7],[-6,-1],[0,5],[-7,-1],[-1,7],[-2,0],[0,20],[6,1],[-1,18],[4,0],[1,-8],[2,0],[0,-4],[-3,0],[0,-6],[6,0],[1,3],[-1,20],[6,0]],[[72745,39129],[5,-7],[-6,-13],[-9,11],[10,9]],[[72710,39153],[17,19],[6,-7],[-9,-9],[6,-8],[-5,-6],[-2,3],[-4,-4],[-9,12]],[[72973,39227],[-4,-3],[-1,-14],[1,-8],[-6,-9],[-9,14],[1,9],[-9,8],[-3,-8],[1,-7],[-5,0],[-4,10],[-9,8],[-7,-19],[-4,7],[-3,0],[4,26],[34,-7],[7,43],[37,-7],[-12,-32],[-9,-11]],[[73838,40099],[8,-14],[-3,-14],[7,-19],[0,-8],[-5,-14],[0,-9],[2,-6],[6,-6],[5,-8],[10,-26],[4,-22],[0,-9],[-82,17],[-20,-125],[-88,19],[11,74],[-17,4],[7,49],[-7,17],[5,7],[11,2],[4,6],[-6,12],[-3,12],[-3,0],[-8,-5],[-3,-6],[-4,2],[-4,-3],[-6,0],[-11,-3],[-8,2],[-1,14],[-4,10],[-5,4],[-6,18],[-8,12],[-5,13],[0,33],[2,19],[6,17],[7,11],[12,15],[-3,26],[6,17],[6,7],[9,6],[13,-2],[7,2],[17,2],[4,8],[14,8],[6,15],[23,20],[6,10],[16,16],[16,9],[3,0],[11,-17],[6,-17],[8,-12],[5,-6],[11,-9],[5,-9],[4,-3],[3,-7],[-2,-8],[-6,-15],[-3,-2],[-12,-2],[-5,-4],[-11,-33],[1,-4],[9,-9],[2,-13],[-4,-15],[1,-14],[5,-9],[17,-15],[12,-13]],[[73536,40573],[17,0],[8,1],[5,3],[8,29],[-2,11],[3,3],[6,3],[6,-3],[1,-2],[2,-7],[-1,-13],[1,-5],[2,-2],[12,-5],[7,-6],[10,-4],[8,-1],[6,1],[-10,-82],[-8,-1],[-6,29],[0,16],[-4,11],[-4,3],[-14,5],[-8,0],[-26,-22],[-5,-12],[-5,-6],[-8,-3],[-3,-2],[-2,-7],[2,-13],[3,-8],[6,-11],[1,-5],[-4,-6],[-16,-16],[-14,-9],[-11,-2],[-9,2],[-130,-72],[-4,10],[-9,-5],[1,-3],[-4,-1],[-5,-13],[-1,-13],[-14,-7],[-2,-13],[-14,3],[1,10],[-13,16],[-3,32],[-37,-21],[-6,17],[-9,-9],[-12,-8],[-4,-5],[-25,5],[8,55],[5,0],[7,4],[14,27],[5,4],[3,9],[-4,7],[0,3],[4,0],[4,-1],[8,5],[1,3],[0,5],[3,4],[-2,2],[1,6],[-10,25],[22,13],[1,13],[-33,83],[56,30],[26,-67],[23,-4],[-1,-6],[100,-20],[4,27],[16,-2],[9,13],[-13,19],[-13,14],[0,21],[7,5],[10,-9],[28,-6],[16,-26],[89,22],[-7,-8],[-13,-8],[-4,-6],[-4,2],[-15,0],[-4,-4],[-2,-25],[-6,-13],[-3,0],[-3,2],[-12,-2],[-1,-2],[12,2],[2,-1],[-11,-7],[1,-3],[12,8]],[[73610,40594],[-9,4],[-2,6],[3,12],[-1,-11],[3,-3],[3,1],[5,-12],[4,-3],[21,4],[-2,-11],[-6,0],[-13,5],[-3,2],[-3,6]],[[73546,40590],[2,18],[1,5],[3,3],[13,0],[6,-2],[1,-7],[-8,-29],[-4,-2],[-7,-1],[-12,1],[5,14]],[[73629,40577],[-17,5],[-7,6],[-14,6],[-1,25],[-2,3],[-5,2],[6,5],[6,7],[6,-18],[0,-6],[-3,-8],[3,-7],[8,-4],[3,-6],[4,-2],[13,-5],[6,0],[0,-2],[-6,-1]],[[73607,40604],[-4,0],[0,10],[1,-1],[3,-9]],[[74055,40736],[1,-15],[-4,-7],[26,-5],[-6,-44],[-9,1],[-14,-1],[-19,-9],[-9,5],[-10,2],[-18,7],[0,2],[20,2],[0,1],[-8,2],[4,2],[-12,8],[-6,7],[17,128],[9,17],[8,23],[5,7],[17,32],[7,24],[15,11],[24,43],[5,3],[7,0],[4,-2],[2,2],[4,33],[28,-5],[-8,-64],[11,-3],[6,-4],[5,-9],[7,-16],[8,-1],[0,-14],[3,-10],[0,-5],[-3,-3],[-1,-13],[-6,1],[0,-15],[-1,-5],[-7,-1],[-6,4],[-3,-6],[13,-16],[7,-6],[-6,-10],[5,-9],[-2,-21],[-13,3],[-5,-41],[-51,9],[-2,2],[-7,-1],[-15,-10],[-2,-3],[-8,-5],[-7,-2]],[[74067,40937],[-14,-10],[-7,-25],[-6,-11],[-20,4],[6,50],[41,-8]],[[77283,27256],[-1,-2],[1,-1],[3,3],[1,-1],[-17,-28],[0,-3],[-9,-13],[5,-4],[5,8],[3,-3],[-11,-15],[-8,4],[-9,9],[-15,12],[6,9],[11,-9],[1,2],[4,-4],[6,9],[-8,5],[-2,-3],[-7,6],[26,41],[5,-4],[-2,-4],[1,-3],[-3,-4],[4,-3],[3,4],[4,-3],[-1,-1],[4,-4]],[[77283,27246],[9,12],[0,3],[-3,3],[-2,-4],[-5,5],[1,1],[-14,13],[2,3],[40,-35],[5,-9],[-2,-4],[-2,2],[-4,-7],[-9,8],[-3,-3],[-13,12]],[[77296,27305],[-4,-8],[-7,6],[5,8],[4,-3],[2,-3]],[[76374,27953],[25,23],[11,6],[36,6],[35,12],[26,5],[18,7],[15,2],[21,7],[7,0],[-4,-28],[-55,10],[-15,-81],[-125,24],[5,7]],[[77416,28324],[12,-16],[6,-11],[-5,-3],[-4,10],[-9,13],[-7,11],[5,4],[-2,5],[12,6],[1,-1],[6,2],[12,-4],[-1,-1],[-7,1],[-6,-5],[-1,1],[2,1],[-3,3],[-3,2],[-2,-2],[-8,-9],[2,-7]],[[75527,28523],[8,21],[5,8],[5,4],[18,1],[6,1],[7,14],[6,1],[4,2],[6,8],[1,6],[11,21],[14,13],[6,9],[10,10],[2,8],[4,5],[8,4],[2,18],[35,-7],[30,-11],[26,-6],[18,-16],[1,-14],[3,-4],[6,-1],[3,-5],[8,-5],[31,-6],[17,0],[16,-3],[14,2],[5,3],[1,10],[-2,15],[-8,10],[-10,21],[-3,9],[0,12],[9,5],[0,17],[2,7],[15,8],[28,-20],[-13,-25],[29,-22],[19,36],[32,-24],[11,20],[32,-23],[-95,-169],[-9,-74],[-2,2],[-9,2],[-9,-1],[-4,-4],[-4,-7],[-22,-27],[14,-9],[28,-14],[-3,-31],[47,-6],[103,-140],[115,11],[-8,-40],[-6,-43],[6,3],[9,0],[20,-11],[17,-4],[21,4],[13,8],[11,1],[11,-1],[14,-6],[11,0],[-10,-85],[2,-2],[50,-9],[-7,-50],[-288,56],[-10,6],[-1,13],[6,11],[0,6],[-2,4],[-9,8],[-7,-4],[-6,0],[-4,-5],[-3,-1],[0,-5],[-3,-5],[-6,-6],[-10,-3],[-9,1],[-8,3],[-9,9],[-11,3],[-6,6],[-7,1],[-7,-1],[-11,4],[-10,-1],[-11,8],[-7,-2],[0,-9],[-3,-2],[-8,9],[-6,1],[-6,9],[-7,3],[-2,10],[-28,20],[-28,32],[-11,14],[-5,-1],[-5,10],[-4,1],[-5,8],[2,17],[-2,4],[-4,5],[-11,16],[-11,8],[3,13],[-2,8],[-8,18],[2,6],[6,11],[9,12],[-7,-2],[-5,1],[-18,9],[-5,-5],[-22,-2],[-10,-9],[-5,-2],[-9,4],[-10,-4],[-3,0],[-1,1],[1,4],[-86,19],[0,5],[-16,11],[-9,9],[-1,11],[-15,15],[-4,7],[0,8],[2,20],[-4,5],[-1,7],[7,17],[4,30],[-3,12],[-1,10],[5,7],[-2,11],[5,5],[0,16],[3,10],[-3,3],[4,3]],[[76448,29686],[-10,-48],[-6,2],[-13,-30],[-4,-16],[-2,0],[-6,-42],[4,-1],[2,-4],[-1,-50],[-15,5],[-11,19],[6,33],[-22,4],[-2,-10],[-9,2],[-13,-70],[9,-2],[-8,-40],[38,-8],[-45,8],[-7,-46],[-12,-18],[-23,-26],[-6,-34],[0,-10],[-4,-4],[-13,2],[-3,-19],[-15,-8],[-3,-18],[-7,-4],[-24,-5],[-15,-7],[-20,-13],[-56,-30],[-8,-7],[-1,-11],[4,-34],[0,-18],[-3,-23],[-13,-55],[-4,-25],[0,-23],[2,-11],[9,-19],[11,-18],[18,-19],[3,-6],[0,-9],[-23,-41],[7,-14],[14,-12],[6,-11],[0,-5],[-3,-6],[-11,-6],[-37,-7],[-60,-15],[-12,-5],[-20,-10],[-13,-3],[-12,-6],[-11,-9],[-21,-2],[-8,-4],[-13,-15],[-7,-10],[-15,-14],[-12,-20],[-26,19],[7,9],[2,5],[10,0],[9,7],[29,44],[13,13],[18,11],[38,9],[18,17],[15,19],[9,14],[3,21],[2,6],[4,6],[6,4],[13,2],[14,5],[5,4],[3,13],[4,1],[-1,12],[1,18],[-7,24],[-5,6],[-6,20],[1,7],[-2,10],[3,12],[0,25],[-1,9],[-5,10],[8,5],[2,5],[4,0],[5,5],[1,8],[5,7],[-1,2],[-5,6],[7,10],[2,7],[-2,12],[0,12],[-3,18],[-2,8],[1,8],[9,9],[1,8],[10,4],[12,10],[7,-3],[3,1],[17,13],[7,1],[7,6],[12,1],[10,8],[5,8],[10,7],[4,1],[3,-1],[7,-6],[11,6],[1,6],[-4,5],[-1,16],[7,11],[17,17],[2,6],[0,14],[-6,24],[0,6],[4,21],[3,7],[9,8],[8,11],[4,10],[1,12],[3,11],[6,4],[11,14],[14,27],[13,12],[7,22],[7,14],[27,39],[12,29],[10,19],[6,2],[10,-2],[9,3],[5,4],[5,8],[21,51],[4,3],[17,5],[8,5],[13,21],[3,3],[8,17],[6,6],[5,3],[-8,-12],[-7,-19],[-5,-8],[-7,-8],[-13,-10],[-17,-24]],[[76894,29403],[-10,13],[9,8],[4,1],[-3,-22]],[[76765,29761],[-1,10],[-12,-2],[-7,5],[-3,7],[2,7],[-8,3],[-4,-7],[0,-14],[9,-11],[-1,-6],[1,-8],[-12,-7],[-2,-13],[-31,7],[10,61],[11,9],[7,2],[3,6],[-1,6],[6,12],[6,4],[7,9],[15,9],[19,-2],[6,-3],[10,-16],[-1,-10],[5,-16],[6,-6],[18,-27],[22,-9],[14,-13],[4,-6],[6,-19],[-9,-26],[-14,1],[-11,3],[-7,6],[-7,3],[9,54],[-48,11],[-2,-12],[-2,1],[-3,-4],[-10,1]],[[76624,29775],[15,18],[7,4],[15,0],[0,3],[12,-3],[-21,-15],[-13,-6],[-15,-1]],[[76630,29807],[19,-4],[-9,-5],[-15,-17],[5,26]],[[77631,30071],[-2,-5],[-12,4],[1,9],[6,-2],[2,2],[4,-1],[-1,-5],[2,-2]],[[76974,30013],[-11,1],[-11,-15],[-5,-2],[-1,-6],[-2,-2],[-4,-3],[-15,-2],[-7,-8],[-11,-4],[-15,-15],[-4,-2],[-4,-14],[-10,-14],[52,-12],[2,14],[23,-20],[35,-8],[-10,-6],[-2,-11],[-6,-14],[-1,-14],[-4,-17],[2,-8],[25,-20],[3,-3],[-1,-3],[-4,-1],[-4,0],[-18,10],[-4,-7],[-4,-4],[0,-6],[-3,-3],[-7,-7],[-1,-5],[-4,1],[-4,-9],[-4,-2],[-5,3],[-2,11],[-26,5],[-7,-41],[-8,2],[-8,-29],[-7,1],[-5,21],[-19,20],[-23,9],[-10,17],[-13,14],[-2,12],[1,12],[-3,9],[-16,20],[-12,4],[-10,-2],[-7,-9],[-14,-9],[-10,-11],[-13,-24],[-5,-6],[-10,-6],[-2,2],[-12,3],[-9,0],[-4,-2],[-12,3],[0,1],[-33,6],[-5,-28],[-18,-8],[-25,1],[-12,11],[-10,3],[-43,-7],[-3,1],[-7,-1],[-11,2],[6,38],[47,-30],[5,26],[15,-2],[16,4],[12,5],[31,19],[15,-3],[32,5],[14,7],[16,11],[8,30],[30,8],[4,12],[1,17],[-1,9],[4,10],[9,6],[8,10],[21,13],[4,8],[4,14],[24,4],[8,6],[8,4],[3,7],[13,17],[8,6],[9,14],[4,11],[2,34],[7,16],[29,23],[6,8],[5,11],[2,14],[5,6],[15,-6],[20,-2],[6,4],[2,4],[0,7],[-5,8],[3,3],[2,0],[2,5],[-10,3],[-6,4],[3,0],[14,14],[6,-3],[15,8],[7,7],[12,8],[27,12],[10,7],[7,3],[4,5],[23,2],[11,16],[7,3],[3,19],[16,-3],[1,7],[14,9],[14,-4],[2,4],[8,4],[21,18],[5,7],[-1,10],[10,5],[13,24],[12,11],[12,20],[0,7],[14,8],[9,8],[5,11],[7,7],[5,13],[10,11],[11,18],[1,11],[10,10],[6,40],[4,14],[8,15],[10,11],[5,0],[4,4],[-5,-27],[-12,-22],[-3,-12],[-3,-26],[-9,-23],[-2,-17],[1,-25],[-3,6],[-15,7],[3,18],[-12,-43],[4,-12],[8,-6],[3,-4],[3,-10],[0,-13],[30,-6],[0,-7],[4,-1],[-2,-12],[2,0],[0,-7],[16,-3],[7,-18],[15,-3],[2,17],[4,-1],[1,8],[-2,1],[2,13],[18,-31],[2,-13],[4,-8],[4,-1],[8,-5],[-3,-5],[3,-2],[-1,-1],[-8,-2],[-1,-3],[4,0],[0,-8],[8,-19],[-1,-5],[-3,-2],[-9,3],[-5,-1],[-2,-8],[3,-2],[14,-2],[1,-2],[-4,-4],[-6,1],[0,-7],[-1,-1],[-7,10],[-20,3],[-1,-9],[11,-11],[-3,1],[-1,-9],[3,-3],[14,-3],[-8,-4],[0,-3],[-10,7],[0,-6],[-11,3],[-6,-42],[-1,1],[-3,7],[0,3],[2,5],[-14,13],[-3,-6],[-13,2],[2,-10],[6,-10],[-11,2],[1,7],[-8,2],[1,11],[-3,0],[-3,-4],[-3,0],[-3,7],[2,14],[37,27],[-3,18],[-36,-2],[0,-3],[2,-2],[0,-3],[-6,-3],[2,-2],[7,-1],[-1,-5],[-46,-21],[-5,1],[0,-3],[5,0],[3,-2],[2,-6],[5,-8],[8,-3],[9,0],[5,3],[-5,-41],[-55,10],[1,5],[-2,3],[1,9],[-4,8],[-4,-4],[0,-7],[-3,-12],[-57,11],[-11,-1],[-25,-7],[-6,0],[1,-13],[-1,-12],[3,-7],[0,-13],[3,-4],[11,-6],[8,-10],[7,1],[12,3],[5,-2],[-1,-5],[-3,-7],[2,-8],[-4,-2],[-2,-4],[-2,0],[-5,-6],[-2,6],[-5,1],[-8,4],[-11,2],[-15,-2],[-17,-10],[-7,3],[-2,6],[5,19],[13,84],[-46,9],[-6,-41],[-8,1],[-7,-12],[-12,-6],[-3,-19],[-30,6],[-5,-26],[-14,-13],[12,-3],[1,-2],[0,-5],[-8,-44],[-12,2],[-6,-44]],[[76829,29938],[6,5],[28,14],[22,15],[1,4],[-2,19],[-6,-9],[-10,2],[-56,-47],[-5,-28],[32,-7],[-31,7],[5,27],[16,-2]],[[77251,30237],[10,-1],[-3,19],[-4,4],[-6,-3],[-6,-6],[0,-3],[9,-10]],[[76975,30174],[3,-17],[-1,-4],[4,-1],[-2,22],[2,4],[2,0],[12,15],[-10,3],[-3,-6],[-4,-5],[-3,-11]],[[77695,30092],[-4,9],[-7,0],[0,9],[4,0],[-2,11],[-20,47],[1,16],[7,-1],[0,-14],[4,-8],[1,-18],[4,-3],[-1,-2],[2,0],[3,-4],[3,1],[-1,-2],[0,-2],[5,0],[-1,-2],[8,0],[5,-3],[-1,-5],[-1,0],[0,4],[-6,2],[-4,0],[-7,-3],[2,-11],[5,-10],[10,-7],[5,10],[5,15],[2,0],[-1,6],[3,-7],[3,-4],[3,-1],[3,1],[4,-5],[6,2],[11,-13],[-2,-2],[0,-5],[2,-2],[-3,0],[2,-6],[-2,-2],[-2,1],[-4,-2],[-4,-3],[-1,2],[-12,4],[-2,-1],[-11,2],[-5,1],[-5,4],[-3,-3],[-2,2],[1,2]],[[77399,30561],[-4,5],[-2,-13],[3,-5],[-3,1],[-2,-7],[9,-10],[-4,-7],[-6,3],[-5,-30],[-5,1],[-5,4],[-5,-3],[-1,-7],[1,-3],[8,-1],[1,3],[11,-1],[0,-2],[4,-1],[1,0],[-7,-9],[-1,-9],[3,-6],[-15,-3],[-1,-5],[-4,0],[-5,-11],[-9,-8],[-12,-4],[-3,-16],[-6,8],[-2,-5],[-11,19],[-6,23],[2,38],[5,12],[3,14],[1,18],[3,9],[3,14],[13,23],[2,26],[3,2],[7,-3],[14,23],[7,8],[1,5],[10,3],[8,11],[15,12],[5,13],[2,1],[3,5],[3,1],[1,5],[3,3],[12,8],[6,-1],[6,2],[7,-1],[2,5],[0,28],[4,0],[4,5],[12,6],[7,7],[5,7],[0,10],[6,9],[4,16],[1,21],[5,10],[-5,30],[-3,6],[0,10],[-3,23],[-4,0],[-4,4],[-4,1],[-1,3],[3,6],[3,3],[2,9],[1,19],[3,3],[3,8],[0,8],[9,5],[8,22],[11,21],[4,12],[10,14],[6,6],[15,39],[0,22],[-7,15],[-10,27],[6,13],[-12,23],[-3,18],[20,24],[17,8],[7,10],[7,14],[9,33],[13,17],[12,23],[8,8],[-1,-9],[-4,-9],[-1,-11],[-8,-27],[-5,-10],[-2,-17],[2,-21],[-2,-11],[6,0],[7,15],[8,13],[11,13],[7,12],[4,4],[11,4],[-21,-56],[-6,-36],[51,-11],[1,-5],[-1,-1],[0,-7],[5,-19],[-38,-6],[-6,-45],[11,0],[7,-6],[-2,-6],[-10,2],[-2,-6],[2,0],[-1,-3],[26,-6],[1,4],[9,-4],[-1,-2],[-8,1],[-2,-16],[-10,11],[-3,-15],[-5,-1],[-8,14],[-14,9],[0,3],[8,-1],[0,4],[-26,6],[-8,-56],[9,-2],[1,10],[4,2],[-1,-5],[8,-4],[-1,-6],[4,-1],[-6,-1],[12,-14],[-6,4],[0,-2],[-1,1],[-4,9],[-6,1],[-7,-2],[-3,-12],[21,-2],[0,-8],[-6,3],[-1,-16],[-23,4],[-2,-10],[38,-7],[-1,-11],[-38,2],[-59,-7],[-6,-1],[-11,-8],[-8,-14],[-5,-28],[-1,-10],[3,-12],[3,-7],[6,-28],[9,-26],[-7,-18],[-2,-22],[5,-18],[25,-4],[0,5],[11,-2],[1,-6],[-5,-40],[-3,1],[0,3],[-5,1],[-2,-10],[9,-2],[-1,-6],[-2,-13],[-3,-1],[-2,-3],[1,-5],[3,-1],[0,-2],[-3,0],[-3,-3],[1,-3],[4,-1],[-8,-46],[-4,1],[0,7],[-7,2],[-9,6],[-6,-4],[0,-7],[-2,-4],[2,-7],[7,-2],[-1,-7],[-2,1],[-3,-10],[8,-9],[-2,-3],[1,-2],[-1,-2],[-5,5],[-4,-6],[-15,-1],[0,-16],[2,-3],[1,-4],[-2,-2],[7,-3],[-4,-12],[-88,15],[-2,11],[-9,-3],[-2,1],[-5,-7],[-6,0],[0,-6]],[[77484,30626],[1,11],[-12,2],[1,7],[-43,8],[-23,-36],[11,-14],[12,19],[10,-2],[29,2],[7,-3],[7,6]],[[77763,31098],[-2,1],[1,4],[-5,1],[0,2],[3,-1],[1,2],[1,0],[-2,8],[6,22],[-5,20],[2,5],[5,-1],[4,-6],[1,-9],[8,1],[1,-6],[-8,-1],[-1,-3],[1,-7],[2,-1],[2,-4],[3,0],[3,-11],[-4,-15],[4,-5],[-5,-19],[-12,3],[-2,-3],[-3,1],[0,4],[-1,0],[0,7],[-2,0],[2,5],[-2,0],[0,4],[4,-1],[0,3]],[[77929,31415],[2,-1],[-2,-4],[4,-2],[0,-8],[2,-1],[-3,-8],[-35,7],[-3,6],[10,11],[6,0],[8,8],[5,-4],[2,3],[3,-3],[3,-1],[-2,-3]],[[78320,32313],[-5,-8],[-9,-7],[-13,-3],[-15,-1],[-9,-6],[-7,-9],[-3,-12],[1,-10],[7,-13],[2,1],[7,-5],[8,-1],[0,-4],[10,0],[6,3],[7,0],[30,-3],[5,-2],[5,-6],[4,-6],[0,-7],[-2,-9],[-3,-5],[-18,-18],[-5,-5],[3,-1],[-15,-19],[-5,-4],[-14,-14],[-13,3],[-40,-19],[-17,-6],[-2,-1],[-9,-18],[8,-4],[-1,-7],[2,-16],[2,1],[47,-17],[9,2],[0,-1],[8,1],[-1,-2],[-7,-1],[-3,-7],[3,-13],[-1,-10],[-6,-6],[-6,1],[-6,-7],[-3,-12],[-4,-11],[3,-14],[-2,-14],[-7,-1],[-1,7],[2,17],[-1,6],[-6,-2],[3,-11],[-1,-7],[-2,1],[-5,10],[-5,-1],[-10,-20],[-5,-25],[-5,-4],[-3,-6],[0,-7],[-5,-11],[-3,-5],[-6,-3],[-8,0],[-27,-31],[-15,-9],[-3,-7],[-5,-17],[-5,-3],[-11,-2],[-15,-14],[-4,-1],[-17,0],[-6,-3],[-8,-11],[-8,1],[-13,-30],[-2,-9],[1,-14],[-10,-30],[-9,-7],[-26,-13],[-7,-7],[-2,-7],[1,-3],[7,-11],[0,-2],[-8,-10],[-5,-8],[-4,-4],[-9,-2],[-7,-6],[-8,1],[-3,-22],[-4,0],[-2,-14],[-5,-7],[2,-9],[-9,-12],[1,-6],[3,-2],[5,-1],[2,-3],[4,-1],[-6,-17],[-1,-11],[-4,-11],[-10,-10],[-8,-2],[-17,-22],[-2,-15],[-1,-2],[-22,-9],[-6,-11],[1,-3],[-6,-7],[-3,0],[-14,-15],[0,3],[-9,-7],[-11,-5],[-6,-7],[-16,4],[-5,-6],[-11,-6],[-5,-7],[-10,-6],[-15,-12],[-13,3],[-2,-9],[-1,3],[-3,1],[-3,-4],[0,-6],[4,-5],[-4,1],[-8,-9],[-16,-6],[-3,-24],[-3,0],[-2,-5],[0,-5],[3,0],[3,-10],[19,-9],[-66,16],[-1,-7],[-3,-9],[-17,-5],[-4,-5],[-15,-20],[-17,-30],[-3,26],[3,16],[5,11],[7,26],[2,12],[13,27],[44,29],[7,16],[2,11],[4,12],[10,12],[29,15],[-6,-6],[1,-9],[5,4],[4,0],[6,6],[-8,7],[7,5],[41,39],[57,43],[6,2],[3,6],[32,24],[6,-1],[4,5],[16,10],[3,10],[5,9],[-3,14],[10,8],[4,18],[12,12],[-3,7],[7,13],[0,8],[13,27],[18,5],[-1,25],[17,23],[9,3],[5,6],[0,11],[19,26],[22,45],[6,36],[50,-9],[24,32],[13,23],[7,18],[3,24],[0,24],[-2,20],[1,11],[2,9],[4,13],[11,20],[47,61],[7,12],[4,14],[12,79],[-12,4],[-17,-1],[-10,5],[-3,7],[-1,10],[3,18],[-6,12],[-1,10],[4,8],[10,5],[33,4],[12,-2],[3,19],[-71,15],[2,15],[25,-1],[10,3],[3,2],[5,6],[2,-1],[11,9],[1,2],[4,0],[-1,-8],[15,-2],[-1,-2],[4,-1],[0,-3],[14,0],[4,6],[22,-4],[-1,-10],[0,-9],[2,0],[1,6],[6,10],[-1,4],[23,6],[16,-4],[0,2],[-4,5],[2,2],[6,-8],[8,-6],[30,-5],[5,4],[10,3],[14,-3],[5,-4],[6,-9],[-3,-3],[-6,9],[-6,1],[-6,-1],[-9,-6],[0,3],[-5,3],[-11,-10],[-23,5],[-9,0],[-16,-4],[-7,-5],[-4,-6],[-5,-10],[0,-9],[1,-2],[-1,-11]],[[78255,31984],[4,-5],[-1,-9],[-2,0],[1,5],[-2,9]],[[78263,32010],[-1,-3],[-1,-8],[-3,-1],[2,13],[3,3],[0,-4]],[[78280,32035],[-2,8],[-1,5],[2,-5],[1,-8]],[[78365,32213],[5,7],[5,-1],[-9,-17],[-1,-8],[-6,-2],[-1,-3],[-2,-7],[-4,-1],[-7,-8],[-5,6],[17,16],[6,12],[2,0],[0,6]],[[78452,32343],[9,3],[7,13],[4,4],[7,15],[-1,12],[-4,13],[0,12],[4,1],[2,11],[31,-6],[21,21],[7,18],[14,15],[33,-7],[-6,-8],[-2,-17],[-8,-13],[0,-6],[1,-8],[-2,-5],[2,-2],[-1,-2],[-5,-4],[-3,-2],[0,-4],[-2,2],[-3,-1],[-1,-6],[-4,0],[-1,-5],[-3,-4],[-3,0],[-6,3],[-2,0],[-2,-3],[-6,4],[-7,-7],[-8,-1],[-6,-14],[-7,-6],[-12,-19],[-18,-23],[-3,1],[-11,-7],[-7,4],[-3,-5],[-6,-4],[-2,0],[-3,-4],[-2,-1],[-5,1],[-2,-2],[-9,20],[2,6],[-12,10],[6,14],[-13,-2],[-3,8],[11,7],[11,0],[6,-8],[8,-8],[4,2],[14,-6]],[[78305,32485],[36,16],[34,-10],[-4,-28],[-10,2],[-6,-41],[-15,3],[-4,-30],[-6,3],[-18,4],[-5,4],[-3,4],[-1,6],[19,8],[1,25],[-3,8],[-4,5],[-24,-10],[-1,5],[5,5],[3,14],[-9,1],[4,8],[11,-2]],[[76537,32453],[6,-6],[7,-2],[-3,-15],[-19,3],[-1,14],[-11,18],[16,-3],[5,-9]],[[76390,32472],[6,-5],[4,-11],[-17,3],[1,16],[6,-3]],[[76383,32475],[-2,-15],[-17,3],[3,5],[6,5],[10,2]],[[76528,32513],[-4,-2],[-4,-16],[-12,2],[5,7],[4,21],[-1,7],[6,2],[6,-21]],[[76263,32482],[-5,5],[-3,0],[-4,-8],[-4,-3],[-8,8],[-2,4],[10,19],[9,-2],[16,0],[11,3],[6,-3],[4,1],[24,23],[9,-11],[-21,-25],[1,-11],[3,-9],[-46,9]],[[76387,32533],[-5,4],[2,14],[4,0],[-1,-18]],[[76483,32584],[6,36],[27,-4],[-6,-39],[-11,-5],[-16,12]],[[76419,32560],[4,1],[3,-9],[-3,-3],[-7,4],[-21,-10],[-1,-16],[-6,4],[2,20],[5,-1],[14,86],[-13,-89],[18,8],[5,5]],[[78241,32917],[0,15],[-6,21],[-12,-1],[-6,56],[31,57],[45,-12],[-13,-87],[-18,-54],[-7,-26],[-17,9],[3,22]],[[75303,32970],[-2,1],[-2,-4],[12,-6],[-2,-5],[5,-6],[-2,-2],[4,-5],[-1,-1],[4,-8],[3,1],[4,-7],[2,1],[1,-2],[-4,-2],[1,-13],[-9,-41],[2,0],[-3,-16],[4,0],[0,-24],[2,-8],[-5,-1],[1,-3],[-6,0],[-11,-9],[-7,11],[-3,0],[-4,9],[-4,6],[-16,2],[-3,-2],[-6,2],[1,11],[1,6],[-2,32],[-4,15],[-19,24],[-5,2],[2,5],[11,-5],[4,7],[14,-10],[1,2],[3,-2],[-2,13],[3,5],[-1,18],[-1,6],[4,5],[0,7],[8,19],[29,-21],[-2,-7]],[[76426,33325],[-30,-35],[-9,-35],[-3,-3],[-9,-5],[-12,-4],[-13,1],[-11,2],[-20,5],[-10,7],[-27,26],[-8,2],[-31,19],[-6,6],[0,12],[6,31],[12,33],[3,23],[1,17],[-6,12],[-14,12],[-19,5],[-10,7],[-10,26],[-8,12],[2,17],[18,30],[5,13],[7,19],[3,19],[9,7],[7,2],[41,1],[16,-2],[22,-11],[5,-8],[11,-34],[6,-7],[3,-6],[5,-4],[14,2],[12,12],[11,7],[6,4],[12,2],[44,-10],[11,-9],[10,-17],[2,-4],[-16,-30],[-38,-63],[-5,-3],[-8,-14],[1,-20],[8,-35],[2,-1],[12,-21],[-4,-12]],[[76935,34086],[-5,4],[8,13],[5,-8],[-8,-9]],[[75959,34175],[4,16],[-6,1],[3,10],[3,19],[-1,2],[2,6],[-5,1],[0,2],[3,0],[0,2],[8,5],[-7,17],[-6,-8],[-7,-12],[-2,2],[-4,10],[0,2],[-15,36],[2,7],[9,5],[-3,9],[-10,-5],[-4,4],[-3,-1],[-2,-2],[-6,6],[-2,5],[11,-1],[3,2],[11,15],[2,1],[21,-2],[8,7],[1,5],[4,-2],[6,8],[8,0],[2,-15],[11,6],[8,2],[5,-13],[3,-17],[6,3],[2,-12],[2,-20],[-3,-2],[1,-16],[-8,-2],[0,-2],[6,1],[-1,-12],[-9,-15],[1,-9],[-13,0],[-2,-3],[0,-5],[-4,-3],[-4,-8],[3,0],[0,-4],[-6,-1],[-2,-7],[1,0],[-8,-15],[-2,0],[-4,-4],[-4,0],[-5,-14],[-2,15]],[[76342,34449],[20,12],[3,-5],[-20,-12],[-3,5]],[[77866,35721],[5,7],[-2,1],[3,6],[1,8],[2,1],[0,4],[-9,2],[1,7],[1,8],[8,-2],[2,20],[-1,1],[1,8],[4,-1],[1,5],[5,-2],[0,7],[42,-8],[-10,-13],[-21,-22],[-19,-31],[-1,1],[4,7],[-2,0],[-8,-11],[1,-3],[-3,-4],[-5,4]],[[76931,35666],[7,-1],[-1,-12],[-7,3],[1,10]],[[78539,36499],[2,18],[28,-5],[-3,-18],[-27,5]],[[75249,36131],[-22,-20],[-1,2],[1,10],[-3,15],[0,5],[4,8],[9,5],[2,5],[2,1],[1,-3],[4,-1],[5,-4],[-10,-14],[0,-3],[8,-6]],[[78563,36771],[-4,0],[0,-4],[-14,3],[-1,-2],[-8,2],[0,3],[5,-1],[3,29],[5,-1],[1,5],[10,-7],[-2,-12],[5,-1],[-1,-8],[1,-1],[0,-5]],[[78516,36786],[0,12],[2,-1],[1,5],[20,-5],[-6,-37],[-23,5],[3,16],[2,5],[1,0]],[[78535,36867],[-1,13],[3,1],[0,-14],[-2,0]],[[78440,36887],[2,15],[34,4],[1,8],[9,-2],[-2,-5],[2,-22],[-42,-5],[-4,7]],[[78586,36892],[-18,4],[5,46],[22,-6],[-5,-43],[-4,1],[0,-2]],[[75546,36409],[4,-1],[-1,-5],[-4,1],[1,5]],[[78556,36937],[14,-2],[-4,-35],[-12,1],[0,3],[-2,3],[-5,1],[0,12],[-3,12],[3,2],[8,-1],[1,4]],[[75540,36433],[-3,-6],[-4,1],[2,3],[-5,3],[1,2],[-4,3],[3,6],[7,-6],[-3,-5],[6,-1]],[[77477,36845],[-2,-15],[4,-6],[8,-1],[6,5],[6,9],[20,7],[8,1],[4,-4],[0,-3],[-1,-5],[-6,-6],[-4,-23],[-3,1],[0,-5],[-5,1],[-2,-11],[5,-1],[-3,-22],[25,-3],[6,34],[2,-1],[4,21],[2,3],[7,-6],[5,-9],[1,-9],[3,-7],[-5,-3],[1,-6],[-1,-4],[2,-7],[4,-3],[10,15],[5,5],[17,21],[20,11],[33,14],[31,4],[22,7],[24,15],[1,-3],[-13,-24],[14,-46],[-8,-13],[24,0],[0,1],[5,-3],[-124,-1],[-4,-34],[-132,27],[1,23],[-17,0],[0,-20],[-35,6],[8,51],[-13,3],[-16,63],[21,-9],[2,-9],[2,-3],[13,-2],[0,-8],[9,-3],[9,-10]],[[78309,36993],[-1,-5],[-21,1],[1,5],[21,-1]],[[78287,36989],[-9,0],[0,5],[9,0],[0,-5]],[[78357,37048],[-11,0],[0,4],[11,0],[0,-4]],[[78515,37123],[-3,-12],[9,-2],[-6,-28],[-5,1],[-2,-6],[-12,2],[10,46],[9,-1]],[[78549,37105],[-2,0],[-2,-16],[1,-1],[-2,-1],[0,-4],[-1,-5],[3,-1],[0,-2],[-8,1],[1,2],[-4,1],[5,45],[1,0],[2,13],[5,-1],[3,17],[4,0],[-2,-26],[-4,-22]],[[78364,37521],[5,-6],[3,-9],[-9,-4],[-2,3],[-3,-2],[-2,2],[-1,12],[-6,5],[4,7],[2,-2],[1,1],[8,-7]],[[78345,37519],[-13,13],[-17,-3],[2,7],[0,6],[1,1],[0,4],[5,1],[-4,31],[-2,-1],[-2,2],[1,5],[23,-1],[1,-5],[-4,-2],[0,-22],[9,-10],[0,-3],[-7,-5],[5,-9],[5,-4],[-3,-5]],[[78095,37865],[5,-12],[8,-9],[5,0],[3,-22],[-9,-3],[10,-15],[-1,-4],[-3,-4],[-9,10],[-5,3],[-8,0],[-4,3],[-5,16],[-1,0],[-5,14],[-2,17],[17,9],[4,-3]],[[76646,37709],[3,21],[21,-5],[-3,-21],[-21,5]],[[76004,37609],[-5,-21],[-10,2],[8,28],[-2,0],[2,4],[-2,0],[1,3],[-4,2],[1,2],[5,-2],[3,16],[7,-3],[-1,-2],[4,-1],[0,-3],[3,-1],[-4,-16],[-3,1],[-2,-3],[-2,1],[-1,-6],[2,-1]],[[75534,37613],[5,9],[3,-8],[2,-15],[-6,-22],[0,-11],[1,-5],[10,-19],[1,-11],[-2,-6],[-5,-7],[-17,0],[-6,-3],[-1,-3],[-1,6],[1,4],[3,3],[0,-3],[2,2],[5,10],[1,11],[-2,8],[1,0],[2,30],[3,30]],[[75991,37643],[-10,-12],[-4,3],[9,11],[-4,4],[-2,-2],[-3,2],[5,6],[7,-7],[3,3],[8,-5],[-1,-5],[-8,2]],[[76001,37659],[0,2],[2,-1],[-1,-5],[6,-3],[0,-1],[-8,1],[1,4],[-5,2],[1,2],[4,-1]],[[75357,37557],[4,-2],[-1,-5],[-4,0],[1,7]],[[75413,37601],[12,-2],[3,23],[-13,-5],[-2,2],[1,10],[36,37],[2,19],[8,-2],[0,-2],[4,-2],[5,9],[11,7],[14,3],[6,-4],[9,-1],[12,6],[8,-11],[9,-6],[5,9],[2,-1],[7,14],[7,6],[0,10],[-4,16],[5,-16],[0,-10],[3,0],[0,-10],[-5,-16],[-3,1],[3,-1],[-1,-3],[-16,-25],[-6,-19],[1,-10],[-4,-6],[-6,-3],[0,-9],[-3,-14],[1,-5],[-3,-9],[2,-13],[-2,-37],[-2,-3],[-7,-4],[-10,2],[3,-1],[5,4],[3,12],[0,7],[-5,8],[2,13],[3,6],[3,24],[0,5],[-5,10],[-9,1],[-1,-9],[-11,1],[-3,-14],[-10,2],[-3,-16],[-5,5],[-10,0],[-30,-17],[-21,-4],[5,38]],[[76032,37714],[17,23],[3,-3],[5,1],[0,-4],[7,-2],[-4,-27],[-1,0],[-1,-3],[-26,15]],[[74874,38259],[-7,0],[0,5],[6,-1],[1,-4]],[[74889,38268],[-1,2],[5,-1],[-1,-8],[-4,0],[1,7]],[[74853,38266],[3,0],[-1,-4],[-2,2],[0,2]],[[74905,38265],[5,35],[2,-1],[-1,-6],[3,-1],[-4,-28],[-5,1]],[[74963,38293],[-6,4],[0,1],[-7,2],[0,-3],[-7,1],[0,-4],[-8,0],[0,4],[-5,1],[1,5],[1,1],[19,0],[8,-2],[9,-6],[-5,-4]],[[74849,38275],[-31,22],[1,6],[14,-8],[16,-13],[11,-2],[11,0],[-1,-9],[-21,4]],[[74958,38306],[-20,1],[1,7],[9,3],[5,-1],[7,-3],[-2,-7]],[[74848,38311],[0,-9],[4,-3],[-6,2],[0,10],[2,0]],[[74800,38300],[3,8],[2,-2],[-1,-11],[-9,1],[0,5],[5,-1]],[[74914,38338],[-21,-9],[-1,3],[-1,-10],[-6,1],[-3,-14],[-6,-8],[0,9],[3,2],[-3,-1],[-3,7],[-3,-2],[-6,4],[-10,-1],[2,10],[-7,0],[9,6],[0,7],[22,-4],[18,7],[3,8],[0,12],[-3,6],[1,10],[19,-4],[-4,-39]],[[77049,39372],[8,6],[2,-4],[-7,-6],[-3,4]],[[77059,39382],[-6,-4],[-3,6],[6,4],[3,-6]],[[77037,39380],[1,-2],[-12,-8],[-2,4],[2,1],[-5,9],[-2,-1],[1,0],[-1,3],[11,5],[6,-8],[-2,-3],[3,0]],[[77347,39664],[-22,4],[1,2],[21,-4],[0,-2]],[[77298,39620],[3,25],[2,4],[-1,12],[2,15],[4,8],[0,12],[1,5],[-2,8],[5,7],[0,7],[4,6],[-14,-107],[1,-5],[-4,0],[-1,3]],[[77401,39707],[-8,-52],[6,50],[-13,2],[-3,-23],[-12,3],[-7,-17],[-1,1],[7,18],[12,-4],[3,23],[-33,6],[-1,-6],[-2,0],[0,-1],[18,-3],[0,-1],[-3,0],[-1,-11],[8,-1],[0,-1],[-23,4],[1,-1],[-1,-9],[-9,1],[0,-3],[-11,2],[4,35],[69,-12]],[[77351,39705],[-1,-10],[12,-2],[1,10],[-12,2]],[[77359,39738],[-4,-20],[-8,1],[3,21],[9,-2]],[[77350,39759],[-5,-39],[-27,5],[0,16],[32,18]],[[77350,39742],[3,18],[9,3],[-3,-23],[-9,2]],[[77462,39768],[6,-2],[-1,-4],[-3,-3],[-29,8],[-5,3],[-5,8],[2,1],[11,-8],[15,-1],[7,1],[2,-3]],[[77330,39769],[16,25],[11,5],[-1,-6],[-12,-12],[-12,-25],[-5,-7],[-4,-2],[0,2],[7,20]],[[77425,39781],[-14,-1],[-25,14],[-17,1],[-12,-2],[1,7],[13,0],[23,-4],[31,-15]],[[75931,53160],[-3,-18],[-1,-4],[-8,2],[-1,-8],[-11,2],[7,43],[-25,5],[0,-3],[-3,1],[3,25],[18,-4],[4,31],[19,-4],[-6,-41],[13,-3],[-4,-5],[-2,-9],[0,-10]],[[73251,56074],[6,0],[-1,-6],[60,-10],[-11,-78],[-24,21],[-19,5],[1,6],[-2,0],[0,4],[-32,6],[-9,-66],[-8,2],[-5,-33],[-31,6],[2,20],[-25,5],[-1,-10],[-6,1],[1,11],[-13,2],[0,3],[5,-1],[2,3],[2,10],[15,-3],[0,7],[2,5],[4,0],[2,16],[-14,3],[-1,-5],[-7,2],[1,4],[2,0],[8,48],[3,0],[0,-2],[30,-6],[0,3],[7,1],[3,27],[2,1],[16,-3],[-1,-10],[7,-2],[-1,-13],[12,-2],[3,23],[3,0],[1,8],[9,-3],[-1,-4],[3,-1],[0,5]],[[68972,86466],[5,0],[0,4],[4,0],[0,-16],[8,0],[-1,-12],[4,-7],[0,-6],[-11,0],[0,-12],[-12,0],[1,-29],[-13,1],[-2,2],[-6,1],[1,22],[16,0],[-1,3],[-5,0],[0,32],[12,0],[0,17]],[[79559,35254],[18,-26],[-8,-9],[-17,25],[-1,-1],[-1,4],[5,1],[4,6]],[[79265,35261],[-3,-3],[1,-1],[-2,-2],[-12,-3],[-3,-2],[4,-10],[6,4],[5,-8],[-11,-11],[2,-2],[-1,-1],[8,-15],[-5,-2],[-19,-15],[0,-2],[-17,-12],[-37,60],[3,2],[-3,6],[13,13],[-3,7],[4,2],[-1,1],[6,2],[5,-9],[10,10],[0,1],[13,4],[26,4],[11,-18]],[[79302,35264],[10,-16],[-23,-19],[-21,33],[-9,17],[11,2],[2,-3],[1,0],[-1,3],[1,0],[4,-4],[1,0],[-2,3],[1,0],[20,-8],[-11,0],[-6,-4],[9,-13],[13,9]],[[79540,35416],[6,5],[2,-4],[2,3],[-1,1],[4,3],[1,-2],[1,1],[-1,2],[3,0],[-3,3],[4,4],[2,-3],[5,5],[7,-9],[-3,-2],[7,-10],[0,-2],[-3,-3],[-4,3],[-4,-4],[-1,1],[-12,-11],[-2,3],[-4,-2],[-1,2],[-2,-2],[1,-2],[-3,-3],[0,-3],[-3,-2],[-9,11],[1,1],[-3,3],[3,3],[-4,7],[1,1],[-1,2],[1,1],[-4,7],[-1,-2],[-4,5],[0,2],[2,1],[-6,6],[-3,5],[3,3],[-1,2],[6,5],[7,-13],[1,1],[3,-5],[-1,-1],[6,-11],[1,1],[4,-7]],[[79553,35569],[8,-14],[-14,-14],[-10,17],[16,11]],[[79547,35934],[4,-1],[-2,-7],[3,-3],[-3,-5],[-2,3],[1,1],[-3,1],[0,3],[-4,2],[-8,-38],[-7,-4],[-5,2],[0,3],[-12,4],[-3,-4],[1,-11],[-17,-3],[2,12],[-2,0],[1,7],[3,1],[3,8],[4,4],[2,-1],[1,3],[4,12],[4,-1],[1,2],[1,-2],[3,4],[4,5],[-2,2],[2,4],[6,-6],[18,27],[-4,4],[3,5],[4,-5],[-2,-9],[5,-1],[2,8],[3,-1],[-1,-5],[3,-1],[2,-6],[-1,2],[4,-1],[-1,7],[3,-1],[1,6],[2,-1],[1,3],[3,-1],[7,-6],[0,1],[3,0],[1,-11],[-6,0],[0,-6],[2,0],[-1,-2],[-2,0],[1,-5],[7,1],[0,-12],[-10,-5],[0,3],[-5,-2],[-1,1],[-1,-4],[-6,-5],[-6,5],[2,4],[2,1],[-7,8],[0,2],[2,0],[3,8],[0,2],[-3,1],[1,5],[-5,2],[-3,-13]],[[79517,35966],[-9,3],[2,10],[8,-3],[-1,-10]],[[79505,36026],[-16,-53],[-35,15],[-2,-3],[-12,10],[-4,-6],[-5,5],[-2,-4],[-4,3],[-3,-10],[-19,-11],[1,16],[-9,1],[3,43],[-5,1],[1,9],[5,-1],[4,43],[1,0],[0,4],[3,1],[3,1],[0,-4],[2,0],[0,1],[4,0],[1,2],[5,-1],[0,6],[11,3],[0,-24],[13,1],[0,-9],[-4,-2],[0,-8],[3,-3],[0,-5],[12,-1],[11,4],[-3,8],[3,2],[-5,15],[35,-1],[0,-1],[9,1],[-2,-48]],[[79145,36022],[2,-8],[-6,-4],[-5,7],[4,4],[5,1]],[[79447,36099],[50,-3],[1,14],[7,-1],[-2,-22],[-55,3],[1,3],[-2,0],[0,6]],[[79290,36055],[-6,2],[2,9],[9,-2],[-2,-8],[-3,1],[0,-2]],[[79469,36123],[-1,0],[0,-3],[-8,0],[0,4],[-2,0],[0,-3],[-8,0],[-1,6],[-5,2],[1,4],[4,0],[1,5],[8,2],[2,-2],[0,3],[9,4],[0,-2],[1,0],[-1,-20]],[[79242,36105],[9,-3],[-1,-10],[-14,2],[-1,-4],[-9,1],[2,16],[6,-1],[0,4],[8,-2],[0,-3]],[[79477,36151],[1,14],[4,0],[1,-3],[4,0],[-2,-15],[-8,4]],[[79418,36151],[2,8],[11,-7],[-6,-6],[-7,5]],[[79364,36175],[6,-45],[-2,-10],[-13,2],[1,5],[-4,-2],[-1,3],[-3,1],[-1,1],[4,0],[0,3],[-18,-1],[1,-6],[2,0],[0,-3],[-9,-2],[-4,36],[7,-1],[7,5],[-3,1],[-3,4],[0,0],[2,-5],[-2,-2],[-2,6],[-1,-1],[1,-6],[-2,0],[0,6],[-2,1],[-3,-5],[-1,1],[2,5],[-2,2],[-3,-4],[-4,3],[-6,0],[5,30],[-2,0],[0,2],[1,4],[4,1],[0,8],[-5,1],[1,4],[4,-1],[1,8],[-5,-1],[0,3],[-5,2],[0,5],[7,-1],[1,2],[5,0],[1,5],[7,0],[0,-4],[4,-3],[-1,-8],[-2,0],[0,-2],[-2,0],[0,-3],[1,0],[-4,-25],[19,-11],[-2,-14],[2,-3],[10,7],[8,2],[3,0]],[[79410,36166],[4,0],[-1,-11],[-4,3],[1,8]],[[79376,36154],[-2,8],[5,1],[2,-8],[-5,-1]],[[79405,36177],[18,28],[5,-5],[-16,-27],[-7,4]],[[79473,36216],[16,-11],[-1,-3],[2,-2],[-1,-2],[-3,3],[-1,-2],[-5,3],[-1,-4],[-11,7],[5,11]],[[79386,36179],[-34,-4],[6,45],[-3,2],[0,4],[2,0],[0,12],[2,-1],[1,5],[6,-1],[0,1],[7,0],[4,20],[8,-7],[13,-16],[28,-28],[-6,-9],[-5,-5],[-12,-20],[-17,2]],[[79444,36218],[-4,-7],[1,-2],[-4,2],[1,2],[-3,2],[4,7],[5,-4]],[[79349,36221],[-10,2],[1,10],[11,-1],[-2,-11]],[[79431,36255],[1,8],[6,-2],[0,-3],[-3,0],[0,-1],[2,-1],[0,-2],[-6,1]],[[79466,36251],[-13,8],[0,4],[-3,1],[1,3],[-2,0],[1,3],[1,0],[2,18],[9,-2],[-2,-14],[2,-1],[4,7],[5,-3],[-2,-5],[5,-3],[-8,-16]],[[79389,36274],[-1,-7],[-4,1],[0,-5],[-6,6],[2,13],[3,-1],[1,-5],[5,-2]],[[79218,36268],[24,-4],[-1,-10],[-21,4],[1,5],[-3,0],[0,5]],[[79468,36302],[-2,1],[1,8],[-2,-8],[-1,0],[0,5],[-10,2],[1,7],[6,0],[-1,-8],[2,8],[2,0],[0,-5],[6,0],[-2,-10]],[[79431,36305],[-17,3],[1,4],[17,-3],[-1,-4]],[[78813,36231],[23,-4],[3,4],[2,5],[-3,10],[4,10],[2,-3],[2,-24],[4,0],[7,-7],[-5,-6],[1,-1],[6,-7],[11,1],[4,4],[0,-3],[-7,-4],[0,-3],[-6,-1],[-1,-6],[-8,-10],[-1,0],[-8,3],[5,3],[-11,20],[3,5],[-5,5],[-22,5],[0,4]],[[79219,36297],[-2,-14],[-3,1],[-1,-7],[-6,1],[1,7],[-2,0],[1,4],[3,-1],[0,6],[-2,0],[0,3],[-3,0],[1,4],[-6,1],[1,2],[-2,1],[0,-3],[-9,0],[0,-3],[-7,2],[-1,-6],[-3,1],[-4,-2],[-1,-5],[-4,1],[1,-2],[-2,0],[1,-3],[-2,-1],[-4,-1],[0,2],[-7,-1],[1,5],[-4,7],[23,10],[4,3],[4,1],[-2,4],[1,-2],[5,2],[-4,11],[3,1],[-1,4],[4,1],[0,5],[-8,-4],[-4,8],[11,6],[0,7],[6,3],[0,3],[-7,2],[-1,-3],[-4,1],[1,5],[-11,5],[-1,-3],[-2,2],[1,2],[-4,2],[3,10],[4,-1],[0,1],[2,-1],[7,-4],[0,1],[3,-1],[3,-3],[1,1],[1,0],[3,-1],[-1,-2],[4,-2],[7,-1],[0,-3],[-4,-1],[3,-12],[-3,-2],[1,-2],[-1,0],[-1,-5],[2,-6],[-4,-2],[2,-3],[27,14],[1,-7],[-3,-2],[2,-5],[3,2],[2,-8],[-10,-5],[0,-4],[-3,0],[0,-3],[-1,0],[-1,-7],[2,-1],[0,-1],[-3,0],[0,-5],[2,0],[-1,-3],[2,-1]],[[79408,36347],[5,-1],[-1,-8],[-6,0],[2,9]],[[79422,36351],[1,6],[12,-4],[0,-2],[3,-1],[-2,-8],[-3,0],[-1,-8],[-3,1],[0,4],[-6,1],[1,6],[-5,1],[1,5],[2,-1]],[[79307,36325],[0,-2],[-8,2],[1,7],[10,-2],[-1,-6],[-2,1]],[[79251,36323],[-3,1],[1,5],[3,-1],[-1,-5]],[[79138,36310],[-6,-3],[-1,4],[6,3],[1,-4]],[[78825,36257],[0,3],[8,-1],[-1,-3],[-7,1]],[[79130,36323],[-9,-5],[0,-3],[-5,-3],[-3,9],[-7,-3],[-2,5],[25,12],[2,-4],[-3,-2],[2,-6]],[[79068,36302],[6,39],[4,-1],[2,-2],[-1,-8],[3,1],[-1,-11],[1,-1],[-1,-1],[-3,-18],[-10,2]],[[79290,36382],[-6,-25],[-1,1],[-1,-4],[-17,7],[1,6],[-3,1],[0,2],[-4,2],[6,25],[8,-4],[-1,-4],[3,-1],[-3,-9],[4,-2],[0,-1],[1,0],[1,2],[1,0],[3,10],[4,-2],[-1,-2],[5,-2]],[[79170,36361],[5,-3],[-2,-4],[-5,2],[2,5]],[[79141,36368],[2,10],[4,-2],[0,-1],[1,-1],[1,4],[-10,6],[-1,-4],[-5,0],[0,-2],[-3,2],[1,2],[-10,5],[1,3],[-6,3],[4,12],[4,-2],[0,2],[10,-5],[1,1],[2,-1],[0,-1],[33,-15],[-2,-7],[-4,1],[-2,-4],[-2,1],[-2,-4],[-5,2],[-1,-3],[-5,2],[0,-2],[-2,1],[-1,-4],[-3,1]],[[79310,36411],[18,-3],[-1,-6],[-12,1],[0,3],[-4,1],[-1,4]],[[79166,36390],[3,8],[2,-2],[-1,-3],[3,11],[1,1],[4,-2],[-4,-12],[4,-1],[-1,-4],[-5,3],[-1,-2],[-1,1],[1,3],[-2,1],[-1,-3],[-2,1]],[[79146,36404],[-3,1],[2,6],[3,-1],[-2,-6]],[[79355,36450],[-3,-6],[-3,2],[3,7],[3,-3]],[[79223,36429],[26,9],[2,-7],[-13,-5],[-1,3],[-1,0],[1,-4],[-4,-1],[-10,3],[0,2]],[[79268,36457],[-12,-3],[-1,10],[7,2],[1,-5],[3,1],[2,-5]],[[79385,36498],[2,-12],[-13,8],[11,4]],[[79324,36516],[-3,17],[6,2],[0,5],[3,1],[4,-35],[-3,-1],[-1,5],[-7,-2],[-2,7],[3,1]],[[79079,36485],[-5,3],[2,7],[6,-3],[-3,-7]],[[79364,36640],[1,-2],[-4,-1],[-1,2],[4,1]],[[79355,36635],[-2,15],[3,0],[0,3],[3,-17],[-4,-1]],[[79217,36606],[-2,18],[0,33],[18,10],[18,13],[15,-41],[-18,-15],[-22,-12],[-6,-1],[1,-4],[-4,-1]],[[79038,36607],[-1,15],[-11,29],[2,1],[11,-29],[7,4],[5,-10],[-13,-10]],[[78955,36845],[8,-13],[10,-10],[-7,-30],[-47,16],[16,61],[14,-5],[6,-19]],[[79056,36846],[1,-28],[-5,-13],[-8,-8],[-14,-4],[-2,-2],[-5,-1],[-4,-4],[-2,1],[-9,-4],[-3,-9],[-4,-5],[-8,-9],[-5,-2],[6,24],[-27,9],[23,85],[20,2],[10,3],[53,45],[8,3],[8,0],[-2,-38],[-4,-7],[-2,-12],[-12,-7],[-8,-10],[-3,-8],[-2,-1]],[[78614,36896],[5,51],[18,-2],[-6,-52],[-17,3]],[[79203,37038],[1,12],[11,-4],[1,-19],[-1,1],[-1,2],[-4,1],[-7,7]],[[79224,37072],[4,10],[3,-1],[-4,-10],[-3,1]],[[79235,37093],[-3,-10],[-4,1],[3,12],[4,-3]],[[79190,37125],[-1,12],[-6,14],[-2,2],[-5,18],[6,1],[13,-10],[5,-15],[3,-18],[7,2],[-1,4],[10,4],[7,-28],[-12,-1],[-4,4],[-6,-5],[-2,-5],[-5,-1],[-2,2],[-1,11],[-4,9]],[[79163,37200],[1,-29],[-4,0],[1,-8],[4,-11],[9,-11],[2,-7],[6,3],[1,-5],[2,1],[1,-4],[-2,-4],[2,-6],[-4,-2],[2,-6],[-22,2],[0,3],[-6,2],[2,6],[-1,4],[-11,16],[0,5],[4,18],[6,8],[-4,4],[2,20],[-4,13],[11,-3],[2,-9]],[[79027,37190],[-2,-1],[-2,6],[-3,-1],[-1,2],[-3,6],[-1,11],[1,5],[9,18],[1,6],[-5,22],[14,5],[19,-71],[-10,-3],[0,1],[-7,-1],[-10,-4],[0,-1]],[[79120,37279],[-2,2],[-5,-4],[-4,7],[-2,8],[3,1],[1,2],[-1,8],[19,2],[1,-10],[10,-9],[-1,-4],[-1,-2],[-6,1],[-12,-2]],[[78604,37212],[25,15],[1,-5],[-21,-14],[2,-10],[-5,-1],[-2,15]],[[78625,37238],[1,-8],[-23,-16],[-1,8],[23,16]],[[78631,37225],[0,5],[11,11],[2,-3],[-2,-2],[0,-3],[-7,-6],[-4,-2]],[[78629,37232],[-2,7],[7,6],[2,-7],[-7,-6]],[[78622,37256],[-24,-5],[-1,9],[17,7],[7,-2],[1,-9]],[[79170,37406],[-15,-114],[-3,0],[-10,10],[-13,4],[-21,-2],[1,-9],[-4,-1],[-11,54],[-2,13],[2,0],[0,2],[-8,-3],[-3,12],[32,10],[3,1],[-1,2],[5,2],[0,3],[-6,-2],[-5,20],[-9,-2],[-1,4],[-8,-2],[-6,17],[5,0],[-1,6],[37,11],[4,1],[0,-2],[7,1],[4,2],[0,2],[18,5],[8,-28],[1,-17]],[[79113,37345],[13,-7],[5,-9],[-2,-1],[3,-5],[1,0],[-1,3],[4,-8],[1,-1],[5,7],[-5,8],[-2,11],[-1,-1],[-2,1],[1,1],[-18,14],[-7,-9],[5,-4]],[[79202,37455],[-1,-26],[-2,-7],[4,-12],[2,0],[0,-7],[-3,-5],[-5,-1],[-4,10],[2,1],[-1,5],[-2,0],[0,14],[-3,0],[2,15],[-2,1],[1,14],[4,0],[5,4],[0,-6],[3,0]],[[79108,37442],[-11,-3],[-2,7],[-13,-5],[-1,4],[6,2],[0,2],[1,0],[0,-2],[2,0],[-1,3],[15,4],[0,-2],[2,0],[2,-10]],[[79201,37538],[21,0],[0,-4],[2,0],[0,-6],[1,0],[0,-17],[5,0],[0,5],[2,0],[0,2],[13,0],[1,-9],[-1,-4],[-18,0],[1,4],[-5,0],[-1,-10],[-4,0],[0,5],[-1,0],[0,-5],[-4,0],[0,6],[-7,-1],[0,2],[-3,0],[1,-20],[-11,-3],[0,4],[-4,1],[1,0],[0,17],[-3,1],[-9,-2],[-2,1],[-2,-2],[-5,9],[1,1],[5,1],[0,4],[3,2],[0,8],[-3,2],[-2,5],[2,1],[-1,2],[2,1],[-2,11],[-1,0],[0,3],[1,0],[-1,10],[21,0],[0,-22],[6,0],[1,-3]],[[79116,37506],[-2,10],[10,3],[2,-10],[-10,-3]],[[79199,37692],[-17,-5],[3,-11],[-2,-10],[-13,-14],[-2,-6],[-2,-19],[-5,-17],[-1,-7],[1,-3],[7,-5],[2,-6],[0,-10],[-5,-11],[-10,2],[-29,10],[1,5],[-7,6],[-25,0],[-20,6],[-5,-1],[-6,5],[-9,-4],[-2,1],[-8,6],[-27,25],[-3,9],[-15,18],[-14,8],[-15,-12],[-46,283],[5,-4],[3,-5],[276,-228],[-4,-11],[-3,0],[-3,5]],[[79081,37855],[14,-14],[-6,-2],[-3,-4],[-4,2],[-2,2],[1,1],[-8,8],[-3,-4],[-2,5],[3,4],[3,0],[3,-2],[4,4]],[[78606,38096],[1,0],[-2,-3],[-6,-2],[8,-3],[-1,-23],[-15,1],[2,-6],[-17,2],[1,5],[-7,1],[-8,11],[22,38],[-1,6],[21,2],[0,-4],[-4,-6],[0,-9],[9,-1],[2,3],[-5,-12]],[[78187,43128],[6,-32],[-1,-6],[7,-17],[8,-9],[13,-2],[4,6],[6,3],[13,-4],[16,-24],[7,-17],[4,-5],[4,-2],[14,1],[13,10],[4,7],[3,1],[33,1],[6,-1],[5,-5],[6,-24],[2,-11],[-1,-15],[-10,-22],[-7,-5],[-15,0],[-6,-2],[-11,-7],[-14,-12],[-2,-5],[0,-3],[9,1],[5,-5],[-9,-27],[-5,-8],[-12,-11],[-7,-10],[-7,-6],[-8,-4],[-12,-1],[-35,2],[-68,-3],[-20,1],[-14,4],[-14,6],[-21,13],[-3,5],[0,6],[4,27],[6,25],[11,61],[1,16],[-2,37],[-2,19],[-4,10],[7,22],[47,47],[10,3],[13,0],[11,-6],[8,-10],[4,-13]],[[78106,43103],[2,3],[-3,2],[-2,-3],[3,-2]],[[79737,35390],[16,-3],[1,-2],[-1,-4],[-17,4],[1,5]],[[79682,35478],[0,-4],[-6,0],[-3,1],[0,4],[-9,0],[1,7],[13,1],[1,-8],[3,-1]],[[79799,35752],[-8,13],[2,2],[-2,3],[1,1],[4,-6],[2,3],[8,-10],[-7,-6]],[[79788,35788],[-6,-6],[3,-4],[-8,11],[8,11],[1,-1],[3,3],[5,-9],[-4,-3],[3,-4],[-2,-2],[-3,4]],[[79700,35895],[-15,13],[5,6],[13,-15],[-3,-4]],[[79641,35901],[0,1],[-4,2],[5,7],[-8,7],[11,16],[4,-5],[3,3],[3,-2],[1,0],[-1,-1],[4,-4],[1,2],[22,-23],[-5,-8],[13,-13],[-9,-14],[-7,-2],[-23,31],[-10,3]],[[79538,35882],[-1,3],[8,5],[9,-2],[0,-3],[5,-2],[-1,-7],[-20,6]],[[79750,35917],[1,1],[6,-4],[-2,-3],[-1,1],[-5,-9],[-2,2],[0,7],[-3,-1],[-5,3],[-2,-3],[-3,1],[-2,-3],[-8,5],[8,12],[2,13],[8,1],[-3,-14],[8,-1],[0,-6],[3,-2]],[[79716,35912],[-8,-5],[-4,10],[3,1],[-1,3],[3,1],[0,2],[5,4],[3,-2],[2,4],[5,-2],[-2,-4],[1,-1],[-7,-11]],[[79577,35900],[2,0],[0,-1],[1,0],[-1,-8],[-13,3],[1,3],[-6,1],[1,5],[4,3],[5,1],[3,-3],[3,1],[0,-5]],[[79667,35937],[5,-5],[-2,-3],[2,-1],[-2,-2],[-5,5],[2,2],[-2,1],[2,3]],[[79704,35962],[6,0],[0,-4],[-6,-1],[0,5]],[[79665,35992],[-9,-9],[8,-9],[-1,-1],[1,-2],[-3,-3],[4,-4],[-2,-2],[-11,14],[-2,1],[-2,5],[-8,-6],[-2,4],[4,2],[-3,4],[6,4],[2,-1],[3,6],[3,-2],[5,6],[5,-4],[2,0],[0,-3]],[[79719,35988],[-4,0],[0,-3],[-4,0],[1,4],[-4,0],[2,16],[10,-1],[-1,-16]],[[79779,36022],[-12,-21],[-2,3],[2,4],[-5,4],[10,14],[2,-1],[1,5],[3,-1],[-1,-6],[2,-1]],[[79647,35999],[-1,1],[1,3],[-1,1],[2,3],[5,-5],[-3,-5],[-2,1],[-2,-3],[-1,1],[2,3]],[[79748,36023],[0,4],[-4,0],[0,3],[-5,0],[-1,-19],[-17,1],[1,25],[26,-1],[0,5],[-3,1],[0,5],[3,0],[0,4],[0,1],[-3,0],[-3,10],[-8,-2],[-1,-3],[-5,1],[0,-4],[-3,0],[0,-2],[-5,1],[0,3],[-4,3],[1,2],[12,6],[1,-1],[5,5],[2,0],[1,-2],[2,1],[0,4],[2,0],[0,4],[2,1],[0,-13],[1,-3],[5,1],[1,-7],[8,1],[1,5],[6,1],[1,5],[3,-1],[-2,-3],[6,-3],[1,2],[-4,1],[1,2],[2,-1],[1,4],[-1,1],[2,7],[6,-3],[-2,-11],[7,-3],[0,3],[3,-1],[-2,-4],[9,-1],[2,3],[5,-2],[2,5],[3,-1],[-8,-22],[-30,10],[-1,-4],[-6,2],[-4,-15],[-4,2],[0,-7],[-5,0],[1,-7],[-4,1]],[[79543,36049],[-4,-67],[-3,1],[-2,-6],[-11,4],[4,69],[16,-1]],[[79713,36032],[-1,-15],[-1,1],[-1,-3],[0,3],[-2,0],[0,6],[1,9],[2,2],[2,-3]],[[79582,35984],[-22,3],[-10,5],[16,24],[-2,1],[2,31],[-21,2],[2,36],[10,1],[0,2],[3,0],[1,-5],[-1,-13],[6,0],[0,-3],[39,-5],[-26,-25],[-1,-2],[4,-52]],[[79630,36015],[-8,7],[2,6],[6,5],[2,4],[9,-8],[-2,-3],[3,-2],[-6,-12],[-6,3]],[[79722,36042],[5,0],[0,-3],[-5,0],[0,3]],[[79515,36013],[-8,3],[2,9],[-3,3],[10,4],[5,-10],[-4,-2],[-2,-7]],[[79709,36068],[-2,-3],[-3,2],[-4,1],[-15,-12],[-5,7],[21,18],[1,-2],[1,1],[2,-3],[-2,-2],[2,-3],[2,1],[2,-5]],[[79691,36098],[-1,-3],[3,-4],[-7,-5],[2,-3],[-32,-28],[1,-4],[-1,-2],[-6,4],[2,4],[-2,3],[-3,-5],[6,22],[6,2],[1,-2],[9,8],[2,-4],[10,8],[2,-2],[3,4],[-2,2],[1,1],[4,4],[2,0]],[[79703,36082],[-3,5],[-3,-2],[-2,1],[4,4],[-2,6],[6,-2],[0,-5],[3,-1],[2,-3],[-5,-3]],[[79507,36052],[1,23],[18,-1],[-1,-23],[-18,1]],[[79581,36090],[0,-11],[-3,1],[-1,-5],[-4,-1],[0,6],[-2,0],[1,9],[9,1]],[[79601,36079],[-15,2],[1,14],[15,-2],[-1,-14]],[[79528,36074],[1,13],[16,0],[-1,-14],[-16,1]],[[79771,36119],[3,0],[-4,-20],[-24,-1],[-1,-3],[-2,-1],[-18,-1],[-8,1],[-10,23],[-5,14],[16,6],[2,4],[4,1],[2,-8],[6,-7],[5,-4],[9,0],[1,4],[15,-1],[1,3],[-4,0],[0,2],[-1,0],[0,4],[2,0],[1,3],[1,6],[-3,0],[0,2],[2,0],[0,4],[-13,-3],[-1,6],[-5,-1],[-1,3],[33,7],[0,4],[2,0],[1,-3],[2,1],[1,2],[7,1],[0,3],[2,0],[1,-3],[4,0],[0,2],[5,0],[10,-5],[1,3],[1,-2],[2,5],[12,7],[2,2],[1,5],[4,5],[-17,4],[3,14],[19,4],[10,10],[0,3],[-2,0],[0,3],[3,4],[3,16],[5,4],[-2,1],[8,20],[9,49],[1,0],[3,6],[17,16],[9,-1],[10,-10],[1,2],[4,-5],[0,-27],[5,-8],[6,-5],[4,-16],[-5,-8],[-3,-11],[2,-31],[-6,-5],[1,-4],[-11,-11],[-1,-4],[-1,1],[-1,-2],[-1,1],[0,-10],[-6,-7],[-7,-15],[-33,-4],[0,-6],[23,2],[1,-5],[-3,0],[0,-5],[4,0],[0,-5],[-3,0],[1,-5],[-2,-1],[1,-5],[-3,0],[1,-5],[-6,-1],[0,-6],[11,1],[-2,-18],[8,-2],[-2,-13],[4,-1],[-1,-3],[-1,-1],[-12,2],[-19,8],[-18,0],[-2,3],[-21,-9],[-9,-2],[-12,2],[-13,6],[-2,7],[-3,1],[3,13],[40,20],[-8,19],[-7,0],[0,3],[-3,0],[0,-2],[-3,-1],[0,4],[-10,-2],[-6,2],[-5,-3],[-15,-5],[0,-3],[4,0],[-1,-8],[2,-1],[-1,-6],[5,0],[0,2],[2,0],[1,-10],[2,0],[-1,-3],[-3,1],[1,3],[-4,0],[-1,-6]],[[79635,36109],[7,-2],[0,-16],[-23,-1],[0,10],[-16,1],[1,19],[-3,0],[0,10],[3,-1],[-2,3],[0,5],[9,-2],[1,6],[3,-1],[1,3],[4,-1],[1,2],[2,-3],[2,2],[-3,3],[2,2],[-2,2],[9,10],[1,-1],[1,2],[5,9],[7,-7],[-4,-5],[14,-15],[-1,-1],[4,-4],[-6,-9],[-4,5],[-2,-3],[-4,6],[-4,-6],[-5,4],[-3,4],[-1,-1],[-1,0],[-3,-3],[8,-5],[-1,-2],[-3,0],[-9,3],[-1,-4],[1,-2],[1,-1],[-2,-10],[10,-3],[2,8],[2,0],[1,6],[7,-4],[-6,-12]],[[79574,36111],[6,0],[0,-8],[-6,0],[0,8]],[[79665,36136],[4,-2],[-4,-10],[-5,5],[5,7]],[[79567,36125],[6,1],[0,-6],[-6,0],[0,5]],[[79732,36154],[-5,-1],[-22,-7],[2,11],[4,-1],[1,2],[5,-1],[1,3],[4,-1],[0,3],[8,1],[2,-9]],[[79590,36147],[0,2],[-2,0],[-3,7],[6,4],[3,-6],[-1,-10],[0,5],[-3,-2]],[[79770,36185],[1,-10],[-2,-1],[0,-7],[-13,-4],[-3,28],[11,1],[-1,16],[-12,0],[-3,31],[1,0],[-1,6],[13,1],[0,-1],[6,0],[-1,10],[3,1],[1,-5],[8,1],[1,-14],[3,1],[1,-5],[11,1],[0,2],[8,0],[0,-7],[4,1],[0,-6],[-4,0],[2,-15],[-3,0],[-1,-6],[-5,0],[0,5],[-10,-2],[1,-7],[-8,-1],[0,-1],[-7,0],[-2,-2],[-2,0],[1,-12],[2,1]],[[79570,36172],[2,-6],[-6,-4],[0,-2],[2,1],[3,-5],[-6,-4],[-1,-5],[-6,1],[-1,2],[-2,-1],[-9,3],[-3,5],[-11,6],[4,8],[3,-2],[3,1],[22,12],[2,-6],[0,-8],[4,4]],[[79524,36186],[-4,3],[4,7],[4,-3],[1,3],[2,-1],[0,-9],[-6,3],[-1,-3]],[[79707,36340],[1,-4],[-44,-105],[-1,-24],[4,-2],[1,-2],[-2,-30],[3,-9],[0,-16],[-5,0],[-3,4],[1,2],[-11,13],[-2,-2],[-3,4],[4,4],[-5,7],[-3,-3],[-3,5],[-1,-1],[-4,2],[-1,-3],[-5,1],[1,4],[-3,2],[-12,4],[0,-1],[-8,6],[2,3],[-2,2],[-4,-4],[-16,12],[2,3],[-4,3],[1,2],[-5,8],[-2,-1],[-3,5],[1,0],[-2,5],[-3,-1],[-5,11],[2,1],[-2,3],[2,2],[-7,13],[1,1],[-8,16],[-1,0],[-3,4],[-1,6],[-14,28],[2,2],[-1,2],[9,4],[18,1],[8,2],[3,2],[24,-3],[6,1],[44,28],[12,6],[8,2],[10,0],[18,-5],[3,-4],[2,-8],[3,-6],[3,-2]],[[79507,36227],[-7,14],[12,9],[7,-15],[-12,-8]],[[79521,36255],[3,3],[-1,2],[8,5],[4,-7],[-3,-2],[3,-6],[-4,-2],[-3,5],[-1,0],[-1,1],[-3,-2],[-2,3]],[[79551,36262],[-5,-3],[2,-4],[-1,-1],[-2,4],[-4,-2],[-2,5],[5,3],[1,-2],[4,3],[2,-3]],[[79512,36267],[-1,2],[-3,-1],[-1,2],[-15,-10],[3,-5],[-2,-1],[-9,9],[3,6],[-1,1],[2,7],[9,11],[1,-3],[10,8],[1,-4],[6,6],[2,-2],[15,10],[2,-4],[-1,-1],[6,-10],[-11,-7],[1,-2],[-2,-2],[-6,9],[-11,-8],[3,-10],[-1,-1]],[[79490,36298],[-19,4],[2,13],[25,-5],[-8,-12]],[[79586,36445],[9,5],[2,-1],[-2,-14],[-9,4],[0,6]],[[79717,36479],[-3,4],[-3,-2],[0,1],[5,5],[4,-6],[-3,-2]],[[79626,36492],[0,7],[25,-6],[-1,-2],[3,0],[-4,-4],[-23,5]],[[79672,36512],[-5,-6],[-15,9],[1,4],[6,-4],[3,6],[7,-4],[3,-5]],[[79677,36530],[-2,-3],[1,-3],[-2,-1],[-11,16],[2,2],[6,-9],[3,3],[3,-5]],[[79707,36547],[-2,3],[3,3],[2,-3],[-3,-3]],[[79682,36567],[11,-16],[-3,-3],[1,-2],[-1,-2],[4,-5],[-3,-3],[-16,23],[7,8]],[[79582,36780],[-1,11],[0,2],[2,0],[1,3],[2,13],[23,48],[7,-14],[18,-28],[5,4],[-2,4],[1,0],[-1,1],[-3,7],[11,-2],[4,-9],[1,1],[4,-1],[2,-5],[10,-2],[1,8],[8,-6],[12,0],[3,-6],[5,-3],[6,-6],[4,-2],[9,1],[2,2],[10,2],[0,-1],[3,2],[3,5],[3,0],[9,-7],[4,-1],[6,-6],[3,-1],[0,2],[1,-2],[2,0],[8,-2],[13,-20],[6,1],[2,3],[4,1],[15,-3],[0,-3],[-3,-7],[-8,-9],[2,0],[-1,-6],[7,-5],[0,-5],[1,0],[4,-6],[5,-2],[9,4],[6,-1],[6,-5],[3,-1],[0,-1],[3,-2],[17,-2],[10,-10],[7,1],[3,6],[6,4],[4,6],[4,4],[7,0],[1,2],[8,2],[9,6],[1,3],[5,2],[3,4],[3,0],[6,8],[10,-2],[0,-2],[4,-2],[0,3],[1,-1],[4,-3],[0,-4],[1,-1],[1,2],[3,-2],[-3,-5],[-6,0],[-3,-3],[-2,-1],[-1,1],[-4,-2],[-3,-10],[-7,-7],[-4,1],[-2,-1],[-6,4],[0,-1],[-3,0],[0,2],[-7,-4],[-2,1],[-2,-3],[-1,-8],[2,-4],[-1,-8],[2,-1],[0,-3],[-1,-1],[1,-2],[6,-14],[-2,-8],[-23,2],[-18,-3],[-1,4],[-3,-3],[-2,1],[2,-3],[-1,-2],[-6,-3],[-11,4],[-7,7],[-5,2],[-7,0],[-11,7],[0,-3],[-9,3],[-1,0],[1,-9],[1,-22],[-4,-2],[-5,1],[-2,7],[-10,12],[-6,1],[-2,2],[-1,18],[-1,3],[-9,9],[-1,3],[1,1],[-1,6],[-1,-1],[-7,5],[-13,1],[-8,6],[-3,5],[2,16],[-5,-1],[0,-3],[-5,-2],[-4,-8],[-12,5],[-7,0],[-4,-2],[-15,5],[-9,0],[2,7],[-4,2],[0,4],[3,2],[2,13],[-10,6],[-60,13],[-3,-1],[-5,-32],[-9,7],[-1,6],[1,6],[-5,-13],[-4,-5],[0,8],[-3,7],[2,-13],[-14,-15],[-18,-1],[-3,1],[2,2],[-4,6],[-1,-2],[-3,4],[-3,-2],[-2,4],[0,3],[-2,-1],[-2,3],[-2,-2],[-4,10],[7,6],[1,-2],[9,9],[-3,5],[8,8],[1,-2],[2,2],[3,-2],[5,1],[6,8],[4,-4],[2,3],[3,-4],[-1,-5],[2,-5],[4,0],[0,-13],[1,7]],[[79525,36778],[-2,12],[-2,26],[7,7],[3,-5],[0,-3],[-8,-7],[3,-6],[1,-4],[-2,-1],[3,-13],[0,-4],[-3,-2]],[[79513,36813],[7,6],[0,5],[2,1],[3,-4],[-5,-4],[1,-11],[1,-17],[2,-12],[-3,0],[-5,12],[3,2],[-2,7],[1,1],[-1,7],[-1,1],[1,1],[0,5],[-3,-3],[-1,1],[0,2]],[[79486,36838],[20,-26],[-7,-7],[-18,24],[5,9]],[[79544,37910],[-5,-6],[-12,0],[4,11],[9,2],[4,-7]],[[79539,37971],[-1,-10],[-11,2],[-1,-5],[-7,2],[0,-3],[-5,8],[1,11],[24,-5]],[[79446,37994],[7,-2],[1,6],[-12,2],[0,7],[3,2],[-1,1],[0,6],[-3,3],[0,5],[2,0],[0,2],[13,-2],[-7,23],[4,1],[-1,5],[-4,-3],[-3,6],[-3,13],[2,9],[5,5],[9,-16],[21,-49],[22,-41],[-1,-12],[-2,0],[-1,-2],[-10,2],[1,4],[-2,1],[1,7],[-10,1],[0,2],[-3,1],[-1,-8],[-8,7],[-10,4],[-10,0],[1,10]],[[79498,37991],[-17,29],[-10,25],[4,-1],[1,2],[3,24],[-4,1],[-2,-11],[-3,1],[-3,-3],[2,14],[-4,0],[0,-2],[-4,1],[2,14],[-7,1],[1,3],[-3,1],[-1,-6],[-5,8],[-6,-2],[-13,16],[3,8],[5,-6],[1,9],[-5,1],[-1,2],[1,3],[4,-1],[1,7],[1,5],[-4,1],[1,8],[-9,1],[1,6],[3,2],[0,5],[6,-1],[1,9],[20,-4],[1,9],[13,-2],[1,18],[3,0],[1,3],[19,-6],[-3,-17],[15,-3],[0,2],[4,0],[0,3],[5,-1],[-3,-24],[4,-1],[3,8],[3,0],[-1,-7],[8,-2],[3,-3],[0,-6],[20,-4],[-3,-22],[-3,0],[2,10],[-12,2],[-2,-10],[-11,2],[-2,-15],[-13,3],[0,5],[-3,2],[-4,0],[0,-2],[-2,0],[-5,-36],[-11,3],[-2,-14],[6,-1],[0,-5],[5,-1],[1,11],[23,-4],[1,3],[2,0],[-1,-16],[2,0],[0,-3],[5,0],[0,-11],[-4,1],[-6,-40],[-9,1],[0,4],[-4,0],[-1,-1],[-4,1],[-1,-4]],[[79393,38132],[-4,-27],[-7,1],[-2,-18],[-9,2],[-1,3],[1,3],[1,0],[8,53],[21,-16],[0,-2],[-8,1]],[[79389,38212],[48,-10],[-2,-17],[-18,-39],[-8,-12],[-27,21],[-1,2],[8,55]],[[79309,38182],[2,-3],[5,3],[-4,-3],[1,-2],[9,-3],[-4,-29],[-23,4],[-9,19],[0,12],[3,18],[4,0],[14,-8],[-1,-6],[3,-2]],[[79269,38205],[-31,6],[-8,-5],[-16,0],[1,3],[16,16],[40,-9],[-2,-11]],[[79255,38244],[-25,6],[-2,-3],[2,-2],[-8,-8],[-4,5],[-12,-3],[-7,3],[-7,6],[0,4],[2,2],[1,6],[10,-1],[3,14],[2,2],[2,10],[31,-6],[-1,-5],[17,-3],[-4,-27]],[[79284,38307],[-3,-28],[5,-1],[0,-5],[4,-1],[-5,-15],[-3,1],[-1,-3],[-7,1],[0,10],[-3,3],[1,5],[-19,3],[8,2],[-1,6],[-6,8],[13,-1],[6,15],[3,-1],[0,4],[5,-1],[3,-2]],[[80096,35497],[-2,10],[-4,-2],[-5,22],[-14,-6],[6,38],[8,3],[2,-7],[3,0],[-5,-2],[1,-7],[0,-2],[6,2],[1,-6],[-5,-1],[7,-18],[2,1],[1,-3],[3,-1],[1,-4],[-2,-1],[4,-11],[9,3],[-1,-3],[-6,-2],[-2,-8],[-9,0],[1,5]],[[79949,35904],[-8,-11],[-13,10],[8,3],[4,-4],[2,3],[7,-1]],[[79963,35925],[-2,4],[-14,-5],[1,-4],[-25,-10],[-3,3],[-1,7],[14,9],[23,8],[1,-5],[7,3],[-1,-5],[1,2],[4,0],[-1,-6],[-4,-1]],[[80022,35951],[27,39],[-20,4],[-2,-4],[-28,6],[6,31],[4,6],[19,11],[17,7],[41,2],[24,9],[1,-4],[-2,-1],[10,-38],[-26,-9],[-4,17],[-19,-6],[-3,-5],[12,-11],[-15,-24],[2,-2],[-28,-42],[-16,14]],[[79952,35983],[-2,6],[-1,0],[-5,12],[-6,-3],[-5,15],[-3,-1],[2,-7],[-4,-2],[1,-4],[-3,-1],[1,-5],[-5,-3],[-5,-1],[-6,16],[-19,-9],[8,-26],[-4,2],[-3,-7],[3,-2],[-1,-3],[4,-1],[-2,-3],[3,-1],[-1,-2],[-17,6],[0,-4],[-13,2],[-1,-5],[-3,0],[-4,5],[-8,4],[3,2],[7,17],[-4,1],[1,2],[-2,2],[1,2],[2,-1],[1,4],[4,-2],[15,38],[-3,1],[4,9],[10,5],[14,3],[9,-1],[11,1],[5,2],[-1,4],[10,-2],[1,5],[-8,0],[-10,2],[-10,6],[-8,6],[-1,2],[14,6],[-4,14],[2,1],[-4,14],[1,3],[-3,1],[2,10],[10,-2],[21,8],[8,-24],[7,3],[-4,13],[4,2],[2,-5],[15,7],[5,-14],[40,14],[1,-4],[-1,-2],[4,-15],[8,5],[0,-2],[28,12],[-1,4],[11,5],[11,35],[-20,4],[8,13],[9,26],[32,2],[1,-21],[11,1],[0,-4],[15,-3],[-1,-2],[-3,-22],[-2,-2],[-19,4],[-5,-8],[7,-4],[-6,-17],[-2,0],[0,-3],[4,-1],[-6,-6],[-4,-2],[-5,0],[-1,4],[-71,-31],[2,-14],[-33,-16],[-10,-3],[-15,-2],[2,-3],[-1,-1],[-3,-8],[7,-1],[6,-5],[0,3],[-9,12],[34,8],[0,-5],[4,0],[0,-9],[-3,-2],[1,-4],[-6,-16],[-3,-24],[-3,1],[-1,-4],[-4,1],[-1,-7],[1,1],[3,0],[0,-3],[2,-1],[-1,-4],[-2,1],[-2,-8],[-2,0],[-1,-4],[-3,1],[-1,-7],[3,-1],[-2,-2],[-5,-5],[-6,2],[1,-6],[-3,-2],[-26,69],[-4,17],[14,26],[14,12],[-9,29],[6,-23],[-1,0],[0,-2],[-2,1],[-1,0],[1,-2],[-2,1],[-3,-1],[2,-3],[-2,-2],[9,5],[1,-3],[-13,-11],[-14,-23],[-1,-4],[5,-18],[25,-68],[-4,-2],[-4,18],[-18,-7],[-1,2],[-5,15],[16,8]],[[79956,36070],[-1,3],[-5,-3],[2,-4],[1,0],[0,2],[3,2]],[[80015,36107],[-7,-3],[3,-8],[7,2],[-3,9]],[[79951,36045],[-7,-12],[1,-11],[2,1],[6,-25],[10,-21],[1,3],[-2,4],[5,22],[4,-2],[1,7],[-13,4],[1,5],[-11,-1],[1,17],[2,5],[2,-1],[1,4],[-4,1]],[[80109,36155],[0,5],[3,0],[0,3],[-7,0],[-1,5],[-9,0],[-2,-5],[-1,-5],[17,-3]],[[79906,35983],[-3,8],[1,1],[3,-8],[-1,-1]],[[79871,36038],[-52,27],[1,3],[3,7],[-1,1],[1,3],[1,0],[1,2],[2,-1],[1,2],[-2,2],[17,5],[21,-3],[9,-4],[-2,-4],[2,-2],[-1,-4],[9,-6],[-2,-3],[2,-1],[-4,-8],[-6,1],[-1,-1],[3,-1],[-3,-7],[3,-2],[-2,-6]],[[79989,36203],[-17,-9],[-17,16],[3,3],[-2,3],[-6,-4],[-7,2],[-3,5],[-4,-3],[-4,2],[3,3],[-2,3],[4,4],[-2,5],[0,10],[2,7],[2,1],[14,-6],[10,7],[-2,5],[3,2],[-11,15],[-1,8],[1,4],[-8,14],[4,14],[9,21],[-2,3],[1,4],[-2,-1],[-2,6],[8,5],[3,-2],[-2,-3],[3,2],[4,-2],[5,-11],[3,2],[4,-1],[2,3],[2,1],[2,6],[7,7],[3,1],[1,-5],[-11,-13],[5,-12],[1,0],[2,-3],[1,0],[4,-6],[8,6],[3,-4],[2,1],[5,-9],[-1,-7],[8,-13],[1,0],[2,-3],[14,11],[7,-7],[13,-25],[3,-3],[-5,-7],[4,-2],[-3,-15],[17,2],[1,-10],[-21,-2],[-3,-12],[3,-1],[-1,-3],[2,-4],[8,-4],[0,-5],[-14,-3],[-1,-7],[-2,-4],[-2,-12],[1,-9],[3,-12],[-9,-6],[-15,-23],[-49,-2],[-6,28],[-24,31],[46,12],[-6,10]],[[79901,36162],[-5,-33],[-4,-2],[0,-5],[-9,2],[11,28],[0,5],[4,0],[1,5],[2,0]],[[79913,36162],[17,8],[11,-34],[-18,-7],[-10,32],[0,1]],[[79793,36334],[2,-10],[-2,0],[0,-2],[-14,-2],[-1,12],[1,2],[8,2],[0,-3],[6,1]],[[79861,36378],[2,-6],[5,3],[-2,7],[2,1],[2,-4],[25,1],[-13,-11],[-2,-2],[-1,-9],[-11,-12],[-20,-11],[-5,13],[-3,-1],[-1,5],[-6,-3],[-4,13],[-4,-1],[-3,9],[23,8],[3,3],[-2,3],[4,4],[4,-11],[1,-1],[6,2]],[[79757,36345],[-1,-1],[-1,6],[0,4],[1,0],[-1,4],[8,3],[4,-16],[-2,0],[1,-4],[-1,0],[-1,3],[-6,-2],[-1,3]],[[79911,36397],[2,0],[0,-4],[4,-1],[-1,-3],[7,-1],[2,-7],[-16,-4],[0,2],[11,4],[0,2],[-21,1],[1,23],[11,-3],[0,-9]],[[79963,36440],[0,-2],[-2,-1],[0,-2],[-2,-5],[-8,-8],[-17,-8],[0,-3],[-4,-1],[-7,-5],[-2,-4],[-5,9],[-12,5],[-1,0],[-5,2],[-1,-2],[-1,2],[-8,-11],[-2,2],[-17,-15],[-3,6],[21,18],[5,7],[-7,7],[-3,-4],[1,-2],[-1,-2],[-6,6],[-6,-5],[-5,7],[3,-2],[1,1],[-1,4],[5,6],[-8,7],[10,23],[-15,3],[-14,-12],[-12,7],[-6,7],[-2,-1],[-2,3],[1,-1],[19,15],[10,6],[14,4],[2,10],[1,0],[-2,8],[-1,-1],[-3,7],[-1,9],[2,1],[-1,1],[6,4],[11,-4],[2,1],[2,5],[1,7],[1,-1],[1,4],[-3,7],[1,2],[8,-9],[8,-3],[9,8],[5,1],[4,6],[16,9],[1,-2],[0,3],[8,16],[8,11],[0,2],[6,8],[4,7],[4,1],[0,-2],[1,2],[3,-2],[16,6],[5,3],[-1,1],[3,4],[0,-2],[3,4],[1,3],[3,2],[3,-3],[0,-1],[8,-4],[1,-3],[-10,-1],[-6,-5],[-3,-5],[-8,0],[-10,-4],[-2,-5],[3,-8],[3,-3],[6,2],[6,-3],[9,-11],[4,-1],[17,-12],[9,3],[12,-2],[-1,-5],[-7,-7],[-8,-4],[-5,-1],[-10,2],[-2,-4],[-8,7],[-7,-4],[-1,-3],[11,-12],[0,-2],[9,-4],[3,-4],[4,-9],[7,-6],[6,2],[4,5],[24,19],[1,-1],[1,2],[2,1],[3,-1],[9,-17],[5,-4],[3,-8],[6,-25],[0,-6],[-1,-3],[-3,-2],[-9,8],[-22,-3],[-2,0],[-3,6],[-7,4],[-5,-5],[1,-11],[-26,1],[-2,0],[-1,-3],[-6,0],[-32,-21],[2,-4],[-14,-10]],[[79746,36571],[28,-39],[-11,-10],[-3,6],[-2,-1],[2,-3],[-3,-2],[-2,2],[-2,-2],[4,-6],[-6,-5],[9,-16],[-9,-6],[-2,3],[-1,-1],[-6,3],[-5,-2],[-6,9],[-2,-1],[-4,6],[-1,-1],[1,-2],[-2,-3],[-6,-6],[-1,2],[-2,-2],[-2,3],[2,2],[-2,3],[-2,-2],[-13,19],[2,2],[-1,1],[-2,-2],[-4,6],[2,2],[1,-1],[16,14],[1,-1],[3,3],[-3,3],[9,8],[2,-3],[4,2],[-1,5],[18,18],[2,-4],[0,-1]],[[79742,36557],[-8,-7],[2,-3],[8,7],[2,-3],[-4,-4],[1,-2],[-5,-5],[2,-2],[-3,-3],[-1,2],[-2,-2],[4,-5],[4,4],[7,-10],[7,6],[-3,3],[6,6],[-5,8],[-6,-5],[-1,1],[5,5],[-9,15],[-3,-2],[2,-4]],[[79769,36533],[-4,7],[-3,-3],[5,-6],[2,2]],[[79794,36547],[3,-3],[4,2],[-4,5],[-2,-3],[-2,3],[1,2],[1,-2],[3,3],[7,-10],[-1,-6],[-5,0],[2,-3],[-9,-8],[3,-4],[-4,-3],[-1,2],[1,2],[-1,2],[-32,48],[-2,-2],[-3,4],[-5,-4],[2,4],[-1,-1],[-3,5],[-3,-3],[-2,5],[2,3],[-1,2],[7,6],[0,-2],[4,3],[-1,2],[-9,-3],[0,-2],[-1,3],[8,5],[0,2],[-2,4],[-7,-4],[1,-2],[-2,-1],[-3,7],[5,3],[-1,3],[7,4],[0,-1],[-4,-3],[2,-5],[8,8],[2,-1],[1,1],[0,-1],[-2,-6],[3,-2],[-3,-2],[1,-2],[4,2],[-1,1],[2,1],[-1,1],[-1,0],[2,5],[7,-4],[2,-4],[-3,-1],[1,-3],[-6,-6],[-2,6],[-4,-3],[3,-5],[-5,-4],[-1,2],[-3,-3],[2,-4],[15,15],[2,-2],[3,4],[3,-7],[-8,-6],[8,-10],[-5,-5],[3,-4],[3,3],[5,-6],[-4,-3],[3,-3],[3,3],[6,-9],[-3,-3],[4,-5],[4,3]],[[79738,36597],[-16,-13],[-3,4],[1,2],[-1,2],[1,1],[-3,6],[3,3],[-2,3],[4,3],[-2,3],[3,3],[5,-8],[1,0],[1,-3],[4,3],[2,-5],[2,-4]],[[79714,36606],[1,-1],[-5,-4],[-2,3],[9,9],[1,-1],[-3,-3],[1,-2],[-2,-1]],[[79737,36628],[2,-4],[-3,-2],[0,-1],[4,2],[1,-3],[-5,-3],[-1,3],[-4,-2],[-1,2],[4,3],[-5,10],[-3,-2],[-2,2],[-9,20],[6,4],[5,-1],[-2,-12],[4,-10],[7,-2],[-3,-2],[2,-4],[3,2]],[[79712,36661],[8,5],[1,-2],[-7,-7],[-2,4]],[[79728,36680],[9,-2],[1,-11],[-2,7],[-6,0],[-1,-6],[-3,-1],[-4,12],[5,3],[1,-2]],[[79886,37297],[-4,-3],[-1,3],[-4,-3],[-3,0],[0,2],[-3,-6],[0,4],[-8,-1],[0,-2],[-2,0],[0,3],[-5,0],[0,-5],[-1,0],[-1,10],[-2,6],[5,0],[0,2],[13,0],[6,-2],[4,1],[-13,21],[24,17],[4,-6],[4,-10],[0,-3],[-6,-4],[2,-6],[1,-8],[6,-12],[-3,-3],[-2,8],[-9,-7],[-2,4]],[[79839,37361],[-2,2],[-3,-2],[-3,5],[2,1],[-1,2],[-2,-2],[-4,13],[8,7],[2,-6],[9,7],[3,-5],[-5,-4],[6,-11],[-10,-7]],[[79818,37406],[-4,10],[8,6],[5,-9],[2,2],[2,-4],[6,5],[1,-2],[1,1],[9,11],[4,-6],[-25,-20],[-9,6]],[[79835,37438],[-7,11],[13,12],[5,-1],[-4,-6],[4,-7],[-11,-9]],[[79821,37483],[25,-11],[-1,-4],[-22,8],[-7,5],[5,2]],[[79835,37486],[-8,-4],[-3,5],[-7,-3],[-6,7],[9,5],[-6,12],[-11,-6],[-5,13],[11,6],[1,-1],[4,3],[1,-2],[6,3],[-14,26],[3,2],[-36,65],[36,15],[-5,15],[-24,-10],[-18,54],[2,11],[20,10],[6,-20],[9,4],[2,-6],[3,1],[-1,5],[9,-2],[6,2],[1,-2],[7,-1],[12,-13],[3,-8],[0,-8],[0,0],[-2,-11],[-2,-1],[-1,4],[-24,-5],[2,-1],[0,-12],[5,0],[1,-1],[1,2],[9,1],[8,-2],[4,-12],[-1,-2],[-6,-2],[1,-7],[33,15],[4,-11],[6,9],[14,-9],[1,-4],[4,2],[1,-5],[-10,-4],[-5,-11],[3,-7],[2,1],[1,-3],[-2,0],[5,-13],[-2,0],[-1,-3],[4,-3],[1,-4],[3,1],[2,-5],[-2,-1],[2,-10],[-2,-16],[3,1],[8,-6],[12,-3],[4,3],[1,9],[13,-6],[0,-9],[-10,-7],[3,-15],[-12,-2],[7,-24],[-16,-10],[2,-3],[5,2],[1,-7],[-3,-5],[3,-5],[7,5],[4,-8],[-30,-18],[5,-13],[-4,-2],[-2,5],[-3,-2],[-6,15],[-4,-2],[-2,4],[20,14],[-5,12],[-1,-1],[-11,33],[-7,-4],[-9,28],[-26,-14],[-7,1],[-11,21],[-5,-2],[12,-22],[-2,-6],[2,-5]],[[79808,37544],[-32,-15],[-7,11],[-1,15],[26,-2],[3,1],[3,-8],[2,1],[2,-4],[4,2],[0,-1]],[[79746,37597],[-6,-4],[-2,4],[-6,-3],[0,2],[-6,-1],[2,-8],[-7,-7],[1,-3],[-4,-2],[-1,2],[-5,1],[-1,6],[-8,-4],[1,-3],[-5,-2],[-5,13],[21,11],[-1,3],[2,1],[1,-1],[11,6],[1,-2],[2,0],[-1,5],[-3,-1],[0,2],[4,2],[-1,3],[13,7],[2,-6],[-1,-1],[1,-2],[-3,-2],[2,-8],[-4,-2],[3,1],[3,-7]],[[79776,37643],[2,-7],[-10,-4],[-2,7],[10,4]],[[79737,37642],[-3,-2],[-1,4],[-7,-2],[0,-4],[-39,-17],[-5,14],[20,9],[24,13],[2,-4],[7,0],[2,-11]],[[79751,37673],[15,6],[5,-16],[-11,-5],[-9,15]],[[79761,37695],[-19,-8],[-2,5],[9,4],[-3,8],[10,4],[5,-13]],[[79609,37739],[6,-8],[-4,-2],[0,-2],[-1,-2],[-2,1],[-2,-2],[6,-6],[-2,-3],[-11,12],[-4,-4],[-7,8],[5,7],[5,-5],[1,2],[-1,2],[4,7],[1,-2],[3,6],[5,2],[-1,3],[2,3],[-3,2],[2,2],[2,-3],[2,2],[3,-4],[-3,-8],[-6,-8]],[[79656,37748],[-1,-3],[-5,5],[-2,-2],[1,-1],[-2,-3],[4,-4],[-7,-10],[-1,2],[-9,4],[1,1],[-2,3],[-4,-4],[-5,5],[6,7],[5,-5],[6,-4],[1,2],[-7,5],[2,2],[1,-1],[6,10],[-2,3],[6,7],[10,-8],[-1,-3],[3,-6],[-1,-2],[-4,6],[-3,-2],[4,-4]],[[79710,37779],[-2,-11],[-9,-19],[-4,2],[1,3],[-3,-2],[-3,1],[-1,3],[-5,-4],[-6,16],[11,17],[7,-5],[9,7],[-1,1],[5,6],[2,-3],[-1,-12]],[[79713,37791],[2,11],[5,-1],[-1,-4],[-2,1],[0,-4],[3,0],[-1,-4],[-6,1]],[[79690,37790],[-13,-20],[-5,6],[-6,6],[6,46],[4,-2],[0,-3],[7,-1],[3,-2],[0,-1],[3,-1],[-1,-8],[5,-1],[2,-6],[4,-2],[-9,-11]],[[79658,37795],[-7,3],[16,23],[2,-1],[0,-5],[-3,0],[0,-3],[-8,-17]],[[79658,37832],[10,-7],[-18,-27],[-9,8],[-6,8],[0,2],[5,3],[-8,16],[-2,1],[-9,-11],[-2,2],[2,18],[1,0],[0,-3],[7,-1],[2,2],[4,0],[7,12],[0,-4],[7,4],[2,-2],[3,2],[6,-1],[10,5],[5,-1],[2,11],[2,0],[1,4],[8,-1],[1,6],[9,-2],[-1,-4],[17,-4],[1,5],[-5,1],[1,2],[4,-1],[2,11],[14,-2],[0,-13],[6,-1],[0,-1],[0,-4],[-2,0],[0,-7],[-2,-2],[2,-11],[-3,0],[-1,-5],[2,0],[-1,-5],[-4,0],[-1,-7],[3,0],[-3,-11],[-2,0],[-1,-2],[-2,0],[-2,-5],[-2,-2],[1,-6],[-4,1],[14,45],[-6,3],[0,4],[-4,1],[1,4],[-4,0],[0,-4],[-4,0],[-1,-4],[-4,0],[-1,-3],[-17,4],[-1,-5],[-7,3],[-6,-2],[-4,1],[0,-4],[-3,-2],[-13,-5],[3,-7]],[[79642,37821],[3,6],[2,-1],[1,2],[3,5],[-1,1],[-5,-4],[-1,6],[-5,-2],[-1,-2],[2,-3],[-2,-1],[4,-7]],[[79605,37870],[4,27],[4,-1],[0,-4],[1,0],[-3,-11],[-1,-12],[-5,1]],[[79595,37980],[11,-1],[-1,-2],[14,-2],[-1,-5],[-23,4],[-4,-1],[1,-7],[-2,0],[0,-2],[-2,0],[0,-2],[2,-2],[-1,-6],[-1,1],[-2,-10],[-2,1],[-1,-5],[2,-1],[0,-3],[2,0],[0,-1],[8,-2],[-7,1],[0,-4],[-5,1],[-1,-9],[1,-3],[-1,-4],[-2,-4],[-2,-23],[-5,1],[-1,-3],[-1,4],[3,22],[-4,0],[0,4],[-2,-1],[0,-5],[-1,1],[-4,-3],[-3,7],[4,3],[0,6],[3,-1],[1,5],[3,0],[2,16],[1,-1],[2,10],[-3,0],[0,4],[3,0],[3,12],[-1,4],[1,6],[-1,0],[-1,3],[-2,1],[1,6],[13,-2],[-1,-5],[2,0],[0,-3],[5,-1],[0,1]],[[77748,51963],[-15,-16],[-13,18],[-9,-9],[-14,18],[8,9],[-10,13],[2,5],[25,26],[33,-42],[-6,-7],[3,-3],[-2,-15],[-2,3]],[[77589,54673],[27,-7],[-1,-7],[18,-3],[-8,-66],[0,-2],[5,-1],[-4,-36],[-2,-7],[-2,1],[-1,-2],[-3,-1],[-2,1],[2,5],[-53,34],[-2,-5],[-3,2],[-5,9],[-1,11],[1,20],[-1,0],[5,37],[5,24],[-1,2],[12,0],[14,-4],[0,-5]],[[80385,35024],[11,-10],[6,5],[1,5],[-2,7],[11,29],[44,-8],[4,8],[8,-6],[7,-13],[4,-2],[-7,-16],[-8,-2],[-13,-15],[-3,3],[2,-10],[-4,-13],[0,-7],[3,-4],[1,-23],[3,0],[3,-7],[-2,-10],[19,-27],[11,15],[15,5],[8,5],[-4,-19],[4,-1],[8,1],[7,-6],[0,-2],[-2,0],[1,-4],[1,3],[-1,11],[4,27],[-3,10],[3,11],[-3,5],[-13,3],[-4,25],[16,-3],[11,5],[4,12],[7,14],[0,14],[1,4],[2,0],[2,6],[0,6],[-55,14],[-3,-5],[-26,6],[13,25],[0,3],[8,7],[5,11],[1,7],[-2,10],[-11,21],[15,-3],[1,4],[-2,1],[3,18],[111,-21],[-8,-6],[-15,0],[-7,-10],[-13,-6],[-14,-2],[-4,-4],[0,-5],[1,-1],[6,1],[7,-2],[4,-6],[2,2],[1,-5],[-2,-8],[6,-5],[-2,-1],[-4,0],[-1,-3],[5,-6],[5,-2],[0,-2],[-10,-20],[2,-7],[-3,-1],[1,-9],[-6,1],[-5,-7],[1,-10],[3,-9],[-1,-10],[5,-11],[0,-10],[-9,-34],[-3,-1],[-2,-5],[-1,-5],[4,-3],[1,-5],[-2,-3],[-6,0],[-4,-4],[-1,-8],[-3,-1],[0,-6],[-8,-10],[2,-6],[0,-18],[-2,-7],[-5,-1],[-6,5],[4,12],[-3,14],[0,4],[3,1],[-7,3],[-10,-1],[-1,3],[-7,4],[-5,0],[-3,-4],[0,-8],[-5,-2],[-6,-11],[-4,-3],[-7,7],[-5,11],[-10,2],[-11,-4],[-6,2],[-1,6],[2,20],[3,3],[3,2],[-1,0],[-4,8],[-7,20],[5,9],[5,4],[0,4],[-8,11],[-8,6],[-6,10],[-12,2],[-2,-1],[-3,-6],[-13,-10],[-4,-21],[-3,-1],[-4,2],[-1,4],[9,7],[2,9],[-2,1],[-2,6],[-8,7],[-11,-1],[-2,4],[2,6],[6,6],[1,3],[2,1],[2,-4],[2,0],[5,7],[2,10],[-4,22],[-4,12],[-6,5],[-11,3],[-5,6],[2,3],[-2,1],[0,2],[4,4],[2,0],[2,3],[0,6],[-2,3],[4,4],[-1,10],[-4,9],[-11,13],[-8,6],[-14,3],[-3,0],[-1,-5],[1,6],[-2,-2],[-5,5],[-1,5],[9,14],[4,-1],[15,-19],[2,-1],[16,4],[8,4],[5,-12],[-9,-2],[6,-15],[1,-9],[-3,-8],[0,-7],[4,-6],[8,-7],[3,-11],[2,-2],[-4,-8],[4,-4],[7,-24],[-4,-8],[-2,-16],[1,-3]],[[80354,35226],[9,-12],[-2,-2],[-27,-28],[-5,-1],[5,17],[4,2],[4,-1],[7,26],[5,-1]],[[80362,35683],[-2,-1],[-9,2],[-9,-5],[-3,3],[-2,-10],[-7,2],[-9,16],[0,3],[-9,5],[-6,30],[-8,1],[2,5],[20,-1],[30,7],[2,-2],[10,-51],[0,-4]],[[80291,35851],[-12,2],[1,5],[-4,1],[4,36],[10,-2],[-1,-14],[6,-1],[-1,-7],[3,-2],[-1,-13],[-4,0],[-1,-5]],[[80111,35884],[3,-2],[-3,-9],[-8,5],[5,11],[4,-2],[-1,-3]],[[80287,35896],[-9,1],[-1,2],[1,7],[-5,1],[-4,-6],[-35,-23],[-6,-2],[2,34],[10,67],[4,0],[13,-22],[4,-12],[17,-28],[10,-1],[-1,-5],[1,0],[-1,-13]],[[80148,35921],[13,-2],[-1,-4],[5,-1],[-1,-6],[-19,4],[3,9]],[[80133,35927],[-2,-8],[-7,0],[-2,-7],[-5,2],[9,14],[7,-1]],[[80187,35951],[-3,-8],[-3,7],[-7,-5],[-2,4],[-4,-3],[-12,19],[8,6],[-2,2],[2,2],[4,20],[7,-1],[0,-2],[2,-1],[2,-5],[-6,-4],[1,-4],[-2,-1],[2,-12],[5,2],[8,-16]],[[80114,35990],[3,-9],[-4,-3],[-2,5],[-3,-1],[-1,5],[-3,-1],[-1,7],[2,1],[-1,2],[4,1],[0,-2],[4,2],[1,-3],[3,1],[1,-2],[4,2],[3,-10],[1,0],[-5,-2],[-3,8],[-3,-1]],[[80319,36012],[-9,2],[2,-5],[-6,-2],[8,-24],[-2,-11],[-8,2],[-1,-5],[-54,10],[4,32],[-8,1],[9,64],[-20,3],[-3,-22],[-32,6],[6,39],[5,-1],[1,7],[-26,13],[-7,-51],[16,-4],[-6,-35],[-7,1],[-2,-13],[-7,2],[-12,-4],[-3,19],[8,-1],[1,8],[-6,1],[0,7],[-2,2],[-1,7],[-7,0],[-2,12],[-15,3],[-12,-3],[1,13],[-2,1],[-1,-3],[-4,2],[-1,-4],[-3,1],[9,26],[2,3],[2,0],[2,3],[3,21],[8,13],[22,-4],[-3,-21],[4,0],[0,2],[2,-1],[-1,-11],[6,-1],[11,75],[11,-8],[-2,-35],[7,0],[18,-10],[12,22],[-14,9],[4,8],[-8,4],[-3,-8],[-3,2],[-3,-11],[-6,0],[0,3],[2,8],[4,7],[4,-2],[2,5],[-1,5],[4,-2],[2,6],[3,-2],[-2,-5],[5,-4],[4,9],[3,-2],[0,4],[-8,4],[2,4],[-20,12],[8,15],[1,0],[1,24],[3,0],[0,5],[2,2],[1,-1],[0,-6],[9,-1],[22,-6],[4,16],[-4,0],[-14,15],[-2,4],[1,4],[-2,3],[1,2],[3,0],[2,11],[-5,1],[1,6],[7,-2],[1,4],[3,-1],[2,15],[39,-9],[-2,-13],[3,-2],[0,-1],[6,6],[1,4],[3,0],[1,-2],[-2,-3],[2,-1],[0,1],[3,-2],[2,3],[1,-1],[1,2],[11,-9],[12,-2],[20,-1],[4,-3],[-11,-14],[-16,-6],[4,-6],[14,4],[5,0],[8,-3],[14,25],[20,-5],[13,-10],[-4,6],[-1,2],[3,2],[4,-2],[0,-4],[1,0],[1,-2],[-1,-1],[-1,-9],[1,-6],[2,1],[3,-4],[3,4],[1,-3],[11,-8],[3,3],[4,-8],[6,0],[4,-16],[0,-7],[-3,-13],[-12,-29],[-12,-17],[-26,-5],[1,-1],[25,5],[10,12],[16,35],[3,20],[-5,16],[5,2],[0,4],[2,0],[0,-2],[6,1],[-1,2],[4,-1],[0,5],[6,-5],[1,-4],[5,3],[2,-3],[3,1],[2,-5],[6,-6],[1,-6],[-1,0],[0,-4],[3,-3],[-3,-2],[3,-12],[-1,-1],[2,-3],[-4,-20],[2,0],[-1,-4],[3,1],[0,-3],[3,0],[3,-6],[4,1],[1,-5],[-2,-1],[-1,-7],[7,-11],[9,-1],[4,14],[-2,3],[2,9],[-2,3],[1,1],[21,-6],[15,-1],[0,-6],[10,0],[1,-9],[5,-1],[2,10],[20,-3],[-3,-18],[2,-1],[-16,-14],[-10,4],[0,3],[-20,-5],[-13,0],[-30,10],[-20,2],[-12,-2],[0,-2],[-4,-1],[-9,-5],[-18,-3],[-32,13],[-3,3],[-1,-6],[-6,-1],[-12,-22],[-4,3],[-1,-1],[-14,16],[5,9],[-13,8],[-13,-20],[2,-25],[-19,-2],[3,-31],[26,-13],[7,10],[4,-5],[4,5],[8,17],[3,10],[17,35],[3,4],[2,-3],[-2,-10],[-27,-59],[-5,-5],[-5,-2],[-5,0],[-5,2],[-5,-6],[4,-2],[2,-4],[0,-5],[-1,-4],[-19,-25],[-5,-2]],[[80300,36269],[-1,-10],[3,-2],[5,11],[-7,1]],[[80299,36250],[-3,2],[-1,-1],[-4,3],[-12,-14],[-1,1],[-1,-7],[3,-2],[2,3],[5,2],[2,-1],[-1,2],[17,15],[-3,4],[-3,-7]],[[80224,36120],[-6,1],[-2,-18],[6,1],[2,16]],[[80150,36100],[1,6],[-3,0],[-1,-6],[3,0]],[[80123,36075],[11,2],[2,15],[-5,0],[0,-2],[-7,-1],[-1,-14]],[[80150,36090],[-6,1],[-1,-9],[6,-2],[1,10]],[[80229,36214],[-3,-18],[11,-2],[2,18],[-10,2]],[[80288,36299],[-4,-8],[4,-5],[5,10],[-5,3]],[[80118,36070],[1,-6],[3,-1],[-6,1],[-1,4],[-5,-1],[0,7],[5,0],[0,-3],[3,-1]],[[80079,36240],[8,1],[0,-1],[2,0],[7,-13],[4,-13],[-15,-1],[1,-3],[-5,-1],[-2,31]],[[80118,36245],[-4,11],[7,4],[5,-13],[-2,-1],[1,-2],[-8,-5],[-2,4],[3,2]],[[80097,36307],[6,-16],[-2,-1],[2,-5],[-5,-3],[-2,4],[-6,-3],[-7,16],[14,8]],[[80271,36363],[6,17],[3,-1],[5,-5],[9,-2],[5,1],[4,3],[-3,-22],[4,-1],[0,-2],[3,0],[4,23],[0,2],[2,0],[2,16],[3,1],[0,5],[4,12],[-1,2],[2,5],[4,0],[-2,-14],[9,-13],[-1,-6],[5,-1],[0,4],[3,1],[0,-3],[7,2],[-1,-9],[3,-4],[11,-11],[4,0],[2,3],[4,0],[4,-9],[5,-4],[1,-6],[-3,-9],[-10,-7],[4,-12],[-7,-19],[-7,6],[-1,-7],[-1,0],[-2,-5],[-24,2],[-24,5],[4,8],[-6,1],[0,4],[-5,1],[-1,-8],[-5,1],[0,4],[-4,1],[0,4],[-4,2],[-4,0],[0,-4],[-24,7],[-1,-2],[2,12],[-8,2],[1,6],[18,23],[2,0]],[[80078,36375],[11,-27],[-4,-2],[6,-15],[-2,-1],[-8,19],[-4,-2],[-1,2],[-5,-1],[-6,16],[3,2],[-3,9],[2,1],[2,-3],[4,2],[3,-1],[2,1]],[[80136,36502],[0,9],[-2,1],[0,4],[1,2],[4,0],[0,2],[3,-2],[2,-10],[2,-1],[21,0],[1,2],[3,-2],[-1,1],[3,4],[2,-1],[-2,2],[9,12],[2,-1],[-1,2],[2,-1],[-2,3],[4,4],[2,-1],[2,12],[1,1],[-2,-15],[-4,-6],[0,-2],[-1,-3],[-2,1],[2,-1],[-12,-25],[-1,-5],[-6,-8],[-1,-8],[-2,-4],[1,-1],[-4,-11],[-7,3],[-1,4],[-6,1],[-2,34],[-2,1],[-1,2],[-4,0],[-1,1]],[[80231,36605],[-3,16],[6,1],[2,-16],[-5,-1]],[[80148,36623],[-1,4],[3,1],[-1,5],[4,-1],[1,3],[-3,0],[-2,9],[-7,2],[-6,6],[18,10],[8,-2],[1,7],[1,-1],[2,5],[2,-2],[4,3],[2,15],[5,-1],[1,5],[15,-6],[-1,-3],[4,-1],[1,-1],[0,-2],[4,-1],[-1,-9],[-4,2],[-1,-6],[2,-6],[6,-13],[1,-12],[-3,-1],[0,4],[-5,-1],[-1,14],[-2,4],[-2,3],[-1,-1],[0,2],[-2,0],[0,-1],[0,2],[-2,1],[-1,-1],[0,-3],[-1,0],[0,4],[-6,0],[0,-2],[-2,-2],[-8,3],[-1,-8],[-4,-7],[1,-3],[-3,-2],[-3,5],[-2,-15],[5,-1],[0,-5],[0,-1],[-5,1],[-1,-9],[5,0],[0,-4],[4,-2],[5,2],[3,0],[0,-2],[-1,0],[-2,-3],[-11,1],[-4,-1],[-2,-5],[0,-11],[-1,-2],[-5,4],[-4,9],[0,9],[3,6],[-2,7],[3,2]],[[80232,36685],[-5,5],[-9,2],[1,19],[-4,1],[2,18],[2,0],[1,4],[0,-8],[3,6],[6,-3],[2,-6],[0,-3],[-4,1],[-2,-11],[12,-2],[5,-7],[0,-9],[-8,-4],[-2,-3]],[[80147,36714],[-6,1],[-3,-17],[9,-5],[-1,-6],[9,-5],[2,4],[5,-3],[-1,-4],[-3,-5],[-4,1],[0,2],[-1,1],[-1,-3],[-1,0],[1,3],[-1,1],[-1,-5],[-2,1],[1,-4],[-2,-1],[0,-3],[-4,-1],[2,-4],[-3,-1],[1,-2],[-8,-4],[-3,6],[-1,16],[-4,18],[-2,5],[2,8],[-5,2],[1,9],[-4,0],[-4,17],[4,2],[1,-11],[3,-3],[-1,-3],[8,4],[0,2],[3,3],[-2,12],[1,1],[0,3],[2,2],[-2,3],[3,3],[-9,12],[6,8],[-2,12],[24,8],[6,-22],[-19,-6],[2,-10],[5,1],[-1,2],[5,1],[7,-25],[2,1],[2,-3],[3,1],[0,-2],[-3,-1],[1,-2],[-5,-1],[0,-4],[-4,1],[-1,-8],[-6,2],[-1,-5]],[[80140,36731],[4,0],[-2,8],[-2,-1],[-3,-4],[1,-1],[2,0],[0,-2]],[[80083,36724],[12,15],[2,-2],[-7,-10],[6,-5],[-1,-1],[-6,2],[-1,-5],[-1,0],[-4,6]],[[79953,36704],[7,12],[13,13],[9,4],[6,6],[8,-1],[6,2],[2,8],[-5,13],[14,-3],[-2,-4],[3,-12],[-4,-2],[0,-5],[-1,-4],[-12,-9],[0,-4],[6,-17],[5,-7],[0,-4],[11,-17],[-2,-3],[-4,-1],[-18,9],[-7,6],[-3,4],[-2,-1],[-5,2],[-4,-7],[-2,1],[-4,-2],[-13,16],[-2,7]],[[80166,36770],[-3,1],[2,1],[-1,6],[2,3],[8,-1],[1,-1],[10,-2],[-2,-15],[-4,1],[0,-4],[-10,2],[-3,9]],[[80213,36781],[-1,-6],[-5,1],[0,-2],[-4,0],[0,-4],[-6,1],[1,3],[-5,0],[2,11],[18,-4]],[[80048,36790],[1,7],[2,0],[3,-7],[12,-14],[-1,-5],[-7,4],[0,-8],[-3,1],[-3,-10],[0,-2],[2,-1],[0,-11],[-3,-5],[-11,2],[-5,13],[0,3],[6,8],[3,2],[1,4],[2,-1],[0,13],[-1,0],[0,3],[-2,0],[0,5],[4,-1]],[[80169,36834],[9,-3],[-2,-10],[4,-1],[-1,-4],[7,-1],[-1,-5],[-10,2],[-1,-10],[-1,0],[-2,-10],[-5,1],[1,6],[-4,0],[0,5],[-3,0],[1,3],[-7,1],[-4,-2],[-8,15],[4,2],[1,3],[-8,1],[-1,1],[2,11],[29,-7],[0,2]],[[80142,36849],[6,38],[-14,3],[0,18],[6,-1],[1,7],[23,-6],[7,-8],[-4,-16],[13,-3],[-6,-39],[-32,7]],[[80125,36928],[0,-13],[-42,1],[-1,5],[17,22],[5,-1],[1,1],[-2,5],[4,13],[11,22],[6,-14],[7,1],[-2,-15],[8,-2],[0,-5],[3,-3],[0,-10],[-14,3],[2,-10],[-2,1],[-1,2],[-18,5],[1,-4],[17,-4]],[[80138,36999],[26,-5],[-4,-22],[5,-3],[-3,-20],[-17,3],[-11,18],[1,2],[-1,3],[4,24]],[[79980,37070],[14,10],[0,3],[-13,24],[-1,-1],[1,-2],[-6,-5],[-3,9],[11,6],[2,-4],[10,7],[-1,3],[4,5],[1,4],[0,1],[-10,-5],[-13,-11],[-1,1],[-4,-1],[-2,7],[2,12],[-3,-2],[0,2],[-1,10],[3,1],[0,7],[-3,-1],[0,25],[7,3],[4,-15],[-1,-10],[44,19],[-7,24],[28,11],[-5,14],[7,3],[3,-7],[-2,-3],[1,-5],[3,2],[3,-9],[2,1],[1,-2],[-2,-1],[3,-10],[2,1],[1,-2],[-1,-8],[4,0],[-1,-6],[11,-2],[-1,-3],[10,-2],[-2,-11],[11,-2],[-3,-24],[-6,2],[0,1],[-3,1],[0,-2],[-4,1],[-2,-11],[3,0],[-1,-2],[-1,1],[-1,-6],[2,0],[-1,-4],[11,-2],[-2,-12],[-11,2],[-3,-21],[21,-4],[-1,-5],[2,-2],[-1,-5],[-18,4],[-1,-5],[3,0],[-1,-7],[6,-1],[0,-5],[-3,-1],[-4,-27],[-18,-8],[-6,12],[-8,7],[-35,23],[-5,-4],[-10,8],[-4,6],[-5,5]],[[80131,37174],[5,-15],[2,0],[0,-2],[0,-2],[-2,1],[0,-5],[-14,4],[1,3],[-4,1],[-3,9],[0,2],[11,4],[4,0]],[[80110,37212],[9,4],[1,-6],[4,1],[1,-4],[-2,-1],[1,-5],[-16,-7],[-4,8],[8,3],[-2,7]],[[80086,37263],[19,8],[3,-9],[-20,-8],[-2,9]],[[79936,37235],[3,-5],[-5,-10],[-3,1],[2,3],[-4,1],[-6,1],[-5,-9],[-5,-4],[-3,-1],[-1,2],[-4,-2],[-1,-3],[-2,1],[-1,-2],[-7,3],[7,22],[4,-2],[1,4],[-2,2],[4,2],[5,-4],[1,5],[6,4],[0,6],[-4,10],[8,4],[2,-1],[1,2],[1,0],[0,-5],[4,0],[0,-4],[-5,-9],[-1,-1],[2,-5],[8,-6]],[[80023,37253],[7,-24],[-8,-3],[-7,23],[-3,-1],[-1,2],[-5,-3],[-9,-3],[1,-2],[-2,-1],[0,-2],[-20,-10],[-8,26],[-1,10],[-1,2],[-1,19],[11,5],[-6,19],[82,34],[20,-63],[-7,-6],[-6,-1],[-13,-6],[-1,-1],[1,-4],[-23,-10]],[[79908,37286],[13,5],[1,-3],[5,0],[14,7],[3,3],[1,-2],[1,1],[8,-14],[-3,-1],[1,-8],[-3,0],[-1,-3],[-5,-3],[-5,12],[-6,-4],[-5,-1],[-1,1],[-5,-2],[1,-2],[-8,-3],[-6,-4],[-11,-3],[-4,9],[-2,0],[3,8],[9,4],[1,-2],[4,3],[0,2]],[[79949,37342],[18,13],[-1,2],[-2,-1],[-7,10],[-6,-5],[-23,33],[29,17],[0,2],[-7,14],[-37,-22],[-1,-2],[13,-9],[-5,-11],[-17,12],[-3,0],[1,-23],[-1,-3],[-10,9],[-3,4],[-7,15],[-2,8],[4,-1],[3,-6],[24,15],[-3,6],[62,39],[16,-28],[44,19],[13,-41],[-36,-15],[14,-26],[4,2],[-2,7],[27,11],[-4,13],[-18,-7],[-2,6],[22,8],[13,-41],[-32,-13],[7,-12],[-46,-21],[-3,9],[1,2],[-5,17],[-8,-5],[3,-6],[-23,-13],[-2,5],[3,2],[-5,11]],[[79963,37356],[-16,-13],[-2,4],[-3,-2],[-6,9],[-3,-3],[-4,3],[15,14],[7,-10],[6,6],[6,-8]],[[79909,37370],[-6,3],[-1,20],[18,-13],[7,12],[16,-22],[-18,-17],[-9,6],[-1,7],[-5,2],[-1,2]],[[79868,37478],[-7,18],[-3,-2],[-2,4],[-11,-6],[-3,5],[4,1],[26,14],[6,-21],[-10,-13]],[[77359,57056],[0,4],[11,-2],[-1,-3],[4,-1],[-1,-6],[6,-1],[0,2],[4,-1],[-6,-43],[-47,9],[5,34],[20,-4],[1,13],[4,-1]],[[77391,57085],[14,-3],[2,-3],[-11,-77],[2,-6],[-4,1],[-4,5],[-12,3],[1,13],[2,0],[2,16],[-1,0],[1,8],[4,-1],[3,20],[-2,1],[3,23]],[[77159,60269],[8,-2],[-2,-18],[-38,8],[3,14],[6,-2],[0,2],[9,2],[1,5],[1,8],[-3,4],[8,9],[4,-1],[2,1],[5,-2],[4,0],[-2,-15],[-4,1],[-2,-14]],[[77099,60285],[-18,12],[9,15],[-16,12],[6,13],[-8,6],[5,9],[9,-9],[3,-2],[1,1],[28,-22],[1,-4],[-4,-7],[10,-8],[-2,-15],[-5,-9],[-11,9],[-2,-4],[-3,3],[-3,0]],[[80636,35379],[-5,11],[-5,7],[-6,3],[-3,0],[-4,5],[-9,6],[9,-1],[15,-12],[11,-14],[17,-14],[7,-17],[1,-3],[-2,-2],[-7,-6],[-10,-3],[-4,-8],[17,-29],[1,-4],[0,-8],[4,-9],[1,-12],[3,-11],[-3,-5],[-1,-6],[-6,-4],[-13,2],[-18,7],[-13,1],[-13,12],[-5,9],[-6,4],[3,23],[10,-12],[16,34],[5,8],[6,1],[4,33],[-3,6],[6,8]],[[80545,35356],[0,-2],[5,-3],[0,-1],[-12,-7],[-23,38],[5,26],[12,9],[23,1],[-9,-18],[-7,-27],[10,-10],[-4,-6]],[[80541,35671],[-13,-15],[-4,-9],[-4,2],[-1,-9],[1,0],[-3,-4],[-1,5],[-16,3],[2,23],[8,-1],[2,14],[-8,2],[0,4],[22,-6],[2,13],[2,0],[0,2],[3,-1],[8,-23]],[[80552,35750],[0,3],[3,-1],[3,4],[1,-1],[1,4],[1,-1],[-1,-10],[-8,2]],[[80517,35762],[-9,15],[4,1],[17,-23],[0,-2],[12,-3],[-1,-2],[-3,1],[-1,-3],[-1,0],[-13,4],[-9,4],[4,8]],[[80413,35775],[-2,0],[0,3],[1,7],[3,-1],[0,4],[15,-3],[-3,-18],[-14,3],[0,5]],[[80469,35817],[3,-1],[0,-5],[2,-2],[1,-9],[2,-2],[-1,-5],[26,-6],[-1,-5],[-5,-6],[3,-4],[-2,-3],[-3,2],[-2,-1],[-1,1],[-6,-5],[0,1],[-10,-3],[-2,6],[-16,3],[1,7],[-5,2],[5,32],[-2,1],[-2,-16],[-10,2],[5,29],[9,-2],[3,3],[3,25],[7,0],[7,-3],[-1,-5],[4,0],[-2,-12],[-2,0],[-2,-18],[-7,2],[-1,-2],[1,-6],[2,-1],[-1,6]],[[80379,35846],[-2,-12],[-2,1],[1,3],[-3,1],[-1,7],[6,-1],[1,1]],[[80476,35883],[-5,-8],[-1,-10],[-6,1],[-6,-36],[-12,3],[2,14],[2,0],[0,2],[-6,21],[-4,1],[2,8],[15,-3],[0,2],[-11,2],[-3,8],[-5,1],[4,27],[9,-2],[0,-4],[9,-1],[2,1],[6,0],[2,5],[11,2],[-2,-16],[-9,-18],[6,0]],[[80559,35894],[-1,-4],[7,-2],[-1,-3],[4,-7],[-8,-6],[-9,3],[-1,4],[0,7],[-2,3],[1,2],[2,-1],[3,8],[5,-4]],[[80479,35879],[2,17],[3,-1],[0,2],[-5,1],[2,2],[6,-1],[-1,-6],[4,-1],[-1,-3],[3,-1],[4,21],[-7,1],[0,3],[-6,1],[0,1],[7,-1],[0,8],[6,2],[2,-4],[2,1],[1,5],[7,1],[-5,-18],[1,-3],[12,-3],[1,10],[1,-9],[2,0],[-1,-8],[-3,0],[-1,-4],[2,0],[0,-14],[2,-1],[-27,5],[-2,-9],[-3,-1],[0,4],[-8,3]],[[80615,35936],[0,-4],[-4,1],[3,17],[32,-7],[0,-2],[-25,5],[-1,-11],[-5,1]],[[80390,35940],[9,-9],[10,-25],[5,-7],[-7,-56],[-75,14],[-2,13],[-4,6],[13,95],[1,1],[31,-17],[19,-15]],[[80587,35945],[-9,4],[-2,4],[5,2],[11,-2],[-2,-13],[-3,5]],[[80458,35927],[1,7],[13,-3],[-1,-6],[7,-1],[-1,-4],[-16,4],[0,2],[-3,1]],[[80609,35959],[9,-2],[-5,-5],[-4,7]],[[80609,35959],[-10,2],[-5,-3],[0,8],[8,-4],[7,-1],[0,-2]],[[80611,36014],[-4,-21],[-5,-4],[-16,1],[3,19],[8,-1],[1,9],[13,-3]],[[80573,35985],[0,4],[-4,-1],[-2,8],[-1,-1],[-1,6],[-1,-1],[-2,13],[-2,-1],[1,7],[-2,2],[-2,-1],[1,3],[-3,0],[1,6],[-5,8],[-2,11],[16,-4],[-3,-20],[4,-1],[0,3],[3,0],[4,-3],[-1,-3],[9,-2],[-4,-25],[8,-5],[3,-11],[-5,1],[-1,-10],[-12,2],[-2,2],[-1,4],[6,9]],[[80625,36019],[0,-4],[4,-1],[-2,-4],[-22,6],[-2,3],[3,0],[0,5],[5,-1],[-1,-2],[8,-3],[1,4],[0,-2],[6,-1]],[[80540,36018],[3,6],[-2,-14],[3,-1],[-1,-5],[15,-3],[-3,-21],[-65,13],[2,17],[-1,2],[-7,1],[11,20],[37,-6],[3,-10],[3,-1],[2,2]],[[80490,36010],[-1,-15],[-1,-1],[-16,3],[-9,-3],[0,2],[0,-2],[0,-2],[9,3],[5,-1],[74,-15],[-1,-4],[-41,8],[-2,0],[0,-1],[-9,2],[-6,4],[-4,0],[-5,-31],[1,-20],[-6,1],[-1,-6],[-6,1],[1,6],[-12,2],[2,10],[-15,4],[1,4],[-2,1],[-31,5],[0,-3],[-13,0],[-18,3],[-7,-9],[-5,2],[-29,17],[-2,3],[-6,4],[-23,27],[12,4],[20,26],[1,9],[-5,7],[3,4],[6,-2],[6,1],[5,3],[5,5],[26,58],[3,16],[4,0],[26,-12],[24,4],[8,5],[9,-2],[-9,-51],[2,-23],[11,-9],[-5,-37],[26,-5]],[[80539,36019],[-3,0],[-1,7],[6,-1],[-2,-6]],[[80583,36019],[5,28],[0,0],[-3,-29],[-2,1]],[[80482,36014],[-11,1],[-3,4],[-1,4],[3,19],[10,-1],[12,-7],[-10,-20]],[[80532,36028],[6,39],[3,0],[6,-16],[4,-17],[-3,-2],[-1,-6],[-15,2]],[[80459,36061],[-2,24],[4,20],[7,-2],[5,30],[9,-4],[0,-6],[9,-2],[-2,-18],[22,-4],[0,-9],[6,-1],[0,5],[9,-3],[1,4],[1,-2],[0,-5],[2,-1],[0,-4],[1,0],[0,-4],[-2,1],[0,-4],[-3,0],[-1,-4],[13,-3],[-6,-41],[-39,6],[-13,8],[-11,2],[1,10],[-11,7]],[[80591,36069],[-12,3],[3,20],[7,-1],[1,6],[-3,0],[1,7],[-5,0],[2,8],[-9,1],[-3,3],[4,9],[5,5],[-3,4],[5,3],[1,-2],[3,2],[-3,5],[5,3],[0,-2],[18,-4],[0,5],[2,-1],[0,-4],[8,-2],[-1,-6],[-8,2],[-5,-32],[7,-2],[-6,-40],[-16,3],[2,7]],[[80561,36097],[2,9],[12,-3],[-7,-40],[-24,5],[1,3],[-8,16],[-3,1],[1,7],[10,-2],[1,7],[15,-3]],[[80568,36114],[-5,0],[-2,3],[2,2],[5,-5]],[[80490,36135],[-4,1],[-1,-3],[-2,0],[-4,2],[0,3],[-3,0],[0,2],[15,-3],[-1,-2]],[[80479,36296],[2,5],[6,0],[1,-4],[-2,-3],[-7,2]],[[80401,36305],[0,6],[2,1],[5,-7],[-1,-1],[-3,3],[-1,-1],[1,-6],[-5,-4],[5,-7],[-1,-7],[-3,4],[-2,8],[-4,0],[-2,9],[3,-2],[6,4]],[[80567,36330],[1,-4],[-7,-2],[-1,4],[-4,-1],[0,3],[3,1],[-2,4],[3,6],[7,-11]],[[80434,36330],[-11,-9],[-4,-6],[-6,3],[7,8],[4,-2],[2,9],[3,-1],[0,4],[5,-1],[0,-5]],[[80457,36373],[-3,-11],[-4,1],[-2,-9],[-8,2],[7,14],[0,8],[-3,0],[0,7],[8,-1],[0,-3],[2,-7],[3,-1]],[[80284,36577],[-2,-4],[-4,-4],[-2,-7],[-3,1],[-6,4],[-2,5],[-4,3],[-4,-1],[-2,3],[-4,9],[-5,5],[-7,3],[0,2],[-1,-1],[-1,3],[2,-1],[3,6],[8,-5],[4,6],[8,-7],[1,2],[-2,2],[5,7],[1,-1],[3,6],[2,-3],[7,11],[4,-2],[2,-5],[-1,-6],[5,-6],[-7,-12],[2,-13]],[[80358,36635],[-3,8],[-8,7],[-6,11],[-2,17],[-7,15],[1,10],[-6,5],[-1,7],[-2,-2],[-3,-21],[2,-29],[-2,1],[0,-3],[-7,1],[-6,6],[-5,26],[-6,-4],[5,-9],[-5,-4],[-13,11],[0,1],[-5,-2],[-2,-4],[-2,0],[-5,5],[-1,6],[-4,3],[0,1],[5,-3],[0,4],[2,3],[0,2],[9,2],[13,-4],[2,6],[-4,1],[7,27],[1,1],[-3,4],[2,2],[-5,4],[0,4],[3,1],[-2,5],[3,6],[-3,1],[0,1],[3,23],[4,0],[1,5],[5,-1],[0,-4],[8,-1],[-1,-11],[-8,1],[1,5],[-5,1],[-1,-10],[24,-4],[0,5],[6,-1],[-1,-4],[7,-2],[2,11],[1,0],[0,5],[5,2],[1,-5],[4,2],[-1,4],[6,2],[1,-4],[4,2],[-8,-53],[4,-1],[6,3],[10,-1],[0,5],[8,2],[1,-4],[0,11],[6,0],[-2,-1],[0,-9],[-2,-3],[2,-3],[-2,2],[-7,-4],[-9,2],[-8,-2],[4,-19],[6,-12],[0,-15],[2,-1],[2,2],[-2,-2],[0,-3],[-5,-4],[0,-2],[4,-20],[6,-14],[0,-13],[6,-7],[6,-4],[4,-8],[-2,-1],[-10,6],[-4,6],[-9,6],[-2,4],[-6,6],[-2,0]],[[80240,36629],[-10,12],[-4,1],[-1,5],[4,10],[1,8],[7,9],[12,-9],[2,4],[2,-1],[2,-2],[-2,-3],[18,-11],[0,-4],[-13,1],[-4,4],[-1,-3],[-1,1],[1,3],[-2,2],[-1,-3],[1,3],[-1,0],[-3,-5],[1,-1],[0,-3],[5,-7],[-1,-4],[0,-3],[-3,-6],[-1,-1],[-4,4],[-4,-1]],[[80486,36782],[1,-3],[-2,-1],[-1,-2],[3,-1],[-3,-9],[13,-2],[3,4],[2,15],[30,-1],[0,-5],[-14,-5],[-3,-15],[-6,1],[1,-8],[5,1],[1,-2],[-9,-1],[1,-5],[-2,-1],[-4,-7],[-5,-4],[-1,-11],[-1,0],[-6,-17],[0,-4],[-2,0],[-3,-5],[-20,4],[1,6],[2,-1],[1,6],[-4,0],[1,3],[1,0],[6,31],[0,2],[-3,0],[2,10],[1,0],[0,9],[2,3],[4,-1],[1,5],[-4,1],[0,3],[4,24],[2,0],[0,3],[0,10],[-3,-2],[-1,5],[0,2],[3,1],[0,3],[1,0],[0,4],[-2,0],[0,21],[-8,1],[-2,13],[-4,2],[4,7],[-4,2],[-3,5],[-8,1],[1,4],[3,-1],[3,4],[13,-6],[3,0],[-1,-4],[4,0],[4,-7],[4,-15],[1,-21],[-1,0],[0,-5],[5,-32],[-7,-2],[2,-6],[-3,-2],[0,-3],[1,1]],[[80447,36768],[-6,-12],[-7,-7],[1,-1],[-2,-2],[-4,5],[11,12],[6,11],[4,1],[-1,-8],[-2,1]],[[80404,36749],[8,13],[3,8],[3,-2],[-2,-2],[2,-2],[-3,-5],[-8,-11],[-3,1]],[[80373,36746],[-7,2],[-1,-6],[-2,0],[1,4],[-7,1],[4,23],[15,-3],[-3,-21]],[[80470,36802],[-27,-22],[-10,-15],[-13,-15],[-6,-12],[-6,5],[1,3],[-1,2],[28,38],[0,1],[3,-2],[5,6],[-2,3],[2,1],[1,-1],[1,1],[0,1],[18,11],[-1,2],[4,2],[1,-3],[3,4],[3,-6],[-3,-2],[-1,-2]],[[80469,36818],[-15,-6],[-1,3],[1,8],[2,3],[11,2],[0,-2],[4,1],[0,-6],[-3,-1],[1,-2]],[[80430,36845],[-6,-50],[-58,10],[3,20],[6,-1],[2,16],[5,1],[1,3],[2,0],[1,6],[8,0],[1,4],[34,-6],[0,-3],[1,0]],[[80279,36835],[-14,7],[1,10],[20,-9],[-1,-4],[-5,0],[-1,-4]],[[80406,36886],[-1,-5],[-7,1],[6,30],[2,-1],[1,4],[4,-1],[-1,-4],[3,0],[-4,-24],[-3,0]],[[80355,36895],[2,15],[6,7],[3,-1],[2,2],[5,0],[-2,-10],[-3,1],[-1,-7],[15,-3],[-3,-20],[-4,1],[-2,-3],[-2,1],[1,7],[-9,1],[-7,5],[-1,4]],[[80476,36907],[-34,7],[2,10],[33,-7],[0,-3],[3,-1],[0,-2],[-4,0],[0,-4]],[[80236,36879],[-15,2],[-5,4],[0,2],[-2,0],[0,5],[-6,1],[2,7],[2,-1],[1,6],[1,-1],[1,5],[-1,0],[1,5],[-3,1],[4,12],[-5,1],[0,3],[4,0],[1,10],[9,-1],[7,5],[8,0],[12,-5],[-3,-26],[1,-1],[-3,-26],[-3,-4],[-8,-4]],[[80307,37131],[-13,-2],[10,-6],[2,-4],[2,0],[-1,-2],[3,-4],[-1,-4],[-20,-12],[-4,0],[-13,4],[-7,0],[-8,-3],[-8,-5],[-6,-2],[-6,1],[-11,6],[-8,-1],[5,31],[3,0],[0,4],[20,1],[5,2],[16,16],[9,14],[43,6],[2,-10],[1,1],[1,-5],[-1,-2],[2,-13],[-3,7],[-3,0],[-2,-9],[-4,-2],[0,-4],[-5,-3]],[[80205,37135],[-22,-1],[-1,9],[-4,-2],[-10,32],[22,10],[1,-3],[-4,-2],[13,-39],[0,-1],[4,2],[1,-5]],[[80185,37218],[8,-26],[-4,-2],[-8,27],[4,1]],[[80264,37449],[5,2],[8,-13],[-7,-7],[-14,2],[5,17],[3,-1]],[[80322,37636],[39,-8],[0,-2],[5,-1],[-4,-25],[-8,1],[-5,-35],[-55,11],[3,21],[16,-3],[3,22],[3,-1],[3,20]],[[80124,39204],[-1,6],[2,1],[1,-7],[-2,0]],[[80649,35942],[46,-9],[1,-14],[-3,-1],[-8,2],[13,-10],[0,-5],[-3,-2],[3,0],[2,-4],[-44,9],[-4,6],[-5,12],[2,16]],[[80630,35938],[11,-2],[-2,-12],[-11,3],[2,11]],[[80687,35945],[2,0],[-1,-8],[-2,0],[1,8]],[[80665,35941],[-7,2],[0,3],[7,-1],[0,-4]],[[80694,35947],[-3,13],[-8,3],[-9,9],[-5,3],[-4,-1],[-3,10],[-15,12],[-11,-1],[-10,-4],[-1,1],[13,6],[-2,12],[1,3],[3,-1],[0,1],[-3,1],[15,-2],[1,3],[3,0],[2,-11],[8,-6],[15,-3],[15,8],[2,-1],[-1,-2],[-2,-2],[-12,-5],[-4,-17],[8,-9],[4,-1],[3,-5],[3,-14],[-2,-11],[-3,0],[2,11]],[[80654,35993],[2,5],[-3,5],[-7,1],[0,-5],[2,-2],[6,-4]],[[80657,35990],[6,-4],[1,3],[-6,4],[-1,-3]],[[80656,35953],[3,21],[-1,7],[-4,2],[-24,4],[-2,-14],[3,0],[-1,-5],[-3,1],[-2,-10],[-8,1],[3,25],[6,-1],[0,4],[-2,1],[2,1],[29,-5],[4,-3],[2,-8],[-3,-21],[-2,0]],[[80677,36009],[12,-3],[6,-1],[-1,-2],[-18,4],[1,2]],[[80696,36018],[-9,11],[2,6],[4,-5],[11,-3],[-1,-2],[6,0],[3,3],[2,-2],[-5,-4],[-6,0],[-5,-3],[1,-8],[-2,1],[-1,6]],[[80718,36037],[12,-3],[3,16],[3,0],[0,0],[-6,8],[-1,4],[0,4],[-3,3],[-7,1],[0,2],[4,3],[0,3],[-72,66],[-2,1],[1,2],[-6,6],[-2,-3],[4,-3],[-3,-4],[-3,0],[-1,-4],[-1,0],[1,4],[-4,1],[-1,2],[1,1],[0,10],[3,-3],[4,4],[11,-10],[-1,-2],[67,-62],[1,2],[-4,7],[3,4],[-4,4],[3,10],[-2,3],[19,25],[-2,2],[15,23],[-27,26],[-42,3],[2,3],[36,-3],[-26,23],[1,2],[28,-25],[91,-7],[2,-3],[-89,6],[37,-35],[4,6],[23,-19],[5,1],[4,-3],[7,12],[7,-5],[-5,-8],[-2,1],[-6,-7],[7,-6],[0,-4],[-7,-1],[2,-10],[3,0],[0,-2],[-3,0],[1,-2],[5,1],[0,-5],[6,0],[-2,-7],[-3,-2],[-6,2],[-4,21],[-2,5],[-6,5],[-10,-1],[-16,-4],[-15,-10],[-11,-10],[-5,-11],[5,-17],[-2,-11],[3,-8],[7,-8],[5,-2],[-2,-9],[-5,-5],[-6,-2],[-8,0],[1,2],[-9,2],[-8,-2],[-1,-3],[-3,2],[2,4],[7,3]],[[80729,36086],[-7,8],[1,-10],[-1,-3],[10,-9],[-3,14]],[[80681,36046],[0,2],[8,0],[-1,-6],[2,-1],[-4,-11],[6,-9],[-10,6],[2,12],[-15,3],[0,2],[2,0],[0,5],[7,0],[0,-2],[3,-1]],[[80652,36067],[3,23],[2,0],[-3,-23],[-2,0]],[[80664,36104],[1,19],[22,-20],[-2,-13],[-24,5],[1,9],[2,0]],[[80646,36136],[6,-2],[-1,-13],[-8,2],[3,13]],[[80806,36163],[4,5],[-3,-13],[-1,6],[0,2]],[[80819,36196],[7,-13],[-2,-3],[-1,-9],[3,-4],[-1,-5],[-2,-2],[-4,2],[5,-6],[-2,-14],[-13,11],[3,17],[3,4],[-3,18],[-4,5],[11,-1]],[[80763,36169],[-8,8],[2,4],[0,4],[4,-1],[-2,-5],[7,-7],[-3,-3]],[[80600,36151],[-4,3],[6,6],[4,-6],[-5,0],[-1,-3]],[[80773,36331],[-9,2],[1,6],[9,-2],[-1,-6]],[[80596,36300],[-3,22],[6,1],[-2,9],[7,1],[0,-3],[3,1],[0,-4],[2,-1],[-4,0],[0,-2],[10,2],[4,-33],[-6,0],[-1,7],[-5,0],[0,1],[-11,-1]],[[80640,36320],[2,-21],[-4,-1],[-8,15],[0,8],[2,7],[9,-2],[-1,-6]],[[80658,36293],[-4,15],[1,19],[-3,7],[1,0],[-2,5],[13,7],[3,-12],[-2,-25],[2,-8],[-1,-7],[-6,-3],[-2,2]],[[80807,36398],[6,-15],[-2,-5],[-2,-26],[6,-17],[2,-11],[-1,-5],[-4,-10],[-2,2],[5,15],[-1,10],[-2,3],[-4,12],[0,28],[-1,2],[1,11],[-2,6],[1,0]],[[80806,36417],[-20,5],[0,2],[20,-5],[3,7],[1,-1],[-5,11],[0,5],[-3,4],[-1,-3],[-4,0],[0,7],[-7,1],[2,15],[-2,0],[1,4],[18,-3],[2,5],[1,-1],[1,4],[2,-1],[7,23],[-5,1],[1,4],[-4,1],[1,7],[15,-3],[-2,-6],[-2,0],[-1,-6],[-3,-2],[-2,-4],[3,-5],[0,-2],[-2,2],[0,-7],[-3,-1],[-2,-8],[-4,-4],[-4,0],[-4,-4],[-2,1],[1,-4],[-2,-1],[0,-3],[-4,-1],[7,-5],[5,-15],[3,-4],[-2,-9],[-1,-1],[-1,-17],[-3,1],[1,16]],[[80782,36489],[11,17],[3,2],[1,-1],[-3,-21],[-12,3]],[[80811,36614],[-2,-3],[-5,1],[2,13],[7,-3],[-2,-8]],[[80831,36621],[-9,6],[-9,-2],[-7,12],[-1,-6],[-7,1],[0,2],[-5,-1],[0,-2],[-2,0],[1,-3],[-2,-2],[-7,2],[4,6],[2,12],[2,1],[0,5],[2,16],[-4,14],[-4,4],[-2,0],[-5,2],[-4,-1],[-2,-3],[-7,5],[-5,1],[0,2],[-8,-2],[-2,5],[0,4],[2,3],[3,1],[7,-2],[-2,6],[4,2],[2,-3],[1,1],[5,7],[1,6],[2,-1],[-2,1],[-4,0],[3,1],[0,2],[-3,5],[-2,0],[-3,13],[3,11],[5,3],[4,5],[-1,3],[0,14],[5,10],[7,-1],[2,-3],[-1,-5],[5,-8],[0,-5],[-2,1],[-8,-3],[0,2],[-2,0],[-13,-21],[0,-5],[11,-17],[0,-5],[3,1],[2,-2],[3,-9],[2,-2],[6,0],[1,-2],[0,-2],[6,-2],[9,3],[9,-8],[0,-16],[-5,-2],[-1,-7],[2,-4],[4,-2],[0,-2],[2,-6],[3,-2],[1,-6],[8,-14],[0,-2],[-4,-2],[4,-5],[-3,0],[2,-1],[1,-7],[-2,0],[-1,5]],[[80842,37198],[4,-11],[-8,-5],[-3,-5],[6,-8],[3,-4],[0,-4],[5,-8],[-8,-6],[-14,25],[-2,-1],[1,-1],[-6,-4],[-4,3],[5,30],[17,-2],[4,1]],[[80822,37300],[-1,-18],[2,0],[-1,-8],[3,-2],[-1,-5],[4,-24],[3,-1],[-5,-31],[-9,2],[0,2],[-3,1],[2,5],[-4,2],[3,19],[-13,22],[3,11],[2,0],[1,7],[-2,1],[0,2],[5,9],[1,7],[-7,2],[0,4],[-4,1],[5,9],[1,-1],[-1,-3],[7,-1],[3,-4],[-1,-4],[2,-1],[0,1],[5,-4]],[[80868,37321],[2,3],[-5,9],[-9,22],[1,1],[14,-32],[-2,-6],[-1,-1],[0,4]],[[80602,37339],[-23,5],[-1,9],[2,5],[14,6],[3,-2],[-2,-12],[2,-1],[2,14],[7,-4],[-4,-20]],[[80898,37389],[-9,19],[-1,35],[1,2],[2,-37],[9,-18],[3,-16],[-3,-3],[-2,0],[-18,11],[0,1],[4,-1],[3,-4],[12,-6],[2,3],[-3,14]],[[80751,37507],[-6,2],[1,4],[4,0],[3,-5],[-2,-1]],[[80507,37574],[3,-4],[-3,-10],[4,-18],[-4,-8],[6,-3],[4,-9],[25,-7],[12,9],[2,-1],[0,-4],[8,-12],[-1,-4],[4,-3],[1,-4],[2,0],[4,-13],[-2,-23],[0,-5],[4,0],[1,-16],[-3,0],[0,-10],[2,0],[1,-4],[-3,-1],[9,-23],[1,-2],[21,4],[-2,-4],[-17,-1],[-6,-15],[-2,0],[-1,-26],[2,3],[-1,2],[7,3],[1,-2],[-6,-3],[-4,-6],[2,-10],[-3,-21],[-17,3],[-2,-1],[-7,1],[-5,27],[-66,13],[0,4],[-3,1],[0,2],[-31,27],[0,2],[8,-2],[2,11],[-6,1],[1,6],[-5,1],[-3,-17],[-2,1],[0,21],[-39,125],[14,86],[53,-17],[-2,-12],[14,-3],[10,-27],[7,-2],[1,11],[4,5],[-4,8],[0,3],[2,0],[8,-27]],[[80944,37623],[-11,32],[3,0],[9,-28],[4,-3],[6,-13],[-1,-11],[5,-20],[-1,-23],[2,-9],[-2,-12],[1,-4],[-12,6],[0,6],[2,-1],[3,22],[4,-1],[0,12],[-5,24],[1,9],[-6,13],[-2,1]],[[80812,37646],[-4,-18],[-11,3],[0,5],[-8,2],[7,9],[16,-1]],[[80659,37684],[-7,-7],[-11,-3],[2,8],[3,5],[13,-3]],[[80978,37767],[-48,-52],[-10,-17],[-8,1],[-4,6],[-8,2],[1,7],[-19,3],[1,5],[-5,1],[3,7],[-7,1],[2,5],[-4,1],[2,5],[-10,5],[6,16],[11,12],[14,7],[16,5],[36,0],[7,0],[8,-3],[0,-12],[4,0],[12,-5]],[[81031,37855],[13,5],[8,-2],[3,-3],[10,-19],[13,-10],[7,-3],[-1,-4],[-1,-1],[-7,0],[-11,4],[-11,-3],[-11,-6],[-9,-3],[-1,2],[2,2],[7,1],[12,7],[13,3],[3,-2],[2,2],[-11,13],[-10,18],[-8,1],[-12,-5],[0,3]],[[80488,37904],[1,6],[3,-7],[0,-4],[-4,-1],[0,6]],[[80482,38060],[2,2],[-1,-5],[1,-5],[24,-18],[2,-26],[24,-17],[-11,-70],[-12,-7],[-14,-17],[1,10],[4,7],[15,20],[2,10],[0,10],[-6,20],[-4,9],[-17,29],[-2,7],[-6,11],[-1,5],[-1,25]],[[80661,38110],[-9,2],[-1,-4],[-5,1],[0,5],[-5,3],[-1,-5],[-14,3],[-2,0],[0,-2],[-38,3],[-7,-2],[-6,-4],[-12,-20],[-9,-6],[-10,0],[-20,4],[-9,-1],[-22,-12],[-10,-9],[-4,-10],[-1,-11],[1,-10],[5,-11],[28,-51],[6,-20],[0,-8],[-2,-9],[-14,-19],[-5,-13],[-6,11],[-6,1],[8,56],[-10,2],[-5,11],[2,6],[-5,1],[-7,18],[-14,2],[-19,-12],[-1,-2],[-12,-10],[-3,9],[-13,7],[11,11],[6,13],[16,-3],[37,36],[1,6],[5,-1],[2,8],[7,3],[17,13],[12,4],[8,-1],[3,-3],[8,-2],[2,11],[7,-2],[3,5],[1,19],[10,13],[1,10],[6,-2],[16,3],[8,-1],[0,2],[86,-17],[-1,-6],[13,-2],[-1,-9],[-5,-8],[-6,3],[-1,-2],[-1,1],[-6,-5],[-3,1],[0,2],[-5,6]],[[80558,38083],[5,4],[4,6],[-6,-21],[-17,3],[-6,6],[9,-2],[11,4]],[[81108,39040],[5,-3],[2,1],[3,9],[14,-6],[5,3],[2,-1],[-8,-8],[-7,1],[-14,-6],[-20,-19],[0,-3],[3,-1],[1,5],[19,17],[12,6],[6,-3],[-39,-39],[-22,28],[20,21],[1,-2],[7,2],[8,-7],[2,5]],[[81148,39440],[15,-13],[-2,-6],[-1,-11],[-6,6],[2,3],[-2,1],[-2,-3],[-1,0],[2,3],[-2,2],[-2,-5],[-4,-2],[1,14],[2,3],[-4,4],[-4,8],[5,2],[3,-6]],[[81136,39435],[-1,-5],[-5,2],[-2,12],[6,3],[0,-4],[-1,-8],[3,0]],[[81123,39482],[-1,0],[0,2],[-7,6],[3,2],[-6,6],[2,2],[-1,2],[4,-1],[0,-5],[4,-4],[6,4],[6,-7],[-4,-3],[1,-3],[-4,-3],[-1,3],[-2,-1]],[[80968,39496],[-6,-3],[-7,2],[-3,-1],[-9,-9],[-6,-9],[-2,-8],[-3,-4],[-32,6],[5,41],[63,-12],[0,-3]],[[81182,39630],[-3,-13],[-10,-19],[-8,-25],[-9,-41],[-2,-17],[-7,2],[-5,4],[-10,-1],[-18,3],[29,50],[12,31],[5,17],[1,13],[-3,11],[-8,6],[-6,-3],[-7,2],[-5,6],[-1,8],[5,8],[1,1],[4,-1],[3,2],[17,3],[3,2],[2,0],[16,3],[5,0],[2,-3],[2,2],[9,-8],[16,-18],[5,1],[0,-8],[1,-2],[13,-9],[2,-3],[-2,-3],[-13,3],[-18,0],[-10,4],[-3,-2],[-5,-6]],[[80948,41305],[4,25],[-15,5],[-8,-5],[-9,-12],[-3,5],[-2,1],[2,5],[-3,2],[-3,-3],[-46,70],[-3,10],[5,28],[6,9],[4,3],[5,2],[17,-1],[11,6],[1,-2],[18,-11],[21,-15],[-5,-13],[7,-4],[-1,-8],[1,-4],[16,6],[6,8],[-9,24],[2,19],[-7,13],[15,0],[14,-6],[13,-2],[19,-11],[10,-14],[-4,-28],[-15,8],[-4,-11],[-7,-9],[-5,-3],[-7,-1],[-6,-4],[-2,-4],[-4,-8],[10,-40],[-4,-13],[-8,-6],[-17,-1],[-9,-7],[-1,-3]],[[82547,42384],[-6,-16],[-3,2],[6,15],[3,-1]],[[81944,43014],[4,15],[9,-4],[4,13],[10,-4],[-1,-2],[9,-3],[-8,-38],[-9,3],[0,1],[-2,1],[1,1],[-7,3],[1,9],[-11,5]],[[83660,44443],[7,-16],[4,-3],[3,1],[13,15],[3,0],[1,-15],[8,0],[3,-6],[-1,-9],[-11,-6],[7,1],[1,-3],[-1,-4],[-74,13],[0,1],[6,0],[0,4],[-2,-2],[-11,-1],[-6,1],[-1,45],[-65,13],[5,38],[-31,6],[1,23],[-6,47],[7,5],[1,4],[-2,5],[-10,15],[-11,7],[-5,8],[-7,35],[-2,23],[4,11],[8,12],[8,6],[10,3],[7,8],[14,8],[15,27],[6,3],[8,2],[45,-6],[5,-5],[4,0],[1,-5],[93,-18],[-13,-4],[-6,-4],[-2,-4],[-1,-5],[2,-4],[16,-19],[5,-10],[2,-9],[3,-8],[-3,-21],[8,-11],[9,0],[7,-6],[6,-3],[-17,-15],[2,-19],[-3,-5],[-8,-2],[-6,6],[-7,3],[-4,-5],[-6,-4],[-16,-25],[-16,-32],[-10,-30],[-4,-27],[3,-21],[7,-7]],[[83429,46636],[5,4],[-2,8],[2,1],[-1,13],[1,6],[10,8],[-3,4],[-4,1],[-21,-17],[-1,2],[-1,-2],[-4,6],[3,4],[4,1],[-1,2],[6,5],[2,3],[-2,2],[1,1],[2,-2],[4,6],[5,-7],[5,5],[-3,3],[6,6],[-1,1],[1,2],[-1,3],[-4,-5],[-3,18],[5,-1],[5,-8],[2,1],[3,-5],[5,6],[-3,5],[9,7],[-1,1],[8,13],[2,-4],[4,3],[-3,4],[0,3],[4,0],[5,11],[-4,1],[5,13],[-4,1],[1,6],[2,0],[4,6],[9,-3],[-10,-25],[14,-7],[-1,-5],[2,-11],[-23,-23],[-9,-23],[2,-1],[-2,-8],[-4,-5],[2,-5],[-33,-31],[-12,-17],[7,-14],[-2,-2],[-7,6],[-3,-5],[-20,16],[9,11],[11,-2],[4,-8],[12,17]],[[84558,47110],[18,10],[10,-2],[-1,-6],[4,-2],[-2,-16],[-3,-9],[1,-7],[-3,1],[1,2],[-5,1],[0,-2],[-7,1],[1,3],[-6,0],[0,-2],[-16,3],[-5,3],[0,2],[2,2],[1,7],[4,0],[1,12],[5,-1]],[[83238,47305],[-41,10],[-4,11],[-41,10],[2,63],[46,25],[44,5],[36,-9],[22,4],[14,-17],[8,-19],[12,-14],[4,-12],[1,-19],[-1,-7],[-19,-43],[-1,-21],[4,-23],[15,-27],[-8,-4],[-7,2],[-2,-9],[-59,12],[-2,-12],[40,-9],[-2,-11],[-10,3],[-18,-25],[-4,5],[-8,-2],[-2,4],[1,4],[-6,4],[-6,-7],[-4,1],[1,4],[-2,0],[2,13],[-7,1],[-1,-5],[-2,0],[1,3],[-4,1],[1,4],[-19,4],[2,18],[37,-7],[1,6],[1,0],[1,4],[1,6],[-2,0],[1,2],[5,-1],[3,15],[-2,3],[3,17],[-10,18],[-15,21]],[[79588,47080],[10,-6],[12,-17],[6,-3],[22,3],[6,-1],[31,-11],[6,-1],[21,2],[14,-5],[2,-5],[1,-5],[-1,-13],[-4,-12],[3,-23],[0,-15],[-3,-6],[-10,-14],[-9,-7],[-8,-2],[-8,1],[-10,6],[-10,-2],[-12,-12],[-12,-5],[-4,-1],[-16,4],[-12,8],[-45,42],[-32,21],[-15,14],[-7,13],[-4,15],[-1,27],[3,19],[3,8],[4,3],[5,2],[11,0],[37,-16],[26,-6]],[[81908,48616],[-13,-14],[-18,-3],[-33,-39],[-16,-36],[-13,-14],[-43,-9],[-2,2],[10,23],[28,8],[5,5],[8,18],[5,13],[43,52],[15,1],[5,6],[7,22],[0,14],[9,21],[0,19],[12,15],[11,6],[-6,11],[2,20],[14,7],[13,-9],[4,0],[10,11],[7,-4],[5,0],[-5,16],[9,4],[6,20],[11,-7],[4,1],[3,-4],[1,2],[8,-1],[5,4],[14,-1],[1,-2],[0,-13],[-14,-10],[-8,0],[-7,-4],[-9,2],[1,-6],[-1,-10],[-11,-13],[-4,0],[-1,-3],[-13,0],[-9,-10],[-9,3],[2,-16],[-16,-10],[-7,-9],[-20,-79]],[[83238,49153],[-11,2],[-15,-6],[-16,-2],[-21,4],[-18,11],[-1,11],[-8,16],[18,12],[10,2],[9,-9],[15,-24],[19,0],[8,-3],[3,3],[1,-1],[2,2],[4,-5],[9,9],[12,-3],[-1,-7],[12,-20],[10,8],[31,11],[10,5],[3,-11],[6,-2],[22,-36],[-6,-4],[4,-7],[-15,-13],[-12,13],[-12,-11],[-23,-19],[-17,27],[-13,-10],[-5,9],[2,1],[-7,10],[-1,-1],[-9,14],[0,6],[10,9],[-5,7],[-4,2]],[[83057,49289],[18,-6],[10,0],[23,8],[9,5],[28,8],[-5,-39],[-13,1],[-1,-8],[-8,2],[-1,-2],[-9,-1],[-8,-10],[1,0],[-3,-10],[-1,-12],[1,-6],[4,-6],[6,-2],[-1,-1],[4,0],[2,-1],[4,-4],[2,-10],[6,-4],[-12,-9],[-8,-17],[-88,18],[4,25],[-1,2],[-5,1],[1,10],[-11,2],[-2,8],[-5,10],[-1,6],[6,64],[-11,2],[1,10],[-5,0],[3,21],[2,0],[-1,9],[4,12],[13,24],[28,-5],[-11,-41],[-1,-13],[2,-8],[4,-9],[11,-13],[15,-11]],[[83752,49429],[-22,-150],[-136,-12],[0,7],[-25,8],[-31,22],[-3,61],[-28,-11],[-2,31],[54,16],[27,14],[6,-3],[69,91],[9,-10],[27,-20],[40,-22],[9,-6],[6,-6],[0,-10]],[[83812,49468],[-13,14],[-3,0],[-4,4],[10,17],[1,4],[6,-3],[1,-3],[9,-9],[12,-1],[-1,-2],[5,-5],[5,4],[2,-3],[-2,-3],[3,-3],[2,3],[1,-1],[-1,-1],[22,-10],[35,-2],[-2,-12],[1,-2],[39,-7],[3,-43],[-5,-16],[-1,-3],[-44,22],[1,8],[-46,9],[2,8],[-21,8],[-2,4],[-2,9],[-4,-4],[-6,6],[3,5],[-7,4],[1,4]],[[82968,49340],[2,-36],[0,0],[-1,-14],[3,0],[-2,-35],[-23,10],[-1,59],[1,20],[-1,20],[2,20],[16,-3],[3,-8],[2,-15],[-1,1],[0,-19]],[[83116,49301],[-8,-5],[-23,-8],[-12,0],[-13,4],[-8,6],[-9,8],[-10,15],[-2,11],[1,12],[12,34],[3,16],[8,22],[29,-18],[30,-7],[10,-4],[-1,-85],[-7,-1]],[[83134,49440],[-67,14],[11,24],[6,8],[12,20],[14,31],[5,13],[-1,1],[6,12],[2,2],[5,12],[2,-1],[3,4],[-2,0],[1,2],[-2,1],[1,2],[32,-7],[-3,-18],[19,-5],[13,-7],[2,5],[10,-8],[-16,-39],[-1,1],[-10,-44],[-35,9],[-7,-32]],[[82967,49765],[-13,-5],[-12,-2],[-19,-6],[-4,0],[-3,5],[-3,-3],[-4,5],[-13,18],[0,8],[1,3],[15,-24],[19,16],[-14,15],[-13,8],[-1,8],[2,2],[-5,27],[1,1],[8,-40],[8,-4],[-1,9],[15,0],[1,-4],[-1,-2],[9,-2],[6,-3],[13,-4],[24,-9],[-2,-17],[-14,0]],[[81663,49938],[42,-70],[-1,-3],[-3,0],[-19,31],[-24,-18],[-12,19],[5,-3],[8,2],[7,6],[-8,13],[9,7],[-8,13],[2,4],[2,-1]],[[81365,50171],[27,0],[1,-10],[-1,-1],[0,-4],[-11,-1],[0,-5],[2,0],[-1,-25],[-3,0],[0,-12],[-7,1],[1,15],[-14,3],[2,10],[-2,1],[0,19],[2,0],[0,7],[2,0],[0,7],[4,0],[-2,-5]],[[83540,50825],[2,-7],[16,-4],[16,0],[35,6],[3,-3],[2,-7],[-11,-13],[-24,-12],[-13,-13],[-9,-15],[-46,9],[15,14],[1,7],[-15,3],[4,25],[6,-2],[3,16],[15,-4]],[[79840,51149],[-5,1],[2,13],[17,22],[12,-2],[0,4],[5,-1],[3,18],[-3,0],[1,5],[2,-1],[1,5],[2,-1],[1,7],[-4,1],[2,3],[4,-1],[5,7],[-1,6],[17,24],[7,-13],[5,4],[2,-2],[3,2],[9,-18],[8,5],[12,-24],[-15,-11],[-15,3],[11,-22],[15,-3],[4,2],[-3,8],[3,2],[2,-3],[11,8],[9,-2],[-1,-3],[29,-4],[1,2],[2,-1],[0,-2],[13,-2],[-1,-7],[9,-2],[0,-5],[-4,1],[-3,-18],[-22,4],[3,18],[-22,4],[-4,-1],[-6,2],[1,2],[-5,0],[-1,-8],[3,0],[0,-3],[3,-1],[-4,-10],[-5,1],[1,3],[-4,-3],[-1,-4],[-10,1],[-1,-5],[4,-1],[-1,-5],[-17,3],[-1,-4],[-5,2],[0,4],[-4,0],[1,15],[-14,3],[0,4],[-8,2],[-7,-42],[-25,6],[-5,-28],[-11,2],[-4,-5],[-9,9],[3,3],[3,27]],[[83022,52720],[1,-24],[-6,-1],[4,-16],[-6,-1],[-1,9],[-5,-1],[-2,14],[3,0],[0,23],[-3,0],[1,11],[-12,8],[-1,2],[-9,9],[-19,14],[-8,5],[-12,3],[-2,6],[2,1],[14,-5],[13,-8],[2,4],[21,-16],[-1,-2],[15,-3],[6,-3],[6,8],[6,0],[3,-3],[-8,-12],[-2,-9],[5,-1],[-2,-13],[-3,1]],[[77844,67903],[12,-40],[-3,-5],[-40,-16],[-13,43],[44,18]],[[77963,68058],[68,-104],[-33,-30],[11,-16],[-26,-25],[-21,31],[1,1],[-2,3],[-1,0],[-15,20],[-48,74],[-9,9],[-8,4],[-1,2],[38,37],[1,7],[19,-4],[3,0],[0,-4],[23,-5]],[[77885,68011],[8,-12],[-13,-13],[-8,12],[13,13]],[[79102,78376],[-1,14],[-5,-1],[-1,11],[2,0],[-2,26],[9,1],[5,-50],[-7,-1]],[[79497,82760],[-2,-18],[-25,4],[3,26],[16,-3],[5,-8],[3,-1]],[[79481,82910],[6,-10],[-13,-13],[-7,11],[14,12]],[[79407,82868],[-27,44],[37,32],[4,-8],[3,3],[4,-3],[-24,-21],[20,-32],[-17,-15]],[[79387,82937],[-6,-5],[-6,1],[-9,-26],[-21,4],[4,37],[9,-2],[1,5],[9,20],[7,9],[-2,2],[2,2],[-1,3],[9,7],[8,-15],[-14,-12],[7,-13],[-6,-15],[9,-2]],[[84708,46947],[12,-1],[2,0],[-6,-6],[-7,2],[-1,5]],[[84851,47003],[2,7],[6,0],[1,-3],[-1,9],[3,0],[-1,21],[-8,3],[2,4],[-7,3],[1,5],[-12,4],[-1,-5],[-2,0],[-2,-5],[4,-2],[0,-6],[6,-5],[-3,-5],[2,-2],[-1,-2],[2,-1],[-2,-2],[6,-5],[-5,-8],[-1,-1],[-4,4],[-2,-2],[-1,2],[-9,4],[-2,-4],[-6,1],[-4,4],[-3,-3],[-3,3],[-15,-23],[-9,7],[3,-2],[-7,-13],[2,-2],[-2,-2],[3,-2],[-12,-20],[-19,16],[2,2],[-2,2],[9,12],[-18,16],[16,25],[4,-3],[12,19],[3,11],[-1,0],[-3,-10],[-11,-17],[-42,38],[-24,-35],[26,-23],[0,-10],[1,-8],[-5,-8],[-16,-3],[-8,8],[-26,-40],[-47,9],[18,111],[6,-1],[4,29],[2,0],[0,2],[10,3],[1,-5],[4,1],[2,-8],[-6,-2],[2,-14],[24,6],[10,-9],[9,10],[-47,43],[-2,5],[6,10],[-6,6],[0,3],[4,-2],[0,1],[6,-6],[10,-7],[64,-38],[15,-7],[18,-5],[31,1],[0,3],[-3,0],[-2,9],[-7,-3],[-2,8],[31,3],[33,-8],[30,-3],[43,1],[28,19],[3,-2],[7,1],[-1,7],[4,3],[2,4],[11,-2],[1,-4],[4,0],[-4,-15],[4,-5],[5,-1],[2,-12],[5,-5],[-2,-1],[-3,2],[-2,-2],[-3,0],[0,-2],[-2,-2],[0,-2],[-1,1],[1,-4],[-1,0],[0,-2],[-1,-1],[-5,3],[1,-3],[-1,-2],[-3,4],[-2,0],[-2,-4],[0,-9],[4,-8],[-4,-8],[-8,-4],[-3,1],[-5,8],[-7,4],[-12,-7],[-7,-7],[-1,-4],[-1,2],[-2,-1],[-12,-10],[1,-7],[-4,2],[-4,-4],[-4,-25],[-2,-4],[-14,-5],[-2,-3],[-6,-2],[0,-5],[-2,0],[-1,1],[-3,-4],[4,-4],[0,-1],[-10,-8],[-7,-1],[-1,3],[-1,-3],[-2,16],[-3,1],[-3,26],[-2,-2],[-6,10],[1,1],[7,-6]],[[84810,47062],[-18,-2],[-5,-3],[18,4],[5,-1],[0,2]],[[84630,47159],[15,-8],[6,-9],[0,-3],[-4,-28],[-24,6],[0,3],[-2,1],[-1,-7],[-3,1],[2,9],[-2,0],[-4,-22],[-9,1],[4,25],[-3,1],[0,5],[2,0],[6,42],[11,-3],[-2,-12],[8,-2]],[[84622,47148],[-1,-10],[1,0],[2,10],[-2,0]],[[84622,47148],[1,6],[-2,1],[-1,-6],[2,-1]],[[84542,48956],[9,5],[0,2],[5,6],[11,6],[4,6],[2,0],[6,12],[9,-13],[-16,-15],[4,-4],[-2,-2],[1,-2],[-2,-2],[-1,1],[-3,-3],[-2,3],[4,4],[-4,6],[-8,-7],[5,-7],[-3,-3],[13,-18],[8,8],[3,-4],[-8,-8],[2,-4],[10,10],[2,-3],[1,1],[3,-3],[2,2],[-7,11],[5,4],[16,-22],[-23,-23],[-13,19],[-13,-13],[0,-6],[-12,2],[1,6],[-3,5],[5,5],[1,-2],[2,3],[2,22],[-5,1],[4,4],[-4,6],[-3,-2],[-1,1],[-1,-1],[1,-2],[-9,-7],[-3,5],[-2,-2],[7,12]],[[84599,48928],[-2,-3],[3,-5],[3,2],[-4,6]],[[87977,50079],[7,-12],[16,-10],[2,-4],[2,2],[3,-5],[-2,-2],[3,-6],[12,-15],[7,-6],[1,2],[2,-1],[-1,-2],[1,-1],[13,-7],[-2,-3],[-15,10],[-5,-6],[-16,19],[-8,-8],[-13,16],[-4,-5],[-5,6],[-3,-3],[-14,18],[6,6],[-4,4],[6,8],[-4,2],[1,6],[14,-3]],[[86934,50069],[-8,0],[-4,-10],[-9,-7],[3,25],[19,-2],[-1,-2],[0,-4]],[[86854,50035],[33,-5],[-1,-15],[-5,-2],[-4,1],[-9,13],[-12,2],[-15,-1],[-17,2],[-6,-3],[-14,-10],[-3,0],[-4,-3],[-2,1],[2,2],[0,5],[-6,13],[-7,-2],[-6,0],[7,51],[18,-3],[27,70],[35,-5],[-11,-111]],[[84890,50982],[13,-66],[3,-17],[-12,2],[-9,-1],[-1,1],[-1,5],[1,2],[0,5],[-2,4],[-11,60],[19,5]],[[88445,52863],[21,155],[-9,2],[3,12],[-12,0],[1,1],[-1,1],[5,3],[4,6],[-2,12],[5,11],[4,-1],[4,15],[14,35],[9,-1],[13,-21],[67,-13],[-1,-10],[2,-14],[3,-2],[3,6],[2,1],[3,-2],[1,-5],[-2,-3],[2,-6],[7,-18],[4,-5],[2,-7],[16,-19],[8,-4],[5,-5],[4,-11],[0,-10],[10,-11],[6,-20],[-2,-12],[-6,-14],[-11,2],[-19,-126],[-124,26],[-2,1],[0,2],[-33,7],[6,40],[-10,2]],[[88399,52933],[-2,-12],[-9,-6],[-4,6],[3,22],[13,-2],[1,4],[11,-5],[-2,-9],[-11,2]],[[86433,53026],[-1,0],[6,-17],[0,-4],[-3,0],[-1,-13],[1,0],[0,-2],[-1,0],[-1,-18],[3,0],[-1,-6],[-1,3],[-2,-1],[-1,-6],[-4,-1],[-4,-3],[-7,-1],[1,12],[2,11],[-11,1],[0,11],[11,4],[1,4],[-12,35],[-6,-3],[-5,16],[15,4],[4,7],[9,-24],[3,2],[5,-11]],[[84673,53004],[9,58],[8,-2],[1,8],[5,-1],[5,26],[5,-1],[3,5],[-1,-12],[2,-7],[-2,-3],[-3,-22],[5,-1],[-2,-11],[-4,0],[-4,-29],[3,-1],[0,-10],[3,-1],[0,-3],[1,0],[0,-4],[-8,1],[-4,-19],[2,0],[-1,-4],[-1,0],[-2,-10],[7,-2],[1,-6],[-6,1],[-2,-8],[-28,7],[1,7],[-11,3],[7,43],[11,-2]],[[90806,55600],[-1,-22],[52,-6],[4,-8],[-56,6],[2,-4],[-6,-14],[-5,1],[0,-3],[-9,-3],[3,23],[3,-1],[1,5],[-25,5],[3,13],[12,-2],[-1,-8],[7,-1],[1,8],[5,-1],[0,3],[3,0],[1,10],[6,-1]],[[89824,56489],[-1,-8],[-1,0],[-1,-5],[-21,4],[1,5],[-10,2],[-8,-8],[-4,5],[6,6],[1,4],[-6,1],[0,7],[2,3],[9,-4],[20,13],[4,-7],[9,6],[9,-16],[-9,-8]],[[86350,57528],[3,-1],[-1,-5],[-3,-2],[-1,-10],[-11,2],[7,27],[1,5],[-2,3],[3,1],[0,5],[1,1],[7,-4],[0,3],[1,0],[-3,-13],[-2,-12]],[[90094,58388],[6,-7],[-6,-14],[-2,-10],[3,-1],[0,-6],[8,-1],[-1,-7],[-9,1],[0,-2],[-6,1],[2,13],[-3,1],[3,27],[-2,1],[-1,2],[3,2],[1,-4],[3,-1],[0,5],[1,0]],[[90394,58593],[16,-28],[1,1],[2,-3],[7,6],[10,-16],[-13,-4],[-4,-4],[-2,5],[-12,-1],[0,3],[-6,0],[0,-3],[-10,-1],[-2,7],[1,8],[-2,0],[0,12],[-7,13],[2,2],[0,3],[3,1],[0,2],[10,3],[1,-5],[3,0],[2,-1]],[[90439,58596],[-7,11],[9,8],[10,-18],[-3,-2],[-4,6],[-5,-5]],[[90478,58625],[-3,-3],[-1,2],[-8,-7],[-3,4],[10,8],[-3,4],[2,1],[2,-4],[11,9],[-10,17],[14,12],[10,-17],[-7,-6],[3,-6],[-6,-6],[1,-2],[-2,-2],[1,-3],[-8,-7],[-3,6]],[[89783,59100],[22,-5],[2,10],[23,-4],[-1,-10],[5,-2],[-10,-8],[0,-3],[-5,-7],[-20,-13],[3,17],[-31,6],[-2,-10],[-4,1],[1,2],[-10,1],[-5,8],[3,19],[5,-1],[2,9],[16,-4],[1,5],[3,-1],[0,-4],[3,0],[-1,-6]],[[91723,59603],[-21,-15],[3,19],[-5,0],[1,4],[10,1],[0,-2],[1,-1],[-2,-3],[2,-4],[10,9],[2,13],[3,0],[-1,-8],[4,2],[0,3],[2,0],[3,16],[9,-2],[-4,-19],[-10,-7],[-7,-6]],[[94452,68690],[7,18],[3,24],[11,-4],[-18,-61],[4,-2],[-2,-11],[-12,2],[0,20],[7,14]],[[90892,71032],[-2,-17],[-5,-1],[-3,3],[-6,0],[-7,2],[-5,5],[-12,6],[-30,7],[-13,6],[11,20],[-2,4],[-10,-1],[-1,9],[12,1],[-1,15],[-13,25],[89,-18],[-9,-65],[7,-1]],[[95051,72993],[6,4],[5,-3],[1,-12],[-3,-2],[0,-8],[-3,-2],[-2,-7],[-3,1],[-1,4],[-2,1],[-3,-2],[-1,-5],[-2,-1],[-12,5],[3,10],[0,7],[-2,5],[-3,2],[0,3],[-3,4],[-8,3],[-2,3],[-7,-1],[0,6],[37,-9],[5,-6]],[[81989,70791],[13,-4],[-1,-6],[-9,2],[-2,-10],[-6,1],[1,13],[4,-1],[0,5]],[[93700,73029],[-9,-68],[-2,-2],[-9,4],[8,61],[6,-1],[4,6],[2,0]],[[82611,73081],[10,8],[15,-25],[-7,-6],[-5,9],[-5,-4],[2,-2],[-3,-2],[-1,2],[-12,-10],[11,-19],[-4,-4],[-7,11],[-12,-11],[-3,5],[-4,-3],[-3,6],[-4,-3],[-1,1],[-1,-1],[2,-4],[-8,-7],[-4,6],[-3,-2],[-5,9],[3,2],[-3,4],[9,7],[2,-4],[8,7],[-1,1],[3,3],[-2,3],[6,4],[3,-4],[7,7],[-2,4],[8,7],[4,-5],[6,8],[-2,4],[1,1],[2,-3]],[[94064,75166],[-1,-8],[-13,3],[2,8],[-6,5],[5,9],[0,5],[-32,6],[7,39],[11,-2],[1,11],[12,-8],[4,1],[3,5],[3,-9],[8,-9],[10,-1],[-3,-18],[10,-2],[-2,-15],[-11,2],[-2,-21],[-4,1],[-2,-2]],[[82465,73546],[66,-31],[35,-26],[44,-35],[44,-52],[9,-19],[-13,-241],[-1,-6],[-4,-8],[-14,-10],[-6,0],[-8,4],[-10,8],[-12,6],[-4,5],[-97,-82],[-35,-13],[-38,5],[-27,13],[-39,22],[-52,40],[-18,18],[-12,60],[-11,85],[-28,130],[-24,77],[-3,7],[-10,13],[-7,30],[-9,16],[-2,11],[2,13],[7,10],[36,39],[31,31],[26,22],[13,8],[12,0],[15,-3],[9,-6],[22,-31],[35,-30],[48,-54],[30,-26]],[[95729,76155],[-10,-20],[-7,5],[6,18],[11,-3]],[[95724,76167],[0,-9],[-5,2],[1,8],[4,-1]],[[84008,74397],[-17,7],[11,41],[34,-13],[-5,-20],[-4,2],[-12,-9],[-7,-8]],[[83969,74506],[0,-1],[3,-1],[-2,-6],[0,-3],[-4,1],[-3,-11],[8,-3],[-8,-33],[17,-6],[-16,-60],[-32,12],[-4,-15],[-18,7],[4,15],[-16,6],[6,21],[-13,4],[0,-3],[-6,2],[9,36],[5,-2],[1,7],[10,-4],[-1,-5],[4,-2],[16,61],[11,-4],[0,-4],[2,-1],[1,3],[26,-11]],[[84040,74515],[35,-13],[-6,-20],[-34,13],[5,20]],[[84065,74508],[-24,9],[5,20],[25,-10],[-6,-19]],[[95005,77837],[9,-3],[-1,-2],[17,-17],[5,7],[2,-8],[0,5],[4,-8],[1,-4],[-2,-3],[6,-3],[2,2],[1,8],[2,-14],[-18,9],[-17,3],[2,2],[-13,11],[-4,7],[0,2],[-5,1],[0,1],[-2,1],[1,5],[-17,3],[3,7],[8,-6],[4,2],[8,-1],[4,-7]],[[94723,79807],[8,-45],[8,-1],[-7,-26],[0,-5],[-9,5],[0,4],[-7,1],[4,23],[-2,0],[-8,40],[9,-2],[-1,7],[5,-1]],[[97264,82437],[4,0],[2,-7],[-1,-13],[-5,-1],[-1,6],[-4,0],[3,19],[0,12],[-2,3],[2,2],[3,-3],[-1,-18]],[[97326,82970],[2,-7],[-6,-1],[-1,6],[5,2]],[[97320,82967],[0,-3],[-5,1],[1,3],[4,-1]],[[97584,83999],[7,10],[3,-1],[-8,8],[-1,4],[1,2],[7,0],[7,2],[8,-2],[6,4],[1,-25],[-31,-2]],[[94397,83746],[5,1],[1,-3],[1,3],[4,3],[17,5],[0,-9],[-20,-44],[-1,-13],[-12,3],[0,-8],[-7,-16],[-112,79],[14,32],[31,-24],[3,-1],[1,1],[7,-3],[33,-12],[8,0],[3,-2],[4,1],[6,-2],[7,3],[0,1],[7,5]],[[94263,83956],[10,18],[-3,2],[3,6],[22,-20],[5,-3],[1,1],[5,8],[3,-2],[37,63],[21,-17],[-2,-3],[25,-22],[11,17],[12,-11],[-7,-10],[1,0],[-1,-3],[0,-2],[6,-4],[-5,-10],[-1,1],[-6,-10],[7,-7],[-4,-5],[22,-19],[12,19],[2,2],[3,-3],[19,33],[3,-2],[4,10],[-1,1],[9,13],[4,-4],[-21,-36],[3,-3],[-2,-4],[-4,3],[-33,-57],[3,-2],[-8,-14],[25,-20],[7,13],[6,-6],[-2,-3],[2,-2],[-6,-10],[4,-3],[2,3],[14,-10],[3,0],[4,7],[10,-8],[-4,-9],[1,-1],[-13,-14],[-10,-8],[-13,-8],[-17,-5],[1,-1],[-4,-3],[-9,1],[0,-1],[-14,-2],[-5,1],[1,3],[-3,0],[-1,-1],[-17,1],[-7,2],[-6,6],[-3,0],[-8,3],[-10,8],[0,2],[-10,7],[-29,31],[-20,37],[-12,19],[15,24],[-27,23]],[[95149,84580],[7,-3],[-1,-4],[-1,0],[-3,-11],[7,-2],[-1,-11],[-6,2],[-2,-5],[-1,0],[-2,-11],[13,-2],[-1,-7],[10,-2],[-1,-4],[-28,4],[-2,-5],[-7,1],[1,5],[-4,1],[-9,-12],[-4,4],[-8,-11],[-5,7],[30,35],[18,31]],[[95538,85252],[-17,4],[-2,2],[0,3],[4,6],[7,17],[20,34],[22,28],[23,-60],[1,-2],[8,1],[4,-11],[-20,-4],[-12,-4],[-2,-3],[-36,-11]],[[95710,85985],[22,62],[21,12],[-4,-2],[-3,6],[5,2],[-3,7],[1,1],[14,-11],[0,-4],[-3,-1],[3,-7],[-5,-3],[-3,9],[-4,-2],[-8,-5],[-8,-10],[-6,-15],[-3,-22],[-5,-14],[-10,-13],[-3,0],[3,8],[-1,2]],[[97830,86735],[31,27],[1,-2],[-24,-21],[3,-4],[-3,-3],[-3,4],[-13,-11],[-13,2],[-4,5],[-6,2],[0,4],[6,1],[5,-8],[8,-2],[5,0],[5,5],[-5,10],[2,0],[5,-9]],[[96569,86493],[-21,-57],[18,-9],[2,5],[7,-1],[0,-15],[-6,-1],[1,-12],[-10,5],[-1,-3],[-12,6],[1,3],[-9,7],[-6,-18],[-16,25],[-2,7],[-6,14],[-3,3],[-1,6],[-1,1],[1,0],[-2,13],[1,8],[-3,2],[1,1],[2,-1],[1,3],[1,34],[4,14],[12,28],[16,30],[21,28],[23,24],[6,-9],[-4,-5],[-3,3],[-22,-27],[0,-4],[-6,-8],[-4,1],[-11,-14],[-2,-10],[-6,-13],[8,-1],[-3,-14],[34,-8],[-5,-38],[5,-3]],[[96932,86857],[-16,-3],[-3,-3],[-7,-2],[-17,0],[-26,-5],[4,33],[8,-2],[1,-19],[12,2],[3,2],[1,6],[4,0],[3,22],[7,1],[10,-4],[8,10],[5,9],[2,-4],[7,-25],[-1,-14],[-5,-4]],[[87605,85378],[-4,-14],[-243,48],[5,40],[1,1],[12,-2],[52,20],[18,17],[19,-3],[-10,3],[-9,1],[11,23],[12,5],[17,24],[14,8],[14,12],[9,-13],[21,-1],[5,-3],[12,0],[13,11],[18,-1],[10,2],[16,10],[12,-1],[23,-16],[51,-3],[11,-3],[6,-18],[5,-30],[-3,-20],[-6,6],[-17,-6],[-27,-35],[-4,10],[-20,4],[-18,-9],[-8,-21],[0,-12],[-11,-25],[-7,-9]],[[87394,85473],[17,15],[9,3],[7,0],[17,-3],[-18,-15],[-50,-20],[-12,2],[2,18],[18,-2],[5,1],[5,1]],[[87726,85508],[-3,18],[-6,18],[-13,4],[-33,2],[0,11],[62,-12],[-5,-41],[-2,0]],[[96821,87337],[-4,-17],[-8,2],[-7,-19],[0,-2],[2,-1],[-2,-10],[-8,2],[-1,1],[11,32],[6,28],[8,22],[4,20],[9,-2],[-13,-55],[3,-1]],[[87524,85550],[-9,12],[23,26],[131,-26],[0,-12],[-16,1],[-23,16],[-13,1],[-15,-10],[-10,-2],[-18,1],[-13,-11],[-11,0],[-5,3],[-21,1]],[[87485,85543],[-17,-24],[-12,-6],[-11,-24],[-18,3],[-7,0],[-10,-4],[-17,-14],[-4,-2],[-5,-1],[-18,2],[18,145],[152,-30],[-24,-27],[-14,-11],[-13,-7]],[[79277,88057],[-12,-24],[-9,7],[9,16],[-6,5],[3,6],[15,-10]],[[86788,91084],[38,-8],[3,2],[5,1],[1,3],[0,4],[3,-1],[2,14],[-12,2],[3,20],[5,-1],[0,7],[4,-1],[1,6],[3,-1],[-1,-5],[4,-1],[0,-1],[6,-1],[-1,-4],[21,-4],[-10,-67],[-42,9],[2,19],[-5,-4],[-8,-3],[-6,-5],[-4,1],[-6,7],[-4,0],[-3,-8],[-2,0],[3,20]],[[86726,91144],[20,-5],[-13,-88],[-19,5],[12,88]],[[95296,93260],[-2,-19],[7,-2],[-2,-5],[-26,6],[0,5],[16,-4],[3,20],[4,-1]],[[92530,92756],[1,-6],[-9,-3],[-2,6],[10,3]],[[92639,92769],[-12,-12],[-2,0],[0,-13],[-7,1],[-1,-4],[-7,2],[1,14],[-2,2],[1,6],[-14,2],[-28,-5],[3,8],[9,10],[3,1],[0,3],[29,27],[3,6],[2,-11],[5,-8],[-1,-5],[10,-6],[4,-4],[-1,-9],[5,-5]],[[97242,93743],[42,-9],[0,-3],[-11,2],[-2,-1],[-1,-3],[-18,4],[-5,2],[0,2],[-3,0],[-2,6]],[[97159,93820],[50,-10],[7,-17],[-4,-2],[12,-26],[-11,2],[-5,12],[-3,-2],[-1,1],[2,1],[-2,4],[1,1],[-1,1],[-3,-2],[-17,4],[-6,-11],[-16,12],[-9,-19],[-15,10],[21,41]],[[97168,93870],[-5,-11],[-8,6],[-8,-15],[-12,9],[8,7],[9,16],[16,-12]],[[97184,93920],[4,9],[3,-1],[4,10],[14,-10],[-9,-17],[-5,4],[-5,-8],[-2,1],[-3,-2],[-3,0],[-6,7],[8,7]],[[97221,93924],[-8,6],[6,13],[10,1],[0,-21],[-8,1]],[[98141,94479],[3,-5],[-3,-5],[-1,3],[-7,-7],[-3,7],[-24,-8],[-1,14],[18,-1],[9,1],[4,2],[0,7],[8,1],[1,-4],[-3,0],[-1,-5]],[[99195,95237],[-19,4],[-6,-6],[-4,7],[-1,7],[1,9],[-6,3],[10,13],[-1,11],[10,-2],[0,5],[4,9],[-1,1],[4,11],[4,-2],[8,16],[-3,2],[2,4],[5,-3],[4,9],[3,-6],[-4,-4],[-1,1],[-3,-7],[1,-2],[-3,-2],[-4,-6],[0,-12],[3,-3],[4,4],[4,-3],[-1,-2],[4,-2],[-2,-7],[1,-2],[18,6],[10,-11],[2,-9],[-1,-4],[3,-6],[-1,-4],[-4,2],[-2,3],[-4,-4],[-1,2],[1,10],[-7,1],[-3,-8],[-3,-3],[1,-4],[-1,-2],[-4,1],[-5,7],[-3,-1],[0,-2],[-2,0],[-1,-6],[4,-10],[0,-4],[-10,1]],[[98470,95264],[2,2],[2,0],[1,-6],[2,2],[8,-4],[2,4],[-4,7],[-2,-2],[-4,1],[-2,5],[-5,0],[0,64],[2,0],[6,-4],[4,2],[1,2],[54,1],[1,-97],[-17,2],[-5,-32],[-15,4],[-5,-10],[-26,0],[0,59]],[[98521,95246],[-15,0],[1,-7],[8,-3],[4,1],[2,9]],[[99997,95696],[-2,-16],[-2,0],[-1,-6],[-8,3],[-2,-11],[-38,15],[4,13],[-13,5],[0,6],[4,14],[32,-12],[4,13],[21,-8],[0,-1],[3,-2],[-2,-5],[-1,-7],[1,-1]],[[99915,95728],[1,-12],[-3,0],[-21,9],[5,18],[11,-4],[0,1],[6,1],[-2,-13],[3,0]],[[99925,95735],[0,-1],[-7,-1],[-2,16],[7,2],[9,-4],[-2,-5],[-6,2],[1,-7],[-3,0],[0,-2],[3,0]],[[99902,95764],[-55,22],[-1,8],[2,8],[58,-23],[-4,-15]],[[96727,96250],[-5,11],[1,6],[-6,0],[1,3],[-2,0],[1,3],[1,0],[2,4],[3,15],[-3,16],[-3,7],[-4,-1],[1,10],[-6,1],[1,5],[6,-1],[-1,12],[3,0],[0,2],[2,1],[2,5],[7,-3],[3,1],[1,-3],[-2,-1],[-2,-7],[-2,0],[-3,1],[0,-10],[8,-1],[2,4],[1,0],[0,-5],[15,-3],[7,6],[2,-4],[-6,-5],[-18,-5],[-3,-3],[-2,-4],[7,0],[-5,-29],[6,-2],[0,-5],[1,-2],[0,-4],[-4,1],[-1,-7],[-7,2],[-1,-2],[6,-9],[-4,-9],[7,-2],[0,-2],[-13,0],[6,9],[0,4]],[[99032,96840],[5,3],[-2,-15],[2,0],[-12,-92],[3,-21],[-4,-3],[-8,1],[-6,4],[-2,4],[-5,3],[-1,-2],[-12,2],[0,-3],[-13,3],[-1,-9],[-9,3],[-2,2],[5,6],[-2,3],[9,10],[0,6],[7,0],[1,-2],[4,3],[-3,3],[-5,2],[0,6],[10,11],[1,6],[-2,9],[-10,-1],[-1,2],[0,16],[-1,17],[6,8],[3,-1],[7,11],[1,-1],[0,3],[-1,4],[5,7],[19,-2],[0,-4],[9,-1],[1,3],[-2,0],[0,3],[3,1],[1,2],[3,-1],[-1,-9]],[[94928,95968],[1,-6],[-12,3],[0,4],[3,5],[1,-1],[3,6],[9,-2],[-3,-10],[-4,2],[2,-1]],[[98979,96780],[6,1],[4,0],[1,-3],[1,-4],[-2,-5],[-7,-9],[6,11],[1,8],[-2,2],[-8,-1],[-2,2],[-1,5],[1,22],[1,-8],[-1,-17],[2,-4]],[[94941,96008],[0,-3],[-4,-1],[1,3],[3,1]],[[94935,96027],[-1,0],[0,-2],[-5,-1],[0,-2],[5,-2],[3,-18],[-2,-1],[0,-2],[2,1],[1,-8],[-8,3],[-2,-15],[-5,1],[2,14],[-4,25],[1,8],[2,0],[1,4],[-3,1],[0,5],[5,2],[1,-3],[8,2],[-1,-4],[-3,0],[0,-2],[3,0],[0,-6]],[[94921,96023],[0,-5],[-1,0],[-1,3],[-2,-1],[-1,3],[5,0]],[[97696,98387],[-5,-31],[-1,-2],[-4,3],[-7,-1],[0,-5],[-5,-5],[-8,-3],[-2,2],[-5,-3],[-3,2],[-3,-6],[-1,4],[-6,4],[-6,-1],[-8,2],[-4,5],[-3,0],[1,-6],[-5,-1],[0,-2],[-1,2],[-1,-2],[-1,2],[-3,-5],[-14,9],[2,4],[-2,1],[1,2],[-3,7],[5,5],[6,12],[5,4],[6,-1],[7,-7],[1,3],[4,-7],[4,-2],[18,7],[14,7],[5,5],[-1,4],[-2,3],[8,0],[4,-5],[5,-3],[8,-1]],[[93542,98022],[-22,12],[1,4],[22,-13],[-1,-3]],[[93568,98034],[7,-13],[7,-7],[-5,-2],[-21,7],[-33,20],[1,5],[5,-2],[2,15],[8,-9],[22,-9],[7,-5]],[[98107,99298],[0,-6],[-2,1],[-8,-10],[-10,10],[-4,1],[1,10],[1,-1],[1,7],[2,0],[1,11],[2,0],[0,6],[10,0],[3,6],[5,-1],[-1,-7],[6,0],[-2,-14],[-3,1],[0,-4],[-2,0],[-2,-10],[2,0]],[[96611,99007],[-1,-4],[-5,1],[0,-2],[-4,1],[-32,32],[4,4],[23,-24],[3,-2],[3,4],[5,-2],[1,-1],[2,-4],[0,-2],[1,-1]],[[98176,99357],[12,-13],[-7,-4],[-3,-4],[-12,5],[1,6],[-4,-1],[-6,4],[-10,2],[-1,-7],[-5,1],[1,7],[-13,2],[0,1],[-6,2],[1,3],[-4,-2],[-2,5],[5,-1],[1,4],[2,0],[1,3],[14,-3],[0,2],[5,-1],[0,-3],[3,0],[22,-5],[0,7],[10,-2],[1,6],[2,-1],[-3,-6],[-6,-3],[1,-4]],[[98476,99496],[-6,-13],[-13,-18],[-8,-6],[-4,5],[-5,8],[5,5],[4,9],[-3,1],[3,15],[-1,51],[3,25],[3,14],[15,32],[10,-6],[1,-5],[-3,-18],[-5,-9],[-6,-3],[-1,-7],[-2,-6],[12,-3],[-5,-21],[1,-6],[-4,1],[1,-14],[11,-3],[-3,-28]],[[98671,99918],[-2,27],[1,8],[21,31],[5,6],[9,6],[8,3],[6,0],[-3,-17],[-7,-3],[-12,-10],[-9,-19],[-2,-9],[-1,-26],[-14,3]]],"transform":{"scale":[0.00012181957956316552,0.00008800350497779301],"translate":[141.43963278769567,-37.070280140434924]},"objects":{"NSW-heritage":{"type":"GeometryCollection","geometries":[{"arcs":[[[0]],[[1]],[[2]],[[3]],[[4]],[[5]],[[6]],[[7]],[[8]],[[9]],[[10]],[[11]],[[12]],[[13],[14],[15]],[[16]],[[17]],[[18]],[[19]],[[20]],[[21]],[[22]],[[23]],[[24]],[[25]],[[26]],[[27]],[[28]],[[29]],[[30]],[[31]],[[32]],[[33]],[[34]],[[35]],[[36]],[[37]],[[38]],[[39]],[[40]],[[41],[42],[43],[44]],[[45]],[[46]],[[47]],[[48]],[[49]],[[50]],[[51]],[[52]],[[53]],[[54]],[[55]],[[56]],[[57]],[[58]],[[59]],[[60]],[[61]],[[62]],[[63]],[[64]],[[65]],[[66]],[[67]],[[68]],[[69]],[[70]],[[71]],[[72]],[[73]],[[74]],[[75]],[[76]],[[77]],[[78]],[[79]],[[80]],[[81]],[[82]],[[83]],[[84]],[[85]],[[86]],[[87]],[[88]],[[89]],[[90]],[[91]],[[92],[93]],[[94],[95]],[[96]],[[97]],[[98]],[[99]],[[100]],[[101]],[[102]],[[103]],[[104]],[[105]],[[106]],[[107]],[[108],[109]],[[110]],[[111]],[[112]],[[113]],[[114]],[[115]],[[116]],[[117]],[[118]],[[119]],[[120]],[[121]],[[122]],[[123]],[[124]],[[125]],[[126]],[[127]],[[128]],[[129]],[[130]],[[131]],[[132]],[[133]],[[134]],[[135]],[[136]],[[137]],[[138]],[[139]],[[140]],[[141]],[[142]],[[143]],[[144]],[[145]],[[146]],[[147]],[[148]],[[149]],[[150]],[[151]],[[152]],[[153]],[[154]],[[155]],[[156]],[[157]],[[158]],[[159]],[[160]],[[161]],[[162]],[[163]],[[164]],[[165]],[[166]],[[167]],[[168]],[[169]],[[170]],[[171]],[[172]],[[173]],[[174]],[[175]],[[176]],[[177]],[[178]],[[179]],[[180],[181]],[[182]],[[183]],[[184]],[[185]],[[186]],[[187]],[[188]],[[189]],[[190]],[[191]],[[192]],[[193]],[[194]],[[195]],[[196]],[[197]],[[198]],[[199]],[[200]],[[201]],[[202]],[[203]],[[204]],[[205]],[[206]],[[207]],[[208]],[[209]],[[210]],[[211]],[[212]],[[213]],[[214]],[[215],[216],[217]],[[218]],[[219]],[[220]],[[221,222],[223],[224]],[[225]],[[226]],[[227]],[[228]],[[229]],[[230]],[[231]],[[232]],[[233]],[[234]],[[235]],[[236]],[[237]],[[238]],[[239]],[[240]],[[241]],[[242]],[[243]],[[244]],[[245]],[[246]],[[247]],[[248]],[[249]],[[250]],[[251]],[[252]],[[253]],[[254]],[[255]],[[256]],[[257]],[[258]],[[259]],[[260]],[[261]],[[262]],[[263]],[[264]],[[265]],[[266]],[[267]],[[268]],[[269]],[[270]],[[271]],[[272]],[[273]],[[274]],[[275]],[[276]],[[277]],[[278]],[[279]],[[280]],[[281]],[[282]],[[283]],[[284]],[[285]],[[286]],[[287]],[[288]],[[289],[290],[291],[292]],[[293]],[[294],[295]],[[296]],[[297]],[[298]],[[299]],[[300]],[[301]],[[302]],[[303]],[[304]],[[305]],[[306]],[[307]],[[308]],[[309]],[[310]],[[311]],[[312]],[[313]],[[314]],[[315]],[[316]],[[317]],[[318]],[[319]],[[320]],[[321]],[[322]],[[323]],[[324]],[[325]],[[326]],[[327]],[[328]],[[329]],[[330]],[[331]],[[332]],[[333]],[[334]],[[335]],[[336]],[[337]],[[338]],[[339]],[[340]],[[341]],[[342]],[[343]],[[344]],[[345]],[[346]],[[347]],[[348]],[[349]],[[350]],[[351]],[[352]],[[353]],[[354]],[[355]],[[356]],[[357]],[[358]],[[359]],[[360]],[[361]],[[362]],[[363],[364]],[[365]],[[366]],[[367]],[[368]],[[369]],[[370]],[[371]],[[372]],[[373]],[[374]],[[375]],[[376]],[[377]],[[378]],[[379]],[[380]],[[381]],[[382]],[[383]],[[384]],[[385]],[[386]],[[387]],[[388]],[[389]],[[390]],[[391]],[[392]],[[393]],[[394]],[[395]],[[396]],[[397]],[[398]],[[399]],[[400]],[[401]],[[402]],[[403]],[[404]],[[405]],[[406]],[[407]],[[408]],[[409]],[[410]],[[411]],[[412]],[[413]],[[414]],[[415]],[[416]],[[417]],[[418]],[[419]],[[420]],[[421]],[[422]],[[423]],[[424]],[[425]],[[426]],[[427]],[[428]],[[429]],[[430]],[[431]],[[432]],[[433]],[[434]],[[435]],[[436]],[[437]],[[438]],[[439]],[[440]],[[441]],[[442]],[[443]],[[444],[445]],[[446]],[[447]],[[448]],[[449]],[[450]],[[451]],[[452]],[[453],[454]],[[455]],[[456]],[[457]],[[458]],[[459]],[[460]],[[461]],[[462]],[[463]],[[464]],[[465]],[[466]],[[467]],[[468]],[[469]],[[470]],[[471]],[[472]],[[473]],[[474]],[[475]],[[476]],[[477]],[[478]],[[479]],[[480]],[[481]],[[482]],[[483]],[[484]],[[485]],[[486]],[[487]],[[488]],[[489]],[[490]],[[491]],[[492]],[[493]],[[494]],[[495]],[[496]],[[497]],[[498]],[[499]],[[500]],[[501]],[[502]],[[503]],[[504]],[[505]],[[506]],[[507]],[[508]],[[509]],[[510]],[[511]],[[512]],[[513]],[[514]],[[515]],[[516]],[[517]],[[518]],[[519]],[[520]],[[521]],[[522]],[[523]],[[524]],[[525]],[[526],[527],[528],[529],[530]],[[531]],[[532]],[[533]],[[534]],[[535]],[[536]],[[537]],[[538]],[[539]],[[540]],[[541],[542],[543]],[[544]],[[545]],[[546]],[[547]],[[548]],[[549]],[[550]],[[551]],[[552]],[[553]],[[554]],[[555]],[[556]],[[557]],[[558]],[[559]],[[560]],[[561]],[[562]],[[563]],[[564]],[[565]],[[566]],[[567]],[[568],[569]],[[570]],[[571]],[[572]],[[573]],[[574]],[[575]],[[576]],[[577]],[[578]],[[579]],[[580]],[[581]],[[582]],[[583]],[[584],[585],[586],[587],[588],[589],[590],[591],[592]],[[593]],[[594]],[[595]],[[596]],[[597]],[[598]],[[599]],[[600]],[[601]],[[602]],[[603],[604]],[[605]],[[606]],[[607]],[[608]],[[609]],[[610]],[[611]],[[612]],[[613]],[[614]],[[615]],[[616]],[[617]],[[618]],[[619]],[[620]],[[621]],[[622]],[[623]],[[624]],[[625]],[[626]],[[627]],[[628]],[[629]],[[630]],[[631]],[[632]],[[633]],[[634]],[[635]],[[636]],[[637]],[[638]],[[639]],[[640]],[[641]],[[642]],[[643]],[[644]],[[645]],[[646]],[[647]],[[648]],[[649]],[[650]],[[651]],[[652]],[[653]],[[654]],[[655]],[[656]],[[657]],[[658]],[[659]],[[660]],[[661]],[[662]],[[663]],[[664]],[[665]],[[666]],[[667]],[[668]],[[669]],[[670]],[[671]],[[672]],[[673]],[[674]],[[675]],[[676]],[[677]],[[678]],[[679]],[[680]],[[681]],[[682]],[[683]],[[684]],[[685]],[[686]],[[687]],[[688]],[[689]],[[690],[691],[692]],[[693]],[[694]],[[695]],[[696],[697]],[[698]],[[699]],[[700]],[[701]],[[702]],[[703]],[[704]],[[705]],[[706]],[[707]],[[708]],[[709]],[[710]],[[711]],[[712]],[[713]],[[714]],[[715]],[[716]],[[717]],[[718]],[[719]],[[720]],[[721]],[[722]],[[723]],[[724]],[[725]],[[726]],[[727]],[[728]],[[729]],[[730]],[[731]],[[732]],[[733]],[[734]],[[735]],[[736]],[[737]],[[738]],[[739]],[[740]],[[741]],[[742]],[[743]],[[744]],[[745]],[[746]],[[747]],[[748]],[[749]],[[750]],[[751]],[[752]],[[753]],[[754]],[[755]],[[756]],[[757]],[[758]],[[759]],[[760]],[[761]],[[762]],[[763]],[[764]],[[765]],[[766]],[[767]],[[768],[769]],[[770],[771],[772]],[[773],[774]],[[775]],[[776]],[[777]],[[778]],[[779]],[[780]],[[781]],[[782]],[[783]],[[784]],[[785]],[[786]],[[787]],[[788]],[[789]],[[790]],[[791]],[[792]],[[793]],[[794]],[[795]],[[796]],[[797]],[[798]],[[799]],[[800]],[[801]],[[802]],[[803]],[[804]],[[805]],[[806]],[[807]],[[808]],[[809]],[[810]],[[811]],[[812]],[[813]],[[814]],[[815]],[[816]],[[817]],[[818]],[[819]],[[820]],[[821]],[[822]],[[823]],[[824]],[[825]],[[826]],[[827]],[[828]],[[829]],[[830]],[[831]],[[832]],[[833]],[[834]],[[835]],[[836]],[[837]],[[838]],[[839],[840]],[[841]],[[842]],[[843]],[[844]],[[845]],[[846]],[[847]],[[848]],[[849]],[[850]],[[851]],[[852]],[[853]],[[854]],[[855]],[[856]],[[857]],[[858]],[[859]]],"type":"MultiPolygon","properties":{"layer":"heritage"}}]}},"properties":{"layer":"heritage","state":"NSW","source":"NSW EPI Heritage — conservation areas (NSW Planning Portal)","licence":"CC-BY-4.0","asOf":"2026-09-23","simplify":"100%"}}